Num_Acc,jour,mois,an,hr,condition_eclairage,departement,commune,condition_agglomeration,intersection,condition_atmosphere,type_collision,adresse,lattitude,longitude
202000000528,19,10,2020,9,1,75,75109,2,4,1,3,RUE DU FAUBOURG POISSONNIERE,48.883193,2.349877
202000000529,19,10,2020,16,1,75,75108,2,3,1,3,AVENUE DE WAGRAM,48.876299,2.296874
202000000530,19,10,2020,19,5,94,94078,2,1,1,6,GAMBETTA (R),48.7353,2.45994
202000000531,19,10,2020,18,2,94,94046,2,3,1,1,JEAN JAURES (R),48.7962,2.4337
202000000532,19,10,2020,11,1,94,94043,2,1,8,3,FONTAINEBLEAU (AV DE),48.8083,2.36275
202000000533,18,10,2020,12,1,94,94076,2,2,1,1,VERDUN (R DE),48.79491,2.35436
202000000534,19,10,2020,11,1,93,93072,2,1,1,3,MAXIME GORKI (BOULEVARD) DES N°1 AU 87,48.9559483,2.3831518
202000000535,19,10,2020,20,5,93,93077,2,3,1,1,MERCIERE (RUE),48.88296,2.51287
202000000536,19,10,2020,20,-1,93,93077,2,1,-1,1,MERCIERE (RUE),48.8837638,2.5134154
202000000537,18,10,2020,6,5,93,93053,2,3,1,3,MONTREUIL A CLAYE (RUE DE),48.8868338,2.4704077
202000000538,19,10,2020,21,5,93,93032,2,1,1,3,Rue Parmentier,48.88351,2.53225
202000000539,18,10,2020,13,1,93,93048,2,1,1,3,ROMAINVILLE (RUE DE),48.8700675,2.4467884
202000000540,18,10,2020,11,1,93,93063,1,1,1,3,METZ AVENUE DE,48.8967,2.4325
202000000541,18,10,2020,15,1,93,93032,2,3,1,6,PETIT CLOS  (SENTIER DU),48.8837007,2.5303775
202000000542,19,10,2020,17,1,93,93027,2,2,1,3,R DE LA CONVENTION / RUE RASPAIL,48.9260937,2.3966484
202000000543,19,10,2020,14,1,93,93027,2,1,1,3,AV ROGER SALENGRO,48.93563,2.38735
202000000544,19,10,2020,7,2,93,93027,2,6,1,6,ROCHET (RUE WALDECK),48.94015,2.40783
202000000545,19,10,2020,9,1,92,92064,2,3,1,3,VERRERIE,48.8541556,2.2221722
202000000546,19,10,2020,21,5,92,92040,2,1,1,6,FERDINAND BUISSON,48.8139975,2.2629409
202000000547,19,10,2020,10,1,92,92036,2,3,1,3,JEAN JAURES (RUE) (1/33),48.931043,2.294983
202000000548,19,10,2020,18,2,92,92012,2,1,8,6,NATIONALE (RUE) 1/37 - 2/30BIS,48.82646,2.24268
202000000549,19,10,2020,16,1,92,92012,2,1,1,7,ANDRE MORIZET (AVENUE) 1/47 - 2/52,48.83687,2.23665
202000000550,24,9,2020,20,2,92,92004,2,1,1,3,ARGENTEUIL N° 176 A 388,48.922624,2.276662
202000000551,15,8,2020,15,1,67,67381,2,1,1,6,14 Rue Principale,48.9128918,7.3143201
202000000552,20,10,2020,7,1,974,97422,2,6,1,3,Carrefour Raymond Poincare,-21.28607,55.515552
202000000553,19,10,2020,15,1,68,68300,2,6,1,3,D422,47.784982,7.367736
202000000554,20,10,2020,17,2,86,86268,1,1,2,1,D18,46.530013,0.544942
202000000555,20,10,2020,15,1,83,83019,1,1,1,6,4315 Route du Dom,43.19048,6.371555
202000000556,19,10,2020,14,1,62,62205,2,1,1,1,Rue de Baudringhem,50.70395,2.321221
202000000557,19,10,2020,20,3,59,59110,1,1,1,1,D3,50.943682,2.308702
202000000558,19,9,2020,3,5,67,67234,1,1,1,6,HERBITZHEIM (ROUTE DE),48.986732,7.048352
202000000559,19,10,2020,16,1,82,82125,1,1,1,3,route de la ville dieu du temple,43.992691,1.232014
202000000560,20,10,2020,14,1,63,63322,1,6,1,6,D78,45.8604469,3.1917563
202000000561,19,10,2020,13,1,49,49240,1,1,1,6,PK 7 à proximité du lieu dit la frogerie,47.079562,-0.63622
202000000562,19,10,2020,15,1,42,42141,1,1,1,6,D70,46.1452213,4.2558281
202000000563,16,10,2020,17,1,34,34036,1,1,1,3,D609,43.679387,3.395977
202000000564,17,10,2020,16,1,84,84057,1,1,1,6,D2,43.930477,5.305924
202000000565,19,10,2020,15,1,72,72118,2,1,1,3,Place de l'Eglise,48.038768,0.586905
202000000566,17,10,2020,5,3,05,05106,1,1,1,6,D9,44.550719,6.331022
202000000567,20,10,2020,8,1,60,60541,1,1,2,7,chemin pontois,49.281713,2.684425
202000000568,11,10,2020,14,1,60,60508,1,1,1,2,rue du pont,49.319555,2.644272
202000000569,15,9,2020,8,2,60,60067,2,1,7,3,Rue de Crépy,49.294996,2.814987
202000000570,19,10,2020,16,1,10,10106,1,3,1,3,RD 951,48.460657,3.41722
202000000571,19,10,2020,11,1,10,10033,2,1,7,6,rue nationale,48.234746,4.704579
202000000572,19,10,2020,14,1,16,16207,1,2,1,3,Lieu dit La Bretaudière,45.855386,0.002571
202000000573,17,10,2020,18,3,988,98820,1,1,2,6,RPI2,-20.5556549,166.5703317
202000000574,19,10,2020,13,1,28,28293,1,2,1,3,Route Départementale N° 933,48.858588,1.503088
202000000575,16,10,2020,17,1,66,66226,1,1,1,2,215 Mas d'En Trilla,42.612454,2.862496
202000000576,20,10,2020,16,1,07,07177,1,1,6,7,D219,45.013182,4.784009
202000000577,19,10,2020,19,5,01,01249,2,1,1,3,648 Grande Rue,45.82236,4.949109
202000000578,20,10,2020,6,3,16,16234,1,1,2,6,Lieu dit La petite Broue,45.676293,-0.035189
202000000579,20,10,2020,8,1,60,60500,2,1,2,1,44 Route de Paris,49.099211,2.753341
202000000580,19,10,2020,17,1,62,62318,2,1,1,3,Avenue du Vieux Moulin,50.519586,1.650531
202000000581,20,10,2020,11,1,59,59212,2,3,1,6,Place Saint Vaast,50.644103,2.723805
202000000582,19,10,2020,15,1,13,13211,1,1,2,2,A50-Sens Marseille vers Aubagne,43.29385,5.47194
202000000583,19,10,2020,15,1,33,33487,1,1,1,5,AUTOROUTE A 10,44.953025,-0.4586
202000000584,18,10,2020,20,3,59,59195,1,1,1,2,AUTOROUTE A25,50.62898,2.958167
202000000585,15,10,2020,23,3,59,59507,1,1,1,6,AUTOROUTE A1,50.608483,3.094142
202000000586,19,10,2020,18,5,94,94021,1,1,1,6,AUTOROUTE A106,48.7618376,2.3448208
202000000587,19,10,2020,8,1,91,91521,1,1,1,2,AUTOROUTE A6,48.63655,2.39924
202000000588,19,10,2020,8,1,78,78233,1,1,1,2,A13,48.881316,2.016029
202000000589,18,10,2020,15,1,92,92047,1,1,1,4,A13,48.83449,2.17064
202000000590,19,10,2020,21,3,77,77296,1,9,1,5,A5b,48.6312605,2.6288041
202000000591,19,10,2020,19,5,94,94073,1,1,1,3,A86 EXT,48.76068,2.38272
202000000592,19,10,2020,17,1,94,94017,1,1,1,4,A4,48.82743,2.52511
202000000593,17,10,2020,4,5,972,97213,1,1,1,6,AUTOROUTE A1,14.5977318,-60.9988403
202000000594,16,10,2020,21,3,972,97213,2,9,2,2,AUTOROUTE A1,14.6179767,-61.032663
202000000595,16,10,2020,7,1,971,97105,1,9,1,2,GASTON FEUILLARD(AVENUE),15.99895,-61.72109
202000000596,17,10,2020,16,1,2A,2A004,2,3,1,2,NICOLI JEAN COURS,41.93373,8.74411
202000000597,18,10,2020,9,1,91,91657,2,1,1,3,HENRI BARBUSSE (AVENUE),48.70187,2.42551
202000000598,18,10,2020,19,3,91,91514,1,1,1,2,CD 33,48.66247,2.52166
202000000599,17,10,2020,16,1,79,79300,2,3,1,3,8 Rue de Villeneuve,47.008147,-0.21023
202000000600,17,10,2020,18,1,78,78238,2,5,1,3,CD 14,48.96359,1.86257
202000000601,16,10,2020,12,1,78,78005,1,1,1,3,RD 30,48.95198,2.05997
202000000602,7,10,2020,8,1,73,73065,2,6,1,7,D201 SAINTE ROSE (RUE),45.5662059,5.9343626
202000000603,18,10,2020,10,1,72,72181,2,1,1,6,EVENTAIL RUE DE L' N° PAIRS 198 ET >,48.00508,0.22905
202000000604,17,10,2020,13,1,44,44132,2,1,1,3,REPUBLIQUE (BOULEVARD DE LA),47.25982,-2.33799
202000000605,18,10,2020,21,5,35,35238,2,2,1,3,34 Rue de Redon,48.1052,-1.6906
202000000606,18,10,2020,22,5,33,33119,2,1,1,1,AVE CARNOT,44.85806,-0.53089
202000000607,26,8,2020,8,1,13,13069,1,6,1,3,RD572 / RD15,43.626213,5.150506
202000000608,25,8,2020,22,3,13,13051,1,6,1,2,D19,43.593928,5.107377
202000000609,18,8,2020,20,2,13,13044,1,1,1,1,D69,43.617973,5.033561
202000000610,26,8,2020,7,1,88,88430,1,1,1,2,A31,48.190266,5.764925
202000000611,23,8,2020,18,2,987,98745,1,1,1,3,PK 0+900 Ouest à PATIO,-16.630833,-151.504028
202000000612,26,8,2020,11,1,38,38343,1,1,1,2,A43,45.576441,5.637274
202000000613,26,8,2020,13,1,60,60138,1,1,1,6,A1,49.216111,2.627642
202000000614,26,8,2020,11,1,60,60505,1,1,1,1,Route de Montgresin,49.15071,2.540331
202000000615,25,8,2020,21,3,77,77327,1,1,1,6,D12,48.545748,2.995749
202000000616,17,8,2020,18,1,04,04148,1,1,1,7,RD 4085,43.797057,6.631064
202000000617,24,8,2020,18,1,25,25505,2,1,1,6,18 Route de Tressandans,47.484849,6.350165
202000000618,26,8,2020,13,1,68,68154,2,9,1,-1,70 Rue de Mulhouse,47.770073,7.34715
202000000619,25,8,2020,15,1,68,68185,1,1,1,1,Vieille Papeterie,48.269012,7.272574
202000000620,25,8,2020,10,1,68,68130,1,1,1,3,D468,47.960348,7.537356
202000000621,23,8,2020,14,1,73,73306,1,2,1,3,D902 / Chemin de la Grand Vy,45.155733,6.4206687
202000000622,5,8,2020,8,1,38,38317,2,1,1,6,Cours Saint André,45.131944,5.699935
202000000623,13,8,2020,0,3,17,17019,2,1,1,1,Rue de Mouillebarbe,46.210034,-1.512825
202000000624,24,8,2020,10,1,40,40184,2,2,1,3,Rue Chambrelent,44.207089,-1.295276
202000000625,23,8,2020,16,1,49,49271,1,1,1,-1,D104,47.538818,-0.723317
202000000626,20,8,2020,12,1,29,29046,1,1,1,6,Route de Kerveoc h,48.077197,-4.28646
202000000627,26,8,2020,8,1,27,27447,1,1,1,7,départementale 830 - LE FRESNE,48.96637,0.980029
202000000628,25,8,2020,17,1,13,13001,1,1,1,4,A51-Sens Marseille vers Aix en Provence,43.502142,5.407764
202000000629,23,8,2020,0,3,69,69290,1,1,1,5,A43   ,45.69162,4.98782
202000000630,24,8,2020,19,1,69,69266,1,1,1,2,RD383   3.750 A 7.640,45.7589,4.90932
202000000631,25,8,2020,20,2,91,91174,1,1,1,3,RN 104,48.62194,2.46374
202000000632,25,8,2020,18,1,91,91521,1,1,1,3,RD 31,48.63668,2.39969
202000000633,24,8,2020,20,2,93,93066,1,1,1,4,AUTOROUTE A1,48.91939,2.35755
202000000634,25,8,2020,10,1,95,95154,1,1,1,6,RN 104,49.03418,2.54159
202000000635,25,8,2020,9,1,95,95582,1,1,2,4,RD 14,48.96673,2.27371
202000000636,24,8,2020,21,3,93,93066,1,1,1,6,AUTOROUTE A86,48.92278,2.3478
202000000637,24,8,2020,20,1,93,93008,1,1,1,3,AUTOROUTE A86,48.90709,2.45584
202000000638,19,1,2020,23,3,57,57751,1,1,1,5,Autoroute A31,49.185761,6.176462
202000000639,24,8,2020,10,1,973,97302,2,9,1,3,BADUEL (ROUTE DE),4.9278048,-52.2919393
202000000640,24,8,2020,9,1,973,97302,2,1,1,3,CABASSOU (ROUTE DE),4.8852605,-52.2993422
202000000641,24,8,2020,21,5,69,69388,2,1,1,1,MARIUS BERLIET                      (R ),45.7377164,4.8680334
202000000642,24,8,2020,22,5,69,69388,2,2,1,3,FRANCIS DE PRESSENSE                (AV),45.72732,4.86186
202000000643,24,8,2020,12,1,69,69387,2,9,1,6,RENAN                               (R ),45.74831,4.84189
202000000644,20,8,2020,18,1,69,69387,2,2,1,3,JEAN JAURES                         (AV),45.74819,4.84361
202000000645,24,8,2020,6,1,972,97209,2,1,1,7,PASTEUR (AVENUE),14.6114,-61.0675
202000000646,24,8,2020,13,1,69,69142,2,9,1,3,GENERAL LECLERC (DU)                (PL),45.727192,4.815695
202000000647,18,8,2020,20,2,69,69034,2,2,1,-1,CREPIEUX (DE)                       (CH),45.801,4.85523
202000000648,4,8,2020,17,1,2A,2A004,2,2,1,3,PIETRI FRANCOIS RUE,41.9351074,8.7508464
202000000649,21,8,2020,18,1,95,95424,2,1,1,6,ARISTIDE MAILLOL(AVENUE),48.9952198,2.2003824
202000000650,24,8,2020,18,1,91,91174,2,1,1,2,JEAN JAURES (BOULEVARD),48.61893,2.45288
202000000651,24,8,2020,8,1,83,83137,2,2,1,3,JUIN (AVE ALPHONSE),43.12023,5.94787
202000000652,24,8,2020,9,1,83,83069,2,9,1,3,OLBIA  (VOIE),43.11353,6.12985
202000000653,20,8,2020,14,1,80,80021,2,1,1,3,EUROPE (AVENUE DE L'),49.91165,2.30255
202000000654,24,8,2020,17,1,78,78498,2,1,1,6,CEP AVENUE DU,48.928092,2.042443
202000000655,22,8,2020,15,1,76,76351,2,3,1,6,GALIONS (DES),49.4862,0.1103
202000000656,21,8,2020,23,3,76,76351,1,1,1,6,RD 6382,49.5255555,0.1576666
202000000657,19,8,2020,16,1,76,76351,2,2,1,6,VOLTAIRE,49.48996,0.10504
202000000658,24,8,2020,15,1,76,76217,2,9,1,6,GAMBETTA (AVENUE),49.919413,1.073892
202000000659,23,8,2020,19,1,71,71486,1,1,1,2,RN 70 (ROUTE EXPRESS),46.6377492,4.3264836
202000000660,1,8,2020,17,1,69,69029,2,1,1,1,PIERRE MENDES FRANCE                (AV),45.72068,4.91328
202000000661,21,8,2020,22,5,67,67365,1,3,1,3,ETTORE BUGATTI (RUE),48.54357,7.69736
202000000662,23,8,2020,10,1,66,66136,2,1,1,6,PAYRA (PLACE JEAN),42.6982785,2.8891016
202000000663,22,8,2020,16,1,66,66136,2,1,1,-1,DESNOYE (BOULEVARD DR. JOSEPH),42.71437,2.88708
202000000664,21,8,2020,23,5,66,66136,2,2,1,3,PERVENCHES (AVENUE DES),42.70175,2.90457
202000000665,23,8,2020,22,5,64,64041,2,1,1,7,Rue Matachot,43.28023,-0.32945
202000000666,24,8,2020,22,5,62,62193,2,2,1,3,TOUMANIANTZ (AVENUE),50.9516661,1.8774444
202000000667,24,8,2020,13,1,60,60159,2,1,1,7,Avenue de Bury Saint-Edmunds,49.4018414,2.7975901
202000000668,24,8,2020,12,1,59,59426,2,1,1,1,TOURCOING (RUE DE),50.7463711,3.1573516
202000000669,23,8,2020,11,1,59,59008,2,1,1,2,ALSACE (RUE D'),50.32996,3.24922
202000000670,23,8,2020,10,1,56,56121,2,1,1,3,DEGOUL (RUE  ANDRE ),47.73951,-3.36706
202000000671,22,8,2020,18,1,56,56098,2,1,2,3,Avenue Kesler-Devillers,47.76739,-3.34043
202000000672,22,8,2020,19,1,54,54339,2,1,1,6,LION D'OR (RUE DU),48.709095,6.1809909
202000000673,21,8,2020,12,1,50,50129,2,1,1,3,MENDES FRANCE (BOULEVARD),49.63395,-1.62297
202000000674,23,8,2020,18,5,49,49328,2,1,2,2,GUEDERIES (BOULEVARD DES),47.2390762,-0.0927481
202000000675,24,8,2020,7,1,45,45234,2,2,1,3,PERRAULT (RUE CHARLES),47.9209,1.8958
202000000676,24,8,2020,0,5,44,44184,2,1,1,2,Boulevard du Docteur René Laënnec,47.2709986,-2.2383785
202000000677,24,8,2020,23,5,37,37122,2,1,1,7,BOUIN (RUE JEAN),47.3429571,0.6590519
202000000678,23,8,2020,6,2,37,37214,2,1,1,7,CHANTERIE (RUE DE LA),47.4181757,0.6744292
202000000679,17,8,2020,17,1,36,36044,2,1,1,6,Rue du Préfet Dalphonse,46.7923253,1.6671807
202000000680,22,8,2020,1,3,35,35288,1,1,1,7,La Toutenais,48.6661461,-1.9579141
202000000681,24,8,2020,19,2,35,35238,2,1,1,6,GAYEULLES (SQUARE DES),48.13056,-1.65283
202000000682,24,8,2020,15,1,35,35238,2,9,1,2,DUTERTRE (SQUARE CDT  CHRISTIAN),48.0956,-1.6824
202000000683,24,8,2020,19,1,33,33522,2,2,1,3,RUE ALDONA,44.79893,-0.58745
202000000684,23,8,2020,4,5,31,31555,1,1,1,7,VA007333 LA FAOURETTE A620 Sortie 26,43.5752,1.40863
202000000685,22,8,2020,12,1,31,31555,2,3,1,3,AV ANTOINE DE ST EXUPERY,43.58438,1.4687
202000000686,23,8,2020,1,5,30,30189,2,1,1,3,AVIGNON (ROUTE),43.84175,4.37701
202000000687,23,8,2020,19,1,29,29039,2,9,8,3,Quai Carnot,47.875891,-3.9142431
202000000688,24,8,2020,8,1,25,25056,2,3,1,1,18 Route de Tressandans,47.253513,6.029471
202000000689,23,8,2020,17,1,23,23096,2,1,1,6,CHARLES DE GAULLE (AVENUE),46.1721,1.8738
202000000690,15,8,2020,9,1,22,22215,1,1,1,1,POMMERAIE (RUE DE LA),48.49896,-2.81976
202000000691,23,8,2020,10,1,17,17306,2,2,1,-1,PONTAILLAC (DE) (AVENUE),45.62032,-1.03536
202000000692,24,8,2020,10,1,17,17200,2,1,1,7,ROSE AVENUE DU FIEF,46.176298,-1.167096
202000000693,24,8,2020,9,1,13,13212,2,1,1,2,POILUS (AVENUE DES),43.313347,5.4635395
202000000694,24,8,2020,4,5,13,13205,2,2,1,1,FERRARI (RUE),43.29297,5.3929
202000000695,24,8,2020,22,5,13,13047,2,3,1,3,RAYMOND FILIPPI AVENUE,43.49339,4.9805
202000000696,24,8,2020,7,1,09,09225,2,1,1,1,ALSACE LORRAINE BOULEVARD,43.11898,1.61294
202000000697,24,8,2020,16,1,06,06088,2,1,1,3,CESSOLE (BD DE) (JUSQU'AU N° 93-110),43.7119,7.2553
202000000698,24,8,2020,16,1,06,06069,2,1,1,6,CHEVREFEUILLES (CHEMIN DES),43.63896,6.92151
202000000699,24,8,2020,16,1,06,06069,2,1,1,6,DUNANT (AVENUE HENRI),43.65052,6.92142
202000000700,24,8,2020,14,1,01,01451,1,1,1,4,PARIS (ROUTE DE),46.22666,5.20499
202000000701,24,8,2020,0,5,75,75119,2,1,1,4,BOULEVARD PERIPHERIQUE,48.900429,2.383466
202000000702,24,8,2020,19,1,75,75119,2,2,1,3,BOULEVARD MACDONALD,48.89874,2.371115
202000000703,24,8,2020,18,1,75,75119,2,1,1,1,BOULEVARD SERURIER,48.878535,2.402541
202000000704,24,8,2020,17,1,75,75119,2,2,8,7,AVENUE JEAN JAURES,48.885872,2.382261
202000000705,24,8,2020,9,1,75,75118,2,2,8,2,RUE CHRISTIANI,48.885563,2.349547
202000000706,23,8,2020,23,5,75,75116,2,3,1,3,AVENUE DU PRESIDENT KENNEDY,48.857924,2.287931
202000000707,23,8,2020,10,1,75,75116,2,7,1,3,PLACE CHARLES DE GAULLE,48.874033,2.29424
202000000708,23,8,2020,16,1,75,75115,2,2,1,3,RUE MADEMOISELLE,48.843613,2.295757
202000000709,23,8,2020,17,1,75,75114,2,1,1,6,AVENUE DU GENERAL LECLERC,48.826329,2.3263
202000000710,24,8,2020,17,1,75,75108,2,1,1,7,AVENUE MONTAIGNE,48.867314,2.306855
202000000711,24,8,2020,9,1,75,75115,2,2,1,6,AVENUE EMILE ZOLA,48.84641,2.283136
202000000712,24,8,2020,18,1,75,75101,2,7,1,1,RUE DE RIVOLI,48.863725,2.332044
202000000713,24,8,2020,18,1,94,94081,2,1,1,6,FRATERNITE (R DE LA),48.800929,2.385698
202000000714,24,8,2020,10,1,94,94068,2,1,1,6,JEAN JAURES (AV),48.7875,2.4827
202000000715,24,8,2020,19,1,94,94076,2,1,1,7,LEON MOUSSINAC (R),48.784043,2.357428
202000000716,24,8,2020,16,1,94,94016,2,1,1,3,CAMILLE DESMOULINS (R),48.7947,2.3348
202000000717,21,8,2020,5,5,94,94003,2,1,2,2,ARISTIDE BRIAND (AV),48.8106,2.3268
202000000718,24,8,2020,12,1,94,94041,2,1,1,6,GEORGES GOSNAT (AV),48.81392,2.38943
202000000719,24,8,2020,20,1,94,94017,2,1,1,7,REPUBLIQUE (AV DE LA),48.822396,2.510543
202000000720,24,8,2020,19,1,94,94017,2,1,1,7,MUSSELBURGH (R DE),48.810753,2.516809
202000000721,24,8,2020,17,1,94,94017,2,1,1,6,BOIS L ABBE (R DU),48.810349,2.542097
202000000722,24,8,2020,7,1,93,93070,2,1,1,3,VICTOR-HUGO (BD),48.91013,2.3308
202000000723,24,8,2020,19,1,93,93050,2,9,1,6,MARECHAL FOCH (AVENUE) COTE IMPAIR,48.8537909,2.5179545
202000000724,24,8,2020,0,5,93,93048,2,1,1,2,BD THEOPHILE SUEUR,48.863,2.466
202000000725,24,8,2020,21,5,93,93014,2,1,1,2,MAURICE AUDIN (ALLEE),48.9086434,2.5428509
202000000726,24,8,2020,9,1,93,93014,2,4,1,6,GAGNY (ALLEE DE),48.9013322,2.5471449
202000000727,23,8,2020,22,5,93,93047,2,3,1,3,AV DE CLICHY / R BERTHE MORISOT,48.90438,2.56041
202000000728,23,8,2020,23,5,93,93008,1,1,1,6,PARIS (RUE DE),48.89565,2.42609
202000000729,24,8,2020,20,1,93,93070,2,2,1,3,MICHELET (AVE) : DU 1 AU 103,48.9140598,2.3443123
202000000730,23,8,2020,17,1,92,92050,2,3,1,3,LENINE VLADIMIR ILITCH AVENUE,48.887815,2.1968476
202000000731,23,8,2020,22,5,92,92012,2,1,1,7,CHATEAU (RUE DU) 1/125 - 2/136,48.8446074,2.2518291
202000000732,24,8,2020,22,5,92,92009,2,2,1,3,ADOLPHE GUYOT ( RUE ),48.91938,2.2763
202000000733,8,8,2020,4,5,92,92009,2,1,1,6,VICTOR HUGO ( RUE ),48.9184183,2.2696303
202000000734,23,8,2020,19,2,14,14741,2,1,1,1,D133a,48.914589,-0.458089
202000000735,25,8,2020,10,1,81,81168,1,1,1,-1,RD 905 La barraque,44.1265771,2.1729744
202000000736,20,8,2020,13,1,38,38157,1,2,1,1,Rue des Potiers,45.498699,4.929106
202000000737,24,8,2020,21,3,49,49092,2,9,1,7,Zone commerciale des Trois Routes,47.236207,-0.723786
202000000738,14,8,2020,18,1,23,23169,1,2,1,-1,36 Le Mery,46.1322,1.938116
202000000739,18,8,2020,12,1,67,67135,2,9,1,3,1 Rue Principale,48.805161,7.585861
202000000740,18,8,2020,23,3,35,35231,1,9,1,6,N137,47.893521,-1.687109
202000000741,25,8,2020,7,1,48,48099,1,1,1,6,A75,44.569502,3.251207
202000000742,24,8,2020,15,1,15,15207,1,1,1,2,A 75 - sens nord vers sud - PK 079.100,45.161242,3.14967
202000000743,24,8,2020,11,1,58,58187,1,9,1,3,A77,47.437885,2.941225
202000000744,25,8,2020,12,1,19,19192,2,1,1,1,"20, avenue du fidèle",45.125594,1.897379
202000000745,23,8,2020,18,1,56,56258,2,1,1,6,14 Rue des Résistants,47.592638,-3.026693
202000000746,25,8,2020,8,1,65,65439,2,1,1,6,D27,43.317466,-0.009538
202000000747,24,8,2020,17,1,33,33506,1,1,1,3,1 Lieu Dit Penic,44.68569,-0.04498
202000000748,16,8,2020,9,1,32,32044,1,1,1,3,84 Route de Saint Puy,43.917161,0.407868
202000000749,25,8,2020,11,1,49,49261,1,1,1,6,D952,47.306996,-0.134846
202000000750,24,8,2020,14,1,44,44013,1,1,1,1,RD 773,47.407092,-2.094011
202000000751,24,8,2020,14,1,29,29221,2,3,1,1,Rue du Port,48.4829561,-4.7693606
202000000752,24,8,2020,20,2,54,54579,1,1,1,7,D89,48.949055,6.013952
202000000753,23,8,2020,11,1,83,83025,1,1,1,6,D34 route de BRAS,43.52313,5.978816
202000000754,25,8,2020,14,1,40,40118,1,1,1,-1,D3,43.588131,-0.921049
202000000755,24,8,2020,23,3,08,08222,1,1,1,7,Rue du Monument Prolongée,50.007656,4.713886
202000000756,25,8,2020,9,1,24,24035,1,1,1,7,D710,44.760813,1.01366
202000000757,25,8,2020,10,1,35,35275,1,1,1,4,RN 12,48.160031,-1.841111
202000000758,17,6,2020,9,1,74,74010,2,5,2,6,12 Avenue d'Aix-les-bains (Seynod),45.89239,6.110753
202000000759,23,8,2020,20,1,06,06085,2,3,1,3,Chemin des Argelas,43.586875,7.022011
202000000760,1,12,2020,19,5,93,93055,2,3,1,2,Avenue Edouard Vaillant,48.896918,2.4002482
202000000761,30,12,2020,7,5,93,93055,2,1,2,3,JEAN LOLIVE (AVENUE)(1/55 2/60),48.8923962,2.408919
202000000762,23,12,2020,15,1,93,93055,2,1,8,3,VICTOR HUGO (65/FIN . 62/FIN),48.89345,2.41108
202000000763,21,12,2020,19,5,93,93055,2,1,2,3,JEAN LOLIVE (AVENUE)(55/73.62/86),48.89138,2.40399
202000000764,20,12,2020,19,2,93,93055,2,6,1,3,JEAN LOLIVE (AVENUE)(137/FIN ET 134/FIN),48.89355,2.41493
202000000765,17,12,2020,17,2,93,93055,2,1,1,3,CARTIER BRESSON DU 41/93.46/100,48.9013125,2.4022089
202000000766,8,12,2020,11,1,93,93055,2,1,1,-1,EDOUARD VAILLANT DU 1 A FIN.,48.9002236,2.3955337
202000000767,5,12,2020,14,1,93,93055,2,1,1,3,PRE ST GERVAIS (DU) (29/53 . 28/54),48.88948,2.4034
202000000768,1,12,2020,10,1,93,93008,2,3,1,3,SEMARD (RUE PIERRE),48.9118417,2.446442
202000000769,19,11,2020,14,1,93,93055,2,5,1,1,MEHUL (1/37. 2/24),48.8891511,2.4101446
202000000770,17,11,2020,18,5,93,93055,2,1,1,6,GENERAL LECLERC (AVENUE)(1/41 ET 2/76),48.8955081,2.4005275
202000000771,9,11,2020,11,1,93,93055,2,1,1,6,GABRIELLE JOSSERAND,48.90391,2.3947
202000000772,7,11,2020,18,4,93,93001,2,1,1,2,LUCIEN LEFRANC (QUAI),48.9109881,2.3738928
202000000773,6,11,2020,17,2,93,93055,2,6,1,3,JEAN LOLIVE (AVENUE)(137/FIN ET 134/FIN),48.8954189,2.4257724
202000000774,3,11,2020,11,1,93,93055,2,3,1,3,JEAN LOLIVE (AVENUE)(1/55 2/60),48.890448,2.3987887
202000000775,3,11,2020,10,1,93,93055,2,3,1,3,EDOUARD VAILLANT DU 1 A FIN.,48.8969094,2.4002195
202000000776,3,11,2020,7,2,93,93055,2,3,1,3,Rue Rouget de Lisle,48.8898199,2.4100272
202000000777,29,10,2020,13,1,93,93055,2,1,2,-1,JEAN LOLIVE (AVENUE)(75/105.88/106),48.8919,2.40725
202000000778,28,10,2020,20,5,93,93055,2,3,1,2,JEAN LOLIVE (AVENUE)(137/FIN ET 134/FIN),48.894102,2.4178927
202000000779,21,10,2020,17,1,93,93055,2,1,1,5,GENERAL LECLERC(AVE DU)89/FIN ET 122/FIN,48.90195,2.41396
202000000780,19,10,2020,19,2,93,93055,2,9,1,3,DELIZY (DU 23 A FIN ET DU 20 A FIN),48.896828,2.4086297
202000000781,16,10,2020,15,1,93,93055,2,3,1,6,COURTOIS,48.89375,2.41619
202000000782,15,10,2020,12,1,93,93055,2,1,1,3,JEAN JAURES (AVENUE)(130 AU 172),48.90836,2.3971824
202000000783,11,10,2020,15,1,93,93055,2,9,1,2,MAGENTA,48.90054,2.39389
202000000784,10,10,2020,9,1,93,93055,2,3,1,3,VICTOR HUGO (65/FIN . 62/FIN),48.8934482,2.4112119
202000000785,3,10,2020,22,5,93,93055,2,1,2,7,JEAN LOLIVE (AVENUE)(137/FIN ET 134/FIN),48.89527,2.42467
202000000786,1,10,2020,18,1,93,93055,2,1,1,3,GENERAL LECLERC(AVE DU)(43/87 ET 78/120),48.8970879,2.4036781
202000000787,30,9,2020,9,1,93,93055,2,1,8,6,SCANDICCI,48.8929491,2.3983564
202000000788,30,9,2020,9,1,93,93055,2,3,2,1,BERGES,48.8934587,2.4112285
202000000789,29,9,2020,2,3,93,93055,2,1,1,2,JEAN LOLIVE (AVENUE)(137/FIN ET 134/FIN),48.89491,2.42221