Num_Acc,jour,mois,an,hr,condition_eclairage,departement,commune,condition_agglomeration,intersection,condition_atmosphere,type_collision,adresse,lattitude,longitude
202000000790,25,9,2020,13,1,93,93055,2,1,2,6,Rue Jules Auffret,48.88686,2.4104
202000000791,24,9,2020,21,5,93,93055,2,1,2,6,JEAN LOLIVE (AVENUE)(137/FIN ET 134/FIN),48.8932789,2.413227
202000000792,19,9,2020,17,1,93,93055,2,3,8,1,LAVOISIER,48.8894213,2.4198114
202000000793,16,9,2020,18,2,93,93029,2,1,1,1,JUMELLE (AVENUE DE LA ),48.9163986,2.4638343
202000000794,15,9,2020,11,1,93,93055,2,1,1,3,GENERAL LECLERC(AVE DU)(43/87 ET 78/120),48.9026543,2.4154928
202000000795,7,9,2020,0,5,93,93055,2,1,1,1,GABRIELLE JOSSERAND,48.9050569,2.3963145
202000000796,22,8,2020,0,3,93,93055,2,3,1,3,JEAN LOLIVE (AVENUE)(107/135 ET 108/132),48.8930797,2.4122546
202000000797,13,8,2020,19,1,93,93055,2,1,1,-1,GENERAL LECLERC(AVE DU)89/FIN ET 122/FIN,48.8967749,2.4029119
202000000798,17,7,2020,22,5,93,93055,2,9,1,3,JEAN JAURES (AVENUE) (178/204),48.9092,2.3982
202000000799,7,7,2020,5,2,93,93008,2,1,1,6,ALLENDE (AVE DU P. SALVADOR),48.90141,2.44317
202000000800,27,6,2020,12,1,93,93055,2,1,1,2,AV DU GENERAL LECLERC,48.8979869,2.4054934
202000000801,9,7,2020,15,1,93,93055,2,1,1,4,DELIZY (DU 23 A FIN ET DU 20 A FIN),48.89638,2.40906
202000000802,26,6,2020,17,1,93,93055,2,1,7,2,CIMETIERE PARISIEN (AVENUE DU),48.9091229,2.3981551
202000000803,19,6,2020,19,1,93,93055,2,1,2,2,DIVISION LECLERC (AVE DE LA),48.91058,2.4143868
202000000804,16,6,2020,8,1,93,93055,2,1,1,6,GENERAL LECLERC(AVE DU)(43/87 ET 78/120),48.896784,2.4030074
202000000805,6,6,2020,13,1,93,93055,2,1,1,3,GENERAL LECLERC(AVE DU)89/FIN ET 122/FIN,48.901972,2.4140322
202000000806,24,6,2020,11,1,93,93055,2,9,1,2,JEAN LOLIVE (AVENUE)(137/FIN ET 134/FIN),48.89347,2.41456
202000000807,26,5,2020,13,1,93,93008,2,3,1,6,STALINGRAD (RUE DE) A10,48.9156315,2.4262844
202000000808,19,5,2020,12,1,93,93055,2,1,1,3,JEAN JAURES (AVENUE)(130 AU 172),48.9070796,2.3957944
202000000809,18,5,2020,18,1,93,93055,2,3,7,3,JEAN LOLIVE (AVENUE)(75/105.88/106),48.89249,2.40982
202000000810,6,5,2020,23,5,93,93008,2,6,1,3,BARBUSSE (AVENUE HENRI) A30,48.90735,2.4254
202000000811,13,5,2020,15,1,93,93055,2,1,1,6,EDOUARD VAILLANT DU 64/130,48.9001065,2.3956618
202000000812,9,3,2020,8,1,93,93055,2,1,1,6,ERNEST RENAN,48.8945514,2.418563
202000000813,5,3,2020,16,1,93,93055,2,1,3,6,GENERAL LECLERC (AVENUE)(1/41 ET 2/76),48.896,2.402
202000000814,20,3,2020,14,1,93,93055,2,6,1,3,JEAN LOLIVE (AVENUE)(137/FIN ET 134/FIN),48.89549,2.42606
202000000815,21,2,2020,8,1,93,93055,2,2,1,3,CECILE FAGUET,48.89024,2.42109
202000000816,8,2,2020,20,5,93,93055,2,1,1,2,JEAN LOLIVE (AVENUE)(1/55 2/60),48.8907034,2.4003144
202000000817,20,2,2020,18,1,93,93055,2,1,2,6,JEAN LOLIVE (AVENUE)(1/55 2/60),48.8934882,2.4144068
202000000818,23,1,2020,21,5,93,93008,2,1,1,2,VAILLANT COUTURIER (AVENUE PAUL),48.9098882,2.444178
202000000819,22,1,2020,15,1,93,93008,2,6,1,3,PARIS (RUE DE),48.89571,2.42597
202000000820,4,3,2020,23,5,06,06029,2,1,1,1,Avenue du Docteur PICAUD,43.55044,6.99003
202000000821,12,8,2020,20,2,84,84007,2,3,1,3,PIERRE SEMARD (avenue),43.93672,4.82654
202000000822,2,12,2020,14,1,93,93008,2,7,1,6,NORMANDIE (RUE DE),48.9092077,2.4385893
202000000823,7,12,2020,11,1,93,93008,2,7,8,3,PLACE SAINT JUSTE,48.90608,2.4696
202000000824,31,12,2020,3,3,06,06088,1,1,2,6,"autoroute A8, PK 191.800 chaussée nord, descente de Crémat",43.710416,7.199607
202000000825,12,9,2020,15,1,38,38395,2,7,1,1,Route des 3 Villages,45.309934,5.887004
202000000826,18,12,2020,20,3,57,57663,1,1,1,2,Autoroute A31,49.23452,6.17995
202000000827,2,7,2020,16,1,976,97611,1,1,1,6,m'tsapere-Nationale 2 (route),-12.79072,45.21964
202000000828,11,10,2020,10,1,85,85262,1,1,8,7,D17,47.02136,-1.48985
202000000829,3,1,2020,14,1,95,95280,2,2,1,6,SALENGRO ROGER ( BOULEVARD),49.03331,2.47293
202000000830,2,1,2020,13,1,35,35238,2,2,8,4,ARMORIQUE (BD D'),48.131333,-1.673324
202000000831,24,9,2020,11,1,18,18279,2,1,1,6,GAILLARDIERE (CHEMIN DE LA),47.2243,2.10966
202000000832,10,9,2020,17,1,03,03133,2,1,1,6,Grande Rue,46.1647044,3.1900793
202000000833,21,10,2020,6,1,973,97302,2,1,1,3,MADELEINE (ROUTE DE LA),4.9259663,-52.324276
202000000834,5,9,2020,10,1,973,97302,2,1,1,7,HEDER (place),4.9394185,-52.3348224
202000000835,16,2,2020,15,1,987,98724,1,1,1,7,MAROE,-16.749572,-150.997907
202000000836,11,12,2020,16,2,13,13051,1,1,2,4,D113,43.564829,5.157566
202000000837,2,7,2020,9,1,01,01390,1,1,1,6,Route de Loyettes,45.808476,5.269961
202000000838,18,2,2020,20,5,93,93027,2,7,1,6,SAINT-DENIS (RUE DE),48.9300757,2.3850193
202000000839,18,12,2020,17,5,84,84003,2,1,1,6,Quai de la Liberté,43.877178,5.394759
202000000840,10,12,2020,14,1,84,84086,1,1,1,7,Route de Menerbes,43.851102,5.147012
202000000841,30,11,2020,2,3,90,90096,1,1,1,6,Fêche-l'Église,47.517712,6.960139
202000000842,15,8,2020,22,5,03,03190,1,1,1,7,Route de Montilly,46.5729719,3.307396
202000000843,20,6,2020,3,3,88,88069,1,1,1,6,Bouxières-aux-Bois,48.265237,6.316493
202000000844,6,7,2020,2,5,93,93008,2,1,1,6,PUREE (RUE DE LA),48.91066,2.43271
202000000845,8,1,2020,16,1,13,13215,1,1,1,4,A7-Sens Lyon vers Marseille,43.375453,5.35993
202000000846,20,12,2020,20,3,972,97217,1,1,1,1,"N5, petite Poterie",14.450561,-60.896723
202000000847,5,9,2020,18,2,973,97302,1,1,1,6,ZONE COLLERY I OU II,4.9066399,-52.3248339
202000000848,5,9,2020,16,1,973,97302,1,6,1,3,MARINGOUINS (ROND-POINT),4.9077302,-52.3225272
202000000849,15,6,2020,17,1,06,06030,2,1,1,6,AUBAREDE (CHEMIN DE L'),43.5667,7.0167
202000000850,14,6,2020,5,5,93,93008,2,2,1,3,ROSTAND (PROMENADE JEAN),48.9086499,2.4542142
202000000851,18,11,2020,10,1,84,84137,2,3,1,6,Avenue du Général de Gaulle,44.241125,5.074005
202000000852,6,8,2020,8,1,38,38563,2,1,1,6,PATINIERE (AVENUE DE LA),45.34739,5.5769
202000000853,13,6,2020,5,2,93,93008,2,9,1,3,¨PLACE DE L'ESCADRILLE NORMANDIE NIEMEN,48.91289,2.43681
202000000854,30,8,2020,22,5,973,97302,2,9,1,7,MONTABO (ROUTE DE) 1,4.94118,-52.30286
202000000855,4,1,2020,6,2,973,97302,2,1,1,3,FLAMBOYANTS (RUE DES),4.9234008,-52.3202741
202000000856,15,12,2020,10,1,93,93079,2,1,2,3,SAINT LEU (ROUTE),48.95302,2.33661
202000000857,8,12,2020,19,5,93,93031,2,9,1,3,DE LATTRE DE TASSIGNY (1 A 51),48.95287,2.31575
202000000858,17,9,2020,17,1,61,61092,2,2,1,2,,48.753061,0.740295
202000000859,28,6,2020,9,1,85,85074,2,1,1,-1,,46.52495,-1.26262
202000000860,24,4,2020,13,1,85,85047,2,1,1,5,Route des Sables,46.83517,-1.87374
202000000861,25,12,2020,16,1,83,83129,2,1,1,6,BRUSC (CHE DU),43.0744132,5.8004352
202000000862,1,1,2020,5,5,93,93027,2,1,1,3,JAURES (AVENUE JEAN),48.924153,2.4026234
202000000863,25,1,2020,1,3,91,91687,1,1,5,4,AUTOROUTE A6,48.66258,2.368
202000000864,6,12,2020,5,3,13,13004,1,1,5,6,RTE NATIONALE PONT DE CRAU,43.65015,4.67998
202000000865,5,4,2020,17,1,93,93070,2,1,2,6,ROSIERS(DES) :N° 1 AU 59,48.90601,2.33605
202000000866,15,6,2020,7,1,988,98818,2,3,1,3,RUE PASTEUR/RUE EDOUARD UNGER,-22.26256,166.44485
202000000867,18,10,2020,19,3,42,42223,1,1,2,1,D15,45.453028,4.342652
202000000868,11,12,2020,15,1,75,75116,2,1,3,6,ROUTE DES MOULINS,48.865894,2.235764
202000000869,25,2,2020,1,5,75,75102,2,1,2,6,RUE MONTMARTRE,48.871206,2.342986
202000000870,11,8,2020,13,1,976,97611,2,1,1,6,vahibe-Vietnam (rue),-12.72991,45.17743
202000000871,26,6,2020,17,2,976,97611,2,1,1,6,mamoudzou centre-Haladi Selemani ( rue ),-12.780951,45.231999
202000000872,29,6,2020,18,1,68,68315,1,9,1,2,D83,47.88787,7.255268
202000000873,30,12,2020,10,1,2A,2A004,2,1,2,3,Bd Louis Campi,41.94429,8.75584
202000000874,22,8,2020,11,1,976,97611,2,1,1,1,tsoundzou-SIM ( rue de la ),-12.81835,45.19668
202000000875,12,8,2020,14,1,976,97611,2,6,1,3,cavani-Rond point du Baobab,-12.78541,45.22594
202000000876,18,7,2020,9,1,976,97611,2,1,1,-1,passamanty-Rassini (ruelle),-12.80043,45.2152
202000000877,6,9,2020,17,1,976,97611,1,1,1,6,kaweni-SPPM ( rue de la ),-12.77166,45.22287
202000000878,17,2,2020,6,1,976,97611,2,3,1,3,passamanty-Rassini (ruelle),-12.8004,45.2159
202000000879,23,8,2020,6,1,976,97611,2,1,1,2,m'tsapere-M'tsapéré- M'tsangani ( rue ),-12.7876,45.22506
202000000880,13,7,2020,14,1,976,97611,2,1,1,6,kaweni-Poste ( rue de la ),-12.7722459,45.2224879
202000000881,27,7,2020,14,1,976,97611,2,1,1,3,kaweni-Mangrove ( rue de la ),-12.77588,45.22681
202000000882,9,2,2020,2,3,57,57306,1,1,1,3,Autoroute A30,49.3269361,6.0629758
202000000883,1,7,2020,0,5,75,75110,2,1,1,3,BOULEVARD DE STRASBOURG,48.869644,2.35443
202000000884,20,8,2020,16,1,84,84007,2,1,1,6,PLACE SAINT LAZARE,43.95102,4.81952
202000000885,11,12,2020,13,1,76,76329,1,1,2,5,D6015,49.56115,0.48267
202000000886,7,5,2020,23,3,91,91617,1,1,1,6,RN6 PROVINCE / RN104 INT,48.63152,2.51594
202000000887,1,1,2020,1,5,93,93046,2,6,8,3,TURGOT,48.9186846,2.5204487
202000000888,28,11,2020,16,5,75,75119,2,2,1,6,BOULEVARD DE LA VILLETTE,48.884339,2.366883
202000000889,28,12,2020,18,3,77,77508,1,1,3,2,D96,48.823727,2.834864
202000000890,26,2,2020,9,1,92,92062,2,1,1,4,DE DION BOUTON (QUAI) DU 29 AU 65,48.8827958,2.2479292
202000000891,23,11,2020,13,1,74,74042,2,1,1,6,Route de Cluses,46.07351,6.410034
202000000892,28,7,2020,23,5,73,73008,2,6,1,3,D1201 ROOSEVELT FRANKLIN AVENUE,45.7018314,5.9091384
202000000893,9,12,2020,5,5,62,62193,2,6,2,3,LOUIS BLERIOT (AVENUE),50.949418,1.862252
202000000894,14,12,2020,22,5,62,62351,2,1,8,6,OUSSEKINE (R MALIK),50.4209671,2.9069245
202000000895,30,12,2020,19,3,62,62186,1,1,2,6,SCHWEITZER ( R DU DOCTEUR),50.4482779,2.705044
202000000896,5,12,2020,16,1,62,62498,2,3,1,6,LANOY (R RENE),50.431121,2.83319
202000000897,7,10,2020,20,5,62,62624,2,1,1,6,REPUBLIQUE (AVE DE LA ),50.41491,2.98257
202000000898,19,12,2020,13,1,74,74012,2,3,1,3,RESISTANCE (RUE DE LA),46.19622,6.25684
202000000899,15,12,2020,7,5,73,73008,2,6,2,6,D991 WILSON BOULEVARD,45.6897799,5.9094724
202000000900,2,12,2020,9,1,73,73008,2,8,8,6,PN 10 ROSELIERE CHEMIN DE LA,45.7090736,5.892132
202000000901,24,6,2020,23,5,64,64102,2,1,1,7,PAMPELUNE (AVENUE DE),43.4885,-1.4788
202000000902,19,6,2020,23,5,64,64102,2,1,1,7,ALSACE LORRAINE (BOULEVARD),43.49144,-1.46378
202000000903,24,8,2020,9,1,92,92035,2,2,1,3,National ( boulevard ),48.9085201,2.2371876
202000000904,12,4,2020,17,1,35,35288,1,1,1,7,La Grande Toutenais,48.665922,-1.958077
202000000905,24,12,2020,17,5,76,76351,2,2,1,3,DEMIDOFF (RUE),49.49765,0.13615
202000000906,21,12,2020,20,5,76,76351,2,1,1,1,BELLOT,49.48618,0.12675
202000000907,9,12,2020,18,5,76,76351,2,2,1,3,BOIS AU COQ (AVENUE),49.5128,0.1255
202000000908,5,12,2020,14,1,76,76351,2,1,1,6,HUIT MAI 1945 (AVENUE DU),49.51567,0.17092
202000000909,4,12,2020,17,5,76,76351,2,1,1,6,AUGUSTE RISPAL,49.4931,0.1419
202000000910,12,6,2020,20,5,971,97105,2,1,1,6,BD GERTY ARCHIMEDE,15.99073,-61.72808
202000000911,5,12,2020,7,2,83,83050,2,1,8,6,PIQUEMAL( PLACE),43.53942,6.45959
202000000912,28,12,2020,11,1,24,24037,2,1,2,6,PASTEUR (AVENUE),44.85836,0.49285
202000000913,13,11,2020,14,1,02,02691,2,2,1,3,NEUVILLE-ST-AMAND (RTE DE),49.850564,3.267931
202000000914,4,2,2020,13,1,17,17300,2,1,1,6,CHAUDRIER   RUE,46.16256,-1.15245
202000000915,1,12,2020,16,1,01,01014,2,6,2,3,CD 31,46.275115,5.660406
202000000916,1,12,2020,14,1,75,75120,2,3,1,2,RUE DES PYRENEES,48.858118,2.403376
202000000917,1,12,2020,19,5,75,75119,2,2,1,3,RUE MANIN,48.883226,2.387832
202000000918,1,12,2020,17,5,75,75119,2,1,8,7,BOULEVARD D ALGERIE,48.882146,2.400504
202000000919,1,12,2020,12,1,75,75119,2,3,1,6,BOULEVARD MACDONALD,48.898774,2.374103
202000000920,1,12,2020,6,5,75,75119,2,1,1,3,RUE CLAVEL,48.874555,2.385085
202000000921,30,11,2020,17,5,75,75118,2,4,1,3,RUE ORDENER,48.890878,2.353211
202000000922,1,12,2020,12,1,75,75115,2,4,1,3,BOULEVARD PASTEUR,48.844545,2.311553
202000000923,1,12,2020,13,1,75,75114,2,1,1,7,RUE PERNETY,48.832956,2.319729
202000000924,1,12,2020,11,1,75,75112,2,3,1,5,RUE DE PICPUS,48.841093,2.398887
202000000925,1,12,2020,8,1,75,75110,2,1,1,2,RUE DE DUNKERQUE,48.879655,2.356548
202000000926,1,12,2020,11,1,75,75107,2,2,1,3,AVENUE DU MARECHAL GALLIENI,48.861044,2.313252
202000000927,30,11,2020,19,5,94,94068,2,9,1,3,HENRI MARTIN (AV),48.79806,2.48828
202000000928,1,12,2020,9,1,94,94016,2,1,1,6,MARECHAL DE LATTRE DE TASSIGNY (AV DU),48.78765,2.33258
202000000929,1,12,2020,22,5,94,94022,2,1,1,6,VICTOR HUGO (AV),48.77069,2.42713
202000000930,1,12,2020,17,2,94,94022,2,3,1,7,MARECHAL DE LATTRE DE TASSIGNY (AV),48.75665,2.40457
202000000931,1,12,2020,13,1,94,94019,2,1,1,3,Rue des Bordes,48.7978,2.54915
202000000932,1,12,2020,7,5,94,94002,2,9,1,3,BLANQUI (QU),48.79826,2.42027
202000000933,1,12,2020,10,1,93,93073,2,1,1,3,Avenue du Valquiou,48.9806,2.53131
202000000934,1,12,2020,16,1,93,93070,2,1,1,6,BERTHOUD (RUE EUGENE),48.9057412,2.3465434
202000000935,30,11,2020,12,1,93,93070,2,9,1,3,GABRIEL-PERI (AV),48.9077949,2.3324589
202000000936,30,11,2020,22,5,93,93050,2,9,8,6,ANDRE GIDE (ALLEE),48.8562746,2.5179698
202000000937,1,12,2020,16,2,93,93048,2,3,2,3,MADELEINE (RUE),48.8729114,2.4592149
202000000938,1,12,2020,14,1,93,93048,2,3,1,3,DIDIER DAURAT (RUE),48.8704977,2.4532127
202000000939,30,11,2020,17,5,93,93029,2,1,1,6,HENRI BARBUSSE (AVE) N°126-280,48.9204204,2.4526739
202000000940,1,12,2020,18,5,92,92073,2,1,3,5,SELLIER (BOULEVARD HENRI),48.865543,2.219715
202000000941,1,12,2020,8,2,92,92062,2,3,1,3,DE DION BOUTON (QUAI) DU 29 AU 65,48.8838854,2.2494953
202000000942,30,11,2020,16,1,92,92036,2,2,1,3,CABOEUFS (RUE DES) (52/132),48.925096,2.307392
202000000943,1,12,2020,8,2,92,92019,2,1,8,6,TURLURETS (RUE DES),48.7633619,2.274933
202000000944,1,12,2020,18,5,92,92007,2,1,1,7,BRIAND (AVENUE ARISTIDE) N° 2 A 98,48.80145,2.32376
202000000945,1,12,2020,18,3,18,18259,1,1,1,6,RD926,47.488079,2.723177
202000000946,30,11,2020,17,2,59,59278,2,1,2,6,Rue du Général de Gaulle,50.6087365,2.9621791
202000000947,29,11,2020,20,3,34,34311,1,1,1,-1,A75 - PK: 316+000,43.444804,3.40354
202000000948,1,12,2020,9,1,87,87020,1,1,5,2,A20 PR169.100 sens CHATEAUROUX-LIMOGES,45.943276,1.308693
202000000949,1,12,2020,18,3,83,83096,1,1,1,1,"Intersection rue de ste croix, DN 7",43.467518,5.7872576
202000000950,1,12,2020,10,1,51,51267,1,1,2,1,D27,49.2531375,3.8742415
202000000951,23,10,2020,7,3,80,80521,1,1,5,4,D146,49.982963,2.850967
202000000952,2,12,2020,7,3,80,80222,1,1,1,1,d938,50.256984,1.87215
202000000953,1,12,2020,19,3,22,22245,1,1,1,1,D74,48.63678,-3.387512
202000000954,28,11,2020,10,1,25,25527,2,1,1,1,916 Chemin du Moulin de Bénusse,47.188506,5.854307
202000000955,1,12,2020,17,1,29,29260,2,1,1,6,Rue de Kerzouar,48.4266534,-4.6189401
202000000956,1,12,2020,18,3,31,31293,2,1,2,6,Route de la Plage,43.707516,1.381128
202000000957,2,12,2020,6,2,38,38001,1,1,2,6,Route Nationale 75,45.564691,5.563304
202000000958,2,12,2020,13,1,03,03246,1,1,2,6,,46.353509,2.4571287
202000000959,2,12,2020,6,3,58,58304,1,1,2,6,D977 - PK 56,47.3829436,3.3799106
202000000960,1,12,2020,10,1,72,72138,2,1,1,7,Rue de l'Abbé Lelièvre,48.284796,0.023158
202000000961,27,11,2020,10,1,72,72373,2,1,1,6,11 Rue de la Rivière,48.059526,0.736431
202000000962,2,12,2020,7,2,40,40236,1,1,1,3,Départementale 58,43.680466,-0.87351
202000000963,1,12,2020,14,1,24,24087,1,1,1,1,Fongoumier,44.8898,1.09946
202000000964,2,12,2020,8,2,04,04091,1,3,1,2,RD 4096 / RD 30,43.986718,5.911878
202000000965,1,12,2020,14,1,19,19234,1,1,8,7,pk 199.800 A89,45.3047191,1.5843977
202000000966,2,12,2020,16,1,38,38329,1,1,1,3,Route Napoléon,44.836548,5.884895
202000000967,1,11,2020,18,3,06,06088,1,1,1,6,A8 pk 185+300 nord,43.67083,7.201393
202000000968,1,12,2020,18,3,77,77333,1,1,8,5,"A6, PK 70+600, direction Paris",48.28682,2.691693
202000000969,2,12,2020,11,1,988,98825,1,2,7,3,Inersection avec la route de Crique Salé,-21.131142,164.889636
202000000970,28,11,2020,11,1,988,98817,1,1,1,1,RPS1,-22.231765,166.546335
202000000971,2,12,2020,9,1,974,97415,1,6,1,-1,N1a,-21.108622,55.255384
202000000972,2,12,2020,13,1,95,95554,1,1,1,4,D14,49.16301,1.764443
202000000973,27,11,2020,22,5,21,21138,2,2,1,6,RUE GRANDE,47.181743,5.304192
202000000974,28,11,2020,6,3,57,57511,1,3,5,6,D7,49.178183,6.073814
202000000975,2,12,2020,10,1,38,38542,1,1,1,5,Route de Moras,45.690829,5.239298
202000000976,2,12,2020,18,3,85,85119,1,1,8,1,D755,46.97194,-1.128549
202000000977,30,11,2020,19,3,49,49301,1,1,1,2,RN 249- SAINT GERMAIN SUR MOINE,47.125666,-1.114426
202000000978,30,11,2020,9,1,13,13203,1,1,1,3,A7-Sens Marseille vers Lyon,43.30732,5.37554
202000000979,30,11,2020,20,3,67,67471,1,1,2,2,Autoroute A4,48.63301,7.72402
202000000980,26,11,2020,16,1,67,67482,1,1,1,2,Autoroute A.351,48.5862523,7.7193917
202000000981,30,11,2020,7,3,33,33075,1,1,1,4,ROCADE A 630,44.89014,-0.61259
202000000982,29,11,2020,9,1,59,59646,1,1,5,2,ROUTE DEPARTEMENTALE 656,50.673388,3.11765
202000000983,24,11,2020,8,2,62,62634,1,1,1,6,AUTOROUTE A16,50.93205,2.026463
202000000984,1,12,2020,18,3,91,91689,1,1,1,2,AUTOROUTE A6,48.728174,2.314049
202000000985,1,12,2020,11,1,92,92002,1,1,1,5,AUTOROUTE A86,48.76114,2.29529
202000000986,30,11,2020,6,3,91,91521,1,1,1,2,AUTOROUTE A6,48.66427,2.36522
202000000987,1,12,2020,21,3,78,78140,1,1,8,2,A13,48.960745,1.930592
202000000988,1,12,2020,8,2,77,77122,1,1,1,-1,RN104,48.6508401,2.6116759
202000000989,30,11,2020,20,3,94,94069,1,1,1,6,A4,48.8171,2.4422
202000000990,23,9,2020,20,3,94,94078,2,1,2,6,NUNGESSER ET COLI (R),48.75105,2.44976
202000000991,24,6,2020,14,1,92,92009,2,1,1,6,GENERAL LECLERC ( RUE DU ),48.913836,2.271803
202000000992,30,11,2020,17,5,75,75120,2,1,1,2,BOULEVARD PERIPHERIQUE,48.873965,2.411229
202000000993,30,11,2020,21,5,75,75120,2,4,1,3,RUE DES PYRENEES,48.871021,2.393135
202000000994,30,11,2020,16,1,75,75119,2,1,1,3,ROUTE DES PETITS PONTS,48.8917,2.398407
202000000995,30,11,2020,8,1,75,75119,2,3,1,6,AVENUE DE FLANDRE,48.887773,2.373025
202000000996,30,11,2020,9,1,75,75118,2,4,1,2,AVENUE DE LA PORTE DE LA CHAPELLE,48.899491,2.359386
202000000997,30,11,2020,17,5,75,75116,2,2,1,3,QUAI LOUIS BLERIOT,48.850704,2.277907
202000000998,30,11,2020,17,2,75,75116,2,7,1,3,PLACE DU TROCADERO ET DU 11 NOVEMBRE,48.862984,2.287901
202000000999,29,11,2020,17,3,75,75115,2,1,1,3,RUE DE LA CONVENTION,48.838948,2.292627
202000001000,30,11,2020,11,1,75,75113,2,3,1,3,RUE PASCAL,48.834912,2.347968
202000001001,30,11,2020,10,1,75,75113,2,4,1,3,BOULEVARD DE L HOPITAL,48.835691,2.358648
202000001002,30,11,2020,21,5,75,75112,2,1,1,4,ROUTE DE LA PYRAMIDE,48.837733,2.439969
202000001003,30,11,2020,5,5,75,75110,2,2,1,3,RUE LA FAYETTE,48.882551,2.370212
202000001004,30,11,2020,18,5,75,75108,2,1,1,3,RUE SAINT LAZARE,48.875416,2.325415
202000001005,29,11,2020,23,3,75,75102,2,3,1,3,BOULEVARD DE BONNE NOUVELLE,48.870148,2.350486
202000001006,30,11,2020,11,1,94,94003,2,1,1,2,ARISTIDE BRIAND (AV),48.81057,2.32683
202000001007,30,11,2020,10,1,94,94076,2,1,1,3,VERDUN (R DE),48.79,2.35
202000001008,30,11,2020,18,5,94,94041,2,1,1,3,HOCHE (R),48.81206,2.37167
202000001009,30,11,2020,10,1,94,94041,2,3,1,3,COLONEL FABIEN - PONT D'IVRY (BD DU),48.81453,2.40717
202000001010,30,11,2020,10,1,94,94021,2,9,1,6,GEORGES GUYNEMER (AV),48.76472,2.3383
202000001011,30,11,2020,11,1,93,93073,2,1,1,3,CHAPIT RE ( RUE DU),48.98349,2.54122
202000001012,30,11,2020,7,1,93,93072,2,1,1,6,STALINGRAD (AVENUE) DES N°2 AU N°100,48.9499661,2.3863748
202000001013,30,11,2020,13,1,93,93047,2,1,1,6,R DES JARDINS,48.8992657,2.5749103
202000001014,30,11,2020,8,1,93,93014,1,1,1,6,GAGNY (ALLEE DE),48.9025667,2.5475597
202000001015,30,11,2020,14,1,93,93010,2,1,1,6,GALLIENI (AV.) DE 177 A 211,48.90697,2.48695
202000001016,30,11,2020,22,5,93,93007,2,1,2,-1,"""MEYERBEER (RUE """"COTE IMPAIRS"""")""",48.9378947,2.4638225
202000001017,30,11,2020,11,1,93,93001,2,1,1,6,FERRAGUS (RUE)  => 5/6,48.9140486,2.3811626
202000001018,30,11,2020,17,3,22,22304,1,1,8,7,kerpierres,48.553049,-3.020575
202000001019,1,12,2020,14,1,68,68112,2,2,8,2,D430,47.903516,7.222143
202000001020,1,12,2020,7,2,58,58227,2,1,1,1,La Chapelle,47.534603,3.037001
202000001021,30,11,2020,6,3,44,44129,1,1,8,7,N165 PK 49+000,47.445715,-2.086823
202000001022,30,11,2020,17,1,33,33290,2,2,1,1,Route de Libourne,44.930301,-0.133504
202000001023,30,11,2020,10,1,69,69248,1,1,2,7,"D8 E, Lieud dit: Le pont Gauthier, Mardore",46.062839,4.331145
202000001024,28,11,2020,16,1,89,89419,2,1,1,2,32 Boulevard Pierre Larousse,47.734225,3.29781
202000001025,30,11,2020,20,3,55,55166,1,1,2,7,D34,49.089972,5.394416
202000001026,1,12,2020,7,2,25,25489,1,1,4,1,Route de Bolandoz,47.010167,6.136782
202000001027,29,11,2020,20,3,35,35133,1,2,1,3,Le Bruchet,48.154203,-2.013876
202000001028,1,12,2020,9,1,31,31135,2,2,1,-1,Rue du 4 Septembre,43.205418,1.085227
202000001029,30,11,2020,22,3,58,58250,1,1,1,6,Route de la Machine,46.854571,3.456295
202000001030,28,11,2020,10,1,72,72172,2,1,7,3,33 Rue des Vignes,48.069438,0.587618
202000001031,1,12,2020,7,3,14,14472,1,1,1,7,D39,48.956996,0.049739
202000001032,1,12,2020,9,2,50,50412,2,3,1,6,Rue de la Graye,49.33496,-1.694899
202000001033,1,12,2020,11,1,50,50410,1,1,1,2,Route nationale 175,48.570211,-1.464701
202000001034,1,12,2020,9,1,60,60497,1,1,1,7,"RD 938, PK 18.350",49.494988,2.32378
202000001035,30,11,2020,15,2,36,36037,2,1,1,6,16 Rue de la Mairie,46.941185,1.801801
202000001036,30,11,2020,21,5,24,24352,2,9,1,6,Route de Perigueux,45.252527,0.348816
202000001037,30,11,2020,17,2,04,04079,2,1,1,6,Rue de la grande fontaine,44.085211,6.025105
202000001038,30,11,2020,11,2,28,28280,2,1,1,1,Rue Abbé Beulé,48.321635,0.81817
202000001039,30,11,2020,19,3,28,28324,1,1,1,3,D24,48.484994,1.28929
202000001040,1,12,2020,10,1,17,17218,2,7,1,6,Place de la république,46.31143,-0.99511
202000001041,30,11,2020,1,3,24,24035,1,1,1,6,Le Moulin de Lastours,44.758969,1.016085
202000001042,25,11,2020,8,1,987,98738,1,1,3,-1,Route de Punavai Montagne,-17.618416,-149.570803
202000001043,30,11,2020,17,5,06,06088,1,1,1,3,A8 - PK 199+930 NORD,43.733554,7.283399
202000001044,1,12,2020,8,1,25,25320,1,1,4,7,D9,46.778479,6.306581
202000001045,28,11,2020,16,1,974,97422,2,3,1,1,Rue Jean de Fos du Rau,-21.228059,55.551213
202000001046,7,11,2020,18,3,972,97228,1,1,8,-1,Bon Air,14.748043,-61.004323
202000001047,30,11,2020,17,2,33,33085,1,3,1,1,Route de Creon,44.76932,-0.44662
202000001048,23,11,2020,19,3,84,84092,2,1,1,1,D28,43.952722,4.866981