Num_Acc,jour,mois,an,hr,condition_eclairage,departement,commune,condition_agglomeration,intersection,condition_atmosphere,type_collision,adresse,lattitude,longitude
202000001049,30,11,2020,17,3,13,13107,1,1,1,2,CD6,43.425722,5.444762
202000001050,30,11,2020,8,2,89,89257,2,3,1,3,D377,47.956784,3.505052
202000001051,30,11,2020,17,2,73,73068,1,2,1,3,RD 1006 et D204,45.562171,6.205924
202000001052,30,11,2020,8,1,44,44201,1,1,1,7,la marvilliere,47.326672,-1.537131
202000001053,28,11,2020,10,1,01,01224,2,1,1,6,Rue du Bugey,45.774737,5.206516
202000001054,1,12,2020,17,3,17,17395,1,1,1,4,N141,45.725446,-0.502732
202000001055,27,11,2020,14,1,17,17240,2,1,1,6,11 Rue du Bois des Granges,45.288886,-0.408425
202000001056,27,11,2020,8,1,33,33165,2,3,1,1,97 Avenue de l'Entre 2 Mers,44.825456,-0.437662
202000001057,10,11,2020,6,3,44,44073,1,2,2,3,Sainte Anne,47.427517,-1.602298
202000001058,1,12,2020,17,3,27,27279,1,1,1,7,Route départementale 7,49.117587,1.60004
202000001059,1,12,2020,7,2,59,59471,1,1,2,1,Route d'Aulnoy cd 73,50.319134,3.567252
202000001060,30,11,2020,16,1,13,13005,1,1,1,6,A50-Sens Aubagne vers Marseille,43.28453,5.57228
202000001061,30,11,2020,10,1,13,13056,1,1,1,7,A55-Sens Martigues vers Marseille,43.3969405,5.0710702
202000001062,30,11,2020,7,3,33,33448,1,1,1,2,AUTOROUTE A 62,44.70039,-0.50172
202000001063,30,11,2020,12,1,91,91235,1,1,1,7,RN 104,48.6242,2.367
202000001064,30,11,2020,7,3,91,91553,1,1,1,3,RN 104,48.6285,2.4804
202000001065,30,11,2020,6,3,91,91064,1,1,1,7,RN 118,48.749,2.1857
202000001066,30,11,2020,17,5,92,92050,1,1,1,4,A86,48.905219,2.208756
202000001067,30,11,2020,12,1,92,92064,1,1,1,2,A13,48.8395693,2.2020815
202000001068,25,2,2020,13,1,50,50602,1,2,2,4,EST (BOULEVARD DE L'),49.63513,-1.58638
202000001069,5,3,2020,5,3,49,49007,2,1,3,4,DUNANT BOULEVARD,47.48772,-0.54109
202000001070,5,3,2020,13,1,49,49267,2,1,3,7,MONTAIGNE AVENUE,47.46641,-0.51594
202000001071,2,3,2020,14,1,49,49007,2,1,1,7,GALLIENI BOULEVARD,47.48617,-0.52985
202000001072,6,3,2020,7,2,45,45234,2,6,7,3,Rue du Nécotin - Rue des Prateaux,47.9277,1.93773
202000001073,5,3,2020,13,1,44,44184,2,1,1,6,RD 92,47.256504,-2.25825
202000001074,5,3,2020,12,1,44,44184,1,2,2,3,D537,47.281481,-2.228816
202000001075,5,3,2020,20,5,38,38563,2,1,2,-1,Cours Senozan,45.36529,5.59094
202000001076,6,3,2020,16,1,37,37261,2,1,1,4,WAGNER (BOULEVARD RICHARD),47.3743879,0.7043285
202000001077,6,3,2020,16,1,35,35238,2,1,2,7,VILLEBOIS MAREUIL (BD),48.10998,-1.65507
202000001078,6,3,2020,7,1,35,35238,2,1,2,3,DONZELOT (AVENUE PIERRE),48.12338,-1.63958
202000001079,6,3,2020,5,5,35,35238,2,1,8,6,VERN (DE),48.09465,-1.64977
202000001080,6,3,2020,6,1,35,35238,2,1,1,3,RD 837,48.0922,-1.62862
202000001081,6,3,2020,1,5,35,35238,2,1,1,2,GUEHENNO (JEAN),48.11823,-1.6709
202000001082,8,1,2020,9,1,35,35238,2,2,2,6,7 rue VANEAU,48.1086159,-1.6929775
202000001083,4,3,2020,23,5,34,34172,2,5,1,2,DUBOUT (AVENUE ALBERT),43.59695,3.88057
202000001084,6,3,2020,9,1,33,33063,2,1,3,2,Rue de la Motte Picquet,44.87329,-0.56068
202000001085,6,3,2020,8,1,31,31555,1,1,2,5,VA007331 A620,43.59314,1.39831
202000001086,5,3,2020,16,1,31,31149,2,1,2,3,ALLEE DE BRESSE,43.62104,1.33023
202000001087,4,3,2020,14,1,31,31555,1,1,2,6,RD916,43.5579,1.49461
202000001088,6,3,2020,8,1,29,29051,1,1,2,6,Rue du Cimetiere,47.9953,-4.03328
202000001089,5,3,2020,17,1,29,29232,1,1,1,2,Route de Cuzon,48.01297,-4.076
202000001090,6,3,2020,13,1,29,29019,2,3,1,5,Rue de Tréornou,48.4111502,-4.4996327
202000001091,5,3,2020,8,1,29,29019,2,6,1,5,Avenue Georges Pompidou,48.413884,-4.4796002
202000001092,6,3,2020,11,1,27,27681,2,9,1,2,IVRY (ROUTE D'),49.07947,1.47548
202000001093,6,3,2020,18,2,25,25634,1,1,1,1,R-N 57.,46.93428,6.34292
202000001094,5,3,2020,13,1,22,22278,2,1,1,7,BEAUVALLON (ALL. DE),48.5031,-2.754215
202000001095,6,3,2020,21,5,14,14118,1,1,1,2,DETOLLE (BOULEVARD ANDRE),49.178875,-0.388834
202000001096,6,3,2020,14,1,14,14118,2,1,1,6,MONNET (AVENUE JEAN),49.2026703,-0.3856617
202000001097,6,3,2020,9,1,14,14167,2,1,1,2,WILKIN (RUE DES FRERES),49.20596,-0.29914
202000001098,6,3,2020,20,5,13,13215,2,1,1,3,VISTE (AVENUE DE LA),43.359,5.3577
202000001099,6,3,2020,19,5,13,13207,2,1,1,1,Corniche John Fitzgérald Kennedy,43.278793,5.354242
202000001100,6,3,2020,17,1,13,13213,2,1,1,2,JEAN PAUL SARTRE (AVENUE),43.31451,5.40705
202000001101,7,3,2020,1,5,10,10343,2,1,1,7,CANAL (RUE DU),48.27315,4.08979
202000001102,6,3,2020,13,1,08,08105,2,9,1,6,Rue André Joseph,49.7379,4.7096
202000001103,6,3,2020,6,5,06,06088,2,2,1,3,JOLY (CORNICHE ANDRE DE),43.702,7.2947
202000001104,6,3,2020,22,5,06,06083,2,9,1,3,"SOLEIL (PROMENADE DU, N° 850 A 960)",43.7715,7.4966
202000001105,6,3,2020,20,5,75,75120,2,1,1,5,PORTE DE BAGNOLET,48.865153,2.413215
202000001106,6,3,2020,15,1,75,75120,2,1,1,5,PORTE DES LILAS,48.869643,2.413267
202000001107,6,3,2020,12,1,75,75120,2,1,8,-1,BD PERIPHERIQUE INTERIEUR,48.861712,2.413697
202000001108,4,3,2020,18,3,75,75118,2,4,1,6,AVENUE DE SAINT OUEN,48.890435,2.326587
202000001109,5,3,2020,20,5,75,75106,2,1,2,3,RUE DES SAINTS PERES,48.854031,2.330189
202000001110,6,3,2020,16,1,75,75120,2,4,1,3,RUE DES PARTANTS,48.865115,2.391869
202000001111,6,3,2020,14,1,75,75120,2,4,1,6,RUE DE BAGNOLET,48.862693,2.40667
202000001112,5,3,2020,13,1,75,75120,2,1,8,3,RUE HAXO,48.874739,2.403073
202000001113,6,3,2020,22,5,75,75119,2,1,1,3,AVENUE JEAN JAURES,48.883396,2.372575
202000001114,6,3,2020,14,1,75,75118,2,4,1,5,AVENUE DE LA PORTE DE MONTMARTRE,48.898462,2.336864
202000001115,6,3,2020,8,1,75,75117,2,2,8,6,RUE TARBE,48.886322,2.313971
202000001116,5,3,2020,15,1,75,75116,2,1,1,3,RUE CHARDON LAGACHE,48.844461,2.266153
202000001117,6,3,2020,20,5,75,75115,2,3,1,3,AVENUE DE SUFFREN,48.85052,2.302062
202000001118,6,3,2020,20,5,75,75115,2,2,1,2,RUE LOUIS ARMAND,48.833469,2.276202
202000001119,6,3,2020,14,1,75,75115,2,2,1,6,RUE DE LA CONVENTION,48.837234,2.296432
202000001120,6,3,2020,12,1,75,75113,2,3,1,6,RUE DU JAVELOT,48.826811,2.365045
202000001121,6,3,2020,12,1,75,75112,2,1,8,6,QUAI DE LA RAPEE,48.844014,2.36933
202000001122,5,3,2020,19,5,75,75112,2,7,3,2,PLACE FELIX EBOUE,48.839364,2.395801
202000001123,6,3,2020,12,1,75,75110,2,3,1,6,RUE DU FAUBOURG DU TEMPLE,48.871032,2.374125
202000001124,6,3,2020,9,1,75,75110,2,3,1,-1,RUE DES PETITES ECURIES,48.8733964,2.3526469
202000001125,6,3,2020,2,5,75,75109,2,3,1,-1,AVENUE TRUDAINE,48.880723,2.3402564
202000001126,6,3,2020,2,5,75,75110,2,2,2,-1,BOULEVARD DE STRASBOURG,48.873337,2.356529
202000001127,6,3,2020,2,5,75,75107,2,3,2,2,QUAI D ORSAY,48.862331,2.307492
202000001128,5,3,2020,16,1,75,75115,2,3,2,3,AVENUE DE SUFFREN,48.853905,2.296632
202000001129,5,3,2020,20,5,75,75104,2,3,2,6,BOULEVARD HENRI IV,48.851539,2.36369
202000001130,6,3,2020,12,1,75,75104,2,2,1,7,RUE DES DEUX PONTS,48.8518436,2.3565483
202000001131,5,3,2020,9,1,94,94081,2,1,2,6,HENRI BARBUSSE (AV),48.79267,2.38924
202000001132,26,2,2020,14,1,94,94081,2,1,1,6,CAMILLE GROULT (R),48.789127,2.400816
202000001133,6,3,2020,16,1,94,94067,2,1,1,6,GENERAL DE GAULLE (AV DU),48.8372231,2.4171431
202000001134,6,3,2020,20,5,94,94074,2,2,1,6,RU DE GIRONDE (AV DU),48.742,2.4663
202000001135,3,3,2020,11,1,94,94058,2,1,1,5,ALSACE LORRAINE (BD D),48.85,2.5
202000001136,6,3,2020,7,1,94,94003,2,1,8,4,ARISTIDE BRIAND (AV),48.80541,2.3255
202000001137,6,3,2020,12,1,94,94028,2,1,1,3,SEBASTIEN(VILLA),48.78917,2.46536
202000001138,6,3,2020,8,1,94,94028,2,1,8,2,POINCARE.(RUE RAYMOND),48.78315,2.44347
202000001139,6,3,2020,10,1,93,93070,2,1,1,3,DOCTEUR BAUER(RUE DU) :N°  75 AU 129,48.9081806,2.3404661
202000001140,6,3,2020,17,1,93,93066,2,1,1,3,FORT DE LA BRICHE,48.9453685,2.3427319
202000001141,6,3,2020,20,5,93,93077,2,1,1,6,R DE NEUILLY,48.87764,2.52192
202000001142,6,3,2020,17,1,93,93055,2,2,1,6,JEAN JAURES (AVENUE) (2/74),48.90356,2.39212
202000001143,6,3,2020,10,1,93,93050,2,1,1,3,MARECHAL FOCH (AVENUE) COTE IMPAIR,48.8552293,2.5249887
202000001144,5,3,2020,7,2,93,93079,2,1,2,6,ROGER SALENGRO,48.9628503,2.3441062
202000001145,3,3,2020,15,1,93,93031,2,9,1,5,Route de Saint-Leu,48.9487785,2.342812
202000001146,6,3,2020,8,1,93,93029,2,1,1,6,R ARMAND CARREL,48.92295,2.42171
202000001147,6,3,2020,19,5,93,93014,2,1,8,6,GAGNY (ALLEE DE),48.905947,2.5490443
202000001148,6,3,2020,20,5,93,93010,2,1,1,6,VAILLANT (RUE EDOUARD) 24 A 96,48.8955927,2.4880001
202000001149,6,3,2020,16,1,92,92073,2,1,1,6,VERDUN (RUE DE),48.875485,2.2315711
202000001150,6,3,2020,8,1,92,92073,2,1,1,6,REGNAULT (RUE HENRI),48.86098,2.21914
202000001151,6,3,2020,0,5,92,92063,2,2,2,3,HUGO (AVENUE VICTOR),48.88681,2.17443
202000001152,5,3,2020,15,1,92,92040,2,1,2,7,PONT D ISSY,48.830301,2.259417
202000001153,5,3,2020,13,1,92,92040,2,9,1,-1,RODIN (BOULEVARD),48.81865,2.25777
202000001154,6,3,2020,7,2,92,92036,2,3,1,-1,LOUIS ROCHE (AVENUE) (1/45),48.92248,2.323022
202000001155,6,3,2020,10,1,92,92012,2,1,8,6,THIERS (RUE) 1/65,48.837415,2.248065
202000001156,5,3,2020,23,5,92,92009,2,9,6,2,CHARLES-DE-GAULLE ( AVENUE ),48.9194062,2.2763777
202000001157,5,3,2020,17,1,92,92004,2,1,3,2,VOLTAIRE ( BD 16 A FIN ),48.91702,2.28756
202000001158,7,3,2020,2,3,10,10240,1,1,1,6,D660,48.277153,3.906239
202000001159,6,3,2020,15,1,44,44051,1,1,2,7,D537,47.691754,-1.690553
202000001160,6,3,2020,11,1,56,56199,1,1,1,2,Keranrous RD1,48.139516,-3.671365
202000001161,3,3,2020,13,1,74,74256,2,2,1,3,7 Rue Saint Joseph,45.937271,6.627109
202000001162,6,3,2020,15,1,65,65138,2,4,4,6,10 Avenue du Mamelon Vert,42.888303,-0.115995
202000001163,6,3,2020,23,3,32,32305,1,1,2,6,D152,43.822762,-0.086753
202000001164,6,3,2020,15,1,11,11261,1,1,6,5,D6113,43.183353,2.66589
202000001165,6,3,2020,2,3,89,89481,1,1,2,2,D200,47.7825901,4.0379203
202000001166,7,3,2020,10,1,63,63110,1,1,1,7,D80 - La Foret,45.8388321,2.6807147
202000001167,6,3,2020,22,3,63,63040,1,1,2,1,D212,45.724008,3.290405
202000001168,6,3,2020,18,1,39,39081,1,1,1,5,,46.865166,5.715023
202000001169,6,3,2020,22,1,44,44079,1,1,2,6,,47.219408,-1.307244
202000001170,5,3,2020,19,1,44,44127,1,3,2,3,ROUTE DE LA ROBERTIERE,47.014198,-1.440298
202000001171,1,3,2020,23,3,29,29130,2,1,3,6,Route de Plouzané,48.375124,-4.643294
202000001172,2,3,2020,23,3,13,13036,1,1,1,2,Route de Chateaurenard,43.844718,4.842621
202000001173,6,3,2020,18,2,15,15221,1,1,3,1,RN 122- Route de Figeac,44.880882,2.3323
202000001174,7,3,2020,8,1,06,06079,2,2,1,-1,Avenue de Cannes,43.540851,6.936136
202000001175,7,3,2020,16,1,05,05046,1,1,1,5,Route nationale 94,44.579173,6.511395
202000001176,7,3,2020,17,1,45,45224,1,1,1,6,D11 - PR  36 + 900,48.082989,2.05402
202000001177,6,3,2020,13,1,45,45053,1,3,8,3,D2007 - D50,47.60812,2.776309
202000001178,2,3,2020,6,5,64,64443,1,1,6,6,Départementale 2,43.357669,-0.582769
202000001179,6,3,2020,17,1,64,64259,1,1,4,6,CD 22,43.298565,-1.247592
202000001180,29,2,2020,15,1,43,43212,1,3,2,3,D12,45.353401,3.978091
202000001181,7,3,2020,3,3,16,16106,1,1,1,6,Ld Le Petit Negrat,46.0373503,0.6712218
202000001182,7,2,2020,16,2,16,16016,2,3,1,3,Route d'Angoulême,45.993213,0.643376
202000001183,20,2,2020,15,1,07,07304,2,1,1,7,Route de Barjac,44.394584,4.378674
202000001184,7,3,2020,1,3,27,27638,1,1,1,6,Route de la Saussaye,49.262946,0.970209
202000001185,6,3,2020,12,1,27,27284,2,1,1,1,D181,49.269765,1.786137
202000001186,7,3,2020,7,2,27,27630,2,1,1,6,Rue du Hery,49.152447,0.792459
202000001187,7,3,2020,13,1,28,28385,2,1,1,6,Rue le Blottier,48.405731,1.130739
202000001188,6,3,2020,18,2,37,37167,2,2,1,1,D766,47.5466563,0.5470538
202000001189,7,3,2020,1,3,30,30114,1,9,1,4,D6110,43.83697,4.098192
202000001190,6,3,2020,21,3,30,30006,1,2,1,3,N113,43.694504,4.168029
202000001191,6,3,2020,15,1,30,30148,1,1,1,3,D35,43.887112,4.004508
202000001192,6,3,2020,10,1,24,24194,2,9,1,3,Croisement D936 / D4,44.837017,0.332873
202000001193,6,3,2020,17,1,31,31430,1,1,4,3,A64,43.107688,0.610664
202000001194,7,3,2020,18,3,06,06085,1,1,1,1,Route de Vallauris,43.600906,7.034715
202000001195,6,3,2020,18,3,33,33042,1,1,3,6,A 63 PK 043.355,44.47176,-0.82391
202000001196,14,2,2020,16,1,86,86083,1,1,1,4,Autoroute A10,46.51109,0.151298
202000001197,1,3,2020,19,3,60,60541,1,1,2,3,Autoroute A1,49.304447,2.685728
202000001198,23,2,2020,8,2,78,78564,1,1,1,2,A10,48.521108,1.908114
202000001199,7,3,2020,9,1,988,98822,1,1,1,1,Tribu d'INA/POINDIMIE,-20.93726,165.35387
202000001200,7,3,2020,6,1,988,98831,1,1,1,7,ROUTE DE BOYEN,-20.839311,164.612854
202000001201,6,3,2020,23,5,77,77382,2,1,1,7,232 Avenue du Marechal Foch - D436,48.904205,2.879915
202000001202,6,3,2020,18,2,34,34162,1,1,1,1,D613,43.478631,3.462174
202000001203,6,3,2020,23,5,84,84129,2,9,1,1,D907,44.009992,4.86906
202000001204,7,3,2020,12,1,83,83076,1,1,1,1,RD 95 PR 5+950,43.353877,5.913434
202000001205,6,3,2020,17,2,25,25047,2,1,8,6,9 Avenue du General Leclerc,47.351846,6.356476
202000001206,7,3,2020,5,5,71,71176,2,2,1,6,Avenue du General de Gaulle,46.4831519,3.9855122
202000001207,6,3,2020,12,1,21,21390,1,1,1,6,54 Route de Beaune,47.283783,4.978518
202000001208,7,3,2020,5,3,03,03076,1,1,8,6,,46.5809843,3.4437249
202000001209,7,3,2020,12,1,74,74262,1,1,1,5,D903,46.131315,6.312761
202000001210,5,3,2020,21,3,38,38545,2,1,2,1,Rue Gustave Guerre,45.04576,5.66242
202000001211,8,2,2020,13,1,26,26362,2,3,1,1,30 Chemin du Chantre,44.95479,4.926117
202000001212,7,3,2020,15,1,69,69094,2,6,1,2,5 Avenue Benoit Launay,45.741138,4.690989
202000001213,6,3,2020,18,1,69,69288,2,1,2,3,10 Avenue Jean Moulin,45.690571,5.037634
202000001214,6,3,2020,9,1,61,61433,1,1,1,7,D26,48.534255,0.05712
202000001215,7,3,2020,2,3,50,50564,1,1,8,6,39 Rue du Mesnil,49.261696,-1.27663
202000001216,6,3,2020,16,1,14,14762,2,3,1,3,La Papillonniere,48.869648,-0.868735
202000001217,6,3,2020,17,1,27,27016,2,9,1,2,19 Côte d'Etrepagny,49.250608,1.436329
202000001218,6,3,2020,21,3,80,80039,1,2,1,2,CD940,50.087874,1.451933
202000001219,6,3,2020,8,1,13,13055,1,1,1,6,A507 sens Marseille - Aubagne,43.3097,5.42186
202000001220,5,3,2020,20,3,13,13071,1,1,8,2,A7-Sens Marseille vers Lyon,43.40358,5.30824
202000001221,5,3,2020,14,1,57,57683,1,1,3,6,Autoroute A30,49.29698,6.15425
202000001222,6,3,2020,16,1,33,33096,1,1,3,2,AUTOROUTE A 10,44.89496,-0.49786
202000001223,6,3,2020,10,1,33,33096,1,1,4,2,AUTOROUTE A10,44.89895,-0.49502
202000001224,3,3,2020,8,1,59,59350,1,1,1,4,AUTOROUTE A25,50.61696,3.042025
202000001225,6,3,2020,20,3,91,91161,1,1,1,2,AUTOROUTE A6,48.6967128,2.3160094
202000001226,6,3,2020,7,2,91,91064,1,1,1,7,RN 118,48.7502,2.20515
202000001227,6,3,2020,0,3,91,91645,1,1,2,6,RN 385 Extèrieure,48.75993,2.26769
202000001228,26,2,2020,9,1,91,91339,1,1,1,4,RN 104,48.62545,2.26253
202000001229,6,3,2020,9,1,92,92063,1,1,1,-1,A86,48.8900024,2.1701674
202000001230,6,3,2020,8,1,92,92050,2,1,1,2,A14,48.9001056,2.2093889
202000001231,6,3,2020,0,3,92,92064,1,1,2,2,A13,48.8466526,2.2236981
202000001232,5,3,2020,19,5,78,78640,1,1,2,3,N118,48.7844,2.223004
202000001233,5,3,2020,8,1,78,78402,1,1,2,2,A13,48.965106,1.803139
202000001234,6,3,2020,16,1,95,95277,1,1,1,2,AUTOROUTE A1,48.97951,2.49682
202000001235,6,3,2020,8,1,93,93007,1,1,1,5,AUTOROUTE A3,48.91807,2.47839
202000001236,5,3,2020,16,1,95,95306,1,1,3,2,AUTOROUTE A15,48.99723,2.17915
202000001237,5,3,2020,16,1,95,95277,1,1,2,5, A104,48.97281,2.48505
202000001238,5,3,2020,17,1,92,92036,1,1,2,6,AUTOROUTE A15,48.94363,2.28773
202000001239,5,3,2020,14,1,95,95678,1,1,2,6,RN 104,49.07247,2.24267
202000001240,4,3,2020,21,3,95,95277,1,1,2,6,AUTOROUTE A104,48.97315,2.48532
202000001241,5,3,2020,7,1,93,93066,1,1,2,3,AUTOROUTE A1,48.93346,2.3778
202000001242,4,3,2020,18,2,92,92036,1,1,2,3,AUTOROUTE A15,48.94661,2.28263
202000001243,25,2,2020,12,1,93,93006,1,1,1,7,AUTOROUTE A3,48.8669,2.4253
202000001244,24,2,2020,10,1,93,93010,1,1,1,2,AUTOROUTE A3,48.88893,2.47377
202000001245,6,3,2020,14,1,77,77468,1,1,1,3,A4.W,48.8325152,2.6592986
202000001246,4,1,2020,18,5,76,76351,2,2,1,6,FELIX FAURE,49.49935,0.09857
202000001247,1,1,2020,3,5,77,77438,1,1,5,6,A104,48.8636285,2.6686896
202000001248,6,3,2020,7,2,988,98818,2,3,7,6,RUE AUGUSTE BENEBIG/RUE FELIX BROCHE,-22.269,166.4607
202000001249,5,3,2020,13,1,988,98818,2,6,1,2,VE1/RUE BERTHELOT,-22.2604,166.44465
202000001250,5,3,2020,23,5,69,69383,2,7,1,3,ARSONVAL (D')                       (PL),45.7432242,4.8791555
202000001251,5,3,2020,15,1,69,69383,2,2,2,3,ANDRE PHILIP                        (R ),45.75448,4.85182
202000001252,19,2,2020,14,1,69,69387,2,1,1,6,JEAN JAURES                         (AV),45.7504717,4.845017
202000001253,5,3,2020,5,5,69,69383,2,2,2,-1,RICHARD VITTON                      (CO),45.75388,4.88753
202000001254,26,2,2020,13,1,69,69259,2,2,1,3,PROFESSEUR ROUX (DU)                (R ),45.71821,4.85938
202000001255,5,3,2020,13,1,91,91286,2,1,3,1,PLESSIS (CHEMIN DU),48.65089,2.387
202000001256,5,3,2020,20,5,91,91114,2,9,3,2,ROUTE NATIONALE 6,48.68216,2.49166
202000001257,15,2,2020,18,2,89,89127,1,1,1,5,RD58,48.23608,3.25174
202000001258,5,3,2020,21,5,83,83137,2,3,8,3,JUIN (AVE ALPHONSE),43.12091,5.94422
202000001259,4,3,2020,21,5,80,80021,2,2,2,3,CAGNARD (RUE),49.90345,2.28703
202000001260,4,3,2020,10,1,80,80021,2,1,1,3,ABBEVILLE (RUE D'),49.90682,2.26786
202000001261,4,3,2020,21,5,76,76212,2,1,3,6,LONGPAON. RUE DE,49.44239,1.14673
202000001262,21,5,2020,19,1,80,80338,2,1,1,2,D1,49.899075,2.496434
202000001263,21,5,2020,20,2,33,33011,2,1,1,6,RD3E19 _ 31 Boulevard de l'Aérium,44.761826,-1.13259
202000001264,21,5,2020,14,1,11,11055,1,3,1,6,D14,42.896108,2.312327
202000001265,21,5,2020,14,1,11,11021,1,1,1,7,départementale 117,42.810463,2.259551
202000001266,21,5,2020,17,1,71,71065,2,4,1,3,Route des 3 Monts,46.4291666,4.5413922
202000001267,21,5,2020,22,3,49,49368,1,3,1,6,Route des 3 Boudins,47.385286,0.015444
202000001268,13,5,2020,21,3,46,46096,1,1,1,6,D48,44.766922,1.93192
202000001269,21,5,2020,19,1,34,34150,1,1,1,3,Marseillan,43.328112,3.557446
202000001270,19,5,2020,7,1,68,68042,2,1,1,3,Rue Jean Moulin,47.605141,7.494127
202000001271,20,5,2020,12,1,68,68168,1,1,1,7,D21,47.568737,7.414227
202000001272,21,5,2020,18,1,44,44061,1,2,7,3,D723,47.227652,-1.930869
202000001273,20,5,2020,19,1,44,44056,1,1,1,3,D16,47.4172107,-1.8089725
202000001274,22,5,2020,17,1,65,65398,2,1,1,6,Chemin de Sages,42.95896,0.632855
202000001275,21,5,2020,18,1,31,31424,2,2,1,3,Rue de Taure,43.579295,1.285325
202000001276,20,5,2020,20,2,31,31090,1,1,7,1,Lieu Dit la Trompette,43.7645687,1.0021064
202000001277,19,5,2020,15,1,70,70343,2,1,1,7,Rue du Pont,47.780765,6.134282
202000001278,22,5,2020,11,1,06,06079,1,1,1,3,D6207,43.557183,6.952989
202000001279,21,5,2020,16,1,14,14456,1,9,1,3,D613,49.122182,-0.130046
202000001280,22,5,2020,11,1,05,05004,1,1,1,7,Route de Saint-Leger (Pont),44.631776,6.205478
202000001281,22,5,2020,1,3,50,50450,1,1,1,1,Le Pas,48.688417,-0.95989
202000001282,21,5,2020,12,1,50,50582,1,1,1,6,Mont Huan,48.696739,-0.858108
202000001283,21,5,2020,18,1,04,04208,1,1,1,7,RD 30,43.995346,5.52814
202000001284,22,5,2020,10,1,85,85127,1,1,1,7,Longeville-sur-Mer,46.43424,-1.50449
202000001285,21,5,2020,19,1,87,87154,1,2,7,3,Perissat les Essarts,45.912948,0.899881
202000001286,22,5,2020,10,1,37,37132,1,1,1,1,D21,47.134794,0.9752228
202000001287,22,5,2020,11,1,30,30094,1,1,1,1,D907,44.07365,3.965442
202000001288,17,5,2020,8,1,30,30197,1,1,1,7,Route de Bagnols,44.14001,4.20007
202000001289,21,5,2020,17,1,08,08463,2,1,1,3,25 Grande Rue,49.483088,4.993147
202000001290,19,5,2020,17,1,974,97415,1,1,1,2,N1,-21.02099,55.233867
202000001291,22,5,2020,12,1,91,91338,1,9,7,3,D988,48.637725,2.061845
202000001292,21,5,2020,19,1,78,78564,1,1,1,7,D116,48.519276,1.944902
202000001293,22,5,2020,13,1,13,13007,2,1,1,3,D560,43.367544,5.645599
202000001294,22,5,2020,4,5,42,42094,2,2,1,6,Rue René Cassin,45.7443551,4.2309685
202000001295,17,5,2020,17,1,26,26163,1,1,1,6,Route Léoncel ,44.888852,5.135057
202000001296,21,5,2020,17,1,69,69270,1,1,1,3,Rue Louise Labbe,45.646497,4.927593
202000001297,22,5,2020,16,1,81,81105,2,1,1,2,13 Avenue Rhin et Danube,43.760684,1.97299
202000001298,21,5,2020,18,1,64,64510,2,3,1,1,22 Chemin de Bibé,43.540725,-0.683234
202000001299,21,5,2020,17,1,85,85300,1,1,1,6, Route de Beaulieu,46.68988,-1.57156
202000001300,20,5,2020,10,1,56,56176,1,1,1,7,24 Rue de Santenoz,47.680566,-2.935378
202000001301,22,5,2020,11,1,60,60628,2,4,1,6,3 Rue Aime Besnard,49.424281,2.132405
202000001302,20,5,2020,21,5,13,13202,1,1,1,2,A55-Sens Martigues vers Marseille,43.3071287,5.3659258
202000001303,19,5,2020,17,1,69,69283,1,1,1,5,A46S   43.680 A 47.880,45.6721,4.9412
202000001304,20,5,2020,22,4,91,91161,1,1,1,2,AUTOROUTE A6,48.70638,2.30618
202000001305,21,5,2020,10,1,78,78545,1,1,1,7,A12 Y,48.809004,2.054355
202000001306,21,5,2020,15,1,94,94073,1,1,1,6,A86 EXT,48.7571095,2.3838957
202000001307,24,2,2020,9,1,72,72181,2,3,8,3,COEFFORT (RUE) N° IMP,47.99467,0.20056
202000001308,11,3,2020,7,1,61,61001,2,2,1,3,STRASBOURG (BOULEVARD DE),48.435305,0.091583
202000001309,20,5,2020,22,5,974,97409,2,1,2,6,Rue de Cambuston,-20.93241,55.64621
202000001310,17,5,2020,12,1,974,97409,2,1,1,1,Ravine creuse (chemin),-20.96794,55.66646
202000001311,20,5,2020,19,5,974,97407,2,1,1,7,VERGES(AVENUE),-20.93979,55.30419
202000001312,20,5,2020,18,3,974,97407,1,6,1,3,SACRE COEUR (RD POINT) -RIV. DES GALETS ,-20.956,55.3112
202000001313,20,5,2020,17,1,69,69386,2,9,1,2,CHARLES DE GAULLE                   (QU),45.7781855,4.8445338
202000001314,20,5,2020,11,1,69,69386,2,1,1,7,VENDOME                             (R ),45.769051,4.8449723
202000001315,20,5,2020,8,1,69,69388,2,2,1,-1,MARIUS BERLIET                      (R ),45.73904,4.86657
202000001316,20,5,2020,14,1,972,97213,1,1,1,4,ROUTE NATIONALE 1,14.625399,-60.979322
202000001317,20,5,2020,14,1,972,97209,2,1,2,1,TIVOLI (ROUTE DE ),14.6413,-61.07168
202000001318,20,5,2020,18,1,69,69386,2,2,1,1,DUQUESNE                            (R ),45.77251,4.84304
202000001319,20,5,2020,15,1,69,69389,2,1,1,4,MARIETTON                           (R ),45.77493,4.80798
202000001320,20,5,2020,13,1,69,69389,2,2,1,6,PIERRE BAIZET                       (R ),45.788,4.8089
202000001321,20,5,2020,12,1,69,69142,2,3,1,3,PIERRE SEMARD                       (QU),45.7246434,4.8170441
202000001322,19,5,2020,10,1,91,91471,2,6,1,6,GUY MOQUET (RUE),48.70061,2.19393
202000001323,20,5,2020,7,1,91,91691,2,3,1,3,GENERAL LECLER(RUE),48.71269,2.46726