Num_Acc,jour,mois,an,hr,condition_eclairage,departement,commune,condition_agglomeration,intersection,condition_atmosphere,type_collision,adresse,lattitude,longitude
202000001324,19,5,2020,9,1,91,91457,2,3,1,3,ALLENDE SALVADOR (AVENUE),48.59117,2.25796
202000001325,18,5,2020,8,1,91,91425,2,1,1,3,ORLEANS (ROUTE D'),48.64454,2.27005
202000001326,20,5,2020,14,1,90,90010,2,1,1,6,CLEMENCEAU (BOULEVARD),47.64098,6.85913
202000001327,18,5,2020,15,1,89,89387,2,2,1,3,ARISTIDE BRIAND (BOULEVARD),48.2049711,3.2849317
202000001328,14,5,2020,7,1,89,89387,2,1,1,1,BD DES NOYERS POMPONS ,48.20474,3.3202
202000001329,19,5,2020,18,1,88,88209,2,2,1,4,DOMEVRE (RUE DE),48.1944,6.4194
202000001330,20,5,2020,11,1,87,87085,2,1,1,3,CARNOT (BOULEVARD),45.83214,1.26138
202000001331,12,5,2020,11,1,83,83129,2,3,1,6,ECOLES (BD DES),43.11439,5.81132
202000001332,19,5,2020,12,1,82,82121,2,2,1,3,IRLANDE (RUE D'),43.98667,1.33378
202000001333,18,5,2020,16,1,82,82121,1,3,1,3,MOLIERES (ROUTE DE),44.0629169,1.3612328
202000001334,19,5,2020,21,1,80,80021,2,1,1,6,PROVINCIALES (RUE LES),49.8758,2.31929
202000001335,19,5,2020,14,1,80,80021,2,1,1,-1,ALEXANDRE DUMAS (RUE),49.87342,2.29045
202000001336,19,5,2020,12,1,80,80021,2,1,1,6,FAUBOURG DE HEM (RUE DU),49.90338,2.27483
202000001337,20,5,2020,20,1,77,77373,2,1,1,7,PARIS (RUE DE- RN 4 ),48.774943,2.606378
202000001338,19,5,2020,3,1,77,77258,2,2,1,3,GEORGES GERSHWIN (COURS),48.836325,2.645327
202000001339,19,5,2020,15,1,76,76540,2,1,7,6,CAVELIER DE LA SALLE. QUAI (HAUT),49.43807,1.08316
202000001340,16,5,2020,18,1,76,76681,2,2,1,6,SALVA. RUE LEON,49.41402,1.08421
202000001341,19,5,2020,17,1,71,71306,2,2,1,3,Rue de Charolles,46.6594159,4.3591556
202000001342,19,5,2020,18,1,71,71153,2,1,7,1,Route de Saint-Sernin,46.8144912,4.4295985
202000001343,19,5,2020,15,1,71,71540,2,9,1,1,C152,46.7882147,4.4460672
202000001344,20,5,2020,11,1,69,69266,2,1,1,6,JULES GRANDCLEMENT    (Place),45.75909,4.88899
202000001345,19,5,2020,23,4,69,69271,1,1,1,1,LYON (DE)                               ,45.74172,4.94525
202000001346,18,5,2020,20,1,69,69115,2,1,1,6,CHABERT (chemin du),45.9766477,4.7030255
202000001347,20,5,2020,19,1,68,68224,2,1,1,3,CASTORS (RUE DES),47.73972,7.29479
202000001348,19,5,2020,17,1,67,67482,2,1,1,2,BEULENWOERTH (CHEMIN DU),48.5975038,7.7907637
202000001349,19,5,2020,13,1,67,67482,2,3,1,3,MITTELHAUSBERGEN (ROUTE DE),48.602372,7.708471
202000001350,19,5,2020,20,1,66,66136,2,1,1,3,VARIETES,42.70287,2.89337
202000001351,20,5,2020,13,1,64,64102,2,6,1,3,AMADE  (ROND POINT),43.50189,-1.47879
202000001352,20,5,2020,12,1,64,64024,2,1,1,7,ADOUR (AVENUE DE L'),43.51676,-1.50123
202000001353,19,5,2020,7,1,63,63113,2,2,1,5,CLEMENTEL (BD ETIENNE),45.8096595,3.1094325
202000001354,7,5,2020,10,1,62,62160,2,6,1,3,DAUNOU (Bld),50.7182042,1.6120237
202000001355,20,5,2020,17,1,61,61397,2,6,1,3,LA BELLE CHARPENTE (RUE DE),48.42158,0.07978
202000001356,20,5,2020,12,1,59,59350,2,5,1,3,PAINLEVE PAUL BOULEVARD,50.624054,3.080597
202000001357,17,5,2020,18,1,59,59378,2,9,1,3,MARNE AVENUE DE LA,50.679556,3.1144026
202000001358,19,5,2020,19,1,54,54395,2,3,1,3,FONTENOY (RUE DE),48.70583,6.1734
202000001359,20,5,2020,13,1,50,50502,1,1,1,1,MONTS (lieu dit Les),49.131996,-1.067182
202000001360,18,5,2020,14,1,50,50502,2,2,7,1,EXODE,49.1111,-1.0901
202000001361,20,5,2020,9,1,50,50218,2,1,7,3,MATIGNON (AV DES),48.83794,-1.5755
202000001362,19,5,2020,15,1,49,49328,2,1,1,3,ANGERS (ROUTE D') D 952,47.27007,-0.07509
202000001363,20,5,2020,9,1,45,45147,2,3,1,3,Rue de Verdun - R J Guesde,47.93445,1.90547
202000001364,20,5,2020,17,1,44,44109,2,1,1,3,Route de Sainte Luce,47.24092,-1.51078
202000001365,20,5,2020,1,5,38,38185,2,1,1,1,Rue Albert Reynier,45.1646,5.7104
202000001366,20,5,2020,19,1,37,37233,2,1,1,6,FARGES (AVENUE YVES),47.3861517,0.7529175
202000001367,20,5,2020,17,1,37,37122,2,1,1,1,GITONNIERE (RUE DE LA),47.3378294,0.658895
202000001368,20,5,2020,13,1,37,37261,2,1,1,2,FOLLEREAU (RUE RAOUL),47.4251203,0.7015685
202000001369,20,5,2020,7,1,37,37233,2,1,1,-1,DUCLOS (AVENUE JACQUES),47.3789438,0.7210638
202000001370,19,5,2020,12,1,37,37214,2,1,1,2,DE GAULLE (BD CHARLES),47.4281781,0.6516978
202000001371,19,5,2020,15,1,37,37122,2,9,1,-1,REPUBLIQUE (AVENUE DE LA),47.354188,0.6639628
202000001372,19,5,2020,16,1,37,37261,2,9,1,6,BERT (QUAI PAUL),47.4025831,0.7114184
202000001373,20,5,2020,11,1,35,35238,2,3,1,3,MARBAUDAIS (DE LA),48.12659,-1.66277
202000001374,16,5,2020,21,5,35,35238,2,1,1,6,FREVILLE (AVENUE HENRI),48.09106,-1.67488
202000001375,20,5,2020,14,1,34,34172,2,1,1,1,GOSSEC (RUE FRANCOIS-JOSEPH),43.575089,3.858703
202000001376,20,5,2020,18,1,33,33192,2,1,1,6,RUE DU BRANDIER,44.7827,-0.5984
202000001377,20,5,2020,17,1,33,33013,2,1,1,3,121 AVE DE L'EGLISE ROMANE,44.85666,-0.49109
202000001378,20,5,2020,10,1,33,33318,2,2,1,1,AVE DU DOCTEUR NANCEL PENARD / AVE ROGER COHE / AVE ROGER COHE,44.8091,-0.63284
202000001379,20,5,2020,7,1,33,33162,1,1,1,3,AVE DU MEDOC,44.89295,-0.6669
202000001380,7,5,2020,17,1,33,33063,2,3,1,1,RUE DES GENERAUX D/UCHE / RUE PIERRE TREBOD,44.85661,-0.58278
202000001381,19,5,2020,20,1,31,31555,1,1,1,5,VA007495 A62,43.64913,1.43431
202000001382,20,5,2020,13,1,30,30189,2,4,1,6,TEDENAT (RUE),43.83603,4.35643
202000001383,20,5,2020,7,1,30,30007,2,1,1,6,QUINET (RUE EDGAR),44.123735,4.081035
202000001384,20,5,2020,16,1,29,29039,1,1,7,6,D22 - Rue de Melgven,47.87646,-3.89021
202000001385,20,5,2020,8,1,29,29019,2,1,1,3,104 Avenue de l'Ecole Navale,48.3801554,-4.5270558
202000001386,20,5,2020,8,1,29,29019,2,1,1,2,Pont Robert Schumann ,48.3980009,-4.4917313
202000001387,19,5,2020,14,1,22,22278,2,1,1,3,LUZEL,48.5059,-2.7746
202000001388,20,5,2020,15,1,17,17200,2,1,1,7,ROSE AVENUE DU FIEF,46.17867,-1.16754
202000001389,20,5,2020,11,1,17,17300,2,2,1,3,GRANDES VARENNES   AVENUE DES,46.17142,-1.17698
202000001390,20,5,2020,13,1,15,15014,2,2,7,3,PAVATOU (BOULEVARD DU),44.93263,2.44918
202000001391,20,5,2020,17,1,14,14699,1,2,7,5,CD 677,49.35113,0.09293
202000001392,21,5,2020,0,5,13,13208,2,1,1,6,MENDES FRANCE (AVENUE),43.257778,5.376151
202000001393,20,5,2020,19,2,12,12202,2,1,1,1,DOCTEUR LOUIS BONNEFOUS (AVENUE DU),44.34441,2.57339
202000001394,19,5,2020,8,1,12,12202,2,4,1,6,TOULOUSE (AVENUE DE),44.34486,2.56612
202000001395,18,5,2020,9,1,12,12202,2,1,1,6,CHARLES DE GAULLE (PLACE),44.34963,2.57511
202000001396,15,5,2020,10,1,06,06029,2,1,1,6,BORDE (AVENUE DE LA)(BOCCA),43.56702,6.9662
202000001397,20,5,2020,21,5,06,06004,2,1,1,3,VALLAURIS CH.DE,43.5764,7.0974
202000001398,10,5,2020,21,2,01,01283,2,3,1,3,PAIX (RUE DE LA),46.25616,5.65976
202000001399,20,5,2020,18,1,75,75113,2,1,1,2,QUAI D IVRY,48.82304,2.381235
202000001400,20,5,2020,7,1,75,75119,2,1,1,4,PORTE D AUBERVILLIERS,48.900479,2.37528
202000001401,19,5,2020,23,5,75,75113,2,1,1,6,BOULEVARD PERIPHERIQUE INTERIEUR SUD,48.817416,2.354674
202000001402,20,5,2020,20,1,75,75105,2,7,1,6,RUE CENSIER,48.839399,2.350173
202000001403,20,5,2020,11,1,75,75105,2,2,1,6,RUE SAINT JACQUES,48.849581,2.34491
202000001404,19,5,2020,22,5,75,75105,2,3,1,3,BOULEVARD DE PORT ROYAL,48.839249,2.338351
202000001405,20,5,2020,18,1,75,75112,2,1,1,2,COURS DE VINCENNES,48.84795,2.400698
202000001406,20,5,2020,18,1,75,75119,2,1,1,2,RUE DE CRIMEE,48.877495,2.391897
202000001407,20,5,2020,16,1,75,75119,2,1,1,3,QUAI DE L OISE,48.889496,2.381131
202000001408,20,5,2020,17,1,75,75119,2,1,1,6,BOULEVARD MACDONALD,48.898872,2.379324
202000001409,20,5,2020,13,1,75,75118,2,1,1,6,RUE PHILIPPE DE GIRARD,48.888516,2.360627
202000001410,20,5,2020,14,1,75,75117,2,2,1,3,PLACE DU BRESIL,48.884255,2.302688
202000001411,19,5,2020,12,1,75,75116,2,7,1,5,PLACE DE LA PORTE MAILLOT,48.877153,2.283278
202000001412,17,5,2020,13,1,75,75116,2,7,1,3,PLACE CHARLES DE GAULLE,48.873733,2.294071
202000001413,20,9,2020,5,3,93,93066,1,1,1,6,AUTOROUTE A1,48.9289705,2.3601722
202000001414,20,9,2020,0,3,95,95582,1,1,1,2, A15,48.96697,2.25474
202000001415,19,9,2020,19,2,95,95572,1,1,3,4,AUTOROUTE A15,49.03342,2.10533
202000001416,20,9,2020,17,1,94,94028,1,1,1,3,A86 EXT,48.7916209,2.4409774
202000001417,20,9,2020,14,1,77,77059,1,1,1,7,A104,48.8405776,2.6637615
202000001418,20,9,2020,5,3,77,77468,1,1,1,7,A4.W,48.8324869,2.6630188
202000001419,20,9,2020,5,3,77,77384,1,1,1,-1,A5b,48.60463,2.63368
202000001420,19,9,2020,6,3,77,77517,1,1,1,-1,A104.EXT,48.9031392,2.6475279
202000001421,19,9,2020,16,1,974,97411,2,1,1,4,VINH-SAN (BLD 3 DU PRINCE),-20.883,55.4454
202000001422,19,9,2020,11,1,974,97416,1,9,1,3,ANCIENNE RN 1,-21.325,55.4463
202000001423,18,9,2020,20,5,69,69383,2,2,1,6,VENDOME                             (R ),45.76025,4.84667
202000001424,19,9,2020,14,1,971,97120,2,2,1,7,FAIDHERBE (BOULEVARD),16.24098,-61.53521
202000001425,19,9,2020,17,1,91,91687,2,3,1,2,MARGOT (RUE),48.67166,2.37196
202000001426,19,9,2020,22,5,91,91657,2,2,9,3,JULES VERNE (RUE),48.69713,2.4408
202000001427,19,9,2020,14,1,83,83062,1,1,1,3,FABRI DE PEIRESC (AVENUE),43.14164,6.03
202000001428,18,9,2020,15,1,83,83129,2,1,1,6,DE GAULLE (PROMENADE CHARLES),43.1099,5.81281
202000001429,11,9,2020,8,1,83,83129,2,9,1,3,STADE (RUE DU) N° IMPAIRS,43.095175,5.84476
202000001430,18,9,2020,17,1,77,77215,1,1,1,-1,RN4 HORS AGGLOMERATION,48.73533,2.74899
202000001431,19,9,2020,0,5,76,76540,2,1,1,3,RENARD. RUE DU,49.45167,1.06954
202000001432,18,9,2020,14,1,76,76540,2,1,1,2,LYONS. ROUTE DE (BRETELLE C),49.43686,1.12719
202000001433,18,9,2020,11,1,74,74305,2,1,1,3,DEUX MONTAGNES AU QUEBEC (RUE),46.20568,6.28047
202000001434,19,9,2020,22,5,69,69266,2,2,1,3,EDOUARD VAILLANT      (Rue),45.77522,4.88024
202000001435,19,9,2020,21,5,69,69266,2,1,1,6,EMILE ZOLA     (Cours),45.7639087,4.9103341
202000001436,18,9,2020,17,1,69,69290,2,2,1,3,JEAN JAURES                         (AV),45.69723,4.93611
202000001437,19,9,2020,13,1,69,69256,2,1,1,6,JEAN JAURES                         (R ),45.78699,4.93159
202000001438,19,9,2020,13,1,64,64140,2,1,1,7,COTE DU MOULIN,43.51781,-1.46484
202000001439,19,9,2020,17,1,59,59512,2,1,1,3,REPUBLIQUE (BOULEVARD DE LA),50.70222,3.16086
202000001440,19,9,2020,13,1,51,51454,2,1,1,3,Rue Noël,49.257605,4.0277438
202000001441,18,9,2020,17,1,51,51108,2,2,1,3,Rue Jean Jaurès,48.954284,4.3508828
202000001442,19,9,2020,12,1,44,44162,2,6,2,1,RUE DE SAINT NAZAIRE,47.21132,-1.61735
202000001443,20,9,2020,0,5,38,38169,2,2,1,2,Avenue du Vercors,45.19244,5.69844
202000001444,18,9,2020,18,1,33,33522,2,8,1,-1,CRS GAMBETTA / RUE ROGER SALENGRO,44.81562,-0.58664
202000001445,17,9,2020,16,1,28,28085,2,3,1,2,MERMOZ (RUE JEAN),48.4503,1.50923
202000001446,19,9,2020,16,1,17,17333,2,1,1,2,COTE DE BEAUTE (BOULEVARD),45.59758,-0.99256
202000001447,18,9,2020,18,1,17,17306,2,1,1,3,TARTANE (DE LA),45.61903,-1.03057
202000001448,18,9,2020,8,1,14,14715,2,1,1,3,FERNAND MOUREAUX (BOULEVARD),49.36481,0.08241
202000001449,19,9,2020,20,5,13,13214,2,1,1,-1,ARNAVON (AVENUE),43.33,5.382
202000001450,19,9,2020,12,1,13,13205,2,1,1,6,BRIFFAUT (RUE),43.294715,5.395462
202000001451,18,9,2020,11,1,10,10387,2,1,1,2,PIERRE BROSSOLETTE AVENUE,48.292564,4.074128
202000001452,19,9,2020,13,1,75,75119,2,1,1,4,BOULEVARD PERIPHERIQUE,48.900334,2.380785
202000001453,19,9,2020,14,1,75,75117,2,1,1,3,BOULEVARD PERIPHERIQUE,48.90005,2.320884
202000001454,18,9,2020,23,5,75,75105,2,4,1,3,RUE BUFFON,48.843186,2.364158
202000001455,18,9,2020,17,1,75,75105,2,2,1,3,RUE DES CARMES,48.848904,2.347471
202000001456,19,9,2020,2,5,75,75120,2,7,1,3,PLACE DE LA PORTE DE MONTREUIL,48.853912,2.413003
202000001457,19,9,2020,17,1,75,75119,2,4,1,7,AVENUE DE LA PORTE DE PANTIN,48.889723,2.396672
202000001458,19,9,2020,19,5,75,75118,2,3,1,5,RUE ORDENER,48.89087,2.35326
202000001459,19,9,2020,19,5,75,75117,2,2,3,7,RUE GUY MOQUET,48.891511,2.320329
202000001460,19,9,2020,16,1,75,75116,2,1,1,3,AVENUE DE LA PORTE DE SAINT CLOUD,48.838568,2.252683
202000001461,19,9,2020,2,5,75,75116,2,3,1,2,AVENUE DU PRESIDENT KENNEDY,48.855826,2.285247
202000001462,19,9,2020,22,5,75,75113,2,1,1,2,AVENUE D ITALIE,48.829891,2.356121
202000001463,19,9,2020,16,1,75,75111,2,1,1,6,AVENUE DU TRONE,48.84844,2.397814
202000001464,19,9,2020,3,5,75,75107,2,7,1,6,PLACE JACQUES RUEFF,48.855721,2.297678
202000001465,18,9,2020,12,1,75,75107,2,2,1,2,BOULEVARD SAINT GERMAIN,48.855604,2.326864
202000001466,19,9,2020,18,1,94,94081,2,3,2,3,FUSILLES (R DES),48.78792,2.42075
202000001467,18,9,2020,23,5,94,94080,2,1,1,2,MINIMES (AV DES),48.8416,2.4298
202000001468,19,9,2020,15,1,94,94068,2,2,1,3,GUYNEMER (AV),48.7890801,2.4860622
202000001469,19,9,2020,13,1,94,94068,2,2,1,3,DIDEROT (AV),48.802337,2.489062
202000001470,19,9,2020,20,5,94,94016,2,1,3,6,CAMILLE DESMOULINS (R),48.79269,2.33304
202000001471,19,9,2020,16,1,94,94076,2,2,1,5,KARL MARX (AV),48.78442,2.36221
202000001472,19,9,2020,21,5,94,94041,2,2,2,7,PIERRE ET MARIE CURIE (R),48.814824,2.37464
202000001473,18,9,2020,23,5,94,94041,2,3,1,1,GASTON PICARD (R),48.810501,2.37595
202000001474,19,9,2020,20,5,94,94017,2,1,1,2,ANATOLE FRANCE (R),48.81699,2.546382
202000001475,19,9,2020,17,1,94,94002,2,5,1,3,BLANQUI (QU),48.79823,2.42049
202000001476,19,9,2020,4,5,93,93053,2,1,1,2,PARIS (RUE DE),48.9004,2.4524
202000001477,19,9,2020,13,1,93,93051,2,9,1,7,MEDERIC (AVENUE),48.8292667,2.5663794
202000001478,19,9,2020,19,1,93,93049,2,2,1,3,AV GEORGES CLEMENCEAU / R PAUL VAILLANT COUTURIER,48.86149,2.504
202000001479,18,9,2020,22,5,93,93049,2,5,1,3,GALLIENI (BOULEVARD),48.85245,2.51181
202000001480,19,9,2020,18,1,93,93029,2,2,1,1,SADI CARNOT,48.9250951,2.4412935
202000001481,19,9,2020,19,2,93,93027,2,1,3,3,VAILLANT-COUTURIER (AVENUE PAUL),48.92653,2.41675
202000001482,19,9,2020,12,1,93,93008,2,2,1,3,R DE LA REPUBLIQUE / R DE LA DEVIATION,48.9066,2.43331
202000001483,19,9,2020,18,1,93,93001,2,1,1,6,ANATOLE FRANCE  (BLD) IMPAIR,48.9186604,2.3824173
202000001484,19,9,2020,20,5,92,92075,2,4,2,3,PASTEUR (AVENUE),48.823858,2.292993
202000001485,19,9,2020,8,1,92,92050,2,3,1,3,VAILLANT COUTURIER PAUL RUE,48.88253,2.20444
202000001486,19,9,2020,15,1,92,92036,2,1,1,7,LOUIS ROCHE (AVENUE) (47/151),48.921961,2.323893
202000001487,19,9,2020,0,5,92,92036,2,2,1,7,LUCIEN LANTERNIER (AVENUE) (1/17),48.933154,2.294139
202000001488,19,9,2020,11,1,92,92026,2,1,1,6,JEAN-PIERRE TIMBAUD,48.898299,2.252987
202000001489,19,9,2020,23,5,92,92025,2,1,2,3,GABRIEL PERI (RUE),48.91982,2.242398
202000001490,19,9,2020,3,5,92,92012,2,1,1,7,ANATOLE FRANCE (BOULEVARD) 5/FIN,48.8513676,2.2331429
202000001491,20,9,2020,15,1,22,22274,1,1,1,2,rd 26 montmusson,48.3579933,-2.0067805
202000001492,19,9,2020,16,1,51,51649,2,2,1,7,Rue du Pont,48.7265254,4.5834177
202000001493,19,9,2020,18,1,95,95229,2,1,1,6,45 Grande Rue,49.032369,2.358609
202000001494,4,8,2020,17,1,22,22049,1,8,1,3,D28,48.5258754,-2.1923639
202000001495,17,9,2020,18,1,34,34243,1,1,1,2,D108,43.917557,3.78067
202000001496,19,9,2020,13,1,18,18241,1,1,1,6,D923,47.318054,2.810011
202000001497,20,9,2020,0,3,41,41046,1,1,5,6,A71,47.605277,1.971446
202000001498,19,9,2020,17,1,86,86236,1,1,3,7,D5,46.672996,0.862939
202000001499,18,9,2020,17,1,58,58086,2,1,1,3,Avenue du Marechal Leclerc,47.419435,2.928945
202000001500,19,9,2020,17,1,974,97413,1,1,1,2,N1a,-21.231689,55.296487
202000001501,19,9,2020,13,1,61,61264,1,1,1,7,A28,48.724958,0.261698
202000001502,18,9,2020,16,1,57,57527,1,1,7,5,D955,49.039978,6.260362
202000001503,19,9,2020,13,1,57,57617,2,3,1,3,Rue du Reverend Pere Vincent,48.929136,6.241339
202000001504,20,9,2020,15,1,19,19019,1,1,1,3,D940,44.987021,1.823623
202000001505,20,9,2020,2,3,2B,2B050,1,1,1,6,La Vigna,42.553302,8.789749
202000001506,19,9,2020,23,5,80,80162,2,1,1,6,45 Rue Maurice Seigneurgens,49.815236,2.652243
202000001507,19,9,2020,18,1,11,11371,1,1,1,7,D15,43.2920602,1.796844
202000001508,20,9,2020,6,3,71,71546,1,1,5,3,D987,46.3258495,4.522729
202000001509,19,9,2020,15,1,89,89431,1,1,1,6,D101,47.558425,4.170057
202000001510,19,9,2020,19,2,63,63295,2,1,1,3,9 Allée du Mail,46.019272,3.356624
202000001511,20,9,2020,16,1,76,76711,2,4,1,3,Avenue Charles Gounod,50.058389,1.376376
202000001512,19,9,2020,16,1,76,76255,2,1,1,3,D1314,50.038916,1.423491
202000001513,18,9,2020,22,3,55,55291,1,1,1,7,Chemin du Stade,48.689785,5.31601
202000001514,20,9,2020,10,1,39,39561,1,1,1,6,,46.412056,5.727162
202000001515,19,9,2020,0,5,25,25254,2,1,1,6,29 Grande Rue,46.835521,6.400132
202000001516,19,9,2020,16,1,25,25197,2,1,1,6,Grande Rue,47.296087,6.204132
202000001517,19,9,2020,3,3,44,44178,1,1,1,6,15 La Berderie,47.078061,-1.747765
202000001518,18,8,2020,23,3,29,29300,1,1,2,6,N165 - Lieu Dit Kergaor,47.8751738,-3.6156201
202000001519,19,9,2020,21,3,29,29056,1,1,8,7,Lieu-dit Queff Du,48.445387,-4.300418
202000001520,19,9,2020,12,1,02,02810,1,1,1,3,Chemin Rural de Coyolles,49.253244,3.067916
202000001521,20,9,2020,8,1,03,03230,1,1,8,6,,46.1875319,3.5266824
202000001522,19,9,2020,21,3,03,03245,1,1,1,7,18 Lieu Dit l'Ardiller,46.6654499,3.6378393
202000001523,19,9,2020,20,2,70,70428,2,1,1,7,ZAC de l'Oasis,47.645571,6.140671
202000001524,15,9,2020,12,1,66,66187,1,1,1,7,d117,42.815284,2.526383
202000001525,20,9,2020,10,1,72,72149,1,1,1,3,la frippière,48.010339,-0.22596
202000001526,19,9,2020,17,1,14,14353,1,1,2,6,D8,49.0797118,-0.5562467
202000001527,17,8,2020,19,1,64,64235,2,1,1,1,Route de Navarre,43.3419411,-1.0611406
202000001528,20,9,2020,19,1,64,64155,1,1,1,6,RD 933,43.17445,-1.183863
202000001529,20,9,2020,18,1,64,64495,1,1,1,1,D4,43.297339,-1.50753
202000001530,19,9,2020,20,3,53,53036,1,2,1,3,Le Cotillon Rouge,47.903732,-0.534564
202000001531,19,9,2020,9,1,04,04204,1,1,2,7,RD 4085,43.9154986,6.4089462
202000001532,19,9,2020,18,1,04,04079,2,1,1,6,VC Route Napoléon,44.082924,6.021573
202000001533,20,9,2020,6,4,85,85307,2,2,1,3,6 Rue Pasteur,46.33259,-1.319485
202000001534,20,9,2020,7,2,52,52232,1,1,1,6,D2,48.297825,4.96317
202000001535,19,9,2020,9,1,88,88442,1,1,1,7,voie communale ,48.034654,6.795838
202000001536,20,9,2020,16,1,80,80131,1,1,1,6,A29,49.859083,2.396715
202000001537,19,9,2020,13,1,49,49180,1,1,1,6,A85 pk 27.633,47.39893,-0.11673
202000001538,18,9,2020,13,1,40,40261,1,1,1,2,A63,43.721502,-1.227642
202000001539,19,9,2020,12,1,973,97309,2,1,1,1,Rue des Kikiwis,4.883887,-52.279671
202000001540,19,9,2020,23,5,69,69244,2,3,1,2,Rue François Mermet,45.75896,4.769096
202000001541,20,9,2020,10,1,33,33284,1,1,1,3,A660,44.63105,-0.91605
202000001542,20,9,2020,6,2,51,51211,1,1,1,7,A4,49.0772026,4.8295321
202000001543,20,9,2020,17,1,83,83023,1,1,1,1,Chemin de Beouvese,43.417346,6.06293
202000001544,20,9,2020,0,3,973,97305,1,1,1,5,N1,5.069656,-52.541814
202000001545,20,9,2020,2,3,973,97305,1,1,1,5,N1,4.923476,-52.388338
202000001546,11,9,2020,17,1,13,13088,1,1,1,6,d568,43.366842,5.234642
202000001547,20,9,2020,10,1,77,77257,1,3,1,-1,D147,49.043818,3.020918
202000001548,20,9,2020,13,1,66,66180,2,3,1,3,17 Avenue du Marechal Joffre,42.772834,2.984837
202000001549,19,9,2020,20,3,34,34311,1,1,3,6,Route Nationale 9,43.44379,3.398659
202000001550,19,9,2020,15,1,83,83138,1,1,8,3,D19,43.617374,6.700957
202000001551,19,9,2020,18,1,06,06157,2,1,1,6,Route de Saint-jeannet,43.736393,7.125708
202000001552,19,9,2020,16,1,13,13081,1,1,1,3,N Rd 113,43.511725,5.204151
202000001553,20,9,2020,11,1,88,88078,1,3,1,6,Chemin des Sables,48.222489,6.718354
202000001554,31,7,2020,17,1,73,73258,1,1,1,2,D1006,45.223687,6.450788
202000001555,20,9,2020,1,3,26,26085,1,1,2,6,539 Chemin du Bros,44.513324,4.744431
202000001556,20,9,2020,15,1,01,01255,2,2,1,3,Route de Flevieu,45.794459,5.461809
202000001557,19,9,2020,23,3,69,69110,1,1,2,6,Lieu dit Choules,45.624213,4.497115
202000001558,20,9,2020,17,1,60,60612,2,1,1,5,Cours Thore Montmorency,49.208731,2.5861
202000001559,19,9,2020,21,5,02,02495,1,2,1,3,2 Rue de Quiquengrogne,49.959931,4.013271
202000001560,18,9,2020,7,2,13,13015,1,1,1,2,A51-Sens Aix en Provence vers Marseille,43.43004,5.3908
202000001561,16,9,2020,11,1,57,57672,1,1,1,2,Autoroute A31,49.3482,6.1645
202000001562,19,9,2020,19,1,91,91182,1,1,3,4,AUTOROUTE A6,48.6227,2.4217
202000001563,18,9,2020,23,3,91,91136,1,1,1,2,AUTOROUTE A10,48.71717,2.26385
202000001564,19,9,2020,20,4,92,92050,1,1,2,4,A86,48.9157716,2.2208185
202000001565,19,9,2020,18,1,92,92036,1,1,2,7,A86,48.9385824,2.3027274
202000001566,19,9,2020,2,4,92,92050,1,1,1,2,A86,48.89329,2.18799
202000001567,19,9,2020,2,4,92,92050,1,1,1,6,A86,48.89329,2.18799
202000001568,19,9,2020,2,5,78,78158,1,1,1,6,A13,48.83131,2.1461
202000001569,18,9,2020,19,2,93,93010,1,1,1,-1,AUTOROUTE A3,48.90567,2.47214
202000001570,19,9,2020,0,3,95,95061,1,1,1,6,RN 104,49.06826,2.25331
202000001571,18,9,2020,19,1,95,95572,1,1,1,4, A15,49.03199,2.11556
202000001572,18,9,2020,17,1,93,93053,1,1,1,4,AUTOROUTE A103,48.88383,2.46932
202000001573,18,9,2020,9,1,93,93066,1,1,1,2,AUTOROUTE A86,48.92235,2.35848
202000001574,18,9,2020,21,5,75,75112,1,1,1,6,A4,48.8257,2.46474
202000001575,19,7,2020,13,1,64,64102,2,3,1,3,BAB (Boulevard),43.49071,-1.48314
202000001576,9,7,2020,14,1,13,13002,1,1,1,7,DES TERMES (ROUTE) RD 908,43.36823,5.50266
202000001577,18,9,2020,9,1,974,97411,2,3,1,-1,BERTIN,-20.88793,55.45346
202000001578,16,9,2020,7,2,974,97411,2,1,1,6,BOUVET,-20.887,55.483
202000001579,8,8,2020,20,5,973,97302,2,9,1,3,TIGRE (ROUTE DU),4.91827,-52.3152208
202000001580,18,9,2020,15,1,69,69388,2,2,1,3,AMBROISE PARE                       (BD),45.7373262,4.8842138
202000001581,18,9,2020,14,1,69,69199,2,1,1,3,JEAN JAURES                         (AV),45.7129,4.8551
202000001582,18,9,2020,13,1,69,69387,2,1,1,6,TONY GARNIER                        (AV),45.726509,4.8292087
202000001583,18,9,2020,13,1,69,69387,2,2,1,7,YVES FARGES                         (BD),45.7389415,4.8303968
202000001584,18,9,2020,12,1,69,69388,2,1,1,3,EPARGNE (DE L')                     (R ),45.74485,4.85155
202000001585,18,9,2020,9,1,69,69259,2,1,1,3,FRANCIS DE PRESSENSE                (AV),45.72585,4.86314
202000001586,18,9,2020,8,1,69,69384,2,1,1,2,PHILIPPE DE LASSALLE                (R ),45.7836025,4.820818
202000001587,18,9,2020,5,5,69,69081,2,1,1,7,VALVERT                                 ,45.77168,4.78787
202000001588,17,9,2020,11,1,69,69034,2,1,1,6,FRANCOIS PEISSEL                    (R ),45.7965233,4.8425862
202000001589,18,9,2020,16,1,91,91687,2,2,1,6,DUPARCHY (RUE),48.6741,2.36571