Num_Acc,jour,mois,an,hr,condition_eclairage,departement,commune,condition_agglomeration,intersection,condition_atmosphere,type_collision,adresse,lattitude,longitude
202000001590,18,9,2020,11,1,91,91286,2,1,1,3,GUSTAVE EIFFEL (RUE),48.67004,2.39556
202000001591,17,9,2020,18,1,87,87085,2,2,1,3,BEL AIR (BOULEVARD DE),45.8215,1.2457
202000001592,16,9,2020,11,1,87,87048,1,1,1,7,NEXON (ROUTE DE),45.78023,1.22185
202000001593,17,9,2020,10,1,87,87085,2,1,1,3,CURIE  (RUE PIERRE ET MARIE),45.82024,1.24504
202000001594,12,9,2020,23,3,84,84087,2,1,1,6,JONQUIERES (ROUTE DE),44.1227,4.835
202000001595,17,9,2020,9,1,83,83050,1,1,1,3,RD 54,43.5226687,6.5252084
202000001596,18,9,2020,13,1,81,81065,2,1,1,3,Chemin de Tournemire,43.6232268,2.283661
202000001597,17,9,2020,8,1,80,80021,2,1,1,2,POULAINVILLE (RUE DE),49.93331,2.27885
202000001598,17,9,2020,22,5,80,80021,2,3,1,1,VULFRAN WARME (RUE),49.88882,2.30697
202000001599,18,9,2020,19,1,78,78498,2,1,1,3,MALADRERIE AV DE LA,48.919667,2.029353
202000001600,18,9,2020,18,1,77,77294,2,1,1,6,EVREUX (RUE D'),48.962091,2.59141
202000001601,18,9,2020,13,1,77,77468,2,1,1,6,LEON BLUM (RUE),48.84034,2.65527
202000001602,18,9,2020,12,1,77,77269,1,2,1,3,D.408,48.54248,2.70411
202000001603,18,9,2020,15,1,77,77237,1,3,1,1,GONDOIRE (COURS DE LA),48.84975,2.768383
202000001604,18,9,2020,14,1,77,77186,1,1,1,6,RD 409 panneau ONF à LIBERATION,48.4157896,2.6249502
202000001605,17,9,2020,15,1,77,77186,2,2,7,3,ANDRE MAGINOT (BOULEVARD),48.4067293,2.6884689
202000001606,17,9,2020,14,1,76,76108,2,1,1,3,JUIN. AVENUE DU MARECHAL,49.46354,1.1172
202000001607,17,9,2020,17,1,76,76498,2,1,1,-1,JAURES. AVENUE JEAN,49.42747,1.06676
202000001608,17,9,2020,13,1,76,76366,2,1,1,1,FRESQUIENNES. ROUTE DE (CD 124),49.51072,1.0329
202000001609,16,9,2020,19,2,76,76366,2,3,1,7,SAINT JEAN. ROUTE DE,49.51011,1.03158
202000001610,23,6,2020,20,1,45,45298,2,3,1,3,ROUTE DE SAINT MESMIN - Rue Hatton,47.884738,1.878332
202000001611,23,6,2020,10,1,45,45234,2,2,1,1,Boulevard de Chateaudun - rue des murlins,47.9141193,1.8957877
202000001612,13,3,2020,14,1,42,42218,2,1,1,1,Chemin Crx de l'Orme Béraudière,45.40909,4.37823
202000001613,23,6,2020,10,1,35,35238,2,1,1,4,133 Rue de Lorient,48.1071,-1.7196
202000001614,19,6,2020,17,1,34,34032,2,2,1,3,MISTRAL FREDERIC (BD),43.3449,3.21996
202000001615,23,6,2020,13,1,33,33069,2,3,1,1,RUE COUDOL / AVE DE TIVOLI,44.8665946,-0.5958238
202000001616,20,6,2020,23,3,33,33529,1,1,1,6,BISCAROSSE (AVE) DUNE VERS BISCA,44.495194,-1.235851
202000001617,23,6,2020,13,1,32,32013,2,1,1,7,BATAILLE (CHEMIN DE),43.6626,0.5888
202000001618,23,6,2020,12,1,31,31555,1,4,1,3,VA007495 A62,43.65295,1.42929
202000001619,23,6,2020,8,1,31,31555,1,9,1,4,30 PONTS JUMEAUX  (PERIPH OUEST A620),43.6063,1.4061
202000001620,20,6,2020,0,5,31,31555,2,3,1,3,AV JEAN CHAUBET,43.6043,1.47433
202000001621,19,6,2020,8,1,30,30028,2,1,1,3,VINCENT AURIOL (AVENUE),44.155573,4.616684
202000001622,23,6,2020,8,1,28,28085,1,3,1,3,FRESNAY (RUE DE),48.46309,1.47275
202000001623,18,6,2020,19,1,27,27229,2,1,1,6,FER A CHEVAL (RUE DU),49.02913,1.16903
202000001624,22,6,2020,5,5,24,24322,2,2,1,3,SAUMANDE (BOULEVARD GEORGES),45.1837,0.72444
202000001625,22,6,2020,10,1,23,23096,2,2,1,3,BERRY (AVENUE DU),46.1756,1.8745
202000001626,20,6,2020,11,1,21,21166,2,3,1,3,92 Rue Maxime Guillot,47.29953,5.01565
202000001627,23,6,2020,11,1,17,17028,2,1,1,3,SALENGRO   AVENUE ROGER,46.13949,-1.13154
202000001628,23,6,2020,19,1,13,13211,2,1,1,3,MIREILLE LAUZE (Bd),43.287,5.4333
202000001629,23,6,2020,16,1,13,13206,2,2,1,3,EDOUARD PONS (RUE),43.28864,5.38841
202000001630,23,6,2020,9,1,13,13213,2,1,1,6,CHATEAU GOMBERT CHEMIN,43.345104,5.423716
202000001631,19,6,2020,11,1,13,13212,2,1,1,3,SAINT PIERRE (RUE),43.291538,5.416089
202000001632,23,6,2020,9,1,13,13209,2,3,1,6,LALI (RUE),43.246092,5.404044
202000001633,22,6,2020,6,1,13,13210,2,1,1,7,RABATAU (BOULEVARD),43.276326,5.39731
202000001634,23,6,2020,22,3,13,13047,1,1,1,3,FOS (ROUTE DE) - RN 569,43.4897,4.9665
202000001635,22,6,2020,18,1,06,06069,2,1,1,6,POUOST (RUE DE LA),43.65906,6.92517
202000001636,23,6,2020,20,1,06,06004,2,1,1,6,VERDUN AV.DE,43.5839,7.12568
202000001637,23,6,2020,9,1,75,75119,2,1,1,3,BOULEVARD PERIPHERIQUE,48.897213,2.394354
202000001638,23,6,2020,14,1,75,75113,2,3,1,6,AVENUE DE LA PORTE D IVRY,48.821014,2.370336
202000001639,23,6,2020,11,1,75,75120,2,2,1,2,AVENUE IBSEN,48.865519,2.411708
202000001640,23,6,2020,11,1,75,75120,2,1,1,3,RUE REYNALDO HAHN,48.850266,2.412093
202000001641,23,6,2020,6,1,75,75120,2,7,1,7,PLACE GAMBETTA,48.864758,2.398336
202000001642,23,6,2020,16,1,75,75118,2,4,1,3,BOULEVARD NEY,48.897677,2.334589
202000001643,23,6,2020,11,1,75,75118,2,5,1,3,BOULEVARD NEY,48.897545,2.32896
202000001644,23,6,2020,11,1,75,75116,2,4,1,3,BOULEVARD SUCHET,48.862017,2.267767
202000001645,22,6,2020,8,1,75,75116,2,2,1,6,ROUTE DE SURESNES,48.865046,2.234453
202000001646,23,6,2020,15,1,75,75115,2,2,1,3,RUE BRANCION,48.832127,2.302981
202000001647,23,6,2020,8,1,75,75115,2,7,1,2,PLACE DES INSURGES DE VARSOVIE,48.827777,2.292426
202000001648,22,6,2020,18,1,75,75115,2,2,1,3,RUE DE L ARRIVEE,48.844184,2.322901
202000001649,22,6,2020,19,2,75,75115,2,2,1,3,QUAI DE GRENELLE,48.854418,2.288672
202000001650,23,6,2020,14,1,75,75113,2,2,1,6,AVENUE D ITALIE,48.826186,2.35726
202000001651,23,6,2020,8,1,75,75112,2,1,1,7,RUE DE CHARENTON,48.834708,2.393454
202000001652,23,6,2020,20,1,75,75111,2,2,1,3,AVENUE DE LA REPUBLIQUE,48.866343,2.368853
202000001653,23,6,2020,11,1,75,75111,2,1,1,6,BOULEVARD DE CHARONNE,48.857175,2.392951
202000001654,23,6,2020,15,1,75,75110,2,5,7,3,BOULEVARD DE MAGENTA,48.874793,2.357431
202000001655,22,6,2020,10,1,75,75104,2,2,1,3,QUAI DU MARCHE NEUF,48.854344,2.344912
202000001656,23,6,2020,21,1,75,75108,2,2,1,3,RUE LA BOETIE,48.873692,2.314469
202000001657,22,6,2020,23,5,75,75108,2,1,1,6,COURS ALBERT 1ER,48.864878,2.30876
202000001658,23,6,2020,16,1,75,75115,2,3,1,3,AVENUE DE SUFFREN,48.852799,2.298358
202000001659,23,6,2020,12,1,75,75107,2,1,1,6,AVENUE BOSQUET,48.858468,2.303668
202000001660,23,6,2020,16,1,75,75101,2,2,1,6,RUE DE RIVOLI,48.863729,2.33224
202000001661,21,6,2020,14,1,75,75102,2,2,8,3,BOULEVARD DE SEBASTOPOL,48.869329,2.354257
202000001662,23,6,2020,10,1,94,94068,2,6,1,3,8 MAI 1945 (CARR DU),48.8022,2.49229
202000001663,23,6,2020,8,1,94,94046,2,1,1,6,REPUBLIQUE (AV DE LA),48.8051,2.439308
202000001664,23,6,2020,11,1,94,94037,2,1,1,7,GALLIENI (AV),48.8175,2.3534
202000001665,22,6,2020,20,1,94,94043,2,1,1,6,FONTAINEBLEAU (AV DE),48.80956,2.36241
202000001666,22,6,2020,9,1,94,94041,2,1,1,3,MAURICE GUNSBOURG (R),48.8111,2.401
202000001667,23,6,2020,19,1,94,94054,1,1,1,3,BAS MARIN (R DU),48.7496344,2.3893052
202000001668,22,6,2020,18,1,94,94019,2,6,1,3,ARISTIDE BRIAND (R),48.799031,2.534039
202000001669,23,6,2020,7,1,93,93059,2,9,1,3,EMILE ZOLA (AVENUE),48.9482,2.3629
202000001670,22,6,2020,14,1,93,93070,2,1,1,-1,RASPAIL(RUE),48.9045075,2.3296673
202000001671,23,6,2020,15,1,93,93066,2,1,1,2,ROGER SALENGRO AVENUE,48.94301,2.38738
202000001672,23,6,2020,18,1,93,93062,2,1,1,3,RESISTANCE (AVENUE DE LA),48.8963672,2.5148799
202000001673,22,6,2020,23,5,93,93048,2,1,1,1,PARIS (RUE DE),48.8556356,2.4225549
202000001674,23,6,2020,1,5,93,93031,2,1,1,6,AV DE LATTRE DE TASSIGNY (1 A 51),48.9595818,2.3037882
202000001675,22,6,2020,17,1,93,93031,2,6,1,1,JOFFRE (AVENUE),48.9616381,2.2949499
202000001676,23,6,2020,11,1,93,93007,2,3,1,3,"""HENRI BARBUSSE (AVENUE """"DU 81 AU 141""""",48.9407781,2.4631118
202000001677,22,6,2020,13,1,93,93007,2,3,1,5,"""PAUL VAILLANT COUTURIER (AVENUE """"DU 01",48.92692,2.47214
202000001678,23,6,2020,15,1,93,93001,2,1,1,6,AV DU PRESIDENT ROOSEVELT,48.9167821,2.3798855
202000001679,23,6,2020,14,1,92,92049,2,2,7,3,BROSSOLETTE AVENUE PIERRE,48.8181434,2.3084995
202000001680,23,6,2020,12,1,92,92048,2,3,1,3,GARDES (ROUTE DES) N° 2 A 12,48.818988,2.242551
202000001681,22,6,2020,16,1,92,92036,2,1,1,2,LAURENT CELY (AVENUE) (1/143),48.918364,2.307144
202000001682,23,6,2020,12,1,92,92026,2,2,1,6,BEZONS (DE 23 A FIN),48.8959436,2.2489788
202000001683,23,6,2020,14,1,2A,2A212,1,1,1,7,D824,42.239511,8.611693
202000001684,23,6,2020,18,1,66,66190,1,1,1,6,Autoroute A9 PK 231,42.845388,2.921677
202000001685,23,6,2020,19,1,83,83023,1,1,1,5,A8,43.418577,6.086855
202000001686,24,6,2020,7,1,974,97404,1,1,1,1,Avenue Octave Bénard,-21.276643,55.337561
202000001687,24,6,2020,13,1,38,38383,1,1,1,6,Route de Voiron,45.36758,5.63335
202000001688,23,6,2020,13,1,83,83031,1,1,1,7,D17,43.430951,6.328865
202000001689,23,6,2020,7,1,19,19031,1,1,1,6,La Rebeyrotte,45.159324,1.533056
202000001690,24,6,2020,9,1,56,56017,1,2,1,6,Rue Pierre Guillemot,47.873796,-2.767873
202000001691,24,6,2020,16,1,79,79329,1,3,1,1,,47.009012,-0.2575
202000001692,24,6,2020,10,1,80,80212,2,1,1,6,19 Rue du Rempart des Poissonnier,49.907488,2.514845
202000001693,24,6,2020,13,1,61,61269,1,1,1,1,D224,48.842972,-0.437114
202000001694,23,6,2020,17,1,49,49345,1,1,1,7,Le Petit Pineau,47.2708711,-0.5819631
202000001695,10,6,2020,13,1,49,49050,1,1,8,1,D176,47.276448,-0.380766
202000001696,24,6,2020,12,1,34,34130,1,3,1,3,Avenue de Beziers,43.520929,3.18891
202000001697,23,6,2020,18,1,22,22152,1,2,1,3,Le Quillio,48.766377,-3.27877
202000001698,23,6,2020,18,1,25,25329,1,3,1,3,D20,47.187179,6.627658
202000001699,24,6,2020,9,1,31,31451,2,1,1,6,19 Boulevard de la République,43.459945,2.003233
202000001700,24,6,2020,19,1,58,58095,2,1,1,3,14 Route des Feuillats,46.81766,3.454997
202000001701,23,6,2020,13,1,14,14230,1,1,1,2,D16,49.251339,0.104056
202000001702,23,6,2020,15,1,18,18197,2,1,1,2,128 Avenue du Tour de France,46.72141,2.525514
202000001703,23,6,2020,16,1,53,53226,1,1,1,6,Le Poirier,48.222745,-0.936944
202000001704,23,6,2020,16,1,85,85026,1,1,1,1,La Landette,46.56288,-1.45078
202000001705,22,6,2020,17,1,85,85005,1,2,1,3,La Chenelière,46.61872,-0.781939
202000001706,24,6,2020,12,1,28,28290,1,4,1,1,D131,48.402883,1.28271
202000001707,5,6,2020,12,1,17,17186,1,1,1,7,RD 113,46.180212,-0.8811139
202000001708,24,6,2020,15,1,30,30336,1,1,1,6,D2,43.864145,4.618764
202000001709,23,6,2020,16,1,30,30237,1,1,1,3,D904,44.274305,4.199068
202000001710,24,6,2020,16,1,49,49194,1,1,1,7,D61,47.4911528,-0.2751116
202000001711,23,6,2020,18,1,01,01067,1,1,1,3,A40,46.112567,5.47914
202000001712,22,6,2020,7,1,27,27036,1,2,1,3,"Route Nationale 12, PK 022.300",48.743257,0.971668
202000001713,16,6,2020,17,1,976,97605,1,1,2,1,"CCD7, route de sohoa",-12.81925,45.109134
202000001714,23,6,2020,13,1,77,77191,1,1,1,3,17 Route de Nangis - D408,48.55616,2.957798
202000001715,24,6,2020,13,1,95,95535,1,1,1,5,D28,49.050175,1.956489
202000001716,16,6,2020,16,1,06,06028,1,1,3,1,Route de la Plaine de Caille,43.781124,6.760824
202000001717,24,6,2020,10,1,13,13042,1,1,1,1,D2,43.312829,5.666199
202000001718,24,6,2020,6,1,67,67295,1,1,7,2,RD62,48.392624,7.45417
202000001719,23,6,2020,21,1,73,73006,1,1,1,1,N90,45.550128,6.625606
202000001720,23,6,2020,17,1,42,42147,2,6,1,3,Rue de Beauregard,45.609125,4.054867
202000001721,22,6,2020,14,1,38,38085,2,6,1,3,Route de Lyon,45.749734,5.166176
202000001722,23,6,2020,16,1,69,69206,1,1,1,7,D20,46.0732346,4.7449964
202000001723,24,6,2020,8,1,69,69203,1,1,1,7,Route de Duerne,45.692092,4.503107
202000001724,23,6,2020,14,1,09,09268,1,6,7,3,route de toulouse,43.005192,1.126957
202000001725,24,6,2020,16,1,60,60079,1,2,1,3,D922,49.147664,2.871754
202000001726,23,6,2020,16,1,13,13033,1,1,1,4,A55-Sens Marseille vers Martigues,43.3734,5.1922
202000001727,23,6,2020,17,1,13,13211,1,1,1,4,A50-Sens Marseille vers Aubagne,43.29224,5.45339
202000001728,23,6,2020,16,1,13,13202,1,1,1,6,A55-Sens Marseille vers Martigues,43.323878,5.362914
202000001729,18,6,2020,6,1,13,13005,1,1,1,7,A52-Sens Toulon vers Pont de l'Etoile,43.31968,5.592642
202000001730,23,6,2020,12,1,13,13215,1,1,1,3,A7-Sens Marseille vers Lyon,43.370368,5.361157
202000001731,22,6,2020,14,1,13,13005,1,1,1,2,A50-Sens Marseille vers Aubagne,43.2875,5.5436
202000001732,22,6,2020,7,1,83,83137,1,1,2,2,A57,43.1322559,5.9815594
202000001733,22,6,2020,19,1,69,69259,1,1,1,3,RD 383,45.72198,4.88652
202000001734,23,6,2020,5,3,33,33366,1,1,1,6,AUTOROUTE A 10,44.98304,-0.42872
202000001735,22,6,2020,7,1,59,59569,1,1,1,3,AUTOROUTE A21,50.381103,3.139242
202000001736,23,6,2020,18,1,94,94037,1,1,1,3,AUTOROUTE A6B,48.8159951,2.3568556
202000001737,23,6,2020,17,1,91,91103,1,1,1,2,RN 104,48.6242,2.2992
202000001738,23,6,2020,15,1,91,91589,1,1,1,3,AUTOROUTE A6,48.6793,2.3342001
202000001739,22,6,2020,23,5,94,94038,1,1,1,7,AUTOROUTE A6B,48.78689,2.34503
202000001740,23,6,2020,13,1,78,78133,1,1,1,2,A13,48.893853,2.008026
202000001741,22,6,2020,8,1,78,78043,1,1,1,6,A12 Y,48.834181,2.086155
202000001742,22,6,2020,18,1,95,95018,1,1,1,2, A15,48.95675,2.27697
202000001743,23,6,2020,18,1,94,94081,1,1,1,2,A86 INT,48.77458,2.41078
202000001744,23,6,2020,18,1,94,94028,1,1,1,2,RN406.W,48.77613,2.4352
202000001745,23,6,2020,16,1,94,94028,1,1,1,3,A86 EXT,48.77631,2.43635
202000001746,23,6,2020,3,3,77,77122,1,1,8,7,RN104,48.6463534,2.5931423
202000001747,22,6,2020,18,1,94,94017,1,1,1,7,A4,48.8301974,2.4942611
202000001748,22,6,2020,17,1,77,77373,1,1,1,2,RN104,48.7896238,2.6178744
202000001749,21,6,2020,23,5,974,97411,2,3,1,7, Boulevard Notre Dame de la Trinité,-20.89304,55.4662
202000001750,22,6,2020,0,3,974,97407,2,6,1,7,ROND POINT DE LA GLACIERE,-20.93379,55.29197
202000001751,22,6,2020,17,1,69,69383,2,1,1,3,ROCKEFELLER                         (AV),45.74113,4.88595
202000001752,22,6,2020,11,1,69,69276,2,1,1,2,VENISSIEUX (DE)                         ,45.67952,4.86436
202000001753,22,6,2020,12,1,69,69149,2,2,7,3,EMILE ZOLA                          (BD),45.71967,4.80194
202000001754,21,6,2020,21,3,971,97101,1,1,1,3,PERRIN,16.29011,-61.51139
202000001755,21,6,2020,7,1,971,97101,1,1,1,6,RN1 ROCADE DE CHAUVEL,16.2430789,-61.5227067
202000001756,22,6,2020,9,1,91,91201,2,1,1,-1,HENRI BARBUSSE(BOULEVARD),48.67645,2.41105
202000001757,20,6,2020,17,1,87,87085,2,1,1,6,GAY-LUSSAC (COURS),45.83576,1.26275
202000001758,19,6,2020,18,1,87,87085,2,1,1,6,POMPIDOU (AVENUE GEORGES),45.81914,1.26516
202000001759,19,6,2020,13,1,87,87085,2,1,1,2,MENDES FRANCE (RUE PIERRE),45.88948,1.28096
202000001760,19,6,2020,15,1,85,85194,2,1,1,6,Route Bleue,46.49115,-1.80522
202000001761,21,6,2020,21,1,81,81163,2,1,1,7,SANCTA MARIA,43.4895158,2.4003679
202000001762,19,6,2020,14,1,80,80021,1,1,2,7,ROCADE NORD RN 1,49.92737,2.30421
202000001763,6,5,2020,13,1,78,78545,2,3,1,3,JAURES (AVENUE JEAN ),48.799798,2.067412
202000001764,19,6,2020,17,1,76,76351,2,2,1,-1,VALLEE (RUE DE LA),49.49508,0.15522
202000001765,22,6,2020,10,1,76,76217,2,1,1,6,AVENUE JEAN JAURES,49.910109,1.0668969
202000001766,20,6,2020,11,1,69,69290,2,3,1,3,EGALITE (DE L')                     (R ),45.69286,4.94642
202000001767,22,6,2020,18,1,69,69096,2,1,1,3,SABATIER (ANDRE) ( R ),45.60952,4.77604
202000001768,18,6,2020,15,1,68,68066,2,9,1,6,Rue de la Semm,48.069117,7.370249
202000001769,19,6,2020,16,1,67,67482,2,6,8,3,ELFTERRAIN (RUE DE L ),48.583928,7.714387
202000001770,20,6,2020,15,1,67,67482,2,1,1,1,PECHEURS (QUAI DES),48.583427,7.758126
202000001771,19,6,2020,16,1,67,67218,2,1,8,3,STRASBOURG (AVENUE DE),48.54281,7.73587
202000001772,22,6,2020,13,1,64,64545,1,1,1,1,ORIO (RUE D'),43.3559,-1.7459
202000001773,21,6,2020,12,1,64,64102,2,1,1,7,RESPLANDY (AVENUE DU CAPITAINE),43.4898,-1.4672
202000001774,16,5,2020,11,1,62,62413,2,1,1,6,LENS (RTE DE),50.44037,2.88469
202000001775,11,2,2020,12,1,62,62427,2,1,1,6,PIETTE (BD JACQUES) ),50.409994,2.963964
202000001776,22,6,2020,13,1,59,59599,2,2,7,5,TESTELIN (RUE ACHILLE),50.734631,3.185392
202000001777,19,6,2020,23,5,57,57368,2,1,1,7,RIMMEL (RUE VICTOR),49.34182,6.01966
202000001778,19,6,2020,15,1,56,56121,2,3,1,6,INDES ( QUAI DES ),47.74637,-3.36151
202000001779,21,6,2020,13,1,54,54547,2,1,1,-1,RD 674,48.6705,6.1929
202000001780,19,6,2020,19,1,52,52448,2,2,9,3,PISANI (boulevard Edgard),48.63914,4.97191
202000001781,20,6,2020,2,5,49,49007,2,1,1,3,VOLTAIRE,47.4693,-0.55293
202000001782,22,6,2020,18,1,45,45075,2,1,1,3,D2152 - PR 65+180,47.8886754,1.8346436
202000001783,22,6,2020,8,1,45,45234,2,3,1,3,Quai du Chatelet,47.897914,1.907138
202000001784,22,6,2020,12,1,37,37261,2,2,1,3,TOURCOING (RUE DE),47.4214474,0.6860549
202000001785,22,6,2020,17,1,33,33069,1,3,1,2,AVE DE TIVOLI / AVE D'AQUITAINE,44.87344,-0.60002
202000001786,22,6,2020,15,1,33,33318,2,3,1,6,AVE DU GENERAL LECLERC / RUE LEON MORIN,44.79601,-0.66728
202000001787,11,6,2020,4,4,33,33162,1,6,2,2,RTE DE LACANAU / AVE JEAN MERMOZ,44.8754085,-0.6604393
202000001788,16,6,2020,18,1,33,33063,2,2,1,6,CRS VICTOR HUGO / RUE SAINT-JAMES,44.8350649,-0.5713267
202000001789,21,6,2020,2,5,33,33529,2,1,1,3,OCEAN (BD DE L'),44.61379,-1.20211
202000001790,20,6,2020,17,1,32,32013,2,1,1,2,CHARLES CROS,43.66434,0.59232
202000001791,21,6,2020,9,1,32,32013,1,1,1,7,TOULOUSE (ROUTE DE),43.6574,0.6278
202000001792,22,6,2020,0,5,31,31555,2,3,1,3,BD PIERRE PAUL RIQUET,43.60504,1.45659
202000001793,21,6,2020,13,1,31,31149,2,1,1,3,RP GALILEE,43.60943,1.3079
202000001794,20,6,2020,2,5,31,31555,2,1,1,6,BD DE LA GARE,43.60393,1.45723
202000001795,19,6,2020,16,1,31,31149,2,1,1,6,BD DE L'EUROPE,43.60184,1.3523
202000001796,19,6,2020,8,2,30,30189,1,1,1,1,ALES (ROUTE),43.8765,4.3138
202000001797,20,6,2020,20,1,30,30189,1,1,1,3,BEAUCAIRE (ROUTE),43.8344984,4.4139048
202000001798,20,5,2020,15,1,30,30189,2,4,1,6,TEDENAT (RUE),43.83668,4.356687
202000001799,21,6,2020,10,1,22,22215,1,1,2,3,PORET ROUAULT (RUE DE LA),48.48298,-2.77686
202000001800,17,10,2020,19,5,33,33318,2,2,1,1,AVE DU GENERAL LECLERC,44.79918,-0.66314
202000001801,17,10,2020,19,5,33,33063,2,2,1,2,"CRS DU MEDOC  (à 49,63 m du CRS BALGUERIE STUTTENBERG)",44.85872,-0.56734
202000001802,19,10,2020,0,5,33,33009,2,1,1,6,GAMBETTA (AVE) DU 30 ET +,44.65728,-1.16804
202000001803,18,10,2020,17,1,29,29232,1,9,1,3,N165 - Park Poullig,48.03309,-4.08368
202000001804,16,10,2020,16,1,25,25056,2,1,1,4,DOLE RUE DE (entre 82 et 185),47.228304,5.985607
202000001805,17,10,2020,21,5,18,18033,2,2,1,3,JURANVILLE (BOULEVARD DE),47.0849,2.38865
202000001806,18,10,2020,17,1,13,13206,2,2,1,3,LIEUTAUD (COURS),43.29111,5.38308
202000001807,17,10,2020,1,5,13,13203,2,3,1,1,PLOMBIERES (BOULEVARD DES),43.3148768,5.3878495
202000001808,17,10,2020,12,1,13,13028,2,1,1,5,ROUMANILLE (AVENUE JOSEPH),43.19237,5.61799
202000001809,17,10,2020,9,1,13,13028,2,1,1,3,DULAC (AVENUE GUILLAUME),43.18669,5.60807
202000001810,18,10,2020,17,1,07,07281,2,1,1,3,BOUVAT (QUAI JULES),44.9443,4.8444
202000001811,18,10,2020,17,1,06,06069,2,1,1,3,KENNEDY (BOULEVARD DU PRESIDENT),43.666864,6.929086
202000001812,18,10,2020,18,2,75,75113,2,1,1,2,PORTE D IVRY,48.820406,2.375444
202000001813,15,10,2020,18,2,75,75120,2,1,1,3,PORTE DES LILAS,48.875556,2.409953
202000001814,18,10,2020,14,1,75,75120,2,4,1,4,ECHANGEUR BAGNOLET,48.866378,2.414047
202000001815,18,10,2020,16,1,75,75118,2,3,1,3,RUE STEPHENSON,48.888013,2.356176
202000001816,18,10,2020,17,1,75,75114,2,2,1,3,RUE VERCINGETORIX,48.834356,2.313642
202000001817,17,10,2020,19,5,75,75113,2,2,1,3,BOULEVARD DU GENERAL JEAN SIMON,48.82567,2.382082
202000001818,17,10,2020,12,1,75,75113,2,1,1,5,RUE DE TOLBIAC,48.826124,2.356166
202000001819,17,10,2020,19,2,75,75109,2,1,1,2,RUE PIERRE FONTAINE,48.883353,2.332778
202000001820,18,10,2020,14,1,75,75108,2,3,1,4,AVENUE DES CHAMPS ELYSEES,48.871885,2.300873
202000001821,18,10,2020,12,1,75,75107,2,1,1,3,AVENUE DE LA MOTTE PICQUET,48.854885,2.306432
202000001822,18,10,2020,18,1,75,75104,2,3,1,6,RUE DES TOURNELLES,48.853452,2.367241
202000001823,18,10,2020,20,5,93,93001,2,3,1,3,VICTOR HUGO (AVE)  N° 122 =>,48.9116541,2.379463
202000001824,16,10,2020,15,1,92,92036,2,1,1,6,JEAN JAURES (RUE) (35/+),48.929887,2.29505
202000001825,10,10,2020,4,3,57,57479,1,1,2,7,4 Chemin de Sulzen,49.423313,6.371641
202000001826,19,10,2020,3,3,64,64144,1,1,1,7,D276,43.446002,-0.516572
202000001827,18,10,2020,20,3,35,35124,1,1,1,2,RN 137,47.741068,-1.71405
202000001828,18,10,2020,10,1,74,74283,1,1,1,7,route du chatelard,45.930864,5.9381
202000001829,19,10,2020,13,1,68,68315,1,1,1,6,Route de Bollwiller,47.882763,7.233006
202000001830,18,10,2020,3,3,34,34088,1,1,1,6,D114,43.575727,3.68145
202000001831,17,10,2020,16,1,67,67463,2,1,1,6,71 a Rue Principale,48.901654,8.109883
202000001832,18,10,2020,16,1,76,76549,1,1,1,7,D149,49.756997,0.914998
202000001833,17,10,2020,9,1,33,33523,1,2,1,3,RD140 / RD140E1,44.752676,-0.293638
202000001834,18,10,2020,22,3,81,81048,1,1,1,6,104 Route de Saint Quintin,43.986975,2.116477
202000001835,18,10,2020,21,3,32,32268,1,1,1,7,N124,43.606499,0.990658
202000001836,17,10,2020,22,5,34,34300,2,1,1,6,Grand Rue,43.426698,3.30022
202000001837,17,10,2020,9,1,68,68263,1,3,2,2,D419,47.583924,7.461947
202000001838,16,10,2020,8,2,44,44123,1,2,7,3,lieu-dit la noé,47.693288,-1.785166
202000001839,16,10,2020,15,1,03,03159,1,1,2,7,Malicorne,46.3061945,2.7289036
202000001840,19,10,2020,15,1,54,54533,2,4,1,-1,3 Rue Emile Binda,49.324556,5.928175
202000001841,2,10,2020,15,1,60,60430,1,1,2,7,D935,49.310976,2.9264103
202000001842,17,10,2020,9,2,53,53110,2,1,4,6,Rue de Taude,47.874764,-0.519952
202000001843,18,10,2020,2,3,53,53007,1,1,1,6,Haut Mont Roux,48.081864,-0.654765
202000001844,18,10,2020,4,3,21,21268,1,1,1,6,D31,47.1181378,5.4030788
202000001845,18,10,2020,19,3,04,04174,1,1,1,1,RN 202,43.959569,6.729362
202000001846,18,10,2020,16,1,27,27679,1,1,1,3,RD 841,48.723691,0.926156
202000001847,18,10,2020,4,3,30,30223,2,1,1,6,Rue Justin Agniel,44.184108,4.150624
202000001848,13,8,2020,10,1,13,13044,1,1,1,1,D569,43.628496,5.01792
202000001849,18,10,2020,17,1,34,34333,1,1,1,5,Route des Aresquiers,43.467143,3.814139
202000001850,19,10,2020,15,1,13,13118,1,1,1,6,A8 PK 0+200 DIRECTION LYON,43.560522,5.228591
202000001851,18,10,2020,17,1,988,98821,1,1,1,6,PORT-LAGUERRE,-22.119456,166.328174
202000001852,18,10,2020,17,2,971,97114,1,1,3,1,Rue Richard Devaux,16.114266,-61.575322
202000001853,18,10,2020,3,3,67,67160,1,1,1,6,D27,48.977823,7.768965
202000001854,18,10,2020,19,5,88,88367,2,1,1,1,35 Rue Carnot,48.343723,6.635123
202000001855,17,10,2020,9,1,63,63335,1,1,8,7,D 978,45.5457072,2.9981646
202000001856,19,10,2020,10,1,81,81011,2,1,1,6,415 Route de Gaillac,43.72829,1.823334