Num_Acc,jour,mois,an,hr,condition_eclairage,departement,commune,condition_agglomeration,intersection,condition_atmosphere,type_collision,adresse,lattitude,longitude
202000001857,19,10,2020,14,1,33,33218,2,3,1,3,19 Lieu Dit Montigaud,45.084058,-0.164535
202000001858,18,10,2020,14,1,60,60197,1,1,1,1,D1001,49.2379983,2.2165567
202000001859,19,10,2020,10,1,60,60668,1,1,5,1,D149,49.4889932,2.0880042
202000001860,17,10,2020,18,1,13,13071,1,1,1,3,A51-Sens Aix en Provence vers Marseille,43.41564,5.36491
202000001861,17,10,2020,7,3,13,13015,1,1,1,5,A51-Sens Marseille vers Aix en Provence,43.4303,5.3921
202000001862,18,10,2020,19,3,33,33023,1,1,1,5,AUTOROUTE A 62,44.6946,-0.49662
202000001863,18,10,2020,19,1,92,92064,1,1,1,4,A13,48.837553,2.189255
202000001864,18,10,2020,20,3,93,93007,1,1,1,7,AUTOROUTE A3,48.9185788,2.4785405
202000001865,18,10,2020,18,3,93,93048,1,1,1,4,AUTOROUTE A86,48.86318,2.48271
202000001866,18,10,2020,11,1,95,95241,1,1,1,2,RN 104,49.046341,2.440222
202000001867,17,10,2020,20,3,93,93066,1,1,1,2,AUTOROUTE A86,48.92212,2.36038
202000001868,17,10,2020,1,3,95,95572,1,1,1,6,RN 184,49.048373,2.133756
202000001869,18,10,2020,23,3,93,93051,1,1,1,6,A4,48.836,2.5553
202000001870,18,10,2020,15,1,77,77258,1,1,1,2,A4.W,48.8305927,2.6321618
202000001871,16,10,2020,20,3,77,77169,1,1,1,3,RN104.INT,48.8145331,2.6261489
202000001872,16,10,2020,19,2,94,94052,1,1,1,7,A86 INT,48.82722,2.52094
202000001873,16,10,2020,14,1,94,94017,1,1,1,2,A4,48.82974,2.48456
202000001874,18,10,2020,5,2,988,98818,2,3,1,3,AVENUE JAMES COOK/RUE COMMANDANT ALEXANDRE BABO,-22.26789,166.42704
202000001875,18,10,2020,6,1,988,98818,2,1,1,4,AVENUE JAMES COOK,-22.2681,166.42911
202000001876,17,10,2020,16,1,988,98818,2,3,1,3,PROMENADE ROGER LAROQUE,-22.30755,166.45016
202000001877,17,10,2020,10,1,988,98818,2,1,1,2,ROUTE EXPRESS DU MONT DORE,-22.22813,166.48969
202000001878,17,10,2020,14,2,974,97407,2,1,1,3,Rue Amilcar Cabral,-20.94636,55.29951
202000001879,17,10,2020,20,5,69,69259,2,1,1,6,PRESIDENT EDOUARD HERRIOT (DU)      (R ),45.696445,4.8767737
202000001880,16,10,2020,20,5,972,97213,1,1,2,4,AUTOROUTE A1,14.6182051,-61.0339236
202000001881,17,10,2020,19,5,95,95585,2,1,1,3,ZOLA (RUE EMILE),48.9859379,2.392568
202000001882,17,10,2020,17,1,95,95585,2,1,1,3,FRANCK (AVENUE CESAR),48.97306,2.37512
202000001883,16,10,2020,18,1,95,95280,2,1,1,3,MARECHAL DELATTRE DE TASSIGNY (DU),49.032076,2.471743
202000001884,17,10,2020,12,1,91,91570,2,9,8,6,TIPHOINES (RUE)VILLAGE HOTEL,48.62841,2.29957
202000001885,17,10,2020,10,1,91,91064,2,1,8,3,PARIS (RUE DE),48.75742,2.21876
202000001886,17,10,2020,14,1,91,91377,2,1,1,6,GARE (AVENUE DE LA),48.7342,2.27307
202000001887,16,10,2020,14,1,91,91377,2,9,8,2,LECLERC (AVENUE DU MARECHAL),48.7215,2.2991
202000001888,9,10,2020,8,1,91,91027,2,2,2,5,RUE ANDRE LAUNAY,48.712852,2.390989
202000001889,17,10,2020,16,1,82,82121,2,3,1,6,SARRAIL (RUE DU GENERAL),44.0151,1.3477
202000001890,17,10,2020,20,5,77,77296,1,2,1,6,RD 306,48.617541,2.568832
202000001891,17,10,2020,16,1,77,77320,2,1,1,1,GENERAL DE GAULLE (AVENUE DU),48.8280545,3.031558
202000001892,16,10,2020,8,1,76,76575,2,6,1,2,MARE AUX DAIMS. AVENUE DE LA,49.38976,1.07145
202000001893,16,10,2020,16,1,67,67462,2,2,1,3,GENERAL DE GAULLE (PLACE DU),48.259562,7.446471
202000001894,17,10,2020,6,5,65,65440,2,3,1,3,BRIAND (AVENUE ARISTIDE),43.2172528,0.0560942
202000001895,17,10,2020,10,1,64,64445,2,1,1,-1,JEAN JACQUES DE MONAIX,43.3029,-0.3589
202000001896,17,10,2020,18,5,59,59656,2,3,1,3,BRIAND (RUE ARISTIDE),50.770668,3.042637
202000001897,17,10,2020,10,1,59,59279,2,2,1,1,NEUVILLE (ROUTE DE),50.776851,3.133132
202000001898,22,9,2020,22,5,59,59009,2,2,1,3,VAN GOGH BOULEVARD,50.62013,3.13542
202000001899,17,10,2020,19,5,59,59328,2,1,2,3,DE GAULLE AVENUE DU GAL,50.6539416,3.0312744
202000001900,17,10,2020,21,5,45,45234,2,2,1,3,Avenue des Droits de l’Homme - rue du petit pont,47.922612,1.929645
202000001901,17,10,2020,9,1,45,45075,2,6,1,6,Route d’Orléans,47.893537,1.849155
202000001902,12,7,2020,8,1,42,42305,2,1,1,6,Rue Victor Hugo,45.4797857,4.4310623
202000001903,17,10,2020,16,1,38,38185,2,1,1,2,A480,45.16219,5.7017
202000001904,17,10,2020,8,1,35,35055,2,1,8,3,06 JUIN 1944 (RUE DU),48.093872,-1.6149504
202000001905,17,10,2020,17,1,33,33009,2,1,1,2,D650,44.65884,-1.15176
202000001906,17,10,2020,23,5,29,29019,2,1,1,4,Rue Dupleix,48.39277,-4.48278
202000001907,17,10,2020,16,1,29,29019,2,2,1,3,Rue Albert Thibaudet,48.3754,-4.5413
202000001908,6,4,2020,20,5,19,19272,2,1,1,6,Alsace Lorraine (Avenue),45.26146,1.75692
202000001909,17,10,2020,7,5,13,13214,2,1,1,1,AYGALADES (AVENUE DES),43.339917,5.365728
202000001910,17,10,2020,1,5,13,13215,2,1,1,3,Petite Ourse (rue de la),43.34175,5.37296
202000001911,25,8,2020,6,3,62,62680,1,1,2,4,A1,50.366956,2.966931
202000001912,16,10,2020,20,5,13,13205,2,1,1,3,SAINT PIERRE (RUE),43.29226,5.396
202000001913,23,8,2020,7,1,988,98827,1,1,2,3,Tribu de Gohapin,-21.26833,165.27488
202000001914,17,10,2020,13,1,13,13001,1,1,1,2,RD 7,43.58164,5.377
202000001915,24,8,2020,2,5,971,97124,2,1,1,6,2 Route de Bologne,16.013187,-61.710141
202000001916,17,10,2020,20,5,10,10333,2,9,1,3,AUXERRE (ROUTE),48.26851,4.04793
202000001917,12,8,2020,10,1,45,45108,1,1,1,6,D956,47.646251,2.530975
202000001918,17,10,2020,20,3,10,10357,1,1,1,6,GENERAL DE GAULLE (RUE DU),48.29406,4.14469
202000001919,16,8,2020,16,1,77,77329,1,2,1,3,D225 - D58,48.240477,2.809126
202000001920,17,10,2020,15,1,75,75120,2,1,1,2,PORTE DE BAGNOLET,48.869643,2.413267
202000001921,24,8,2020,6,1,91,91098,1,1,1,6,D191,48.456104,2.059808
202000001922,17,10,2020,15,1,75,75108,2,2,1,3,PLACE DE LA CONCORDE,48.866663,2.322011
202000001923,24,8,2020,20,3,2A,2A163,1,3,1,3,croisement T40 / D50,41.5000018,9.0049085
202000001924,16,10,2020,16,1,75,75112,2,2,1,6,AVENUE DE FONTENAY,48.84013,2.461389
202000001925,15,8,2020,18,1,84,84092,2,1,1,-1,d 225,43.970185,4.863581
202000001926,2,2,2020,1,5,62,62160,2,1,1,7,NATIONALE (Rue),50.72247,1.60603
202000001927,17,10,2020,20,5,75,75117,2,2,1,3,AVENUE DE LA PORTE D ASNIERES,48.89227,2.301009
202000001928,23,8,2020,17,1,83,83099,2,1,1,3,Route Nationale 7,43.452872,6.691441
202000001929,17,10,2020,16,1,75,75116,2,2,1,6,RUE D AUTEUIL,48.847988,2.264094
202000001930,3,2,2020,18,5,59,59588,2,1,3,6,CHAPEAU ROUGE - ROUTE,51.0275679,2.4282441
202000001931,25,8,2020,18,1,05,05070,2,4,1,1,Avenue de Grenoble,44.316894,5.813983
202000001932,16,10,2020,10,1,75,75116,2,1,1,3,AVENUE DE VERSAILLES,48.838557,2.259479
202000001933,3,2,2020,18,5,59,59183,2,3,3,1,QUATRE ECLUSES - QUAI,51.02979,2.38033
202000001934,25,8,2020,8,1,13,13109,2,2,1,3,Avenue Paul Julien,43.511032,5.486957
202000001935,24,8,2020,9,1,70,70310,2,1,1,3,Route de Belfort,47.675022,6.518884
202000001936,16,10,2020,23,5,75,75113,2,3,1,3,RUE DE TOLBIAC,48.826341,2.361495
202000001937,1,2,2020,6,5,59,59183,2,3,8,6,MARDYCK - QUAI,51.02892,2.36633
202000001938,17,10,2020,11,1,75,75112,2,2,1,3,AVENUE DE LA PORTE DE CHARENTON,48.831704,2.397896
202000001939,24,8,2020,9,1,88,88222,1,1,1,1,PK 16+450 RD 420,48.247683,6.618243
202000001940,24,8,2020,17,1,74,74136,1,1,1,7,D4,45.978698,6.46775
202000001941,16,10,2020,21,5,75,75108,2,2,1,7,BOULEVARD MALESHERBES,48.879436,2.314265
202000001942,2,2,2020,14,1,56,56083,1,1,2,6,RN 165,47.7881772,-3.2804417
202000001943,2,2,2020,2,5,56,56083,2,1,3,6,JAURES ( AV. JEAN ),47.8013856,-3.2812725
202000001944,16,10,2020,22,5,75,75107,2,3,1,3,RUE DE SEVRES,48.846004,2.313817
202000001945,24,6,2020,15,1,73,73179,2,3,1,3,Residence Sainte Anne,45.5975712,5.8753155
202000001946,1,2,2020,18,5,56,56083,2,2,2,3,8 MAI 1945 ( AV. DU ),47.80243,-3.29013
202000001947,24,8,2020,19,1,07,07341,2,6,1,7,,44.571852,4.510746
202000001948,17,10,2020,14,1,75,75104,2,2,1,3,RUE CRILLON,48.849518,2.365621
202000001949,17,10,2020,0,5,75,75101,2,5,1,7,RUE MONTMARTRE,48.864783,2.345133
202000001950,31,1,2020,20,5,54,54431,1,3,1,1,D952,48.91295,6.037494
202000001951,20,8,2020,14,1,17,17161,2,1,1,3,17 Rue Jean Henry Laine,46.18649,-1.321755
202000001952,21,8,2020,16,1,33,33164,1,1,1,6,D8,44.53993,-0.28662
202000001953,17,10,2020,12,1,94,94081,2,1,1,3,JEAN JAURES (AV),48.7941706,2.4008874
202000001954,3,2,2020,18,5,54,54184,2,1,2,6,avenue Foch,48.7051,6.2254
202000001955,16,10,2020,19,5,94,94058,2,4,1,1,LAMARTINE (AV),48.850816,2.497032
202000001956,25,8,2020,8,2,33,33260,1,1,1,2,Rue de la Gare,44.452776,-0.941048
202000001957,3,2,2020,13,1,54,54395,2,3,2,2,MAZAGRAN (RUE),48.6905992,6.1755026
202000001958,17,10,2020,9,1,94,94043,2,1,8,2,FONTAINEBLEAU (AV DE),48.8149,2.3609
202000001959,31,1,2020,22,3,54,54382,2,2,1,3,PINS (AVENUE DES),49.53659,5.76453
202000001960,16,10,2020,20,5,94,94041,2,1,1,1,GEORGES GOSNAT (AV),48.81476,2.3907
202000001961,3,2,2020,19,3,53,53130,2,1,1,3,ELAIN (BOULEVARD PIERRE),48.08436,-0.78851
202000001962,25,8,2020,12,1,80,80383,1,1,1,7,autoroute A1 PK103+800,49.72647,2.780281
202000001963,24,8,2020,17,1,13,13210,1,1,1,2,A50-Sens Marseille vers Aubagne,43.28452,5.4067
202000001964,3,2,2020,18,5,51,51172,2,1,2,1,Rue de Picardie,49.2238849,4.0411897
202000001965,17,10,2020,19,2,94,94022,2,2,1,3,REPUBLIQUE (AV DE LA),48.75761,2.41006
202000001966,24,8,2020,18,1,13,13106,1,1,1,5,A51-Sens Aix en Provence vers Marseille,43.4065986,5.361709
202000001967,17,10,2020,17,1,94,94022,2,1,8,6,VICTOR HUGO (AV),48.76815,2.418155
202000001968,2,2,2020,3,3,49,49007,2,1,2,7,ESTIENNE D'ORVES BOULEVARD,47.45988,-0.52034
202000001969,17,10,2020,21,4,94,94081,2,1,1,1,167 R GABRIEL PERI,48.7920952,2.4016047
202000001970,20,8,2020,18,1,13,13005,1,1,1,4,A50-Sens Aubagne vers Marseille,43.2889659,5.5600183
202000001971,3,2,2020,21,3,44,44109,2,1,2,3,Quai Malakoff,47.21426,-1.54071
202000001972,17,10,2020,20,5,93,93064,2,1,1,6,DE GAULLE (AV DU GENERAL) 58/49 - FIN,48.88449,2.47386
202000001973,23,8,2020,23,3,69,69199,1,1,1,2,A7 ,45.69148,4.84529
202000001974,24,8,2020,12,1,92,92078,1,1,1,7,AUTOROUTE A86,48.92811,2.33279
202000001975,24,8,2020,4,3,95,95252,1,1,1,7,A15,48.9803,2.2263
202000001976,17,10,2020,10,1,93,93074,2,3,1,3,R ALEXANDRE BOUCHER / D933,48.9339,2.56666
202000001977,24,8,2020,2,3,95,95060,1,1,1,7, A115,49.0351529,2.1963139
202000001978,17,10,2020,10,1,93,93031,2,9,1,3,REPUBLIQUE (AVENUE),48.94666,2.34424
202000001979,2,2,2020,11,1,37,37261,2,3,1,2,WAGNER (BOULEVARD RICHARD),47.3768594,0.7134019
202000001980,17,10,2020,18,2,93,93029,2,1,1,6,HENRI BARBUSSE (AVE) N°2-124,48.91894,2.44953
202000001981,24,8,2020,2,4,93,93066,1,1,1,6,AUTOROUTE A1,48.91391,2.35772
202000001982,3,2,2020,8,1,37,37261,2,1,2,7,MAGINOT (AV. ANDRE),47.4134312,0.6864742
202000001983,17,10,2020,11,1,93,93007,2,4,1,3,HENRI BARBUSSE (AVENUE),48.9431558,2.4658807
202000001984,2,2,2020,18,3,37,37233,2,1,2,6,Quai de la Loire,47.3967257,0.724918
202000001985,23,8,2020,2,3,95,95500,1,1,1,2,AUTOROUTE A15,49.03762,2.09024
202000001986,17,10,2020,8,1,93,93005,2,6,1,3,GEORGES BRAQUE (BOULEVARD),48.9555909,2.4800835
202000001987,17,10,2020,16,1,93,93001,2,9,1,-1,GAMBETTA (QUAI),48.9046107,2.3787524
202000001988,3,2,2020,19,5,35,35238,2,2,3,3,TILLON (AVENUE CHARLES),48.12449,-1.70976
202000001989,23,8,2020,19,1,69,69383,2,3,1,3,VOLTAIRE                            (R ),45.75837,4.84865
202000001990,17,10,2020,11,1,92,92020,2,1,1,6,PARIS AVENUE DE N° IMPAIRS,48.8063654,2.2924371
202000001991,23,8,2020,4,3,69,69386,2,1,1,6,BOSSUET                             (R ),45.76799,4.8524581
202000001992,3,2,2020,9,1,35,35051,2,3,1,3,PARIS (RUE DE),48.114249,-1.607372
202000001993,17,10,2020,12,1,92,92019,2,9,1,3,SALENGRO ROGER (AV),48.769112,2.273724
202000001994,3,2,2020,13,1,34,34172,2,2,1,3,GIRAUD (AVENUE DU DOYEN GASTON),43.634327,3.849406
202000001995,17,10,2020,20,5,92,92012,2,6,8,3,MARCEL SEMBAT (PLACE),48.83379,2.24357
202000001996,23,8,2020,14,1,95,95680,2,3,1,3,PIERRE SEMARD (AVENUE),48.9996666,2.4123359
202000001997,4,2,2020,2,5,33,33063,2,1,1,-1,Quai de Bacalan,44.85792,-0.55856
202000001998,18,10,2020,11,1,54,54109,1,1,1,3,D913,48.5173932,6.1556321
202000001999,17,10,2020,10,1,51,51649,2,6,1,2,Grande Rue de Vaux,48.7286085,4.5870305
202000002000,3,2,2020,15,1,33,33192,2,3,1,3,23 Cours du Général de Gaulle,44.78633,-0.6051
202000002001,18,10,2020,12,1,17,17010,2,6,1,3,8 Avenue de Chatelaillon,46.10109,-1.0986396
202000002002,23,8,2020,4,5,91,91589,2,1,1,6,ECOLES (AVENUE DES),48.6891,2.34787
202000002003,3,2,2020,6,5,33,33039,2,1,1,3,354 RTE DE TOULOUSE,44.79794,-0.56886
202000002004,18,10,2020,11,1,31,31364,2,1,1,1,1 Chemin du Tucol,43.721769,1.4814
202000002005,18,10,2020,12,1,12,12027,1,1,5,6,D920,44.521475,2.734029
202000002006,23,8,2020,16,1,91,91286,2,9,1,6,ROUTE NATIONALE 7,48.664982,2.398302
202000002007,1,2,2020,6,3,31,31555,1,1,2,6,VA007331 A620,43.5723187,1.4365611
202000002008,23,8,2020,3,5,71,71153,2,1,1,6,VERDUN (AVENUE DE),46.800137,4.4391835
202000002009,18,10,2020,12,1,974,97414,2,1,1,7,Rue de la Palissade,-21.282501,55.419744
202000002010,31,1,2020,23,5,31,31555,2,1,1,3,FITTE (ALL CHARLES DE) DU 39AU 109,43.60051,1.42876
202000002011,18,10,2020,3,4,38,38239,1,1,1,7,Route de Valence,45.324051,5.548471
202000002012,17,10,2020,16,1,30,30117,1,1,1,-1,Rue d'Arles,43.687007,4.605685
202000002013,2,2,2020,18,3,27,27681,1,1,2,1,IVRY (ROUTE D'),49.0745,1.4747
202000002014,21,8,2020,20,1,69,69256,2,1,1,1,MAURICE THOREZ                      (AV),45.7803194,4.9141395
202000002015,17,10,2020,1,3,29,29226,1,1,1,1,D43 - Trefest Izella,48.049112,-4.391956
202000002016,23,8,2020,20,1,64,64102,2,1,1,2,CAMAYOU (AVENUE),43.5055059,-1.4644155
202000002017,17,10,2020,19,3,57,57738,1,1,1,7,RD86,49.137516,7.465875
202000002018,23,8,2020,23,3,43,43089,1,1,1,2,RD 590,45.0564175,3.8407624
202000002019,29,1,2020,14,1,26,26198,2,1,1,2,28 Avenue John Fitzgerald Kennedy,44.55504,4.73656
202000002020,1,9,2020,10,1,51,51662,2,3,1,2,A34,49.281142,4.1076356
202000002021,3,2,2020,7,3,25,25056,1,1,2,6,RN57 - Rocade MONTBOUCONS,47.26352,6.00605
202000002022,20,8,2020,21,5,42,42103,2,3,1,3,Rue Jean Jaurés,45.50622,4.57084
202000002023,17,10,2020,22,5,19,19192,2,1,1,-1,Avenue de la Souvigné,45.128471,1.891505
202000002024,2,2,2020,3,5,22,22278,2,1,2,7,BREST (DE),48.51305,-2.76848
202000002025,23,8,2020,22,3,37,37122,2,1,1,7,,47.3681934,0.6538319
202000002026,17,10,2020,8,1,76,76504,1,2,1,3,300 Route de Fontaine,49.8081753,0.7530765
202000002027,23,8,2020,16,1,37,37261,2,1,1,6,PAGES (ALLEE GASTON),47.4053318,0.7041708
202000002028,18,10,2020,11,1,80,80722,1,1,1,2,D12,49.958426,2.225976
202000002029,3,2,2020,15,1,14,14118,2,2,2,3,JUIN (BOULEVARD MARECHAL),49.211234,-0.3628708
202000002030,23,8,2020,3,5,33,33063,2,3,1,3,QUAI DE LA GRAVE,44.8349,-0.56349
202000002031,18,10,2020,16,1,82,82075,2,2,1,3,Rue des Nauzes,43.833547,1.287715
202000002032,3,2,2020,9,1,13,13209,2,1,1,2,MICHELET (BOULEVARD),43.261556,5.397579
202000002033,18,10,2020,18,2,63,63372,1,2,1,3,D224,45.9076428,3.3145351
202000002034,23,8,2020,21,5,33,33009,2,1,1,-1,159 Boulevard de la Plage,44.66273,-1.16326
202000002035,4,2,2020,1,5,13,13001,2,1,1,6,BELGES (AV DES),43.52525,5.44466
202000002036,18,10,2020,17,1,61,61464,2,1,1,6,Rue d'Argentré,48.604591,0.174048
202000002037,2,2,2020,17,1,11,11069,2,2,1,3,VERNE JULES -AVENUE-,43.208,2.33
202000002038,23,8,2020,17,1,29,29051,1,1,1,6,D15 - Avenue de Coray,48.00988,-4.0261
202000002039,18,10,2020,16,1,12,12131,1,1,1,6,D581,44.417046,2.643757
202000002040,18,10,2020,17,1,41,41036,2,1,1,7,Rue des Genets,47.610058,2.167534
202000002041,31,1,2020,17,1,11,11069,2,1,1,7,RODIN AUGUSTE,43.21431,2.33682
202000002042,23,8,2020,18,1,15,15012,2,1,1,6,MILHAUD (AVENUE),44.90397,2.45555
202000002043,17,10,2020,5,3,41,41135,2,1,1,6,52 Rue Marcel Bailly,47.268677,1.874114
202000002044,30,1,2020,13,1,10,10297,2,3,2,6,DANTON (RUE),48.3218,4.0992
202000002045,16,10,2020,11,1,86,86225,1,1,1,7,Bonnaide,46.863125,0.083835
202000002046,23,8,2020,11,1,14,14437,1,9,1,-1,PERIPHERIQUE NORD (BOULEVARD),49.17103,-0.30476
202000002047,3,2,2020,16,1,06,06069,1,1,1,7,PEGOMAS (ROUTE DE),43.623162,6.926284
202000002048,17,10,2020,23,3,25,25502,2,1,1,6,Route de Salans,47.163889,5.817368
202000002049,3,2,2020,7,2,06,06029,2,1,1,6,REPUBLIQUE (BOULEVARD DE LA),43.55944,7.0208
202000002050,17,10,2020,5,5,29,29215,2,1,1,6,Rue de Pont-l'Abbé,47.985383,-4.409558
202000002051,23,8,2020,23,5,13,13213,2,1,1,2,OLIVES (AVENUE DES),43.3264811,5.4384524
202000002052,3,2,2020,17,1,06,06123,2,1,1,2,BORD DE MER RN 98,43.65669,7.17888
202000002053,18,10,2020,2,3,38,38555,1,1,1,3,Route de la Côte Saint André,45.462044,5.133395
202000002054,23,8,2020,12,1,13,13214,2,1,1,6,CLAUDE MONET (avenue),43.32406,5.39337
202000002055,3,2,2020,9,1,06,06027,2,1,1,6,VERNE RUE JULES,43.6603,7.1441
202000002056,18,10,2020,16,1,38,38560,2,1,8,1,Place de la Guinguette,45.48854,5.47389
202000002057,31,1,2020,18,5,03,03001,2,2,1,3,Avenue de Vichy,46.099812,3.4440826
202000002058,17,10,2020,0,3,03,03083,1,2,1,7,1 Route de Moulins,46.3439553,3.2863233
202000002059,2,2,2020,12,1,75,75118,2,4,2,6,ECHANGEUR CHAPELLE,48.90107,2.35875
202000002060,17,10,2020,20,3,70,70045,1,1,8,1,D29,47.316352,5.772028
202000002061,3,2,2020,11,1,75,75118,2,7,1,6,PLACE ALBERT KAHN,48.896039,2.346286
202000002062,17,10,2020,11,1,58,58256,1,1,1,1,D153,47.351268,2.992047
202000002063,23,8,2020,0,5,13,13208,2,4,1,1,pointe rouge (ave),43.247928,5.37495
202000002064,17,10,2020,14,1,14,14743,1,1,1,7,D49,49.159713,-0.010622
202000002065,2,2,2020,19,5,75,75117,2,1,2,2,RUE DE COURCELLES,48.888994,2.293361
202000002066,22,8,2020,3,5,13,13201,2,1,1,6,RIVE NEUVE (QUAI DE),43.293592,5.372145
202000002067,18,10,2020,17,1,10,10080,1,1,1,7,Route de Metz Robert,48.063554,4.129229
202000002068,2,2,2020,1,5,75,75116,2,7,2,6,PLACE DU MARECHAL DE LATTRE DE TASSIGNY,48.871292,2.274294
202000002069,18,10,2020,11,1,07,07288,1,1,1,3,D104,44.720972,4.5351
202000002070,23,8,2020,15,1,75,75112,2,4,1,3,ECHANGEUR BERCY,48.827042,2.391942
202000002071,17,10,2020,14,1,21,21663,2,1,1,6,8 Avenue de la Gare,47.542744,4.462697
202000002072,23,8,2020,18,1,75,75106,2,1,1,6,RUE DAUPHINE,48.854573,2.339201
202000002073,3,2,2020,14,1,75,75115,2,1,1,6,RUE OLIVIER DE SERRES,48.836475,2.297668
202000002074,18,10,2020,0,1,68,68154,2,1,2,2,Ile Napoleon,47.769835,7.387952
202000002075,23,8,2020,11,1,75,75120,2,2,1,3,RUE DES VIGNOLES,48.854053,2.399933
202000002076,18,10,2020,5,2,973,97307,1,1,1,2,N2,4.8271977,-52.3385686
202000002077,2,2,2020,22,5,75,75115,2,2,3,2,BOULEVARD LEFEBVRE,48.829735,2.29569
202000002078,23,8,2020,15,1,75,75119,2,1,1,6,AVENUE JEAN JAURES,48.888644,2.392552
202000002079,18,10,2020,4,3,988,98805,1,1,1,1,VE2 - Voie express,-22.174649,166.423645
202000002080,23,8,2020,12,1,75,75119,2,3,1,3,QUAI DE L OISE,48.88942,2.380941
202000002081,3,2,2020,10,1,75,75113,2,1,1,3,BOULEVARD DU GENERAL JEAN SIMON,48.82703,2.38547
202000002082,18,10,2020,8,1,34,34336,1,1,1,2,"autoroute A9, Pk 162+160",43.32275,3.26867
202000002083,3,2,2020,0,5,75,75112,2,1,3,2,ECHANGEUR BERCY,48.827629,2.389471
202000002084,22,8,2020,11,1,75,75113,2,2,1,-1,AVENUE DE LA PORTE D ITALIE,48.818071,2.359861
202000002085,12,10,2020,1,3,17,17438,1,1,1,3,A10,45.559136,-0.602317
202000002086,3,2,2020,22,5,75,75111,2,1,3,3,BOULEVARD DE MENILMONTANT,48.863592,2.386456
202000002087,23,8,2020,15,1,75,75112,2,3,1,3,AVENUE DAUMESNIL,48.84423,2.381691
202000002088,18,10,2020,15,1,66,66093,1,2,1,1,D618,42.5455716,2.9332257
202000002089,3,2,2020,18,5,75,75111,2,2,1,6,BOULEVARD VOLTAIRE,48.859759,2.37686
202000002090,16,10,2020,19,5,84,84092,1,1,1,6,Route de Sorgues (rd 907),43.975144,4.858028
202000002091,23,8,2020,21,5,75,75107,2,2,1,3,BOULEVARD SAINT GERMAIN,48.856069,2.325899
202000002092,15,10,2020,16,1,83,83071,2,1,1,6,Avenue Rouget de Lisle,43.136091,6.228942
202000002093,3,2,2020,9,1,75,75111,2,1,8,3,RUE FROMENT,48.856969,2.373005
202000002094,23,8,2020,21,2,75,75102,2,2,1,7,BOULEVARD DE BONNE NOUVELLE,48.870677,2.347918
202000002095,18,10,2020,12,1,83,83063,1,1,1,6,Boulevard de l'Esplanade,43.316115,6.47068
202000002096,3,2,2020,22,5,75,75118,2,2,3,6,AVENUE DE LA PORTE DE CLIGNANCOURT,48.898062,2.34413
202000002097,17,10,2020,22,3,21,21564,1,1,1,6,D996,47.126622,5.097721
202000002098,23,8,2020,16,1,94,94081,2,3,1,3,JULIAN GRIMAU (R),48.779,2.373
202000002099,3,2,2020,15,1,75,75110,2,7,1,6,PLACE DU COLONEL FABIEN,48.877819,2.370013
202000002100,18,10,2020,17,1,42,42147,2,1,1,6,Rue Paul-deschanel,45.601852,4.078701
202000002101,23,8,2020,6,2,94,94073,1,1,1,6,VERSAILLES (AV DE),48.75527,2.38515
202000002102,16,10,2020,16,1,01,01049,2,2,1,6,1029 Route Nationale,45.844605,5.034692
202000002103,3,2,2020,18,5,75,75104,2,2,1,3,RUE DES FRANCS BOURGEOIS,48.857249,2.361757
202000002104,23,8,2020,17,1,94,94081,2,1,1,3,CARRIERES (R DES),48.799491,2.389468
202000002105,2,2,2020,14,1,94,94041,2,2,2,6,LENINE (R),48.81804,2.39786
202000002106,23,8,2020,5,5,93,93077,2,9,1,7,NOISY (ROUTE DE),48.8831253,2.4967197
202000002107,17,10,2020,18,1,01,01313,2,6,1,3,D35b,46.254541,6.080654
202000002108,23,8,2020,19,1,93,93010,2,1,1,3,BONDY (PONT),48.9051843,2.470127
202000002109,17,10,2020,16,1,17,17452,1,1,1,7,D25,45.762613,-1.215513
202000002110,3,2,2020,10,1,94,94033,2,2,1,-1,DAME BLANCHE (AV DE LA),48.84451,2.45081
202000002111,17,10,2020,7,3,86,86102,1,1,1,1,N149,46.652953,0.122303
202000002112,2,2,2020,8,2,94,94002,2,1,2,2,JEAN BAPTISTE CLEMENT (QU),48.79813,2.42069
202000002113,23,8,2020,7,1,93,93057,2,1,1,2,AV ARISTIDE BRIAND,48.9097125,2.5068168
202000002114,2,2,2020,22,5,93,93071,2,3,3,6,AV HENRI DUNANT / R GASTON LEVY,48.9374379,2.5222443
202000002115,17,10,2020,20,5,22,22384,2,3,1,7,5 Rue Paul Féval,48.285185,-2.834076
202000002116,18,10,2020,7,2,59,59611,2,1,2,7,Rue de Wambrechies,50.685828,3.004986
202000002117,1,2,2020,23,5,93,93046,2,2,2,3,BD ROBERT SCHUMANN / AV LUCIE AUBRAC,48.92825,2.5493
202000002118,23,8,2020,2,5,92,92076,2,3,1,3,REPUBLIQUE,48.836927,2.145845
202000002119,3,2,2020,2,5,93,93066,2,6,3,7,FRANCE ANATOLE ENTREE A86,48.9225417,2.3462689
202000002120,23,8,2020,21,5,47,47069,1,1,1,6,1076 Route d'Agen,44.219273,0.583627
202000002121,23,8,2020,18,1,01,01085,1,2,1,3,RD7,46.085492,5.025773
202000002122,2,2,2020,17,1,93,93032,2,3,2,3,ROGER SALENGRO  (AVENUE),48.8717651,2.5665951