Num_Acc,jour,mois,an,hr,condition_eclairage,departement,commune,condition_agglomeration,intersection,condition_atmosphere,type_collision,adresse,lattitude,longitude
202000002123,23,8,2020,12,1,11,11195,1,1,1,2,A61 PK 292.500 SENS NARBONNE / TOULOUSE,43.2683756,2.0085239
202000002124,2,8,2020,19,1,76,76054,1,1,1,-1,CD149,49.901633,1.396795
202000002125,24,8,2020,15,1,28,28409,1,1,1,6,A11,48.276738,1.184464
202000002126,2,2,2020,12,1,92,92063,2,3,1,2,MARTIGNON (RUE),48.8861,2.180773
202000002127,23,8,2020,20,2,83,83073,1,1,1,6,D97,43.382463,6.305279
202000002128,23,8,2020,19,1,51,51063,1,1,1,7,D1,49.0880856,3.7812351
202000002129,2,2,2020,22,5,92,92002,2,3,2,6,NATIONS  UNIES (RUE DES),48.732704,2.303196
202000002130,2,2,2020,8,1,62,62359,1,1,2,3,D928,50.441436,2.07751
202000002131,23,8,2020,23,3,11,11203,1,2,1,-1,cd11,43.230258,2.795591
202000002132,31,1,2020,8,1,01,01290,1,1,8,3,D124,45.858575,5.199366
202000002133,24,8,2020,5,2,71,71073,1,1,1,2,Autoroute A6 - PK 320.900,46.8769198,4.8186529
202000002134,3,2,2020,20,5,01,01290,1,6,8,3,D22a,45.898282,5.185826
202000002135,22,8,2020,15,1,68,68315,1,1,1,3,D431,47.891456,7.112789
202000002136,2,2,2020,14,1,42,42294,1,1,1,7,Le Pont Maréchal,46.018349,4.1027974
202000002137,24,8,2020,17,1,44,44089,1,1,1,6,Malville,47.33955,-1.820748
202000002138,31,1,2020,11,1,42,42239,2,1,1,6,Route du Ménard,45.964031,3.993866
202000002139,23,8,2020,22,5,50,50393,2,6,1,1,D999 - PERCY,48.911129,-1.195482
202000002140,2,2,2020,16,1,81,81273,1,3,1,3,N126,43.579178,2.147999
202000002141,22,8,2020,8,1,51,51643,1,2,1,4,34 Le Pont de Bois,49.0088594,3.916253
202000002142,4,2,2020,17,1,974,97422,1,1,1,6,Rue du Paille En Queue,-21.30471,55.534147
202000002143,23,8,2020,23,3,56,56020,2,1,1,6,18 Rue Saint Gildas,47.77764,-2.441587
202000002144,3,2,2020,19,3,57,57690,1,1,2,1,D910a,49.088419,6.689789
202000002145,3,2,2020,3,5,51,51389,2,1,2,7,Rue du 11 Novembre 1918,49.1318882,4.3170353
202000002146,24,8,2020,10,1,56,56205,1,1,1,1,D780,47.557299,-2.713623
202000002147,4,2,2020,18,3,60,60069,1,1,8,3,route communale 4,49.141657,2.967596
202000002148,12,8,2020,12,1,74,74258,1,1,1,7,Route du Col de Joux Plane,46.126251,6.711016
202000002149,23,8,2020,18,1,79,79188,1,1,1,3,,46.688758,-0.608765
202000002150,3,2,2020,15,1,66,66189,1,3,1,3,Chemin de Villeneuve de la Raho,42.653408,2.936383
202000002151,25,1,2020,9,1,51,51374,1,4,1,3,D45/D439,48.7890008,3.7833558
202000002152,23,8,2020,16,1,82,82112,1,1,1,5,Route de Laujol,44.148556,1.106658
202000002153,24,8,2020,19,1,69,69066,1,1,1,2,CD 308,46.061023,4.312348
202000002154,4,2,2020,10,1,51,51339,1,1,4,1,D2,48.875583,4.418644
202000002155,23,8,2020,9,1,69,69209,1,1,1,3,d10,46.2353704,4.4162128
202000002156,4,2,2020,13,1,56,56078,1,6,8,3,Z.A. Pen Mané (Arrêt de bus),47.807026,-3.464035
202000002157,24,8,2020,5,3,32,32233,1,1,1,6,D3,43.533985,0.160804
202000002158,24,8,2020,17,1,71,71351,2,1,1,2,25 Route de Lons-le-saunier,46.879826,5.269468
202000002159,4,2,2020,9,1,77,77032,1,1,2,1,N4,48.701133,3.255011
202000002160,23,8,2020,16,1,47,47203,1,1,1,1,D103,44.38737,0.806503
202000002161,2,2,2020,11,1,31,31351,1,1,1,3,Route de Mondonville,43.677199,1.306407
202000002162,23,8,2020,16,1,22,22194,2,1,1,3,rue des Écoles,48.651754,-3.631962
202000002163,4,2,2020,7,2,82,82044,1,1,1,6,1309 Route de Reynies,43.932324,1.381579
202000002164,22,8,2020,15,1,29,29160,1,1,1,7,Lieu-dit Kerhuel,48.483838,-4.410962
202000002165,4,2,2020,9,1,71,71187,1,1,2,4,N80,46.749337,4.505365
202000002166,24,8,2020,11,1,15,15051,1,1,1,6,rd04,44.982872,3.2899654
202000002167,3,2,2020,23,3,61,61486,1,1,2,6,La Cocquetiere,48.745837,-0.719962
202000002168,23,8,2020,19,1,72,72189,1,1,1,6,24 Rue de Bellevue,48.250763,0.311581
202000002169,4,2,2020,16,1,29,29293,2,1,1,6,route de Nevez,47.8534782,-3.8432279
202000002170,24,6,2020,23,3,50,50072,1,3,1,3,Route du Village Quintaine,49.083838,-1.48111
202000002171,3,2,2020,20,3,29,29160,1,1,2,7,Lieu-dit Kergoat,48.4734421,-4.4825168
202000002172,24,7,2020,19,1,45,45182,1,1,1,6,1795 Route de la Crimée,47.708274,1.772162
202000002173,22,1,2020,7,1,38,38229,2,1,1,7,Allée de la Piat,45.21094,5.77766
202000002174,24,8,2020,17,1,73,73128,1,1,1,-1,D1201 Route de l'Albanais,45.715241,5.917382
202000002175,3,2,2020,18,5,02,02173,2,6,3,3,94 Rue Anciens Combattants Afn Tom,49.627892,3.23631
202000002176,23,8,2020,7,1,18,18052,2,1,1,6,Rue Nationale,46.731188,2.638085
202000002177,12,8,2020,17,1,43,43224,1,6,1,3,Lieu Dit la Guide,45.256692,4.245197
202000002178,3,2,2020,12,1,70,70117,1,3,3,3,D619,47.6458929,6.779849
202000002179,23,8,2020,17,1,53,53051,1,1,1,7,N12,48.351636,-0.500731
202000002180,3,2,2020,5,5,70,70011,2,1,3,1,38 Route des 3 Fontaines,47.836843,6.489787
202000002181,23,8,2020,15,1,53,53029,1,1,1,6,La Potterie,47.778458,-0.579561
202000002182,2,2,2020,22,5,70,70297,2,3,2,1,D5,47.626731,5.630064
202000002183,6,8,2020,12,1,40,40231,2,3,1,2,2325 route de BAYONNE,43.56446,-1.180521
202000002184,4,2,2020,7,2,72,72291,1,1,2,3,Le Point du Jour,47.763705,0.017198
202000002185,18,8,2020,18,1,24,24015,1,1,7,7,Route de Proumeyssac,44.88512,0.943601
202000002186,19,8,2020,14,1,37,37047,2,1,1,1,9 Rue de la Choisille,47.4957932,0.6972541
202000002187,22,8,2020,12,1,30,30083,2,1,1,3,N113,43.727026,4.21934
202000002188,4,2,2020,11,1,60,60037,1,1,1,-1,rd 1032,49.5832541,3.0751156
202000002189,21,8,2020,21,3,30,30181,1,1,1,6,cd6110,43.897336,4.101999
202000002190,3,2,2020,21,5,60,60477,2,1,3,2,Route du Pont Qui Penche,49.4186791,1.9468117
202000002191,23,8,2020,1,5,08,08385,2,3,1,1,Rue des Genets,49.763846,4.769866
202000002192,3,2,2020,21,3,16,16328,1,1,1,1,Chez Mestraud (Saint-Laurent-de-Belzagot),45.3806958,0.1157945
202000002193,18,8,2020,16,1,31,31184,1,2,1,-1,24 Chemin Lalie Cisarol,43.585256,1.569221
202000002194,3,2,2020,16,1,40,40157,1,1,1,1,Route des Lacs,43.981791,-1.278083
202000002195,22,8,2020,3,3,67,67049,2,9,1,6,Rue du Lavoir,48.5036754,7.6079813
202000002196,4,2,2020,17,1,85,85160,1,1,1,6,La Domangère,46.61684,-1.41179
202000002197,24,8,2020,18,1,03,03277,1,1,1,2,A71,46.2801157,3.0503509
202000002198,24,8,2020,17,1,42,42256,1,4,1,6,Route de l'Hospitalet,45.480148,4.190399
202000002199,2,2,2020,18,3,13,13082,1,1,8,7,quartier Coustières,43.644274,5.319228
202000002200,24,8,2020,11,1,57,57333,1,1,1,2,Hommarting,48.749646,7.141199
202000002201,4,2,2020,11,1,38,38454,2,2,1,3,Route d'Izeron,45.153631,5.33468
202000002202,4,2,2020,9,1,33,33122,1,3,1,1,Chemin de la Croix d'Hins,44.732478,-0.725135
202000002203,23,8,2020,9,1,987,98725,1,1,1,5,Ahonu,-17.562591,-149.476051
202000002204,3,2,2020,18,3,13,13065,1,1,1,2,D17,43.683775,4.890938
202000002205,22,8,2020,22,5,987,98712,2,6,1,6,RT 2,-17.524964,-149.526608
202000002206,4,2,2020,9,1,13,13058,1,3,1,3,D17,43.71241,4.816518
202000002207,23,8,2020,9,1,988,98830,1,1,2,7,RPN2,-20.90733,165.1147
202000002208,4,2,2020,10,1,17,17264,2,1,1,6,6 avenue de la rochelle,46.203484,-1.160506
202000002209,4,2,2020,1,3,95,95604,2,1,1,6,D1017,49.1173497,2.5329548
202000002210,22,8,2020,17,1,973,97311,1,1,1,5,Route Apatou,5.403217,-54.062347
202000002211,4,2,2020,10,1,38,38053,1,1,7,2,A43,45.59734,5.27744
202000002212,23,8,2020,19,5,973,97304,2,1,1,1,Avenue de Pariacabo,5.155872,-52.659659
202000002213,4,2,2020,6,5,84,84054,2,6,1,3,Rond point de villevieille,43.92184,5.047878
202000002214,4,2,2020,6,2,38,38455,1,1,8,1,Route de Saint Romain de Joliénas,45.64607,5.30197
202000002215,24,8,2020,6,1,971,97116,2,3,1,1,N5,16.322147,-61.418306
202000002216,4,2,2020,7,2,81,81140,2,1,2,6,Avenue du Pont Saint Roch,43.701521,1.822309
202000002217,22,8,2020,4,5,971,97117,1,1,3,6,Route de Saint Protais,16.287327,-61.419148
202000002218,3,2,2020,18,5,33,33165,2,3,1,2,8 Avenue de Lignan,44.822901,-0.444582
202000002219,3,2,2020,7,5,22,22093,2,2,2,3,Rue de la Déhanne,48.474458,-2.556156
202000002220,13,8,2020,17,1,45,45324,2,2,1,3,Rue des Etangs-rue du moulin,47.791892,2.195554
202000002221,30,1,2020,8,1,01,01248,1,1,1,6,A46N   14.305 A 17.210,45.88252,4.89512
202000002222,15,8,2020,22,5,91,91386,2,8,1,6,Rue de Tournenfils,48.573929,2.448324
202000002223,31,1,2020,13,1,69,69029,1,9,1,2,RD 383  ,45.7304,4.8987
202000002224,23,8,2020,23,5,05,05063,1,1,1,6,D1091,45.046541,6.311672
202000002225,30,1,2020,23,3,59,59515,1,1,2,-1,AUTOROUTE A2,50.33372,3.446083
202000002226,23,8,2020,16,1,05,05063,1,1,1,-1,D1091,45.036205,6.221915
202000002227,30,1,2020,19,3,59,59378,1,1,1,3,ROUTE NATIONALE 356,50.644499,3.094989
202000002228,26,1,2020,18,3,59,59509,1,1,1,2,AUTOROUTE A21,50.3993406,3.1069207
202000002229,24,8,2020,10,1,04,04039,2,3,1,3,RD 4085,43.854711,6.501616
202000002230,3,2,2020,17,3,91,91340,1,1,2,4,AUTOROUTE A6,48.6057,2.4361
202000002231,24,8,2020,10,1,26,26058,1,1,1,4,autoroute du Soleil,44.979037,4.883595
202000002232,23,8,2020,17,1,57,57134,2,1,1,6,Rue de Verdun,49.118542,6.083727
202000002233,1,2,2020,23,5,94,94034,1,1,2,2,AUTOROUTE A86,48.76037,2.32017
202000002234,3,2,2020,7,2,92,92047,1,1,1,3,A13,48.8327031,2.1569367
202000002235,23,8,2020,19,1,74,74032,1,4,1,2,Route de Thonon,46.266232,6.537133
202000002236,2,2,2020,11,1,92,92078,1,1,2,6,AUTOROUTE A86,48.9311347,2.3235192
202000002237,23,8,2020,17,1,38,38061,1,1,1,6,Rue de la Charriere,45.335665,5.622007
202000002238,24,8,2020,18,1,69,69220,1,1,1,6,D4,45.749655,4.459167
202000002239,2,2,2020,5,3,93,93006,1,1,3,3,AUTOROUTE A3,48.86388,2.41433
202000002240,24,8,2020,18,1,69,69003,2,1,1,2,Avenue Henri Barbusse,45.861594,4.835261
202000002241,2,2,2020,0,3,95,95018,1,1,2,2,AUTOROUTE A15,48.9497,2.28052
202000002242,14,8,2020,15,1,69,69163,2,1,1,3,Route du Grand Veissieux,45.92108,4.755728
202000002243,2,2,2020,1,3,93,93027,1,1,2,1,BDL,48.9271,2.4035
202000002244,3,2,2020,4,3,77,77122,1,1,2,6,RN104,48.6624223,2.6136211
202000002245,2,2,2020,23,3,77,77146,1,1,3,-1,A4.Y,48.831567,2.646332
202000002246,2,2,2020,18,5,69,69259,2,1,2,1,CORSIERE (DE LA)                    (R ),45.6955,4.8611
202000002247,2,2,2020,7,2,69,69276,2,6,2,6,FEYZIN (DE)                             ,45.68707,4.86139
202000002248,20,8,2020,1,5,33,33109,2,2,1,5,D1113,44.697739,-0.447242
202000002249,2,2,2020,0,5,95,95585,2,2,2,3,8 MAI 1945 (AVENUE DU),48.97824,2.36774
202000002250,14,3,2020,7,3,72,72154,1,1,1,7,Route du Barreau,47.72239,-0.081362
202000002251,2,2,2020,4,3,83,83069,1,1,1,6,GARDE (CHEMIN DE LA),43.12565,6.09057
202000002252,23,8,2020,20,1,29,29238,1,1,1,6,D355,48.310516,-4.570699
202000002253,23,8,2020,20,1,29,29238,1,1,1,6,D355,48.310473,-4.570709
202000002254,2,2,2020,10,1,82,82121,1,1,1,1,1430 Route de Saint-nauphary,43.99371,1.38695
202000002255,23,8,2020,13,1,29,29042,1,1,1,7,D8 - Lieu-dit Kerloch,48.258456,-4.554525
202000002256,24,8,2020,7,2,27,27279,2,1,1,3,Route de Fourges,49.101774,1.615146
202000002257,1,2,2020,11,1,77,77305,2,3,3,3,BATEAU (RUE DU) - D39,48.38982,2.94602
202000002258,23,8,2020,18,1,60,60542,2,9,1,7,,49.401053,2.177653
202000002259,2,2,2020,20,5,69,69266,2,3,1,3,MURIERS    (Rue des),45.7625695,4.8819208
202000002260,2,2,2020,16,1,69,69256,2,1,2,2,8 MAI 1945 (DU)                     (AV),45.7887,4.9083
202000002261,23,8,2020,15,1,59,59054,1,1,1,-1,Route Departementale 933,50.761153,2.422037
202000002262,2,2,2020,18,2,64,64024,2,3,1,3,PLAGES (BOULEVARD DES),43.51816,-1.52374
202000002263,23,8,2020,19,1,13,13005,1,1,1,4,A50-Sens Aubagne vers Marseille,43.28888,5.54948
202000002264,2,2,2020,16,1,64,64024,2,1,1,2,SOURCES (PROMENADE DES),43.49714,-1.54312
202000002265,22,8,2020,12,1,69,69290,1,1,1,6,A43   3.865 A 9.894,45.70113,4.97078
202000002266,23,8,2020,0,3,69,69287,1,1,1,5,A43   9.894 A 13.029,45.6827524,5.0111167
202000002267,1,2,2020,12,1,54,54079,1,1,3,7,RD 657,48.87344,6.06281
202000002268,17,8,2020,20,1,42,42097,1,1,1,2,A72,45.51221,4.30145
202000002269,22,8,2020,8,1,57,57764,1,9,1,6,Autoroute A.31,49.45447,6.12087
202000002270,2,2,2020,4,3,45,45068,1,1,3,6,D 2007 -  PR 17 + 200,48.015,2.73975
202000002271,23,8,2020,19,1,91,91339,1,1,1,2,RN 104,48.62339,2.26772
202000002272,2,2,2020,17,5,38,38544,2,1,2,1,Rue Lafayette,45.5283271,4.8725098
202000002273,2,2,2020,12,1,35,35238,1,1,8,6,RN 136 PORTE DE BEAUREGARD,48.12343,-1.71861
202000002274,23,8,2020,3,3,91,91689,1,1,1,2,AUTOROUTE A6A,48.7453,2.32454
202000002275,2,2,2020,8,1,34,34172,2,2,1,3,ASSAS (AVENUE D'),43.61703,3.86115
202000002276,23,8,2020,21,3,92,92036,1,1,1,4,A86,48.9335031,2.2748584
202000002277,2,2,2020,22,5,33,33318,1,2,1,1,AVE DU GENERAL LECLERC,44.78237,-0.68887
202000002278,22,8,2020,21,4,93,93029,1,1,1,6,AUTOROUTE A86,48.91954,2.4281
202000002279,1,2,2020,22,5,14,14437,2,1,2,6,TOURVILLE (AVENUE DE),49.1853358,-0.3338853
202000002280,22,8,2020,21,3,94,94074,1,1,1,7,RN406.Y,48.7679129,2.4522546
202000002281,2,2,2020,20,5,13,13202,2,1,1,6,BASSINS DE RADOUB (BOULEVARD DES),43.3214,5.3628
202000002282,2,2,2020,18,5,13,13210,2,1,1,-1,PONT DE VIVAUX (BOULEVARD),43.2816344,5.4238523
202000002283,29,5,2020,17,1,67,67180,2,3,1,5,MOINES (RUE DES),48.8208816,7.7830378
202000002284,2,2,2020,16,1,13,13201,2,1,1,6,CANEBIERE     70 A FIN,43.29764,5.38156
202000002285,8,2,2020,3,5,05,05061,2,1,1,2,Rue Faure du Serre,44.56109,6.08023
202000002286,2,2,2020,4,5,13,13210,2,1,1,2,ACIERIES (BOULEVARD DES),43.276757,5.403617
202000002287,2,2,2020,3,5,07,07186,2,1,1,6,COUX (AVENUE DE),44.734986,4.604629
202000002288,2,7,2020,16,1,987,98735,2,2,9,6,CLEMENCEAU (RUE),-17.53759,-149.56219
202000002289,22,8,2020,20,1,69,69387,2,1,1,7,JEAN FRANCOIS RACLET                (AV),45.73412,4.83835
202000002290,2,2,2020,15,1,06,06069,2,1,1,6,LAC (CHEMIN DU),43.6483,6.9555
202000002291,22,8,2020,7,1,69,69259,2,1,2,-1,IRENE JOLIOT CURIE                  (BD),45.71584,4.87827
202000002292,2,2,2020,3,5,75,75113,2,4,3,-1,PORTE D ITALIE,48.817369,2.366121
202000002293,22,8,2020,18,1,972,97209,2,3,1,1,BISHOP (Avenue Maurice),14.61433,-61.05138
202000002294,2,2,2020,22,5,75,75106,2,3,2,3,RUE DE SEINE,48.856288,2.336607
202000002295,22,8,2020,11,1,972,97209,2,1,1,2,GENERAL DE GAULLE (BLD DU),14.60527,-61.06459
202000002296,21,8,2020,17,1,2B,2B033,1,1,1,1,CARDO - RT INFERIEURE DE,42.69386,9.43939
202000002297,2,2,2020,19,5,75,75106,2,1,2,6,BOULEVARD DU MONTPARNASSE,48.846325,2.317578
202000002298,21,8,2020,14,1,95,95585,2,1,1,3,GARGES (ROUTE DE),48.987117,2.379491
202000002299,2,2,2020,12,1,75,75106,2,2,8,3,BOULEVARD SAINT GERMAIN,48.85139,2.343174
202000002300,22,8,2020,14,1,95,95060,2,1,1,2,Rue de Pierrelaye,49.03641,2.20965
202000002301,22,8,2020,14,1,91,91161,2,1,1,2,PIERRE BROSSOLETTE (AVENUE),48.699599,2.311832
202000002302,2,2,2020,1,5,75,75105,2,2,2,4,RUE DES ECOLES,48.848902,2.347461
202000002303,21,8,2020,4,5,91,91201,2,2,2,7,REPUBLIQUE (PLACE DE LA),48.6862,2.40884
202000002304,2,2,2020,12,1,75,75119,2,2,2,3,AVENUE RENE FONCK,48.880434,2.408309
202000002305,22,8,2020,16,1,83,83069,1,1,1,4,SALINS ( ROUTE DES VIEUX),43.12066,6.1859
202000002306,22,8,2020,10,1,83,83069,2,1,2,3,DENIS (AVENUE ALPHONSE),43.12105,6.13422
202000002307,22,8,2020,17,1,78,78551,2,1,1,5,VIDAL (RAYMOND),48.89686,2.08001
202000002308,22,8,2020,20,2,78,78440,2,1,8,6,PIERRE PANLOUP (ALLEE),48.98433,1.9131
202000002309,22,8,2020,23,3,77,77459,1,1,1,6,R.D. 78,48.5269769,3.3457017
202000002310,22,8,2020,9,1,74,74010,2,2,1,3,JEAN JAURES,45.903635,6.12737
202000002311,22,8,2020,6,1,71,71153,2,1,1,6,PRESIDENT WILSON (RUE DU),46.7952867,4.4258525
202000002312,21,8,2020,17,1,71,71540,1,3,1,3,D984,46.7878501,4.4443368
202000002313,22,8,2020,14,1,69,69256,2,3,1,1,8 MAI 1945 (DU)                     (AV),45.78823,4.912597
202000002314,22,8,2020,12,1,60,60159,1,1,1,6,Rue Pierre Sauvage,49.41907,2.82607
202000002315,21,8,2020,19,1,59,59512,2,1,1,3,VAILLANT (RUE EDOUARD),50.67196,3.17178
202000002316,22,8,2020,8,1,59,59410,2,2,1,3,COLBERT RUE,50.63539,3.10176
202000002317,21,8,2020,13,1,35,35238,2,6,1,1,COLLIN (RENE),48.1326114,-1.6902306
202000002318,22,8,2020,9,1,34,34172,2,1,1,6,CHATEAU D'O (ROND-POINT DU),43.63117,3.8425
202000002319,22,8,2020,4,5,33,33063,2,7,1,3,PCE RAVESIES,44.86621,-0.57489
202000002320,22,8,2020,11,1,33,33009,2,1,1,6,MESTREZAT (BD),44.65197,-1.14764
202000002321,22,8,2020,17,1,30,30189,2,1,1,6,FONTAINE (QUAI),43.8384,4.3498
202000002322,21,8,2020,23,3,30,30189,1,2,1,3,MENDES FRANCE PIERRE (AVENUE),43.8143,4.39658
202000002323,20,8,2020,9,1,29,29039,2,3,1,6,D322 - Rue de Trégunc,47.871951,-3.906738
202000002324,21,8,2020,12,1,29,29019,2,2,1,1,56 Rue de Kermaria,48.4168997,-4.487026
202000002325,21,8,2020,22,2,25,25056,2,1,1,3,Avenue de Bourgogne,47.22151,5.97291
202000002326,22,8,2020,20,1,17,17300,2,1,1,7,ROMPSAY   AVENUE DE,46.161,-1.13705
202000002327,22,8,2020,10,1,15,15014,2,1,1,6,MARCHANDE (RUE),44.930536,2.445892
202000002328,21,8,2020,8,1,14,14578,1,1,1,6,R.D. 74,49.3686477,0.1327671
202000002329,3,8,2020,16,1,14,14117,2,2,1,6,GUILLAUME LE CONQUERANT (AVENUE),49.2859364,-0.1225606
202000002330,22,8,2020,21,5,13,13206,2,2,1,3,NOTRE DAME (BOULEVARD),43.288691,5.373103
202000002331,22,8,2020,22,5,06,06088,2,1,1,6,SAINT-SIAGRE (R.),43.70573,7.26577
202000002332,22,8,2020,21,5,06,06083,2,1,1,6,"FRANCE (AVENUE PORTE DE,N°53 ET +)",43.784185,7.517495
202000002333,22,8,2020,11,1,06,06029,2,1,1,2,CROISETTE (BOULEVARD DE),43.55141,7.01749
202000002334,21,8,2020,16,1,75,75116,2,1,1,2,PORTE DAUPHINE,48.869784,2.271684
202000002335,21,8,2020,18,1,75,75113,2,1,1,-1,PORTE D ITALIE,48.817884,2.35351
202000002336,22,8,2020,18,1,75,75105,2,2,1,6,RUE DES FOSSES SAINT MARCEL,48.83809,2.355953
202000002337,22,8,2020,17,1,75,75120,2,1,1,3,AVENUE GAMBETTA,48.863307,2.389016
202000002338,23,7,2020,10,1,2A,2A004,2,1,1,6,TERRASSES D'ASSUNTA RUE DES MAGNOLIAS,41.94553,8.75225
202000002339,19,7,2020,15,1,91,91477,2,1,7,4,EMILE BAUDOT (RUE),48.7211,2.2612
202000002340,23,7,2020,8,1,91,91691,2,1,7,6,GOURGAUD(AVENUE),48.73075,2.50342
202000002341,22,7,2020,15,1,91,91223,2,1,2,7,GUETTARD (RUE J.E.),48.444819,2.1670332
202000002342,22,7,2020,20,1,91,91223,2,1,1,2,SAINT MICHEL (BOULEVARD),48.45021,2.17204
202000002343,23,7,2020,10,1,87,87085,2,2,1,6,BARBES (RUE ARMAND),45.83907,1.26082
202000002344,21,7,2020,18,1,85,85194,2,1,1,2,Avenue de Talmont,46.4817,-1.7162
202000002345,22,7,2020,18,1,80,80021,2,1,1,6,RIOLAN (RUE),49.8884,2.31851
202000002346,22,7,2020,18,1,76,76540,2,2,1,3,FRANCE. QUAI DE,49.4399,1.0652
202000002347,22,7,2020,20,1,76,76351,2,1,1,1,SALVADOR ALLENDE (RUE),49.5045477,0.1400154
202000002348,22,7,2020,16,1,74,74118,1,1,1,3,SAINT-JULIEN (ROUTE DE),46.17152,6.21414
202000002349,22,7,2020,12,1,74,74012,2,1,1,6,BASTIN (RUE ALFRED),46.19176,6.23741
202000002350,23,7,2020,13,1,74,74010,2,1,1,6,ALBIGNY (AVE),45.90176,6.13022
202000002351,22,7,2020,21,5,73,73065,2,3,1,2,TURIN (AVENUE),45.5695318,5.9330445
202000002352,22,7,2020,21,5,67,67043,2,1,1,1,DIGUE (CHEMIN DE LA),48.6137475,7.7625997
202000002353,22,7,2020,7,2,67,67482,2,2,7,3,LYON (BOULEVARD DE),48.5749724,7.7339287
202000002354,23,7,2020,15,1,64,64445,2,1,1,3,124 Boulevard Tourasse,43.31131,-0.36527
202000002355,22,7,2020,17,1,64,64102,2,1,1,3,Boulevard du Bab,43.497096,-1.48776
202000002356,22,7,2020,15,1,64,64102,2,1,1,3,BAB (Boulevard),43.4925,-1.4653
202000002357,22,7,2020,16,1,62,62277,1,1,1,1,departementale ,50.39209,2.94209
202000002358,23,7,2020,17,1,61,61117,1,3,1,2,D1,48.424938,0.020149
202000002359,23,7,2020,16,1,59,59350,2,9,1,3,CHASSEURS DE DRIANT PLACE DES,50.6182493,3.0329293
202000002360,19,7,2020,17,1,59,59360,2,9,1,1,CHEVALIER DE L'ESPINARD RUE,50.61424,3.02753
202000002361,23,7,2020,11,1,52,52448,2,1,1,-1,27 Avenue de la République,48.637381,4.944678
202000002362,23,7,2020,19,1,51,51454,2,2,7,3,Rue Jean Jaurès,49.2610094,4.0489804
202000002363,20,7,2020,12,1,50,50129,2,1,1,3,MILLET (AVENUE JEAN-FRANCOIS),49.63377,-1.61829
202000002364,22,7,2020,17,1,49,49007,2,1,1,3,TARDAT,47.45057,-0.55278
202000002365,7,7,2020,11,1,44,44184,2,1,1,3,BROODCOORENS (RUE) DU 124 AU 176 - DU 11,47.26555,-2.25154
202000002366,22,7,2020,20,1,42,42071,2,2,1,3,Rue Ayel Salasse,46.02752,4.08406
202000002367,23,7,2020,14,1,42,42095,2,1,1,1,Rue de la Tour de Varan,45.39131,4.28313
202000002368,23,7,2020,13,1,38,38151,2,1,1,2,Cours Jean Jaurès,45.14937,5.70597
202000002369,23,7,2020,22,5,37,37261,2,1,1,-1,MIRABEAU (PONT),47.4004291,0.7008188
202000002370,23,7,2020,18,1,37,37261,2,3,1,2,VERDUN (RUE DE),47.4169302,0.6933571
202000002371,23,7,2020,16,1,37,37122,2,1,1,4,RD 37,47.3727657,0.6533272
202000002372,23,7,2020,23,5,35,35238,2,1,1,7,CLEMENCEAU (BD GEORGES),48.09401,-1.6774
202000002373,23,7,2020,9,1,35,35238,2,1,1,3,HERVE (BD GAETAN),48.090567,-1.666394
202000002374,14,7,2020,15,1,33,33039,2,2,1,6,BD JEAN-JACQUES BOSC / RUE LEON JOUHAUX,44.81556,-0.55143
202000002375,3,7,2020,17,1,33,33063,2,4,1,6,RUE DES IMPASSES / RUE CAMBON,44.82627,-0.55337
202000002376,3,7,2020,13,1,33,33063,2,2,1,6,CRS DE LA MARNE / RUE KLEBER,44.83018,-0.56979
202000002377,3,7,2020,7,1,33,33063,2,8,1,6,RUE CHARLES DOMERCQ,44.82534,-0.55704
202000002378,23,7,2020,21,2,33,33009,2,1,1,7,OCEAN (BD DE L'.),44.66023,-1.19077
202000002379,23,7,2020,0,5,31,31555,2,1,1,6,23 Boulevard d'Arcole,43.6113519,1.4397293
202000002380,22,7,2020,21,2,30,30189,2,6,1,2,HAROUN TAZIEFF (ROND POINT),43.83137,4.38158
202000002381,22,7,2020,9,1,27,27299,2,1,1,6,BRIAND (AVENUE ARISTIDE),49.04657,1.16217
202000002382,23,7,2020,19,1,26,26362,2,3,1,3,7 Rue André Lhote,44.91027,4.91917
202000002383,21,7,2020,17,1,22,22187,2,1,1,6,AVENUE DU TREGOR,48.564006,-2.758317
202000002384,23,7,2020,18,1,17,17300,2,1,1,7,REPUBLIQUE   BOULEVARD DE LA,46.1383,-1.1532
202000002385,23,7,2020,17,1,17,17299,2,1,1,3,73 Rue du Breuil,45.94635,-0.96802
202000002386,23,7,2020,16,1,15,15014,2,3,1,3,PUPILLES DE LA NATION (AVENUE DES),44.91975,2.4391
202000002387,23,7,2020,1,5,13,13216,2,1,1,7,LITTORAL (CHEMIN DU),43.35262,5.33784
202000002388,23,7,2020,4,5,13,13002,2,6,1,3,7 RMENT DE TIRAILLEURS ALGERIENS (AVENUE,43.3379687,5.472547
202000002389,23,7,2020,3,5,13,13206,2,1,1,3,PRADO (AVENUE DU),43.284,5.3848
202000002390,22,7,2020,19,1,13,13028,2,2,1,-1,SANDRAL (AVENUE MAURICE ),43.169303,5.603569
202000002391,22,7,2020,11,1,13,13004,1,1,1,4,RTE N113 MARSEILLE A BORBEAUX,43.678182,4.611199
202000002392,23,7,2020,15,1,10,10387,2,2,7,3,BLANQUI (RUE),48.299,4.05