Num_Acc,jour,mois,an,hr,condition_eclairage,departement,commune,condition_agglomeration,intersection,condition_atmosphere,type_collision,adresse,lattitude,longitude
202000002393,22,7,2020,16,1,10,10387,2,3,1,3,JEAN LEGUISE (RUE),48.29038,4.07179
202000002394,23,7,2020,11,1,06,06069,2,1,1,7,RIOU BLANQUET (AVENUE ET TRAVERSE),43.663847,6.933658
202000002395,23,7,2020,11,1,06,06069,2,1,1,6,MADELEINE,43.656677,6.934098
202000002396,22,7,2020,2,5,06,06004,1,6,1,6,NICE(RN.7) AV.ET RTE DE,43.612558,7.126362
202000002397,16,7,2020,17,1,06,06004,2,2,1,6,JEAN CH.ET RTE DE ST,43.58381,7.10639
202000002398,23,7,2020,8,1,75,75113,2,4,1,4,BOULEVARD PERIPHERIQUE,48.818711,2.370252
202000002399,21,7,2020,12,1,75,75118,2,1,1,7,BOULEVARD PERIPHERIQUE,48.900847,2.334437
202000002400,22,7,2020,18,1,75,75112,2,1,1,2,RUE TRAVERSIERE,48.849598,2.37509
202000002401,22,7,2020,15,1,75,75108,2,2,1,-1,RUE DE ROME,48.881972,2.320489
202000002402,23,7,2020,18,1,75,75118,2,3,1,6,RUE MARX DORMOY,48.886842,2.359627
202000002403,22,7,2020,12,1,75,75116,2,1,1,2,BOULEVARD PERIPHERIQUE INTERIEUR OUEST,48.854539,2.254923
202000002404,23,7,2020,12,1,75,75115,2,2,1,5,RUE PEGOUD,48.83457,2.266843
202000002405,23,7,2020,17,1,75,75114,2,3,1,6,RUE D ALESIA,48.832229,2.312869
202000002406,22,7,2020,23,5,75,75113,2,2,1,3,PONT CHARLES DE GAULLE,48.841918,2.367889
202000002407,22,7,2020,21,5,75,75111,2,1,1,3,BOULEVARD DE CHARONNE,48.857218,2.39286
202000002408,23,7,2020,16,1,75,75109,2,1,1,3,BOULEVARD DE ROCHECHOUART,48.883481,2.348325
202000002409,23,7,2020,10,1,75,75109,2,3,1,6,RUE SAINT LAZARE,48.875687,2.327774
202000002410,23,7,2020,12,1,75,75108,2,2,1,6,RUE DU FAUBOURG SAINT HONORE,48.868783,2.32185
202000002411,23,7,2020,0,5,75,75108,2,7,1,6,PLACE DE L ALMA,48.864283,2.302239
202000002412,23,7,2020,15,1,75,75107,2,2,1,3,AVENUE DE LOWENDAL,48.849416,2.303787
202000002413,23,7,2020,19,1,75,75102,2,5,1,3,RUE DE CLERY,48.867328,2.343942
202000002414,23,7,2020,17,1,75,75103,2,2,1,3,BOULEVARD DE SEBASTOPOL,48.866233,2.352534
202000002415,23,7,2020,6,1,75,75104,2,2,1,3,QUAI DE GESVRES,48.85723,2.347112
202000002416,22,7,2020,21,2,94,94081,2,3,1,3,ROUGET DE L ISLE (AV),48.7781,2.3965
202000002417,23,7,2020,17,1,94,94067,2,7,1,6,JOFFRE (AV),48.84742,2.41775
202000002418,22,7,2020,16,1,94,94041,2,1,1,1,JEAN COMPAGNON (QU),48.81949,2.39838
202000002419,21,7,2020,16,1,94,94033,2,2,1,3,PARMENTIER (AV),48.853553,2.452422
202000002420,23,7,2020,18,1,94,94054,2,2,1,3,VICTOIRE (AV DE LA),48.7451,2.3887
202000002421,22,7,2020,13,1,94,94017,2,3,7,3,ROGER SALENGRO (AV),48.8201,2.48174
202000002422,23,7,2020,21,5,93,93072,2,9,1,3,MAXIME GORKI (BOULEVARD) DES N°89 A ...,48.94547,2.38666
202000002423,23,7,2020,16,1,93,93070,2,1,1,4,JEAN-JAURES (BD),48.9149,2.33767
202000002424,23,7,2020,11,1,93,93070,2,1,1,6,MICHELET (AVE) : DU 1 AU 103,48.90693,2.34437
202000002425,23,7,2020,22,5,93,93048,2,1,1,6,PARIS (RUE DE),48.85786,2.43497
202000002426,23,7,2020,17,1,93,93010,2,2,1,3,COCHIN (RUE DENYS),48.8990757,2.4922026
202000002427,22,7,2020,18,5,92,92072,2,9,1,2,PAVE DES GARDES (ROUTE DU),48.8092392,2.2058699
202000002428,23,7,2020,15,1,92,92012,2,1,1,2,JEAN JAURES (BOULEVARD) 63/215 - 70/208,48.8383046,2.2408569
202000002429,23,7,2020,14,1,54,54238,1,1,1,4,RN57 sens EPINAL-NANCY,48.4116562,6.2328529
202000002430,24,7,2020,16,1,01,01248,1,1,1,3,Route de Lyon,45.890708,4.92685
202000002431,23,7,2020,14,1,83,83072,1,1,1,7,Chemin de la Table Ronde,43.503873,6.357248
202000002432,23,7,2020,12,1,41,41137,1,1,1,7,D1,47.521577,1.133866
202000002433,23,7,2020,18,1,81,81311,1,3,1,3,RD 612,43.711882,2.207093
202000002434,23,7,2020,16,1,60,60256,1,2,1,3,D129,49.297039,2.026865
202000002435,23,7,2020,17,1,60,60196,2,1,1,6,Rue Désiré Bailly,49.3010242,2.0892921
202000002436,23,7,2020,17,1,28,28309,1,1,1,7,Prunay-le-Gillon,48.349747,1.62323
202000002437,24,7,2020,7,1,974,97414,2,1,1,1,Pln du Gol,-21.283846,55.395373
202000002438,23,7,2020,1,5,59,59553,2,1,1,6,Avenue de l'Amitie,50.594465,2.964839
202000002439,22,7,2020,1,5,57,57269,2,6,1,6,Route de Thionville,49.298845,6.191483
202000002440,21,7,2020,15,1,57,57409,2,1,1,2,rue de Saint Avold,49.038415,6.752823
202000002441,23,7,2020,18,1,56,56178,2,3,1,3,Quai Niemen,48.065931,-2.968385
202000002442,21,7,2020,15,1,56,56175,2,6,1,6,D133,47.736329,-2.91407
202000002443,24,7,2020,16,1,81,81242,1,3,1,3,D14,43.515319,2.138085
202000002444,24,7,2020,7,2,61,61486,1,1,1,6,D22,48.733903,-0.705507
202000002445,23,7,2020,18,1,61,61198,1,1,1,6,Le Vau Benard,48.897565,0.207469
202000002446,23,7,2020,17,1,42,42227,1,1,1,4,Route d'Epezy,45.715634,3.915575
202000002447,23,7,2020,11,1,22,22232,1,6,1,3,D21,48.641452,-2.891142
202000002448,23,7,2020,21,3,44,44186,1,1,1,6,Le Rozay,47.073596,-1.85486
202000002449,24,7,2020,16,1,02,02373,2,1,1,3,24 La Chaussee de Hary,49.808558,3.918622
202000002450,23,7,2020,14,1,02,02810,2,1,1,2,61 Avenue de la Ferté - Milon,49.238461,3.098429
202000002451,23,7,2020,9,1,02,02543,2,1,1,3,43 rue Jean de la fontaine,49.169755,3.261952
202000002452,23,7,2020,12,1,03,03284,1,1,1,7,Le Moutier,46.4004451,3.5812378
202000002453,24,7,2020,17,1,03,03213,1,1,1,1,Route de Hérisson,46.4632717,2.6227127
202000002454,24,7,2020,16,1,15,15019,1,1,1,6,PK 61+400 - Sens décroissant - D922,45.299011,2.402658
202000002455,21,7,2020,10,1,70,70554,1,9,1,1,D48,47.887025,5.94281
202000002456,24,7,2020,11,1,26,26113,2,1,1,4,1347 Boulevard du Marechal Leclerc,44.751008,5.372835
202000002457,23,7,2020,17,1,14,14578,1,2,1,5,d288,49.355419,0.170814
202000002458,23,7,2020,18,1,04,04157,1,1,1,7,RD 953,43.8535673,6.1166423
202000002459,23,7,2020,11,1,85,85116,1,4,1,3,Rue des Artisans,46.421248,-1.390892
202000002460,14,7,2020,9,1,27,27643,1,1,2,7,N12,48.750159,1.0302335
202000002461,23,7,2020,5,2,30,30116,1,1,1,3,N100,43.940083,4.601303
202000002462,24,7,2020,11,1,48,48089,1,3,1,3,D4,44.844482,3.363233
202000002463,24,7,2020,15,1,88,88124,1,1,1,7,Route d'Attigny,48.082229,6.041563
202000002464,23,7,2020,17,1,34,34247,1,1,3,1,D145,43.702878,3.852489
202000002465,14,7,2020,1,3,06,06088,1,1,2,6,Autoroute A8 - PK 186+000 CHAUSSÉE SUD,43.671542,7.201586
202000002466,24,7,2020,9,1,38,38485,2,1,1,-1,Avenue de Grenoble,45.171455,5.695987
202000002467,24,7,2020,18,1,69,69143,2,1,1,3,53 Avenue Carnot,45.8863968,4.8315037
202000002468,24,7,2020,14,1,13,13051,1,1,1,2,"autoroute A7, pk 240+600, sens nord/sud",43.592763,5.176792
202000002469,23,7,2020,17,1,51,51205,1,1,1,2,A4,49.0339863,4.3901906
202000002470,18,7,2020,13,1,973,97312,1,1,8,7,Barrage de Petit Saut,5.060632,-53.050703
202000002471,23,7,2020,19,1,78,78068,1,1,1,7,A13,49.035055,1.461654
202000002472,24,7,2020,14,1,2B,2B314,1,1,1,7,D81,42.661421,9.27598
202000002473,24,7,2020,18,1,2A,2A041,1,1,1,3,T40,41.4031082,9.1588773
202000002474,24,7,2020,16,1,84,84019,1,1,1,7,D243,44.308741,4.735386
202000002475,22,7,2020,15,1,05,05014,1,1,1,6,D942,44.268159,5.762887
202000002476,23,7,2020,9,1,13,13062,1,1,1,5,D8,43.418235,5.499172
202000002477,20,7,2020,21,1,67,67519,1,1,1,1,Rue du Chemin de Fer,48.67051,7.825238
202000002478,23,7,2020,19,1,67,67188,1,6,1,2,D1420,48.5303215,7.3810299
202000002479,22,7,2020,20,1,54,54145,1,1,1,7,D2,48.6344401,6.3940001
202000002480,23,7,2020,12,1,57,57620,2,1,7,6,5 Avenue Gambetta,49.191622,6.002215
202000002481,23,7,2020,10,1,74,74160,1,1,7,3,1552 Route de la Grange,45.86007,6.352887
202000002482,24,7,2020,9,1,69,69127,2,1,1,1,Avenue des Alpes (Piste cyclable),45.7778434,4.7160985
202000002483,19,7,2020,16,1,86,86123,1,1,1,7,D6,46.560036,0.043449
202000002484,23,7,2020,8,2,72,72154,2,9,7,3,Avenue d'Obernkirchen,47.701386,-0.054932
202000002485,24,7,2020,9,1,22,22173,1,3,8,1,D34,48.559107,-2.576144
202000002486,24,7,2020,15,1,60,60341,1,6,1,-1,ROUTE NATIONALE 330,49.0849245,2.7571554
202000002487,23,7,2020,17,1,13,13202,2,1,1,2,A55-Sens Martigues vers Marseille,43.3087905,5.3664652
202000002488,6,7,2020,16,1,13,13215,1,1,1,3,A7-Sens Marseille vers Lyon,43.349594,5.369285
202000002489,23,7,2020,9,1,69,69297,1,1,1,5,A7  ,45.596327,4.7963415
202000002490,23,7,2020,17,1,33,33162,1,1,1,5,ROCADE A 630,44.86242,-0.65689
202000002491,23,7,2020,18,1,33,33281,1,1,1,5,ROCADE A 630,44.85393,-0.66482
202000002492,23,7,2020,10,1,33,33249,1,1,1,2,ROUTE NATIONALE 230,44.87939,-0.5098
202000002493,23,7,2020,7,1,94,94003,1,1,1,5,AUTOROUTE A6A,48.80971,2.33879
202000002494,12,2,2020,4,5,17,17300,2,1,8,6,RICHELIEU   RUE,46.16703,-1.15787
202000002495,8,2,2020,19,3,17,17028,1,1,1,2,RN137,46.14501,-1.10866
202000002496,7,2,2020,17,1,17,17300,2,1,8,4,REMPARTS   CHEMIN DES,46.16899,-1.15205
202000002497,12,2,2020,14,1,17,17200,2,1,1,6,HUIT MAI 1945   AVENUE DU,46.18325,-1.15247
202000002498,3,2,2020,11,1,17,17028,1,1,1,7,RN137,46.1438,-1.1076
202000002499,2,2,2020,13,1,17,17200,2,2,8,7,CLAVIER   AVENUE DU,46.18088,-1.16712
202000002500,2,2,2020,16,1,17,17291,2,2,8,3,BELGIQUE  RUE,46.17794,-1.11905
202000002501,2,2,2020,3,5,17,17300,2,9,3,6,SCIERIE   RUE DE LA,46.14738,-1.15295
202000002502,4,2,2020,9,1,17,17291,2,1,1,6,MARE  RUE DU FIEF DE LA,46.17945,-1.12865
202000002503,29,1,2020,7,5,17,17291,2,1,2,3,EUROPE  AVENUE,46.17769,-1.11682
202000002504,28,1,2020,13,1,17,17274,2,1,2,3,JOLIOT-CURIE   AVENUE,46.15468,-1.11149
202000002505,23,1,2020,20,5,17,17300,2,2,2,3,AMELOT   RUE,46.16019,-1.14646
202000002506,19,1,2020,7,5,17,17300,2,1,1,1,VERDIER   BOULEVARD ARTHUR,46.16222,-1.13932
202000002507,21,1,2020,8,1,26,26057,1,1,8,2,Route d’Alixan,45.0068,5.03706
202000002508,14,12,2020,5,4,22,22106,2,1,2,7,LANDELLE (RUE DE LA),48.49418,-2.7234
202000002509,13,12,2020,18,5,84,84007,2,1,1,2,CABRIERE ( Avenue de la ),43.92875,4.81272
202000002510,10,1,2020,6,3,76,76484,1,1,1,2,"Autoroute A13, PK 111.680 en direction de paris",49.337975,1.072049
202000002511,4,2,2020,14,1,92,92051,2,1,1,3,"BINEAU (BOULEVARD, N°53 A 131 ET 52 A 13",48.8888755,2.2739229
202000002512,18,2,2020,16,1,73,73232,1,1,1,5,D902,45.557394,6.89887
202000002513,23,12,2020,15,1,62,62193,2,2,2,6,LILLE (RUE DE),50.93792,1.85782
202000002514,18,12,2020,17,5,62,62765,2,9,1,6,AMIENS (RUE D'......),50.743956,2.259985
202000002515,14,12,2020,16,2,62,62065,2,1,3,3,DUCLOS ( PLACE JACQUES),50.413341,2.833282
202000002516,12,11,2020,18,5,75,75107,2,7,1,2,BOULEVARD RASPAIL,48.85136,2.326874
202000002517,11,9,2020,18,1,92,92051,2,1,1,3,CHARTRES (RUE DE ),48.8818627,2.2777744
202000002518,19,12,2020,19,5,94,94022,2,1,1,6,VICTOR HUGO (AV),48.7691321,2.4221045
202000002519,21,7,2020,18,1,59,59512,2,2,1,3,NOTTE (RUE JEAN BAPTISTE),50.67806,3.18545
202000002520,1,7,2020,23,5,59,59650,2,1,1,7,STALINGRAD (RUE DE),50.69535,3.20713
202000002521,28,6,2020,15,1,59,59512,2,1,1,6,HOMMELET (RUE DE L'),50.6964067,3.1821674
202000002522,28,5,2020,20,1,59,59367,2,1,1,6,FRESNOY (RUE DU),50.6748,3.2282
202000002523,20,5,2020,0,5,59,59512,2,2,1,3,MOTTE (AVENUE ALFRED),50.67384,3.19302
202000002524,18,5,2020,20,1,59,59299,2,3,1,3,SCHWEITZER (AVENUE DU DOCTEUR),50.6687,3.20161
202000002525,10,5,2020,7,2,59,59163,2,3,2,3,GARE (RUE DE LA),50.675346,3.144391
202000002526,12,12,2020,12,1,74,74128,1,1,2,3,Route des vallées RD9,46.151996,6.334455
202000002527,5,2,2020,16,3,35,35150,1,4,1,1,Chemin de la République,48.33305,-1.214218
202000002528,29,10,2020,11,1,45,45232,2,3,2,6, Rue de la Source- Rue Jules Marie Simon ,47.86417,1.90154
202000002529,27,10,2020,18,5,75,75116,2,4,2,4,BOULEVARD PERIPHERIQUE,48.840808,2.253915
202000002530,24,10,2020,14,1,75,75107,2,2,2,6,BOULEVARD DE LA TOUR MAUBOURG,48.85994,2.310178
202000002531,14,11,2020,23,5,74,74085,2,1,1,6,1438 Route de Notre Dame de la Gorge,45.810772,6.728278
202000002532,26,10,2020,0,5,74,74154,1,1,1,6,route départementale 1005,46.406142,6.675013
202000002533,10,11,2020,16,2,74,74116,1,3,5,3,372 Route de la Chapelle,46.065315,6.283661
202000002534,18,11,2020,17,2,58,58194,2,3,2,6,MARCEAU,46.9923,3.1597
202000002535,12,11,2020,12,1,75,75119,2,1,1,6,AVENUE DE FLANDRE,48.886166,2.37143
202000002536,27,8,2020,9,1,974,97409,1,9,1,6,Avenue des Mascareignes,-20.93501,55.64644
202000002537,22,6,2020,18,1,91,91105,2,1,1,6,11 Route d'Arpajon,48.567788,2.175478
202000002538,25,10,2020,17,5,75,75112,2,2,3,2,PONT DE BERCY,48.838626,2.376189
202000002539,8,10,2020,5,3,34,34300,1,1,1,3,A75 - PK 326+500,43.383078,3.308762
202000002540,12,12,2020,9,1,38,38458,1,3,3,-1,Route de Vezeronce,45.63937,5.47603
202000002541,12,7,2020,12,5,64,64422,1,1,1,1,1748 Route de Bayonne,43.209766,-0.64073
202000002542,22,10,2020,17,1,52,52121,1,1,1,7,RD 65 A,48.11568,5.11931
202000002543,16,10,2020,19,2,52,52121,2,1,1,2,THIERS (BLD),48.10891,5.14067
202000002544,22,8,2020,19,1,52,52125,2,1,1,1,R.D. 162,48.10854,5.17225
202000002545,15,9,2020,12,1,73,73290,1,1,1,7,D1006,45.28334,6.829606
202000002546,19,6,2020,20,1,59,59616,2,9,1,3,EDOUARD VAILLANT (RUE),50.472137,3.5657541
202000002547,23,8,2020,9,1,76,76498,2,2,1,6,JAURES. AVENUE JEAN,49.42517,1.05697
202000002548,10,9,2020,8,1,74,74133,1,1,1,1,ZONE (ROUTE DE),46.1776,6.214
202000002549,28,12,2020,18,5,43,43041,2,1,2,6,60 Avenue Charles Dupuy,45.04972,3.91801
202000002550,23,12,2020,14,1,54,54280,2,1,3,6,FRANCHEPRE (RUE DE),49.22782,6.01748
202000002551,6,2,2020,10,1,17,17028,2,1,1,2,FERRY   RUE JULES,46.13344,-1.119175
202000002552,6,2,2020,14,1,17,17300,2,2,1,3,ALBERT IER   RUE,46.16308,-1.15222
202000002553,3,2,2020,4,5,17,17274,2,6,1,3,LANGEVIN   AVENUE PAUL,46.16194,-1.09352
202000002554,24,12,2020,1,5,09,09225,2,1,9,2,FOIX AVENUE DE,43.10798,1.6177
202000002555,20,12,2020,21,5,09,09122,2,1,2,6,FAURE (COURS GABRIEL),42.96383,1.6077
202000002556,18,12,2020,7,2,09,09122,2,1,1,2,BARCELONE (AVENUE DE),42.9601037,1.615777
202000002557,30,9,2020,14,1,34,34108,2,9,1,-1,MATTEMALE (CHEMIN DE),43.4365738,3.7243907
202000002558,10,9,2020,21,3,34,34301,1,1,1,6,RD 612,43.3897,3.65
202000002559,5,9,2020,21,5,34,34301,2,3,1,3,VERDUN (BOULEVARD DE),43.411044,3.679082
202000002560,22,7,2020,13,1,34,34301,1,1,1,1,AGDE (ROUTE DE),43.36596,3.6131
202000002561,19,7,2020,18,1,34,34301,2,1,1,6,BARBUSSE HENRI (RUE),43.40511,3.6937
202000002562,14,7,2020,13,1,34,34108,2,9,1,7,MONTPELLIER (ROUTE DE),43.46232,3.766
202000002563,29,6,2020,8,1,34,34108,2,9,1,3,INGRIL (AVENUE D'),43.44712,3.80042
202000002564,10,6,2020,20,2,34,34301,2,7,1,1,LECLERC PHILIPPE MARECHAL (PROMENADE),43.3928,3.6913
202000002565,8,2,2020,16,1,72,72050,1,1,2,7,D35,47.97701,-0.241254
202000002566,28,9,2020,10,1,78,78481,2,2,2,6,GENERAL LECLERC (AVENUE DU),48.889,2.099
202000002567,7,10,2020,17,1,64,64445,2,1,1,6,MARGUERITE LABORDE,43.30005,-0.36806
202000002568,26,7,2020,19,1,38,38544,1,1,1,7,CD 41,45.5244096,4.8852274
202000002569,6,6,2020,10,1,30,30028,2,1,1,6,MAYRE (AVENUE DE LA),44.15675,4.62262
202000002570,6,7,2020,19,1,35,35012,2,2,1,3,rue JM La Mennais,47.840928,-1.680081
202000002571,30,11,2020,8,2,38,38544,2,4,1,3,Avenue Marcellin Berthelot,45.53993,4.87021
202000002572,28,11,2020,17,5,38,38104,2,2,1,3,D1516,45.58197,5.5815
202000002573,28,11,2020,16,1,38,38544,2,3,1,6,Quartier Lafayette,45.52782,4.89885
202000002574,26,11,2020,16,2,38,38054,1,2,1,1,D52,45.78083,5.44888
202000002575,25,11,2020,17,2,38,38053,2,3,1,3,Avenue de Champ - Fleuri,45.60385,5.2702
202000002576,25,11,2020,9,1,38,38170,2,1,1,7,Route de Lyon,45.250559,5.664911
202000002577,20,11,2020,14,1,38,38314,1,1,1,7,D288,45.43499,6.02932
202000002578,12,11,2020,17,2,38,38244,1,1,1,1,Route de Chalon - Route Départemntale 46,45.434245,4.932261
202000002579,12,11,2020,10,1,38,38053,2,1,1,6,Avenue Henri Barbusse,45.59562,5.26854
202000002580,20,10,2020,16,1,73,73300,1,1,1,1,Voie lacustre Bd Charcot,45.6797423,5.8938684
202000002581,26,10,2020,4,4,42,42095,2,9,2,6,Rue Trémollet,45.38397,4.28261
202000002582,22,12,2020,18,5,37,37261,2,1,2,6,ALOUETTE (AVENUE),47.36396,0.69935
202000002583,10,1,2020,14,1,92,92044,2,1,1,3,RIVAY (RUE),48.8941461,2.2896529
202000002584,15,6,2020,12,1,972,97213,1,1,1,2,RD 29 MORNE PITAULT,14.62024,-60.99343
202000002585,2,12,2020,21,5,93,93048,2,1,8,3,BD DE CHANZY,48.8594,2.42417
202000002586,18,11,2020,6,3,972,97213,2,1,1,3,ROUTE DEPARTEMENTALE 15,14.62157,-61.00648
202000002587,11,9,2020,23,3,974,97407,2,1,1,7,MARINE(BOULEVARD),-20.9502,55.2884
202000002588,8,6,2020,21,2,35,35115,2,1,1,6,10 rue Porte Saint-Léonard,48.350817,-1.20419
202000002589,14,5,2020,17,1,24,24557,2,9,1,3,AUTOMOBILE (AVENUE DE L'),45.20191,0.79908
202000002590,12,5,2020,7,1,58,58194,2,1,1,6,GENERAL DE GAULLE,46.98813,3.15399
202000002591,8,12,2020,17,5,60,60057,2,9,1,6,Rue de Buzanval,49.433158,2.086298
202000002592,26,12,2020,19,5,94,94058,2,2,1,3,GABRIEL PERI (AV),48.837156,2.513641
202000002593,23,10,2020,8,1,79,79329,2,2,8,3,Rue Ernest Pérochon,46.98633,-0.21662
202000002594,3,12,2020,18,5,91,91345,2,3,2,6,RUE PDT FRANCOIS MITTERRAND,48.69548,2.29447
202000002595,9,2,2020,5,5,13,13203,2,1,1,6,LOUBON (RUE),43.312448,5.380776
202000002596,14,10,2020,22,5,75,75111,2,2,1,3,BOULEVARD VOLTAIRE,48.856183,2.382832
202000002597,17,12,2020,11,1,16,16102,2,3,1,6,Boulevard Denfert Rochereau,45.69802,-0.32777
202000002598,22,12,2020,10,1,19,19276,2,9,1,6,Super U (Supermarché),45.439865,1.561834
202000002599,11,12,2020,16,1,01,01034,2,1,2,6,Boulevard du Mail,45.759454,5.690317
202000002600,23,10,2020,6,4,14,14664,1,1,1,6,la halbrennière,49.120568,-0.816336
202000002601,9,12,2020,13,1,973,97302,2,9,1,-1,RABAN (ROUTE DE),4.9346138,-52.3140085
202000002602,4,12,2020,10,1,973,97302,2,3,1,3,ZEPHIR (ROCADE),4.9379938,-52.3064141
202000002603,5,12,2020,16,1,63,63032,2,3,2,6,Rue de Montpoly,45.751174,3.0798277
202000002604,18,12,2020,18,3,91,91174,1,1,1,4,RN 104,48.62172,2.46305
202000002605,23,9,2020,12,1,976,97611,2,1,1,6,kaweni-Grande Traverse (rue de la),-12.76519,45.22521
202000002606,12,12,2020,8,1,976,97611,2,1,1,6,passamanty-Vahibé ( route ),-12.801,45.20713
202000002607,17,12,2020,7,1,976,97611,2,1,1,6,cavani-Baobab (ront point ),-12.78537,45.22622
202000002608,20,12,2020,17,1,976,97611,1,1,1,6,vahibe-Departementale 3 ( route ),-12.78603,45.1741
202000002609,22,12,2020,17,2,34,34172,2,1,5,6,GALOIS (ROND-POINT EVARISTE),43.608104,3.91162
202000002610,31,7,2020,6,2,07,07204,2,4,1,3,Rue de Rascle,45.0121403,4.4016143
202000002611,1,6,2020,15,1,19,19275,1,4,8,3,R.D. 1089 SUD,45.52806,2.29495
202000002612,14,8,2020,5,5,18,18279,2,2,1,-1,REPUBLIQUE (AVENUE DE LA),47.22227,2.0677
202000002613,21,12,2020,19,5,976,97611,1,1,1,6,kaweni-Centrale EDM (rue de la ),-12.77418,45.22336
202000002614,16,9,2020,18,1,07,07204,1,4,1,3,D9,45.016929,4.402835
202000002615,11,12,2020,17,5,68,68224,2,3,2,6,Rue des Vallons,47.7300197,7.3291065
202000002616,18,2,2020,16,1,36,36044,2,1,1,6,Boulevard de Cluis,46.80633,1.70036
202000002617,14,8,2020,12,1,976,97611,1,1,1,6,tsoundzou-Mangadzia  Tsoundzou 2 (rue ),-12.8196025,45.1962039
202000002618,23,9,2020,15,1,75,75108,2,1,1,3,RUE DE LABORDE,48.875489,2.317368
202000002619,24,12,2020,17,3,51,51078,1,1,2,1,D21,49.0923497,4.3531763
202000002620,15,11,2020,16,1,971,97129,1,1,1,3,Le Comté de Lohéac,16.343609,-61.717946
202000002621,29,9,2020,22,5,37,37214,2,1,1,7,LEBRUN (RUE HENRI),47.40081,0.67889
202000002622,29,9,2020,7,1,37,37261,2,7,2,6,JAURES (PLACE JEAN),47.3897932,0.6891889
202000002623,1,10,2020,15,1,75,75119,2,6,8,3,PLACE DU COLONEL FABIEN,48.877759,2.370602
202000002624,4,1,2020,14,1,92,92024,2,1,1,3,GENERAL LECLERC (BD DU) (9 A 59) ET (4 A,48.9073258,2.3085801
202000002625,30,5,2020,7,1,92,92025,2,1,1,7,VALMY > 1 A 53   2 A 66 (BD DE),48.9240637,2.2525922
202000002626,7,8,2020,6,1,45,45234,2,1,1,6,Avenue Roger Secretain,47.88547,1.8972
202000002627,10,7,2020,19,1,26,26362,2,1,1,2,CHABEUIL AVENUE DE (102),44.93097,4.90304
202000002628,16,12,2020,19,3,69,69256,2,3,1,7,GEORGES DIMITROV                    (AV),45.77713,4.92472
202000002629,22,11,2020,13,1,988,98802,1,1,1,7,"PK 91 +250, RT1 OUAMENIE",-21.849788,165.93662
202000002630,2,12,2020,16,1,29,29019,2,2,2,3,Boulevard de l’Europe,48.41628,-4.46826
202000002631,26,8,2020,14,1,02,02408,2,1,1,6,TIMBAUD (RUE PIERRE),49.56312,3.63647
202000002632,10,8,2020,15,1,976,97611,2,1,1,6,doujani-Mouhindi Hassani (rue ),-12.7932485,45.2162089
202000002633,8,6,2020,11,1,976,97611,2,1,1,6,tsoundzou-Maternelle ( rue de la ),-12.80621,45.20751
202000002634,14,5,2020,11,1,976,97611,2,1,1,6,passamanty-Manguiers (quartier les),-12.79978,45.20333
202000002635,24,12,2020,16,1,976,97611,2,1,1,6,doujani-Mosquée doujani ( rue ),-12.79311,45.20946
202000002636,2,10,2020,18,1,74,74008,2,6,2,3,PAIX (RUE DE LA),46.19641,6.21934
202000002637,24,10,2020,15,1,59,59122,2,1,2,6,DUNKERQUE (AVENUE DE),50.1823091,3.2357313
202000002638,18,12,2020,16,2,22,22106,2,1,1,2,SEGUIN (RUE MARC),48.49241,-2.72728
202000002639,6,11,2020,17,1,987,98725,2,1,1,-1,RT 2,-17.506798,-149.485801
202000002640,17,8,2020,11,1,2A,2A004,2,1,1,4,AVENUE DU DOCTEUR NOEL FRANCHINI,41.93999,8.75625
202000002641,1,11,2020,15,1,82,82121,2,5,1,6,LIBERATION (PLACE DE LA ),44.022418,1.361189
202000002642,9,10,2020,15,1,49,49246,2,2,2,6,Avenue Gallieni,47.43764,-0.51131
202000002643,23,11,2020,16,1,26,26281,2,1,1,6,VOLTAIRE (BOULVEVARD),45.044636,5.057455
202000002644,18,9,2020,13,1,75,75119,2,3,1,6,RUE DE SOISSONS,48.885785,2.370954
202000002645,1,10,2020,12,1,69,69227,1,1,2,1,D122,45.678497,4.568619
202000002646,8,12,2020,16,2,45,45208,2,1,8,6,Rue du Faubourg de la Chaussee,47.99793,2.73908
202000002647,12,8,2020,20,1,09,09261,2,3,1,3,77 Route de Foix,42.99179,1.155211
202000002648,10,12,2020,18,5,54,54526,2,3,1,6,PAIX (AVENUE DE LA),48.68758,6.21109
202000002649,19,10,2020,14,3,49,49007,2,1,1,6,FOCH BOULEVARD,47.47223,-0.54624
202000002650,22,10,2020,11,1,94,94016,2,1,1,6,CAMILLE DESMOULINS (R),48.79,2.33097
202000002651,31,8,2020,14,1,09,09261,1,1,1,1,D117,42.999233,1.134832
202000002652,26,8,2020,7,2,09,09209,1,1,1,6,D117,42.993411,1.165892
202000002653,14,6,2020,0,5,13,13208,2,1,1,6,POMPIDOU (PROMENADE),43.2632229,5.3741025
202000002654,12,7,2020,12,1,76,76157,1,1,1,3,VAUPALIERE. ROUTE DE LA,49.4635546,1.0201138
202000002655,23,5,2020,9,1,76,76540,2,7,1,6,CAUCHOISE. PLACE,49.44566,1.0867
202000002656,2,9,2020,9,1,59,59011,2,1,1,6,2 Rue Singer,50.5302583,2.9352707
202000002657,24,11,2020,7,3,33,33063,1,1,1,6,Parking hôpital Pellegrin,44.82857,-0.60706