Num_Acc,jour,mois,an,hr,condition_eclairage,departement,commune,condition_agglomeration,intersection,condition_atmosphere,type_collision,adresse,lattitude,longitude
202000002658,2,3,2020,10,1,13,13213,2,1,2,6,ALBERT EINSTEIN (RUE),43.339234,5.439686
202000002659,24,6,2020,19,1,45,45298,2,1,1,1,MOINES (RUE DES),47.886257,1.873446
202000002660,26,6,2020,17,1,45,45234,2,1,1,1,Rue du Faubourg Bannier,47.9175508,1.8987048
202000002661,30,11,2020,11,1,13,13001,2,2,1,3,EUROPE (AV),43.52361,5.43713
202000002662,27,9,2020,11,1,95,95197,2,3,2,3,Boulevard de Montmorency,48.9780587,2.316758
202000002663,23,11,2020,16,1,64,64102,2,6,1,3,6 CHEMIN DES BARTHES,43.4983,-1.49356
202000002664,27,7,2020,21,1,93,93005,2,1,1,6,AULNES (RUE DES),48.949204,2.507114
202000002665,9,10,2020,6,5,92,92025,2,1,2,3,G.PERI 194 A 416   249 A 435 (RUE),48.9172096,2.236281
202000002666,19,11,2020,19,5,13,13075,2,1,1,3,LIBERATION (AVE DE LA),43.3411223,5.456899
202000002667,18,9,2020,8,1,06,06029,2,1,9,6,ST PIERRE (QUAI),43.55086,7.01237
202000002668,4,4,2020,9,1,976,97611,2,1,1,7,kaweni-Kaweni sud  (Z I),-12.77257,45.22316
202000002669,18,11,2020,14,1,01,01053,2,3,1,6,Rue du Grand Challes,46.220242,5.234002
202000002670,9,7,2020,15,1,976,97611,2,9,1,6,cavani-Belle vue (rue),-12.78652,45.21953
202000002671,6,7,2020,16,1,976,97611,2,1,1,6,kaweni-Caserne ( rue de la ),-12.7757,45.22455
202000002672,4,12,2020,11,1,64,64284,2,1,1,6,CHARLES DE GAULLE,43.28736,-0.39055
202000002673,21,11,2020,20,5,41,41018,2,1,1,1,PORTE COTE (RUE),47.58707,1.33165
202000002674,21,9,2020,10,1,02,02722,2,6,1,6,CHATEAU-THIERRY ( AVENUE DE ),49.37073,3.32978
202000002675,13,9,2020,18,1,02,02722,2,6,1,3,REPUBLIQUE  (PLACE DE LA),49.37638,3.32966
202000002676,26,5,2020,11,1,02,02408,2,1,1,7,BASSELET (RUE VICTOR),49.57443,3.61847
202000002677,6,2,2020,14,1,02,02408,2,1,1,6,BROSSOLETTE (BOULEVARD PIERRE),49.569548,3.608654
202000002678,26,2,2020,7,2,02,02408,2,1,8,6,MENDES-FRANCE (AVENUE PIERRE),49.58008,3.64256
202000002679,30,11,2020,0,5,92,92051,1,1,1,2,RN13,48.8867061,2.2546938
202000002680,29,11,2020,9,1,93,93053,1,1,1,6,AUTOROUTE A3,48.89251,2.47303
202000002681,28,11,2020,23,3,93,93048,1,1,1,6,AUTOROUTE A86,48.8615,2.4837
202000002682,30,11,2020,8,1,77,77258,1,1,1,3,A4.W,48.8302104,2.6272623
202000002683,28,6,2020,3,5,14,14079,2,1,1,1,MICHEL D'ORNANO (AVENUE),49.33241,0.01466
202000002684,14,6,2020,4,5,14,14220,2,3,1,-1,REPUBLIQUE (AVENUE DE LA),49.35598,0.07033
202000002685,30,11,2020,7,1,988,98818,2,1,1,2,VOIE DE DEGAGEMENT EST,-22.27953,166.46408
202000002686,29,11,2020,20,5,988,98818,2,1,1,6,GERVOLINO (RUE MARCEL),-22.24155,166.46334
202000002687,29,11,2020,8,1,974,97416,1,1,7,7,Boulevard Hubert Delisle,-21.3425,55.46562
202000002688,29,11,2020,14,1,69,69387,2,3,1,3,GAMBETTA                            (CO),45.75,4.85827
202000002689,28,11,2020,10,1,69,69266,2,9,1,-1, FRANCIS DE PRESSENSE (Rue),45.7717,4.87964
202000002690,29,11,2020,19,5,64,64102,2,2,1,3,ALSACE LORRAINE (BOULEVARD),43.4947,-1.46858
202000002691,12,10,2020,7,2,62,62893,2,9,1,1,SAINT SAENS ( Rue Camille ),50.78014,1.62819
202000002692,28,11,2020,11,1,61,61169,2,2,1,3,BELFORT (RUE DE),48.74479,-0.56703
202000002693,28,11,2020,11,1,59,59350,2,1,1,3,HUGO VICTOR  BVD N°104 - 294,50.6218378,3.0602711
202000002694,29,11,2020,19,5,35,35238,2,1,1,3,CHARPENTIER (GUSTAVE),48.12597,-1.65749
202000002695,30,11,2020,0,5,33,33550,2,1,1,6,CHEM DE CAMPARIAN,44.77332,-0.57594
202000002696,29,11,2020,2,5,25,25056,2,1,1,6,BLUM  BOULEVARD LEON (inf 51),47.25709,6.02153
202000002697,29,11,2020,13,1,17,17306,2,2,1,3,PALISSY BERNARD,45.630039,-1.035474
202000002698,29,11,2020,15,1,13,13209,2,1,1,3,GUSTAVE GANAY (BOULEVARD),43.26601,5.4004
202000002699,29,11,2020,12,1,13,13208,1,1,1,3,RABATAU (BOULEVARD),43.274514,5.3944546
202000002700,28,11,2020,11,1,09,09122,2,7,2,6,SAINT JAMMES (RUE),42.9641172,1.6050459
202000002701,28,11,2020,10,1,04,04112,2,4,1,3,RD 907 / Pl. Dr Caire,43.8311899,5.7784498
202000002702,28,11,2020,18,5,03,03185,2,2,1,3,Rue Neuve,46.3569078,2.5919157
202000002703,29,11,2020,20,5,75,75114,2,4,1,2,PORTE DE CHATILLON,48.821922,2.316733
202000002704,29,11,2020,2,5,75,75114,2,1,1,2,PORTE DE CHATILLON,48.82352,2.310358
202000002705,29,11,2020,18,5,75,75116,2,1,2,2,PORTE MAILLOT,48.877655,2.280344
202000002706,29,11,2020,21,5,75,75112,2,2,1,3,PONT D AUSTERLITZ,48.845849,2.36763
202000002707,29,11,2020,18,5,75,75108,2,3,1,2,BOULEVARD MALESHERBES,48.875677,2.318852
202000002708,29,11,2020,16,1,94,94078,2,1,1,6,PRESIDENT JOHN FITZGERALD KENNEDY (AV DU,48.73332,2.46
202000002709,29,11,2020,14,1,94,94046,2,2,8,3,GENERAL LECLERC (AV DU),48.80573,2.44084
202000002710,29,11,2020,9,1,94,94069,2,2,1,3,JOHN FITZGERALD KENNEDY (AV),48.81497,2.46311
202000002711,29,11,2020,17,5,93,93048,2,1,1,3,PARIS (RUE DE),48.8562794,2.4262145
202000002712,29,11,2020,18,5,93,93027,2,1,1,2,LECLERC (AVENUE DU GENERAL),48.92711,2.38001
202000002713,29,11,2020,10,1,93,93010,2,1,1,1,MOULIN (AV. JEAN) COTE PAIRS,48.912531,2.4777481
202000002714,29,11,2020,16,2,92,92072,2,1,1,7,PAVE DES GARDES (ROUTE DU),48.8115283,2.2109543
202000002715,19,11,2020,15,1,92,92063,2,4,1,3,HOPITAL STELL (BOULEVARD DE L'),48.87694,2.18663
202000002716,16,11,2020,8,2,92,92063,2,1,1,3,BONAPARTE (AVENUE NAPOLEON) NORD,48.87447,2.16723
202000002717,29,11,2020,8,2,92,92024,2,6,1,3,REPUBLIQUE (PLACE DE LA),48.9033792,2.3128822
202000002718,29,11,2020,17,5,92,92007,2,6,1,3,FROIDE (RUE),48.7970396,2.3017712
202000002719,29,11,2020,19,5,92,92004,2,9,1,1,ARGENTEUIL N° 176 A 388,48.9239615,2.2754326
202000002720,28,11,2020,20,5,92,92004,1,1,1,3,PONT DE CLICHY,48.910221,2.299212
202000002721,27,11,2020,20,3,01,01261,1,1,1,1,D82,45.96591,4.938344
202000002722,29,11,2020,19,3,31,31497,1,1,1,6,55 Route de Castelmaurou,43.696034,1.490297
202000002723,29,11,2020,17,3,63,63406,1,1,1,7,D51,45.974761,3.212771
202000002724,29,11,2020,20,5,974,97414,2,1,1,1,Rue François de Mahy,-21.289179,55.417206
202000002725,30,11,2020,7,2,51,51075,1,1,5,1,Route de Fresne,49.3278913,4.1019017
202000002726,29,11,2020,16,1,56,56078,1,2,1,2,ZI de la Garderie,47.817005,-3.487244
202000002727,30,11,2020,7,2,79,79334,1,1,1,1,,46.148725,-0.580173
202000002728,28,11,2020,18,3,65,65473,1,1,1,7,D921 Route de Luz,42.942287,-0.052528
202000002729,29,11,2020,10,1,63,63331,1,1,1,7,D67,45.50473,3.934286
202000002730,24,11,2020,11,1,49,49378,1,6,1,3,Route de Vernantes,47.308656,-0.031049
202000002731,27,11,2020,10,1,86,86145,1,1,1,6,Route de la Royaute,46.497126,0.250551
202000002732,28,11,2020,13,1,39,39478,1,1,1,6,Route reliant Cuttura à Valfin les Saint Claude,46.431271,5.84459
202000002733,27,11,2020,21,4,39,39073,2,1,1,6,4 Rue des Rosiers,46.870985,5.62397
202000002734,29,11,2020,15,1,29,29105,1,1,1,7,D712 - Lieu-dit Canardic,48.498884,-4.092815
202000002735,15,10,2020,7,5,29,29061,1,1,1,7,D788 - Pen Ar Valy,48.439002,-4.465844
202000002736,30,11,2020,17,3,03,03025,1,1,1,2,RN 7 - PK 026.950,46.473246,3.367653
202000002737,29,11,2020,16,2,14,14124,1,1,1,6,124,49.331121,-1.015399
202000002738,28,11,2020,12,1,18,18165,1,1,1,6,D22,47.320054,2.194401
202000002739,1,11,2020,13,1,07,07080,1,1,1,3,LIEU DIT MALLEVAL,45.060404,4.430645
202000002740,30,11,2020,14,1,04,04049,2,2,1,2,Rue Henri Merle / Cours Péchiney,44.071488,5.996642
202000002741,30,11,2020,9,1,27,27084,1,1,5,5,les noes,49.3099,0.85114
202000002742,29,11,2020,14,1,17,17346,2,1,1,6,32 Avenue du Pont Suspendu,45.922741,-0.897
202000002743,27,11,2020,17,2,87,87168,1,1,1,3,"RD 699, LE REMLAI",45.710225,0.795329
202000002744,28,11,2020,6,3,21,21423,1,1,1,2,A6,46.993719,4.856129
202000002745,11,7,2020,9,1,971,97103,1,6,1,2,RN2 - Rond point de Wonche,16.259442,-61.617701
202000002746,28,11,2020,19,3,51,51087,1,1,1,5,A26,48.8572704,4.2852978
202000002747,12,11,2020,13,1,975,97502,1,1,1,1,Boulevard de Port-En-Bessin,46.775094,-56.165612
202000002748,30,11,2020,2,3,45,45290,1,1,8,6,53 route de gien,47.852378,2.288471
202000002749,29,11,2020,12,1,83,83068,1,1,1,7,2094 Route de Sainte Maxime,43.276819,6.562105
202000002750,30,11,2020,7,2,71,71176,2,1,1,6,Boulevard de Macon,46.4765651,4.0005095
202000002751,30,11,2020,7,5,57,57620,2,6,1,6,21 Avenue Gambetta,49.191373,6.003824
202000002752,26,11,2020,18,2,73,73079,1,1,1,6,"D204 Lieu dits ""le pont""",45.5512065,6.2072763
202000002753,29,11,2020,10,1,44,44074,2,2,1,3,rue jean jaurès,47.199423,-1.670512
202000002754,26,11,2020,1,3,14,14469,1,1,1,7,Route départementale n°90,48.905845,-0.016952
202000002755,30,11,2020,17,5,14,14047,2,1,8,4,Boulevard du 6 Juin,49.279103,-0.718768
202000002756,29,11,2020,7,5,29,29006,2,1,1,6,D44 - Route de Fouesnant,47.8777022,-4.0876252
202000002757,26,11,2020,20,3,22,22054,1,1,2,7,Rue de Clairville,48.629661,-2.432045
202000002758,30,11,2020,7,2,60,60257,1,1,5,1,D923,49.256266,1.98947
202000002759,29,11,2020,12,1,13,13055,1,1,1,2,A507 sens Aubagne- Marseille,43.28961,5.4247
202000002760,27,11,2020,19,3,13,13071,1,1,1,7,A7-Sens Marseille vers Lyon,43.403392,5.344528
202000002761,27,11,2020,18,3,13,13106,1,1,1,3,A7-Sens Lyon vers Marseille,43.3878,5.3508
202000002762,27,11,2020,9,1,13,13088,1,1,1,2,A55-Sens Martigues vers Marseille,43.38677,5.24186
202000002763,28,11,2020,13,1,69,69081,1,1,1,3,BPNL   34.000 A 34.614,45.77234,4.78962
202000002764,29,11,2020,21,3,33,33065,1,1,1,6,ROUTE NATIONALE 230,44.81391,-0.52083
202000002765,27,11,2020,23,3,91,91161,1,1,1,4,AUTOROUTE A6,48.70321,2.3071
202000002766,26,7,2020,21,5,67,67180,2,1,1,1,MARX (RUE),48.820301,7.800024
202000002767,27,11,2020,19,5,987,98735,2,2,1,3,PRINCE HINOI (AVENUE BLOC STATION TAUNOA,-17.53209,-149.55616
202000002768,28,11,2020,14,1,974,97416,2,3,1,3,PRESBYTERE(RUE),-21.33504,55.47344
202000002769,28,11,2020,17,1,974,97409,2,3,1,3,CAMBUSTON (rue de),-20.93204,55.64342
202000002770,28,11,2020,8,1,974,97409,1,9,1,5,RN2 Sens Saint Benoit Saint Denis,-20.96018,55.65764
202000002771,28,11,2020,19,3,974,97407,2,1,1,6,VOIE DE LIAISON PORTUAIRE EST/ OUEST,-20.9301,55.30214
202000002772,28,11,2020,18,2,973,97302,2,1,1,7,MANDELA  (BOULEVARD),4.9378312,-52.3260999
202000002773,28,11,2020,11,1,972,97213,1,1,1,3,AUTOROUTE A1,14.6183297,-61.0324001
202000002774,27,11,2020,22,5,972,97209,2,1,1,6,BISHOP (Avenue Maurice),14.61317,-61.0524
202000002775,27,11,2020,15,1,69,69385,2,1,1,7,PAUL DUQUAIRE                       (PL),45.7626979,4.8806658
202000002776,28,11,2020,0,5,971,97101,1,9,1,6,DOTHEMARE,16.2673,-61.5175
202000002777,27,11,2020,7,1,971,97105,2,1,1,6,CHAMP D'ARBAUD (RUE DU),15.9941253,-61.7262876
202000002778,28,11,2020,14,1,91,91549,2,1,7,6,REGIMENT NORMANDIE-NIEMEN (AVENUE DU),48.6376,2.32856
202000002779,28,11,2020,11,1,83,83137,2,1,2,5,FAVIERES (CHEMIN DES),43.151784,5.9683925
202000002780,28,11,2020,22,5,81,81163,2,9,1,6,PONT DE CAVILLE,43.49347,2.37609
202000002781,28,11,2020,8,2,78,78481,2,1,1,3,Pont Georges Pompidou,48.897918,2.107094
202000002782,27,11,2020,7,1,71,71270,2,1,1,3,LUMIERE (RUE DES FRERES),46.2869588,4.8202444
202000002783,28,11,2020,18,5,69,69115,2,6,1,2,LOUP (chemin du),45.9777633,4.7077216
202000002784,28,11,2020,17,3,68,68056,1,1,5,6,19ème Dragon (rue),47.71316,7.33314
202000002785,28,11,2020,23,5,64,64024,2,1,1,6,CHAMBRE D'AMOUR (AVENUE DE LA),43.4949444,-1.5319072
202000002786,28,11,2020,11,1,64,64102,2,1,1,2,RESPLANDY (AVENUE DU CAPITAINE),43.4854407,-1.4600827
202000002787,27,11,2020,22,5,60,60175,2,1,1,6,PASCAL (RUE BLAISE),49.25521,2.48675
202000002788,26,11,2020,15,1,54,54431,2,1,1,2,CHAMPAGNE (AVENUE DE),48.91329,6.05686
202000002789,28,11,2020,8,1,54,54304,2,3,5,3,MOSELLE (RUE DE LA),48.69866,6.13247
202000002790,28,11,2020,10,1,44,44162,2,1,7,6,RUE OCEANE,47.2248,-1.62597
202000002791,28,11,2020,10,1,37,37233,2,6,1,6,JAURES (BOULEVARD JEAN),47.3920986,0.7255387
202000002792,28,11,2020,19,5,35,35238,2,1,2,7,Loriettes (Rue des),48.08395,-1.67807
202000002793,27,11,2020,17,5,25,25056,2,2,1,3,CHURCHILL BD WINSTON,47.24648,5.99794
202000002794,28,11,2020,18,3,17,17142,1,1,1,7,N11,46.18181,-1.0877
202000002795,28,11,2020,18,5,15,15014,2,1,1,3,JORDANNE (RUE DE LA),44.91403,2.44244
202000002796,24,11,2020,18,5,14,14327,2,1,1,6,LION CD60 (ROUTE DE),49.2064,-0.3509
202000002797,28,11,2020,17,5,13,13208,2,1,1,3,RABATAU (BOULEVARD),43.2733231,5.392718
202000002798,28,11,2020,6,5,13,13214,2,1,1,3,LAVOISIER (BOULEVARD),43.33839,5.36737
202000002799,25,11,2020,17,5,13,13001,2,2,1,3,BELLEC MAURICE (RTE DU COLONEL),43.5768957,5.4103899
202000002800,28,11,2020,1,5,06,06088,2,1,1,5,PAPE JEAN XXIII (BD),43.714745,7.294716
202000002801,28,11,2020,17,2,06,06123,2,1,1,7,BORD DE MER RN 98,43.658,7.1853
202000002802,28,11,2020,12,1,75,75105,2,7,1,6,RUE GEOFFROY SAINT HILAIRE,48.839989,2.356407
202000002803,28,11,2020,23,5,75,75120,2,7,1,6,PLACE GAMBETTA,48.864884,2.398823
202000002804,27,11,2020,14,1,75,75120,2,3,1,3,RUE DES PYRENEES,48.867538,2.396397
202000002805,28,11,2020,12,1,75,75118,2,3,1,-1,AVENUE DE LA PORTE D AUBERVILLIERS,48.899841,2.370251
202000002806,28,11,2020,14,1,75,75116,2,1,1,2,VOIE GEORGES POMPIDOU,48.853611,2.282747
202000002807,28,11,2020,20,5,75,75113,2,7,1,2,BOULEVARD DE L HOPITAL,48.831942,2.355758
202000002808,28,11,2020,13,1,75,75112,2,2,1,6,ROUTE DE LA FERME,48.823811,2.457696
202000002809,28,11,2020,18,2,75,75111,2,1,1,4,AVENUE PHILIPPE AUGUSTE,48.850053,2.394874
202000002810,28,11,2020,22,5,75,75110,2,4,1,3,RUE DU FAUBOURG SAINT MARTIN,48.878939,2.362363
202000002811,28,11,2020,15,1,94,94081,2,9,1,3,Rue Ansèlme Rondenay,48.77973,2.39989
202000002812,28,11,2020,16,1,94,94052,2,1,1,6,Boulevard de Strasbourg,48.845107,2.4889532
202000002813,28,11,2020,17,2,94,94073,2,3,1,3,Rue du Bas Marin,48.75435,2.38624
202000002814,28,11,2020,0,5,94,94018,2,1,1,2,MARECHAL DE LATTRE DE TASSIGNY (AV DU),48.818593,2.419635
202000002815,28,11,2020,13,1,94,94004,2,1,1,3,GENERAL LECLERC (AV),48.749483,2.508445
202000002816,28,11,2020,18,5,93,93078,2,1,1,2,CLEMENCEAU (AVENUE GEORGES),48.9603937,2.5564259
202000002817,28,11,2020,15,1,93,93078,2,1,1,4,BD ROBERT BALLANGER,48.95649,2.54202
202000002818,28,11,2020,14,1,93,93051,2,2,1,3,MEDERIC (AVENUE),48.83025,2.58489
202000002819,27,11,2020,23,5,93,93051,2,3,1,1,PIERRE BROSSOLETTE,48.84699,2.54025
202000002820,27,11,2020,11,1,93,93061,2,2,1,1,JAURES AVENUE JEAN,48.8858032,2.4074064
202000002821,27,11,2020,17,3,92,92073,2,3,1,1,WASHINGTON (BOULEVARD),48.8773719,2.2164352
202000002822,28,11,2020,11,1,92,92064,2,1,1,2,DAILLY,48.84182,2.22134
202000002823,28,11,2020,13,1,92,92035,2,3,1,2,Léon Maurice Nordmann ( rue ),48.9044343,2.2404083
202000002824,28,11,2020,15,1,92,92023,2,1,1,6,RENE SAMUEL (AVENUE),48.80039,2.26155
202000002825,28,11,2020,0,5,92,92004,2,1,1,2,GRESILLONS ( AVENUE DES  ),48.9196595,2.3137385
202000002826,28,11,2020,16,1,06,06149,2,1,1,1,Boulevard de l'Oli,43.733387,7.30689
202000002827,29,11,2020,14,1,974,97412,2,1,1,7,204 bis Rue Albert Lougnon,-21.362603,55.620829
202000002828,28,11,2020,19,3,01,01075,1,1,1,1,Rte Rd 28,46.012716,4.789546
202000002829,28,11,2020,9,5,57,57089,2,1,1,1,RUE DES TILLEULS,49.041959,7.439393
202000002830,28,11,2020,17,1,56,56200,1,1,1,6,Bodel,47.842292,-2.300313
202000002831,28,11,2020,10,1,56,56036,2,3,1,3,Kerbéban (Arrêt de bus),47.798274,-3.348759
202000002832,25,11,2020,7,2,79,79066,2,2,1,3,Route de Saint Maixent l'Ecole,46.482906,-0.397294
202000002833,29,11,2020,16,1,65,65322,1,1,1,7,chemin de la mairie,43.0647142,0.410496
202000002834,28,11,2020,20,5,49,49331,2,1,1,6,Rue Principale (Châtelais),47.758073,-0.926104
202000002835,28,11,2020,19,3,12,12002,1,1,1,2,D809 ,44.133065,3.099174
202000002836,29,11,2020,15,2,12,12133,1,1,1,7,La Brienne (Buse),44.31737,2.549665
202000002837,28,11,2020,10,1,44,44072,1,1,1,5,"RD 774, Duret",47.467398,-2.309489
202000002838,29,11,2020,0,3,44,44157,1,1,1,3,D 13,46.95905,-1.750174
202000002839,29,11,2020,10,2,72,72062,2,9,1,3,Rue de la Ferté Bernard,48.220291,0.593584
202000002840,28,11,2020,19,3,43,43211,1,1,1,2,RN88,45.22771,4.136138
202000002841,28,11,2020,15,1,07,07339,1,1,1,6,Chauliac,44.66842,4.45523
202000002842,28,11,2020,20,3,85,85171,1,1,1,7,"rue de chauray, D50",46.505718,-1.236852
202000002843,28,11,2020,16,1,37,37136,1,2,1,7,Le Petit Bray,47.1479303,0.7849588
202000002844,28,11,2020,9,1,88,88116,2,4,1,6,Rue de la 3e Dia,47.962126,6.837283
202000002845,29,11,2020,9,1,31,31022,1,1,1,7,A62,43.660933,1.424671
202000002846,30,11,2020,3,5,988,98809,2,3,1,7,Place de l'Eglise,-22.668947,167.488836
202000002847,29,11,2020,15,1,974,97417,2,1,1,5,Takamaka,-21.334033,55.801669
202000002848,28,11,2020,17,1,974,97424,1,1,1,6,RN5,-21.165954,55.46944
202000002849,29,11,2020,1,3,971,97122,1,1,3,6,Lieu Dit Goguette,16.451476,-61.516114
202000002850,28,11,2020,21,3,91,91273,1,1,1,3,Départementale 1 PK 09+785,48.367902,2.356683
202000002851,28,11,2020,14,1,01,01262,2,1,1,3,Cours de la Portelle,45.852175,5.059456
202000002852,29,11,2020,0,5,69,69204,2,1,1,1,17 Chemin de la Mouche,45.692703,4.810815
202000002853,29,11,2020,12,1,69,69143,2,1,1,6,Rue Victor Hugo,45.877196,4.839944
202000002854,28,11,2020,21,3,81,81093,1,1,1,6,Route de Marssac,43.884284,2.037857
202000002855,29,11,2020,11,1,85,85178,1,1,7,6,cd763,46.75452,-1.430781
202000002856,28,11,2020,15,1,22,22225,1,1,1,7,Pont Caffin,48.534916,-3.162887
202000002857,29,11,2020,17,3,76,76684,1,6,5,7,D982,49.483489,0.443498
202000002858,28,11,2020,21,3,59,59275,1,1,1,6,D90,50.588056,3.228469
202000002859,27,11,2020,14,1,13,13210,1,1,1,3,A50-Sens Marseille vers Aubagne,43.28494,5.4185
202000002860,28,11,2020,20,3,95,95572,1,1,1,2,A15,49.0253372,2.1317321
202000002861,28,11,2020,0,3,92,92078,1,1,1,3,AUTOROUTE A86,48.9277796,2.3326267
202000002862,27,11,2020,15,1,93,93066,1,1,1,6,AUTOROUTE A1,48.93008,2.3649
202000002863,30,6,2020,23,5,14,14333,2,3,1,7,REPUBLIQUE (RUE DE LA),49.418,0.232
202000002864,6,5,2020,17,1,14,14333,1,3,1,1,MONTS (LES),49.40451,0.2315
202000002865,1,2,2020,12,1,14,14333,2,1,8,3,RENOUF (RUE EMILE),49.413437,0.245106
202000002866,8,3,2020,13,1,94,94078,2,1,1,6,PARIS (R DE),48.73115,2.44687
202000002867,7,3,2020,23,5,94,94078,2,1,1,3,HUIT MAI 1945 (AV DU),48.73014,2.44621
202000002868,27,11,2020,7,1,974,97411,2,1,1,6,GUICHARD (RUE ROGER),-20.90594,55.47944
202000002869,27,11,2020,18,2,974,97407,2,1,1,6,VERGES(AVENUE),-20.93956,55.30181
202000002870,27,11,2020,12,1,973,97302,2,1,1,1,REPUBLIQUE (BD DE LA),4.9383656,-52.321744
202000002871,27,11,2020,16,2,69,69383,2,1,1,6,PROFESSEUR PAUL SISLEY (DU)         (R ),45.7512292,4.8685852
202000002872,27,11,2020,11,1,69,69383,2,1,1,2,LACASSAGNE                          (AV),45.7512144,4.8728685
202000002873,24,11,2020,20,5,69,69149,2,1,1,6,EMILE ZOLA                          (BD),45.71984,4.79909
202000002874,27,11,2020,17,3,2A,2A004,2,1,1,6,VAZZIO CITE EDF,41.92997,8.78298
202000002875,20,5,2020,7,1,75,75115,2,1,1,7,RUE BRANCION,48.834005,2.304551
202000002876,20,5,2020,14,1,75,75113,2,3,1,3,BOULEVARD SAINT MARCEL,48.837977,2.355947
202000002877,20,5,2020,12,1,75,75113,2,1,1,6,AVENUE D ITALIE,48.823806,2.357998
202000002878,20,5,2020,7,1,75,75112,2,2,1,3,BOULEVARD DE REUILLY,48.838992,2.389236
202000002879,20,5,2020,19,1,75,75110,2,1,1,6,BOULEVARD DE STRASBOURG,48.875338,2.357725
202000002880,20,5,2020,14,1,75,75110,2,2,1,3,PLACE DE LA BATAILLE DE STALINGRAD,48.883861,2.368584
202000002881,18,5,2020,11,1,75,75108,2,2,1,2,AVENUE DES CHAMPS ELYSEES,48.867743,2.31398
202000002882,20,5,2020,9,1,75,75109,2,5,1,3,BOULEVARD HAUSSMANN,48.871975,2.340043
202000002883,20,5,2020,18,1,75,75102,2,3,1,3,BOULEVARD DE SEBASTOPOL,48.867032,2.35297
202000002884,19,5,2020,16,1,94,94028,2,9,1,2,MAURIAC.(RUE FRANCOIS),48.7855674,2.4534226
202000002885,19,5,2020,15,1,94,94079,2,1,1,1,GENERAL DE GAULLE (R DU),48.827216,2.546237
202000002886,19,5,2020,21,5,94,94002,2,1,1,3,BLANQUI (QU),48.80002,2.41796
202000002887,19,5,2020,7,1,93,93073,2,2,1,5,rue de new york/ rue des acacias,49.0119791,2.5754488
202000002888,20,5,2020,17,1,93,93066,2,1,1,2,LIBERATION RD14 (BOULEVARD),48.9283775,2.3411927
202000002889,19,5,2020,19,1,93,93064,2,1,1,2,PERI (BOULEVARD GABRIEL) 39 / 44 - FIN,48.8785164,2.4728885
202000002890,20,5,2020,19,1,93,93046,2,5,1,1,AV JEAN JAURES / AV MONTESQUIEU,48.922579,2.524321
202000002891,19,5,2020,18,1,93,93063,2,1,1,2,R MARCEL ETHIS ,48.8775407,2.443667
202000002892,20,5,2020,14,1,93,93029,2,1,1,6,AV HENRI BARBUSSE,48.91691,2.44527
202000002893,20,5,2020,18,1,93,93047,2,3,1,5,SCIENCES   (AVENUE DES),48.905658,2.581049
202000002894,20,5,2020,18,1,93,93010,2,1,1,6,R JULES GUESDE,48.90361,2.47729
202000002895,20,5,2020,17,1,93,93007,2,1,1,3,ABBE NIORT (RUE DE L'),48.9407439,2.4339042
202000002896,20,5,2020,11,1,93,93007,2,1,1,2,8 MAI 45 (AVENUE DU 184 AU 240)  Z1,48.9509827,2.4404476
202000002897,20,5,2020,13,1,93,93001,2,3,1,3,AV JEAN JAURES / R EMILIE DUBOIS,48.9135151,2.4026937
202000002898,19,5,2020,13,1,92,92022,2,1,1,6,SALENGRO (AVENUE ROGER),48.8141,2.192672
202000002899,19,5,2020,12,1,92,92063,2,1,1,3,HUGO (AVENUE VICTOR),48.88448,2.17802
202000002900,20,5,2020,16,1,92,92051,2,6,1,6,"ROULE (AVENUE DU, N° 29 A 91 ET 30 A 86)",48.8825561,2.2772149
202000002901,31,3,2020,6,5,92,92035,2,3,1,6,Château (rue du)/ République (bd de la),48.90579,2.25277
202000002902,20,5,2020,10,1,54,54104,1,2,1,3,Buissoncourt,48.699346,6.340879
202000002903,21,5,2020,18,1,43,43189,1,2,1,3,RD 9,45.297637,3.881135
202000002904,21,5,2020,17,1,95,95313,1,1,1,3,Avenue de Paris,49.1038751,2.2494528
202000002905,20,5,2020,22,5,06,06161,1,1,1,2,Route du Bord de Mer,43.625555,7.132794
202000002906,16,5,2020,4,3,972,97207,1,1,3,6,rn5,14.558886,-60.973102
202000002907,20,5,2020,13,1,972,97217,1,1,1,1,N5,14.450327,-60.897587
202000002908,21,5,2020,9,1,28,28024,2,1,1,7,Rue Jean de la Fontaine,48.400966,1.485096
202000002909,20,5,2020,20,1,71,71170,1,1,1,2,A6,46.9381861,4.8246273
202000002910,21,5,2020,1,3,51,51276,2,1,1,7,4 Rue Saint Maurice,48.6913283,4.0160919
202000002911,21,5,2020,19,1,51,51179,2,1,1,7,Rue d'Avat,48.9097408,4.6278301
202000002912,21,5,2020,18,1,59,59546,1,1,1,2,D37,50.780565,2.5641384
202000002913,20,5,2020,17,1,11,11071,1,1,1,6,D106,42.9918058,2.7456218
202000002914,20,5,2020,22,5,63,63420,2,1,1,7,14 Rue des Sables,45.805447,3.344055
202000002915,20,5,2020,15,1,61,61362,1,4,1,2,Lieu Dit les Refours,48.702831,-0.529282