Num_Acc,jour,mois,an,hr,condition_eclairage,departement,commune,condition_agglomeration,intersection,condition_atmosphere,type_collision,adresse,lattitude,longitude
202000002916,20,5,2020,16,1,68,68218,1,1,1,7,Chemin de Didenheim,47.7272609,7.2762157
202000002917,21,5,2020,11,1,25,25018,1,4,1,6,D31,47.360768,6.570012
202000002918,20,5,2020,9,1,44,44069,2,1,1,6,9 Boulevard du Midi,47.326141,-2.430808
202000002919,20,5,2020,16,1,29,29259,2,3,7,1,Rue de Morlaix,48.678359,-3.981267
202000002920,19,5,2020,18,1,31,31280,1,1,1,7,Route de Bax,43.244665,1.287969
202000002921,21,5,2020,18,1,02,02656,1,1,1,7,D22,49.380221,3.823671
202000002922,21,5,2020,17,1,03,03152,1,1,1,6,,46.2327774,2.9629626
202000002923,21,5,2020,10,1,15,15139,1,2,1,3,D990,44.933446,2.754081
202000002924,21,5,2020,20,1,72,72090,1,1,1,6,Lieu Dit les Galandais,48.067498,0.466168
202000002925,21,5,2020,15,1,72,72087,1,1,1,-1,Le Grand Pre,47.956005,0.723118
202000002926,16,5,2020,16,1,14,14254,1,1,1,2,Departementale 8,49.144408,-0.417931
202000002927,21,5,2020,13,1,50,50410,1,1,1,3,RN 175 - lieu dit ''Cassouet'' Curey,48.567293,-1.470923
202000002928,20,5,2020,5,3,64,64228,1,1,1,7,D29,43.387335,-1.020355
202000002929,21,5,2020,16,1,73,73297,2,1,7,7,D201C,45.6471527,6.3179832
202000002930,21,5,2020,12,1,18,18011,1,1,1,7,D176,47.570518,2.3541
202000002931,20,5,2020,18,1,36,36231,1,1,1,3,Les Loges Brulées,46.659981,1.666142
202000002932,20,5,2020,19,1,16,16134,2,1,1,7,12 Route de Chirac,45.891193,0.668714
202000002933,20,5,2020,13,1,16,16181,1,1,1,2,Ld l'Allonge,46.045702,0.62303
202000002934,21,5,2020,12,1,04,04163,1,1,1,2,RD 950,44.095876,5.512755
202000002935,20,5,2020,15,1,04,04189,1,1,1,7,RD 952,43.765515,5.934366
202000002936,21,5,2020,11,1,85,85101,1,1,1,3,Les Quatre Routes,46.495312,-1.390361
202000002937,21,5,2020,12,1,48,48166,1,1,1,7,D983,44.261029,3.621653
202000002938,21,5,2020,14,1,24,24084,1,1,1,7,34 La Coste,44.794928,1.029539
202000002939,19,5,2020,11,1,34,34337,1,1,1,3,D 185,43.539527,3.889085
202000002940,20,5,2020,21,1,38,38553,2,1,1,3,Rue Emile Zola,45.60896,5.156922
202000002941,21,5,2020,17,1,68,68253,1,1,7,6,A36,47.776158,7.517134
202000002942,5,5,2020,10,1,987,98729,2,1,1,6,RT 91,-17.482122,-149.808712
202000002943,20,5,2020,15,1,971,97115,1,2,1,2,Cafeiere,16.267605,-61.649609
202000002944,21,5,2020,11,1,13,13100,1,2,1,3,Chemin du Sablas,43.796748,4.801905
202000002945,18,5,2020,19,1,67,67205,2,1,1,3,rue de la Gare,48.702493,7.777376
202000002946,21,5,2020,11,1,54,54039,1,1,1,3,D935,48.441389,6.73137
202000002947,20,5,2020,22,5,69,69159,1,1,1,7,3296 Route de Tarare,45.97662,4.676984
202000002948,21,5,2020,13,1,85,85226,1,1,1,1,Route du Pissot,46.73082,-1.95427
202000002949,19,5,2020,15,1,85,85161,1,1,1,6,La Gauterie,46.56163,-1.503683
202000002950,20,5,2020,17,1,85,85176,1,1,1,1,D206,46.50733,-0.81765
202000002951,20,5,2020,12,1,33,33080,1,1,1,2,AUTOROUTE A 62,44.74036,-0.53575
202000002952,19,5,2020,19,1,59,59588,1,1,1,2,AUTOROUTE A16,51.0365244,2.4454394
202000002953,20,5,2020,16,1,91,91553,1,1,1,7,RN 104,48.63169,2.50144
202000002954,20,5,2020,10,1,93,93039,1,1,1,3,AUTOROUTE A86,48.92715,2.33485
202000002955,20,5,2020,4,5,93,93008,1,1,1,6,AUTOROUTE A86,48.91327,2.43475
202000002956,20,5,2020,21,3,94,94046,1,1,1,-1,A86 EXT,48.8126,2.4491
202000002957,20,5,2020,18,5,94,94017,1,1,1,2,A86.EXT,48.8304153,2.4904233
202000002958,26,2,2020,10,1,64,64102,2,1,2,2,SOULT (AVENUE MARECHAL),43.48755,-1.48363
202000002959,24,2,2020,12,1,13,13070,2,3,1,3,SAVER (BOULEVARD HENRI),43.282644,5.529986
202000002960,19,5,2020,19,5,973,97302,1,6,1,3,MADELEINE (ROUTE DE LA),4.9249828,-52.323761
202000002961,19,5,2020,9,1,973,97302,2,3,1,3,FELIX EBOUE(ROCADE),4.9296166,-52.3151082
202000002962,19,5,2020,18,1,69,69383,2,3,1,3,FELIX FAURE                         (AV),45.75456,4.86682
202000002963,19,5,2020,13,1,69,69286,2,1,1,6,MERCIERES (DES)                     (R ),45.8151,4.8765
202000002964,19,5,2020,9,1,69,69081,2,1,1,3,LOUIS CHIRPAZ                           ,45.77829,4.78381
202000002965,17,5,2020,21,5,971,97113,2,1,1,1,ROUTE DE LA JACOTIERE,16.23879,-61.43673
202000002966,18,5,2020,15,1,91,91692,2,3,7,6,VENDEE (RUE DE),48.68367,2.16131
202000002967,18,5,2020,17,1,87,87065,2,1,1,2,VALIN (AVENUE MARTIAL),45.81466,1.31759
202000002968,17,5,2020,23,5,83,83123,2,1,1,6,BANDOL (ROUTE)N° PAIRS,43.131244,5.781392
202000002969,18,5,2020,16,1,81,81163,2,1,1,3,GAMBETTA (PLACE),43.49103,2.37565
202000002970,18,5,2020,19,1,80,80021,2,3,1,3,ROBERT LE COQ (RUE),49.90382,2.27378
202000002971,18,5,2020,13,1,78,78402,2,1,1,6,RUE DES LIGNEUX,48.954974,1.799764
202000002972,19,5,2020,17,1,77,77530,1,1,1,3,DEPARTEMENTALE 403,48.59068,3.35324
202000002973,18,5,2020,0,5,76,76575,2,1,1,3,VELAY. RUE DU,49.37447,1.09751
202000002974,17,5,2020,16,1,76,76212,2,3,1,3,CARNOT. RUE SADI,49.44086,1.14712
202000002975,19,5,2020,18,1,69,69282,2,1,2,1,HECTOR BERLIOZ                      (R ),45.7627825,5.0077163
202000002976,18,5,2020,14,1,67,67482,2,3,1,3,LAUSANNE (RUE DE),48.57543,7.75585
202000002977,18,5,2020,17,1,66,66136,2,9,1,3,ESPAGNE (ROUTE D'),42.67566,2.88927
202000002978,18,5,2020,12,1,64,64102,2,6,1,3,LEGION TCHEQUE (AVENUE DE LA),43.4936,-1.4916
202000002979,19,5,2020,18,1,59,59350,2,1,1,6,LESTIENNE HENRI RUE,50.6485,3.09476
202000002980,19,5,2020,20,1,57,57751,2,1,1,6,ECOLES (RUE ),49.14758,6.16679
202000002981,19,5,2020,19,1,57,57412,2,1,7,6,GENERAL DE GAULLE (RUE DU ),49.11629,6.1412
202000002982,19,5,2020,9,1,56,56098,2,6,1,3,KESLER-DEVILLERS ( AV. ),47.76728,-3.33957
202000002983,19,5,2020,15,1,56,56107,2,1,1,3,LE GUEN (RUE  JULES ),47.71536,-3.3733
202000002984,18,5,2020,18,1,54,54395,2,2,1,3,GRANDVILLE (RUE),48.6992257,6.180521
202000002985,19,5,2020,18,1,51,51474,2,1,1,2,Rue de Bernex,49.2799551,4.0047543
202000002986,19,5,2020,20,1,51,51108,2,2,1,-1,Rue Maurice Colin,48.9468352,4.3400204
202000002987,18,5,2020,16,1,41,41018,2,1,1,7,MARE (RUE DE LA),47.59582,1.32349
202000002988,17,5,2020,21,2,41,41018,2,1,1,2,GAMBETTA (AVENUE),47.5839,1.3207
202000002989,18,5,2020,8,1,37,37261,2,1,1,7,FEBVOTTE (RUE),47.3754147,0.6813215
202000002990,19,5,2020,10,1,34,34172,2,2,1,2,GANGES (ROUTE DE,43.63635,3.84786
202000002991,19,5,2020,20,1,33,33522,2,3,1,2,BD DU PDT FRANKLIN ROOSEVELT / RUE REGIS,44.81822,-0.57809
202000002992,19,5,2020,18,1,33,33200,2,2,1,3,AVE PASTEUR / RUE BERNARD DE GIRARD,44.86783,-0.67022
202000002993,19,5,2020,17,1,33,33075,1,9,1,5,RTE DU MEDOC / ROCADE A630 -E7-,44.879676,-0.6269014
202000002994,19,5,2020,16,1,33,33063,2,1,1,1,97 Rue Detrois,44.8421,-0.61353
202000002995,19,5,2020,11,1,33,33529,2,3,1,5,D217 Bd dy Pyla,44.63334,-1.16397
202000002996,4,3,2020,21,3,71,71040,1,1,2,6,Route de Montchanin,46.7074491,4.4272535
202000002997,19,5,2020,1,5,30,30189,2,3,1,7,ETOILE (RUE),43.83648,4.35812
202000002998,26,2,2020,9,1,70,70388,2,6,1,2,RD457,47.61726,6.13413
202000002999,18,5,2020,15,1,30,30189,2,1,1,6,ALLENDE SALVADOR (RUE),43.83119,4.38168
202000003000,4,3,2020,16,3,66,66136,1,1,2,-1,D900,42.72824,2.87985
202000003001,17,5,2020,20,2,21,21231,2,1,1,3,51 Boulevard Marechal Joffre,47.3401663,5.0524879
202000003002,4,3,2020,9,1,64,64445,2,3,3,3,HAUTERIVE,43.324863,-0.357419
202000003003,14,5,2020,15,1,14,14242,2,1,6,2,RD N° 7 (DE CAEN A DOUVRES ),49.21893,-0.36662
202000003004,5,3,2020,17,1,64,64102,2,1,2,5,SOULT (AVENUE MARECHAL),43.48643,-1.48837
202000003005,19,5,2020,14,1,13,13213,2,1,1,4,CHATEAU GOMBERT CHEMIN,43.34465,5.423034
202000003006,19,5,2020,15,1,13,13213,2,1,1,1,CHATEAU GOMBERT CHEMIN,43.34278,5.44851
202000003007,5,3,2020,5,5,63,63113,2,6,1,3,BREZET (AVENUE),45.7798708,3.1315039
202000003008,19,5,2020,16,1,13,13209,2,1,1,7,LÉON LACHAMP (ROUTE),43.245022,5.424701
202000003009,4,3,2020,23,5,63,63113,2,5,1,1,FLAUBERT (BD GUSTAVE),45.76416,3.12595
202000003010,19,5,2020,13,1,13,13209,2,1,1,3,GASTON RAMON (BOULEVARD),43.26712,5.39668
202000003011,18,2,2020,13,1,62,62525,2,1,1,6,DELACROIX (RUE EUGENE......),50.74404,2.26219
202000003012,19,5,2020,14,1,13,13208,2,1,1,3,PRADO (AVENUE DU),43.282,5.38598
202000003013,2,3,2020,12,1,62,62841,2,9,3,6,MITTERAND ( RUE FRANCOIS ),50.5419743,2.6084107
202000003014,27,2,2020,19,5,59,59043,2,1,2,6,LILLE (RUE DE),50.73599,2.74026
202000003015,19,5,2020,1,5,13,13212,2,3,1,6,PIERRE BERANGER (RUE),43.311629,5.443343
202000003016,3,3,2020,20,3,57,57306,2,1,1,6,MARNE (RUE DE LA),49.33504,6.05469
202000003017,17,5,2020,23,5,13,13206,2,3,2,3,DOCTEUR ESCAT (RUE),43.284023,5.384806
202000003018,5,3,2020,7,5,57,57463,2,1,2,3,LYON (AVENUE DE ),49.12632,6.18996
202000003019,4,3,2020,19,3,56,56121,2,1,2,-1,Pénétrante de Lorient RD 465,47.76199,-3.38178
202000003020,18,5,2020,18,1,13,13213,2,1,2,3,CHATEAU GOMBERT CHEMIN,43.35925,5.15003
202000003021,18,5,2020,18,1,13,13207,2,1,3,1,Corniche John Fitzgérald Kennedy,43.286224,5.351229
202000003022,4,3,2020,18,1,54,54079,2,2,1,3,SAULE (RUE DU),48.87624,6.04886
202000003023,15,5,2020,19,1,13,13213,2,9,1,6,PEYPIN (RUE DE),43.3263718,5.4215866
202000003024,4,3,2020,15,1,52,52121,1,1,1,7,RD 101,48.09589,5.11274
202000003025,18,5,2020,7,1,10,10333,2,1,1,6,CHARLES DERNUET (RUE),48.288998,4.066061
202000003026,5,3,2020,11,1,51,51454,2,1,2,3,Boulevard du Val de Vesle,49.2294205,4.0756172
202000003027,19,5,2020,17,1,09,09225,2,2,1,3,LAKANAL RUE,43.11767,1.61188
202000003028,5,3,2020,11,1,51,51454,2,1,2,7,Rue Andre Chenier,49.2138653,4.025729
202000003029,19,5,2020,0,3,09,09225,2,1,1,6,IRIS RUE DES,43.1053442,1.6228856
202000003030,18,5,2020,17,1,09,09225,1,1,1,3,BELPECH ROUTE DE,43.12921,1.65623
202000003031,4,3,2020,15,1,51,51454,2,1,1,4,Rue Gutenberg,49.2750922,4.0026175
202000003032,17,5,2020,16,1,05,05061,2,6,1,7,FAUVINS ( ROUTE  DES ),44.56383,6.09561
202000003033,4,3,2020,17,1,49,49007,2,1,1,7,CAMUS BOULEVARD,47.48634,-0.57573
202000003034,19,5,2020,21,1,01,01053,2,2,1,5,MAGINOT AVENUE ) DE 43 A FIN,46.21229,5.22749
202000003035,4,3,2020,15,1,49,49007,2,1,1,-1,LEROY PLACE,47.46498,-0.54868
202000003036,19,5,2020,16,1,75,75105,2,2,1,6,BOULEVARD SAINT GERMAIN,48.849441,2.354418
202000003037,4,3,2020,8,1,49,49007,2,1,1,1,BREMONT,47.46578,-0.55944
202000003038,19,5,2020,1,5,75,75120,2,1,1,6,RUE DU PRESSOIR,48.868821,2.383285
202000003039,5,3,2020,16,1,45,45232,2,3,3,1,Avenue du Parc Floral,47.850093,1.929597
202000003040,19,5,2020,15,1,75,75114,2,2,1,6,BOULEVARD DE PORT ROYAL,48.839368,2.337503
202000003041,5,3,2020,15,1,45,45234,2,3,3,1,Avenue de la Mouillere - Rue des roses,47.886134,1.907421
202000003042,19,5,2020,11,1,75,75113,2,2,1,3,BOULEVARD DU GENERAL JEAN SIMON,48.824175,2.376795
202000003043,21,1,2020,5,5,44,44109,2,1,1,6,BOULEVARD DE LA VENDEE,47.193346,-1.52832
202000003044,19,5,2020,17,1,75,75112,2,2,1,6,RUE CHALIGNY,48.847006,2.383782
202000003045,1,3,2020,18,5,44,44055,2,1,2,2,Avenue du Général de Gaulle,47.284764,-2.391828
202000003046,19,5,2020,16,1,75,75110,2,2,1,3,AVENUE PARMENTIER,48.870001,2.371043
202000003047,5,3,2020,15,1,37,37261,2,3,2,-1,PLESSIS (ALLEE DU),47.3846387,0.6961669
202000003048,19,5,2020,13,1,75,75110,2,3,1,6,RUE DU TERRAGE,48.877156,2.363506
202000003049,26,2,2020,16,1,35,35288,2,3,1,6,MOKA ( 2 AVENUE DE),48.655608,-2.004329
202000003050,18,5,2020,17,1,75,75109,2,3,1,3,BOULEVARD DE ROCHECHOUART,48.882318,2.342007
202000003051,19,5,2020,19,1,75,75108,2,6,1,6,AVENUE MATIGNON,48.869411,2.310922
202000003052,6,3,2020,1,5,35,35238,2,1,1,3,MITTERAND (MAIL FRANCOIS),48.10993,-1.68687
202000003053,19,5,2020,19,1,75,75101,2,3,1,6,RUE DE RIVOLI,48.866029,2.325045
202000003054,5,3,2020,13,1,35,35238,1,1,2,4,CHARLES TILLON (RUE),48.12448,-1.7133
202000003055,19,5,2020,11,1,75,75102,2,5,1,6,BOULEVARD DES CAPUCINES,48.869913,2.328006
202000003056,5,3,2020,7,2,35,35051,1,6,2,2,Boulevard des Alliés,48.10236,-1.61019
202000003057,19,5,2020,0,5,75,75104,2,3,1,-1,BOULEVARD BEAUMARCHAIS,48.854816,2.368727
202000003058,4,3,2020,8,1,35,35238,2,1,2,3,FOUGERES (RUE DE),48.12499,-1.65717
202000003059,19,5,2020,21,2,94,94081,2,1,1,3,LUCIEN FRANCAIS (AV),48.78596,2.3874
202000003060,2,3,2020,16,1,34,34301,2,1,9,6,MOULINS (QUAI DES),43.40896,3.70307
202000003061,19,5,2020,13,1,94,94081,2,3,1,1,JULES GUESDE (QU),48.78804,2.42081
202000003062,19,5,2020,9,1,94,94068,2,2,1,3,CHATEAU (AV DU),48.78988,2.51496
202000003063,5,3,2020,18,2,34,34172,2,3,2,3,BERTHELOT (BOULEVARD),43.60118,3.8696
202000003064,4,3,2020,20,3,33,33162,1,1,3,2,Avenue du Médoc,44.89356,-0.66839
202000003065,19,5,2020,12,1,94,94046,2,3,1,3,GENERAL LECLERC (AV DU),48.81164,2.43003
202000003066,5,3,2020,8,1,32,32013,1,3,2,1,PESSAN (ROUTE DE),43.6299,0.617
202000003067,18,5,2020,16,1,94,94019,2,2,1,3,PLESSIS (RTE DU),48.8,2.55
202000003068,4,3,2020,23,5,31,31555,1,1,2,2,RD901,43.61753,1.39412
202000003069,19,5,2020,17,1,93,93066,2,1,1,3,LENINE (AVENUE) NR 28 A 62 ET 13 A 41,48.942798,2.364456
202000003070,4,3,2020,21,5,31,31555,2,1,2,3,RTE DE LABEGE,43.56739,1.49971
202000003071,18,5,2020,23,5,93,93049,2,1,1,6,R ESTIENNE D'ORVES,48.85741,2.511
202000003072,19,5,2020,19,1,93,93048,2,1,1,3,CUVIER (RUE),48.8510033,2.4237262
202000003073,4,3,2020,19,5,31,31555,2,2,2,3,RUE MARIE CLAIRE DE CATELLAN,43.6268,1.44431
202000003074,19,5,2020,21,5,93,93047,2,2,1,3,AV JEAN JAURES / ALL DE GAGNY,48.8989,2.5464
202000003075,5,3,2020,20,3,29,29039,2,1,1,6,Rue des Martins Pêcheurs,47.873024,-3.8880527
202000003076,19,5,2020,13,1,93,93008,2,1,1,5,VAILLANT COUTURIER (AVENUE PAUL),48.9084495,2.4516314
202000003077,4,3,2020,7,1,29,29019,2,3,2,6,Boulevard Gambetta,48.3895469,-4.4758286
202000003078,19,5,2020,16,1,93,93007,2,1,1,6,"""DESCARTES (AVENUE """"DU 1 AU 41"""")  Z1""",48.9504,2.4478
202000003079,5,3,2020,19,3,14,14079,2,9,2,3,CD 27,49.30714,0.04099
202000003080,19,5,2020,15,1,93,93001,2,1,1,3,ALL GABRIEL RABOT ,48.914154,2.401996
202000003081,5,3,2020,15,1,14,14118,2,1,1,1,GAILLON (RUE DU),49.18838,-0.36524
202000003082,19,5,2020,20,2,92,92047,2,1,1,6,JARDY,48.8280297,2.1516138
202000003083,4,3,2020,8,1,13,13056,1,4,1,2,ROUTE DE SAINT PIERRE,43.3765,5.06475
202000003084,19,5,2020,1,5,92,92064,2,1,1,2,MARCEL DASSAULT,48.856384,2.223255
202000003085,5,3,2020,21,5,13,13213,2,1,1,1,BARRY (BOULEVARD),43.317719,5.409401
202000003086,19,5,2020,17,1,92,92036,2,1,1,2,LOUIS ROCHE (AVENUE) (153/203),48.930907,2.306911
202000003087,19,5,2020,20,1,92,92012,2,2,1,3,JEAN JAURES (BOULEVARD) 1/61 - COTE IMPA,48.845859,2.237016
202000003088,5,3,2020,19,5,13,13208,2,1,1,3,RAYMOND TEISSERE (RUE),43.273244,5.399076
202000003089,19,5,2020,10,1,92,92002,2,1,1,6,MEDITERRANEE (RUE DE LA),48.73775,2.28815
202000003090,5,3,2020,18,2,13,13214,2,9,2,3,ROLAND DORGELES (BOULEVARD),43.3463,5.3803
202000003091,19,5,2020,13,1,08,08053,2,1,1,6,77 Rue Flamanville,49.679494,4.976946
202000003092,5,3,2020,14,1,13,13214,2,1,2,3,Louis VILLECROZE (Bld),43.32008,5.392009
202000003093,5,3,2020,12,1,13,13208,2,9,1,6,MAZARGUES (AVENUE DE),43.25983,5.3953
202000003094,16,3,2020,14,1,24,24462,1,2,8,3,Bassy,45.025828,0.346413
202000003095,4,3,2020,7,1,13,13213,2,3,1,3,OLIVES (AVENUE DES),43.32658,5.43817
202000003096,18,5,2020,12,1,28,28088,2,1,1,6,Route de Tours,48.060539,1.330016
202000003097,4,3,2020,22,5,13,13211,2,3,1,3,SAINT MARCEL (BOULEVARD DE ),43.28765,5.464963
202000003098,5,3,2020,18,2,11,11069,2,1,2,6,LECLERC AV. DU GENERAL IMPAIRS A PARTIR,43.2106481,2.3626729
202000003099,20,5,2020,15,1,01,01427,1,1,1,1,D933,45.953283,4.756147
202000003100,5,3,2020,10,1,11,11069,2,9,2,1,PAPIN DENIS -BD-,43.2079,2.3127
202000003101,20,5,2020,17,1,50,50487,1,1,7,7,A84,48.540648,-1.34089
202000003102,4,3,2020,13,1,10,10333,1,1,1,6,ROCADE OUEST (RD 610),48.27174,4.04824
202000003103,19,5,2020,19,1,19,19161,1,3,1,3,RD5,45.237328,1.348518
202000003104,30,1,2020,18,5,02,02691,2,1,1,6,RICHELIEU (BD),49.851761,3.284604
202000003105,19,5,2020,20,1,56,56032,1,3,1,1,Beaurepaire,47.938258,-2.284775
202000003106,5,3,2020,5,5,75,75114,2,1,2,6,PORTE DE GENTILLY,48.817095,2.334982
202000003107,19,5,2020,10,1,56,56165,2,7,7,6,Place de la Mairie,47.930742,-2.397134
202000003108,15,5,2020,12,1,59,59307,1,6,1,7,D300,50.84991,2.208107
202000003109,5,3,2020,8,1,75,75105,2,1,2,6,BOULEVARD SAINT MICHEL,48.845248,2.339693
202000003110,20,5,2020,17,1,74,74258,1,1,1,6,Impasse des Combes d'En Haut,46.088055,6.730886
202000003111,5,3,2020,14,1,75,75118,2,3,1,6,RUE FERNAND LABORI,48.899256,2.342357
202000003112,15,5,2020,13,1,67,67234,1,3,1,3,D338,48.9845313,7.0456807
202000003113,7,5,2020,15,1,67,67191,1,1,1,2,D919,49.0275989,7.0802123
202000003114,5,3,2020,17,2,75,75117,2,3,3,3,BOULEVARD DES BATIGNOLLES,48.88206,2.319634
202000003115,20,5,2020,9,1,82,82161,1,6,1,3,Route de l'Ormeau,44.042582,1.457239
202000003116,4,3,2020,0,5,75,75116,2,5,1,3,AVENUE D IENA,48.872286,2.295296
202000003117,19,5,2020,20,1,69,69070,2,1,1,6,Chez Chavanis 45 rue du Lac,46.0144542,4.3765685
202000003118,5,3,2020,8,1,75,75114,2,2,2,3,RUE HALLE,48.828932,2.331158
202000003119,5,3,2020,7,1,75,75114,2,1,2,3,RUE RAYMOND LOSSERAND,48.829026,2.308198
202000003120,20,5,2020,19,1,61,61005,2,4,1,1,Route de Saint Germain,48.344153,0.556886
202000003121,5,3,2020,10,1,75,75105,2,7,2,3,PLACE VALHUBERT,48.844818,2.363948
202000003122,20,5,2020,19,2,61,61072,1,1,1,3,Route de Pontchardon,48.940909,0.269267
202000003123,5,3,2020,19,5,75,75111,2,2,2,3,AVENUE PARMENTIER,48.866871,2.373361
202000003124,20,5,2020,10,1,49,49211,1,2,7,3,D156,47.152938,-0.517881
202000003125,20,5,2020,19,1,49,49241,1,1,1,7,Le Petit Loiron,47.484729,-0.443702
202000003126,5,3,2020,18,5,75,75111,2,1,3,3,RUE OBERKAMPF,48.865809,2.37803
202000003127,18,5,2020,15,1,46,46030,1,1,1,1,D39,44.787215,1.79259
202000003128,2,3,2020,0,5,75,75107,2,2,2,6,QUAI BRANLY,48.8606462,2.2954796
202000003129,3,3,2020,22,5,75,75104,2,2,1,3,BOULEVARD BOURDON,48.849328,2.366576
202000003130,5,3,2020,10,1,75,75109,2,3,2,3,BOULEVARD DES ITALIENS,48.87146,2.336999
202000003131,4,3,2020,14,1,75,75101,2,2,2,1,AVENUE GENERAL LEMONNIER,48.86095,2.330009
202000003132,5,3,2020,19,5,94,94080,2,1,2,3,FONTENAY (R DE),48.848253,2.437483
202000003133,4,3,2020,15,1,94,94042,2,1,2,6,Avenue Jean Jaurès,48.821,2.464
202000003134,3,3,2020,13,1,94,94042,2,9,1,2,Avenue du Général Galliéni,48.8201042,2.4737973
202000003135,5,3,2020,15,1,94,94044,2,1,3,6,HENRI BARBUSSE (R),48.7558,2.4841
202000003136,5,3,2020,18,2,94,94076,2,1,3,7,GENTILLY (R DE),48.79942,2.35355
202000003137,5,3,2020,9,1,94,94069,2,2,2,3,MARECHAL DE LATTRE DE TASSIGNY (AV),48.8240599,2.4199623
202000003138,4,3,2020,8,1,93,93066,2,2,1,3,CASANOVA DANIELLE NR 2 A 50 ET 1 A 19,48.92652,2.36604
202000003139,5,3,2020,17,1,93,93064,1,1,3,2,DE GAULLE (AV DU GENERAL) 0 / 56 - 47,48.88009,2.47573
202000003140,5,3,2020,16,1,93,93015,1,9,2,5,RTE STRATEGIQUE,48.92442,2.57421
202000003141,5,3,2020,8,2,93,93045,2,1,2,3,R DE PARIS,48.8821728,2.4238855
202000003142,5,3,2020,5,5,93,93001,2,9,2,3,AV DE LA REPUBLIQUE,48.907065,2.388695
202000003143,19,2,2020,21,5,92,92078,2,9,1,3,MARECHAL LECLERC (AVENUE) (N° IMPAIRS),48.938278,2.324159
202000003144,5,3,2020,9,1,92,92072,2,1,2,1,VILLE D'AVRAY (RUE DE ),48.8259015,2.2009993
202000003145,5,3,2020,17,2,92,92049,2,1,3,6,PERI RUE GABRIEL N°37 A 99,48.819427,2.3142839
202000003146,5,3,2020,8,1,92,92049,1,1,2,7,BRIAND AVENUE ARISTIDE N°1 A 129,48.8185041,2.3256732
202000003147,5,3,2020,8,1,92,92036,2,1,2,-1,LOUISE MICHEL (BD) (IMPAIRS),48.922142,2.320019
202000003148,5,3,2020,20,5,92,92062,2,1,2,2,DE DION BOUTON (QUAI) DU 1 AU 28,48.8755374,2.2386722
202000003149,5,3,2020,17,2,92,92024,2,2,3,6,PIERRE DREYFUS (RUE),48.9036913,2.3205047
202000003150,2,3,2020,23,5,92,92024,2,2,1,3,CLICHY (QUAI DE) DE (8 A 60)/ CLICHY (PONT DE),48.90844,2.30008
202000003151,5,3,2020,19,5,92,92012,2,3,2,3,PIERRE GRENIER (AVENUE),48.832846,2.253597
202000003152,5,3,2020,12,1,92,92012,2,3,2,3,SEVRES (RUE DE) 1/55 - 2/40,48.8326496,2.2292255
202000003153,6,3,2020,13,1,02,02124,1,1,1,2,A26,49.740522,3.400236
202000003154,5,3,2020,16,1,27,27230,2,9,2,6,Rue Clovis Vigny,48.867061,1.417387
202000003155,1,3,2020,21,3,54,54137,1,1,4,1,D172,49.478526,5.701668
202000003156,5,3,2020,21,3,36,36006,1,1,2,6,A20,46.583701,1.493454
202000003157,6,3,2020,13,1,2B,2B096,2,9,1,6,68 Colombo,42.299357,9.154342
202000003158,6,3,2020,20,3,71,71182,1,1,1,6,Route d’Autun,46.8022921,4.7818422
202000003159,6,3,2020,9,1,76,76711,2,1,1,2,D925 D,50.039945,1.397135
202000003160,5,3,2020,19,3,68,68365,1,1,2,5,D83,48.049886,7.316192
202000003161,6,3,2020,0,3,31,31100,1,1,2,6,D11,43.297964,1.624367
202000003162,6,3,2020,7,1,38,38013,1,2,1,3,route de Lyon,45.39994,5.47581
202000003163,6,3,2020,12,1,50,50394,2,6,1,3,43 Rue de Saint-lô,49.185652,-1.405048
202000003164,6,3,2020,8,1,83,83025,1,1,1,2,D560,43.526149,5.955877
202000003165,6,3,2020,12,1,60,60220,2,1,1,-1,Route Nationale 31 les Landrons,49.4410044,1.8707137
202000003166,4,3,2020,17,2,64,64499,1,1,2,1,D17,43.474766,-0.958595
202000003167,5,3,2020,21,5,10,10360,2,1,6,6,14 Rue Richebourg,48.229376,4.038746
202000003168,6,3,2020,7,2,27,27260,1,1,1,7,D6178,49.413018,0.423907
202000003169,5,3,2020,11,1,23,23190,1,1,3,6,2 La Croix de l'Arbre,46.058882,2.275962
202000003170,6,3,2020,20,5,42,42256,2,1,3,6,Rue Carles de Mazenod,45.497734,4.165812
202000003171,6,3,2020,15,1,69,69043,1,1,1,-1,52 Route de Brignais,45.707633,4.76885
202000003172,6,3,2020,7,1,28,28367,1,1,1,2,A10,48.1395,1.855
202000003173,6,3,2020,11,1,976,97616,2,1,1,6,Rue du commerce,-12.852928,45.107689
202000003174,6,3,2020,5,2,987,98729,1,1,1,6,RT 91,-17.570158,-149.795333
202000003175,5,3,2020,17,1,987,98729,1,1,1,-1,PK 4.5 RT 91 VAIARE,-17.533102,-149.838624
202000003176,5,3,2020,15,1,77,77343,1,1,3,6,D401,49.023405,3.066666
202000003177,6,3,2020,8,1,78,78246,1,3,1,3,rue de la Paix,49.031091,1.757954
202000003178,5,3,2020,18,3,84,84145,1,1,2,1,D111,43.913796,5.39752
202000003179,6,3,2020,17,1,13,13110,2,1,1,1,7 Avenue Marx Dormoy,43.447439,5.690269
202000003180,6,3,2020,16,1,88,88308,1,1,1,1,D674,48.345468,5.657766
202000003181,4,3,2020,18,1,26,26271,1,1,8,-1,Avenue du Vercors,45.015086,4.855142
202000003182,3,3,2020,19,5,01,01262,2,6,1,1,450 Faubourg de Lyon,45.848183,5.0470879
202000003183,27,2,2020,17,1,27,27439,1,1,1,-1,N154,49.068728,1.180306
202000003184,6,3,2020,8,1,27,27180,2,7,1,6,Rue des Champs,49.184673,1.36533