Num_Acc,jour,mois,an,hr,condition_eclairage,departement,commune,condition_agglomeration,intersection,condition_atmosphere,type_collision,adresse,lattitude,longitude
202000003185,28,2,2020,4,3,57,57039,1,1,1,2,Autoroute A31,49.06307,6.11158
202000003186,5,3,2020,10,1,33,33080,1,1,2,2,AUTOROUTE A 62,44.73019,-0.52953
202000003187,3,3,2020,12,1,59,59013,1,1,1,4,AUTOROUTE A27,50.599805,3.193552
202000003188,5,3,2020,13,1,91,91235,1,1,2,7,RN 104,48.62649,2.35228
202000003189,5,3,2020,13,1,91,91521,1,1,2,3,RN 104,48.63624,2.40916
202000003190,5,3,2020,9,1,94,94021,1,1,2,5,AUTOROUTE A6A,48.7667,2.3436
202000003191,5,3,2020,7,2,94,94076,1,1,2,3,AUTOROUTE A6B,48.79184,2.34474
202000003192,5,3,2020,15,1,78,78073,1,1,2,4,A12 Y,48.801522,2.046706
202000003193,5,3,2020,7,1,78,78217,1,1,3,2,A13,48.96459,1.82103
202000003194,5,3,2020,3,3,95,95527,1,1,2,6, A1,48.99915,2.52055
202000003195,4,3,2020,19,3,95,95607,1,1,2,3, A115,49.01255,2.2213
202000003196,4,3,2020,18,1,95,95572,1,1,2,3,RN 184,49.03782,2.12308
202000003197,25,2,2020,8,1,93,93010,1,1,2,2,AUTOROUTE A3,48.90654,2.47247
202000003198,5,3,2020,20,3,77,77373,1,1,2,7,N104,48.7650704,2.6149062
202000003199,5,3,2020,16,1,94,94017,1,1,2,4,A4,48.8267061,2.5150986
202000003200,5,3,2020,12,1,94,94065,1,1,2,6,A86 INT,48.75397,2.35128
202000003201,2,1,2020,2,5,63,63075,2,1,1,6,THERMES (AVENUE DES),45.76851,3.0584
202000003202,4,1,2020,18,5,59,59178,2,1,1,6,GUYNEMER (RUE GEORGES),50.37195,3.0567
202000003203,27,2,2020,1,5,988,98818,2,1,1,6,PROMENADE ROGER LAROQUE,-22.30325,166.43735
202000003204,4,3,2020,19,5,69,69388,2,1,1,3,JEAN MERMOZ                         (AV),45.7339199,4.8771187
202000003205,4,3,2020,17,1,69,69276,2,1,1,6,LOUIS GRENIER                           ,45.6746,4.8599
202000003206,8,1,2020,6,1,971,97113,2,9,1,6,SECTION GRANDE RAVINE,16.2161237,-61.4789826
202000003207,4,3,2020,6,5,95,95268,2,3,1,3,RUE DES DOUCETTES,48.965289,2.393484
202000003208,4,3,2020,17,1,91,91687,2,3,2,3,VICTOR SCHOELCHER (AVENUE),48.659255,2.37323
202000003209,4,3,2020,18,2,91,91201,2,2,2,3,HENRI BARBUSSE(BOULEVARD),48.67414,2.412
202000003210,4,3,2020,7,1,91,91027,2,1,1,6,J B DE LA SALLE (RUE),48.7,2.3825
202000003211,4,3,2020,7,2,91,91021,2,3,1,3,JAURES JEAN (BOULEVARD),48.5886,2.24572
202000003212,4,3,2020,8,1,83,83069,1,1,1,3,PIERREFEU (ROUTE DE) RD 12,43.1616418,6.1240436
202000003213,3,3,2020,10,1,80,80021,2,1,1,6,GENERAL LECLERC (RUE DU ),49.89429,2.29305
202000003214,4,3,2020,18,1,78,78440,2,2,2,6,avenue de la République,48.986017,1.914654
202000003215,3,3,2020,14,1,76,76108,2,3,3,6,POUCHET. RUE MAX,49.47041,1.11497
202000003216,3,3,2020,20,5,74,74012,2,3,1,1,CHABLAIS (RUE DU),46.1975,6.23848
202000003217,14,2,2020,14,1,73,73011,2,6,1,3,OLIVET (CHEMIN DE),45.6656657,6.3679782
202000003218,4,3,2020,19,5,72,72181,2,1,2,2,MENDES FRANCE PIERRE (AV),48.00721,0.19953
202000003219,4,3,2020,13,1,72,72181,2,1,2,6,EINSTEIN ALBERT (RUE),48.032369,0.174429
202000003220,28,2,2020,8,1,69,69290,2,2,1,3,CITE BERLIET (DE LA)            (BD),45.70475,4.91557
202000003221,3,3,2020,9,1,69,69029,2,2,1,6,GENAS (DE)                          (RO),45.7484,4.9175
202000003222,4,3,2020,17,5,64,64335,2,3,2,4,EUROPE DE L',43.33496,-0.45698
202000003223,4,3,2020,23,5,64,64348,2,9,1,7,ERCKMAN CHATRIAN,43.32767,-0.3931
202000003224,2,3,2020,16,1,63,63164,2,6,1,4,Rond point de COURLANDE,45.8413228,3.1582923
202000003225,2,3,2020,15,1,63,63113,2,1,1,2,SAINT JEAN (BD),45.78203,3.11817
202000003226,2,3,2020,9,1,63,63113,2,6,9,3,BLERIOT (AVENUE LOUIS),45.7882991,3.1394747
202000003227,25,2,2020,16,1,62,62041,2,2,1,6,TEMPLE ( DU ),50.280148,2.785275
202000003228,1,3,2020,5,2,60,60159,1,1,1,6,Départementale 1131,49.39276,2.80154
202000003229,4,3,2020,11,1,59,59131,1,6,1,3,HOOGHE-PORTE,50.9919,2.35332
202000003230,25,2,2020,10,1,56,56260,2,1,2,6,Rue Ernest Cognacq Jay,47.66429,-2.79165
202000003231,4,3,2020,13,1,54,54304,2,4,8,2,SAULNOIS (RUE DU),48.6927327,6.130469
202000003232,14,2,2020,8,1,54,54395,2,3,1,1,STRASBOURG (AVENUE DE),48.6801197,6.1954227
202000003233,4,3,2020,13,1,51,51454,2,3,1,3,Rue Pierre Méhault,49.2259217,4.0292161
202000003234,3,3,2020,12,1,49,49015,1,2,1,4,RD 122 - échangeur RD 775,47.49966,-0.62114
202000003235,4,3,2020,0,5,45,45234,2,1,1,6,D906094-PR2+10,47.9238588,1.9407731
202000003236,3,3,2020,14,5,44,44184,2,6,2,3,Rue de la Ville Halluard,47.284329,-2.201556
202000003237,4,3,2020,19,3,44,44109,2,1,2,6,BOULEVARD DU MASSACRE,47.2256823,-1.6022624
202000003238,4,3,2020,19,3,44,44162,2,6,2,3,Boulevard Marcel Paul,47.2294577,-1.6337736
202000003239,3,3,2020,18,5,41,41018,2,1,1,6,GAMBETTA (AVENUE)- RD766,47.58368,1.3227
202000003240,3,3,2020,19,5,38,38544,2,1,1,6,Montée Saint Marcel,45.52152,4.88246
202000003241,4,3,2020,16,1,38,38185,2,1,1,6,Boulevard Maréchal Foch,45.18043,5.71805
202000003242,4,3,2020,19,5,34,34172,2,1,1,3,JUSTICE DE CASTELNAU (AVENUE DE LA),43.6262206,3.8768434
202000003243,4,3,2020,14,1,34,34172,2,1,1,6,MOULIN (GRAND-(RUE JEAN),43.6074429,3.8771275
202000003244,4,3,2020,5,5,34,34172,2,1,1,7,SOULAS (AVENUE DU PERE,43.624416,3.8525385
202000003245,4,3,2020,12,1,33,33167,2,9,3,6,RN230 / D936 (sortie bretelle ech24),44.84342,-0.50406
202000003246,4,3,2020,1,5,33,33063,2,1,1,2,CRS DE L'YSER,44.82256,-0.57094
202000003247,4,3,2020,15,1,29,29232,2,3,1,1,Rue du Poher,47.9827262,-4.105966
202000003248,2,3,2020,9,1,29,29039,2,6,8,3,Rue de Trégunc,47.8698,-3.9061
202000003249,4,3,2020,10,1,27,27681,2,1,8,4,JAURES (BOULEVARD JAURES),49.094928,1.46694
202000003250,28,2,2020,21,5,27,27229,2,9,2,6,QUATORZE JUILLET (BOULEVARD),49.00951,1.16662
202000003251,3,3,2020,18,1,27,27229,2,3,1,2,CONCHES (ROUTE DE),49.01934,1.119
202000003252,2,3,2020,17,1,22,22278,2,1,1,6,SAINT-PIERRE (ET PL.),48.51291,-2.76595
202000003253,4,3,2020,11,1,17,17300,2,1,2,2,SAUTEL  BOULEVARD ANDRE,46.16814,-1.13249
202000003254,4,3,2020,19,5,13,13213,2,1,1,2,JEAN PAUL SARTRE (AVENUE),43.3210856,5.4161281
202000003255,4,3,2020,2,5,13,13214,2,1,6,6,MERLAN (AVENUE),43.33143,5.40635
202000003256,4,3,2020,18,1,13,13213,2,1,1,2,OLIVES (AVENUE DES),43.326226,5.439255
202000003257,4,3,2020,18,2,13,13201,2,1,1,6,CANEBIERE     70 A FIN,43.29855,5.38374
202000003258,4,3,2020,7,2,13,13002,2,1,1,3,ETIENNE CUCCA-CD908 (AVENUE),43.3602,5.49413
202000003259,18,9,2020,7,1,72,72181,2,3,1,1,GALLOUEDEC DOCTEUR (RUE DU),48.00978,0.1942
202000003260,18,9,2020,22,5,69,69256,2,2,1,3,HENRI BARBUSSE                      (AV),45.78524,4.91714
202000003261,18,9,2020,20,5,69,69256,2,7,1,-1,FRANKLIN                            (R ),45.78699,4.92058
202000003262,18,9,2020,14,1,69,69029,2,1,1,6,JEAN LURCAT                      (R ),45.74665,4.92081
202000003263,13,9,2020,18,2,69,69275,2,2,1,2,JONAGE (DE)                         (RO),45.7726609,4.9775658
202000003264,17,9,2020,17,1,68,68297,2,1,1,6,Rue de Huningue,47.58,7.56
202000003265,17,9,2020,15,1,66,66136,2,3,1,3,VALETTE (FREDERIC),42.69778,2.88028
202000003266,18,9,2020,9,1,64,64483,2,1,1,3,RD810,43.39723,-1.64454
202000003267,18,9,2020,20,5,64,64445,2,1,3,3,JEAN MERMOZ,43.30612,-0.37625
202000003268,18,9,2020,10,1,64,64445,2,6,1,3,RECTEUR JEAN SARRAILH,43.31136,-0.36571
202000003269,15,9,2020,7,2,64,64122,2,1,8,-1,MARCEL DASSAULT (BD),43.47212,-1.53553
202000003270,16,9,2020,19,1,64,64024,2,1,1,4,BAB (BOULEVARD DU),43.48709,-1.53657
202000003271,18,9,2020,6,5,62,62119,2,2,1,3,BOUTLEUX ( RUE ),50.5297,2.63466
202000003272,16,9,2020,12,1,61,61001,2,1,1,6,PIERRE ET MARIE CURIE (RUE),48.43533,0.10571
202000003273,18,9,2020,7,1,60,60057,2,1,1,1,WAGE (RUE DU),49.4278822,2.099807
202000003274,18,9,2020,1,5,59,59350,2,3,1,3,ISLY RUE,50.62473,3.03871
202000003275,17,9,2020,18,1,56,56260,2,3,1,3,BERTHELOT(RUE MARCELIN),47.66595,-2.7867
202000003276,16,9,2020,18,1,56,56260,2,1,1,3,MARTIN(RUE JEAN),47.65344,-2.74163
202000003277,18,9,2020,18,1,54,54547,2,1,1,4,MALINES (RUE DE),48.6639447,6.1734916
202000003278,18,9,2020,8,1,54,54395,2,1,1,3,TOMBLAINE (RUE DE),48.687547,6.204986
202000003279,17,9,2020,18,1,54,54184,2,1,1,3,DE GAULLE (RUE DU GAL),48.700402,6.2216581
202000003280,17,9,2020,17,1,54,54395,2,1,1,6,VINGT SIXIEME R.I. (BOULEVARD DU 2 A 44),48.6968108,6.1891604
202000003281,17,9,2020,8,1,54,54184,2,1,1,2,DE GAULLE (RUE DU GAL),48.6996,6.2163
202000003282,18,9,2020,16,1,51,51454,2,1,1,3,Rue Clovis,49.2499736,4.0290212
202000003283,18,9,2020,16,1,51,51454,2,1,1,7,Avenue de Champagne,49.238287,4.0445552
202000003284,13,9,2020,12,1,50,50129,2,2,1,3,CONQUERANT (BOULEVARD GUILLAUME LE),49.64216,-1.63691
202000003285,17,9,2020,13,1,49,49328,2,1,1,4,GAUTHIER (QUAI LUCIEN),47.2604,-0.07494
202000003286,17,9,2020,7,1,47,47001,2,3,1,3,LIBERTE (BOULEVARD DE LA),44.20079,0.62262
202000003287,18,9,2020,7,1,45,45286,2,1,1,2,AVENUE GASTON GALLOUX ,47.8894213,1.9234742
202000003288,17,9,2020,17,1,45,45068,2,2,1,3,BOUTET (RUE FERNAND),48.0131,2.73
202000003289,18,9,2020,8,1,44,44162,2,1,1,2,Rue Bobby Sands,47.2353,-1.65722
202000003290,18,9,2020,14,1,38,38169,2,2,1,3,Quai du Drac,45.18903,5.70057
202000003291,18,9,2020,16,1,37,37261,2,1,1,4,MIRABEAU (PONT),47.3981426,0.6996322
202000003292,18,9,2020,14,1,37,37233,2,9,1,3,DUCLOS (AVENUE JACQUES),47.3782575,0.7176091
202000003293,18,9,2020,15,1,35,35238,2,6,1,3,SAINT-MALO (RUE DE),48.13263,-1.69086
202000003294,18,9,2020,9,1,35,35278,2,1,1,7,BLAVET (RUE DU),48.15089,-1.684
202000003295,8,9,2020,23,4,33,33063,2,1,1,6,RUE PIERRE TREBOD,44.85885,-0.58489
202000003296,18,9,2020,12,1,33,33529,1,1,1,6,BISCAROSSE (AVE) DUNE VERS BISCA,44.56978,-1.22661
202000003297,18,9,2020,22,3,30,30189,2,1,1,6,ANDUZE (ROUTE OU ANCIENNE ROUTE),43.87142,4.27746
202000003298,18,9,2020,16,1,29,29232,2,6,2,3,Route du Petit Guelen,47.98337,-4.04947
202000003299,17,9,2020,8,1,28,28134,2,1,1,6,RN 12 (CARREFOUR DELISLE),48.74595,1.36567
202000003300,5,9,2020,21,5,27,27229,2,1,1,6,20 rue Yitzhak Rabin,49.02629,1.17866
202000003301,18,9,2020,4,5,17,17274,2,1,1,7,GRANDE RUE   RUE,46.1526,-1.10949
202000003302,18,9,2020,18,1,13,13210,2,2,1,3,PAUL CLAUDEL (BOULEVARD),43.269052,5.4204172
202000003303,18,9,2020,17,1,13,13205,2,1,1,2,SAINT PIERRE (RUE),43.291743,5.413874
202000003304,18,9,2020,11,1,13,13206,2,2,1,3,PRADO (AVENUE DU),43.2820552,5.3859634
202000003305,18,9,2020,12,1,13,13214,2,1,1,3,BASSIN (CHEMIN DU),43.34222,5.40205
202000003306,18,9,2020,9,1,13,13212,2,1,1,3,CAILLOLS (AVENUE DES),43.303903,5.435444
202000003307,18,9,2020,3,5,13,13201,2,2,1,3,FORT NOTRE DAME (RUE),43.2916985,5.3718488
202000003308,17,9,2020,19,2,13,13211,2,1,1,1,CHAPELLE (TRAVERSE DE LA),43.301945,5.511869
202000003309,18,9,2020,19,2,13,13047,1,9,8,2,FOS (ROUTE DE) - RN 569,43.489,4.965
202000003310,18,9,2020,15,1,13,13001,2,1,1,-1,BROSSOLETTE PIERRE (AV),43.514,5.4425
202000003311,17,9,2020,22,3,13,13001,2,1,1,3,RD9,43.50599,5.40271
202000003312,18,9,2020,19,5,11,11069,2,1,1,3,MUSSET ALFRED -ET IMPASSE-,43.21954,2.34398
202000003313,17,9,2020,17,1,11,11069,2,1,1,2,GARIGLIANO -PONT DU-,43.20463,2.33242
202000003314,17,9,2020,14,1,11,11069,2,1,1,7,MINERVOISE -ROUTE-,43.2232,2.3601
202000003315,17,9,2020,10,1,11,11069,1,6,1,7,LIMOUX - ROUTE DE-,43.2044,2.333
202000003316,18,9,2020,13,1,10,10325,2,4,7,3,PASTEUR (RUE),48.2618,4.0739
202000003317,17,9,2020,21,5,10,10387,2,3,1,6,CLAUDE HUEZ (RUE),48.29822,4.07392
202000003318,17,9,2020,10,1,10,10387,2,1,1,3,PIERRE BROSSOLETTE (RUE),48.28847,4.07694
202000003319,18,9,2020,14,1,08,08105,2,3,1,3,MONTHERME,49.79,4.71
202000003320,14,9,2020,17,1,06,06088,2,1,1,6,SEMERIA (AV. DENIS),43.7153,7.2928
202000003321,18,9,2020,21,5,06,06069,2,9,1,3,DE LATTRE DE TASSIGNY (AVENUE DU MARECHA,43.64914,6.93176
202000003322,18,9,2020,16,1,06,06069,2,1,1,1,POMPIDOU (AVENUE GEORGES) -RD 6085,43.648534,6.935694
202000003323,18,9,2020,14,1,06,06069,1,1,1,3,PAOUTE (ROUTE ET TRAVERSE DE LA),43.637156,6.956574
202000003324,18,9,2020,15,1,06,06004,2,2,1,4,SAINT JEAN RTE ET CH.DE,43.58378,7.10648
202000003325,17,9,2020,17,1,01,01053,2,1,1,7,DE VIGNY (RUE ALFRED ),46.19829,5.224638
202000003326,17,9,2020,10,1,75,75116,2,4,1,3,BOULEVARD PERIPHERIQUE,48.836323,2.25676
202000003327,14,9,2020,22,5,75,75119,2,1,1,2,PORTE D AUBERVILLIERS,48.900309,2.377994
202000003328,18,9,2020,8,1,75,75120,2,3,1,3,BOULEVARD MORTIER,48.876421,2.407288
202000003329,18,9,2020,2,5,75,75118,2,2,1,3,BOULEVARD DE LA CHAPELLE,48.88406,2.355698
202000003330,18,9,2020,10,1,75,75119,2,1,1,6,RUE DE L OURCQ,48.891878,2.379968
202000003331,18,9,2020,13,1,75,75118,2,4,1,6,RUE FIRMIN GEMIER,48.89574,2.331097
202000003332,18,9,2020,19,2,75,75108,2,1,1,3,PONT DE L ALMA,48.863768,2.301622
202000003333,18,9,2020,16,1,75,75117,2,4,1,6,BOULEVARD DE COURCELLES,48.878855,2.301764
202000003334,18,9,2020,15,1,75,75117,2,7,1,2,BOULEVARD MALESHERBES,48.887572,2.304645
202000003335,18,9,2020,9,1,75,75117,2,5,1,-1,BOULEVARD DE COURCELLES,48.879152,2.303151
202000003336,17,9,2020,22,5,75,75117,2,2,1,3,"AVENUE DE CLICHY,",48.890263,2.320751
202000003337,17,9,2020,16,1,75,75117,2,1,1,7,BOULEVARD DES BATIGNOLLES,48.88244,2.321464
202000003338,18,9,2020,15,1,75,75108,2,4,1,3,AVENUE MARCEAU,48.866114,2.299658
202000003339,18,9,2020,9,1,75,75116,2,7,1,2,PLACE DU TROCADERO ET DU 11 NOVEMBRE,48.863286,2.286667
202000003340,18,9,2020,0,5,75,75117,2,1,1,6,AVENUE DE LA GRANDE ARMEE,48.874459,2.292281
202000003341,17,9,2020,18,1,75,75116,2,1,1,3,ROUTE DE SEVRES A NEUILLY,48.857578,2.237326
202000003342,18,9,2020,20,5,75,75113,2,2,1,3,AVENUE DE FRANCE,48.8314,2.37588
202000003343,18,9,2020,15,1,75,75113,2,3,1,3,BOULEVARD KELLERMANN,48.820817,2.355831
202000003344,17,9,2020,23,5,75,75113,2,1,1,3,QUAI D AUSTERLITZ,48.841035,2.369116
202000003345,18,9,2020,17,1,75,75111,2,3,1,3,RUE RICHARD LENOIR,48.855468,2.381814
202000003346,17,9,2020,22,5,75,75111,2,2,1,3,RUE DE CHARONNE,48.854697,2.385324
202000003347,18,9,2020,17,1,75,75110,2,4,1,6,RUE DU FAUBOURG SAINT DENIS,48.878466,2.35668
202000003348,18,9,2020,9,1,75,75116,2,1,1,3,ROUTE DES LACS A PASSY,48.858474,2.257737
202000003349,18,9,2020,0,5,75,75108,2,7,1,3,PLACE DE L ALMA,48.864741,2.301943
202000003350,18,9,2020,12,1,75,75104,2,3,1,7,QUAI DES CELESTINS,48.852911,2.358971
202000003351,18,9,2020,12,1,75,75104,2,3,1,7,RUE DE LUTECE,48.85496,2.346862
202000003352,17,9,2020,15,1,75,75103,2,2,1,3,RUE SAINT MARTIN,48.865943,2.353777
202000003353,18,9,2020,10,1,94,94033,2,1,1,2,MARECHAL DE LATTRE DE TASSIGNY (AV DU),48.8528609,2.4940038
202000003354,18,9,2020,19,2,94,94042,2,3,1,3,Avenue du Général Galliéni & Boulevard de Polangis,48.8200514,2.4817218
202000003355,16,9,2020,9,1,94,94068,2,1,1,2,CARNOT (AV),48.79736,2.48711
202000003356,18,9,2020,9,1,94,94046,2,1,1,-1,REPUBLIQUE (AV DE LA),48.80255,2.433536
202000003357,18,9,2020,12,1,94,94074,2,6,1,3,LOUIS ARMAND (R),48.760729,2.443844
202000003358,18,9,2020,2,5,94,94046,2,1,1,3,GENERAL DE GAULLE (AV DU),48.814,2.4211
202000003359,18,9,2020,17,1,94,94016,2,1,1,2,MARCEL BONNET (R),48.7953895,2.3287482
202000003360,18,9,2020,17,1,94,94073,2,1,1,3,LUXEMBOURG (AV DU),48.76132,2.37094
202000003361,17,9,2020,0,5,94,94073,2,9,1,2,FONTAINEBLEAU (AV DE),48.769,2.368
202000003362,18,9,2020,16,1,94,94028,2,1,1,6,LECLERC.(RUE DU GENERAL),48.7905,2.46516
202000003363,18,9,2020,14,1,94,94028,2,3,1,3,GOUNOD.(RUE CHARLES),48.7848389,2.4510086
202000003364,18,9,2020,18,1,94,94022,2,1,1,6,AUGUSTE BLANQUI (R),48.7667,2.405
202000003365,18,9,2020,19,2,94,94033,2,3,1,3,MARECHAL JOFFRE (AV DU),48.85356,2.47503
202000003366,18,9,2020,18,1,94,94071,2,4,1,2,VICTOR HUGO (R),48.78089,2.51368
202000003367,18,9,2020,21,5,93,93078,2,9,1,2,BALLANGER (BD ROBERT),48.9552,2.538
202000003368,18,9,2020,13,1,93,93078,2,1,1,3,BD ROBERT BALLANGER,48.9548117,2.5368279
202000003369,18,9,2020,12,1,93,93053,2,1,1,6,REPUBLIQUE (BLD DE LA) N°,48.8957789,2.4611954
202000003370,17,9,2020,11,1,93,93049,2,2,1,3,FAUVETTES (AVENUE) J-BACHELET->BEL AIR,48.8699883,2.5055672
202000003371,18,9,2020,15,1,93,93074,2,9,1,6,MEAUX RUE DE,48.93464,2.56668
202000003372,18,9,2020,10,1,93,93032,1,9,1,3,R DE PARIS,48.865689,2.565413
202000003373,18,9,2020,8,1,93,93007,2,2,1,6,CHARLES FLOQUET (AVENUE),48.94002,2.44072
202000003374,18,9,2020,9,1,93,93071,2,2,1,6,ALLEE DE VILLENAUT,48.9300477,2.5169819
202000003375,18,9,2020,15,1,92,92073,2,1,1,6,JAURES (AVENUE JEAN),48.86387,2.20873
202000003376,18,9,2020,17,1,92,92064,2,1,1,6,REPUBLIQUE,48.851264,2.213128
202000003377,18,9,2020,16,1,92,92033,2,3,1,2,SURESNES,48.8468655,2.1954095
202000003378,18,9,2020,13,1,92,92064,2,1,1,4,MARCEL DASSAULT,48.85547,2.22295
202000003379,18,9,2020,17,1,92,92050,2,1,1,2,SARTROUVILLE RUE DE,48.911959,2.2175539
202000003380,17,9,2020,9,1,92,92050,2,3,1,3,GARENNE RUE DE LA,48.8987239,2.2255857
202000003381,15,9,2020,9,1,92,92050,2,6,1,3,DROITS DE L'HOMME PLACE DES,48.89583,2.21602
202000003382,18,9,2020,17,1,92,92019,2,1,1,6,DIVISION LECLERC (AVENUE DE LA),48.7639459,2.2713202
202000003383,18,9,2020,20,5,92,92012,2,1,1,-1,JEAN BAPTISTE CLEMENT (AVENUE) 49/FIN -,48.8436266,2.2323173
202000003384,17,9,2020,14,1,92,92009,2,3,1,3,ARGENTEUIL ( AVENUE D' ),48.9199141,2.2769871
202000003385,18,9,2020,19,5,974,97415,2,1,1,7,Ruelle des Bambous,-21.048167,55.302472
202000003386,19,9,2020,10,1,26,26301,1,1,1,6,1169 route de chateauneuf de galaure,45.127895,4.982514
202000003387,18,9,2020,18,1,86,86128,1,1,1,3,349 Lieu Dit le Colombier,46.802162,0.274123
202000003388,11,9,2020,15,1,06,06044,2,1,1,-1,Boulevard Alex Roubert,43.684674,7.101962
202000003389,19,9,2020,9,1,974,97412,2,2,1,1,176 Rue Marcel Pagnol,-21.371134,55.672982
202000003390,19,9,2020,12,1,972,97212,2,1,1,7,Chemin Duverger,14.707928,-61.01202
202000003391,18,9,2020,16,1,52,52469,1,1,1,4,Autoroute A.5 - gare de péage Semoutiers,48.042836,5.05929
202000003392,17,9,2020,11,1,51,51388,2,2,1,1,Rue Canrobert,49.1388154,4.3599106
202000003393,19,9,2020,11,1,38,38118,1,1,1,2,RD 119,45.371443,5.450249
202000003394,18,9,2020,15,1,22,22391,1,2,1,3,D39,48.341739,-2.154726
202000003395,19,9,2020,13,1,37,37159,1,1,1,2,,47.2771525,0.6778626
202000003396,19,9,2020,0,4,89,89326,2,1,1,6,RD606,48.1508374,3.3093504
202000003397,18,9,2020,18,1,74,74173,1,1,1,6,Route du Leutaz,45.839777,6.598277
202000003398,19,9,2020,3,4,2B,2B050,1,9,1,6,La Vigna,42.554693,8.790736
202000003399,19,9,2020,17,1,12,12286,1,1,1,7,Rayssac,43.915377,2.829452
202000003400,18,9,2020,14,1,42,42224,1,1,1,5,Route de Jonzieux,45.3380929,4.3963491
202000003401,19,9,2020,16,1,34,34114,2,3,1,2,Boulevard Pasteur,43.653757,3.552162
202000003402,15,8,2020,9,1,68,68105,1,1,1,1,D26.2,47.690107,7.151063
202000003403,19,9,2020,11,1,29,29241,1,6,2,7,D36 - Rond point de Rozanduc,47.969328,-3.831047
202000003404,19,9,2020,11,1,31,31232,2,1,1,6,19 Allee Alsace Lorraine,43.77071,1.295325
202000003405,12,7,2020,1,3,02,02804,1,1,1,1,D1,49.300558,3.339157
202000003406,19,9,2020,10,1,15,15265,2,1,1,6,42 Avenue de la République,45.345623,2.437581
202000003407,23,8,2020,13,1,06,06125,1,1,1,7,D78,44.16272,6.711574
202000003408,19,9,2020,16,1,83,83082,1,1,1,5,Route Departementale 955,43.6054459,6.47975
202000003409,18,9,2020,18,1,60,60223,1,9,1,4,D36,49.432957,2.672639
202000003410,19,9,2020,8,1,60,60104,1,1,1,1,Rue de Montdidier,49.6291945,2.3257418
202000003411,18,9,2020,11,1,64,64547,1,1,1,1,D932,43.414003,-1.474432
202000003412,18,9,2020,7,2,18,18271,2,1,1,6,3 Route de Saint Eloy de Gy,47.150542,2.375665
202000003413,19,9,2020,5,3,16,16210,1,1,2,6,,45.736231,0.061637
202000003414,19,9,2020,5,3,16,16132,1,1,2,6,Lieu dit Le Pilas,45.867997,0.784639
202000003415,19,9,2020,8,1,07,07349,1,1,1,4,Route de Celles,44.79752,4.762917
202000003416,19,9,2020,11,1,24,24388,1,3,1,3,Falgueyrat,44.861957,0.900911
202000003417,18,9,2020,18,1,24,24115,2,1,2,6,Rue du Château,45.245336,0.684135
202000003418,19,9,2020,17,1,27,27480,2,1,1,6,18 Rue Camelet,49.34521,1.53652
202000003419,18,9,2020,11,1,30,30249,1,2,1,3,4 Chemin de Clarensac,43.808746,4.226526
202000003420,18,9,2020,20,5,38,38352,2,1,1,2,Montée de la Ladrière,45.592279,5.238204
202000003421,16,9,2020,10,1,13,13051,1,6,1,3,Chemin de la Garenne,43.597622,5.091893
202000003422,19,9,2020,1,3,44,44028,1,1,2,2,"autoroute A11, PK 332+000",47.338183,-1.385736
202000003423,16,9,2020,3,3,33,33199,1,6,1,6,A660,44.61485,-1.072476
202000003424,18,9,2020,14,1,06,06161,1,1,1,6,A8  - pk 176.700,43.625514,7.116137
202000003425,14,9,2020,21,5,69,69268,2,1,1,7,13 Avenue du General Brosset,45.6538,4.751014
202000003426,18,9,2020,8,1,69,69027,2,3,7,6,Chemin du Bois des Côtes,45.670444,4.762251
202000003427,19,9,2020,18,3,988,98829,1,1,1,6,RM2 - Saint Gabriel,-21.634991,166.282711
202000003428,17,9,2020,9,1,37,37073,2,1,7,3,46 Rue Nationale,47.3311828,1.0937587
202000003429,18,9,2020,20,3,45,45049,1,1,1,6,D948,47.866501,2.381887
202000003430,18,9,2020,20,2,89,89111,1,1,1,6,A5,48.238415,3.456853
202000003431,19,9,2020,11,1,88,88321,2,9,1,6,37 Rue de la Vaux,48.348367,5.686353
202000003432,15,9,2020,16,1,88,88460,1,1,1,2,31 Route de Fruze,48.396948,5.741397
202000003433,18,9,2020,12,1,69,69236,1,9,1,-1,D488,45.566006,4.703082
202000003434,19,9,2020,18,1,33,33146,2,1,2,1,D2,45.107473,-0.729185
202000003435,19,9,2020,0,3,72,72110,2,1,2,6,rue nationale,47.747176,-0.151354
202000003436,19,9,2020,12,1,29,29247,1,1,1,6,163 Route de la Véronique,47.9566074,-3.9883448
202000003437,19,9,2020,7,2,76,76057,1,1,1,1,Route de Fresquiennes,49.545773,0.973122
202000003438,18,9,2020,17,1,60,60360,1,2,1,1,,49.33711,2.454962
202000003439,19,9,2020,10,1,62,62014,2,1,1,2,rd 943 ,50.6296583,2.3903391
202000003440,18,9,2020,14,1,13,13215,1,1,1,4,A7-Sens Marseille vers Lyon,43.35997,5.36208
202000003441,13,9,2020,12,1,13,13005,1,1,1,2,A52-Sens Toulon vers Pont de l'Etoile,43.2806,5.58475
202000003442,15,9,2020,8,1,13,13071,1,1,1,2,A51-Sens Aix en Provence vers Marseille,43.4066,5.3618
202000003443,18,9,2020,9,1,13,13055,2,1,1,2,A507 sens Marseille - Aubagne,43.3157465,5.4224686
202000003444,16,9,2020,17,1,13,13015,1,1,1,2,A51-Sens Marseille vers Aix en Provence,43.4543,5.398
202000003445,15,9,2020,17,1,13,13056,1,1,1,7,A55-Sens Marseille vers Martigues,43.3945,5.052
202000003446,18,9,2020,20,5,33,33249,1,1,1,4,ROUTE NATIONALE 230,44.8853,-0.5097
202000003447,11,8,2020,11,1,59,59449,1,1,1,7,AUTOROUTE A23,50.464293,3.248117