Num_Acc,jour,mois,an,hr,condition_eclairage,departement,commune,condition_agglomeration,intersection,condition_atmosphere,type_collision,adresse,lattitude,longitude
202000003448,18,9,2020,16,1,91,91064,1,1,1,2,RN 118,48.7542,2.2235
202000003449,18,9,2020,14,1,92,92072,1,1,1,3,N118,48.8260941,2.222528
202000003450,18,9,2020,11,1,94,94042,1,1,1,2,A4,48.828368,2.4755836
202000003451,18,9,2020,9,1,94,94018,1,1,1,2,A4,48.8205076,2.4018322
202000003452,16,9,2020,18,5,988,98818,2,3,1,6,RUE GABRIEL LAROQUE/PROMENADE PIERRE VERNIER,-22.2955,166.4581
202000003453,17,9,2020,11,1,974,97411,2,1,1,2,PAYET (RUE ROGER),-20.8931,55.488
202000003454,21,6,2020,20,1,19,19031,2,3,1,6,QUEUILLE (AVENUE HENRI),45.1709494,1.5303612
202000003455,20,6,2020,15,1,14,14366,2,3,1,3,MARECHAL DE LATTRE DE TASSIGNY (BOULEVAR,49.14179,0.243967
202000003456,22,6,2020,17,1,14,14118,2,2,1,1,JUIN (BOULEVARD MARECHAL),49.2103368,-0.3675232
202000003457,20,6,2020,6,1,13,13056,2,1,1,3,L'HERMINIER AVENUE COMMANDANT JEAN,43.40578,5.04724
202000003458,22,6,2020,22,5,13,13208,2,6,1,7,ANDRE ZENATTI (AVENUE),43.247301,5.382551
202000003459,22,6,2020,16,1,13,13213,1,1,1,2,JEAN PAUL SARTRE (AVENUE),43.32831,5.42867
202000003460,22,6,2020,14,1,13,13203,2,2,1,3,BATTALA (BOULEVARD),43.31794,5.37885
202000003461,21,6,2020,18,1,13,13098,1,1,1,7,D.51,43.46147,4.99672
202000003462,21,6,2020,15,1,13,13047,2,1,1,6,COMBE AUX FEES CHEMIN DE LA,43.5027626,4.9943205
202000003463,21,6,2020,18,1,10,10362,2,1,1,2,GENERAL LECLERC (RUE DU),48.29108,4.02707
202000003464,17,6,2020,16,1,10,10362,2,1,1,-1,LOUIS BLANC (RUE),48.29754,4.05857
202000003465,22,6,2020,11,1,06,06088,2,2,1,6,GAMBETTA (A PARTIR DU N° 63-74),43.70944,7.25594
202000003466,21,6,2020,1,5,06,06088,2,1,1,5,VOIE RAPIDE,43.70299,7.25903
202000003467,4,7,2020,12,1,06,06069,2,6,1,3,MARIGARDE (ROUTE DE LA),43.65384,6.92796
202000003468,21,6,2020,11,1,06,06027,2,1,1,4,PLAGE BOULEVARD DE LA,43.65776,7.16923
202000003469,21,6,2020,8,1,05,05061,2,6,1,-1,FAUVINS ( ROUTE  DES ),44.56396,6.09372
202000003470,22,6,2020,16,1,05,05023,1,1,1,2,GAP (ROUTE DE   RN94),44.8800381,6.6197437
202000003471,22,6,2020,13,1,75,75117,2,1,1,3,PORTE DE CHAMPERRET,48.88901,2.294676
202000003472,22,6,2020,8,1,75,75115,2,1,1,4,PORTE BRANCION,48.827343,2.293198
202000003473,22,6,2020,7,1,75,75119,2,4,1,5,PORTE DE LA VILLETTE,48.89961,2.392084
202000003474,20,6,2020,4,5,75,75117,2,1,1,2,BOULEVARD PERIPHERIQUE EXTERIEUR OUEST,48.890245,2.298465
202000003475,19,6,2020,20,5,75,75108,2,1,1,-1,SOUTERRAIN ALMA,48.864506,2.30327
202000003476,22,6,2020,23,5,75,75118,2,7,1,6,BOULEVARD ORNANO,48.895641,2.346297
202000003477,22,6,2020,20,2,75,75118,2,2,1,6,BOULEVARD BARBES,48.888351,2.349585
202000003478,22,6,2020,20,1,75,75117,2,3,1,6,AVENUE DE CLICHY,48.892324,2.317194
202000003479,21,6,2020,22,5,75,75117,2,1,1,6,BOULEVARD PERSHING,48.880179,2.283154
202000003480,22,6,2020,9,1,75,75116,2,1,1,3,AVENUE DE L HIPPODROME,48.859246,2.243209
202000003481,22,6,2020,9,1,75,75115,2,1,1,7,RUE SAINT AMAND,48.835385,2.307575
202000003482,22,6,2020,2,5,75,75107,2,2,1,6,RUE SAINT DOMINIQUE,48.859958,2.314845
202000003483,22,6,2020,7,1,75,75112,2,5,1,3,CARREFOUR DE PYRAMIDE,48.83378,2.445165
202000003484,22,6,2020,18,1,75,75111,2,1,1,3,RUE MORET,48.867297,2.379268
202000003485,21,6,2020,3,5,75,75110,2,1,1,4,BOULEVARD DE MAGENTA,48.877996,2.354528
202000003486,22,6,2020,10,1,75,75109,2,7,1,6,RUE HALEVY,48.871119,2.332319
202000003487,22,6,2020,19,1,75,75101,2,3,1,1,RUE SAINT DENIS,48.859532,2.347928
202000003488,22,6,2020,12,1,75,75103,2,2,1,7,RUE DES FRANCS BOURGEOIS,48.857243,2.36176
202000003489,22,6,2020,19,1,94,94044,2,1,1,2,MOULIN (CHE DU),48.745603,2.489206
202000003490,22,6,2020,12,1,94,94044,2,1,1,2,ALBERT GARRY (R),48.753,2.476
202000003491,22,6,2020,6,2,94,94041,2,2,1,3,VERDUN (AV DE),48.81301,2.37018
202000003492,21,6,2020,16,1,94,94033,2,3,1,3,REPUBLIQUE (AV DE LA),48.85281,2.46809
202000003493,22,6,2020,17,1,94,94017,2,6,1,-1,François Mittérrand (avenue),48.816161,2.512328
202000003494,21,6,2020,17,1,93,93066,2,1,1,6,BLOCK JEAN RICHARD,48.9385375,2.3745509
202000003495,22,6,2020,4,5,93,93046,2,2,1,3,AV DU MARECHAL LECLERC / R RABELAIS,48.92008,2.53926
202000003496,21,6,2020,16,1,93,93045,2,1,1,3,R DE PARIS,48.87881,2.4122
202000003497,20,6,2020,22,5,93,93006,2,1,1,6,R JEANNE HORNET,48.87594,2.4289
202000003498,22,6,2020,6,2,93,93057,2,1,1,2,AV ARISTIDE BRIAND,48.91119,2.51682
202000003499,22,6,2020,18,1,93,93008,2,1,1,2,BARBUSSE (AVENUE HENRI) A30,48.9080766,2.4266387
202000003500,22,6,2020,17,1,93,93007,2,1,1,3,"""PAUL VAILLANT COUTURIER (AVENUE """"DU 13",48.9290651,2.4785922
202000003501,22,6,2020,0,5,93,93005,2,1,1,4,AV SUZANNE LENGLEN,48.951964,2.5127046
202000003502,22,6,2020,15,1,93,93001,2,1,1,4,R DE LA COMMUNE DE PARIS ,48.9109273,2.3803195
202000003503,22,6,2020,17,1,92,92046,2,9,1,6,GABRIEL PERI,48.819208,2.3000881
202000003504,21,6,2020,16,1,92,92063,2,6,1,3,MONTBRISON (RUE DU LIEUTENANT COLONEL DE,48.85812,2.19405
202000003505,19,6,2020,19,1,92,92063,2,1,1,6,PEREIRE (RUE),48.8888058,2.1766641
202000003506,21,6,2020,19,1,92,92050,2,4,1,3,CHANZY RUE DE,48.8876312,2.1972495
202000003507,22,6,2020,16,1,92,92060,2,3,1,1,EDOUARD HERRIOT (AVENUE) RD60,48.7823547,2.2589539
202000003508,22,6,2020,17,1,92,92012,2,1,1,2,REPUBLIQUE (BOULEVARD DE LA) 5/77BIS - 6,48.83277,2.24822
202000003509,20,6,2020,13,1,01,01054,2,1,1,3,Montee des Crozes,45.88875,5.150753
202000003510,23,6,2020,9,1,07,07191,1,1,1,1,Chemin du Milieu de la Plaine,44.5767412,4.7000822
202000003511,23,6,2020,6,1,64,64254,1,3,1,3,3320 Chemin Departemental 945,43.510565,-0.614226
202000003512,22,6,2020,23,2,22,22206,1,1,1,3,Châtelaudren-Plouagat,48.532379,-3.005962
202000003513,23,6,2020,13,1,38,38188,1,1,1,1,Route du Murier,45.149184,5.783159
202000003514,23,6,2020,17,1,54,54112,1,1,1,6,D952,49.029821,5.904722
202000003515,23,6,2020,8,1,83,83019,1,1,1,1,Route de Cabasson,43.116977,6.321698
202000003516,23,6,2020,13,1,04,04033,1,1,1,1,RD 900B,44.446412,6.370096
202000003517,23,6,2020,11,1,56,56097,2,3,1,5,14 Route de Mane Kerverh,47.762991,-3.110311
202000003518,22,6,2020,17,1,74,74269,1,1,1,5,D57,45.955019,5.845891
202000003519,22,6,2020,19,1,80,80190,1,2,1,3,D925,50.085537,1.660995
202000003520,23,6,2020,7,1,80,80799,1,2,1,3,D1029,49.870044,2.49041
202000003521,23,6,2020,13,1,82,82151,1,1,1,6,D7,44.305501,0.934997
202000003522,22,6,2020,12,1,82,82131,1,1,1,7,D69,44.221953,1.449208
202000003523,23,6,2020,18,1,71,71027,1,1,1,1,662 Rue du Bois d'Amont,46.6575492,5.3979027
202000003524,23,6,2020,16,1,71,71230,1,6,1,2,Avenue Leon Blum,46.5851629,4.0631408
202000003525,22,6,2020,20,1,61,61373,1,1,1,7,D769,48.574989,0.522537
202000003526,23,6,2020,10,1,42,42153,1,1,1,7,N7,45.9628063,4.1708222
202000003527,21,6,2020,17,1,25,25240,1,3,1,3,D461,47.096221,6.627808
202000003528,22,6,2020,7,2,84,84057,2,4,1,1,voie communale de clausure,43.924265,5.249684
202000003529,23,6,2020,8,1,01,01370,2,1,1,6,Rue de la Levee,46.304852,4.839511
202000003530,22,6,2020,15,1,70,70447,1,1,1,7,Rue Clement Ader,47.432613,6.055918
202000003531,22,6,2020,17,1,50,50109,1,1,7,6,Le Mont au Nid,48.908842,-1.463612
202000003532,23,6,2020,9,1,64,64493,2,1,1,3,28 Avenue du Bois de la Ville,43.326336,-1.03766
202000003533,21,6,2020,16,1,18,18237,1,6,1,3,RD23,47.077779,2.180765
202000003534,22,6,2020,17,1,36,36046,2,3,1,3,252 bis Rue Nationale,46.572558,1.981578
202000003535,22,6,2020,13,1,40,40134,1,1,1,2,Rue de Bel-air,44.229618,-0.912575
202000003536,22,6,2020,12,1,18,18096,1,1,1,6,A71,47.182602,2.172505
202000003537,20,6,2020,21,2,28,28187,1,1,1,7,D16,48.91057,1.464744
202000003538,23,6,2020,14,1,78,78683,2,1,7,7,1 Route de Septeuil,48.813929,1.873443
202000003539,23,6,2020,8,1,83,83099,2,1,1,3,Chemin du Picoton,43.458709,6.668218
202000003540,22,6,2020,21,1,83,83064,1,1,1,3,Garéoult,43.322443,6.049741
202000003541,23,6,2020,14,1,83,83023,2,1,1,6,Avenue de la Burliere,43.408809,6.064539
202000003542,23,6,2020,11,1,13,13041,2,2,1,3,21 Rue Thiers,43.455074,5.473485
202000003543,23,6,2020,12,1,89,89085,2,1,1,6,44 Rue du Pont,47.945977,3.494301
202000003544,23,6,2020,16,1,89,89257,2,2,1,6,5 Avenue Jean Jacques Rousseau,47.9639622,3.5232608
202000003545,21,6,2020,14,1,67,67303,1,1,1,1,D250,48.910372,7.743516
202000003546,20,6,2020,13,1,67,67130,2,1,2,1,Rue des Marguerites,48.416897,7.696046
202000003547,23,6,2020,10,1,88,88196,2,1,1,6,22 Boulevard Kelsch,48.072749,6.877129
202000003548,19,6,2020,11,1,57,57582,1,3,1,3,Route Nationale,49.292147,6.167504
202000003549,22,6,2020,13,1,38,38067,1,1,1,6,D18,45.721986,5.187886
202000003550,22,6,2020,21,3,17,17100,1,1,1,7,D135,45.682199,-0.459452
202000003551,24,5,2020,22,3,17,17044,1,1,1,3,RD137 - 22 Rue du Maine au Chat,45.669755,-0.599828
202000003552,23,6,2020,10,1,33,33393,2,1,1,2,104 Route de Coutras,44.99226,-0.197958
202000003553,2,6,2020,20,1,33,33211,2,1,1,7,5 Chemin de Blanquefort,45.006138,-0.643302
202000003554,23,6,2020,14,1,85,85243,2,6,1,3,Rue du Calvaire,46.598664,-1.831257
202000003555,22,6,2020,4,3,14,14719,1,1,1,6,N158,49.024418,-0.269594
202000003556,20,6,2020,20,2,83,83126,1,1,1,2,A50,43.1195615,5.8591783
202000003557,20,6,2020,11,1,83,83144,1,1,1,2,A57,43.136005,5.9928489
202000003558,19,6,2020,18,1,83,83129,1,1,1,4,A50,43.12089,5.84492
202000003559,19,6,2020,15,1,83,83137,1,1,1,4,A50 TUNNEL TUBE SUD,43.12093,5.9435
202000003560,22,6,2020,17,1,33,33063,1,1,1,5,ROCADE A 630,44.88296,-0.5532
202000003561,20,6,2020,12,1,91,91521,1,1,1,2,AUTOROUTE A6,48.6354,2.4011
202000003562,21,6,2020,7,2,95,95028,1,1,1,2,RN 104,49.06501,2.37101
202000003563,21,6,2020,0,3,93,93066,1,1,1,4,AUTOROUTE A1,48.91937,2.35754
202000003564,15,1,2020,7,2,67,67482,1,1,1,4,Autoroute A.35,48.588925,7.7305309
202000003565,21,6,2020,9,1,974,97416,1,1,1,3,BASSIN PLAT(CHEMIN),-21.32502,55.49114
202000003566,22,6,2020,0,5,69,69383,2,3,1,3,Rue de Bonnel,45.7626,4.85774
202000003567,21,6,2020,23,5,69,69383,2,2,1,3,Rue Garibaldi,45.75703,4.8528
202000003568,21,6,2020,12,1,69,69276,2,9,1,2,LYON (DE)                               ,45.67312,4.86025
202000003569,21,6,2020,5,2,69,69387,2,1,1,6,GAMBETTA                            (CO),45.7519171,4.8527849
202000003570,21,6,2020,3,5,69,69388,2,2,1,3,PAUL SANTY                          (AV),45.7314928,4.8738526
202000003571,21,6,2020,20,5,972,97209,2,9,1,3,RD 41 (ROCADE),14.60913,-61.06672
202000003572,21,6,2020,17,5,69,69389,2,2,1,3,Rue Gorge de Loup,45.76942,4.80093
202000003573,21,6,2020,19,1,95,95018,2,1,2,6,GUILLOT (BOULEVARD MARCEAU),48.956178,2.249061
202000003574,21,6,2020,15,1,91,91201,2,3,1,3,VILLIERS ( AVENUE DE ),48.68177,2.40504
202000003575,21,6,2020,18,1,82,82121,1,1,1,1,ROUTE DE CASTELSARRASIN,44.01534,1.31235
202000003576,20,6,2020,19,1,80,80001,2,6,1,3,HOCQUET (d'),50.11058,1.81891
202000003577,15,6,2020,17,1,80,80001,2,1,1,6,REPUBLIQUE (de la),50.109216,1.839405
202000003578,16,6,2020,19,1,69,69266,2,1,1,6,ANTOINE DE SAINT EXUPERY   (Avenue),45.75906,4.87759
202000003579,21,6,2020,18,1,42,42071,2,1,1,4,Avenue Parmentier,46.027166,4.0898595
202000003580,21,6,2020,22,5,42,42044,2,1,1,6,Rue Benoit Frachon,45.3980599,4.3466205
202000003581,20,6,2020,12,1,37,37261,2,2,1,6,ENTRAIGUES (RUE D'),47.386097,0.6766602
202000003582,20,6,2020,9,1,34,34172,2,1,1,7,HUGO (BOULEVARD VICTOR),43.6064631,3.877814
202000003583,21,6,2020,16,1,33,33281,2,4,1,2,AVE MARCEL DASSAULT / Rocade A630  -E10-,44.8433106,-0.672495
202000003584,20,6,2020,11,1,29,29232,2,6,1,2,Boulevard Gutenberg,47.98275,-4.07502
202000003585,21,6,2020,23,5,26,26198,1,1,1,6,2 Allée Georges Bizet,44.56781,4.7366
202000003586,21,6,2020,2,5,17,17300,2,9,1,6,REMPARTS   CHEMIN DES,46.16473,-1.15557
202000003587,20,6,2020,11,1,17,17300,1,1,1,2,RN 237,46.17561,-1.21271
202000003588,21,6,2020,22,5,13,13208,2,2,1,3,SAINTE FAMILLE (RUE),43.27844,5.393915
202000003589,21,6,2020,20,1,13,13215,2,4,1,2,SAINT ANTOINE (AVENUE DE),43.37517,5.35579
202000003590,21,6,2020,6,1,13,13208,2,1,1,4,JOSEPH VIDAL (AVENUE),43.25154,5.37784
202000003591,21,6,2020,5,2,13,13215,2,1,1,6,LITTORAL (CHEMIN DU),43.3397,5.3481
202000003592,21,6,2020,4,5,13,13208,2,1,1,6,GOUDES (CHEMIN DES),43.22583,5.348439
202000003593,20,6,2020,15,1,13,13205,2,2,1,3,ABBE DE L'EPEE (rue),43.2972674,5.3940788
202000003594,18,6,2020,11,1,12,12145,2,1,1,6,JAURES JEAN (AVENUE),44.10294,3.07963
202000003595,21,6,2020,23,5,06,06027,2,1,1,6,7 PLAGE BOULEVARD DE LA,43.6523779,7.154527
202000003596,21,6,2020,17,1,06,06027,2,1,1,6,DELATTRE DE TASSIGNY AV DU MAL,43.65816,7.1629
202000003597,20,6,2020,4,5,75,75117,2,1,1,4,PORTE D ASNIERES,48.889371,2.296098
202000003598,20,6,2020,23,5,75,75119,2,7,1,2,RUE MANIN,48.886391,2.394019
202000003599,20,6,2020,20,1,75,75118,2,3,1,3,RUE ORDENER,48.892159,2.346341
202000003600,20,6,2020,23,5,75,75117,2,2,1,3,BOULEVARD DES BATIGNOLLES,48.882212,2.320345
202000003601,21,6,2020,21,1,75,75111,2,1,2,3,BOULEVARD VOLTAIRE,48.861976,2.373127
202000003602,20,6,2020,13,1,75,75111,2,7,1,7,RUE DU FAUBOURG SAINT ANTOINE,48.848612,2.394357
202000003603,21,6,2020,2,5,75,75111,2,2,1,6,RUE OBERKAMPF,48.865639,2.377333
202000003604,21,6,2020,0,5,75,75108,2,3,1,6,BOULEVARD MALESHERBES,48.880112,2.313453
202000003605,21,6,2020,0,5,75,75108,2,2,1,2,AVENUE DES CHAMPS ELYSEES,48.871869,2.300855
202000003606,21,6,2020,19,1,94,94043,2,3,2,3,JEAN JAURES (PL),48.81213,2.3564
202000003607,21,6,2020,0,5,94,94070,2,1,1,3,MARC ANTOINE CHARPENTIER (R),48.73488,2.58053
202000003608,20,6,2020,23,5,92,92050,2,2,1,-1,JOLIOT CURIE F. ET IRENE AVENUE  N°PAIRS,48.8888,2.2032
202000003609,21,6,2020,19,1,92,92048,2,1,1,7,HENRI SAVIGNAC (RUE),48.8221637,2.2321612
202000003610,20,6,2020,20,1,92,92036,2,3,1,3,LUCIEN LANTERNIER (AVENUE) (1/17),48.932796,2.292729
202000003611,21,6,2020,17,1,92,92026,2,2,1,3,VERDUN (DE 01 A 61),48.9004163,2.2607726
202000003612,21,6,2020,17,1,54,54552,1,1,1,1,D53,48.418702,6.052646
202000003613,21,6,2020,19,1,51,51262,2,1,1,2,134 Rue du Grand Der,48.6926939,4.5975317
202000003614,21,6,2020,12,1,68,68188,1,1,1,7,D430,47.937553,7.061975
202000003615,21,6,2020,21,5,68,68173,2,1,1,-1,314 Derriere la Roche,48.109052,7.191914
202000003616,22,6,2020,19,1,28,28127,1,1,1,7,La Perruche,48.17005,1.267424
202000003617,22,6,2020,15,1,67,67003,1,1,1,7,Albé,48.351294,7.311836
202000003618,21,6,2020,22,1,974,97414,2,3,1,6,Rue Jean Robert,-21.2893544,55.4043531
202000003619,21,6,2020,20,2,48,48140,1,1,8,6,A75,44.82483,3.265836
202000003620,21,6,2020,8,1,19,19121,1,1,1,7,D901,45.4667021,1.3895729
202000003621,20,6,2020,9,1,19,19063,2,1,1,6,155 Rue du 19 Mars 1962,45.1347222,1.5843372
202000003622,21,6,2020,18,1,56,56169,2,1,1,4,Rue du Pont Lorois,47.678117,-3.205369
202000003623,22,6,2020,2,3,2A,2A269,1,1,1,6,RT 10,41.8180148,9.4022451
202000003624,19,6,2020,15,1,2A,2A269,1,1,1,7,"RT 10, Canella",41.8182773,9.4022962
202000003625,22,6,2020,11,1,2B,2B286,1,1,1,6,Départementale 406,42.486324,9.522851
202000003626,21,6,2020,11,1,80,80686,1,1,1,1,D 11,50.0077993,2.3820725
202000003627,21,6,2020,10,1,32,32147,2,1,1,6,Route de Samatan,43.619625,0.882197
202000003628,21,6,2020,22,5,49,49218,2,2,1,3,Avenue de la Belliere,47.2666015,-1.0253784
202000003629,21,6,2020,13,1,12,12215,1,1,1,1,RD 840,44.482315,2.40232
202000003630,22,6,2020,9,1,22,22203,1,4,1,3,D700,48.344912,-2.838871
202000003631,21,6,2020,18,1,35,35078,1,4,1,3,RD 797,48.604385,-1.719228
202000003632,21,6,2020,23,5,29,29061,2,1,1,7,Rue Jules Verne,48.4509904,-4.4520707
202000003633,22,6,2020,10,1,38,38006,1,1,1,7,D9,45.411112,6.08148
202000003634,22,6,2020,10,1,14,14239,1,3,1,-1,D125,49.387813,-0.948923
202000003635,22,6,2020,7,1,60,60405,1,1,1,1,D68,49.689798,1.806436
202000003636,21,6,2020,19,1,60,60557,1,1,1,3,d7,49.5965293,1.9337466
202000003637,20,6,2020,19,1,18,18226,1,1,1,7,D33,47.139001,2.483232
202000003638,19,6,2020,13,2,36,36018,2,1,1,3,Rue de Poitiers,46.630763,1.058089
202000003639,22,6,2020,16,1,36,36005,1,1,1,3,,46.758121,1.810985
202000003640,22,6,2020,2,3,04,04007,1,1,1,7,RN 202,43.9359013,6.5316715
202000003641,22,6,2020,18,1,85,85039,2,2,1,1,Rue de Nantes,47.01974,-1.20055
202000003642,20,6,2020,19,1,48,48097,1,1,1,7,D983,44.162427,3.795691
202000003643,21,6,2020,17,1,48,48130,1,1,1,6,D907,44.205758,3.58194
202000003644,21,6,2020,19,1,08,08490,1,1,1,7,D983,49.432782,4.672692
202000003645,22,6,2020,14,1,69,69244,2,2,1,1,Avenue Général Brosset,45.756664,4.782135
202000003646,2,2,2020,15,1,75,75118,2,3,2,3,BOULEVARD BARBES,48.887171,2.349482
202000003647,1,2,2020,15,1,75,75118,2,2,1,6,RUE DU RUISSEAU,48.897219,2.342292
202000003648,1,2,2020,13,1,75,75115,2,1,2,3,RUE DE LA CONVENTION,48.845091,2.279153
202000003649,2,2,2020,3,5,75,75114,2,2,2,6,AVENUE DU MAINE,48.837514,2.322909
202000003650,2,2,2020,10,1,75,75113,2,2,2,-1,BOULEVARD VINCENT AURIOL,48.833767,2.365031
202000003651,2,2,2020,9,1,75,75111,2,1,8,3,BOULEVARD RICHARD LENOIR,48.856348,2.370272
202000003652,1,2,2020,16,1,75,75109,2,5,1,6,RUE DES MARTYRS,48.876777,2.339227
202000003653,2,2,2020,13,1,75,75108,2,2,1,3,BOULEVARD DE COURCELLES,48.881131,2.315333
202000003654,2,2,2020,5,5,94,94065,2,1,3,6,PONT DES HALLES (R DU),48.75762,2.34788
202000003655,1,2,2020,20,5,94,94033,2,7,2,3,MARECHAL JOFFRE (AV DU),48.85377,2.47021
202000003656,2,2,2020,19,5,94,94017,2,1,2,1,Avenue Roger Salengro,48.81805,2.49344
202000003657,2,2,2020,11,1,93,93071,2,1,2,3,HELENE BOUCHER (ALLEE),48.934852,2.5168699
202000003658,2,2,2020,18,5,93,93055,2,1,2,6,JEAN NICOT,48.8915642,2.4153519
202000003659,2,2,2020,15,1,93,93008,2,9,2,3,VAILLANT COUTURIER (AVENUE PAUL),48.90724,2.45674
202000003660,2,2,2020,0,5,93,93007,2,2,2,3,ROND POINT PABLO NERUDA,48.95011,2.46673
202000003661,2,2,2020,3,5,93,93001,2,2,2,3,BD ANATOLE FRANCE / R DU CREVECOEUR,48.91948,2.38267
202000003662,2,2,2020,17,2,92,92040,2,2,2,3,PROFESSEUR CALMETTE (AVENUE DU),48.8148244,2.2720768
202000003663,2,2,2020,20,5,92,92004,2,1,2,3,DOCTEUR DERVAUX  ( QUAI DU ),48.90988,2.29496
202000003664,2,2,2020,14,1,92,92004,2,1,2,2,DOCTEUR DERVAUX  ( QUAI DU ),48.9044158,2.2865979
202000003665,1,2,2020,11,1,65,65296,1,9,1,1,D48  Route du Vignoble,43.5310869,-0.0403213
202000003666,31,1,2020,15,1,12,12259,1,1,8,5,D922,44.306077,2.039225
202000003667,1,2,2020,19,5,74,74011,2,6,2,3,1 Rue Commandant Ratel,45.923203,6.136562
202000003668,3,2,2020,7,1,80,80092,1,2,2,3,CD 933,49.960528,2.27395
202000003669,2,2,2020,16,1,11,11024,1,9,1,-1,D 6009,43.132599,2.964581
202000003670,3,2,2020,11,1,89,89167,1,2,2,3,D176,47.870935,3.436146
202000003671,3,2,2020,13,1,63,63109,1,2,1,2,D996,45.56483,3.160543
202000003672,3,2,2020,10,1,61,61195,1,1,2,1,35 Le Poirier,48.646889,-0.31929
202000003673,31,1,2020,8,1,42,42323,2,1,1,3,Avenue General de Gaulle,45.56006,4.277544
202000003674,2,2,2020,20,5,22,22325,2,3,8,6,Venelle des Pêcheurs,48.6465071,-2.8275975
202000003675,2,2,2020,17,1,25,25036,1,1,2,7,Route National N83,47.190956,5.966434
202000003676,2,2,2020,23,3,29,29172,1,1,2,7,Lieu-dit Moulin l'Abbé,48.1869996,-4.258202
202000003677,1,2,2020,17,1,29,29196,1,1,8,1,Lieu-dit Landré,48.5085306,-4.5855657
202000003678,2,2,2020,16,1,31,31174,2,1,7,6,276 Ceriros,43.028847,0.845025
202000003679,2,2,2020,0,3,02,02012,1,1,2,3,D6,49.3390009,3.386863
202000003680,31,1,2020,16,1,66,66053,1,1,1,1,Mas Ravaner,42.531741,3.067305
202000003681,3,2,2020,7,3,14,14514,2,1,1,6,43 Rue Georges Clémenceau,49.288845,0.194991
202000003682,3,2,2020,8,3,50,50127,1,1,2,7,D70,49.382317,-1.331685
202000003683,30,1,2020,11,1,60,60584,2,1,3,7,D92,49.209748,2.405062
202000003684,3,2,2020,0,3,10,10438,1,1,2,6,D30,48.131905,4.600661
202000003685,2,2,2020,3,5,24,24255,2,1,1,7,Le Pech,44.938487,1.132459
202000003686,2,2,2020,22,3,04,04004,1,1,1,7,RD 952,43.805908,6.054561
202000003687,17,1,2020,9,1,04,04145,2,1,3,6,Parking Lidl,44.138885,5.967793
202000003688,3,2,2020,15,1,28,28284,1,1,8,1,D2020,48.242324,1.956838
202000003689,31,1,2020,12,1,37,37021,1,1,2,1,Lieu Dit la Petite Carrerie,47.5444346,0.6907439
202000003690,3,2,2020,9,1,01,01296,1,1,3,7,A39,46.384453,5.270267
202000003691,2,2,2020,18,1,973,97309,2,1,1,7,Rue Georges Guéril,4.884403,-52.281575
202000003692,2,2,2020,11,1,83,83061,1,1,1,3,A8,43.5201507,6.7729824
202000003693,1,2,2020,1,3,64,64502,1,1,1,2,A64- Pk 27.700 sens Toulouse/Bayonne,43.5307543,-1.1818225
202000003694,3,2,2020,15,1,38,38133,2,1,1,1,D1075,45.35725,5.60007
202000003695,2,2,2020,19,3,987,98723,1,1,1,6,route de PUMAUA rocher de la vierge,-9.7813552,-139.0114689
202000003696,25,1,2020,14,1,971,97129,1,1,1,3,Duzer,16.3421144,-61.7381753
202000003697,2,2,2020,18,3,977,97701,2,1,1,-1,Route de colombier,17.912046,-62.853786
202000003698,2,2,2020,12,1,33,33234,2,3,1,6,6 Chemin de la Croix d'Ardit,44.80406,-0.50054
202000003699,3,2,2020,6,3,13,13067,1,1,1,6,D7n,43.772085,5.056608
202000003700,3,2,2020,7,1,13,13100,1,1,1,7,D99,43.784464,4.882007
202000003701,2,2,2020,10,1,68,68063,2,2,2,3,6 Rue Georges Risler,47.809051,7.172379
202000003702,3,2,2020,14,1,31,31458,1,1,1,1,Route de Frouzins,43.508192,1.357501
202000003703,2,2,2020,22,3,80,80288,1,1,2,5,A1,49.870217,2.835417
202000003704,2,2,2020,19,2,13,13106,1,1,1,4,A51-Sens Aix en Provence vers Marseille,43.40545,5.3602
202000003705,2,2,2020,16,1,13,13071,1,1,1,3,A7-Sens Lyon vers Marseille,43.4061003,5.3226376
202000003706,31,1,2020,7,2,13,13215,1,1,1,2,A7-Sens Lyon vers Marseille,43.37716,5.35801
202000003707,31,1,2020,8,1,13,13210,1,1,1,3,A50-Sens Aubagne vers Marseille,43.284805,5.4074782
202000003708,31,1,2020,18,5,13,13210,1,1,1,2,A50-Sens Marseille vers Aubagne,43.2846333,5.4074005
202000003709,31,1,2020,18,2,13,13215,1,1,1,2,A7-Sens Lyon vers Marseille,43.347667,5.371306
202000003710,2,2,2020,22,3,33,33474,1,1,1,5,AUTOROUTE A 62,44.67206,-0.47515
202000003711,2,2,2020,19,5,91,91377,1,2,2,1,RD 188,48.73009,2.30051
202000003712,2,2,2020,18,3,91,91216,1,1,2,2,AUTOROUTE A6,48.68444,2.32795
202000003713,2,2,2020,16,1,94,94034,1,1,2,2,AUTOROUTE A86,48.7590958,2.3239201
202000003714,2,2,2020,17,2,91,91064,1,1,2,6,RN 118,48.74991,2.22138
202000003715,2,2,2020,5,3,91,91589,1,1,3,7,AUTOROUTE A6,48.6785,2.3353
202000003716,2,2,2020,18,3,77,77514,1,1,3,-1,A104,48.947914,2.628683
202000003717,2,2,2020,10,1,77,77249,1,1,2,7,RN104,48.7403031,2.6124683