Num_Acc,jour,mois,an,hr,condition_eclairage,departement,commune,condition_agglomeration,intersection,condition_atmosphere,type_collision,adresse,lattitude,longitude
202000003718,2,2,2020,9,1,77,77373,1,1,2,7,RN104,48.766968,2.613568
202000003719,31,1,2020,9,1,77,77146,1,1,1,2,A4.Y,48.8321615,2.6537775
202000003720,1,2,2020,4,4,69,69199,2,2,1,-1,NICOLAI                             (R ),45.70845,4.85521
202000003721,31,1,2020,11,1,69,69388,2,1,1,6,BATAILLE                            (R ),45.73871,4.8673
202000003722,27,1,2020,19,5,69,69389,2,1,1,2,ARLOING                             (QU),45.77373,4.8094
202000003723,31,1,2020,5,5,2B,2B120,2,1,1,2,11 - RT,42.64833,9.44003
202000003724,31,1,2020,23,5,971,97101,1,1,1,6,GRAND CAMP(SECTION),16.2489637,-61.5375996
202000003725,1,2,2020,18,5,91,91223,1,1,2,5,R.N.20,48.43702,2.1707
202000003726,1,2,2020,4,3,78,78311,2,5,2,2,HENRI BARBUSSE (BOULEVARD) 83-109,48.93194,2.18266
202000003727,30,1,2020,18,5,78,78517,2,3,9,6,CLAIREFONTAINE (RUE DE),48.65042,1.83105
202000003728,31,1,2020,20,5,76,76410,2,1,1,2,REPUBLIQUE. RUE DE LA,49.47601,1.0429
202000003729,31,1,2020,17,1,71,71153,2,2,1,3,REPUBLIQUE (AVENUE DE LA),46.7984467,4.447059
202000003730,1,2,2020,4,3,71,71445,1,1,2,3,D673,46.7744202,4.8752609
202000003731,1,2,2020,18,5,64,64348,2,1,1,3,ANDRE MARIE AMPERE,43.31384,-0.42828
202000003732,1,2,2020,13,1,64,64445,2,1,1,6,GUILHEM,43.31691,-0.33691
202000003733,1,2,2020,2,5,64,64445,2,5,1,3,JEAN GENEZE,43.31917,-0.36751
202000003734,31,1,2020,15,1,63,63113,2,1,1,6,LIONDARDS (RUE DES),45.7665399,3.0957063
202000003735,1,2,2020,4,5,63,63113,2,2,1,1,FLAUBERT (BD GUSTAVE),45.76418,3.12595
202000003736,30,1,2020,10,1,63,63032,2,3,1,5,MONTPOLY/Mont-Dore,45.75115,3.07986
202000003737,30,1,2020,7,2,63,63113,2,2,1,1,BLANZAT (RUE DE),45.78715,3.08453
202000003738,29,1,2020,17,1,59,59350,2,9,1,3,CATICHES RUE DES,50.60909,3.04137
202000003739,1,2,2020,16,1,54,54025,1,1,2,2,CHARTREUSE (AVENUE DE LA),48.6617843,6.2511684
202000003740,1,2,2020,17,2,54,54159,2,3,2,6,MATHIEU DE DOMBASLE (RUE),48.625509,6.346366
202000003741,1,2,2020,15,1,51,51454,2,1,1,4,Boulevard Louis Roederer,49.2572626,4.0236155
202000003742,1,2,2020,11,1,45,45302,1,1,1,6,Rocade-D520,47.945322,1.89262
202000003743,1,2,2020,14,1,37,37122,2,1,1,3,MARTYRS (RUE DES),47.3534994,0.6659097
202000003744,1,2,2020,20,5,35,35238,2,1,1,6,5 BRIZEUX (DE),48.12,-1.67203
202000003745,1,2,2020,15,1,35,35238,2,3,1,3,RABELAIS,48.09716,-1.67701
202000003746,1,2,2020,11,1,35,35238,2,3,8,3,25 VOLTAIRE (BD),48.10502,-1.69592
202000003747,1,2,2020,11,1,35,35238,1,1,1,2,RN136,48.08284,-1.69756
202000003748,1,2,2020,9,1,35,35278,1,9,7,6,RN136 Porte de Beauregard,48.13931,-1.69868
202000003749,1,2,2020,8,1,34,34198,2,1,5,1,PAGNOL (AVENUE MARCEL),43.560665,3.954582
202000003750,1,2,2020,16,1,34,34003,1,1,1,3,RD612,43.30914,3.51256
202000003751,2,2,2020,2,5,29,29019,2,2,3,1,Rue de Paris,48.40964,-4.45643
202000003752,27,1,2020,16,1,28,28085,2,7,8,1,SAINT BRICE (RUE),48.4379,1.4936
202000003753,31,1,2020,13,1,19,19272,2,1,2,6,Champeau (Lieu dit),45.2744248,1.7870687
202000003754,1,2,2020,8,1,13,13208,2,6,7,3,ALAIN SAVARY (ROND-POINT),43.246086,5.394576
202000003755,1,2,2020,2,4,13,13209,2,1,1,7,COL DE LA GINESTE D559,43.24611,5.44576
202000003756,27,1,2020,17,1,13,13004,2,1,1,6,RUE HORACE RICHEBE,43.69484,4.63445
202000003757,1,2,2020,16,1,11,11069,2,1,1,3,BUFFON RUE JUSQUAU 48 ET 39,43.22096,2.3527
202000003758,1,2,2020,20,5,75,75112,2,1,2,2,PORTE DE CHARENTON,48.830276,2.402037
202000003759,1,2,2020,14,1,75,75119,2,4,2,2,PORTE D AUBERVILLIERS,48.900334,2.377197
202000003760,31,1,2020,6,5,75,75112,2,4,1,7,ECHANGEUR BERCY,48.827195,2.392795
202000003761,29,1,2020,15,1,75,75118,2,4,1,3,BD PERIPHERIQUE INTERIEUR,48.9009059,2.355741
202000003762,1,2,2020,19,5,75,75119,2,3,2,6,BOULEVARD MACDONALD,48.898853,2.378128
202000003763,1,2,2020,20,5,75,75119,2,2,1,6,AVENUE DE FLANDRE,48.890564,2.376844
202000003764,1,2,2020,14,1,75,75119,2,3,1,6,QUAI DE LA SEINE,48.886682,2.374542
202000003765,1,2,2020,1,5,75,75116,2,1,1,7,VOIE GEORGES POMPIDOU,48.851664,2.280092
202000003766,31,1,2020,20,5,75,75116,2,1,1,6,AVENUE DU MAHATMA GANDHI,48.876914,2.267862
202000003767,31,1,2020,10,1,75,75116,2,3,1,3,AVENUE FOCH,48.871947,2.282549
202000003768,1,2,2020,1,5,75,75114,2,7,1,3,PLACE VICTOR BASCH,48.827811,2.326662
202000003769,1,2,2020,18,5,75,75112,2,6,2,-1,ROUTE DE LA PYRAMIDE,48.834063,2.44482
202000003770,1,2,2020,12,1,75,75112,2,7,1,2,AVENUE DE SAINT MANDE,48.844885,2.401977
202000003771,1,2,2020,0,5,75,75112,2,1,1,-1,QUAI DE LA RAPEE,48.842489,2.371841
202000003772,1,2,2020,1,5,75,75109,2,1,1,6,BOULEVARD DE CLICHY,48.882708,2.335753
202000003773,1,2,2020,2,5,75,75108,2,4,1,3,VOIE GEORGES POMPIDOU,48.864663,2.307402
202000003774,30,1,2020,12,1,75,75108,2,7,2,3,RUE DE LA PEPINIERE,48.8748506,2.3198769
202000003775,1,2,2020,1,5,75,75104,2,2,1,3,QUAI DE GESVRES,48.856699,2.348918
202000003776,1,2,2020,6,5,94,94081,2,2,2,2,ROUGET DE L ISLE (AV),48.77816,2.39679
202000003777,31,1,2020,16,1,94,94068,2,1,1,7,LA FONTAINE (AV),48.80829,2.50629
202000003778,31,1,2020,19,5,94,94015,2,3,1,6,GEORGES MELIES (BD),48.8289315,2.5257733
202000003779,3,2,2020,19,5,94,94076,2,1,7,6,STALINGRAD (AV DE),48.7829,2.36704
202000003780,1,2,2020,19,5,94,94034,2,9,2,6,JEAN JAURES (BD),48.7549,2.31955
202000003781,1,2,2020,15,1,94,94017,2,1,2,2,François Mittérrand (avenue),48.81514,2.51632
202000003782,1,2,2020,13,1,94,94017,2,1,2,3,HAUTS BONNE EAU (R DES),48.82427,2.52062
202000003783,1,2,2020,1,5,94,94017,2,6,1,3,ALLIES (BD DES),48.82973,2.48987
202000003784,1,2,2020,1,5,94,94004,2,1,2,6,CHARLES DE GAULLE (AV),48.7592511,2.5006571
202000003785,1,2,2020,22,5,93,93055,2,1,2,2,EDOUARD VAILLANT DU 1 A FIN.,48.89724,2.39974
202000003786,1,2,2020,19,5,92,92072,2,1,2,7,VILLE D'AVRAY (RUE DE ),48.82481,2.20738
202000003787,1,2,2020,19,5,92,92020,2,1,2,3,PARIS AVENUE DE N° IMPAIRS,48.8091,2.29719
202000003788,30,1,2020,19,2,92,92025,2,3,1,4,VERDUN (RUE DE),48.924005,2.252594
202000003789,31,1,2020,16,1,14,14656,2,1,1,1,Route de Caen,48.9373108,-0.5064867
202000003790,2,2,2020,17,2,01,01378,1,1,2,6,D65,45.831778,5.189973
202000003791,1,2,2020,19,3,972,97214,1,1,1,1,RN1,14.843216,-61.089048
202000003792,1,2,2020,19,3,34,34114,1,1,1,6,A750,43.645905,3.54985
202000003793,2,2,2020,16,1,2B,2B229,1,1,1,6,D343,42.137644,9.278018
202000003794,26,1,2020,3,5,57,57611,1,1,1,7,86 Rue de France,48.657281,6.924911
202000003795,1,2,2020,19,3,51,51527,1,1,3,3,D28,49.2605735,3.7914097
202000003796,2,2,2020,11,1,19,19150,1,1,1,6,D38,45.0760602,1.6065751
202000003797,2,2,2020,19,3,76,76594,1,3,2,3,Route du Havre,49.490997,1.015173
202000003798,1,2,2020,23,5,76,76648,1,1,1,6,210 Avenue du General Hely d'Oissel,49.668683,1.271904
202000003799,1,2,2020,14,1,11,11255,1,2,1,3,D224,43.169286,2.914875
202000003800,2,2,2020,16,1,34,34028,1,1,1,3,D908,43.615211,3.186877
202000003801,1,2,2020,23,3,68,68065,1,1,2,7,D32,47.643815,7.036142
202000003802,1,2,2020,15,1,22,22222,2,1,1,6,Le Chêne Vert,48.6894,-2.931877
202000003803,31,1,2020,16,1,38,38389,2,2,1,3,Avenue du Stade,45.55518,5.08177
202000003804,31,1,2020,20,3,38,38503,1,1,1,1,Route du Lac,45.316004,5.945014
202000003805,1,2,2020,4,3,38,38042,1,1,1,6,Route de Grenoble,45.37051,5.40532
202000003806,1,2,2020,15,1,01,01320,1,1,8,6,D68a,46.312731,4.85909
202000003807,1,2,2020,20,3,01,01445,1,1,1,7,D1083,46.326092,5.309912
202000003808,31,1,2020,10,1,54,54054,2,1,2,6,RD112,48.475732,6.313914
202000003809,2,2,2020,8,2,72,72186,1,1,2,6,112 Route du Mans,48.209174,0.130205
202000003810,2,2,2020,11,1,06,06138,2,1,1,7,Avenue de Lérins,43.513472,6.937147
202000003811,1,2,2020,3,3,90,90069,1,1,1,6,1 Rue des Redais,47.525294,6.91731
202000003812,2,2,2020,15,1,60,60531,2,9,2,7,718 Rue de Francières,49.4416695,2.7025871
202000003813,2,2,2020,12,1,24,24038,1,1,2,7,D708,45.297796,0.357678
202000003814,1,2,2020,22,3,88,88486,1,1,2,6,D43,48.013988,6.709166
202000003815,2,2,2020,1,3,03,03256,1,1,1,6,A71,46.3363894,2.8864546
202000003816,2,2,2020,12,1,01,01254,1,1,3,1,A40,46.16862,5.3015439
202000003817,1,2,2020,18,5,971,97121,2,1,1,6,D17,16.2245106,-61.7746739
202000003818,2,2,2020,17,2,34,34329,1,1,1,3,D37e9,43.25188,3.250993
202000003819,6,1,2020,17,5,83,83023,2,1,2,3,Avenue de la Liberation,43.405871,6.073008
202000003820,1,2,2020,11,1,67,67400,1,1,3,1,D263,48.9859219,7.9584208
202000003821,2,2,2020,1,3,38,38412,1,1,1,6,Route de Fourvoirie,45.3794,5.74346
202000003822,2,2,2020,14,1,26,26206,1,1,1,7,Quartier le Rozet,44.822694,5.009983
202000003823,2,2,2020,15,1,23,23081,1,1,2,7,Faureix,45.755255,2.355044
202000003824,2,2,2020,18,1,64,64230,1,1,1,5,Haut de Gan,43.169755,-0.441336
202000003825,31,1,2020,13,1,44,44103,2,3,2,3,Rue de la Chalandière,47.3285909,-2.1773642
202000003826,23,1,2020,13,1,59,59310,2,3,1,1,84 chaussée du bois,50.325043,3.826675
202000003827,31,1,2020,20,3,13,13015,1,1,1,4,A51-Sens Marseille vers Aix en Provence,43.458655,5.402754
202000003828,28,1,2020,17,1,13,13055,1,1,1,2,A507 sens Marseille - Aubagne,43.296266,5.424594
202000003829,31,1,2020,8,3,67,67309,1,1,8,7,Autoroute A.4,48.6414859,7.7309619
202000003830,1,2,2020,15,1,78,78640,1,1,8,4,A86 EXT,48.778689,2.206584
202000003831,31,1,2020,20,5,78,78640,1,1,2,2,N118,48.778338,2.222416
202000003832,1,2,2020,12,1,93,93066,1,1,2,3,AUTOROUTE A1,48.92813,2.35799
202000003833,1,2,2020,10,1,92,92078,1,1,2,6,AUTOROUTE A86,48.9311319,2.3235238
202000003834,1,2,2020,5,3,95,95277,1,1,3,6, A3,48.97999,2.49662
202000003835,22,7,2020,19,1,92,92050,1,1,1,4,A86,48.9057399,2.2099512
202000003836,22,7,2020,18,1,78,78402,1,1,1,2,A13,48.96389,1.792038
202000003837,23,7,2020,19,1,95,95424,1,1,1,7,AUTOROUTE A15,48.9893,2.1978
202000003838,22,7,2020,18,1,93,93066,1,1,1,2,AUTOROUTE A1,48.90852,2.35846
202000003839,23,7,2020,19,1,93,93051,1,1,1,5,A4,48.8359199,2.5613794
202000003840,23,7,2020,8,1,94,94017,1,1,1,2,A4,48.82788,2.50432
202000003841,22,7,2020,16,1,94,94017,1,1,1,2,A4,48.8287167,2.4781208
202000003842,22,7,2020,9,1,974,97416,2,1,1,6,LORION(RUE LUC),-21.34067,55.46906
202000003843,30,6,2020,18,5,974,97416,2,2,1,3,Rue Hippolyte Piot,-21.29866,55.45385
202000003844,22,7,2020,19,5,974,97411,2,4,1,3,CHAUDRON  (BLD 1 DU),-20.89867,55.49649
202000003845,23,7,2020,2,5,69,69259,2,1,1,2,MARCEL PAUL                         (AV),45.69933,4.88203
202000003846,22,7,2020,19,1,69,69383,2,3,1,3,AUBIGNY (D')                        (R ),45.7613,4.8638
202000003847,22,7,2020,18,1,69,69387,2,1,1,6,CLAUDE BERNARD                      (QU),45.75258,4.83675
202000003848,22,7,2020,16,1,69,69387,2,1,2,3,GARIBALDI                           (R ),45.7481,4.85214
202000003849,22,7,2020,16,1,69,69387,2,3,3,7,GAMBETTA                            (CO),45.75414,4.84627
202000003850,21,7,2020,7,1,972,97209,1,1,1,3,AUTOROUTE (A1),14.61823,-61.03478
202000003851,21,7,2020,8,1,972,97209,2,1,1,1,NELSON MANDELA (BOULEVARD),14.60185,-61.05135
202000003852,21,7,2020,23,5,69,69034,2,3,1,7,SOLDATS (DES)                       (MO),45.7972,4.8529
202000003853,22,7,2020,15,1,971,97113,1,9,2,2,SECTION GRANDE RAVINE,16.21364,-61.47776
202000003854,21,7,2020,15,1,971,97113,1,1,1,3,RN4 - SECTION RIVIERA,16.21874,-61.50213
202000003855,20,7,2020,18,3,971,97113,1,2,1,3,AMEDE CLARA,16.2060893,-61.4867234
202000003856,20,7,2020,10,1,971,97101,1,2,1,3,PETIT PEROU,16.25156,-61.51325
202000003857,22,7,2020,14,1,971,97105,1,3,1,1,BOLOGNE (ROUTE DE),16.00597,-61.73251
202000003858,17,7,2020,23,5,95,95555,2,1,1,-1,PASTEUR (BOULEVARD),48.9669387,2.2750463
202000003859,21,7,2020,17,1,91,91223,2,1,1,6,SAINT MARTIN (RUE),48.42786,2.14339
202000003860,22,7,2020,7,1,91,91027,2,1,7,3,MORANGIS (AVENUE DE),48.7058,2.3689
202000003861,21,7,2020,17,1,91,91347,2,1,1,3,MONTLHERY (ROUTE DE),48.63533,2.28544
202000003862,20,7,2020,18,1,91,91103,2,2,1,3,RUE JEAN JAURES,48.60745,2.30941
202000003863,22,7,2020,12,1,83,83137,2,1,1,4,STRASBOURG (BD DE ),43.124799,5.933208
202000003864,21,7,2020,18,1,83,83129,1,1,1,4,KENNEDY (AVENUE J.)N° IMPAIRS > ST VICTO,43.10795,5.8156
202000003865,21,7,2020,10,1,80,80021,2,1,1,6,LA BRUYERE (RUE),49.90915,2.31607
202000003866,20,7,2020,19,1,78,78646,2,1,1,1,PETITS BOIS (RUE DES),48.80681,2.15745
202000003867,22,7,2020,13,1,78,78440,2,1,1,3,SALVADOR ALLENDE (RUE),48.970365,1.919603
202000003868,22,7,2020,16,1,77,77108,2,1,1,6,SEMPIN (CHEMIN DU),48.897,2.5903
202000003869,21,7,2020,17,1,76,76351,2,1,1,2,REPUBLIQUE (COURS DE LA),49.50172,0.13124
202000003870,22,7,2020,2,5,76,76351,2,1,1,6,SALVADOR ALLENDE (RUE),49.50467,0.13922
202000003871,19,7,2020,16,1,73,73222,2,3,1,3,D912A PLAIMPALAIS (ROUTE DE),45.57486,5.95656
202000003872,1,7,2020,18,1,69,69266,2,1,1,-1,WILSON       (Place),45.77371,4.86732
202000003873,20,7,2020,18,1,67,67365,2,1,1,4,BOHRIE (ALLEE DU),48.55153,7.70617
202000003874,21,7,2020,23,5,66,66136,2,1,1,2,ZOLA (EMILE),42.69804,2.89737
202000003875,22,7,2020,14,1,64,64445,2,1,1,3,Route de Bayonne,43.2971184,-0.3877455
202000003876,22,7,2020,8,1,64,64445,2,2,1,2,GASTON PHOEBUS,43.302445,-0.379357
202000003877,5,7,2020,17,1,62,62065,2,1,1,3,SEMARD PIERRE,50.413854,2.84121
202000003878,22,7,2020,16,1,59,59360,2,3,1,-1,KUHLMANN AVENUE,50.6206432,3.0163579
202000003879,21,7,2020,10,1,54,54578,2,1,1,6,TROIS EPIS (RUE DES),48.6750014,6.1619085
202000003880,22,7,2020,7,1,45,45338,2,6,1,6,Rue Léonard de Vinci,47.99715,2.714996
202000003881,20,7,2020,16,1,38,38421,2,1,1,2,Boulevard Dulcie September,45.16656,5.757649
202000003882,21,7,2020,10,1,37,37208,2,1,1,1,LAC (AVENUE DU),47.3671438,0.720896
202000003883,22,7,2020,12,1,34,34172,2,1,1,6,NOBEL (RUE ALFRED),43.61055,3.91245
202000003884,17,7,2020,19,1,34,34032,2,6,1,3,ROUTE DE BEDARIEUX (RD.909),43.36005,3.22477
202000003885,22,7,2020,15,1,33,33009,2,1,1,2,DEGANNE (BD) DU 01 AU 35,44.65409,-1.14787
202000003886,22,7,2020,9,1,31,31555,1,1,1,6,VA001490 A621,43.62501,1.41297
202000003887,22,7,2020,8,1,31,31555,1,1,1,2,VA007331 A620,43.56042,1.48925
202000003888,21,7,2020,20,1,31,31555,2,1,1,3,LARDENNE (AV DE),43.59243,1.40132
202000003889,21,7,2020,17,1,31,31555,2,1,1,3,RUE DES ANGES,43.62059,1.44013
202000003890,21,7,2020,13,1,31,31555,2,1,1,3,CHE DU CHATEAU DE L HERS,43.60189,1.48212
202000003891,21,7,2020,10,1,31,31555,1,6,1,3,RD PT GRIFFON,43.55879,1.49597
202000003892,21,7,2020,16,1,30,30189,2,1,1,6,MENDES FRANCE PIERRE (AVENUE),43.8203,4.3865
202000003893,21,7,2020,19,1,29,29232,2,1,1,6,Boulevard Amiral de Kerguelen,47.9954814,-4.0970598
202000003894,22,7,2020,7,1,29,29232,2,6,1,2,Rue Philippe Lebon ,47.99507,-4.07408
202000003895,22,7,2020,15,1,17,17300,2,6,1,6,CHAMP DE MARS   AVENUE DU,46.16897,-1.14972
202000003896,25,6,2020,20,1,14,14338,2,1,1,3,BAINS (RUE DES),49.2990025,-0.0847008
202000003897,19,7,2020,20,2,13,13054,2,9,1,3,MONSEIGNEUR LAURENT IMBERT (CHE ),43.40846,5.23
202000003898,22,7,2020,20,2,13,13208,2,1,1,2,MENDES FRANCE (AVENUE),43.25974,5.37572
202000003899,22,7,2020,19,1,13,13213,2,2,1,1,LEPRINCE RINGUIET (rue),43.34426,5.44334
202000003900,22,7,2020,18,1,13,13208,2,1,1,2,MENDES FRANCE (AVENUE),43.26244,5.37416
202000003901,22,7,2020,18,1,13,13203,2,1,1,6,ROGER SALENGRO (AVENUE),43.30955,5.37373
202000003902,22,7,2020,8,1,13,13212,2,3,1,3,GUEY (BOULEVARD),43.304,5.422528
202000003903,21,7,2020,7,1,13,13206,2,2,1,3,ITALIE (RUE D'),43.29052,5.38338
202000003904,22,7,2020,1,3,13,13001,2,1,1,6,LEDOUX CLAUDE NICOLAS (RUE),43.4752923,5.3980568
202000003905,21,7,2020,13,1,10,10387,2,6,1,3,FRANCOIS MITERRAND,48.2926,4.0742
202000003906,21,7,2020,18,1,09,09122,2,9,1,6,ESPAGNE (ROUTE D'),42.9399301,1.6241897
202000003907,22,7,2020,8,1,06,06088,2,2,1,3,LEVESI (R. DOCTEUR),43.68139,7.23128
202000003908,20,7,2020,8,1,06,06083,2,3,1,6,GREVILLE (RUE HENRI),43.775881,7.495492
202000003909,22,7,2020,14,1,06,06069,1,1,1,3,SAINT MATHIEU (ROUTE ET PLACE),43.66062,6.94935
202000003910,21,7,2020,19,1,06,06123,2,1,1,2,VESPINS ROUTE DES,43.66004,7.18816
202000003911,22,7,2020,13,1,06,06004,2,1,1,3,POINCARE BD RAYMOND.,43.57308,7.10097
202000003912,21,7,2020,15,1,05,05061,2,1,1,2,JEAN JAURES ( AVENUE ),44.54978,6.06835
202000003913,22,7,2020,17,1,75,75115,2,1,1,7,PORTE DE SEVRES,48.831053,2.284126
202000003914,22,7,2020,17,1,75,75120,2,1,1,4,BOULEVARD PERIPHERIQUE,48.871428,2.413002
202000003915,21,7,2020,19,1,75,75112,2,1,1,3,BOULEVARD PERIPHERIQUE,48.828768,2.398716
202000003916,22,7,2020,3,5,75,75105,2,7,1,3,PLACE DU PETIT PONT,48.853064,2.34682
202000003917,22,7,2020,12,1,75,75120,2,1,1,6,AVENUE GAMBETTA,48.87651,2.40631
202000003918,22,7,2020,14,1,75,75118,2,1,1,6,RUE MARX DORMOY,48.889955,2.359925
202000003919,22,7,2020,14,1,75,75118,2,7,1,6,RUE DU POTEAU,48.893312,2.342863
202000003920,21,7,2020,23,5,75,75117,2,2,1,3,RUE DE PONT A MOUSSON,48.897534,2.324193
202000003921,22,7,2020,16,1,75,75116,2,1,1,6,ROUTE DE LA MUETTE A NEUILLY,48.867015,2.26509
202000003922,21,7,2020,23,5,75,75101,2,2,1,2,RUE DU LOUVRE,48.86092,2.340866
202000003923,21,7,2020,2,5,75,75113,2,5,1,3,AVENUE DES GOBELINS,48.836793,2.351874
202000003924,22,7,2020,3,5,75,75112,2,1,1,6,QUAI DE LA RAPEE,48.844109,2.369473
202000003925,21,7,2020,20,1,75,75112,2,4,1,3,RUE DU FAUBOURG SAINT ANTOINE,48.85064,2.378805
202000003926,22,7,2020,14,1,75,75111,2,2,1,6,BOULEVARD DE MENILMONTANT,48.866993,2.38282
202000003927,22,7,2020,9,1,75,75109,2,7,1,3,RUE AUBER,48.871046,2.331907
202000003928,22,7,2020,20,1,75,75108,2,1,1,7,AVENUE DES CHAMPS ELYSEES,48.866825,2.316919
202000003929,22,7,2020,2,5,75,75108,2,3,1,6,AVENUE DES CHAMPS ELYSEES,48.871088,2.303491
202000003930,21,7,2020,12,1,75,75107,2,3,1,3,BOULEVARD RASPAIL,48.851571,2.326817
202000003931,22,7,2020,16,1,94,94046,2,2,1,3,GAMBETTA (AV),48.81002,2.44009
202000003932,22,7,2020,8,1,94,94016,2,1,1,-1,ARISTIDE BRIAND (AV),48.7977,2.32269
202000003933,22,7,2020,20,1,94,94041,2,1,1,2,VERDUN (AV DE),48.80922,2.37349
202000003934,21,7,2020,8,1,94,94041,2,1,1,2,LEON GAMBETTA (PL),48.81444,2.40206
202000003935,22,7,2020,21,2,94,94017,2,1,1,6,MONUMENT (R DU),48.81134,2.52283
202000003936,22,7,2020,13,1,93,93048,2,3,1,6,THEOPHILE SUEUR (BOULEVARD),48.8663,2.4695
202000003937,22,7,2020,20,1,93,93045,2,2,1,3,R DE PARIS / R JEAN MOULIN,48.87936,2.41488
202000003938,29,7,2020,16,1,93,93032,2,3,1,3,MAISON BLANCHE  (RUE DE),48.880022,2.533973
202000003939,22,7,2020,13,1,93,93031,2,1,1,2,FOCH (BOULEVARD),48.9494,2.32959
202000003940,22,7,2020,15,1,93,93027,2,9,1,3,VAILLANT-COUTURIER (AVENUE PAUL),48.9181,2.4077
202000003941,22,7,2020,18,1,93,93001,2,1,1,6,DANIELLE CASANOVA (RUE)  => 54/57,48.918508,2.392952
202000003942,21,7,2020,14,1,92,92063,1,1,1,6,VERSAILLES (ROUTE DE),48.8511108,2.1582945
202000003943,22,7,2020,8,1,92,92024,2,1,1,3,VICTOR HUGO (BD),48.8979498,2.3113269
202000003944,22,7,2020,22,1,92,92040,2,1,1,7,RODIN (BOULEVARD),48.818615,2.257715
202000003945,22,7,2020,19,1,92,92040,2,3,1,3,GALLIENI (BOULEVARD),48.831544,2.267199
202000003946,21,7,2020,14,1,92,92035,2,9,1,3,Léon Maurice Nordmann ( rue ),48.9036724,2.2415891
202000003947,22,7,2020,22,5,92,92012,2,9,1,3,ECOLES (PLACE DES),48.8324364,2.243346
202000003948,22,7,2020,18,1,92,92012,2,1,1,2,GENERAL LECLERC (AVENUE DU) 35/FIN - 60/,48.8301776,2.2327493
202000003949,3,10,2020,7,5,92,92012,2,2,1,-1,MEUDON (RUE DE) - COTE IMPAIR,48.8255679,2.241898
202000003950,23,7,2020,17,1,60,60269,1,2,1,3,D901,49.618127,1.948947
202000003951,22,7,2020,12,1,62,62596,2,9,1,7,55 Rue Principale,50.3402835,1.9448016
202000003952,22,7,2020,19,2,83,83072,2,1,1,1,Boulevard de la Libération,43.494768,6.354507
202000003953,23,7,2020,12,1,91,91390,1,3,1,1,Route de l'Aumone,48.318742,2.076834
202000003954,23,7,2020,11,1,22,22368,1,1,1,3,D118,48.568202,-2.059733
202000003955,22,7,2020,23,5,41,41194,2,2,1,6,78 Rue Marceau,47.359398,1.752325
202000003956,23,7,2020,9,1,972,97229,2,9,1,3,Boulevard du General de Gaulle,14.608907,-61.092342
202000003957,6,7,2020,0,3,57,57622,1,1,8,6,A4,49.180196,6.036558
202000003958,22,7,2020,11,1,12,12098,2,3,1,6,2 Rue Francois d'Estaing,44.553555,2.672194
202000003959,23,7,2020,8,1,74,74112,1,1,1,-1,D3508,45.923394,6.08516
202000003960,22,7,2020,17,1,58,58270,1,1,1,6,D114,47.47599,3.034357
202000003961,22,7,2020,14,1,38,38194,1,3,1,3,Le Grand Chemin,45.34189,5.43291
202000003962,22,7,2020,18,1,84,84091,1,1,1,1,chemin des lacs,44.165198,4.735301
202000003963,21,7,2020,23,3,41,41200,1,1,1,7,D16,47.759504,1.075351
202000003964,22,7,2020,13,1,76,76734,1,5,1,4,D925,49.604115,0.279046
202000003965,19,7,2020,9,1,41,41106,2,3,1,3,Rue des Michalons,47.595992,2.022745
202000003966,23,7,2020,10,1,34,34051,1,1,1,7,D130,43.592009,3.484615
202000003967,22,7,2020,23,3,22,22025,2,3,1,7,rue anatole le braz,48.405521,-3.4287
202000003968,23,7,2020,9,1,44,44194,2,3,1,3,rue de Nantes,47.26005,-1.65795
202000003969,22,7,2020,23,3,26,26105,1,1,1,6,1 Route de Nyons,44.458324,5.369872
202000003970,23,7,2020,8,1,26,26324,2,6,1,3,Route de Pierrelatte,44.345849,4.755015
202000003971,23,7,2020,14,1,72,72007,1,1,1,6,Route départementale 357 PK30,47.997114,0.440641
202000003972,23,7,2020,3,3,72,72217,1,1,1,6,Route de la Guierche,48.090556,0.207786
202000003973,23,7,2020,15,1,06,06071,1,1,1,3,D2202,44.044576,6.841281
202000003974,20,7,2020,13,1,14,14527,1,1,1,3,D613,49.1297981,-0.0442856
202000003975,22,7,2020,20,2,05,05032,1,1,3,6,D944,44.71469,6.26093
202000003976,23,7,2020,15,1,60,60405,2,1,1,3,10 Rue de Picardie,49.667447,1.809247
202000003977,23,7,2020,10,1,60,60098,2,2,1,3,Rue Bel air D124,49.651876,1.753972
202000003978,22,7,2020,19,1,73,73011,1,3,1,1,D925,45.6866103,6.4027537
202000003979,23,7,2020,8,1,04,04111,1,1,1,1,RD 4100,43.920184,5.756965
202000003980,22,7,2020,10,1,04,04116,2,2,1,2,RD 4 / Rue des Prés d'Astruc,44.029135,5.973451
202000003981,23,7,2020,8,1,04,04036,1,3,1,3,RD 900 / Le Lauron,44.1558,6.298621
202000003982,23,7,2020,15,1,85,85133,1,2,1,3,Route d'Anchais,46.367586,-0.73367
202000003983,24,6,2020,7,2,27,27679,1,1,1,6,Rue de la Grand Mare,48.807457,0.8546
202000003984,20,7,2020,21,1,17,17337,2,1,1,7,"Port de Boyardville, chenal de la perrotine",45.966264,-1.24153
202000003985,23,7,2020,9,1,37,37109,2,2,7,3,Rue Alfred de Musset,47.4078531,0.6068896
202000003986,23,7,2020,14,1,48,48017,2,4,1,7,5 Rue du Coulas,44.435166,3.20105