Num_Acc,jour,mois,an,hr,condition_eclairage,departement,commune,condition_agglomeration,intersection,condition_atmosphere,type_collision,adresse,lattitude,longitude
202000003987,22,7,2020,23,5,69,69244,2,1,8,6,58 Chemin Finat Duclos,45.757642,4.74898
202000003988,23,7,2020,9,1,06,06004,1,1,1,3,A8,43.604495,7.065475
202000003989,22,7,2020,18,1,34,34172,1,1,1,4,A709 pk 011+900,43.604013,3.92787
202000003990,23,7,2020,7,1,17,17421,1,1,1,1,RD 14,45.675797,-0.953146
202000003991,23,7,2020,12,1,69,69007,1,3,1,-1,D45,45.501279,4.802321
202000003992,21,7,2020,11,1,987,98729,1,1,1,2,VAEANAE PK 20 HAAPITI,-17.533097,-149.838613
202000003993,23,7,2020,7,1,45,45229,1,1,1,2,D135-PR 9 + 50,47.853461,2.756984
202000003994,22,7,2020,10,1,2B,2B042,1,1,7,2,T11,42.591637,9.439166
202000003995,22,7,2020,14,1,05,05065,2,1,1,1,Rue de Fontloube,44.656943,6.651374
202000003996,8,7,2020,15,1,67,67351,1,1,1,6,D645,48.9521793,7.9952661
202000003997,12,7,2020,19,1,67,67130,1,1,1,7,D468,48.430866,7.702703
202000003998,22,7,2020,19,1,63,63470,1,1,1,3,D986,45.8645279,3.0404744
202000003999,23,7,2020,15,1,38,38087,2,1,1,3,1515 Avenue Frédéric Mistral,45.574973,4.810402
202000004000,23,7,2020,16,1,01,01390,1,3,1,1,D20,45.800952,5.263916
202000004001,22,7,2020,15,1,22,22376,1,1,1,7,Cité du Versant,48.207805,-2.78733
202000004002,23,7,2020,9,1,35,35240,1,1,1,3,RD 288,48.112002,-1.775086
202000004003,22,7,2020,18,1,59,59139,2,3,1,3,100 Rue de la République,50.128705,3.40577
202000004004,22,7,2020,17,1,59,59034,2,1,1,6,Rue du Château d'Has,50.536485,3.083862
202000004005,22,7,2020,17,1,13,13106,1,1,1,-1,A7-Sens Lyon vers Marseille,43.3913,5.351
202000004006,22,7,2020,8,1,13,13206,1,1,1,2,Tunnel Prado Carénage,43.283458,5.385003
202000004007,19,7,2020,18,1,13,13106,1,1,1,2,A51-Sens Aix en Provence vers Marseille,43.40433,5.35861
202000004008,22,7,2020,17,1,33,33122,1,1,1,5,AUTOROUTE A 63,44.75406,-0.68913
202000004009,20,7,2020,19,1,33,33550,1,1,1,6,AUTOROUTE A 62,44.77545,-0.55702
202000004010,22,7,2020,7,1,91,91553,1,1,1,7,RN 104,48.6317,2.4966
202000004011,22,7,2020,18,1,92,92048,1,1,1,4,N118,48.8277902,2.2248367
202000004012,22,7,2020,8,1,78,78524,1,1,1,5,A13,48.841132,2.105632
202000004013,20,7,2020,16,1,95,95678,1,1,1,4,RN 184,49.06435,2.21408
202000004014,22,7,2020,12,1,94,94018,1,1,1,4,A4,48.8254583,2.3926834
202000004015,22,7,2020,7,1,93,93051,1,1,1,3,A4,48.8370379,2.5481129
202000004016,22,7,2020,7,1,94,94015,1,1,1,3,A4,48.8316637,2.5314351
202000004017,23,2,2020,11,1,69,69382,1,1,1,4,M7   0.000 A 2.278,45.7339,4.818
202000004018,21,7,2020,12,1,974,97416,2,1,1,3,PRESIDENT MITTERAND(AVENUE),-21.34445,55.48341
202000004019,20,7,2020,9,1,974,97416,1,9,1,5,Route Nationale 3,-21.32979,55.47065
202000004020,21,7,2020,6,2,974,97407,2,6,1,7,ROND POINT DE CAMBAIE,-20.95302,55.29418
202000004021,21,7,2020,7,2,974,97407,1,1,1,2,ANGLAIS (CHE DES) - RIVIERE DES GALETS ,-20.95585,55.31421
202000004022,21,7,2020,19,5,973,97302,2,9,1,3,JADFARD (RENE),4.9351375,-52.3287606
202000004023,21,7,2020,20,2,69,69387,2,1,1,6,GUILLOTIERE (DE LA)                 (GR),45.7498,4.8522
202000004024,21,7,2020,17,1,69,69388,2,1,1,1,CHALLEMEL LACOUR                    (R ),45.72925,4.84922
202000004025,21,7,2020,12,1,972,97209,2,1,1,1,PAUL NARDAL (AVENUE),14.6144478,-61.0724841
202000004026,21,7,2020,6,1,972,97209,2,1,1,7,DEVARD AMBROISINE (RUE),14.6153,-61.05267
202000004027,21,7,2020,21,2,69,69384,2,1,1,6,WINSTON CHURCHILL                   (PT),45.77884,4.84209
202000004028,20,7,2020,19,5,971,97113,2,1,1,6,MANNE (CITE),16.21373,-61.49967
202000004029,19,7,2020,10,1,971,97107,2,9,1,6,FONDS DEDETTE ( RUE ),16.04176,-61.56624
202000004030,20,7,2020,18,1,2A,2A004,1,1,1,3,MEZZAVIA ROUTE DE,41.952,8.7759
202000004031,16,10,2020,21,3,13,13215,1,1,1,2,A7-Sens Lyon vers Marseille,43.37319,5.3551
202000004032,16,10,2020,18,1,13,13055,1,1,1,4,A507 sens Marseille - Aubagne,43.3157,5.4224
202000004033,16,10,2020,7,1,13,13055,1,1,1,2,A507 sens Aubagne- Marseille,43.29774,5.42499
202000004034,9,10,2020,16,1,69,69276,1,1,1,3,BUS (RD301)   0.000 A 2.800,45.68354,4.85342
202000004035,17,10,2020,6,4,69,69286,1,1,1,7,A 46,45.8221493,4.9183205
202000004036,8,10,2020,8,1,01,01275,1,1,1,4,A42   4.353 A 5.760   GEN/LYON,45.81217,4.94203
202000004037,17,10,2020,1,3,33,33162,1,1,1,6,ROCADE A 630,44.85783,-0.66207
202000004038,17,10,2020,10,1,91,91174,1,1,1,2,RN 104,48.614,2.452
202000004039,16,10,2020,19,1,78,78297,1,1,1,2,RN12,48.792523,2.054291
202000004040,17,10,2020,19,3,95,95277,1,1,1,6,A104,48.97324,2.48542
202000004041,17,10,2020,0,3,95,95306,1,1,1,2, A15,49.007858,2.1606003
202000004042,16,10,2020,7,2,93,93006,1,1,1,2,AUTOROUTE A3,48.86586,2.42032
202000004043,17,10,2020,16,1,93,93051,1,1,1,3,A4,48.8347865,2.5801011
202000004044,16,10,2020,16,1,93,93051,1,1,1,4,A4,48.83634,2.55446
202000004045,28,5,2020,23,5,69,69256,2,2,1,3,REPUBLIQUE (DE LA)                  (R ),45.78647,4.924
202000004046,16,10,2020,3,5,988,98818,2,3,1,6,RUE JULES GARNIER/RUE TINDALE,-22.28984,166.44276
202000004047,15,10,2020,12,1,974,97411,2,1,1,3,Boulevard Gabriel Macé,-20.87296,55.452005
202000004048,15,10,2020,18,1,974,97411,2,1,2,6,Route Gabriel Macé,-20.91129,55.498835
202000004049,16,10,2020,14,1,973,97302,2,1,1,6,MANGUES (RUE DES - CITE MANGUIERS),4.9343252,-52.3230743
202000004050,16,10,2020,7,1,972,97209,2,1,1,2,AUTOROUTE (A1),14.61647,-61.04248
202000004051,15,10,2020,0,3,972,97209,2,9,2,3,CHATEAUBOEUF (ROUTE DE),14.6181051,-61.0459575
202000004052,30,9,2020,7,1,83,83050,2,1,1,7,THOMAS(BOULEVARD  EMILE),43.5293,6.4814
202000004053,16,10,2020,11,1,81,81065,1,1,8,3,Route de Toulouse,43.58964,2.19743
202000004054,15,10,2020,14,1,78,78646,2,2,1,5,ORANGERIE (RUE DE L'),48.80084,2.11997
202000004055,16,10,2020,18,1,78,78190,2,1,1,6,ECLUSE (RUE DE),48.878642,2.131473
202000004056,13,10,2020,16,1,77,77146,2,1,1,2,BEAUBOURG (BOULEVARD DE),48.81802,2.63042
202000004057,15,10,2020,10,1,76,76351,2,3,1,3,PHILIPPE LEBON,49.495763,0.13133
202000004058,16,10,2020,13,1,74,74218,1,1,8,7,CHAMPANGES (ROUTE DE),46.3833421,6.5697943
202000004059,15,10,2020,12,1,71,71040,2,1,1,3,MACON (ROUTE DE),46.6957051,4.3913942
202000004060,16,10,2020,10,1,69,69290,2,1,1,1,VICTOR SCHOELCHER                   (R ),45.70214,4.98181
202000004061,15,10,2020,19,5,67,67043,2,1,2,2,BRUMATH (ROUTE DE),48.614626,7.732714
202000004062,15,10,2020,18,5,67,67482,2,1,1,5,SCHIRMECK (ROUTE DE),48.5746362,7.7257218
202000004063,15,10,2020,8,1,67,67447,2,3,2,-1,PAIX (RUE DE LA),48.60624,7.72913
202000004064,16,10,2020,20,5,64,64102,2,1,1,1,ALSACE LORRAINE (BOULEVARD),43.49353,-1.4668
202000004065,16,10,2020,17,1,64,64102,2,3,1,1,DELVAILLE (AVENUE DU DOCTEUR CAMILLE),43.50197,-1.48111
202000004066,16,10,2020,8,1,64,64102,2,1,5,7,SOULT (AVENUE MARECHAL),43.48675,-1.48609
202000004067,15,10,2020,18,1,64,64102,2,3,1,3,BOUFFLERS (ALLEES),43.49198,-1.46986
202000004068,15,10,2020,14,1,63,63075,2,1,2,2,FONTMAURE (AVENUE DE),45.77791,3.06182
202000004069,13,10,2020,16,1,59,59648,2,1,2,1,MERMOZ JEAN RUE,50.59297,3.0484
202000004070,3,10,2020,3,5,59,59350,2,1,2,2,ESPLANADE FACADE,50.64275,3.05331
202000004071,13,10,2020,19,5,59,59017,2,2,1,3,LIAISON NIEPPE,50.69031,2.86238
202000004072,15,10,2020,17,1,57,57672,2,1,1,6,EUROPE (CHAUSSEE D'),49.3556,6.1434
202000004073,15,10,2020,14,1,56,56260,2,3,1,3,HERRIOT(AVENUE EDOUARD),47.65721,-2.74565
202000004074,15,10,2020,18,1,56,56098,2,1,1,6,NORMANDIE NIEMEN ( BD ),47.76282,-3.35893
202000004075,15,10,2020,17,1,54,54547,2,3,2,6,CREVIC (RUE DE),48.6539346,6.176151
202000004076,15,10,2020,8,1,54,54184,1,1,1,5,AGINCOURT  (ANCIENNE ROUTE D'),48.71894,6.24038
202000004077,10,10,2020,0,5,54,54395,2,3,2,3,SAINT DIZIER (RUE 82 ET 113 A FIN),48.6877341,6.1847303
202000004078,15,10,2020,2,5,50,50602,2,1,1,6,ENTREPRISES (RUE DES),49.63761,-1.59397
202000004079,5,10,2020,14,1,47,47001,2,4,2,6,STALINGRAD (AVENUE DE ),44.20998,0.62907
202000004080,15,10,2020,17,1,46,46042,2,1,1,3,BARTASSEC (CHEMIN DU),44.436554,1.441922
202000004081,22,8,2020,20,1,75,75119,2,3,1,6,RUE PETIT,48.88533,2.385164
202000004082,16,10,2020,8,5,45,45285,2,1,1,2,D520,47.9148444,1.8688678
202000004083,16,10,2020,23,1,44,44109,2,1,2,2,BOULEVARD GENERAL PIERRE KOENIG,47.196285,-1.614882
202000004084,22,8,2020,6,1,75,75114,2,5,1,6,RUE RAYMOND LOSSERAND,48.835991,2.321865
202000004085,22,8,2020,13,1,75,75112,2,5,1,2,RUE DU FAUBOURG SAINT ANTOINE,48.8501,2.384617
202000004086,16,10,2020,22,5,44,44109,1,1,1,6,BOULEVARD BENOIT FRACHON,47.20736,-1.58018
202000004087,22,8,2020,20,2,75,75111,2,3,8,6,RUE DE CHARONNE,48.855923,2.392363
202000004088,22,8,2020,18,1,75,75111,2,2,1,6,RUE DE LA FONTAINE AU ROI,48.868082,2.372521
202000004089,16,10,2020,10,1,44,44162,1,1,1,4,PERIPHERIQUE,47.204488,-1.6235764
202000004090,29,9,2020,10,1,42,42275,2,3,1,3,Impasse de l'Eparre,45.47493,4.38224
202000004091,22,8,2020,22,5,75,75107,2,2,1,2,RUE DE SEVRES,48.846907,2.316814
202000004092,24,9,2020,5,5,42,42189,2,1,1,3,Voie communale,45.4152315,4.3505695
202000004093,22,8,2020,12,1,75,75107,2,3,8,7,QUAI D ORSAY,48.86243,2.311636
202000004094,4,9,2020,20,5,42,42218,2,1,1,1,Boulevard Antonio Vivaldi,45.4676722,4.3975672
202000004095,21,8,2020,19,1,75,75107,2,2,1,7,QUAI BRANLY,48.860585,2.29554
202000004096,5,9,2020,22,3,42,42218,2,1,1,6,Cours Gustave Nadaud,45.434436,4.395059
202000004097,22,8,2020,14,1,75,75102,2,5,1,3,RUE DE CLERY,48.867338,2.343989
202000004098,10,10,2020,20,5,41,41018,1,1,1,2,RD 956,47.59471,1.35305
202000004099,16,10,2020,22,5,35,35238,2,1,1,6,ROBINOT DE ST-CYR (QUAI),48.103373,-1.722535
202000004100,22,8,2020,15,1,75,75101,2,3,1,7,BOULEVARD DE LA MADELEINE,48.869619,2.325889
202000004101,16,10,2020,17,1,35,35055,2,1,1,6,BONNIN ANDRE (AVENUE),48.08517,-1.61077
202000004102,21,8,2020,19,2,94,94052,2,1,1,2,JOINVILLE (AV DE),48.828968,2.466716
202000004103,22,8,2020,15,1,94,94017,2,1,1,6,JULIEN HEULOT (R),48.810109,2.539171
202000004104,16,10,2020,9,1,35,35278,1,6,1,3,ALPHASIS (AVENUE D'),48.15194,-1.69723
202000004105,22,8,2020,2,5,93,93073,2,9,1,6,BERGER (RUE GILBERT),48.9499615,2.5771392
202000004106,16,10,2020,23,5,34,34172,2,2,1,5,VANIERES (AVENUE DE),43.59671,3.84488
202000004107,22,8,2020,14,1,93,93071,2,1,1,3,WESTINGHOUSE (BOULEVARD),48.9270892,2.5198107
202000004108,22,8,2020,20,5,93,93064,2,1,1,6,GAGNY (AVENUE DE),48.8837802,2.4890903
202000004109,15,10,2020,9,1,34,34172,2,3,1,3,POMPIGNANE (AVENUE DE LA),43.61129,3.89846
202000004110,22,8,2020,23,5,93,93055,2,3,1,6,HOCHE,48.89569,2.40104
202000004111,16,10,2020,17,1,33,33063,2,2,1,3,CRS DE L'YSER,44.82574,-0.5697
202000004112,21,8,2020,11,1,93,93055,2,1,1,3,GENERAL LECLERC(AVE DU)89/FIN ET 122/FIN,48.8975649,2.4047658
202000004113,16,10,2020,7,5,33,33522,2,1,1,-1,CRS DE LA LIBERATION,44.79899,-0.59869
202000004114,22,8,2020,15,1,93,93045,2,2,1,3,R DE PARIS / R JEAN MOULIN,48.8794,2.41491
202000004115,15,10,2020,21,5,33,33063,2,1,8,3,RUE LUCIEN FAURE,44.86527,-0.5599
202000004116,22,8,2020,17,1,93,93031,2,1,1,5,REPUBLIQUE (AVENUE),48.9504113,2.3262092
202000004117,15,10,2020,16,1,31,31555,2,1,1,3,RUE DU LOT,43.58184,1.40782
202000004118,16,10,2020,7,3,29,29039,1,1,1,6,Chemin de la Haie,47.8865624,-3.8847119
202000004119,14,10,2020,8,4,29,29019,2,3,3,1,Boulevard Léon Blum,48.40417,-4.48453
202000004120,16,10,2020,9,1,27,27375,2,4,1,3,DUNANT (AVENUE HENRI),49.20486,1.16786
202000004121,15,10,2020,17,1,26,26058,2,1,1,2,LONG MONTEE DU,44.9645,4.88723
202000004122,22,8,2020,12,1,93,93047,2,2,1,3,AV DENIS PAPIN / AV PASCAL,48.90648,2.58787
202000004123,15,10,2020,12,1,25,25056,2,1,1,3,MEGEVAND RUE,47.23512,6.02462
202000004124,22,8,2020,15,1,93,93001,2,2,1,3,LECUYER (RUE),48.90807,2.39468
202000004125,15,10,2020,18,5,25,25056,2,6,2,2,CHURCHILL BD WINSTON,47.245079,5.995987
202000004126,16,10,2020,11,1,14,14118,2,1,1,2,CREULLY (AVENUE DE),49.18585,-0.35912
202000004127,22,8,2020,13,1,92,92026,2,3,1,3,COLOMBES,48.8968897,2.2564794
202000004128,16,10,2020,8,2,14,14137,1,1,1,-1,ROUTE NATIONALE 13,49.19163,-0.43221
202000004129,22,8,2020,11,1,92,92078,2,1,1,1,GALLIENI (BD) (109 A 141),48.9292808,2.3318213
202000004130,16,10,2020,23,5,13,13208,2,1,1,1,TURBINE (RUE DE LA),43.276697,5.379905
202000004131,22,8,2020,16,1,92,92012,2,1,1,2,QUATRE SEPTEMBRE (QUAI DU),48.8443212,2.2262764
202000004132,16,10,2020,17,1,13,13209,2,1,1,3,LUMINY (AVENUE DE),43.24292,5.43817
202000004133,21,8,2020,18,1,12,12256,1,1,1,6,D24,44.472654,1.857247
202000004134,16,10,2020,16,1,13,13209,2,1,1,3,SEIGNEURIE (TRAVERSE DE LA),43.2414669,5.4092485
202000004135,16,10,2020,9,1,13,13215,2,1,1,6,HENRI BARNIER (BOULEVARD),43.368462,5.344681
202000004136,22,8,2020,17,1,35,35094,1,1,1,3,D82,48.336233,-1.716941
202000004137,23,8,2020,12,1,16,16045,1,1,1,6,Liei dit Le Maine Charles,45.563399,-0.05616
202000004138,16,10,2020,18,1,13,13028,2,1,1,2,ROUMANILLE (AVENUE JOSEPH),43.200682,5.623059
202000004139,23,8,2020,14,1,2A,2A362,1,1,1,7,D368,41.700698,9.212058
202000004140,16,10,2020,12,1,13,13028,2,2,1,3,CAMUGLI (AVENUE ANTOINE ),43.18302,5.61266
202000004141,15,10,2020,13,1,11,11262,2,2,1,3,FRANCE (AVENUE ANATOLE),43.1871178,2.9906639
202000004142,23,8,2020,16,1,63,63175,1,1,1,7,Départementale 987,45.742146,2.577367
202000004143,15,10,2020,18,2,11,11069,2,2,2,3,MARTY ANTOINE,43.2163,2.3561
202000004144,22,8,2020,17,1,17,17472,1,1,1,1,D10,46.24199,-1.085554
202000004145,15,10,2020,7,1,11,11069,2,9,2,3,POMPIDOU GEORGES -ROND POINT-,43.2262,2.3312
202000004146,16,8,2020,11,1,38,38242,1,1,1,1,D1075,44.919932,5.634645
202000004147,22,8,2020,17,1,66,66050,2,1,1,6,avenue georges freche,42.773369,2.915604
202000004148,15,10,2020,8,1,11,11069,2,2,2,3,VERDUN,43.21261,2.35052
202000004149,14,10,2020,19,3,11,11069,2,1,2,3,POMPIDOU GEORGES -ROND POINT-,43.2262,2.3311
202000004150,22,8,2020,19,1,34,34095,1,1,1,5,D613,43.553245,3.787129
202000004151,16,10,2020,13,1,10,10387,2,1,1,6,PAIX (RUE DE LA),48.30591,4.06551
202000004152,23,8,2020,1,5,57,57529,2,1,1,1,36 Route de Rumelange,49.448159,6.024652
202000004153,15,10,2020,19,5,03,03310,2,1,1,6,AILES (ALLEE DES),46.1369389,3.4158371
202000004154,22,8,2020,17,1,57,57106,2,1,1,1,Rue de Metz,49.288519,6.532552
202000004155,17,10,2020,0,5,01,01344,2,1,1,6,TREVOUX (AVENUE DE),46.20038,5.19529
202000004156,22,8,2020,17,1,59,59194,1,1,1,1,D934,50.180735,3.642306
202000004157,16,10,2020,17,1,75,75117,2,4,1,2,PORTE DE CHAMPERRET,48.884658,2.286128
202000004158,23,8,2020,5,3,59,59663,2,2,2,7,place général de gaulle,50.88329,2.46824
202000004159,16,10,2020,13,1,75,75119,2,1,1,3,PORTE DE PANTIN,48.889128,2.396297
202000004160,22,8,2020,22,5,2B,2B207,2,1,1,5,T10,42.450402,9.506371
202000004161,15,10,2020,13,1,75,75116,2,1,1,4,PORTE DE SAINT CLOUD,48.835115,2.25999
202000004162,21,8,2020,19,1,80,80288,2,2,7,1,D1029,49.875179,2.822208
202000004163,16,10,2020,9,1,75,75118,2,2,1,2,AVENUE DE SAINT OUEN,48.89493,2.328085
202000004164,23,8,2020,15,1,71,71144,1,2,1,3,D681,47.05034,4.3467407
202000004165,16,10,2020,17,1,75,75117,2,7,1,3,BOULEVARD GOUVION SAINT CYR,48.884096,2.289029
202000004166,21,8,2020,16,1,63,63423,1,1,1,7,D996,45.596173,3.419355
202000004167,16,10,2020,17,1,75,75115,2,1,1,6,BOULEVARD VICTOR,48.835768,2.279232
202000004168,23,8,2020,15,1,47,47281,1,1,1,7,Route des Abeilles,44.173663,0.811272
202000004169,15,10,2020,23,3,75,75112,2,1,1,3,ROUTE SAINT HUBERT,48.827232,2.450666
202000004170,18,8,2020,10,1,39,39039,1,1,1,1,,47.143835,5.683147
202000004171,16,10,2020,15,1,75,75107,2,3,1,3,AVENUE DE LOWENDAL,48.850953,2.306076
202000004172,22,8,2020,11,1,25,25120,1,1,1,1,ROUTE DE PONTARLIER,47.03015,6.164403
202000004173,21,8,2020,13,1,31,31553,1,2,1,3,D1,43.71538,1.168284
202000004174,16,10,2020,8,1,75,75107,2,2,1,1,AVENUE DUQUESNE,48.852704,2.308558
202000004175,23,8,2020,12,1,85,85302,1,1,1,6,Chanverrie,46.94461,-0.95449
202000004176,16,10,2020,17,1,75,75104,2,1,1,7,VOIE GEORGES POMPIDOU,48.850884,2.361111
202000004177,16,10,2020,7,5,75,75102,2,2,1,3,RUE SAINT AUGUSTIN,48.868886,2.336699
202000004178,22,8,2020,9,1,70,70245,2,1,1,6,Rue de la Gare,47.887206,6.406845
202000004179,15,10,2020,9,1,75,75104,2,1,1,6,PONT LOUIS PHILIPPE,48.853912,2.355341
202000004180,16,10,2020,20,5,94,94068,2,2,1,3,LOUIS BLANC (AV),48.795706,2.499481
202000004181,19,8,2020,8,1,06,06163,1,1,1,1,RD6204 pk 22+150,44.034429,7.580191
202000004182,15,10,2020,15,1,94,94068,2,1,1,3,PONT DE CRETEIL (R DU),48.803563,2.471742
202000004183,23,8,2020,2,4,50,50341,2,1,1,6,7 Rue de la Foulerie,49.485049,-1.377032
202000004184,14,10,2020,17,1,94,94068,2,2,1,3,DOCTEUR ROUX (R DU),48.7872,2.4885
202000004185,23,8,2020,14,1,64,64317,1,3,1,2,Route départementale 88,43.369628,-1.463982
202000004186,16,10,2020,8,2,94,94076,2,1,1,2,LOUIS ARAGON (AV),48.7886,2.371
202000004187,22,8,2020,4,3,64,64317,2,1,1,6,route de basseboure,43.3556368,-1.4312748
202000004188,23,8,2020,17,1,53,53013,1,1,1,7,route departemental 121,48.35893,-0.232387
202000004189,22,8,2020,23,5,21,21124,2,1,1,6,Rue de la Chelmine,47.203487,4.354481
202000004190,15,10,2020,11,1,94,94076,2,1,8,5,REPUBLIQUE (AV DE LA),48.7877,2.35519
202000004191,22,8,2020,23,3,40,40012,1,1,1,6,Route de Maoucounten,43.850757,-0.405893
202000004192,15,10,2020,9,1,94,94076,2,1,8,3,PARIS (AV DE),48.80318,2.3644
202000004193,13,10,2020,9,1,94,94034,2,1,1,6,EMILE ZOLA (R),48.76053,2.32601
202000004194,22,8,2020,14,1,17,17309,1,1,1,7,Pillet Ouest,45.179904,-0.0339
202000004195,16,10,2020,16,1,94,94033,2,2,1,3,REPUBLIQUE (AV DE LA),48.8523021,2.4628376
202000004196,23,8,2020,15,1,03,03193,1,1,1,3,,46.5083184,2.6145727
202000004197,16,10,2020,12,1,94,94028,2,1,1,6,GAULLE(AVENUE DU GENERAL DE),48.78359,2.45273
202000004198,23,8,2020,18,1,95,95678,1,1,1,1,D9,49.075918,2.248292
202000004199,15,10,2020,17,1,94,94028,2,1,1,6,MESLY(AVENUE DU CHEMIN DE),48.78526,2.46016
202000004200,14,10,2020,22,5,94,94028,2,1,1,7,EUROPARC(ZONE),48.7651,2.47339
202000004201,23,8,2020,11,1,42,42256,1,3,1,2,Route de Boisset,45.500019,4.147523
202000004202,14,10,2020,15,1,94,94028,2,9,1,3,KENNEDY.(BOULEVARD JOHN),48.775663,2.464108
202000004203,23,8,2020,1,3,33,33199,1,6,1,6,"A660, PK 019.750",44.614705,-1.072819
202000004204,16,10,2020,11,1,94,94059,2,1,1,3,MARECHALE (AV DE LA),48.81597,2.56873
202000004205,16,10,2020,17,1,93,93066,2,1,1,3,VAILLANT COUTURIER PAUL (AV) NR 2 A 110,48.93001,2.362
202000004206,22,8,2020,8,1,31,31037,1,1,1,2,A 61 pk 275+000 sens Narbonne Toulouse,43.3496522,1.8136816
202000004207,21,8,2020,18,1,34,34032,1,1,1,6,A75,43.346403,3.280535
202000004208,16,10,2020,8,1,93,93066,2,1,1,5,MOULIN JEAN (AVENUE) NR 2 A 8 ET 1 A 11,48.9392475,2.3620284
202000004209,16,10,2020,22,5,93,93064,2,2,1,3,BD GABRIEL PERI / AV DU GENERAL DE GAULLE,48.87748,2.47965
202000004210,16,10,2020,10,1,93,93077,2,1,1,4,GRANDE RUE,48.881982,2.520407
202000004211,16,10,2020,21,5,93,93051,2,1,1,6,MONT D'EST (BD),48.8432702,2.5466001
202000004212,15,10,2020,8,1,93,93051,2,1,1,2,REMPART (BD),48.837346,2.5468713
202000004213,16,10,2020,9,1,93,93048,2,1,8,3,ARISTIDE BRIAND (BOULEVARD),48.8783574,2.4576065
202000004214,15,10,2020,22,5,93,93048,2,1,1,6,BOISSIERE (BOULEVARD DE LA),48.8778,2.458
202000004215,15,10,2020,18,1,93,93045,2,2,8,6,PARIS RUE DE,48.8793783,2.4148843
202000004216,23,8,2020,1,3,45,45202,1,1,1,6,A10 pk 118+400 sens province direction PARIS,47.81595,1.63398
202000004217,16,10,2020,14,1,93,93027,2,1,1,3,BARBUSSE (AVENUE HENRI),48.93204,2.3983
202000004218,23,8,2020,1,5,976,97615,2,1,1,2,6 Rue Manga Foutet,-12.795794,45.273864
202000004219,16,10,2020,19,5,93,93047,2,1,1,3,HARDY  (BOULEVARD),48.9060093,2.568545
202000004220,22,8,2020,14,1,973,97305,1,1,1,1,RN 1 - PK 20,4.951919,-52.425942
202000004221,16,10,2020,15,1,92,92073,2,3,1,3,GALLIENI (QUAI),48.8716458,2.2329885
202000004222,22,8,2020,11,1,34,34146,2,1,7,6,Avenue de la République,43.677114,4.086372
202000004223,16,10,2020,16,1,92,92048,2,2,1,3,BRUYERES (CARREFOUR DES),48.8123238,2.2148915
202000004224,15,10,2020,8,2,92,92063,2,3,1,3,REGNAULT (RUE HENRI),48.8589705,2.1856711
202000004225,16,10,2020,14,1,92,92062,2,1,1,6,WALLACE (BD RICHARD) DU 17 AU 91 ET DU 3,48.8806997,2.2380862
202000004226,15,10,2020,8,1,92,92051,2,1,1,2,"CHARLES DE GAULLE (AVENUE, N° 18 A 116)",48.881323,2.271483
202000004227,15,10,2020,15,1,92,92036,2,1,1,3,GABRIEL PERI (AVENUE) (101/129),48.920754,2.295172
202000004228,15,10,2020,21,5,92,92025,2,1,1,4,CHARLES DE GAULLE (BD),48.91787,2.22456
202000004229,14,10,2020,19,5,92,92025,2,1,1,2,LOUIS SEGUIN (BD),48.9338,2.24835
202000004230,16,10,2020,20,5,92,92024,2,2,1,3,RUE DU 08 MAI 1945,48.898857,2.3099175
202000004231,16,10,2020,8,2,92,92071,2,1,1,3,CLEMENCEAU GEORGES (AVENUE),48.7835209,2.3057234
202000004232,14,10,2020,8,1,92,92012,2,1,1,7,GENERAL LECLERC (AVENUE DU) 35/FIN - 60/,48.8305715,2.2340122
202000004233,23,8,2020,3,5,83,83107,1,1,1,6,Route Nd7,43.462965,6.643124
202000004234,22,8,2020,16,1,13,13082,1,1,1,7,Route Departementale 543,43.705112,5.352402
202000004235,16,8,2020,18,1,13,13096,1,1,1,1,D38c,43.550515,4.381185
202000004236,17,8,2020,18,1,54,54115,2,2,1,3,Rue Philippe Martin,48.731441,6.164199
202000004237,22,8,2020,19,1,33,33324,1,4,1,7,D 708 Aux Grandes Joualles,44.80129,0.22588
202000004238,23,8,2020,10,1,22,22389,1,1,1,7,D765,48.463147,-2.650956
202000004239,16,10,2020,7,2,92,92012,2,1,8,6,REINE (ROUTE DE LA) 82/FIN - 107TER/FIN,48.8404176,2.2313847
202000004240,16,10,2020,13,1,92,92002,2,9,1,3,PRESIDENT KENNEDY (50 A LA FIN),48.738936,2.298998
202000004241,17,10,2020,5,3,01,01362,1,1,1,6,Au treney,45.957405,4.875398
202000004242,17,10,2020,0,3,62,62265,1,1,1,6,D193,50.609879,2.217007
202000004243,21,8,2020,19,2,13,13001,1,1,1,2,A51-Sens Marseille vers Aix en Provence,43.4877,5.4079
202000004244,16,10,2020,12,1,01,01004,1,1,8,2,L'Aviation,45.972562,5.338154
202000004245,16,10,2020,19,2,41,41150,2,2,1,3,Rue de l'Aumône,47.5618,1.452763
202000004246,17,10,2020,3,3,71,71150,1,1,8,2,A6,46.2382031,4.7967109
202000004247,17,10,2020,0,3,10,10248,1,1,1,1,D141,48.309317,3.96615
202000004248,21,8,2020,16,1,69,69256,1,1,1,3,RN346  S/N   25.686 A 29.300,45.79592,4.93414
202000004249,16,10,2020,16,1,972,97210,1,1,1,1,rd 6 Clément,14.606532,-60.909598
202000004250,4,10,2020,18,2,01,01143,1,2,2,2,D984c,46.359946,6.12123