Num_Acc,jour,mois,an,hr,condition_eclairage,departement,commune,condition_agglomeration,intersection,condition_atmosphere,type_collision,adresse,lattitude,longitude
202000004251,16,8,2020,22,3,54,54304,1,1,1,2, A 33,48.69565,6.11693
202000004252,22,8,2020,22,3,33,33013,1,3,1,2,N230 / N89,44.86847,-0.50264
202000004253,22,8,2020,17,1,91,91037,1,1,1,3,AUTOROUTE A6,48.5417,2.498
202000004254,22,8,2020,16,1,91,91363,1,1,1,6,AUTOROUTE A10,48.6587,2.1832
202000004255,22,8,2020,7,1,91,91174,1,1,1,6,RN 104,48.62334,2.46768
202000004256,16,10,2020,16,1,63,63404,1,1,2,7,"A75, pk 27+600, N/S",45.571667,3.249147
202000004257,21,8,2020,6,2,91,91521,1,1,2,7,RN 104,48.6336,2.4007
202000004258,22,8,2020,12,1,93,93053,1,1,1,6,AUTOROUTE A103,48.88851,2.47223
202000004259,21,8,2020,23,3,95,95582,1,1,1,4,A15,48.96848,2.25136
202000004260,21,8,2020,12,1,93,93064,1,1,1,3,AUTOROUTE A86,48.88148,2.47393
202000004261,22,8,2020,22,3,77,77449,1,1,1,6,A4,48.83295,2.79062
202000004262,22,8,2020,3,3,77,77294,1,1,1,2,A104,48.969904,2.598358
202000004263,26,4,2020,14,1,974,97409,2,1,1,2,LAGOURGUE(CHEMIN),-20.9480701,55.6624522
202000004264,16,10,2020,16,1,59,59418,2,1,1,6,Rue Pierre Boeynaems,50.504137,3.454583
202000004265,23,2,2020,4,4,75,75102,2,7,1,6,PLACE DE L OPERA,48.870657,2.33255
202000004266,16,10,2020,20,3,57,57186,1,1,1,1,D55,49.268463,6.384945
202000004267,21,8,2020,10,1,988,98818,2,3,1,1,AVENUE JAMES COOK,-22.26821,166.42621
202000004268,16,10,2020,23,3,76,76222,1,1,1,1,RD43,49.4895069,0.887666
202000004269,17,10,2020,10,1,82,82046,1,1,1,6,Coutures,43.942483,0.983105
202000004270,21,8,2020,18,2,974,97416,2,3,1,3,BEGUE (RUE MOISE),-21.34497,55.48086
202000004271,17,10,2020,10,1,71,71028,1,1,1,6,D323,46.829552,5.437887
202000004272,21,8,2020,17,2,974,97411,2,9,1,2,JAURES (BOULEVARD JEAN),-20.90071,55.49682
202000004273,16,10,2020,21,3,86,86137,1,3,1,3,D347,47.018799,0.068836
202000004274,20,8,2020,16,1,974,97411,2,1,1,3,RAMBAUD (LEOPOLD),-20.8863,55.4813
202000004275,16,10,2020,21,3,86,86281,1,1,1,2,D757,46.683496,0.302296
202000004276,20,8,2020,7,1,974,97411,2,1,2,4,MONNERVILLE (BOULEVARD GASTON),-20.896,55.448
202000004277,20,8,2020,5,2,974,97411,1,1,2,6,RN2/043,-20.88634,55.49348
202000004278,17,10,2020,14,1,34,34338,1,1,1,6,D908,43.608455,3.380535
202000004279,21,8,2020,18,1,69,69386,2,2,1,1,FRANKLIN ROOSEVELT                  (CO),45.76894,4.84731
202000004280,16,10,2020,23,3,22,22004,2,1,1,6,17 Rue Saint Bernard,48.632852,-3.297433
202000004281,21,8,2020,14,1,69,69387,2,1,1,7,MARCEL MERIEUX                      (R ),45.72882,4.8302613
202000004282,17,10,2020,19,3,25,25172,1,2,1,3,RD 459,47.258765,5.742717
202000004283,21,8,2020,12,1,69,69386,2,2,1,3,THIERS                              (AV),45.7662974,4.8619943
202000004284,16,10,2020,13,1,44,44002,2,1,1,6,30 Avenue de la Vendée,47.075412,-1.397882
202000004285,21,8,2020,16,1,972,97213,1,1,2,1,ROUTE DEPARTEMENTALE 3,14.675,-60.991
202000004286,16,10,2020,18,1,35,35109,1,1,1,1,Le Bas Monperron,48.089568,-1.227695
202000004287,21,8,2020,0,3,972,97213,1,1,2,6,ROUTE NATIONALE 1,14.6,-60.977602
202000004288,20,8,2020,20,5,972,97213,1,1,1,3,ROUTE NATIONALE 5,14.5964859,-60.9942627
202000004289,16,10,2020,17,1,29,29079,1,6,1,4,D58 - Rue Jacques Gueguen,48.645132,-3.947694
202000004290,17,10,2020,0,5,38,38006,2,1,1,6,Route de la Ratz,45.403154,6.082655
202000004291,21,8,2020,17,1,69,69034,2,3,1,1,GEORGES CLEMENCEAU                  (QU),45.79009,4.82097
202000004292,16,10,2020,23,3,02,02085,2,1,1,7,D1,49.090796,3.397763
202000004293,20,8,2020,8,1,69,69389,2,1,1,3,PROFESSEUR PATEL (DU)               (R ),45.76582,4.78729
202000004294,16,10,2020,19,3,70,70111,1,1,1,7,N19,47.644776,6.291293
202000004295,21,8,2020,12,1,2A,2A004,2,2,1,3,PIETRI FRANCOIS RUE,41.9351,8.75096
202000004296,12,10,2020,7,2,54,54077,2,1,1,1,D21,48.5927711,6.8415481
202000004297,21,8,2020,9,1,91,91589,2,4,1,3,BRIAND (BOULEVARD ARISTIDE),48.682301,2.343473
202000004298,15,8,2020,17,1,06,06016,1,1,1,7,D28,44.092733,6.991532
202000004299,21,8,2020,11,1,91,91377,2,3,1,6,CHAMPARTS (RUE DES),48.716854,2.293668
202000004300,17,10,2020,16,1,05,05061,1,1,1,1,Les Farreaux (Arrêt de bus),44.625366,6.083347
202000004301,20,8,2020,22,3,87,87085,2,1,1,6,BEAUBREUIL (AVENUE DE),45.87544,1.29985
202000004302,16,10,2020,21,3,45,45081,1,1,1,7,Rue de Villemain,47.9356926,1.5807434
202000004303,7,8,2020,22,5,84,84007,2,1,1,1,PARKING CAP SUD,43.9299,4.8359
202000004304,17,10,2020,0,3,64,64152,2,3,1,6,200 Chemin de Guitte,43.3435583,-0.3005736
202000004305,17,10,2020,3,5,10,10261,2,1,1,7,3 Ruelle des 3 Poissons,47.976793,4.498345
202000004306,14,8,2020,10,1,84,84007,2,1,1,3,SIXTE ISNARD (Boulevard),43.9376,4.81148
202000004307,16,10,2020,18,2,53,53112,1,2,1,3,D119,48.360462,-0.315117
202000004308,16,10,2020,17,1,53,53134,1,3,1,3,La Baillée,48.121299,-0.461555
202000004309,7,8,2020,1,5,83,83137,2,3,1,3,DE LATTRE DE TASSIGNY (AVE MARECHAL),43.1169,5.937
202000004310,16,10,2020,10,1,24,24133,1,1,1,2,Les Communaux,45.531587,0.966813
202000004311,20,8,2020,11,1,83,83069,2,1,1,6,COMBATTANTS D' AFRIQUE DU NORD ( AVENUE,43.12169,6.11003
202000004312,16,10,2020,18,1,27,27317,1,1,1,1,Rue de la Chapelle,49.383389,0.684677
202000004313,21,8,2020,16,1,77,77468,2,1,1,6,PARIS (RUE DE),48.85079,2.65337
202000004314,16,10,2020,15,1,28,28191,1,1,1,6,D28,48.581299,1.67769
202000004315,16,10,2020,10,1,37,37050,2,4,1,3,5 Rue Thomas Edison,47.3383577,0.7021158
202000004316,21,8,2020,7,1,76,76540,2,2,1,3,EUROPE. BOULEVARD DE L',49.43454,1.07608
202000004317,20,8,2020,12,1,74,74012,2,1,1,3,RESISTANCE (RUE DE LA),46.19671,6.26211
202000004318,17,10,2020,15,1,42,42279,2,1,1,3,Allée des Mûriers,45.498103,4.261268
202000004319,19,8,2020,21,5,74,74012,2,6,1,3,ETOILE (PLACE DE L'),46.1942598,6.2403578
202000004320,16,10,2020,16,1,49,49321,1,1,1,7,A11,47.424226,-0.939674
202000004321,21,8,2020,16,1,69,69266,2,1,1,6,EMILE ZOLA     (Cours),45.7648,4.9052
202000004322,17,10,2020,5,3,51,51588,1,1,1,7,A4,49.0759063,4.8051889
202000004323,20,8,2020,18,1,67,67447,2,8,1,3,PIERRE MENDES FRANCE (AVENUE),48.603097,7.756887
202000004324,17,10,2020,9,1,988,98803,1,1,1,6,route de poe,-21.584289,165.492371
202000004325,20,8,2020,17,1,67,67482,2,8,1,6,COLMAR (AVENUE DE),48.56297,7.75258
202000004326,20,8,2020,13,1,67,67218,1,1,1,-1,NEUHOF (ROUTE DE),48.53725,7.74566
202000004327,21,8,2020,0,3,66,66141,1,1,1,7,R D 900,42.74916,2.89443
202000004328,15,10,2020,21,4,971,97118,2,6,9,3,Route de la Traversee,16.214112,-61.621951
202000004329,20,8,2020,9,1,64,64373,2,1,1,6,GENERAL DE GAULLE DU,43.2799901,-0.3613331
202000004330,20,8,2020,9,1,64,64122,2,9,1,3,MARCEL DASSAULT (BD),43.464771,-1.5429354
202000004331,17,10,2020,11,1,971,97114,1,2,8,3,638 Chemin de Barthelemy,16.128484,-61.579319
202000004332,17,10,2020,15,1,33,33214,1,1,1,6,D6e1,45.050907,-1.173391
202000004333,17,8,2020,10,1,62,62427,2,1,1,6,MONTPENCHER (R),50.421153,2.948668
202000004334,20,8,2020,15,1,60,60463,1,1,1,3,Rue Jean Monnet,49.28674,2.45793
202000004335,19,8,2020,16,1,57,57672,2,1,1,3,PAUL ALBERT (RUE) - PAIR,49.35662,6.156032
202000004336,15,10,2020,18,1,45,45311,1,1,1,7,chemin de la Canche,47.838683,2.234473
202000004337,19,8,2020,13,1,56,56162,1,1,1,1,Boulevard de l'Atlantique,47.70928,-3.44246
202000004338,21,8,2020,17,1,54,54184,1,1,1,1,RD83,48.71623,6.24136
202000004339,16,10,2020,21,3,30,30257,2,9,1,3,Rue de la Safranière,43.879577,4.483076
202000004340,16,10,2020,10,1,34,34299,1,1,1,7,D64,43.250908,3.272102
202000004341,21,8,2020,14,1,54,54395,2,1,1,4,BAZIN (RUE HENRI) + (SENTIER),48.69604,6.19152
202000004342,20,8,2020,10,5,49,49353,2,1,1,3,,47.4400385,-0.4849101
202000004343,11,10,2020,23,3,54,54043,1,1,1,2,rd 974  ,48.5854368,6.0805035
202000004344,21,8,2020,17,1,44,44109,2,1,1,6,Rue Auguste Lepère,47.22627,-1.59713
202000004345,17,10,2020,17,1,57,57230,1,1,1,1,D603,49.098234,6.515579
202000004346,21,8,2020,10,1,44,44109,2,1,1,6,Quai de la Fosse,47.209,-1.56697
202000004347,21,8,2020,16,1,42,42207,2,6,1,1,Route de Cellieu,45.4900783,4.5217527
202000004348,16,10,2020,17,1,74,74143,2,1,1,6,Place de la Mairie,45.889761,6.797778
202000004349,20,8,2020,4,5,42,42184,2,1,1,6,Boulevard Ouest,46.03819,4.04571
202000004350,16,10,2020,7,1,69,69228,2,2,8,3,La Roussillière,45.5580296,4.6409973
202000004351,21,8,2020,15,1,37,37261,2,6,1,3,BELGIQUE (RUE DE),47.4257575,0.6970049
202000004352,17,10,2020,12,1,69,69204,2,1,8,6,D342,45.712087,4.772382
202000004353,21,8,2020,15,1,35,35238,2,1,1,7,VILLEBOIS MAREUIL (BD),48.101831,-1.64952
202000004354,16,10,2020,8,1,09,09047,1,1,1,6,D16,42.893526,1.935681
202000004355,17,10,2020,16,1,09,09293,1,1,1,6,23 La Plano Del Calmil,42.972038,1.520813
202000004356,21,8,2020,1,5,34,34172,2,3,1,3,GARRATS (AVENUE DES),43.610528,3.83893
202000004357,17,10,2020,1,3,85,85208,1,1,1,6,La Nicolière,46.852443,-1.399121
202000004358,22,8,2020,0,5,33,33063,1,4,1,3,AVE DE NONTRASTE,44.87736,-0.56654
202000004359,20,8,2020,12,1,31,31149,2,1,1,3,SERRES (AVENUE EDOUARD),43.61159,1.35206
202000004360,21,8,2020,17,1,27,27681,2,1,1,6,JAURES (BOULEVARD JAURES),49.09277,1.47087
202000004361,21,8,2020,14,1,27,27681,2,1,1,3,FOCH (AVENUE DU MARECHAL),49.09761,1.47606
202000004362,21,8,2020,7,1,14,14118,2,2,1,-1,MORICE (AVENUE PROFESSEUR),49.20599,-0.35935
202000004363,21,8,2020,23,5,13,13106,2,1,1,1,8 MAI 1945 (AVENUE DU),43.3877,5.3598
202000004364,21,8,2020,18,1,13,13205,2,3,7,1,JEANNE D'ARC (BOULEVARD),43.293255,5.4041309
202000004365,21,8,2020,15,1,13,13203,2,1,1,3,STRASBOURG (BOULEVARD),43.30758,5.37588
202000004366,21,8,2020,14,1,13,13208,2,1,1,6,MAZARGUES (AVENUE DE),43.25823,5.39427
202000004367,21,8,2020,10,1,13,13205,2,1,1,6,JEAN MOULIN (BOULEVARD),43.28498,5.39881
202000004368,21,8,2020,4,5,13,13216,2,1,1,6,ESTAQUE PLAGE,43.360338,5.294645
202000004369,20,8,2020,19,1,13,13212,2,1,1,2,BOUYALA D'ARNAUD (BOULEVARD),43.29684,5.441791
202000004370,20,8,2020,21,5,12,12174,1,1,1,6,Olemps,44.3334061,2.5554119
202000004371,21,8,2020,2,3,11,11069,1,1,1,6,SAINT HILAIRE -ROUTE DE-,43.1996286,2.3543388
202000004372,21,8,2020,16,1,10,10081,1,1,2,6,ROCADE OUEST (RD 610),48.3092,4.0222
202000004373,20,8,2020,22,5,10,10387,2,1,1,2,TERRASSES (RUE),48.29176,4.07811
202000004374,20,8,2020,6,1,06,06123,2,1,1,3,COUBERTIN PIERRE DE AVENUE,43.67192,7.192867
202000004375,20,8,2020,8,1,06,06027,2,1,1,5,RENOIR AVENUE AUGUSTE,43.6647,7.152121
202000004376,14,8,2020,21,2,75,75118,2,2,1,-1,RUE ORDENER,48.890246,2.359917
202000004377,21,8,2020,2,5,75,75105,2,1,1,3,RUE DU CARDINAL LEMOINE,48.848999,2.354037
202000004378,21,8,2020,18,1,75,75119,2,1,1,6,AVENUE DE FLANDRE,48.893563,2.380397
202000004379,20,8,2020,23,5,75,75119,2,4,1,3,AVENUE CORENTIN CARIOU,48.895848,2.383552
202000004380,21,8,2020,19,1,75,75118,2,3,1,3,BOULEVARD NEY,48.897766,2.334053
202000004381,21,8,2020,18,1,75,75117,2,4,1,2,AVENUE DE WAGRAM,48.882212,2.301169
202000004382,19,8,2020,20,5,75,75116,2,1,1,6,RUE MOLITOR,48.84529,2.2598
202000004383,21,8,2020,21,5,75,75115,2,2,1,-1,RUE BALARD,48.84242,2.277614
202000004384,21,8,2020,20,1,75,75115,2,1,1,6,RUE CAMBRONNE,48.842402,2.302865
202000004385,21,8,2020,16,1,75,75114,2,2,1,3,AVENUE DE LA PORTE DE CHATILLON,48.822642,2.314837
202000004386,21,8,2020,9,1,75,75114,2,2,1,3,AVENUE DU MAINE,48.836832,2.323222
202000004387,21,8,2020,7,1,75,75114,2,1,1,6,RUE VERCINGETORIX,48.831623,2.309611
202000004388,20,8,2020,23,5,75,75107,2,1,1,6,BOULEVARD DES INVALIDES,48.850115,2.314768
202000004389,21,8,2020,17,1,75,75112,2,1,1,-1,QUAI DE BERCY,48.82928,2.387541
202000004390,21,8,2020,13,1,75,75112,2,3,1,3,ROUTE DE CEINTURE DU LAC DAUMESNIL,48.828132,2.419352
202000004391,21,8,2020,19,1,75,75111,2,1,1,6,BOULEVARD VOLTAIRE,48.860809,2.375069
202000004392,21,8,2020,18,1,75,75109,2,1,1,3,RUE DU FAUBOURG MONTMARTRE,48.873753,2.342675
202000004393,21,8,2020,15,1,75,75104,2,1,1,6,BOULEVARD BOURDON,48.84836,2.366156
202000004394,20,8,2020,20,1,75,75102,2,2,1,7,RUE DAUNOU,48.869544,2.331513
202000004395,20,8,2020,15,1,75,75103,2,1,1,3,BOULEVARD SAINT MARTIN,48.868811,2.356606
202000004396,21,8,2020,17,1,94,94068,2,9,1,3,SAINT MAUR (PONT DE),48.784541,2.495333
202000004397,21,8,2020,12,1,94,94068,2,1,1,3,PONT DE CRETEIL (R DU),48.801575,2.472144
202000004398,20,8,2020,22,5,94,94076,2,1,1,2,MAXIME GORKI (BD),48.79247,2.36935
202000004399,21,8,2020,21,5,94,94041,2,3,1,1,DIX NEUF MARS 1962 (R DU),48.809091,2.373641
202000004400,21,8,2020,19,1,94,94073,2,1,1,6,RENE PANHARD (AV),48.76431,2.39328
202000004401,20,8,2020,22,5,94,94033,2,2,1,3,REPUBLIQUE (AV DE LA),48.85227,2.45651
202000004402,21,8,2020,14,1,93,93070,2,1,1,3,MICHELET(AV):N°1AU 103,48.9025,2.34409
202000004403,21,8,2020,20,2,93,93066,2,3,1,3,POULMARCH JEAN,48.9330298,2.3422761
202000004404,21,8,2020,9,1,93,93064,2,2,1,2,PERI (BOULEVARD GABRIEL)  0 - 37 / 42,48.87735,2.47996
202000004405,21,8,2020,21,2,93,93031,2,3,1,3,SAINT LEU (ROUTE DE) 1 à 157,48.9515,2.33891
202000004406,21,8,2020,19,1,93,93010,2,1,1,2,GALLIENI (AV.) DE 177 A 211,48.9067269,2.4858947
202000004407,21,8,2020,17,1,93,93005,1,1,1,2,R PAUL CEZANNE,48.9526855,2.4918706
202000004408,2,8,2020,13,1,92,92077,2,1,1,3,ST CLOUD (RUE DE),48.8275,2.18885
202000004409,20,8,2020,17,1,92,92050,2,6,1,2,DROITS DE L'HOMME PLACE DES,48.8960049,2.2157782
202000004410,21,8,2020,15,1,92,92040,2,1,1,7,STALINGRAD (QUAI DE),48.8249014,2.2575057
202000004411,16,8,2020,20,2,92,92012,2,2,1,3,SAUSSIERE (RUE DE LA),48.8377443,2.2403861
202000004412,22,8,2020,11,1,22,22050,2,7,1,6,Place du 11 Novembre 1918,48.456747,-2.052791
202000004413,22,8,2020,7,1,11,11261,1,1,1,2,A 61 PK 346.400,43.173448,2.629702
202000004414,18,8,2020,16,1,71,71583,1,1,1,2,A6,46.2619593,4.7924377
202000004415,22,8,2020,19,1,41,41232,1,9,1,7,AUTROUTE A71 PK 156+200,47.422968,2.019124
202000004416,21,8,2020,22,3,22,22369,1,1,1,7,RN 12 PR 014+900,48.343272,-2.287517
202000004417,21,8,2020,18,1,51,51476,1,2,1,3,D977,49.0268395,4.4142578
202000004418,21,8,2020,23,3,59,59094,1,1,1,7,Route de Craywick,50.956494,2.218745
202000004419,22,8,2020,13,1,36,36033,1,1,1,-1, ÉCHANGEUR 19,46.506529,1.5048594
202000004420,4,2,2020,12,1,02,02408,2,6,8,2,FOCH (AVENUE DU MARECHAL),49.56272,3.60067
202000004421,26,2,2020,13,1,92,92040,2,1,2,6,BOURGAIN (AVENE),48.8217793,2.2672074
202000004422,2,12,2020,8,1,93,93029,2,1,-1,2,FERNAND PENA,48.916572,2.433065
202000004423,2,12,2020,8,5,93,93029,2,1,1,2,R FERNAND PENA,48.91733,2.43366
202000004424,29,11,2020,11,1,38,38298,2,6,1,1,Rue de Bregnieux,45.378494,4.804346
202000004425,16,11,2020,23,5,38,38451,2,1,1,6,2 Rue de la Girine,45.757277,5.218606
202000004426,1,12,2020,13,1,76,76351,2,1,1,6,ETRETAT (D'),49.497899,0.096258
202000004427,15,9,2020,13,1,26,26198,2,1,1,5,136 route du Teil,44.55631,4.724872
202000004428,4,12,2020,11,1,07,07102,2,1,3,7,,44.93696,4.86712
202000004429,16,12,2020,17,5,05,05061,2,1,1,6,SILOS ( RUE DES ),44.56791,6.0952
202000004430,24,11,2020,8,1,78,78551,2,9,1,6,SCHNAPPER,48.887633,2.095558
202000004431,28,11,2020,21,5,27,27229,2,1,1,6,QUATORZE JUILLET (BOULEVARD),49.01453,1.17005
202000004432,13,12,2020,17,2,70,70388,1,1,1,7,FRAPERTUIS (RUE DU),47.60327,6.10922
202000004433,16,12,2020,18,3,17,17010,1,1,2,1,Route du Pont de la Pierre,46.113103,-1.116807
202000004434,18,12,2020,18,3,69,69006,1,1,1,6,D13e3,45.973673,4.292886
202000004435,13,12,2020,13,1,27,27547,1,1,1,6,d49,49.053677,0.399456
202000004436,18,12,2020,8,1,77,77222,2,4,1,2,59 Rue de Troyes,48.635043,2.800844
202000004437,5,10,2020,12,1,92,92025,2,2,8,3,PIERRE CURIE (RUE),48.915633,2.234932
202000004438,10,9,2020,12,1,92,92025,2,2,1,6,MENELOTTE  2A 50 (AV),48.9284375,2.2595988
202000004439,8,10,2020,8,1,73,73065,2,3,1,3,AV LECLERC / PARENT NICOLAS (RUE),45.570275,5.916717
202000004440,1,10,2020,9,1,60,60159,1,1,3,6,D 14,49.3962,2.89242
202000004441,15,9,2020,16,1,94,94028,2,1,1,3,MESLY(AVENUE DU CHEMIN DE),48.78549,2.46024
202000004442,4,1,2020,12,1,92,92025,2,2,1,3,CHARLES DE GAULLE (BD),48.9117714,2.2324508
202000004443,29,9,2020,14,1,70,70550,2,1,2,6,R.N. 19,47.63415,6.15821
202000004444,13,3,2020,14,1,976,97611,2,9,1,6,mamoudzou centre-Jardin du collège(rue d,-12.78009,45.22381
202000004445,13,11,2020,9,1,78,78551,2,6,2,6,DESOYER (LEON),48.89951,2.085557
202000004446,1,12,2020,14,1,13,13202,2,3,1,3,PORT (QUAI DU),43.296065,5.374023
202000004447,30,11,2020,10,1,11,11262,2,6,1,7,ESPAGNE (AVENUE D'),43.16968,2.98936
202000004448,8,12,2020,18,5,76,76351,2,1,3,6,RENE COTY,49.498096,0.11636
202000004449,15,12,2020,20,5,60,60667,2,1,2,1,Avenue René Firmin,49.314163,2.736626
202000004450,23,10,2020,16,1,81,81105,2,1,1,1,Square Maréchal Foch,43.762935,1.991326
202000004451,19,10,2020,11,1,95,95210,2,1,1,2,MALLEVILLE (RUE DE),48.96764,2.30549
202000004452,14,10,2020,7,2,69,69142,2,1,2,3,GENERAL DE GAULLE                   (AV),45.72597,4.81178
202000004453,12,10,2020,13,1,45,45068,2,1,1,3,Rue Condorcet,48.02289,2.73539
202000004454,24,9,2020,16,1,49,49007,2,1,1,1,Avenue du Général Patton,47.47367,-0.58285
202000004455,13,6,2020,15,1,92,92025,2,2,1,1,VALMY 1 A 53   2 A 66 (BD DE),48.92612,2.25302
202000004456,28,6,2020,12,1,83,83069,1,1,1,5,AEROPORT (AVENUE DE L'),43.09973,6.13249
202000004457,13,9,2020,5,5,06,06004,2,1,1,7,R.N.98 BORD DE MER SIESTA,43.590571,7.124334
202000004458,28,8,2020,17,1,69,69382,2,2,2,3,CHARLEMAGNE                         (CO),45.73973,4.81832
202000004459,27,8,2020,22,5,35,35281,2,9,1,7,DODIN (AVENUE ROGER),48.07836,-1.71257
202000004460,18,9,2020,18,1,35,35238,2,1,1,6,CHATILLON (DE),48.08881,-1.67178
202000004461,30,11,2020,16,1,02,02750,2,1,1,6,28 Route de Coucy-le-château,49.517892,3.227216
202000004462,22,8,2020,12,1,976,97611,2,9,1,3,kaweni-Mangrove (route de la),-12.775,45.225
202000004463,31,8,2020,11,1,06,06069,2,1,1,2,CASTORS (CHEMIN DES),43.63921,6.93372
202000004464,15,1,2020,12,1,94,94046,2,1,1,6,VICTOR HUGO (R),48.7997,2.4415
202000004465,26,9,2020,22,5,24,24145,2,9,1,1,ROQUE (AVENUE  DE LA),44.85258,0.55041
202000004466,13,9,2020,9,1,24,24037,2,9,1,3,N1021 (rocade RN21-D660),44.8199,0.4761
202000004467,30,6,2020,7,1,59,59350,2,3,1,2,RENARD RUE VICTOIRE,50.6118159,3.0656523
202000004468,25,6,2020,13,1,59,59648,2,2,1,3,JAURES JEAN RUE,50.60003,3.05182
202000004469,26,5,2020,11,1,59,59663,1,2,1,3,BELLE CROIX (RUE DE LA),50.8821328,2.4711535
202000004470,20,5,2020,19,1,59,59043,1,1,1,6,STEENWERCK (ROUTE DE),50.71452,2.76689
202000004471,16,5,2020,11,1,59,59043,2,9,1,3,LILLE (RUE DE),50.73023,2.7468
202000004472,29,7,2020,9,1,14,14220,2,2,7,6,REPUBLIQUE (AVENUE DE LA),49.3574002,0.0741746
202000004473,8,7,2020,11,1,14,14715,2,1,8,6,CARNOT,49.36691,0.07972
202000004474,28,12,2020,18,5,42,42187,2,1,1,6,Rue Pierre Semard,46.03862,4.05799
202000004475,18,12,2020,17,1,33,33448,2,1,1,1,D214,44.714416,-0.50211
202000004476,4,12,2020,16,1,65,65100,2,1,1,6,MOULIN (RUE JEAN),43.260901,0.042701
202000004477,3,12,2020,17,5,08,08105,2,7,2,6,DUCALE PLACE,49.77356,4.72069
202000004478,25,11,2020,17,3,91,91553,1,1,1,3,RN 104,48.631,2.49126
202000004479,30,12,2020,6,3,60,60196,1,1,2,1,D927,49.290006,2.090235
202000004480,30,9,2020,16,1,69,69091,2,1,1,6,ALARCON (RUE MICHEL),45.58249,4.77531
202000004481,6,7,2020,21,1,65,65440,2,2,1,3,HUGO (RUE VICTOR),43.235709,0.069869
202000004482,11,2,2020,16,1,36,36044,2,1,1,2,Avenue des Marins,46.8088576,1.6804036
202000004483,14,8,2020,17,1,36,36044,2,1,1,6,ARGENTON (AV D'),46.8025834,1.6721696
202000004484,21,8,2020,18,1,36,36044,2,1,1,7,48 Chemin de Soulasse,46.8181138,1.7223269
202000004485,25,1,2020,15,1,36,36202,2,1,1,4,34 Avenue d’Occitanie,46.7906355,1.6616888
202000004486,15,2,2020,16,1,36,36044,2,1,1,7,Avenue de la Châtre,46.8068435,1.7088227
202000004487,29,9,2020,14,1,35,35238,2,9,1,3,ROOSEVELT (BD FRANKLIN),48.09746,-1.65727
202000004488,22,8,2020,15,1,17,17306,2,1,1,3,sous l'avenue Louis Bouchet,45.626041,-0.999265
202000004489,19,7,2020,7,1,17,17306,2,1,1,3,BAILLET (BD COLONEL ROBERT),45.63183,-1.03211
202000004490,15,7,2020,18,1,17,17306,2,1,1,2,REUTIN (BD FELIX),45.62385,-1.03233
202000004491,15,7,2020,17,1,17,17461,2,3,1,3,GARNIER (AVENUE  FREDERIC),45.642162,-1.065811
202000004492,29,5,2020,6,1,02,02168,2,2,1,3,D1,49.04747,3.383416
202000004493,27,11,2020,18,5,973,97302,2,1,1,6,MADELEINE (ROUTE DE LA),4.91516,-52.32097
202000004494,30,11,2020,13,1,973,97302,2,3,1,3,BARTHELEMY (RENE),4.9355777,-52.3309476
202000004495,29,11,2020,23,5,973,97302,2,1,1,7,MADELEINE (ROUTE DE LA),4.9393063,-52.3264861
202000004496,29,11,2020,9,1,973,97302,2,1,1,6,MERE THERESA (rue),4.91943,-52.31267
202000004497,30,11,2020,7,1,972,97213,1,1,1,2,AUTOROUTE A1,14.617,-61.017
202000004498,29,11,2020,17,1,91,91021,2,1,1,2,AV DIVISION LECLERC,48.59677,2.24592
202000004499,30,11,2020,23,5,91,91161,2,6,2,6,AV MAZARIN,48.708,2.31066
202000004500,30,11,2020,17,5,91,91687,2,1,1,6,GUYNEMER (BOULEVARD),48.677713,2.37633
202000004501,28,11,2020,10,1,76,76351,1,1,1,6,BOIS AU COQ (AVENUE),49.5165,0.1194
202000004502,29,11,2020,13,1,74,74298,1,1,1,1,BONNEVILLE (ROUTE DE ),46.1685,6.272
202000004503,29,11,2020,11,1,69,69290,2,1,1,6,COLOMBIER (DU)                      (R ),45.7064384,4.9327771
202000004504,30,11,2020,12,1,65,65100,2,2,1,3,FRANCE (RUE ANATOLE),43.254551,0.046963
202000004505,24,11,2020,11,1,63,63113,2,5,1,3,VERDUN (PLACE DE),45.76541,3.08231
202000004506,28,11,2020,17,5,59,59350,2,2,1,3,BELFORT BOULEVARD DE,50.62187,3.07936
202000004507,28,11,2020,15,1,56,56162,1,3,1,3,AEROGARE,47.75009,-3.43442
202000004508,27,11,2020,9,1,54,54329,2,3,1,6,BLD. GEORGES POMPIDOU,48.58594,6.4809
202000004509,27,11,2020,7,5,49,49007,2,6,5,3,DE LATTRE DE TASSIGNY,47.45779,-0.54435
202000004510,29,11,2020,16,1,49,49007,2,1,1,6,GATELLERIE IMPASSE,47.49625,-0.55696
202000004511,30,11,2020,9,1,45,45285,2,2,1,6,Rue des Chaises - rue des cerises,47.9213728,1.883189
202000004512,30,11,2020,9,2,29,29232,2,1,7,1,Avenue Jacques le Viol,47.9935299,-4.138907
202000004513,30,11,2020,10,1,29,29232,2,1,1,3,Rue Charles le Goffic,47.98529,-4.06113
202000004514,28,11,2020,9,1,25,25056,2,1,1,7,RAGOTS   CHEMIN DES,47.23358,6.04993
202000004515,30,11,2020,8,1,21,21166,2,2,1,5,Avenue Roland Carraz,47.2987991,5.0197866
202000004516,30,11,2020,15,1,17,17461,2,1,1,3,FALAISE (BOULEVARD DE LA),45.629261,-1.06326