Num_Acc,jour,mois,an,hr,condition_eclairage,departement,commune,condition_agglomeration,intersection,condition_atmosphere,type_collision,adresse,lattitude,longitude
202000004517,27,11,2020,7,5,14,14118,2,4,1,6,BRIAND (BOULEVARD ARISTIDE),49.17812,-0.36385
202000004518,24,11,2020,10,1,14,14118,2,7,1,6,SAINT OUEN (RUE),49.17519,-0.37743
202000004519,30,11,2020,20,5,13,13203,2,2,1,2,GUIBAL (RUE),43.30572,5.38397
202000004520,28,11,2020,9,1,11,11262,2,6,1,7,HUBERT MOULY (AVENUE),43.1801609,3.0188828
202000004521,30,11,2020,12,1,06,06069,1,9,1,3,PLAN (ROUTE DU) -D304-,43.650718,6.948747
202000004522,29,8,2020,18,3,976,97611,2,1,1,6,doujani-Carrière ( rue de la ),-12.79318,45.20818
202000004523,7,7,2020,18,3,976,97611,2,1,1,6,mgombani-Baobab ( Bd ),-12.7825155,45.2336901
202000004524,2,7,2020,9,1,93,93072,2,1,2,6,MOLIERE (SQUARE),48.94973,2.3734
202000004525,27,7,2020,15,1,59,59122,2,1,1,2,COMTE D'ARTOIS (RUE DU),50.18069,3.22035
202000004526,30,1,2020,21,5,59,59122,2,2,2,6,CREVECOEUR (RUE DE),50.1582248,3.241771
202000004527,26,1,2020,11,1,59,59122,2,1,1,6,VICTOIRE (AVENUE DE LA),50.1734,3.233072
202000004528,26,11,2020,12,1,59,59350,1,6,1,3,PASTEUR CARREFOUR,50.6430019,3.0726154
202000004529,23,11,2020,10,1,38,38185,2,3,1,6,Cours Berriat,45.18864,5.70941
202000004530,18,11,2020,18,5,38,38151,2,9,1,6,Avenue du 8 Mai 1945,45.14919,5.71804
202000004531,14,9,2020,5,5,92,92050,1,1,1,2,A14,48.8960999,2.2250306
202000004532,22,8,2020,9,1,976,97611,1,1,1,7,passamanty-Vahibé ( route ),-12.793,45.193
202000004533,5,12,2020,15,1,58,58194,2,1,1,6,HENRI BOUQUILLARD,46.99459,3.13422
202000004534,20,9,2020,18,1,91,91247,1,1,1,7,D836,48.477217,2.051193
202000004535,17,6,2020,18,1,73,73213,1,9,1,3,D201 - 320 Rte d'Apremont,45.555247,5.951382
202000004536,28,1,2020,14,1,78,78158,1,2,1,3,,48.833768,2.142882
202000004537,6,2,2020,18,2,41,41018,1,1,1,2,RD 956.,47.59373,1.35432
202000004538,3,9,2020,8,1,69,69034,2,9,1,2,JEAN PETIT                          (CH),45.80786,4.85606
202000004539,9,8,2020,20,5,2A,2A004,1,1,1,1,RICANTO ROUTE ET PLAGE,41.92849,8.7707
202000004540,15,5,2020,18,1,95,95585,2,1,1,5,REFUZNICKS (ROUTE DES),48.98446,2.3867
202000004541,17,10,2020,11,1,84,84035,2,1,1,6,LIBERATION (AVENUE DE LA),43.84951,5.03737
202000004542,17,11,2020,8,2,64,64445,2,2,1,6,LILAS DES,43.30924,-0.3442
202000004543,24,11,2020,10,1,11,11262,2,1,1,7,HUGO (QUAI ET PASSERELLE VICTOR),43.1816,3.00759
202000004544,24,11,2020,2,5,11,11262,2,1,1,3,LECLERC (AVENUE DU GENERAL),43.1769833,2.9942811
202000004545,28,12,2020,16,1,86,86214,2,2,1,6,Rue de la Chaume,46.554587,0.333643
202000004546,8,7,2020,9,1,976,97611,2,1,1,1,cavani-Rond point du Baobab,-12.78517,45.22786
202000004547,21,2,2020,13,1,976,97611,2,1,1,-1,kaweni-Poste ( rue de la ),-12.77474,45.22285
202000004548,5,12,2020,16,1,33,33234,2,1,2,1,Rue du Bourg,44.785073,-0.495635
202000004549,12,12,2020,8,2,69,69275,1,1,2,6,RN346  ,45.763,4.985
202000004550,14,12,2020,19,5,58,58194,2,1,1,6,LOURDES,46.9915,3.1553
202000004551,4,12,2020,13,1,92,92051,2,9,1,6,"ROULE (AVENUE DU, N° 29 A 91 ET 30 A 86)",48.882644,2.276826
202000004552,22,12,2020,0,3,38,38544,1,1,2,6,A7,45.54329,4.85197
202000004553,29,10,2020,16,1,38,38152,2,2,1,3,D1085,45.498643,5.300941
202000004554,23,8,2020,7,2,13,13215,2,9,1,6,LYON (RUE DE),43.333077,5.364257
202000004555,23,11,2020,8,1,11,11262,2,1,1,7,FRANCE (AVENUE ANATOLE),43.183974,2.995756
202000004556,1,8,2020,10,1,976,97611,2,1,1,3,m'tsapere-M'tsapéré- M'tsangani ( rue ),-12.79364,45.2192
202000004557,6,7,2020,18,1,93,93078,1,1,1,6,SAUSSET (AVENUE DU),48.96325,2.51786
202000004558,26,2,2020,18,2,93,93048,2,1,1,3,DOCTEUR FERNAND LAMAZE (AVENUE DU),48.8770469,2.4510071
202000004559,5,2,2020,10,1,93,93048,2,2,8,6,FAIDHERBE (AVENUE),48.8659981,2.440871
202000004560,21,11,2020,14,1,33,33063,2,3,1,3,CRS D'ALBRET,44.83723,-0.5812
202000004561,9,6,2020,8,1,976,97611,2,1,1,6,kaweni-Caserne ( rue de la ),-12.775674,45.224152
202000004562,12,11,2020,8,1,95,95252,2,1,1,6,VERT DES GRATTES BOEUFS (CHEMIN),48.99121,2.21566
202000004563,19,8,2020,12,1,84,84007,2,1,1,2,TRILLADE (avenue de la ),43.9288,4.8208
202000004564,23,8,2020,10,1,68,68224,2,2,1,3,ROMAINS (RUE DES),47.7734,7.3212
202000004565,25,4,2020,23,5,63,63113,2,1,1,6,DORMOY (AVENUE MARX),45.7671571,3.0820165
202000004566,1,6,2020,6,1,29,29151,2,1,1,6,Rampe Saint Nicolas,48.58156,-3.82652
202000004567,22,10,2020,17,1,05,05061,2,1,8,6,EMBRUN ( AVENUE D'),44.568746,6.100189
202000004568,29,8,2020,5,5,75,75106,2,7,1,2,QUAI DE CONTI,48.857767,2.336836
202000004569,19,8,2020,0,5,84,84007,2,2,1,5,C.De GAULLE (Rocade),43.93404,4.83153
202000004570,29,11,2020,10,1,44,44184,2,2,7,6,RAMPE (PLACE DE LA),47.2724,-2.2002
202000004571,27,10,2020,18,2,49,49007,2,1,1,6,LYCEE PLACE,47.46718,-0.54498
202000004572,2,3,2020,6,3,93,93010,2,2,2,3,AV GALLIENI / R JULES GUESDE,48.9043,2.4729
202000004573,26,2,2020,12,1,93,93010,2,9,3,6,AV HENRI BARBUSSE,48.90188,2.48503
202000004574,27,10,2020,18,2,69,69266,2,1,1,3,FREDERIC FAYS      (Rue),45.76371,4.90444
202000004575,17,2,2020,7,2,26,26057,1,1,1,1,Route d'Alixan,45.002988,5.035847
202000004576,27,8,2020,21,5,27,27375,2,1,2,6,HAYE MALHERBE (ROUTE DE LA),49.21391,1.14113
202000004577,19,8,2020,5,3,27,27701,1,1,1,1,ORMET (VOIE DE L'),49.2402,1.2309
202000004578,15,8,2020,1,3,27,27375,1,1,1,7,RD313,49.22756,1.15616
202000004579,31,7,2020,21,1,27,27375,2,1,1,7,MONTFORT (ROUTE DE),49.21278,1.15559
202000004580,26,7,2020,7,1,67,67482,1,1,8,6,Autoroute A.351,48.5848808,7.7257705
202000004581,18,7,2020,19,1,27,27375,2,6,7,2,FOLLEVILLE (ROND POINT DE),49.209,1.1803
202000004582,18,7,2020,1,5,27,27375,2,1,1,6,BLERIOT (RUE LOUIS),49.20335,1.18741
202000004583,19,6,2020,16,1,63,63113,2,3,1,6,BIEN ASSIS (RUE DE),45.7880806,3.0956065
202000004584,19,12,2020,9,1,08,08105,2,3,1,6,BRONNERT BOULEVARD,49.76402,4.69388
202000004585,18,12,2020,15,1,41,41046,1,1,1,7,C1,47.618741,1.92044
202000004586,18,12,2020,15,1,86,86066,1,9,1,2,"A10, PK 276+000",46.805086,0.513368
202000004587,31,12,2020,10,1,66,66037,2,9,1,6,52 Boulevard de Las Bigues,42.704587,3.019769
202000004588,9,6,2020,9,1,27,27229,2,2,1,2,MONNET (RUE JEAN),49.03393,1.18349
202000004589,11,11,2020,14,1,976,97611,2,1,1,3,kaweni-Centrale EDM (rue de la ),-12.77538,45.22328
202000004590,18,1,2020,8,2,29,29254,2,1,1,6,Rue du Tunes,48.5703385,-3.847373
202000004591,17,11,2020,17,5,27,27229,2,9,1,6,QUATORZE JUILLET (BOULEVARD),49.00652,1.16289
202000004592,24,12,2020,12,1,43,43157,2,1,1,3,2 Avenue de la Dentelle,45.0412727,3.8884091
202000004593,15,12,2020,17,4,05,05061,2,1,2,6,SAGNIERES ( RUE DES ),44.55123,6.06746
202000004594,4,12,2020,18,4,92,92078,2,5,2,-1,MARC SANGNIER (AVENUE),48.925747,2.32674
202000004595,21,12,2020,17,4,74,74010,2,1,3,6,Rte de la Roche sur Foron,45.933696,6.129701
202000004596,17,11,2020,6,2,69,69081,1,1,1,3,M6   449.510 A 451.640,45.78263,4.78285
202000004597,3,6,2020,11,1,62,62291,2,1,1,6,SCHAFFNER (R DU DOCTEUR ),50.41966,2.81438
202000004598,29,9,2020,20,5,84,84007,2,2,1,3,PIERRE SEMARD (avenue),43.93468,4.83164
202000004599,18,12,2020,17,2,83,83061,2,2,1,6,AVENUE DE LATTRE DE TASSIGNY,43.4324496,6.7491567
202000004600,30,12,2020,14,1,72,72181,1,1,1,2,TOURS (RTE) LIGNE DROITE DES HUNAUDIERES,47.95093,0.23045
202000004601,2,12,2020,21,5,29,29019,2,1,1,6,Rue Albert Louppe,48.4043126,-4.4759423
202000004602,27,11,2020,15,1,95,95428,2,1,1,2,RUE DU TEMPLE,48.98505,2.31865
202000004603,26,11,2020,6,2,91,91161,2,1,1,1,RTE DE LONGJUMEAU,48.71358,2.29806
202000004604,27,11,2020,15,1,91,91432,1,1,1,7,RD 118,48.7122,2.3517
202000004605,26,11,2020,7,2,87,87085,2,2,1,3,BENEDICTINS (AVENUE DES),45.83265,1.26656
202000004606,27,11,2020,15,1,82,82121,2,3,1,6,DOUMERC (BOULEVARD BLAISE),44.0122822,1.363052
202000004607,27,11,2020,7,2,79,79191,2,2,1,3,Rue Villechanoux,46.32419,-0.43521
202000004608,26,11,2020,8,1,78,78646,2,2,1,3,PARIS (AVENUE DE),48.79836,2.15367
202000004609,22,11,2020,19,3,77,77337,1,1,1,6,D199-D499,48.84566,2.63033
202000004610,25,11,2020,18,2,77,77288,2,2,1,1,COTY (RUE RENE),48.551133,2.649634
202000004611,27,11,2020,6,5,76,76305,2,1,2,1,MARCEL LE MIGNOT (AVENUE),49.5011303,0.2189707
202000004612,26,11,2020,15,1,76,76351,2,3,1,3,FELIX FAURE,49.500207,0.104134
202000004613,27,11,2020,7,5,69,69256,2,3,1,3,PAUL MARCELLIN                      (AV),45.77384,4.93238
202000004614,27,11,2020,15,2,69,69264,2,2,1,6,FERRY JULES  R,45.9822,4.73501
202000004615,26,11,2020,21,5,66,66136,2,1,2,6,R D 900,42.67844,2.88056
202000004616,27,11,2020,17,1,64,64445,2,5,1,3,EDOUARD HERRIOT,43.30429,-0.3799
202000004617,27,11,2020,7,5,64,64445,2,3,1,1,TRESPOEY DE,43.29907,-0.35514
202000004618,26,11,2020,14,1,64,64122,2,1,1,7,ESTAGNAS (RUE DE L'),43.48403,-1.54298
202000004619,27,11,2020,13,1,64,64102,2,1,1,6,Rue Louis Seguin,43.48426,-1.49988
202000004620,27,11,2020,8,1,64,64102,2,1,1,4,HENRI DE NAVARRE (AVENUE),43.49787,-1.44876
202000004621,25,11,2020,7,5,63,63113,2,5,1,2,JAURES (BD JEAN),45.7678,3.08184
202000004622,24,11,2020,18,3,56,56260,1,1,1,6,Kerdogan,47.6873,-2.76646
202000004623,26,11,2020,17,1,56,56121,2,2,1,3,JOFFRE ( BD MARECHAL ),47.75226,-3.363
202000004624,26,11,2020,13,1,54,54184,2,1,1,6,FALLEE (RUE DE LA),48.71098,6.22265
202000004625,26,11,2020,17,2,51,51108,2,1,1,7,Rue Jean Jaurès,48.9546522,4.3526555
202000004626,26,11,2020,18,5,50,50147,2,2,1,3,DE LA MARE,49.06229,-1.42835
202000004627,27,11,2020,5,3,50,50416,1,1,1,6,CD 901,49.64923,-1.71783
202000004628,26,11,2020,8,1,49,49015,2,1,1,3,SCHWALBACH PLACE,47.50416,-0.6019
202000004629,27,11,2020,8,2,47,47323,1,9,1,1,PRADAL,44.44609,0.73929
202000004630,27,11,2020,15,1,45,45234,2,3,1,6,Avenue de la Liberation,47.92091,1.90232
202000004631,27,11,2020,18,5,41,41018,2,3,1,1,BESNARD (QUAI ULYSSE),47.5781,1.32111
202000004632,27,11,2020,16,1,37,37122,2,1,1,2,JAURES (BOULEVARD JEAN),47.3479954,0.6577455
202000004633,27,11,2020,15,1,37,37261,2,2,1,-1,GRAMMONT (AVENUE DE),47.3871506,0.6900138
202000004634,24,11,2020,18,2,37,37261,2,2,1,-1,CHAPELLE (RUE DE LA),47.4200957,0.6997246
202000004635,27,11,2020,11,1,35,35238,1,1,1,4,PORTE ALMA,48.08031,-1.67781
202000004636,27,11,2020,8,4,35,35238,2,2,1,3,VANEAU,48.10859,-1.69297
202000004637,27,11,2020,14,1,33,33550,2,6,1,3,RUE RAYMOND BIERGE,44.77267,-0.57682
202000004638,11,11,2020,2,4,33,33550,2,1,1,6,RTE DE TOULOUSE,44.78857,-0.56676
202000004639,27,11,2020,14,1,32,32013,1,1,1,3,ROGER SALENGRO,43.66948,0.59989
202000004640,26,11,2020,17,4,31,31555,1,1,1,4,VA001490 A621,43.62177,1.40135
202000004641,26,11,2020,14,1,31,31555,1,1,1,2,VA007331 A620,43.63865,1.42155
202000004642,27,11,2020,13,1,31,31483,1,1,1,6,3978 Route de la Serre de Cazaux,43.14662,0.74235
202000004643,26,11,2020,7,2,30,30189,2,2,1,3,CAPOUCHINE (CHEMIN),43.81686,4.35304
202000004644,27,11,2020,4,5,26,26198,2,2,1,3,4 Allée Paul Lattard,44.55522,4.72257
202000004645,25,11,2020,7,3,22,22187,1,3,1,3,VERDUN (rue de ),48.5441369,-2.7844387
202000004646,27,11,2020,11,1,17,17300,2,6,1,2,VERDIER   BOULEVARD ARTHUR,46.1616,-1.13985
202000004647,27,11,2020,16,1,13,13213,2,1,1,5,OLIVES (AVENUE DES),43.326298,5.439076
202000004648,26,11,2020,12,1,13,13002,2,1,1,2,7 RMENT DE TIRAILLEURS ALGERIENS (AVENUE,43.33839,5.46737
202000004649,27,11,2020,20,5,13,13047,2,3,1,3,RAYMOND FILIPPI AVENUE,43.49665,4.98101
202000004650,27,11,2020,8,2,13,13005,2,5,1,5,SOLLANS (CHEMIN DES),43.30546,5.57257
202000004651,27,11,2020,8,1,06,06088,2,1,1,7,LYAUTEY (AV. DU MAL),43.7144167,7.2821939
202000004652,25,11,2020,12,1,06,06069,2,1,1,3,ROUQUIER (BOULEVARD EMMANUEL),43.643654,6.941949
202000004653,27,11,2020,9,1,06,06155,2,2,1,3,COURCETTES AV.ET CH.DES,43.57268,7.07908
202000004654,27,11,2020,21,5,75,75114,2,4,1,6,BOULEVARD PERIPHERIQUE,48.819313,2.32873
202000004655,26,11,2020,8,1,75,75119,2,1,1,3,BOULEVARD PERIPHERIQUE,48.8835,2.399945
202000004656,26,11,2020,11,1,75,75113,2,2,1,3,BOULEVARD ARAGO,48.834941,2.344985
202000004657,27,11,2020,10,1,75,75114,2,2,1,3,RUE JULIA BARTET,48.82501,2.302151
202000004658,27,11,2020,17,5,75,75120,2,3,1,6,BOULEVARD DE MENILMONTANT,48.86604,2.384007
202000004659,27,11,2020,12,1,75,75119,2,2,1,2,AVENUE DE LA PORTE D AUBERVILLIERS,48.898744,2.371114
202000004660,27,11,2020,10,1,75,75119,2,1,1,3,BOULEVARD D INDOCHINE,48.885619,2.396495
202000004661,26,11,2020,7,2,75,75118,2,2,1,6,AVENUE DE LA PORTE DE SAINT OUEN,48.899028,2.329471
202000004662,27,11,2020,11,1,75,75115,2,1,1,4,RUE DE LA CONVENTION,48.837103,2.296846
202000004663,27,11,2020,10,1,75,75113,2,1,1,6,QUAI D AUSTERLITZ,48.843159,2.366232
202000004664,27,11,2020,22,5,75,75104,2,1,1,7,VOIE GEORGES POMPIDOU,48.850484,2.361138
202000004665,27,11,2020,20,5,75,75102,2,2,1,3,RUE DE RICHELIEU,48.868887,2.33856
202000004666,27,11,2020,16,1,94,94080,2,2,1,6,FONTENAY (R DE),48.84,2.42
202000004667,27,11,2020,16,2,94,94068,2,2,1,6,VOLTAIRE (BD),48.79193,2.51283
202000004668,27,11,2020,10,1,94,94041,2,5,1,2,VERDUN (AV DE),48.81294,2.37082
202000004669,26,11,2020,19,5,94,94033,2,2,1,3,Avenue de la République & Rue du Ruisseau,48.85254,2.46526
202000004670,25,11,2020,13,1,94,94011,2,1,1,6,DIX NEUF MARS 1962(R DU),48.7665,2.4899
202000004671,25,11,2020,22,5,93,93066,2,1,1,3,LIBERATION RD14 (BOULEVARD),48.9253,2.34211
202000004672,27,11,2020,10,1,93,93077,2,2,1,3,ALL DE LA TOUR / AV FRANKLIN,48.89742,2.50285
202000004673,26,11,2020,17,5,93,93032,2,2,1,3,AV DES CHARMILLES / AV DES BLEUETS,48.88942,2.54838
202000004674,27,11,2020,17,2,93,93079,2,3,1,3,SAINT LEU (ROUTE),48.9502259,2.3406438
202000004675,27,11,2020,12,1,93,93027,2,2,1,3,CACHIN (AVENUE MARCEL),48.92917,2.39658
202000004676,27,11,2020,6,5,93,93047,2,9,1,2,BD BARGUE,48.90289,2.56193
202000004677,27,11,2020,12,1,92,92033,2,1,1,6,RAYMOND POINCARE,48.8383055,2.1836573
202000004678,27,11,2020,17,3,92,92040,2,1,1,7,GARIBALDI (BOULEVARD),48.825135,2.261941
202000004679,27,11,2020,18,5,92,92019,2,1,1,-1,DIVISION LECLERC (AVENUE DE LA),48.7647537,2.2655131
202000004680,25,11,2020,18,3,92,92012,2,9,1,3,REINE (ROUTE DE LA) 82/FIN - 107TER/FIN,48.83989,2.23784
202000004681,25,11,2020,15,1,92,92012,2,9,1,6,EDOUARD VAILLANT (AVENUE) 57/FIN - 58/FI,48.8350125,2.2476033
202000004682,27,11,2020,16,1,08,08145,1,1,1,1,D964,49.642901,5.050621
202000004683,27,11,2020,19,3,34,34089,1,1,2,1,D37e3,43.366666,3.006472
202000004684,22,11,2020,18,3,17,17310,1,1,1,1,Route de Mortagne,45.580181,-0.741867
202000004685,28,11,2020,23,3,974,97404,2,1,1,6,Avenue Octave Bénard,-21.258046,55.330566
202000004686,28,11,2020,13,1,67,67489,1,1,8,6,D702,48.700405,7.350766
202000004687,27,11,2020,1,3,51,51559,2,1,1,7,Quai de la Carpiere,49.1300126,4.5351922
202000004688,27,11,2020,16,1,36,36200,1,1,1,2,,46.615134,1.536798
202000004689,27,11,2020,20,3,51,51323,1,1,1,2,N4,48.72293,3.8062058
202000004690,27,11,2020,17,3,67,67040,1,1,1,6,D211 de Bindernheim à Diebolsheim,48.282929,7.636292
202000004691,28,11,2020,14,1,76,76255,1,1,1,7,D925,50.06008,1.418545
202000004692,10,11,2020,18,3,61,61100,1,1,1,6,D930,48.714235,0.619365
202000004693,28,11,2020,13,1,61,61211,2,2,1,5,Rue de Melleray la Vallee,48.486864,-0.580312
202000004694,28,11,2020,15,1,46,46307,1,3,7,3,D811,44.498694,1.048116
202000004695,27,11,2020,12,1,46,46136,1,1,1,1,Départementale 811,44.511624,1.256851
202000004696,1,11,2020,21,3,39,39013,1,1,1,1,,46.898179,5.784345
202000004697,28,11,2020,9,1,29,29105,2,2,1,6,D32 - Boulevard de la République,48.504818,-4.090123
202000004698,27,11,2020,19,3,29,29056,1,1,2,7,D712 - Proche Fessiou,48.444575,-4.296598
202000004699,28,11,2020,13,1,03,03040,1,1,1,7,,46.5250656,3.2886446
202000004700,27,11,2020,9,1,15,15142,1,3,1,3,D921,44.928592,2.998044
202000004701,25,11,2020,14,1,26,26005,2,3,1,1,3 Route de Malataverne,44.499226,4.786381
202000004702,28,11,2020,7,1,26,26166,2,6,1,3,140 Avenue de la République,44.749393,4.818835
202000004703,9,10,2020,16,1,06,06079,2,9,1,1,567 Avenue Janvier Passero,43.551305,6.937737
202000004704,27,11,2020,21,3,50,50425,1,1,5,6,La Cailleterie,49.524453,-1.640788
202000004705,28,11,2020,15,1,83,83084,1,1,1,7,D13,43.666413,6.056428
202000004706,28,11,2020,9,1,60,60292,2,4,1,3,Rue du 4eme Ric,49.569779,2.798951
202000004707,27,11,2020,19,3,64,64495,1,1,1,1,RD 855,43.383593,-1.565466
202000004708,28,11,2020,15,1,64,64086,1,1,1,6,rd 10,43.4061673,-1.2660563
202000004709,27,11,2020,12,1,21,21003,2,1,1,6,6 Grande Rue,47.368947,5.022994
202000004710,28,11,2020,16,1,24,24067,1,1,1,2,avenue de la Gare RD703,44.907008,0.943515
202000004711,28,11,2020,3,3,28,28259,1,1,5,7,D359.5,48.240349,1.427504
202000004712,28,11,2020,7,1,987,98734,1,1,1,1,PK 31+800 RT1,-17.723379,-149.50573
202000004713,28,11,2020,10,1,67,67152,2,6,8,3,Rue de la Porte-basse,48.516739,7.654333
202000004714,28,11,2020,15,1,74,74010,2,1,1,3,Avenue d'Aix-les-bains (Seynod),45.884317,6.099451
202000004715,28,11,2020,17,3,51,51015,1,1,1,7,A4,49.0751065,4.8460074
202000004716,28,11,2020,10,1,974,97415,1,1,1,2,Route du Théâtre,-21.044753,55.22987
202000004717,28,11,2020,19,3,974,97408,1,1,1,-1,Route du Littoral (Pont),-20.938901,55.329933
202000004718,28,11,2020,8,1,91,91338,2,1,1,6,Route d'Arpajon,48.642225,2.088218
202000004719,27,11,2020,16,1,08,08328,2,1,1,6,2 Rue Jean Jaurès,49.813234,4.743944
202000004720,26,11,2020,7,2,88,88251,1,1,9,1,D32,48.321946,6.767385
202000004721,28,11,2020,11,1,01,01043,2,6,1,3,rond point de la cotière - RD 1084 A,45.833273,4.993286
202000004722,27,11,2020,22,3,33,33417,1,1,1,7,Route des Landes,44.94878,-0.905637
202000004723,28,11,2020,12,1,85,85189,1,3,7,3,D32 intersection chemin des brenettes,46.76835,-1.87403
202000004724,27,11,2020,7,3,14,14228,1,6,1,6,D7,49.275515,-0.378395
202000004725,28,11,2020,15,1,60,60395,1,1,1,6,D129,49.251532,2.117014
202000004726,27,11,2020,17,3,13,13215,1,1,1,4,A7-Sens Lyon vers Marseille,43.3687056,5.3608211
202000004727,27,11,2020,2,3,13,13071,1,9,1,6,A7-Sens Marseille vers Lyon,43.40651,5.33067
202000004728,25,11,2020,10,1,13,13071,1,1,8,2,A5501G-Sens Mlle Vieux Port vers A7-Lyon,43.40359,5.29869
202000004729,25,11,2020,20,3,83,83027,1,1,1,6,A50,43.164502,5.766998
202000004730,26,11,2020,18,5,69,69081,1,1,1,2,M6   449.510 A 451.640,45.7826,4.7825
202000004731,16,11,2020,15,1,69,69009,1,1,1,3,A6   428.880 A 431.800,45.94276,4.71976
202000004732,27,11,2020,20,5,33,33397,1,1,1,2,AUTOROUTE A 10,44.92264,-0.47419
202000004733,27,11,2020,16,1,33,33013,1,1,1,4,ROUTE NATIONALE 230,44.84797,-0.50303
202000004734,25,11,2020,9,1,33,33192,1,1,1,5,ROCADE A 630,44.78944,-0.61941
202000004735,24,11,2020,13,1,33,33192,1,1,1,4,ROCADE A 630,44.78992,-0.60637
202000004736,27,11,2020,10,1,92,92050,1,1,1,7,A14,48.8979361,2.2180957
202000004737,26,11,2020,13,1,93,93066,1,1,1,4,AUTOROUTE A1,48.9217313,2.3573491
202000004738,26,11,2020,8,2,93,93027,1,1,1,2,AUTOROUTE A86,48.9278605,2.4095752
202000004739,26,11,2020,18,5,973,97302,2,9,1,5,BADUEL (ROUTE DE),4.9292157,-52.302475
202000004740,26,11,2020,17,1,973,97302,1,1,1,2,ROUTE NATIONALE 1,4.9267786,-52.3289108
202000004741,25,11,2020,23,5,973,97302,2,1,1,1,MADELEINE (ROUTE DE LA),4.92271,-52.3235
202000004742,25,11,2020,11,1,69,69259,2,1,1,2,PARILLY (DE)                        (BD),45.71494,4.90604
202000004743,25,11,2020,10,1,972,97209,2,1,1,1,CHATEAUBOEUF (ROUTE DE),14.6331956,-61.0359192
202000004744,25,11,2020,12,1,69,69149,2,1,1,6,EMILE ZOLA                          (BD),45.7197733,4.8000587
202000004745,26,11,2020,16,2,2B,2B033,2,1,1,5,11 - RT,42.68766,9.44689
202000004746,26,11,2020,9,1,971,97101,1,1,1,2,RN1-  HAUTEUR DE SORTIE LAURICISQUE,16.25406,-61.53785
202000004747,26,11,2020,10,1,95,95585,2,6,1,2,19 MARS 1962 (PLACE DU),48.9826086,2.3704778
202000004748,24,11,2020,14,1,91,91425,2,3,1,1,RUE DES MOULINS,48.63007,2.27941
202000004749,20,11,2020,7,5,91,91339,1,9,1,3,RTE NATIONALE 20,48.62881,2.26276
202000004750,19,11,2020,10,1,91,91103,2,1,1,3,RUE MARYSE BASTIE,48.60301,2.30959
202000004751,26,11,2020,9,1,91,91161,2,1,1,3,AV PIERRE BROSSOLETTE,48.7001,2.3075
202000004752,21,11,2020,14,1,91,91228,2,3,1,3,RUE CLAUDE DEBUSSY,48.62771,2.44703
202000004753,26,11,2020,10,1,82,82121,2,6,1,3,Giratoire Chantilly/Ardus ,44.034268,1.353335
202000004754,17,11,2020,10,1,78,78311,2,3,1,2,JEAN JAURES (BOULEVARD) - COTE PAIR,48.919862,2.191575
202000004755,26,11,2020,13,1,78,78440,2,2,1,3,PAUL CURIEN (RUE),48.993516,1.901554
202000004756,26,11,2020,8,1,78,78638,2,1,5,-1,CHATEAU (RUE DU),49.009207,1.956348
202000004757,22,11,2020,16,1,77,77131,2,6,1,1,D402,48.796846,3.074058
202000004758,25,11,2020,7,5,71,71270,2,1,1,6,SANCE (RUE DE),46.318227,4.8329721
202000004759,25,11,2020,18,5,69,69290,2,2,1,6,JULES FERRY                         (R ),45.6941752,4.9462209
202000004760,26,11,2020,9,1,66,66136,2,1,2,6,KENNEDY (BD JOHN-FITZGERALD),42.6869,2.90646
202000004761,24,11,2020,19,5,66,66136,2,1,1,3,GRANDE BRETAGNE (AVENUE DE),42.6997,2.88935
202000004762,25,11,2020,21,5,64,64024,2,1,1,1,CHEMIN DU BUSQUET,43.4827183,-1.502928
202000004763,26,11,2020,21,5,62,62160,2,1,1,6,DUTERTRE (Rue),50.72692,1.60969
202000004764,21,11,2020,19,5,62,62764,2,9,1,3,MEDIOLANAISE ,50.304922,2.790425
202000004765,26,11,2020,2,5,59,59324,1,1,1,6,VOIE RAPIDE JEUMONT / MAUBEUGE,50.30608,4.08788
202000004766,26,11,2020,18,5,59,59378,2,3,1,3,MARNE AVENUE DE LA,50.6662,3.10345
202000004767,24,11,2020,17,5,56,56121,2,2,1,3,NORMANDIE ( BD ET IMP DE ),47.75754,-3.37157
202000004768,25,11,2020,17,5,54,54304,2,6,1,3,RESISTANCE (AV. DE LA -PAIR-),48.6946,6.1378
202000004769,26,11,2020,9,1,51,51454,2,1,1,2,Avenue de Champagne,49.2208932,4.0220267
202000004770,26,11,2020,9,1,51,51573,2,1,1,4,Rue de l’Egalité,49.2538448,4.0112169
202000004771,25,11,2020,5,3,44,44055,1,1,2,-1,D 47,47.30088,-2.30312
202000004772,19,11,2020,14,1,44,44069,2,1,1,7,Avenue des Noëlles,47.29356,-2.39176
202000004773,26,11,2020,13,1,38,38151,2,6,1,3,Avenue Edmond Esmonin,45.1599,5.721
202000004774,26,11,2020,16,1,37,37214,2,3,1,7,DE GAULLE (BD CHARLES),47.432468,0.6416967
202000004775,26,11,2020,13,1,37,37261,2,2,1,3,MALRAUX (QUAI ANDRE),47.3975081,0.6994522
202000004776,6,11,2020,18,5,36,36063,1,1,1,6,,46.82001,1.7374
202000004777,26,11,2020,7,5,34,34172,2,1,2,6,TANNEURS (QUAI DES),43.61661,3.8741
202000004778,26,11,2020,10,1,31,31555,2,9,1,6,AV DES CHARMETTES,43.5884,1.47627