Num_Acc,jour,mois,an,hr,condition_eclairage,departement,commune,condition_agglomeration,intersection,condition_atmosphere,type_collision,adresse,lattitude,longitude
202000004779,26,11,2020,12,1,30,30028,2,4,1,2,LEON BLUM (AVENUE),44.16384,4.61761
202000004780,25,11,2020,19,3,29,29039,1,2,2,2,D783 - Beuzec,47.88122,-3.90958
202000004781,21,11,2020,10,1,24,24037,1,1,5,1,D709 (Rte de Mussidan),44.8744,0.45521
202000004782,13,11,2020,13,1,22,22278,2,6,1,6,PROUST (MARCEL),48.49763,-2.75179
202000004783,26,11,2020,15,1,18,18279,2,1,1,3,MARS 1962 (AVE DU 19),47.23876,2.09009
202000004784,26,11,2020,8,2,18,18279,2,9,1,3,BRISSON APRES PONT SNCF,47.2282,2.06125
202000004785,26,11,2020,16,1,17,17300,2,2,1,6,COLIGNY   AVENUE,46.15975,-1.1658
202000004786,26,11,2020,8,1,14,14701,1,1,5,7,LE SOLIER (LIEU DIT),49.32853,0.06261
202000004787,12,11,2020,16,1,14,14117,2,2,1,3,ALEXANDRE PIAT (AVENUE),49.28932,-0.11307
202000004788,26,11,2020,11,1,13,13213,2,1,1,6,FRAIS VALLON (AVENUE),43.325437,5.429525
202000004789,26,11,2020,9,1,13,13208,2,1,1,3,ANDRE ZENATTI (AVENUE),43.24587,5.39064
202000004790,25,11,2020,20,5,13,13215,2,1,1,3,SAINT ANTOINE A SAINT JOSEPH (CHEMIN DE),43.36031,5.36388
202000004791,25,11,2020,20,5,13,13205,2,3,1,3,LOUIS ASTRUC (RUE),43.293966,5.395786
202000004792,25,11,2020,19,5,13,13201,2,3,1,3,CANEBIERE     70 A FIN,43.298334,5.383213
202000004793,25,11,2020,8,1,13,13205,2,1,1,2,EUGENE PIERRE (BOULEVARD),43.297182,5.367863
202000004794,24,11,2020,18,5,13,13202,2,2,1,-1,FORBIN (RUE DE),43.30532,5.36942
202000004795,25,11,2020,19,5,13,13001,2,2,1,3,EUROPE (AV),43.52403,5.43339
202000004796,24,11,2020,16,1,12,12202,2,6,1,2,DURAND DEGROS (AVENUE),44.35676,2.58092
202000004797,15,5,2020,2,3,25,25623,1,1,1,6,D20,47.217717,6.42211
202000004798,20,5,2020,3,3,31,31034,1,1,1,6,D52,43.172134,0.897757
202000004799,19,5,2020,19,1,26,26099,1,9,6,3,Route de Montsegur,44.384182,4.89683
202000004800,19,5,2020,16,1,58,58095,2,1,1,3,D978a,46.818153,3.450694
202000004801,19,5,2020,22,3,72,72190,1,1,1,7,route départementale 40,47.909784,0.762863
202000004802,20,5,2020,13,1,06,06071,1,1,7,6,D2202 PR 040+ 010 direction DALUIS,44.044599,6.841221
202000004803,20,5,2020,7,1,06,06132,1,1,1,3,D138,43.981682,7.545597
202000004804,20,5,2020,17,1,50,50178,1,1,1,5,Le Pied Sablon,49.679242,-1.469044
202000004805,13,5,2020,16,1,50,50484,1,1,1,6,Le Grand Chemin St-martin (Saint-Martin-de-Landelles),48.545801,-1.202493
202000004806,19,5,2020,15,1,45,45146,1,1,1,7,75 Route des Boistards,47.741459,1.951586
202000004807,17,5,2020,19,1,21,21127,1,1,1,7,D3B,47.461975,5.085211
202000004808,20,5,2020,12,1,40,40284,2,2,1,1,Avenue d'Aspremont,43.660289,-1.301148
202000004809,20,5,2020,2,5,27,27045,2,1,1,7,12 Route de Sainte Marie,49.337691,1.767017
202000004810,20,5,2020,12,1,27,27383,1,3,7,2,RD 926,48.744113,0.842793
202000004811,18,5,2020,18,1,87,87034,1,1,1,6,D699,45.729664,0.944555
202000004812,19,5,2020,19,1,37,37179,2,1,1,7,Les Boissières,47.4345785,0.7375297
202000004813,19,5,2020,18,1,48,48178,2,1,1,6,Saint-Privat-de-Vallongue,44.278062,3.833885
202000004814,20,5,2020,1,4,52,52194,2,1,1,6,39 rue de la gare,48.582268,5.045369
202000004815,19,5,2020,18,1,52,52250,2,1,1,2,15 Avenue de la Marne,48.447799,5.14195
202000004816,19,5,2020,16,1,52,52092,1,1,1,7,route départementale 20,47.671362,5.139649
202000004817,12,5,2020,16,1,34,34337,2,2,1,3,Boulevard des Salins,43.527747,3.855858
202000004818,12,5,2020,15,1,86,86100,1,1,1,2,Entrée péage Poitiers Sud 30,46.549014,0.289507
202000004819,20,5,2020,9,1,13,13051,1,2,1,3,D17,43.592159,5.254203
202000004820,19,5,2020,18,1,78,78128,1,1,1,1,Rue des Vaux de Cernay,48.675565,1.964166
202000004821,19,5,2020,16,1,83,83112,2,1,2,6,Rue de l'Artuby,43.181523,5.702972
202000004822,20,5,2020,16,1,39,39344,1,1,1,2,,46.728951,5.833699
202000004823,19,5,2020,10,1,25,25284,2,1,1,6,6 Rue des Prés,47.526007,6.827311
202000004824,20,5,2020,7,1,71,71268,1,1,1,6,D270,46.4000116,4.2248356
202000004825,14,5,2020,17,1,68,68294,2,3,1,3,72Rue Maurice Burrus,48.266997,7.203143
202000004826,20,5,2020,7,1,74,74038,1,3,1,3,D190b,46.194615,6.438455
202000004827,19,5,2020,19,1,69,69136,1,1,1,2,route des esses,45.64637,4.746319
202000004828,20,5,2020,15,1,81,81225,2,1,1,3,12 Rue du Grand Galion,43.910094,1.983402
202000004829,20,5,2020,3,3,14,14762,1,1,1,3,D407,48.835813,-0.8627
202000004830,20,5,2020,12,1,35,35047,1,1,7,6,La Pavais,48.039527,-1.726486
202000004831,20,5,2020,7,1,02,02555,1,9,1,3,D11,48.9568899,3.3295105
202000004832,20,5,2020,17,1,62,62810,1,2,1,3,Route de Neuville,50.3556209,2.7894175
202000004833,19,5,2020,16,1,13,13211,1,1,1,2,A50-Sens Marseille vers Aubagne,43.29195,5.45282
202000004834,19,5,2020,10,1,13,13056,1,1,1,3,A55-Sens Martigues vers Marseille,43.393794,5.054912
202000004835,19,5,2020,16,1,69,69290,1,1,1,2,A46S   43.680 A 47.880,45.690561,4.9658736
202000004836,19,5,2020,2,3,69,69091,1,1,1,6,A47,45.5900054,4.7718612
202000004837,16,5,2020,17,1,62,62771,1,1,1,3,AUTOROUTE A21,50.432067,2.856123
202000004838,19,5,2020,15,1,91,91339,1,9,1,4,RN 104,48.62622,2.26113
202000004839,19,5,2020,8,1,91,91689,1,1,1,3,AUTOROUTE A6,48.72883,2.31424
202000004840,19,5,2020,7,1,91,91363,1,1,1,3,RN 104,48.63677,2.20706
202000004841,19,5,2020,6,1,91,91179,1,1,1,7,AUTOROUTE A6,48.55071,2.49424
202000004842,19,5,2020,18,1,95,95018,1,1,1,5, A15,48.95321,2.27945
202000004843,19,5,2020,9,1,95,95607,1,1,1,6,AUTOROUTE A115,49.02628,2.20629
202000004844,18,5,2020,16,1,93,93064,1,1,1,2,AUTOROUTE A86,48.86125,2.48383
202000004845,17,5,2020,23,3,95,95018,1,1,1,2, A15,48.96141,2.26899
202000004846,17,5,2020,16,1,95,95572,1,1,1,2,RN 184,49.04958,2.14076
202000004847,17,5,2020,9,1,92,92036,1,1,1,2,AUTOROUTE A15,48.9466,2.28264
202000004848,16,5,2020,8,1,93,93007,1,1,1,3,AUTOROUTE A3,48.943,2.47776
202000004849,19,5,2020,20,1,94,94018,1,1,1,2,A4,48.8254583,2.3926834
202000004850,19,5,2020,16,1,94,94022,1,1,1,3,A86 EXT,48.7766211,2.4180461
202000004851,25,2,2020,17,1,91,91549,2,1,2,6,PLESSIS (RUE DU),48.631876,2.333657
202000004852,23,2,2020,13,1,80,80021,2,1,2,3,ANDRE DUROUCHEZ (RUE),49.92697,2.2856
202000004853,5,3,2020,18,5,73,73065,2,3,2,6,GRENETTE (PLACE),45.5658597,5.9161748
202000004854,17,1,2020,17,5,05,05061,2,1,3,6,FOREST D'ENTRAIS ( RUE  DU ),44.56581,6.08696
202000004855,13,3,2020,16,1,93,93077,2,9,1,3,FRANKLIN (AVENUE) 1-57; 77-107 et 2-104,48.895202,2.5006325
202000004856,17,5,2020,18,3,974,97416,1,1,1,-1,Chemin KM3,-21.31278,55.49664
202000004857,19,5,2020,0,5,69,69387,2,2,1,5,TONY GARNIER                        (AV),45.72677,4.82693
202000004858,18,5,2020,4,5,972,97213,1,9,1,6,ROUTE DEPARTEMENTALE 3,14.638,-60.9917
202000004859,15,5,2020,15,1,95,95018,2,1,1,6,AVENUE M. UTRILLO,48.940665,2.234484
202000004860,16,5,2020,17,1,91,91377,2,1,1,3,DIVISION LECLERC (RUE DE LA),48.72989,2.27477
202000004861,18,5,2020,16,1,91,91174,2,1,1,1,APPORT PARIS (QUAI),48.62267,2.47252
202000004862,14,5,2020,2,4,91,91339,2,1,1,3,RN 20,48.62275,2.26052
202000004863,13,5,2020,14,1,91,91103,2,6,1,3,CD 19,48.58734,2.30685
202000004864,15,5,2020,16,1,87,87048,2,1,1,6,LIMOGES (AVENUE DE),45.80567,1.23998
202000004865,16,5,2020,15,1,87,87085,2,3,1,6,GAMBETTA (BOULEVARD),45.82857,1.25617
202000004866,16,5,2020,18,1,87,87085,2,1,1,6,MAS-GIGOU (RUE DU),45.85999,1.25693
202000004867,10,3,2020,10,1,83,83118,2,6,1,3,ROND-POINT DE L'ASPÉ,43.43,6.7982
202000004868,18,5,2020,19,1,81,81004,2,1,1,1,CORDES (RTE DE),43.95483,2.1154
202000004869,15,5,2020,19,1,80,80021,2,2,1,3,WATTEAU (RUE),49.91362,2.30265
202000004870,14,5,2020,16,1,80,80021,2,1,1,3,ALSACE LORRAINE (BOULEVARD D'),49.89238,2.31251
202000004871,18,5,2020,14,1,77,77307,1,4,1,3,RD231 RAYMOND POINCARE  (AVENUE),48.8712,2.72932
202000004872,14,5,2020,18,1,76,76640,2,1,1,7,MOULIN. SENTE DU,49.27114,1.04773
202000004873,17,5,2020,19,2,76,76305,2,1,1,7,RENE CANCE,49.50957,0.2332
202000004874,24,4,2020,13,1,76,76217,2,1,1,3,CHANZY (GENERAL),49.91278,1.08296
202000004875,17,5,2020,19,1,73,73222,2,1,1,1,CHAMBERY (AVENUE DE),45.573228,5.956767
202000004876,18,5,2020,17,1,72,72181,2,2,1,3,LEDRU ROLLIN QUAI N° 103 ET plus,48.00689,0.19158
202000004877,17,5,2020,14,1,66,66136,2,3,1,3,JUIN (AVENUE DU MARECHAL),42.68788,2.89843
202000004878,17,5,2020,10,1,63,63113,2,1,1,6,FONTGIEVE (RUE HAUTE),45.7814361,3.0744987
202000004879,15,5,2020,21,2,63,63113,2,1,1,3,FLAUBERT (BD GUSTAVE),45.7644,3.12758
202000004880,25,4,2020,21,5,62,62510,2,1,1,7,PASTEUR (R),50.4320581,2.7633673
202000004881,18,5,2020,0,3,61,61117,1,1,1,6,PONT PERCÉ(RUE DU),48.441462,0.011734
202000004882,17,5,2020,8,1,56,56083,2,2,1,3,FOCH ( PL. MARECHAL ),47.8056,-3.27726
202000004883,17,5,2020,17,1,49,49007,2,1,1,3,MOLIERE PLACE,47.45931,-0.61472
202000004884,16,5,2020,15,1,49,49007,2,1,1,7,VIGNE PLACE ET RUE,47.47488,-0.58521
202000004885,18,5,2020,20,1,45,45234,2,3,1,2,Avenue Roger Secretain,47.87686,1.91178
202000004886,18,5,2020,19,1,44,44109,2,5,1,3,Place de Pirmil,47.19782,-1.54232
202000004887,18,5,2020,21,1,35,35206,2,9,1,2,ROCADE 6-7,48.0804294,-1.6796804
202000004888,18,5,2020,8,2,35,35278,2,6,7,-1,RD 29,48.163413,-1.676006
202000004889,16,5,2020,14,1,31,31555,2,4,1,3,RENAN (RUE ERNEST) DU 19AU 98,43.636042,1.444037
202000004890,14,5,2020,8,1,27,27229,2,3,7,6,BROSSOLETTE (RUE PIERRE),49.020041,1.1595907
202000004891,18,5,2020,15,1,13,13209,2,1,1,3,COL DE LA GINESTE D559,43.24621,5.44573
202000004892,18,5,2020,13,1,13,13208,2,1,1,3,POMPIDOU (PROMENADE),43.264968,5.373383
202000004893,18,5,2020,7,1,13,13206,2,6,1,3,CASTELLANE (PLACE),43.28574,5.38357
202000004894,17,5,2020,21,5,13,13210,2,3,2,3,ROMAIN ROLLAND (BOULEVARD),43.275929,5.417449
202000004895,17,5,2020,17,1,75,75118,2,4,1,3,BOULEVARD PERIPHERIQUE,48.900898,2.355739
202000004896,18,5,2020,14,1,75,75111,2,2,1,6,BOULEVARD DE MENILMONTANT,48.864038,2.385972
202000004897,17,5,2020,0,5,75,75120,2,2,1,3,COURS DE VINCENNES,48.847797,2.406366
202000004898,16,5,2020,18,1,75,75106,2,2,1,3,BOULEVARD RASPAIL,48.851351,2.326869
202000004899,18,5,2020,22,5,75,75105,2,1,1,6,RUE BUFFON,48.841991,2.35909
202000004900,18,5,2020,20,1,75,75120,2,3,1,6,BOULEVARD DAVOUT,48.849062,2.411251
202000004901,17,5,2020,23,5,75,75120,2,1,1,3,RUE DE MENILMONTANT,48.868422,2.388624
202000004902,18,5,2020,20,1,75,75116,2,1,1,3,CHAUSSEE LA MUETTE,48.858309,2.271614
202000004903,18,5,2020,12,1,75,75113,2,2,1,6,RUE DE TOLBIAC,48.827278,2.368518
202000004904,17,5,2020,20,2,75,75113,2,2,1,2,RUE DE TOLBIAC,48.828474,2.372945
202000004905,18,5,2020,17,1,75,75109,2,2,1,3,BOULEVARD HAUSSMANN,48.872378,2.337413
202000004906,18,5,2020,1,5,75,75107,2,3,1,3,QUAI BRANLY,48.857495,2.291026
202000004907,18,5,2020,9,1,75,75102,2,2,1,1,BOULEVARD DE SEBASTOPOL,48.868922,2.354041
202000004908,17,5,2020,20,2,75,75101,2,2,1,2,RUE DU LOUVRE,48.865283,2.343086
202000004909,18,5,2020,18,1,94,94046,2,1,1,6,GENERAL LECLERC (AV DU),48.8094001,2.4340081
202000004910,17,5,2020,21,5,94,94028,2,9,1,6,HALPERN.(AVENUE BERNARD),48.7687461,2.4643793
202000004911,18,5,2020,19,1,94,94067,2,9,1,6,ALPHAND (AV),48.838809,2.41447
202000004912,18,5,2020,15,1,94,94002,2,3,7,3,CARNOT (BD),48.796319,2.4289211
202000004913,18,5,2020,10,1,93,93066,2,1,1,6,GENERAL JOINVILLE,48.9355,2.36829
202000004914,18,5,2020,16,1,93,93077,2,1,1,6,R DE NEUILLY,48.874,2.5294
202000004915,18,5,2020,19,1,93,93048,2,1,1,1,ROSNY (RUE DE),48.8704,2.467
202000004916,17,5,2020,18,1,93,93006,2,1,1,3,FERRY JULES RUE,48.8584,2.4171
202000004917,18,5,2020,19,1,93,93005,2,1,1,6,R JACQUES DUCLOS,48.94764,2.49153
202000004918,17,5,2020,13,1,93,93005,2,1,1,3,MAXIMILIEN ROBESPIERRE (RUE),48.94792,2.50207
202000004919,17,5,2020,18,1,92,92063,2,1,1,3,POMPIDOU (AVENUE DU PRESIDENT),48.8668778,2.2006271
202000004920,17,5,2020,22,1,92,92025,2,2,1,-1,PAUL BERT,48.93116,2.244346
202000004921,18,5,2020,20,1,92,92007,2,3,1,6,FOCH (AVENUE DU MARECHAL) AUTRES NUMEROS,48.788567,2.301153
202000004922,18,5,2020,11,1,41,41271,1,1,1,6,D13,47.471386,1.696658
202000004923,19,5,2020,7,1,49,49127,1,1,1,3,Lieu-dit La Brosse,47.64843,-0.26732
202000004924,19,5,2020,5,1,972,97222,1,1,1,1,Augrain Nord,14.669435,-60.960388
202000004925,18,5,2020,9,1,972,97207,2,1,1,2,Avenue Jean Jaurès,14.574607,-60.966466
202000004926,19,5,2020,13,1,67,67173,1,3,1,1,D31,48.634607,7.675699
202000004927,18,5,2020,21,5,06,06095,2,1,1,1,15 Avenue de Boutiny,43.640722,6.877744
202000004928,7,5,2020,19,1,50,50363,1,1,1,1,La Vatiniere,48.961877,-1.12361
202000004929,19,5,2020,8,1,51,51282,1,1,1,7,D26,49.257351,3.910366
202000004930,19,5,2020,8,1,77,77355,1,1,7,2,D403,48.486014,3.209435
202000004931,18,5,2020,16,1,65,65366,1,3,1,1,36 Route de Pau,43.128455,-0.079144
202000004932,18,5,2020,19,2,11,11351,1,1,1,6,D3,43.082386,2.690751
202000004933,18,5,2020,20,1,61,61483,1,1,1,6,Route de Juvigny sous Andaine,48.561173,-0.433402
202000004934,19,5,2020,10,1,12,12102,1,1,1,7,la Trémolière,44.312518,2.68899
202000004935,17,5,2020,15,1,42,42027,1,1,1,3,Route du Port,45.920724,3.993316
202000004936,18,5,2020,18,1,41,41106,2,1,1,3,38 Rue François Blache,47.608019,2.026218
202000004937,18,5,2020,17,1,29,29212,2,1,1,7,Route de Sainte-anne,48.361179,-4.557355
202000004938,17,5,2020,11,1,29,29135,2,1,1,3,6 Rue du Port,47.833033,-4.168625
202000004939,18,5,2020,12,1,31,31160,1,1,1,7,2291 Route de Grenade,43.708028,1.244373
202000004940,18,5,2020,18,1,84,84002,1,1,1,1,Chemin des Hautes Terres,43.742414,5.510867
202000004941,17,5,2020,9,1,01,01034,2,6,1,6,Rue de l'Amitie,45.755757,5.683805
202000004942,18,5,2020,18,1,70,70284,1,1,7,1,D243,47.825438,6.291845
202000004943,17,5,2020,21,3,70,70258,1,1,1,6,RD6,47.836767,6.439297
202000004944,19,5,2020,8,1,58,58210,1,1,1,6,Le Moulin de la Breuelle,47.14335,3.960861
202000004945,18,5,2020,18,1,72,72029,2,1,1,6,46 Rue Albert Maignan,48.224162,0.129958
202000004946,19,5,2020,19,1,90,90009,2,1,1,6,4 Rue de la Tuilerie,47.492822,6.924292
202000004947,18,5,2020,13,1,60,60509,2,1,1,7,Rue de la Chapelle Saint-jean,49.29192,2.6084483
202000004948,19,5,2020,9,1,60,60655,1,1,1,3,D87,49.5605497,3.091943
202000004949,7,5,2020,10,1,45,45067,2,1,1,6,7 Rue du Genevret,47.881911,1.770231
202000004950,19,5,2020,12,1,73,73043,1,1,1,2,Route d'Annecy,45.7496697,5.9262892
202000004951,18,5,2020,12,1,16,16004,1,1,1,1,Moulin d'Aignes (Aignes-et-Puypéroux),45.447178,0.13867
202000004952,18,5,2020,19,1,53,53084,2,1,1,6,route de rennes,47.850898,-0.958729
202000004953,19,5,2020,7,1,87,87103,1,2,1,3,Carrefour D89 et C13,46.01777,1.163648
202000004954,19,5,2020,18,1,52,52099,2,4,1,3,1 Rue de la Forge Haute,48.611354,5.046682
202000004955,18,5,2020,9,1,33,33199,1,1,1,4,A660,44.61461,-1.09166
202000004956,19,5,2020,13,1,69,69043,2,3,1,3,Rue Jules Chausse,45.709927,4.7445513
202000004957,19,5,2020,16,1,974,97408,1,1,1,6,N1,-20.911715,55.3522
202000004958,19,5,2020,0,3,18,18124,1,1,1,7,D18,47.045651,2.08384
202000004959,19,5,2020,16,1,77,77274,1,2,7,3,RD 38 - RD 401,49.033097,2.896646
202000004960,19,5,2020,17,1,77,77473,2,2,1,1,"11 Rue de la Croix Bonnard - D58, D136, D92 ",48.275939,2.809131
202000004961,19,5,2020,17,1,95,95429,2,1,1,6,15 rue des plantes,49.172428,1.6809
202000004962,18,5,2020,14,1,91,91332,1,6,7,3,D26,48.562521,2.320869
202000004963,17,5,2020,18,1,2A,2A114,1,3,1,6,D859,41.504536,9.141022
202000004964,12,5,2020,19,1,34,34057,2,1,1,3,Avenue de l'Europe,43.633203,3.916977
202000004965,18,5,2020,19,1,04,04148,1,1,2,7,VC Rte de Mousteiret,43.797394,6.631628
202000004966,17,5,2020,15,1,10,10365,1,1,1,7,D7,48.65256,4.009581
202000004967,17,5,2020,15,1,68,68185,1,1,1,-1,D48.1,48.267027,7.291317
202000004968,19,5,2020,9,1,03,03113,1,1,1,-1,2 Route de Thiers,46.0228949,3.6428352
202000004969,16,5,2020,19,1,69,69272,2,1,1,3,5 rue des brosses,45.605984,4.828556
202000004970,18,5,2020,21,3,81,81117,1,1,1,5,D43,43.801084,2.040904
202000004971,19,5,2020,17,1,60,60369,1,1,1,2,D200 en direction de CREIL,49.324954,2.70489
202000004972,18,5,2020,9,1,13,13106,1,1,1,3,A51-Sens Aix en Provence vers Marseille,43.4044,5.3588
202000004973,18,5,2020,15,1,33,33281,1,1,1,2,ROCADE A 630,44.84088,-0.67427
202000004974,17,5,2020,21,2,92,92051,1,1,1,3,RN13,48.8839,2.2634
202000004975,16,5,2020,20,1,78,78217,1,1,1,2,A13,48.965752,1.813265
202000004976,17,5,2020,4,3,93,93010,1,1,1,6,AUTOROUTE A3,48.90412,2.47217
202000004977,17,5,2020,20,2,95,95277,1,1,1,6, A3,48.97095,2.48304
202000004978,16,5,2020,19,1,93,93064,1,1,1,3,AUTOROUTE A86,48.87676,2.47765
202000004979,16,5,2020,17,1,95,95572,1,1,1,6,RN 184,49.04846,2.13451
202000004980,15,5,2020,15,1,93,93066,1,1,1,3,AUTOROUTE A1,48.92991,2.36419
202000004981,18,5,2020,7,1,77,77294,1,1,1,3,A104,48.9612862,2.6181123
202000004982,25,2,2020,15,1,26,26362,2,1,1,6,103 Avenue de Romans,44.93909,4.91427
202000004983,17,5,2020,12,1,69,69387,2,1,1,6,VICTORIEN SARDOU                    (R ),45.7498002,4.8549352
202000004984,17,5,2020,0,5,69,69386,2,2,1,3,MARECHAL DE SAXE                    (R ),45.76021,4.8457
202000004985,17,5,2020,11,1,972,97213,1,1,1,1,ROUTE DEPARTEMENTALE 14,14.63091,-61.00429
202000004986,17,5,2020,18,1,69,69382,2,2,1,3,PASTEUR                             (PT),45.7337379,4.8191336
202000004987,17,5,2020,19,2,2A,2A004,2,1,1,6,BONAPARTE CHARLES  BD,41.9289975,8.7401548
202000004988,17,5,2020,2,5,95,95018,2,1,1,6,56 Rue du Trouillet,48.966298,2.24366
202000004989,17,5,2020,18,1,91,91114,2,6,1,3,WITTLICH (ROND POINT),48.6947,2.5024
202000004990,17,5,2020,5,5,86,86027,2,2,1,3,Rocade Ouest,46.578771,0.3149417
202000004991,17,5,2020,17,1,83,83137,2,1,1,3,STRASBOURG (BD DE ),43.124751,5.933335
202000004992,4,3,2020,8,2,13,13212,1,1,1,6,SARIETTE (TRAVERSE DE LA),43.3058184,5.4488862
202000004993,4,3,2020,7,1,13,13214,2,1,1,3,SAINTE MARTHE (chemin),43.326709,5.387701
202000004994,11,1,2020,21,5,13,13047,2,6,1,7,FELIX GOUIN AVENUE,43.4900369,4.9871874
202000004995,1,4,2020,8,1,12,12202,2,1,1,6,42 Av des Fusilles de Ste Radegonde,44.356438,2.584694
202000004996,4,3,2020,13,1,06,06088,2,1,1,2,PENETRANTE DU PAILLON,43.7412,7.3089
202000004997,4,3,2020,14,1,06,06069,1,9,1,2,Route de Valbonne,43.640166,6.97912
202000004998,4,3,2020,14,1,06,06123,2,1,1,3,VESPINS ROUTE DES,43.65998,7.18875
202000004999,3,3,2020,13,1,06,06027,2,3,1,6,11 NOVEMBRE COURS DU,43.66153,7.15014
202000005000,4,3,2020,16,1,03,03140,1,2,1,3,Route de Villebret,46.3068442,2.6173322
202000005001,4,3,2020,13,1,01,01053,2,1,1,6,JOLIOT CURIE ( BOULEVARD IRENE COTE PAIR,46.20973,5.23201
202000005002,4,3,2020,15,1,75,75116,2,1,1,7,PORTE DE PASSY,48.857246,2.258489
202000005003,26,2,2020,18,2,75,75116,2,4,8,4,BOULEVARD PERIPHERIQUE,48.843953,2.254895
202000005004,4,3,2020,19,5,75,75117,2,3,2,6,AVENUE DE CLICHY,48.888035,2.324618
202000005005,27,2,2020,14,1,75,75116,2,1,6,6,BOULEVARD D AUTEUIL,48.845462,2.253663
202000005006,4,3,2020,10,1,75,75116,2,2,1,3,RUE DE L AMIRAL CLOUE,48.8471306,2.2744113
202000005007,4,3,2020,9,1,75,75116,2,2,1,3,BOULEVARD SUCHET,48.857351,2.264669
202000005008,28,2,2020,21,5,75,75116,2,2,1,3,ALLEE DE LONGCHAMP,48.874926,2.271107
202000005009,4,3,2020,15,1,75,75115,2,3,8,6,RUE DES ENTREPRENEURS,48.8446665,2.2905019
202000005010,4,3,2020,9,1,75,75115,2,2,1,3,PORTE DE SEVRES,48.833651,2.276453
202000005011,4,3,2020,16,1,75,75113,2,7,2,4,AVENUE DE LA PORTE D ITALIE,48.816402,2.360084
202000005012,4,3,2020,9,1,75,75113,2,4,1,6,RUE DE LA GLACIERE,48.831743,2.344387
202000005013,4,3,2020,19,5,75,75111,2,3,2,3,BOULEVARD VOLTAIRE,48.860683,2.3753
202000005014,4,3,2020,9,1,75,75110,2,3,1,2,AVENUE PARMENTIER,48.871702,2.369764
202000005015,4,3,2020,19,5,75,75108,2,2,2,6,BOULEVARD DE COURCELLES,48.88085,2.312549
202000005016,1,3,2020,20,5,94,94076,2,1,1,6,STALINGRAD (AV DE),48.781572,2.367341
202000005017,4,3,2020,2,5,94,94041,2,2,1,6,VERDUN (AV DE),48.815829,2.368286
202000005018,4,3,2020,3,5,94,94002,2,3,1,3,GENERAL CHARLES DE GAULLE (R DU),48.8145,2.4119
202000005019,4,3,2020,8,1,93,93064,2,1,1,3,MONTGOLFIER (RUE J ET E),48.8860637,2.4839383
202000005020,4,3,2020,13,1,93,93051,2,3,1,1,Route de Neuilly,48.84699,2.5403432
202000005021,4,3,2020,12,1,93,93049,2,1,1,6,CAHOUETTES (RUE),48.8632,2.5091
202000005022,4,3,2020,12,1,93,93050,2,9,8,6,AV LEON BLUM,48.86745,2.5324
202000005023,4,3,2020,14,1,93,93048,2,1,8,6,ROUGET DE L'ISLE (BOULEVARD),48.86036,2.43919
202000005024,4,3,2020,13,1,93,93048,2,2,1,3,ERNEST RENAN (AVENUE),48.8561355,2.4607153
202000005025,4,3,2020,19,2,93,93029,2,3,2,6,AV JEAN JAURES / R JACQUELINE QUATREMAIRE,48.9165215,2.4580022
202000005026,4,3,2020,9,1,92,92073,2,1,1,1,SELLIER (BOULEVARD HENRI),48.8668763,2.2211429
202000005027,4,3,2020,17,1,92,92025,2,9,2,3,CHARLES DE GAULLE (BD),48.910245,2.234968
202000005028,4,3,2020,4,5,92,92012,2,1,1,7,ANATOLE FRANCE (BOULEVARD) 5/FIN,48.8504715,2.2371393
202000005029,26,2,2020,22,3,95,95529,1,1,2,2,"A16, PK 38+500",49.168671,2.229087
202000005030,3,3,2020,21,5,95,95205,2,1,1,6,53 Rue de la Libération,49.024279,2.371586
202000005031,5,3,2020,6,2,06,06161,1,5,1,3,D2,43.647141,7.136516
202000005032,4,3,2020,10,1,06,06161,2,9,1,6,3 Avenue Marechal Koenig,43.642428,7.138393
202000005033,28,2,2020,6,5,91,91665,2,2,1,6,Avenue de la Division Leclerc,48.664728,2.277657
202000005034,3,3,2020,17,1,83,83019,2,6,1,2,Avenue Lou Mistraou,43.143023,6.345119
202000005035,5,3,2020,7,2,34,34095,1,1,2,5,D613,43.526771,3.741279
202000005036,5,3,2020,7,2,74,74105,2,1,2,2,104 Avenue de Genève,46.302933,6.292902
202000005037,4,3,2020,23,3,95,95682,1,1,2,6,D9,49.071705,2.396409
202000005038,26,2,2020,17,1,19,19262,1,1,1,1,D16,45.569487,1.750753
202000005039,3,3,2020,18,2,74,74236,2,3,1,6,977 Avenue de Miage,45.88245,6.716278
202000005040,4,3,2020,18,2,76,76367,1,1,3,5,D121,49.486528,1.094674
202000005041,4,3,2020,17,3,2B,2B150,1,1,1,6,T30,42.571769,8.830851
202000005042,5,3,2020,8,1,42,42267,1,3,1,1,Route de Pouilly,46.150844,4.152929
202000005043,28,2,2020,0,3,46,46335,1,1,1,7,RD 656,44.403373,1.282954
202000005044,4,3,2020,11,1,22,22183,2,1,1,6,15 Rue de la Croix Hyava,48.175215,-2.602409
202000005045,5,3,2020,10,1,31,31499,2,6,2,6,92 Avenue du Languedoc,43.511514,1.189495
202000005046,4,3,2020,7,3,31,31341,1,1,2,2,Route des Platanes,43.718231,1.305876
202000005047,4,3,2020,19,3,02,02775,1,1,2,1,D1044,49.726317,3.347687
202000005048,5,3,2020,11,1,03,03275,2,1,3,3,Route d'Autry Issards,46.5394035,3.1856458