Num_Acc,jour,mois,an,hr,condition_eclairage,departement,commune,condition_agglomeration,intersection,condition_atmosphere,type_collision,adresse,lattitude,longitude
202000005049,5,3,2020,7,1,70,70104,2,3,2,3,D185,47.426447,5.83896
202000005050,3,3,2020,14,1,26,26289,2,9,1,3,315 Avenue Georges Coupois,44.69644,5.191062
202000005051,4,3,2020,18,2,14,14278,2,3,2,3,32 Rue Saint-martin,49.169092,-0.576696
202000005052,5,3,2020,4,3,64,64199,1,1,8,7,28 route du vic bilh,43.575836,-0.165975
202000005053,5,3,2020,10,1,85,85047,1,1,2,6,Route de la Roche-sur-yon,46.83216,-1.816649
202000005054,5,3,2020,18,1,30,30083,1,2,1,3,D979,43.72118,4.225144
202000005055,5,3,2020,6,5,08,08067,2,1,2,2,74 Route Nationale,49.625647,5.178352
202000005056,5,3,2020,7,2,33,33108,2,1,2,1,Rue Michel de Montaigne,44.85705,-0.03293
202000005057,4,3,2020,17,1,40,40261,1,1,1,2,A63,43.683096,-1.266904
202000005058,5,3,2020,9,1,69,69225,1,1,2,6,A 89,45.8814655,4.4341573
202000005059,5,3,2020,0,3,971,97103,2,1,1,2,Boulevard des Armees la Jaille,16.254179,-61.566192
202000005060,4,3,2020,19,5,987,98712,2,1,1,6,PK 4.5,-17.542977,-149.503646
202000005061,4,3,2020,20,3,95,95008,1,1,2,2,RD 983,49.062591,1.772876
202000005062,4,3,2020,7,1,06,06147,2,1,1,-1,828 Route de Levens,43.805879,7.268697
202000005063,4,3,2020,15,1,08,08367,1,1,4,2,Chemin du Bochet,49.95151,4.524865
202000005064,4,3,2020,16,1,69,69296,1,1,1,3,Solaize Est,45.6330593,4.8217542
202000005065,2,3,2020,14,1,69,69194,1,1,3,1,2 Avenue Ampère,45.833946,4.793472
202000005066,5,3,2020,13,1,81,81138,1,1,3,7,Cante Gal,43.822158,2.045002
202000005067,4,3,2020,9,1,76,76069,1,1,8,3,D7,49.386391,1.127771
202000005068,4,3,2020,23,3,76,76464,1,1,2,7,D138,49.352875,1.263476
202000005069,5,3,2020,0,3,60,60504,1,1,2,-1,D125,49.3428585,2.2018635
202000005070,4,3,2020,11,1,13,13005,1,1,1,3,Sens Aubagne vers Marseille,43.28821,5.54747
202000005071,4,3,2020,9,1,13,13005,1,1,1,5,A50-Sens Marseille vers Aubagne,43.2897512,5.5563328
202000005072,4,3,2020,8,1,13,13015,1,1,1,2,A515CD-Gardanne vers A51-Marseille,43.43024,5.39627
202000005073,2,3,2020,18,1,83,83137,1,1,1,2,A50 TUNNEL TUBE SUD,43.12132,5.95331
202000005074,3,3,2020,20,3,59,59360,1,1,1,6,AUTOROUTE A25,50.620379,3.011799
202000005075,4,3,2020,13,1,91,91645,1,1,1,7,RN 385 Extèrieure,48.75924,2.2669
202000005076,4,3,2020,11,1,94,94038,1,1,1,2,AUTOROUTE A6A,48.77112,2.34553
202000005077,4,3,2020,9,1,94,94003,1,1,1,2,AUTOROUTE A6A,48.81168,2.337
202000005078,4,3,2020,7,1,91,91363,1,1,1,2,AUTOROUTE A10,48.65897,2.18324
202000005079,4,3,2020,9,1,92,92036,1,1,1,-1,A86,48.9352235,2.2662619
202000005080,4,3,2020,8,1,78,78043,1,1,3,5,A13,48.841297,2.100282
202000005081,4,3,2020,7,1,78,78524,1,1,1,3,A13,48.83995,2.11428
202000005082,3,3,2020,20,3,95,95203,1,1,1,2,RD 170,48.9774,2.28613
202000005083,3,3,2020,18,2,95,95582,1,1,1,4,A15,48.96994,2.25001
202000005084,3,3,2020,13,1,93,93064,1,1,1,7,AUTOROUTE A86,48.87426,2.47921
202000005085,3,3,2020,13,1,95,95604,1,1,1,3, A1,49.10548,2.55131
202000005086,2,3,2020,11,1,92,92078,1,1,2,3,AUTOROUTE A86,48.9293205,2.3292719
202000005087,1,3,2020,19,3,95,95277,1,1,2,6, A104,48.97228,2.48476
202000005088,1,3,2020,12,1,95,95394,1,1,1,7,A115,49.05214,2.1834
202000005089,4,3,2020,6,3,94,94033,1,1,1,6,A86.EXT,48.8295,2.4842
202000005090,4,3,2020,2,3,77,77146,1,1,2,6,A4.Y,48.832323,2.660365
202000005091,1,3,2020,22,3,77,77337,1,1,1,6,RN104,48.8290275,2.618463
202000005092,2,1,2020,12,1,971,97113,2,1,1,7,MONTAUBAN (SECTEUR),16.20819,-61.49983
202000005093,2,1,2020,15,1,13,13210,2,3,1,1,MIREILLE LAUZE (BOULEVARD),43.2832,5.41193
202000005094,3,3,2020,20,5,976,97611,2,1,1,3,m'tsapere-Nationale 2 (route),-12.80485,45.2106
202000005095,3,3,2020,12,1,974,97416,2,6,1,2,PRESIDENT MITTERAND(AVENUE),-21.34717,55.49085
202000005096,2,3,2020,6,1,974,97416,1,1,1,3,RN2 (2),-21.3532,55.51047
202000005097,2,3,2020,19,5,974,97411,1,1,8,6,HUBERT DELISLE (AVENUE),-20.8928,55.4829
202000005098,2,3,2020,8,1,974,97407,2,1,1,5,OWENS JAMES,-20.936942,55.32349
202000005099,3,3,2020,18,1,973,97302,2,1,1,3,BADUEL (ROUTE DE),4.9291089,-52.2964883
202000005100,3,3,2020,8,1,973,97302,2,1,1,3,BADUEL (ROUTE DE),4.9301564,-52.3045778
202000005101,3,3,2020,21,5,69,69383,2,2,1,3,BONNEL (DE)                         (R ),45.76211,4.85186
202000005102,3,3,2020,11,1,69,69387,2,1,1,2,REPOS (DU)                          (R ),45.7480584,4.8473271
202000005103,3,3,2020,12,1,69,69199,1,2,1,3,MARCEL SEMBAT                       (R ),45.71156,4.84433
202000005104,1,3,2020,14,1,69,69259,2,1,1,4,CHARLES DE GAULLE                   (AV),45.7111661,4.9016969
202000005105,3,3,2020,15,1,972,97213,2,1,1,3,NELSON MANDELA,14.6125,-60.9979
202000005106,2,3,2020,20,5,972,97213,1,1,2,3,AUTOROUTE A1,14.60744,-61.00408
202000005107,3,3,2020,16,1,972,97209,2,1,1,7,VICTOIRE EDMOND MARIETTE (RUE),14.6219,-61.058
202000005108,3,3,2020,18,2,69,69385,2,1,1,3,CHOULANS (DE)                       (CH),45.7534,4.819
202000005109,1,3,2020,9,1,69,69381,2,1,1,2,FEUILLEE DE LA                      (PT),45.76651,4.82942
202000005110,29,2,2020,12,1,69,69385,2,1,1,2,JOLIOT CURIE                        (R ),45.754,4.7767
202000005111,2,3,2020,16,1,971,97113,1,1,1,4,RN4 - SECTION RIVIERA,16.21773,-61.4901
202000005112,2,3,2020,13,1,95,95539,2,1,1,5,LUAT  (CHEMIN  DU ),49.0003191,2.3679626
202000005113,3,3,2020,15,1,95,95051,2,1,1,6,JULES CESAR (CHAUSSEE),49.00979,2.19605
202000005114,2,3,2020,20,5,95,95424,2,9,2,6,VICTOR BORDIER(BOULEVARD),48.9951916,2.1926104
202000005115,16,2,2020,19,4,95,95210,2,1,2,6,CEINTURE (AVENUE DE),48.96983,2.30369
202000005116,2,3,2020,14,1,91,91692,2,9,2,6,GUYENNE (AVENUE),48.6782,2.16281
202000005117,21,1,2020,11,1,91,91645,2,6,1,6,ANTONY (RUE D'),48.747485,2.267803
202000005118,2,3,2020,7,2,91,91377,2,2,2,6,PARIS (RUE DE),48.7224,2.2627
202000005119,2,3,2020,10,1,91,91339,2,1,2,6,ROCHES (CHEMIN DES),48.61537,2.24552
202000005120,28,2,2020,21,5,87,87085,2,1,2,6,FEYTIAT (RUE DE),45.81968,1.2855
202000005121,28,2,2020,16,1,87,87065,1,1,2,6,BOISSEUIL (RUE DE),45.79449,1.29738
202000005122,1,3,2020,18,2,85,85194,2,1,1,6,Avenue d'Anjou,46.50153,-1.77771
202000005123,29,2,2020,18,3,85,85194,1,1,2,2,RD 160,46.52792,-1.73545
202000005124,1,3,2020,18,1,85,85191,1,1,1,2,D160,46.68964,-1.3742
202000005125,28,2,2020,18,1,84,84007,2,1,1,6,LYON (route de ),43.9528,4.83095
202000005126,26,2,2020,12,1,83,83126,2,1,6,6,ESTIENNES D'ORVES (AV),43.1098552,5.8774334
202000005127,22,2,2020,9,1,83,83126,2,1,1,6,SELON (CHEMIN DE),43.09425,5.85946
202000005128,28,2,2020,8,1,80,80021,2,1,1,3,PINCEAU (RUE DU),49.88706,2.31616
202000005129,2,3,2020,4,5,79,79300,2,3,3,3,Avenue Emile Zola,46.999146,-0.20625
202000005130,29,2,2020,23,4,78,78335,2,1,1,3,AVENUE J.B COROT,48.992796,1.727044
202000005131,2,3,2020,8,1,76,76540,2,2,1,3,LECANUET. RUE JEAN,49.44467,1.09205
202000005132,28,2,2020,23,3,76,76498,2,1,2,3,VOIE RAPIDE SUD 3 (RN 338),49.431876,1.0590277
202000005133,1,3,2020,7,3,76,76351,2,2,2,7,D138,49.49211,0.12367
202000005134,29,2,2020,14,1,76,76351,2,2,1,2,IRENE JOLIOT CURIE (RUE),49.5224,0.10467
202000005135,21,1,2020,9,1,76,76351,2,2,1,6,LESUEUR (RUE),49.49288,0.12319
202000005136,28,2,2020,12,1,74,74012,2,1,1,6,TOURNELLES (RUE DES),46.1955724,6.2413942
202000005137,3,3,2020,17,1,72,72181,2,1,1,3,BOLLEE (AV) N° PAIRS 224 ET >,47.99749,0.22897
202000005138,1,3,2020,11,1,69,69029,2,1,1,6,GENAS (DE)                          (RO),45.7497,4.9128
202000005139,26,2,2020,18,1,69,69290,2,2,8,3,HENRI GERMAIN                       (AV),45.70841,4.90877
202000005140,3,3,2020,14,1,69,69013,1,3,1,1,RN6 (CHARTONNIERE),46.0106,4.7198
202000005141,28,2,2020,11,1,69,69013,1,9,8,2,RD 43 ,46.0248,4.7061
202000005142,15,2,2020,9,1,69,69264,2,6,1,3,MARTINI JEAN-BAPTISTE  R,45.9826,4.7093
202000005143,2,3,2020,9,1,69,69264,2,3,2,6,BERT PAUL (impasse et rue),45.98978,4.71551
202000005144,27,1,2020,12,1,68,68376,2,1,1,3,REPUBLIQUE (ESPACE DE LA ),47.80553,7.3359
202000005145,28,2,2020,10,1,67,67482,2,1,1,6,ROME (RUE DE),48.5773269,7.7660777
202000005146,26,2,2020,4,5,67,67043,2,1,2,6,BRUMATH (ROUTE DE),48.6173853,7.7318858
202000005147,1,3,2020,19,5,66,66136,2,1,1,2,FRANCE LIBRE (BOULEVARD DE LA),42.7042,2.89732
202000005148,2,3,2020,17,1,64,64348,2,1,2,5,ERCKMAN CHATRIAN,43.327745,-0.393596
202000005149,2,3,2020,9,1,64,64445,2,1,2,3,LEON BLUM,43.32513,-0.32501
202000005150,28,2,2020,19,5,64,64335,2,1,1,6,ANDRE MARIE AMPERE,43.31757,-0.4319
202000005151,3,3,2020,0,5,64,64024,2,9,2,7,BAYONNE (AVENUE DE),43.48531,-1.50155
202000005152,29,2,2020,21,5,63,63113,2,2,1,3,COTTAGES (AVENUE DES),45.76494,3.0792
202000005153,29,2,2020,20,5,63,63113,2,5,1,3,FLAUBERT (BD GUSTAVE),45.76415,3.12593
202000005154,8,2,2020,20,5,62,62386,2,2,2,3,VICTOIRE (R DE LA),50.45621,2.74443
202000005155,2,3,2020,20,5,59,59599,2,3,8,6,JUIN (RUE DU MARECHAL),50.7374142,3.182905
202000005156,3,3,2020,21,5,59,59512,2,2,1,3,GAND (QUAI DE),50.70571,3.17026
202000005157,28,2,2020,20,5,59,59350,2,9,2,6,DE COUBERTIN PIERRE BOULEVARD,50.64777,3.06878
202000005158,7,2,2020,10,1,59,59457,2,7,1,3,DE GAULLE PLACE DU GENERAL,50.66834,2.97322
202000005159,28,2,2020,15,1,59,59486,2,1,2,2,BAILLON (RUE DE),50.4164,3.14309
202000005160,2,3,2020,18,1,56,56098,2,6,1,3,MITTERAND ( AV. FRANCOIS ),47.76572,-3.32924
202000005161,29,1,2020,16,1,54,54184,2,1,2,6,BRIGACHTAL (AVENUE DE),48.701215,6.225109
202000005162,4,3,2020,1,5,51,51454,2,2,1,3,Rue Gustave Laurent,49.2545747,4.0482399
202000005163,15,2,2020,12,1,50,50647,2,1,1,6,EUROPE (AVENUE DE L'),48.83855,-1.56044
202000005164,2,3,2020,7,2,50,50129,1,1,2,3,FERRY (RUE JULES),49.61296,-1.65051
202000005165,28,2,2020,12,2,50,50129,2,3,2,5,ABBAYE (RUE DE L'),49.64518,-1.63678
202000005166,29,2,2020,20,5,49,49328,2,6,2,3,MUSEE DU MOTEUR (ROND-POINT DU),47.24559,-0.08123
202000005167,1,3,2020,15,1,49,49007,2,1,6,-1,MILLOT BOULEVARD JACQUES,47.45281,-0.54061
202000005168,29,2,2020,18,2,49,49007,2,1,6,3,CHAPTAL,47.4743,-0.53057
202000005169,28,2,2020,19,5,49,49007,2,1,2,3,PYRAMIDE ROUTE,47.45265,-0.52416
202000005170,25,2,2020,13,1,49,49007,2,1,1,6,HUGO,47.4791268,-0.5373109
202000005171,22,2,2020,2,3,49,49007,2,1,1,6,MONTESQUIEU PASSAGE,47.4728175,-0.5834404
202000005172,3,3,2020,17,1,45,45147,1,9,1,2,D2060-PR97+650,47.94139,1.90924
202000005173,3,3,2020,11,1,45,45169,2,1,1,6,Rue de la Justice,47.9274848,1.8404197
202000005174,3,3,2020,8,1,45,45234,2,2,1,3,Boulevard Marie Stuart-Rue d'Ambert,47.908499,1.938271
202000005175,28,2,2020,19,5,45,45232,2,3,1,3,Av de Verdun-Av R Secrétain,47.868337,1.912208
202000005176,13,2,2020,9,1,45,45075,1,1,2,7,D2152 - PR 66+350,47.8836417,1.820839
202000005177,2,3,2020,15,1,45,45208,2,1,2,6,RTE FORESTIERE  DES SEPT FRERES,48.0117,2.74858
202000005178,2,3,2020,2,3,45,45004,1,1,1,6,D2060 - PR 25+390,47.9928255,2.7787401
202000005179,29,2,2020,23,5,45,45338,2,2,1,6,R J JAURES - R DU G DE SALLES,47.9972155,2.7126329
202000005180,9,1,2020,13,1,44,44109,2,6,2,6,RUE HENRI PICHERIT,47.25252,-1.55333
202000005181,22,2,2020,23,5,42,42270,1,1,1,1,Route des Gorges,45.3975043,4.2359155
202000005182,29,2,2020,13,1,39,39198,2,2,6,3,Carrefour Bd Wilson / Av. de la Paix,47.097049,5.494695
202000005183,17,9,2020,12,1,973,97302,2,1,1,6,RABAN (ROUTE DE),4.9345176,-52.3139763
202000005184,17,9,2020,7,1,973,97302,2,1,1,3,CABASSOU (ROUTE DE),4.9174,-52.31274
202000005185,16,9,2020,12,1,973,97302,2,2,1,5,CABASSOU (ROUTE DE),4.91926,-52.31758
202000005186,17,9,2020,14,1,69,69386,2,2,1,3,GARIBALDI                           (R ),45.7666228,4.8508897
202000005187,17,9,2020,6,5,69,69383,2,1,1,7,VICTOR AUGAGNEUR                    (QU),45.7598104,4.8410164
202000005188,16,9,2020,7,1,972,97209,1,3,1,3,REDOUTE (ROUTE DE LA),14.6153,-61.062
202000005189,17,9,2020,18,1,69,69384,2,3,1,3,HENON                               (R ),45.77959,4.82356
202000005190,17,9,2020,17,1,69,69389,2,1,1,3,PROFESSEUR GUERIN (DU)              (R ),45.7654333,4.8006162
202000005191,17,9,2020,10,1,69,69034,2,1,1,3,Rue Coste,45.78875,4.83499
202000005192,16,9,2020,19,1,69,69389,2,1,1,3,DOCTEUR HORAND (DU)                 (R ),45.77292,4.80124
202000005193,17,9,2020,13,1,2A,2A004,2,1,1,2,CALVI  ROUTE,41.9534768,8.7839507
202000005194,17,9,2020,13,1,2A,2A004,2,1,1,7,PARIS AVENUE,41.918387,8.7355589
202000005195,16,9,2020,10,1,95,95197,2,1,1,3,SAINT-DENIS (ROUTE),48.965321,2.319798
202000005196,17,9,2020,19,1,95,95257,2,2,1,3,VILLE DE PARIS(RUE DE LA),48.982614,2.175173
202000005197,17,9,2020,23,3,91,91421,1,1,1,7,NATIONALE 6 (PARTIE FORET),48.68868,2.48109
202000005198,17,9,2020,10,1,91,91421,2,9,1,6,CORBEIL (ROUTE DE),48.7112,2.44233
202000005199,17,9,2020,10,1,91,91027,2,2,7,3,CONCORDE (RUE DE LA),48.69943,2.36181
202000005200,16,9,2020,20,5,87,87085,2,1,1,6,254 Avenue Maréchal de Lattre de Tassigny,45.8269701,1.2855318
202000005201,15,9,2020,20,5,84,84007,2,3,1,3,128 (Route Nationale)-MONTFAVET,43.94078,4.8273
202000005202,16,9,2020,8,1,82,82121,1,6,1,3,giratoire marc DAUTRY,44.0273,1.32573
202000005203,14,9,2020,13,1,80,80021,2,1,1,3,JULES VALLES (AVENUE),49.91568,2.24727
202000005204,16,9,2020,8,1,78,78396,2,3,1,3,AVENUE DE POISSY,48.94243,2.12333
202000005205,16,9,2020,17,1,77,77053,2,1,1,6,JEAN JAURES (BOULEVARD) - D50,48.69263,2.608
202000005206,17,9,2020,21,5,77,77445,2,6,1,6,MENDES-FRANCE (AVENUE PIERRE) / D50,48.59495,2.56551
202000005207,17,9,2020,8,1,77,77468,2,1,1,4,NOISIEL (ROUTE DE),48.8566006,2.6385748
202000005208,17,9,2020,17,1,77,77186,1,2,1,3,RD606. de la rochette à l'obélisque,48.4811958,2.6692174
202000005209,11,8,2020,17,1,77,77186,2,1,1,4,D606,48.41148,2.69509
202000005210,17,9,2020,17,1,74,74012,2,9,1,6,COMMERCE (RUE DU),46.19411,6.23522
202000005211,17,9,2020,18,1,72,72181,2,3,1,6,RUAUDIN (RUE) N° IMP 1 A 67,47.9803,0.21659
202000005212,11,9,2020,16,1,69,69091,2,1,1,4,JEAN LIGONNET ( R ),45.59179,4.77036
202000005213,15,9,2020,20,5,67,67482,2,1,1,3,SALLUSTE (RUE),48.5840708,7.6934642
202000005214,17,9,2020,7,1,66,66136,2,1,1,3,PYRENEES (BOULEVARD DES),42.69535,2.88882
202000005215,10,9,2020,9,1,65,65286,2,1,1,6,MARANSIN (CHAUSSEE),43.09849,-0.045543
202000005216,16,9,2020,15,1,64,64445,2,1,1,3,ALSACE LORRAINE D',43.30293,-0.36231
202000005217,16,9,2020,11,1,64,64445,2,1,1,1,MARCA,43.29433,-0.37724
202000005218,16,9,2020,6,5,64,64122,2,1,1,7,DASSAULT MARCEL (BD),43.45486,-1.55283
202000005219,17,9,2020,19,2,59,59599,2,6,1,6,FRANCS (RUE DES),50.7181,3.1408
202000005220,17,9,2020,14,1,59,59295,2,1,1,6,AVENUE DES FLANDRES,50.73144,2.52906
202000005221,17,9,2020,1,3,54,54451,1,1,1,-1,route nationale 52,49.5148,5.749
202000005222,17,9,2020,17,1,45,45234,1,1,1,1,avenue Gaston Galloux,47.8625183,1.9366908
202000005223,17,9,2020,15,1,45,45234,2,2,1,3, Rue Eugene Vignat-Boulevard Guy - Marie Riobe,47.912859,1.912513
202000005224,13,9,2020,9,1,44,44109,2,1,7,3,Route de Carquefou,47.26615,-1.51389
202000005225,17,9,2020,13,1,35,35281,2,1,1,6,MERMOZ (BOULEVARD JEAN),48.09361,-1.70094
202000005226,17,9,2020,18,1,34,34172,2,3,1,3,CLEMENT ST,43.6163,3.8468
202000005227,17,9,2020,8,1,34,34172,2,1,1,3,CROIX DE LAVIT (RUE DE LA),43.64095,3.83752
202000005228,16,9,2020,16,1,31,31555,2,1,1,3,RTE DE SAINT SIMON,43.59073,1.41767
202000005229,16,9,2020,20,5,30,30189,2,2,1,3,CASERNETTE (RUE),43.8305,4.3539
202000005230,16,9,2020,17,1,28,28134,2,1,1,2,ARC (BD JEANNE D'),48.74238,1.34665
202000005231,16,9,2020,20,3,27,27375,2,1,1,-1,CHAMP DE VILLE (PLACE DU),49.2097,1.1631
202000005232,14,9,2020,15,1,22,22278,2,1,1,3,HOCHE (BD),48.50523,-2.76956
202000005233,16,9,2020,21,3,18,18255,1,1,1,2,N151,47.03278,2.31306
202000005234,17,9,2020,20,5,17,17300,2,1,1,2,ONZE NOVEMBRE 1918   AVENUE DU,46.1734,-1.15049
202000005235,15,9,2020,10,1,17,17274,1,1,1,4,D108,46.16057,-1.08195
202000005236,17,9,2020,19,2,13,13209,2,1,1,7,COL DE LA GINESTE D559,43.2398,5.4517
202000005237,17,9,2020,15,1,13,13205,2,2,1,3,SAKAKINI (BOULEVARD),43.29242,5.40118
202000005238,17,9,2020,15,1,13,13210,2,2,1,3,RABATAU (BOULEVARD),43.279355,5.399238
202000005239,17,9,2020,15,1,13,13209,2,1,1,2,GOUFFONNE (TRAVERSE DE LA),43.24668,5.41302
202000005240,17,9,2020,8,1,13,13203,2,4,1,7,GÉNÉRAL LECLERC (RUE),43.3044599,5.3759287
202000005241,16,9,2020,0,5,13,13208,2,1,1,-1,RABATAU (BOULEVARD),43.275641,5.396269
202000005242,17,9,2020,11,1,13,13005,2,9,1,3,CAMP DE SARLIER ROUTE DE GEMENOS,43.29293,5.58966
202000005243,16,9,2020,16,1,13,13005,2,1,1,3,NATIONALE 8 DE PARIS A TOULON (ROUTE),43.28475,5.5506
202000005244,17,9,2020,13,1,12,12145,2,6,1,3,DE GAULLE CHARLES (AVENUE),44.11632,3.06702
202000005245,17,9,2020,6,5,06,06027,2,1,1,7,BIR HAKEIM RUE,43.657,7.15265
202000005246,16,9,2020,6,2,05,05061,2,6,1,3,BELLE AUREILLE (RUE DE),44.53449,6.05095
202000005247,15,9,2020,12,1,04,04070,2,3,1,3,Inter Av Cuzin / Rue Jules et Alexandre Arnoux,44.0883963,6.2316238
202000005248,16,9,2020,17,1,03,03211,1,6,1,6,Route de l’Hermitage,46.3249625,2.5592563
202000005249,16,9,2020,12,1,01,01289,2,2,1,6,LYON ( AVE DE) A PARTIR,46.19185,5.21238
202000005250,17,9,2020,8,1,75,75116,2,1,1,4,BOULEVARD PERIPHERIQUE,48.867412,2.269163
202000005251,16,9,2020,8,1,75,75113,2,1,1,2,PORTE D IVRY,48.826635,2.388995
202000005252,17,9,2020,11,1,75,75116,2,2,1,6,BOULEVARD MURAT,48.845347,2.257547
202000005253,17,9,2020,13,1,75,75105,2,2,1,3,RUE GAY LUSSAC,48.846091,2.341152
202000005254,17,9,2020,18,1,75,75119,2,1,1,2,AVENUE DE FLANDRE,48.889934,2.375695
202000005255,17,9,2020,16,1,75,75119,2,1,1,7,RUE ALPHONSE KARR,48.894843,2.380758
202000005256,16,9,2020,22,5,75,75119,2,1,1,1,AVENUE DE LA PORTE DE LA VILLETTE,48.898821,2.386811
202000005257,17,9,2020,8,1,75,75117,2,1,1,7,BOULEVARD MALESHERBES,48.884973,2.307509
202000005258,16,9,2020,12,1,75,75117,2,7,1,3,PLACE DU MARECHAL JUIN,48.88458,2.297651
202000005259,17,9,2020,10,1,75,75116,2,2,1,2,AVENUE D IENA,48.869548,2.29574
202000005260,15,9,2020,22,3,75,75116,2,3,1,2,AVENUE DE NEW YORK,48.858816,2.289003
202000005261,17,9,2020,18,1,75,75115,2,1,1,7,BOULEVARD DE GRENELLE,48.853886,2.289562
202000005262,17,9,2020,16,1,75,75115,2,1,1,2,RUE DESNOUETTES,48.83579,2.286816
202000005263,16,9,2020,19,2,75,75115,2,1,1,6,RUE LOUIS ARMAND,48.832984,2.278113
202000005264,16,9,2020,15,1,75,75114,2,2,1,6,RUE ALAIN,48.83553,2.315428
202000005265,16,9,2020,9,1,75,75114,2,4,1,6,AVENUE DU MAINE,48.834083,2.324321
202000005266,17,9,2020,17,1,75,75113,2,2,1,3,AVENUE D ITALIE,48.822198,2.358534
202000005267,17,9,2020,16,1,75,75111,2,2,1,3,AVENUE DE LA REPUBLIQUE,48.866348,2.368855
202000005268,16,9,2020,23,5,75,75109,2,1,1,3,RUE DES MARTYRS,48.877095,2.339325
202000005269,17,9,2020,18,1,75,75108,2,3,1,6,RUE DE CONSTANTINOPLE,48.880131,2.319965
202000005270,17,9,2020,13,1,75,75108,2,7,1,3,RUE ROYALE,48.866667,2.322023
202000005271,17,9,2020,9,1,75,75108,2,1,1,2,RUE JEAN MERMOZ,48.871609,2.312097
202000005272,16,9,2020,13,1,75,75108,2,3,1,6,AVENUE DES CHAMPS ELYSEES,48.871482,2.302502
202000005273,17,9,2020,11,1,75,75107,2,2,1,3,QUAI D ORSAY,48.862828,2.313461
202000005274,17,9,2020,18,1,75,75104,2,3,1,3,BOULEVARD DE SEBASTOPOL,48.858733,2.348347
202000005275,17,9,2020,10,1,75,75104,2,3,1,6,RUE SAINT ANTOINE,48.855062,2.36168
202000005276,17,9,2020,12,1,94,94081,2,1,1,6,ANATOLE FRANCE (AV),48.80184,2.40292
202000005277,17,9,2020,18,1,94,94068,2,3,1,6,VICTORIA (AV),48.797926,2.496022
202000005278,17,9,2020,13,1,94,94046,2,1,1,6,DIX HUIT JUIN 1940 (R DU),48.802935,2.442162
202000005279,16,9,2020,10,1,94,94041,2,2,1,3,JEAN LE GALLEU (R),48.81061,2.38
202000005280,17,9,2020,17,1,94,94028,2,1,1,5,CHOISY(ROUTE DE),48.78374,2.44744
202000005281,17,9,2020,10,1,94,94001,2,2,1,3,SIMON (R),48.72548,2.42327
202000005282,17,9,2020,8,1,94,94077,2,2,1,3,REPUBLIQUE (AV DE LA),48.73209,2.40985
202000005283,17,9,2020,22,5,94,94060,2,1,1,7,GEORGES POMPIDOU (AV),48.79297,2.56732
202000005284,17,9,2020,8,1,94,94053,2,2,1,1,D'ESTIENNE D'ORVES (R),48.777268,2.545104
202000005285,16,9,2020,10,1,94,94019,2,1,1,3,RABELAIS (R),48.8028,2.5524
202000005286,17,9,2020,12,1,94,94004,2,1,1,1,GENERAL LECLERC (AV DU),48.75621,2.50453
202000005287,17,9,2020,16,1,93,93073,2,1,1,4,PETITS PONTS (ROUTE DES),48.96443,2.56597
202000005288,17,9,2020,18,1,93,93059,2,1,1,6,LENINE (AVENUE) N°36 AU 120 ET N°45 AU 1,48.9606317,2.3587883
202000005289,15,9,2020,21,5,93,93070,2,1,1,3,ALBERT-DHALENNE (RUE),48.9152205,2.3314315
202000005290,17,9,2020,17,1,93,93066,2,2,1,3,BD ANATOLE FRANCE / BD JEAN JAURES,48.91526,2.33773
202000005291,17,9,2020,4,5,93,93077,2,9,1,6,AV DU RAINCY,48.88947,2.51122
202000005292,17,9,2020,21,5,93,93051,2,1,1,6,ROUGET DE LISLE,48.84175,2.55729
202000005293,17,9,2020,15,1,93,93031,2,1,1,6,R DE PARIS,48.95383,2.31109
202000005294,16,9,2020,18,1,93,93029,2,1,1,-1,AV HENRI BARBUSSE N°2-124,48.91832,2.4482
202000005295,17,9,2020,5,5,93,93014,2,2,1,3,COTEAU (AVENUE DU),48.91457,2.54581
202000005296,16,9,2020,23,5,93,93057,2,1,1,6,AV ARISTIDE BRIAND,48.90967,2.50611
202000005297,17,9,2020,10,1,93,93001,2,1,1,6,DANIELLE CASANOVA (RUE)  56 =>,48.9186143,2.3921135
202000005298,28,8,2020,17,1,92,92062,2,9,1,5,PUTEAUX (PONT DE),48.8774,2.244
202000005299,17,9,2020,16,1,92,92035,2,1,1,6,Aigle ( rue de l' ),48.9096769,2.2526184
202000005300,17,9,2020,15,1,92,92062,2,1,1,7,DELARIVIERE LEFOULLON (RUE),48.8881124,2.2426921
202000005301,16,9,2020,18,1,92,92025,2,2,1,3,PAUL BERT (RUE),48.92738,2.24702
202000005302,17,9,2020,11,1,92,92024,2,2,1,3,GENERAL LECLERC (BD DU) (9 A 59)   (4 A,48.9013219,2.3152349
202000005303,10,6,2020,12,1,92,92004,2,1,1,3,LAURENT-CELY  ( AVENUE ),48.91547,2.30892
202000005304,17,9,2020,7,1,01,01381,1,1,1,6,Chemin de Camet,46.039608,5.13201
202000005305,18,9,2020,14,1,62,62229,1,1,1,3,D928,50.662853,2.187363
202000005306,15,9,2020,11,1,67,67061,2,1,1,6,1 Rue du 22 Novembre,48.8244357,7.4802247
202000005307,17,9,2020,16,1,973,97353,2,1,1,3,lucien vochel,3.6442931,-54.0330577
202000005308,15,8,2020,3,5,40,40065,2,1,1,6,Quai du Bourret,43.653986,-1.434842
202000005309,18,9,2020,9,1,974,97401,2,3,1,6,Chemin Kerbel,-21.240249,55.333461
202000005310,18,9,2020,7,1,83,83086,2,1,1,6,Chemin de Barnafé,43.468988,6.554552
202000005311,18,9,2020,13,1,63,63020,1,1,1,6,D2089,45.6908007,2.9251226
202000005312,17,9,2020,8,2,01,01166,2,2,1,3,Route des Sorbiers,45.99152,4.773377