Num_Acc,jour,mois,an,hr,condition_eclairage,departement,commune,condition_agglomeration,intersection,condition_atmosphere,type_collision,adresse,lattitude,longitude
202000005313,18,9,2020,8,1,83,83019,2,1,1,3,Route de Bénat,43.1376049,6.3505425
202000005314,17,9,2020,11,1,50,50523,1,1,1,-1,Sainte-Mère-Église,49.39141,-1.304476
202000005315,18,9,2020,17,1,62,62465,2,1,1,3,18 Rue de la Basèque,50.185699,2.5705
202000005316,18,9,2020,17,1,67,67434,1,1,1,6,D8,48.9444873,7.1174096
202000005317,18,9,2020,13,1,81,81063,2,6,1,3,Départementale 1,43.9389141,2.0779455
202000005318,18,9,2020,9,1,42,42278,2,1,1,6,Route du Sauzet,45.795301,3.815976
202000005319,12,9,2020,9,1,44,44154,2,6,1,3,39 Rue de Pornic,47.244793,-2.162182
202000005320,18,8,2020,2,3,29,29215,2,4,1,6,Prat Meur,47.9780427,-4.4478377
202000005321,16,9,2020,19,2,31,31390,2,1,1,2,Avenue du Nord,43.0879,0.565968
202000005322,18,9,2020,18,1,38,38384,1,6,1,3,D154D,45.355372,5.335906
202000005323,17,9,2020,11,1,38,38457,2,1,1,6,Rue des Rogations,45.330007,5.244784
202000005324,17,9,2020,18,1,15,15187,2,1,1,1,Avenue du Sailhant,45.041364,3.082674
202000005325,18,9,2020,17,1,15,15175,1,1,1,5,D922,45.027459,2.449597
202000005326,17,9,2020,22,3,01,01428,1,2,1,1,D75,46.110835,4.860871
202000005327,17,9,2020,14,1,72,72006,2,1,1,6,D338,48.398189,0.087741
202000005328,18,9,2020,9,1,60,60062,1,3,1,3,RD 130,49.660808,3.071516
202000005329,17,9,2020,6,2,60,60641,1,1,1,3,D130,49.472307,2.97545
202000005330,18,9,2020,0,3,64,64451,1,1,1,7,D202,43.336939,-0.057442
202000005331,17,9,2020,15,1,43,43039,2,1,1,3,RN88,44.945734,3.847618
202000005332,18,9,2020,9,1,10,10033,2,1,1,6,14 Boulevard Gambetta,48.234131,4.710176
202000005333,17,9,2020,18,2,16,16393,1,1,1,7,Route de Fonciron à Coursac,45.742311,0.111344
202000005334,10,9,2020,15,1,37,37281,2,2,1,3,Avenue Maginot,47.4119763,0.7990997
202000005335,30,8,2020,22,5,08,08327,2,3,2,3,Rue Paul Vaillant Couturier,49.70443,4.794449
202000005336,11,9,2020,11,1,24,24274,1,1,1,1,D107,44.773063,0.471565
202000005337,18,9,2020,8,1,95,95392,2,1,1,6,4 Ruelle de la Gare,49.0776306,2.2047329
202000005338,18,9,2020,10,1,31,31341,1,1,1,1,"RD 2, PK 005.955",43.745526,1.307443
202000005339,18,9,2020,10,1,74,74010,1,3,7,1,Chemin de Chateau - Vieux,45.874335,6.08443
202000005340,14,8,2020,21,5,976,97601,2,1,1,1,Rue Boira Soilihi,-12.722134,45.055756
202000005341,17,9,2020,19,3,13,13068,2,1,1,6,57 Avenue de la Vallée des Baux,43.720495,4.785502
202000005342,18,8,2020,7,1,28,28392,1,1,1,6,A10 PK 061+800 sens PROVINCE PARIS,48.228847,1.848278
202000005343,17,9,2020,22,3,988,98829,1,3,1,6,RP4/VU56,-21.63534,166.20185
202000005344,17,9,2020,22,5,971,97119,1,1,1,1,12 Rue de Balin,16.369629,-61.453689
202000005345,17,9,2020,9,1,978,97801,2,1,1,6,rue de Hollande - Marigot,18.072125,-63.081109
202000005346,17,9,2020,9,1,91,91249,1,3,1,3,D97,48.629388,2.066878
202000005347,18,9,2020,8,1,78,78120,2,1,1,5,474 Rue du Chat Noir,48.623488,1.98845
202000005348,16,9,2020,17,1,84,84147,1,1,1,5,chemin des plaines,43.698007,5.447717
202000005349,17,9,2020,17,1,83,83143,1,1,1,1,D22,43.453955,6.094494
202000005350,18,9,2020,15,1,04,04148,1,1,1,7,RD 4085,43.8151429,6.5929695
202000005351,18,9,2020,17,1,39,39210,1,1,1,7,Route Forestière de la Vieille Fresse,46.759682,5.953157
202000005352,18,9,2020,15,1,54,54364,1,1,1,5,D331,48.6006933,6.1262512
202000005353,18,9,2020,12,1,38,38344,1,3,1,2,Roue d'Auberives,45.3924218,4.8294143
202000005354,18,9,2020,19,2,69,69019,2,9,1,3,Rue Saint-exupéry (Belleville)/entrée parking INTERMARCHÉ,46.104278,4.747735
202000005355,18,9,2020,8,2,69,69089,2,1,1,4,75 Grande Rue,45.736092,4.765459
202000005356,17,9,2020,21,3,09,09150,1,1,1,7,D7,43.055789,1.923648
202000005357,30,8,2020,7,2,19,19203,1,9,1,6,D940,45.184873,1.762018
202000005358,15,9,2020,17,1,53,53001,1,1,1,3,D545,48.019977,-0.876868
202000005359,17,9,2020,11,1,49,49332,2,3,1,3,3 Allée des Pinsons,47.0622,-0.935104
202000005360,18,9,2020,10,1,22,22173,1,2,1,6,le val,48.54535,-2.595767
202000005361,16,8,2020,5,3,35,35037,1,9,9,6,Le Grand Pont,48.065976,-1.856906
202000005362,16,9,2020,13,1,60,60325,2,1,1,6,Rue Charles Ladame,49.378538,2.770542
202000005363,16,8,2020,11,1,60,60041,2,8,3,7,D12,49.3927519,2.2073582
202000005364,18,9,2020,10,1,80,80561,2,1,1,6,12 Rue de Roye,49.648278,2.5808
202000005365,17,9,2020,16,1,59,59053,1,1,1,2,D649,50.2969984,3.820334
202000005366,15,9,2020,22,3,59,59618,1,9,1,7,Rue de Marpent,50.320176,4.05211
202000005367,16,9,2020,19,5,13,13202,2,1,1,4,Tunnel Joliette Marseille vers Aubagne,43.30662,5.36583
202000005368,17,9,2020,9,1,13,13207,1,1,1,2,Tunnel Prado Carénage,43.296487,5.362849
202000005369,17,9,2020,6,3,13,13071,1,1,1,7,A5502D-Sens Marseille vers A55-Martigues,43.40463,5.3036
202000005370,12,9,2020,4,3,69,69297,1,9,1,4,A7   15.770 A 20.110,45.6209703,4.8132045
202000005371,17,9,2020,8,1,67,67218,1,1,1,3,BRETELLE SORTIE,48.5471547,7.7268015
202000005372,17,9,2020,19,1,91,91340,1,1,1,2,RN 104,48.60889,2.43878
202000005373,17,9,2020,16,1,91,91340,1,1,1,2,RN 104,48.60826,2.4455
202000005374,17,9,2020,15,1,94,94034,1,1,1,4,AUTOROUTE A6A,48.74428,2.32429
202000005375,17,9,2020,15,1,92,92050,1,1,1,6,A86,48.90113,2.202127
202000005376,17,9,2020,8,1,78,78423,1,1,1,2,RN12,48.79476,2.048471
202000005377,17,6,2020,19,1,27,27065,1,1,1,6,A13,49.319646,0.316415
202000005378,22,6,2020,7,1,51,51212,1,1,1,2,A26,48.7776744,4.2592645
202000005379,21,6,2020,0,3,987,98739,1,1,1,1,RT 322,-23.868998,-147.675272
202000005380,20,6,2020,17,1,987,98729,1,1,1,2,PK 13+200 Pihaena,-17.533189,-149.838611
202000005381,22,6,2020,13,5,974,97408,2,1,1,1,Rue Saint Louis,-20.9592755,55.3277117
202000005382,21,6,2020,19,1,77,77168,2,2,1,3,38 Rue des Fossés - D69A,48.176882,2.873107
202000005383,22,6,2020,16,1,77,77388,2,1,1,6,Rue du 8 Mai 1945 - D402,48.963518,3.154963
202000005384,21,6,2020,14,1,2B,2B265,1,1,1,2,Rd82,42.594638,9.368935
202000005385,22,6,2020,17,1,34,34157,2,9,1,3,51 Chemin du Ceinturon,43.436865,3.589917
202000005386,21,6,2020,18,1,34,34023,2,2,1,3,Rd 2 - route de Sete,43.443401,3.696706
202000005387,21,6,2020,14,1,06,06057,1,1,1,1,140 Route du Col de Nice,43.829593,7.350637
202000005388,21,6,2020,18,1,13,13041,1,3,1,3,D58a,43.44536,5.457652
202000005389,21,6,2020,17,1,71,71074,2,1,1,6,277 Rue Savy le Haut,46.2543035,4.7654536
202000005390,19,6,2020,18,1,21,21370,2,1,1,3,3 Rue du Moulin,47.2764792,5.1723965
202000005391,22,6,2020,11,1,68,68116,1,1,1,2,D83,47.929683,7.272772
202000005392,22,6,2020,18,1,03,03286,2,6,1,3,,46.5252275,3.3529685
202000005393,21,6,2020,2,3,38,38197,1,1,1,7,D517,45.7648544,5.1218416
202000005394,22,6,2020,10,1,38,38135,1,1,1,7,Grande Rue de Lancin,45.71817,5.419269
202000005395,22,6,2020,0,3,38,38071,1,1,1,5,N85,45.08346,5.739369
202000005396,21,6,2020,18,1,26,26004,1,2,1,3,2160 Chemin de Bramefaim,44.983841,5.002835
202000005397,20,6,2020,17,1,26,26081,1,1,1,7,D68,44.889384,5.141945
202000005398,19,6,2020,16,1,26,26206,1,2,1,3,La Charlotte,44.824634,4.990609
202000005399,22,6,2020,17,1,81,81120,1,1,1,5,N112,43.5279227,2.2923761
202000005400,20,6,2020,17,1,31,31458,1,1,1,-1,D42,43.507865,1.350578
202000005401,21,6,2020,13,1,17,17444,1,1,1,6,D6,45.652598,-0.652742
202000005402,20,6,2020,5,3,44,44210,1,1,1,7,D213,47.30771,-2.194111
202000005403,19,6,2020,12,1,44,44052,2,2,1,3,Avenue Vice Amiral Halgan,47.318298,-2.075348
202000005404,17,6,2020,22,3,35,35004,1,1,1,6,La Gaucherais,48.44496,-1.411003
202000005405,23,5,2020,16,1,35,35004,2,1,1,2,5 avenue Kleber,48.460437,-1.486893
202000005406,22,6,2020,17,1,60,60462,2,1,1,2,Rue Marcel Annoepel,49.327957,2.195265
202000005407,21,6,2020,18,1,13,13071,1,1,1,4,A7-Sens Lyon vers Marseille,43.404972,5.339421
202000005408,19,6,2020,11,1,13,13210,1,1,1,4,A50-Sens Marseille vers Aubagne,43.2849,5.4186
202000005409,20,6,2020,19,1,13,13055,1,1,1,4,A507 sens Marseille - Aubagne,43.293454,5.4732191
202000005410,20,6,2020,14,1,13,13055,1,1,1,3,A507 sens Aubagne- Marseille,43.3042801,5.4255447
202000005411,19,6,2020,5,2,01,01249,1,1,1,2,A42     5.760 A 6.180,45.81498,4.958226
202000005412,21,6,2020,18,1,91,91339,1,1,1,5,RN 104,48.63397,2.22113
202000005413,21,6,2020,8,1,91,91216,1,1,1,2,AUTOROUTE A6,48.683173,2.329077
202000005414,20,6,2020,14,1,94,94038,1,1,1,4,AUTOROUTE A6A,48.77783,2.34644
202000005415,21,6,2020,20,1,92,92036,1,1,2,6,AUTOROUTE A15,48.94584,2.2837
202000005416,21,6,2020,10,1,77,77373,1,1,1,2,RN104,48.791586,2.6186104
202000005417,21,6,2020,10,1,77,77018,1,1,1,3,A4,48.8349683,2.8054598
202000005418,21,6,2020,6,1,94,94028,1,1,1,7,A86 EXT,48.78649,2.44032
202000005419,20,6,2020,16,1,93,93051,1,1,1,4,A4,48.8347944,2.5827458
202000005420,20,6,2020,14,1,973,97302,2,1,1,2,MONTABO (ROUTE DE) 4,4.9402202,-52.3017723
202000005421,20,6,2020,3,3,973,97302,1,1,2,6,ZONE COLLERY I OU II,4.9024923,-52.3151994
202000005422,20,6,2020,6,1,972,97213,2,1,1,7,ROUTE DEPARTEMENTALE 3,14.60872,-60.99722
202000005423,13,6,2020,3,3,972,97213,1,9,1,7,ROUTE DEPARTEMENTALE 3,14.6005,-60.9974
202000005424,19,6,2020,15,1,69,69385,2,2,1,6,FAVORITE (DE LA )                   (R ),45.75744,4.81105
202000005425,20,6,2020,17,1,2B,2B120,2,1,1,-1,LAGUNE (Route de la) D107,42.64334,9.45681
202000005426,20,6,2020,11,1,971,97120,2,9,8,3,MORNE NININE,16.22216,-61.52664
202000005427,20,6,2020,17,1,91,91174,2,6,1,2,MAINTENANT(RUE PAUL),48.61109,2.45328
202000005428,27,6,2020,0,5,91,91103,2,9,1,3,COMMUNE DE PARIS (RUE DE LA),48.5955,2.3035
202000005429,18,6,2020,18,1,83,83129,2,1,1,2,DE GAULLE (PROMENADE CHARLES),43.10979,5.81293
202000005430,20,6,2020,18,1,81,81163,2,3,1,3,REILLE (COURS RENE),43.4902,2.37529
202000005431,20,6,2020,2,4,73,73008,2,3,1,3,MARLIOZ AVENUE DE,45.6794564,5.9104639
202000005432,20,6,2020,18,1,59,59346,2,2,1,3,TOURNAI BOULEVARD DE,50.61347,3.12468
202000005433,20,6,2020,20,1,51,51454,2,1,1,3,32 Rue Paul Vaillant Couturier,49.266582,4.0245419
202000005434,20,6,2020,9,1,51,51454,2,1,1,-1,Rue de Neufchatel,49.2717152,4.0263394
202000005435,20,6,2020,6,1,50,50532,1,9,1,3,D973,48.82017,-1.55186
202000005436,24,6,2020,18,1,44,44125,1,1,1,3,Avenue Louis Clément,47.367619,-2.537785
202000005437,20,6,2020,17,1,35,35238,2,1,1,3,4 Rue Victor Rault,48.092227,-1.690976
202000005438,20,6,2020,3,4,35,35281,2,1,1,3,3 Rue du Haut-bois,48.0784,-1.714
202000005439,20,6,2020,17,1,33,33200,2,1,1,2,RUE TOUSSAINT CATROS,44.85995,-0.69583
202000005440,17,6,2020,19,1,33,33039,2,2,1,3,AVE LENINE / RUE DILLY,44.7968967,-0.5559626
202000005441,19,6,2020,16,1,26,26198,2,6,1,3,rond point de la Légion d'Honneur ,44.55599,4.74875
202000005442,19,6,2020,17,1,26,26198,1,1,1,4,32 Allée Hispano Suiza,44.53738,4.72952
202000005443,19,6,2020,12,1,26,26198,2,1,1,2,208 Route de Marseille,44.53328,4.74595
202000005444,20,6,2020,11,1,17,17415,1,1,1,4,RN 141,45.73233,-0.61409
202000005445,20,6,2020,14,1,17,17291,2,1,1,6,JUIN 18  RUE,46.17727,-1.1073
202000005446,21,6,2020,1,5,13,13213,2,1,1,6,CHEMIN DU MERLAN A LA ROSE ,43.330434,5.4122294
202000005447,20,6,2020,18,1,13,13208,2,9,1,7,PRADO (AVENUE DU),43.270021,5.387082
202000005448,20,6,2020,7,1,13,13210,2,1,1,2,PIERRE DOIZE  (RUE),43.274185,5.4268513
202000005449,20,6,2020,5,2,13,13213,2,1,1,6,JEAN PAUL SARTRE (AVENUE),43.3265,5.4253
202000005450,20,6,2020,12,1,11,11069,2,2,1,1,MOULIN JEAN -AVENUE-,43.2088,2.37745
202000005451,20,6,2020,19,1,10,10387,2,2,1,3,FRANCOIS SERQUEIL (RUE),48.30739,4.08196
202000005452,20,6,2020,9,1,06,06088,2,1,1,6,AVENUE MARTIN LUTHER KING / BOULEVARD PAUL MONTEL,43.675493,7.206759
202000005453,20,6,2020,6,1,06,06088,2,1,1,2,ANGLAIS (DU N° 45 AU N° 112),43.69253,7.25129
202000005454,20,5,2020,11,1,06,06104,2,3,1,6,MOULIN (RUE DU),43.765,7.4812
202000005455,20,6,2020,0,4,03,03101,1,1,1,7,,46.3583378,2.5531322
202000005456,20,6,2020,20,1,75,75118,2,1,1,2,PORTE DE LA CHAPELLE,48.900744,2.361604
202000005457,20,6,2020,7,1,75,75120,2,1,1,6,AVENUE CARTELLIER,48.863731,2.413898
202000005458,20,6,2020,16,1,75,75119,2,2,1,3,AVENUE SIMON BOLIVAR,48.88126,2.373246
202000005459,19,6,2020,13,1,75,75117,2,2,1,6,RUE DE TOCQUEVILLE,48.887867,2.307023
202000005460,20,6,2020,23,5,75,75116,2,7,1,3,PLACE DU DOCTEUR HAYEM,48.852768,2.275867
202000005461,20,6,2020,15,1,75,75112,2,1,1,3,RUE DU FAUBOURG SAINT ANTOINE,48.848704,2.393727
202000005462,20,6,2020,6,2,75,75111,2,3,1,3,BOULEVARD RICHARD LENOIR,48.864713,2.370121
202000005463,19,6,2020,13,1,75,75111,2,2,1,3,BOULEVARD DES FILLES DU CALVAIRE,48.862474,2.366891
202000005464,20,6,2020,10,1,75,75110,2,3,1,6,COUR DE LA FERME SAINT LAZARE,48.876182,2.356047
202000005465,20,6,2020,15,1,75,75104,2,7,1,5,PLACE DE LA BASTILLE,48.853568,2.369041
202000005466,20,6,2020,15,1,94,94028,2,9,1,3,CHOISY(ROUTE DE),48.77669,2.44131
202000005467,19,6,2020,23,5,94,94022,2,1,1,2,ANATOLE FRANCE (AV),48.76241,2.41088
202000005468,20,6,2020,14,1,94,94002,2,3,1,3,VILLENEUVE ST GEORGES (CHE DE),48.779,2.4285
202000005469,19,6,2020,17,1,93,93078,2,6,2,3,NATIONS (AVENUE DES),48.974313,2.5090317
202000005470,20,6,2020,18,1,93,93070,2,1,1,1,BD VICTOR-HUGO,48.90515,2.32267
202000005471,31,1,2020,23,4,95,95572,1,1,1,6,AUTOROUTE A15,49.03147,2.11877
202000005472,20,6,2020,8,1,93,93050,2,2,1,3,R PAUL VAILLANT COUTURIER / AV MASSENET,48.8724293,2.5536759
202000005473,1,2,2020,21,3,93,93051,1,1,2,7,A4,48.8360481,2.5559507
202000005474,1,2,2020,18,3,77,77294,1,1,2,2,A104,48.9559122,2.6264859
202000005475,30,1,2020,16,1,92,92049,2,2,2,3,BROSSOLETTE AVENUE PIERRE/ VERDIER AVENUE N°26 A 68,48.816284,2.305987
202000005476,20,6,2020,3,5,93,93050,2,1,1,6,R PAUL ET CAMILLE THOMOUX,48.8700052,2.528764
202000005477,31,1,2020,1,3,974,97416,1,1,1,6,RN2 (2),-21.3538,55.51093
202000005478,20,6,2020,18,1,92,92072,2,3,1,3,GRANDE RUE,48.82638,2.21924
202000005479,29,1,2020,16,1,974,97407,2,4,8,5,CARPAYE(AVENUE),-20.94371,55.29743
202000005480,20,6,2020,9,1,2A,2A189,1,3,1,3,Bains de Baracci (Source),41.6881639,8.9314285
202000005481,30,1,2020,21,5,973,97302,2,1,2,3,ESTREES (AVENUE D'),4.9402041,-52.3258316
202000005482,20,6,2020,14,1,83,83058,1,1,1,6,Chemin des Imberts,43.525561,6.33887
202000005483,31,1,2020,14,1,69,69383,1,1,8,3,PROFESSEUR FLORENCE (DU)            (R ),45.7455407,4.879579
202000005484,21,6,2020,1,4,86,86279,1,1,1,6,D1,46.917694,0.578738
202000005485,31,1,2020,12,1,69,69386,2,1,1,6,FRANKLIN ROOSEVELT                  (CO),45.76868,4.84371
202000005486,21,6,2020,1,3,01,01379,1,1,1,6,Rue de la Scierie,45.96484,5.274655
202000005487,30,1,2020,20,5,69,69387,2,1,1,6,GALLIENI                            (PT),45.74845,4.83164
202000005488,21,6,2020,2,5,49,49355,2,3,1,6,Rue des Mauges,47.121016,-0.789535
202000005489,27,1,2020,18,4,972,97213,1,1,1,3,AUTOROUTE A1,14.65636,-60.97231
202000005490,21,6,2020,1,3,81,81098,1,1,1,6,D112,43.61854,2.156754
202000005491,31,1,2020,17,1,69,69152,2,2,1,1,MURIERS (DES)                       (CH),45.6948749,4.8213098
202000005492,31,1,2020,11,1,69,69389,2,1,1,4,ST CYR (DE)                         (R ),45.78748,4.8086
202000005493,20,6,2020,16,1,81,81174,1,1,1,6,D631,43.775068,2.077478
202000005494,21,6,2020,11,1,68,68044,1,1,1,7,D148 PK 004+700,48.138757,7.06312
202000005495,30,1,2020,18,5,69,69286,2,1,2,6,HIPPODROME (DE L')                  (AV),45.8129905,4.8809928
202000005496,20,6,2020,23,3,974,97405,1,1,1,6,60 Route de Grande Anse,-21.367488,55.547712
202000005497,29,1,2020,8,2,95,95598,2,2,1,3,AVENUE AMELIE,48.97869,2.29909
202000005498,20,6,2020,17,1,972,97212,1,1,1,1,Courbaril,14.71294,-61.02533
202000005499,31,1,2020,15,1,95,95500,2,1,1,3,VERDUN (AVENUE DE),49.0389229,2.0882177
202000005500,21,6,2020,11,1,972,97220,1,1,1,6,D18,14.524059,-60.879278
202000005501,30,1,2020,19,5,91,91223,2,1,2,6,REPUBLIQUE (RUE DE LA),48.43786,2.1639
202000005502,21,6,2020,16,1,63,63248,1,1,1,6,D942,45.733145,2.915905
202000005503,30,1,2020,22,5,87,87085,2,3,2,6,CHURCHILL WINSTON (PLACE),45.83197,1.251
202000005504,20,6,2020,16,1,54,54069,2,1,1,5,D906,49.383923,5.914786
202000005505,30,1,2020,22,5,87,87085,2,1,2,3,LECLERC (AVENUE DU GENERAL),45.84601,1.26066
202000005506,20,6,2020,20,1,62,62506,2,1,1,3,Rue de la Bergere,50.818381,1.926985
202000005507,30,1,2020,18,1,87,87114,1,1,2,6,PUY MOULINIER - LIEU DIT,45.85528,1.32207
202000005508,30,1,2020,17,1,87,87085,1,1,2,-1,AUTOROUTE A20,45.84885,1.27636
202000005509,16,6,2020,14,1,83,83092,2,1,1,4,D97,43.302812,6.23759
202000005510,29,1,2020,12,1,87,87085,2,3,2,3,AUZETTE (RUE D'),45.8233,1.26952
202000005511,20,6,2020,22,3,83,83116,1,9,1,7,2539 Chemin du Moulin,43.470682,5.891107
202000005512,29,1,2020,16,1,84,84087,2,1,1,6,EUROPE (AVENUE DE L'),44.12491,4.84039
202000005513,31,1,2020,16,1,83,83137,2,1,7,6,JONQUET (CHEMIN / PONT DU),43.1409,5.9109
202000005514,20,6,2020,18,1,74,74256,2,2,1,-1,134 Avenue de Geneve,45.937857,6.630667
202000005515,30,1,2020,18,5,83,83050,2,3,1,3,MURAIRE(BOULEVARD COMTE),43.533423,6.468228
202000005516,21,6,2020,16,1,77,77456,1,1,1,1,chemin communal le long du rudu Veillien,48.51374,3.284268
202000005517,19,6,2020,17,1,79,79062,1,7,1,7,Lieu Dit la Gondromiere,46.809665,-0.665402
202000005518,31,1,2020,12,1,82,82121,1,1,1,2,AUCH (ROUTE D'),43.983439,1.29758
202000005519,19,6,2020,17,1,82,82008,1,1,1,6,D953,44.057639,0.865189
202000005520,21,6,2020,14,1,71,71056,1,1,1,7,675 Route des Sables,46.6447526,5.2012868
202000005521,31,1,2020,8,1,78,78646,2,2,1,1,VILLENEUVE L'ETANG (AVENUE DE),48.81386,2.14104
202000005522,21,6,2020,2,3,63,63085,2,1,1,6,D62,45.912168,2.861938
202000005523,30,1,2020,15,1,78,78646,2,2,1,3,ROYALE (RUE),48.79928,2.12791
202000005524,20,6,2020,20,1,61,61208,2,1,1,6,730 Route de l'Aigle,48.650646,0.673277
202000005525,21,6,2020,19,1,55,55433,2,4,1,7,Rue des Preyens,48.620758,5.703111
202000005526,29,1,2020,17,5,77,77114,2,1,1,6,CHARLES PATHE (RUE) - D216,48.72594,2.66566
202000005527,18,6,2020,23,2,49,49259,1,1,1,7,Les Basses Brosses,47.3424772,-0.6578671
202000005528,20,6,2020,19,1,12,12272,1,2,1,6,D 994,44.547413,2.125574
202000005529,30,1,2020,17,1,76,76540,2,3,1,6,CARREL. RUE ARMAND,49.44006,1.10203
202000005530,20,6,2020,17,1,42,42266,1,2,1,3,Route de Beauvoir,45.421347,4.053698
202000005531,30,1,2020,9,1,71,71306,2,1,1,7,Quai Général de Gaulle,46.6734058,4.3613935
202000005532,30,1,2020,17,1,71,71153,2,1,2,6,Rue du Marechal Joffre,46.7945916,4.423566
202000005533,20,6,2020,16,1,42,42219,1,1,1,6,Les baraques,45.738028,4.115496
202000005534,31,1,2020,18,5,69,69266,2,1,1,2,LOUIS MAYNARD     (Rue),45.7865328,4.8997306
202000005535,17,6,2020,10,1,46,46231,1,1,1,7,RD8 PK 7+400,44.500194,1.117816
202000005536,29,1,2020,11,1,69,69290,2,6,2,1,HENRI GERMAIN                       (AV),45.7017157,4.9004892
202000005537,20,6,2020,17,1,22,22005,1,1,1,7,Kerguiguès,48.52413,-3.387367
202000005538,29,1,2020,12,1,69,69091,2,1,8,1,PAIX (DE LA) ( R ),45.58599,4.75418
202000005539,23,1,2020,10,1,68,68066,2,9,1,6,BALE ( ROUTE DE),48.070318,7.360579
202000005540,21,6,2020,7,1,39,39167,1,1,1,1,,46.744248,5.417484
202000005541,30,1,2020,15,1,67,67447,2,1,1,6,GABRIELLE COLETTE (RUE),48.612823,7.739883
202000005542,20,6,2020,17,1,44,44211,2,1,1,6,Rue du Docteur Gouret,47.353144,-2.511599
202000005543,31,1,2020,14,1,67,67180,1,1,1,3,RD 27,48.876001,7.7607134
202000005544,20,6,2020,9,1,31,31187,2,1,1,6,2249 Route de Tarbes,43.536466,1.230368
202000005545,31,1,2020,19,2,65,65440,2,1,1,6,LARREY (RUE),43.230692,0.081502
202000005546,20,6,2020,22,3,02,02355,2,1,1,7,3 Rue Robespierre,49.883958,3.247297
202000005547,21,6,2020,2,3,03,03119,1,1,1,6,7 Chemin des Terriens,46.7315858,3.6199307
202000005548,31,1,2020,11,1,64,64445,2,2,1,3,BORDEU DE,43.3032,-0.37089
202000005549,20,6,2020,2,3,01,01196,1,1,1,7,Route de Chalon,46.394172,5.114678
202000005550,21,6,2020,12,1,70,70085,1,1,1,6,Route de Bussières,47.374556,5.999056
202000005551,30,1,2020,8,1,64,64024,2,2,2,3,BASTIE (RUE MARYSE),43.46366,-1.50484
202000005552,31,1,2020,13,1,62,62540,1,1,1,7,CD941,50.455717,2.573616
202000005553,21,6,2020,16,1,60,60166,1,1,1,7,Départementale 142,49.4703944,2.8012964
202000005554,20,6,2020,14,1,45,45129,1,2,1,3,Les Joigneaux,47.9779117,3.05291
202000005555,30,1,2020,17,2,59,59178,2,3,8,5,PONT DE LA DEULE (RUE DE),50.39639,3.0861
202000005556,21,6,2020,10,1,64,64353,1,1,1,7,D35,43.089094,-0.411526
202000005557,16,1,2020,11,1,57,57019,2,3,1,6,USINE (RUE DE L'),49.25945,6.15047
202000005558,21,6,2020,9,1,64,64259,1,1,1,3,D22,43.293388,-1.241734
202000005559,20,6,2020,6,2,36,36129,2,1,1,6,348 Le Monteil,46.668258,1.902663
202000005560,31,1,2020,16,2,54,54395,2,1,2,2,BOUFFLERS (AVENUE) DE 2 AU 72),48.6896183,6.1596756
202000005561,19,6,2020,22,3,85,85046,1,1,1,6,D101,46.61843,-1.3091
202000005562,23,1,2020,14,1,51,51431,1,2,1,3,D951,49.0146184,3.9421941
202000005563,21,6,2020,16,1,37,37223,1,2,1,1,D749,47.5138274,0.2856074
202000005564,31,1,2020,8,1,45,45285,2,1,2,6,Rue Charles Beauhaire,47.9128527,1.8747437
202000005565,21,6,2020,17,1,88,88408,2,1,1,3,7 Rue de Saulx,47.908245,6.688539
202000005566,31,1,2020,23,5,44,44109,2,1,2,2,Rue Crébillon,47.2138,-1.5604
202000005567,20,6,2020,18,3,976,97603,1,1,2,6,musical plage CCD4,-12.917986,45.184107
202000005568,19,6,2020,19,1,34,34270,1,4,1,6,A9,43.559321,3.826928
202000005569,31,1,2020,19,5,44,44109,2,1,2,2,Péripherique,47.198976,-1.6165
202000005570,21,6,2020,14,1,69,69013,1,1,1,6,A6,46.010093,4.730033
202000005571,30,1,2020,12,1,42,42044,2,2,2,3,Rue de la République,45.3960219,4.3220715
202000005572,20,6,2020,15,1,971,97129,2,1,1,3,Boulevard Saint Charles,16.33441,-61.698162
202000005573,31,1,2020,20,5,37,37214,2,9,1,3,VOISIN (BOULEVARD ANDRE-GEORGES),47.430935,0.6679577
202000005574,30,1,2020,21,5,37,37261,2,6,2,6,LOUIS XI (ROND-POINT),47.3747353,0.6713758
202000005575,20,6,2020,23,3,33,33333,1,1,1,2,rd 107,44.87551,-1.07253
202000005576,21,6,2020,7,1,18,18198,1,1,1,6,D18,46.925697,2.136393
202000005577,31,1,2020,8,1,35,35281,2,9,2,2,RN 136 PORTE DE ST NAZAIRE,48.09247,-1.70805
202000005578,21,6,2020,17,1,77,77078,2,9,1,1,74 Avenue des Vignes,48.967988,3.138818
202000005579,31,1,2020,7,5,34,34172,2,9,1,6,VIEILLE POSTE (RUE DE LA,43.6178485,3.9126622
202000005580,21,6,2020,0,3,77,77142,1,1,1,3,D934,48.8536367,2.9311195
202000005581,31,1,2020,13,1,33,33013,2,6,2,3,AVE DE L' ILE DE FRANCE / BD FEYDEAU / AVE GAY LUSSAC,44.84909,-0.4969