Num_Acc,jour,mois,an,hr,condition_eclairage,departement,commune,condition_agglomeration,intersection,condition_atmosphere,type_collision,adresse,lattitude,longitude
202000005582,31,1,2020,1,5,31,31555,2,1,2,6,BD DU MARECHAL JUIN,43.5888,1.44007
202000005583,21,6,2020,6,2,95,95355,2,9,1,3,Rue du Général de Gaulle,49.152685,1.78067
202000005584,30,1,2020,17,2,31,31555,1,1,1,3,RD916,43.554407,1.497
202000005585,21,6,2020,8,1,34,34143,2,1,1,3,Route de Villeveyrac,43.450991,3.612426
202000005586,31,1,2020,21,5,30,30189,2,1,1,5,JAURES JEAN (BOULEVARD),43.83176,4.35176
202000005587,9,6,2020,22,3,34,34113,2,1,1,7,1 Impasse des Mimosas,43.506151,3.708611
202000005588,20,6,2020,12,1,13,13023,1,1,1,1,Route de Ceyreste,43.225318,5.648083
202000005589,31,1,2020,13,1,29,29019,2,2,3,3,Rue Louis Pasteur,48.3880996,-4.4903719
202000005590,28,1,2020,14,1,29,29019,2,6,2,6,Rue Yves Collet,48.388976,-4.48383
202000005591,21,6,2020,13,1,13,13095,2,1,1,1,D10,43.537715,5.484291
202000005592,31,1,2020,17,2,26,26362,2,1,1,6,260 Bis rue Antoine Barnave,44.9411666,4.917455
202000005593,31,1,2020,23,5,25,25056,2,1,1,6,CHARDONNET AV. DE,47.23041,6.04038
202000005594,21,6,2020,16,1,67,67101,1,3,1,1,D392,48.522798,7.505985
202000005595,29,1,2020,0,5,22,22278,1,1,1,6,RN12,48.52127,-2.74851
202000005596,21,6,2020,15,1,01,01187,2,3,1,3,5 Rue Principale,46.034446,5.674219
202000005597,31,1,2020,14,1,14,14341,2,1,1,7,DRONNIERE (RUE DE LA),49.13827,-0.33556
202000005598,21,6,2020,18,1,69,69254,1,1,1,5,D313,45.9404744,4.4354905
202000005599,31,1,2020,16,1,13,13212,2,1,1,3,PEINTRES ROUX (AVENUE DES),43.305554,5.470533
202000005600,21,6,2020,6,2,81,81140,2,1,1,6,44 Rue de Lagarrigue,43.693448,1.819843
202000005601,20,6,2020,15,1,65,65123,1,1,1,6,D918,42.936129,0.20874
202000005602,29,1,2020,17,2,13,13202,2,8,1,3,COLBERT(RUE),43.299268,5.374096
202000005603,21,6,2020,14,1,46,46055,1,3,1,3,Le Clayrou,44.571886,2.109026
202000005604,20,6,2020,23,3,27,27180,1,1,1,6,D316,49.189403,1.367122
202000005605,31,1,2020,16,1,13,13001,2,1,1,6,VALLON FRERES (RUE DES),43.522578,5.431039
202000005606,30,1,2020,17,2,11,11069,2,1,1,6,LIMOUX - ROUTE DE-,43.2044207,2.333291
202000005607,21,6,2020,16,1,80,80124,1,1,1,3,Bourseville,50.103955,1.542978
202000005608,28,1,2020,7,2,11,11069,2,6,2,3,Xénon (Rond Point),43.233516,2.367425
202000005609,18,6,2020,15,1,59,59250,1,1,1,-1,2150 Rue Faidherbe,50.583032,2.903094
202000005610,31,1,2020,15,1,10,10387,2,1,1,6,DIJON (BDL),48.283635,4.078719
202000005611,20,6,2020,19,1,13,13070,1,1,1,2,A50-Sens Aubagne vers Marseille,43.28696,5.50659
202000005612,31,1,2020,22,5,09,09225,2,1,1,6,VILLENEUVE ROUTE DE,43.1252442,1.610629
202000005613,19,6,2020,23,3,13,13071,1,1,1,2,A7-Sens Marseille vers Lyon,43.405106,5.33951
202000005614,30,1,2020,14,1,07,07316,1,1,2,3,NIMES (ROUTE DE),44.880454,4.84912
202000005615,19,6,2020,22,3,13,13117,1,1,1,3,A7-Sens Marseille vers Lyon,43.4464456,5.2423769
202000005616,15,6,2020,0,5,69,69266,1,1,1,2,RD383 ,45.7585,4.90924
202000005617,27,1,2020,17,5,06,06083,2,1,1,6,DELATTRE DE TASSIGNY (ALLEE),43.78467,7.49462
202000005618,20,6,2020,12,1,33,33096,1,1,1,2,AUTOROUTE A 10,44.89726,-0.49588
202000005619,31,1,2020,15,1,06,06069,2,1,1,2,Route de Cannes,43.6378,6.9508
202000005620,19,6,2020,14,1,91,91312,1,1,1,1,RD 444,48.73811,2.22783
202000005621,31,1,2020,10,1,06,06069,2,9,1,3,DUNANT (AVENUE HENRI),43.64846,6.92392
202000005622,19,6,2020,7,1,91,91182,1,1,1,2,RN 104,48.61152,2.43136
202000005623,31,1,2020,14,1,06,06027,2,1,1,3,GRASSE AVENUE DE,43.6583,7.1416
202000005624,20,6,2020,6,2,95,95277,1,1,1,6,RD 170 ,48.975812,2.482495
202000005625,31,1,2020,17,2,06,06027,2,9,1,2,SERRE AVENUE DE LA,43.654,7.1564
202000005626,20,6,2020,4,3,95,95678,1,1,1,6,RN 184,49.07171,2.22358
202000005627,18,6,2020,19,5,974,97411,2,1,1,2,LECLERC (DU MARECHAL),-20.88044,55.45761
202000005628,30,1,2020,8,1,06,06123,2,2,1,6,DE GAULLE GENERAL AVENUE,43.67075,7.19081
202000005629,19,6,2020,12,1,973,97302,2,9,1,3,CABASSOU (ROUTE DE),4.9203009,-52.3205853
202000005630,1,2,2020,0,5,06,06004,2,2,1,3,BRIAND AV.ARISTIDE,43.580557,7.118641
202000005631,19,6,2020,12,1,69,69386,2,2,1,3,MARECHAL DE SAXE                    (R ),45.76677,4.8443
202000005632,29,1,2020,21,5,03,03101,2,1,1,7,Rue Jean Jaurès,46.3582322,2.5359349
202000005633,18,6,2020,12,1,69,69259,2,9,1,3,VIENNE (DE)                         (RO),45.727973,4.85384
202000005634,31,1,2020,19,5,01,01053,2,1,1,2,SAINT NICOLAS ( BD) PAIR,46.20234,5.23236
202000005635,31,1,2020,20,5,75,75117,2,1,1,7,BOULEVARD DE DOUAUMONT,48.894651,2.306192
202000005636,18,6,2020,8,1,972,97209,1,1,1,2,RD 41 (ROCADE),14.61514,-61.07594
202000005637,19,6,2020,15,1,69,69381,2,2,1,3,PUITS GAILLOT                       (R ),45.7679,4.8359
202000005638,31,1,2020,17,1,75,75117,2,1,1,6,RUE TOULOUSE LAUTREC,48.90097,2.327263
202000005639,14,6,2020,20,1,69,69202,2,1,1,3,PLAN LOUP (DU)                      (CH),45.73528,4.79623
202000005640,31,1,2020,18,5,75,75115,2,1,1,6,RUE BRANCION,48.833862,2.304451
202000005641,30,1,2020,2,5,75,75114,2,4,1,6,AVENUE DU MAINE,48.8385536,2.3226109
202000005642,6,6,2020,22,5,971,97101,2,1,2,6,Frédéric JALTON,16.27285,-61.50499
202000005643,30,1,2020,17,1,75,75112,2,1,1,-1,QUAI DE BERCY,48.8382369,2.3764302
202000005644,18,6,2020,8,1,971,97120,2,1,1,3,PATRICK SAINT ELOI ( AVENUE ),16.25012,-61.52857
202000005645,31,1,2020,18,5,75,75111,2,1,8,6,AVENUE PHILIPPE AUGUSTE,48.854737,2.39198
202000005646,17,6,2020,21,5,971,97113,1,1,1,6,FELIXAIN (IMPASSE),16.220023,-61.4973235
202000005647,31,1,2020,9,1,75,75109,2,5,2,6,RUE NOTRE DAME DE LORETTE,48.880451,2.335072
202000005648,19,6,2020,20,1,91,91687,2,1,8,2,RN445,48.65672,2.37194
202000005649,19,6,2020,13,1,91,91174,2,1,1,6,ANGOULEME(RUE D'),48.59985,2.46294
202000005650,31,1,2020,15,1,75,75108,2,1,8,3,BOULEVARD MALESHERBES,48.873008,2.321183
202000005651,18,6,2020,16,1,87,87085,2,1,2,1,LECLERC (AVENUE DU GENERAL),45.85332,1.2659
202000005652,18,6,2020,18,1,87,87085,2,1,1,2,BAUDIN ( AVENUE) (VC),45.82665,1.25829
202000005653,19,6,2020,18,1,81,81065,2,1,1,4,PALIQUE (COTE DE),43.592219,2.241428
202000005654,31,1,2020,10,1,75,75108,2,2,1,6,BOULEVARD MALESHERBES,48.878391,2.315545
202000005655,19,6,2020,1,5,80,80021,2,1,1,7,COMMUNE DE PARIS (AVENUE DE LA),49.91431,2.25488
202000005656,30,1,2020,23,5,75,75108,2,2,2,7,RUE DE MONCEAU,48.879983,2.315433
202000005657,19,6,2020,12,1,79,79191,2,3,1,3,19 Rue de l'Espingole,46.32365,-0.46761
202000005658,16,6,2020,19,1,77,77514,2,1,1,6,RENEUSE (RUE DE LA),48.9523346,2.6070499
202000005659,19,6,2020,16,1,77,77186,1,1,1,3,RD 142 Glandée au grand veneur,48.447349,2.670005
202000005660,20,6,2020,0,5,72,72181,2,1,2,6,CLEMENCEAU GEORGES ( BD) N° IMP,47.979,0.21478
202000005661,19,6,2020,20,1,72,72181,2,2,8,3,LATHAM HUBERT (RUE),47.96747,0.20667
202000005662,18,6,2020,14,1,69,69282,2,3,1,4,JEAN JAURES                         (R ),45.7719308,5.0161422
202000005663,31,1,2020,0,5,75,75107,2,2,2,7,RUE DE LILLE,48.860337,2.323611
202000005664,31,1,2020,20,5,75,75104,2,2,1,6,RUE DE RIVOLI,48.857884,2.350201
202000005665,31,1,2020,7,5,94,94081,2,1,1,6,PRESIDENT SALVADOR ALLENDE (AV DU),48.79565,2.40891
202000005666,31,1,2020,17,2,94,94080,2,9,1,3,Rue de Lagny,48.849129,2.422848
202000005667,29,1,2020,14,1,94,94042,2,1,1,1,PRESIDENT JOHN KENNEDY (AV DU),48.8147041,2.4627732
202000005668,29,1,2020,7,1,94,94042,2,1,1,4,GENERAL GALLIENI - PONT DE JOINVILLE (AV,48.82017,2.46892
202000005669,31,1,2020,6,5,94,94046,2,3,2,3,JEAN JAURES (R),48.790432,2.435088
202000005670,31,1,2020,10,1,94,94076,2,1,2,1,JULES JOFFRIN (R),48.79143,2.36075
202000005671,31,1,2020,13,1,94,94033,2,2,1,3,RENARDIERE (R DE LA),48.85218,2.4537
202000005672,31,1,2020,11,1,94,94022,2,2,1,3,LUGO (AV DE),48.7715,2.4091
202000005673,31,1,2020,11,1,94,94022,2,1,1,2,ANATOLE FRANCE (AV),48.76153,2.4112
202000005674,30,1,2020,16,1,94,94019,2,1,2,6,CLEMENT ADER (R),48.80254,2.55512
202000005675,31,1,2020,14,1,94,94018,2,2,1,3,BERCY (QU DE),48.82245,2.39763
202000005676,31,1,2020,17,1,93,93073,2,1,1,3,RTE DES PETITS PONTS,48.9642,2.5653
202000005677,31,1,2020,14,1,93,93005,2,9,1,3,MITRY [CD115] (ROUTE DE),48.9503288,2.5238487
202000005678,31,1,2020,11,1,93,93078,2,1,8,6,DAMBEL (AVENUE EMILE),48.9547,2.54766
202000005679,31,1,2020,18,5,93,93066,2,3,1,3,BD ANATOLE FRANCE,48.9255173,2.3507502
202000005680,31,1,2020,17,2,93,93066,2,1,1,6,LAMAZE DOCTEUR,48.9346838,2.3719996
202000005681,31,1,2020,20,5,93,93055,2,6,1,6,CHEMIN DE FER (DU),48.89911,2.39676
202000005682,31,1,2020,18,5,93,93050,2,1,1,6,GENERAL DE GAULLE (AVENUE),48.8584062,2.5345186
202000005683,31,1,2020,17,5,93,93050,2,1,1,6,REPUBLIQUE (BOULEVARD),48.8579482,2.5295162
202000005684,31,1,2020,17,1,93,93074,2,1,1,6,BOUCHER RUE ALEXANDRE,48.93292,2.56707
202000005685,31,1,2020,18,5,93,93006,2,2,1,3,REPUBLIQUE AVENUE DE LA,48.8604,2.4204
202000005686,31,1,2020,17,1,93,93066,2,1,1,6,HUGO VICTOR (PLACE),48.9358268,2.3584794
202000005687,31,1,2020,12,1,93,93005,2,2,1,3,VILLE NEUVE (RUE DE),48.9431834,2.4999055
202000005688,31,1,2020,10,1,92,92073,2,9,2,3,SELLIER (BOULEVARD HENRI),48.8683,2.2239
202000005689,30,1,2020,17,5,92,92063,2,6,2,6,MYGATT (AVENUE OTIS),48.8594241,2.1832891
202000005690,31,1,2020,13,1,92,92050,2,1,1,3,SUISSES RUE DES,48.884829,2.198581
202000005691,30,1,2020,18,5,92,92050,2,2,2,6,VENETS RUE DES/ JOLIOT CURIE F. ET IRENE AVENUE N°PAIRS,48.8893855,2.2040632
202000005692,31,1,2020,10,1,92,92049,2,2,1,7,BRIAND AVENUE ARISTIDE N°1 A 129/ PERI RUE GABRIEL N°1 A 35,48.817498,2.325457
202000005693,31,1,2020,7,2,92,92036,2,2,1,3,LOUIS ROCHE (AVENUE) (1/45)/ MOULIN DE CAGE (QUAI DU),48.92107,2.32524
202000005694,30,1,2020,9,1,92,92023,2,2,3,3,SABLONS (RUE DES),48.80702,2.25778
202000005695,31,1,2020,14,1,92,92036,2,3,1,3,BAS ( RUE DES ),48.920461,2.288438
202000005696,30,1,2020,17,2,92,92002,2,1,2,-1,LEBRUN (AVENUE),48.763596,2.304559
202000005697,1,2,2020,7,1,38,38336,2,6,1,6,Chemin du Vieux Pave,45.47375,4.82914
202000005698,31,1,2020,20,3,85,85126,1,1,1,1,D148,46.458437,-0.837836
202000005699,27,1,2020,12,1,68,68019,1,3,1,4,468,48.095247,7.533435
202000005700,31,1,2020,19,3,01,01157,1,1,1,6,D933,46.007827,4.751002
202000005701,28,1,2020,12,1,68,68300,1,1,8,2,D201,47.785105,7.388273
202000005702,31,1,2020,8,1,29,29142,1,1,8,6,Lothey N165,48.162464,-4.044106
202000005703,31,1,2020,17,1,22,22093,1,1,1,2,RN 12 - PR 40+500,48.470474,-2.55372
202000005704,30,1,2020,12,1,06,06095,2,2,1,3,53 Avenue des Termes,43.638503,6.883911
202000005705,31,1,2020,17,1,50,50512,1,1,1,7,La Pilauderie,49.059849,-1.1761
202000005706,1,2,2020,9,1,83,83054,2,1,1,1,Route Nationale 97,43.160846,6.04203
202000005707,31,1,2020,18,5,62,62595,2,3,8,3,Route de Houlle,50.7899872,2.1761747
202000005708,1,2,2020,8,1,74,74173,2,1,1,1,510 Route du Leutaz,45.838943,6.597928
202000005709,1,2,2020,18,5,67,67463,2,3,2,1,1 route de strasbourg,48.895925,8.108111
202000005710,31,1,2020,13,1,31,31150,1,1,1,6,N 224,43.661352,1.353078
202000005711,1,2,2020,18,3,55,55088,1,1,2,7,D964,48.5526147,5.6675202
202000005712,31,1,2020,18,3,68,68258,1,1,1,7,D2,47.830328,7.295008
202000005713,1,2,2020,1,3,22,22164,1,1,2,7,Collet Meur,48.597234,-3.29018
202000005714,31,1,2020,21,5,44,44069,2,1,2,6,Avenue de la Brière,47.331323,-2.423279
202000005715,1,2,2020,18,3,13,13010,1,6,2,2,D570n,43.896346,4.785533
202000005716,1,2,2020,1,3,05,05072,1,1,1,6,N85,44.658794,6.084613
202000005717,1,2,2020,14,1,60,60155,1,9,1,3,Lieu Dit la Villeneuve,49.2438974,2.324069
202000005718,31,1,2020,14,1,18,18004,1,2,2,3,Les Bouchis,47.225722,2.266182
202000005719,30,1,2020,14,1,43,43137,2,1,1,3,10 Avenue du 11 Novembre,45.287286,4.167901
202000005720,1,2,2020,1,3,53,53147,2,2,3,1,Rue Roullois,48.304239,-0.614198
202000005721,1,2,2020,9,1,40,40001,2,1,1,2,2505 Avenue de Bordeaux,43.732096,-0.266815
202000005722,31,1,2020,23,3,40,40272,1,1,1,6,D12,43.570893,-1.274865
202000005723,31,1,2020,17,2,17,17218,1,3,2,3,RD 137 Route de la Rochelle,46.283406,-0.994391
202000005724,1,2,2020,2,3,30,30123,1,1,1,1,N113,43.698488,4.176328
202000005725,31,1,2020,17,1,33,33352,1,1,8,1,D9e1,44.57857,-0.022808
202000005726,31,1,2020,16,1,76,76684,1,1,1,5,"Pont, route national 182",49.473771,0.463593
202000005727,25,1,2020,19,3,13,13044,1,1,1,2,D19,43.611875,5.050342
202000005728,1,2,2020,15,1,34,34337,1,1,1,1,Route Départemental 185,43.53927,3.883356
202000005729,31,1,2020,18,2,69,69244,2,2,1,7,Avenue du 11 Novembre 1918,45.764045,4.760267
202000005730,31,1,2020,17,2,69,69027,1,1,1,2,D342,45.684762,4.766457
202000005731,1,2,2020,8,1,91,91441,1,1,3,7,"Autoroute A 6, PK 040+700, circulant vers PARIS",48.507539,2.510988
202000005732,31,1,2020,18,5,971,97107,2,1,1,6,289 Boulevard de Bananier,16.001946,-61.599355
202000005733,31,1,2020,21,5,971,97107,1,6,1,1,1492 Rue de Roseau,16.087107,-61.563027
202000005734,1,2,2020,10,1,37,37003,1,2,2,1,D61,47.3893681,1.0470395
202000005735,31,1,2020,10,1,45,45297,1,1,8,7,D119 - PR 1+600,47.775805,2.3915
202000005736,31,1,2020,18,3,77,77099,1,1,8,1,D7,48.160779,2.673932
202000005737,31,1,2020,16,1,91,91338,1,2,8,1,D838,48.63477,2.063659
202000005738,31,1,2020,12,1,34,34058,1,1,1,-1,Saint Leonard,43.690864,4.015334
202000005739,29,1,2020,19,3,74,74224,1,1,2,6,Route de Lavillat,46.05515,6.290805
202000005740,1,2,2020,11,1,17,17444,1,1,2,2,RD6 - Route de Gémozac,45.654473,-0.652764
202000005741,22,1,2020,19,5,33,33019,2,1,8,6,24 Allée Ernest de Boissière,44.68369,-1.01574
202000005742,1,2,2020,9,1,27,27321,1,1,1,6,D133,49.197747,1.130111
202000005743,31,1,2020,8,1,13,13071,1,1,1,4,A55-Sens Martigues vers Marseille,43.37755,5.3177
202000005744,29,1,2020,9,1,83,83137,1,1,1,4,A50,43.12506,5.90625
202000005745,31,1,2020,11,1,33,33448,1,1,1,6,AUTOROUTE A 62,44.71918,-0.52156
202000005746,31,1,2020,8,1,92,92048,1,1,8,7,N118,48.8045487,2.2135654
202000005747,31,1,2020,15,1,95,95277,1,1,1,5,AUTOROUTE A104,48.97226,2.48601
202000005748,31,1,2020,7,3,95,95252,1,1,2,3,AUTOROUTE A15,48.97715,2.23392
202000005749,31,1,2020,8,1,95,95277,1,1,1,6,AUTOROUTE A104,48.97311,2.48527
202000005750,31,1,2020,6,4,95,95572,1,1,1,6,AUTOROUTE A15,49.03253,2.11217
202000005751,30,1,2020,20,3,95,95582,1,1,2,6,AUTOROUTE A115,48.975,2.2415
202000005752,30,1,2020,16,1,93,93027,1,1,2,6,BDL,48.92664,2.40224
202000005753,30,1,2020,8,2,92,92036,1,1,1,3,AUTOROUTE A15,48.94239,2.28948
202000005754,29,1,2020,16,1,93,93007,1,1,1,4,AUTOROUTE A3,48.93266,2.48072
202000005755,31,1,2020,17,1,93,93051,1,1,1,3,A4,48.8349003,2.5774734
202000005756,31,1,2020,10,1,94,94069,1,1,8,3,A4,48.81744,2.42903
202000005757,30,1,2020,7,1,974,97416,1,1,1,4,Chemin Antoine Picard,-21.31495,55.5416
202000005758,29,1,2020,5,2,974,97409,1,9,1,3,RN2 SENS STE SUZANNE ST BENOIT,-20.95881,55.65733
202000005759,29,1,2020,9,1,973,97302,2,1,1,2,REPUBLIQUE (BD DE LA),4.9373,-52.32539
202000005760,30,1,2020,18,5,69,69259,2,1,2,6,FRANCIS DE PRESSENSE                (AV),45.728522,4.8611766
202000005761,29,1,2020,22,3,972,97213,1,1,1,6,BELFORT (CHEMIN RURAL N°36 DE),14.65279,-61.0059
202000005762,30,1,2020,9,1,2A,2A004,2,1,1,2,NICOLI JEAN COURS,41.9341677,8.7473923
202000005763,29,1,2020,19,5,2A,2A004,2,1,1,2,GEORGES POMPIDOU AVENUE,41.9331744,8.7554318
202000005764,29,1,2020,18,5,91,91514,2,3,8,3,BOISSY (RUE DE),48.6727,2.5372
202000005765,30,1,2020,8,1,87,87065,2,3,3,3,VALIN (AVENUE MARTIAL),45.81619,1.3086
202000005766,21,7,2020,14,1,95,95127,1,1,1,7,RN 14,49.047455,2.071986
202000005767,20,7,2020,16,1,91,91570,2,2,7,6,MONTLHERY (RUE),48.634335,2.302234
202000005768,20,7,2020,9,1,91,91223,2,1,1,7,CHARPENTIER (AVENUE THEODORE),48.4286,2.1521
202000005769,21,7,2020,16,1,91,91657,2,1,1,7,TOURELLE (AVENUE DE LA ),48.690518,2.439715
202000005770,21,7,2020,6,2,91,91174,2,1,1,2,Emile ZOLA (rue),48.6184,2.46997
202000005771,19,7,2020,22,5,91,91339,2,2,1,2,BENOIST ROBERT (AVENUE),48.6352,2.2661
202000005772,18,7,2020,12,1,91,91425,2,6,1,2,CROIX DU MESNIL (CHEMIN DE LA),48.64753,2.27498
202000005773,21,7,2020,9,1,88,88160,2,1,1,6,4 NATIONS (PLACE DES),48.1765,6.4462
202000005774,21,7,2020,12,1,87,87085,2,2,1,-1,DUTREIX (RUE ARMAND),45.83084,1.24476
202000005775,13,7,2020,12,1,81,81144,2,2,1,1,ALBI A CARMAUX  ( D.97),43.962944,2.190423
202000005776,13,7,2020,15,1,81,81004,2,1,1,6,LATTRE DE TASSIGNY (AV DE),43.931539,2.165108
202000005777,16,7,2020,15,1,80,80021,2,1,1,2,ABBEVILLE (RUE D'),49.90825,2.26305
202000005778,20,7,2020,12,1,77,77258,2,1,1,6,SOUBRIARDE (AVENUE DE LA) - D10P,48.83396,2.64269
202000005779,21,7,2020,15,1,77,77305,2,1,7,6,ROSTAND (RUE EDMOND),48.398237,2.954936
202000005780,21,7,2020,12,1,77,77517,1,1,1,2,LAGNY (RUE DE),48.90617,2.662
202000005781,20,7,2020,0,5,76,76540,2,2,1,2,RONDEAUX. AVENUE JEAN,49.43188,1.07394
202000005782,21,7,2020,1,5,76,76108,2,1,1,7,RN 28 (ROUTE DE NEUFCHATEL),49.4605429,1.1101652
202000005783,18,7,2020,23,5,76,76351,2,3,1,6,JEAN JAURES (AVENUE),49.5005,0.16692
202000005784,21,7,2020,17,1,69,69266,2,1,2,3,ROGER SALENGRO     (Avenue),45.77943,4.88158
202000005785,20,7,2020,7,1,69,69115,2,1,1,-1,GRANGE ROLLIN (rue de la),45.97282,4.72236
202000005786,18,7,2020,14,1,67,67482,2,2,1,3,ROMAINS (ROUTE DES),48.579544,7.7156357
202000005787,21,7,2020,23,5,64,64445,2,1,1,-1,DUFAU,43.3055,-0.36774
202000005788,21,7,2020,11,1,64,64348,1,1,1,2,CHARLES DE GAULLE,43.31165,-0.41374
202000005789,21,7,2020,10,1,64,64445,2,1,1,7,PAIX,43.31849,-0.345
202000005790,20,7,2020,18,1,64,64269,1,1,1,7,TARBES DE,43.30112,-0.31381
202000005791,21,7,2020,14,1,64,64102,2,1,1,2,DUVERGIER DE HAURANNE (AVENUE),43.48597,-1.46613
202000005792,21,7,2020,9,1,64,64024,2,7,1,6,GENERAL LECLERC (PLACE DU),43.49497,-1.52953
202000005793,20,7,2020,15,1,63,63164,2,3,1,2,MITTERRAND ( Avenue François),45.83674,3.15824
202000005794,20,7,2020,16,1,62,62178,2,1,1,7,EVRARD ( FLORENT ),50.485627,2.546554
202000005795,20,7,2020,14,1,62,62400,2,2,1,3,PREMIER MAI ( DU ),50.4721477,2.5775383
202000005796,21,7,2020,19,1,59,59599,2,3,1,1,LILLE (RUE DE),50.72247,3.153354
202000005797,21,7,2020,16,1,59,59128,2,9,1,5,POINCARE RUE,50.645763,2.9624301
202000005798,21,7,2020,21,1,54,54300,2,7,1,1,PATTON (RUE DU GENERAL),48.65632,6.23128
202000005799,21,7,2020,14,1,51,51573,2,6,1,1,Avenue du 29 Août 1944,49.2473844,3.9991922
202000005800,21,7,2020,17,1,50,50002,1,9,1,6,RN 174 (2X2) Rocreuil-sortie Agneaux,49.11089,-1.1389
202000005801,21,7,2020,21,1,50,50218,2,1,1,6,PLAT GOUSSET (PROMENADE),48.843065,-1.593952
202000005802,18,7,2020,21,1,49,49353,2,1,1,3,JEAN JAURES RUE,47.44377,-0.49816
202000005803,18,7,2020,18,1,49,49007,2,1,1,2,ROI RENE BOULEVARD,47.46682,-0.55464
202000005804,17,7,2020,14,1,49,49267,2,1,1,2,Route d'ANGERS,47.46689,-0.49634
202000005805,20,7,2020,19,1,48,48095,1,1,1,7,route du Puy,44.53096,3.5257
202000005806,21,7,2020,19,1,45,45234,2,6,1,3,rond point de la tangentielle,47.9243,1.9412
202000005807,11,7,2020,19,1,44,44184,2,3,1,3,Avenue de Penhoet,47.28985,-2.19349
202000005808,20,7,2020,17,1,44,44109,2,1,1,6,Boulevard Emile Romanet,47.21024,-1.60373
202000005809,21,7,2020,19,1,37,37261,2,2,1,7,ROND POINT JEAN LE RESTE,47.4036257,0.7240247
202000005810,21,7,2020,17,1,37,37261,2,6,1,-1,EIFFEL (AVENUE GUSTAVE),47.4317587,0.6975205
202000005811,20,7,2020,19,1,37,37122,2,1,1,4,RD 37,47.3622009,0.6475578
202000005812,21,7,2020,8,1,37,37261,2,6,1,7,SAINT-SAUVEUR (ROND POINT),47.373797,0.6784434
202000005813,21,7,2020,21,2,35,35278,1,1,1,6,Les Buinado,48.1431,-1.6713
202000005814,21,7,2020,20,2,35,35051,2,6,1,3,RENNES (RUE DE),48.1143,-1.6152
202000005815,21,7,2020,19,1,35,35238,2,6,1,3,CHATEAU (AVENUE FRANCOIS),48.11153,-1.64611
202000005816,20,7,2020,19,1,33,33063,2,2,1,3,RUE MONTGOLFIER / RUE FRERE,44.85316,-0.57669
202000005817,11,7,2020,2,3,33,33162,2,1,1,6,AVE JEAN MERMOZ,44.86194,-0.66602
202000005818,21,7,2020,6,2,31,31555,2,1,1,3,217 Route d'Albi,43.643079,1.467716
202000005819,21,7,2020,23,5,29,29232,2,9,1,6,Rue de la Deesse,47.9935112,-4.104876
202000005820,21,7,2020,14,1,27,27681,2,1,1,2,AZEMIA (BOULEVARD GEORGES),49.07919,1.48809
202000005821,20,7,2020,11,1,27,27229,2,2,1,3,NEUBOURG (RUE DU),49.033993,1.129309
202000005822,21,7,2020,13,1,26,26281,2,4,1,1,78 bis Avenue Château Fleury,45.04113,5.0755
202000005823,7,7,2020,9,1,22,22113,2,6,1,2,MENDES FRANCE (BOULEVARD),48.7220622,-3.4817255
202000005824,21,7,2020,18,1,17,17300,2,1,1,6,DEMEOCQ   RUE JEAN,46.1523201,-1.1423636
202000005825,20,7,2020,16,1,17,17028,2,1,1,3,RENAN   RUE ERNEST,46.1290359,-1.1189449
202000005826,21,7,2020,18,1,14,14333,2,6,1,7,CARNOT (ROND POINT),49.4178043,0.2401757
202000005827,21,7,2020,19,1,06,06088,2,9,1,4,TURIN (RTE DE),43.7089722,7.2842967
202000005828,21,7,2020,12,1,06,06069,2,1,1,3,ROUQUIER (BOULEVARD EMMANUEL),43.63,6.94
202000005829,21,7,2020,12,1,06,06029,1,1,1,3,MIDI (BOULEVARD DU),43.549,6.9901
202000005830,18,7,2020,1,5,03,03094,2,1,1,6,Rue de l'Industrie,46.155621,3.4107318
202000005831,21,7,2020,12,1,75,75113,2,1,1,2,BOULEVARD PERIPHERIQUE,48.82158,2.379131
202000005832,21,7,2020,20,1,75,75119,2,4,1,3,PLACE DE LA PORTE DE PANTIN,48.889875,2.396629
202000005833,21,7,2020,20,1,75,75119,2,7,1,3,PLACE DE LA BATAILLE DE STALINGRAD,48.883287,2.369353
202000005834,20,7,2020,19,1,75,75116,2,1,1,3,AVENUE D IENA,48.866611,2.295027
202000005835,21,7,2020,19,1,75,75113,2,1,1,6,RUE RAYMOND ARON,48.835283,2.374709
202000005836,21,7,2020,13,1,75,75111,2,3,1,3,BOULEVARD DE MENILMONTANT,48.864836,2.385071
202000005837,20,7,2020,22,5,75,75111,2,5,1,3,BOULEVARD VOLTAIRE,48.850401,2.392506
202000005838,7,10,2020,19,2,75,75110,2,1,1,3,QUAI DE JEMMAPES,48.870943,2.366048
202000005839,21,7,2020,22,5,75,75108,2,7,1,3,PLACE DE LA CONCORDE,48.866653,2.322016
202000005840,21,7,2020,14,1,75,75108,2,2,1,3,BOULEVARD MALESHERBES,48.87378,2.320637
202000005841,20,7,2020,23,5,75,75108,2,2,1,3,AVENUE GEORGE V,48.868382,2.301115
202000005842,15,7,2020,18,2,75,75104,2,1,1,3,RUE SAINT ANTOINE,48.855006,2.361351
202000005843,21,7,2020,11,1,75,75104,2,3,1,7,RUE SAINT ANTOINE,48.85342,2.367191
202000005844,21,7,2020,10,1,94,94068,2,2,1,1,BAC (AV DU),48.797062,2.504878
202000005845,21,7,2020,9,1,94,94068,2,5,1,3,BAC (AV DU),48.79634,2.50673
202000005846,20,7,2020,19,1,94,94073,2,3,1,1,LEON MARCHAND (AV),48.76646,2.38648