Num_Acc,jour,mois,an,hr,condition_eclairage,departement,commune,condition_agglomeration,intersection,condition_atmosphere,type_collision,adresse,lattitude,longitude
202000005847,21,7,2020,21,2,94,94022,2,9,1,2,JEAN JAURES (R),48.7654,2.4085
202000005848,21,7,2020,18,1,94,94054,2,3,1,6,PAUL VAILLANT COUTURIER (R),48.7444,2.4009
202000005849,21,7,2020,6,1,94,94022,2,1,7,6,JEAN JAURES (R),48.7643,2.4059
202000005850,21,7,2020,18,1,94,94019,2,9,1,1,CROIX SAINT VINCENT (CHE DE LA),48.80093,2.52787
202000005851,21,7,2020,7,2,94,94017,2,6,1,3,SONIA DE LAUNAY (VOI),48.81172,2.53649
202000005852,20,7,2020,8,1,94,94017,2,1,1,6,PLESSIS TREVISE (R DU),48.80435,2.55312
202000005853,21,7,2020,19,1,94,94075,2,3,1,3,RENARD (ALL DU),48.7287,2.5232
202000005854,21,7,2020,14,1,93,93078,2,2,1,-1,DE GAULLE (AVENUE CHARLES),48.95821,2.55855
202000005855,21,7,2020,17,1,93,93070,2,1,1,3,JEAN-JAURES (BD),48.9134547,2.3356653
202000005856,21,7,2020,21,1,93,93066,2,1,1,6,LIBERATION RD14 (BOULEVARD),48.9280747,2.3413216
202000005857,21,7,2020,9,1,93,93077,2,3,1,3,GALLIENI (AVENUE DU GENERAL),48.8918915,2.5058543
202000005858,21,7,2020,17,1,93,93048,2,1,1,3,PASTEUR S3 (AVENUE),48.866272,2.4361747
202000005859,21,7,2020,17,1,93,93046,2,1,1,6,AV DU PDT FITZGERALD KENNEDY,48.915213,2.534109
202000005860,21,7,2020,7,2,93,93010,2,2,1,5,GUESDES (RUE JULES),48.9036627,2.4770432
202000005861,21,7,2020,19,2,93,93071,2,5,1,6,STALINGRAD (BOULEVARD DE),48.9353,2.5341
202000005862,21,7,2020,22,5,92,92075,2,1,1,3,JEAN BLEUZEN,48.8230069,2.2957698
202000005863,15,7,2020,21,2,92,92050,2,3,1,7,STALINGRAD RUE DE,48.8937599,2.1966369
202000005864,21,7,2020,12,1,92,92049,2,1,1,3,BRIAND AVENUE ARISTIDE AUTRES N°,48.8111742,2.3263979
202000005865,20,7,2020,22,5,92,92049,2,1,1,7,DARDAN RUE GERMAIN,48.8122072,2.3028454
202000005866,21,7,2020,14,1,92,92040,2,9,1,2,GALLIENI (BOULEVARD),48.8279579,2.2675277
202000005867,21,7,2020,19,1,92,92024,2,2,1,6,HENRI BARBUSSE (RUE) DE (1 A 73)   (2 A,48.90001,2.30621
202000005868,21,7,2020,9,1,17,17245,2,1,7,-1,30 Grande Rue,46.155612,-1.012014
202000005869,22,7,2020,9,1,84,84142,1,1,1,5,D31,43.959797,5.026551
202000005870,22,7,2020,8,1,71,71047,2,2,1,3,Rue du Musée,46.621667,3.7675298
202000005871,22,7,2020,17,1,31,31273,2,1,1,3,54 Route de Saint-pierre,43.6999161,1.5065455
202000005872,20,7,2020,10,1,84,84094,1,1,1,1,D71,44.278799,5.140105
202000005873,21,7,2020,22,2,63,63264,1,1,1,7,D983,45.623065,2.822818
202000005874,21,7,2020,18,1,57,57224,1,1,7,2,38 Rue de Metz,49.061976,6.675412
202000005875,19,7,2020,11,1,01,01194,2,3,1,3,Rue du Beaujolais,45.98559,4.754398
202000005876,22,7,2020,12,1,06,06130,1,1,1,6,D6085,43.71796,6.835409
202000005877,21,7,2020,17,1,58,58086,2,2,1,3,Rue du Ponceau,47.411739,2.927154
202000005878,21,7,2020,7,1,59,59016,2,2,1,3,rue du nord,50.965353,2.346423
202000005879,15,7,2020,16,1,974,97413,2,1,1,3,Rue du General de Gaulle,-21.158099,55.285268
202000005880,22,7,2020,17,1,30,30202,1,1,1,6,D343,44.257241,4.625373
202000005881,22,7,2020,20,1,62,62430,1,1,1,7,D6,50.153067,2.525504
202000005882,21,7,2020,20,2,56,56248,1,2,7,3,Grand Coëdigo,47.570822,-2.601013
202000005883,21,7,2020,10,1,56,56184,2,6,1,6,rue des acacias,47.668151,-2.450321
202000005884,21,7,2020,9,1,56,56123,1,1,1,7,La Chaussée,47.667757,-2.299511
202000005885,21,7,2020,6,1,76,76463,1,1,1,6,D1,49.426356,1.688547
202000005886,21,7,2020,18,1,76,76179,2,3,1,3,Rue Edmond Spalikowski,49.601048,1.115665
202000005887,22,7,2020,9,1,2B,2B343,2,1,1,4,7 Arena Soprana,42.498094,9.468316
202000005888,18,7,2020,18,1,80,80649,1,1,1,7,D940,50.344023,1.645052
202000005889,21,7,2020,18,1,82,82154,1,3,1,3,Lieu Dit Haut Castels,44.230729,1.137482
202000005890,22,7,2020,12,1,33,33437,1,1,1,5,D936,44.85504,-0.089929
202000005891,1,7,2020,16,1,61,61153,1,2,1,3,Zone d’Activite Actival d’Orne,48.727714,-0.052478
202000005892,21,7,2020,18,1,49,49135,1,2,7,3,Rue d'Epinard,47.562497,-0.585408
202000005893,21,7,2020,11,1,49,49378,1,6,1,6,D767,47.3081638,-0.0310587
202000005894,21,7,2020,20,1,49,49228,1,1,1,7,Bignon de Vert (Parçay-les-Pins),47.407568,0.150032
202000005895,22,7,2020,15,1,29,29220,1,3,1,3,D44 - 29 Rue de Menez Rouz,47.88374,-4.205114
202000005896,21,7,2020,9,1,84,84020,1,1,1,6,D36,43.814572,5.328562
202000005897,22,7,2020,16,1,01,01113,1,2,3,3,D26,46.177758,5.073146
202000005898,21,7,2020,14,1,50,50417,1,1,1,6,D902,49.589411,-1.316332
202000005899,22,7,2020,9,1,83,83095,1,1,1,7,RD560,43.555865,6.116756
202000005900,22,7,2020,7,1,60,60485,1,2,1,1,intersection d11 et d930,49.612656,2.17083
202000005901,22,7,2020,11,1,18,18110,1,1,1,6,D199,47.261663,2.938237
202000005902,21,7,2020,17,1,07,07010,2,1,1,2,27 Rue du Quebec,45.249884,4.680452
202000005903,22,7,2020,18,1,53,53126,1,2,1,3,La paisière,48.364803,-0.972344
202000005904,21,7,2020,20,1,53,53039,1,1,1,7,D30,48.156109,-0.95933
202000005905,20,7,2020,12,1,04,04013,1,1,1,2,RD 4085,44.127012,5.9790637
202000005906,19,7,2020,4,3,17,17253,1,1,1,6,D911,46.02626,-0.835927
202000005907,19,7,2020,6,3,24,24126,1,1,1,7,Planque,44.801281,0.518235
202000005908,21,7,2020,20,3,973,97307,2,1,1,6,Rue du Champ de Canne,4.888462,-52.318193
202000005909,21,7,2020,14,1,65,65062,1,1,1,2,A64,43.208571,0.136287
202000005910,21,7,2020,13,1,74,74264,2,1,1,2,114 Avenue du Mont Blanc,46.056303,6.567011
202000005911,18,7,2020,23,5,976,97612,2,1,1,4,Impasse Stade,-12.689453,45.07493
202000005912,22,7,2020,10,1,69,69044,2,1,1,2,2 Route de Sain-bel,45.775732,4.734287
202000005913,26,2,2020,14,1,21,21173,1,1,1,2,A31,47.0433777,4.8893795
202000005914,12,7,2020,16,1,971,97125,2,2,1,3,N4,16.256141,-61.289715
202000005915,21,7,2020,18,1,34,34135,1,1,1,7,cd 609,43.300773,3.153618
202000005916,21,7,2020,4,3,67,67336,1,1,1,1,D1083,48.450817,7.65696
202000005917,21,7,2020,17,1,69,69190,2,1,1,3,Rue Marcel Mérieux,45.768211,4.69923
202000005918,21,7,2020,12,1,81,81099,2,1,1,6,Rue Saint-jean,43.902384,1.891459
202000005919,21,7,2020,13,1,09,09306,1,1,1,6,Avenue de Sabart,42.832989,1.607974
202000005920,21,7,2020,13,1,16,16018,2,1,1,2,5 Chaussée de Gimeux,45.642873,-0.383376
202000005921,21,7,2020,15,1,13,13028,1,1,1,2,A50-Sens Aubagne vers Toulon,43.2050448,5.5902389
202000005922,21,7,2020,13,1,13,13005,1,1,1,7,A50-Sens Marseille vers Aubagne,43.288567,5.560682
202000005923,20,7,2020,19,1,13,13055,1,1,1,5,A507 sens Marseille - Aubagne,43.32997,5.396658
202000005924,20,7,2020,17,1,83,83137,1,1,1,5,A50,43.12655,5.89131
202000005925,20,7,2020,23,3,69,69272,1,1,1,-1,A46S   57.400 A 61.010,45.59414,4.84718
202000005926,21,7,2020,18,1,92,92050,1,1,1,2,A86,48.9088703,2.2144267
202000005927,20,7,2020,8,1,92,92048,1,1,1,-1,N118,48.7955155,2.2178484
202000005928,21,7,2020,21,2,93,93053,1,1,1,3,AUTOROUTE A3,48.88343,2.45856
202000005929,21,7,2020,17,1,93,93063,1,1,1,7,AUTOROUTE A3,48.87944,2.44947
202000005930,21,7,2020,7,1,93,93066,1,1,1,3,AUTOROUTE A1,48.9338,2.38069
202000005931,21,7,2020,7,1,94,94017,1,1,1,3,A4,48.8296743,2.4982711
202000005932,21,7,2020,7,1,77,77169,1,1,1,2,RN104.INT,48.81247,2.62878
202000005933,20,7,2020,18,1,77,77337,1,1,1,3,A4,48.8303864,2.6112166
202000005934,17,7,2020,23,5,94,94065,1,1,1,2,A86 INT,48.755221,2.34391
202000005935,20,7,2020,22,5,69,69387,2,2,1,3,JEAN JAURES                         (AV),45.74818,4.84368
202000005936,20,7,2020,16,1,69,69388,2,1,1,6,ETATS UNIS (DES)                    (BD),45.7261,4.87
202000005937,20,7,2020,13,1,69,69259,2,3,1,-1,FRANCIS DE PRESSENSE                (AV),45.71588,4.87144
202000005938,20,7,2020,11,1,69,69383,2,1,1,2,LAFAYETTE                           (CO),45.76359,4.85021
202000005939,20,7,2020,19,1,2A,2A004,2,3,1,3,MARECHAL JUIN AVENUE,41.9341287,8.7506722
202000005940,19,7,2020,15,1,95,95539,2,1,1,1,Avenue Jean Moulin,48.9947,2.3653
202000005941,18,7,2020,12,1,91,91477,2,2,1,3,VALLEE (CHEMIN DE LA),48.72388,2.23832
202000005942,20,7,2020,17,1,91,91377,2,1,1,6,PREMIER MAI (BOULEVARD DU),48.7335,2.2623
202000005943,16,7,2020,9,1,91,91552,2,3,1,3,ALLENDE SALVADOR (AVENUE),48.59117,2.25794
202000005944,13,7,2020,10,1,91,91425,2,2,1,5,ORLEANS (ROUTE D'),48.63408,2.26611
202000005945,20,7,2020,1,5,83,83137,2,5,1,3,BLACHE (PLACE NOEL),43.1241,5.9363
202000005946,20,7,2020,8,1,83,83069,2,1,1,1,DECUGIS (AVENUE ALFRED),43.1149774,6.1554819
202000005947,19,7,2020,22,2,76,76231,2,1,1,4,RN 840 (ROUTE DU NEUBOURG),49.278669,1.005934
202000005948,17,7,2020,16,1,76,76705,1,6,1,7,PICARD. AVENUE GUSTAVE,49.32892,1.10207
202000005949,20,7,2020,12,1,74,74119,2,1,1,2,JAURES (BOULEVARD JEAN),46.39981,6.59786
202000005950,19,7,2020,20,1,71,71306,2,1,1,1,NANCY (RUE DE),46.6740158,4.343518
202000005951,20,7,2020,18,1,69,69266,2,3,1,3,ALSACE   (Rue d'),45.7637802,4.8699254
202000005952,19,7,2020,14,1,67,67482,2,1,1,3,LYON (BOULEVARD DE),48.57602,7.73212
202000005953,18,7,2020,19,1,67,67482,2,1,1,3,RAOUL CLAINCHARD (RUE),48.54185,7.77636
202000005954,19,7,2020,12,1,64,64445,2,1,1,-1,ALLEES DE MORLAAS DES,43.3045,-0.34903
202000005955,20,7,2020,14,1,64,64024,2,6,1,7,BARRE (PROMENADE DE LA),43.4961,-1.5288
202000005956,13,7,2020,7,1,63,63124,2,2,1,6,D216,45.7300664,3.1908015
202000005957,7,7,2020,9,1,59,59350,2,3,1,6,MAUBEUGE RUE N°1 - 32,50.6243142,3.0711561
202000005958,17,7,2020,23,3,56,56121,1,1,1,2,RN165 sens Brest-Nantes,47.76936,-3.37843
202000005959,3,9,2020,19,1,44,44172,2,6,1,3,Rond Point des Bornes,47.274971,-1.468306
202000005960,16,10,2020,20,5,60,60313,2,3,1,3,37 Rue de Mouy,49.3555313,2.2531677
202000005961,17,10,2020,11,1,80,80383,1,1,1,2,A1,49.724618,2.779026
202000005962,16,10,2020,18,1,13,13055,1,1,1,2,A507 sens Marseille - Aubagne,43.32986,5.403007
202000005963,16,10,2020,16,1,13,13211,1,1,1,2,A50-Sens Aubagne vers Marseille,43.29123,5.48504
202000005964,16,10,2020,9,1,13,13071,1,1,1,4,A7-Sens Marseille vers Lyon,43.402944,5.345433
202000005965,14,10,2020,8,1,69,69283,1,1,1,2,A46S  ,45.6741,4.9503
202000005966,16,10,2020,8,1,33,33080,1,1,1,3,AUTOROUTE A 62,44.75974,-0.54633
202000005967,14,10,2020,8,1,33,33249,1,1,1,3,ROCADE A 630,44.88473,-0.51613
202000005968,16,10,2020,7,1,78,78362,1,1,1,2,A13,48.977009,1.716873
202000005969,15,10,2020,15,1,95,95277,2,1,1,6, A3,48.972771,2.486684
202000005970,16,10,2020,7,3,93,93051,1,1,1,5,A4,48.836557,2.548272
202000005971,15,10,2020,7,1,976,97611,2,1,1,6,tsoundzou-Maternelle ( rue de la ),-12.81598,45.19925
202000005972,14,10,2020,20,3,974,97416,1,1,1,3,ANCIENNE RN 1,-21.22223,55.44492
202000005973,14,10,2020,19,1,974,97416,1,1,1,6,Chemin Bassin Plat,-21.33123,55.49038
202000005974,14,10,2020,15,1,974,97409,2,3,1,3,Rue de Cambuston,-20.933091,55.652114
202000005975,14,10,2020,18,1,974,97407,2,9,1,3,VOIE DE LIAISON PORTUAIRE EST/ OUEST,-20.93027,55.30149
202000005976,15,10,2020,17,1,973,97302,2,1,1,3,MANDELA  (BOULEVARD),4.93747,-52.3258
202000005977,15,10,2020,20,5,69,69387,2,2,1,1,GAMBETTA                            (CO),45.7521,4.8522
202000005978,15,10,2020,17,2,69,69387,2,2,1,1,GUILLOTIERE (DE LA)                 (GR),45.74794,4.8562
202000005979,15,10,2020,13,1,69,69383,2,1,1,-1,VICTOR AUGAGNEUR                    (QU),45.75926,4.84094
202000005980,15,10,2020,13,1,69,69202,2,1,8,6,CHAVRIL (DE)                        (R ),45.7466772,4.8011967
202000005981,14,10,2020,12,1,971,97101,1,1,2,6,DES FINANCES - MORNE CARUEL (RUE),16.26819,-61.51171
202000005982,13,10,2020,8,1,95,95585,2,1,1,6,Rue Victor Hugo,48.99811,2.38263
202000005983,13,10,2020,8,1,91,91552,2,1,3,5,RTE DE LEUVILLE,48.6028,2.25698
202000005984,11,10,2020,17,1,91,91549,2,1,1,2,RD 117,48.64017,2.33317
202000005985,11,10,2020,0,5,91,91552,1,1,1,2,CD 19,48.57723,2.28667
202000005986,10,10,2020,11,1,91,91549,2,1,1,6,GABRIEL PERI (AVENUE),48.65266,2.31538
202000005987,6,10,2020,13,1,91,91570,2,9,1,3,ROSIERES (RUE),48.6258,2.31382
202000005988,14,10,2020,17,1,87,87085,2,1,2,4,REVOLUTION (PONT DE LA),45.8199,1.26479
202000005989,14,10,2020,20,5,87,87065,2,3,2,7,MERMOZ (RUE JEAN-),45.81596,1.3086
202000005990,14,10,2020,16,1,87,87065,1,1,2,6,AUTOROUTE A20,45.79878,1.29628
202000005991,15,10,2020,13,1,83,83090,2,1,1,3,NATIONALE 8 (ROUTE),43.1327345,5.8648999
202000005992,14,10,2020,8,1,76,76540,2,1,1,2,MARNE. BOULEVARD DE LA,49.4462,1.08839
202000005993,14,10,2020,18,1,76,76575,2,1,1,6,UNIVERSITE. AVENUE DE L',49.38684,1.06603
202000005994,14,10,2020,15,1,76,76165,2,3,1,3,FAURE. RUE FELIX,49.28714,1.02294
202000005995,15,10,2020,18,1,76,76349,2,3,1,3,CABARET (RUE DU),49.89309,1.03138
202000005996,31,8,2020,9,1,69,69264,2,1,1,3,BARBUSSE HENRI  (boulvard),45.9799,4.7162
202000005997,15,10,2020,8,1,69,69264,2,1,1,3,GAMBETTA  BD,45.9908798,4.7150969
202000005998,14,10,2020,18,2,67,67482,2,1,2,1,NANTES (RUE DE),48.5718,7.78
202000005999,15,10,2020,10,1,66,66136,2,1,1,3,LANGUEDOC (AVENUE DU CD 88),42.72245,2.88653
202000006000,15,10,2020,9,1,64,64445,2,6,1,3,DROITS DE L' HOMME DES,43.31306,-0.36896
202000006001,15,10,2020,15,1,64,64102,2,6,8,3,9 chemin des barthes,43.49792,-1.4937
202000006002,15,10,2020,8,2,64,64024,2,3,3,6,BARTHES (RUE DES),43.4835,-1.51088
202000006003,15,10,2020,16,1,59,59599,2,1,1,6,PAPIN (CHAUSSEE DENIS),50.73265,3.14312
202000006004,15,10,2020,18,2,59,59346,2,9,1,3,APPERT NICOLAS RUE,50.60407,3.13374
202000006005,14,10,2020,11,1,59,59346,2,9,1,2,LEZENNES BOULEVARD DE,50.61807,3.1097
202000006006,15,10,2020,6,2,58,58194,2,3,1,3,PETIT MOUESSE,46.98881,3.17205
202000006007,12,10,2020,3,4,57,57672,2,1,2,6,BREUIL (BOUCLE DU),49.3679885,6.1084413
202000006008,15,10,2020,7,2,56,56260,2,1,1,1,PAIX(BLD DE LA) 41 A 109 ET 52 A 124,47.66138,-2.75649
202000006009,14,10,2020,17,1,56,56121,2,3,1,3,BELGIQUE (RUE  DE ),47.75976,-3.38152
202000006010,14,10,2020,19,5,54,54395,2,3,2,3,MOUILLERON (RUE GABRIEL),48.6849367,6.1753904
202000006011,14,10,2020,19,5,54,54395,2,1,2,6,CARMES (RUE DES),48.690496,6.181296
202000006012,14,10,2020,18,5,54,54395,2,2,2,3,BRABOIS (AVENUE DE),48.6718,6.1613
202000006013,13,10,2020,7,2,54,54395,2,1,1,5,FOLLER (RUE),48.6863,6.19365
202000006014,15,10,2020,17,1,51,51454,2,2,1,7,Rue Ambroise Petit,49.2401435,4.041466
202000006015,13,10,2020,15,1,50,50129,2,1,1,6,NAPOLEON (PLACE),49.64281,-1.62407
202000006016,14,10,2020,11,1,50,50129,2,1,8,3,DOM PEDRO (RUE ),49.64055,-1.61212
202000006017,14,10,2020,16,1,49,49099,2,3,1,3,ANJOU (RUE DE L'),47.074472,-0.8438935
202000006018,13,10,2020,20,2,49,49007,1,1,2,4,ATLANTIQUE  AVENUE DE L',47.46951,-0.59211
202000006019,13,10,2020,17,2,49,49007,2,1,1,3,Rue de Buffon,47.47642,-0.547547
202000006020,14,10,2020,15,5,49,49007,2,1,5,6,POIREL BOULEVARD,47.4597,-0.5605
202000006021,9,10,2020,11,1,44,44109,2,1,2,1,Bd Meusnier de Querlon,47.22764,-1.57445
202000006022,10,10,2020,16,1,41,41269,2,1,1,3,CHASSEURS (RUE DU 20EME),47.80337,1.06636
202000006023,16,10,2020,1,3,37,37208,2,1,1,7,MIDY (RUE DE LA),47.3539855,0.7517663
202000006024,15,10,2020,7,1,37,37261,2,1,1,3,EIFFEL (AVENUE GUSTAVE),47.4261004,0.6969158
202000006025,15,10,2020,7,4,35,35238,2,1,8,6,REPUBLIQUE (PLACE DE LA),48.1102,-1.67871
202000006026,14,10,2020,17,1,35,35238,2,9,1,3,FOULON (AVENUE PROFESSEUR CHARLES),48.11916,-1.64926
202000006027,15,10,2020,7,5,33,33039,2,4,1,3,ALL BOYER,44.80941,-0.53734
202000006028,15,10,2020,10,1,31,31555,2,1,1,3,AV ALBERT BEDOUCE,43.57832,1.45783
202000006029,14,10,2020,18,2,31,31555,2,1,1,1,AV DE LATTRE DE TASSIGNY,43.57661,1.43626
202000006030,14,10,2020,17,1,31,31555,1,1,2,4,RD901,43.61713,1.39384
202000006031,14,10,2020,12,1,31,31555,2,1,3,3,PORT SAINT SAUVEUR,43.59802,1.45589
202000006032,13,10,2020,20,5,31,31555,2,1,2,3,BD LASCROSSES,43.60979,1.43276
202000006033,14,10,2020,15,1,29,29019,2,3,1,3,Rue Dupetit Thouars,48.3788746,-4.5203934
202000006034,14,10,2020,12,1,29,29019,2,1,2,2,D112 - Pen Ar Chleuz,48.4150638,-4.4797467
202000006035,15,10,2020,8,1,27,27229,2,6,1,3,ORLEANS (RUE D'),48.99856,1.15489
202000006036,15,10,2020,18,1,26,26198,2,3,2,3,70 Avenue de Rochemaure,44.56374,4.73985
202000006037,14,10,2020,12,1,22,22113,2,1,1,2,LOGUIVY (LIEU DIT),48.738708,-3.477897
202000006038,14,10,2020,6,5,21,21054,2,1,2,5,Boulevard Maréchal Joffre,47.026167,4.842561
202000006039,15,10,2020,22,5,17,17306,2,1,1,6,PONTAILLAC (DE) (AVENUE),45.625031,-1.047742
202000006040,15,10,2020,20,5,13,13207,2,1,1,3,CHARLES LIVON (BOULEVARD),43.2921,5.359
202000006041,15,10,2020,19,5,13,13211,2,2,1,3,VALBARELLE (BOULEVARD DE LA ),43.288608,5.454804
202000006042,15,10,2020,14,1,13,13207,2,1,1,3,CORDERIE (BOULEVARD DE LA),43.29021,5.368582
202000006043,15,10,2020,8,1,13,13206,2,1,1,3,BRETEUIL (RUE),43.286532,5.377394
202000006044,14,10,2020,10,1,10,10387,2,6,1,3,ST DOMINIQUE (MAIL),48.29488,4.08189
202000006045,9,10,2020,9,1,08,08174,2,1,2,7,SAINT-MENGES (ROUTE DE),49.73062,4.92581
202000006046,15,10,2020,15,1,06,06088,2,1,1,5,ANGLAIS (A PARTIR DU N° 351),43.66961,7.22205
202000006047,15,10,2020,15,1,06,06027,2,3,1,3,CHENES AVENUE DES,43.6616,7.1658
202000006048,15,10,2020,8,1,06,06027,2,1,1,6,BESSET AVENUE CYRILLE,43.659707,7.158226
202000006049,15,10,2020,21,5,03,03185,2,2,2,3,,46.3281896,2.6086831
202000006050,13,10,2020,8,1,75,75116,2,4,2,2,PORTE D AUTEUIL,48.843922,2.254874
202000006051,15,10,2020,15,1,75,75120,2,3,1,6,RUE DE MENILMONTANT,48.867533,2.385094
202000006052,14,10,2020,9,1,75,75120,2,2,8,3,RUE DE MENILMONTANT,48.868647,2.389575
202000006053,15,10,2020,17,1,75,75118,2,1,1,7,BOULEVARD NEY,48.898329,2.361658
202000006054,15,10,2020,9,1,75,75118,2,3,1,6,RUE MARX DORMOY,48.886847,2.359665
202000006055,15,10,2020,8,1,75,75116,2,1,1,6,AVENUE DE VERSAILLES,48.843606,2.269899
202000006056,14,10,2020,22,5,75,75116,2,2,1,7,RUE RAYNOUARD,48.853726,2.277434
202000006057,15,10,2020,19,5,75,75114,2,1,1,6,AVENUE DU MAINE,48.833796,2.324471
202000006058,15,10,2020,9,1,75,75114,2,1,1,2,AVENUE RENE COTY,48.831275,2.333399
202000006059,15,10,2020,19,5,75,75113,2,5,1,3,AVENUE DES GOBELINS,48.836833,2.351802
202000006060,15,10,2020,11,1,75,75112,2,1,1,3,AVENUE DAUMESNIL,48.84052,2.391681
202000006061,15,10,2020,8,1,75,75112,2,1,8,3,PONT D AUSTERLITZ,48.845121,2.36637
202000006062,15,10,2020,19,5,75,75111,2,7,1,2,PLACE LEON BLUM,48.858254,2.37936
202000006063,15,10,2020,14,1,75,75111,2,2,1,3,BOULEVARD RICHARD LENOIR,48.866254,2.369593
202000006064,15,10,2020,7,5,75,75111,2,1,1,6,RUE DE CHARONNE,48.85522,2.387801
202000006065,15,10,2020,14,1,75,75110,2,1,1,6,RUE DU FAUBOURG SAINT DENIS,48.878928,2.356902
202000006066,15,10,2020,11,1,75,75110,2,1,1,7,RUE D HAUTEVILLE,48.874587,2.350722
202000006067,15,10,2020,17,1,75,75108,2,3,1,6,RUE DE ROME,48.877207,2.323073
202000006068,15,10,2020,12,1,75,75108,2,3,1,6,RUE LA BOETIE,48.874387,2.318642
202000006069,15,10,2020,10,1,75,75108,2,1,1,3,AVENUE DES CHAMPS ELYSEES,48.871511,2.302054
202000006070,15,10,2020,9,1,75,75108,2,1,1,3,RUE SAINT LAZARE,48.875449,2.325415
202000006071,14,10,2020,18,1,75,75108,2,3,1,1,AVENUE CESAR CAIRE,48.876693,2.31931
202000006072,15,10,2020,15,1,75,75115,2,5,1,6,RUE DE LA CROIX NIVERT,48.838627,2.289481
202000006073,14,10,2020,8,1,75,75101,2,2,2,7,BOULEVARD DE SEBASTOPOL,48.859527,2.348797
202000006074,14,10,2020,9,1,75,75101,2,1,2,2,RUE DE RIVOLI,48.860631,2.341774
202000006075,15,10,2020,13,1,94,94081,2,1,1,3,LUDWIG VAN BEETHOVEN (R),48.79792,2.38032
202000006076,15,10,2020,8,1,94,94081,2,1,1,3,LUCIEN FRANCAIS (AV),48.78776,2.38751
202000006077,14,10,2020,7,2,94,94068,2,2,2,3,BAC (AV DU),48.7945415,2.5115111
202000006078,13,10,2020,7,5,94,94068,2,1,2,6,BAGAUDES (BD DES),48.809269,2.466269
202000006079,15,10,2020,3,5,94,94052,2,1,1,1,PONT DE NOGENT,48.8321,2.493
202000006080,15,10,2020,19,5,94,94046,2,3,1,7,VICTOR HUGO (R),48.799789,2.44298
202000006081,14,10,2020,8,1,94,94003,2,3,2,3,PAUL VAILLANT COUTURIER (AV),48.80371,2.33819
202000006082,15,10,2020,13,1,94,94041,2,1,1,2,MARCEL HARTMANN (R),48.80741,2.38459
202000006083,15,10,2020,13,1,94,94034,2,1,1,7,TUILERIE (R DE LA),48.75809,2.32045
202000006084,14,10,2020,12,1,94,94019,2,2,1,3,D'AMBOILE (R),48.7905,2.53197
202000006085,14,10,2020,8,2,93,93070,2,3,2,3,GABRIEL-PERI (AV),48.90783,2.33238
202000006086,15,10,2020,15,1,93,93014,2,1,1,3,AV JEAN MOULIN,48.9087212,2.5543801
202000006087,15,10,2020,19,5,93,93010,2,1,1,4,GALLIENI (AV.) DE 132 A 186,48.9065878,2.485846
202000006088,15,10,2020,13,1,93,93010,2,1,1,-1,BLUM (AV. LEON),48.9152642,2.4789839
202000006089,15,10,2020,8,1,93,93010,2,9,1,3,SAINT-LOUIS PROLONGE (RUE),48.8905044,2.495499
202000006090,13,10,2020,8,1,92,92063,2,6,2,3,PERRET (RUE AUGUSTE),48.8901,2.16735
202000006091,11,10,2020,15,1,92,92063,2,2,1,3,COLMAR (AVENUE DE),48.88675,2.17436
202000006092,15,10,2020,9,1,92,92062,2,9,1,6,CONTRE ALLEE GENERAL DE GAULLE,48.8867457,2.2306259
202000006093,15,10,2020,13,1,92,92024,2,3,1,6,CLAUDE DEBUSSY (AVENUE),48.9093153,2.3078335
202000006094,15,10,2020,8,1,92,92024,2,1,8,6,MADAME DE SANZILLON (RUE),48.9035,2.3166
202000006095,14,10,2020,13,1,92,92060,2,6,8,3,PAUL LANGEVIN (AVENUE) (RD 2),48.7762885,2.2497095
202000006096,14,10,2020,22,3,62,62704,1,1,1,6,D928,50.5679069,2.0960453
202000006097,15,10,2020,18,1,22,22209,1,1,1,1,D768,48.57588,-2.174724
202000006098,15,10,2020,16,1,06,06033,1,1,1,1,1ère Avenue,43.775498,7.212117
202000006099,16,10,2020,11,1,60,60176,2,1,1,6,70 Rue Nationale,49.2368556,2.8878884
202000006100,16,10,2020,3,3,36,36200,1,1,1,6,,46.6137571,1.5329877
202000006101,16,10,2020,18,3,57,57244,1,1,8,3,D98c,48.713859,7.219198
202000006102,16,10,2020,8,1,51,51492,2,1,1,6,D440,48.553305,3.781447
202000006103,13,10,2020,17,1,19,19093,1,6,2,7,Montplaisir,45.1011461,1.5722658
202000006104,16,9,2020,16,1,19,19093,1,3,1,1,Route du Dougnoux,45.0858137,1.542397
202000006105,16,10,2020,1,5,80,80732,2,1,1,6,726 Rue Saint-claude,49.882436,1.724955
202000006106,16,10,2020,6,2,42,42274,1,1,2,6,D8,45.916412,3.979786
202000006107,15,10,2020,21,3,42,42235,1,1,2,6,Route de Valprivas,45.363929,4.036617
202000006108,16,10,2020,16,1,46,46145,1,1,1,1,D803,44.910146,1.499698
202000006109,15,10,2020,12,1,34,34142,2,1,1,6,17 Avenue Denfert Rochereau,43.73079,3.324035
202000006110,16,10,2020,7,4,68,68055,2,2,1,6,85 Rue Principale,47.6936794,7.3613447
202000006111,15,10,2020,15,1,44,44069,1,1,1,2,12 Avenue Paul Gauguin CD 192,47.287381,-2.410727
202000006112,15,10,2020,11,1,38,38001,1,3,1,1,Route de Maroc,45.553431,5.562594
202000006113,15,10,2020,19,5,38,38182,2,1,9,2,Avenue de l'Europe,45.39399,5.42577