Num_Acc,jour,mois,an,hr,condition_eclairage,departement,commune,condition_agglomeration,intersection,condition_atmosphere,type_collision,adresse,lattitude,longitude
202000006114,15,10,2020,17,1,02,02257,1,9,7,1,L'Épine de Dallon,49.826377,3.240677
202000006115,15,10,2020,16,1,58,58273,1,1,1,1,RD978 carrefour de faye,46.999178,3.280261
202000006116,16,10,2020,5,3,72,72007,1,1,1,6,Lieu Dit Combray,47.995619,0.447752
202000006117,15,10,2020,21,3,90,90085,1,1,2,6,D24,47.764661,6.869486
202000006118,16,10,2020,7,2,45,45264,1,1,1,1,D2157 - PR 15 + 77,47.928348,1.703132
202000006119,16,10,2020,5,3,07,07110,1,1,1,7,D104,44.472245,4.236603
202000006120,16,10,2020,6,3,04,04166,2,1,1,6,RD 11,43.808758,6.10871
202000006121,15,10,2020,8,2,30,30075,1,1,1,3,Route de Nimes D40,43.81948,4.294624
202000006122,15,10,2020,15,1,65,65010,1,1,4,4,A64,43.1993052,0.1647121
202000006123,16,10,2020,13,1,95,95678,1,1,1,3,N184,49.0762586,2.246649
202000006124,15,10,2020,4,3,988,98821,1,1,1,2,V.E.2,-22.14965,166.36991
202000006125,15,10,2020,15,1,973,97305,1,4,1,3,PK 16+300 - RN 1,4.941786,-52.413411
202000006126,15,10,2020,18,5,21,21171,2,1,1,6,32 Avenue de la République,47.299751,5.134928
202000006127,15,10,2020,18,3,77,77145,1,2,1,3,N36,48.591881,2.726047
202000006128,15,10,2020,18,1,91,91243,1,2,1,1,rue du rouget /D3,48.625066,2.173383
202000006129,15,10,2020,14,1,91,91156,1,1,1,5,D449,48.561549,2.264066
202000006130,16,10,2020,1,3,30,30130,1,1,1,7,D906,44.338694,3.952471
202000006131,16,10,2020,14,1,83,83047,1,1,1,3,D554,43.139669,6.08016
202000006132,13,10,2020,16,1,06,06048,2,3,1,3,433 Route Departementale 2204,43.784245,7.341207
202000006133,14,10,2020,19,3,13,13014,1,3,1,3,voie jean pierre lyon / chemin de l'érodrome,43.528187,5.18309
202000006134,16,10,2020,14,1,54,54418,1,1,8,1,D2,48.6788127,6.5781605
202000006135,12,10,2020,18,3,42,42073,1,1,1,6,Chemin de Balais,45.7806372,4.2804116
202000006136,16,10,2020,17,1,09,09261,2,6,1,1,34 Avenue d'Aulot,42.981258,1.150507
202000006137,16,10,2020,14,1,14,14106,1,1,1,3,Bréville-les-Monts,49.225741,-0.232032
202000006138,16,10,2020,2,3,60,60141,2,1,1,7,D924a,49.1748553,2.5001607
202000006139,14,10,2020,10,2,60,60579,1,1,8,3,D85,49.347193,2.914144
202000006140,16,10,2020,18,1,59,59409,2,1,1,7,Rue d'Emerchicourt,50.306448,3.2186
202000006141,16,10,2020,14,1,59,59254,1,1,1,6,D140a,50.27748,3.184458
202000006142,21,9,2020,19,1,59,59581,1,4,1,3,Rue du Kirlem,50.679261,2.764472
202000006143,14,10,2020,17,1,13,13081,1,1,1,4,A7-Sens Marseille vers Lyon,43.4867,5.24092
202000006144,10,10,2020,10,1,13,13215,1,1,1,6,A7-Sens Lyon vers Marseille,43.35955,5.36202
202000006145,15,10,2020,7,1,13,13056,1,1,1,6,A55-Sens Martigues vers Marseille,43.39791,5.07907
202000006146,15,10,2020,7,1,13,13088,1,1,1,3,A55-Sens Martigues vers Marseille,43.37994,5.2191
202000006147,14,10,2020,14,1,13,13005,1,1,1,2,A52-Sens Pont de l'Etoile vers Toulon,43.28665,5.58538
202000006148,10,10,2020,18,1,83,83137,1,1,1,2,A57,43.12132,5.95331
202000006149,15,10,2020,18,1,33,33249,1,1,1,2,ROCADE A 630,44.88178,-0.52269
202000006150,15,10,2020,0,3,33,33080,1,1,2,6,AUTOROUTE A 62,44.72936,-0.52897
202000006151,15,10,2020,18,3,94,94038,1,1,1,4,AUTOROUTE A6A,48.77553,2.34637
202000006152,15,10,2020,15,1,92,92036,1,1,1,2,A86,48.9345036,2.2581631
202000006153,22,8,2020,0,3,30,30191,1,1,1,6,Route du Treillas,44.1248749,4.6790533
202000006154,21,8,2020,20,2,77,77006,2,4,1,6,D409,48.412796,2.565747
202000006155,18,8,2020,10,1,51,51514,1,9,1,3,N4,48.7205096,3.773093
202000006156,21,8,2020,17,1,19,19114,1,9,1,6,Les combeaux,45.6117134,2.295506
202000006157,21,8,2020,10,1,19,19062,2,1,1,6,42 AVENUE DE LA GARE,45.3708169,1.8735584
202000006158,21,8,2020,18,1,79,79293,1,1,1,-1,Rue de Benet,46.372591,-0.535326
202000006159,21,8,2020,13,1,31,31056,1,6,1,3,Place de la Mairie,43.669734,1.358013
202000006160,15,8,2020,21,2,65,65291,1,1,2,2,D821,43.063824,-0.041907
202000006161,21,8,2020,15,1,33,33540,1,3,1,2,D102,45.376071,-1.137916
202000006162,21,8,2020,18,1,63,63178,2,3,1,6,102 Boulevard de Barrière,45.5432377,3.2416741
202000006163,22,8,2020,10,1,55,55344,1,1,1,3,Montbras,48.5261713,5.6902541
202000006164,22,8,2020,13,1,12,12246,1,1,1,6,D963,44.6277189,2.2472243
202000006165,18,8,2020,11,1,12,12241,1,2,1,3,Route départementale 12 puech,44.32133,2.646375
202000006166,21,8,2020,18,1,34,34031,1,1,1,6,Chemin d'Agde,43.347699,3.43724
202000006167,22,8,2020,6,2,34,34268,1,1,1,7,D144,43.713867,3.43297
202000006168,21,8,2020,22,5,34,34119,2,1,1,1,17 Avenue de l'Espinouse,43.593312,3.112485
202000006169,21,8,2020,15,1,22,22158,1,2,6,3,Pont Quemer (Mûr-de-Bretagne),48.203091,-2.965418
202000006170,9,8,2020,10,1,22,22325,1,2,1,3,Rue du Clos de Pierre,48.6514923,-2.8533427
202000006171,21,8,2020,11,1,44,44069,1,1,1,6,D92,47.304746,-2.455498
202000006172,21,8,2020,19,1,29,29026,1,3,1,-1,D887 - 70 Rue de Kerlobret,48.192592,-4.109323
202000006173,21,8,2020,19,1,29,29075,2,6,1,2,Rue Anne de Bretagne,48.436775,-4.407341
202000006174,22,8,2020,13,1,03,03290,1,3,1,2,RN 7 / C3,46.6504321,3.271736
202000006175,22,8,2020,12,1,26,26069,1,1,1,6,D 518,44.836463,5.392039
202000006176,22,8,2020,15,1,58,58198,1,3,1,3,D977,47.457127,3.461927
202000006177,21,8,2020,18,2,45,45111,1,1,1,6,D109-PR8+700,48.0612149,2.2352173
202000006178,4,8,2020,19,1,64,64558,2,1,1,1,35 Chemin Barberaenea,43.444478,-1.446247
202000006179,21,8,2020,17,1,73,73114,2,1,1,3,D1212 Avenue de Savoie,45.8164548,6.51222
202000006180,22,8,2020,11,1,16,16247,1,1,1,5,Lieu dit l'Ormeau,45.52191,-0.092488
202000006181,22,8,2020,10,1,16,16382,1,1,1,6,Lieu dit les Chénevaux,45.5616,0.231603
202000006182,21,8,2020,17,1,21,21378,1,1,1,7,D965,47.8546535,4.4199398
202000006183,17,8,2020,19,1,40,40031,1,1,1,6,chemin  de la barthe,43.818071,-0.855925
202000006184,22,8,2020,17,1,40,40077,1,1,1,1,906 Route de Labatut,43.547467,-1.051362
202000006185,22,8,2020,13,1,04,04108,2,1,1,1,RN 85,44.050367,6.024805
202000006186,21,8,2020,21,3,27,27011,1,1,1,7,D85,49.23415,0.91665
202000006187,21,8,2020,17,1,17,17127,2,2,1,3,Rue de Ferrieres,46.240793,-0.817899
202000006188,22,8,2020,5,3,23,23055,2,1,1,6,Châtelard,45.966167,2.469199
202000006189,11,8,2020,23,3,08,08362,1,1,1,7,Route départementale 946,49.521493,4.349272
202000006190,22,8,2020,4,3,76,76593,1,1,1,7,autoroute A29. ,49.585,0.4446
202000006191,18,8,2020,23,3,17,17116,1,1,1,2,A10,45.405377,-0.601727
202000006192,22,8,2020,12,1,33,33042,1,1,1,5,A63,44.51613,-0.84013
202000006193,21,8,2020,16,1,13,13032,1,3,1,1,Route de Pelissanne Cd17,43.576275,5.343974
202000006194,21,8,2020,6,2,69,69242,1,1,1,2,A6 PK 409.900,46.126497,4.764419
202000006195,21,8,2020,20,2,45,45036,1,1,1,6,Les Marches,47.77008,2.684226
202000006196,20,8,2020,14,1,77,77486,1,1,1,1,D231,48.701328,3.063898
202000006197,22,8,2020,8,1,77,77238,1,1,1,3,D402,48.895012,3.099056
202000006198,22,8,2020,16,1,2B,2B314,1,1,1,7,D81,42.660947,9.229674
202000006199,21,8,2020,18,1,83,83127,1,1,7,1,D202,43.27469,5.915194
202000006200,22,8,2020,16,1,13,13084,1,1,1,6,D561,43.71555,5.339999
202000006201,21,8,2020,19,1,13,13041,1,1,1,7,Gardanne,43.452034,5.495244
202000006202,21,8,2020,18,1,67,67364,2,1,1,6,37 Rue des Pierres,48.401236,7.637832
202000006203,22,8,2020,1,3,88,88177,2,1,1,1,16 Route des Founelles,48.074687,6.733464
202000006204,15,8,2020,18,1,57,57663,2,2,1,3,grand rue,49.237149,6.172578
202000006205,22,8,2020,17,1,07,07086,2,2,1,7,Chemin de Beaudier,45.100673,4.723579
202000006206,21,8,2020,19,1,17,17164,1,1,1,7,D129,45.773749,-0.568006
202000006207,21,8,2020,18,1,22,22300,1,4,8,1,"D7, D 41",48.268514,-2.831586
202000006208,21,8,2020,15,1,13,13215,1,1,1,6,A7-Sens Lyon vers Marseille,43.3482,5.371
202000006209,19,8,2020,23,3,57,57303,1,1,8,6,Autoroute A31,49.20243,6.1754
202000006210,21,8,2020,18,1,33,33122,1,1,2,6,AUTOROUTE A 63,44.72083,-0.73845
202000006211,21,8,2020,13,1,33,33063,1,1,2,3,ROCADE A 630,44.88408,-0.55927
202000006212,21,8,2020,16,1,91,91661,1,1,1,3,AUTOROUTE A10,48.6999,2.2458
202000006213,21,8,2020,13,1,78,78043,1,1,1,2,A13W,48.84224,2.093001
202000006214,20,8,2020,23,3,78,78524,1,1,1,2,A13,48.8412,2.105
202000006215,28,5,2020,19,1,93,93078,2,1,7,6,RUE HENRI BARBUSSE,48.9646998,2.531579
202000006216,19,8,2020,14,1,974,97411,2,9,1,3,NONGE (AVENUE EUDOXIE),-20.89916,55.49613
202000006217,20,8,2020,20,4,973,97302,2,1,1,1,RABAN (ROUTE DE),4.9340045,-52.313633
202000006218,20,8,2020,17,1,69,69383,2,6,1,3,PENSIONNAT (DU)                     (R ),45.755,4.8572
202000006219,10,8,2020,12,1,84,84007,2,1,1,2,CHARLES DE GAULLE,43.92738,4.78874
202000006220,20,8,2020,21,1,77,77243,2,9,1,3,RAYMOND POINCARE  (AVENUE),48.87523,2.72241
202000006221,19,8,2020,13,1,76,76575,2,1,1,3,MADRILLET. RUE DU,49.39247,1.07301
202000006222,19,8,2020,15,1,76,76540,2,1,1,6,HAVRE. QUAI (HAUT) DU,49.43956,1.08609
202000006223,19,8,2020,17,1,76,76351,2,2,1,3,PAUL VERLAINE (AVENUE),49.5093,0.1631
202000006224,20,8,2020,9,1,71,71153,2,1,1,2,JAURES (RUE JEAN),46.8061177,4.4216558
202000006225,20,8,2020,22,5,69,69266,2,1,1,6,ALBERT EINSTEIN    (Avenue),45.7823503,4.8777518
202000006226,20,8,2020,19,1,69,69290,2,2,1,3,EDOUARD HERRIOT                     (BD),45.69442,4.94116
202000006227,9,6,2020,11,1,69,69290,2,3,1,2,CHARBONNIER (DU)                    (CH),45.691576,4.9073902
202000006228,13,8,2020,23,1,68,68126,2,2,1,3,HUNINGUE ( RUE DE ),47.563768,7.526574
202000006229,19,8,2020,9,1,67,67447,2,1,1,2,HERRENSCHMIDT (AVENUE),48.6001641,7.7542571
202000006230,20,8,2020,17,1,65,65440,2,2,1,3,CLEMENCEAU (RUE GEORGES),43.2336,0.07567
202000006231,1,8,2020,22,2,62,62510,2,3,1,1,GUESDE (R JULES),50.431356,2.779477
202000006232,2,8,2020,12,1,62,62516,1,1,1,7,CD 188,50.5396,2.4928
202000006233,19,8,2020,19,1,56,56121,2,1,1,3,MULLER ( DU COLONEL JEAN ),47.76538,-3.39957
202000006234,20,8,2020,20,2,51,51454,2,7,1,6,Place Aristide Briand,49.2573767,4.0394897
202000006235,20,8,2020,17,1,51,51454,2,3,1,2,Rue Clovis,49.2504313,4.0286457
202000006236,19,8,2020,7,1,51,51454,2,7,1,3,Place Saint Nicaise,49.2439734,4.0454732
202000006237,19,8,2020,17,1,50,50129,2,2,1,3,PARIS (AVENUE DE),49.63343,-1.61735
202000006238,18,8,2020,9,1,50,50129,2,1,1,2,CALIGNY (QUAI DE),49.64015,-1.62145
202000006239,19,8,2020,17,1,49,49007,2,1,1,6,CONTADES AVENUE,47.46362,-0.55394
202000006240,19,8,2020,13,1,49,49267,2,1,1,7,A87N,47.46916,-0.51629
202000006241,20,8,2020,12,1,37,37261,2,3,1,3,MAINE (RUE DU),47.4254176,0.6778036
202000006242,24,7,2020,16,1,36,36044,1,1,1,3,120 Route de Velles,46.778918,1.688526
202000006243,16,3,2020,17,1,36,36044,2,1,2,5,47 AVENUE DE LA CHATRE,46.808145,1.7061022
202000006244,20,8,2020,19,1,34,34129,1,2,1,3,BOIRARGUES (AVENUE DE),43.5911516,3.9087027
202000006245,20,8,2020,22,3,33,33281,2,2,1,3,avenue de Beaudésert,44.83669,-0.69397
202000006246,13,8,2020,12,1,33,33318,2,5,2,6,AVE DE BEUTRE,44.79947,-0.66337
202000006247,13,8,2020,7,2,33,33063,2,8,3,6,AVE THIERS / AVE ABADIE,44.8427326,-0.5558449
202000006248,19,8,2020,19,1,31,31555,2,4,1,3,AV DES MINIMES,43.618,1.43665
202000006249,19,8,2020,9,1,22,22360,1,1,2,7,RD 222,48.4758802,-2.720958
202000006250,19,8,2020,20,2,19,19031,2,1,7,6,TURGOT (AVENUE),45.1657201,1.5284032
202000006251,18,8,2020,9,1,14,14327,2,2,1,-1,TSUKUBA (AVENUE DE),49.21402,-0.35257
202000006252,20,8,2020,18,1,13,13213,2,1,1,7,ROSE (AVENUE DE LA),43.3265,5.4219
202000006253,20,8,2020,0,5,13,13211,2,2,1,3,SAINT MENET (MONTEE),43.29309,5.49497
202000006254,19,8,2020,17,1,13,13203,2,3,1,6,MELCHIOR GUINOT (RUE),43.311073,5.372767
202000006255,20,8,2020,21,3,13,13028,2,1,1,3,Rond-point de la locomotive,43.192597,5.605095
202000006256,20,8,2020,18,1,13,13001,1,1,1,3,RD 7,43.5613104,5.4105823
202000006257,19,8,2020,18,1,12,12145,1,1,1,2,CAVALERIE (COTE DE LA ),44.09288,3.11155
202000006258,20,8,2020,10,1,01,01289,1,2,1,3,LENT ( ROUTE DE ),46.164878,5.22073
202000006259,19,8,2020,17,1,75,75115,2,1,2,5,PORTE DE VERSAILLES,48.827596,2.291888
202000006260,18,8,2020,22,5,75,75111,2,7,1,6,RUE DU FAUBOURG SAINT ANTOINE,48.848624,2.394344
202000006261,20,8,2020,18,1,75,75120,2,3,1,6,RUE DE MENILMONTANT,48.869369,2.392696
202000006262,20,8,2020,11,1,75,75117,2,7,1,3,PLACE CHARLES DE GAULLE,48.874316,2.295435
202000006263,20,8,2020,7,1,75,75117,2,7,1,3,PLACE GENERAL CATROUX,48.882589,2.310592
202000006264,19,8,2020,21,5,75,75117,2,1,1,6,RUE NAVIER,48.895682,2.325989
202000006265,19,8,2020,19,1,75,75116,2,1,1,3,ROUTE DE SEVRES A NEUILLY,48.856471,2.237539
202000006266,20,8,2020,11,5,75,75115,2,1,1,4,SOUTERRAIN CITROEN CEVENNES,48.841,2.272528
202000006267,20,8,2020,20,1,75,75114,2,4,1,5,AVENUE DU GENERAL LECLERC,48.824813,2.325916
202000006268,20,8,2020,17,1,75,75113,2,1,1,6,RUE EMILE DURKHEIM,48.832588,2.378068
202000006269,19,8,2020,10,1,75,75111,2,2,1,6,RUE DE CHARONNE,48.854699,2.385324
202000006270,20,8,2020,19,1,75,75108,2,2,1,7,RUE DU GENERAL FOY,48.877888,2.318153
202000006271,20,8,2020,18,1,75,75104,2,3,1,7,RUE SAINT ANTOINE,48.853932,2.364856
202000006272,20,8,2020,18,1,94,94046,2,9,1,3,PIERRE CURIE (R),48.810735,2.425402
202000006273,20,8,2020,10,1,94,94046,2,1,1,-1,FERNET (CITE),48.80712,2.44044
202000006274,20,8,2020,15,1,94,94076,2,3,1,3,AMBROISE CROIZAT (R),48.802188,2.36257
202000006275,20,8,2020,14,1,94,94041,2,1,1,3,GEORGES GOSNAT (AV),48.81294,2.38692
202000006276,20,8,2020,10,1,94,94073,2,3,1,2,GUY MOCQUET (R),48.7726,2.3966
202000006277,19,8,2020,23,5,93,93073,2,2,1,1,RESISTANCE (RUE DE LA),48.94954,2.56533
202000006278,20,8,2020,2,5,93,93066,2,2,1,3,ORNANO (BOULEVARD),48.91406,2.3443436
202000006279,20,8,2020,18,1,93,93053,2,5,1,3,PARIS (RUE DE),48.8985,2.4421
202000006280,19,8,2020,19,1,93,93051,2,1,2,2,AUGUSTE RODIN (ALLEE),48.8349915,2.5479565
202000006281,20,8,2020,16,1,93,93048,2,3,1,3,BOISSIERE (BOULEVARD DE LA),48.877565,2.460725
202000006282,20,8,2020,16,1,93,93057,2,1,1,-1,AV ARISTIDE BRIAND,48.91107,2.51669
202000006283,20,8,2020,20,1,93,93029,2,2,1,2,HENRI BARBUSSE (AVE) N°2-124,48.91602,2.44355
202000006284,20,8,2020,2,5,93,93005,1,1,1,7,MARC CHAGALL (BOULEVARD),48.95079,2.47971
202000006285,20,8,2020,6,1,92,92078,2,3,1,3,MARECHAL LECLERC (AVENUE) (PAIRS),48.937813,2.324342
202000006286,19,8,2020,14,1,92,92078,2,3,1,3,VERDUN (AVENUE) (PAIRS 2 A 38),48.9356383,2.3338866
202000006287,20,8,2020,15,1,92,92026,2,4,1,3,BOULEVARD CIRCULAIRE,48.8888934,2.2507777
202000006288,20,8,2020,17,1,01,01074,1,1,7,3,Route de Priay,45.999667,5.209123
202000006289,20,8,2020,20,1,91,91086,1,9,1,6,Bois de Saint Eutrope,48.626101,2.388496
202000006290,20,8,2020,16,5,06,06161,2,1,1,-1,Avenue de la Libération,43.658048,7.1239
202000006291,20,8,2020,17,1,84,84044,1,1,1,1,D205,44.227012,5.128727
202000006292,20,8,2020,23,4,28,28006,1,6,1,6,D24,48.451969,1.430454
202000006293,21,8,2020,15,1,84,84083,1,1,7,1,chemin de la tapie,44.209503,4.726642
202000006294,21,8,2020,2,3,36,36006,1,1,1,2,,46.553323,1.506178
202000006295,21,8,2020,10,1,62,62448,2,1,1,6,1153 Route Nationale,50.665114,1.679031
202000006296,19,8,2020,18,1,51,51605,1,1,1,7,D1,49.078306,3.849461
202000006297,20,8,2020,8,1,51,51434,1,1,1,2,D3,49.0137683,4.0713728
202000006298,20,8,2020,17,1,51,51196,1,1,1,1,Lieu Dit Les Buissons,48.993096,4.0132426
202000006299,18,8,2020,16,1,19,19002,1,3,1,-1,D1089,45.600047,2.403002
202000006300,21,8,2020,17,1,67,67191,2,1,1,1,39 Rue de Kalhausen,49.018998,7.086938
202000006301,20,8,2020,17,1,80,80527,1,3,1,4,D925,50.064991,1.497231
202000006302,20,8,2020,18,1,80,80649,1,1,1,7,D940,50.307679,1.635852
202000006303,17,8,2020,12,1,32,32152,1,1,1,6,D124,43.408058,0.151263
202000006304,21,8,2020,18,1,71,71263,2,7,1,3,Promenade de la Charité,46.6270667,5.2215743
202000006305,20,8,2020,13,1,83,83068,1,1,1,1,Camping des Mûres,43.284415,6.590322
202000006306,20,8,2020,8,1,63,63180,1,1,7,1,D1093,45.887828,3.321562
202000006307,16,8,2020,7,2,46,46330,1,1,2,6,Granges de Mezels,44.936199,1.687866
202000006308,20,8,2020,23,3,68,68234,1,1,1,4,RD 18 bis,47.955502,7.3523
202000006309,20,8,2020,16,5,68,68297,2,2,1,3,HESINGUE ( RUE ),47.60902,7.5334
202000006310,21,8,2020,5,3,39,39219,1,1,1,5,6 Route Nationale,47.170328,5.777288
202000006311,20,8,2020,19,2,39,39331,1,1,1,1,D55,46.755997,6.184502
202000006312,11,8,2020,8,1,44,44192,1,4,1,2,La Cannelais,47.2741094,-2.0086849
202000006313,20,8,2020,13,1,29,29183,2,1,1,7,Rue du Couvent,48.572582,-3.610025
202000006314,5,8,2020,18,1,38,38041,1,1,1,6,Route de la Trappe,45.20257,5.24976
202000006315,14,8,2020,17,1,38,38001,1,1,1,2,114 Rue de la République,45.536159,5.569148
202000006316,20,8,2020,17,1,15,15187,2,2,1,3,Avenue de Verdun,45.031646,3.08609
202000006317,19,8,2020,14,1,70,70477,2,1,1,6,Grande Rue,47.561873,6.628557
202000006318,20,8,2020,12,1,70,70152,1,2,1,3,RD 12,47.382791,5.776631
202000006319,21,8,2020,18,1,50,50551,2,1,1,1,Place Auguste Cousin,49.386773,-1.529267
202000006320,21,8,2020,18,1,90,90090,1,3,1,3,Saint-Dizier-l'Évêque,47.459832,6.943602
202000006321,21,8,2020,18,1,45,45333,1,1,1,1,21 Rue de Trainou,47.9417551,2.0542429
202000006322,20,8,2020,16,3,36,36193,1,2,1,-1,la Gimonerie,46.870446,1.321138
202000006323,20,8,2020,9,1,07,07262,1,1,1,6,,44.598752,3.981587
202000006324,18,7,2020,8,1,07,07237,1,1,1,6,D21,44.8575116,4.7121048
202000006325,13,8,2020,12,1,27,27206,2,1,1,6,2 rue des granges,48.796725,1.11345
202000006326,20,8,2020,16,1,87,87187,1,1,1,7,Les Jalladeas du Midi,45.49788,1.180322
202000006327,21,8,2020,10,1,88,88408,2,1,1,6,3 Quai de la Parelle,47.922761,6.660133
202000006328,20,8,2020,23,3,24,24045,1,1,1,6,D23,44.7246,0.6491
202000006329,21,8,2020,10,1,01,01427,2,6,1,2,Quai de Saone,45.938564,4.779922
202000006330,21,8,2020,9,1,13,13004,1,1,1,2,Autoroute A54 pk 23.311 sens 2,43.687239,4.54834
202000006331,18,8,2020,9,1,11,11202,2,1,1,6,Avenue de Septimanie,42.858149,3.040659
202000006332,19,8,2020,15,1,37,37171,1,1,2,1,,47.404491,0.892682
202000006333,21,8,2020,15,1,77,77315,2,1,1,1,Avenue du 27 Aout 1944 - D934,48.88151,2.823229
202000006334,21,8,2020,7,1,77,77531,1,1,8,5,D92,48.282493,2.982659
202000006335,20,8,2020,19,1,77,77267,1,1,1,1,D40,48.217513,2.704973
202000006336,19,8,2020,17,1,2B,2B007,1,1,1,7,D84,42.28785,8.88957
202000006337,20,8,2020,19,1,66,66208,1,1,1,6,D80,42.630336,2.953638
202000006338,20,8,2020,14,1,13,13041,1,1,1,4,CD6,43.457797,5.463696
202000006339,5,8,2020,16,1,70,70262,1,3,1,5,Route de la Gare,47.673129,6.385674
202000006340,20,8,2020,19,2,89,89198,1,9,1,2,Autoroute A6 PK 155,47.8562373,3.5662413
202000006341,19,8,2020,10,1,67,67067,2,3,1,3,16 Rue du Château,48.73154,7.711222
202000006342,16,8,2020,17,1,67,67397,1,1,1,7,D20,48.298755,7.680066
202000006343,21,8,2020,8,1,69,69197,2,1,1,-1,530 Rue du Beaujolais,46.069433,4.648551
202000006344,21,8,2020,14,1,69,69086,1,6,1,3,D70,45.847157,4.670541
202000006345,24,6,2020,15,1,02,02691,2,3,7,3,FAYET (RUE DE),49.85929,3.26553
202000006346,21,9,2020,17,1,77,77023,2,2,1,1,8 Rue de Meaux,49.016426,2.882624
202000006347,20,10,2020,19,2,11,11262,2,1,1,2,RD 6009 NARBONNE - PERPIGNAN,43.18684,2.97285
202000006348,10,10,2020,23,5,976,97611,2,1,1,7,kaweni-Centrale (rue),-12.77574,45.22415
202000006349,13,1,2020,17,5,06,06088,2,3,1,1,CANAVESE (RUE JEAN),43.72178,7.24959
202000006350,11,12,2020,23,5,44,44028,2,1,1,6,Rue du Prieuré Saint-philbert,47.321797,-1.344482
202000006351,31,12,2020,19,5,03,03180,2,6,2,3,carrefour D161/D12,46.5284477,3.4926719
202000006352,24,12,2020,11,1,72,72176,2,7,2,6,Place Francois de Nicolay,47.646965,0.156721
202000006353,23,12,2020,19,2,27,27116,1,1,1,7,Rue des 7 Ponts,49.214051,0.707706
202000006354,22,7,2020,16,1,64,64122,2,1,1,3,VERDUN (AVENUE DE),43.48457,-1.55874
202000006355,10,7,2020,18,1,64,64102,2,3,2,3,AMOU (BOULEVARD JEAN D'),43.49562,-1.46607
202000006356,10,7,2020,9,1,64,64102,2,1,1,2,LACHEPAILLET (RUE DES REMPARTS),43.4888,-1.47855
202000006357,9,7,2020,17,1,64,64024,2,6,1,3,COMPAGNET (GIRATOIRE DE),43.4605472,-1.4962046
202000006358,7,7,2020,18,1,67,67218,1,1,1,2,Autoroute A.35,48.5480934,7.7295148
202000006359,14,3,2020,3,3,67,67482,1,1,1,2,Autoroute A.35,48.5644654,7.7332259
202000006360,6,8,2020,1,3,14,14100,1,1,1,6,D23,49.054197,-0.329199
202000006361,8,10,2020,7,5,30,30351,2,1,1,5,GAMBETTA BOULEVARD LEON,43.97162,4.79184
202000006362,14,11,2020,21,3,62,62274,2,3,2,3,HUIT MAI 1945,50.43296,2.99918
202000006363,29,12,2020,13,1,68,68066,2,1,7,6,POINCARE (AVENUE RAYMOND),48.07132,7.34976
202000006364,10,12,2020,18,5,62,62351,2,1,1,3,LECLERC (R DU MARECHAL),50.423157,2.90083
202000006365,30,11,2020,13,1,01,01053,2,2,1,3,Avenue Amédée Mercier,46.1963975,5.2656421
202000006366,14,7,2020,19,1,85,85019,1,1,1,7,La Moinarderie,46.78268,-1.37758
202000006367,11,11,2020,12,1,19,19272,2,1,1,7,Champeau (Lieu dit),45.27309,1.78388
202000006368,30,11,2020,14,1,69,69034,2,1,1,6,PASTEUR                             (R ),45.7919566,4.8438823
202000006369,30,12,2020,13,1,971,97113,1,1,7,1,SECTION TOMBEAU,16.21835,-61.47753
202000006370,3,9,2020,2,5,84,84007,2,9,1,1,C.De GAULLE (Rocade),43.93055,4.83205
202000006371,21,12,2020,18,3,33,33039,1,1,1,2,A631,44.81229,-0.53379
202000006372,10,12,2020,17,1,29,29019,2,3,2,6,Avenue Victor le Gorgeu,48.40317,-4.50417
202000006373,2,12,2020,0,5,17,17300,2,1,2,6,ARVEDE-BARINE   RUE,46.17219,-1.15578
202000006374,24,12,2020,14,1,13,13047,1,2,1,3,CRAU AVENUE DE LA,43.585275,4.9451318
202000006375,21,4,2020,22,3,59,59447,1,6,1,6,RD 50,50.40915,3.58442
202000006376,26,8,2020,17,1,15,15014,2,9,1,2,PUPILLES DE LA NATION (AVENUE DES),44.92133,2.43968
202000006377,23,6,2020,14,1,976,97611,2,1,1,2,kaweni-SPPM ( rue de la ),-12.77154,45.22346
202000006378,3,10,2020,14,1,976,97611,2,1,1,3,m'tsapere-M'tsapéré- M'tsangani ( rue ),-12.78803,45.2253
202000006379,16,5,2020,10,1,976,97611,2,1,1,7,cavani-Rond point du Baobab,-12.78611,45.2256
202000006380,18,5,2020,16,1,976,97611,1,1,1,1,tsoundzou-Mangadzia  Tsoundzou 2 (rue ),-12.81934,45.19606
202000006381,9,9,2020,18,5,976,97611,2,1,1,3,tsoundzou-Mariage (place -tsoundzou 2),-12.80617,45.20859
202000006382,16,5,2020,13,1,976,97611,2,1,1,2,passamanty-Vahibé ( route ),-12.79638,45.19958
202000006383,1,3,2020,18,3,976,97611,2,1,1,6,tsoundzou-Maternelle ( rue de la ),-12.80663,45.20805
202000006384,4,5,2020,12,1,976,97611,1,1,1,2,passamanty-Vahibé ( route ),-12.79349,45.19614