Num_Acc,jour,mois,an,hr,condition_eclairage,departement,commune,condition_agglomeration,intersection,condition_atmosphere,type_collision,adresse,lattitude,longitude
202000006385,1,5,2020,16,1,976,97611,2,1,1,3,doujani-Mosquée de doujani ( rue de la ),-12.79524,45.21338
202000006386,27,7,2020,12,1,976,97611,2,1,1,6,mamoudzou centre-Haladi Selemani ( rue ),-12.77981,45.22798
202000006387,3,6,2020,9,1,976,97611,1,9,1,3,mgombani-Mahabou (rue de ),-12.78318,45.23468
202000006388,3,8,2020,8,1,976,97611,2,1,1,1,tsoundzou-Nivea (rue),-12.8063045,45.2049987
202000006389,29,7,2020,17,1,976,97611,2,1,1,3,passamanty-Mnadzi moja (rue ),-12.7810045,45.2303743
202000006390,25,9,2020,15,1,976,97611,2,1,1,6,m'tsapere-Nationale 2 (route),-12.7886,45.22483
202000006391,5,4,2020,6,1,976,97611,1,1,1,6,vahibe-Departementale 3 ( route ),-12.79513,45.19615
202000006392,10,12,2020,7,1,976,97611,2,1,1,5,passamanty-Vahibé ( route ),-12.80185,45.21186
202000006393,26,5,2020,8,1,976,97611,2,1,1,7,kaweni-Mangrove (route de la),-12.771785,45.225608
202000006394,2,5,2020,13,1,976,97611,2,1,1,7,kaweni-Mahabourini ( rue ),-12.77188,45.220664
202000006395,30,12,2020,4,3,79,79191,2,6,1,3,Rue Jean Baptiste Colbert,46.33653,-0.40391
202000006396,18,12,2020,18,3,62,62587,1,2,1,3,CD 46,50.431842,2.922166
202000006397,10,12,2020,11,1,07,07102,2,1,1,6,REPUBLIQUE (AV. DE LA) [DU N° AU N°],44.93831,4.86881
202000006398,27,12,2020,13,1,31,31080,2,3,1,3,rue neuve,43.291369,0.647367
202000006399,11,3,2020,18,2,91,91461,2,1,1,1,Route de Limours,48.600535,2.233495
202000006400,2,6,2020,6,1,976,97611,2,1,1,3,m'tsapere-Nationale 2 (route),-12.785011,45.199684
202000006401,10,12,2020,11,1,976,97611,2,1,1,3,kaweni-Pendu (Place),-12.75939,45.22992
202000006402,23,5,2020,17,1,976,97611,2,1,1,1,kaweni-Grande Traverse (rue de la),-12.77126,45.22359
202000006403,25,8,2020,8,1,976,97611,2,1,1,3,kaweni-Mbambouni (rue),-12.77584,45.22597
202000006404,21,7,2020,17,1,976,97611,2,1,1,6,vahibe-Departementale 3 ( route ),-12.78733,45.17563
202000006405,26,9,2020,17,1,976,97611,2,1,1,3,tsoundzou-Mariage (place -tsoundzou 2),-12.80826,45.20423
202000006406,5,11,2020,16,1,971,97101,1,1,1,6,LES ALIZES (RESIDENCE),16.274051,-61.498133
202000006407,9,11,2020,15,1,76,76351,1,1,1,2,DAUBREE,49.51299,0.112896
202000006408,29,10,2020,18,2,52,52448,2,9,8,6,LOUBERT (AVENUE DE),48.64911,4.95989
202000006409,12,2,2020,22,5,976,97611,2,1,1,2,passamanty-Vahibé ( route ),-12.78922,45.17829
202000006410,26,12,2020,11,1,69,69386,2,1,1,3,GENERAL SARRAIL (DU)                (QU),45.76748,4.8413
202000006411,28,11,2020,18,3,84,84080,2,9,1,7,LORIOL ROUTE DE,44.04579,4.99888
202000006412,20,12,2020,15,1,64,64445,2,1,1,6,LATAPIE,43.2954,-0.3681
202000006413,30,12,2020,18,2,29,29019,2,1,1,2,D112 - Pen Ar Ch’Leuz,48.4154593,-4.4793231
202000006414,8,1,2020,20,5,13,13054,2,9,1,2,8 MAI 1945 (AV DU ),43.41171,5.21907
202000006415,30,12,2020,13,1,06,06027,1,9,1,6,DONAT AVENUE DOCTEUR MAURICE,43.66062,7.14023
202000006416,22,12,2020,10,1,44,44131,2,6,1,3,Rue du Traité de Maastricht,47.124852,-2.127169
202000006417,12,12,2020,10,1,34,34276,2,9,1,6,115 Av de la Rep de Montferrant,43.760502,3.866469
202000006418,11,12,2020,19,5,67,67118,2,3,2,6,41 Rue d'Oberhausbergen,48.583741,7.687039
202000006419,22,12,2020,20,3,33,33004,1,1,1,1,Ambès,44.994191,-0.520368
202000006420,28,12,2020,19,3,13,13202,1,1,8,2,A55-Sens Marseille vers Martigues,43.31263,5.36818
202000006421,24,7,2020,21,2,26,26281,2,1,1,1,8 Rue des Recollets ,45.0453,5.03402
202000006422,8,8,2020,13,1,976,97611,2,1,1,3,mamoudzou centre-Adrian SOULI (avenue),-12.79244,45.22079
202000006423,1,4,2020,18,1,976,97611,2,1,1,3,kaweni-Kaweni nord ( Z I ),-12.75764,45.23007
202000006424,17,2,2020,8,1,976,97611,2,1,1,3,kaweni-Kaweni sud  (Z I),-12.7721,45.22512
202000006425,12,4,2020,19,5,976,97611,2,3,1,3,cavani-Salamani  (rue ),-12.78459,45.21984
202000006426,16,6,2020,7,1,976,97611,2,1,1,7,m'tsapere-Nationale 2 (route),-12.79073,45.199641
202000006427,1,10,2020,9,1,976,97611,2,9,1,3,kaweni-Poste ( rue de la ),-12.77258,45.22319
202000006428,21,12,2020,15,1,2A,2A004,2,9,1,-1,Cours du Prince Imperial,41.9270334,8.7393716
202000006429,12,12,2020,10,1,84,84007,1,1,1,1,TARTAY (CHEMIN DE) MTF,43.89244,4.9165
202000006430,12,11,2020,10,1,84,84007,1,1,1,6,ALLENDE (Avenue),43.92933,4.80098
202000006431,22,12,2020,21,5,33,33063,2,4,1,7,AVE THIERS,44.85261,-0.53995
202000006432,26,12,2020,15,1,14,14220,2,1,1,6,AGUSTE-DECAENS (RUE),49.3592144,0.0857063
202000006433,9,12,2020,16,1,05,05061,2,1,7,6,EMBRUN ( AVENUE D'),44.5692,6.10269
202000006434,17,12,2020,20,3,01,01354,1,6,1,7,route départementale D35A,46.252416,6.044701
202000006435,28,12,2020,16,1,69,69244,2,1,1,3,49 Avenue Victor Hugo,45.766269,4.784154
202000006436,22,12,2020,9,1,24,24028,1,1,1,6,Avenue de Monpazier,44.753838,0.773013
202000006437,6,12,2020,3,5,971,97105,2,9,1,3,PERES DOMINICAINS(AVENUE DES),16.0080567,-61.7398971
202000006438,28,10,2020,8,1,38,38445,1,1,8,1,Route Napoléon,45.051332,5.753489
202000006439,15,10,2020,13,1,38,38455,1,3,1,3,Route du Bugey,45.63351,5.29515
202000006440,4,10,2020,15,1,38,38455,1,9,8,2,Chemin de Fayatel,45.651732,5.306938
202000006441,4,2,2020,12,1,94,94081,2,1,1,6,DIX JUILLET 1940 (R DU),48.786836,2.396513
202000006442,6,11,2020,8,1,976,97611,2,9,1,3,kaweni-Kaweni nord ( Z I ),-12.76026,45.2265
202000006443,7,3,2020,19,3,976,97611,2,1,1,7,kaweni-Kaweni nord ( Z I ),-12.76512,45.22531
202000006444,25,9,2020,6,1,976,97611,2,1,1,6,m'tsapere-Nationale 2 (route),-12.80348,45.21259
202000006445,5,3,2020,8,1,976,97611,2,1,1,7,kaweni-Kaweni nord ( Z I ),-12.7637,45.22566
202000006446,25,2,2020,15,1,976,97611,2,1,1,1,kaweni-Mangrove (route de la),-12.76943,45.22403
202000006447,7,2,2020,19,3,976,97611,2,1,1,7,kaweni-Massakini (rue),-12.76246,45.22618
202000006448,31,12,2020,16,1,78,78640,2,1,8,6,EUROPE (AVENUE DE L'),48.7792,2.20698
202000006449,23,12,2020,17,5,59,59648,2,4,3,6,REPUBLIQUE PLACE DE LA,50.5819,3.0451
202000006450,25,12,2020,21,5,34,34301,2,3,1,3,VERDUN (BOULEVARD DE),43.4110257,3.6790037
202000006451,31,5,2020,8,1,93,93001,2,6,1,6,BERGERIES (RUE DES),48.9211367,2.3754446
202000006452,28,12,2020,14,1,11,11261,1,1,1,6,A61 PK 351.800 sens TOULOUSE-NARBONNE,43.174168,2.660837
202000006453,25,11,2020,14,1,07,07348,1,1,1,1,D579,44.546296,4.411677
202000006454,23,12,2020,17,3,67,67152,1,1,3,4,FRANCE - ALLEMAGNE,48.52161,7.6663
202000006455,29,5,2020,16,1,76,76681,2,2,1,1,RASPAIL. RUE FRANCOIS,49.41626,1.0962
202000006456,22,10,2020,11,1,38,38544,2,1,2,6,ROMESTANG(COURS),45.52258,4.87426
202000006457,12,11,2020,7,1,976,97611,2,1,1,7,kaweni-Kaweni nord ( Z I ),-12.77939,45.22749
202000006458,7,12,2020,12,1,976,97611,2,1,1,6,mamoudzou centre-Jardin du collège(rue d,-12.77939,45.22749
202000006459,13,2,2020,19,5,976,97611,2,1,1,7,vahibe-Vietnam (rue),-12.78922,45.17545
202000006460,6,3,2020,6,2,976,97611,2,1,1,7,m'tsapere-Nationale 2 (route),-12.79307,45.21735
202000006461,16,7,2020,11,1,976,97611,2,1,1,3,mgombani-Mahabou (rond point),-12.78085,45.23376
202000006462,21,9,2020,14,1,976,97611,2,1,1,7,cavani-Rond point du Stade,-12.78297,45.22348
202000006463,21,4,2020,19,5,976,97611,2,1,1,3,mamoudzou centre-Commandant Passot (Plac,-12.78139,45.23445
202000006464,29,12,2020,19,5,80,80021,2,1,2,6,CARNOT (BOULEVARD),49.8921093,2.2875541
202000006465,25,12,2020,20,5,80,80021,2,3,1,2,PARIS (RUE DE),49.8874,2.28891
202000006466,24,12,2020,15,1,80,80021,2,2,1,3,QUATORZE JUILLET 1789 (AVENUE DU),49.87529,2.28198
202000006467,23,12,2020,17,5,80,80261,1,6,1,2,RD 1001,49.86205,2.26908
202000006468,30,11,2020,11,1,79,79191,2,1,1,1,Rue des 3 Ponts,46.31203,-0.51747
202000006469,29,12,2020,20,5,78,78586,2,3,1,6,PERI (GABRIEL),48.94377,2.1729
202000006470,24,11,2020,20,5,59,59350,2,1,2,6,DOREZ BARTHELEMY PLACE,50.618068,3.0495603
202000006471,21,12,2020,9,1,59,59560,2,9,2,6,LILLE ROUTE DE,50.5676057,3.0435093
202000006472,23,12,2020,8,1,49,49007,2,1,1,7,MADELEINE,47.46203,-0.54129
202000006473,11,12,2020,8,2,39,39198,2,1,1,6,58 Rue Claude Lombard,47.0979,5.48851
202000006474,20,12,2020,16,1,34,34301,2,1,1,1,EAUX BLANCHES (ZONE INDUSTRIELLE DES),43.4174317,3.7089523
202000006475,23,12,2020,18,5,33,33063,2,1,2,6,RUE DOCTEUR JEAN VINCENT,44.87609,-0.55947
202000006476,27,11,2020,15,1,33,33281,2,1,1,2,AVE DE MAGUDAS,44.85635,-0.65173
202000006477,18,12,2020,8,2,33,33281,2,4,5,3,SOMME (AVE DE LA),44.83179,-0.65519
202000006478,19,12,2020,18,5,29,29019,2,1,2,6,Boulevard de l’Europe,48.41382,-4.48233
202000006479,14,8,2020,0,3,27,27701,2,1,1,6,TESTELET (VOIE DU),49.250095,1.180292
202000006480,18,12,2020,18,5,25,25031,2,3,1,6,JAURES (AVENUE JEAN),47.48895,6.8256
202000006481,31,12,2020,14,1,13,13204,2,3,2,6,SAINT JUST (AVENUE DE),43.312528,5.40154
202000006482,5,1,2020,8,1,92,92036,2,1,2,3,GALLIENI (BOULEVARD) (2/20),48.9243098,2.323941
202000006483,30,12,2020,8,1,974,97404,1,1,1,1,174 Route de la Ravine Seche,-21.249542,55.358096
202000006484,18,12,2020,20,3,72,72364,1,1,1,6,D11,47.654534,0.327991
202000006485,17,12,2020,16,1,69,69091,1,1,2,2,A47,45.58966,4.77652
202000006486,29,10,2020,14,1,35,35238,2,2,8,3,FOUGERES (RUE DE),48.123576,-1.659516
202000006487,31,12,2020,17,1,87,87085,2,1,1,1,FREDON (RUE JEAN),45.83657,1.27354
202000006488,31,12,2020,9,1,87,87085,2,1,1,6,DUNANT (AVENUE HENRI),45.8247919,1.2447663
202000006489,30,12,2020,14,1,87,87085,2,1,1,6,BELLAC (RUE DE),45.85059,1.2448
202000006490,3,12,2020,15,1,83,83050,2,9,1,1,JUIN( AVENUE DU MARECHAL),43.53071,6.47017
202000006491,31,12,2020,18,5,76,76212,2,1,1,2,BELGES. RUE DES,49.44223,1.14984
202000006492,31,12,2020,9,1,76,76575,2,6,1,3,GUYNEMER. RUE GEORGES,49.39749,1.08077
202000006493,31,12,2020,19,5,69,69290,2,2,3,3,JEAN ZAY                            (R ),45.70839,4.90878
202000006494,20,11,2020,18,3,62,62274,1,1,8,-1,RD 161,50.44204,2.98779
202000006495,29,12,2020,20,5,59,59650,2,1,2,1,MARTINOIRE (RUE DE LA),50.717046,3.196636
202000006496,31,12,2020,21,3,59,59574,2,1,1,6,WARUSFEL(RUE) RESIDENCE GERMINAL,50.36819,3.26943
202000006497,31,12,2020,16,1,31,31555,1,1,1,2,VA007331 A620,43.57331,1.41026
202000006498,28,12,2020,15,1,02,02168,2,1,1,3,ESSOMES (AVENUE D'),49.041199,3.388904
202000006499,30,12,2020,10,1,94,94068,2,1,1,3,SAINT LOUIS (AV),48.78942,2.50275
202000006500,19,11,2020,18,2,92,92062,2,1,1,3,WALLACE (BD RICHARD) DU 2 AU 28 ET DU 1,48.878685,2.242245
202000006501,7,11,2020,11,1,92,92004,2,3,1,6,ARGENTEUIL AV D',48.9190926,2.280567
202000006502,31,12,2020,12,1,56,56243,1,1,1,2,Route de Nantes,47.649659,-2.716632
202000006503,5,1,2020,16,1,29,29024,2,3,1,6,Avenue Victor Hugo,48.2770351,-3.5604328
202000006504,29,8,2020,17,1,18,18042,1,1,1,6,D2144,46.747235,2.464832
202000006505,26,12,2020,10,1,971,97116,2,1,1,1,Bosredon,16.306784,-61.490838
202000006506,10,12,2020,20,5,06,06147,2,1,1,1,241 Route de Levens,43.801445,7.271185
202000006507,24,12,2020,16,2,69,69298,1,3,2,1,Route d'Heyrieux,45.6751331,4.9705406
202000006508,31,12,2020,18,3,13,13215,1,1,8,3,A55-Sens Martigues vers Marseille,43.33369,5.35434
202000006509,30,10,2020,14,1,02,02134,2,1,1,1,Rue de Paris,49.910573,4.069335
202000006510,7,6,2020,9,1,49,49092,1,1,1,7,La Planche de Cossé (cossé-d'Anjou),47.173517,-0.668846
202000006511,21,12,2020,18,3,41,41223,1,1,2,1,D32,47.614163,1.225383
202000006512,22,12,2020,9,1,24,24030,1,1,8,2,autoroute a.89 - PK.162.500,45.163631,1.22765
202000006513,6,12,2020,2,3,80,80746,2,1,1,7,Route Nationale,50.0255783,2.318716
202000006514,30,12,2020,19,3,39,39471,1,2,1,3,,46.755843,5.496474
202000006515,31,12,2020,15,1,987,98729,1,1,1,1,Pk 24 Haapiti,-17.533189,-149.838611
202000006516,7,9,2020,18,1,25,25056,2,1,1,6,CHENIER RUE ANDRE,47.2171155,5.9495
202000006517,1,10,2020,10,1,976,97611,2,1,1,2,doujani-Mosquée doujani ( rue ),-12.79353,45.216341
202000006518,31,12,2020,11,1,972,97209,1,1,1,3,RD 41,14.61612,-61.06064
202000006519,29,12,2020,14,1,69,69381,2,2,1,3,ALGERIE (D')                        (R ),45.7672444,4.8309508
202000006520,31,12,2020,19,5,77,77449,2,1,1,6,BD LA MERIDIENNE,48.8513197,2.7844687
202000006521,31,12,2020,17,3,71,71445,1,1,2,3,RN 80,46.7599393,4.8650658
202000006522,28,12,2020,17,5,69,69256,2,4,2,6,ERNEST RENAN                        (R ),45.78513,4.91043
202000006523,29,12,2020,6,5,63,63113,2,1,1,6,CHATEAU DES VERGNES (RUE DU),45.80783,3.12578
202000006524,21,12,2020,17,5,59,59350,2,1,1,6,TURIN BOULEVARD,50.63902,3.07639
202000006525,29,12,2020,12,1,42,42186,2,1,1,6,Rue Dorian,45.531075,4.622308
202000006526,29,12,2020,9,1,35,35238,2,6,1,3,ROUTE DE ST MALO,48.13235,-1.6911
202000006527,31,12,2020,17,5,75,75120,2,2,1,3,BOULEVARD DAVOUT,48.86061,2.409493
202000006528,31,12,2020,16,1,75,75120,2,1,1,3,BOULEVARD DAVOUT,48.851882,2.411026
202000006529,31,12,2020,16,2,75,75115,2,2,1,2,RUE DE LA CONVENTION,48.845905,2.277392
202000006530,31,12,2020,20,4,94,94076,2,1,8,6,PRESIDENT ALLENDE (AV DU),48.79588,2.3522
202000006531,31,12,2020,13,1,94,94033,2,1,2,6,MARECHAL JOFFRE (AV DU),48.85289,2.48327
202000006532,31,12,2020,17,5,93,93005,2,2,1,6,R EUGENE DELACROIX / BD MARC CHAGALL,48.95303,2.4991
202000006533,31,12,2020,14,1,92,92048,2,3,1,3,GARDES (ROUTE DES) N° 55 A 87,48.8157715,2.2248935
202000006534,30,12,2020,19,3,11,11005,1,1,1,5,A61- pk 314.650 sens NARBONNE-TOULOUSE,43.204441,2.247756
202000006535,25,11,2020,5,2,972,97217,1,1,1,1,Pointe Borgnèse (Informations),14.450309,-60.897938
202000006536,30,12,2020,16,1,54,54581,1,3,1,3,carrefour RD952 et D132,49.111864,5.880716
202000006537,31,12,2020,14,1,59,59278,2,1,1,6,Avenue Industrielle,50.60499,2.95154
202000006538,31,12,2020,16,1,44,44097,1,3,1,1,Route de Kerlagadec,47.395557,-2.467278
202000006539,31,12,2020,15,1,66,66003,2,1,1,6,Ville Nouvelle,42.481027,2.678545
202000006540,31,12,2020,22,3,17,17335,2,1,1,6,Rue de la Rosiere,45.374372,-0.644283
202000006541,30,12,2020,18,3,04,04112,1,4,1,3,A51 sortie 18,43.802025,5.814938
202000006542,31,12,2020,22,5,987,98715,2,1,1,6,PK 4+700 - RT 1 - CHAUSSEE,-17.584522,-149.568578
202000006543,26,11,2020,18,5,75,75114,2,1,1,3,BOULEVARD PERIPHERIQUE,48.824004,2.307669
202000006544,26,11,2020,17,1,75,75114,2,4,1,4,ECHANGEUR ORLEANS,48.819575,2.328101
202000006545,25,11,2020,15,1,75,75120,2,4,1,6,PORTE DE BAGNOLET,48.868537,2.413237
202000006546,26,11,2020,17,5,75,75120,2,1,1,6,RUE DE MENILMONTANT,48.869778,2.393814
202000006547,26,11,2020,15,1,75,75119,2,3,1,3,AVENUE JEAN JAURES,48.885175,2.379369
202000006548,26,11,2020,7,2,75,75118,2,1,1,3,BOULEVARD DE LA CHAPELLE,48.884208,2.354511
202000006549,26,11,2020,21,5,75,75117,2,2,1,7,AVENUE DE LA PORTE DES TERNES,48.881496,2.2818
202000006550,26,11,2020,8,1,75,75117,2,2,1,2,AVENUE DE CLICHY,48.891548,2.318443
202000006551,26,11,2020,6,5,75,75117,2,2,1,2,BOULEVARD BESSIERES,48.894315,2.313768
202000006552,26,11,2020,18,5,75,75115,2,5,1,6,BOULEVARD DU MONTPARNASSE,48.845079,2.320129
202000006553,26,11,2020,20,5,75,75113,2,1,1,6,RUE DE DOMREMY,48.828783,2.370142
202000006554,26,11,2020,7,1,75,75113,2,4,1,3,AVENUE DE LA PORTE D IVRY,48.82027,2.371815
202000006555,26,11,2020,15,1,75,75108,2,7,7,2,RUE ROYALE,48.866661,2.32202
202000006556,26,11,2020,22,5,75,75107,2,1,1,2,QUAI ANATOLE FRANCE,48.860283,2.326928
202000006557,26,11,2020,14,1,75,75104,2,1,1,6,RUE AUBRIOT,48.858314,2.356812
202000006558,26,11,2020,22,5,94,94081,2,6,1,3,PRESIDENT SALVADOR ALLENDE (AV DU),48.79607,2.41699
202000006559,26,11,2020,19,5,94,94078,2,1,1,6,PIERRE SEMARD (PL),48.729,2.446
202000006560,26,11,2020,9,1,94,94042,2,1,1,2,EUROPE (BD DE L),48.81441,2.46379
202000006561,26,11,2020,17,3,94,94046,2,1,1,6,VALENTON (R DE),48.79006,2.438553
202000006562,26,11,2020,12,1,94,94076,2,1,1,6,KARL MARX (AV),48.784525,2.360607
202000006563,26,11,2020,13,1,94,94079,2,3,1,2,GENERAL LECLERC (R DU),48.82169,2.54048
202000006564,26,11,2020,16,1,93,93078,2,1,1,3,SAUSSET (AVENUE DU),48.961522,2.5110267
202000006565,26,11,2020,13,1,93,93064,2,1,1,6,PERI (BOULEVARD GABRIEL) 39 / 44 - FIN,48.8774501,2.4783
202000006566,25,11,2020,17,2,93,93032,2,1,1,1,ABBESSES  (CHEMIN D'ACCES AUX),48.8765163,2.5614912
202000006567,26,11,2020,6,5,93,93013,2,3,1,3,R DDU COMMANDANT ROLLAND / AV ELISE DEROCHE,48.93305,2.42818
202000006568,26,11,2020,16,1,93,93057,2,1,1,3,WILSON (AV. DU PRESIDENT) 62 A 129,48.906785,2.5122626
202000006569,26,11,2020,16,2,93,93008,2,1,1,6,MARAT (RUE),48.9169322,2.4171121
202000006570,26,11,2020,8,1,93,93005,2,1,1,6,R SADI CARNOT,48.93746,2.49476
202000006571,26,11,2020,16,1,92,92073,2,3,1,3,PASTEUR (RUE),48.861443,2.222933
202000006572,26,11,2020,19,5,92,92022,2,1,1,2,SALENGRO (AVENUE ROGER),48.8053401,2.1835032
202000006573,26,11,2020,8,2,92,92049,2,2,1,6,JAURES AVENUE JEAN N°52 A FIN,48.8160945,2.3111884
202000006574,25,11,2020,8,1,92,92026,2,2,1,6,VERDUN (DE 01 A 61),48.899502,2.261703
202000006575,25,11,2020,17,2,92,92002,2,1,1,2,MIRABEAU (RUE),48.7391867,2.2992459
202000006576,27,11,2020,14,1,12,12210,1,1,1,1,puech de beteil,44.171374,2.005863
202000006577,26,11,2020,18,3,14,14411,1,2,1,5,la bijude,48.966836,-0.402246
202000006578,27,11,2020,19,3,47,47108,1,1,1,1,Au Luc,44.489399,0.132523
202000006579,26,11,2020,9,1,30,30117,2,1,1,6,19 rue des malautières,43.709001,4.572013
202000006580,27,11,2020,0,3,76,76355,1,1,1,6,Rd 149,49.708191,0.719604
202000006581,27,11,2020,7,2,79,79322,1,4,1,3,,46.634896,-0.269637
202000006582,26,11,2020,12,1,33,33506,2,3,7,3,Lieu Dit Balette,44.688217,-0.090991
202000006583,26,11,2020,16,1,33,33036,1,2,1,3,Lieu Dit le Pontet,44.449866,-0.205865
202000006584,29,10,2020,21,3,72,72290,1,1,1,2,D338,48.16333,0.124036
202000006585,27,11,2020,13,1,14,14011,1,1,1,6,D9,49.139597,-0.692584
202000006586,27,11,2020,7,3,14,14098,1,1,8,6,RD83,49.150001,-0.544778
202000006587,27,11,2020,7,2,60,60233,2,3,2,6,2 Rue des Glycines,49.6509699,1.8365972
202000006588,27,11,2020,16,1,18,18096,2,1,1,6,16 Rue Gaston Cornavin,47.179045,2.159534
202000006589,26,11,2020,19,3,18,18062,1,1,8,6,Route de Torteron,46.98284,2.967006
202000006590,26,11,2020,9,1,40,40312,2,1,1,3,rue Joliot Curie,43.543381,-1.482417
202000006591,27,11,2020,14,1,87,87165,2,1,1,1,Le Bourg,46.362924,1.217911
202000006592,26,11,2020,9,1,88,88468,2,1,1,6,6 Avenue de Verdun,47.881245,6.762344
202000006593,26,11,2020,17,2,88,88530,1,1,1,3,Route de Moyenpal,48.058148,6.370386
202000006594,27,11,2020,7,2,30,30169,1,1,1,1,RN 113 - PR 33+500,43.786114,4.315245
202000006595,26,11,2020,19,5,13,13069,2,2,1,3,Chemin de la Petite Brulière,43.632759,5.153387
202000006596,21,11,2020,18,2,13,13073,1,1,1,6,"A52, PK 11.700, sens Aix-Aubagne",43.39682,5.57878
202000006597,26,11,2020,13,1,973,97311,2,1,1,2,avenue symphorien,5.495683,-54.030279
202000006598,24,11,2020,19,4,971,97122,2,2,1,1,Rue Robert Loyson,16.416635,-61.528636
202000006599,27,11,2020,11,1,28,28074,1,1,1,2,d24,48.423327,1.827679
202000006600,25,11,2020,13,1,13,13097,2,1,1,2,Route de Craponne,43.649368,4.80234
202000006601,26,11,2020,7,1,13,13103,2,9,1,2,avenue de l' europe,43.6421714,5.1027976
202000006602,27,11,2020,8,2,10,10257,1,1,8,1,D48,48.502502,4.324579
202000006603,26,11,2020,9,1,54,54115,2,1,7,6,RD657,48.72893,6.17038
202000006604,26,11,2020,21,3,24,24195,1,1,1,6,lieu dit la rivière,44.669691,0.8822
202000006605,16,11,2020,10,1,13,13211,1,1,1,4,A50-Sens Aubagne vers Marseille,43.29267,5.45419
202000006606,25,11,2020,17,2,13,13214,1,1,1,7,A7-Sens Marseille vers Lyon,43.3199704,5.3777838
202000006607,26,11,2020,8,2,77,77251,1,1,1,2,AUTOROUTE A5A,48.62949,2.537
202000006608,26,11,2020,20,3,78,78490,1,1,1,6,RN12 INT,48.800212,1.981444
202000006609,26,11,2020,18,3,78,78133,1,1,1,2,A13,48.894099,2.007903
202000006610,26,11,2020,14,1,92,92036,1,1,1,2,A86,48.9371304,2.2931028
202000006611,26,11,2020,18,5,94,94028,1,1,1,4,A86 EXT,48.8085629,2.4490579
202000006612,26,11,2020,16,1,94,94073,1,1,1,-1,A86 EXT,48.768846,2.3791999
202000006613,26,11,2020,7,2,94,94017,1,1,1,3,A4,48.8294536,2.5282723
202000006614,19,8,2020,2,5,24,24322,2,1,1,7,AVENUE GEORGES POMPIDOU,45.1938,0.72913
202000006615,15,6,2020,16,1,14,14225,2,5,8,3,SECRETAN (AVENUE),49.2876,-0.1
202000006616,15,9,2020,7,1,93,93050,2,1,1,7,PAUL ET CAMILLE THOMOUX (RUE) COTE IMPAI,48.8658497,2.5290123
202000006617,24,11,2020,12,1,974,97416,1,9,1,2,Route Ancinne RN1,-21.308032,55.431283
202000006618,25,11,2020,6,1,974,97411,1,3,1,7,Boulevard Jean Jaures,-20.88879,55.448804
202000006619,25,11,2020,9,1,974,97411,2,3,1,6,Rue Jean Chatel,-20.88078,55.45069
202000006620,25,11,2020,10,1,973,97302,2,1,1,6,MALOUET,4.93541,-52.3334
202000006621,25,11,2020,17,5,69,69388,2,1,1,6,ETATS UNIS (DES)                    (BD),45.7305,4.86688
202000006622,24,11,2020,22,5,69,69199,2,2,1,3,CARNOT                              (R ),45.7081379,4.8571955
202000006623,25,11,2020,14,1,69,69286,2,4,1,3,HIPPODROME (DE L')                  (AV),45.8149556,4.8848424
202000006624,22,11,2020,15,1,69,69202,2,1,1,7,GEORGES CLEMENCEAU                  (R ),45.74506,4.8067
202000006625,15,11,2020,17,1,69,69381,2,1,2,6,MAGNEVAL                            (R ),45.7729079,4.835552
202000006626,25,11,2020,16,5,2B,2B037,2,1,1,6,TOUTES RUES,42.62277,9.43693
202000006627,25,11,2020,21,5,95,95680,2,1,1,6,ERABLES (AVENUE DES),49.00075,2.39249
202000006628,25,11,2020,17,1,91,91552,1,1,1,6,CD 19,48.57563,2.27259
202000006629,25,11,2020,12,1,91,91326,2,1,1,6,PETIT (RUE),48.69346,2.3685
202000006630,24,11,2020,15,1,87,87085,1,1,1,2,AEROPORT LIMOGES BELLEGARDE (AVENUE DE),45.86659,1.16838
202000006631,24,11,2020,12,1,87,87113,1,1,1,6,LIMOGES (AVENUE DE),45.85446,1.30649
202000006632,24,11,2020,14,1,77,77407,2,3,1,3,FONTAINEBLEAU(AVENUE DE),48.5316968,2.539813
202000006633,24,11,2020,9,1,71,71306,2,1,1,6,SENTIER (RUE),46.6598,4.3521
202000006634,24,11,2020,13,1,69,69013,2,3,1,-1,GARET (rue du Champ),46.00028,4.73098
202000006635,25,11,2020,7,2,60,60159,2,1,8,6,,49.42219,2.82426
202000006636,25,11,2020,17,5,59,59350,2,1,1,2,LAMBRET OSCAR AVENUE,50.61021,3.0387
202000006637,24,11,2020,15,1,59,59350,2,1,1,6,ARBRISSEAU RUE DE L,50.6062763,3.048643
202000006638,24,11,2020,7,2,58,58194,2,1,1,3,EMILE COMBES,47.00243,3.1594
202000006639,25,11,2020,11,1,54,54395,2,1,1,6,QUATRE EGLISES (RUE DES 2 A 18-1 A 23),48.68871,6.18269