Num_Acc,jour,mois,an,hr,condition_eclairage,departement,commune,condition_agglomeration,intersection,condition_atmosphere,type_collision,adresse,lattitude,longitude
202000006640,22,11,2020,12,1,54,54395,2,2,1,3,PINCHARD (AVENUE - OMBELLES),48.70226,6.15168
202000006641,24,11,2020,17,5,51,51454,2,1,1,7,Rue Gaston Boyer,49.2618615,4.0197207
202000006642,24,11,2020,9,1,49,49267,2,1,1,3,HAUT BOIS,47.46665,-0.4686
202000006643,25,11,2020,15,1,33,33032,2,4,1,3,RUE JEAN-JACQUES ROUSSEAU,44.90961,-0.5089
202000006644,25,11,2020,9,1,33,33281,2,1,1,2,RUE JACQUES PREVERT,44.84332,-0.67056
202000006645,26,11,2020,0,5,33,33529,2,1,1,7,PYLA (BD DU),44.63338,-1.16308
202000006646,25,11,2020,8,1,33,33529,2,1,1,3,DE GAULLE (AVE CHARLES) 02 ET +,44.63713,-1.1276
202000006647,25,11,2020,23,3,32,32013,2,1,1,7,TOULOUSE (ROUTE DE),43.65408,0.61022
202000006648,25,11,2020,7,2,31,31555,2,1,1,3,RUE MARIA MONBIOLA,43.57893,1.43698
202000006649,25,11,2020,7,1,31,31555,2,1,1,2,MINIMES (AV DES) DU 1AU 178,43.62338,1.43436
202000006650,24,11,2020,19,5,31,31555,2,1,1,7,RUE DE PERIOLE,43.61483,1.45598
202000006651,23,11,2020,19,5,31,31149,2,1,1,3,ravel (rue),43.59832,1.35016
202000006652,25,11,2020,10,1,25,25056,2,1,1,6,CHOPIN RUE FREDERIC,47.2611,6.0414
202000006653,25,11,2020,8,5,22,22278,2,1,8,3,CORNEILLE COTE IMPAIR,48.51212,-2.7451
202000006654,25,11,2020,18,5,17,17300,2,1,1,-1,PRUNIER   QUAI LOUIS,46.15295,-1.15005
202000006655,25,11,2020,20,5,13,13215,2,1,1,3,LE CHATELIER,43.3472,5.36853
202000006656,25,11,2020,12,1,13,13209,2,1,1,3,MARÉCHAL DE LATTRE (AVENUE),43.245908,5.417313
202000006657,25,11,2020,8,1,13,13209,2,1,1,2,CASSIS (ANCIEN CHEMIN DE),43.2614582,5.4168793
202000006658,24,11,2020,8,1,13,13209,2,1,1,3,SORMIOU (CHEMIN DE),43.227896,5.402694
202000006659,25,11,2020,9,1,13,13001,1,1,1,5,RD9,43.488958,5.364428
202000006660,25,11,2020,8,1,09,09122,1,1,1,-1,20 (R.N.) COTE NORD DU TUNNEL,42.975852,1.622376
202000006661,23,11,2020,15,1,06,06027,2,1,1,3,PROMENADE DE L HIPPODROME,43.6497,7.1508
202000006662,25,11,2020,8,1,75,75113,2,1,1,2,QUAI D IVRY,48.825675,2.386693
202000006663,24,11,2020,18,5,75,75117,2,1,1,2,BOULEVARD PERIPHERIQUE,48.900488,2.322065
202000006664,24,11,2020,9,1,75,75116,2,4,1,3,BOULEVARD PERIPHERIQUE,48.874104,2.275575
202000006665,23,11,2020,8,1,75,75113,2,1,2,3,BOULEVARD PERIPHERIQUE,48.824838,2.384286
202000006666,25,11,2020,15,1,75,75105,2,1,1,3,RUE DES BERNARDINS,48.850102,2.350665
202000006667,24,11,2020,20,5,75,75105,2,5,1,3,RUE DES ECOLES,48.850344,2.342636
202000006668,23,11,2020,1,5,75,75120,2,7,2,3,COURS DE VINCENNES,48.847188,2.411272
202000006669,25,11,2020,19,3,75,75119,2,3,1,3,AVENUE CORENTIN CARIOU,48.896402,2.384144
202000006670,25,11,2020,21,5,75,75117,2,2,1,1,RUE D ARMAILLE,48.879067,2.290962
202000006671,25,11,2020,15,1,75,75116,2,5,1,2,AVENUE VICTOR HUGO,48.864332,2.272967
202000006672,25,11,2020,8,1,75,75116,2,2,1,3,AVENUE DE VERSAILLES,48.84872,2.275062
202000006673,25,11,2020,13,1,75,75112,2,3,8,3,RUE DU SERGENT BAUCHAT,48.845731,2.393425
202000006674,25,11,2020,8,1,75,75111,2,2,1,6,BOULEVARD RICHARD LENOIR,48.864216,2.371198
202000006675,25,11,2020,17,5,94,94042,2,2,1,3,MARNE (QU DE),48.820179,2.467276
202000006676,23,11,2020,14,3,94,94046,2,1,1,6,VALENTON (R DE),48.79794,2.43658
202000006677,23,11,2020,9,1,94,94041,2,5,2,1,JEAN LE GALLEU (R),48.81059,2.38002
202000006678,25,11,2020,20,5,93,93078,2,9,1,1,RASPAIL (AVENUE),48.9538064,2.547884
202000006679,25,11,2020,10,1,93,93008,2,6,1,6,PLACE SAINT JUSTE,48.9058336,2.4699636
202000006680,25,11,2020,17,5,93,93005,2,1,1,6,MOULIN DE LA VILLE (CHEMIN DU),48.9505754,2.4975386
202000006681,25,11,2020,19,4,92,92044,2,9,1,3,CAMILLE PELLETAN(RUE)1A15 ET 2A12,48.895622,2.289129
202000006682,25,11,2020,17,5,92,92044,2,1,1,1,BINEAU (BOULEVARD),48.8865837,2.2842546
202000006683,25,11,2020,12,1,92,92036,2,1,1,-1,MOULIN DE CAGE (RUE DU),48.9288412,2.3120266
202000006684,25,11,2020,11,1,92,92025,2,1,1,2,JULES MICHELET (RUE),48.9319805,2.2687224
202000006685,25,11,2020,14,1,92,92007,2,1,1,3,RAVERA (AVENUE HENRI) N° 111 A 217 ET 10,48.8047504,2.3128964
202000006686,26,11,2020,13,1,26,26031,2,1,1,2,4 Avenue Lieutenant Cheynis,44.554466,4.860104
202000006687,26,11,2020,8,2,68,68177,1,1,1,-1,430,47.937054,7.172388
202000006688,26,11,2020,16,1,95,95529,2,1,1,6,ROUTE NEUVE,49.1708285,2.2112292
202000006689,25,11,2020,19,5,22,22389,1,1,2,2,RN 12 - PR 48+200,48.480887,-2.647533
202000006690,25,11,2020,11,1,26,26133,1,1,1,7,20 Chemin des Achards,45.213111,4.905574
202000006691,26,11,2020,15,1,83,83070,2,1,1,1,"RD298 Route de Bénat / voie d'accès au supermarché ""Casino""",43.1353799,6.3513166
202000006692,25,11,2020,20,3,62,62199,1,1,1,6,d 341,50.365346,2.650044
202000006693,24,11,2020,10,1,62,62180,2,1,1,3,Rue de Valhuon - Lieu dit Grossart,50.413522,2.366481
202000006694,26,11,2020,11,1,74,74029,1,3,1,3,RD 14,45.989661,5.821429
202000006695,26,11,2020,17,2,77,77446,1,1,1,3,D49a2,48.512354,3.213581
202000006696,26,11,2020,15,1,76,76653,1,1,1,1,D50,49.773449,0.718403
202000006697,25,11,2020,8,2,82,82005,1,1,5,7,D26,43.798502,1.265118
202000006698,25,11,2020,18,2,65,65258,2,2,1,3,rue des déportés,43.1287,0.386533
202000006699,26,11,2020,12,1,61,61398,1,1,1,6,Rue Cavier,48.603588,0.307381
202000006700,18,11,2020,15,1,34,34221,1,1,1,3,D32,43.728038,3.633068
202000006701,26,11,2020,8,3,39,39043,1,1,1,6,Beaufort,46.610317,5.411453
202000006702,24,11,2020,16,1,35,35179,1,1,1,1,Le Porche,48.519554,-1.884359
202000006703,25,11,2020,18,3,38,38069,1,1,1,7,RD 1085 - face magasin DANTON,45.443693,5.291805
202000006704,26,11,2020,7,3,50,50030,2,1,5,6,Rue Saint Thomas Becket,49.665288,-1.270796
202000006705,25,11,2020,17,5,45,45146,2,1,1,6,Rue Masséna - sous le pont SNCF,47.721232,1.932092
202000006706,14,11,2020,14,1,53,53062,2,9,1,6,Chemin de terre rouge,47.828184,-0.689556
202000006707,25,11,2020,21,3,85,85190,1,1,1,6,Départementale 753,46.957014,-1.465226
202000006708,26,11,2020,7,5,67,67343,2,2,5,3,29 Route de Saverne,48.603694,7.690918
202000006709,25,11,2020,18,5,84,84081,1,1,1,6,Aire de Service de Morieres,43.922962,4.913254
202000006710,23,11,2020,19,3,988,98826,1,1,1,6,lieu-dit Iny,-20.263324,164.09111
202000006711,26,11,2020,8,1,971,97115,1,1,1,3,Routa,16.260668,-61.631895
202000006712,25,11,2020,6,2,84,84078,1,1,1,2,nationale 7,44.228703,4.712877
202000006713,26,11,2020,12,1,83,83099,2,1,1,1,Boulevard Cavalier,43.456533,6.683577
202000006714,24,11,2020,9,1,67,67130,1,4,5,1,D426,48.410225,7.707156
202000006715,4,11,2020,16,1,88,88090,2,1,1,6,Rue Claude Barrès,48.360726,6.304007
202000006716,19,11,2020,18,3,26,26271,1,1,1,2,23 Allée des Berges du Rhone,45.018245,4.852089
202000006717,25,11,2020,15,1,26,26084,1,1,1,7,515 Route de Vialon,44.992112,4.91734
202000006718,25,11,2020,19,3,14,14289,1,4,1,1,Départementale 63,48.890878,-0.13278
202000006719,25,11,2020,21,3,60,60138,1,1,1,6,chaussee brunehaut - Hameau de Balagny sur Aunette,49.219167,2.633371
202000006720,6,1,2020,17,1,84,84007,2,1,1,4,LIMBERT (Boulevard),43.94751,4.81807
202000006721,29,1,2020,7,4,36,36044,2,3,2,3,RUE DU 3EME RAC/RUE DIEUDONNE COSTES,46.8209538,1.718148
202000006722,23,11,2020,18,2,974,97407,2,1,7,6,COMPAGNIE DES INDES (BD DE LA) ,-20.9451,55.32282
202000006723,24,11,2020,13,1,973,97302,2,1,1,6,ARAGO (FRANCOIS),4.9386238,-52.3316915
202000006724,24,11,2020,10,1,973,97302,2,2,1,3,FLAMBOYANTS (RUE DES),4.92573,-52.31577
202000006725,24,11,2020,6,2,973,97302,2,1,3,3,CABASSOU (ROUTE DE),4.91968,-52.31881
202000006726,24,11,2020,17,5,69,69388,2,1,1,6,MARC SANGNIER                       (PL),45.7324791,4.8826277
202000006727,24,11,2020,15,1,69,69386,2,2,1,6,MICHEL RAMBAUD                      (R ),45.77014,4.85971
202000006728,20,9,2020,1,3,972,97213,1,1,1,6,ROUTE NATIONALE 5,14.59666,-60.99521
202000006729,23,11,2020,9,1,91,91223,2,1,1,3,COQUERIVE (AVENUE DE),48.43367,2.17211
202000006730,23,11,2020,8,3,83,83098,2,2,1,-1,raimu,43.1103826,6.0165489
202000006731,23,11,2020,8,2,80,80001,2,1,8,6,VOLTAIRE,50.10401,1.82444
202000006732,24,11,2020,17,5,79,79329,2,2,1,3,Boulevard Alfred de Vigny,46.977494,-0.20791
202000006733,20,11,2020,18,5,78,78158,2,2,1,3,DOCTEUR VILLEMIN (RUE DU),48.820073,2.128495
202000006734,23,9,2020,11,1,78,78640,2,9,1,6,EUROPE (AVENUE DE L'),48.781318,2.21827
202000006735,2,11,2020,18,5,77,77288,2,1,1,6,POMPIDOU  (AVENUE GEORGES),48.55188,2.64935
202000006736,15,5,2020,14,1,77,77048,1,1,1,6,Route de Grez,48.3262,2.6998
202000006737,16,5,2020,16,1,69,69290,2,2,1,5,CHARLIE CHAPLIN                 (AV),45.7084452,4.9088538
202000006738,18,5,2020,1,5,64,64024,2,1,1,6,MER (BOULEVARD DE LA),43.4943939,-1.5439975
202000006739,16,5,2020,20,1,64,64140,2,1,1,1,GAULLE (AV CHARLES DE),43.52775,-1.4716
202000006740,16,5,2020,10,1,62,62193,2,1,1,6,NORMANDIE NIEMEN,50.9518,1.9036
202000006741,17,5,2020,14,1,56,56260,2,1,1,3,STALINGRAD(PLACE DE),47.65869,-2.74829
202000006742,17,5,2020,13,1,53,53201,2,4,1,3,LOGES ( BOULEVARD DES ),48.060126,-0.811104
202000006743,16,5,2020,20,2,50,50129,2,1,1,7,ZOLA (RUE EMILE),49.63748,-1.63071
202000006744,16,5,2020,14,1,50,50129,2,1,1,7,MACONS (RUE DES),49.644189,-1.644449
202000006745,15,5,2020,15,1,50,50129,2,3,1,3,BECQUEREL (RUE),49.62846,-1.63962
202000006746,17,5,2020,17,1,38,38185,2,2,1,1,Rue de Stalingrad,45.17175,5.72422
202000006747,18,5,2020,0,5,35,35051,1,6,1,6,CHANTEPIE (ROUTE DE),48.10357,-1.604102
202000006748,17,5,2020,19,1,26,26252,2,1,1,3,37 rue Jean Jaurès ,44.876898,4.877404
202000006749,17,5,2020,3,5,13,13204,2,9,2,6,MARÉCHAL JUIN (BOULEVARD),43.311,5.40333
202000006750,17,5,2020,19,1,11,11069,2,1,1,7,Victor Hugo,43.2134,2.3487
202000006751,17,5,2020,16,1,07,07102,2,1,1,7,REPUBLIQUE (AV. DE LA) [DU N° AU N°],44.934988,4.875988
202000006752,17,5,2020,21,5,06,06088,2,1,8,3,STE-MARGUERITE (AV.) (153),43.6799869,7.2095257
202000006753,17,5,2020,18,1,06,06088,2,1,1,6,CESSOLE (BD DE) (A PARTIR DU 101-114),43.720192,7.251695
202000006754,17,5,2020,13,1,06,06088,2,8,2,3,PEGUY (R. CHARLES),43.71305,7.26169
202000006755,17,5,2020,7,1,06,06069,1,1,2,7,PEGOMAS (ROUTE DE),43.631261,6.931229
202000006756,17,5,2020,18,1,75,75119,2,3,1,3,AVENUE JEAN JAURES,48.884584,2.377118
202000006757,17,5,2020,18,1,75,75118,2,3,1,6,BOULEVARD DE ROCHECHOUART,48.88349,2.346677
202000006758,17,5,2020,2,5,75,75118,2,5,1,3,AVENUE DE LA PORTE DE CLIGNANCOURT,48.90069,2.34422
202000006759,17,5,2020,19,1,75,75117,2,2,1,3,AVENUE DE WAGRAM,48.880309,2.299819
202000006760,17,5,2020,12,1,75,75115,2,2,1,3,RUE BRANCION,48.834714,2.305184
202000006761,17,5,2020,15,1,75,75112,2,7,1,3,AVENUE DU TREMBLAY,48.82715,2.46463
202000006762,17,5,2020,1,5,94,94080,2,1,1,3,Avenue de Paris,48.845211,2.4319115
202000006763,16,5,2020,22,4,93,93048,2,1,1,6,R PIERRE DE MONTREUIL,48.8626,2.4571
202000006764,17,5,2020,17,1,93,93079,2,1,1,2,SAINT LEU (ROUTE),48.9519281,2.3383769
202000006765,17,5,2020,15,1,93,93010,2,1,1,2,AV JEAN MOULIN,48.91252,2.47875
202000006766,16,5,2020,22,5,92,92036,2,1,1,7,BAS ( RUE DES ),48.918718,2.290871
202000006767,17,5,2020,5,2,49,49244,1,1,1,6,Lieu Dit la Fribaudiere,47.315694,-0.911865
202000006768,16,5,2020,17,1,47,47069,1,1,1,1,442 Route de Saint-hilaire,44.218931,0.536125
202000006769,15,5,2020,19,1,86,86258,1,9,7,3,Grand’Rue,46.812984,0.400658
202000006770,18,5,2020,17,1,95,95487,1,1,1,4,D301,49.151482,2.24709
202000006771,18,5,2020,17,1,18,18039,2,2,1,3,Chemin de Bué,47.302283,2.795752
202000006772,17,5,2020,17,1,974,97421,1,9,1,4,D48,-21.034129,55.536551
202000006773,17,5,2020,17,1,974,97410,1,3,1,3,rue des vergers,-21.068933,55.704664
202000006774,18,5,2020,11,1,59,59478,2,1,1,6,zone commerciale les remparts CD916,50.954723,2.434448
202000006775,18,5,2020,14,1,62,62079,1,1,1,6,3 La Voie des Pretres,50.0999539,2.8850187
202000006776,15,5,2020,19,1,19,19287,1,1,1,6,puy chau,45.3833058,1.9429647
202000006777,18,5,2020,16,1,56,56105,1,1,1,7,ST GEORGES,48.01945,-3.51666
202000006778,17,5,2020,7,1,56,56030,1,1,1,7,D139,47.49079,-2.388411
202000006779,14,5,2020,17,1,74,74006,2,3,1,3,Route du Nant,45.99344,6.121595
202000006780,16,5,2020,19,1,76,76196,1,1,1,7,Rue du Canot,49.626944,0.261768
202000006781,17,5,2020,17,1,76,76123,1,1,1,1,Route de dieppe,49.543994,1.151397
202000006782,17,5,2020,19,1,79,79013,1,1,7,7,,46.99192,-0.4464
202000006783,17,5,2020,17,1,2B,2B096,2,1,1,6,1 Avenue du Pont de l'Orta,42.313701,9.1520077
202000006784,16,5,2020,15,1,82,82176,1,1,1,7,D8,43.965531,1.545553
202000006785,17,5,2020,20,1,32,32283,2,1,1,6,D38,43.375257,0.212903
202000006786,18,5,2020,0,3,89,89072,1,1,1,6,D64,47.7432413,2.9568967
202000006787,17,5,2020,17,1,63,63319,1,1,1,7,D996,45.516399,3.88518
202000006788,17,5,2020,19,1,61,61079,1,1,1,6,La Greve,48.203242,0.780205
202000006789,17,5,2020,18,1,61,61092,2,2,7,3,21 Route de Paris,48.753062,0.740295
202000006790,17,5,2020,16,1,61,61140,2,1,1,6,23 Rue du Pays d'Ouche,48.708065,0.667347
202000006791,18,5,2020,0,3,61,61407,1,1,1,6,RD 25,48.826842,-0.462504
202000006792,16,5,2020,2,3,61,61232,1,1,1,7,Lieu Dit la Grange,48.679769,-0.70492
202000006793,17,5,2020,23,3,55,55522,1,1,1,6,D36,48.6310383,5.6988892
202000006794,16,5,2020,18,1,49,49329,1,1,1,3,D111,47.381843,-0.653949
202000006795,15,5,2020,10,1,42,42323,2,1,1,7,Place de l'Europe,45.561427,4.276943
202000006796,15,5,2020,15,1,42,42043,2,1,1,7,Route de Saint Bonnet les Oules,45.576494,4.316683
202000006797,17,5,2020,17,1,42,42059,2,2,1,3,Rue de la Gimond,45.634617,4.403324
202000006798,15,5,2020,18,1,22,22164,1,1,7,7,Chapelle duméné bré,48.57638,-3.30534
202000006799,16,5,2020,16,1,25,25147,1,1,1,5,D673,47.206071,5.894272
202000006800,17,5,2020,16,1,25,25223,1,1,1,6,Route départementale 492,46.991846,6.004887
202000006801,17,5,2020,13,1,29,29205,1,3,1,6,Lieu Dit Kerampudou,48.2915047,-3.6074976
202000006802,18,5,2020,10,1,31,31212,2,9,7,3,D888,43.71241,1.560933
202000006803,17,5,2020,11,1,02,02014,1,1,1,2,D7,49.602506,3.279569
202000006804,17,5,2020,11,1,26,26060,1,1,1,7,3890 route de Bourdeaux ,44.539197,5.196036
202000006805,16,5,2020,5,2,26,26305,1,3,1,3,275 avenue de fourèges,44.59642,4.888858
202000006806,18,5,2020,11,1,14,14104,1,2,1,3,D51,49.238004,0.285805
202000006807,17,5,2020,20,1,50,50120,1,1,1,6,Le Bouillon Boucher,48.889201,-1.451461
202000006808,18,5,2020,17,1,90,90044,1,3,1,1,rd83,47.70195,6.994817
202000006809,17,5,2020,13,1,16,16405,1,1,7,7,Ld l'Ormeau,45.520905,-0.098689
202000006810,18,5,2020,16,1,16,16236,1,1,1,3,Ld Le Fort des Anglais,45.585982,0.132029
202000006811,18,5,2020,13,1,21,21317,1,3,7,3,D3,47.547016,5.122011
202000006812,17,5,2020,11,1,40,40195,2,1,1,6,5 Rue du Bon Vieux Temps,43.742317,-0.483504
202000006813,18,5,2020,8,1,24,24354,2,1,1,2,48 Avenue d'Aquitaine,45.146782,0.005391
202000006814,17,5,2020,17,1,24,24354,1,1,1,1,D730,45.094156,0.103555
202000006815,18,5,2020,12,1,27,27116,1,3,1,1,Brionne,49.178912,0.70335
202000006816,18,5,2020,10,1,28,28089,2,1,1,6,Route de Brezolles,48.589014,1.235361
202000006817,17,5,2020,17,1,87,87140,1,3,1,3,Allée du Pacage du Milieu,45.903124,0.9734
202000006818,17,5,2020,10,1,37,37263,2,1,1,2,rue de vaugaudet,47.2748863,0.8365154
202000006819,18,5,2020,7,1,30,30138,1,1,1,1,départementale 40,43.808487,4.239736
202000006820,15,5,2020,15,1,95,95042,1,1,1,7,RD 9,49.068313,2.282624
202000006821,17,5,2020,19,1,95,95535,1,1,1,4,RD14,49.063913,1.982281
202000006822,18,5,2020,19,2,2B,2B355,1,1,3,3,T20,42.51877,9.39507
202000006823,17,5,2020,16,1,68,68171,1,1,1,5,D430,47.970801,6.988709
202000006824,17,5,2020,10,1,68,68252,1,3,1,3,Route de Ribeauvillé,48.164225,7.366687
202000006825,16,5,2020,20,2,67,67464,1,1,1,7,lieu dit AUE,48.341953,7.565804
202000006826,16,5,2020,17,1,67,67464,1,2,7,3,Rue de Strasbourg,48.3241537,7.5716773
202000006827,17,5,2020,16,1,88,88531,1,1,1,3,D430,48.048746,7.00932
202000006828,16,5,2020,16,1,57,57550,1,1,1,3,D26,49.152226,6.631923
202000006829,18,5,2020,17,1,74,74073,1,1,7,3,Sur le Feu Courbe,46.334506,6.652769
202000006830,17,5,2020,17,1,42,42201,1,1,1,-1,Route du Tracol,45.348383,4.660901
202000006831,18,5,2020,10,1,64,64376,1,1,1,1,D 938,43.278756,-0.314473
202000006832,16,5,2020,12,1,33,33042,2,1,1,2,D1010,44.514031,-0.793
202000006833,17,5,2020,1,5,60,60612,1,1,1,2,5 Avenue du Poteau,49.2213821,2.5883512
202000006834,18,5,2020,17,1,62,62106,1,1,1,7,rue de sailly,50.301752,3.038787
202000006835,17,5,2020,16,1,13,13005,1,1,3,6,A50 - Sens Aubagne vers Marseille,43.2803,5.5832
202000006836,16,5,2020,19,1,13,13026,1,1,2,7,A55-Sens Martigues vers Marseille,43.377338,5.171821
202000006837,17,5,2020,9,1,94,94037,1,1,1,7,AUTOROUTE A6B,48.8157905,2.3367697
202000006838,15,5,2020,18,1,91,91228,1,9,1,4,AUTOROUTE A6,48.61962,2.42611
202000006839,16,5,2020,13,1,974,97416,2,1,1,7,GENERAL DE GAULLE(AVENUE),-21.29074,55.46644
202000006840,16,5,2020,9,1,974,97416,1,2,1,3,BOISSY (CHEMIN DE),-21.33991,55.50948
202000006841,16,5,2020,16,1,973,97302,2,9,1,3,GALMOT (AVENUE),4.9319308,-52.3283744
202000006842,16,5,2020,14,1,973,97302,2,1,1,3,BONHOMME (CITE),4.9220326,-52.3194158
202000006843,16,5,2020,10,1,973,97302,1,1,1,2,ROUTE NATIONALE 1,4.90534,-52.32321
202000006844,16,5,2020,17,1,69,69388,2,1,1,6,MARIUS BERLIET                      (R ),45.7394,4.86601
202000006845,16,5,2020,18,3,972,97209,2,1,2,7,PARADISIERS (AVENUE DES),14.62194,-61.03686
202000006846,16,5,2020,14,1,69,69382,2,1,1,2,JEAN MOULIN                         (QU),45.7656729,4.8380948
202000006847,16,5,2020,3,5,69,69034,2,5,1,3,PASTEUR                             (R ),45.7908821,4.8424221
202000006848,16,5,2020,19,1,91,91570,2,9,1,3,BRANLY (RUE EDOUARD),48.63388,2.305228
202000006849,15,5,2020,19,1,91,91174,2,1,1,6,Emile ZOLA (rue),48.61383,2.47202
202000006850,15,5,2020,19,1,83,83126,2,1,1,6,Ytzhak RABIN - D63,43.114914,5.871448
202000006851,15,5,2020,16,1,79,79329,2,1,1,7,Rue Camille Pelletan,46.98196,-0.21916
202000006852,16,5,2020,17,1,77,77118,1,1,1,4,ROUTE NATIONALE 3,48.94305,2.65938
202000006853,17,5,2020,0,5,77,77407,2,3,1,-1,OLIVIERI(RUE A.) - D50,48.53046,2.55179
202000006854,15,5,2020,18,1,77,77186,2,3,1,3,ANDRE MAGINOT (BOULEVARD) - D417,48.40531,2.68983
202000006855,15,5,2020,17,1,77,77186,2,3,1,1,d301 de chantoiseau /grand veneur,48.4055848,2.7789559
202000006856,16,5,2020,0,5,76,76540,2,2,1,3,MONT RIBOUDET. AVENUE DU,49.44821,1.06675
202000006857,16,5,2020,15,1,72,72181,2,1,1,6,GARENNE (RUE DE LA),48.01858,0.19111
202000006858,16,5,2020,9,1,71,71270,2,1,1,6,Avenue Edouard Herriot,46.2993486,4.8275028
202000006859,15,5,2020,13,1,71,71270,2,1,1,3,Avenue Edouard Herriot,46.2927336,4.8157504
202000006860,16,5,2020,19,1,69,69275,2,3,1,3,JEAN JAURES                         (AV),45.7697,4.9493
202000006861,24,4,2020,21,5,59,59350,2,1,1,-1,THUMESNIL RUE,50.6205,3.0672
202000006862,16,5,2020,9,1,42,42044,2,1,1,6,Rue de la République,45.39431,4.30538
202000006863,16,5,2020,17,1,37,37261,2,6,1,7,CHURCHILL (BOULEVARD WINSTON),47.3738729,0.6788172
202000006864,16,5,2020,15,1,37,37261,2,1,1,7,FLORENCE (AVENUE DE),47.3744416,0.7248585
202000006865,15,5,2020,20,1,37,37261,2,3,1,-1,PONT CHER (AVENUE DE),47.3717137,0.6776768
202000006866,16,5,2020,18,1,35,35238,2,1,1,4,BREST (DE),48.1139948,-1.698696
202000006867,16,5,2020,20,1,33,33162,2,2,1,3,AVE DU TAILLAN-MEDOC / RUE ANDRE BLANC,44.87714,-0.64247
202000006868,16,5,2020,16,1,33,33529,1,1,1,7,RD804 piste cyclable,44.57228,-1.22012
202000006869,12,5,2020,19,1,26,26362,2,1,1,1,191 Rue Antoine Barnave,44.94194,4.91535
202000006870,16,5,2020,4,5,13,13075,2,1,1,4,LIBERATION (AVE DE LA),43.342774,5.457497
202000006871,16,5,2020,23,5,13,13028,2,3,2,3,GASSION (AVENUE FERNAND ),43.184139,5.606493
202000006872,13,5,2020,2,5,07,07231,2,1,1,6,Route d’Alès,44.59295,4.3775
202000006873,15,5,2020,16,1,06,06027,2,1,1,6,RENOIR AVENUE AUGUSTE,43.6647534,7.1517354
202000006874,16,5,2020,9,1,01,01289,1,2,1,3,LENT ( ROUTE DE ),46.1648695,5.220703
202000006875,16,5,2020,17,1,75,75115,2,1,1,4,PORTE DE SEVRES,48.832373,2.280542
202000006876,16,5,2020,17,1,75,75106,2,2,1,3,RUE SAINT SULPICE,48.851468,2.33706
202000006877,16,5,2020,13,1,75,75105,2,2,1,6,RUE MONGE,48.847122,2.351239
202000006878,16,5,2020,4,5,75,75105,2,1,1,3,BOULEVARD SAINT MARCEL,48.836981,2.352296
202000006879,16,5,2020,0,5,75,75105,2,5,1,6,BOULEVARD SAINT GERMAIN,48.850837,2.345596
202000006880,16,5,2020,17,1,75,75119,2,2,1,3,AVENUE DE FLANDRE,48.894303,2.381726
202000006881,16,5,2020,16,1,75,75118,2,1,1,3,BOULEVARD DE LA CHAPELLE,48.884197,2.354315
202000006882,16,5,2020,14,1,75,75117,2,2,1,3,BOULEVARD BESSIERES,48.89758,2.324153
202000006883,16,5,2020,18,1,75,75116,2,1,1,3,ROUTE DE SEVRES A NEUILLY,48.857742,2.237261
202000006884,16,5,2020,11,1,75,75115,2,1,1,6,PORT DE GRENELLE,48.85392,2.287361
202000006885,16,5,2020,15,1,75,75114,2,1,1,6,BOULEVARD ARAGO,48.83447,2.333851
202000006886,15,5,2020,10,1,75,75114,2,2,1,6,RUE DES PLANTES,48.826172,2.319583
202000006887,16,5,2020,17,1,75,75112,2,1,1,2,RUE PROUDHON,48.837146,2.3904787
202000006888,16,5,2020,21,4,75,75111,2,1,1,6,BOULEVARD DE CHARONNE,48.853596,2.39645
202000006889,16,5,2020,18,1,75,75111,2,1,1,2,BOULEVARD DE MENILMONTANT,48.865959,2.383779
202000006890,16,5,2020,11,1,75,75101,2,2,1,3,RUE DE RIVOLI,48.859087,2.34645
202000006891,16,5,2020,13,1,94,94068,2,3,1,7,FOCH (AV),48.799111,2.499747
202000006892,16,5,2020,14,1,94,94068,2,1,1,2,FOCH (AV),48.7999846,2.4975703
202000006893,16,5,2020,15,1,94,94076,2,1,1,3,MAXIME GORKI (BD),48.793794,2.369076
202000006894,16,5,2020,12,1,94,94076,2,1,1,3,MAXIME GORKI (BD),48.79184,2.36996
202000006895,15,5,2020,18,1,94,94076,2,4,1,3,PARIS (AV DE),48.801,2.3651
202000006896,15,5,2020,21,2,94,94041,2,1,1,1,GENERAL LECLERC (AV DU),48.8125,2.3796
202000006897,16,5,2020,14,1,94,94028,2,1,1,2,ECHAT(RUE DE L'),48.7993987,2.4505436
202000006898,16,5,2020,13,1,94,94054,2,9,1,3,QUINZE ARPENTS (R DES),48.747644,2.38014
202000006899,16,5,2020,3,5,94,94060,2,1,1,7,GENERAL DE GAULLE (R DU),48.7815749,2.5714617
202000006900,16,5,2020,16,1,94,94004,1,1,1,1,BREVANNES (R DE),48.749098,2.507341
202000006901,16,5,2020,15,1,93,93070,2,9,1,2,GABRIEL-PERI (AV),48.90592,2.33178
202000006902,15,5,2020,21,5,93,93066,2,2,1,3,METALLURGIE (AVENUE),48.9091666,2.3635729
202000006903,16,5,2020,21,1,93,93048,2,1,1,5,BD DE LA BOISSIERE,48.8771,2.4638