Num_Acc,jour,mois,an,hr,condition_eclairage,departement,commune,condition_agglomeration,intersection,condition_atmosphere,type_collision,adresse,lattitude,longitude
202000006904,16,5,2020,13,1,92,92049,2,1,1,3,GINOUX AV. HENRI N°1 A 95 ET 2 A 104,48.818391,2.322637
202000006905,15,5,2020,20,2,95,95487,2,1,1,1,5 Allée Julian Grimau,49.150887,2.274305
202000006906,17,5,2020,16,1,62,62672,2,1,1,6,1 Rue Maitre Jacques,50.116273,2.698654
202000006907,16,5,2020,20,1,91,91553,2,1,1,6,Route de Saint Germain,48.61819,2.483726
202000006908,16,5,2020,20,1,59,59157,1,1,1,7,D936,50.2505394,4.1261021
202000006909,16,5,2020,21,2,59,59231,2,1,1,1,Rue de Quiévelon,50.238728,4.023442
202000006910,17,5,2020,15,1,67,67325,1,1,1,2,D218,48.534553,7.346592
202000006911,17,5,2020,0,3,82,82135,1,1,1,6,Chemin du Pigeonnier,43.877943,1.44231
202000006912,16,5,2020,14,1,65,65456,1,1,1,6,Uglas,43.1337916,0.4447743
202000006913,15,5,2020,18,1,33,33394,1,1,1,6,RD245 lieu dit Figeac,44.91336,-0.188828
202000006914,17,5,2020,11,1,11,11332,1,1,1,7,D613,43.127048,2.836576
202000006915,17,5,2020,14,1,11,11262,1,1,1,1,Grange Neuve RD168,43.1734483,3.0767512
202000006916,16,5,2020,20,1,71,71528,2,1,1,7,Rue des Amortets,46.6238394,5.178321
202000006917,17,5,2020,19,1,63,63414,1,1,1,7,D906,45.7078525,3.5850267
202000006918,16,5,2020,21,2,55,55215,1,1,1,7,RD 966,48.5100398,5.5688338
202000006919,17,5,2020,18,1,42,42293,1,1,1,7,Route de la Blancherie,45.997506,4.249789
202000006920,16,5,2020,20,1,41,41095,1,1,1,6,69 Rue de la Gare,47.896172,1.222344
202000006921,16,5,2020,18,1,35,35360,1,9,1,3,D178,48.124966,-1.232529
202000006922,16,5,2020,16,1,29,29130,2,1,1,7,Route de Trégana,48.355921,-4.659383
202000006923,17,5,2020,17,1,29,29037,1,2,7,3,Lanio Huella,47.8812953,-4.1272247
202000006924,17,5,2020,11,1,02,02106,1,1,1,6,D967,49.40853,3.665646
202000006925,16,5,2020,12,1,84,84020,1,2,1,3,CHEMIN DE L'ORATOIRE,43.85672,5.288143
202000006926,17,5,2020,15,1,15,15138,2,4,1,3,Avenue du Docteur Louis Mallet,45.1094282,2.8717496
202000006927,16,5,2020,16,1,01,01068,1,1,1,6,D1084,46.0710385,5.4837252
202000006928,16,5,2020,15,1,01,01068,1,1,1,2,D1084,46.084029,5.476481
202000006929,16,5,2020,19,1,66,66057,1,1,2,6,38 La Carole,42.57914,2.374877
202000006930,3,3,2020,13,1,37,37261,2,1,2,3,VAILLANT (RUE EDOUARD),47.3898412,0.6946306
202000006931,2,3,2020,14,1,37,37233,2,1,1,4,DUCLOS (AVENUE JACQUES),47.3792841,0.7223206
202000006932,2,3,2020,8,2,37,37195,2,1,2,6,BOURGEOIS (RUE LEON),47.3859791,0.6536175
202000006933,26,2,2020,16,1,37,37214,2,1,1,3,DE GAULLE (BD CHARLES),47.4131808,0.6719974
202000006934,25,2,2020,16,1,37,37261,2,1,1,3,ROYER (BD JEAN),47.3816138,0.6821822
202000006935,3,3,2020,18,2,35,35238,1,1,1,4,RN136,48.0861,-1.63795
202000006936,3,2,2020,17,1,35,35238,2,1,1,2,BREST (DE),48.11384,-1.69824
202000006937,3,3,2020,10,1,35,35281,1,1,1,7,PORTE DE ST NAZAIRE,48.0927201,-1.7082748
202000006938,29,2,2020,15,1,35,35238,1,1,2,7,PORTE ALMA,48.08161,-1.67652
202000006939,2,3,2020,19,5,35,35238,2,1,1,6,SAINT-JEAN BAPTISTE DE LA SALLE,48.1153554,-1.7028913
202000006940,3,3,2020,9,1,34,34172,2,1,1,4,MENDES FRANCE (AVENUE PRESIDENT PIERRE,43.60767,3.92409
202000006941,3,3,2020,8,1,34,34172,2,1,1,3,FLAHAULT (AVENUE CHARLES,43.6231,3.86326
202000006942,2,3,2020,21,5,34,34172,2,9,1,3,MAILLOL (RUE ARISTIDE),43.6183287,3.8594023
202000006943,2,3,2020,8,1,34,34172,2,1,8,6,BITERROIS (AVENUE DU),43.6325204,3.8215063
202000006944,1,3,2020,0,4,34,34336,1,9,1,6,MERIDIENNE (ROND POINT DE LA),43.3363,3.28111
202000006945,4,3,2020,0,5,33,33063,2,2,8,6,Cours d'Albret / Rue Henri IV,44.83305,-0.57988
202000006946,2,3,2020,17,1,33,33075,2,3,2,3,RUE DES ECOLES / AVE RAYMOND MANAUD,44.8808148,-0.5847299
202000006947,2,3,2020,15,1,33,33318,2,1,3,3,Avenue Jean Bart,44.78675,-0.66809
202000006948,2,3,2020,7,2,33,33529,2,1,3,4,ARCACHON (BD D'),44.63423,-1.16916
202000006949,3,3,2020,11,1,31,31149,2,1,2,6,VOIE LATERALE SUD (VOIE),43.60585,1.335882
202000006950,2,3,2020,16,1,31,31555,2,1,1,3,AV JEAN RIEUX,43.59626,1.46224
202000006951,2,3,2020,11,1,31,31555,2,1,2,3,ALL DES DEMOISELLES,43.58924,1.45646
202000006952,1,3,2020,21,5,31,31555,2,6,1,3,AV DE FONDEYRE,43.64249,1.42822
202000006953,29,2,2020,10,1,31,31555,2,1,1,3,109 Rue du Faubourg Bonnefoy,43.6202,1.45733
202000006954,29,2,2020,23,5,31,31555,2,1,1,3,AV DE FRONTON,43.66372,1.43081
202000006955,28,2,2020,17,1,31,31555,2,1,1,6,88 Chemin du Séminaire,43.64183,1.43341
202000006956,28,2,2020,12,1,31,31149,2,1,2,1,SAINT GRANIER (AVENUE DE),43.59705,1.3641
202000006957,28,2,2020,9,1,31,31555,2,1,1,1,56 Rue Antonio Vivaldi,43.6041453,1.4123936
202000006958,1,3,2020,13,1,30,30189,2,1,1,1,DAYAN GEORGES (AVENUE),43.81482,4.32986
202000006959,3,3,2020,15,1,29,29039,1,1,1,2,N165 - Pr34+100,47.9277745,-3.8994628
202000006960,3,3,2020,21,5,29,29019,2,3,1,6,Rue de Portzmoguer,48.3937202,-4.4959081
202000006961,3,3,2020,17,1,29,29019,2,6,1,3,Rond Point du Tromeur,48.4335359,-4.4994485
202000006962,2,3,2020,12,1,29,29019,2,1,2,2,Avenue de la Libération,48.3963248,-4.5158785
202000006963,29,2,2020,0,5,29,29019,2,1,6,2,Boulevard Gambetta,48.38995,-4.47101
202000006964,25,2,2020,7,1,29,29019,2,1,1,2,Rue Lamotte - Picquet,48.3972211,-4.4896522
202000006965,23,2,2020,6,5,29,29019,2,6,1,6,D788 - Rue De Gouesnou,48.402662,-4.466871
202000006966,3,3,2020,15,1,27,27681,2,2,1,6,SAINT JACQUES (RUE),49.09246,1.48639
202000006967,1,3,2020,17,1,26,26252,2,1,1,2, AVENUE CHARLES,44.86347,4.87328
202000006968,3,3,2020,13,1,25,25056,2,9,1,6,BLUM BOULEVARD LEON (sup 90),47.2629,6.0493
202000006969,27,2,2020,13,1,22,22187,2,1,1,7,LE BRAZ (ANATOLE),48.531112,-2.731926
202000006970,19,2,2020,12,1,22,22215,2,1,1,6,rue de la fontaine morin,48.490982,-2.79401
202000006971,26,2,2020,13,1,22,22278,2,1,2,6,COMBAT-DES-TRENTE (DU),48.51073,-2.75881
202000006972,27,2,2020,12,1,19,19031,2,1,3,6,DELESSERT (RUE BENJAMIN),45.1624912,1.5381216
202000006973,1,3,2020,4,5,14,14536,2,1,1,6,SAINT CLAIR (RUE),49.40922,0.25294
202000006974,21,2,2020,9,1,14,14117,1,1,1,3,RD 400 A,49.2741059,-0.1200314
202000006975,3,3,2020,20,5,13,13205,2,2,1,3,BRUYS (RUE DE),43.2969378,5.3887439
202000006976,3,3,2020,19,2,13,13206,2,2,1,3,JULES CANTINI (AVENUE),43.28497,5.38532
202000006977,2,3,2020,8,1,13,13210,2,9,2,3,PIERRE DOIZE  (RUE),43.27491,5.42642
202000006978,2,3,2020,8,1,13,13205,2,1,2,2,CHAVE (BOULEVARD),43.2960649,5.4057059
202000006979,2,3,2020,6,2,13,13212,2,1,3,6,SAINT JULIEN (AVENUE DE ),43.3059464,5.419139
202000006980,3,3,2020,0,3,13,13063,1,1,1,6,RN 1569,43.58811,4.99814
202000006981,2,3,2020,17,1,13,13001,2,1,1,3,PUY SAINTE REPARADE (CH),43.589175,5.432212
202000006982,2,3,2020,18,5,10,10343,2,1,3,7,PHILIPPATS (RUE),48.270752,4.088464
202000006983,1,3,2020,6,5,09,09225,1,1,1,2,RIJOLE AVENUE DE LA,43.115923,1.621658
202000006984,3,3,2020,17,1,06,06069,2,3,1,3,LIBERATION (AVENUE DE LA),43.643961,6.913699
202000006985,1,3,2020,15,1,06,06027,2,9,1,3,39 MIMOSAS AVENUE DES,43.660415,7.176559
202000006986,3,3,2020,15,1,06,06004,1,1,1,3,BORD DE MER RN.98 LA SIESTA,43.613016,7.127414
202000006987,1,3,2020,10,1,05,05061,1,1,1,7,LUYE ( ROUTE DE LA ),44.51003,6.06888
202000006988,1,1,2020,15,1,93,93073,2,3,2,3,BERRY (RUE DE),48.93999,2.58933
202000006989,3,1,2020,19,5,94,94018,1,1,1,4,A4,48.8173919,2.4147525
202000006990,1,1,2020,16,1,94,94017,1,1,1,2,A4,48.8267841,2.5141683
202000006991,29,2,2020,17,1,988,98818,2,1,2,6,PROMENADE PIERRE VERNIER,-22.31024,166.45326
202000006992,28,2,2020,18,2,988,98818,2,1,1,7,LAROQUE (PROMENADE ROGER),-22.30319,166.43664
202000006993,28,2,2020,16,1,988,98818,2,1,1,6,RUE EDOUARD UNGER,-22.26336,166.44418
202000006994,28,2,2020,16,1,988,98818,2,2,1,3,BOULEVARD EXTERIEUR/RUE LEON COURSIN,-22.276,166.44915
202000006995,28,2,2020,7,1,988,98818,2,1,1,2,LAROQUE (PROMENADE ROGER),-22.30276,166.44321
202000006996,28,2,2020,6,1,988,98818,2,1,1,3,COOK (AVENUE JAMES),-22.26718,166.41262
202000006997,26,2,2020,7,1,988,98818,2,3,1,3,RUE JEAN OHLEN/RUE AUGUSTE BENEBIG,-22.26771,166.45591
202000006998,25,2,2020,14,1,988,98818,2,1,1,2,BAIE DES DAMES (ROUTE DE LA),-22.2499,166.4507
202000006999,24,2,2020,16,1,988,98818,2,3,1,6,ROUTE DE L'ANSE VATA,-22.29658,166.44516
202000007000,1,3,2020,14,1,974,97416,1,1,3,7,RN3 (3),-21.30545,55.4989
202000007001,29,2,2020,1,5,974,97416,2,1,1,6,HUBERT DE LISLE(BOULEVARD),-21.3435792,55.4685629
202000007002,28,2,2020,22,5,974,97416,2,1,1,7,BOEUF(CHEMIN),-21.2888,55.4665
202000007003,29,2,2020,7,1,974,97411,1,1,1,2,VINH-SAN (BLD 1 DU PRINCE),-20.8873856,55.4413301
202000007004,29,2,2020,2,5,974,97411,2,2,1,3,VICTOIRE (AVENUE DE LA),-20.87662,55.44782
202000007005,26,2,2020,15,1,974,97411,2,1,1,-1,LANCASTEL (BOULEVARD),-20.882177,55.463692
202000007006,26,2,2020,7,1,974,97411,1,1,2,3,Route Nationale 2,-20.89032,55.50109
202000007007,24,2,2020,18,1,974,97411,2,1,1,2,AUBER (RUE JULES),-20.8858847,55.4549584
202000007008,27,2,2020,6,1,974,97408,2,1,1,3,Rue Jacques Prévert,-20.95732,55.32283
202000007009,28,2,2020,20,3,973,97302,2,1,1,6,MADELEINE (ROUTE DE LA),4.9143042,-52.3208964
202000007010,25,2,2020,11,1,973,97302,2,1,1,3,ROUTE NATIONALE 1,4.9310556,-52.3263157
202000007011,1,3,2020,13,1,69,69387,2,4,1,3,DOMER                               (R ),45.7483817,4.8549558
202000007012,29,2,2020,16,1,69,69383,2,2,2,3,ANDRE PHILIP                        (R ),45.7545531,4.8517443
202000007013,29,2,2020,8,1,69,69259,2,2,1,6,MARCEL HOUEL                        (AV),45.6968,4.8865
202000007014,27,2,2020,15,1,69,69383,2,2,2,6,ROCKEFELLER                         (AV),45.7424,4.8805
202000007015,25,2,2020,19,5,69,69388,2,2,1,3,JEAN XXIII                          (BD),45.7422,4.8776
202000007016,25,2,2020,10,1,69,69387,2,2,2,6,DEBOURG                             (AV),45.73124,4.83373
202000007017,29,2,2020,23,5,972,97209,2,1,2,7,BEAUSEJOUR JAMBETTE (ROUTE DE ),14.638825,-61.040915
202000007018,25,2,2020,21,5,972,97209,2,2,1,3,ISAMBERT (RUE),14.605015,-61.071029
202000007019,24,2,2020,21,5,972,97209,2,1,1,1,BISHOP (Avenue Maurice),14.603,-61.06149
202000007020,24,2,2020,23,4,972,97209,2,1,1,7,FOLIE (ROUTE DE LA),14.61062,-61.06346
202000007021,23,2,2020,22,5,972,97209,2,1,1,7,RELIGIEUSES (ROUTE DES),14.61024,-61.06023
202000007022,25,2,2020,20,5,69,69382,2,2,1,6,BAYARD                              (CO),45.74459,4.81952
202000007023,28,2,2020,18,3,69,69382,2,1,1,7,DOCTEUR GAILLETON (DU)              (QU),45.7558,4.8358
202000007024,27,2,2020,19,5,69,69149,2,4,2,3,EMILE ZOLA                          (BD),45.71794,4.80856
202000007025,28,2,2020,7,2,69,69389,2,1,1,3,JAYR                                (QU),45.77731,4.80767
202000007026,27,2,2020,20,5,69,69202,2,1,1,1,LIMBURG (DE)                        (AV),45.73363,4.77965
202000007027,27,2,2020,18,5,69,69034,2,1,1,6,PIERRE BRUNIER                      (R ),45.7877052,4.8302136
202000007028,24,2,2020,9,1,69,69385,2,1,1,6,JOLIOT CURIE                        (R ),45.7562,4.7959
202000007029,28,2,2020,12,1,2B,2B033,1,1,1,3,SAMPIERO CORSO - AV,42.6641,9.44249
202000007030,28,2,2020,14,1,971,97113,1,1,1,1,BAS DU FORT,16.21712,-61.5167
202000007031,24,2,2020,14,1,971,97113,1,1,7,6,BAS DU FORT,16.21818,-61.51619
202000007032,28,2,2020,6,2,971,97107,2,9,1,6,BOUGAINVILLIERS ( ALLEE DES ),16.046278,-61.56652
202000007033,14,2,2020,15,1,95,95427,2,1,1,3,EPINAY (RUE D'),48.96472,2.33656
202000007034,25,2,2020,18,5,95,95210,2,1,2,3,LECLERC (AVENUE DE LA DIVISION),48.97805,2.306
202000007035,26,2,2020,17,1,95,95427,2,9,2,-1,SAINT LEU (ROUTE DE),48.9558,2.33294
202000007036,25,2,2020,19,5,91,91216,2,1,1,6,SILLERY (RUE),48.676221,2.324892
202000007037,26,2,2020,16,1,91,91570,2,1,2,6,SAINT SAENS (RUE),48.634379,2.322192
202000007038,29,2,2020,12,1,91,91064,1,9,8,6,PARIS (RUE DE),48.77306,2.22897
202000007039,28,2,2020,8,1,91,91345,2,1,1,6,ROUX DR (RUE DU),48.689972,2.297233
202000007040,27,2,2020,23,5,91,91433,1,1,1,7,R.N. 20,48.45193,2.174
202000007041,28,2,2020,9,1,91,91174,2,1,8,6,JEAN JAURES (BOULEVARD),48.60739,2.46503
202000007042,27,2,2020,12,1,91,91174,2,2,2,3,BOURGOIN(QUAI),48.61307,2.48347
202000007043,27,2,2020,15,1,91,91457,2,1,6,2,LEUDEVILLE OU DE BEAULIEU (CHEMIN DE),48.583057,2.266052
202000007044,27,2,2020,14,1,91,91339,2,1,6,6,RN 20,48.621715,2.259679
202000007045,27,2,2020,8,1,91,91103,2,9,3,3,VIEUX PAVE (CHEMIN DU),48.622573,2.314029
202000007046,24,2,2020,12,1,91,91103,2,3,1,2,DUCROS ERNEST (RUE),48.615036,2.304377
202000007047,24,2,2020,11,1,91,91021,2,3,1,3,VERDUN (AVENUE DE),48.58415,2.24435
202000007048,24,2,2020,22,3,89,89024,1,1,1,6,R.N.6,47.8180021,3.5638013
202000007049,25,2,2020,11,1,87,87085,2,2,1,6,CHURCHILL WINSTON (PLACE),45.83161,1.2535
202000007050,22,2,2020,16,1,87,87065,1,2,1,2,BOISSEUIL (RUE DE),45.78442,1.31152
202000007051,24,1,2020,19,3,86,86194,2,1,1,6,Avenue Jacques Coeur,46.5685126,0.3739268
202000007052,12,2,2020,12,1,84,84007,2,1,1,1,CROIX ROUGE( Avenue de la ),43.9268066,4.8362288
202000007053,1,3,2020,21,5,83,83137,2,1,1,7,Lieutenant d'ESTIENNE D'ORVES (AVE),43.12663,5.91251
202000007054,29,2,2020,19,5,83,83137,2,1,8,6,JOFFRE (BD MARECHAL),43.123835,5.952532
202000007055,1,3,2020,16,1,83,83069,2,1,1,3,Route de l’Almanarre,43.090778,6.129346
202000007056,29,2,2020,9,1,83,83069,2,2,1,3,GODILLOT  ( AVENUE ALEXIS ),43.1113201,6.12401
202000007057,27,2,2020,14,1,83,83069,1,9,2,6,FRONT DE MER (BOULEVARD),43.1074,6.178
202000007058,27,2,2020,16,1,82,82121,2,1,2,3,TOULOUSE (AVENUE DE),44.003297,1.340915
202000007059,25,2,2020,20,5,80,80021,2,3,1,3,ITALIE (AVENUE D'),49.87153,2.28447
202000007060,26,2,2020,8,1,80,80021,2,1,1,3,JULES BARNI (RUE),49.88925,2.3103
202000007061,29,2,2020,19,5,78,78158,2,1,8,6,DUTARTRE (AVENUE),48.821804,2.116599
202000007062,25,2,2020,8,2,78,78586,1,1,2,5,RD 1021,48.931656,2.169246
202000007063,25,2,2020,18,5,78,78299,2,2,3,2,MICHELET (BOULEVARD),49.00497,1.90105
202000007064,28,2,2020,14,1,78,78123,1,1,1,3,EUROPE (RN 190) AVENUE DE L',48.951349,2.023063
202000007065,11,2,2020,11,1,77,77368,2,2,1,6,POIGNY (AVENUE DE) D1f,48.545963,3.2870932
202000007066,26,2,2020,14,1,77,77312,2,1,1,6,D 148,48.34394,2.77265
202000007067,20,2,2020,21,3,77,77053,2,6,2,5,D. 50,48.6912406,2.607202
202000007068,1,3,2020,16,1,77,77369,1,1,8,1,DAMPLEGER (RUE DE),48.97577,2.9209
202000007069,28,2,2020,14,1,77,77243,2,3,1,3,RAYMOND POINCARE  (AVENUE),48.87643,2.721422
202000007070,25,2,2020,17,1,77,77058,2,1,9,6,CLOS SAINT GEORGES  (AVENUE DU) - D5,48.84498,2.72766
202000007071,24,2,2020,18,2,76,76540,2,1,1,3,REPUBLIQUE. RUE DE LA,49.43803,1.09643
202000007072,25,2,2020,14,1,76,76351,2,9,1,1,RAOUL MAIL (AVENUE),49.51573,0.14705
202000007073,27,2,2020,16,1,73,73065,2,2,2,3,CHEVALIERS TIREURS (AVENUE DES),45.57591,5.90692
202000007074,25,2,2020,20,5,72,72181,2,4,2,6,SAINT VINCENT (PL) N° 8 A 11,48.0177,0.1993
202000007075,26,2,2020,17,1,71,71270,2,1,1,6,Boulevard de la Liberté,46.3025098,4.8198784
202000007076,28,2,2020,7,2,71,71153,2,1,8,6,Rue des Lamineurs,46.8034215,4.4395964
202000007077,24,2,2020,17,1,71,71153,2,9,1,3,Rue Albert Camus,46.8030922,4.4540092
202000007078,1,3,2020,8,1,69,69266,2,1,7,6,EMILE ZOLA     (Cours),45.76619,4.89754
202000007079,29,2,2020,13,1,69,69266,2,8,8,3,ANDRE PHILIP      (Cours),45.7726,4.8632
202000007080,27,2,2020,11,1,69,69013,1,1,1,2,RN6 (CHARTONNIERE),46.0181,4.72058
202000007081,17,2,2020,11,1,69,69264,2,7,2,3,LOUISE MICHEL (PL),45.9961,4.7298
202000007082,24,2,2020,10,1,69,69115,1,1,1,4,ANSE (route d'),45.97328,4.71708
202000007083,27,2,2020,16,1,67,67482,2,3,2,3,NEUHOF (ROUTE),48.55485,7.76646
202000007084,26,2,2020,12,1,67,67482,1,8,1,3,SPESBOURG (RUE DU),48.5775746,7.7336131
202000007085,26,2,2020,12,1,67,67447,2,1,2,3,EUROPE (AVENUE DE L ),48.6111423,7.712945
202000007086,24,2,2020,20,5,67,67218,2,2,1,6,STRASBOURG (AVENUE DE),48.5463711,7.7391922
202000007087,22,2,2020,13,1,67,67218,2,1,1,6,ANDRE MALRAUX (AVENUE),48.525563,7.721201
202000007088,25,2,2020,23,3,67,67462,1,1,2,1,RD 424,48.242932,7.469369
202000007089,27,2,2020,18,1,66,66136,2,1,1,6,AERODROME AVENUE DE L'(CD117),42.72154,2.8855
202000007090,27,2,2020,11,1,66,66136,1,6,1,3,R D 900,42.678522,2.880753
202000007091,26,2,2020,15,1,66,66136,2,1,1,1,AGASSE PASCAL MARIE,42.69592,2.87691
202000007092,25,2,2020,10,1,66,66136,2,1,1,3,JULIEN PANCHOT (AVENUE),42.68707,2.87026
202000007093,24,2,2020,20,5,66,66172,1,1,1,2,R D 900,42.70064,2.86526
202000007094,24,2,2020,18,1,66,66136,2,1,1,2,FOCH (MARECHAL),42.69604,2.89066
202000007095,24,2,2020,19,5,66,66136,2,3,1,-1,GIONO (AVENUE JEAN),42.68814,2.91086
202000007096,28,2,2020,19,5,65,65440,2,3,1,3,SAINT-EXUPERY (AVENUE ANTOINE DE),43.244278,0.070416
202000007097,28,2,2020,14,1,64,64335,1,6,1,3,D817,43.34475,-0.43072
202000007098,28,2,2020,11,1,64,64129,2,1,1,4,BAYONNE DE,43.3045,-0.4006
202000007099,26,2,2020,17,1,64,64445,2,3,2,3,LOUP DU,43.3065,-0.35661
202000007100,25,2,2020,15,1,64,64445,2,1,2,6,JEAN BIRAY,43.2932916,-0.3754617
202000007101,25,2,2020,13,1,64,64445,2,1,1,2,QUATORZE JUILLET DU,43.28737,-0.3806
202000007102,28,2,2020,14,1,64,64102,2,1,1,2,LOUIS DE FOIX (AVENUE),43.50623,-1.46723
202000007103,27,2,2020,17,1,64,64024,2,3,2,3,DOUS BOS (RUE DE),43.48934,-1.50053
202000007104,27,2,2020,12,1,64,64102,2,1,2,3,BEYRIS (GIRATOIRE),43.47807,-1.49208
202000007105,22,2,2020,19,5,64,64024,2,3,1,3,PHENIX (RUE DU),43.49705,-1.50673
202000007106,29,1,2020,7,4,62,62637,2,1,1,1,DARCHICOURT (AV FERNAND),50.4675718,2.9794906
202000007107,24,2,2020,13,1,62,62400,2,1,8,1,LIBERATION ( DE LA ),50.4811,2.57519
202000007108,28,2,2020,0,5,62,62004,2,1,9,3,TRIANGLE ( DU ),50.27563,2.7693
202000007109,1,3,2020,0,5,60,60325,1,1,1,1,DE DIANVAL (RUE),49.40215,2.7771
202000007110,19,2,2020,18,5,59,59616,2,1,3,6,RENE BETH (RUE),50.4754478,3.5742527
202000007111,28,2,2020,13,1,59,59350,2,3,2,6,LIBERTE BVD N°2 - 90-51 - 145,50.63368,3.05843
202000007112,27,2,2020,19,5,59,59350,2,5,1,3,HUGO VICTOR  BVD N°104 - 294,50.62046,3.05627
202000007113,28,2,2020,2,5,59,59183,2,1,1,6,REPUBLIQUE - F MITTERAND - BOULEVARD,51.0466183,2.410925
202000007114,16,2,2020,14,1,59,59183,2,2,2,3,VILLETTE - AVENUE,51.02679,2.35981
202000007115,28,2,2020,1,5,57,57751,1,1,1,7,THIONVILLE (ROUTE),49.16769,6.16297
202000007116,22,2,2020,17,1,57,57019,1,1,1,1,CHATEAU DE MERTEN (RUE),49.24938,6.12347
202000007117,23,2,2020,20,5,57,57019,2,1,2,6,ROMBAS (RUE DE),49.25456,6.14089
202000007118,29,2,2020,22,5,56,56260,2,1,2,6,STRASBOURG(RUE DE),47.66603,-2.7532
202000007119,29,2,2020,10,1,56,56083,1,1,1,6,RN 165,47.78811,-3.27876
202000007120,1,3,2020,9,1,54,54339,2,4,1,1,LION D'OR (RUE DU),48.709,6.1811
202000007121,17,9,2020,18,1,92,92036,1,1,1,3,AUTOROUTE A86,48.93892,2.3079
202000007122,17,9,2020,10,1,93,93008,1,1,1,4,AUTOROUTE A86,48.909,2.44826
202000007123,17,9,2020,9,1,95,95351,1,1,1,4,RN 104,49.03847,2.4843
202000007124,16,9,2020,19,1,93,93066,1,1,1,3,AUTOROUTE A1,48.91121,2.35791
202000007125,16,9,2020,16,1,95,95154,1,1,1,6, A1,49.03453,2.54071
202000007126,16,9,2020,13,1,93,93010,1,1,1,2,AUTOROUTE A3,48.88895,2.47378
202000007127,17,9,2020,20,3,77,77410,1,1,1,2,A5b,48.5876879,2.7053251
202000007128,17,9,2020,13,1,94,94065,1,1,1,5,A86 EXT,48.7559,2.3379
202000007129,17,9,2020,13,1,94,94033,1,1,1,2,A86.EXT,48.8605912,2.4849125
202000007130,12,9,2020,10,1,77,77249,1,1,1,2,RN104,48.74581,2.61371
202000007131,17,9,2020,9,1,94,94074,1,1,1,2,RN406.W,48.76871,2.45056
202000007132,17,9,2020,8,1,94,94018,1,1,1,2,A4,48.81909,2.40718
202000007133,16,9,2020,15,1,94,94017,1,1,1,3,A4,48.8283362,2.5023593
202000007134,27,2,2020,15,1,78,78165,2,1,1,3,BOIS (AVENUE DU),48.82334,1.99176
202000007135,16,9,2020,5,2,976,97611,2,1,1,3,mamoudzou centre-Jardin du collège(rue d,-12.77833,45.22448
202000007136,16,9,2020,13,1,974,97411,1,1,1,6,Rue Lory les Hauts,-20.897181,55.480685
202000007137,16,9,2020,16,1,973,97302,1,1,3,3,ROUTE NATIONALE 1,4.9113433,-52.3264647
202000007138,16,9,2020,20,2,69,69386,2,2,1,3,CUVIER                              (R ),45.7670685,4.8476478
202000007139,15,9,2020,9,1,971,97101,1,1,1,1,PETIT PEROU,16.2572696,-61.5120398
202000007140,14,9,2020,11,1,971,97101,2,1,1,7,DOTHEMARE,16.2737584,-61.5109706
202000007141,14,9,2020,8,1,95,95598,2,1,1,3,CEINTURE (AVENUE DE),48.9751327,2.2982669
202000007142,15,9,2020,9,1,91,91312,2,9,1,3,VAUHALLAN (ROUTE),48.737576,2.225627
202000007143,16,9,2020,20,5,91,91657,2,3,1,5,HENRI CHARON (AVENUE),48.704774,2.427153
202000007144,15,9,2020,22,5,83,83062,2,4,1,3,PREMIER (BAT.INF.DU PACIF.),43.1374,6.0257
202000007145,16,9,2020,7,2,78,78551,1,1,1,7,RN 184,48.96449,2.0912
202000007146,16,9,2020,8,1,77,77479,2,6,1,3,MARNE (BOULEVARD DE LA),48.865916,2.642569
202000007147,15,9,2020,18,1,76,76498,1,1,1,3,SUD III (RN 338),49.4308,1.05777
202000007148,15,9,2020,7,2,76,76366,2,1,1,3,RN 27 (RUE DU GENERAL DE GAULLE),49.50023,1.04593
202000007149,15,9,2020,17,1,76,76351,2,2,1,3,DEMIDOFF (RUE),49.4976,0.1361
202000007150,15,9,2020,23,5,76,76447,1,1,1,6,JEAN JAURES,49.54729,0.2075
202000007151,16,9,2020,17,1,74,74012,2,1,1,2,ETREMBIERES (ROUTE D'),46.18796,6.23244
202000007152,16,9,2020,19,1,71,71475,2,6,1,3,LYON (ROUTE DE ),46.7649847,4.8424172
202000007153,16,9,2020,16,1,69,69264,2,3,1,3,NATIONALE  R,45.9885446,4.7184873
202000007154,15,9,2020,16,1,67,67447,2,3,1,3,SELESTAT (RUE DE),48.61022,7.73966
202000007155,15,9,2020,17,1,66,66136,1,9,1,6,PENETRANTE NORD,42.72559,2.87794
202000007156,16,9,2020,11,1,66,66136,1,1,1,2,Départementale 914,42.66552,2.91878
202000007157,14,9,2020,9,1,64,64122,2,1,1,6,LARREPUNTE (RUE),43.471792,-1.557256
202000007158,15,9,2020,16,1,64,64024,2,3,1,3,MAIGNON (ROUTE DE),43.4806759,-1.5089947
202000007159,14,9,2020,15,1,64,64102,2,1,1,3,ALBERT THOMAS (RUE),43.49542,-1.4605
202000007160,16,9,2020,18,1,62,62774,2,3,7,3,CD 940,50.9496564,1.7662641
202000007161,11,9,2020,11,1,59,59122,2,9,1,6,LIBERTE (BOULEVARD DE LA),50.171819,3.227732
202000007162,8,9,2020,11,1,57,57240,2,3,1,3,ROSSELLE (RUE DE LA),49.1431,6.81413
202000007163,16,9,2020,14,1,51,51454,2,1,1,2,Boulevard Pommery,49.2473889,4.0512357
202000007164,15,9,2020,21,5,51,51454,2,2,1,3,Avenue Jean Jaurès,49.2616445,4.0510181
202000007165,16,9,2020,15,1,45,45285,2,2,1,-1,Rue Gambetta-rue Paul Doumer,47.9076357,1.8795415