Num_Acc,jour,mois,an,hr,condition_eclairage,departement,commune,condition_agglomeration,intersection,condition_atmosphere,type_collision,adresse,lattitude,longitude
202000007166,16,9,2020,16,1,42,42044,2,2,1,3,Rue de l'Ondaine,45.39679,4.29646
202000007167,16,9,2020,14,1,38,38185,2,2,1,2,Rue du 19 Mars 1962,45.18934,5.74215
202000007168,16,9,2020,14,1,38,38185,2,2,1,1,Cours de la Libération,45.17444,5.71432
202000007169,14,9,2020,16,1,37,37261,2,6,1,2,ALOUETTE (AVENUE),47.3638523,0.6995
202000007170,16,9,2020,20,2,35,35238,2,9,1,3,Boulevard d’Armorique,48.1296432,-1.6792866
202000007171,16,9,2020,17,1,35,35281,2,1,1,6,PILATE (RUE DE LA),48.0937602,-1.693303
202000007172,16,9,2020,14,1,35,35238,2,1,1,6,LIBERTE (BD DE LA),48.1069,-1.68115
202000007173,27,9,2020,15,1,33,33063,2,3,1,3,BD JOLIOT-CURIE,44.83753,-0.5487
202000007174,16,9,2020,11,1,33,33063,2,2,1,3,RUE DES VIVANTS / RUE ANDRE LAMANDE / RUE DE LAUZAC,44.8528,-0.5422
202000007175,16,9,2020,3,5,33,33069,2,2,1,3,AVE D'EYSINES / RUE RENAULT,44.85816,-0.6052
202000007176,16,9,2020,18,2,33,33009,2,6,1,3,PLAGE (BD DE LA) DU 02 AU 194,44.66266,-1.16421
202000007177,16,9,2020,6,5,31,31149,2,6,1,3,RD POINT GASCOGNE,43.60858,1.32679
202000007178,15,9,2020,17,1,31,31555,2,1,7,3,BD DES MINIMES,43.61539,1.44419
202000007179,15,9,2020,18,1,31,31069,2,4,1,3,GINESTET (RUE),43.62626,1.39159
202000007180,26,8,2020,16,1,30,30189,1,1,1,1,Route Départementale 135,43.7856,4.3584
202000007181,16,9,2020,10,1,28,28220,2,1,1,6,GUTEMBERG (RUE),48.42753,1.46275
202000007182,16,9,2020,7,1,27,27701,2,3,1,1,LACS (ROUTE DES) BLANCHE A GALION,49.27537,1.20958
202000007183,16,9,2020,20,5,27,27229,2,6,1,1,SAINT LEGER (RUE DU FAUBOURG),49.03456,1.15608
202000007184,13,9,2020,19,1,25,25056,2,1,1,2,BATTANT,47.243127,6.021495
202000007185,15,9,2020,7,1,21,21054,1,1,1,1,BOISSEAUX (AVENUE ANDRE),47.00891,4.82032
202000007186,16,9,2020,10,1,17,17380,1,2,1,3,PALMYRE (AVENUE DE LA),45.65716,-1.12071
202000007187,16,9,2020,9,1,17,17300,2,3,1,6,SAUTEL  BOULEVARD ANDRE,46.1691779,-1.1290641
202000007188,13,9,2020,17,1,15,15014,2,2,1,3,N122 VERDUN (BOULEVARD DE),44.91282,2.44172
202000007189,16,9,2020,21,5,13,13204,2,1,1,1,LIBERATION (BOULEVARD),43.30115,5.39166
202000007190,16,9,2020,20,5,13,13211,2,1,1,3,DOCTEUR HECKEL (RUE DU),43.28937,5.44163
202000007191,16,9,2020,17,1,13,13210,2,1,1,3,ANDRÉ AUDOLI  (RUE),43.2705931,5.4322087
202000007192,16,9,2020,13,1,13,13211,2,1,1,1,RTE D' ALLAUCH,43.3033384,5.5008167
202000007193,16,9,2020,7,1,13,13205,2,1,1,6,CHAVE (BOULEVARD),43.29544,5.3966
202000007194,16,9,2020,1,5,13,13209,2,1,1,7,TROLLAT (IMPASSE),43.2726,5.41467
202000007195,16,9,2020,0,5,13,13201,2,2,1,1,NATIONAL   1 A 51 (BOULEVARD),43.3034,5.386
202000007196,15,9,2020,18,1,13,13205,2,1,1,4,BAILLE (BOULEVARD),43.2886238,5.3938883
202000007197,13,9,2020,0,5,11,11069,2,4,1,3,RD 118,43.199309,2.327244
202000007198,16,9,2020,13,1,06,06029,2,1,1,6,ANTIBES (RUE D'),43.55241,7.0235077
202000007199,16,9,2020,18,1,06,06027,2,1,1,3,TAMARIS CHEMIN DES,43.663084,7.145721
202000007200,15,9,2020,9,1,06,06027,2,6,1,6,ALPES AVENUE DES,43.6629,7.1317
202000007201,16,9,2020,8,1,03,03321,2,1,1,2,,46.5384819,3.3662897
202000007202,16,9,2020,10,1,75,75120,2,1,1,4,PORTE DE BAGNOLET,48.861712,2.413697
202000007203,16,9,2020,1,5,75,75117,2,1,1,3,BOULEVARD PERIPHERIQUE,48.879379,2.281345
202000007204,15,9,2020,9,1,75,75106,2,3,1,3,RUE DU VIEUX COLOMBIER,48.851382,2.33192
202000007205,16,9,2020,14,1,75,75120,2,3,1,6,RUE DE BAGNOLET,48.863749,2.407696
202000007206,16,9,2020,2,5,75,75120,2,2,1,6,RUE REYNALDO HAHN,48.851281,2.411918
202000007207,16,9,2020,13,1,75,75119,2,1,1,3,AVENUE DE LA PORTE DES LILAS,48.877482,2.407576
202000007208,16,9,2020,10,1,75,75119,2,3,1,6,AVENUE JEAN JAURES,48.888476,2.391932
202000007209,16,9,2020,8,1,75,75118,2,3,1,3,RUE CHAMPIONNET,48.893499,2.329425
202000007210,16,9,2020,20,5,75,75117,2,4,1,2,AVENUE DES TERNES,48.880442,2.286372
202000007211,16,9,2020,19,1,75,75117,2,4,1,-1,AVENUE DE LA GRANDE ARMEE,48.875224,2.290913
202000007212,16,9,2020,12,1,75,75117,2,2,1,3,AVENUE DE WAGRAM,48.88156,2.300709
202000007213,16,9,2020,10,1,75,75117,2,2,1,6,RUE GAUTHEY,48.893739,2.322139
202000007214,16,9,2020,10,1,75,75117,2,1,1,3,AVENUE DE VILLIERS,48.882043,2.313165
202000007215,15,9,2020,20,5,75,75116,2,5,1,2,RUE DE LA POMPE,48.862798,2.276342
202000007216,15,9,2020,17,1,75,75116,2,3,1,3,AVENUE KLEBER,48.863662,2.287704
202000007217,16,9,2020,8,1,75,75114,2,3,1,6,AVENUE DAVID WEILL,48.821211,2.334312
202000007218,16,9,2020,8,1,75,75112,2,1,1,3,BOULEVARD PONIATOWSKI,48.833125,2.401196
202000007219,16,9,2020,18,1,75,75111,2,3,1,3,PLACE DE LA REPUBLIQUE,48.867758,2.364392
202000007220,16,9,2020,18,1,75,75111,2,3,1,6,BOULEVARD VOLTAIRE,48.863063,2.371273
202000007221,16,9,2020,14,1,75,75111,2,3,1,3,BOULEVARD VOLTAIRE,48.856702,2.381959
202000007222,16,9,2020,23,5,75,75107,2,2,1,3,AVENUE DU MARECHAL GALLIENI,48.859951,2.313117
202000007223,16,9,2020,20,5,75,75107,2,3,1,3,AVENUE DE SAXE,48.846004,2.313863
202000007224,16,9,2020,19,2,94,94080,2,1,1,2,PARIS (AV DE),48.84,2.42
202000007225,16,9,2020,18,1,94,94074,2,1,1,6,COLONEL FABIEN (R),48.7458,2.4686
202000007226,16,9,2020,16,1,94,94044,2,9,1,2,VERDUN (AV DE),48.749503,2.478647
202000007227,16,9,2020,18,1,94,94068,1,1,1,3,BAC (AV DU),48.79221,2.51781
202000007228,16,9,2020,16,1,94,94076,2,1,1,3,MAXIME GORKI (BD),48.79272,2.36925
202000007229,16,9,2020,9,1,94,94076,2,1,1,7,JEAN LURCAT (R),48.786175,2.370257
202000007230,15,9,2020,19,1,93,93066,2,9,1,6,VAILLANT COUTURIER PAUL (AV) NR 2 A 110,48.9321453,2.3651052
202000007231,15,9,2020,14,1,93,93066,2,3,1,3,"""STALINGRAD (AVENUE), NR 88 A 114 BIS""",48.9473363,2.3734471
202000007232,16,9,2020,12,1,93,93048,2,1,1,6,GENERAL DE GAULE (PLACE DU),48.8684108,2.4338632
202000007233,16,9,2020,8,1,93,93048,2,9,7,3,PROCESSIONS (RUE DES),48.8782859,2.4611791
202000007234,16,9,2020,17,1,93,93079,2,2,1,7,SAINT LEU (ROUTE),48.95406,2.33521
202000007235,16,9,2020,14,1,93,93010,2,1,1,2,RTE DE VILLEMOMBLE,48.89265,2.4864
202000007236,16,9,2020,10,1,93,93010,2,1,1,3,SALENGRO (RUE ROGER) 27 A 69,48.8987451,2.478021
202000007237,16,9,2020,7,1,93,93010,2,9,1,3,GROSLAY (CHEM. DE),48.9114383,2.4747635
202000007238,16,9,2020,19,1,92,92078,1,1,1,7,CHARLES DE GAULLE (BD)(72 AU 308),48.939096,2.326513
202000007239,16,9,2020,13,1,92,92078,2,3,1,3,VIEUX CHEMIN DE ST DENIS (AVENUE),48.929725,2.325996
202000007240,16,9,2020,11,1,92,92046,2,1,1,7,Charles de gaulle,48.82451,2.30114
202000007241,16,9,2020,19,1,92,92050,2,4,1,1,ERMITES RUE DES,48.8774817,2.2088997
202000007242,16,9,2020,19,2,92,92023,2,3,1,3,JEAN JAURES (AVENUE) N°57 A 259 ET 64 A,48.8138553,2.2721589
202000007243,16,9,2020,9,1,92,92023,2,1,1,3,PORTE DE TRIVAUX (RUE DE) N°57 A 197 ET,48.78465,2.23573
202000007244,16,9,2020,14,1,86,86015,1,1,1,6,D34,46.116516,0.6270512
202000007245,16,9,2020,13,1,38,38536,1,2,1,5,Route du Pilat,45.427958,4.875274
202000007246,17,9,2020,19,1,54,54463,1,2,1,3,D611,48.795603,6.014886
202000007247,16,8,2020,12,1,83,83086,1,1,1,5,PK 83+200  - Route de fréjus,43.467887,6.599039
202000007248,16,9,2020,19,1,23,23206,1,1,3,1,La Combette,46.173271,1.941758
202000007249,18,8,2020,11,1,60,60196,1,1,1,1,D927,49.296695,2.089119
202000007250,16,9,2020,11,1,91,91363,1,1,1,3,D446,48.653636,2.212055
202000007251,16,9,2020,14,1,25,25370,2,3,1,3,Rue de la Gare,47.437241,6.779863
202000007252,17,9,2020,9,1,06,06095,2,1,1,1,58 Route de Draguignan,43.63902,6.868701
202000007253,14,9,2020,17,1,62,62261,2,4,1,3,Avenue de la Libération,50.47454,1.618853
202000007254,16,9,2020,18,1,38,38419,1,1,1,2,D1075,44.855025,5.614454
202000007255,16,9,2020,14,1,30,30191,1,1,1,1,N580,44.137381,4.667612
202000007256,17,8,2020,8,1,91,91553,1,9,2,6,Saint-Germain-lès-Corbeil,48.631997,2.494884
202000007257,17,9,2020,12,1,74,74006,1,3,1,3,32 Route des Ponts,46.010219,6.112395
202000007258,17,9,2020,10,1,2B,2B343,1,3,1,3,1824 Arena Soprana,42.496969,9.467087
202000007259,16,9,2020,17,1,80,80106,1,1,1,6,D920,49.767568,2.004662
202000007260,16,9,2020,19,1,65,65375,2,1,1,1,D5,43.39295,0.153426
202000007261,16,9,2020,13,1,71,71321,1,1,1,3,Canal du Centre,46.8032929,4.5726405
202000007262,17,9,2020,8,1,89,89418,2,2,1,1,Rue Claude Aillot,47.858303,3.973516
202000007263,16,9,2020,12,1,61,61479,1,1,1,5,Les Saussaies,48.668434,-0.073621
202000007264,16,9,2020,18,1,61,61474,1,1,1,6,RD 916 - Silly en Gouffern,48.789224,-0.002232
202000007265,17,9,2020,11,1,42,42228,1,1,1,2,D5,45.563373,4.093823
202000007266,16,9,2020,21,3,44,44140,1,1,1,1,La Roussiere,47.1667021,-1.1980716
202000007267,17,9,2020,4,3,31,31188,1,1,1,6,Allee du Pic d'Aneto,43.546588,1.189013
202000007268,17,9,2020,14,1,31,31324,2,1,1,1,Avenue de Mauran,43.195556,1.031588
202000007269,11,8,2020,10,1,38,38408,2,1,1,1,Chemin du Gachet,45.57248,4.97494
202000007270,17,9,2020,11,1,02,02420,2,9,7,3,21 Rue de Bretagne,49.897922,3.319961
202000007271,17,9,2020,19,1,15,15092,1,4,1,1,mouleyre,45.422587,2.50359
202000007272,17,9,2020,15,1,15,15162,1,1,1,6,D678,45.27874,2.622678
202000007273,11,9,2020,19,1,01,01337,1,2,1,3,D2,46.439853,4.967129
202000007274,15,9,2020,18,1,72,72349,1,1,1,-1,D204,48.1833,0.152092
202000007275,17,9,2020,17,1,50,50431,1,3,1,2,La Luderie - Mesnil Vigot (Le Mesnil-Vigot),49.16482,-1.275272
202000007276,29,8,2020,1,3,45,45154,2,9,1,6,509 Rue du Cas Rouge,47.983182,1.832485
202000007277,11,9,2020,18,1,07,07010,2,1,1,3,Rue du Quebec,45.252882,4.682858
202000007278,17,9,2020,9,1,17,17292,1,1,1,3,D739,45.965112,-0.727158
202000007279,16,9,2020,12,1,37,37001,1,2,1,3,Bergeresse,46.9131681,0.7212426
202000007280,17,9,2020,11,1,52,52140,2,2,1,3,Rue du Général de Gaulle,48.222389,4.886116
202000007281,16,9,2020,21,3,68,68296,1,1,1,2,Autoroute 35,48.216038,7.401223
202000007282,17,9,2020,7,2,31,31395,1,1,1,3,Autoroute A 64,43.458511,1.308875
202000007283,17,9,2020,12,1,35,35210,1,3,1,3,La Croix Blanche,48.122838,-1.779615
202000007284,17,9,2020,15,1,01,01007,1,1,1,6,A42,46.024785,5.314786
202000007285,2,9,2020,12,1,74,74010,2,3,1,-1,44 Rue des Sports,45.885273,6.088556
202000007286,15,9,2020,20,5,33,33122,2,3,1,3,61 Av Saint Jacques de Compostelle,44.73823,-0.65649
202000007287,17,9,2020,11,1,13,13032,2,9,1,3,Route de la Calade Cd63,43.573333,5.362304
202000007288,16,9,2020,17,1,21,21540,1,1,1,1,Chemin de Saint-Apollinaire à Ruffey,47.348324,5.098912
202000007289,17,9,2020,6,3,37,37197,1,4,1,7,,47.2677634,0.3097989
202000007290,17,9,2020,8,1,45,45042,1,3,1,2,D952 PR 33 + 200,47.817575,2.394376
202000007291,17,9,2020,17,1,95,95024,1,1,1,1,RD 983,49.088757,1.789484
202000007292,17,9,2020,9,1,05,05166,1,1,1,7,D994,44.420939,5.704297
202000007293,16,9,2020,15,1,13,13060,1,1,1,2,route départementale 6,43.472434,5.497906
202000007294,16,9,2020,22,3,89,89055,1,1,1,7,D84,48.02053,3.607163
202000007295,17,9,2020,9,1,68,68348,1,1,1,2,Route de Mulhouse,47.798195,7.146424
202000007296,17,9,2020,18,1,74,74185,2,3,1,3,Route de Reignier,46.167631,6.241677
202000007297,17,9,2020,17,1,69,69200,1,1,1,-1,D27,45.840767,4.449431
202000007298,17,9,2020,17,1,69,69094,1,3,1,2,Route de Marcy,45.755884,4.698887
202000007299,16,9,2020,20,5,69,69205,2,6,1,6,Avenue Marcel Mérieux,45.759241,4.724314
202000007300,16,9,2020,6,2,69,69155,1,2,1,3,Rue de Chazelles,45.630391,4.413714
202000007301,29,6,2020,13,1,69,69233,2,1,1,3,D89,45.833971,4.829717
202000007302,16,9,2020,20,2,60,60141,2,1,1,3,avenue maréchal joffre,49.192295,2.464548
202000007303,17,9,2020,17,1,60,60088,2,2,1,3,Rue Louis Denoual,49.19781,2.209893
202000007304,15,8,2020,14,1,02,02555,1,1,1,6,D86,48.964748,3.300712
202000007305,17,9,2020,11,1,80,80393,1,1,1,3,D1017,49.738258,2.808342
202000007306,16,9,2020,7,1,80,80428,1,1,1,6,A1,49.960342,2.855415
202000007307,16,9,2020,18,1,59,59212,2,1,1,6,Rue Jacquesminemars,50.648467,2.704504
202000007308,13,9,2020,12,1,13,13033,1,1,1,2,A55-Sens Martigues vers Marseille,43.3781,5.2036
202000007309,16,9,2020,3,3,13,13211,1,1,1,4,A50-Sens Aubagne vers Marseille,43.2877,5.5027
202000007310,15,9,2020,8,1,83,83137,1,1,1,5,A50,43.12132,5.95331
202000007311,12,9,2020,13,1,83,83137,1,1,1,1,A50,43.12655,5.89131
202000007312,16,9,2020,15,1,69,69029,1,1,1,4,RD383   7.640 A 11.044,45.74724,4.90692
202000007313,15,9,2020,6,2,33,33397,1,4,1,3,AUTOROUTE A 10,44.91048,-0.48726
202000007314,16,9,2020,18,1,91,91661,1,1,1,6,AUTOROUTE A10,48.71129,2.25251
202000007315,16,9,2020,17,1,94,94034,1,1,1,4,AUTOROUTE A86,48.75942,2.32379
202000007316,16,9,2020,4,3,91,91363,1,1,1,6,RN 104,48.65297,2.18115
202000007317,16,9,2020,17,1,78,78545,1,1,1,5,A12 Y,48.820199,2.068135
202000007318,16,9,2020,15,1,92,92050,1,1,1,5,A86,48.9106174,2.2161359
202000007319,24,1,2020,16,1,78,78498,2,1,1,3,GAMBETTA BD,48.92977,2.04756
202000007320,28,1,2020,12,1,76,76447,2,6,1,3,BELLE ETOILE,49.53044,0.18986
202000007321,29,1,2020,8,1,73,73065,2,6,2,3,STADE (PLACE DU),45.5722,5.910228
202000007322,23,1,2020,10,1,70,70388,2,1,1,7,OLIVIER (RUE ALBERT),47.61608,6.138648
202000007323,30,1,2020,14,1,69,69266,2,1,2,2,EMILE ZOLA     (Cours),45.7683295,4.8859927
202000007324,26,1,2020,20,5,69,69264,2,6,2,6,GANTILLON  R,45.9952,4.7208
202000007325,29,1,2020,18,5,67,67482,2,3,2,3,REMPART (RUE DU),48.589278,7.735637
202000007326,29,1,2020,5,5,67,67218,2,2,2,3,STRASBOURG (AVENUE DE),48.543121,7.736527
202000007327,30,1,2020,16,1,64,64445,2,1,1,6,EMILE GARET,43.30189,-0.36086
202000007328,29,1,2020,16,1,64,64284,2,1,1,6,RAUSKI,43.2772798,-0.3880914
202000007329,29,1,2020,18,2,64,64122,2,1,2,6,JAURES JEAN (RUE),43.47765,-1.55714
202000007330,30,1,2020,20,5,60,60057,2,3,8,2,JOHN F. KENNEDY (AV)-RUE DU PARC NON IN,49.42384,2.10535
202000007331,30,1,2020,17,2,59,59599,2,1,2,6,NATIONALE (RUE),50.724613,3.153194
202000007332,29,1,2020,14,1,59,59220,2,3,1,3,PASTEUR RUE,50.610047,3.064264
202000007333,30,1,2020,16,2,57,57412,2,1,-1,6,SAINT SYMPHORIEN (BOULEVARD ),49.11106,6.16169
202000007334,30,1,2020,10,1,56,56121,2,6,2,3,IRLANDE (ROND-POINT),47.75163,-3.36953
202000007335,29,1,2020,7,5,56,56121,2,7,1,5,COSMAO-DUMANOIR ( BD ),47.75412,-3.36695
202000007336,30,1,2020,12,1,54,54300,2,1,1,2,GALTIER (RUE LUCIEN),48.658866,6.2286705
202000007337,30,1,2020,8,1,54,54304,2,2,1,3,90 bis Bd Emile Zola,48.68089,6.157149
202000007338,27,1,2020,18,5,54,54274,2,1,3,6,SONGEUR (RUE LEON),48.6646879,6.1982997
202000007339,30,1,2020,18,5,51,51454,2,1,2,7,Boulevard Pommery,49.2505022,4.0527469
202000007340,29,1,2020,19,5,49,49007,2,1,2,3,VOLNEY,47.46186,-0.54159
202000007341,30,1,2020,16,1,45,45234,2,1,2,6,Boulevard Guy - Marie Riobe,47.9127657,1.9135566
202000007342,29,1,2020,17,3,44,44184,1,2,2,3,Rue du Vélodrome,47.282695,-2.223037
202000007343,29,1,2020,19,5,39,39300,2,1,2,6,6 Avenue Thurel,46.67276,5.553124
202000007344,30,1,2020,8,1,37,37122,2,1,2,6,BRETONNIERES (BOULEVARD DES),47.3452402,0.6386346
202000007345,29,1,2020,15,1,37,37214,2,1,1,7,RD 37,47.4275248,0.6381794
202000007346,30,1,2020,20,5,35,35051,2,2,8,3,CHARMILLES (RUE DES),48.10237,-1.62263
202000007347,30,1,2020,16,1,35,35055,1,6,1,2,HALLERAIS (ROND-POINT),48.07828,-1.63279
202000007348,30,1,2020,7,5,35,35238,2,4,2,6,3 CHATEAUGIRON (RUE DE),48.1019,-1.6598
202000007349,30,1,2020,19,5,34,34172,2,1,8,4,VERDANSON (QUAI DU),43.61503,3.88245
202000007350,30,1,2020,18,3,34,34198,1,1,1,2,D66  VOIE RAPIDE,43.57553,3.95039
202000007351,30,1,2020,14,1,34,34129,2,3,1,3,EUROPE (AVENUE DE L'),43.57165,3.90563
202000007352,30,1,2020,18,2,33,33063,2,2,2,6,CRS DE LA MARNE / RUE PEYRONNET / RUE MALBEC,44.82818,-0.56076
202000007353,30,1,2020,13,1,33,33032,2,6,9,3,QUAI ALFRED DE VIAL / RUE RICHELIEU,44.90961,-0.53539
202000007354,30,1,2020,8,1,33,33063,2,3,2,2,QUAI DE LA SOUYS / RUE FRANC SANSON,44.82795,-0.53962
202000007355,27,1,2020,16,1,31,31069,2,1,2,-1,GRENADE (ROUTE DE),43.6288148,1.3920198
202000007356,27,1,2020,8,5,30,30189,1,1,1,1,ALES (ROUTE),43.88455,4.30228
202000007357,30,1,2020,8,2,29,29019,2,6,2,3,Rue du Valy-hir,48.38525,-4.52822
202000007358,30,1,2020,7,5,29,29019,2,1,2,-1,Rue Neuve,48.3832421,-4.4986044
202000007359,29,1,2020,7,1,26,26198,2,6,1,3,VILLEPRE (Rond point de),44.566365,4.735143
202000007360,30,1,2020,8,2,18,18205,2,1,2,3,ORLEANS (ROUTE D'),47.12357,2.37091
202000007361,30,1,2020,20,5,17,17415,2,2,1,3,MARTEL RUE GEOFFROY,45.7427893,-0.6212023
202000007362,30,1,2020,17,2,13,13215,2,1,1,6,DE SAINT LOUIS AU ROVE (chemin),43.350809,5.354243
202000007363,30,1,2020,13,1,13,13211,2,1,1,3,SAINT LOUP (BOULEVARD DE),43.2840607,5.4355976
202000007364,30,1,2020,14,1,13,13206,2,2,1,3,BONS ENFANT (RUE DES),43.28927,5.38841
202000007365,30,1,2020,13,1,13,13209,2,9,1,3,HUVEAUNE (BOULEVARD DE),43.2744757,5.4086697
202000007366,30,1,2020,13,1,13,13215,2,9,1,3,SAINT ANTOINE A SAINT JOSEPH (CHEMIN DE),43.36037,5.36386
202000007367,30,1,2020,13,1,13,13063,2,2,1,2,ARISTIDE BRIAND BOULEVARD,43.5791937,5.0028979
202000007368,30,1,2020,10,1,10,10387,2,1,8,2,CHOMEDEY DE MAISONNEUVE (AVE),48.30335,4.07334
202000007369,30,1,2020,18,5,06,06088,2,9,1,3,TURIN (RTE DE),43.73053,7.28654
202000007370,28,1,2020,10,1,05,05023,2,9,1,3,FANTON (CHEMIN),44.9048,6.62955
202000007371,24,1,2020,18,5,05,05023,2,6,1,3,ROND POINT FAURE-GEORS,44.8871045,6.6336458
202000007372,30,1,2020,20,5,75,75115,2,1,2,2,BD PERIPHERIQUE EXTERIEUR,48.834762,2.265418
202000007373,30,1,2020,17,4,75,75117,2,1,2,7,BD PERIPHERIQUE INTERIEUR,48.896912,2.311243
202000007374,30,1,2020,12,1,75,75112,2,1,2,4,BD PERIPHERIQUE INTERIEUR,48.8296164,2.4010233
202000007375,28,1,2020,18,5,75,75116,2,2,3,6,AVENUE EDOUARD VAILLANT,48.838126,2.25421
202000007376,30,1,2020,13,1,75,75118,2,2,2,6,RUE DE LA CHAPELLE,48.890255,2.3599133
202000007377,30,1,2020,20,5,75,75117,2,2,2,3,RUE JOUFFROY D ABBANS,48.885967,2.309575
202000007378,30,1,2020,18,5,75,75117,2,4,2,3,AVENUE DE WAGRAM,48.8753286,2.2961801
202000007379,30,1,2020,9,1,75,75117,2,2,2,2,BOULEVARD DE LA SOMME,48.886582,2.290066
202000007380,30,1,2020,14,1,75,75116,2,1,8,2,AVENUE DU PRESIDENT KENNEDY,48.856377,2.2859971
202000007381,30,1,2020,12,1,75,75116,2,7,2,3,PLACE DU TROCADERO ET DU 11 NOVEMBRE,48.862509,2.286821
202000007382,30,1,2020,7,5,75,75116,2,7,1,-1,PORTE DE MADRID,48.8741501,2.2553821
202000007383,30,1,2020,10,1,75,75114,2,2,2,6,BOULEVARD ADOLPHE PINARD,48.825014,2.3021471
202000007384,30,1,2020,17,5,75,75114,2,3,2,6,RUE D ALESIA,48.8298377,2.3211765
202000007385,30,1,2020,18,5,75,75113,2,2,2,3,QUAI PANHARD ET LEVASSOR,48.8322321,2.3797659
202000007386,30,1,2020,16,1,75,75113,2,1,8,3,QUAI FRANCOIS MAURIAC,48.8326359,2.3792179
202000007387,30,1,2020,19,5,75,75112,2,3,1,6,AVENUE DAUMESNIL,48.8494957,2.3709427
202000007388,30,1,2020,16,1,75,75112,2,1,2,2,BOULEVARD PONIATOWSKI,48.8337985,2.4030949
202000007389,30,1,2020,9,1,75,75112,2,1,2,-1,QUAI DE BERCY,48.829625,2.387229
202000007390,30,1,2020,13,1,75,75111,2,1,2,2,BOULEVARD VOLTAIRE,48.8539495,2.3865731
202000007391,30,1,2020,14,1,75,75110,2,1,1,-1,QUAI DE VALMY,48.8735023,2.3632893
202000007392,30,1,2020,14,1,75,75110,2,7,2,3,PLACE FRANZ LISTZ,48.8779022,2.3516094
202000007393,30,1,2020,14,1,75,75110,2,2,1,3,RUE DES VINAIGRIERS,48.873169,2.361468
202000007394,30,1,2020,8,1,75,75109,2,1,2,2,BOULEVARD HAUSSMANN,48.8731075,2.332025
202000007395,30,1,2020,20,5,75,75102,2,1,2,6,BOULEVARD DE SEBASTOPOL,48.8654629,2.3520412
202000007396,30,1,2020,9,1,75,75103,2,1,2,3,RUE BEAUBOURG,48.8617513,2.3537828
202000007397,29,1,2020,13,1,94,94067,2,2,1,3,DAUMESNIL (AV),48.8350322,2.4197588
202000007398,29,1,2020,14,1,94,94046,2,1,1,6,JEAN JAURES (R),48.79389,2.43436
202000007399,28,1,2020,19,5,94,94046,2,2,2,6,REPUBLIQUE (AV DE LA),48.8011647,2.4316196
202000007400,30,1,2020,7,1,94,94011,2,1,1,3,OUEST(ROUTE DE L'),48.7799,2.48
202000007401,30,1,2020,16,1,94,94069,2,1,8,2,MARECHAL LECLERC (R DU),48.8181229,2.4334743
202000007402,30,1,2020,8,1,94,94044,2,1,1,6,PRESIDENT WILSON (AV DU),48.75086,2.49945
202000007403,29,1,2020,8,1,94,94002,2,1,1,1,MARCEL BOURDARIAS (R),48.8048,2.42454
202000007404,30,1,2020,9,1,93,93053,2,1,1,6,JEAN JAURES (RUE),48.89427,2.45786
202000007405,30,1,2020,22,5,93,93027,2,1,9,2,CACHIN (AVENUE MARCEL),48.9262,2.3968
202000007406,30,1,2020,9,1,92,92077,2,1,2,3,RONCE (RUE DE LA),48.82316,2.19285
202000007407,29,1,2020,10,1,92,92063,2,3,1,3,COLMAR (AV DE),48.8873081,2.1681375
202000007408,29,1,2020,7,1,92,92050,2,9,1,1,CHAMPS PIERREUX (AVENUE DES),48.88933,2.2135
202000007409,29,1,2020,17,1,92,92036,2,3,1,5,LOUISE MICHEL (PAIRS),48.92266,2.32061
202000007410,30,1,2020,18,5,92,92026,2,1,2,6,SAINT-DENIS BD DE (01 A 197 / 02 A 118),48.90011,2.2688949
202000007411,30,1,2020,12,1,92,92026,2,1,2,6,BEZONS  (DE 01 A 22),48.89354,2.25217
202000007412,30,1,2020,20,5,92,92024,2,1,8,3,VICTOR HUGO (BD),48.89839,2.31201
202000007413,30,1,2020,16,1,92,92012,2,3,1,7,VICTOR HUGO (AVENUE) 49/FIN - 60/FIN,48.8360324,2.2450076
202000007414,30,1,2020,18,3,47,47170,1,1,2,7,Lieu dit BIARDS,44.541464,0.544553
202000007415,28,1,2020,6,3,35,35245,1,1,2,2,La Lande Guinard,48.238712,-1.867547
202000007416,31,1,2020,5,3,25,25532,1,1,2,1,Saône,47.212106,6.095138
202000007417,31,1,2020,14,1,66,66141,1,1,1,2,A9,42.752401,2.892773
202000007418,29,1,2020,20,5,95,95487,2,6,1,6,Rue Etienne Dolet,49.1509291,2.2671994
202000007419,30,1,2020,21,3,71,71576,1,1,2,5,A6,46.52831,4.919493
202000007420,30,1,2020,15,1,67,67073,2,1,3,1,route de sainte marie aux mines,48.2800447,7.3896409
202000007421,31,1,2020,18,2,11,11111,1,2,1,2,D6113,43.210446,2.827005
202000007422,30,1,2020,17,2,60,60010,1,6,1,3,D205,49.2144684,2.1264412
202000007423,30,1,2020,10,1,06,06130,2,1,7,6,31 Avenue de Provence,43.69407,6.848857
202000007424,30,1,2020,19,5,38,38239,1,1,3,6,Rue des Pautes,45.32942,5.569156
202000007425,31,1,2020,11,1,44,44187,1,1,2,1,Route de Nantes,47.194874,-2.028093
202000007426,30,1,2020,17,1,62,62086,1,2,2,3,D8,50.21812,2.578365
202000007427,30,1,2020,17,2,77,77402,2,1,2,6,30 Rue des Prés de la Foire - D215,48.813424,3.358592
202000007428,31,1,2020,8,1,69,69260,2,1,1,1,Rue de la Salle des Fêtes,45.647465,4.812672
202000007429,30,1,2020,23,5,74,74263,2,4,3,6,Avenue de Coudrée,46.336047,6.380798
202000007430,30,1,2020,6,2,57,57488,1,1,8,1,Rue d'Avricourt,48.6726,6.788864
202000007431,26,1,2020,16,1,51,51569,1,1,1,5,D227,49.2500367,3.9445119