Num_Acc,jour,mois,an,hr,condition_eclairage,departement,commune,condition_agglomeration,intersection,condition_atmosphere,type_collision,adresse,lattitude,longitude
202000007432,30,1,2020,8,2,51,51563,1,2,8,3,D43/D951,48.8287298,3.7551948
202000007433,27,1,2020,7,2,59,59037,2,9,1,1,D942,50.189446,3.384674
202000007434,31,1,2020,17,1,80,80546,1,1,1,5,D925,50.100656,1.725288
202000007435,30,1,2020,15,1,80,80587,2,1,2,6,Rue Grande,49.923637,1.668221
202000007436,31,1,2020,17,1,71,71263,2,1,1,6,Avenue Fernand Point,46.6242801,5.2301382
202000007437,30,1,2020,18,3,63,63366,1,1,2,1,salamot,45.519878,3.389999
202000007438,30,1,2020,3,3,12,12154,1,3,1,6,Allee des Marronniers,43.873581,2.821727
202000007439,9,1,2020,15,1,29,29069,1,3,1,4,D67 - Keralan,48.436753,-4.57579
202000007440,30,1,2020,11,1,29,29160,2,3,1,6,Rue des Trois Freres le Jeune,48.5027314,-4.4282464
202000007441,29,1,2020,17,1,31,31553,1,1,1,1,D1,43.719676,1.135154
202000007442,30,1,2020,16,1,15,15087,1,1,2,6,D920,44.7705481,2.4602509
202000007443,22,1,2020,6,3,01,01024,1,1,2,7,Route de Montrevel,46.299598,5.151987
202000007444,25,1,2020,15,1,60,60235,1,1,5,7,D22,49.3259122,1.812492
202000007445,30,1,2020,20,3,16,16405,1,1,2,7,Ld L'Ormeau,45.521441,-0.096935
202000007446,30,1,2020,13,1,40,40273,1,1,1,1,Route des Barthes,43.502005,-1.345487
202000007447,30,1,2020,21,3,24,24291,1,1,2,7,Pont des Combes,45.053818,1.206157
202000007448,30,1,2020,23,3,85,85101,1,1,2,6,La Botterie,46.44507,-1.40907
202000007449,31,1,2020,5,3,28,28227,1,1,1,7,D26.1,48.575578,1.559576
202000007450,30,1,2020,8,1,37,37099,1,1,2,3,D751,47.2904571,0.5282419
202000007451,28,1,2020,13,1,08,08190,2,1,7,6,Place Méhul,50.137972,4.821534
202000007452,27,1,2020,15,1,69,69086,1,1,2,-1,L'Arbresle (Embranchement d'autoroute),45.8452263,4.6737713
202000007453,30,1,2020,8,1,38,38486,2,2,1,1,Rue du Dauphiné,45.16697,5.69431
202000007454,29,1,2020,7,2,91,91085,1,1,1,5,N20,48.542978,2.212887
202000007455,30,1,2020,23,3,974,97420,1,1,1,3,Route Nationale 2,-20.904472,55.598599
202000007456,31,1,2020,7,5,45,45244,2,1,2,6,Route d'Orleans,47.767363,2.478619
202000007457,31,1,2020,20,5,2B,2B042,2,6,1,3,Avenue de Borgo,42.562137,9.441075
202000007458,31,1,2020,3,3,2B,2B350,1,1,1,6,T20,42.5205888,9.4273639
202000007459,30,1,2020,7,2,88,88432,1,1,9,1,D47,48.438966,6.584724
202000007460,30,1,2020,7,1,54,54145,1,9,8,2,D81,48.647593,6.387692
202000007461,30,1,2020,18,5,42,42147,2,1,1,1,Rue de Beauregard,45.609797,4.059067
202000007462,12,1,2020,2,5,42,42299,2,6,1,6,La Croix Meyssant,45.61278,4.075241
202000007463,31,1,2020,14,1,86,86078,1,1,2,6,D35,46.1335677,0.3117133
202000007464,30,1,2020,15,1,49,49020,2,1,2,6,Rue du Bourg de Paille,47.473707,-0.624461
202000007465,31,1,2020,17,1,80,80002,1,1,1,1,A29,49.849755,2.813525
202000007466,29,1,2020,5,5,69,69290,1,1,2,2,RN 346 ,45.707,4.96732
202000007467,30,1,2020,10,1,94,94034,1,1,2,2,AUTOROUTE A86,48.7578133,2.3277063
202000007468,29,1,2020,19,5,78,78640,1,1,1,2,N118,48.778957,2.222435
202000007469,29,1,2020,18,5,92,92064,1,1,1,5,A13,48.8377401,2.1898582
202000007470,29,1,2020,18,5,78,78640,1,1,2,2,N118,48.784442,2.223031
202000007471,29,1,2020,19,3,93,93064,1,1,1,5,AUTOROUTE A86,48.86369,2.48249
202000007472,29,1,2020,9,1,93,93066,1,1,1,3,AUTOROUTE A86,48.92495,2.34074
202000007473,29,1,2020,5,3,95,95572,1,1,2,6,AUTOROUTE A15,49.03224,2.10866
202000007474,29,1,2020,5,3,95,95582,1,1,1,2,AUTOROUTE A15,48.97423,2.24517
202000007475,28,1,2020,10,1,92,92036,1,1,1,2,AUTOROUTE A15,48.94355,2.28738
202000007476,30,1,2020,17,3,77,77450,1,1,1,5,RN104,48.7219148,2.5981593
202000007477,30,1,2020,14,1,77,77373,1,1,2,2,RN104,48.7773637,2.6140391
202000007478,30,1,2020,10,1,77,77258,1,1,2,-1,A4.W,48.8301308,2.6260938
202000007479,28,1,2020,11,1,974,97409,2,1,1,2,Chemin Valentin,-20.9595687,55.6751708
202000007480,29,1,2020,20,5,69,69388,2,1,1,3,JEAN MERMOZ                         (AV),45.73525,4.87303
202000007481,24,1,2020,7,1,972,97209,2,6,1,1,BEAUSEJOUR JAMBETTE (ROUTE DE ),14.63001,-61.04137
202000007482,27,1,2020,21,5,972,97209,2,2,1,3,REDOUTE (ROUTE DE LA),14.627446,-61.059103
202000007483,29,1,2020,7,1,69,69034,2,3,2,6,SOEUR VIALLY (DE LA)                (MO),45.78526,4.84717
202000007484,29,1,2020,7,5,69,69286,2,6,2,6,CENTRE NAUTIQUE (DU)                (R ),45.8164888,4.8878354
202000007485,29,1,2020,17,1,2B,2B033,2,3,1,1,TOUTES RUES,42.6811,9.4405
202000007486,29,1,2020,9,1,971,97120,2,1,1,7,BD LEGITIMUS,16.2447749,-61.5341663
202000007487,29,1,2020,12,1,2A,2A004,2,1,1,3,MARECHAL JUIN AVENUE,41.93767,8.75096
202000007488,29,1,2020,10,1,2A,2A004,2,1,1,7,SEBASTIANU COSTA BD,41.94186,8.74833
202000007489,27,1,2020,1,3,95,95280,1,1,3,7,GOUSAINVILLE A ROISSY(ROUTE),49.01845,2.4948
202000007490,29,1,2020,13,1,95,95063,2,1,1,6,RUE EMILE ZOLA,48.923,2.21416
202000007491,29,1,2020,21,5,91,91589,2,1,1,7,BRIAND (BOULEVARD ARISTIDE),48.68252,2.34379
202000007492,28,1,2020,18,5,91,91377,2,9,2,3,CHAMPARTS (RUE DES),48.7181,2.29636
202000007493,29,1,2020,12,1,87,87085,2,1,2,2,BORIE (BOULEVARD DE LA),45.83492,1.22647
202000007494,29,1,2020,7,5,83,83137,2,9,1,-1,RIVIERE (QUAI COMMANDANT),43.13542,5.906844
202000007495,29,1,2020,19,-1,83,83069,2,1,-1,6,PERE ETERNEL (CHEMIN DU),43.12469,6.15039
202000007496,28,1,2020,18,2,83,83069,2,1,1,3,SOURCE (CHEMIN DE LA),43.10998,6.11049
202000007497,29,1,2020,17,1,82,82121,1,1,1,1,4500 Route d'Albefeuille Lagarde,44.047857,1.292126
202000007498,28,1,2020,9,1,78,78423,2,9,1,3,PRES (AVENUE DES),48.78028,2.02821
202000007499,26,1,2020,11,1,78,78005,2,1,2,3,BASSES PLAINES (CHEMIN DES),48.973,2.0702
202000007500,29,1,2020,10,1,77,77118,1,1,1,4,D34E,48.94333,2.66666
202000007501,28,1,2020,19,5,73,73011,2,1,2,3,D990  TOURS (ROUTE DE),45.668037,6.395551
202000007502,28,1,2020,20,5,72,72181,2,1,1,3,GAULLE GENERAL DE (AV DU),48.00405,0.20114
202000007503,29,1,2020,7,1,71,71306,2,2,1,6,Rue de Bel Air,46.6749655,4.3686177
202000007504,29,1,2020,16,1,69,69256,2,5,2,2,PABLO PICASSO                       (AV),45.7739915,4.9229991
202000007505,28,1,2020,13,1,67,67482,2,4,8,4,SCHIRMECK (ROUTE DE),48.561152,7.694225
202000007506,28,1,2020,11,1,67,67482,2,1,2,6,OVIDE (RUE),48.5804491,7.7058175
202000007507,27,1,2020,17,2,67,67482,2,1,8,6,RENAISSANCE (RUE DE LA),48.6136346,7.791066
202000007508,27,1,2020,18,5,63,63245,2,3,2,3,Blaise Pascal/Jean Jaurès,45.889921,3.076553
202000007509,28,1,2020,23,5,63,63113,2,1,1,6,FLAUBERT (BD GUSTAVE),45.76343,3.12591
202000007510,29,1,2020,13,1,59,59599,2,2,1,6,PASTEUR (RUE),50.725735,3.166512
202000007511,29,1,2020,13,1,59,59527,2,3,1,3,LAMBERSART RUE DE,50.65974,3.04584
202000007512,18,6,2020,18,1,68,68224,2,2,1,1,HEILMANN (RUE JOSUE),47.752397,7.331797
202000007513,18,6,2020,18,1,68,68066,2,9,1,6,CLEFS (RUE DES),48.078851,7.359002
202000007514,18,6,2020,18,1,67,67482,2,1,8,6,TEMPLE NEUF (RUE DU),48.58392,7.74962
202000007515,16,6,2020,15,1,67,67180,2,3,1,6,MARECHAL JOFFRE (RUE DU),48.81678,7.78718
202000007516,18,6,2020,15,1,66,66136,2,3,1,3,DE BONNEFOY ( RUE LOUIS),42.67632,2.88066
202000007517,18,6,2020,13,1,66,66136,2,1,1,6,POINCARE (BOULEVARD HENRI),42.69159,2.89327
202000007518,16,6,2020,22,3,66,66136,2,1,1,6,VIELLEDENT (JEAN),42.69595,2.89972
202000007519,19,6,2020,15,1,64,64483,1,1,1,3,RD 810,43.406703,-1.627791
202000007520,18,6,2020,16,1,64,64445,2,1,1,6,BUROS DE,43.32068,-0.34643
202000007521,17,6,2020,16,1,64,64445,2,6,1,6,CAZAUBON NORBERT,43.30407,-0.36696
202000007522,19,6,2020,14,1,64,64102,2,1,1,7,QUATORZE AVRIL (AVENUE DU),43.5025,-1.4565
202000007523,18,6,2020,21,1,64,64024,2,1,1,7,BAB (BOULEVARD DU),43.49388,-1.52024
202000007524,19,6,2020,15,1,59,59599,2,1,1,6,DROUOT (RUE DU GENERAL),50.7313,3.1843
202000007525,18,6,2020,19,1,59,59009,2,2,1,-1,DECUGIS YVES RUE         RESTE,50.619077,3.142249
202000007526,19,6,2020,10,1,56,56260,2,6,1,2,FRANCE LIBRE (GIRATOIRE DE),47.65953,-2.78118
202000007527,18,6,2020,18,1,56,56083,1,1,1,4,RN 165,47.7892034,-3.2902718
202000007528,18,6,2020,17,1,56,56083,2,1,1,5,Avenue de la République,47.80067,-3.28505
202000007529,18,6,2020,13,1,54,54526,2,3,1,3,CAMELINAT (RUE),48.6880247,6.2074283
202000007530,18,6,2020,14,1,51,51454,2,1,1,3,Rue Ponsardin,49.2527287,4.0398722
202000007531,16,6,2020,18,1,50,50129,2,2,1,3,PONT CARREAU,49.63354,-1.61739
202000007532,19,6,2020,9,1,45,45208,2,1,1,6,Rue de l'Europe,47.9949492,2.7405918
202000007533,19,6,2020,21,5,38,38185,2,2,1,3,Boulevard Gambetta,45.18784,5.72345
202000007534,19,6,2020,9,1,38,38185,2,1,1,6,Rue Pascal,45.16812,5.73534
202000007535,18,6,2020,18,1,34,34172,2,9,1,3,ASSAS (AVENUE D'),43.61995,3.85892
202000007536,18,6,2020,13,1,32,32013,1,1,1,7,HAGET (CHEMIN DU),43.65849,0.61275
202000007537,20,6,2020,0,5,29,29019,2,1,1,6,Place Albert Premier,48.3980542,-4.4893067
202000007538,18,6,2020,12,1,25,25056,2,1,1,6,CAUSSES RUE DES,47.2176,5.96651
202000007539,19,6,2020,17,1,17,17028,2,1,1,6,SALENGRO   AVENUE ROGER,46.14027,-1.13502
202000007540,19,6,2020,11,1,16,16015,2,1,1,6,267 Avenue de Navarre,45.634927,0.154182
202000007541,20,6,2020,0,3,14,14574,1,1,1,6,D. 159,49.1573,0.18509
202000007542,19,6,2020,17,1,14,14327,2,6,1,3,BOSTON (PLACE DE),49.2119,-0.35602
202000007543,19,6,2020,8,1,14,14118,2,3,2,5,SAINT NORBERT (RUE),49.18953,-0.40347
202000007544,19,6,2020,18,1,13,13075,2,1,1,7,LOUIS PASTEUR (AVE),43.3560112,5.4665694
202000007545,18,6,2020,19,1,13,13202,2,9,1,6,CHEMIN DU LITTORAL (CHEMIN DU),43.347085,5.344351
202000007546,19,6,2020,8,1,13,13201,2,3,1,3,BELSUNCE (COURS),43.29638,5.37769
202000007547,18,6,2020,16,1,13,13202,2,1,1,3,LITTORAL (CHEMIN DU),43.3323177,5.3547472
202000007548,19,6,2020,2,5,11,11262,2,1,1,7,BORDEAUX (AVENUE DE),43.18197,2.98906
202000007549,13,6,2020,3,5,11,11262,2,3,1,6,1848 (BOULEVARD),43.1916318,3.01518
202000007550,11,7,2020,2,5,54,54395,2,1,1,3,FOUCAULD (RUE CHARLES DE),48.7016606,6.1831623
202000007551,17,6,2020,15,1,11,11262,2,3,1,3,MISTRAL (BOULEVARD FREDERIC),43.18506,3.00053
202000007552,20,7,2020,19,1,51,51454,2,2,1,3,Rue Chanzy,49.2522465,4.0320437
202000007553,20,7,2020,4,5,51,51454,2,1,1,3,Rue Ledru Rollin,49.2371336,4.0349388
202000007554,18,6,2020,16,1,06,06088,2,1,1,3,ANGLAIS (A PARTIR DU N° 351),43.6717,7.2246
202000007555,19,6,2020,17,1,06,06155,2,3,1,3,JAUBERT AV.,43.579147,7.049886
202000007556,19,7,2020,4,5,45,45208,2,2,1,3,D973 PR 0 + 1,47.9983,2.7464
202000007557,20,7,2020,13,1,42,42186,2,1,1,6,Route de Montjoint,45.5320448,4.6199941
202000007558,19,6,2020,21,2,75,75115,2,1,1,2,BOULEVARD PERIPHERIQUE,48.826376,2.297013
202000007559,19,7,2020,22,5,39,39300,2,1,1,1,280 Rue des Violettes,46.6766,5.5725
202000007560,20,7,2020,15,1,37,37261,2,1,1,2,GRAMMONT (AVENUE DE),47.3731276,0.6956984
202000007561,19,6,2020,11,1,75,75116,2,4,1,4,BOULEVARD PERIPHERIQUE,48.841068,2.254187
202000007562,20,7,2020,9,1,37,37261,2,2,1,6,FEBVOTTE (RUE),47.3771454,0.6882322
202000007563,20,7,2020,10,1,35,35055,1,6,1,7,RD 173,48.0782,-1.632781
202000007564,20,7,2020,15,1,34,34003,2,1,1,3,ROCHELONGUE (G14 A O16,43.2791314,3.4811445
202000007565,19,6,2020,8,1,75,75114,2,1,1,3,BOULEVARD PERIPHERIQUE,48.820678,2.323145
202000007566,20,7,2020,4,5,33,33069,2,1,1,3,AVE DE TIVOLI,44.86287,-0.59339
202000007567,18,6,2020,18,1,75,75117,2,1,1,3,PORTE DE CHAMPERRET,48.883981,2.285279
202000007568,17,6,2020,19,1,75,75117,2,1,1,3,PORTE DE SAINT OUEN,48.900348,2.322174
202000007569,18,7,2020,16,1,31,31555,2,4,1,3,AV DES ETATS UNIS,43.6282373,1.4331847
202000007570,20,7,2020,8,1,29,29232,2,6,1,2,D783 - Boulevard President Allende,47.99532,-4.07309
202000007571,14,7,2020,15,1,29,29019,2,3,1,6,Rue du Carpon,48.3897361,-4.5011061
202000007572,19,6,2020,10,1,75,75111,2,1,1,3,BOULEVARD BEAUMARCHAIS,48.855271,2.36862
202000007573,20,7,2020,14,1,17,17306,2,1,1,3,ROCHEFORT (DE)  (AVENUE),45.64888,-1.02441
202000007574,19,6,2020,9,1,75,75120,2,2,1,3,RUE DE BUZENVAL,48.854036,2.399944
202000007575,20,7,2020,17,1,16,16374,2,1,1,6,Av du Général de Gaulle,45.6363,0.207591
202000007576,20,7,2020,10,1,13,13117,2,1,1,6,SALYENS ( AVENUE DES ),43.44195,5.2531
202000007577,19,6,2020,14,1,75,75119,2,1,1,3,RUE MANIN,48.883691,2.38962
202000007578,20,7,2020,18,1,13,13215,2,1,1,2,BERNABO (Bd),43.33658,5.3549728
202000007579,19,6,2020,14,1,75,75120,2,4,1,6,RUE DE BELLEVILLE,48.876807,2.405246
202000007580,20,7,2020,2,5,13,13208,2,1,1,2,MENDES FRANCE (AVENUE),43.25376,5.37604
202000007581,19,6,2020,12,1,75,75119,2,1,1,3,AVENUE SIMON BOLIVAR,48.876918,2.374349
202000007582,18,7,2020,22,5,13,13207,2,1,1,-1,Corniche John Fitzgérald Kennedy,43.28834,5.35307
202000007583,19,7,2020,5,2,13,13005,1,1,1,7,LASCOURS (CHEMIN DE ),43.3302273,5.5732387
202000007584,20,7,2020,1,5,06,06088,2,9,1,6,JAURES (BD JEAN),43.6966,7.2706
202000007585,19,6,2020,7,1,75,75118,2,2,1,3,RUE DAMREMONT,48.893638,2.336375
202000007586,17,7,2020,11,1,05,05061,2,3,1,3,GENERAL DE GAULLE ( BD ),44.55903,6.07515
202000007587,19,6,2020,19,1,75,75117,2,7,1,3,RUE DU CAPORAL PEUGEOT,48.887918,2.288789
202000007588,19,7,2020,6,1,75,75120,2,1,1,6,PORTE DES LILAS,48.875556,2.409953
202000007589,19,6,2020,15,1,75,75117,2,2,1,6,BOULEVARD DE COURCELLES,48.881206,2.315572
202000007590,20,7,2020,22,5,75,75119,2,2,1,4,RUE PETIT,48.884779,2.381261
202000007591,19,6,2020,0,5,75,75116,2,1,1,2,ALLEE DE LONGCHAMP,48.864437,2.24187
202000007592,19,7,2020,23,4,75,75117,2,1,1,7,RUE DES APENNINS,48.890231,2.321512
202000007593,19,6,2020,1,5,75,75116,2,2,1,3,ALLEE DE LONGCHAMP,48.867655,2.250882
202000007594,20,7,2020,5,1,75,75115,2,2,1,7,QUAI ANDRE CITROEN,48.849329,2.281626
202000007595,20,7,2020,22,2,75,75114,2,5,1,3,RUE D ALESIA,48.830535,2.319267
202000007596,19,6,2020,20,1,75,75115,2,1,1,3,PONT MIRABEAU,48.846446,2.276069
202000007597,18,6,2020,11,1,75,75115,2,4,1,-1,AVENUE DE SUFFREN,48.852797,2.298347
202000007598,20,7,2020,6,1,75,75113,2,2,1,3,BOULEVARD MASSENA,48.820124,2.364649
202000007599,20,7,2020,10,1,75,75110,2,1,1,3,QUAI DE VALMY,48.881957,2.368758
202000007600,19,6,2020,16,1,75,75114,2,1,1,3,AVENUE RENE COTY,48.83254,2.332937
202000007601,20,7,2020,14,1,75,75109,2,2,1,3,BOULEVARD DES ITALIENS,48.871276,2.33593
202000007602,19,6,2020,9,1,75,75113,2,3,1,3,RUE CHARLES MOUREU,48.82757,2.362454
202000007603,20,7,2020,22,5,75,75103,2,4,1,3,RUE DU TEMPLE,48.867162,2.362909
202000007604,18,6,2020,21,2,75,75111,2,3,1,3,BOULEVARD DE MENILMONTANT,48.865255,2.384572
202000007605,20,7,2020,20,1,75,75101,2,7,1,6,PLACE VENDOME,48.867086,2.329043
202000007606,19,6,2020,8,1,75,75111,2,4,1,6,RUE DE LA FONTAINE AU ROI,48.868688,2.368128
202000007607,20,7,2020,17,1,75,75104,2,3,1,6,RUE DE RIVOLI,48.855456,2.36009
202000007608,19,6,2020,14,1,75,75108,2,7,1,7,PLACE DE LA MADELEINE,48.869989,2.325248
202000007609,20,7,2020,18,1,75,75104,2,2,1,6,RUE DE RIVOLI,48.857896,2.3502
202000007610,19,6,2020,0,5,75,75104,2,1,1,7,BOULEVARD HENRI IV,48.851413,2.363261
202000007611,20,7,2020,13,1,75,75102,2,2,1,3,RUE DU LOUVRE,48.866749,2.343837
202000007612,19,6,2020,7,1,75,75103,2,2,1,3,RUE SAINT MARTIN,48.867905,2.355007
202000007613,19,7,2020,1,5,94,94081,2,2,1,3,FERME (R DE LA),48.78744,2.40154
202000007614,19,6,2020,19,1,94,94042,2,1,1,2,GENERAL GALLIENI - PONT DE JOINVILLE (AV,48.82,2.468
202000007615,19,7,2020,21,2,94,94068,2,4,1,3,MAURICE BERTEAUX (BD),48.80979,2.47113
202000007616,18,6,2020,21,2,94,94042,2,1,1,3,GENERAL GALLIENI (AV DU),48.82008,2.47713
202000007617,20,7,2020,18,1,94,94042,2,2,1,3,EUROPE (BD DE L),48.81492,2.46321
202000007618,20,7,2020,18,1,94,94046,2,1,1,6,REPUBLIQUE (AV DE LA),48.808,2.4497
202000007619,19,6,2020,8,1,94,94076,2,1,1,7,DAUPHIN (R),48.80581,2.3642
202000007620,18,6,2020,12,1,94,94076,2,1,1,3,MAXIME GORKI (BD),48.79336,2.36912
202000007621,19,7,2020,23,5,94,94028,2,1,1,4,AV DE LA POMPADOUR,48.7734,2.4357
202000007622,20,7,2020,20,1,94,94076,2,1,1,7,MAXIME GORKI (BD),48.794101,2.369003
202000007623,17,6,2020,22,5,94,94016,2,1,1,2,EUROPE (AV DE L),48.78587,2.32784
202000007624,19,7,2020,17,1,94,94016,2,2,1,3,MARX DORMOY (R),48.793761,2.333729
202000007625,18,7,2020,20,1,94,94076,2,9,1,2,MAXIME GORKI (R),48.79811,2.36732
202000007626,17,7,2020,23,3,94,94028,2,1,1,3,Duvauchelle (rue Dominique),48.7680203,2.4554749
202000007627,19,6,2020,10,1,93,93066,2,1,1,3,CHEMIN VERT,48.9451264,2.380857
202000007628,19,7,2020,12,1,93,93073,2,1,1,2,AV LOUIS DEQUET,48.9547883,2.58109
202000007629,19,6,2020,15,1,93,93077,2,6,1,6,OUTREBON (AVENUE),48.88886,2.5111
202000007630,19,7,2020,20,1,93,93066,2,3,1,6,BRISE ECHALAS,48.9386547,2.3458908
202000007631,19,6,2020,14,1,93,93014,2,1,1,3,ALL DE COUBRON,48.91173,2.55008
202000007632,20,7,2020,18,1,93,93049,2,1,1,3,GALLIENI (BOULEVARD),48.8534054,2.5160171
202000007633,18,6,2020,23,5,92,92020,2,2,1,3,VANVES BOULEVARD DE N° PAIRS,48.8099597,2.2825454
202000007634,19,6,2020,17,1,92,92024,2,2,2,3,GENERAL LECLERC (BD DU) (9 A 59)   (4 A,48.9024,2.3139
202000007635,20,7,2020,19,1,93,93001,2,1,1,6,DANIELLE CASANOVA (RUE)  56 =>,48.9185654,2.3925636
202000007636,19,6,2020,11,1,92,92002,2,3,1,6,FONTAINE MOUTON (AVENUE DE LA),48.7386368,2.2903632
202000007637,19,7,2020,10,1,93,93027,2,1,1,3,JAURES (AVENUE JEAN),48.92518,2.39876
202000007638,19,6,2020,17,1,83,83003,1,1,1,3,D49,43.606064,6.370429
202000007639,20,7,2020,21,1,93,93047,2,3,1,3,CLICHY (AVENUE DE),48.9030648,2.5621743
202000007640,20,6,2020,12,1,74,74238,1,1,1,1,D902 ROUTE DES GRANDES ALPES,46.247133,6.636531
202000007641,20,6,2020,5,5,972,97229,2,1,1,7,44 Ancienne Route de Schoelcher,14.611014,-61.092417
202000007642,20,7,2020,19,1,93,93005,2,1,1,6,ANDRE CITROEN (BOULEVARD),48.9590033,2.4860566
202000007643,20,6,2020,9,1,83,83004,1,2,1,3,D555,43.470222,6.484852
202000007644,19,6,2020,14,1,27,27478,2,1,1,6,Rue Charles de Gaulle,48.967949,1.207541
202000007645,20,7,2020,8,1,93,93005,2,1,1,2,R DE LA DIVISION LECLERC,48.9241772,2.4901748
202000007646,19,6,2020,20,1,42,42194,1,1,1,1,D46 Chez garon,46.251058,3.842034
202000007647,20,7,2020,18,1,93,93001,2,2,1,6,JEAN JAURES  (AVE)  157 A 213,48.9113628,2.4003266
202000007648,19,6,2020,17,1,79,79307,2,1,1,-1,16 Rue de la Chevalonnerie,46.13375,0.108452
202000007649,19,6,2020,17,1,68,68043,1,6,1,3,D83 - rons point du nouveau monde,47.8731836,7.2479008
202000007650,20,6,2020,4,5,44,44036,2,6,1,1,D771,47.700563,-1.404254
202000007651,20,7,2020,14,1,93,93001,2,1,1,3,JEAN JAURES  (AVE)  157 A 213,48.9095889,2.3983984
202000007652,19,6,2020,18,1,87,87143,1,9,1,1,Rue de la Gagnerie,45.913086,1.14158
202000007653,9,6,2020,18,1,51,51508,2,1,1,6,8 Rue du Stade,48.6071505,4.405248
202000007654,19,6,2020,15,1,51,51535,1,1,1,2,N4,48.7197348,3.7625386
202000007655,20,7,2020,20,1,92,92048,2,1,1,2,PARIS (RUE DE) N° 12 A 164,48.812599,2.244714
202000007656,20,6,2020,1,3,56,56063,1,1,1,6,Route de Pont-scorff,47.817701,-3.435341
202000007657,20,6,2020,10,1,74,74071,2,3,1,3,75 Route d'Annecy,46.027474,5.890356
202000007658,20,6,2020,4,2,76,76258,2,1,1,7,Le Vogosse (Sainte-Marguerite-sur-Fauville),49.67336,0.613186
202000007659,19,7,2020,14,1,92,92004,2,1,1,3,VOLTAIRE ( BD 16 A FIN ),48.91629,2.29001
202000007660,21,7,2020,6,1,26,26177,2,2,1,1,15 Grande Rue,45.117933,4.941487
202000007661,18,7,2020,12,1,95,95229,2,6,1,7,Avenue Jean Rostand,49.0341805,2.3419283
202000007662,19,7,2020,16,1,52,52331,2,1,1,-1,63 Avenue de Champagne,48.487554,4.759279
202000007663,18,6,2020,15,1,2A,2A228,1,1,1,2,Allee des Rouges Gorges,41.839793,8.770153
202000007664,19,6,2020,19,1,2A,2A271,2,1,1,3,RT 22,41.962823,8.8117282
202000007665,19,6,2020,23,3,2B,2B096,2,1,1,7,D39,42.306856,9.163338
202000007666,21,6,2020,14,1,73,73180,1,3,1,3,D991,45.931946,5.835747
202000007667,20,6,2020,3,3,82,82155,1,1,1,6,D115,44.140696,1.794779
202000007668,20,7,2020,21,1,31,31044,2,1,1,6,14 Avenue des Mourlingues,43.603607,1.509465
202000007669,19,6,2020,18,1,32,32180,1,1,1,2,D254,43.905932,0.203505
202000007670,21,7,2020,18,1,21,21138,1,1,1,5,A39,47.1891,5.324454
202000007671,20,6,2020,9,1,11,11251,2,1,1,6,Route du pont neuf - Montlaur,43.126813,2.554343
202000007672,21,7,2020,12,1,67,67490,1,6,1,3,3 Rue Principale,48.319338,7.348663
202000007673,20,6,2020,10,1,89,89405,1,1,1,7,D950,47.6288239,3.4853533
202000007674,21,7,2020,14,1,11,11203,1,1,1,3,D6113,43.207209,2.799969
202000007675,20,6,2020,4,3,63,63179,1,1,1,7,D906,45.596902,3.723373
202000007676,21,7,2020,13,1,85,85215,1,1,1,6,D11,46.85492,-1.15318
202000007677,18,6,2020,17,1,68,68065,1,1,1,7,D32,47.644422,7.036861
202000007678,19,7,2020,17,1,63,63352,1,1,7,6,A75 - PK 43+800 - Sens Nord / Sud,45.445801,3.26957
202000007679,21,7,2020,13,1,50,50512,1,1,1,7,Les Trois Cailloux,49.039922,-1.158162
202000007680,19,7,2020,9,1,83,83131,1,9,1,2,3 Rue des Vergers,43.213057,6.025946
202000007681,19,6,2020,15,1,26,26299,1,1,1,1,D93,44.762089,5.289693
202000007682,12,7,2020,11,1,57,57089,2,1,1,6,7 Rue de Wissembourg,49.054742,7.446762
202000007683,19,6,2020,16,1,54,54131,1,1,1,6,D120,48.882508,6.191343
202000007684,28,6,2020,10,1,76,76191,1,2,1,3,Terres de la Corbiere,49.7226286,1.1453594
202000007685,10,7,2020,14,1,76,76395,1,3,1,3,Route de Dieppe,49.879897,0.967076
202000007686,20,6,2020,16,1,61,61203,1,3,1,4,RD 30,48.396325,0.059427
202000007687,20,7,2020,14,1,79,79202,2,6,1,3,Rue de Chanzy,46.64445,-0.242826
202000007688,20,6,2020,18,1,14,14371,1,2,1,6,Les Prés de Court,49.051926,0.201423
202000007689,21,7,2020,13,1,80,80791,2,1,1,6,9 Cote de Vers,49.85311,2.237912
202000007690,20,6,2020,18,1,05,05152,1,1,1,7,L'ubac 05800,44.804981,6.11814
202000007691,21,7,2020,10,1,81,81177,1,1,1,7,D612,43.699559,2.212924
202000007692,20,6,2020,13,1,50,50267,1,1,1,6,Route du Calvaire,49.250229,-1.543332
202000007693,18,7,2020,19,1,47,47038,1,1,1,7,D146,44.345335,0.391645
202000007694,20,6,2020,16,1,60,60193,1,1,1,7,chemin d'amiens,49.6962249,1.923573
202000007695,11,7,2020,18,1,38,38130,1,2,1,3,Route de Champier,45.415658,5.261349
202000007696,21,7,2020,17,1,38,38416,2,1,1,6,Boulevard du Champ de Mars,45.15274,5.31927
202000007697,13,6,2020,16,1,45,45182,2,1,2,-1,D19 - PR 18 + 700,47.6742167,1.7983917
202000007698,20,6,2020,10,1,73,73183,1,2,1,3,D22 Route des Vignes,45.5098637,5.9858643
202000007699,21,7,2020,10,1,03,03210,1,3,1,2,,46.703581,3.0089199
202000007700,20,6,2020,4,3,10,10209,1,1,1,2,RD 619 PK 80+500,48.243939,4.281964