Num_Acc,jour,mois,an,hr,condition_eclairage,departement,commune,condition_agglomeration,intersection,condition_atmosphere,type_collision,adresse,lattitude,longitude
202000007701,20,7,2020,22,5,01,01195,2,3,1,6,233 Rue Charles Robin,46.212143,5.325424
202000007702,21,7,2020,21,1,54,54200,1,1,1,7,D 904,48.882526,5.845928
202000007703,19,6,2020,18,1,16,16192,1,3,1,3,Ld Pont Sigoulant,45.8841155,0.5962469
202000007704,21,7,2020,4,3,16,16400,1,1,1,6,Lieu dit Le Bois des Chaumes,45.954384,0.20127
202000007705,19,6,2020,20,1,16,16064,1,1,1,6,Ld Anglars,45.966637,0.869536
202000007706,20,7,2020,17,1,16,16249,1,1,1,6,Lieu-dit Chevillac,46.124725,0.756129
202000007707,19,6,2020,19,1,07,07339,1,1,1,3,D104,44.672315,4.458046
202000007708,20,7,2020,19,1,85,85103,1,1,1,5,910 Route des Sables,46.536259,-1.626567
202000007709,20,6,2020,17,1,53,53040,1,1,1,3,RD 106 PK 9+200,48.136867,-1.054591
202000007710,20,7,2020,19,1,27,27028,2,8,1,3,D46,49.221704,0.697653
202000007711,19,7,2020,15,1,27,27680,1,1,1,6,D438,48.914153,0.422854
202000007712,19,6,2020,17,1,87,87012,1,1,1,7,N147,46.060502,1.117237
202000007713,19,7,2020,20,1,17,17459,1,1,1,1,rue du bois de garde,45.912349,-0.423463
202000007714,20,6,2020,7,1,87,87012,1,1,1,1,pont de la varogne,46.057017,1.121303
202000007715,21,7,2020,12,1,30,30339,1,1,1,6,Val-d'Aigoual,44.098496,3.55618
202000007716,21,7,2020,7,1,973,97309,2,1,1,2,Rue Passiflore,4.892364,-52.285346
202000007717,21,7,2020,13,1,51,51572,1,1,1,6,A4,49.0359472,4.614822
202000007718,19,6,2020,20,1,30,30030,1,1,1,2,route departentale 161,44.035473,4.278459
202000007719,20,7,2020,19,1,76,76391,1,1,1,4,A13,49.33877,0.954416
202000007720,11,6,2020,6,1,30,30077,1,1,1,6,Route de la Baume,44.154476,4.033645
202000007721,19,6,2020,13,1,30,30284,2,1,1,6,Route de Villefort,44.172586,4.082612
202000007722,20,6,2020,10,1,08,08460,2,3,8,3,D8043,49.846894,4.501165
202000007723,20,7,2020,11,1,13,13051,1,1,1,5,A7,43.593936,5.17499
202000007724,19,7,2020,20,5,988,98817,2,3,2,6,RP2/RUE DES JAMELONNIERS,-22.242888,166.576123
202000007725,20,6,2020,11,1,88,88468,2,3,1,3,9 Avenue de Verdun,47.881368,6.762139
202000007726,21,7,2020,23,3,988,98804,1,1,1,7,TRIBU DE HAOULI/CANALA/RPN3,-21.527442,165.870874
202000007727,17,7,2020,11,1,973,97313,1,1,1,7,N2,4.782288,-52.418454
202000007728,20,6,2020,0,3,49,49092,1,1,1,7,bretelle de sortie A87 sens 2,47.23838,-0.730419
202000007729,20,7,2020,16,1,971,97116,2,1,1,1,Marieulle,16.327131,-61.466178
202000007730,19,6,2020,18,1,11,11225,1,1,1,4,A61,43.310206,1.901332
202000007731,20,7,2020,15,1,78,78193,1,1,1,1,Rue de Versailles,48.710015,1.989754
202000007732,19,6,2020,2,5,988,98813,2,1,1,6,Rue Geston LENEZ,-21.712211,165.840543
202000007733,20,7,2020,18,1,83,83068,1,1,1,3,D61,43.266381,6.556945
202000007734,27,5,2020,17,1,986,98613,1,2,1,3,route,-13.2750225,-176.190191
202000007735,19,6,2020,18,3,976,97608,2,1,2,2,Boulevard des Crabes,-12.785379,45.260249
202000007736,18,7,2020,18,1,13,13097,1,4,1,1,RD.24,43.630238,4.806355
202000007737,20,6,2020,16,1,77,77029,1,2,1,3,D211,48.637602,2.862496
202000007738,20,7,2020,18,1,26,26002,1,1,1,7,Autoroute du Soleil,45.255193,4.835744
202000007739,19,6,2020,21,5,2B,2B307,2,1,1,1,16 Scalo,42.381852,9.528499
202000007740,9,6,2020,22,3,83,83035,1,1,1,7,Route du Grand Vallat,43.202634,5.769598
202000007741,20,6,2020,14,1,05,05136,1,3,1,3,N94,44.70055,6.60929
202000007742,20,6,2020,12,1,13,13041,1,3,1,2,Route de Greasque,43.452043,5.495165
202000007743,20,6,2020,14,1,89,89257,2,2,1,6,Avenue du Port,47.960781,3.504733
202000007744,20,7,2020,10,1,26,26002,1,1,1,4,Autoroute du Soleil,45.237487,4.846258
202000007745,20,6,2020,16,1,71,71238,1,1,1,1,Voie Communale des Pierres,46.2194594,4.0572411
202000007746,16,7,2020,11,1,52,52312,2,4,1,3,13 Rue de Langres,47.887546,5.206608
202000007747,19,7,2020,15,1,38,38341,2,1,1,6,Montee des Grimaudieres,45.586789,5.409275
202000007748,21,7,2020,3,3,38,38153,1,1,1,6,Route de Villard de Lans,45.18201,5.62025
202000007749,20,7,2020,6,2,26,26168,1,1,1,6,Route de Sisteron,44.663806,5.69582
202000007750,21,7,2020,9,1,26,26064,1,2,1,1,2105 Route de Malissard,44.898413,4.983222
202000007751,20,7,2020,4,5,65,65059,2,1,1,6,Avenue Maquis de Payolle,43.059972,0.154361
202000007752,20,7,2020,23,5,17,17119,1,1,1,6,167 Rue de la Traverserie,45.613076,-0.882425
202000007753,12,7,2020,19,1,86,86210,1,1,1,3,D147,47.133437,0.055599
202000007754,20,6,2020,12,1,74,74042,2,3,1,3,Avenue Charles de Gaulle,46.072821,6.40622
202000007755,21,7,2020,15,1,33,33227,2,6,1,6,Rond-point d'Aquitaine,44.556943,-0.252825
202000007756,19,6,2020,18,1,74,74003,1,1,1,2,D909,45.892241,6.25783
202000007757,20,7,2020,8,1,85,85106,1,1,1,6,Route de l'Epine,46.967998,-2.245663
202000007758,20,7,2020,18,1,76,76321,2,3,1,1,240 Rue d'Orival,49.789884,1.222344
202000007759,20,6,2020,1,5,81,81099,2,1,1,6,avenue charles de gaulle,43.903752,1.906579
202000007760,7,7,2020,3,5,80,80033,1,9,1,7,Aire d'Assevillers Ouest (Embranchement d'autoroute),49.888808,2.838823
202000007761,20,6,2020,20,2,81,81173,1,1,1,3,N126,43.611195,1.740469
202000007762,16,7,2020,11,1,67,67152,1,1,2,6,Route Nationale 83,48.531392,7.693356
202000007763,20,7,2020,16,1,94,94037,1,1,1,3,AUTOROUTE A6B,48.8159951,2.3568556
202000007764,19,6,2020,8,1,31,31433,2,1,1,3,78 Route d'Espagne,43.540463,1.414062
202000007765,20,7,2020,12,1,91,91340,1,1,1,7,RN 104,48.6078,2.4338
202000007766,11,6,2020,7,1,50,50612,2,9,1,3,9 Route de la Côte,48.681742,-1.412795
202000007767,20,7,2020,11,1,91,91434,1,1,1,2,AUTOROUTE A6,48.6687,2.3577
202000007768,20,7,2020,7,1,95,95582,1,1,1,2,AUTOROUTE A15,48.9719817,2.248285
202000007769,20,7,2020,6,1,95,95365,1,1,1,2,RN 104,49.06336,2.41233
202000007770,20,7,2020,8,1,77,77337,1,1,1,-1,A4,48.8303864,2.6112166
202000007771,20,6,2020,11,1,27,27448,2,9,1,3,155 Route de Paris,49.009399,1.400945
202000007772,18,7,2020,23,5,988,98818,2,1,2,6,FERRY (RUE JULES),-22.26656,166.43746
202000007773,10,7,2020,9,1,988,98818,2,1,1,6,FOREST (RUE FERNAND),-22.24464,166.45132
202000007774,20,6,2020,18,1,60,60575,2,1,1,2,Route Nationale 1,49.288593,2.201021
202000007775,19,7,2020,22,5,974,97416,2,1,1,3,MITTERAND (AVENUE DU PDT),-21.34511,55.48518
202000007776,19,7,2020,21,1,69,69259,2,1,1,6,LEON TOLSTOI                        (R ),45.6995543,4.8616287
202000007777,20,6,2020,0,5,59,59051,1,6,1,6,M441,50.542181,2.813745
202000007778,19,7,2020,21,2,69,69199,2,1,1,6,ALBERT THOMAS                       (AV),45.7073203,4.8590098
202000007779,16,6,2020,14,1,13,13001,1,1,1,2,A51-Sens Marseille vers Aix en Provence,43.51682,5.428491
202000007780,19,7,2020,9,1,69,69388,2,1,1,6,CROIX BARRET (DE LA)                (R ),45.73675,4.84496
202000007781,18,6,2020,11,1,13,13026,1,1,1,2,A55-Sens Martigues vers Marseille,43.3749,5.1775
202000007782,19,7,2020,8,1,69,69387,2,2,1,3,BERTHELOT                           (AV),45.7467101,4.8371364
202000007783,19,6,2020,17,1,93,93007,1,1,1,4,AUTOROUTE A1,48.94683,2.44258
202000007784,18,7,2020,15,1,972,97213,1,2,1,3,ROUTE DEPARTEMENTALE 15,14.6436,-61.01033
202000007785,19,6,2020,16,1,93,93008,1,1,1,3,AUTOROUTE A86,48.91326,2.43476
202000007786,18,7,2020,13,1,91,91549,2,1,1,3,CORBEIL (ROUTE DE),48.648395,2.335974
202000007787,19,6,2020,7,2,95,95018,1,1,1,3, A15,48.94967,2.28021
202000007788,18,7,2020,18,1,91,91345,2,1,1,6,PRESIDENT FRANCOIS MITTERAND,48.69438,2.29373
202000007789,18,6,2020,14,1,92,92036,1,1,1,2,AUTOROUTE A86,48.93883,2.30686
202000007790,19,7,2020,13,1,83,83129,2,1,1,3,RAYOLET (CORNICHE DU),43.08716,5.81222
202000007791,18,6,2020,14,1,93,93066,1,1,1,2,AUTOROUTE A1,48.91989,2.35725
202000007792,18,7,2020,22,3,83,83129,2,1,1,6,FORT (MONTEE DU),43.10197,5.84129
202000007793,20,7,2020,0,5,83,83061,2,1,1,6,AVENUE DE PORT-FRÉJUS,43.42394,6.74814
202000007794,19,6,2020,7,1,94,94017,1,1,1,7,A4,48.83012,2.49239
202000007795,19,7,2020,17,1,83,83118,2,1,1,7,BOULEVARD EUGÈNE BRIEUX,43.435654,6.892512
202000007796,12,4,2020,18,1,33,33318,2,2,1,3,Avenue Pasteur / Avenue de la Forge / Avenue Sainte Marie,44.80243,-0.6455
202000007797,18,7,2020,10,1,69,69290,2,1,1,6,GEORGE SAND                         (R ),45.6937951,4.9363524
202000007798,13,7,2020,15,1,68,68297,2,6,1,6,GARE ( RUE DE LA ),47.59124,7.55733
202000007799,18,6,2020,0,3,988,98818,2,1,1,7,AVENUE JAMES COOK,-22.26663,166.41134
202000007800,19,7,2020,18,1,60,60463,2,1,1,6,Avenue du 8 Mai 1945,49.2775548,2.4627049
202000007801,18,6,2020,11,1,988,98818,2,1,1,6,HT N°176 RUE GEORGES LEQUES,-22.23343,166.495545
202000007802,19,7,2020,21,2,57,57606,1,1,1,6,CD 72 (ROUTE DE PORCELETTE),49.13889,6.6785
202000007803,18,6,2020,8,1,974,97416,2,1,1,3,CD 29,-21.35095,55.50908
202000007804,17,7,2020,19,1,51,51108,2,3,1,3,Rue Jean Jaurès,48.95328,4.34603
202000007805,19,7,2020,11,1,45,45234,2,1,1,7,Rue du 11 Novembre,47.9163213,1.9282208
202000007806,19,7,2020,19,1,37,37261,2,1,1,-1,SAINT SAUVEUR (PONT),47.3732283,0.6785342
202000007807,18,6,2020,14,1,69,69388,2,2,1,2,ETATS UNIS (DES)                    (BD),45.7349034,4.8634163
202000007808,19,7,2020,23,5,35,35238,2,1,1,6,92 rue d'Antrain,48.11933,-1.67479
202000007809,18,6,2020,9,1,69,69383,2,1,1,6,ARSONVAL (D')                       (PL),45.7432695,4.8796906
202000007810,19,7,2020,20,1,34,34172,2,1,1,6,ORIENT (BOULEVARD D'),43.6037,3.88996
202000007811,17,6,2020,10,1,972,97209,1,1,1,7,AUTOROUTE (A1),14.614,-61.046
202000007812,18,7,2020,17,1,30,30189,2,2,1,3,CITE FOULC (RUE),43.83221,4.36077
202000007813,18,6,2020,18,1,69,69385,2,1,1,-1,ROMAIN ROLLAND                      (QU),45.76249,4.82889
202000007814,19,7,2020,18,1,26,26058,2,1,1,4,BART RUE JEAN,44.95364,4.88786
202000007815,18,6,2020,18,1,69,69202,2,1,1,6,GRANDE RUE                          (GR),45.7341657,4.8038733
202000007816,19,7,2020,23,5,17,17300,2,2,1,3,MONNAIE   AVENUE DE LA,46.15631,-1.15731
202000007817,17,6,2020,21,2,69,69152,2,6,1,3,BARRAGE                             (CH ,45.6934,4.82803
202000007818,18,7,2020,11,1,13,13208,2,1,1,4,BARRAL (BOULEVARD),43.264789,5.3938425
202000007819,19,7,2020,14,1,13,13002,2,4,1,6,GENERAL LECLERC (AVENUE DU),43.34525,5.48717
202000007820,17,6,2020,18,1,91,91223,1,1,1,6,R.N.20,48.39061,2.10813
202000007821,19,7,2020,11,1,13,13209,2,2,1,3,SAINTE MARGUERITE (BOULEVARD),43.2634,5.40491
202000007822,18,6,2020,17,1,91,91201,2,9,2,7,GENERAL DE GAULLE(BOULEVARD),48.6872,2.39914
202000007823,17,7,2020,23,5,13,13208,2,1,1,5,PRADO (AVENUE DU),43.26573,5.38083
202000007824,13,6,2020,7,2,86,86194,2,9,1,6,Rue Dom Fonteneau,46.587005,0.340015
202000007825,6,5,2020,18,1,30,30351,2,1,1,6,OLIVIERS CHEMIN DES,43.97642,4.79569
202000007826,19,7,2020,18,1,06,06088,2,1,1,5,ANGLAIS (A PARTIR DU N° 351),43.67132,7.22431
202000007827,19,7,2020,17,2,06,06069,2,1,1,6,CARNOT (BOULEVARD ET TRAVERSE),43.655871,6.922244
202000007828,19,7,2020,7,1,75,75110,2,2,1,3,RUE LOUIS BLANC,48.881102,2.365161
202000007829,18,7,2020,10,1,75,75110,2,5,1,3,BOULEVARD DE LA CHAPELLE,48.884318,2.359134
202000007830,19,7,2020,14,1,75,75106,2,1,1,3,QUAI MALAQUAIS,48.858301,2.333544
202000007831,19,7,2020,7,1,75,75105,2,4,1,3,BOULEVARD DE L HOPITAL,48.843214,2.364105
202000007832,19,7,2020,1,5,75,75105,2,1,1,1,QUAI SAINT BERNARD,48.849085,2.357671
202000007833,19,7,2020,1,5,75,75120,2,1,1,3,RUE DES PYRENEES,48.872754,2.390833
202000007834,8,7,2020,2,5,75,75111,2,1,1,6,RUE DE CHARONNE,48.852049,2.373949
202000007835,19,7,2020,16,1,75,75118,2,5,1,5,BOULEVARD NEY,48.897739,2.329064
202000007836,19,7,2020,11,1,75,75117,2,1,1,6,AVENUE DE VILLIERS,48.883896,2.3044
202000007837,19,7,2020,21,1,75,75112,2,2,1,3,AVENUE DAUMESNIL,48.836691,2.403518
202000007838,19,7,2020,10,1,75,75112,2,1,1,7,AVENUE DE LA PORTE DE VINCENNES,48.846866,2.411993
202000007839,19,7,2020,14,1,75,75110,2,1,1,6,BOULEVARD DE MAGENTA,48.882373,2.350489
202000007840,19,7,2020,1,5,75,75110,2,1,1,6,BOULEVARD DE LA VILLETTE,48.876704,2.371512
202000007841,19,7,2020,23,5,94,94078,2,4,1,4,L'APPEL DU DIX-HUIT JUIN 1940 (AV DE),48.7553,2.4444
202000007842,15,6,2020,11,1,83,83126,1,1,1,6,rd pt du sous-marin Prothée,43.07966,5.89902
202000007843,12,6,2020,15,1,83,83126,2,3,2,6,ANCIENS COMBATANTS D'INDOCHINE (AV DES),43.10506,5.85604
202000007844,18,6,2020,8,1,78,78172,1,1,1,2,BRETELLE ACCES RD203/RN184,48.99068,2.08154
202000007845,17,6,2020,20,1,77,77372,2,3,1,6,GENERAL LECLERC  (RUE   ) - D334,48.881886,2.697526
202000007846,19,7,2020,11,1,94,94077,2,2,7,6,HENRI GILBERT (AV),48.73526,2.42426
202000007847,3,6,2020,13,1,77,77132,1,1,1,1,D934,48.88123,2.78638
202000007848,17,6,2020,22,5,72,72181,2,1,1,6,PIED SEC (RUE DE),47.98257,0.20652
202000007849,18,7,2020,19,1,94,94022,2,1,1,3,HUIT MAI 1945 (AV DU),48.7652852,2.4106783
202000007850,18,6,2020,11,1,69,69290,2,1,1,6,DOCTEUR GALLAVARDIN (DU)            (R ),45.69142,4.93758
202000007851,17,6,2020,11,1,67,67482,2,1,2,6,ROMAINS (ROUTE DES),48.57973,7.71683
202000007852,18,6,2020,9,1,64,64445,2,1,1,6,POUGUET,43.32122,-0.3521
202000007853,18,6,2020,12,1,59,59350,2,9,8,6,ESPLANADE FACADE,50.64102,3.05353
202000007854,17,6,2020,15,1,54,54395,2,2,3,3,METZ (RUE DE),48.7001698,6.1725891
202000007855,16,6,2020,16,1,54,54197,2,1,1,2,SAINT-EXUPERY (RUE ANTOINE DE),48.6384,6.1877
202000007856,18,6,2020,12,1,51,51172,2,2,1,4,Rue des Remouleurs,49.2156078,4.0639379
202000007857,19,7,2020,19,1,93,93048,2,1,1,6,BOISSIERE (BOULEVARD DE LA),48.8760248,2.467992
202000007858,17,6,2020,14,1,49,49267,2,1,1,3,CHAMPFLEUR,47.4787543,-0.5047213
202000007859,18,6,2020,19,1,45,45147,1,7,1,1,Rue Colonel Fabien,47.9365767,1.9122121
202000007860,17,6,2020,12,1,45,45234,2,1,1,-1,Rue du Nécotin,47.9250579,1.9376109
202000007861,17,6,2020,18,1,45,45338,1,1,1,7,D2060 - 29+600,47.9727065,2.7151732
202000007862,18,6,2020,8,1,37,37261,2,2,1,-1,MARCEAU (RUE),47.3942422,0.6847261
202000007863,19,6,2020,0,5,34,34172,2,1,1,3,STRASBOURG (BOULEVARD DE),43.60322,3.88344
202000007864,18,6,2020,19,1,34,34172,2,1,1,5,FLAHAULT (AVENUE CHARLES,43.61905,3.86592
202000007865,18,6,2020,14,1,33,33318,2,1,2,6,AVE DU GENERAL LECLERC,44.79391,-0.66997
202000007866,19,7,2020,7,1,93,93010,2,9,1,2,GALLIENI (AV.) DE 2 A 96,48.9049081,2.475454
202000007867,18,6,2020,8,1,33,33318,2,2,3,3,AVE JEAN CORDIER / AVE HECTOR DOMECQ,44.81144,-0.62461
202000007868,18,6,2020,11,1,31,31555,2,1,1,6,RUE DE BELFORT,43.60864,1.45121
202000007869,18,6,2020,8,1,31,31555,2,4,1,3,CHE DU CANAL,43.57347,1.46375
202000007870,17,6,2020,13,1,31,31149,2,3,1,3,DEFERRE (BOULEVARD GASTON),43.61813,1.33429
202000007871,18,6,2020,20,1,29,29254,2,1,2,7,Route de Saint-Germain,48.5863756,-3.8402659
202000007872,19,7,2020,21,1,93,93005,2,2,1,3,FRANCOIS 1ER (ALLEE),48.91815,2.492294
202000007873,18,7,2020,22,5,92,92024,2,3,1,6,JEAN JAURES (BD) DE 47 A 109)   (56 A 14,48.9028404,2.3039527
202000007874,19,7,2020,18,1,47,47241,1,1,1,6,Chemin rural de constant,44.584675,0.71394
202000007875,16,7,2020,16,1,51,51649,1,6,1,2,N4,48.74047,4.59265
202000007876,18,7,2020,9,1,01,01052,1,1,1,2,RD 70 VILLARS LES DOMBES,46.003714,5.001976
202000007877,20,7,2020,15,1,66,66136,1,1,1,5,Autoroute A9 PK 246+250 sens Espagne-France,42.745436,2.891121
202000007878,20,7,2020,20,1,60,60157,2,1,1,6,5 Avenue Gambetta,49.383248,2.412077
202000007879,19,7,2020,2,3,41,41246,1,1,1,6,D77,47.511954,1.348615
202000007880,20,7,2020,7,1,69,69062,1,1,1,3,D2,45.6242314,4.4808765
202000007881,19,7,2020,0,3,33,33002,1,3,1,3,D9,44.516017,-0.049953
202000007882,19,7,2020,12,1,972,97210,2,1,1,1,Chemin Pointe Courchet,14.619973,-60.899979
202000007883,19,7,2020,11,1,11,11203,1,1,1,1,RD6113 lezignan corbieres,43.198591,2.747929
202000007884,20,7,2020,0,3,35,35239,1,1,1,6,D173,47.897283,-1.372036
202000007885,18,7,2020,17,1,59,59570,2,3,1,3,Faubourg de Cassel,50.962799,2.432817
202000007886,14,7,2020,19,1,62,62361,2,1,1,-1,7 Cite des Marronniers,50.26768,2.300568
202000007887,12,7,2020,20,1,62,62633,1,1,1,3,D101,50.353577,2.219242
202000007888,19,7,2020,16,1,62,62452,2,1,1,7,Rue de Saint-omer,50.696586,2.283317
202000007889,12,7,2020,10,1,56,56040,1,1,1,7,Lieu-dit Kerlivio,47.846344,-3.384991
202000007890,18,7,2020,19,1,59,59282,1,1,1,7,d 338,50.824346,2.500334
202000007891,20,7,2020,13,1,76,76146,2,1,1,6,Route de Rouen (Buchy),49.584264,1.351157
202000007892,20,7,2020,10,1,2B,2B319,1,1,1,3,Figareto,42.417671,9.529132
202000007893,20,7,2020,17,1,82,82141,1,1,1,7,Lieu Dit Capelanios,44.095699,0.926805
202000007894,20,7,2020,13,1,65,65281,1,1,1,7,D937  Route des Pyrénées,43.118481,0.079608
202000007895,20,7,2020,11,1,81,81171,1,1,1,5,Route de Barrabie,43.839936,1.841299
202000007896,15,10,2020,20,3,95,95018,1,1,1,4, A15,48.958417,2.274739
202000007897,15,10,2020,18,1,95,95212,1,1,1,4, A1,49.026157,2.536722
202000007898,15,10,2020,8,1,95,95394,1,1,1,4,RN 184,49.053054,2.197673
202000007899,15,10,2020,6,3,95,95582,1,1,1,4, A115,48.98063,2.240934
202000007900,14,10,2020,16,1,93,93007,1,1,1,2,AUTOROUTE A1,48.9538,2.4554
202000007901,14,10,2020,14,1,93,93066,1,1,1,2,AUTOROUTE A1,48.9058,2.3586
202000007902,15,10,2020,7,1,93,93051,1,1,1,4,A4,48.8362788,2.5545923
202000007903,17,7,2020,15,1,66,66050,1,9,6,6,Départementale 83,42.777006,2.943576
202000007904,14,10,2020,17,1,974,97411,2,3,1,3,CAMP CALIXTE (RUELLE),-20.89078,55.4562
202000007905,13,10,2020,12,1,973,97302,2,1,1,2,CABASSOU (ROUTE DE),4.9203651,-52.3207247
202000007906,14,10,2020,7,2,69,69386,2,1,2,6,DUQUESNE                            (R ),45.77242,4.84265
202000007907,14,10,2020,7,2,69,69259,2,1,8,6,JEAN MACE                           (R ),45.6984524,4.8837395
202000007908,14,10,2020,3,5,69,69387,2,2,1,3,TONY GARNIER                        (AV),45.73159,4.82415
202000007909,14,10,2020,13,1,972,97213,2,2,2,1,ROUTE DEPARTEMENTALE 3 BIS,14.61753,-60.99518
202000007910,14,10,2020,16,1,69,69382,2,2,8,3,VAUBECOUR                           (R ),45.7538,4.826
202000007911,14,10,2020,18,2,95,95268,2,1,1,6,PL VOLTAIRE,48.97403,2.3977
202000007912,5,10,2020,7,1,91,91552,2,1,2,7,RUE SALVADOR ALLENDE,48.591322,2.258162
202000007913,3,10,2020,22,5,91,91425,2,1,1,1,GR GRANDE RUE,48.637232,2.271153
202000007914,2,10,2020,19,1,91,91425,2,1,1,3,RTE D ORLEANS RN 20,48.637819,2.267266
202000007915,1,10,2020,20,5,91,91103,2,2,1,6,RUE VICTOR HUGO,48.60773,2.30583
202000007916,2,10,2020,7,1,91,91691,2,1,3,6,MARCEAU BAILLIOTI(RUE),48.709,2.49415
202000007917,14,10,2020,18,2,91,91286,2,4,2,6,CONDORCET (RUE),48.644381,2.379293
202000007918,14,10,2020,16,1,91,91286,2,9,1,5,FERDINAND DE LESSEPS (RUE),48.6659954,2.3981931
202000007919,14,10,2020,12,1,91,91434,2,1,1,6,SAVIGNY (RUE DE),48.666841,2.353939
202000007920,14,10,2020,8,1,87,87085,2,2,2,3,Rue Emile Montégut,45.82529,1.24195
202000007921,13,10,2020,15,1,83,83123,1,1,1,2,HUIDE (CHEMIN DE) N° PAIRS,43.12873,5.79851
202000007922,9,10,2020,17,-1,83,83069,2,1,-1,6,TOULON (VIEUX CHEMIN DE),43.123795,6.096241
202000007923,14,10,2020,15,1,81,81065,2,1,1,6,JEAN (RUE ST.),43.619068,2.240953
202000007924,14,10,2020,17,1,78,78029,2,1,1,2,CHARLES DE GAULLE (AVENUE),48.963512,1.851261
202000007925,14,10,2020,18,1,77,77337,2,6,2,7,DES QUATRE PAVES (ROND-POINT),48.85118,2.621039
202000007926,13,10,2020,21,5,76,76575,2,1,1,2,CROIZAT. AVENUE AMBROISE,49.37203,1.10366
202000007927,13,10,2020,17,1,76,76351,2,1,1,6,VLADIMIR KOMAROV (AVE),49.50527,0.18181
202000007928,13,10,2020,7,5,71,71076,2,1,8,6,MESSAGERIES (QUAI DES ),46.7803836,4.8567644
202000007929,13,10,2020,12,1,67,67365,2,8,1,3,BOHRIE (ALLEE DU),48.54994,7.70274
202000007930,14,10,2020,8,2,62,62737,2,1,8,6,EGALITE (RUE DE L'),50.446548,2.688153
202000007931,1,6,2020,14,1,62,62895,2,1,1,3,MEURCHIN (R DE ),50.4969736,2.8752127
202000007932,23,9,2020,19,2,62,62624,2,1,2,6,BRETON,50.42605,2.99556
202000007933,9,10,2020,22,5,59,59378,2,1,1,2,REPUBLIQUE AV DE LA (N°829-931),50.6612,3.0948
202000007934,14,10,2020,23,5,59,59220,2,2,1,3,VERDUN AVENUE DE,50.58921,3.07855
202000007935,4,8,2020,16,1,58,58194,2,3,1,6,MARECHAL JUIN,47.00413,3.15395
202000007936,14,10,2020,7,1,57,57344,2,9,1,1,CD42,48.70784,7.02
202000007937,11,10,2020,9,1,57,57597,2,1,1,6,GRAND'RUE,49.25431,6.06937
202000007938,10,10,2020,17,1,57,57597,2,6,1,6,CD9,49.25675,6.07176
202000007939,13,10,2020,14,1,56,56107,2,1,1,3,KERNEVEL (PORT DU),47.71816,-3.36951
202000007940,14,10,2020,17,1,51,51454,2,3,1,4,Rue Emile Zola,49.2682507,4.026396
202000007941,13,10,2020,18,2,51,51454,2,3,2,3,Rue Mazarin,49.2159832,4.0283106
202000007942,13,10,2020,8,1,51,51454,2,1,2,7,Quai du Pré aux Moines,49.2337457,4.0458733
202000007943,13,10,2020,8,2,51,51454,2,3,2,4,Rue Ruinart de Brimont,49.2565747,4.0456536
202000007944,13,10,2020,7,5,51,51454,1,6,1,3,Rond-Point Porte Farman,49.2365355,4.0713448
202000007945,14,10,2020,8,1,50,50218,2,1,1,6,VENDEENS (AV DES),48.83461,-1.57777
202000007946,2,10,2020,7,2,49,49099,2,1,1,6,CURIE (RUE PIERRE ET MARIE),47.06761,-0.85968
202000007947,13,10,2020,13,1,47,47001,2,3,2,3,JAURES (AV. JEAN),44.20357,0.62824
202000007948,12,10,2020,12,1,42,42127,2,4,1,3,Rue Alfred de Musset,46.05946,4.06029
202000007949,13,10,2020,9,1,37,37214,2,1,2,7,PORTILLON (QUAI),47.4004919,0.6801231
202000007950,14,10,2020,19,5,35,35238,2,1,1,6,228 Rue de Fougères,48.13005,-1.64059
202000007951,14,10,2020,10,1,35,35238,2,3,1,3,PATTON (AVENUE DU GENERAL SIR GEORGES),48.1284,-1.6642
202000007952,14,10,2020,8,2,35,35238,2,1,5,3,PARIS (RUE DE),48.11328,-1.66164
202000007953,11,10,2020,14,1,34,34003,2,2,1,3,BEAULIEU (Q4 A S4,43.28691,3.44703
202000007954,14,10,2020,19,1,33,33318,2,3,1,2,AVE CAMILLE JULLIAN,44.79268,-0.61484
202000007955,13,10,2020,8,1,31,31557,2,1,2,3,PEYRETTE (CH DE LA),43.57954,1.29051
202000007956,10,10,2020,11,1,27,27229,2,1,1,6,ALLENDE (BOULEVARD DU PRESIDENT),49.00374,1.1484
202000007957,12,10,2020,16,1,26,26198,1,1,1,3,Route du Teil,44.55331,4.70988
202000007958,14,10,2020,12,1,17,17306,2,1,1,3,QUEBEC (AVENUE),45.63442,-1.02232
202000007959,14,10,2020,8,1,16,16015,2,3,1,3,route de Bordeaux,45.63719,0.128524
202000007960,13,10,2020,12,1,14,14059,2,2,1,3,LAIS DE MER (RUE DES),49.35043,0.05075
202000007961,14,10,2020,16,1,14,14437,1,1,1,6,MONTALIVET (COURS),49.17997,-0.32991
202000007962,14,10,2020,20,5,13,13075,2,1,1,2,GEORGES POMPIDOU (AVE),43.3432,5.462
202000007963,14,10,2020,12,1,13,13212,2,3,1,3,CAILLOLS (AVENUE DES),43.304183,5.434875
202000007964,13,10,2020,14,1,13,13202,2,1,1,6,MAZEAU (PLACE DU),43.297836,5.370583