Num_Acc,jour,mois,an,hr,condition_eclairage,departement,commune,condition_agglomeration,intersection,condition_atmosphere,type_collision,adresse,lattitude,longitude
202000007965,12,10,2020,13,1,13,13205,2,2,1,1,SAKAKINI (BOULEVARD),43.29369,5.40146
202000007966,13,10,2020,9,1,13,13001,2,9,1,6,AMPERE  ANDRE (RUE),43.48902,5.376278
202000007967,2,10,2020,12,1,10,10387,2,1,3,7,RAYMOND POINCARE (RUE),48.29564,4.07711
202000007968,13,10,2020,17,1,10,10297,2,2,2,3,MICHEL BERGER (RUE),48.32139,4.10673
202000007969,14,10,2020,18,2,06,06088,2,1,3,6,FABRON (AV. DE) (JUSQU'AU N° 77),43.687479,7.233744
202000007970,13,10,2020,10,1,06,06083,2,3,1,1,"GARAVAN (BOULEVARD, N° 1 A 36)",43.7864,7.5131
202000007971,10,10,2020,12,1,02,02691,2,9,1,7,GUISE (RUE DE),49.840663,3.312425
202000007972,14,10,2020,19,3,75,75115,2,1,1,3,BOULEVARD PERIPHERIQUE,48.825793,2.299593
202000007973,14,10,2020,17,1,75,75116,2,1,1,3,BOULEVARD PERIPHERIQUE,48.861934,2.2646
202000007974,13,10,2020,14,1,75,75120,2,4,1,6,ECHANGEUR BAGNOLET,48.867288,2.413216
202000007975,14,10,2020,16,1,75,75107,2,1,1,3,PLACE JOFFRE,48.853208,2.303857
202000007976,14,10,2020,8,1,75,75119,2,1,2,3,AVENUE DE LA PORTE DE LA VILLETTE,48.899556,2.387655
202000007977,14,10,2020,7,5,75,75119,2,1,1,6,RUE BOTZARIS,48.876623,2.381234
202000007978,14,10,2020,20,5,75,75118,2,1,1,3,RUE MARX DORMOY,48.889872,2.359933
202000007979,14,10,2020,19,5,75,75118,2,2,1,3,BOULEVARD BARBES,48.88556,2.349534
202000007980,14,10,2020,17,1,75,75118,2,1,1,6,RUE DE LA CHAPELLE,48.896173,2.359287
202000007981,14,10,2020,19,5,75,75117,2,2,1,6,AVENUE DE WAGRAM,48.881558,2.300707
202000007982,14,10,2020,14,1,75,75117,2,3,1,3,AVENUE DE LA GRANDE ARMEE,48.876271,2.287243
202000007983,13,10,2020,13,1,75,75116,2,2,1,3,ROUTE DES MOULINS,48.865032,2.234448
202000007984,14,10,2020,19,3,75,75115,2,5,1,3,BOULEVARD DU MONTPARNASSE,48.845097,2.320117
202000007985,14,10,2020,13,1,75,75114,2,4,2,3,BOULEVARD ROMAIN ROLLAND,48.81969,2.326305
202000007986,14,10,2020,15,1,75,75113,2,1,1,3,RUE DE LA GLACIERE,48.833085,2.344634
202000007987,13,10,2020,8,1,75,75113,2,1,2,6,BOULEVARD MASSENA,48.823144,2.374303
202000007988,14,10,2020,13,1,75,75111,2,2,1,3,AVENUE DE LA REPUBLIQUE,48.865245,2.374773
202000007989,14,10,2020,8,1,75,75111,2,1,2,3,BOULEVARD VOLTAIRE,48.853643,2.38711
202000007990,14,10,2020,20,5,75,75110,2,2,1,3,RUE DU FAUBOURG SAINT MARTIN,48.871761,2.357202
202000007991,14,10,2020,9,1,75,75110,2,2,2,3,RUE BEAUREPAIRE,48.869334,2.363378
202000007992,14,10,2020,14,1,75,75107,2,3,1,3,BOULEVARD SAINT GERMAIN,48.856971,2.324605
202000007993,14,10,2020,13,1,75,75107,2,1,1,6,RUE SAINT DOMINIQUE,48.859947,2.310923
202000007994,14,10,2020,9,1,75,75101,2,4,2,3,VOIE GEORGES POMPIDOU,48.857886,2.343919
202000007995,14,10,2020,8,1,75,75104,2,2,2,7,PONT NOTRE DAME,48.855663,2.348327
202000007996,14,10,2020,0,5,75,75101,2,2,1,6,BOULEVARD DE SEBASTOPOL,48.857726,2.347787
202000007997,14,10,2020,10,1,94,94074,2,1,2,6,COLONEL FABIEN (R),48.746,2.4686
202000007998,14,10,2020,9,1,94,94046,2,2,2,6,REPUBLIQUE (AV DE LA),48.805808,2.441013
202000007999,13,10,2020,13,1,94,94043,2,1,2,1,DANTON (R),48.81009,2.36097
202000008000,14,10,2020,8,1,94,94018,2,9,2,6,ARCHEVECHE (R DE L),48.821118,2.407667
202000008001,14,10,2020,12,1,94,94017,2,9,1,6,RODIN (R),48.80511,2.55139
202000008002,14,10,2020,10,1,93,93078,2,1,8,6,DELATTRE DE TASSIGNY (AVENUE),48.96371,2.53771
202000008003,14,10,2020,17,1,93,93071,2,3,1,3,JEAN BAPTISTE (AVENUE),48.93321,2.53263
202000008004,14,10,2020,8,1,93,93045,2,1,2,6,MOULIN JEAN RUE,48.8807951,2.4151249
202000008005,14,10,2020,7,5,93,93079,2,3,2,3,RTE DE SAINT LEU / RUE ALEXANDRE RIBOT,48.95162,2.33887
202000008006,14,10,2020,11,1,93,93007,2,2,1,3,MARCEL ALIZARD (AVENUE),48.9459814,2.4458492
202000008007,14,10,2020,22,5,93,93005,1,1,1,7,CLEMENT ADER (RUE),48.9437315,2.4814268
202000008008,14,10,2020,8,1,93,93001,2,9,2,5,REPUBLIQUE (AVE DE LA ) DE 52 A 104,48.9103312,2.3854567
202000008009,14,10,2020,10,1,92,92062,2,1,8,3,PARMENTIER (RUE),48.87805,2.23956
202000008010,12,10,2020,19,5,92,92050,2,3,1,3,ROSIERS RUE DES,48.886449,2.225973
202000008011,12,10,2020,17,1,92,92050,1,1,8,6,CLEMENCEAU GEORGES AVENUE N°IMPAIR,48.886282,2.212138
202000008012,13,10,2020,10,1,92,92049,2,1,2,6,MAURICE ARNOUX (RUE),48.816839,2.311703
202000008013,13,10,2020,18,2,92,92036,2,3,1,3,LOUISE MICHEL (IMPAIRS),48.9226588,2.3205949
202000008014,13,10,2020,1,5,92,92036,2,6,2,7,PRINCIPALE DU PORT (ROUTE) (1/17),48.9396589,2.2867616
202000008015,12,10,2020,20,5,92,92025,2,3,2,2,KLEBER (AV),48.93115,2.24432
202000008016,13,10,2020,20,5,92,92025,2,1,1,2,CHARLES DE GAULLE (BD),48.915625,2.227799
202000008017,13,10,2020,6,5,92,92025,2,2,2,3,CHARLES DE GAULLE (BD),48.917938,2.223983
202000008018,15,10,2020,15,1,974,97415,2,1,2,3,Chaussee Royale,-21.012249,55.27203
202000008019,14,10,2020,21,3,974,97415,1,1,1,6,Chemin Summer 3,-21.030809,55.296668
202000008020,14,10,2020,18,1,54,54513,1,2,7,3, RD904,48.456843,6.127796
202000008021,14,10,2020,11,1,51,51066,1,1,1,-1,D396,48.660602,4.57952
202000008022,14,10,2020,19,3,01,01105,1,1,1,1,D4,45.934692,4.904264
202000008023,14,10,2020,20,3,86,86174,1,1,1,2,D910,46.767892,0.501854
202000008024,15,10,2020,1,5,74,74188,2,4,1,6,Route de l'Elé,46.193353,6.69768
202000008025,14,10,2020,20,5,63,63464,2,4,2,6,02 rue du bourg,45.968904,2.876889
202000008026,15,10,2020,14,1,48,48005,1,1,1,6,"A75, pk 152+600",44.586719,3.250886
202000008027,15,10,2020,5,3,19,19002,1,3,2,3,D1089,45.600122,2.403002
202000008028,15,10,2020,8,1,2B,2B150,1,3,8,2,T30,42.599061,8.839445
202000008029,15,10,2020,18,1,33,33541,1,1,1,1,D1e4,45.385408,-1.032447
202000008030,15,10,2020,3,5,69,69063,2,1,1,6,2 Quai de la Jonchère,45.813991,4.845158
202000008031,14,10,2020,14,1,29,29045,1,1,1,5,203 Lieu-dit Keranfalc'her,48.387298,-4.251637
202000008032,14,10,2020,14,1,68,68201,2,1,1,2,2 Route de Mulhouse,47.768796,7.005361
202000008033,14,10,2020,16,1,35,35270,1,1,1,1,RD 797,48.574549,-1.555166
202000008034,14,10,2020,12,1,35,35070,2,2,1,1,1 rue de la Carrée,48.559881,-1.930745
202000008035,14,10,2020,19,3,29,29191,1,1,2,7,Pen Ar Roz,48.533658,-3.755693
202000008036,15,10,2020,7,5,29,29061,1,1,1,7,D788 - Pen Ar Valy,48.439002,-4.465844
202000008037,15,10,2020,16,1,31,31270,1,1,1,3,La Serre,43.136571,0.755103
202000008038,14,10,2020,8,1,84,84030,1,1,1,3,D974 quartier de la Combe,44.081921,5.108449
202000008039,7,10,2020,18,1,72,72064,1,1,1,1,La Borde Janvier,47.849433,0.726793
202000008040,15,10,2020,12,1,14,14726,2,2,1,3,Le Bourg Estry (Estry),48.898637,-0.737886
202000008041,14,10,2020,15,1,14,14299,1,2,1,3,RD 140 et RD 119,49.339679,0.263886
202000008042,13,10,2020,8,1,18,18180,1,1,3,1,D216,47.035594,2.401899
202000008043,14,10,2020,15,1,21,21425,2,6,1,2,"Carrefour Les médaillés, Avenue du Maréchal LECLERC",47.622798,4.323796
202000008044,14,10,2020,20,3,04,04116,1,1,1,6,RD 4,44.046273,6.019333
202000008045,14,10,2020,17,1,28,28214,2,1,2,7,Avenue du Thymerais,48.477402,1.023276
202000008046,13,10,2020,21,3,28,28259,1,1,1,2,RN 10 - PR 48+514,48.236965,1.407537
202000008047,15,10,2020,16,1,37,37097,2,2,1,6,2 rue agnès sorel,47.1646507,0.8938281
202000008048,15,10,2020,18,1,37,37273,2,3,1,3,72 Avenue Jeanne d'Arc,47.396166,0.7638178
202000008049,14,10,2020,16,1,37,37050,2,1,1,3,108 Avenue du Grand Sud,47.3402523,0.703562
202000008050,15,10,2020,16,1,48,48178,1,1,1,6,N106,44.284614,3.816665
202000008051,14,10,2020,16,1,88,88465,2,1,1,6,Rue de Lorraine (Thaon-les-Vosges),48.251605,6.419625
202000008052,14,10,2020,2,3,35,35352,1,6,5,7,Rond point de la Croix Rouge,48.049438,-1.609046
202000008053,13,10,2020,20,5,35,35189,2,1,1,6,5 Rue des Chênes,48.15332,-1.706748
202000008054,14,10,2020,18,1,33,33122,1,1,1,4,A63,44.70492,-0.75417
202000008055,15,10,2020,9,1,06,06088,1,1,1,7,"A8, PK 185.500 chaussée sud",43.668388,7.198336
202000008056,14,10,2020,14,1,971,97118,1,1,1,3,D33 - Route de VIARD,16.157387,-61.587038
202000008057,15,10,2020,7,1,2B,2B307,2,1,1,6,1101 Scalo,42.380802,9.530125
202000008058,15,10,2020,6,5,11,11076,1,6,2,3,rond-point du 4e régiment étranger,43.302637,1.974755
202000008059,27,8,2020,7,2,11,11076,1,6,1,3,Rond-point du 4e Régiment Étranger (Zone militaire),43.302672,1.97454
202000008060,15,10,2020,0,3,34,34135,1,1,1,7,D609,43.303925,3.158344
202000008061,15,10,2020,13,1,84,84019,1,3,8,3,Chemin du coucaou,44.2883869,4.7523042
202000008062,14,10,2020,18,1,83,83023,1,8,1,3,Route Departementale 12,43.365091,6.09554
202000008063,15,10,2020,7,2,71,71491,1,3,1,3,D352 bis,46.4182669,4.0565317
202000008064,6,10,2020,13,1,67,67348,2,3,1,2,Rue du General Leclerc,48.473416,7.496184
202000008065,13,10,2020,12,1,73,73097,2,1,1,1,D21,45.551868,6.01436
202000008066,13,10,2020,16,1,38,38158,2,1,1,6,Avenue du Général de Gaulle,45.160553,5.741483
202000008067,14,10,2020,16,1,50,50025,2,3,1,6,51 Rue Division Leclerc,48.679278,-1.343628
202000008068,15,10,2020,17,1,60,60141,2,1,1,6,route des Bourgognes,49.202521,2.467772
202000008069,10,10,2020,21,5,60,60587,2,2,1,1,RUE DE PARIS,49.342321,2.606378
202000008070,14,10,2020,19,3,60,60644,1,1,1,1,D981,49.280432,1.806747
202000008071,15,10,2020,13,1,60,60628,1,1,1,7,Therdonne,49.4228073,2.1504839
202000008072,13,10,2020,18,1,83,83062,1,1,1,4,A57,43.1436071,6.019915
202000008073,12,10,2020,7,2,83,83144,1,1,1,7,A57,43.13349,5.98476
202000008074,14,10,2020,9,1,33,33550,1,1,1,6,ROCADE A 630,44.77918,-0.55177
202000008075,11,10,2020,20,3,62,62498,1,1,1,-1,AUTOROUTE A211,50.423695,2.830009
202000008076,11,10,2020,11,1,59,59343,1,1,1,6,AUTOROUTE A22,50.600899,3.120798
202000008077,14,10,2020,18,1,91,91689,1,1,1,2,AUTOROUTE A6B,48.74395,2.32219
202000008078,14,10,2020,13,1,94,94021,1,1,1,2,AUTOROUTE A106,48.7614,2.3449
202000008079,11,10,2020,9,1,91,91377,2,1,1,7,RN20,48.720718,2.299194
202000008080,14,10,2020,17,1,92,92050,1,1,1,2,A14,48.9011605,2.2056742
202000008081,14,10,2020,14,1,92,92072,1,1,1,2,N118,48.818729,2.217261
202000008082,14,10,2020,8,1,92,92048,1,1,2,7,N118,48.8076789,2.2120924
202000008083,14,10,2020,19,1,77,77337,1,1,2,3,RN104,48.8264058,2.6166977
202000008084,14,10,2020,17,1,94,94042,2,1,1,3,A4,48.8285,2.4755
202000008085,14,10,2020,14,1,77,77373,1,1,1,-1,RN104,48.7812715,2.6160281
202000008086,14,10,2020,13,1,77,77053,1,1,1,3,RN104,48.7011003,2.5945369
202000008087,14,10,2020,5,3,94,94017,1,1,1,2,A4,48.8302009,2.495767
202000008088,12,6,2020,23,5,87,87085,2,1,1,6,CHARSEIX (RUE DES),45.82872,1.26339
202000008089,26,4,2020,2,5,55,55545,2,1,1,6,EDMOND MICHELET,49.15162,5.4058
202000008090,7,7,2020,15,1,42,42330,1,1,1,4,D201,45.47457,4.34556
202000008091,21,8,2020,8,1,24,24382,1,1,1,7,D660,44.840857,0.669179
202000008092,21,8,2020,10,1,27,27132,1,1,1,3,D60,49.033451,1.029668
202000008093,19,8,2020,20,2,27,27165,2,1,1,1,Rue Docteur Paul Guilbaud,48.96933,0.942957
202000008094,21,8,2020,16,1,59,59581,1,2,1,3,1 Chemin de la Blanche,50.698061,2.760916
202000008095,15,8,2020,12,1,13,13071,1,1,1,7,A7-Sens Marseille vers Lyon,43.40694,5.33077
202000008096,19,8,2020,14,1,13,13117,1,1,1,2,A7-Sens Marseille vers Lyon,43.47388,5.23567
202000008097,18,8,2020,22,5,69,69142,1,1,1,3,M7   ,45.72621,4.81695
202000008098,19,8,2020,20,2,38,38544,2,1,1,6,Boulevard du Rhône,45.53477,4.87197
202000008099,20,8,2020,14,1,33,33281,1,1,1,7,ROCADE A 630,44.85522,-0.66386
202000008100,20,8,2020,0,3,92,92036,1,1,1,6,A86,48.9354233,2.2644945
202000008101,20,8,2020,15,1,93,93008,1,1,1,4,AUTOROUTE A86,48.91063,2.44287
202000008102,19,8,2020,15,1,95,95572,1,1,2,6,RN 184,49.03456,2.113629
202000008103,20,8,2020,9,1,92,92036,1,1,1,4,AUTOROUTE A15,48.93788,2.29766
202000008104,20,8,2020,6,3,93,93064,1,1,1,6,AUTOROUTE A86,48.88801,2.47439
202000008105,19,8,2020,18,1,93,93005,1,1,1,2,AUTOROUTE A3,48.94646,2.47619
202000008106,19,8,2020,6,3,92,92078,1,1,1,3,AUTOROUTE A86,48.92849,2.33134
202000008107,20,8,2020,20,1,94,94017,1,1,1,2,A4,48.8294403,2.4821309
202000008108,20,2,2020,22,4,13,13213,2,9,1,6,FRÉDÉRIC MISTRAL (AVENUE),43.351397,5.472343
202000008109,9,7,2020,14,1,13,13002,1,1,1,7,DES TERMES (ROUTE) RD 908,43.37033,5.53233
202000008110,14,6,2020,1,5,76,76545,2,1,1,3,CHAMP DE COURSES (RUE DU),49.90854,1.08749
202000008111,19,8,2020,18,5,988,98818,2,3,1,3,PROMENADE PIERRE VERNIER/ ROUTE D'ACCES AU MERIDIEN,-22.30966,166.45261
202000008112,15,8,2020,4,5,988,98818,2,1,1,6,LAROQUE (PROMENADE ROGER),-22.29907,166.43847
202000008113,18,8,2020,10,1,974,97416,2,3,1,3,LAURENT VERGES(AVENUE),-21.29671,55.46021
202000008114,19,8,2020,15,1,973,97302,2,3,1,3,NOVAPARC (RESIDENCE) RTE DE RABAN,4.9224652,-52.3125713
202000008115,19,8,2020,12,1,69,69387,2,3,1,3,JEAN JAURES                         (AV),45.73681,4.8369
202000008116,19,8,2020,0,5,972,97213,1,1,1,2,AUTOROUTE A1,14.6,-60.999
202000008117,19,8,2020,12,1,69,69152,2,1,1,7,EUROPE (DE L')                      (BD),45.70269,4.82117
202000008118,18,8,2020,16,1,87,87038,1,1,1,1,RN520 (CHAPTELAT),45.90008,1.23602
202000008119,18,8,2020,17,1,87,87085,2,1,1,2,MONNET (RUE JEAN),45.86121,1.28164
202000008120,18,8,2020,10,1,87,87085,2,1,1,2,MAUVENDIERE (RUE DE LA),45.83313,1.24847
202000008121,20,8,2020,1,5,83,83137,1,1,1,4,ESTIENNE D'ORVES (AVENUE LIEUTENANT),43.1268383,5.9103194
202000008122,19,8,2020,20,2,83,83034,1,1,1,-1,RUE DES 3 PINS,43.099,6.062
202000008123,19,8,2020,13,1,78,78238,2,6,2,3,CD 14,48.96851,1.87216
202000008124,19,8,2020,6,3,78,78440,2,6,1,6,EUROPE (AVENUE DE L'),48.97523,1.91625
202000008125,18,8,2020,16,1,76,76540,2,3,1,3,CORNEILLE. QUAI (HAUT) PIERRE,49.43807,1.09278
202000008126,19,8,2020,13,1,74,74012,2,5,1,3,GLIERES (RUE DES),46.1928,6.2445
202000008127,18,8,2020,8,1,71,71497,2,2,1,3,SENNECE (ROUTE DE),46.3408599,4.8281254
202000008128,19,8,2020,0,5,69,69029,2,3,1,3,GENAS (DE)                          (RO),45.75005,4.91156
202000008129,19,8,2020,12,1,67,67482,2,1,1,2,SCHIRMECK (ROUTE DE),48.5719506,7.7136614
202000008130,18,8,2020,10,1,64,64483,2,6,1,1,PASSICOT JEAN MARTIN (BD DU COMMANDANT),43.3863,-1.6618
202000008131,18,8,2020,8,1,64,64483,2,6,1,3,ITHURRALDE ANDRE (AVENUE),43.39718,-1.64466
202000008132,18,8,2020,18,1,64,64125,2,1,1,6,BASSILOUR (RUE),43.4301192,-1.5723587
202000008133,16,8,2020,16,1,64,64122,2,3,1,-1,IMPERATRICE (AVENUE DE L'),43.4868891,-1.554895
202000008134,14,8,2020,23,3,61,61169,1,1,1,7,MONTAGNOU,48.7244,-0.57305
202000008135,18,8,2020,23,5,60,60159,2,1,1,1,rue de Beauvais,49.4188462,2.8176392
202000008136,14,8,2020,3,5,59,59350,2,1,1,2,SCHUMAN ROBERT BOULEVARD,50.64845,3.06822
202000008137,19,8,2020,13,1,59,59328,2,3,1,2,DUNKERQUE AVENUE DE,50.6427006,3.0164377
202000008138,18,8,2020,22,5,59,59286,2,8,1,6,CARNOT SADI RUE,50.6117,2.998
202000008139,19,8,2020,19,2,59,59317,1,2,2,3,ROUTE DEPARTEMENTALE 945,50.69187,2.92232
202000008140,18,8,2020,19,1,56,56098,2,1,2,7,KESLER DEVILLERS (AVENUE),47.76889,-3.34569
202000008141,18,8,2020,13,1,56,56083,1,1,1,7,Rue Damien Hochet,47.79721,-3.30152
202000008142,8,8,2020,19,1,54,54571,1,6,1,3,VILLE EN VERMOIS (ROUTE DE),48.61771,6.27329
202000008143,19,8,2020,15,1,38,38185,2,4,1,3,Boulevard Gambetta,45.1889,5.7227
202000008144,18,8,2020,20,2,38,38053,2,6,1,6,Rond point de l'Etissey,45.59425,5.26982
202000008145,19,8,2020,14,1,37,37195,2,1,1,7,,47.379516,0.6492687
202000008146,19,8,2020,12,1,37,37261,2,2,2,3,HUGO (RUE VICTOR),47.3866129,0.6745534
202000008147,19,8,2020,11,1,37,37122,2,1,8,2,JAURES (BOULEVARD JEAN),47.3476456,0.6552909
202000008148,19,8,2020,16,1,35,35238,2,1,8,6,ALMA (DE L'),48.1045519,-1.6773029
202000008149,10,8,2020,14,1,33,33063,2,3,1,6,12 CRS DE LA MARNE,44.83055,-0.57118
202000008150,19,8,2020,16,1,30,30189,2,1,1,6,FAITA VINCENT (RUE),43.8419,4.3676
202000008151,19,8,2020,17,1,26,26362,2,2,1,3,267 Rue Faventines,44.9208,4.9082
202000008152,19,8,2020,9,1,24,24322,2,1,1,7,POMPIDOU (AVENUE GEORGES),45.19431,0.73034
202000008153,19,8,2020,21,5,13,13204,2,2,1,3,ROUGIER (BOULEVARD),43.305397,5.4016
202000008154,19,8,2020,13,1,13,13214,2,1,1,1,MORETTI (BOULEVARD),43.32641,5.37483
202000008155,18,8,2020,19,1,13,13047,1,9,1,2,RD 569,43.5522145,4.9743739
202000008156,18,8,2020,18,1,13,13047,2,6,7,2,FELIX GOUIN AVENUE,43.49829,4.98649
202000008157,19,8,2020,3,5,11,11069,2,3,1,3,JUIN MARECHAL,43.20997,2.37919
202000008158,19,8,2020,16,1,10,10387,2,2,1,3,JULES GUESDE (RUE),48.2905,4.0821
202000008159,19,8,2020,17,1,06,06069,1,1,1,2,DRAGUIGNAN (ROUTE DE) - D2562-,43.643863,6.902884
202000008160,13,8,2020,11,1,06,06069,2,4,1,6,ZOLA (TRAVERSE EMILE),43.654644,6.918711
202000008161,19,8,2020,19,1,75,75120,2,2,1,6,AVENUE LEON GAUMONT,48.849264,2.416207
202000008162,19,8,2020,8,1,75,75120,2,2,1,2,BOULEVARD DE MENILMONTANT,48.859891,2.388992
202000008163,19,8,2020,14,1,75,75119,2,2,1,3,AVENUE DE LA PORTE DU PRE SAINT GERVAIS,48.881996,2.4025
202000008164,19,8,2020,8,1,75,75119,2,3,1,3,RUE DE LA MARSEILLAISE,48.888517,2.397948
202000008165,18,8,2020,23,4,75,75119,2,1,1,2,AVENUE JEAN JAURES,48.883877,2.374402
202000008166,19,8,2020,9,1,75,75116,2,1,1,3,BOULEVARD DE L AMIRAL BRUIX,48.876162,2.282018
202000008167,19,8,2020,17,1,75,75111,2,2,2,3,RUE MORAND,48.86884,2.376307
202000008168,19,8,2020,22,5,75,75110,2,2,8,3,BOULEVARD DE MAGENTA,48.871506,2.360344
202000008169,19,8,2020,16,1,75,75110,2,2,8,6,RUE LOUIS BLANC,48.881099,2.365154
202000008170,19,8,2020,14,1,75,75109,2,2,2,3,BOULEVARD DES CAPUCINES,48.870975,2.33417
202000008171,19,8,2020,13,1,75,75103,2,1,1,7,BOULEVARD DE SEBASTOPOL,48.862364,2.350382
202000008172,18,8,2020,17,1,75,75103,2,3,1,7,RUE AUX OURS,48.863232,2.351665
202000008173,17,8,2020,15,1,94,94081,2,1,2,2,JULIAN GRIMAU (R),48.78042,2.37358
202000008174,19,8,2020,13,1,94,94044,2,9,1,3,GABRIEL PERI (AV),48.755906,2.483801
202000008175,19,8,2020,19,1,94,94052,2,2,1,2,ALBERT 1ER (BD),48.83541,2.4941
202000008176,19,8,2020,19,1,94,94043,2,2,1,3,GAMBETTA (R),48.81363,2.357261
202000008177,19,8,2020,16,1,94,94038,2,1,1,6,PAUL VAILLANT COUTURIER (BD),48.77626,2.33998
202000008178,17,8,2020,15,1,94,94033,2,2,8,3,VICTOR HUGO (AV),48.85893,2.47578
202000008179,18,8,2020,18,1,94,94054,2,1,1,3,JEAN MERMOZ (R),48.748884,2.41483
202000008180,18,8,2020,9,1,94,94079,2,1,1,3,FRIEDBERG (BD DE),48.8364,2.5473
202000008181,19,8,2020,11,1,94,94017,2,3,1,3,MAURICE THOREZ (AV),48.81437,2.53777
202000008182,19,8,2020,10,1,93,93057,2,1,1,2,BRIAND ( AV. ARISTIDE) 1 A29,48.9103595,2.5106189
202000008183,19,8,2020,10,1,92,92046,2,2,1,3,PIERRE LAROUSSE (AVENUE),48.8248,2.3021
202000008184,19,8,2020,17,1,92,92062,2,1,2,3,CIRCULAIRE BLD,48.892247,2.245809
202000008185,18,8,2020,14,1,92,92025,2,1,1,3,EUROPE (AV DE L'),48.926385,2.243682
202000008186,20,8,2020,13,1,35,35176,1,1,1,6,RD53,47.770959,-1.845408
202000008187,20,8,2020,10,1,38,38344,1,2,1,5,Route du Gue d'Agnin,45.3604,4.83134
202000008188,18,8,2020,16,1,43,43040,2,1,1,6,18 Avenue Léon Blum,45.289551,3.386734
202000008189,20,8,2020,9,1,95,95052,2,6,1,2,RD 922,49.1379972,2.2721469
202000008190,19,8,2020,16,1,45,45187,1,1,1,1,D88-PR13+800,47.8785668,2.4910261
202000008191,20,8,2020,7,1,49,49192,1,1,1,7,19 Rue des Mésanges,47.0143857,-0.7392107
202000008192,10,8,2020,18,1,31,31044,2,9,1,2,122 Route de Castres,43.5877793,1.5185417
202000008193,18,8,2020,4,3,31,31439,1,1,1,6,D31,43.515273,1.619925
202000008194,5,8,2020,18,1,28,28018,1,1,1,6,A11,48.203533,0.895482
202000008195,20,8,2020,11,1,83,83023,1,1,1,6,A8,43.415865,6.128616
202000008196,16,8,2020,10,1,83,83049,1,1,1,6,"Autoroute A57, PK 018.700",43.243865,6.071611
202000008197,17,8,2020,19,2,10,10030,1,3,1,3,D60,48.312569,3.991038
202000008198,17,8,2020,15,1,51,51320,1,1,3,7,D36,49.052614,3.7878423
202000008199,18,8,2020,18,1,27,27429,1,2,1,3,D163,48.918072,1.404179
202000008200,18,8,2020,21,2,26,26005,1,1,1,3,Autourte du Soleil,44.524646,4.795103
202000008201,18,8,2020,19,2,01,01399,2,6,1,6,D1005,46.294194,6.077349
202000008202,28,6,2020,14,1,21,21559,1,1,1,2,A38,47.297976,4.803686
202000008203,18,8,2020,8,1,06,06130,1,1,1,3,Route Napoléon (Pont),43.705704,6.829506
202000008204,19,8,2020,7,2,06,06033,2,1,1,3,2011 Route de la ZA de la Grave,43.782381,7.211382
202000008205,16,8,2020,12,1,34,34259,1,1,3,-1,N109,43.631094,3.764448
202000008206,20,8,2020,8,1,15,15108,1,1,1,6,A75,44.932377,3.203383
202000008207,20,8,2020,8,1,12,12270,1,1,1,2,A75 ,44.351534,3.106985
202000008208,19,8,2020,14,1,87,87107,1,1,1,7,Maisons Neuves,45.916094,1.169143
202000008209,20,8,2020,6,2,62,62650,1,1,1,7,D33e1,50.278562,2.904339
202000008210,18,8,2020,17,1,83,83026,1,1,7,1,D79,43.422263,6.204218
202000008211,11,8,2020,15,1,51,51507,1,1,7,3,D85,49.1033334,4.9021969
202000008212,11,8,2020,15,1,51,51569,1,1,1,7,Rue de la Gravelle,49.2725953,3.9306064
202000008213,20,8,2020,14,1,51,51617,1,1,1,7,N44,49.0209397,4.3281479
202000008214,18,8,2020,23,3,79,79252,2,1,1,6,,46.88417,-0.16045
202000008215,17,8,2020,12,1,2A,2A362,1,3,1,2,Route de Cirindinu - STE LUCIE DE PORTO-VECCHIO,41.6609395,9.3600036
202000008216,20,8,2020,18,1,2B,2B242,1,1,1,2,Poggio,42.411671,9.530489
202000008217,19,8,2020,17,1,80,80396,1,9,3,7,Rue Bucquet,50.243843,2.039959
202000008218,15,8,2020,23,3,65,65444,1,1,2,7,D 26,43.058329,0.546881
202000008219,19,8,2020,11,1,65,65138,1,1,7,1,Route départementale 920,42.927111,-0.088577
202000008220,13,8,2020,20,3,69,69012,1,1,3,-1,pk 20+200 sur la RD 43,46.1908581,4.5439555
202000008221,20,8,2020,0,5,69,69088,2,1,1,2,Place des Marronniers,45.81562,4.862861
202000008222,19,8,2020,10,1,11,11262,1,4,1,5,Route de Gruissan,43.169264,3.036979
202000008223,19,8,2020,19,1,11,11035,1,1,1,3,départementale 117,42.843185,2.203338
202000008224,18,8,2020,11,1,71,71079,1,1,1,1,departementale 1083,46.4851835,5.3711206
202000008225,19,8,2020,18,1,83,83068,1,1,1,3,4044 Route du Littoral,43.289671,6.605594
202000008226,19,8,2020,11,1,63,63419,2,4,1,6,Route de Moureuille,46.138865,2.9285
202000008227,18,8,2020,14,1,61,61257,2,1,2,2,RD 976,48.504315,-0.386539
202000008228,15,8,2020,6,3,61,61324,1,1,1,6,52 L'Etre Havard,48.5284,-0.746437
202000008229,19,8,2020,23,3,12,12258,1,2,1,3,D905,44.259062,2.185464
202000008230,19,8,2020,21,3,47,47276,1,3,1,7,Pech de Peyre,44.328809,0.4975003
202000008231,19,8,2020,23,3,41,41186,1,1,8,6,RD36,47.860768,1.04067