Num_Acc,jour,mois,an,hr,condition_eclairage,departement,commune,condition_agglomeration,intersection,condition_atmosphere,type_collision,adresse,lattitude,longitude
202000008232,18,8,2020,17,1,29,29140,1,2,1,3,12 Rue de la Gare,48.3793794,-4.3106913
202000008233,18,8,2020,10,1,29,29137,2,1,1,3,Rue Ar Mor,48.320723,-4.298698
202000008234,18,8,2020,17,1,86,86271,1,1,1,3,D15,46.771681,0.229227
202000008235,19,8,2020,7,1,68,68338,1,4,1,3,D417,48.07619,7.257682
202000008236,15,8,2020,20,1,22,22135,2,1,1,7,23 Rue du Manaty,48.579315,-3.328487
202000008237,19,8,2020,0,3,25,25258,1,1,1,6,D673,47.213155,5.928068
202000008238,17,8,2020,18,1,35,35204,1,1,1,2,La Maison Neuve,48.044571,-1.563503
202000008239,17,8,2020,18,1,35,35068,2,1,1,6,Rue de Rennes,48.105017,-1.411427
202000008240,20,8,2020,11,1,29,29148,1,6,1,3,Lieu Dit Sainte Catherine,48.618144,-4.054551
202000008241,16,8,2020,9,1,38,38310,2,3,1,-1,D48,45.258727,5.476481
202000008242,13,8,2020,11,1,38,38409,2,1,1,2,Grand Rue,45.07471,5.28341
202000008243,7,7,2020,21,5,02,02423,2,1,1,1,Place du Chateau,49.478188,3.358367
202000008244,20,8,2020,1,3,03,03071,1,1,1,7,Domaine des Brirots,46.362156,3.6156927
202000008245,15,8,2020,12,1,03,03269,1,1,1,7,,46.4285136,2.7891749
202000008246,10,8,2020,18,1,06,06020,1,1,1,1,Le Graou,43.995007,7.33906
202000008247,19,8,2020,17,1,06,06073,1,1,1,7,M97,44.197055,7.0657
202000008248,18,8,2020,12,1,06,06023,1,1,1,6,Route du Col de Brouis,43.95446,7.51423
202000008249,20,8,2020,16,1,14,14431,1,1,1,6,D154,49.095038,0.015997
202000008250,20,8,2020,12,1,05,05145,2,1,1,-1,D944,44.667848,6.230519
202000008251,19,8,2020,11,1,50,50349,1,1,8,3,D73,48.988427,-1.511199
202000008252,18,8,2020,1,3,45,45314,1,1,1,6,Sully-la-Chapelle,47.9669336,2.1687811
202000008253,20,8,2020,18,1,45,45182,2,1,1,2,Rue du Docteur Pierre Segelle,47.683043,1.783041
202000008254,20,8,2020,16,1,64,64066,1,1,1,6,Route de Lasse,43.204393,-1.2737596
202000008255,19,8,2020,13,1,64,64438,1,1,1,1,3 Chemin des Chênes,43.329907,-0.232175
202000008256,19,8,2020,0,1,36,36065,1,1,7,6,Chemin de la Ferte Gilbert,47.047535,2.025253
202000008257,13,8,2020,17,1,21,21489,2,1,1,6,Rue Basse,47.576138,4.804378
202000008258,18,8,2020,12,1,40,40083,1,1,1,6,D111,43.623464,-0.379243
202000008259,19,8,2020,11,1,40,40282,1,3,1,3,D924,43.784635,-0.500908
202000008260,19,8,2020,18,1,85,85305,2,9,1,3,Rue de la Filée,46.571673,-0.761533
202000008261,18,8,2020,17,1,85,85289,1,1,1,2,L'Etruyere,46.64958,-0.7088
202000008262,20,8,2020,18,1,27,27198,1,2,1,1,Rue des Aubepines,48.84988,1.136763
202000008263,20,8,2020,19,1,37,37273,2,1,1,6,Avenue George Sand,47.3876107,0.7859624
202000008264,19,8,2020,10,1,30,30161,1,4,1,3,D6110,44.022497,4.108973
202000008265,20,8,2020,0,3,48,48104,1,1,1,7,D52,44.628107,3.062224
202000008266,21,7,2020,6,1,08,08139,2,4,1,7,Grande Rue,49.87337,4.699906
202000008267,19,8,2020,1,5,95,95256,2,6,1,6,Avenue Gaston Bourry,49.046462,2.197539
202000008268,20,8,2020,6,2,01,01232,1,1,1,6,A39,46.317924,5.266356
202000008269,19,8,2020,18,1,69,69244,2,2,7,3,26 Avenue du 11 Novembre 1918,45.764155,4.769107
202000008270,20,8,2020,8,1,74,74010,2,1,1,6,1 Rue Aimé Mugnier,45.859352,6.089119
202000008271,17,8,2020,19,3,987,98738,1,1,1,1,PK 07+900 coté montagne,-17.618416,-149.570803
202000008272,19,8,2020,5,3,34,34143,1,1,1,3,A9,43.456397,3.609043
202000008273,18,8,2020,13,1,13,13011,2,4,1,2,D27,43.741817,4.790812
202000008274,18,8,2020,21,2,22,22298,1,1,1,6,N164,48.208481,-2.931043
202000008275,18,8,2020,17,1,45,45154,1,1,1,2,A10 pk 85+500,47.997331,1.852827
202000008276,18,8,2020,15,1,45,45203,1,1,1,4,Autoroute A10 pk 110+370 sens 2,47.848735,1.685586
202000008277,19,8,2020,12,1,971,97103,2,1,7,6,chemin de belcourt,16.240593,-61.612766
202000008278,31,12,2020,11,1,971,97129,2,3,2,3,Route nationale 2 la boucan,16.283388,-61.670235
202000008279,30,12,2020,7,5,29,29233,2,1,9,7,D22 - Rue d'Arzano,47.868409,-3.537024
202000008280,16,9,2020,12,1,33,33366,2,1,1,3,85 Rue du Commandant Cousteau,44.99363,-0.45296
202000008281,31,12,2020,17,2,29,29046,2,6,2,6,D765 - Route de Quimper,48.080628,-4.325596
202000008282,29,12,2020,17,2,13,13211,1,1,1,2,A50-Sens Marseille vers Aubagne,43.28626,5.433
202000008283,30,11,2020,6,3,59,59560,2,1,1,6,EPINETTE ROND POINT DE L,50.54509,3.0584
202000008284,4,7,2020,21,1,64,64102,2,1,1,6,RESPLANDY (AVENUE DU CAPITAINE),43.48404,-1.44895
202000008285,25,12,2020,15,1,987,98735,1,1,1,3,PIERRE LOTI (ALLEE QTIER POROI),-17.55536,-149.54726
202000008286,13,11,2020,11,1,976,97611,2,1,1,6,kaweni-Mangrove (route de la),-12.7673699,45.2245814
202000008287,4,8,2020,6,1,976,97611,2,1,1,6,passamanty-Vahibé ( route ),-12.7987084,45.2019989
202000008288,30,12,2020,15,1,974,97411,2,3,1,3,Rue Sainte Marie,-20.8836,55.46026
202000008289,31,12,2020,19,5,973,97302,2,2,1,3,AMUSANT (PAUL),4.9343104,-52.3319364
202000008290,30,12,2020,14,1,69,69386,2,2,1,3,SEZE (DE)                           (R ),45.7682289,4.8474323
202000008291,31,12,2020,15,1,972,97209,1,1,1,2,RD 41 (ROCADE),14.61403,-61.0634
202000008292,29,12,2020,6,2,972,97209,2,1,1,3,BISHOP (Avenue Maurice),14.61059,-61.05474
202000008293,31,12,2020,14,1,69,69389,2,9,1,6,BARTHELEMY BUYER                    (AV),45.7615156,4.8036631
202000008294,30,12,2020,15,1,971,97113,1,1,1,-1,RN4 - SECTION RIVIERA,16.21798,-61.49802
202000008295,20,11,2020,8,1,95,95219,2,1,1,6,Allee l'Eau des Collines,48.98327,2.24635
202000008296,22,12,2020,6,2,91,91457,1,6,1,3,N 449,48.57423,2.25887
202000008297,28,12,2020,16,2,91,91339,1,1,3,2,AV ROBERT BENOIST,48.632,2.264
202000008298,31,12,2020,15,1,91,91687,2,2,1,3,DOCTEUR CALMETTE (RUE DU),48.67801,2.37099
202000008299,31,12,2020,11,1,91,91687,2,2,2,3,GUISE (AVENUE DE),48.6546,2.3641
202000008300,30,12,2020,8,1,85,85194,2,1,9,6,RD 760,46.52393,-1.75491
202000008301,31,12,2020,11,1,83,83137,2,1,1,6,15EME CORPS (AVE DU),43.1286,5.91063
202000008302,30,12,2020,16,1,83,83129,2,1,1,3,JUIN MARECHAL (AV DU),43.09776,5.85129
202000008303,30,12,2020,11,1,82,82121,2,1,1,3,MOULIN N 20 (AVENUE JEAN),44.025632,1.3656266
202000008304,31,12,2020,13,1,78,78440,2,9,1,4,EUROPE (AVENUE DE L'),48.978007,1.914017
202000008305,30,11,2020,18,5,77,77284,2,4,1,3,LHOSTE (RUE JOSEPH),48.95529,2.89069
202000008306,27,12,2020,15,1,73,73008,2,1,1,2,GENEVE RUE DE,45.69251,5.91197
202000008307,31,12,2020,19,5,71,71270,2,1,3,6,JAURES (QUAI),46.30543,4.83595
202000008308,30,12,2020,10,1,69,69290,2,1,3,3,HENRI GERMAIN                       (AV),45.7067879,4.9067477
202000008309,28,12,2020,17,5,69,69290,2,1,2,6,ARISTIDE BRIAND (D 318)             (R ),45.69358,4.93085
202000008310,28,12,2020,13,1,67,67482,2,1,8,6,Rue de Soultz,48.5656531,7.7784757
202000008311,31,12,2020,18,2,64,64445,2,6,1,3,ERIC TABARLY,43.31904,-0.36018
202000008312,31,12,2020,13,1,64,64335,2,6,1,3,NOVELLA,43.32321,-0.42043
202000008313,31,12,2020,13,1,64,64024,2,1,1,6,MONTBRUN (AVENUE DE),43.50391,-1.5028
202000008314,31,12,2020,18,5,60,60159,2,1,1,6,,49.42279,2.82084
202000008315,31,12,2020,14,1,59,59220,2,2,2,3,PARIS AVENUE DE,50.59467,3.0758
202000008316,30,12,2020,17,5,57,57672,2,2,2,3,RAYMOND POINCARE (ALLEE) -,49.36111,6.15771
202000008317,31,12,2020,13,1,56,56107,2,6,2,3,CHAPELLE ST YVES (RUE DE LA),47.7271,-3.38213
202000008318,31,12,2020,10,1,56,56121,2,3,1,3,MONISTROL (RUE),47.738,-3.3819
202000008319,30,12,2020,9,1,47,47031,1,1,1,1,nouvelle rocade,44.17196,0.66552
202000008320,30,12,2020,17,3,44,44184,1,1,3,4,RD 213,47.29012,-2.23767
202000008321,30,12,2020,21,5,37,37261,2,1,2,6,WEDELLS (RUE JEANNE),47.4104677,0.7065327
202000008322,22,12,2020,18,5,36,36202,2,1,1,6,97 Avenue d’Occitanie,46.78081,1.65321
202000008323,24,12,2020,16,1,36,36044,2,1,1,6,59 Avenue Charles de Gaulle,46.80615,1.69641
202000008324,13,12,2020,19,5,36,36044,2,4,1,1,rue anna de noailles,46.7917649,1.7191419
202000008325,31,12,2020,14,1,35,35238,2,1,2,3,FOUGERES (RUE DE),48.12136,-1.66367
202000008326,16,12,2020,8,1,33,33039,1,1,2,2,A631,44.80728,-0.53189
202000008327,9,12,2020,13,1,33,33063,2,2,1,3,RUE JOSEPH BRUNET,44.87838,-0.54367
202000008328,8,12,2020,18,3,33,33281,2,6,1,3,AVE DU MARECHAL LECLERC / AVE DE FONCASTEL,44.83726,-0.64699
202000008329,20,12,2020,3,3,33,33318,1,6,8,3,AVE DE NOES,44.81294,-0.63523
202000008330,31,12,2020,10,1,32,32013,2,1,1,3,SADI-CARNOT (BOULEVARD),43.6451,0.58768
202000008331,30,12,2020,17,2,31,31555,2,1,1,2,MINIMES (BD DES) DU 1AU 76,43.61563,1.44154
202000008332,30,12,2020,15,1,31,31555,2,1,2,3,DIEBOLD (Place),43.59782,1.43045
202000008333,31,12,2020,8,2,22,22360,2,1,1,6,RAULT (VICTOR),48.489058,-2.7376127
202000008334,31,12,2020,14,1,14,14566,2,1,1,7,JUIN (BOULEVARD MARECHAL),49.20089,-0.39579
202000008335,31,12,2020,14,1,13,13213,2,3,2,3,SAINT PAUL (AVENUE),43.3286274,5.4044741
202000008336,31,12,2020,0,5,13,13204,2,1,1,6,ALEX. FLEMING (BOULEVARD),43.31654,5.39797
202000008337,30,12,2020,17,5,13,13212,2,1,1,6,DOCTEUR CAUVIN (RUE),43.298,5.416
202000008338,30,12,2020,8,1,13,13206,2,1,1,6,JULES CANTINI (AVENUE),43.282889,5.38923
202000008339,31,12,2020,11,1,13,13028,2,1,8,2,GASSION (AVENUE FERNAND ),43.18142,5.60527
202000008340,30,12,2020,20,5,11,11262,1,3,1,3,PECLET (RUE),43.1899,3.01605
202000008341,31,12,2020,13,1,06,06123,2,1,1,3,CURIE PIERRE ET MARIE AVENUE,43.6942,7.18482
202000008342,30,12,2020,12,1,01,01451,2,3,2,3,HERRIOT ( BOULEVARD EDOUARD COTE PAIR),46.2129,5.2182
202000008343,31,12,2020,6,4,75,75118,2,1,2,6,ECHANGEUR CHAPELLE,48.900139,2.360182
202000008344,31,12,2020,18,5,75,75120,2,1,1,3,RUE DES PYRENEES,48.870724,2.393541
202000008345,31,12,2020,12,1,75,75113,2,3,1,3,RUE JENNER,48.833976,2.364741
202000008346,31,12,2020,8,2,75,75111,2,1,2,3,RUE AMELOT,48.85792,2.368653
202000008347,31,12,2020,13,1,75,75108,2,1,8,7,COURS ALBERT 1ER,48.864457,2.304448
202000008348,31,12,2020,16,1,94,94081,2,1,2,6,PAUL VAILLANT COUTURIER (AV),48.79583,2.39799
202000008349,31,12,2020,10,1,94,94081,2,1,2,5,CHOISY (R DE),48.78206,2.40236
202000008350,30,12,2020,20,5,94,94081,2,1,2,1,ANATOLE FRANCE (AV),48.8037769,2.4045483
202000008351,31,12,2020,19,5,93,93074,2,9,1,5,MEAUX RUE DE,48.9361128,2.5782623
202000008352,31,12,2020,4,5,93,93006,2,3,2,3,GAL LECLERC AV. DU,48.8672068,2.4188679
202000008353,30,12,2020,20,4,92,92036,2,1,2,3,GABRIEL PERI (AVENUE) (147/177),48.9211256,2.2950053
202000008354,31,12,2020,17,2,67,67437,2,4,2,6,rue du 19 novembre,48.741694,7.358517
202000008355,31,12,2020,19,3,56,56140,1,2,1,3,La Croix Blanche,47.938387,-2.827488
202000008356,31,12,2020,14,1,22,22221,1,1,2,6,Lieu Dit Kermenou,48.791196,-3.270578
202000008357,30,12,2020,17,4,27,27679,2,3,1,6,Place de Verdun,48.73876,0.926773
202000008358,31,12,2020,20,5,973,97309,2,1,1,3,Rue des Zignias,4.912049,-52.284842
202000008359,31,12,2020,17,2,45,45051,1,1,1,1,RD 952-35+1,47.833108,2.364163
202000008360,31,12,2020,18,3,80,80646,1,1,1,4,A1,49.794328,2.804861
202000008361,31,12,2020,12,1,13,13055,1,1,2,6,A507 sens Marseille - Aubagne,43.33858,5.37648
202000008362,22,12,2020,11,1,42,42207,1,1,8,2,RN 88,45.45738,4.48386
202000008363,31,12,2020,8,1,33,33487,1,1,3,4,AUTOROUTE A 10,44.951972,-0.460515
202000008364,31,12,2020,18,5,94,94034,1,1,1,4,AUTOROUTE A86,48.7558158,2.3386478
202000008365,31,12,2020,10,1,94,94043,1,1,2,6,AUTOROUTE A6B,48.8144,2.3557
202000008366,31,12,2020,4,5,94,94037,1,1,2,6,AUTOROUTE A6B,48.81528,2.35603
202000008367,31,12,2020,18,5,78,78090,1,1,1,4,A13,48.970139,1.909364
202000008368,31,12,2020,18,3,92,92060,1,1,1,2,RN385,48.7764017,2.2356829
202000008369,31,12,2020,3,5,92,92025,1,1,2,6,A86,48.9344,2.2569
202000008370,31,12,2020,17,2,95,95678,1,1,1,4,RN 184,49.06261,2.21273
202000008371,31,12,2020,16,1,95,95394,1,1,1,2, A115,49.05462,2.20061
202000008372,31,12,2020,13,1,93,93005,1,1,1,6,AUTOROUTE A1,48.96416,2.47364
202000008373,31,12,2020,10,1,93,93027,1,1,2,6,AUTOROUTE A86,48.92871,2.41469
202000008374,31,12,2020,8,2,92,92078,1,1,8,6,AUTOROUTE A86,48.9298303,2.3273213
202000008375,30,12,2020,20,3,95,95582,1,1,2,2, A15,48.96718,2.25473
202000008376,30,12,2020,7,3,95,95212,1,1,1,2,A1,49.029546,2.5383478
202000008377,30,12,2020,5,3,95,95582,1,1,1,6, A115,48.9747055,2.2446227
202000008378,30,12,2020,19,3,94,94052,1,1,2,2,A4,48.8265629,2.4667862
202000008379,31,12,2020,5,3,988,98818,2,1,2,6,VE1,-22.22402,166.47463
202000008380,30,12,2020,7,1,987,98735,2,2,1,3,PRINCE HINOI (AVENUE),-17.53487,-149.56347
202000008381,18,6,2020,9,1,976,97611,2,1,1,-1,doujani-Mosquée doujani ( rue ),-12.7794,45.2272
202000008382,27,6,2020,11,1,976,97611,2,1,1,3,tsoundzou-KOUALE ( rue de ),-12.7794,45.2272
202000008383,17,8,2020,15,1,976,97611,2,1,1,3,mgombani-Mahabou (rue de ),-12.7794,45.2272
202000008384,14,11,2020,15,1,976,97611,2,1,3,1,convalescence/vetivers-Seize Villas ( ru,-12.7794,45.2272
202000008385,2,9,2020,13,1,976,97611,2,1,1,3,mamoudzou centre-Adrian SOULI (avenue),-12.7794,45.2272
202000008386,30,12,2020,10,1,974,97413,2,1,2,6,210 b Route Hubert Delisle,-21.162762,55.308266
202000008387,30,12,2020,8,1,974,97411,2,1,1,6,SAINT-FRANCOIS (ROUTE DE),-20.90048,55.46245
202000008388,30,12,2020,12,1,973,97302,2,1,1,2,PREVOT (ERNEST),4.93409,-52.33307
202000008389,29,12,2020,20,5,69,69387,2,1,1,7,DOMER                               (R ),45.7482941,4.8543608
202000008390,30,12,2020,9,1,69,69388,2,1,3,2,ETATS UNIS (DES)                    (BD),45.7278752,4.8688961
202000008391,30,12,2020,17,3,972,97213,1,1,1,2,MAHAULT,14.6189388,-61.0042906
202000008392,29,12,2020,12,1,91,91377,2,2,2,3,IMP DE L'AULNAYE DRACOURT,48.72045,2.27978
202000008393,30,12,2020,11,1,91,91027,2,1,1,6,AV FRANCOIS MITTERRAND,48.70183,2.37187
202000008394,26,12,2020,20,5,89,89354,2,2,1,3,NAILLY(ROUTE),48.2168827,3.2616562
202000008395,29,12,2020,16,1,86,86194,2,6,1,3,Rue de la Blaiserie,46.594296,0.322799
202000008396,30,12,2020,7,5,78,78440,2,6,1,3,AMPERE (RUE),48.996624,1.913256
202000008397,30,12,2020,13,1,69,69282,1,1,2,3,VERDUN (DE)                         (AV),45.7900138,5.0301521
202000008398,30,12,2020,16,1,69,69013,2,2,1,3,CHANTEGRILLET (route de),46.0094143,4.711965
202000008399,29,12,2020,15,1,69,69264,2,1,8,7,EUROPE L'  AV DE,45.998,4.7393
202000008400,30,12,2020,14,1,64,64445,2,3,2,2,AUGUSTE RENOIR,43.31023,-0.35982
202000008401,30,12,2020,10,1,64,64445,2,6,2,3,YITZHAK RABIN,43.30654,-0.33304
202000008402,29,12,2020,12,1,63,63113,2,3,1,6,NIEL (RUE)/liève,45.78331,3.10237
202000008403,29,12,2020,14,1,63,63113,2,1,1,3,SCHUMAN (BD ROBERT),45.761719,3.1307752
202000008404,30,12,2020,9,1,59,59350,2,1,1,3,RUE DU PONT A FOURCHON,50.630266,3.023526
202000008405,30,12,2020,10,1,54,54257,2,1,1,1,D570,48.64771,6.18239
202000008406,30,12,2020,16,3,53,53054,1,1,2,4,REPUBLIQUE ( BOULEVARD DE ),48.090672,-0.773156
202000008407,29,12,2020,20,5,50,50129,2,2,1,3,VAL DE SAIRE (RUE DU),49.63904,-1.61904
202000008408,25,12,2020,1,5,50,50173,2,1,1,1,PREVERT (AVENUE JACQUES),49.65231,-1.6605
202000008409,17,12,2020,17,1,44,44132,2,1,1,6,OCEANIDES (BOULEVARD DES),47.26,-2.341
202000008410,30,12,2020,11,1,38,38151,2,3,2,3,Cours Jean Jaurès,45.15807,5.70876
202000008411,29,12,2020,17,3,37,37195,2,1,1,2,RD 37,47.3880092,0.6490575
202000008412,30,12,2020,17,5,35,35278,1,1,2,6,RD 437,48.133321,-1.691373
202000008413,30,11,2020,11,1,35,35278,1,1,1,7,RD 137,48.15643,-1.70325
202000008414,30,12,2020,21,5,33,33075,1,1,2,6,ALLEE DU BOIS,44.89921,-0.57931
202000008415,23,12,2020,19,3,33,33063,2,2,2,3,RUE DE SEM,44.8412,-0.56192
202000008416,30,12,2020,10,1,29,29232,2,6,2,2,Rue de la Republique,48.0036,-4.08886
202000008417,30,12,2020,11,1,17,17300,2,1,1,3,CORDOUAN   RUE DU,46.1626,-1.1494
202000008418,30,11,2020,9,1,13,13103,2,1,7,6,AVENUE DU PAYS CATALAN,43.65436,5.0983
202000008419,30,12,2020,21,5,13,13213,2,1,1,5,ALBERT EINSTEIN (RUE),43.332867,5.4300812
202000008420,30,12,2020,20,5,13,13202,2,1,1,2,PARIS (BOULEVARD DE),43.30889,5.37077
202000008421,30,12,2020,15,1,13,13202,2,1,1,2,BASSINS DE RADOUB (BOULEVARD DES),43.32233,5.36218
202000008422,30,12,2020,14,1,13,13206,2,1,1,6,ROUET (RUE DU),43.2839,5.38572
202000008423,30,12,2020,14,1,13,13208,2,9,1,2,BONNEVEINE (AVENUE),43.254347,5.379332
202000008424,29,12,2020,22,5,13,13201,2,1,1,-1,LIBERATION (BOULEVARD)  1 A 65,43.30091,5.39116
202000008425,29,12,2020,7,1,13,13206,2,2,1,6,LIEUTAUD (COURS),43.29648,5.36978
202000008426,27,12,2020,2,5,11,11262,2,1,6,6,CARNOT (AVENUE),43.19688,3.01302
202000008427,29,12,2020,18,5,10,10357,2,6,2,3,ROCADE EST (RD 610),48.29621,4.13293
202000008428,30,12,2020,19,5,06,06069,2,1,1,7,PROVENCE (AVENUE DE),43.65604,6.92441
202000008429,30,12,2020,20,5,75,75116,2,2,1,3,AVENUE DE VERSAILLES,48.840856,2.265305
202000008430,30,12,2020,11,1,75,75108,2,7,1,3,PLACE DE L ALMA,48.864497,2.301712
202000008431,30,12,2020,17,2,75,75101,2,3,1,-1,RUE DE RIVOLI,48.86574,2.326029
202000008432,29,12,2020,20,5,94,94081,2,1,2,3,LUCIEN FRANCAIS (AV),48.78735,2.38642
202000008433,30,12,2020,10,1,94,94068,2,1,1,1,GAMBETTA (AV),48.79926,2.48977
202000008434,28,12,2020,13,1,94,94068,2,3,1,3,CONDE (AV DE),48.810414,2.480594
202000008435,30,12,2020,15,1,93,93073,2,2,1,3,CHAPIT RE ( RUE DU),49.00263,2.53693
202000008436,26,12,2020,21,5,93,93066,2,3,1,6,"""LANDY RD 20, NR PAIRS 2 A 144""",48.9153666,2.3549168
202000008437,30,12,2020,15,1,93,93077,2,1,2,6,GALLIENI (AVENUE DU GENERAL),48.891506,2.5067516
202000008438,26,12,2020,1,5,93,93053,1,1,3,6,PARIS (RUE DE),48.8995021,2.4479835
202000008439,30,12,2020,10,1,93,93051,2,2,1,3,CENTRE,48.83844,2.54574
202000008440,30,12,2020,9,1,93,93050,2,9,1,6,GARE (PLACE),48.86005,2.52163
202000008441,30,12,2020,14,1,93,93010,2,3,1,3,LETTRES (AL. DES),48.8897753,2.4940465
202000008442,30,12,2020,20,5,92,92072,2,1,2,7,HAUTS CLOSEAUX (RUE DES),48.8227582,2.2016698
202000008443,30,12,2020,10,1,92,92064,2,1,1,3,REPUBLIQUE,48.8504935,2.2133837
202000008444,24,12,2020,21,5,92,92063,2,2,2,3,DOUMER (AVENUE PAUL) NORD,48.88127,2.18426
202000008445,18,12,2020,20,5,92,92063,2,2,1,3,HOUTRAITS (RUE DES),48.86827,2.20551
202000008446,30,12,2020,10,1,92,92048,2,1,8,3,PARIS (RUE DE) N° 12 A 164,48.8139981,2.2466129
202000008447,30,12,2020,9,2,92,92026,2,1,1,-1,EUGENE CARON,48.897229,2.244445
202000008448,30,12,2020,19,5,92,92025,2,1,1,6,VALMY (BD DE),48.930059,2.255004
202000008449,30,12,2020,8,5,92,92060,2,6,2,3,PAUL LANGEVIN (AVENUE) (RD 2),48.7793306,2.2515348
202000008450,28,12,2020,18,5,92,92023,2,2,2,6,GENERAL DE GAULLE (AV DU) N°130 A 340 ET,48.785361,2.2514679
202000008451,30,12,2020,12,1,976,97610,1,1,1,1,RN1 - LONGONI,-12.728847,45.174794
202000008452,31,12,2020,15,1,45,45321,1,1,1,7,D39,47.92937,2.574878
202000008453,30,12,2020,12,1,22,22223,1,1,2,7,route départementale 767,48.572192,-3.211581
202000008454,30,12,2020,19,3,82,82190,1,1,8,6,2088 Route de Grenade,43.832155,1.24108
202000008455,30,12,2020,16,1,89,89086,1,1,1,6,D198,47.884607,3.069649
202000008456,30,12,2020,18,3,63,63162,1,1,1,7,Lieu Dit le Charbonnier,45.53398,3.583131
202000008457,30,12,2020,15,1,55,55025,1,1,2,7,D947,49.4987766,5.260123
202000008458,31,12,2020,17,3,42,42026,1,1,3,1,Route de Roanne,46.145767,4.07773
202000008459,22,12,2020,14,1,41,41181,1,1,2,6,D17,47.313077,1.301617
202000008460,31,12,2020,9,1,45,45245,1,1,3,4,RD 47-PR 4 + 800,47.657002,2.794282
202000008461,30,12,2020,16,3,10,10220,2,1,1,7,chemin '' LES GRANGES '',48.501166,3.785796
202000008462,30,12,2020,16,2,53,53161,2,1,2,7,22 Rue de Saint-cenere,48.135163,-0.557921
202000008463,30,12,2020,15,1,40,40053,1,2,2,3,Route de Maillas,44.175987,-0.193248
202000008464,31,12,2020,16,2,01,01373,1,1,1,6,A 40 PK 001.600 direction Arbent,46.143907,5.54261
202000008465,31,12,2020,14,1,988,98827,1,1,2,1,Col de MUEO - POYA NORD,-21.296102,165.021225
202000008466,30,12,2020,13,1,986,98612,2,1,1,6,Leava,-14.300072,-178.15809
202000008467,30,12,2020,18,4,973,97304,2,1,1,1,Avenue des Frères Kennedy,5.16566,-52.641565
202000008468,30,12,2020,17,2,77,77222,2,1,8,6,Rue du Bois Boulay,48.632175,2.796193
202000008469,30,12,2020,19,3,91,91587,2,9,3,6,1 Allée des Devodes,48.696169,2.269937
202000008470,30,12,2020,16,1,83,83047,2,1,1,3,1528 Chemin des Goys Fourniers,43.136189,6.076362
202000008471,30,12,2020,11,1,71,71360,1,2,8,3,Zone d'Activite Pré de Lit,46.328391,4.742312
202000008472,31,12,2020,16,1,38,38487,1,1,1,5,Montée de la Corniche,45.569074,4.819361
202000008473,31,12,2020,11,1,01,01424,1,2,8,3,Route de la Boisse,45.874832,4.975991
202000008474,24,11,2020,7,5,77,77333,2,1,5,3,AV J F KENNEDY,48.26433,2.7086
202000008475,23,11,2020,18,5,76,76497,2,1,1,6,CD 3 (RUE ARISTIDE BRIAND),49.39357,1.02368
202000008476,24,11,2020,18,3,71,71540,1,9,5,3,Rond-Point du Vieux Saule,46.7676935,4.453085
202000008477,21,11,2020,15,1,67,67447,2,1,8,6,LEON UNGEMACH (RUE),48.59947,7.74471
202000008478,23,11,2020,15,1,66,66136,2,3,1,3,GUYNEMER (AVENUE GEORGES),42.68725,2.90814
202000008479,22,11,2020,17,2,66,66136,2,1,1,5,R D 900,42.7002,2.86582
202000008480,24,11,2020,7,2,64,64445,2,1,1,6,ETIGNY D',43.29619,-0.38298
202000008481,22,11,2020,16,1,63,63164,1,1,1,1,VICHY (RUE DE),45.8416126,3.1576851
202000008482,21,11,2020,14,1,63,63113,2,2,1,3,DIOMEDE (RUE PAUL),45.78401,3.07614
202000008483,17,11,2020,16,1,62,62119,2,1,1,6,VOLTAIRE ( BOULEVARD ),50.52466,2.63919
202000008484,13,11,2020,20,3,61,61169,1,1,1,6,PETITIERE (LA),48.765,-0.53055
202000008485,23,11,2020,7,4,59,59642,2,1,1,6,GRANDE(RUE),50.41075,3.31526
202000008486,24,11,2020,20,5,59,59122,2,6,1,3,PORTE DE PARIS (PLACE DE LA),50.1702942,3.2314282
202000008487,19,11,2020,6,5,54,54304,2,3,1,6,ZOLA (RUE EMILE),48.6846324,6.1539534
202000008488,24,11,2020,19,5,51,51454,2,1,1,3,Rue Saint Julien,49.24304,4.0433081
202000008489,23,11,2020,12,1,51,51454,2,6,2,3,Place d'Estournelles de Constant,49.2323469,4.0332478
202000008490,23,11,2020,20,5,49,49007,2,1,1,6, LAITERIE IMPASSE ET PLACE,47.47523,-0.56236
202000008491,5,11,2020,16,1,49,49353,2,6,1,3,PONTS DE CE,47.44084,-0.49837
202000008492,23,11,2020,7,1,46,46042,2,6,9,5,BEYNE (CARREFOUR DE LA ),44.426278,1.441684
202000008493,24,11,2020,18,5,45,45068,2,6,1,2,Rue Saint-Just,48.002459,2.716824
202000008494,22,11,2020,6,5,45,45004,2,1,1,7,Rue Raymond Tellier,47.97217,2.7693
202000008495,22,11,2020,18,5,44,44055,2,3,1,3,LATTRE DE TASSIGNY ( AVENUE DU MARÉCHAL,47.2866,-2.39286
202000008496,24,11,2020,18,5,34,34172,2,6,1,1,JUVENAL (PONT),43.6062092,3.8980265