Num_Acc,jour,mois,an,hr,condition_eclairage,departement,commune,condition_agglomeration,intersection,condition_atmosphere,type_collision,adresse,lattitude,longitude
202000008497,23,11,2020,16,1,31,31557,2,1,1,6,DOUMERGUE (RUE GASTON),43.587,1.35409
202000008498,19,11,2020,16,1,30,30028,2,3,1,3,ALPHONSE DAUDET (AVENUE),44.1597,4.6161
202000008499,23,11,2020,8,1,17,17306,2,1,7,1,EXPRESS (VOIE),45.64283,-1.03886
202000008500,24,11,2020,19,5,17,17300,2,1,1,7,REAUMUR   RUE,46.15853,-1.1564
202000008501,20,11,2020,18,5,17,17300,2,1,1,-1,JOFFRE   BOULEVARD (79 et 18),46.157,-1.1426
202000008502,24,11,2020,16,1,14,14383,1,1,1,6,CHAMP DU ROY (CHEMIN DU ),49.15551,-0.41478
202000008503,23,11,2020,18,1,13,13214,2,9,1,3,ST JOSEPH A STE MARTHE (chemin),43.347299,5.378444
202000008504,24,11,2020,15,1,13,13210,2,9,1,3,PONT DE VIVAUX (BOULEVARD),43.28158,5.42748
202000008505,24,11,2020,7,1,13,13063,1,1,1,3,RN 1569 LA TRANSHUMANCE,43.590938,4.989388
202000008506,24,11,2020,6,3,13,13063,1,1,1,1,C.D 10,43.58616,4.986533
202000008507,23,11,2020,14,1,13,13005,2,1,1,3,VERDUN (AVENUE DE),43.28788,5.57811
202000008508,24,11,2020,18,3,11,11069,2,1,1,1,RD 6161 - Rocade Ouest,43.2088998,2.3114585
202000008509,24,11,2020,14,1,10,10387,2,1,1,3,CHOMEDEY DE MAISONNEUVE (AVE),48.30731,4.07003
202000008510,24,11,2020,11,1,06,06069,2,1,1,7,"CHIRIS (AVENUE, IMPASSE ET TRAVERSE)",43.657867,6.928723
202000008511,23,11,2020,18,2,75,75112,2,4,1,4,BOULEVARD PERIPHERIQUE,48.830509,2.402343
202000008512,24,11,2020,7,1,75,75120,2,1,1,3,AVENUE DU PROFESSEUR ANDRE LEMIERE,48.858433,2.414637
202000008513,24,11,2020,6,3,75,75120,2,2,1,3,RUE DES PYRENEES,48.873946,2.385349
202000008514,24,11,2020,18,5,75,75119,2,1,1,6,BOULEVARD MACDONALD,48.898796,2.375836
202000008515,24,11,2020,9,1,75,75119,2,3,8,3,RUE DE CRIMEE,48.887564,2.380334
202000008516,23,11,2020,16,1,75,75116,2,1,1,2,AVENUE MOZART,48.855853,2.270702
202000008517,23,11,2020,8,1,75,75116,2,5,2,3,CHAUSSEE LA MUETTE,48.858302,2.272641
202000008518,24,11,2020,13,1,75,75114,2,2,1,3,RUE D ALESIA,48.827478,2.334836
202000008519,24,11,2020,15,1,75,75113,2,1,1,3,AVENUE D ITALIE,48.827785,2.356771
202000008520,24,11,2020,14,1,75,75111,2,1,1,6,RUE SAINT MAUR,48.869993,2.373411
202000008521,24,11,2020,19,5,75,75110,2,3,1,6,BOULEVARD DE BONNE NOUVELLE,48.870351,2.349564
202000008522,23,11,2020,14,1,75,75101,2,2,1,6,BOULEVARD DE SEBASTOPOL,48.858526,2.348229
202000008523,24,11,2020,16,1,94,94078,2,9,1,2,FRANCIS MARTIN (R),48.73692,2.45231
202000008524,23,11,2020,9,1,94,94028,2,1,2,7,ECHAT(RUE DE L'),48.79954,2.44924
202000008525,24,11,2020,18,5,94,94071,2,1,1,3,PONT DE CHENNEVIERES (R DU),48.78332,2.51513
202000008526,24,11,2020,16,1,94,94019,2,1,1,2,LIBERATION (RTE DE LA),48.80484,2.5351
202000008527,24,11,2020,16,1,93,93077,2,1,1,3,ROSNY (AVENUE DE),48.8852,2.50318
202000008528,24,11,2020,7,2,93,93051,2,1,2,3,NEUILLY (ROUTE),48.8492695,2.5371452
202000008529,24,11,2020,12,1,93,93048,2,1,1,6,ARISTIDE BRIAND (BOULEVARD),48.873612,2.4540139
202000008530,24,11,2020,15,1,93,93029,2,9,1,6,JEAN JAURES (AVENUE),48.9174549,2.4562647
202000008531,24,11,2020,17,1,92,92048,2,1,1,7,MARECHAL JUIN (AVENUE DU),48.7863958,2.2209227
202000008532,24,11,2020,7,1,92,92036,2,3,1,3,LOUIS ROCHE (AVENUE) (1/45),48.92416,2.319803
202000008533,24,11,2020,20,5,92,92026,2,1,1,1,ABREUVOIR,48.8904912,2.2557358
202000008534,24,11,2020,8,1,974,97415,2,3,1,3,Rue Leconte de Lisle (plaine),-20.984673,55.333945
202000008535,24,11,2020,19,3,14,14710,1,1,1,6,Route les Fosses Rd 133,48.896599,-0.339096
202000008536,25,11,2020,12,1,22,22116,1,1,2,6,le pont neuf,48.491852,-3.038578
202000008537,24,11,2020,17,3,10,10245,1,1,1,2,Départementale 21,48.25238,4.170063
202000008538,25,11,2020,9,1,972,97212,1,1,1,6,Qrt Dosithee,14.708219,-60.99369
202000008539,25,11,2020,17,5,60,60176,2,1,1,6,15 Rue Marie Rotsen,49.2287327,2.8865636
202000008540,24,11,2020,20,5,57,57742,2,1,5,6,1 Rue Principale Eigenthal,48.640378,7.134687
202000008541,25,11,2020,11,1,59,59472,1,1,1,1,CD932,50.162893,3.649693
202000008542,24,11,2020,20,3,41,41185,1,6,1,6,Autoroute A85 - PK 175.970 - Giratoire aire de service de Romorantin,47.337608,1.664547
202000008543,25,11,2020,14,1,63,63210,1,3,1,3,D1093,45.929285,3.338594
202000008544,25,11,2020,12,1,61,61207,1,3,1,3,RD 938- Le Grand Cuvon,48.318222,0.506637
202000008545,24,11,2020,9,1,46,46031,1,1,1,7,Départementale 653,44.591842,1.766374
202000008546,25,11,2020,6,3,86,86075,1,1,1,4,RD 347,46.814695,0.172166
202000008547,25,11,2020,6,2,68,68126,2,1,9,7,12 Rue de Hagenthal,47.561659,7.52457
202000008548,24,11,2020,12,1,68,68096,1,1,1,6,D419,47.61072,7.349896
202000008549,20,11,2020,23,5,39,39470,1,1,1,6,Route Internationale,46.477206,6.085889
202000008550,25,11,2020,12,1,25,25011,1,1,1,6,D209,47.52633,6.895123
202000008551,24,11,2020,22,3,25,25287,1,1,9,6,chemin des Corvées,47.20161,5.906825
202000008552,25,11,2020,9,1,44,44084,1,2,1,3,La Ville En Bois,47.253949,-1.276836
202000008553,23,11,2020,12,1,44,44021,2,4,1,3,Rue des Cités,47.024465,-1.873651
202000008554,24,11,2020,13,1,31,31499,2,1,1,3,avenue de toulouse,43.515069,1.177816
202000008555,25,11,2020,8,1,31,31324,1,1,1,3,86 avenue des Pyrénées,43.190738,0.991259
202000008556,24,11,2020,13,1,38,38324,1,1,1,2,1010 route de sablons,45.3821,5.014787
202000008557,25,11,2020,10,1,01,01133,1,3,1,6,rd 992,45.777094,5.765795
202000008558,24,11,2020,7,3,54,54399,1,1,5,1,RD570,48.502478,6.282603
202000008559,25,11,2020,7,2,14,14355,2,1,8,7,D22,49.276229,-0.506052
202000008560,24,11,2020,15,1,09,09173,1,1,1,7,D11,43.032,1.538419
202000008561,25,11,2020,11,1,60,60347,1,1,1,7,D67,49.7020253,1.7409577
202000008562,25,11,2020,8,1,18,18197,2,1,1,6,1 Quai Farfadet,46.718146,2.505952
202000008563,25,11,2020,9,1,10,10328,2,1,7,6,38 Route du Lac d'Orient,48.3443,4.264987
202000008564,20,11,2020,22,3,40,40210,1,1,1,6,D38,44.069187,-1.076682
202000008565,24,11,2020,22,3,27,27693,1,1,1,7,D833,48.87535,1.101225
202000008566,25,11,2020,8,1,87,87017,1,9,1,1,D1,46.123976,1.122048
202000008567,22,11,2020,4,4,37,37020,2,1,1,6,2 Rue de la Croix Gaillard,47.1244084,1.0167498
202000008568,24,11,2020,17,3,37,37213,1,1,1,1,,47.6458546,0.4968669
202000008569,21,11,2020,12,1,30,30325,1,1,1,1,D11,43.963322,3.708787
202000008570,24,11,2020,22,3,52,52414,1,1,1,6,D9,48.521195,5.079353
202000008571,24,11,2020,21,3,973,97307,1,2,1,6,Chemin Mogès,4.7782679,-52.3428154
202000008572,24,11,2020,20,3,31,31467,1,1,1,6,autoroute A62 PK221sens Toulouse/Montauban,43.691367,1.41067
202000008573,25,11,2020,11,1,06,06152,1,1,1,2,3935 Route du Parc,43.614349,7.043375
202000008574,25,11,2020,19,5,06,06085,2,1,1,7,1037 Avenue Saint Martin,43.61165,6.977369
202000008575,24,11,2020,11,1,64,64545,1,1,1,-1,"A63, PK 202+700",43.351225,-1.717665
202000008576,24,11,2020,8,1,06,06070,1,1,1,6,Route de Thorenc,43.808951,6.877613
202000008577,19,11,2020,9,1,89,89295,1,6,1,3,Départementale 158,47.834037,3.549238
202000008578,25,11,2020,16,1,42,42299,2,9,1,2,D204,45.61244,4.079749
202000008579,25,11,2020,10,1,38,38138,1,6,1,3,D517,45.733115,5.234857
202000008580,24,11,2020,21,5,17,17121,2,2,1,6,D735,46.197983,-1.427257
202000008581,17,11,2020,15,1,33,33165,2,3,1,3,37 Avenue de l'Entre 2 Mers,44.82464,-0.44882
202000008582,25,11,2020,7,5,85,85250,2,1,1,3,39 Avenue de Nantes,46.567115,-1.712151
202000008583,25,11,2020,7,2,85,85019,1,3,1,3,La Piglière,46.778051,-1.441784
202000008584,22,11,2020,20,3,49,49301,1,1,1,1,Lieu Dit la Catherine,47.127808,-1.043036
202000008585,24,11,2020,20,3,29,29247,2,1,2,7,C5 - Route de Quimper,47.938535,-4.024698
202000008586,23,11,2020,11,1,13,13071,1,1,1,5,A7-Sens Marseille vers Lyon,43.4058,5.3215
202000008587,23,11,2020,6,3,13,13071,1,1,1,7,A7-Sens Lyon vers Marseille,43.4048994,5.3395861
202000008588,24,11,2020,9,1,92,92002,1,1,1,2,AUTOROUTE A86,48.7616684,2.3155706
202000008589,23,11,2020,20,3,91,91136,1,1,1,2,AUTOROUTE A10,48.71286,2.28122
202000008590,24,11,2020,5,5,78,78362,1,1,5,2,A13,48.976303,1.720919
202000008591,24,11,2020,14,1,94,94018,1,1,1,2,A4,48.81739,2.42363
202000008592,21,6,2020,13,1,75,75112,2,1,1,2,RUE DE BERCY,48.840965,2.37822
202000008593,23,11,2020,18,5,988,98818,2,3,1,5,RUE ARMAND OHLEN/RUE DE LA GARONNE,-22.25064,166.46368
202000008594,23,11,2020,15,1,973,97302,1,9,1,2,ROUTE NATIONALE 1,4.8952234,-52.3298121
202000008595,23,11,2020,6,1,973,97302,2,1,1,3,BADUEL (ROUTE DE),4.92813,-52.29288
202000008596,23,11,2020,8,2,69,69142,2,2,1,3,GENERAL DE GAULLE                   (AV),45.72573,4.8116
202000008597,21,11,2020,18,2,971,97101,2,1,2,2,PERRIN (SECTEUR),16.2879803,-61.5114028
202000008598,23,11,2020,7,5,91,91477,2,1,2,2,GUTEMBERG (RUE),48.71023,2.25367
202000008599,23,11,2020,7,2,91,91687,2,3,2,3,PASTEUR (RUE),48.685806,2.378984
202000008600,20,11,2020,20,5,87,87085,2,2,1,3,GAMBETTA (BOULEVARD),45.82732,1.26011
202000008601,21,11,2020,14,1,87,87085,2,1,1,3,SABLARD (AVENUE DE),45.82911,1.27859
202000008602,23,11,2020,7,1,86,86194,2,1,1,6,Avenue de Northampton,46.579575,0.379189
202000008603,23,11,2020,7,5,78,78481,2,1,2,2,JEAN JAURES (AVENUE),48.89784,2.1114
202000008604,13,11,2020,11,1,74,74281,2,3,1,6,VERSOIE (AVENUE DE LA),46.36938,6.47512
202000008605,23,11,2020,12,1,73,73029,2,3,1,3,CHALLES (ROUTE DE),45.57058,5.94879
202000008606,23,11,2020,13,1,71,71153,2,1,1,7,BART (RUE JEAN),46.796566,4.4417999
202000008607,23,11,2020,16,1,64,64102,2,6,1,2,ALLEES MARINES (ROND POINT DES),43.49687,-1.48289
202000008608,22,11,2020,7,5,64,64102,2,1,1,7,BOURGNEUF (RUE),43.49117,-1.47254
202000008609,20,11,2020,16,1,63,63113,2,2,1,3,JOUHAUX (BD LEON),45.7921458,3.1176721
202000008610,19,11,2020,11,1,63,63063,2,1,1,6,CHAMBERET (IMP),45.82748,3.10045
202000008611,20,11,2020,8,1,62,62250,2,1,1,3,LECLERC (AV. DU GAL),50.46058,2.94884
202000008612,23,11,2020,17,5,59,59009,2,6,2,6,OUEST BOULEVARD DE L,50.6504241,3.1271206
202000008613,23,11,2020,13,1,59,59378,2,2,1,3,EGALITE RUE DE L,50.66488,3.10238
202000008614,12,11,2020,13,1,59,59378,2,3,1,6,DELCENSERIE JULES RUE N°2-314,50.65698,3.10112
202000008615,23,11,2020,14,1,59,59206,1,1,2,1,Rue du 11 Novembre,50.1866,3.28174
202000008616,23,11,2020,8,2,56,56098,2,6,1,3,NORMANDIE NIEMEN ( BD ),47.76077,-3.35397
202000008617,20,11,2020,17,1,56,56121,2,2,1,6,DU COUEDIC (RUE),47.74972,-3.36353
202000008618,23,11,2020,17,2,54,54395,2,3,1,6,SCARPONE (BD DE),48.70086,6.16441
202000008619,20,11,2020,17,2,49,49007,2,1,1,6,GASNIER AVENUE,47.4923793,-0.5774281
202000008620,20,11,2020,12,1,49,49007,2,1,1,3,Boulevard Gaston Ramon,47.48811,-0.54301
202000008621,21,11,2020,14,1,49,49007,2,1,1,3,MONTAIGNE AVENUE,47.4669,-0.5265
202000008622,19,11,2020,13,1,44,44184,2,3,1,1,Avenue Albert De Mun,47.27845,-2.21078
202000008623,23,11,2020,8,1,44,44109,2,2,1,3,RUE JEAN JACQUES ROUSSEAU,47.212,-1.55913
202000008624,23,11,2020,16,1,37,37261,2,3,1,-1,GRAMMONT (AVENUE DE),47.3780193,0.6937335
202000008625,23,11,2020,21,5,35,35238,2,1,1,7,ALMA (DE L'),48.1047,-1.6777
202000008626,21,11,2020,21,4,31,31555,2,1,1,2,VA007418 PONT JUMEAUX A620 Sortie 30,43.61259,1.41647
202000008627,20,11,2020,13,1,31,31555,2,1,1,6,BD GRIFFOUL DORVAL,43.594749,1.456843
202000008628,23,11,2020,19,5,27,27229,2,1,1,1,HUGO (RUE VICTOR),49.02204,1.14323
202000008629,23,11,2020,9,1,27,27299,2,2,1,3,BRIAND (AVENUE ARISTIDE),49.0549,1.16721
202000008630,22,11,2020,11,1,16,16089,2,6,2,7,30 Avenue de Barbezieux,45.68149,-0.32853
202000008631,21,11,2020,15,1,14,14366,2,1,1,3,GENERAL LECLERC (RUE DU),49.15579,0.22298
202000008632,23,11,2020,21,5,13,13208,2,2,1,3,PRADO (AVENUE DU),43.284026,5.384833
202000008633,23,11,2020,19,5,13,13213,2,9,1,3,FRAIS VALLON (AVENUE),43.32541,5.42952
202000008634,23,11,2020,14,1,13,13208,2,6,1,6,PIERRE GUERRE (ROND-POINT),43.250517,5.389021
202000008635,18,11,2020,12,1,13,13001,2,1,1,6,ARTS ET METIERS (COURS),43.530401,5.455075
202000008636,22,11,2020,9,1,13,13001,2,1,1,6,COSTE JEAN PAUL (AV ),43.5137,5.45858
202000008637,18,11,2020,14,1,07,07019,2,1,7,6,JEAN MATHON (FAUBOURG),44.62342,4.39067
202000008638,21,11,2020,15,1,06,06069,1,1,1,3,PAOUTE (ROUTE ET TRAVERSE DE LA),43.634174,6.957256
202000008639,20,11,2020,17,5,02,02722,2,1,1,6,SAINT-MARTIN (RUE),49.37685,3.32883
202000008640,23,11,2020,8,1,75,75118,2,1,2,2,BOULEVARD PERIPHERIQUE,48.900731,2.335823
202000008641,23,11,2020,19,5,75,75118,2,7,1,6,RUE RAMEY,48.890695,2.345397
202000008642,23,11,2020,18,5,75,75117,2,7,1,6,ECHANGEUR MAILLOT,48.879582,2.280848
202000008643,22,11,2020,12,1,75,75115,2,1,1,3,RUE DE LA FEDERATION,48.852861,2.297637
202000008644,23,11,2020,16,1,75,75113,2,7,1,6,RUE JEANNE D ARC,48.830321,2.367667
202000008645,23,11,2020,16,1,75,75112,2,1,1,3,AVENUE DAUMESNIL,48.838007,2.399898
202000008646,23,11,2020,9,1,75,75109,2,2,2,6,RUE DE CHATEAUDUN,48.876248,2.331864
202000008647,22,11,2020,12,1,75,75108,2,1,1,3,RUE DE COURCELLES,48.877039,2.307078
202000008648,23,11,2020,18,5,75,75104,2,3,1,3,QUAI DE L HOTEL DE VILLE,48.854933,2.353528
202000008649,20,11,2020,19,5,94,94078,2,1,1,6,CHOISY (AV DE),48.74455,2.43773
202000008650,23,11,2020,9,1,94,94068,2,2,2,3,GENERAL GIRAUD (BD DU),48.79343,2.47861
202000008651,23,11,2020,11,1,94,94076,2,1,2,6,MAXIME GORKI (BD),48.787092,2.36762
202000008652,23,11,2020,8,1,94,94043,2,1,3,3,FONTAINEBLEAU (AV DE),48.81368,2.36121
202000008653,23,11,2020,13,1,94,94017,2,1,1,7,Pont de Nogent,48.83073,2.49311
202000008654,23,11,2020,11,1,94,94017,2,9,2,6,TUNNEL (R DU),48.80673,2.55008
202000008655,22,11,2020,23,5,94,94017,2,1,1,3,ROGER SALENGRO (AV),48.81898,2.48941
202000008656,26,10,2020,10,1,93,93070,2,1,1,6,ENTREPOTS (RUE DES),48.9028549,2.3464173
202000008657,23,11,2020,19,5,93,93051,2,6,1,3,CHAMPY RICHARDETS (BOULEVARD),48.83715,2.57747
202000008658,22,11,2020,21,5,93,93032,2,2,1,3,R CONTANT / AV HENRI BARBUSSE,48.8851,2.5322
202000008659,23,11,2020,17,5,93,93030,2,6,1,3,HUIT-MAI-1945 (AVENUE DU),48.94056,2.43125
202000008660,23,11,2020,17,2,93,93013,2,1,1,6,VAILLANT (RUE EDOUARD),48.9363775,2.4333076
202000008661,23,11,2020,12,1,93,93005,2,3,1,3,R ARTHUR CHEVALIER / PNT DE LA CROIX BLANCHE,48.9314,2.5046
202000008662,23,11,2020,9,1,93,93005,2,1,8,6,MITRY [CD115] (ROUTE DE),48.9456,2.5097
202000008663,20,11,2020,12,1,92,92050,2,6,1,2,PICASSO PABLO AVENUE,48.8916361,2.2145691
202000008664,23,11,2020,8,5,92,92050,2,6,2,3,BOULE PLACE DE LA,48.8873197,2.200554
202000008665,23,11,2020,9,1,92,92004,2,1,8,7,PARFUMERIE ( RUE DE LA ),48.9121811,2.300418
202000008666,24,11,2020,17,3,54,54109,1,1,5,1,RD6,48.5274304,6.1873171
202000008667,23,11,2020,16,1,24,24309,1,1,1,1,Regulie,45.065027,0.470025
202000008668,17,5,2020,10,1,54,54045,1,3,1,-1,RD1,48.568592,6.357393
202000008669,17,5,2020,7,1,72,72132,1,1,1,7,D7,48.165298,0.606008
202000008670,17,5,2020,14,1,14,14654,1,2,1,5,D4,49.004471,0.105246
202000008671,17,5,2020,14,1,50,50407,1,1,1,6,N175,48.632093,-1.340117
202000008672,17,5,2020,16,1,90,90065,1,1,1,1,D465,47.80962,6.839864
202000008673,16,5,2020,9,1,83,83149,1,1,1,2,RD560 PK65,43.5581903,6.2757192
202000008674,17,5,2020,17,1,09,09247,1,1,1,7,D18b,42.935784,1.327447
202000008675,17,5,2020,17,1,07,07330,1,1,1,-1,RD290,44.37884,4.435987
202000008676,16,5,2020,18,1,21,21674,1,1,1,6,Rue Henri Jurien de la Gravieres,47.940494,4.806137
202000008677,17,5,2020,0,3,85,85197,1,1,1,6,D7,46.91255,-1.47396
202000008678,15,5,2020,22,5,27,27056,2,1,1,1,Route de Broglie,49.084632,0.585473
202000008679,15,5,2020,17,1,28,28352,2,1,1,6,1 Chemin des Sables,48.616486,1.628946
202000008680,16,5,2020,18,1,87,87103,2,9,1,6,77 Avenue de la Gare,46.007317,1.162625
202000008681,16,5,2020,15,1,48,48140,2,3,1,7,57 Boulevard Guerin d'Apcher,44.808329,3.274017
202000008682,16,5,2020,17,1,88,88283,1,1,1,6,Grand Rue,48.220127,5.751547
202000008683,17,5,2020,17,1,42,42279,2,2,7,1,167 Route de Saint Marcellin,45.498331,4.227464
202000008684,17,5,2020,14,1,73,73296,1,4,1,2,D902  PR38,45.5140746,6.9172987
202000008685,16,5,2020,18,1,95,95604,2,6,1,1,D317,49.098573,2.531257
202000008686,17,5,2020,12,1,976,97615,2,1,1,3,station total - RN 4,-12.792473,45.270442
202000008687,16,5,2020,0,3,977,97701,2,1,1,1,route de saline,17.900403,-62.82595
202000008688,17,5,2020,6,1,45,45335,1,1,1,7,D13 - PR13+50,47.7526732,2.1270849
202000008689,17,5,2020,17,1,95,95157,1,1,1,5,Route des Cretes,49.0870681,1.67345
202000008690,17,5,2020,9,1,91,91599,1,1,1,6,D948,48.481428,2.471924
202000008691,17,5,2020,11,1,05,05014,1,1,1,6,Roche coupée,44.2646071,5.7685646
202000008692,17,5,2020,2,5,13,13076,2,2,2,2,Route d'Avignon,43.807484,4.99541
202000008693,17,5,2020,12,1,13,13027,1,2,1,3,CD 34,43.880851,4.832096
202000008694,16,5,2020,12,1,13,13041,2,3,1,3,D58,43.433096,5.466578
202000008695,17,5,2020,10,1,67,67348,1,1,1,7,D709,48.4367,7.470886
202000008696,17,5,2020,4,2,73,73187,1,1,5,7,Celliers Dessus (Informations),45.469735,6.4036298
202000008697,16,5,2020,12,1,73,73253,1,2,1,1,D88,45.505879,6.5677747
202000008698,17,5,2020,13,1,07,07152,1,1,1,1,D219,45.042531,4.822134
202000008699,15,5,2020,21,1,22,22389,1,1,1,7,le plebo,48.452546,-2.671738
202000008700,17,5,2020,18,1,35,35019,1,3,1,3,lieu dit la barre,48.431671,-1.578314
202000008701,16,5,2020,14,1,62,62125,1,1,1,1,Rue Principale,50.804758,1.6827
202000008702,15,5,2020,2,3,13,13088,1,1,8,2,A55-Sens Marseille vers Martigues,43.380302,5.217229
202000008703,15,5,2020,11,1,69,69275,1,1,1,2,RN 346 ,45.75833,4.98544
202000008704,11,5,2020,14,1,57,57672,1,1,1,5,Autoroute A31,49.34857,6.15844
202000008705,15,5,2020,22,3,91,91161,1,1,1,3,AUTOROUTE A6,48.70909,2.30706
202000008706,16,5,2020,8,1,95,95277,1,1,1,6,RD 170 ,48.97774,2.45887
202000008707,16,5,2020,9,1,93,93073,1,1,1,2,AUTOROUTE A104,48.96771,2.56308
202000008708,16,5,2020,0,3,93,93066,1,1,1,5,AUTOROUTE A1,48.9216,2.35736
202000008709,15,5,2020,10,1,93,93010,1,1,1,5,AUTOROUTE A3,48.90191,2.47055
202000008710,15,5,2020,14,1,988,98818,2,3,1,3,RUE AMPERE/RUE LOUIS PELATAN,-22.231,166.44963
202000008711,14,5,2020,16,1,974,97411,2,2,1,3,MARIE (RUE SAINTE),-20.88391,55.45042
202000008712,15,5,2020,6,1,973,97302,2,3,2,3,EUGENE GOBERT(RUE),4.9322596,-52.3300502
202000008713,15,5,2020,18,5,972,97209,1,1,1,3,PROFESSEUR RAYMOND GARCIN (RUE DU),14.6141,-61.07811
202000008714,15,5,2020,20,1,69,69142,2,3,1,3,STEPHANE DECHANT                    (R ),45.72593,4.81421
202000008715,15,5,2020,16,1,69,69081,2,9,1,7,CHALIN (DE)                             ,45.7779962,4.7872836
202000008716,12,5,2020,16,1,69,69382,2,2,1,6,PRESIDENT EDOUARD HERRIOT (DU)      (R ),45.7601732,4.8340005
202000008717,14,5,2020,13,1,69,69385,2,1,1,3,QUARANTAINE (DE LA)                 (R ),45.7534,4.8226
202000008718,15,5,2020,2,3,971,97101,1,1,1,3,RN1 ROCADE DE CHAUVEL,16.2354,-61.5232
202000008719,15,5,2020,19,1,91,91589,2,2,1,3,LONGJUMEAU (AVENUE DE),48.6941,2.34539
202000008720,15,5,2020,21,2,91,91687,2,1,1,7,MARMONT (AVENUE),48.6688,2.37663
202000008721,15,5,2020,9,1,87,87085,2,1,1,4,Boulevard de la Borie,45.84411,1.24046
202000008722,13,5,2020,18,1,80,80021,2,1,1,6,CESAR FRANCK (RUE),49.91119,2.30989
202000008723,15,5,2020,21,1,78,78440,2,1,1,6,RÉPUBLIQUE (RUE DE LA),48.986547,1.921569
202000008724,14,5,2020,17,1,78,78403,2,1,1,2,CHATEAUBRIAND (AVENUE),48.994349,1.869023
202000008725,15,5,2020,12,1,77,77400,2,1,1,6,MELUN (RUE DE) - D15,48.780889,3.031068
202000008726,14,5,2020,18,1,76,76322,2,3,1,3,PROVINCES. AVENUE DES,49.41145,1.05299
202000008727,14,5,2020,15,1,76,76351,2,1,1,6,CHEMIN RURAL 47,49.5293,0.08483
202000008728,13,5,2020,3,3,71,71040,1,1,1,-1,N70,46.7004054,4.4075349
202000008729,15,5,2020,13,1,69,69266,2,1,1,3,EMILE ZOLA     (Cours),45.76781,4.8887
202000008730,15,5,2020,10,1,69,69275,2,3,8,6,JEAN JAURES                         (AV),45.7692,4.94605
202000008731,14,5,2020,19,2,69,69029,2,1,1,6,PAUL GAUGUIN                            ,45.7355836,4.9175771
202000008732,15,5,2020,16,1,64,64024,2,9,1,7,BAYONNE (AVENUE DE),43.48216,-1.5075
202000008733,15,5,2020,12,1,64,64024,2,6,1,7,MOULIN DE BRINDOS (ROND POINT DU),43.4743236,-1.5002705
202000008734,5,5,2020,15,1,62,62498,2,9,1,7,COLOMB (R CHRISTOPHE),50.44184,2.80399
202000008735,15,5,2020,18,1,62,62193,2,1,1,1,CHEVAL GRIS (RUE DU),50.939325,1.851304
202000008736,14,5,2020,15,1,59,59271,1,2,1,3,CHAMP D'AVIATION CD 131,51.02176,2.27365
202000008737,13,5,2020,21,1,56,56260,2,2,1,6,PAIX(BLD DE LA) 1 A 39  ET 2 A 50,47.661309,-2.755377
202000008738,14,5,2020,17,1,56,56098,2,1,1,3,DJIBAOU (RUE  JEAN-MARIE ),47.77822,-3.35125
202000008739,15,5,2020,12,1,54,54578,2,1,1,2,FABERT (RUE),48.67817,6.16205
202000008740,15,5,2020,12,1,54,54395,2,1,1,6,ARC ( RUE JEANNE D'N,48.685112,6.172312
202000008741,15,5,2020,10,1,54,54257,1,1,1,3,RD570,48.6475,6.1824
202000008742,14,5,2020,19,1,49,49007,2,1,1,7,GAULLE BOULEVARD CHARLES DE,47.46874,-0.55907
202000008743,14,5,2020,10,1,49,49007,2,1,1,3,GUINEL,47.44278,-0.53497
202000008744,15,5,2020,15,1,45,45298,1,6,1,2,Rue Gaston Deffié,47.89297,1.87576
202000008745,15,5,2020,10,1,45,45068,2,3,1,2,Rue Roger Salengro - rue du solin,48.0142587,2.7172025
202000008746,14,5,2020,15,1,45,45208,2,1,1,6,RUE VILLA RENEE DE FRANCE,48.0002,2.7313
202000008747,15,5,2020,19,1,44,44109,2,1,1,6,2 Boulevard Eugène Orieux,47.23526,-1.54955
202000008748,15,5,2020,16,1,44,44109,2,2,1,3,Place de Pirmil,47.19779,-1.54253
202000008749,14,5,2020,12,1,37,37122,2,1,1,7,AUVERGNE (RUE D'),47.3593445,0.6732967
202000008750,15,5,2020,13,1,35,35281,2,2,1,3,HAIE-DES-COGNETS (BOUL DE LA),48.0835,-1.7307
202000008751,14,5,2020,12,1,35,35238,2,1,1,2,VILLEBOIS MAREUIL (BD),48.1061863,-1.6507516
202000008752,15,5,2020,8,1,33,33063,2,2,1,3,RUE JULES FERRY / RUE DU MOULIN ROUGE / RUE OSCAR BALARESQUE CAUD,44.842046,-0.602841
202000008753,14,5,2020,14,1,33,33529,2,1,1,6,Avenue de l'Aérodrome sur canal des Landes,44.6017,-1.11767
202000008754,14,5,2020,16,1,31,31069,2,3,2,3,RUE HENRI MARTIN ,43.64365,1.38084
202000008755,10,5,2020,22,5,31,31044,1,1,2,5,VA007553 A61,43.59566,1.49343
202000008756,12,5,2020,16,1,28,28134,2,6,1,7,Jean Hieaux,48.7312,1.3641
202000008757,26,2,2020,14,1,27,27554,2,1,2,4,ROUEN (AVENUE DE),49.1142799,1.4483299
202000008758,15,5,2020,16,1,11,11069,2,1,1,4,RD 6113,43.22845,2.33732
202000008759,26,2,2020,16,1,07,07281,2,1,1,6,MARCALE (RUE DE),44.941293,4.843222