Num_Acc,jour,mois,an,hr,condition_eclairage,departement,commune,condition_agglomeration,intersection,condition_atmosphere,type_collision,adresse,lattitude,longitude
202000008760,15,5,2020,12,1,06,06069,2,1,1,1,ROUQUIER (BOULEVARD EMMANUEL),43.633761,6.939371
202000008761,15,5,2020,17,1,75,75120,2,1,1,6,BOULEVARD DAVOUT,48.85842,2.40959
202000008762,15,5,2020,19,1,75,75119,2,2,1,3,RUE DE LA MARSEILLAISE,48.886029,2.398127
202000008763,15,5,2020,14,1,75,75119,2,1,1,6,AVENUE SECRETAN,48.881838,2.371852
202000008764,15,5,2020,15,1,75,75118,2,4,1,3,BOULEVARD BARBES,48.88718,2.349569
202000008765,15,5,2020,8,1,75,75116,2,4,1,3,AVENUE DE LA PORTE DE SAINT CLOUD,48.838593,2.252266
202000008766,15,5,2020,19,1,75,75113,2,2,1,6,RUE REGNAULT,48.824411,2.376411
202000008767,15,5,2020,12,1,75,75113,2,5,1,3,RUE DE TOLBIAC,48.826162,2.359988
202000008768,10,5,2020,21,4,75,75112,2,1,2,6,BOULEVARD PONIATOWSKI,48.829723,2.391325
202000008769,14,5,2020,16,1,94,94068,2,9,1,2,SAINT LOUIS (AV),48.78747,2.50948
202000008770,14,5,2020,12,1,94,94068,2,2,1,6,VICTOR HUGO (AV),48.8033103,2.4846643
202000008771,15,5,2020,12,1,94,94046,2,1,1,3,PROFESSEUR CADIOT (AV DU),48.804,2.4329
202000008772,15,5,2020,9,1,94,94046,2,1,1,3,PROFESSEUR CADIOT (AV DU),48.80491,2.43228
202000008773,15,5,2020,7,1,94,94046,2,3,1,3,BUSTEAU (AV),48.8057445,2.4315319
202000008774,15,5,2020,11,1,94,94037,2,9,1,3,CHARLES FREROT (R),48.815643,2.351392
202000008775,15,5,2020,1,5,94,94043,2,6,1,3,GABRIEL PERI (R),48.810407,2.349871
202000008776,14,5,2020,15,1,94,94033,2,3,1,2,DALAYRAC (R),48.84869,2.46543
202000008777,15,5,2020,21,2,94,94053,2,1,1,2,GRANDE RUE PIERRE MENDES-FRANCE (R),48.76772,2.54164
202000008778,15,5,2020,15,1,94,94018,2,1,1,2,LIBERTE (AV DE LA),48.8222,2.4027
202000008779,15,5,2020,19,2,94,94017,2,1,1,2,ROGER SALENGRO (AV),48.81671,2.50089
202000008780,15,5,2020,15,1,94,94075,2,2,1,3,JEAN CAVAILLES (R),48.72548,2.52726
202000008781,14,5,2020,18,1,93,93066,2,1,1,3,R FRANCIS DE PRESSENCE,48.9250424,2.3749164
202000008782,14,5,2020,21,5,93,93048,2,2,1,3,R RAPATEL / R GASTON LAURIAU,48.8579,2.4476
202000008783,15,5,2020,16,1,93,93046,2,6,1,5,BD DE L'EUROPE / AV LUCIE AUBRAC,48.927221,2.5506469
202000008784,14,5,2020,16,1,92,92078,2,9,1,6,DUPONT DU CHAMBON (RUE),48.9362462,2.3317704
202000008785,14,5,2020,16,1,92,92075,2,1,1,2,JULLIEN (RUE),48.8267382,2.2843529
202000008786,15,5,2020,17,1,92,92048,1,1,1,2,TRIVAUX (AVENUE DE) N° 1,48.7944116,2.2320901
202000008787,15,5,2020,7,1,92,92023,2,9,1,3,GENERAL DE GAULLE (AVENUE DU),48.78477,2.24961
202000008788,15,5,2020,18,1,92,92007,2,1,1,3,SUISSES (VOIE DES),48.8012206,2.3005548
202000008789,14,5,2020,20,5,92,92004,2,1,1,-1,ARGENTEUIL AV D',48.9107573,2.285678
202000008790,16,5,2020,14,1,24,24436,1,1,1,6,La Croix de Chaulant,45.038949,0.23302
202000008791,16,5,2020,14,1,38,38107,1,2,1,1,Chemin des Littes,45.462121,4.802731
202000008792,16,5,2020,15,1,41,41194,2,6,1,3,142 Avenue de Villefranche,47.342145,1.749208
202000008793,13,5,2020,14,1,33,33170,1,1,1,1,RD9,44.56288,-0.03612
202000008794,16,5,2020,14,1,18,18256,1,1,1,7,D152,47.41264,2.765551
202000008795,13,5,2020,17,1,68,68227,1,1,2,1,D4,48.105619,7.456595
202000008796,16,5,2020,15,1,60,60395,2,1,1,3,Boulevard de Picardie,49.2453913,2.1299684
202000008797,9,5,2020,12,1,42,42231,1,4,1,6,D81,46.088063,3.943094
202000008798,16,5,2020,14,1,85,85082,1,1,1,3,Le Puy du Fou,46.88863,-0.93498
202000008799,16,5,2020,11,1,30,30209,1,5,1,1,départementale 377,43.97693,4.741352
202000008800,15,5,2020,18,1,56,56131,2,3,1,3,Kerhoat,48.0096415,-3.435995
202000008801,15,5,2020,16,1,31,31150,2,1,1,3,7 Chemin de Terrefort,43.652484,1.337575
202000008802,16,5,2020,11,1,2B,2B152,1,1,1,7,D532,42.9018705,9.3995373
202000008803,16,5,2020,13,1,33,33545,2,9,1,2,Rue de la Chatellenie,45.250061,-0.849154
202000008804,16,5,2020,15,1,47,47179,2,7,1,1,"D 276, PLACE DE LA MAIRIE",44.491278,0.939135
202000008805,15,5,2020,21,3,34,34018,1,1,2,7,D909,43.497017,3.187752
202000008806,15,5,2020,15,1,68,68135,2,1,1,3,Rue de Saint-louis,47.578038,7.535543
202000008807,16,5,2020,15,1,35,35291,1,2,1,3,Lieu Dit Colombel,48.5911618,-1.6337816
202000008808,16,5,2020,12,1,35,35112,1,3,1,3,La Guiberdiere,48.351686,-1.125755
202000008809,16,5,2020,17,1,02,02520,1,1,1,7,D14,49.29135,3.584311
202000008810,16,5,2020,17,1,02,02306,2,1,1,6,7 Rue du Petit Marais,49.738678,3.558835
202000008811,16,5,2020,12,1,15,15088,1,3,1,7,Le Puech des Ouilhes,44.9239898,2.2740488
202000008812,15,5,2020,13,1,70,70245,2,1,1,7,702 Blanzey,47.88396,6.448781
202000008813,16,5,2020,14,1,58,58058,1,1,1,6,Croisy,47.400891,3.346244
202000008814,16,5,2020,14,1,14,14031,1,2,1,3,Route du Mont Piste,49.065428,0.071068
202000008815,15,5,2020,17,1,14,14342,2,2,7,3,PLACE DE GAULLE,49.31806,-1.10145
202000008816,16,5,2020,4,2,50,50400,2,1,1,6,20 Rue d'Utah-beach,49.378954,-1.414447
202000008817,15,5,2020,16,1,50,50042,1,1,1,7,Polder le Pas aux Boeufs,48.582655,-1.537292
202000008818,16,5,2020,11,1,43,43039,1,1,1,6,Départementale 49,44.8907189,3.8626045
202000008819,16,5,2020,18,1,16,16295,2,1,1,6,11 Route de Mansle,45.802777,0.138617
202000008820,16,5,2020,3,1,85,85008,1,1,1,6,Le Finiou,46.63298,-1.51945
202000008821,15,5,2020,17,1,85,85193,2,1,1,1,Rue du Perrot,46.539765,-1.302438
202000008822,15,5,2020,16,1,27,27105,1,1,1,2,Rue d'Elbeuf,49.2978931,0.8937338
202000008823,15,5,2020,8,1,87,87168,1,1,1,7,Chambouraud,45.693741,0.745327
202000008824,6,5,2020,8,1,37,37021,1,1,1,-1,469 Les Poupinieres,47.5679352,0.641189
202000008825,16,5,2020,15,1,48,48166,1,1,1,6,D983,44.284579,3.597282
202000008826,15,5,2020,16,1,67,67084,1,1,1,2,A35,48.311372,7.477784
202000008827,17,5,2020,0,3,988,98802,1,1,1,1,Route de Thio,-21.8402,166.0538
202000008828,15,5,2020,16,1,974,97405,2,1,1,2,RN2,-21.368866,55.575714
202000008829,16,5,2020,5,2,28,28247,1,1,5,6,RD 302.5,48.879957,1.527786
202000008830,14,5,2020,22,5,11,11076,2,1,2,6,Avenue Arnaut Vidal,43.3123424,1.9458675
202000008831,16,5,2020,3,3,34,34057,1,1,1,7,D65e1,43.63168,3.935294
202000008832,15,5,2020,23,5,83,83023,2,1,1,7,Avenue frédéric mistral,43.400463,6.057979
202000008833,16,5,2020,19,1,39,39364,1,1,1,6,,46.792421,5.82704
202000008834,15,5,2020,17,1,68,68298,2,6,1,1,Rue des Cerisiers,48.248869,7.190622
202000008835,2,5,2020,14,1,67,67046,2,7,1,7,21 Rue de Hanhoffen,48.7602455,7.8589686
202000008836,15,5,2020,19,1,01,01202,1,3,1,3,D40,45.88844,5.328798
202000008837,16,5,2020,11,1,69,69163,2,1,1,1,Impasse du Grand Veissieux,45.921699,4.756404
202000008838,15,5,2020,23,3,79,79049,1,6,1,3,,46.833202,-0.436277
202000008839,16,5,2020,14,1,33,33177,2,6,1,3,Route de Lesparre,45.32177,-0.95725
202000008840,15,5,2020,22,3,60,60666,1,1,1,6,Route Nationale 330,49.1153083,2.6883012
202000008841,16,5,2020,16,1,02,02378,1,1,1,3,D963,49.895101,4.045871
202000008842,1,3,2020,1,3,42,42099,1,1,1,1,RN88,45.379294,4.273349
202000008843,15,5,2020,20,1,57,57474,1,1,1,6,Autoroute A31,49.2647023,6.1768549
202000008844,14,5,2020,17,1,93,93010,1,1,1,2,AUTOROUTE A3,48.89069,2.47322
202000008845,14,5,2020,10,1,95,95572,1,1,1,2,RN 184,49.03634,2.11969
202000008846,14,5,2020,8,1,93,93053,1,1,1,2,AUTOROUTE A3,48.88418,2.46179
202000008847,3,1,2020,8,1,75,75109,2,5,2,2,BOULEVARD MONTMARTRE,48.871971,2.340045
202000008848,15,5,2020,9,1,988,98818,2,3,2,6,RUE DE L'YSER/RUE AUGUSTE BENEBIG,-22.27094,166.45258
202000008849,13,5,2020,9,1,988,98818,2,2,1,3,RUE JACQUES IEKAWE/RUE ARMAND OHLEN,-22.24873,166.46373
202000008850,14,5,2020,14,1,976,97611,2,1,1,3,kaweni-Massakini (rue),-12.7639,45.22561
202000008851,12,5,2020,11,1,974,97416,2,1,1,3,RN3 (1),-21.30707,55.49836
202000008852,13,5,2020,17,1,974,97407,2,1,1,6,MONDON (AVENUE),-20.93354,55.30859
202000008853,4,5,2020,13,1,69,69388,2,1,1,6,ETATS UNIS (DES)                    (BD),45.73223,4.86547
202000008854,14,5,2020,9,1,69,69386,2,2,1,6,FRANKLIN ROOSEVELT                  (CO),45.7685372,4.8439361
202000008855,13,5,2020,17,1,972,97209,2,1,1,3,RD 41 (ROCADE),14.61421,-61.0527
202000008856,14,5,2020,1,5,69,69385,2,1,1,7,CHOULANS (DE)                       (CH),45.75234,4.81898
202000008857,13,5,2020,19,1,2B,2B037,1,1,1,1,TOUTES RUES,42.6274,9.4236
202000008858,12,5,2020,22,5,971,97101,1,1,1,6,BAIMBRIDGE,16.2428,-61.5226
202000008859,14,5,2020,4,5,91,91521,2,9,1,3,REMY (RUE ALBERT),48.65747,2.40649
202000008860,29,2,2020,13,1,54,54304,2,2,6,3,SAPINIERE (RUE DE LA),48.6932833,6.1281073
202000008861,26,2,2020,20,5,54,54395,2,2,3,1,BOUFFLERS (AVENUE) DE 2 AU 72),48.6902885,6.1566299
202000008862,26,2,2020,16,1,54,54395,2,2,1,7,VICTOR HUGO (RUE ET RUELLE),48.692208,6.168353
202000008863,26,2,2020,13,1,54,54395,2,2,1,1,LIBERATION (AVENUE DE LA),48.692333,6.168003
202000008864,3,1,2020,17,5,54,54099,2,6,2,6,ALBERT 1ER (AVENUE),49.254043,5.946688
202000008865,29,2,2020,15,1,51,51055,2,1,1,3,Boulevard des Tondeurs,49.2846968,4.0347502
202000008866,28,2,2020,16,1,51,51454,2,1,2,5,Avenue Georges Pompidou,49.2199488,4.0333198
202000008867,27,2,2020,19,5,51,51454,2,3,1,3,Rue Gosset,49.2660107,4.0405452
202000008868,27,2,2020,16,1,50,50218,2,1,1,6,MATIGNON (AV DES),48.83814,-1.57147
202000008869,27,2,2020,18,1,50,50129,2,1,1,2,PARIS (AVENUE DE),49.627669,-1.61793
202000008870,22,2,2020,16,1,50,50173,1,3,1,2,SALINE (BOULEVARD DE LA),49.64892,-1.64423
202000008871,26,2,2020,15,1,49,49007,2,1,1,6,ARNAULD ( HENRI) BOULEVARD,47.47302,-0.56232
202000008872,25,2,2020,9,1,49,49007,2,1,1,2,JEANNE D'ARC SQUARE,47.46735,-0.53592
202000008873,24,2,2020,16,1,48,48095,2,1,7,6,CAPUCINS (BOULEVARD DES),44.519677,3.497084
202000008874,24,2,2020,16,1,47,47323,2,7,1,3,LEYGUES (BLVD GEORGES),44.40822,0.70721
202000008875,28,2,2020,20,5,45,45234,2,1,2,4,Quai du Chatelet,47.89807,1.91255
202000008876,28,2,2020,9,1,45,45169,1,1,1,6,Rue de la Bate,47.9298,1.8173
202000008877,25,2,2020,17,1,45,45147,1,1,8,3,D2060-PR97+650,47.94122,1.90959
202000008878,1,3,2020,21,5,44,44215,1,1,2,2,PERIPHERIQUE,47.18655,-1.49566
202000008879,1,3,2020,2,5,44,44109,2,1,2,6,Quai Président Wilson,47.1997,-1.5648
202000008880,28,2,2020,23,3,44,44114,1,1,1,6,PERIPHERIQUE ROUTIER,47.26105,-1.61448
202000008881,28,2,2020,1,3,44,44109,1,1,1,6,Chemin du Pont de l'Arche de Mauves,47.2158237,-1.531321
202000008882,25,2,2020,21,5,44,44109,2,1,2,6,Rue du Calvaire,47.21515,-1.5629
202000008883,23,2,2020,17,1,42,42207,2,3,1,3,Rue du Repos,45.46346,4.50087
202000008884,22,2,2020,20,5,42,42218,2,1,1,3,Boulevard Fredo Krumnow,45.440515,4.378801
202000008885,29,2,2020,20,5,38,38185,2,1,2,3,Boulevard Joseph Vallier,45.18007,5.71182
202000008886,1,3,2020,17,1,37,37261,2,2,1,6,DE GAULLE (AVENUE DU GENERAL),47.3814206,0.7029366
202000008887,1,3,2020,6,5,37,37261,2,3,2,3,CHEVALLIER (RUE AUGUSTE),47.3757633,0.6791269
202000008888,28,2,2020,19,5,37,37261,2,7,2,-1,RABELAIS (PLACE),47.3844262,0.6763303
202000008889,28,2,2020,14,1,37,37261,2,1,8,6,GIRAUDEAU (RUE),47.3877972,0.6764634
202000008890,25,2,2020,17,1,35,35238,2,3,3,6,GRIMAULT (BD LEON),48.09131,-1.65487
202000008891,25,2,2020,8,1,35,35238,2,6,1,3,STATION DE METRO POTERIE (AUX ABORDS),48.08766,-1.64502
202000008892,1,3,2020,2,5,34,34172,2,1,2,6,LOGE (RUE DE LA),43.60999,3.8774
202000008893,28,2,2020,19,5,34,34172,2,1,1,3,MAS ARGELLIERS (AVENUE DU),43.58382,3.88784
202000008894,28,2,2020,19,5,34,34172,2,1,8,2,BONNES NOUVELLES (BOULEVARD DE),43.61244,3.88095
202000008895,28,2,2020,13,1,34,34172,2,3,1,7,FLAHAULT (AVENUE CHARLES,43.62135,3.86445
202000008896,22,2,2020,18,2,34,34172,2,1,1,3,KRAFFT (RUE MAURICE ET KATIA),43.6385443,3.8500321
202000008897,27,2,2020,20,5,34,34172,2,1,1,6,BUGAREL (RUE DE,43.59181,3.85023
202000008898,27,2,2020,8,1,34,34172,2,2,2,2,MORSE (RUE SAMUEL),43.60657,3.91337
202000008899,26,2,2020,11,1,34,34172,2,1,1,3,CLEMENCEAU (AVENUE GEORGES),43.6024,3.87023
202000008900,25,2,2020,10,1,34,34172,2,1,1,6,COMMINGES (RUE JEAN-RAIMOND DE),43.5941346,3.8677198
202000008901,25,2,2020,9,1,34,34172,2,1,1,2,SOULAS (AVENUE DU PERE,43.6256639,3.8498197
202000008902,25,2,2020,4,3,34,34129,2,1,1,6,PALAVAS D986 (ROUTE DE),43.57479,3.89684
202000008903,8,2,2020,18,5,33,33063,2,3,1,6,QUAI DES CHARTRONS / CRS DE LA MARTINIQUE,44.85216,-0.56819
202000008904,26,2,2020,15,1,33,33063,2,8,1,6,PCE DE LA VICTOIRE / CRS DE L'ARGONNE,44.83033,-0.57285
202000008905,25,2,2020,19,5,33,33281,2,2,2,3,AVE DE SAINT-MEDARD / RUE PIERRE DE COUBERTIN,44.8622,-0.64512
202000008906,14,2,2020,13,1,33,33063,2,3,1,1,RUE GEORGES BARRES / RUE RENE MAGNE,44.88852,-0.5468
202000008907,25,2,2020,13,1,33,33063,2,4,1,6,PCE DE LA VICTOIRE / CRS DE LA SOMME,44.83055,-0.57237
202000008908,24,2,2020,16,1,33,33069,2,1,1,4,BD GODARD,44.86403,-0.58075
202000008909,14,2,2020,16,1,33,33063,2,2,1,1,RUE CLARE / RUE DU HAMEL,44.8316,-0.56731
202000008910,24,2,2020,18,2,33,33063,2,3,1,2,CRS CHARLES BRICAUD / AVE DE LA JALLERE,44.89491,-0.5657
202000008911,1,3,2020,16,1,33,33529,1,1,1,3,RD1250 - perte de controle de A1 suite casse de la fixation de son siège auto,44.61708,-1.15941
202000008912,29,2,2020,8,1,33,33529,2,1,2,6,DE GAULLE ( AVE CHARLES) 01 AU 85,44.63603,-1.13234
202000008913,28,2,2020,13,1,33,33009,2,1,1,3,59 Bd de la Plage - VTA sort de sa résidence,44.66014,-1.15395
202000008914,24,2,2020,18,1,33,33529,2,6,1,3,GRAILLY (RUE JEAN DE) DU 02 ET +,44.62674,-1.14164
202000008915,27,2,2020,9,1,32,32013,2,2,2,3,SADI-CARNOT (BOULEVARD),43.6437,0.5869
202000008916,28,2,2020,12,1,31,31555,2,4,1,3,PONT DES DEMOISELLES,43.58772,1.46019
202000008917,28,2,2020,2,5,31,31555,2,1,1,1,117 Chemin des Etroits,43.5573,1.44131
202000008918,26,2,2020,18,5,31,31555,2,3,2,3,CHE DE LESTANG,43.56174,1.39493
202000008919,29,2,2020,1,5,30,30007,2,1,1,6,SEMARD (PLACE PIERRE),44.1277,4.0849
202000008920,24,2,2020,9,1,29,29232,2,1,2,6,Venelle de la Glaciere,47.997165,-4.1074213
202000008921,27,2,2020,21,5,29,29019,2,3,1,1,64 Rue Saint-Marc,48.3970043,-4.4705272
202000008922,6,2,2020,8,1,27,27681,2,2,5,3,Av Montgomery / Av des Capucins,49.0887,1.467
202000008923,29,2,2020,0,5,27,27229,2,1,1,6,FOCH (AVENUE DU MARECHAL),49.02344,1.13575
202000008924,27,2,2020,13,1,22,22278,2,1,1,1,WALDECK-ROUSSEAU (BD ET PT),48.50799,-2.75867
202000008925,21,2,2020,21,3,22,22187,2,6,1,3,EUROPE (Rdp de l'),48.5337812,-2.7592915
202000008926,21,2,2020,22,5,21,21617,2,2,1,3,TROYES (DE) (BOULEVARD),47.340204,5.005408
202000008927,1,3,2020,1,5,17,17300,2,6,2,7,NORMANDIN   RUE EMILE,46.15207,-1.14807
202000008928,25,2,2020,9,1,17,17300,2,6,2,7,GASTON PERRIER  ROND POINT,46.138817,-1.154101
202000008929,17,2,2020,22,3,15,15012,1,1,8,6,RD 920,44.86949,2.44493
202000008930,21,2,2020,10,1,14,14366,2,6,1,6,PARIS (ROUTE DE),49.14908,0.252739
202000008931,27,2,2020,16,1,14,14536,2,1,1,6,BOURG (RUE DU),49.4076427,0.2683454
202000008932,28,2,2020,16,1,14,14118,2,1,8,6,CAFFARELLI (COURS),49.18025,-0.3377
202000008933,26,2,2020,0,5,14,14242,2,1,1,6,Route de Caen,49.22266,-0.36833
202000008934,25,2,2020,13,1,13,13054,2,3,1,3,MARECHAL JUIN (AV DU ),43.421332,5.22904
202000008935,24,1,2020,23,3,13,13117,1,1,8,7,D55F,43.46857,5.23402
202000008936,26,2,2020,19,3,30,30032,1,9,1,3,FOURQUES ROUTE DE,43.79967,4.63158
202000008937,27,2,2020,11,1,13,13056,2,7,2,6,CACHIN BOULEVARD MARCEL,43.39952,5.05614
202000008938,28,2,2020,23,5,13,13202,2,1,1,3,ARENC (QUAI D'),43.31321,5.36628
202000008939,28,2,2020,23,5,13,13208,2,2,1,7,RABATAU (BOULEVARD),43.275443,5.395956
202000008940,28,2,2020,20,5,13,13208,2,1,1,7,MAZARGUES (AVENUE DE),43.260278,5.393861
202000008941,28,2,2020,19,5,13,13207,2,1,1,6,SAINTE (RUE),43.29138,5.3698
202000008942,28,2,2020,15,1,13,13210,1,1,1,1,PIERRE DOIZE  (RUE),43.2709328,5.4249287
202000008943,28,2,2020,11,1,13,13208,2,1,1,6,PRADO (AVENUE DU),43.2789,5.38756
202000008944,28,2,2020,11,1,13,13201,2,1,1,6,LÉON GAMBETTA (ALLEE),43.29904,5.38402
202000008945,28,2,2020,7,2,13,13214,2,3,1,3,ANATOLE DE LA FORGE (BOULEVARD),43.33906,5.39213
202000008946,27,2,2020,20,5,13,13211,2,1,1,3,SAINT MENET (AVENUE DE),43.28987,5.49452
202000008947,27,2,2020,19,5,13,13208,2,1,1,3,RABATAU (BOULEVARD),43.276395,5.397453
202000008948,27,2,2020,15,1,13,13210,2,1,2,1,MIREILLE LAUZE (BOULEVARD),43.284487,5.420373
202000008949,26,2,2020,18,5,13,13212,2,1,1,3,CHARLES KADDOUZ (RUE),43.31359,5.43175
202000008950,25,2,2020,15,1,13,13206,2,1,1,6,ITALIE (RUE D'),43.29041,5.38183
202000008951,27,2,2020,16,1,13,13047,1,9,1,3,TRANSHUMANCE ROND POINT DE LA,43.52779,4.96121
202000008952,29,2,2020,10,1,12,12202,2,4,1,1,PEYRINIE (AVENUE DE LA),44.37281,2.54292
202000008953,27,2,2020,11,1,11,11262,2,1,1,2,POMPIDOR (AVENUE),43.18223,2.97905
202000008954,24,2,2020,12,1,11,11262,1,1,1,2,RD 6009 NARBONNE - PERPIGNAN,43.180142,2.967478
202000008955,24,2,2020,6,5,11,11262,2,1,1,3,PYRENEES (PLACE ET AVENUE),43.18265,2.99777
202000008956,29,2,2020,4,5,11,11069,2,1,1,1,JOLIOT CURIE -BD IRENE FREDERIC- PAIRS,43.21616,2.36334
202000008957,21,2,2020,19,5,11,11069,2,1,1,1,REILLE -CHEMIN DE LA- PAIRS,43.2276603,2.3447442
202000008958,26,2,2020,14,1,10,10387,2,1,1,1,JACQUIN (RUE),48.30433,4.08252
202000008959,25,2,2020,15,1,10,10387,2,1,1,2,MARECHAL DE LATTRE DE TASSIGNY (RUE DU),48.3025,4.1016
202000008960,1,3,2020,19,5,06,06088,2,1,1,6,GAMBETTA (A PARTIR DU N° 63-74),43.70312,7.25615
202000008961,28,2,2020,18,5,06,06088,2,1,1,3,LEPANTE (R. DE),43.7054,7.2691
202000008962,28,2,2020,16,1,06,06088,2,1,1,3,SOLA (BD PIERRE),43.706805,7.287475
202000008963,27,2,2020,13,1,06,06029,2,1,1,3,AURELIENNE (RUE),43.55129,6.97619
202000008964,1,3,2020,19,5,06,06027,2,1,1,6,PASQUALINI RUE J.P.,43.6607,7.1488
202000008965,26,2,2020,21,3,05,05061,1,1,4,1,D994,44.5529,6.03478
202000008966,24,2,2020,17,1,05,05061,2,1,1,2,LUYE ( ROUTE DE LA ),44.53388,6.06171
202000008967,25,2,2020,14,1,05,05023,2,3,1,3,DAUPHINE (AVENUE DU),44.90344,6.63014
202000008968,14,2,2020,16,1,04,04070,1,1,1,3,RN 85,44.04868,6.20374
202000008969,29,2,2020,19,5,03,03185,2,1,2,2,Rue Pierre Semard,46.3318849,2.6019763
202000008970,3,3,2020,10,1,75,75120,2,1,1,2,BOULEVARD PERIPHERIQUE EXTERIEUR NORD  ,48.876534,2.409645
202000008971,29,2,2020,13,1,75,75112,2,1,2,2,PORTE DOREE,48.827141,2.39103
202000008972,28,2,2020,16,1,75,75112,2,4,2,4,ECHANGEUR BERCY,48.826688,2.391825
202000008973,28,2,2020,12,1,75,75116,2,4,1,2,BOULEVARD PERIPHERIQUE,48.877621,2.280294
202000008974,28,2,2020,9,1,75,75116,2,1,1,4,BOULEVARD PERIPHERIQUE,48.861934,2.2646
202000008975,28,2,2020,8,1,75,75113,2,1,1,3,PORTE D ITALIE,48.818397,2.369347
202000008976,28,2,2020,8,1,75,75119,2,1,1,4,BOULEVARD PERIPHERIQUE,48.879032,2.408116
202000008977,27,2,2020,21,5,75,75116,2,1,1,4,ECHANGEUR MUETTE,48.862014,2.264393
202000008978,27,2,2020,20,5,75,75116,2,1,1,6,"PORTE DE PASSY,",48.857246,2.258489
202000008979,26,2,2020,8,1,75,75119,2,1,2,4,PORTE DE PANTIN,48.895385,2.394802
202000008980,26,2,2020,9,1,75,75113,2,1,7,7,PORTE D ITALIE,48.817356,2.354566
202000008981,25,2,2020,18,2,75,75116,2,1,2,4,PORTE MAILLOT,48.876323,2.278525
202000008982,25,2,2020,9,1,75,75117,2,1,1,4,PORTE D ASNIERES,48.894561,2.305409
202000008983,24,2,2020,23,5,75,75117,2,1,1,2,PORTE D ASNIERES,48.893172,2.303521
202000008984,23,2,2020,20,5,75,75118,2,1,2,2,PORTE DE CLIGNANCOURT,48.901104,2.346646
202000008985,29,2,2020,19,5,75,75104,2,2,2,6,QUAI DE L HOTEL DE VILLE,48.853319,2.357813
202000008986,27,2,2020,13,1,75,75107,2,1,6,6,QUAI BRANLY,48.861459,2.297313
202000008987,3,3,2020,16,1,75,75113,2,3,8,3,QUAI PANHARD ET LEVASSOR,48.831123,2.381168
202000008988,28,2,2020,17,1,75,75106,2,3,1,6,RUE DE RENNES,48.845657,2.32561
202000008989,28,2,2020,7,1,75,75106,2,1,1,3,QUAI MALAQUAIS,48.858019,2.334324
202000008990,26,2,2020,18,2,75,75106,2,2,1,-1,RUE DE VAUGIRARD,48.847347,2.327936
202000008991,3,3,2020,9,1,75,75120,2,3,1,1,RUE D AVRON,48.852945,2.407473
202000008992,2,3,2020,19,5,75,75120,2,1,8,6,RUE DE MENILMONTANT,48.867733,2.385828
202000008993,2,3,2020,9,1,75,75120,2,4,2,6,AVENUE DU PROFESSEUR ANDRE LEMIERE,48.858721,2.414712
202000008994,28,2,2020,10,1,75,75120,2,2,8,3,AVENUE DE LA PORTE DE BAGNOLET,48.864781,2.41011
202000008995,27,2,2020,18,1,75,75120,2,1,1,6,RUE DES PYRENEES,48.853274,2.405972
202000008996,25,2,2020,11,1,75,75120,2,2,8,6,BOULEVARD DE MENILMONTANT,48.864165,2.386155
202000008997,25,2,2020,7,5,75,75120,2,1,2,-1,RUE DE BELLEVILLE,48.876711,2.404963
202000008998,3,3,2020,17,1,75,75119,2,3,1,3,QUAI DE LA SEINE,48.8888239,2.3788924
202000008999,28,2,2020,8,1,75,75119,2,1,1,3,BOULEVARD SERURIER,48.878637,2.402223
202000009000,27,2,2020,19,5,75,75119,2,3,8,3,RUE DE TANGER,48.884863,2.367406
202000009001,26,2,2020,16,1,75,75119,2,2,7,3,BOULEVARD SERURIER,48.87725,2.406798
202000009002,25,2,2020,19,5,75,75119,2,2,2,6,RUE ARCHEREAU,48.892152,2.375097
202000009003,25,2,2020,13,1,75,75119,2,1,2,6,AVENUE DE FLANDRE,48.886618,2.371994
202000009004,3,3,2020,19,5,75,75118,2,1,8,6,RUE MARX DORMOY,48.885439,2.359364
202000009005,29,2,2020,12,1,75,75118,2,7,2,6,BOULEVARD DE CLICHY,48.88388,2.332818
202000009006,29,2,2020,12,1,75,75118,2,1,8,3,RUE CHAMPIONNET,48.893376,2.329031
202000009007,27,2,2020,17,2,75,75118,2,2,1,-1,BOULEVARD BARBES,48.883851,2.34946
202000009008,1,3,2020,23,5,75,75117,2,5,1,-1,BOULEVARD BESSIERES,48.897617,2.324139
202000009009,29,2,2020,22,5,75,75117,2,1,1,3,RUE TOULOUSE LAUTREC,48.900937,2.327704
202000009010,28,2,2020,14,1,75,75117,2,1,2,-1,RUE BOURSAULT,48.886384,2.317439
202000009011,27,2,2020,18,4,75,75117,2,1,2,6,BOULEVARD BERTHIER,48.893939,2.31284
202000009012,27,2,2020,16,1,75,75116,2,1,6,6,RUE DE PASSY,48.858158,2.275069
202000009013,27,2,2020,12,1,75,75108,2,3,2,2,AVENUE DES CHAMPS ELYSEES,48.86824,2.312364
202000009014,27,2,2020,0,5,75,75108,2,3,1,2,AVENUE GEORGE V,48.871941,2.300857
202000009015,26,2,2020,18,5,75,75117,2,1,1,6,RUE DES BATIGNOLLES,48.886242,2.318773
202000009016,25,2,2020,1,5,75,75117,2,2,2,6,BOULEVARD BERTHIER,48.890134,2.303813
202000009017,2,3,2020,22,5,75,75116,2,2,1,3,AVENUE DE L HIPPODROME,48.862279,2.238321
202000009018,2,3,2020,14,1,75,75116,2,2,1,3,RUE DE LA POMPE,48.859547,2.275201
202000009019,28,2,2020,15,1,75,75116,2,1,2,6,RUE BOISSIERE,48.869062,2.286288
202000009020,26,2,2020,20,5,75,75116,2,4,1,3,RUE POUSSIN,48.848565,2.262081
202000009021,28,2,2020,9,1,75,75116,2,7,1,6,BOULEVARD FLANDRIN,48.864192,2.272405
202000009022,27,2,2020,11,1,75,75116,2,2,2,6,RUE DE LUBECK,48.8639279,2.2905126