Num_Acc,jour,mois,an,hr,condition_eclairage,departement,commune,condition_agglomeration,intersection,condition_atmosphere,type_collision,adresse,lattitude,longitude
202000009023,25,2,2020,10,1,75,75108,2,5,1,3,RUE DE COURCELLES,48.876383,2.307866
202000009024,3,3,2020,19,3,75,75115,2,2,1,2,RUE BRANCION,48.834721,2.305189
202000009025,29,2,2020,21,5,75,75115,2,2,1,3,BOULEVARD DU MONTPARNASSE,48.845079,2.320124
202000009026,29,2,2020,21,4,75,75115,2,1,1,6,RUE DE VAUGIRARD,48.836789,2.295608
202000009027,27,2,2020,9,1,75,75115,2,1,2,3,RUE DESNOUETTES,48.83588,2.287363
202000009028,27,2,2020,7,2,75,75115,2,2,3,6,RUE DE LOURMEL,48.842159,2.28558
202000009029,25,2,2020,20,5,75,75115,2,2,1,5,RUE DE LA CONVENTION,48.84216,2.285581
202000009030,25,2,2020,19,5,75,75115,2,2,2,6,RUE CAMBRONNE,48.842619,2.302708
202000009031,24,2,2020,8,1,75,75115,2,5,1,6,RUE GASTON BOISSIER,48.829723,2.295697
202000009032,2,3,2020,17,1,75,75114,2,3,1,4,AVENUE DAVID WEILL,48.8213288,2.3338018
202000009033,2,3,2020,9,1,75,75114,2,2,2,6,Avenue Reille,48.8244759,2.3383337
202000009034,29,2,2020,12,1,75,75114,2,7,8,5,PLACE SAINT JACQUES,48.83357,2.336324
202000009035,28,2,2020,11,1,75,75114,2,3,1,6,RUE D ALESIA,48.828713,2.324302
202000009036,27,2,2020,23,5,75,75114,2,3,1,3,BOULEVARD RASPAIL,48.840584,2.330114
202000009037,3,3,2020,23,5,75,75113,2,2,1,7,BOULEVARD VINCENT AURIOL,48.8345722,2.3673847
202000009038,2,3,2020,13,1,75,75113,2,3,1,3,AVENUE D IVRY,48.8256673,2.3610063
202000009039,28,2,2020,0,5,75,75113,2,7,1,3,BOULEVARD DE L HOPITAL,48.843716,2.364635
202000009040,27,2,2020,18,2,75,75113,2,3,1,3,BOULEVARD MASSENA,48.823365,2.375037
202000009041,3,3,2020,15,1,75,75112,2,1,1,3,PORT HENRI IV,48.845926,2.366172
202000009042,2,3,2020,11,1,75,75112,2,7,2,6,RUE LAMBLARDIE,48.83971,2.396153
202000009043,1,3,2020,3,5,75,75112,2,1,1,6,RUE SAINT MARTIN,48.84755,2.375497
202000009044,25,2,2020,13,1,75,75112,2,1,2,2,AVENUE DU GENERAL MICHEL BIZOT,48.838858,2.404149
202000009045,2,3,2020,9,1,75,75111,2,3,3,3,RUE RICHARD LENOIR,48.855833,2.381592
202000009046,1,3,2020,3,3,75,75111,2,3,2,6,RUE DE CHARONNE,48.855939,2.392367
202000009047,29,2,2020,17,1,75,75111,2,1,2,3,AVENUE PARMENTIER,48.861017,2.377955
202000009048,28,2,2020,0,5,75,75111,2,3,1,5,RUE DE LA ROQUETTE,48.855525,2.374438
202000009049,27,2,2020,11,1,75,75111,2,1,2,3,AVENUE DE LA REPUBLIQUE,48.864842,2.376799
202000009050,25,2,2020,13,1,75,75111,2,3,8,-1,RUE DE LA ROQUETTE,48.859122,2.385928
202000009051,1,3,2020,3,5,75,75110,2,2,2,-1,BOULEVARD SAINT DENIS,48.86905,2.355433
202000009052,27,2,2020,18,5,75,75110,2,3,1,6,BOULEVARD DE BONNE NOUVELLE,48.870145,2.350502
202000009053,2,3,2020,15,1,75,75109,2,3,2,3,RUE DU FAUBOURG POISSONNIERE,48.8730564,2.3479253
202000009054,2,3,2020,10,1,75,75109,2,2,2,6,RUE RICHER,48.874015,2.347893
202000009055,16,9,2020,7,1,78,78126,1,1,1,2,A13,48.838554,2.122031
202000009056,16,9,2020,9,1,93,93078,1,1,1,2,AUTOROUTE A104,48.9672892,2.5119989
202000009057,16,9,2020,7,1,93,93064,1,1,1,3,AUTOROUTE A86,48.87917,2.47631
202000009058,15,9,2020,22,3,95,95582,1,1,1,2,A15,48.96494,2.26079
202000009059,16,9,2020,19,1,94,94028,1,1,1,4,A86 EXT,48.7838384,2.4405909
202000009060,16,9,2020,8,1,77,77337,1,1,1,-1,A4,48.82996,2.61721
202000009061,16,9,2020,8,1,94,94042,1,1,1,4,A4,48.82823,2.47385
202000009062,10,7,2020,22,5,64,64024,2,1,1,2,BAYONNE (AVENUE DE),43.48093,-1.51233
202000009063,26,2,2020,19,5,75,75111,2,3,1,3,AVENUE PARMENTIER,48.868348,2.372255
202000009064,26,2,2020,13,1,75,75108,2,7,2,7,PLACE DE LA MADELEINE,48.869245,2.323903
202000009065,10,7,2020,15,1,93,93027,1,1,1,6,AUTOROUTE A86,48.9268564,2.4053173
202000009066,15,9,2020,13,1,974,97416,2,1,1,6,ARCHAMBAUD (RUE),-21.32739,55.48233
202000009067,15,9,2020,18,2,973,97302,2,1,2,6,TIGRE (ROUTE DU),4.9122412,-52.3082256
202000009068,16,9,2020,0,5,69,69386,2,2,1,3,GARIBALDI                           (R ),45.7712,4.8501
202000009069,15,9,2020,23,5,69,69388,2,2,1,3,ETATS UNIS (DES)                    (BD),45.7294146,4.8677242
202000009070,15,9,2020,17,1,69,69386,2,3,1,3,DUQUESNE                            (R ),45.77315,4.84981
202000009071,15,9,2020,15,1,69,69387,2,1,1,2,JULES CARTERET                      (BD),45.7258141,4.8440357
202000009072,15,9,2020,15,1,69,69276,2,6,1,6,VENISSIEUX (DE)                         ,45.68339,4.87045
202000009073,15,9,2020,1,5,69,69387,2,1,1,7,GUILLOTIERE (DE LA)                 (PT),45.7565402,4.8392334
202000009074,15,9,2020,23,5,69,69389,2,1,1,3,ABBE PIERRE                        (PL),45.7863069,4.7961605
202000009075,15,9,2020,20,5,69,69389,2,1,1,6,ROSA PARKS                        (AV),45.78673,4.79141
202000009076,15,9,2020,8,2,69,69381,2,2,1,3,ALGERIE (D')                        (R ),45.7672354,4.8309503
202000009077,28,8,2020,17,1,971,97107,2,1,1,6,MARQUISAT ( ROUTE DE ),16.04093,-61.56664
202000009078,15,9,2020,17,1,95,95280,2,1,1,6,Avenue de Montmorency,49.03015,2.455264
202000009079,15,9,2020,18,1,91,91549,2,1,1,6,FREDERIC HENRI MANHES (RUE),48.6373713,2.343631
202000009080,15,9,2020,13,1,91,91549,2,1,1,2,JACQUES DUCLOS (AVENUE),48.635073,2.346666
202000009081,14,9,2020,20,2,91,91223,2,1,1,6,MAI 1945 (AVENUE DU 8),48.44109,2.1466
202000009082,15,9,2020,17,1,91,91201,2,1,1,6,GENERAL DE GAULLE(BOULEVARD),48.687035,2.400078
202000009083,16,9,2020,0,5,91,91174,2,1,1,7,GEORGES LEDU,48.595558,2.471264
202000009084,15,9,2020,6,5,91,91552,2,1,1,4,RN 20,48.6117,2.25362
202000009085,10,9,2020,16,1,91,91021,2,1,1,4,VERDUN (AVENUE DE),48.57707,2.23832
202000009086,11,9,2020,23,5,86,86194,2,2,1,1,Route de Parthenay,46.599619,0.321355
202000009087,13,9,2020,16,1,85,85194,2,2,1,3,CASTELNEAU (BOULEVARD DE),46.49534,-1.77681
202000009088,15,9,2020,9,1,83,83137,2,1,1,2,CHAMP DE MARS (PLACE / JARDIN DU),43.122,5.94
202000009089,15,9,2020,8,1,83,83137,2,3,1,3,PICOT (AVE DU COLONEL),43.12806,5.96446
202000009090,14,9,2020,17,1,83,83137,2,9,1,5,MARSEILLE (ROUTE DE),43.1287054,5.8884282
202000009091,14,9,2020,8,1,83,83137,2,3,1,3,PICOT (AVE DU COLONEL),43.12596,5.959037
202000009092,14,9,2020,9,1,83,83137,2,1,1,3,INFANTERIE DE MARINE (AVE D'),43.11475,5.93523
202000009093,15,9,2020,16,1,78,78481,2,1,1,1,CHARLES DE GAULLE (AVENUE),48.89318,2.10469
202000009094,15,9,2020,1,5,76,76351,2,1,1,7,ALBERT 1ER,49.49609,0.093475
202000009095,14,9,2020,16,1,76,76341,2,1,1,3,BAT DE L'ORGE,49.50579,0.20035
202000009096,14,9,2020,19,2,67,67267,2,8,1,6,GARE (RUE DE LA),48.559592,7.678713
202000009097,14,9,2020,20,5,67,67482,2,3,1,3,NEUHOF (ROUTE),48.5518286,7.7660838
202000009098,14,9,2020,14,1,67,67482,2,3,1,2,PAPETERIE (RUE DE LA),48.6108253,7.7822296
202000009099,14,9,2020,22,5,66,66136,2,3,1,3,GAULLE (AVENUE GENERAL DE),42.69784,2.88581
202000009100,14,9,2020,4,5,66,66136,2,1,1,6,ESCARGUEL (COURS LAZARE),42.69872,2.88715
202000009101,15,9,2020,8,1,64,64024,2,1,2,7,HAUSQUETTE (RUE DE),43.48827,-1.51274
202000009102,18,8,2020,12,1,63,63164,2,1,1,4,MITTERRAND ( Avenue François),45.8176901,3.1539807
202000009103,14,9,2020,8,1,63,63124,2,3,1,5,GARE (AVENUE DE LA),45.73864,3.18388
202000009104,6,9,2020,22,5,63,63113,2,2,1,3,PLANCHETTES (RUE DES),45.7984769,3.107421
202000009105,14,9,2020,17,1,61,61006,2,1,1,2,7 rue Pierre Beregovoy,48.750087,-0.013649
202000009106,14,9,2020,17,1,59,59599,2,1,1,3,FOREST (CHAUSSEE FERNAND),50.73564,3.147581
202000009107,15,9,2020,9,1,59,59009,2,1,1,1,BRIGODE AVENUE DE,50.62938,3.17051
202000009108,11,9,2020,10,1,57,57672,2,1,1,6,ALBERT 1ER (AVENUE) - IMPAIR,49.36475,6.16906
202000009109,14,9,2020,10,1,56,56121,2,2,1,3,COSMAO-DUMANOIR ( BD ),47.75259,-3.37724
202000009110,14,9,2020,9,1,53,53034,2,1,1,3,MAINE ( RUE DU ),48.07128,-0.70082
202000009111,9,9,2020,16,1,53,53130,2,1,1,6,AIGLON ( RUE DE ),48.06381,-0.75141
202000009112,15,9,2020,13,1,51,51454,2,1,1,7,Avenue de l’Europe,49.2505415,4.0652043
202000009113,15,9,2020,7,1,51,51454,2,2,1,3,Avenue de Paris,49.2489988,4.0152154
202000009114,15,9,2020,8,1,51,51454,2,2,1,3,Allée du Vignoble,49.2225493,4.0141563
202000009115,1,9,2020,15,1,49,49328,2,1,1,2,DAVID D'ANGERS (AVENUE),47.26828,-0.06997
202000009116,12,9,2020,19,1,49,49007,2,1,1,1,GATS,47.47312,-0.51583
202000009117,15,9,2020,9,1,46,46042,2,1,1,6,JACOBINS (RUE DES),44.44,1.44
202000009118,15,9,2020,17,1,45,45286,2,2,1,3,Rue de la Porte Rouge-RUE DE LA CERISAILLE,47.8860831,1.9388496
202000009119,15,9,2020,13,1,45,45302,1,1,1,2,D952002 - Tangentielle,47.92967,1.8768429
202000009120,14,9,2020,17,1,45,45004,2,3,1,2,DOCTEUR SCHWEITZER (RUE DU),47.99967,2.75622
202000009121,26,8,2020,18,1,42,42218,2,3,1,3,Boulevard Louis Neltner,45.461853,4.414415
202000009122,15,9,2020,14,1,41,41018,2,3,1,3,BESNARD (QUAI ULYSSE),47.578085,1.321115
202000009123,14,9,2020,12,1,37,37261,2,1,1,3,HEURTELOUP (BOULEVARD),47.3914235,0.6965664
202000009124,14,9,2020,17,1,37,37233,2,1,7,2,BONNIN (AVENUE JEAN),47.3951444,0.7148855
202000009125,14,9,2020,9,1,37,37208,2,1,1,2,DE GAULLE (AV. DU GAL),47.3596603,0.7445306
202000009126,15,9,2020,8,1,35,35238,2,1,1,4,LORIENT (DE),48.10708,-1.71854
202000009127,15,9,2020,9,1,33,33063,2,3,1,3,AVE DU GENERAL LECLERC CAUD,44.85297,-0.60927
202000009128,15,9,2020,8,1,33,33065,2,3,1,5,RTE DE LATRESNE,44.81192,-0.50662
202000009129,14,9,2020,17,1,31,31555,1,1,1,4,D980,43.5983,1.36428
202000009130,14,9,2020,16,1,30,30243,2,6,1,2,GAULLE (AVENUE DU GAL DE),44.0931,4.0791
202000009131,10,9,2020,13,1,29,29151,2,3,1,1,Quai de Tréguier,48.58784,-3.837
202000009132,15,9,2020,18,1,29,29019,2,4,1,1,Boulevard Léon Blum,48.40262,-4.48425
202000009133,13,9,2020,7,2,28,28332,1,1,5,6,D 308,48.7318,1.4022
202000009134,15,9,2020,11,1,26,26362,2,3,1,2,69 Avenue Leon Gambetta,44.93043,4.889962
202000009135,14,9,2020,15,1,26,26198,2,6,1,3,rond point Appel du 18 juin 1940,44.5583,4.74547
202000009136,16,9,2020,1,5,25,25230,2,1,1,4,SOCHAUX (RUE DE),47.50086,6.84222
202000009137,11,9,2020,12,1,17,17306,2,1,1,2,D25,45.63784,-1.01978
202000009138,15,9,2020,13,1,17,17300,2,7,1,6,MOTTE ROUGE    PLACE DE LE COMM,46.15557,-1.1489
202000009139,14,9,2020,20,2,14,14118,2,2,1,3,JUIN (BOULEVARD MARECHAL),49.20857,-0.37665
202000009140,14,9,2020,17,1,14,14101,2,1,1,3,ECHANGEUR N° 9 ( PORTE DE BRETAGNE ),49.1648833,-0.42835
202000009141,14,9,2020,9,1,14,14118,2,2,1,3,AUTHIE (N°106 PAIRS - 115 IMPAIRS),49.18585,-0.39039
202000009142,15,9,2020,16,1,13,13211,2,1,1,1,LÉON BANCAL (RUE),43.287646,5.480513
202000009143,15,9,2020,12,1,13,13212,2,1,1,2,CHARLES KADDOUZ (RUE),43.3118779,5.4294777
202000009144,14,9,2020,14,1,13,13206,2,2,1,2,DRAGON (RUE),43.288248,5.380344
202000009145,14,9,2020,11,1,13,13205,2,2,1,3,ALGER (RUE D'),43.28931,5.38911
202000009146,15,9,2020,21,5,13,13047,2,3,1,7,GRIGNAN BOULEVARD DE,43.5155682,4.9829596
202000009147,15,9,2020,8,1,13,13028,2,1,1,6,CAPORAL CHEF ALAIN DERUY (AVENUE DU),43.19022,5.60413
202000009148,15,9,2020,8,1,11,11069,1,1,1,5,ROCADE EST,43.217702,2.382474
202000009149,13,9,2020,19,1,11,11069,1,1,1,3,RD 104,43.19816,2.34885
202000009150,13,9,2020,18,1,07,07102,1,6,1,3,Chemin des MULETS,44.92782,4.85969
202000009151,15,9,2020,18,1,07,07019,2,4,1,3,AMPERE RUE,44.608776,4.392324
202000009152,14,9,2020,21,5,06,06088,2,1,1,3,CESSOLE (BD DE) (JUSQU'AU N° 93-110),43.716513,7.253363
202000009153,15,9,2020,15,1,06,06069,2,1,1,2,LIBERATION (AVENUE DE LA),43.64079,6.91014
202000009154,15,9,2020,7,2,06,06069,2,1,1,3,CHENES (CHEMIN DES),43.640809,6.912535
202000009155,12,9,2020,11,1,06,06029,2,1,1,6,DOZOL (AVENUE ANTHONY),43.55168,6.97143
202000009156,15,9,2020,17,1,06,06027,2,1,1,6,PAGNOL AVENUE MARCEL,43.6701,7.1506
202000009157,15,9,2020,18,1,75,75116,2,1,1,3,BOULEVARD PERIPHERIQUE,48.873578,2.275295
202000009158,15,9,2020,2,5,75,75119,2,1,1,6,BOULEVARD PERIPHERIQUE,48.900425,2.390207
202000009159,14,9,2020,8,1,75,75120,2,1,1,4,PORTE DE MONTREUIL,48.85724,2.414025
202000009160,15,9,2020,10,1,75,75112,2,3,1,3,BOULEVARD DE LA BASTILLE,48.84878,2.368024
202000009161,14,9,2020,12,1,75,75105,2,1,1,6,RUE GAY LUSSAC,48.842917,2.342738
202000009162,15,9,2020,18,1,75,75120,2,1,1,6,RUE PELLEPORT,48.871579,2.39856
202000009163,15,9,2020,11,1,75,75120,2,1,1,3,RUE DES PYRENEES,48.872271,2.39148
202000009164,15,9,2020,11,1,75,75120,2,2,1,3,RUE DES PYRENEES,48.869944,2.394535
202000009165,15,9,2020,16,1,75,75119,2,2,1,3,AVENUE DE FLANDRE,48.888463,2.373865
202000009166,15,9,2020,12,1,75,75119,2,1,1,2,AVENUE DE FLANDRE,48.884822,2.369409
202000009167,15,9,2020,7,2,75,75119,2,4,1,3,PASSAGE DES MAUXINS,48.877812,2.405524
202000009168,15,9,2020,10,1,75,75118,2,3,1,3,RUE DE L EVANGILE,48.895808,2.371308
202000009169,15,9,2020,1,5,75,75118,2,2,1,3,BOULEVARD BARBES,48.891066,2.349596
202000009170,14,9,2020,23,5,75,75118,2,3,1,3,BOULEVARD DE CLICHY,48.882864,2.336196
202000009171,14,9,2020,13,1,75,75117,2,1,1,2,"AVENUE DE WAGRAM,",48.882885,2.301664
202000009172,15,9,2020,9,1,75,75116,2,1,1,-1,BOULEVARD MURAT,48.847374,2.258618
202000009173,15,9,2020,20,5,75,75113,2,1,1,3,RUE JEANNE D ARC,48.830977,2.366801
202000009174,15,9,2020,8,1,75,75113,2,1,1,6,AVENUE D ITALIE,48.82174,2.35867
202000009175,15,9,2020,1,3,75,75111,2,1,1,2,AVENUE DE LA REPUBLIQUE,48.865065,2.375664
202000009176,15,9,2020,19,2,75,75110,2,3,1,3,RUE DE LA GRANGE AUX BELLES,48.875171,2.367185
202000009177,15,9,2020,11,1,75,75110,2,4,1,3,AVENUE CLAUDE VELLEFAUX,48.874057,2.370329
202000009178,15,9,2020,19,5,75,75116,2,3,1,3,PLACE DE L ALMA,48.864183,2.301561
202000009179,15,9,2020,18,1,75,75108,2,7,1,1,AVENUE FRANKLIN D ROOSEVELT,48.868283,2.309996
202000009180,15,9,2020,16,1,75,75108,2,7,1,3,PLACE DE LA CONCORDE,48.866663,2.322043
202000009181,14,9,2020,9,1,75,75108,2,7,1,2,PLACE CHARLES DE GAULLE,48.8738159,2.2959058
202000009182,14,9,2020,21,5,75,75101,2,1,1,7,RUE DE RIVOLI,48.864517,2.329962
202000009183,15,9,2020,12,1,94,94080,2,1,1,6,CHATEAU (AV DU),48.84648,2.43659
202000009184,15,9,2020,9,1,94,94046,2,1,1,3,REPUBLIQUE (AV DE LA),48.8041,2.4371
202000009185,15,9,2020,7,1,94,94028,2,1,1,6,GAULLE(AVENUE DU GENERAL DE),48.7977,2.44848
202000009186,14,9,2020,18,1,94,94019,2,4,1,3,SUCY (R DE),48.78756,2.52052
202000009187,14,9,2020,14,1,94,94017,2,1,1,4,SALVADOR ALLENDE (AV),48.80941,2.54518
202000009188,14,9,2020,19,1,93,93066,2,1,1,2,SAINT OUEN (QUAI DE ),48.9267483,2.3378244
202000009189,13,9,2020,14,1,93,93066,2,1,1,2,R MAURICE THOREZ ,48.94055,2.34587
202000009190,15,9,2020,13,1,93,93064,2,2,1,6,QUATRIEME ZOUAVES (RUE DU),48.8742441,2.4824741
202000009191,15,9,2020,17,1,93,93055,2,1,1,3,JEAN LOLIVE (AVENUE)(137/FIN ET 134/FIN),48.89332,2.41369
202000009192,15,9,2020,13,1,93,93055,2,3,1,3,JULES AUFFRET (51/FIN ET 56/FIN),48.8875,2.4103
202000009193,15,9,2020,16,1,93,93008,2,9,1,3,BARBUSSE (AVENUE HENRI) A30,48.9081647,2.4268276
202000009194,15,9,2020,18,1,93,93048,2,1,1,1,ANATOLE FRANCE (RUE),48.86193,2.46195
202000009195,14,9,2020,16,1,93,93006,2,1,1,2,AV GAMBETTA,48.8695,2.4161
202000009196,14,9,2020,10,1,93,93006,2,2,1,3,R SADI CARNOT / R LAHAYE ADELAIDE,48.86726,2.41819
202000009197,15,9,2020,15,1,93,93031,2,9,1,-1,AV DE LA REPUBLIQUE,48.94799,2.33871
202000009198,15,9,2020,9,1,93,93072,2,3,1,3,R D'AMIENS / R DU COLONEL ROL TANGUY,48.958054,2.36584
202000009199,15,9,2020,8,1,93,93029,2,1,1,3,SEDOV,48.9222716,2.4211883
202000009200,14,9,2020,19,2,93,93029,2,7,7,6,REPUBLIQUE (DE LA) N° 1-161,48.9216,2.44411
202000009201,15,9,2020,15,1,93,93010,1,1,1,6,VARAGNAT (AVENUE HENRI),48.9126201,2.4817678
202000009202,15,9,2020,18,1,93,93008,2,3,1,2,VARSOVIE (RUE DE),48.9093331,2.4731653
202000009203,14,9,2020,21,5,92,92022,2,1,1,3,PAVE DES GARDES (RUE DU),48.80547,2.18455
202000009204,15,9,2020,8,1,92,92024,2,2,1,2,CLICHY (QUAI DE) DE (8 A 60),48.9034623,2.2895532
202000009205,15,9,2020,15,1,92,92002,2,6,1,3,CHATENAY (RUE DE),48.761289,2.290944
202000009206,15,9,2020,18,1,22,22339,1,1,2,1,D2,48.509412,-2.08045
202000009207,15,9,2020,17,1,37,37175,2,3,1,3,Rue du Clos,47.546693,0.7502022
202000009208,6,8,2020,18,1,87,87125,1,2,7,4,Quatre Routes,45.915355,1.335944
202000009209,16,9,2020,14,1,41,41194,2,9,1,2,Avenue de Villefranche,47.340054,1.749409
202000009210,15,9,2020,16,1,43,43183,1,1,1,1,RN102,45.1389729,3.626462
202000009211,16,9,2020,9,1,63,63143,1,2,1,3,D223,46.028443,3.248402
202000009212,15,9,2020,8,1,28,28006,1,2,1,3,Intersection RD 923 - RD 343,48.435675,1.414468
202000009213,15,9,2020,14,1,91,91665,2,1,1,2,n20,48.652581,2.273006
202000009214,16,9,2020,4,3,65,65153,1,1,1,7,D21,43.237371,0.201101
202000009215,16,9,2020,13,1,72,72008,1,1,1,3,315 Avenue Nationale,47.913532,0.176035
202000009216,16,9,2020,7,1,50,50458,1,1,1,7,La Carrière,49.343817,-1.273706
202000009217,16,9,2020,16,1,30,30232,1,1,1,6,D23,44.175229,4.483243
202000009218,13,9,2020,17,1,74,74190,1,1,1,1,Chemin Rural de la Biolle,46.088211,6.663288
202000009219,16,9,2020,13,1,2A,2A130,2,1,1,6,Grosseto-Prugna,41.890977,8.804104
202000009220,16,9,2020,13,1,82,82127,1,1,1,1,D957,44.183193,1.084406
202000009221,15,9,2020,17,1,69,69162,1,3,1,1,D43,46.112159,4.64197
202000009222,14,9,2020,18,1,61,61095,1,2,1,3,D25,48.706718,-0.637282
202000009223,15,9,2020,10,1,12,12142,1,1,1,1,D994,44.397011,2.370225
202000009224,15,9,2020,16,1,25,25535,1,1,1,5,D492,47.132929,6.216309
202000009225,13,9,2020,10,1,29,29206,1,1,1,7,Lieu Dit Brengoel,48.621172,-4.193484
202000009226,16,9,2020,15,1,02,02012,1,1,1,1,D6,49.323654,3.421919
202000009227,14,9,2020,17,1,01,01034,2,3,1,2,493 Route de Saint Germain,45.756861,5.673789
202000009228,15,9,2020,17,1,70,70442,1,1,1,6,D27,47.646999,5.754059
202000009229,14,9,2020,20,3,58,58223,1,1,1,7,D978,47.021483,3.526922
202000009230,16,9,2020,20,1,72,72223,2,1,1,3,Rue du 11 Novembre,47.865877,-0.100746
202000009231,12,9,2020,10,1,72,72046,1,1,1,6,Départementale 357,47.984234,0.501637
202000009232,16,9,2020,16,1,50,50085,1,2,1,5,Route du Village Adam,48.915823,-1.533
202000009233,15,9,2020,17,1,60,60173,1,1,1,3,D12,49.258941,2.388947
202000009234,15,9,2020,20,3,27,27698,1,1,1,7,Route de la Neuville,49.171141,0.868306
202000009235,15,9,2020,11,1,17,17385,1,1,1,-1,Route des Allards,45.952284,-1.251326
202000009236,15,9,2020,11,1,37,37281,2,3,1,6,68 Rue de la Vallée Coquette,47.421361,0.7824536
202000009237,9,9,2020,22,3,37,37167,1,1,1,6,215 La Riandiere,47.5528686,0.549084
202000009238,13,9,2020,8,1,68,68375,1,1,1,7,RN 66,47.773476,7.222084
202000009239,16,9,2020,9,1,78,78575,1,6,1,6,16 Rue Jean Jaures,48.719759,2.088915
202000009240,15,9,2020,12,1,13,13044,2,1,1,3,33 Cours Camille Pelletan,43.606771,5.064059
202000009241,16,9,2020,14,1,82,82037,1,9,1,2,A20,44.1437172,1.5026285
202000009242,12,9,2020,14,1,57,57413,1,1,1,7,A4 PK357+600 sens PARIS/STRASBOURG,49.135424,6.646729
202000009243,16,9,2020,1,3,973,97306,2,1,1,3,37 rue des frères,5.6684946,-53.7779743
202000009244,15,9,2020,14,1,972,97228,2,1,1,1,466 Route du Calvaire,14.744513,-61.021425
202000009245,15,9,2020,11,1,972,97230,2,1,1,1,Avenue Raisiniers,14.734342,-60.953887
202000009246,15,9,2020,16,1,21,21452,2,1,1,6,2 Passage Jean de la Fontaine,47.279367,5.107725
202000009247,13,9,2020,12,1,84,84003,2,1,1,2,Avenue de Viton,43.876644,5.400633
202000009248,15,9,2020,8,1,84,84092,2,9,1,2,Route de Sorgues (rd 907),43.975125,4.857985
202000009249,29,1,2020,8,1,59,59350,2,1,1,6,MOSELLE BOULEVARD N°IMPAIRS,50.6212304,3.0332372
202000009250,29,1,2020,17,1,56,56260,2,3,1,3,LE PONTOIS(RUE ALEXANDRE),47.6546667,-2.7566619
202000009251,29,1,2020,14,1,51,51454,2,1,1,7,Avenue de Laon,49.2664269,4.0254319
202000009252,29,1,2020,7,2,51,51454,2,1,1,3,Boulevard du Docteur Roux,49.2321871,4.0233387
202000009253,25,1,2020,14,1,51,51230,2,2,1,7,Boulevard de la Motte,49.0461025,3.9571292
202000009254,28,1,2020,7,2,49,49353,2,1,2,6,BARA,47.44358,-0.4884
202000009255,28,1,2020,16,1,47,47001,1,1,1,1,BERGE (voie sur ),44.19522,0.6119
202000009256,29,1,2020,13,1,45,45302,2,3,1,6,Rue Louis Aragon - Allée des mélinières,47.934956,1.889568
202000009257,29,1,2020,8,1,45,45234,2,3,1,3,Rue de Blois - Rue de Vendôme,47.84521,1.93093
202000009258,28,1,2020,17,2,44,44184,2,1,1,6,Boulevard de Sunderland,47.2708,-2.2422
202000009259,29,1,2020,16,1,44,44162,1,1,1,2, PERIPHERIQUE,47.245846,-1.621567
202000009260,28,1,2020,12,1,42,42031,1,1,1,6,Route du Pertuiset,45.41414,4.2363
202000009261,29,1,2020,10,1,35,35278,2,3,1,3,Avenue Général de Gaulle,48.15298,-1.68623
202000009262,28,1,2020,13,1,34,34172,2,9,1,3,ANDY WARHOL ( RUE ),43.6023,3.90645
202000009263,29,1,2020,15,1,33,33162,2,2,1,3,AVE DU TAILLAN-MEDOC / RUE PAUL DUMONT / RUE DU BRETEIL,44.8798,-0.64755
202000009264,29,1,2020,16,2,33,33075,2,1,2,6,Boulevard Jacques Chaban-delmas,44.87714,-0.57812
202000009265,29,1,2020,7,5,33,33529,2,3,1,6,Rue Victor Hugo (D217) / Rue Pierre Dignac - Piétonne traverse rue Victor Hugor vers place Jean Hameau,44.63272,-1.14562
202000009266,16,1,2020,12,1,22,22113,2,1,1,2,MARECHAL JOFFRE (QUAI DU),48.73198,-3.46511
202000009267,28,1,2020,19,5,19,19031,2,1,3,6,MALRAUX (AVENUE ANDRE),45.1645501,1.4933252
202000009268,29,1,2020,15,1,13,13205,2,1,1,3,JEAN MOULIN (BOULEVARD),43.2888,5.40027
202000009269,29,1,2020,12,1,13,13202,2,1,1,6,REPUBLIQUE (RUE DE LA),43.300592,5.370563
202000009270,29,1,2020,11,1,13,13212,2,1,1,4,CAILLOLS (AVENUE DES),43.303987,5.440744
202000009271,29,1,2020,16,1,13,13001,1,1,1,3,LEDOUX CLAUDE NICOLAS (RUE),43.4713864,5.401858
202000009272,29,1,2020,9,1,13,13001,2,1,1,2,MOURET HENRI (AV),43.521135,5.435808
202000009273,28,1,2020,18,5,12,12145,2,1,1,6,GABRIAC JEAN (BOULEVARD),44.09365,3.07263
202000009274,29,1,2020,8,1,10,10297,2,2,1,6,ARISTIDE BRIAND (RUE),48.3218,4.09499
202000009275,28,1,2020,12,1,10,10362,2,1,3,6,GENERAL LECLERC (RUE DU),48.2922,4.04
202000009276,29,1,2020,11,1,07,07281,2,9,1,6,BOUVAT (QUAI JULES),44.945094,4.845593
202000009277,27,1,2020,16,1,06,06069,2,2,1,3,MISTRAL (AVENUE ET PLACE FREDERIC),43.6435,6.91483
202000009278,18,1,2020,18,5,02,02691,2,1,1,6,Rue Georges Pompidou,49.858999,3.289625
202000009279,29,1,2020,8,1,75,75114,2,1,1,2,BD PERIPHERIQUE EXTERIEUR,48.825225,2.30219
202000009280,29,1,2020,13,1,75,75119,2,1,1,6,RUE ARCHEREAU,48.8903846,2.372831
202000009281,29,1,2020,9,1,75,75119,2,1,1,3,BOULEVARD MACDONALD,48.898757,2.373308
202000009282,28,1,2020,20,5,75,75117,2,2,2,3,RUE DE ROME,48.883291,2.319232