Num_Acc,jour,mois,an,hr,condition_eclairage,departement,commune,condition_agglomeration,intersection,condition_atmosphere,type_collision,adresse,lattitude,longitude
202000009283,28,1,2020,19,5,75,75116,2,2,2,1,ALLEE DE LONGCHAMP,48.870685,2.259322
202000009284,28,1,2020,10,1,75,75116,2,2,1,3,BOULEVARD SUCHET,48.857365,2.264683
202000009285,29,1,2020,18,2,75,75115,2,1,1,6,BOULEVARD DE GRENELLE,48.8484781,2.2992479
202000009286,29,1,2020,17,2,75,75112,2,1,1,3,RUE CHALIGNY,48.8464058,2.3836644
202000009287,29,1,2020,13,1,75,75111,2,2,1,2,AVENUE LEDRU ROLLIN,48.855701,2.378704
202000009288,29,1,2020,18,5,75,75110,2,7,1,2,RUE DE DUNKERQUE,48.8804796,2.3525196
202000009289,29,1,2020,18,5,75,75108,2,2,1,6,AVENUE MARCEAU,48.8661167,2.2996589
202000009290,29,1,2020,17,5,75,75101,2,7,1,7,RUE DE RIVOLI,48.8627187,2.3352569
202000009291,29,1,2020,16,1,75,75104,2,4,1,3,BOULEVARD MORLAND,48.8482919,2.3649721
202000009292,29,1,2020,15,1,94,94046,2,1,1,3,PIERRE CURIE (R),48.8103,2.42367
202000009293,29,1,2020,14,1,94,94003,2,1,1,1,JEANNE D ARC (AV),48.81079,2.3343
202000009294,29,1,2020,12,1,94,94073,2,9,1,2,ROUTE NATIONALE 186,48.75336,2.3584
202000009295,28,1,2020,15,1,94,94017,2,1,1,3,MUSSELBURGH (R DE),48.80989,2.51918
202000009296,29,1,2020,19,5,93,93073,2,6,1,3,R DE LA BELLE BORNE,48.9893,2.5197
202000009297,28,1,2020,23,5,93,93070,2,1,2,3,MICHELET (AVE) : DU 1 AU 103,48.90639,2.34259
202000009298,28,1,2020,12,1,93,93066,2,1,4,6,R DANIELLE CASANOVA,48.9273,2.36423
202000009299,29,1,2020,9,1,93,93077,2,2,1,3,AV FRANKLIN / ALL DE LA TOUR,48.8974298,2.5028928
202000009300,29,1,2020,11,1,93,93051,2,1,1,6,PIERRE BROSSOLETTE,48.8481,2.54877
202000009301,29,1,2020,8,2,93,93051,2,1,2,2,GOURNAY (ROUTE),48.84955,2.56595
202000009302,24,1,2020,8,2,93,93029,2,1,1,7,JACQUELINE QUATREMAIRE,48.917946,2.459278
202000009303,8,1,2020,10,1,93,93027,2,1,1,2,CONVENTION (RUE DE LA),48.92841,2.3892
202000009304,29,1,2020,9,1,93,93010,2,2,1,1,SAINT-LOUIS (RUE),48.89035,2.49642
202000009305,29,1,2020,4,5,93,93057,2,1,1,3,WILSON (AV. DU PRESIDENT) 1 A 69,48.9062463,2.5117068
202000009306,29,1,2020,16,1,93,93007,2,1,1,6,ABBE NIORT (RUE DE L'),48.9407,2.4332
202000009307,28,1,2020,11,1,92,92046,2,2,8,3,CAMELINAT,48.812946,2.298719
202000009308,29,1,2020,8,1,92,92064,2,1,1,3,VAUGUYON,48.8436382,2.2223461
202000009309,28,1,2020,14,1,92,92051,2,1,2,7,CHARTRES (RUE DE ),48.8798673,2.2799131
202000009310,29,1,2020,16,1,92,92048,2,1,1,7,MORANE SAULNIER (AVENUE),48.786387,2.223241
202000009311,29,1,2020,15,1,92,92048,1,1,1,7,TRIVAUX (AVENUE DE) N° 9,48.79081,2.23282
202000009312,29,1,2020,11,1,92,92048,2,3,1,1,VICTOR HUGO (AVENUE),48.806238,2.238393
202000009313,29,1,2020,17,2,92,92007,2,1,8,6,PASTEUR (AVENUE LOUIS) N° 1 A 39 ET 2 A,48.79842,2.31759
202000009314,25,1,2020,5,5,92,92014,2,9,1,3,MONTROUGE (AVENUE DE),48.78749,2.31267
202000009315,30,1,2020,16,1,80,80615,2,2,3,3,d929,50.019115,2.688142
202000009316,30,1,2020,13,1,86,86111,1,1,1,1,Pré villard,46.8918137,0.569119
202000009317,29,1,2020,19,3,09,09123,1,1,1,6,Pis,43.1695667,1.2386817
202000009318,29,1,2020,14,1,64,64061,2,1,1,6,D817 - Parc d'activités Eurolacq II,43.3890758,-0.5562478
202000009319,28,1,2020,21,3,62,62849,1,1,1,6,D303,50.4064624,1.6254826
202000009320,29,1,2020,21,3,44,44196,1,1,2,7,D773,47.541491,-2.057394
202000009321,29,1,2020,18,3,2B,2B009,1,1,1,5,Route de Bonifacio,42.091376,9.510684
202000009322,29,1,2020,7,5,59,59666,1,1,8,7,14 voie romaine,50.8832944,2.3855379
202000009323,30,1,2020,9,1,55,55462,1,1,9,7,21 Route de Woel,49.021984,5.689234
202000009324,24,1,2020,23,5,42,42149,2,6,1,6,Route de Saint Etienne,45.638171,4.23634
202000009325,30,1,2020,11,1,46,46278,1,1,3,3,D4,44.400169,1.120884
202000009326,28,1,2020,17,1,35,35360,2,1,2,6,51 Boulevard des Rochers,48.117825,-1.20505
202000009327,28,1,2020,13,1,29,29260,2,6,2,3,Rue de Brest,48.426453,-4.615159
202000009328,29,1,2020,22,3,70,70323,1,1,1,6,route de magny,47.949243,6.146571
202000009329,30,1,2020,5,3,05,05036,1,1,1,3,N94,44.614494,6.532084
202000009330,30,1,2020,17,2,83,83012,2,1,1,3,Route de Brignoles,43.554801,6.009481
202000009331,30,1,2020,12,1,36,36171,1,1,2,1,,47.074038,2.03908
202000009332,29,1,2020,16,1,07,07302,1,1,1,6,D2,44.646727,4.694322
202000009333,29,1,2020,11,1,40,40022,1,1,1,6,Route d'Aire,43.67001,-0.348269
202000009334,28,1,2020,16,1,40,40122,1,1,1,6,Route de Saint Sever,43.832994,-0.532386
202000009335,30,1,2020,18,5,48,48039,2,9,2,7,Avenue du Triadou,44.4658752,3.3449372
202000009336,30,1,2020,8,2,44,44048,1,1,2,6,autoroute A11 - PK 326.400 - En direction de Paris,47.3626331,-1.3155055
202000009337,30,1,2020,8,1,68,68297,1,1,1,6,A35,47.606043,7.528464
202000009338,30,1,2020,8,1,51,51242,1,1,1,7,A26,48.9423206,4.2882525
202000009339,29,1,2020,9,1,987,98729,2,1,1,6,pk 0.4 temae direction PAOPAO,-17.533189,-149.838611
202000009340,28,1,2020,21,3,973,97305,1,1,1,6,Route Nationale 1,5.002668,-52.459953
202000009341,30,1,2020,8,1,971,97108,2,1,1,7,N9,15.900058,-61.239746
202000009342,30,1,2020,0,3,13,13110,1,1,1,7,D12,43.477985,5.687131
202000009343,30,1,2020,6,3,57,57296,1,1,9,1,D23,49.224019,6.592947
202000009344,27,1,2020,13,1,38,38344,2,1,1,6,Rue Verlaine,45.366548,4.806127
202000009345,29,1,2020,18,2,17,17086,2,2,1,3,3 Chemin des Champs des Vignes,45.745538,-0.573349
202000009346,30,1,2020,11,1,86,86095,1,2,1,3,D15,46.699559,0.445598
202000009347,12,1,2020,18,5,33,33341,2,1,1,3,D137,45.08093,-0.504084
202000009348,29,1,2020,16,1,14,14289,1,2,1,3,Route d'Angloischeville,48.895442,-0.111886
202000009349,28,1,2020,7,2,29,29181,1,9,8,6,Route des Moulins du Lech,48.469329,-4.260807
202000009350,28,1,2020,12,1,22,22002,1,1,8,6,Le Chesnay,48.502844,-2.585735
202000009351,30,1,2020,16,1,80,80359,1,1,2,2,Autoroute A1 PK 105+900,49.74129,2.786731
202000009352,29,1,2020,9,1,13,13210,1,1,1,7,A50-Sens Aubagne vers Marseille,43.2859,5.4278
202000009353,29,1,2020,21,3,94,94038,1,1,1,3,AUTOROUTE A6B,48.77789,2.34599
202000009354,29,1,2020,7,1,78,78498,1,1,1,3,N118,48.904404,2.005077
202000009355,28,1,2020,18,3,95,95365,1,1,3,2,RN 104,49.06041,2.41758
202000009356,28,1,2020,12,1,95,95060,1,1,1,5, A115,49.04001,2.19083
202000009357,28,1,2020,14,1,93,93007,1,1,1,2,AUTOROUTE A1,48.94546,2.44004
202000009358,28,1,2020,9,1,95,95018,1,1,2,3,AUTOROUTE A15,48.9586,2.27405
202000009359,28,1,2020,9,1,93,93064,1,1,1,5,AUTOROUTE A86,48.87925,2.47604
202000009360,27,1,2020,6,3,93,93005,1,1,2,3,AUTOROUTE A3,48.95088,2.47454
202000009361,21,1,2020,19,3,94,94015,1,1,1,2,A4,48.8292886,2.5284163
202000009362,26,1,2020,2,5,93,93053,2,1,2,2,ROSNY (AVENUE DE) N° 53 A 243,48.89074,2.47105
202000009363,28,1,2020,21,5,988,98818,2,4,1,6,VE1 sens Nord/Sud ,-22.24911,166.45118
202000009364,28,1,2020,22,5,988,98818,2,4,1,3,ROUTE DU VELODROME/RUE MARCEL KOLLEN,-22.29119,166.44523
202000009365,28,1,2020,16,1,976,97611,2,1,1,3,kaweni-Europe (avenue),-12.77031,45.22377
202000009366,28,1,2020,1,5,974,97411,2,1,1,6,JAURES (BLD 1 JEAN),-20.8849565,55.4396296
202000009367,28,1,2020,19,5,69,69386,2,2,2,3,EMERAUDES (DES)                     (R ),45.7691,4.8605
202000009368,28,1,2020,17,1,69,69383,2,2,2,3,TRARIEUX                            (R ),45.74527,4.89299
202000009369,28,1,2020,14,1,69,69383,2,1,2,6,SERVIENT                            (R ),45.7606,4.8505
202000009370,28,1,2020,16,1,972,97213,2,3,1,3,MORNE PITAULT (ROUTE DE),14.6093,-60.9529
202000009371,25,1,2020,21,3,972,97213,1,6,1,2,ROUTE NATIONALE 1,14.626,-60.9788
202000009372,28,1,2020,7,1,69,69389,2,1,1,6,DUCHERE (DE LA)                     (BD),45.78094,4.79375
202000009373,26,1,2020,23,3,95,95127,1,1,3,1,RN 14 ,49.0514622,2.0515898
202000009374,28,1,2020,15,1,91,91691,2,1,1,6,CONCY(RUE),48.7111,2.4862
202000009375,28,1,2020,18,2,91,91286,2,6,2,2,EMILE ALLIAUD (AVENUE),48.64961,2.38342
202000009376,20,1,2020,8,1,84,84007,2,1,1,6,PONT DES DEUX EAUX (Chemin du ),43.94014,4.84217
202000009377,8,1,2020,19,4,30,30351,1,1,1,1,MISTRAL BOULEVARD FREDERIC,43.99044,4.80887
202000009378,28,1,2020,17,1,83,83137,2,1,1,1,15EME CORPS (AVE DU),43.128549,5.912809
202000009379,27,1,2020,16,1,83,83137,2,1,8,1,CARNOT (AVE LAZARE),43.12719,5.92513
202000009380,27,1,2020,19,5,80,80489,2,1,1,1,VILLE IDEALE (AVENUE DE LA ),49.86814,2.37345
202000009381,26,1,2020,9,1,78,78005,2,1,2,3,RD 30,48.974,2.0803
202000009382,27,1,2020,8,5,76,76540,2,1,1,6,SAINT JULIEN. RUE,49.42567,1.07377
202000009383,24,1,2020,14,1,76,76351,2,1,1,6,DOCTEUR POSTEL,49.51025,0.13046
202000009384,25,1,2020,18,5,73,73222,1,4,1,7,D912 FECLAZ (ROUTE DE LA),45.5854221,5.9769448
202000009385,27,1,2020,12,1,73,73065,2,1,8,6,CASSINE (CHEMIN DE LA),45.57089,5.92074
202000009386,27,1,2020,8,1,67,67267,2,3,1,1,TRAVAIL (RUE DU),48.5623661,7.6862656
202000009387,25,1,2020,17,2,67,67267,2,1,1,6,JEAN JAURES (RUE),48.5576386,7.6835385
202000009388,25,1,2020,19,5,64,64122,2,1,1,7,BAB(BOULEVARD),43.47566,-1.54532
202000009389,28,1,2020,14,1,59,59378,2,1,1,3,MARNE AVENUE DE LA,50.67867,3.11453
202000009390,28,1,2020,11,1,59,59009,1,1,1,6,ROUBAIX AVNUE DE,50.64799,3.14642
202000009391,22,1,2020,15,1,58,58194,2,2,1,6,Rue de Coblence,46.996078,3.124288
202000009392,27,1,2020,17,1,56,56121,2,3,1,3,SANGNIER (RUE  MARC ),47.74763,-3.37417
202000009393,27,1,2020,7,2,54,54395,2,2,2,3,BATAILLE (QUAI DE LA),48.679357,6.189425
202000009394,27,1,2020,20,5,51,51454,2,2,2,3,Boulevard Pommery,49.2504468,4.0527172
202000009395,27,1,2020,8,2,49,49015,2,1,2,6,DUNANT RUE HENRI ET ROND POINT,47.50159,-0.58712
202000009396,28,1,2020,8,2,37,37233,2,1,2,2,CUGNOT (RUE JOSEPH),47.3808014,0.744649
202000009397,28,1,2020,8,1,37,37261,2,2,1,6,BERANGER (BOULEVARD),47.388565,0.6760956
202000009398,28,1,2020,20,3,35,35238,1,1,1,2,Bretelle PORTE ALMA,48.08183,-1.67604
202000009399,28,1,2020,15,1,35,35238,2,1,1,5,CLEMENCEAU (BD GEORGES),48.094,-1.6773
202000009400,28,1,2020,14,1,35,35278,2,6,1,6,GROS MALHON (AVENUE),48.137347,-1.686388
202000009401,28,1,2020,11,1,35,35238,2,1,1,6,ROUTE DE ST MALO,48.1239553,-1.6847974
202000009402,28,1,2020,12,1,33,33162,2,1,1,3,IMP DU TAILLAN-MEDOC,44.87408,-0.63544
202000009403,27,1,2020,9,1,32,32013,1,1,1,3,ARÇON D515 (CHEMIN D'),43.6816919,0.6189519
202000009404,22,1,2020,9,1,31,31555,2,1,3,6,HUC (AV ARTHUR ) DU 1AU 5,43.5813,1.38611
202000009405,26,1,2020,6,3,31,31555,2,1,1,6,LATECOERE (AV PIERRE G) DU 1AU 61,43.55707,1.48709
202000009406,26,1,2020,18,5,31,31555,2,1,1,3,AV LOUIS ARISTE PASSERIEU,43.58027,1.39082
202000009407,28,1,2020,11,1,31,31565,1,3,9,3,ARNESP (RUE),43.0943,0.6875
202000009408,27,1,2020,17,3,27,27701,2,1,2,4,Route de Seine,49.27143,1.244
202000009409,26,1,2020,16,1,26,26362,2,3,1,6,FAURE AVENUE MAURICE (304),44.9226,4.88422
202000009410,24,1,2020,16,1,22,22278,2,6,1,3,WALDECK-ROUSSEAU (BD ET PT),48.51026,-2.75702
202000009411,27,1,2020,18,3,17,17306,2,3,3,6,ROCHEFORT (DE)  (AVENUE),45.64298,-1.02484
202000009412,28,1,2020,10,1,17,17200,1,1,8,6,RN237,46.18138,-1.145
202000009413,28,1,2020,23,5,13,13213,2,1,1,3,CHEMIN DU MERLAN A LA ROSE ,43.33071,5.40804
202000009414,28,1,2020,21,5,13,13209,2,2,1,-1,ROMAIN ROLLAND (BOULEVARD),43.270609,5.407452
202000009415,28,1,2020,18,3,13,13209,1,1,1,5,COL DE LA GINESTE D559,43.24242,5.45313
202000009416,28,1,2020,13,1,13,13201,2,2,1,3,NATIONALE (RUE),43.299555,5.378708
202000009417,27,1,2020,7,1,13,13205,2,1,1,5,SAKAKINI (BOULEVARD),43.2941632,5.401601
202000009418,27,1,2020,16,1,10,10333,1,1,2,4,ROCADE OUEST (RD 610),48.27371,4.04734
202000009419,27,1,2020,10,1,10,10387,2,2,2,3,CHARBONNET (RUE),48.2968,4.0714
202000009420,28,1,2020,22,5,09,09122,2,1,1,6,BARCELONE (AVENUE DE),42.95922,1.61683
202000009421,22,1,2020,10,1,08,08409,2,1,1,6,147EME ET 347EME R.I.(BOULEVARD DU),49.7091,4.93942
202000009422,28,1,2020,17,1,06,06027,2,1,1,6,TUILIERES AVENUE DES,43.6681,7.1602
202000009423,28,1,2020,18,5,06,06004,2,1,1,3,GREC AV.JULES,43.60037,7.11289
202000009424,26,1,2020,18,2,75,75120,2,1,1,2,PORTE DE MONTREUIL,48.854377,2.414079
202000009425,10,1,2020,20,5,75,75116,2,1,1,4,BD PERIPHERIQUE INTERIEUR,48.8694718,2.271343
202000009426,27,1,2020,8,2,75,75105,2,1,2,3,QUAI SAINT BERNARD,48.848316,2.3588164
202000009427,27,1,2020,10,1,75,75120,2,2,2,3,RUE DE BAGNOLET,48.859161,2.40213
202000009428,28,1,2020,15,1,75,75119,2,1,1,3,AVENUE SIMON BOLIVAR,48.880919,2.373751
202000009429,28,1,2020,7,5,75,75119,2,2,1,3,AVENUE DE FLANDRE,48.89441,2.381503
202000009430,28,1,2020,10,1,75,75118,2,3,1,6,RUE ORDENER,48.890285,2.358321
202000009431,28,1,2020,18,5,75,75117,2,4,2,6,RUE DES BATIGNOLLES,48.883781,2.322809
202000009432,28,1,2020,17,5,75,75117,2,3,1,3,AVENUE DE CLICHY,48.886615,2.326006
202000009433,28,1,2020,9,1,75,75116,2,2,1,3,ALLEE DE LA REINE MARGUERITE,48.863458,2.248125
202000009434,27,1,2020,21,5,75,75116,2,1,1,6,BOULEVARD MURAT,48.837448,2.258122
202000009435,28,1,2020,14,1,75,75115,2,3,1,3,RUE DE SEVRES,48.845874,2.313514
202000009436,28,1,2020,12,1,75,75115,2,5,1,1,RUE DE LA CROIX NIVERT,48.843618,2.295768
202000009437,28,1,2020,8,1,75,75115,2,2,1,6,RUE VASCO DE GAMA,48.837873,2.281792
202000009438,28,1,2020,16,1,75,75114,2,4,1,6,RUE SOPHIE GERMAIN,48.830658,2.331309
202000009439,27,1,2020,23,5,75,75114,2,5,2,3,BOULEVARD ROMAIN ROLLAND,48.820199,2.323999
202000009440,28,1,2020,17,1,75,75113,2,5,1,-1,RUE DE TOLBIAC,48.825825,2.350371
202000009441,28,1,2020,17,5,75,75112,2,4,2,3,QUAI DE BERCY,48.832883,2.383586
202000009442,19,7,2020,13,1,32,32304,1,1,1,7,Voie communale n°2 PANASSAC,43.38091,0.576782
202000009443,20,7,2020,8,1,32,32253,1,1,1,1,D40,43.973284,0.790208
202000009444,19,7,2020,16,1,11,11367,1,1,1,7,D629,43.393074,2.118988
202000009445,20,7,2020,15,1,39,39126,1,3,1,3,,46.593114,5.956305
202000009446,18,7,2020,10,1,44,44049,2,3,1,3,Avenue de la Pierre Longue,47.28626,-2.518696
202000009447,19,7,2020,9,1,29,29056,1,1,1,5,Lieu-dit Fessiou,48.443437,-4.302092
202000009448,7,7,2020,12,1,38,38229,2,1,1,4,Avenue de Verdun,45.202667,5.761229
202000009449,20,7,2020,18,1,02,02223,1,1,7,7,chemin communal,48.984188,3.495938
202000009450,20,7,2020,13,1,01,01093,1,3,1,3,D936,46.131296,4.967365
202000009451,20,7,2020,5,3,58,58273,1,1,1,6,D18,46.978715,3.235173
202000009452,30,6,2020,18,1,58,58131,2,1,1,6,54 Grande Rue,47.085586,3.192869
202000009453,19,7,2020,8,1,06,06079,2,4,1,3,Avenue du Général de Gaulle,43.531662,6.948169
202000009454,20,7,2020,19,1,50,50003,2,1,1,7,17 Route de Saint Malo de la Lande,49.050463,-1.581173
202000009455,19,7,2020,21,3,50,50111,1,1,1,6,Rue des Ecoles,49.027581,-1.267821
202000009456,19,7,2020,11,1,64,64037,2,1,1,7,14 Route d'Artiguelouve,43.327675,-0.497571
202000009457,20,7,2020,3,3,18,18166,1,1,1,1,RN 151,47.106135,2.557583
202000009458,19,7,2020,22,3,43,43154,1,1,1,7,Col du Rayol,44.783906,3.885502
202000009459,19,7,2020,20,2,16,16100,1,1,1,6,Lieu Dit la Pécoulie,45.930229,0.647635
202000009460,19,7,2020,20,2,21,21524,2,4,1,3,6 Rue de Châtillon,47.973945,4.671837
202000009461,19,7,2020,17,1,24,24081,1,1,1,6,Liméjouls,44.887514,1.386187
202000009462,20,7,2020,16,1,04,04004,1,1,1,7,Chemin de la Palud,43.781691,6.001014
202000009463,19,7,2020,14,1,04,04135,1,1,1,7,RD 952 - Gorge de Felines,43.812729,6.253581
202000009464,20,6,2020,12,1,04,04135,1,1,1,7,RD 952,43.842513,6.214206
202000009465,19,7,2020,16,1,17,17323,1,1,7,2,Chemin de la côte sauvage,46.040956,-1.409554
202000009466,16,7,2020,7,1,17,17168,2,3,1,1,avenue du stade,45.989359,-1.079578
202000009467,20,7,2020,11,1,48,48064,2,1,1,1,Chez Prosper (Camping),44.816984,3.115654
202000009468,20,7,2020,10,1,52,52550,2,3,1,3,20 Rue du Lieutenant Colonel Dubois,48.498802,4.946026
202000009469,19,7,2020,10,1,67,67259,1,1,1,7,CD 121,48.9693121,7.7027009
202000009470,19,7,2020,7,1,988,98831,2,3,1,6,R.T.1/VU14,-20.9443,164.68425
202000009471,20,7,2020,7,1,988,98821,1,1,1,1,RT1 Port Laguere,-22.12339,166.33064
202000009472,19,7,2020,21,5,974,97415,1,6,1,6,Route Nationale 1,-21.045839,55.222129
202000009473,19,7,2020,3,3,974,97420,2,1,1,7,Rue Marchande,-20.947608,55.631306
202000009474,19,7,2020,9,1,77,77110,1,1,1,-1,D7,48.1684167,2.6507413
202000009475,20,7,2020,8,1,77,77138,2,1,1,3,41 Rue des Michelettes,48.657255,2.910309
202000009476,19,7,2020,10,1,78,78601,1,2,7,1,Le Coin du Bois,48.61208,1.872847
202000009477,19,7,2020,11,1,78,78128,1,3,1,2,D906,48.676496,1.987184
202000009478,19,7,2020,11,1,78,78108,1,1,1,7,Route du Grand Maître (Chemin),48.725202,1.843922
202000009479,19,7,2020,5,2,66,66212,2,6,1,6,Avenue du Marechal Joffre,42.759302,2.990427
202000009480,19,7,2020,11,1,30,30080,1,1,7,1,D52,44.284813,3.976536
202000009481,19,7,2020,13,1,05,05101,1,1,1,3,Peyre Queyra (Pelvoux),44.895799,6.444726
202000009482,19,7,2020,3,3,68,68036,1,1,1,7,D12,48.053472,7.514777
202000009483,19,7,2020,19,1,67,67337,1,1,1,6,D35,48.3590637,7.4262535
202000009484,20,7,2020,15,1,03,03290,1,1,1,7,N7,46.6356864,3.2779768
202000009485,19,7,2020,16,1,63,63200,1,6,1,6,Rue de Riom,45.841151,3.2120068
202000009486,19,7,2020,13,1,74,74058,2,1,1,-1,D22,46.295639,6.781571
202000009487,19,7,2020,9,1,38,38494,1,1,1,3,Route de Morestel,45.688423,5.356854
202000009488,20,7,2020,11,1,38,38442,1,1,1,7,Le Col,45.304112,5.83168
202000009489,20,7,2020,9,1,69,69203,2,1,7,6,D25,45.710882,4.49495
202000009490,19,7,2020,14,1,19,19085,1,9,7,3,D1089,45.318477,1.841413
202000009491,19,7,2020,23,3,35,35343,1,1,1,3,D47,47.878212,-1.564858
202000009492,19,7,2020,22,5,02,02720,2,1,1,2,Route de Laon,49.570966,3.877702
202000009493,18,7,2020,12,1,13,13215,1,1,1,3,A55-Sens Martigues vers Marseille,43.347317,5.344852
202000009494,19,7,2020,3,3,13,13211,1,1,1,3,A50-Sens Aubagne vers Marseille,43.287693,5.440065
202000009495,17,7,2020,10,1,13,13028,1,1,1,5,A50,43.1929749,5.6519355
202000009496,18,7,2020,11,1,69,69266,1,1,1,3,RD383   3.750 A 7.640,45.76074,4.90951
202000009497,18,7,2020,23,4,33,33550,1,1,1,2,AUTOROUTE A 62,44.76434,-0.54875
202000009498,19,7,2020,12,1,92,92072,1,1,1,6,N118,48.8260196,2.2226045
202000009499,19,7,2020,12,1,92,92064,1,1,1,6,A13,48.8382291,2.191038
202000009500,18,7,2020,15,1,93,93053,1,1,1,7,AUTOROUTE A3,48.88032,2.45107
202000009501,19,7,2020,11,1,77,77450,1,1,1,6,RN104,48.7262334,2.5990477
202000009502,19,7,2020,5,3,75,75112,1,1,1,2,A4,48.820061,2.459767
202000009503,18,7,2020,19,1,77,77083,1,1,1,4,A4.W,48.8334577,2.5932024
202000009504,17,7,2020,18,1,94,94079,1,1,1,6,A4,48.8352511,2.5387158
202000009505,4,3,2020,19,5,24,24037,2,9,2,7,RUE DES PETITES BOUCHERIES,44.8518,0.4852
202000009506,14,1,2020,18,5,24,24322,2,1,1,6,ALLEE DU PORT,45.1845,0.7088
202000009507,19,7,2020,9,1,988,98818,2,1,1,2,RUE AUGUSTE BENEBIG,-22.27011,166.45404
202000009508,19,7,2020,3,5,988,98818,2,1,2,6,ROUTE DU VELODROME - RUE NIELLY,-22.29182,166.4455
202000009509,17,7,2020,9,1,974,97409,2,1,1,3,Lefaguyes (chemin),-20.9514329,55.6743676
202000009510,18,7,2020,12,1,974,97407,1,1,1,7,Route Nationale 1,-20.9396,55.3298
202000009511,17,7,2020,16,1,974,97407,2,6,1,3,Avenue de la Commune de Paris,-20.942328,55.29184
202000009512,16,7,2020,11,1,973,97302,1,6,1,3,CRIQUE FOUILLEE (ROND POINT),4.8969658,-52.3283851
202000009513,18,7,2020,3,5,69,69387,2,1,1,2,CHAMBAUD DE LA BRUYERE              (BD),45.72257,4.84237
202000009514,18,7,2020,13,1,972,97209,2,1,1,3,MUSIQUE (RUE DE LA),14.61838,-61.05133
202000009515,17,7,2020,17,1,972,97209,1,1,1,3,JAMBETTE (ROUTE DE),14.64287,-61.0434
202000009516,18,7,2020,19,1,69,69384,2,1,1,6,HERBOUVILLE (D')                    (CO),45.77279,4.83827
202000009517,18,7,2020,3,5,971,97113,1,4,1,1,RN4 - SECTION RIVIERA,16.217554,-61.494459
202000009518,14,7,2020,11,1,971,97101,2,1,1,6,Frédéric JALTON,16.2744803,-61.5038157
202000009519,17,7,2020,18,1,91,91589,2,1,1,4,DUNANT (RUE HENRI),48.67691,2.33763
202000009520,18,7,2020,18,1,91,91657,2,3,1,6,EUGENE VARLIN (RUE),48.704125,2.417721
202000009521,18,7,2020,20,1,91,91174,2,1,1,7,PRESIDENT ALLENDE (RUE DU ),48.59845,2.47628
202000009522,18,7,2020,22,5,83,83069,2,7,1,5,ROBIN ( QUAI DU DOCTEUR ),43.08309,6.15718
202000009523,19,7,2020,1,5,83,83118,1,1,1,7,BOULEVARD CHRISTIAN LAFON,43.420273,6.787481
202000009524,17,7,2020,17,1,78,78646,2,1,1,3,ETATS GENERAUX (RUE DES),48.79988,2.13292
202000009525,18,7,2020,2,5,76,76108,2,2,1,3,JUIN. AVENUE DU MARECHAL,49.4621,1.12246
202000009526,18,7,2020,22,5,74,74298,2,1,1,2,TANINGES (ROUTE DE ),46.1873006,6.2717718
202000009527,18,7,2020,6,1,69,69266,2,2,1,1,4 AOUT 1789    (Rue du),45.7666,4.9026
202000009528,18,7,2020,19,1,64,64445,2,3,1,3,ALSACE LORRAINE D',43.30544,-0.3745
202000009529,18,7,2020,9,1,64,64024,2,1,1,3,HARDOY (RUE DE),43.49287,-1.50414
202000009530,18,7,2020,12,1,54,54274,2,1,1,6,REPUBLIQUE (RUE DE LA),48.6684844,6.2080662
202000009531,18,7,2020,14,1,42,42095,2,1,1,-1,Rue du Professeur Calmette,45.3937062,4.2926393
202000009532,17,7,2020,16,1,38,38169,2,1,1,3,Boulevard Joliot Curie,45.20053,5.69064
202000009533,19,7,2020,0,5,37,37261,2,1,1,-1,WAGNER (BOULEVARD RICHARD),47.3755506,0.7089397
202000009534,19,7,2020,1,5,34,34003,2,1,1,6,RD612,43.29734,3.47366
202000009535,18,7,2020,10,1,30,30189,2,1,1,2,DION BOUTON (COURS),43.81218,4.33835
202000009536,18,7,2020,20,1,29,29232,2,2,1,1,Rue de Falkirk,47.9964524,-4.1085957
202000009537,18,7,2020,1,5,26,26362,2,1,1,1,34 Avenue de Marseille,44.90091,4.88207
202000009538,16,7,2020,18,1,14,14437,2,1,1,3,MENDES FRANCE  (AVENUE PIERRE ),49.17007,-0.32398
202000009539,18,7,2020,21,5,13,13075,2,1,1,6,GENERAL DE GAULLE (MAIL),43.34289,5.46741
202000009540,18,7,2020,3,5,13,13201,2,3,1,2,BRETEUIL (RUE)    2 A 18,43.29248,5.374957
202000009541,17,7,2020,21,5,13,13216,2,6,1,6,LITTORAL (CHEMIN DU),43.35329,5.337
202000009542,18,7,2020,12,1,13,13028,1,1,1,-1,BODIN (AVENUE EMILE),43.197147,5.593049
202000009543,18,7,2020,8,1,13,13028,2,1,1,3,BODIN (AVENUE EMILE),43.194602,5.599626
202000009544,18,7,2020,22,5,10,10081,2,1,1,1,JEAN MERMOZ (RUE),48.31329,4.03875
202000009545,18,7,2020,14,1,10,10362,2,1,1,6,GABRIEL THIERRY (RUE),48.29854,4.04446
202000009546,19,7,2020,1,3,09,09225,1,1,9,6,BELPECH ROUTE DE,43.11694,1.63361
202000009547,18,7,2020,18,1,06,06088,2,1,1,2,DELVALLE (RUE PROF.),43.721384,7.283796
202000009548,18,7,2020,17,1,06,06088,2,1,1,3,MADELEINE (BD DE LA),43.69624,7.24176
202000009549,18,7,2020,2,5,75,75117,2,1,1,4,PORTE DE CLICHY,48.898726,2.315877
202000009550,17,7,2020,23,5,75,75113,2,4,1,2,BOULEVARD PERIPHERIQUE,48.824789,2.384561