Num_Acc,jour,mois,an,hr,condition_eclairage,departement,commune,condition_agglomeration,intersection,condition_atmosphere,type_collision,adresse,lattitude,longitude
202000009551,16,7,2020,14,1,75,75118,2,1,1,3,BOULEVARD PERIPHERIQUE,48.900701,2.334452
202000009552,16,7,2020,13,1,75,75118,2,3,1,2,RUE ORDENER,48.890502,2.355299
202000009553,18,7,2020,17,1,75,75118,2,3,1,6,BOULEVARD BARBES,48.885264,2.349526
202000009554,18,7,2020,15,1,75,75118,2,2,1,2,AVENUE DE SAINT OUEN,48.891334,2.326886
202000009555,18,7,2020,3,5,75,75117,2,2,1,3,AVENUE DE LA PORTE DE CLICHY,48.896921,2.31032
202000009556,18,7,2020,0,5,75,75117,2,1,1,6,AVENUE DE CLICHY,48.884336,2.327047
202000009557,18,7,2020,16,1,75,75116,2,1,1,6,AVENUE DU MAHATMA GANDHI,48.876419,2.264608
202000009558,18,7,2020,3,5,75,75114,2,1,1,7,BOULEVARD BRUNE,48.827083,2.307811
202000009559,18,7,2020,16,1,75,75113,2,2,1,3,QUAI PANHARD ET LEVASSOR,48.832235,2.379768
202000009560,17,7,2020,21,2,75,75113,2,4,1,4,BOULEVARD PERIPHERIQUE,48.821026,2.377323
202000009561,18,7,2020,18,1,75,75108,2,5,1,7,RUE DE COURCELLES,48.878028,2.305299
202000009562,18,7,2020,6,2,75,75104,2,1,1,7,QUAI DE L HOTEL DE VILLE,48.854594,2.354468
202000009563,18,7,2020,20,1,94,94074,2,9,1,6,SALVADOR ALLENDE (AV),48.749297,2.464428
202000009564,18,7,2020,17,1,93,93078,2,1,1,6,SCHWEITZER (RUE DU DOCTEUR),48.9589805,2.5427452
202000009565,17,7,2020,17,1,93,93066,2,1,1,6,WILSON (AVENUE DU PRESIDENT),48.91057,2.35778
202000009566,18,7,2020,18,1,93,93077,2,3,1,1,R DU GROS BUISSON / R ALEXIS CARREL,48.89005,2.4925
202000009567,18,7,2020,17,1,93,93077,2,1,1,6,AV DU GENERAL GALLIENI,48.89318,2.50303
202000009568,18,7,2020,14,1,93,93053,2,3,1,3,PARC (RUE DU),48.8945626,2.4437148
202000009569,18,7,2020,1,5,93,93051,2,1,1,1,RTE DE NEUILLY,48.8512,2.53432
202000009570,18,7,2020,5,1,93,93008,2,9,1,2,SEMARD (RUE PIERRE),48.9124134,2.4463713
202000009571,18,7,2020,18,1,92,92022,2,2,1,1,SALENGRO (AVENUE ROGER),48.8055449,2.1842717
202000009572,18,7,2020,9,1,92,92049,2,1,1,7,BRIAND AVENUE ARISTIDE N°2 A 114,48.81674,2.32569
202000009573,17,7,2020,16,1,22,22050,2,1,1,2,Rue du Guinefort,48.446476,-2.069485
202000009574,6,7,2020,17,1,22,22050,2,1,1,6,Rue Thiers,48.454656,-2.048752
202000009575,19,7,2020,1,3,02,02060,1,1,1,2,A29,49.84403,3.087459
202000009576,18,7,2020,9,1,40,40304,2,3,7,3,Avenue Edmond Rostand,43.663161,-1.420058
202000009577,19,7,2020,10,1,77,77141,1,1,1,7,A4,48.8651611,2.8501556
202000009578,17,7,2020,13,1,68,68162,2,3,1,3,D10,48.13533,7.265918
202000009579,16,7,2020,13,1,974,97412,1,1,1,7,Route de Bel Air,-21.338688,55.591619
202000009580,18,7,2020,19,1,01,01347,2,2,7,3,D936,45.961465,4.772487
202000009581,19,7,2020,10,1,74,74152,1,1,1,5,Route de Poisy,45.903859,6.032041
202000009582,19,7,2020,13,1,44,44210,1,1,1,7,N171 - PR 87+600,47.314315,-2.199004
202000009583,17,7,2020,19,1,44,44089,1,9,1,7,Malville,47.346158,-1.86347
202000009584,18,7,2020,22,3,74,74048,2,3,1,1,Route de Thonon-les-bains,46.277167,6.39974
202000009585,19,7,2020,16,1,57,57321,1,1,1,3,D44,48.702216,7.044522
202000009586,18,7,2020,19,1,62,62566,2,1,1,6,Rue du Croq Ouest,50.678292,1.867193
202000009587,18,7,2020,12,1,82,82102,1,1,1,7,D3,44.012293,0.86189
202000009588,19,7,2020,16,1,89,89235,1,1,1,6,Route de Magny,47.4782833,3.9526765
202000009589,19,7,2020,12,1,61,61426,1,3,1,3,La Soufletiere,48.357504,0.544682
202000009590,29,6,2020,12,1,61,61432,1,1,1,6,D926,48.758933,0.67405
202000009591,19,7,2020,11,1,61,61474,1,1,1,6,D14,48.763205,0.175781
202000009592,18,7,2020,16,1,55,55008,1,1,1,6,D618,49.243492,5.667143
202000009593,19,7,2020,16,1,55,55215,2,1,1,6,44 Rue General Leclerc,48.513958,5.503177
202000009594,18,7,2020,11,1,34,34150,2,1,1,6,Ancienne Route de Sète,43.319316,3.546803
202000009595,18,7,2020,18,1,22,22181,2,4,7,1,1 Le Bout du Pont,48.2243029,-3.1782572
202000009596,18,7,2020,22,5,25,25228,2,9,1,7,20 Rue Armand Japy,47.515476,6.869459
202000009597,19,7,2020,11,1,35,35078,1,2,7,3,D797,48.601921,-1.710879
202000009598,19,7,2020,7,1,02,02294,1,1,1,7,N2,49.520667,3.5868
202000009599,18,7,2020,10,1,03,03273,1,6,1,3,,46.2055257,3.445238
202000009600,18,7,2020,10,1,15,15248,1,1,1,1,chemin chamartel - le Che,45.061215,2.873118
202000009601,18,7,2020,12,1,26,26345,1,1,1,6,Route de Baume ,44.301282,4.836838
202000009602,18,7,2020,15,1,26,26069,1,1,1,5,"Route du Col de Rousset, ",44.82553,5.386348
202000009603,19,7,2020,3,3,58,58291,1,1,1,6,D194,46.910794,3.504848
202000009604,19,7,2020,11,1,83,83007,1,1,1,1,4128 Route de Verignon,43.657658,6.222038
202000009605,17,7,2020,12,1,09,09140,1,1,1,7,D613,42.751113,1.84743
202000009606,19,7,2020,12,1,45,45193,1,1,1,7,D7-PR 21 + 900,47.765811,2.084763
202000009607,19,7,2020,5,3,45,45272,1,1,1,1,"D 2020, PR 39+100",47.81551,1.927425
202000009608,19,7,2020,18,1,73,73151,1,3,7,3,D1090,45.5095958,6.0048561
202000009609,18,7,2020,16,1,43,43140,1,1,1,5,Route de la Chartreuse,45.056524,3.91506
202000009610,18,7,2020,21,2,16,16135,1,1,1,1,La Procession,45.651518,0.528835
202000009611,17,7,2020,16,1,07,07139,1,1,6,6,Le Chambon de l'Homme,44.756033,4.343628
202000009612,19,7,2020,2,3,24,24237,1,6,1,6,Chemin de la Tour Cyrano,44.888624,0.551162
202000009613,17,6,2020,17,1,37,37231,1,2,1,3,D69,47.5522225,0.4377567
202000009614,17,7,2020,19,1,37,37231,1,1,7,3,,47.5971347,0.5268288
202000009615,19,7,2020,11,1,30,30009,1,1,1,1,D999,43.978487,3.417006
202000009616,18,7,2020,19,1,48,48075,1,1,1,7,D31,44.382582,3.520818
202000009617,18,7,2020,18,1,18,18190,1,1,1,7,A71,47.128582,2.189104
202000009618,18,7,2020,15,1,74,74064,1,1,1,2,Route de Cluses,46.082191,6.579781
202000009619,19,7,2020,11,1,69,69264,1,1,1,-1,A6,45.998178,4.735714
202000009620,18,7,2020,10,1,13,13118,1,1,1,4,A8,43.552296,5.248117
202000009621,18,7,2020,23,3,988,98833,1,1,1,6,RPN3/KOUAOUA,-21.438239,165.82445
202000009622,19,7,2020,8,1,78,78164,1,1,1,6,Route de Saint Arnoult,48.597292,1.928022
202000009623,19,7,2020,12,1,2B,2B042,2,9,1,3,route des marines de BORGO - à hauteur du 4674 entrée du lotssement des sables de BIGUGLIA,42.596186,9.496908
202000009624,19,7,2020,18,1,30,30130,1,1,1,1,RD 278,44.318099,3.966628
202000009625,18,7,2020,16,1,69,69239,1,1,1,7,D313,45.909355,4.514107
202000009626,19,7,2020,4,3,85,85298,1,1,1,7,Le Moulin de la Flaivière,46.58805,-1.73015
202000009627,19,7,2020,1,3,85,85003,1,2,1,3,Route de Martinet,46.70155,-1.65736
202000009628,19,7,2020,8,1,72,72154,2,1,7,3,Boulevard de Montréal,47.697738,-0.074702
202000009629,19,7,2020,19,1,14,14289,1,2,1,2,D63,48.889552,-0.115528
202000009630,18,7,2020,17,1,29,29057,1,1,1,5,D783 - 114 Lieu Dit Kerdiles,47.933119,-3.984502
202000009631,18,7,2020,14,1,35,35098,1,1,1,7,l'hotel roux,47.7548028,-1.6819899
202000009632,18,6,2020,18,1,19,19275,1,1,2,7,R.D. 982 SUD,45.51577,2.30493
202000009633,18,6,2020,23,5,13,13206,2,3,1,3,PRADO (AVENUE DU),43.2697462,5.3868601
202000009634,18,6,2020,11,1,13,13201,2,1,1,3,RIVE NEUVE (QUAI DE),43.2923,5.3657
202000009635,18,6,2020,12,1,13,13203,2,1,1,6,NATIONAL (BOULEVARD),43.308913,5.380598
202000009636,18,6,2020,10,1,13,13211,2,1,1,2,SAINT MARCEL (BOULEVARD DE ),43.287658,5.464816
202000009637,18,6,2020,7,1,13,13202,2,1,1,4,CHEMIN DU LITTORAL (CHEMIN DU),43.3357795,5.3543699
202000009638,17,6,2020,19,1,13,13207,2,1,1,5,CORDERIE (BOULEVARD DE LA),43.290343,5.369125
202000009639,17,6,2020,7,1,13,13208,2,6,1,6,ALAIN SAVARY (ROND-POINT),43.2459212,5.394611
202000009640,16,6,2020,8,1,13,13201,2,2,1,3,DUGOMMIER (BOULEVARD)     1 A 29,43.29764,5.38104
202000009641,16,6,2020,21,2,11,11262,2,3,1,7,CAMELLE (RUE CALIXTE),43.188243,3.012101
202000009642,18,6,2020,8,1,10,10387,2,6,1,3,MARIE DE CHAMPAGNE (RUE),48.307018,4.059628
202000009643,18,6,2020,14,1,06,06088,2,1,1,6,VEROLA (AV. AUGUSTE),43.7105,7.1896
202000009644,18,6,2020,14,1,06,06088,2,1,1,2,GIOFFREDO (R.),43.7013,7.275921
202000009645,18,6,2020,2,5,06,06088,2,1,1,7,CROTTI (DESCENTE),43.6973,7.2737
202000009646,19,6,2020,0,5,06,06083,2,1,1,1,"SERRES DE LA MADONE (ROUTE DES, N° 115 E",43.775199,7.474291
202000009647,18,6,2020,8,1,06,06069,2,1,1,1,VICTORIA (AVENUE ET TRAVERSE),43.666618,6.93645
202000009648,17,6,2020,15,1,05,05061,2,6,1,3,Bernard GIVAUDAN (Avenue) D900B,44.5431,6.06513
202000009649,14,6,2020,11,1,04,04112,2,1,1,6,379 av Georges Pompidou,43.82442,5.784461
202000009650,18,6,2020,16,1,01,01053,2,1,1,5,SAINT NICOLAS ( BD ) IMPAIR,46.20294,5.23334
202000009651,18,6,2020,9,1,75,75118,2,1,1,5,PORTE DE CLIGNANCOURT,48.901047,2.344
202000009652,18,6,2020,7,1,75,75119,2,1,1,3,PORTE DES LILAS,48.882809,2.400819
202000009653,17,6,2020,18,1,75,75117,2,1,1,2,PORTE D ASNIERES,48.889591,2.297417
202000009654,15,6,2020,13,1,75,75119,2,4,1,2,BOULEVARD PERIPHERIQUE,48.892924,2.395445
202000009655,18,6,2020,9,1,75,75101,2,3,1,3,RUE DE RIVOLI,48.865296,2.327295
202000009656,18,6,2020,5,2,75,75101,2,2,1,3,QUAI FRANCOIS MITTERRAND,48.860111,2.333348
202000009657,18,6,2020,20,1,75,75120,2,2,1,3,RUE DES GRANDS CHAMPS,48.851659,2.407002
202000009658,18,6,2020,16,1,75,75119,2,4,1,6,RUE DE BELLEVILLE,48.872417,2.378097
202000009659,18,6,2020,18,1,75,75119,2,1,1,7,BOULEVARD SERURIER,48.895264,2.394158
202000009660,18,6,2020,2,5,75,75118,2,3,1,6,BOULEVARD DE CLICHY,48.88442,2.330552
202000009661,18,6,2020,4,5,75,75116,2,7,1,3,PLACE DE LA PORTE D AUTEUIL,48.848112,2.259021
202000009662,17,6,2020,18,1,75,75116,2,1,1,2,RUE DE LONGCHAMP,48.867338,2.277874
202000009663,30,5,2020,13,1,75,75116,2,7,1,3,PLACE DU TROCADERO ET DU 11 NOVEMBRE,48.8634108,2.286952
202000009664,18,6,2020,7,1,75,75114,2,3,1,3,AVENUE DE LA PORTE DE CHATILLON,48.823855,2.317716
202000009665,17,6,2020,22,5,75,75114,2,1,1,6,BOULEVARD ARAGO,48.834559,2.335732
202000009666,17,6,2020,19,1,75,75114,2,1,1,3,RUE DU COMMANDANT RENE MOUCHOTTE,48.838821,2.320464
202000009667,17,6,2020,16,1,75,75114,2,1,1,3,BOULEVARD BRUNE,48.827083,2.307831
202000009668,18,6,2020,19,1,75,75113,2,2,1,3,RUE DES PEUPLIERS,48.821597,2.35255
202000009669,18,6,2020,9,1,75,75112,2,7,1,3,RUE FABRE D EGLANTINE,48.847853,2.395827
202000009670,18,6,2020,10,1,75,75111,2,7,1,-1,BOULEVARD VOLTAIRE,48.858242,2.379375
202000009671,18,6,2020,8,1,75,75109,2,2,1,6,RUE DE LA CHAUSSEE D ANTIN,48.876252,2.331866
202000009672,17,6,2020,15,1,75,75109,2,7,1,2,RUE HALEVY,48.871123,2.332299
202000009673,18,6,2020,20,1,75,75108,2,2,1,3,RUE DE BASSANO,48.871396,2.299985
202000009674,18,6,2020,9,1,75,75107,2,7,1,2,PLACE DE LA RESISTANCE,48.862297,2.301953
202000009675,18,6,2020,18,1,75,75103,2,3,1,7,RUE DU PARC ROYAL,48.858347,2.363845
202000009676,17,6,2020,22,5,94,94081,2,1,1,2,FONTAINEBLEAU (RTE DE),48.776402,2.367665
202000009677,18,6,2020,22,5,94,94081,2,1,1,2,FONTAINEBLEAU (RTE DE),48.776637,2.36765
202000009678,18,6,2020,14,1,94,94028,2,1,2,6,TASSIGNY(AVE DU MARECHAL DE LATTRE DE),48.799008,2.4538464
202000009679,16,6,2020,14,1,93,93066,2,1,1,2,CYGNE,48.9354327,2.3573085
202000009680,18,6,2020,19,1,93,93051,2,6,1,2,AV PAVE NEUF,48.8403715,2.5590863
202000009681,18,6,2020,11,1,93,93049,2,1,1,7,GALLIENI (BOULEVARD),48.8533,2.5152
202000009682,18,6,2020,14,1,93,93048,2,2,1,3,HENRI BARBUSSE (BOULEVARD),48.8684,2.4415
202000009683,18,6,2020,11,1,93,93048,2,3,1,3,ROSNY (RUE DE),48.8606422,2.4439377
202000009684,18,6,2020,14,1,93,93031,2,1,1,2,FOCH (BOULEVARD),48.9472,2.3341617
202000009685,18,6,2020,18,1,92,92026,2,1,1,3,GEORGES CLEMENCEAU,48.9028,2.2735
202000009686,17,6,2020,1,5,92,92060,2,3,1,6,MOULIN FIDEL (RUE DU),48.7755992,2.2631202
202000009687,18,6,2020,16,1,60,60623,2,4,1,1,Rue d'Hémécourt,49.5498301,1.850281
202000009688,19,6,2020,8,1,95,95134,1,1,1,4,D301,49.135318,2.255352
202000009689,19,6,2020,8,1,83,83058,1,1,7,3,Route de Salernes,43.544773,6.315331
202000009690,16,6,2020,18,1,86,86260,1,2,3,3,D72,46.9102359,0.3526746
202000009691,17,6,2020,14,1,06,06019,2,3,1,3,D2204,43.771955,7.333036
202000009692,18,6,2020,19,1,28,28173,2,1,1,3,44 grande rue,48.469905,1.537861
202000009693,19,6,2020,14,1,60,60479,1,1,1,5,Route Departementale 136,49.207231,2.857958
202000009694,19,6,2020,10,1,83,83070,2,1,1,3,Avenue André Gide,43.138534,6.373835
202000009695,16,6,2020,15,1,62,62631,2,1,1,-1,5 Route Nationale,50.306768,2.294855
202000009696,18,6,2020,22,5,83,83096,1,1,1,2,Dn7,43.4702556,5.7758657
202000009697,20,5,2020,19,1,83,83087,1,6,1,3,d560,43.39529,5.799959
202000009698,18,6,2020,23,3,56,56130,1,1,1,6,Lieu Dit Kerviherne,47.73927,-3.271377
202000009699,18,6,2020,17,1,80,80811,1,1,1,3,D417,49.761433,2.994525
202000009700,19,6,2020,13,1,63,63003,2,1,1,3,97 Avenue de Lyon,45.544144,3.754315
202000009701,18,6,2020,23,3,55,55263,2,1,8,6,15 Rue Molguson,48.859499,5.485321
202000009702,18,6,2020,23,5,47,47144,2,4,1,6,D227,44.591495,0.397278
202000009703,19,6,2020,1,3,41,41074,1,1,1,7,La Vallee des Ouches,47.57751,1.670147
202000009704,18,6,2020,16,1,25,25434,2,1,1,2,RUE DE LA CORVÉE,47.107433,6.138954
202000009705,17,6,2020,15,1,84,84133,1,3,1,3,RD9,43.727317,5.508694
202000009706,19,6,2020,12,1,03,03236,1,1,1,3,96 Route de Bourzat,46.1852679,3.4242035
202000009707,18,6,2020,15,1,15,15098,1,1,1,-1,lieu dit la jureuge,45.270054,3.092244
202000009708,19,6,2020,5,2,72,72062,1,1,1,7,Le Petit Chene aux Loups,48.227182,0.603584
202000009709,18,6,2020,12,1,06,06010,1,3,1,1,D3,43.696046,6.967948
202000009710,19,6,2020,14,1,06,06007,1,1,7,7,1645 Route de Saint Jacques,43.619716,6.918425
202000009711,19,6,2020,13,1,06,06085,1,1,1,7,Chemin du Coudouron,43.584282,6.970836
202000009712,19,6,2020,15,1,14,14726,2,1,1,6,Lieu Dit la Criere,48.910432,-0.801073
202000009713,18,6,2020,22,5,60,60584,2,1,1,3,7 Rue de Rouen,49.215659,2.4086341
202000009714,19,6,2020,10,1,64,64256,2,1,1,3,Route de cambo -- Départementale 10,43.382761,-1.320785
202000009715,18,6,2020,16,1,73,73010,2,3,1,3,D54 / Impasse du Longeret,45.7903617,5.9427541
202000009716,19,6,2020,12,1,16,16300,2,1,1,6,8 Rue de Neufgrange,45.847891,0.288624
202000009717,19,6,2020,16,1,53,53276,2,3,1,1,intersection D125 et rue des ruisseaux,48.140379,-0.291181
202000009718,6,6,2020,1,3,21,21562,1,1,1,7,D27,47.558023,5.378451
202000009719,19,6,2020,20,1,27,27065,2,1,1,6,Rue de la Bertinière,49.344611,0.343336
202000009720,19,6,2020,16,1,48,48013,1,3,1,3,Zone économique jean-Antoine Chaptal - Lieu dit Redoundels,44.563375,3.526772
202000009721,18,6,2020,19,1,52,52175,1,1,2,1,RD 67 A PK 2 + 160,48.356434,5.168059
202000009722,19,6,2020,10,1,49,49373,1,1,2,3,D960,47.156601,-0.419626
202000009723,5,6,2020,22,3,06,06088,1,1,1,2,"A8, PK 191+500 chaussée sud",43.710246,7.198963
202000009724,19,6,2020,9,1,31,31254,2,1,1,6,2286 Route de Baziège,43.542805,1.520528
202000009725,19,6,2020,16,1,34,34172,1,1,1,6,autoroute 709,43.597223,3.91242
202000009726,18,6,2020,16,1,62,62121,1,1,1,4,A1,50.127182,2.871809
202000009727,24,5,2020,7,1,974,97412,1,1,7,7,Cratère Commerson (Volcan),-21.203178,55.647039
202000009728,19,6,2020,16,1,77,77437,1,1,1,1,Route Nationale 330,49.043326,2.79469
202000009729,19,6,2020,11,1,84,84129,2,1,1,6,chemin des coutchougous,44.009992,4.86906
202000009730,19,6,2020,9,1,83,83047,1,1,1,3,Route de Toulon,43.140546,6.045098
202000009731,19,6,2020,9,1,83,83115,2,1,1,6,30 Avenue Georges Pompidou,43.310074,6.629314
202000009732,18,6,2020,23,5,13,13086,2,1,1,6,Allee de l'Huveaune,43.336757,5.600884
202000009733,18,6,2020,19,1,13,13042,1,6,7,3,D8n,43.279349,5.611889
202000009734,19,6,2020,17,1,55,55435,2,1,1,3,27 Rue de Gironde,48.744984,5.031926
202000009735,19,6,2020,10,1,01,01424,1,3,1,1,2096 Route des Echets,45.872651,4.93741
202000009736,30,5,2020,19,1,44,44215,2,3,1,2,Avenue du Cheminet,47.174902,-1.514096
202000009737,19,6,2020,11,1,14,14762,2,2,1,6,20 Rue General Leclerc (Vire),48.839801,-0.890536
202000009738,18,6,2020,17,1,14,14712,2,1,8,5,4 Rue des Anciens Afn,49.1818,-0.181277
202000009739,18,6,2020,15,1,13,13210,1,1,1,2,A50-Sens Marseille vers Aubagne,43.2847,5.41722
202000009740,16,6,2020,9,1,13,13001,2,1,1,2,A51-Sens Marseille vers Aix en Provence,43.491155,5.40736
202000009741,18,6,2020,8,1,13,13215,1,1,1,7,A7-Sens Lyon vers Marseille,43.3685297,5.3608088
202000009742,17,6,2020,12,1,13,13215,1,1,1,2,A7-Sens Lyon vers Marseille,43.366,5.3606
202000009743,17,6,2020,14,1,13,13211,1,1,1,2,A50-Sens Marseille vers Aubagne,43.29266,5.45418
202000009744,18,6,2020,19,1,91,91553,1,1,1,6,RN 104,48.62998,2.4852
202000009745,18,6,2020,11,1,94,94037,1,1,1,2,AUTOROUTE A6A,48.8158,2.3363
202000009746,18,6,2020,7,1,91,91064,1,1,1,2,RN 118,48.7487,2.2169
202000009747,18,6,2020,17,1,92,92060,1,1,1,6,RN385,48.775807,2.237429
202000009748,18,6,2020,19,1,93,93010,1,1,1,2,AUTOROUTE A3,48.90652,2.47247
202000009749,18,6,2020,17,1,93,93007,1,1,1,3,AUTOROUTE A1,48.94627,2.44153
202000009750,18,6,2020,8,1,92,92036,1,1,1,2,AUTOROUTE A86,48.938,2.29741
202000009751,17,6,2020,15,1,93,93063,1,1,1,3,AUTOROUTE A3,48.87569,2.44146
202000009752,16,6,2020,19,1,93,93066,1,1,1,3,AUTOROUTE A86,48.9225,2.3585
202000009753,18,6,2020,16,1,77,77337,1,1,1,7,A4,48.8301789,2.6136965
202000009754,18,6,2020,13,1,77,77373,1,1,1,2,RN104,48.78939,2.61805
202000009755,17,6,2020,19,1,75,75112,1,1,1,4,A4,48.818697,2.457123
202000009756,17,6,2020,11,1,75,75112,1,1,1,4,A4,48.825267,2.463828
202000009757,5,1,2020,15,1,12,12254,1,3,1,2,RD840 PK010+000,44.407187,2.49018
202000009758,11,1,2020,11,1,92,92025,2,3,1,6,STALINGRAD (AV DE),48.930052,2.267722
202000009759,17,6,2020,20,5,988,98818,2,1,1,6,GARNIER (RUE JULES),-22.28961,166.44163
202000009760,15,6,2020,0,5,974,97411,2,9,1,5,Route Nationale 2,-20.8863,55.49368
202000009761,17,6,2020,8,1,974,97409,1,1,1,5,PENTE SASSY (chemin de la),-20.96341,55.65887
202000009762,16,6,2020,17,1,974,97407,1,1,1,4,ROUTE NATIONALE N° 1,-20.95231,55.3168
202000009763,17,6,2020,19,1,69,69387,2,1,1,3,LORTET                              (R ),45.7424727,4.8396157
202000009764,17,6,2020,17,1,69,69259,2,1,2,2,FRANCIS DE PRESSENSE                (AV),45.7111,4.87512
202000009765,17,6,2020,12,1,972,97213,1,1,1,2,AUTOROUTE A1,14.6181,-61.0344
202000009766,17,6,2020,9,1,972,97213,1,1,1,3,ROUTE NATIONALE 5,14.5981,-60.999
202000009767,17,6,2020,2,5,69,69389,2,1,1,3,ARLOING                             (QU),45.7706314,4.8120764
202000009768,16,6,2020,16,1,95,95288,2,6,1,3,JULES VINCENT (RUE),48.98329,2.34286
202000009769,17,6,2020,19,1,95,95018,2,1,1,6,PERI (AVENUE GABRIEL),48.9436676,2.2515543
202000009770,16,6,2020,16,1,83,83118,2,9,1,3,Boulevard 36ème Division Texas D559,43.417,6.8376
202000009771,17,6,2020,9,1,81,81065,2,1,1,7,ALBERT 1° (AV),43.5988544,2.2315121
202000009772,16,6,2020,3,3,79,79191,2,1,2,7,Route de Coulonges,46.35847,-0.48311
202000009773,16,6,2020,18,1,77,77122,2,9,1,6,ACACIAS (RUE DES),48.6671194,2.5485987
202000009774,14,6,2020,4,5,76,76497,1,1,1,2,RN 138,49.3696529,1.0419657
202000009775,16,6,2020,13,1,72,72181,2,1,2,3,PANORAMA (RUE DU) N° IMP,47.96169,0.21398
202000009776,17,6,2020,9,1,68,68224,2,1,1,1,NEPPERT (RUE),47.7545,7.33836
202000009777,17,6,2020,3,2,67,67482,2,1,1,6,LEO SCHNUG (RUE),48.53929,7.76514
202000009778,16,6,2020,17,1,63,63300,2,3,1,2,RD 78,45.88463,3.12284
202000009779,16,6,2020,9,1,63,63113,2,1,1,-1,FRANCE (RUE ANATOLE),45.77781,3.10541
202000009780,11,6,2020,9,1,63,63075,2,1,1,-1,DESCARTES (RUE),45.7814382,3.0691819
202000009781,8,6,2020,14,1,63,63113,1,3,1,3,772 BEAULIEU /puy Long,45.76188,3.15048
202000009782,13,6,2020,2,5,58,58194,2,1,1,6,EPERON,46.9915,3.1791
202000009783,13,6,2020,2,5,58,58194,2,1,1,2,PIERRE DE COUBERTIN,46.98632,3.16047
202000009784,16,6,2020,15,1,56,56121,2,1,1,6,SVOB ( BOULEVARD EMMANUEL),47.75046,-3.36746
202000009785,16,6,2020,14,1,54,54395,2,1,1,3,ARC (RUE JEANNE D' N°53 A 189-60 A 175),48.683048,6.1737371
202000009786,16,6,2020,17,1,49,49328,2,1,2,6,Rue du Thouet,47.2764,-0.11305
202000009787,24,1,2020,18,1,49,49099,2,1,1,6,LORRAINE (RUE DE),47.05643,-0.86136
202000009788,16,6,2020,19,1,49,49007,2,1,1,3,ARNAULD ( HENRI) BOULEVARD,47.47162,-0.56439
202000009789,16,6,2020,19,1,49,49246,2,1,1,3,ECLATERIES HAUT,47.45035,-0.52319
202000009790,14,6,2020,18,1,40,40192,1,9,1,3,ROCADE EST (RD 932 E),43.87461,-0.46871
202000009791,17,6,2020,17,1,38,38185,1,1,1,5,A480,45.17583,5.70226
202000009792,3,6,2020,11,1,38,38053,2,1,1,6,Route de Saint Jean de Bournay,45.57977,5.27449
202000009793,17,6,2020,7,1,37,37195,2,2,1,2,PRIEURE (AVENUE DU),47.3843833,0.6524293
202000009794,16,6,2020,9,1,37,37233,2,1,1,6,FRANCE (RUE ANATOLE),47.3918264,0.722519
202000009795,17,6,2020,20,1,35,35238,2,1,1,3,FREVILLE (AVENUE HENRI),48.08977,-1.67487
202000009796,17,6,2020,8,1,33,33281,2,4,2,5,AVE PIERRE MENDES-FRANCE / RUE MICHEL DE MONTAIGNE,44.817041,-0.6341356
202000009797,10,6,2020,15,1,33,33063,2,3,1,6,RUE ROBERT SCHUMAN / RUE LOUIS GEANDREAU,44.8588387,-0.5830655
202000009798,17,6,2020,9,1,31,31555,2,1,1,3,CHE DES ETROITS,43.57275,1.43939
202000009799,16,6,2020,8,1,31,31555,2,1,1,6,RUE MATABIAU,43.61368,1.4503
202000009800,14,6,2020,14,1,31,31555,1,1,1,3,RTE D ALBI,43.64524,1.4691
202000009801,6,6,2020,13,1,27,27229,2,1,1,6,GRAND CARREFOUR (PLACE DU),49.0276567,1.150494
202000009802,23,5,2020,18,1,27,27229,2,1,1,6,RUE VICTORIA MXENGE,49.00879,1.15889
202000009803,15,6,2020,21,1,22,22360,1,6,1,6,RD700,48.4784397,-2.7681427
202000009804,18,6,2020,0,5,13,13210,2,1,1,3,RABATAU (BOULEVARD),43.28082,5.39945
202000009805,17,6,2020,17,1,13,13208,2,1,1,1,ANDRE ZENATTI (AVENUE),43.246298,5.388013
202000009806,17,6,2020,15,1,13,13216,2,1,1,1,MARTIN (TRAVERSE),43.353558,5.340962
202000009807,17,6,2020,15,1,13,13208,2,1,1,6,RAYMOND TEISSERE (RUE),43.272938,5.399251
202000009808,17,6,2020,9,1,13,13205,2,1,1,6,JEANNE D'ARC (BOULEVARD),43.29359,5.40219
202000009809,17,6,2020,6,2,13,13209,2,1,1,3,SCHLOESING (BOULEVARD),43.273433,5.400547
202000009810,14,6,2020,19,1,13,13211,2,1,1,2,SAINT LOUP (BOULEVARD DE),43.283996,5.435494
202000009811,17,6,2020,14,1,12,12145,1,3,1,1,D911,44.144958,3.014268
202000009812,16,6,2020,9,1,05,05061,2,3,1,3,JEAN JAURES ( AVENUE ),44.55002,6.06859
202000009813,17,6,2020,9,1,75,75116,2,1,1,3,PORTE D AUTEUIL,48.846546,2.254682
202000009814,16,6,2020,22,5,75,75120,2,4,1,3,ECHANGEUR BAGNOLET,48.868282,2.413515
202000009815,17,6,2020,17,1,75,75119,2,3,1,6,QUAI DE LA MARNE,48.889672,2.382632
202000009816,17,6,2020,11,1,75,75119,2,2,1,3,RUE CURIAL,48.893268,2.373137