Num_Acc,jour,mois,an,hr,condition_eclairage,departement,commune,condition_agglomeration,intersection,condition_atmosphere,type_collision,adresse,lattitude,longitude
202000009817,17,6,2020,11,1,75,75119,2,4,1,3,BOULEVARD DE LA VILLETTE,48.875173,2.37361
202000009818,17,6,2020,4,5,75,75119,2,2,1,6,QUAI DE LA LOIRE,48.887914,2.37995
202000009819,16,6,2020,16,1,75,75118,2,4,8,3,BOULEVARD ORNANO,48.892707,2.348753
202000009820,16,6,2020,13,1,75,75117,2,2,1,2,RUE JOUFFROY D ABBANS,48.886936,2.312642
202000009821,17,6,2020,20,1,75,75116,2,3,1,3,AVENUE DE NEW YORK,48.863219,2.296181
202000009822,17,6,2020,16,1,75,75116,2,3,1,3,AVENUE DE NEW YORK,48.863,2.295217
202000009823,17,6,2020,10,1,75,75116,2,1,1,3,VOIE GEORGES POMPIDOU,48.848222,2.275678
202000009824,17,6,2020,11,1,75,75116,2,1,1,3,AVENUE DU PRESIDENT WILSON,48.864831,2.296621
202000009825,17,6,2020,11,1,75,75116,2,1,1,3,ALLEE DE LA REINE MARGUERITE,48.871481,2.253441
202000009826,28,7,2020,20,1,42,42218,2,1,1,3,Boulevard Jules Janin,45.4444992,4.3976295
202000009827,26,7,2020,14,1,02,02163,1,1,1,6,Route du Rez,48.970743,3.289249
202000009828,14,10,2020,9,1,988,98818,2,1,1,2,AVENUE DE LA VICTOIRE H. LAFLEUR,-22.27439,166.44598
202000009829,12,10,2020,15,1,69,69386,2,2,1,3,MONTGOLFIER                         (R ),45.7721,4.8509
202000009830,13,10,2020,6,3,69,69383,2,3,1,3,PAUL BERT                           (R ),45.75611,4.8727
202000009831,28,9,2020,15,1,2A,2A004,1,3,2,2,AEROPORT NAPOLEON BONAPARTE,41.9211032,8.7872833
202000009832,13,10,2020,8,2,95,95607,2,1,2,6,TEMPS DES CERISES (BOULEVARD DU),49.0222,2.21851
202000009833,13,10,2020,14,1,91,91161,2,3,8,3,CHARLES DE GAULLE (AVENUE),48.704487,2.322312
202000009834,13,10,2020,22,5,91,91201,2,1,1,6,ALPHONSE DAUDET(RUE),48.66303,2.42361
202000009835,10,10,2020,10,1,87,87085,1,1,1,4,RN520,45.89031,1.27105
202000009836,13,10,2020,20,5,86,86194,2,9,2,6,Place de Provence,46.589365,0.358017
202000009837,11,10,2020,19,2,86,86194,2,9,1,4,Avenue du 11 Novembre,46.56723,0.36599
202000009838,12,10,2020,13,5,85,85194,2,1,1,3,Route de la Mer,46.54538,-1.81007
202000009839,13,10,2020,10,1,85,85191,2,3,1,6,BELGES BOULEVARD DES,46.67505,-1.42373
202000009840,12,10,2020,15,1,83,83141,2,9,1,7,TRANS AU PUITS DE BEL EOUVE,43.50613,6.49643
202000009841,13,10,2020,18,1,79,79259,1,4,2,4,137 Route de Bressuire,46.94757,-0.23021
202000009842,13,10,2020,9,1,78,78190,2,2,2,3,RONDE (CHEMIN DE),48.87894,2.12662
202000009843,6,9,2020,0,3,78,78220,1,1,1,6,RN 10,48.730475,1.898884
202000009844,12,10,2020,6,3,77,77384,1,1,1,7,OURDY (ROUTE D'),48.608568,2.613459
202000009845,12,10,2020,10,1,71,71486,2,1,1,3,JEAN DAMICHEL (RUE),46.655226,4.3727742
202000009846,12,10,2020,20,5,69,69029,2,7,8,7,GEORGES CLEMENCEAU                  (R ),45.75199,4.89961
202000009847,13,10,2020,12,1,69,69266,1,1,1,6,LAURENT BONNEVAY    (Boulevard),45.7871,4.8789
202000009848,5,8,2020,19,1,69,69266,2,6,1,2,TOLSTOI    (Cours),45.76379,4.8742
202000009849,12,10,2020,8,1,69,69275,2,2,1,3,FRANKLIN ROOSEVELT                  (AV),45.74967,4.93399
202000009850,12,10,2020,15,1,69,69290,2,1,8,3,HENRI MARECHAL                      (R ),45.6960062,4.9416588
202000009851,12,10,2020,18,1,65,65440,2,3,1,3,MERMOZ (AVENUE JEAN),43.2449136,0.0589389
202000009852,13,10,2020,16,1,64,64545,2,6,2,3,RD810,43.37236,-1.68153
202000009853,13,10,2020,8,1,64,64445,2,1,2,3,GRAMONT,43.29625,-0.37506
202000009854,13,10,2020,14,1,64,64024,2,6,2,7,avenue leon laporte,43.49077,-1.49681
202000009855,8,10,2020,13,1,60,60414,2,1,1,6,LENINE (RUE),49.25337,2.44853
202000009856,14,10,2020,1,5,59,59009,2,2,2,3,BREUCQ BOULEVARD DU,50.61706,3.13536
202000009857,9,10,2020,18,1,59,59165,1,2,1,5,FAUBOURG D'ESQUERCHIN (RUE DU),50.37261,3.02814
202000009858,12,10,2020,7,2,54,54395,2,3,8,3,BEAUVAU (RUE DE),48.6897316,6.1664428
202000009859,12,10,2020,8,1,49,49353,2,1,1,6,JEAN JAURES RUE,47.44346,-0.49736
202000009860,8,10,2020,16,1,46,46042,1,3,1,3,Départementale 811 (entre Cahors et Merc,44.491803,1.406176
202000009861,13,10,2020,14,1,45,45302,1,1,2,2,Ancienne Route de Chartres,47.96868,1.8661
202000009862,13,10,2020,8,1,45,45169,2,3,1,3,Rue du Val d’Orléans - avenue de la coudraye ,47.920837,1.837447
202000009863,13,10,2020,7,1,45,45234,2,6,2,2,rond-point tangentielle ,47.92444,1.93971
202000009864,12,10,2020,8,1,41,41018,2,1,1,6,FENELON (RUE),47.58508,1.31786
202000009865,13,10,2020,0,5,38,38185,2,2,1,2,Avenue Malherbe,45.1689,5.73247
202000009866,12,10,2020,19,5,38,38151,2,1,1,6,Avenue Edmond Esmonin,45.15914,5.72636
202000009867,13,10,2020,8,1,37,37195,2,1,2,7,PROUDHON (AVENUE),47.3896042,0.6474027
202000009868,12,10,2020,11,1,37,37261,2,1,1,-1,BERT (QUAI PAUL),47.4032072,0.7020752
202000009869,13,10,2020,12,1,35,35281,2,1,1,6,TILLION (AVENUE GERMAINE),48.09371,-1.7049
202000009870,13,10,2020,8,1,35,35238,1,1,1,1,CHAMPS ROTIS  (LIEU DIT),48.1385594,-1.7160747
202000009871,13,10,2020,21,5,34,34172,2,3,1,3,ESPEYRAN FREDERIC SA,43.62439,3.8627
202000009872,11,10,2020,18,1,34,34032,2,1,1,6,VERDUN (BD DE),43.33631,3.22523
202000009873,9,10,2020,8,1,33,33167,2,6,1,3,AVE JEAN ALFONSEA,44.82583,-0.52776
202000009874,13,10,2020,8,2,33,33167,2,1,2,3,RUE YVES DU MANOIR,44.83979,-0.53307
202000009875,13,10,2020,8,1,33,33069,2,6,1,6,AVE VICTOR HUGO,44.87,-0.59251
202000009876,4,10,2020,11,1,33,33281,2,6,3,6,AVE DE L'YSER,44.8417,-0.66694
202000009877,13,10,2020,9,1,31,31555,1,1,2,4,24 EMPALOT  (PERIPH OUEST A620),43.57584,1.44176
202000009878,12,10,2020,13,1,31,31555,2,1,1,3,A62,43.6453,1.46899
202000009879,13,10,2020,6,5,30,30189,2,2,1,6,LENOIR ETIENNE (RUE),43.81092,4.33955
202000009880,12,10,2020,12,1,29,29039,2,6,2,1,Rue René Madec,47.8903082,-3.9154267
202000009881,12,10,2020,10,1,29,29039,1,1,8,2,Rue Jacques Noel Sané,47.90117,-3.91113
202000009882,13,10,2020,17,1,27,27681,2,1,1,3,CHAUFFOUR (RUE DE),49.08445,1.47474
202000009883,13,10,2020,9,1,17,17306,2,1,1,6,EUROPE (COURS DE L'),45.62384,-1.03234
202000009884,14,10,2020,0,5,13,13203,2,1,1,6,GUSTAVES DESPLACES (BOULEVARD),43.30559,5.38047
202000009885,13,10,2020,22,5,13,13211,2,1,1,5,JEAN LOMBARD (AVENUE),43.28895,5.43468
202000009886,13,10,2020,14,1,13,13209,2,1,1,2,LÉON LACHAMP (ROUTE),43.24951,5.44463
202000009887,12,10,2020,16,1,13,13206,2,2,1,3,PRADO (AVENUE DU),43.2840001,5.3848
202000009888,12,10,2020,16,1,10,10333,2,1,1,6,ROCADE OUEST (RD 610),48.27908,4.04159
202000009889,13,10,2020,12,1,06,06069,2,1,1,7,SIDI BRAHIM (AVENUE),43.64988,6.93096
202000009890,13,10,2020,10,1,06,06027,2,1,1,6,JUIN BOULEVARD MARECHAL,43.6557,7.1514
202000009891,9,10,2020,20,5,05,05061,1,1,1,6,D942 A,44.53992,6.09064
202000009892,12,10,2020,12,1,03,03262,1,1,1,3,Route de la Loue,46.3800053,2.5799726
202000009893,13,10,2020,19,2,75,75114,2,4,1,2,ECHANGEUR ORLEANS,48.819225,2.329053
202000009894,12,10,2020,16,1,75,75120,2,4,1,5,PORTE DE BAGNOLET,48.863502,2.413408
202000009895,12,10,2020,19,2,75,75114,2,1,1,6,RUE D ALESIA,48.829418,2.322333
202000009896,13,10,2020,18,5,75,75105,2,1,1,3,AVENUE DES GOBELINS,48.837327,2.3515
202000009897,13,10,2020,14,1,75,75119,2,1,8,3,RUE DE ROMAINVILLE,48.877509,2.402322
202000009898,13,10,2020,7,2,75,75119,2,1,2,3,RUE MEYNADIER,48.883417,2.383248
202000009899,12,10,2020,23,5,75,75108,2,7,1,3,AVENUE DE WAGRAM,48.8777747,2.298045
202000009900,13,10,2020,14,1,75,75115,2,5,1,2,BOULEVARD LEFEBVRE,48.829777,2.295535
202000009901,13,10,2020,0,5,75,75114,2,2,2,3,RUE VERCINGETORIX,48.832734,2.311524
202000009902,9,10,2020,17,1,75,75113,2,1,1,2,RUE DE PATAY,48.824798,2.375826
202000009903,13,10,2020,7,2,75,75112,2,2,2,3,AVENUE DE LA PORTE DE CHARENTON,48.831693,2.397823
202000009904,13,10,2020,16,1,75,75111,2,3,1,-1,AVENUE DE LA REPUBLIQUE,48.864142,2.380212
202000009905,13,10,2020,21,5,75,75110,2,3,1,6,RUE DU FAUBOURG SAINT MARTIN,48.882543,2.36693
202000009906,12,10,2020,23,5,75,75109,2,3,1,3,BOULEVARD POISSONNIERE,48.870956,2.34675
202000009907,13,10,2020,8,1,75,75108,2,1,2,3,BOULEVARD DE COURCELLES,48.881071,2.31463
202000009908,13,10,2020,21,5,75,75104,2,2,1,6,RUE DE RIVOLI,48.856943,2.353818
202000009909,13,10,2020,11,1,75,75104,2,2,2,6,RUE DU PONT LOUIS PHILIPPE,48.854605,2.355166
202000009910,13,10,2020,7,1,75,75101,2,3,3,3,BOULEVARD DE SEBASTOPOL,48.862951,2.350642
202000009911,12,10,2020,12,1,94,94068,2,1,1,7,PORT AU FOUARRE (AV DU),48.789205,2.478557
202000009912,13,10,2020,20,5,94,94046,2,3,1,6,DIX HUIT JUIN 1940 (R DU),48.80434,2.4434
202000009913,13,10,2020,7,2,94,94073,2,3,2,3,BAS MARIN (R DU),48.75439,2.38622
202000009914,13,10,2020,17,1,94,94001,2,1,2,6,SAINT GEORGES (R),48.7228502,2.4206668
202000009915,13,10,2020,18,1,94,94017,2,1,1,3,STALINGRAD (BD DE),48.82782,2.49393
202000009916,13,10,2020,15,1,93,93066,2,1,2,2,VAILLANT COUTURIER PAUL (AV) NR 2 A 110,48.935272,2.3673997
202000009917,13,10,2020,12,1,93,93064,2,1,2,6,MERMOZ (RUE JEAN),48.8796266,2.4877585
202000009918,13,10,2020,13,1,93,93053,2,1,2,6,VOSGES (RUE DES),48.89056,2.44775
202000009919,13,10,2020,7,2,93,93053,2,7,2,6,JEANNE D'ARC (PLACE),48.8899163,2.452985
202000009920,13,10,2020,5,5,93,93047,2,2,3,3,PAQUERETTES  (AVENUE DES),48.8985667,2.5504155
202000009921,13,10,2020,16,1,93,93031,2,3,1,1,NANCY (RUE DE),48.9567924,2.2998303
202000009922,13,10,2020,11,1,93,93005,2,6,2,6,NICOLAS ROBERT (RUE),48.9444624,2.4878796
202000009923,12,10,2020,14,1,92,92072,2,1,1,7,TROYON (RUE),48.8249,2.2283
202000009924,13,10,2020,18,1,92,92048,2,1,1,6,HENRI BARBUSSE (RUE),48.8086169,2.2432843
202000009925,13,10,2020,9,1,92,92044,2,2,2,6,J. GUESDE(RUE) 1A23 ET2A28,48.89219,2.29347
202000009926,13,10,2020,13,1,92,92025,2,1,1,3,LOUIS SEGUIN (BD),48.9356446,2.2507247
202000009927,13,10,2020,5,5,92,92024,2,3,2,3,CLICHY (QUAI DE) DE (104 A 202),48.9127494,2.3128033
202000009928,7,10,2020,15,1,92,92024,2,1,1,6,MARTRE (RUE) DE (59 A 109)   (58 A 120),48.90351,2.30578
202000009929,13,10,2020,11,1,92,92012,2,1,2,6,CHATEAU (RUE DU) 1/125 - 2/136,48.8425,2.24149
202000009930,12,10,2020,18,5,974,97415,2,1,1,3,21 Rue Jean Albany,-21.070082,55.268525
202000009931,8,10,2020,11,1,83,83058,2,1,1,1,D557,43.537085,6.397519
202000009932,8,10,2020,14,1,41,41167,2,1,1,6,23 Grande Rue,47.500022,1.174445
202000009933,21,9,2020,18,3,972,97207,1,1,1,1,RN6,14.599884,-60.966783
202000009934,12,10,2020,8,2,83,83134,2,1,1,6,D10,43.451564,6.430135
202000009935,14,10,2020,12,1,74,74010,2,3,1,-1,Route des Vernes,45.943209,6.128097
202000009936,14,10,2020,8,1,62,62233,1,1,1,1,CD 940,50.364066,1.653786
202000009937,14,10,2020,18,1,44,44038,1,1,1,1,D5,47.188604,-2.01436
202000009938,13,10,2020,17,1,79,79202,2,1,1,3,10 Avenue du General de Gaulle,46.648258,-0.24568
202000009939,14,10,2020,14,1,2A,2A085,1,1,3,5,ROUTE TERRITORIALE 40,41.90936,8.862394
202000009940,14,10,2020,8,1,42,42268,1,1,1,6,Route de Roanne (Amions),45.8744384,4.0399922
202000009941,12,10,2020,14,1,42,42130,1,1,2,1,Rue du Forez,45.666936,4.173496
202000009942,14,10,2020,8,1,35,35306,1,1,1,3,La Lande du Genet,48.583481,-1.911161
202000009943,13,10,2020,18,3,02,02594,1,1,2,-1,D4,49.165964,3.174148
202000009944,14,10,2020,5,3,58,58237,1,1,2,6,Curiot,47.359267,3.619507
202000009945,14,10,2020,14,1,72,72020,1,1,1,3,D59,48.231505,0.665735
202000009946,13,10,2020,17,1,72,72344,1,1,2,2,D323,47.940518,0.173861
202000009947,13,10,2020,16,1,83,83028,1,1,1,1,RD 25,43.587599,6.542487
202000009948,13,10,2020,13,1,60,60612,2,1,2,6,Rue Saint Hilaire,49.205938,2.586797
202000009949,14,10,2020,17,1,85,85047,2,1,1,3,65 Rue Carnot,46.848146,-1.884526
202000009950,13,10,2020,22,3,28,28386,2,1,1,6,5 Rue de Moulu le Mage,48.554136,1.296338
202000009951,13,10,2020,17,1,87,87011,2,1,2,6,17 Avenue de la Libération,46.122065,1.057949
202000009952,14,10,2020,14,1,48,48128,1,1,2,6,D806,44.775449,3.316004
202000009953,12,10,2020,15,1,48,48061,1,1,1,7,D907,44.283369,3.587852
202000009954,12,10,2020,21,5,973,97311,2,1,1,6,23 Route des Chutes de Voltaire,5.468245,-54.02944
202000009955,13,10,2020,11,1,91,91044,2,1,2,2,62 Avenue de la Division Leclerc,48.664354,2.277827
202000009956,13,10,2020,17,1,13,13067,1,1,1,4,Route Nationale 7,43.770629,5.057874
202000009957,13,10,2020,9,1,13,13053,2,2,1,3,7 Avenue Joliot-curie,43.728102,5.178061
202000009958,14,10,2020,11,1,13,13100,1,1,1,1,2872 Route de Maillane,43.814541,4.811014
202000009959,14,10,2020,9,1,88,88321,2,1,1,6,9 Rue Jules Ferry,48.357012,5.693536
202000009960,9,10,2020,11,1,63,63470,2,1,1,6,50 Rue des Moutys,45.866842,3.039254
202000009961,13,10,2020,19,5,38,38170,2,1,8,6,Route de Lyon,45.248553,5.6663
202000009962,8,10,2020,11,1,01,01027,2,2,1,6,Rue de la Mairie,45.832944,5.095789
202000009963,9,10,2020,17,1,14,14762,2,1,1,3,Rue de Paris,48.837062,-0.879046
202000009964,14,10,2020,9,1,60,60409,2,3,1,6,Rue de Froidvent,49.293809,2.459821
202000009965,14,10,2020,11,1,60,60010,2,1,8,6,Rue Nationale,49.205906,2.12152
202000009966,14,10,2020,16,1,02,02381,2,2,1,3,Rue Thiers,49.920953,4.080418
202000009967,13,10,2020,11,1,62,62318,2,3,2,6,Rue du Général Obert,50.513603,1.642839
202000009968,14,10,2020,2,3,62,62156,1,1,1,6,A16,50.906646,1.776524
202000009969,13,10,2020,9,1,13,13215,1,1,1,2,A7-Sens Lyon vers Marseille,43.3785619,5.3563734
202000009970,12,10,2020,18,1,13,13216,1,1,1,7,A55-Sens Martigues vers Marseille,43.36616,5.33191
202000009971,13,10,2020,0,3,69,69116,1,1,1,2,M6   447.390 A 447.520,45.80295,4.77154
202000009972,12,10,2020,17,1,69,69029,1,1,1,4,RD383   7.640 A 11.044,45.74915,4.90733
202000009973,13,10,2020,11,1,33,33013,1,2,2,5,ROUTE NATIONALE 89,44.86875,-0.50189
202000009974,13,10,2020,8,1,33,33281,1,1,2,3,ROCADE A 630,44.8173,-0.67307
202000009975,12,10,2020,13,1,59,59599,1,1,1,2,ROUTE METROPOLITAINE 656,50.7023022,3.157599
202000009976,11,10,2020,7,3,59,59599,1,1,2,2,AUTOROUTE A22,50.727886,3.124737
202000009977,11,10,2020,7,3,62,62193,1,1,1,6,AUTOROUTE A16,50.940968,1.828666
202000009978,8,10,2020,19,3,59,59665,1,1,2,6,AUTOROUTE A25,50.908876,2.486283
202000009979,13,10,2020,21,3,92,92002,1,1,1,3,AUTOROUTE A10,48.7340585,2.3142113
202000009980,13,10,2020,14,1,91,91340,1,1,8,2,RN 104,48.60873,2.4356
202000009981,13,10,2020,13,1,91,91471,1,1,1,6,RN 118,48.69755,2.1921
202000009982,13,10,2020,10,1,91,91235,1,1,2,4,RN 104,48.62416,2.3715
202000009983,13,10,2020,8,1,91,91521,1,1,2,4,AUTOROUTE A6,48.641127,2.393205
202000009984,13,10,2020,7,3,94,94038,1,1,1,4,A4,48.7721,2.3452
202000009985,13,10,2020,16,1,92,92025,1,1,1,2,A86,48.9203092,2.2250283
202000009986,13,10,2020,8,2,92,92036,1,1,2,3,A86,48.9348079,2.2815017
202000009987,13,10,2020,12,1,93,93010,1,1,2,2,AUTOROUTE A3,48.90531,2.472
202000009988,13,10,2020,10,1,95,95256,1,1,3,4,RN 184,49.05671,2.20547
202000009989,13,10,2020,9,1,93,93007,1,9,2,-1,AUTOROUTE A3,48.9206912,2.4796
202000009990,13,10,2020,9,1,93,93053,1,1,2,4,AUTOROUTE A3,48.8805159,2.4519443
202000009991,13,10,2020,7,2,92,92036,1,1,2,2,AUTOROUTE A86,48.93864,2.30146
202000009992,13,10,2020,7,3,95,95018,1,1,2,2, A15,48.95475,2.27856
202000009993,12,10,2020,10,1,95,95061,1,1,1,6,RN 104,49.0681094,2.2540534
202000009994,12,10,2020,10,1,95,95277,1,1,1,2,RD 170 ,48.97745,2.46294
202000009995,12,10,2020,8,1,93,93064,1,1,1,7,AUTOROUTE A86,48.87862,2.47638
202000009996,12,10,2020,5,2,95,95527,1,1,1,3, A1,49.00178,2.52329
202000009997,13,10,2020,15,1,94,94028,1,1,1,2,RN406.W,48.7762,2.4435
202000009998,13,10,2020,15,1,77,77169,1,1,8,6,VPO.INT,48.8255293,2.616113
202000009999,12,10,2020,10,1,94,94028,1,1,1,2,A86 INT,48.78988,2.4402916
202000010000,7,2,2020,15,1,52,52448,2,1,1,6,ALLENDE (BOULEVARD SAVALDOR) IMPAIR,48.64691,4.96953
202000010001,21,7,2020,9,1,75,75110,2,3,1,6,QUAI DE JEMMAPES,48.879634,2.367807
202000010002,18,6,2020,4,3,19,19134,1,1,1,1,A89 - PK 288.000,45.618555,2.456115
202000010003,12,10,2020,15,1,974,97416,2,1,1,3,ANCIENNE RN 1,-21.32352,55.44518
202000010004,12,10,2020,19,5,974,97411,2,1,1,6,Boulevard Lancastel,-20.87814,55.45747
202000010005,12,10,2020,16,1,974,97411,2,2,1,3,VICTOIRE (AVENUE DE LA),-20.8766,55.4478
202000010006,12,10,2020,8,1,974,97411,1,1,1,2,JAURES (BLD 1 JEAN),-20.89046,55.46567
202000010007,12,10,2020,11,1,973,97302,2,2,1,2,BRASSE (LIEUTENANT),4.93642,-52.33246
202000010008,12,10,2020,10,1,973,97302,2,1,1,3,MONTABO (ROUTE DE) 1,4.94458,-52.31083
202000010009,12,10,2020,8,1,973,97302,2,3,1,3,BADUEL (ROUTE DE),4.93757,-52.31591
202000010010,12,10,2020,13,1,69,69383,2,3,8,3,,45.7604,4.84887
202000010011,12,10,2020,15,1,972,97213,2,1,3,2,ROUTE NATIONALE 5,14.5962,-60.9925
202000010012,10,10,2020,14,1,972,97209,1,1,1,3,BALATA (ROUTE DE),14.6532,-61.0864
202000010013,12,10,2020,18,1,69,69034,2,1,1,2,STRASBOURG (DE)                     (RO),45.79432,4.871905
202000010014,11,10,2020,7,1,69,69382,2,9,1,3,JULES COURMONT                      (QU),45.7606894,4.8377967
202000010015,10,10,2020,22,5,69,69385,2,2,1,3,JOLIOT CURIE                        (R ),45.75465,4.78851
202000010016,12,10,2020,6,1,971,97101,2,3,1,3,JULIENNE FIATA (RUE),16.24479,-61.52963
202000010017,11,10,2020,19,5,971,97120,2,3,1,2,PATRICK SAINT ELOI ( AVENUE ),16.2566,-61.52078
202000010018,12,10,2020,19,5,91,91657,2,1,1,5,AV HENRI BARBUSSE,48.700403,2.420721
202000010019,18,8,2020,13,1,27,27005,1,1,1,7,A13,49.16938,1.251768
202000010020,20,8,2020,13,1,988,98802,1,1,1,7,RT1/BOULOUPARI,-21.880118,166.069186
202000010021,31,7,2020,11,1,988,98816,1,1,2,6,"PK 126 LIEU-DIT TEREMBA, RT1 MOINDOU,",-21.696132,165.737257
202000010022,19,8,2020,7,1,973,97304,2,1,1,3,Avenue de Pariacabo,5.155196,-52.655274
202000010023,17,8,2020,19,3,971,97119,1,1,1,1,Boulevard de Dumaine Delisle,16.373551,-61.452616
202000010024,15,8,2020,17,1,971,97106,2,1,1,1,949 Rue Sylvere Lesueur,16.146309,-61.762959
202000010025,17,8,2020,20,1,44,44020,2,1,1,6,Zone coté piste aéroport Nantes,47.157783,-1.603028
202000010026,19,8,2020,17,1,33,33214,1,3,1,3,D6,44.976316,-1.053572
202000010027,18,8,2020,21,3,45,45278,1,1,1,6,Route de Rogny,47.8098832,2.8362513
202000010028,17,8,2020,18,1,77,77370,2,3,2,3,Rue des Acacias,48.223743,2.741985
202000010029,19,8,2020,15,1,2A,2A247,2,2,1,3,Rue General de Boissoudy,41.6106035,9.2819587
202000010030,19,8,2020,2,3,66,66168,2,1,1,6,79 Rue Nationale,42.552063,2.972649
202000010031,19,8,2020,20,2,34,34157,2,1,1,6,25 Avenue de Pézenas,43.428166,3.603612
202000010032,19,8,2020,11,1,34,34157,2,1,1,6,40 Route de Montpellier,43.430079,3.609631
202000010033,19,8,2020,2,4,83,83077,2,1,1,6,D554,43.271409,5.975001
202000010034,20,8,2020,13,1,06,06128,2,1,1,7,Chemin de Saint Roch,43.70053,7.107698
202000010035,15,8,2020,13,1,06,06147,1,1,1,1,Avenue du Canton de Levens,43.79952,7.275481
202000010036,18,8,2020,16,1,04,04039,1,1,1,4,RD 955,43.870578,6.511803
202000010037,19,8,2020,16,1,39,39097,2,1,1,6,236 Avenue du Maréchal de Lattre de Tassigny,46.748043,5.917747
202000010038,16,8,2020,10,1,67,67237,2,3,1,1,D468,48.678698,7.858524
202000010039,15,8,2020,12,1,67,67098,1,3,1,3,D392,48.5419972,7.4140884
202000010040,17,8,2020,18,1,67,67473,1,6,1,3,D422,48.57633,7.478428
202000010041,20,8,2020,6,1,54,54020,1,1,1,3,D400,48.604085,6.41711
202000010042,20,8,2020,13,1,54,54397,2,1,1,6,28 Rue Pierre et Marie Curie,48.614587,6.113977
202000010043,18,8,2020,16,1,74,74056,2,9,1,3,Route des Pélerins,45.913836,6.86042
202000010044,19,8,2020,16,1,74,74080,2,1,1,3,449 Route des Grandes Alpes,45.905813,6.425075
202000010045,19,8,2020,11,1,74,74079,1,1,1,3,D12,45.857458,6.3293
202000010046,20,8,2020,18,1,73,73150,2,3,1,6,D221,45.5089856,6.6801016
202000010047,20,8,2020,8,1,73,73197,1,1,1,6,D87,45.536806,6.768608
202000010048,19,8,2020,11,1,26,26226,1,2,1,3,Route de Nyons,44.42477,5.038337
202000010049,15,8,2020,4,3,07,07348,1,1,1,6,D579,44.550203,4.409873
202000010050,19,8,2020,17,1,01,01403,1,1,1,3,16 Rue de l'Eglise,45.808394,5.455495
202000010051,20,8,2020,6,2,50,50601,1,2,8,3,D551,49.018737,-1.0347
202000010052,18,8,2020,14,1,56,56007,2,1,1,6,Rue de la Libération,47.67119,-2.9941
202000010053,19,8,2020,21,2,35,35106,1,1,1,6,RD 82,47.837583,-1.578449
202000010054,17,8,2020,3,4,27,27439,2,1,1,6,27 Route de Louviers,49.065361,1.172651
202000010055,18,8,2020,19,1,60,60148,1,1,1,7,RD19,49.116047,2.851023
202000010056,19,8,2020,14,1,60,60346,2,1,1,4,Avenue de la Libération,49.1463571,2.441267
202000010057,18,8,2020,0,3,59,59303,2,1,1,7,Rue Madoue,50.575494,2.851831
202000010058,19,8,2020,17,1,13,13071,1,1,1,2,A7-Sens Lyon vers Marseille,43.41216,5.28192
202000010059,19,8,2020,23,5,13,13202,2,1,1,6,Tunnel Joliette Marseille vers Aubagne,43.30788,5.36628
202000010060,19,8,2020,7,2,83,83126,1,1,1,1,A50,43.1194989,5.8612275
202000010061,19,8,2020,3,3,69,69029,1,1,1,2,RD383  ,45.73545,4.90194
202000010062,19,8,2020,0,5,33,33550,1,1,1,2,ROCADE A 630,44.78336,-0.54261
202000010063,19,8,2020,12,1,93,93048,1,1,1,3,AUTOROUTE A86,48.86371,2.48274
202000010064,19,8,2020,10,1,75,75112,1,1,1,6,A86 EXT,48.817814,2.456142
202000010065,18,8,2020,17,1,69,69387,2,1,1,-1,MARSEILLE (DE)                      (R ),45.75422,4.84176
202000010066,18,8,2020,16,1,69,69386,2,1,1,4,CHARLES DE GAULLE                   (QU),45.78242,4.84744
202000010067,18,8,2020,9,1,69,69387,2,1,1,7,CLAUDE BERNARD                      (QU),45.75411,4.83902
202000010068,18,8,2020,7,1,69,69259,2,1,1,3,DOCTEUR GEORGES LEVY (DU)           (AV),45.7195,4.8638
202000010069,18,8,2020,4,5,69,69386,2,1,1,6,MARECHAL LYAUTEY (DU)               (PL),45.76817,4.8424
202000010070,17,8,2020,13,1,972,97209,1,1,2,7,JAMBETTE (ROUTE DE),14.6389,-61.04097
202000010071,18,8,2020,22,5,69,69381,2,7,1,3,TERREAUX (DES)                      (PL),45.76714,4.83284
202000010072,18,8,2020,22,5,95,95582,2,2,1,3,RUE DE CERNAY,48.97786,2.25006
202000010073,17,8,2020,18,1,91,91477,2,9,1,3,VAUVE (AV DE LA),48.71544,2.1779
202000010074,18,8,2020,8,1,91,91421,2,2,1,1,SAULES (CHEMIN DES),48.70377,2.44336
202000010075,17,8,2020,14,1,87,87050,1,1,1,6,TEXONNIERAS (RUE DE),45.87296,1.21251
202000010076,17,8,2020,19,1,85,85194,2,6,1,3,Place du Général Collineau,46.49707,-1.78234
202000010077,18,8,2020,1,5,83,83069,2,1,1,3,VILETTE (CHEMIN DE LA),43.10558,6.12689
202000010078,3,8,2020,7,2,78,78643,1,1,1,2,BRETEUIL RUE DE,48.96445,1.97979
202000010079,17,8,2020,12,1,74,74012,2,6,1,3,SALEVE (RUE DU),46.1902,6.2329
202000010080,15,8,2020,18,1,68,68297,2,1,1,-1,HUNINGUE ( RUE DE ),47.58756,7.56739