Num_Acc,jour,mois,an,hr,condition_eclairage,departement,commune,condition_agglomeration,intersection,condition_atmosphere,type_collision,adresse,lattitude,longitude
202000010081,17,8,2020,19,2,67,67365,2,1,1,2,LECLERC (RUE DU GENERAL),48.5588,7.71195
202000010082,18,8,2020,23,5,64,64189,2,3,1,3,BENOIT PIERRE (BOULEVARD),43.38987,-1.68474
202000010083,17,8,2020,9,1,64,64483,2,1,1,1,SEDERIA ( CHEMIN  DE ),43.39433,-1.61727
202000010084,17,8,2020,10,1,64,64445,2,6,1,3,BACHAGA BOUALAN,43.31635,-0.37483
202000010085,17,8,2020,10,1,64,64122,2,1,1,7,FLOQUET CHARLES (AVENUE),43.4790461,-1.5551898
202000010086,14,8,2020,20,1,64,64122,2,1,1,3,REINE VICTORIA (AVENUE DE LA),43.4852735,-1.5519864
202000010087,17,8,2020,11,1,64,64102,2,6,1,6,RENE CUZACQ (RUE),43.4935689,-1.4605993
202000010088,16,8,2020,22,5,62,62108,2,2,1,3,HUIT MAI,50.41128,1.57746
202000010089,18,8,2020,16,1,59,59350,2,1,1,6,SALENGRO ROGER RUE,50.626595,3.110257
202000010090,15,8,2020,1,3,59,59437,1,6,1,6,HOUPLIN RUE D,50.57036,3.01549
202000010091,17,8,2020,12,1,54,54159,2,3,1,3,HERMITE (RUE CHARLES L'),48.6026,6.3616
202000010092,18,8,2020,18,1,51,51454,1,1,1,3,Avenue de Champagne,49.2321142,4.0364602
202000010093,17,8,2020,10,1,49,49007,2,1,1,7,MOURIN,47.47796,-0.54771
202000010094,18,8,2020,18,1,44,44109,2,1,1,6,Rue de la Basse Chénaie,47.24069,-1.50855
202000010095,28,7,2020,15,1,36,36063,2,1,1,4,2 Avenue du Général de Gaulle,46.8255724,1.7001665
202000010096,18,8,2020,9,1,31,31555,2,1,1,3,AV PAUL SEJOURNE,43.60817,1.42832
202000010097,15,8,2020,22,3,28,28021,1,1,1,3,RD 921,48.37216,1.33846
202000010098,17,8,2020,17,1,25,25056,2,2,1,3,NICOLE  RUE NICOLAS,47.25746,6.04191
202000010099,18,8,2020,17,1,14,14699,1,1,1,2,BRIQUETTERIE (CHEMIN DE LA),49.3472326,0.092504
202000010100,17,8,2020,12,1,13,13071,1,3,1,-1,RD 543,43.41568,5.36754
202000010101,18,8,2020,18,1,13,13208,2,1,1,-1,MAZARGUES (AVENUE DE),43.25622,5.39387
202000010102,18,8,2020,2,5,13,13202,2,1,1,3,PORT (QUAI DU),43.2960349,5.3697771
202000010103,17,8,2020,15,1,13,13201,2,2,1,1,CANEBIERE     1 A 79,43.2976,5.381
202000010104,18,8,2020,12,1,13,13001,2,2,1,3,MOURET HENRI (AV),43.51884,5.43348
202000010105,18,8,2020,15,1,12,12145,2,3,1,2,VC POMPIDOU GEORGES,44.09987,3.0733
202000010106,13,8,2020,15,1,12,12089,1,1,1,1,BOUQUIES LIEU-DIT,44.5838,2.23214
202000010107,18,8,2020,8,1,06,06088,2,2,1,1,GIOFFREDO (R.),43.6845911,7.2478867
202000010108,18,8,2020,13,1,06,06029,2,1,1,3,VERRERIE (RUE DE LA),43.54761,6.98024
202000010109,16,8,2020,2,4,05,05061,2,1,1,7,FREDERIC MISTRAL ( COURS ),44.55828,6.07444
202000010110,15,8,2020,15,1,05,05061,2,1,1,7,LUYE ( ROUTE DE LA ),44.5109928,6.064024
202000010111,15,8,2020,11,1,05,05061,1,1,1,7,Chemin de la Ruche (Gap),44.550162,6.105828
202000010112,14,8,2020,16,1,05,05061,2,1,1,4,GEORGES POMPIDOU ( BD),44.55729,6.08095
202000010113,13,8,2020,16,1,05,05061,2,1,1,7,VEYNES ( AVENUE DE  ),44.55603,6.06563
202000010114,12,8,2020,9,1,05,05061,2,3,1,3,VEYNES ( AVENUE DE  ),44.5568,6.06398
202000010115,10,8,2020,19,1,05,05061,2,1,2,7,FAURE DU  SERRE ( RUE ),44.56144,6.0814
202000010116,8,8,2020,11,1,05,05061,2,1,1,2,EMILE DIDIER ( AV ),44.56669,6.09517
202000010117,7,8,2020,14,1,05,05061,2,1,1,7,LUYE ( ROUTE DE LA ),44.52329,6.0596
202000010118,4,8,2020,7,1,05,05061,2,1,1,7,RN 85,44.59647,6.08182
202000010119,30,7,2020,10,1,05,05061,2,1,1,3,FRANCOIS MITTERAND (AVENUE),44.54386,6.06116
202000010120,25,7,2020,8,1,05,05061,2,1,1,2,RN 85,44.61448,6.08127
202000010121,25,7,2020,1,5,05,05061,2,1,1,6,GUILLAUME FAREL ( AVENUE ),44.55794,6.07071
202000010122,18,8,2020,1,3,01,01344,2,9,1,3,TREVOUX (AVENUE DE),46.2011,5.2025
202000010123,18,8,2020,21,3,75,75105,2,2,1,5,BOULEVARD DE PORT ROYAL,48.83947,2.337576
202000010124,18,8,2020,18,1,75,75120,2,2,1,4,RUE DES PYRENEES,48.852699,2.406123
202000010125,18,8,2020,15,1,75,75119,2,2,1,3,RUE DE CAMBRAI,48.895921,2.379519
202000010126,17,8,2020,13,1,75,75118,2,7,8,3,PLACE ALBERT KAHN,48.89564,2.346297
202000010127,18,8,2020,18,1,75,75117,2,3,1,7,RUE FLOREAL,48.900478,2.320687
202000010128,16,8,2020,14,1,75,75116,2,2,1,3,AVENUE DE LA GRANDE ARMEE,48.874424,2.293007
202000010129,18,8,2020,14,1,75,75115,2,2,1,3,RUE BLOMET,48.839652,2.296531
202000010130,16,8,2020,17,1,75,75115,2,1,2,7,BOULEVARD DU MONTPARNASSE,48.84496,2.320545
202000010131,18,8,2020,14,1,75,75113,2,7,1,6,RUE BOBILLOT,48.827494,2.352075
202000010132,17,8,2020,15,1,75,75112,2,2,1,3,BOULEVARD DIDEROT,48.847605,2.38907
202000010133,18,8,2020,21,4,75,75111,2,2,1,3,RUE DU CHEMIN VERT,48.861108,2.38115
202000010134,18,8,2020,18,1,75,75110,2,2,1,6,RUE GUY PATIN,48.883695,2.351249
202000010135,18,8,2020,18,1,75,75107,2,7,1,3,PLACE DE LA RESISTANCE,48.862451,2.301952
202000010136,18,8,2020,10,1,93,93066,2,9,1,4,TREMIES,48.92231,2.36268
202000010137,18,8,2020,7,1,93,93077,2,1,1,3,GRANDE RUE,48.88277,2.51473
202000010138,18,8,2020,9,1,93,93053,2,9,1,3,BOBIGNY (AVENUE DE),48.893311,2.4538402
202000010139,18,8,2020,13,1,93,93048,2,2,1,6,PRESIDENT WILSON (AVENUE DU),48.8556766,2.4395844
202000010140,18,8,2020,10,1,93,93031,2,1,1,3,AV JOFFRE,48.9613577,2.2961281
202000010141,17,8,2020,11,1,93,93027,2,1,1,3,AV MARCEL CACHIN,48.92692,2.39669
202000010142,17,8,2020,23,5,92,92022,2,3,1,3,SALENGRO (AVENUE ROGER),48.805576,2.1842
202000010143,18,8,2020,12,1,92,92025,2,1,1,3,STALINGRAD (AV DE),48.9307647,2.2672901
202000010144,15,8,2020,15,1,92,92025,2,2,1,3,STALINGRAD (AV DE),48.933916,2.255789
202000010145,18,8,2020,15,1,92,92012,2,1,1,3,MONTMORENCY (RUE DE),48.8445156,2.2337363
202000010146,18,8,2020,18,1,92,92007,2,1,1,6,FRERES LUMIERE (RUE DES),48.790092,2.311097
202000010147,18,8,2020,19,1,13,13214,1,1,1,2,A7-Sens Marseille vers Lyon,43.337479,5.376971
202000010148,18,8,2020,18,1,13,13215,1,1,1,3,A7-Sens Marseille vers Lyon,43.358845,5.362478
202000010149,18,8,2020,14,1,13,13026,1,1,1,3,A55-Sens Marseille vers Martigues,43.381052,5.158883
202000010150,17,8,2020,19,1,69,69266,1,1,1,5,RD383   3.750 A 7.640,45.77519,4.89867
202000010151,14,8,2020,15,1,54,54232,1,1,1,4, A 31,48.69071,6.03378
202000010152,18,8,2020,16,1,91,91471,1,1,1,6,RN 118,48.714,2.1763
202000010153,18,8,2020,17,1,92,92025,1,1,1,2,A86,48.9334931,2.2533023
202000010154,18,8,2020,15,1,78,78423,1,1,1,3,A12,48.794937,2.041784
202000010155,17,8,2020,18,1,78,78571,1,1,8,4,A13,48.874196,2.023953
202000010156,17,8,2020,11,1,78,78043,1,1,2,3,A13W,48.846374,2.08172
202000010157,18,8,2020,17,1,93,93066,1,1,1,4,AUTOROUTE A1,48.92106,2.35743
202000010158,18,8,2020,9,1,93,93010,1,1,1,2,AUTOROUTE A3,48.9015,2.47011
202000010159,18,8,2020,10,1,93,93010,1,1,1,5,AUTOROUTE A3,48.89863,2.46949
202000010160,17,8,2020,13,1,93,93027,1,1,3,6,AUTOROUTE A86,48.92851,2.41359
202000010161,17,8,2020,17,1,95,95500,1,1,1,4,AUTOROUTE A15,49.04137,2.08096
202000010162,17,8,2020,13,1,93,93027,1,1,2,6,BDL,48.92732,2.40345
202000010163,17,8,2020,21,1,94,94073,1,1,2,7,A86 EXT,48.7628607,2.3813598
202000010164,17,8,2020,19,1,94,94017,1,1,1,2,A4,48.826762,2.5125234
202000010165,16,8,2020,9,1,974,97411,2,2,1,3,LECLERC (DU MARECHAL),-20.8803691,55.4573777
202000010166,17,8,2020,8,1,69,69383,2,2,1,3,LACASSAGNE                          (AV),45.7464,4.8857
202000010167,17,8,2020,11,1,69,69259,2,1,1,3,PICARD                              (AL),45.70665,4.86509
202000010168,17,8,2020,10,1,69,69383,2,2,1,1,LAFAYETTE                           (CO),45.76355,4.84494
202000010169,14,8,2020,18,1,69,69383,2,3,1,3,TURBIL                              (R ),45.75663,4.86839
202000010170,15,8,2020,21,4,972,97213,1,1,1,3,AUTOROUTE A1,14.618153,-61.03551
202000010171,17,8,2020,17,1,69,69149,2,9,1,7,DUBOIS CRANCE                       (R ),45.71161,4.8194
202000010172,17,8,2020,14,1,69,69389,2,3,1,3,SERGENT MICHEL BERTHET (DU)         (R ),45.76603,4.8054
202000010173,17,8,2020,16,1,971,97101,1,1,1,1,ACHILLE RENE BOISNEUF (RUE),16.26586,-61.50995
202000010174,17,8,2020,15,1,971,97101,1,9,1,2,COUR CHARNEAU,16.2515645,-61.529451
202000010175,17,8,2020,11,1,95,95018,2,2,2,6,BARBUSSE (RUE HENRI),48.940228,2.245306
202000010176,17,8,2020,13,1,91,91174,2,6,2,-1,JOHN KENNEDY (BOULEVARD),48.58059,2.476241
202000010177,15,8,2020,9,1,91,91552,1,1,1,6,NATIONALE 20 (ROUTE),48.59687,2.24439
202000010178,14,8,2020,5,5,91,91103,2,1,1,6,BABIN (RUE DU DOCTEUR),48.59812,2.28838
202000010179,14,8,2020,3,5,91,91425,1,6,2,6,TEMPLIERS (ROUTE DES),48.64738,2.276
202000010180,17,8,2020,8,1,87,87085,2,1,1,3,COTY (AVENUE DU PRESIDENT RENE),45.84276,1.23089
202000010181,16,8,2020,12,1,87,87085,2,1,1,3,POIDS-PUBLIC (PLACE DU),45.82846,1.25847
202000010182,15,8,2020,11,1,87,87085,2,1,1,6,ABBE PIERRE (Rue),45.84067,1.19338
202000010183,14,8,2020,19,1,87,87085,2,3,1,3,BAUDIN ( AVENUE) (VC),45.8259,1.25774
202000010184,16,8,2020,7,1,86,86194,2,2,1,3,Rue du Pont Saint Cyprien,46.576546,0.3451129
202000010185,15,8,2020,0,3,85,85194,2,1,1,3,Avenue François Mitterrand,46.52227,-1.7753
202000010186,15,8,2020,1,5,83,83129,2,1,1,1,Corniche du Cros,43.079421,5.805374
202000010187,16,8,2020,8,1,83,83069,1,1,1,6,NICE (ROUTE DE),43.12881,6.18727
202000010188,19,7,2020,22,1,79,79191,2,7,1,6,Place Saint-Jean,46.32139,-0.46447
202000010189,15,8,2020,8,2,76,76540,2,1,1,6,CORNEILLE. PONT PIERRE,49.43602,1.0957
202000010190,14,8,2020,2,5,73,73065,2,2,2,3,D1 MOTTE SERVOLEX (AVENUE DE LA),45.58678,5.88388
202000010191,16,8,2020,20,2,71,71153,2,1,2,7,MARECHAL FOCH (RUE),46.80427,4.4546769
202000010192,17,8,2020,18,1,69,69256,2,9,1,-1,FIORELLO MICOLINI                   (R ),45.77624,4.91423
202000010193,16,8,2020,20,5,67,67482,2,1,1,1,PERIGUEUX (RUE DE),48.5479876,7.7690763
202000010194,14,8,2020,22,5,67,67447,2,3,1,3,BISCHWILLER (ROUTE DE),48.6039106,7.7469226
202000010195,14,8,2020,19,1,66,66136,2,1,1,2,Départementale 914,42.67373,2.88844
202000010196,16,8,2020,16,1,64,64237,2,3,1,2,MARECHAL LECLERC DU,43.28201,-0.36214
202000010197,16,8,2020,16,1,64,64122,2,3,1,7,CRISTOBAL (RUE DE),43.4646654,-1.5683064
202000010198,17,8,2020,8,1,64,64140,2,1,1,1,FOIX (AV LOUIS DE),43.5270916,-1.4959517
202000010199,16,8,2020,4,5,64,64024,2,9,1,6,BIARRITZ (AVENUE DE),43.481,-1.5338
202000010200,16,8,2020,13,1,63,63113,2,2,1,3,JAURES (BD JEAN),45.7679,3.0841
202000010201,15,8,2020,14,1,59,59178,2,3,1,3,GUYNEMER (RUE GEORGES),50.37208,3.05479
202000010202,14,8,2020,23,3,59,59165,1,1,2,-1,RD 643,50.38779,3.04931
202000010203,1,8,2020,22,5,57,57631,2,1,1,7,MONTAGNE (RUE DE LA),49.1001987,7.0511218
202000010204,15,8,2020,17,1,56,56121,2,1,1,7,THOREZ (RUE  MAURICE ),47.7434,-3.39363
202000010205,17,8,2020,18,1,51,51454,2,1,7,1,Rue Lanson,49.2453387,4.0566632
202000010206,15,8,2020,15,1,50,50502,2,2,1,3,D 972,49.11007,-1.05515
202000010207,14,8,2020,14,1,50,50602,1,1,2,3,FLEMING (RUE),49.62855,-1.59144
202000010208,7,8,2020,22,5,49,49328,2,1,1,7,PETON (AVENUE DU DOCTEUR),47.25631,-0.07639
202000010209,15,8,2020,14,1,49,49267,2,1,1,6,A87N,47.46536,-0.51649
202000010210,15,8,2020,19,1,49,49007,2,1,1,6,AUBRY FRERES,47.4414,-0.55115
202000010211,16,8,2020,20,1,49,49007,2,1,1,6,Avenue Victor Châtenay,47.48445,-0.51772
202000010212,16,8,2020,12,1,47,47031,1,1,1,5,RD17,44.16795,0.6422
202000010213,17,8,2020,3,5,45,45285,2,1,1,6,Rue Abbe de l’Epee,47.916651,1.874628
202000010214,16,8,2020,18,1,44,44109,2,1,1,-1,Rue du Pouliguen,47.2401,-1.54323
202000010215,30,12,2020,20,5,69,69094,2,6,5,6,16 Route du Col de la Luère,45.749922,4.6889395
202000010216,30,12,2020,14,1,81,81038,1,1,1,3,A 68  sortie 9,43.876922,1.905699
202000010217,29,12,2020,17,2,79,79184,2,1,1,2,56 Route de Saint-maixent,46.367087,-0.116649
202000010218,31,12,2020,11,1,16,16415,1,1,1,1,Le Puy du Maine,45.707547,0.083224
202000010219,15,12,2020,13,1,56,56007,2,6,7,3,Av du Pdt J Fitzgerald Kennedy,47.670476,-2.990386
202000010220,31,12,2020,20,3,80,80176,1,6,1,6,Cd 934,49.710411,2.81486
202000010221,31,12,2020,10,1,80,80090,1,1,8,2,a1 120+300,49.868557,2.835288
202000010222,30,12,2020,18,3,13,13019,1,1,1,6,A51-Sens Marseille vers Aix en Provence,43.41049,5.36419
202000010223,24,12,2020,23,3,69,69266,1,1,3,4,RD383   3.750 A 7.640,45.76286,4.90955
202000010224,30,12,2020,12,1,33,33249,1,1,2,6,ROUTE NATIONALE 230,44.881161,-0.510858
202000010225,30,12,2020,4,3,91,91645,2,9,2,6,AUTOROUTE A86,48.759884,2.268086
202000010226,30,12,2020,15,1,78,78362,1,1,1,2,A13,48.975934,1.722071
202000010227,30,12,2020,2,3,78,78043,1,1,1,6,A12 Y,48.84018,2.0929
202000010228,29,12,2020,23,3,92,92036,1,1,1,6,A86,48.9337136,2.2741573
202000010229,29,12,2020,21,3,93,93053,1,1,9,2,AUTOROUTE A3,48.88345,2.45849
202000010230,29,12,2020,20,3,93,93078,1,1,1,6,AUTOROUTE A104,48.96285,2.52216
202000010231,29,12,2020,19,3,95,95394,1,1,2,6,A115,49.049373,2.1817033
202000010232,29,12,2020,15,1,93,93027,1,1,3,6,AUTOROUTE A86,48.93522,2.40371
202000010233,29,12,2020,10,1,95,95018,1,1,1,6, A15,48.94971,2.2802
202000010234,2,6,2020,22,5,26,26362,2,1,1,6,Rue Denis Papin,44.926443,4.892135
202000010235,29,12,2020,11,1,974,97411,2,1,1,2,VAUBAN (BOULEVARD),-20.88603,55.46446
202000010236,29,12,2020,18,5,973,97302,2,3,1,3,MALOUET,4.935882,-52.3356116
202000010237,29,12,2020,19,5,972,97209,2,1,1,6,ADHEMAR MODOCK (BOULEVARD),14.60407,-61.07387
202000010238,28,12,2020,12,1,971,97113,1,1,1,1,SECTION BESSON,16.23899,-61.49822
202000010239,20,12,2020,2,5,91,91333,2,1,1,6,RUE HEBERT,48.61333,2.26092
202000010240,28,12,2020,17,5,86,86027,2,2,1,3,Rue Nungesser,46.578768,0.314867
202000010241,27,12,2020,9,1,83,83034,1,1,1,6,ROUTE DE LA MOUTONNE,43.112,6.053
202000010242,29,12,2020,9,1,74,74267,2,1,2,7,MARQUISATS (AVENUE DES),45.88311,6.14184
202000010243,29,12,2020,19,5,69,69266,2,1,1,3,EMILE ZOLA     (Cours),45.76721,4.89204
202000010244,29,12,2020,12,1,69,69266,2,2,7,6,PAUL VERLAINE       (Rue),45.7682928,4.8802216
202000010245,28,12,2020,10,1,69,69290,2,4,1,3,PUITS VIEUX (DU)          G.S.MAREND(R ),45.69797,4.95687
202000010246,28,12,2020,16,1,69,69092,1,1,1,7,TARARE (rue de),45.98422,4.70078
202000010247,28,12,2020,15,1,66,66136,2,1,6,6,LECLERC (AVENUE DU GENERAL),42.70147,2.89079
202000010248,29,12,2020,10,1,64,64189,2,3,1,2,JAURES JEAN  (AVENUE),43.3813818,-1.667889
202000010249,23,12,2020,7,3,62,62528,1,1,2,3,BETHUNE (RTE DE),50.45178,2.786665
202000010250,29,12,2020,15,1,59,59350,2,3,1,1,RACINE RUE,50.625681,3.050677
202000010251,27,12,2020,21,5,59,59345,2,1,8,6,JAURES (RUE),50.34102,3.16672
202000010252,29,12,2020,17,2,57,57751,2,1,-1,7,THIONVILLE (AVENUE ),49.13614,6.168967
202000010253,28,12,2020,17,1,56,56121,2,1,2,3,BLUM ( BD LEON ),47.74775,-3.37547
202000010254,20,12,2020,17,2,49,49007,2,1,1,3,Boulevard du Bon Pasteur,47.47267,-0.57649
202000010255,28,12,2020,17,5,45,45234,2,1,3,6,Rue du Faubourg Bannier,47.927579,1.896204
202000010256,28,12,2020,10,1,44,44132,2,2,2,3,Route de Guérande,47.2785,-2.29592
202000010257,28,12,2020,15,1,42,42187,2,2,8,3,Rue Jean-Jacques Rousseau,46.03778,4.05669
202000010258,28,12,2020,11,1,40,40192,2,2,3,3,THORE (CHEMIN DE),43.8921,-0.5146
202000010259,29,12,2020,14,1,35,35238,2,1,2,2,PORTUGAL (BD DU),48.08352,-1.66179
202000010260,29,12,2020,11,1,35,35278,1,1,1,7,PORTE DE MAUREPAS,48.14373,-1.66083
202000010261,29,12,2020,13,1,33,33063,2,2,2,3,RUE DOCTEUR ALBERT BARRAUD,44.84593,-0.58498
202000010262,20,11,2020,8,1,33,33522,2,2,1,3,RUE ROUSTAING,44.81716,-0.58862
202000010263,30,11,2020,19,5,30,30007,2,1,1,7,JUIN (AVE DU MARECHAL),44.125,4.10785
202000010264,26,12,2020,17,2,29,29019,2,1,8,2,Avenue Maréchal Foch,48.3929914,-4.4878416
202000010265,2,12,2020,12,1,26,26198,2,1,1,6,Chemin de la Nitriere,44.57054,4.75053
202000010266,24,12,2020,10,1,22,22278,2,3,1,6,BOUGLE (CELESTIN),48.5192066,-2.7862197
202000010267,17,12,2020,18,4,22,22360,2,3,1,6,VERDUN (RUE DE ),48.4892098,-2.7362102
202000010268,28,12,2020,21,5,22,22360,2,6,2,3,MARCEL RAULT,48.48444,-2.74532
202000010269,28,12,2020,12,1,07,07229,2,1,1,-1,MONTELIMAR ( ROUTE DE ),44.605585,4.417465
202000010270,29,12,2020,19,2,75,75120,2,1,2,3,PORTE DE MONTREUIL,48.858133,2.41422
202000010271,29,12,2020,12,1,75,75117,2,4,1,3,AVENUE DE CLICHY,48.891258,2.319075
202000010272,28,12,2020,16,3,75,75116,2,1,3,6,RUE DE PASSY,48.858117,2.275404
202000010273,29,12,2020,19,5,75,75112,2,2,2,6,BOULEVARD DE BERCY,48.838944,2.388115
202000010274,29,12,2020,20,5,75,75102,2,4,2,6,RUE REAUMUR,48.868468,2.34224
202000010275,29,12,2020,21,5,94,94041,2,1,8,3,HOCHE (R),48.81105,2.37814
202000010276,29,12,2020,10,1,94,94034,2,3,8,3,LIBERTE (AV DE LA),48.761072,2.318422
202000010277,28,12,2020,18,5,94,94011,2,1,3,6,BICENTENAIRE.(AVENUE DU),48.764,2.488
202000010278,28,12,2020,16,1,94,94028,2,1,3,3,VERDUN.(AVENUE DE),48.79784,2.46472
202000010279,28,12,2020,11,1,94,94002,2,9,8,3,EMILE ZOLA (R),48.79941,2.42519
202000010280,29,12,2020,20,5,93,93046,2,1,2,6,AV CAMILLE DESMOULINS,48.91233,2.52239
202000010281,28,12,2020,19,5,93,93006,2,3,2,-1,CARNOT RUE SADI,48.8673678,2.4182453
202000010282,29,12,2020,10,1,93,93029,2,1,1,6,SAINT-STENAY,48.9202086,2.4206096
202000010283,29,12,2020,17,3,93,93027,2,1,2,2,SALENGRO (AVENUE ROGER),48.93827,2.38844
202000010284,29,12,2020,9,1,93,93001,2,1,1,6,REPUBLIQUE (AVE DE LA ) 43/106 =>,48.9099443,2.385841
202000010285,28,12,2020,16,2,92,92064,2,3,3,4,18 JUIN 1940,48.85028,2.221776
202000010286,26,12,2020,18,5,92,92050,2,3,1,3,CLEMENCEAU GEORGES AVENUE N°IMPAIR,48.8853291,2.2243886
202000010287,29,12,2020,9,1,92,92036,2,1,1,3,ARGENTEUIL (AVENUE D'),48.9362481,2.2600991
202000010288,29,12,2020,9,1,92,92023,2,1,2,6,GARENNE (ROUTE DE LA),48.7777752,2.2296489
202000010289,28,12,2020,17,5,92,92023,2,1,3,1,PICARDIE (RUE DE),48.7864435,2.2454267
202000010290,29,12,2020,12,1,14,14656,1,1,7,6,Le Pont de la Mousse,48.95193,-0.502195
202000010291,22,12,2020,15,1,01,01248,1,1,1,6,D1083,45.902431,4.934109
202000010292,29,12,2020,16,1,41,41271,1,1,1,6,l'auvergne - RD 13,47.506128,1.677904
202000010293,29,12,2020,10,1,81,81311,2,1,2,2,RD 612,43.7282684,2.1908658
202000010294,30,12,2020,6,2,972,97201,2,1,1,1,quartier sencé,14.829926,-61.107658
202000010295,30,12,2020,14,1,12,12073,1,1,1,7,Comps-la-Grand-Ville,44.221891,2.565179
202000010296,30,12,2020,10,1,83,83048,2,1,1,1,Boulevard Saint Raphael,43.20602,6.56549
202000010297,30,12,2020,8,4,72,72200,2,1,8,6,85 Boulevard des Avocats,47.894543,0.194603
202000010298,30,12,2020,9,1,51,51439,1,1,1,1,D20A,49.3484278,4.1442436
202000010299,30,12,2020,10,1,79,79103,1,1,9,6,,46.760804,-0.570633
202000010300,29,12,2020,15,1,80,80167,1,1,2,7,D928,50.1954265,1.8795766
202000010301,29,12,2020,12,1,11,11434,2,2,2,3,route de villespy,43.281595,2.085621
202000010302,29,12,2020,10,1,89,89311,1,2,8,3,Croisement D4 et D48,47.783836,3.392351
202000010303,28,12,2020,13,1,86,86082,1,1,4,5,N10,46.286065,0.175009
202000010304,29,12,2020,15,1,34,34074,1,1,1,7,D14,43.461517,3.024845
202000010305,29,12,2020,15,1,44,44151,1,3,2,4,D247,47.325967,-2.337717
202000010306,29,12,2020,10,1,44,44182,1,1,1,6,Lieu-dit Le Jardinet - RD78,47.192301,-2.106736
202000010307,22,12,2020,14,1,15,15215,1,1,1,3,Route Départementale 17,44.968411,2.500312
202000010308,30,12,2020,11,1,24,24564,1,1,1,6,Les Sions,45.201695,0.303669
202000010309,30,12,2020,6,3,24,24098,1,1,8,6,Route d'Agonac,45.211469,0.701408
202000010310,30,12,2020,15,1,27,27520,1,1,2,6,D38,49.234585,0.611994
202000010311,30,12,2020,8,1,17,17465,1,1,9,1,D739,45.962979,-0.55496
202000010312,30,12,2020,18,3,03,03311,1,1,1,2,A71,46.1549141,3.1206536
202000010313,30,12,2020,0,3,44,44094,1,1,1,6,AUTOROUTE A 11 PK.333+000,47.3289045,-1.4019392
202000010314,29,12,2020,12,1,57,57630,1,1,1,6,"N4, PR 017+700 SARREBOURG",48.715084,7.041893
202000010315,30,12,2020,9,1,38,38191,2,1,1,6,Avenue des Jardins,45.08086,6.05876
202000010316,29,12,2020,13,1,34,34240,1,1,1,3,A9 PK 090+900,43.6426659,3.975015
202000010317,29,12,2020,15,1,69,69013,1,1,1,-1,A6,46.000867,4.73455
202000010318,30,12,2020,6,3,91,91587,1,1,2,4,N 20,48.686718,2.286122
202000010319,27,12,2020,17,2,2A,2A247,2,1,9,7,rue denis de rocca serra,41.587539,9.282597
202000010320,29,12,2020,15,1,73,73075,1,1,2,6,D925b,45.442929,6.057854
202000010321,30,12,2020,18,3,27,27684,1,1,1,4,Rn 13,49.015367,1.188712
202000010322,29,12,2020,7,2,62,62560,2,1,1,6,24 Rue du Cimetière,50.80946,1.712232
202000010323,29,12,2020,9,1,62,62089,1,1,1,6,D191e1,50.824888,1.662972
202000010324,28,12,2020,15,1,13,13055,2,1,1,6,A507 sens Aubagne- Marseille,43.2939186,5.4246202
202000010325,12,12,2020,22,5,69,69256,1,1,1,-1,A42     0.560 A 4.020,45.79786,4.9289
202000010326,29,12,2020,0,3,01,01275,1,1,1,6,A42 4.020 A 4.329   LYON/GEN,45.8086979,4.9312252
202000010327,29,12,2020,7,2,91,91340,1,1,1,7,RN 104,48.609,2.4359
202000010328,28,12,2020,16,2,91,91339,1,4,3,3,RN 104,48.62807,2.25779
202000010329,29,12,2020,2,3,92,92036,1,1,1,6,A86,48.93576,2.2624
202000010330,28,12,2020,23,3,78,78672,1,1,2,2,A13,48.9297,1.9841
202000010331,28,12,2020,23,3,78,78233,1,1,2,6,A13,48.882775,2.01482
202000010332,29,12,2020,12,1,95,95256,1,1,2,3,AUTOROUTE A115,49.04539,2.18599
202000010333,29,12,2020,9,1,95,95582,1,1,1,6,RD 170,48.9634333,2.266475
202000010334,29,12,2020,9,1,95,95582,1,1,1,2, A115,48.97362,2.24519
202000010335,28,12,2020,10,1,92,92036,1,1,2,6,AUTOROUTE A15,48.9380181,2.2940383
202000010336,28,12,2020,10,1,93,93078,1,1,1,2,AUTOROUTE A104,48.96569,2.51684
202000010337,28,12,2020,6,3,93,93027,1,1,2,5,AUTOROUTE A86,48.92829,2.4122
202000010338,28,12,2020,6,3,93,93078,1,1,1,6,AUTOROUTE A104,48.96569,2.51684
202000010339,27,12,2020,22,4,93,93027,1,1,1,2,AUTOROUTE A86,48.92862,2.41407
202000010340,29,12,2020,22,3,77,77121,1,1,1,7,A104,48.83408,2.66558
202000010341,29,12,2020,16,1,77,77121,1,1,3,-1,A4,48.831963,2.672918
202000010342,23,11,2020,13,1,47,47201,2,6,1,6,Giratoire de Beauregard,44.169846,0.60884
202000010343,13,3,2020,11,1,47,47031,2,6,1,6,Avenue Lacapellette,44.178753,0.630126
202000010344,29,12,2020,2,5,988,98818,2,1,1,6,RUE JACQUES NATUREL,-22.24827,166.4672
202000010345,26,12,2020,21,3,988,98818,2,1,1,6,COOK (AVENUE JAMES),-22.2623,166.3967
202000010346,28,12,2020,13,1,973,97302,2,1,1,3,RABAN (ROUTE DE),4.9180548,-52.3127731
202000010347,28,12,2020,13,1,69,69199,2,2,1,3,PIERRE SEMARD                       (BD),45.69454,4.84416
202000010348,28,12,2020,12,1,972,97213,2,1,1,1,BELEME (VOIE COMMUNAL N°7 DE),14.64711,-61.01041