Num_Acc,jour,mois,an,hr,condition_eclairage,departement,commune,condition_agglomeration,intersection,condition_atmosphere,type_collision,adresse,lattitude,longitude
202000010349,28,12,2020,11,1,972,97213,2,1,1,2,AUTOROUTE A1,14.6185235,-61.0206091
202000010350,26,12,2020,16,1,2A,2A004,2,6,1,5,MEZZAVIA ROUTE DE,41.94526,8.75864
202000010351,21,12,2020,19,4,91,91103,2,5,2,3,RUE DES PRES D'AULNAY,48.612533,2.278168
202000010352,19,12,2020,17,5,91,91103,2,1,1,3,RUE DU COLONEL HUSSENOT,48.60224,2.30741
202000010353,18,12,2020,12,1,91,91570,2,1,1,6,BRETIGNY (AVENUE),48.6271,2.29099
202000010354,28,12,2020,17,5,91,91471,2,1,2,3,DUBREUIL (BOULEVARD),48.696,2.17653
202000010355,28,12,2020,8,2,91,91377,2,9,2,6,AV DU M DE LATTRE DE TASSIGNY,48.71555,2.29751
202000010356,28,12,2020,17,5,91,91514,2,1,2,6,RUE DE LA MARNIERE,48.68394,2.53683
202000010357,26,12,2020,6,5,87,87085,2,1,1,7,RUCHOUX (AVENUE DES),45.83404,1.24722
202000010358,24,12,2020,15,1,87,87085,2,1,2,3,GARIBALDI (AVENUE),45.83699,1.25988
202000010359,26,12,2020,10,1,86,86158,2,1,1,6,Route de Chardonchamp,46.618007,0.315611
202000010360,27,12,2020,23,3,82,82121,1,1,2,6,A20 sortie 64 Paris Toulouse,43.9953,1.35225
202000010361,28,12,2020,13,1,71,71270,1,1,8,1,JULIENAS (ROUTE DE),46.2785426,4.790654
202000010362,24,12,2020,23,4,67,67482,2,3,2,6,NEUHOF (ROUTE),48.54615,7.76556
202000010363,24,12,2020,17,5,67,67267,2,1,2,6,MARECHAL FOCH (RUE DU),48.559861,7.6914906
202000010364,18,12,2020,16,1,64,64483,2,1,1,6,SALLAGOITY GARRA (RUE),43.38757,-1.65884
202000010365,24,12,2020,14,1,63,63113,2,3,2,6,CLEMENTEL (BD ETIENNE),45.81309,3.10931
202000010366,26,12,2020,10,1,60,60159,2,1,1,6,,49.41854,2.82484
202000010367,27,12,2020,19,5,59,59350,2,3,1,6,FAUBOURG DE ROUBAIX RUE,50.64229,3.08874
202000010368,25,12,2020,1,4,57,57757,2,1,1,6,JAURES (RUE JEAN),49.35647,6.18233
202000010369,26,12,2020,18,5,56,56107,2,6,2,6,Kermélo,47.72686,-3.38376
202000010370,23,12,2020,15,1,55,55545,2,1,3,7,METZ ( AVENUE DE ),49.14824,5.40201
202000010371,21,12,2020,17,1,54,54580,2,3,1,6,83 avenue de la libération,49.45572,5.92412
202000010372,28,12,2020,17,2,49,49267,2,1,1,3,A87N,47.46662,-0.5161
202000010373,24,12,2020,15,1,44,44184,1,1,1,2,RD 213,47.28912,-2.24158
202000010374,26,12,2020,14,1,44,44184,2,1,2,2,CRAN NEUF,47.28681,-2.25096
202000010375,30,11,2020,14,1,42,42123,2,1,1,2,Plaine de Grezieux,45.5184357,4.5939317
202000010376,28,12,2020,19,5,37,37122,2,3,2,3,SAINT LEGER (RUE DE),47.3406421,0.6484173
202000010377,28,12,2020,15,1,37,37122,1,1,3,5,,47.3422441,0.6475586
202000010378,28,12,2020,13,1,34,34172,2,2,1,-1,SOULAS (AVENUE DU PERE,43.62083,3.85761
202000010379,28,12,2020,21,5,33,33063,2,2,2,3,AVE DU MAL DE LATTRE DE TASSIGNY CAUD.,44.855307,-0.614047
202000010380,27,12,2020,20,5,31,31555,2,1,1,3,EISENHOWER (AVENUE DU GENERAL),43.56002,1.39489
202000010381,26,12,2020,18,5,31,31555,2,1,1,2,BD DE STRASBOURG,43.6077,1.44651
202000010382,28,12,2020,4,3,27,27681,1,1,1,7,GISORS (ROUTE DE),49.11826,1.49531
202000010383,23,12,2020,19,3,22,22278,1,1,1,2,RN12,48.50866,-2.73765
202000010384,28,12,2020,9,1,14,14118,2,1,2,6,COURSEULLES (AVENUE DE),49.20513,-0.37585
202000010385,28,12,2020,10,1,13,13028,2,1,2,6,ALLENDE (AVENUE SALVATORE ),43.1844,5.605
202000010386,6,12,2020,19,5,11,11262,2,1,1,2,MISTRAL (BOULEVARD FREDERIC),43.18984,3.00574
202000010387,8,12,2020,18,2,11,11262,2,9,1,6,INDEPENDANCE (RUE DE L'),43.1887,3.00887
202000010388,23,12,2020,18,5,11,11262,2,3,1,7,FERROUL (BOULEVARD DU DOCTEUR),43.1803417,3.0041881
202000010389,23,12,2020,12,1,11,11262,2,1,1,2,PYRENEES (PLACE ET AVENUE),43.18224,2.994793
202000010390,24,12,2020,15,1,07,07102,1,1,1,6,TOULAUD (CHEMIN DE),44.922901,4.852288
202000010391,28,12,2020,18,5,06,06088,2,3,1,3,CORNICHE FLEURIE (AV. DE LA),43.68964,7.20606
202000010392,27,12,2020,17,5,06,06029,2,1,1,3,BACHAGA SAID BOUALAM (AVENUE),43.55397,7.02295
202000010393,19,12,2020,11,1,06,06030,2,1,2,6,DOUMER (BOULEVARD PAUL),43.5693,7.0108
202000010394,28,12,2020,18,5,75,75120,2,1,2,6,RUE D AVRON,48.85214,2.402968
202000010395,28,12,2020,10,1,75,75120,2,1,1,3,BOULEVARD PERIPHERIQUE INTERIEUR NORD  ,48.865962,2.412592
202000010396,28,12,2020,19,5,75,75117,2,1,2,7,BOULEVARD GOUVION SAINT CYR,48.884239,2.289246
202000010397,28,12,2020,14,1,75,75116,2,1,2,2,RUE PERGOLESE,48.874937,2.283701
202000010398,28,12,2020,8,1,75,75116,2,2,2,2,AVENUE MARCEAU,48.868532,2.298904
202000010399,28,12,2020,10,1,75,75115,2,3,8,7,RUE DE VAUGIRARD,48.840888,2.305888
202000010400,28,12,2020,10,1,75,75113,2,7,1,6,RUE ESQUIROL,48.835861,2.359856
202000010401,28,12,2020,19,5,75,75108,2,2,2,6,AVENUE FRANKLIN D ROOSEVELT,48.868294,2.310165
202000010402,28,12,2020,20,5,75,75104,2,3,2,6,QUAI DES CELESTINS,48.852905,2.358984
202000010403,28,12,2020,17,5,94,94067,2,1,3,6,GENERAL DE GAULLE (AV DU),48.8451548,2.4175769
202000010404,27,12,2020,20,5,94,94019,2,3,2,2,LIBERATION (RTE DE LA),48.80063,2.54227
202000010405,28,12,2020,12,1,94,94017,2,1,1,3,ROGER SALENGRO (AV),48.81996,2.48309
202000010406,28,12,2020,12,1,93,93051,2,1,2,6,CHAMPY (GRANDE ALLEE),48.8442451,2.5784034
202000010407,24,11,2020,8,2,16,16090,1,1,1,3,lieu-Dit Le Bois Perdu,45.578642,-0.059288
202000010408,14,8,2020,19,1,72,72058,1,6,1,2,Intersection D323/D304,47.973548,0.245476
202000010409,24,11,2020,5,3,15,15259,1,1,1,6,Autoroute   A75,45.144122,3.143206
202000010410,24,11,2020,11,1,91,91573,2,1,1,6,Rue du Vieux Marché,48.615659,2.486657
202000010411,23,11,2020,17,5,61,61464,2,1,1,6,Avenue du 8 mai 1945,48.59777,0.170835
202000010412,21,11,2020,9,1,44,44223,1,3,1,3,Route de l'Hommeau,47.065328,-1.508238
202000010413,19,11,2020,12,1,44,44003,2,1,1,2,Rue de l'Hermitage,47.390322,-1.180281
202000010414,23,11,2020,18,3,29,29024,1,2,1,3,Lieu-dit Tronjoly,48.259413,-3.585507
202000010415,24,11,2020,17,2,38,38144,1,1,1,1,D36,45.586834,5.067294
202000010416,24,11,2020,6,3,38,38399,1,2,1,1,Chemin de Verjutiere,45.507129,5.150882
202000010417,23,11,2020,6,2,38,38042,1,2,1,3,Chemin de Pollardière,45.390351,5.371424
202000010418,24,11,2020,13,1,10,10164,2,1,1,7,9 Rue de l'Eglise,48.4827148,3.6721641
202000010419,23,11,2020,17,2,16,16350,1,3,1,2,Lieu-dit La Petite Garenne,45.312465,0.263736
202000010420,23,11,2020,20,3,77,77295,1,1,1,6,Autoroute A5 pk 008.400 sens Paris vers Province,48.57665,2.744621
202000010421,24,11,2020,15,1,13,13044,1,9,1,1,départementale 68,43.613266,5.047688
202000010422,23,11,2020,7,1,69,69244,2,1,1,6,92 Avenue Charles de Gaulle,45.7621795,4.779359
202000010423,23,11,2020,11,1,74,74081,2,2,1,6,4 Rue Joseph Nicollet,46.059296,6.578772
202000010424,24,11,2020,2,3,974,97415,1,1,1,6,Rue du Boucan Canot,-21.031064,55.225106
202000010425,19,11,2020,19,5,971,97128,1,1,1,6,Chemin de Louisiane,16.261451,-61.397009
202000010426,20,11,2020,12,1,972,97224,2,1,1,6,Route de Saint Joseph,14.656342,-61.042453
202000010427,24,11,2020,19,3,77,77329,1,1,1,6,D58,48.241424,2.809539
202000010428,24,11,2020,13,1,66,66210,2,2,1,3,Avenue Louis Noguères,42.629753,2.752622
202000010429,24,11,2020,8,1,83,83119,1,1,1,3,Route des Plages,43.2532853,6.6405772
202000010430,13,11,2020,17,5,67,67286,2,1,1,6,309 Rue Principale,48.4481537,7.5387533
202000010431,24,11,2020,17,3,38,38562,1,1,1,6,D5,45.09116,5.778744
202000010432,21,10,2020,15,1,26,26084,1,3,3,1,Route d'Alixan,45.010823,4.953842
202000010433,22,11,2020,19,3,33,33425,1,1,1,3,D137,45.056281,-0.477428
202000010434,23,11,2020,16,1,62,62865,2,2,8,6,Rue Chilperic 1er,50.32757,2.976903
202000010435,23,11,2020,14,1,13,13216,1,1,1,3,A55-Sens Marseille vers Martigues,43.3663,5.33179
202000010436,10,11,2020,6,3,59,59569,1,1,1,6,AUTOROUTE A21,50.381157,3.139017
202000010437,19,11,2020,16,1,62,62193,1,1,1,6,AUTOROUTE A16,50.941378,1.82519
202000010438,23,11,2020,10,1,92,92063,1,1,8,6,A86,48.8902705,2.171262
202000010439,23,11,2020,6,3,78,78007,1,1,3,4,A13 Y,48.895071,2.007454
202000010440,22,11,2020,19,5,95,95582,1,1,1,2, A15,48.97597,2.23887
202000010441,20,11,2020,17,1,988,98818,2,1,1,3,VE1,-22.22397,166.47367
202000010442,22,11,2020,6,1,973,97302,1,6,1,7,MARINGOUINS (ROND-POINT),4.9021233,-52.3129374
202000010443,22,11,2020,2,5,69,69383,2,2,1,3,GAMBETTA                            (CO),45.75622,4.84031
202000010444,22,11,2020,3,5,972,97213,1,1,9,2,AUTOROUTE A1,14.61854,-61.0221
202000010445,21,11,2020,19,5,91,91432,2,2,1,3,AV BLAISE PASCAL,48.69674,2.33277
202000010446,20,11,2020,12,1,78,78440,2,1,1,6,ALBERT THOMAS (RUE),48.986431,1.920926
202000010447,22,11,2020,13,1,59,59360,2,1,2,1,FOCH RUE DU MARECHAL,50.61451,3.00926
202000010448,22,11,2020,17,1,35,35238,2,3,1,6,NOEL (YVES),48.08906,-1.67727
202000010449,22,11,2020,1,5,27,27229,2,2,1,3,NORMANDIE (BOULEVARD DE),49.018557,1.1424987
202000010450,21,11,2020,8,1,25,25056,2,2,1,1,Chemin des Verjoulots,47.242639,6.046528
202000010451,21,11,2020,17,2,13,13117,2,3,1,3,SALYENS ( AVENUE DES ),43.444,5.25169
202000010452,22,11,2020,19,3,13,13206,2,3,1,2,NOTRE DAME (BOULEVARD),43.2899619,5.3725658
202000010453,21,11,2020,9,1,13,13208,2,6,1,3,LOUIS BONNEFON (PLACE),43.253783,5.384458
202000010454,21,11,2020,11,1,06,06123,2,1,1,1,MOATTI PASSAGE,43.66171,7.19361
202000010455,22,11,2020,13,1,75,75112,2,2,1,3,AVENUE LEDRU ROLLIN,48.848,2.371424
202000010456,21,11,2020,17,2,75,75120,2,1,1,6,RUE DES RASSELINS,48.855307,2.408064
202000010457,22,11,2020,21,5,75,75118,2,1,1,2,AVENUE DE CLICHY,48.88401,2.327207
202000010458,22,11,2020,0,5,75,75118,2,4,1,3,AVENUE DE LA PORTE DE CLIGNANCOURT,48.90069,2.344239
202000010459,22,11,2020,21,5,75,75117,2,5,1,3,AVENUE DE SAINT OUEN,48.893012,2.327433
202000010460,22,11,2020,13,1,75,75110,2,3,1,3,QUAI DE VALMY,48.87924,2.366735
202000010461,21,11,2020,23,5,75,75109,2,2,1,7,BOULEVARD DE ROCHECHOUART,48.881919,2.339694
202000010462,22,11,2020,17,2,75,75101,2,3,1,1,QUAI FRANCOIS MITTERRAND,48.859011,2.339873
202000010463,21,11,2020,13,1,94,94042,2,7,1,6,GENERAL GALLIENI - PONT DE JOINVILLE (AV,48.820182,2.467424
202000010464,22,11,2020,17,5,94,94059,2,9,1,3,LA MARECHALE (RES),48.81262,2.57434
202000010465,22,11,2020,17,5,94,94053,2,2,1,6,GRANDE RUE PIERRE MENDES-FRANCE - PL JEA,48.77561,2.5486
202000010466,21,11,2020,23,5,93,93057,2,3,1,3,THOMAS (AV. ALBERT),48.89959,2.49869
202000010467,21,11,2020,13,1,92,92073,2,1,1,6,KELLOGG (RUE),48.8630536,2.2012554
202000010468,23,11,2020,7,2,44,44180,2,1,1,1,44 Rue de la Ville Jolie,47.519787,-1.192435
202000010469,18,11,2020,16,1,08,08239,1,1,1,1,D985,49.38958,4.380155
202000010470,22,11,2020,16,1,76,76122,1,1,2,6,Autoroute A28 - PK 44+800,49.8252,1.5216
202000010471,23,11,2020,13,1,44,44137,1,2,1,3,la croix meignen,47.381585,-2.025905
202000010472,22,11,2020,18,5,62,62162,2,1,2,2,35 Rue Principale,50.570111,2.43595
202000010473,23,11,2020,7,2,31,31157,2,1,1,6,Avenue du Comminges,43.531765,1.356404
202000010474,22,11,2020,0,5,63,63195,2,1,2,6,Route de Billom,45.818022,3.376971
202000010475,23,11,2020,11,1,61,61508,1,1,1,6,Banque,48.936709,0.227559
202000010476,22,11,2020,10,1,49,49125,1,1,1,7,d960,47.165588,-0.380144
202000010477,16,11,2020,8,1,31,31193,1,4,1,3,D8,43.2742683,1.0568762
202000010478,23,11,2020,5,5,02,02173,2,1,1,6,22 Rue Ernest Renan,49.620336,3.218057
202000010479,23,11,2020,6,2,01,01246,1,1,5,1,Route de Macon,46.261751,5.027565
202000010480,22,11,2020,16,1,07,07216,1,1,1,1,D533,44.961397,4.649212
202000010481,23,11,2020,17,3,27,27210,1,2,1,3,D133,49.11466,0.84991
202000010482,22,11,2020,3,3,37,37143,1,1,1,6,La Croix,47.1301411,0.7807692
202000010483,23,11,2020,11,1,48,48138,1,6,1,6,Le Romardies,44.496796,3.263433
202000010484,21,11,2020,19,5,48,48051,2,1,1,7,Route Nationale 106,44.245541,3.920993
202000010485,20,11,2020,8,1,13,13051,1,2,1,3,D10,43.54648,5.148677
202000010486,22,11,2020,16,5,78,78571,2,1,1,1,21 Avenue des Platanes,48.858272,2.021911
202000010487,23,11,2020,20,3,68,68309,1,1,1,2,A35,47.661693,7.482591
202000010488,19,11,2020,16,1,976,97601,1,1,1,5,D1,-12.72981,45.05991
202000010489,9,11,2020,14,1,34,34166,1,9,1,6,A9,43.355999,3.33832
202000010490,11,8,2020,1,3,34,34101,1,1,1,-1,A9,43.391901,3.46212
202000010491,20,11,2020,21,3,987,98712,2,6,1,7,rond point de l'OPT,-17.542977,-149.503646
202000010492,22,11,2020,19,3,34,34123,2,3,1,6,D5e5,43.6314445,3.7651509
202000010493,22,11,2020,0,3,974,97420,2,1,1,6,Rue du Pere Fayet,-20.929291,55.577157
202000010494,23,11,2020,5,3,973,97304,1,1,1,7,PK 79 RN1,5.152154,-52.869644
202000010495,6,11,2020,17,1,971,97118,1,1,1,3,Route de Viard,16.166744,-61.58758
202000010496,18,11,2020,18,3,971,97118,1,9,1,6,RN1 - CD33,16.19782,-61.605942
202000010497,20,10,2020,7,1,30,30156,1,6,1,2,Super U (Supermarché),43.866137,4.4439
202000010498,22,11,2020,19,3,54,54063,1,1,1,6,D904,48.840289,5.841315
202000010499,23,11,2020,14,1,69,69273,2,4,1,3,8 Avenue Gabriel Péri,45.679695,4.921339
202000010500,23,11,2020,7,5,69,69204,2,6,1,1,Rue des Sources,45.6954187,4.8201846
202000010501,23,11,2020,11,1,81,81215,1,3,1,1,Route de Lavaur,43.761971,1.881757
202000010502,23,11,2020,8,1,33,33238,2,1,1,3,Cours du Maréchal Leclerc,44.731118,-0.600209
202000010503,20,11,2020,19,3,14,14554,1,1,1,2,RN 158,49.074491,-0.298047
202000010504,22,11,2020,15,1,60,60251,1,1,1,7,D938,49.4600736,2.2214512
202000010505,22,11,2020,9,1,91,91136,1,1,1,3,AUTOROUTE A10,48.7161,2.26663
202000010506,22,11,2020,1,3,91,91347,1,1,1,6,RN 104,48.6246,2.30115
202000010507,21,11,2020,20,3,91,91174,1,1,1,2,RN 104,48.6197,2.4593
202000010508,22,11,2020,16,1,92,92064,1,1,8,2,N118,48.8273768,2.2246216
202000010509,21,11,2020,13,1,92,92050,1,1,1,6,A86,48.9028,2.20454
202000010510,23,7,2020,12,1,67,67482,1,1,1,7,N.4 Contournement Sud,48.5725689,7.7297694
202000010511,17,7,2020,8,1,67,67218,1,1,1,3,Autoroute A.35,48.53189,7.6964
202000010512,24,6,2020,18,1,67,67482,1,1,1,5,A351,48.5872649,7.7126089
202000010513,19,1,2020,20,5,74,74012,2,1,1,6,GENEVE (RUE DE),46.193012,6.226685
202000010514,12,6,2020,8,1,33,33349,2,2,1,3,Lieu Dit le Joucla,44.74382,-0.48577
202000010515,21,11,2020,23,5,974,97416,2,1,1,6,Rue Jules Hermann,-21.32355,55.48133
202000010516,20,11,2020,21,5,974,97407,2,2,1,3,CARPAYE(AVENUE),-20.94556,55.29829
202000010517,20,11,2020,22,5,973,97302,2,2,8,2,TROUBIRAN (CHEMIN DE),4.92692,-52.30348
202000010518,21,11,2020,21,5,69,69388,2,2,1,5,JOSEPH CHAPELLE                     (R ),45.7344227,4.8661146
202000010519,21,11,2020,11,1,69,69259,2,1,1,6,Boulevard Irène Joliot Curie,45.71648,4.87652
202000010520,21,11,2020,6,1,972,97209,1,1,1,7,RN9,14.6154,-61.0409
202000010521,20,11,2020,11,1,69,69381,2,2,1,3,REPUBLIQUE (DE LA)                  (R ),45.7661,4.83595
202000010522,21,11,2020,19,5,971,97120,2,2,1,3,COMMANDANT MORTENOL (RUE DU),16.23999,-61.53197
202000010523,21,11,2020,21,5,2A,2A004,2,1,1,6,1ER CONSUL AVENUE,41.9075993,8.6792978
202000010524,21,11,2020,22,5,83,83069,2,2,1,3,LYAUTEY (AVENUE),43.1191677,6.1310831
202000010525,21,11,2020,18,2,81,81004,2,3,1,3,TEYSSIER (AV DU COLONEL),43.9216,2.16639
202000010526,20,11,2020,23,5,77,77518,1,6,1,1,DEPARTEMENTALE 372,48.505616,2.60715
202000010527,20,11,2020,8,1,76,76212,2,3,1,6,RN 31 (BOULEVARD DE LA PAIX),49.43798,1.1474
202000010528,21,11,2020,17,2,69,69275,2,1,1,6,JEAN JAURES                         (AV),45.77098,4.96249
202000010529,21,11,2020,11,1,69,69266,2,2,1,3,NORD      (Rue du),45.76381,4.88318
202000010530,20,11,2020,19,5,59,59512,2,1,1,7,VERDUN (AVENUE DE),50.68358,3.20215
202000010531,21,11,2020,14,1,57,57119,2,6,7,3,DESSIRIER,48.73694,7.07681
202000010532,21,11,2020,10,1,54,54395,2,3,1,3,PHALSBOURG (RUE DE),48.6835517,6.181215
202000010533,21,11,2020,22,3,44,44162,1,1,1,2,PERIPHERIQUE,47.25029,-1.62067
202000010534,20,11,2020,8,1,37,37261,2,3,1,3,SUEDE (RUE DE),47.4348047,0.6906161
202000010535,21,11,2020,16,2,35,35238,2,1,1,6,LE HO (JEAN),48.10556,-1.72456
202000010536,20,11,2020,17,2,34,34172,2,3,1,1,TOULOUSE (AVENUE DE,43.60024,3.867375
202000010537,20,11,2020,14,1,33,33249,2,1,1,1,QUAI ELISABETH DUPEYRON,44.8734,-0.53701
202000010538,21,11,2020,9,1,25,25462,2,6,1,3,MORTEAU DE (DU 0 AU 30),46.90589,6.3575
202000010539,20,11,2020,17,5,13,13056,2,1,1,3,ROUTE DE SAINT PIERRE,43.3982,5.05186
202000010540,21,11,2020,0,5,13,13214,2,1,1,1,MORETTI (BOULEVARD),43.32575,5.37902
202000010541,20,11,2020,18,5,13,13201,2,2,1,3,GRANDE ARMEE (RUE DE LA),43.30029,5.38415
202000010542,22,11,2020,0,5,06,06088,2,2,1,3,HEROLD (R.),43.702,7.259023
202000010543,21,11,2020,20,5,06,06088,1,1,1,3,STE MARGUERITE (AV.) A PARTIR DU 62-63),43.69982,7.19883
202000010544,21,11,2020,15,1,06,06088,2,1,1,3,JOLY (CORNICHE ANDRE DE),43.70519,7.30053
202000010545,21,11,2020,15,1,06,06088,2,4,1,3,ROQUEBILLIERE (R. DE),43.70695,7.28577
202000010546,20,11,2020,18,5,06,06069,1,1,1,2,SAINT FRANCOIS (PLACE ET ROUTE),43.647331,6.894794
202000010547,20,11,2020,8,1,75,75119,2,1,1,2,BOULEVARD PERIPHERIQUE,48.89001,2.396056
202000010548,20,11,2020,23,5,75,75111,2,2,1,3,BOULEVARD VOLTAIRE,48.863774,2.370102
202000010549,21,11,2020,14,1,75,75118,2,1,1,6,BOULEVARD ORNANO,48.896639,2.345443
202000010550,21,11,2020,19,5,75,75117,2,3,1,2,BOULEVARD DE COURCELLES,48.878857,2.301757
202000010551,21,11,2020,20,5,75,75115,2,1,1,2,RUE DE VOUILLE,48.834909,2.304571
202000010552,21,11,2020,16,1,75,75115,2,1,1,6,RUE JULES SIMON,48.840929,2.292168
202000010553,21,11,2020,19,5,75,75111,2,2,1,6,RUE SAINT MAUR,48.869465,2.373931
202000010554,20,11,2020,20,5,75,75111,2,1,1,6,AVENUE LEDRU ROLLIN,48.852845,2.377018
202000010555,20,11,2020,18,5,75,75108,2,3,1,6,BOULEVARD DE LA MADELEINE,48.869558,2.325782
202000010556,21,11,2020,14,1,75,75117,2,4,1,3,AVENUE DE VILLIERS,48.884436,2.301258
202000010557,21,11,2020,17,2,75,75101,2,3,1,6,RUE DE RIVOLI,48.86532,2.32732
202000010558,21,11,2020,16,2,75,75101,2,2,1,7,RUE DE RIVOLI,48.863728,2.33224
202000010559,21,11,2020,14,1,94,94081,2,1,1,2,PRESIDENT SALVADOR ALLENDE (AV DU),48.79574,2.40981
202000010560,21,11,2020,13,1,94,94078,2,1,1,3,EMILE ZOLA (R),48.735423,2.450141
202000010561,21,11,2020,18,5,94,94046,2,1,1,3,87 R CARNOT,48.805022,2.441019
202000010562,21,11,2020,13,1,94,94041,2,1,1,2,JEAN LE GALLEU (R),48.81204,2.37868
202000010563,20,11,2020,20,5,94,94022,2,1,1,3,Avenue Jean Jaurès,48.765238,2.408127
202000010564,21,11,2020,14,1,94,94019,2,3,7,1,SUCY (R DE),48.78763,2.52072
202000010565,20,11,2020,19,5,92,92078,2,1,1,3,RENIERS (AVENUE CHEMIN),48.933011,2.321963
202000010566,21,11,2020,19,5,92,92044,2,2,1,3,BAUDIN (RUE) 27A83 ET 36 A84,48.89867,2.28682
202000010567,21,11,2020,18,5,92,92040,2,7,1,3,MARECHAL JUIN (PLACE),48.82523,2.26778
202000010568,21,11,2020,16,1,92,92007,2,1,1,6,VAILLANT-COUTURIER (AVENU PAUL),48.7907302,2.314682
202000010569,21,11,2020,18,1,974,97415,2,1,1,7,Rue Jean Albany,-21.070132,55.267378
202000010570,22,11,2020,14,1,31,31467,2,1,1,6,D14c,43.688989,1.404979
202000010571,21,11,2020,18,5,37,37010,1,9,1,4,autoroute A10 sortie 18,47.5467964,0.9875707
202000010572,21,11,2020,16,1,83,83120,2,1,1,1,Rue du Lion,43.385395,5.707193
202000010573,21,11,2020,15,1,51,51610,2,4,7,3,D63,49.0653788,4.905571
202000010574,21,11,2020,18,3,79,79005,1,9,1,7,,46.833818,-0.16958
202000010575,22,11,2020,7,2,49,49167,1,1,5,6,D 748,47.394311,-0.504041
202000010576,19,11,2020,16,1,68,68349,2,1,8,3,20 rue des Alliés,47.609516,7.563285
202000010577,21,11,2020,17,2,68,68195,1,1,1,2,RN66,47.768079,7.248541
202000010578,22,11,2020,11,1,39,39489,1,2,1,3,,46.844192,5.651581
202000010579,22,11,2020,6,3,03,03205,1,1,1,6,Moulin Vicaire,46.2266432,3.5766428
202000010580,20,11,2020,10,1,58,58131,2,1,1,6,Grande Rue,47.08472,3.192794
202000010581,20,11,2020,7,1,14,14682,1,1,1,1,D675,49.298658,0.221012
202000010582,22,11,2020,12,1,14,14143,1,1,1,6,Les Anglais (livry) (Livry),49.142373,-0.754924
202000010583,21,11,2020,17,1,50,50129,1,1,1,7,Chemin des Clos,49.630493,-1.536504
202000010584,21,11,2020,20,1,36,36018,2,2,1,2,15 Rue Jules Ferry,46.633998,1.067441
202000010585,21,11,2020,17,1,40,40255,2,1,1,7,Route de Jouambet,43.894549,-0.361889
202000010586,20,11,2020,20,3,06,06155,1,1,1,6,A8 PK 170.400 voie nord,43.603376,7.06202
202000010587,21,11,2020,15,1,83,83052,1,1,1,6,D561,43.593617,5.861174
202000010588,22,11,2020,14,1,73,73181,1,1,7,6,"D85, route de Hautecourt",45.4888418,6.5409137
202000010589,21,11,2020,16,1,17,17429,1,2,1,3,D238E1 ,45.912101,-0.984065
202000010590,20,11,2020,16,1,49,49023,2,4,1,6,Rue d'Anjou (Villedieu-la-Blouère),47.1513063,-1.0598035
202000010591,21,11,2020,20,3,56,56023,1,1,1,2,Pont Christ,47.73634,-3.016617
202000010592,20,11,2020,18,3,29,29087,1,3,1,3,D765 - Menez Merdy,48.0473319,-4.2674088
202000010593,20,11,2020,20,3,13,13015,1,1,1,2,A51-Sens Marseille vers Aix en Provence,43.43547,5.39595
202000010594,20,11,2020,8,1,13,13215,1,1,1,2,A55-Sens Martigues vers Marseille,43.33136,5.35413
202000010595,20,11,2020,22,3,91,91182,1,1,1,-1,AUTOROUTE A6,48.62909,2.41174
202000010596,20,11,2020,20,3,91,91235,1,1,1,4,RN 104,48.63069,2.36122
202000010597,21,11,2020,17,5,92,92025,1,1,1,6,A86,48.93334,2.25237
202000010598,20,11,2020,21,3,78,78043,1,1,1,2,A12 Y,48.827823,2.078154
202000010599,14,5,2020,15,1,91,91097,2,1,1,2,JEAN MOULIN (AVENUE),48.6785,2.5276
202000010600,13,5,2020,13,1,87,87085,2,3,2,6,PORT DU NAVEIX (RUE DU),45.8332,1.27532
202000010601,20,4,2020,17,1,78,78126,2,1,1,6,SAUT DU LOUP (AVENUE DU),48.839066,2.129388
202000010602,14,5,2020,3,5,77,77139,2,9,1,6,VAN WYNGENE (RUE CHARLES),48.91113,2.6036
202000010603,11,5,2020,23,5,67,67482,2,1,1,6,9 Place de Haguenau,48.594325,7.742986
202000010604,11,5,2020,16,1,67,67447,2,1,2,2,PIERRE MENDES FRANCE (AVENUE),48.6042445,7.7581699
202000010605,13,5,2020,21,2,64,64445,2,3,1,3,COUETTES DES,43.32423,-0.36329
202000010606,11,5,2020,16,1,64,64335,2,1,2,6,SANTOS-DUMONT,43.32159,-0.42356
202000010607,12,5,2020,15,1,63,63164,1,1,3,2,Route départementale 210,45.821164,3.1554861
202000010608,13,5,2020,13,1,63,63113,2,1,2,6,GUYNEMER (RUE),45.780287,3.1082544
202000010609,13,5,2020,11,1,63,63113,2,4,1,2,rue Anatole France /vertaizon,45.776998,3.1014459
202000010610,13,5,2020,7,1,60,60057,2,9,1,1,SALVATOR ALLENDE (AVENUE),49.44045,2.10646
202000010611,14,5,2020,15,1,59,59350,2,2,1,3,EPINETTE RUE DE L,50.6169,3.02404
202000010612,14,5,2020,9,1,56,56260,2,4,7,6,TANNERIE(RUE DE LA),47.65828,-2.75016
202000010613,13,5,2020,18,1,56,56121,2,3,1,2,DREYFUS (RUE  ALFRED ),47.74791,-3.38979