Num_Acc,jour,mois,an,hr,condition_eclairage,departement,commune,condition_agglomeration,intersection,condition_atmosphere,type_collision,adresse,lattitude,longitude
202000010614,13,5,2020,15,1,56,56098,2,2,1,1,SEMBAT (RUE MARCEL),47.76516,-3.34535
202000010615,12,5,2020,12,1,52,52121,2,1,1,6,VERDUN (RUE DE),48.11057,5.13838
202000010616,14,5,2020,9,1,45,45234,1,1,1,3,D2060G - PR94+350,47.92387,1.94146
202000010617,13,5,2020,17,1,44,44162,2,6,1,3,Boulevard du Massacre,47.2317865,-1.592507
202000010618,12,5,2020,19,1,44,44109,2,1,1,1,Boulevard Robert Schuman,47.2457417,-1.5765142
202000010619,14,5,2020,10,1,35,35051,2,1,1,2,RIGOURDIERE (RUE DE LA),48.115913,-1.584627
202000010620,14,5,2020,18,1,34,34172,2,1,2,7,JEU DE PAUME (BOULEVARD DU),43.60857,3.87304
202000010621,12,5,2020,12,1,34,34172,2,1,1,-1,COURREAU FAUBOURG DU,43.608507,3.869467
202000010622,14,5,2020,16,1,33,33069,2,7,1,3,277 Boulevard Godard / PCE RAVEZIES,44.86582,-0.57615
202000010623,14,5,2020,15,1,29,29039,2,1,1,2,Rue Ernest Renan,47.8744342,-3.9265345
202000010624,14,5,2020,2,5,13,13201,2,1,1,6,LIEUTAUD (COURS)      2 A 52,43.29608,5.38152
202000010625,14,5,2020,9,1,13,13005,1,1,1,-1,RN 96 (ROUTE NATIONALE ),43.32359,5.5902
202000010626,2,5,2020,17,1,11,11262,2,1,1,3,ROUX (RUE DU DOCTEUR),43.19007,2.9853
202000010627,13,5,2020,18,2,10,10297,2,1,1,1,TIRVERTS (RUE),48.31286,4.08461
202000010628,14,5,2020,15,1,06,06069,1,1,1,7,NAPOLEON (ROUTE),43.67023,6.91195
202000010629,12,5,2020,11,1,04,04070,2,1,1,7,Pont Beau de Rochas,44.08928,6.22968
202000010630,14,5,2020,15,1,75,75112,2,1,1,2,BOULEVARD PERIPHERIQUE,48.83687,2.412401
202000010631,14,5,2020,9,1,75,75120,2,4,1,3,BOULEVARD PERIPHERIQUE,48.861341,2.413739
202000010632,14,5,2020,19,1,75,75119,2,4,1,6,QUAI DE LA SEINE,48.888025,2.377219
202000010633,13,5,2020,18,1,75,75116,2,1,1,3,ALLEE DE LA REINE MARGUERITE,48.856253,2.243354
202000010634,14,5,2020,21,1,75,75114,2,3,1,-1,RUE JACQUIER,48.829254,2.31921
202000010635,14,5,2020,13,1,75,75111,2,2,1,-1,BOULEVARD DE CHARONNE,48.856474,2.394215
202000010636,14,5,2020,15,1,75,75109,2,2,1,3,BOULEVARD DES ITALIENS,48.870969,2.334159
202000010637,14,5,2020,17,1,75,75108,2,2,1,3,BOULEVARD HAUSSMANN,48.875036,2.309192
202000010638,14,5,2020,7,1,75,75107,2,1,1,2,PONT DE LA CONCORDE,48.863278,2.319524
202000010639,14,5,2020,17,1,75,75101,2,2,1,3,RUE DE RIVOLI,48.863727,2.332239
202000010640,14,5,2020,20,1,94,94058,2,9,1,3,LEDRU ROLLIN (AV),48.8384755,2.4949704
202000010641,14,5,2020,13,1,94,94052,2,9,1,6,CHARLES DE GAULLE (GRAND RUE),48.836,2.479
202000010642,14,5,2020,15,1,94,94076,2,1,1,-1,LOUIS ARAGON (AV),48.78855,2.3713
202000010643,14,5,2020,14,1,94,94028,2,1,1,2,Avenue du Maréchal Foch,48.78128,2.4376111
202000010644,14,5,2020,17,1,94,94079,2,2,1,3,PIERRE DOBOEUF ET MICHEL LAFONT (R),48.832192,2.544951
202000010645,13,5,2020,21,5,93,93070,2,9,1,3,CHARLES SCHMIDT(RUE) : APRES 49,48.9025,2.3343
202000010646,14,5,2020,22,5,93,93053,2,1,1,6,ROSNY (AVENUE DE) N° 56 A 242,48.9036123,2.4706561
202000010647,14,5,2020,9,1,93,93079,2,1,1,2,SAINT LEU (ROUTE),48.9504933,2.3403915
202000010648,13,5,2020,13,1,93,93007,2,1,1,6,MATHILDE EMILIE (AVENUE),48.922647,2.470645
202000010649,14,5,2020,13,1,92,92046,2,1,1,2,CAMELINAT,48.8121116,2.2996339
202000010650,14,5,2020,10,1,92,92051,2,1,1,2,"CHARLES DE GAULLE (AVENUE, N° 18 A 116)",48.8790219,2.2787404
202000010651,14,5,2020,15,1,92,92025,2,1,1,3,ILE MARANTE(PARC LAGRAVERE) (PARC),48.925353,2.238396
202000010652,13,5,2020,20,1,92,92004,2,3,1,3,GRANDE RUE CHARLES DE GAULLE,48.906051,2.286547
202000010653,12,5,2020,18,1,35,35168,1,1,1,3,La Basse Bouessiere,47.9367989,-1.9969659
202000010654,11,5,2020,9,1,86,86203,1,1,2,1,D8,46.290761,0.638135
202000010655,14,5,2020,18,1,37,37169,1,1,1,7,Le Chatellier,47.6066569,0.9263086
202000010656,13,5,2020,10,1,38,38349,1,2,2,3,D4,45.339455,4.780673
202000010657,15,5,2020,16,1,83,83019,2,1,1,6,Route du Baguier,43.151798,6.343435
202000010658,15,5,2020,15,1,27,27179,2,3,1,2,D834,49.132037,0.577158
202000010659,13,5,2020,11,1,76,76046,1,2,1,1,,49.439989,1.294498
202000010660,14,5,2020,11,1,63,63072,1,1,1,7,Lieu Dit le Pas du Pire,45.877949,3.6823585
202000010661,14,5,2020,18,1,49,49109,1,3,1,1,Grande Nouzilliere,47.108184,-0.64064
202000010662,13,5,2020,15,1,46,46187,1,1,1,1,RD 4,44.458834,1.024797
202000010663,15,5,2020,9,1,39,39449,1,3,8,3,,47.153121,5.487118
202000010664,15,5,2020,18,1,29,29031,1,1,1,6,Lieu Dit Petit Kernenez,47.8115705,-3.5599334
202000010665,15,5,2020,17,1,02,02750,2,1,1,7,Rue du Mai,49.521778,3.235162
202000010666,14,5,2020,9,1,54,54567,1,1,1,1,Rue du Mont,48.458423,6.33777
202000010667,15,5,2020,15,1,60,60471,2,1,1,6,Boulevard du Mont Saint-siméon,49.5836945,3.0191126
202000010668,14,5,2020,15,1,10,10035,1,1,1,6,D396,48.200989,4.763329
202000010669,14,5,2020,15,1,16,16065,1,1,1,6,,46.039399,0.77827
202000010670,14,5,2020,6,2,27,27192,1,2,1,3,D39,49.132835,0.93888
202000010671,15,5,2020,15,1,28,28422,1,3,7,1,D137,48.278773,1.576881
202000010672,12,5,2020,10,1,17,17022,1,2,1,3,D150,45.899827,-0.522923
202000010673,14,5,2020,19,1,17,17309,1,1,1,1,Sicard,45.169516,-0.02149
202000010674,10,2,2020,16,1,38,38253,2,1,1,6,Route de Champame,45.01565,6.12749
202000010675,15,5,2020,7,1,988,98807,1,1,1,6,ROUTE DE WERAP,-20.700283,164.944139
202000010676,14,5,2020,20,3,971,97117,1,1,1,1,Route de Boisvin,16.30671,-61.349223
202000010677,14,5,2020,15,1,971,97118,1,1,1,6,Route Nationale 1,16.1944788,-61.6353921
202000010678,15,5,2020,17,1,83,83030,2,1,1,3,44 Chemin de Saint Marc,43.380536,6.098013
202000010679,15,5,2020,15,1,13,13049,1,1,1,5,D538,43.715205,5.090087
202000010680,14,5,2020,8,1,21,21209,2,6,1,3,Rond point du 16 mars 1962,47.337735,5.154429
202000010681,15,5,2020,16,1,68,68226,2,3,1,3,Rue de la République,48.039209,7.140781
202000010682,14,5,2020,16,1,01,01160,2,3,1,3,Avenue Voltaire,46.256967,6.110281
202000010683,15,5,2020,17,1,69,69206,1,9,1,3,Route de Champgravier,46.0494616,4.6952513
202000010684,14,5,2020,19,1,69,69094,1,1,8,2,Route de Marcy,45.7597121,4.6969448
202000010685,15,5,2020,17,1,60,60409,1,1,7,2,D62,49.302775,2.470068
202000010686,14,5,2020,15,1,91,91589,1,1,1,5,AUTOROUTE A6,48.67398,2.34272
202000010687,14,5,2020,12,1,91,91645,1,1,1,7,RN 385 Extèrieure,48.7592,2.267
202000010688,13,5,2020,11,1,93,93007,1,1,1,2,AUTOROUTE A3,48.93589,2.48052
202000010689,5,3,2020,16,1,17,17300,2,1,1,6,BILLAUD-VARENNE   AVENUE,46.15158,-1.12216
202000010690,26,2,2020,19,5,17,17300,2,3,1,3,NORMANDIN   RUE EMILE,46.1412,-1.13795
202000010691,20,1,2020,5,5,11,11262,2,1,1,6,BERGERIE (CHEMIN DE LA),43.16703,2.97785
202000010692,13,5,2020,14,1,69,69387,1,1,8,2,CHALLEMEL LACOUR                    (R ),45.72988,4.84002
202000010693,13,5,2020,13,1,69,69259,2,2,8,2,NOVY JICIN                          (BD),45.69239,4.89868
202000010694,11,5,2020,3,5,69,69389,2,1,2,7,MARIETTON                           (R ),45.7763966,4.796296
202000010695,13,5,2020,13,1,69,69034,2,1,1,-1,CURIE                               (R ),45.7923,4.84126
202000010696,12,5,2020,15,1,91,91223,2,1,1,6,COMTE (RUE AU),48.4326,2.1642
202000010697,30,4,2020,22,5,87,87085,2,1,1,6,ARCADES (BOULEVARD DES),45.8519,1.26334
202000010698,13,5,2020,9,1,87,87085,2,3,2,6,THOMAS (AVENUE ALBERT),45.8398,1.23481
202000010699,13,5,2020,23,5,83,83129,2,1,1,7,DE LATTRE DE TASSIGNY (AV),43.094016,5.837524
202000010700,14,4,2020,19,1,80,80021,2,6,1,3,POINTIN (RUE),49.88552,2.31214
202000010701,1,4,2020,17,1,78,78524,2,1,1,6,RN 307,48.836384,2.096243
202000010702,12,5,2020,9,1,77,77294,2,1,1,6,FRANKLIN ROOSEVELT (AVENUE),48.95425,2.60002
202000010703,12,5,2020,10,1,76,76351,2,1,1,6,BOIS AU COQ (AVENUE),49.5213,0.1132
202000010704,13,5,2020,20,1,76,76565,1,3,1,3,RD 915,49.8889298,1.0839987
202000010705,9,5,2020,15,1,67,67482,2,1,1,6,15 Rue du Petit-marais,48.5627,7.69486
202000010706,8,5,2020,15,1,67,67482,2,1,1,7,5 Rue Jean Mermoz,48.5471922,7.7706644
202000010707,13,5,2020,21,1,64,64102,2,2,1,3,FOIX (AVENUE LOUIS DE),43.50441,-1.46735
202000010708,13,5,2020,18,1,64,64102,2,1,1,2,NAVARRE (AVENUE HENRI DE),43.4983,-1.4482
202000010709,1,5,2020,17,1,63,63113,2,1,1,6,CLARET (RUE JEAN),45.7671354,3.1334886
202000010710,13,5,2020,11,1,59,59286,2,2,1,3,VANDERHAGEN ALBERT RUE,50.610935,2.980079
202000010711,11,5,2020,8,1,58,58194,2,2,2,3,GRANDS JARDINS,46.9959,3.1367
202000010712,13,5,2020,4,3,56,56162,1,1,1,6,Rue du Fort Bloqué,47.73453,-3.46923
202000010713,13,5,2020,14,1,51,51454,2,1,7,6,Rue de Courlancy,49.2478196,4.0146921
202000010714,12,5,2020,17,1,51,51454,2,7,1,2,Place Aristide Briand,49.2571751,4.0389715
202000010715,12,5,2020,12,1,49,49007,2,1,1,7,BASSE CHAINE PONT,47.47061,-0.56355
202000010716,11,5,2020,15,1,49,49246,2,1,1,3,DAVID D'ANGERS,47.43283,-0.52926
202000010717,13,5,2020,13,1,45,45234,2,3,1,3,Boulevard Marie Stuart - R A Messager,47.91159,1.92792
202000010718,12,5,2020,12,1,45,45147,2,2,1,2,Rue André Dessaux - R Hoche,47.92746,1.89819
202000010719,12,5,2020,16,1,44,44184,2,3,1,3,VILLES-MOLLÉ (ROUTE DE),47.25902,-2.28239
202000010720,12,5,2020,11,1,35,35238,2,2,1,3,TILLON (AVENUE CHARLES),48.1246,-1.7029
202000010721,5,5,2020,20,1,33,33529,1,6,1,7,RD 1250 (Camicas - Sortie Dune),44.63,-1.15632
202000010722,13,5,2020,19,1,32,32013,2,1,2,3,VICTOR HUGO (RUE),43.6545,0.5677
202000010723,13,5,2020,14,1,28,28209,2,9,1,6,CHACATIERE (RUE DE LA),48.46893,1.46817
202000010724,11,5,2020,16,1,19,19031,2,1,1,6,ALVITRE (AVENUE ABBE),45.152999,1.507099
202000010725,13,5,2020,15,1,13,13206,2,9,1,2,PRADO (AVENUE DU),43.296,5.40569
202000010726,13,5,2020,20,3,07,07186,2,1,3,6,BACCONNIER (RUE LUDOVIC),44.7276,4.5994
202000010727,13,5,2020,8,1,75,75120,2,3,1,3,AVENUE GAMBETTA,48.863941,2.391646
202000010728,12,5,2020,21,2,75,75119,2,2,1,6,RUE D ALSACE LORRAINE,48.883907,2.391739
202000010729,13,5,2020,13,1,75,75119,2,2,1,6,AVENUE MATHURIN MOREAU,48.87826,2.372951
202000010730,13,5,2020,13,1,75,75114,2,4,1,3,AVENUE DU GENERAL LECLERC,48.828772,2.3277
202000010731,12,5,2020,14,1,75,75112,2,1,1,3,AVENUE DAUMESNIL,48.839988,2.394113
202000010732,13,5,2020,10,1,75,75108,2,1,1,3,RUE FRANCOIS 1ER,48.868784,2.303488
202000010733,13,5,2020,18,1,94,94067,2,1,1,2,PARIS (AV DE),48.845688,2.426081
202000010734,13,5,2020,12,1,94,94073,2,3,1,3,RENE PANHARD (AV),48.763238,2.40044
202000010735,13,5,2020,10,1,94,94018,2,1,1,6,REPUBLIQUE (R DE LA),48.8217143,2.4147616
202000010736,13,5,2020,19,1,94,94070,2,1,1,3,LESIGNY (R DE),48.725264,2.576485
202000010737,13,5,2020,14,1,93,93073,2,2,1,3,BARBUSSE (RUE HENRI),48.96321,2.57022
202000010738,13,5,2020,13,1,93,93064,2,1,1,6,LISBONNE (PLACE DE),48.8808048,2.4736147
202000010739,13,5,2020,14,1,93,93077,2,5,1,3,R DE NEUILLY / AV DE FREDY,48.87894,2.51621
202000010740,3,5,2020,16,1,93,93053,2,9,2,3,PARIS (RUE DE),48.9038766,2.4707446
202000010741,13,5,2020,13,1,92,92051,2,1,1,3,BOURDON (BOULEVARD),48.89381,2.26804
202000010742,13,5,2020,17,1,49,49127,1,1,1,7,La Bersillere Godivier,47.677488,-0.2693305
202000010743,12,5,2020,14,1,62,62774,1,1,1,6,D940,50.923225,1.717397
202000010744,11,5,2020,23,5,59,59202,2,6,1,7,Rue du Moulin,50.675219,2.833448
202000010745,12,5,2020,16,1,59,59301,2,3,1,3,D102a,50.470767,3.52401
202000010746,13,5,2020,16,1,57,57329,1,1,1,3,D19,49.256952,6.492169
202000010747,14,5,2020,14,1,56,56081,1,1,1,6,Creno Vras,48.062651,-3.617592
202000010748,14,5,2020,10,1,74,74083,1,1,8,2,2027 Route de Sallanches,45.899086,6.651088
202000010749,13,5,2020,18,1,77,77109,1,1,1,7,"D75, PR016+500",48.600963,3.178396
202000010750,13,5,2020,13,1,67,67434,2,1,1,1,8 rue du maréchal FOCH,48.940082,7.086155
202000010751,14,5,2020,18,1,71,71158,1,1,1,6,Route de Loisy,46.5711826,4.9871855
202000010752,14,5,2020,12,1,89,89199,1,1,1,1,N151,47.694158,3.536455
202000010753,13,5,2020,13,1,61,61486,2,1,1,1,15 Rue de Domfront,48.763191,-0.73114
202000010754,13,5,2020,18,1,47,47086,1,1,1,7,boucaud,44.6854213,0.2045501
202000010755,12,5,2020,11,1,29,29101,1,3,1,6,Lieu-dit Kleuz Fos,48.583066,-4.545819
202000010756,13,5,2020,20,1,31,31118,1,1,1,7,4480 Route de Fronton,43.816012,1.378557
202000010757,13,5,2020,14,1,02,02232,1,1,1,6,N2,49.22595,2.97369
202000010758,13,5,2020,14,1,84,84102,1,1,1,1,D104,43.896966,5.321334
202000010759,14,5,2020,9,1,15,15006,1,1,1,7,fignac,45.206569,2.441776
202000010760,13,5,2020,20,1,14,14371,1,1,1,6,D135,49.056345,0.259713
202000010761,14,5,2020,9,1,83,83032,1,1,1,1,D13,43.481881,6.175202
202000010762,13,5,2020,11,1,73,73204,2,1,2,6,D1006 Rue Porte de Ville,45.534852,5.675082
202000010763,14,5,2020,12,1,40,40313,1,1,1,7,Route de Gouts,43.819737,-0.800974
202000010764,12,5,2020,13,1,27,27105,2,1,1,1,route de Brionne,49.295566,0.8705611
202000010765,13,5,2020,10,1,67,67291,1,1,1,7,D148,48.8744838,7.6993541
202000010766,12,4,2020,10,1,974,97422,2,1,1,1,76 Route du Piton Hyacinthe,-21.225179,55.53934
202000010767,10,4,2020,1,5,91,91085,2,1,1,1,46 Rue de l'Ormeteau,48.553978,2.205543
202000010768,14,5,2020,13,1,84,84118,1,1,1,-1,D2,43.933321,5.359848
202000010769,14,5,2020,12,1,84,84112,1,1,1,1,Départementale D900,43.850622,5.480461
202000010770,14,5,2020,15,1,13,13089,1,2,1,3,D74,43.822065,4.938033
202000010771,23,4,2020,15,1,33,33483,1,1,1,2,D13,44.891436,-0.396645
202000010772,13,5,2020,18,1,94,94069,1,1,1,4,A4,48.81723,2.4329
202000010773,13,3,2020,15,1,63,63032,2,2,1,6,Route de Romagant / rue du Masage,45.75158,3.09057
202000010774,13,3,2020,8,1,93,93078,2,3,1,6,R JACQUES DUCLOS / BD ROBERT BALLENGER,48.9588679,2.549355
202000010775,25,2,2020,20,5,93,93073,1,9,2,4,CHAPIT RE ( RUE DU),49.002,2.53699
202000010776,25,2,2020,11,1,93,93073,2,9,1,3,R DU CHAPITRE,49.00181,2.53709
202000010777,12,5,2020,6,1,988,98818,2,1,2,6,LAMARTINE (RUE),-22.28507,166.44533
202000010778,12,5,2020,9,1,974,97411,1,6,1,1,JAURES (BOULEVARD JEAN),-20.901,55.4924
202000010779,12,5,2020,20,5,973,97302,1,1,2,3,ZEPHIR (ROCADE),4.92618,-52.3212719
202000010780,12,5,2020,9,1,973,97302,1,1,3,2,MADELEINE (ROUTE DE LA),4.9255708,-52.3241794
202000010781,12,5,2020,14,1,69,69387,2,3,1,3,GUILLOTIERE (DE LA)                 (GR),45.75188,4.84705
202000010782,12,5,2020,5,2,69,69389,2,2,1,3,BOURGOGNE (DE)                      (R ),45.7786,4.80245
202000010783,11,5,2020,9,1,2B,2B037,1,1,1,1,TOUTES RUES,42.59337,9.43875
202000010784,12,5,2020,22,5,91,91201,2,1,1,1,HENRI BARBUSSE(BOULEVARD),48.669406,2.414917
202000010785,11,5,2020,17,1,87,87085,2,2,2,3,MAS-BOUYOL  (CITE ET BOULEVARD DU),45.82748,1.22636
202000010786,25,2,2020,13,1,75,75108,2,2,2,3,RUE DE ROME,48.875247,2.324191
202000010787,1,3,2020,15,1,75,75108,2,3,3,6,RUE DE BERRI,48.872408,2.304107
202000010788,28,2,2020,12,1,75,75108,2,2,2,3,AVENUE DE FRIEDLAND,48.874152,2.298914
202000010789,28,2,2020,11,1,75,75108,2,7,1,3,PLACE DE LA CONCORDE,48.865855,2.319889
202000010790,27,2,2020,12,1,75,75108,2,3,2,6,RUE BALZAC,48.875889,2.303153
202000010791,25,2,2020,13,1,75,75108,2,7,2,5,PLACE DE LA CONCORDE,48.865611,2.320692
202000010792,25,2,2020,17,1,75,75108,2,2,1,6,AVENUE HOCHE,48.876558,2.301701
202000010793,27,2,2020,8,1,75,75107,2,2,3,3,QUAI VOLTAIRE,48.859565,2.329325
202000010794,25,2,2020,16,1,75,75107,2,2,1,6,AVENUE DE SUFFREN,48.847899,2.306149
202000010795,26,2,2020,10,1,75,75103,2,2,2,6,RUE VOLTA,48.865233,2.357133
202000010796,25,2,2020,7,2,75,75104,2,1,1,2,QUAI DES CELESTINS,48.852243,2.360751
202000010797,2,3,2020,3,5,75,75104,2,2,2,2,BOULEVARD DE SEBASTOPOL,48.86055,2.34936
202000010798,28,2,2020,23,5,75,75101,2,2,2,7,AVENUE GENERAL LEMONNIER,48.863731,2.332236
202000010799,24,2,2020,6,5,75,75104,2,1,1,-1,QUAI HENRI IV,48.847958,2.363914
202000010800,1,3,2020,6,5,75,75104,2,5,1,6,BOULEVARD BESSIERES,48.858044,2.349637
202000010801,1,3,2020,0,5,75,75104,2,3,1,7,RUE FRANCOIS MIRON,48.855578,2.357391
202000010802,29,2,2020,15,1,75,75104,2,2,2,3,QUAI DES CELESTINS,48.853322,2.357785
202000010803,25,2,2020,15,1,75,75102,2,3,2,7,BOULEVARD DE SEBASTOPOL,48.867033,2.352973
202000010804,3,3,2020,10,1,94,94080,2,1,1,1,FONTENAY (R DE),48.84775,2.43949
202000010805,26,2,2020,21,5,94,94080,2,1,1,6,FOCH (AV),48.8458912,2.4432628
202000010806,28,2,2020,12,1,94,94080,2,1,1,3,CHATEAU (AV DU),48.84528,2.43649
202000010807,25,2,2020,9,1,94,94080,2,1,1,2,PARIS (AV DE),48.844766,2.4359518
202000010808,2,3,2020,20,3,94,94078,2,1,1,3,HUIT MAI 1945 (AV DU),48.7283,2.4462
202000010809,2,3,2020,17,1,94,94078,2,1,8,7,FUSILLES (AV DES),48.728751,2.44777
202000010810,29,2,2020,15,1,94,94074,2,6,1,7,JULIEN DURANTON (avenue),48.76147,2.44872
202000010811,27,2,2020,18,2,94,94044,2,6,1,3,GABRIEL PERI (AV),48.75657,2.48344
202000010812,3,3,2020,12,1,94,94068,2,3,1,3,GRADE (AV),48.8069718,2.479038
202000010813,3,3,2020,11,1,94,94068,2,1,1,3,FOCH (AV),48.799,2.4985
202000010814,2,3,2020,9,1,94,94068,2,1,2,7,CHAMPIGNY (BD DE),48.80839,2.50891
202000010815,28,2,2020,10,1,94,94068,2,6,1,7,RABELAIS (BD),48.8052418,2.4840769
202000010816,27,2,2020,13,1,94,94068,2,1,2,7,PONT DE CRETEIL (R DU),48.80265,2.47173
202000010817,29,2,2020,11,1,94,94015,2,1,2,6,ETIENNE DE SILHOUETTE (AV),48.84371,2.52638
202000010818,26,2,2020,13,1,94,94016,2,2,2,4,MARCEL BONNET (R),48.795892,2.32527
202000010819,1,3,2020,18,1,94,94081,2,1,8,7,ROBERT DEGERT (R),48.805212,2.373934
202000010820,27,2,2020,8,1,94,94041,2,1,2,3,PIERRE SEMARD (AV),48.81937,2.38034
202000010821,26,2,2020,11,1,94,94041,2,1,8,5,PIERRE SEMARD (AV),48.81976,2.37999
202000010822,24,2,2020,23,5,94,94041,2,3,2,1,REPUBLIQUE (AV DE LA),48.802424,2.397399
202000010823,2,3,2020,18,2,94,94073,2,9,1,6,VINCENT VAN GOGH (PL),48.7694283,2.3888507
202000010824,2,3,2020,17,1,94,94073,2,6,1,3,GENERAL DE GAULLE (AV DU),48.7668056,2.3851973
202000010825,2,3,2020,14,1,94,94073,2,1,3,7,LUXEMBOURG (AV DU),48.7585,2.37277
202000010826,1,3,2020,15,1,94,94065,2,2,3,3,RUE DU VIADUC,48.76116,2.3506
202000010827,27,2,2020,14,1,94,94065,2,3,2,6,PIROUETTE (R DE LA),48.7492913,2.3497084
202000010828,26,2,2020,18,5,94,94065,2,1,1,5,CHARLES LINDBERGH (AV),48.75182,2.35307
202000010829,25,2,2020,8,1,94,94021,2,3,2,2,GENERAL DE GAULLE (AV DU),48.7730301,2.3385029
202000010830,26,2,2020,9,1,94,94033,2,2,1,1,STALINGRAD (AV DE),48.85267,2.44932
202000010831,2,3,2020,11,1,94,94028,2,1,3,2,POMPADOUR(CARREFOUR),48.774682,2.4390648
202000010832,25,2,2020,22,4,94,94028,2,1,2,2,LYAUTEY.(AVENUE DU MARECHAL),48.7911,2.4479
202000010833,24,2,2020,15,1,94,94011,2,9,8,6,BICENTENAIRE.(AVENUE DU),48.76473,2.48817
202000010834,29,2,2020,14,1,94,94022,2,1,1,6,POSTE (R DE LA),48.76461,2.40961
202000010835,28,2,2020,17,1,94,94022,2,1,2,6,VICTOR HUGO (AV),48.770797,2.427415
202000010836,28,2,2020,15,1,94,94054,2,1,2,2,CHARLES TILLON (route),48.7441,2.3863
202000010837,28,2,2020,14,1,94,94073,2,1,2,2,STALINGRAD (BD DE),48.7708639,2.4012755
202000010838,27,2,2020,18,1,94,94053,2,1,1,6,GENERAL DE GAULLE (R DU),48.77771,2.54396
202000010839,26,2,2020,6,5,94,94053,2,1,2,4,GENERAL DE GAULLE (R DU),48.777,2.54
202000010840,25,2,2020,13,1,94,94069,2,1,2,1,ALL VACASSY,48.822689,2.424361
202000010841,3,3,2020,12,1,94,94017,2,1,1,6,ALBERT THOMAS (R),48.81437,2.51166
202000010842,29,2,2020,19,5,94,94017,2,1,2,6,REPUBLIQUE (AV DE LA),48.82095,2.51082
202000010843,29,2,2020,15,1,94,94017,2,1,1,3,PROFESSEUR PAUL MILLIEZ (R DU),48.8161,2.5325
202000010844,28,2,2020,8,1,94,94017,2,1,1,1,PIERRE RENAUDEL (R),48.813409,2.509364
202000010845,27,2,2020,7,2,94,94017,2,4,3,3,GENERAL DE GAULLE (AV DU),48.826866,2.509957
202000010846,11,2,2020,9,1,94,94017,2,1,1,6,GENERAL DE GAULLE (AV DU),48.8273095,2.5117761
202000010847,27,2,2020,13,1,94,94071,2,3,2,3,GEORGES POMPIDOU (AV),48.77144,2.52506
202000010848,27,2,2020,22,5,94,94028,2,1,1,6,CHERET(R ET IMP),48.805062,2.457534
202000010849,25,2,2020,10,1,94,94002,2,1,1,2,BLANQUI (QU),48.79916,2.41924
202000010850,3,3,2020,19,5,93,93073,2,1,1,1,CHAPIT RE ( RUE DU),49.0021691,2.536962
202000010851,3,3,2020,14,1,93,93078,2,1,2,6,BD ROBERT BALLANGER,48.9556296,2.5393268
202000010852,2,3,2020,23,5,93,93073,2,1,1,4,CHAPIT RE ( RUE DU),49.0032529,2.5368203
202000010853,1,3,2020,18,5,93,93078,2,1,2,6,AV GEORGES CLEMENCEAU,48.96024,2.55635
202000010854,28,2,2020,23,5,93,93078,2,1,1,3,EUROPE (AVENUE DE L'),48.9571666,2.5577791
202000010855,27,2,2020,16,1,93,93078,2,1,6,3,AV VAUBAN,48.962,2.5547
202000010856,27,2,2020,7,2,93,93073,2,6,3,4,RTE DE LA CROIX DU PLATRE / AV CAROLE,48.98407,2.52584
202000010857,27,2,2020,13,1,93,93059,2,9,1,4,PARMENTIER (RUE) COTE N° IMPAIRS,48.96534,2.37349
202000010858,25,2,2020,14,1,93,93072,2,1,8,6,AV LOUIS BORDES,48.95523,2.38533
202000010859,2,3,2020,19,4,93,93005,2,1,2,6,R AMBOURGET,48.94772,2.50705
202000010860,25,2,2020,23,5,93,93073,2,1,1,6,BARBUSSE (RUE HENRI),48.9620165,2.5705282
202000010861,2,3,2020,21,5,93,93070,2,9,1,6,Rue Alfred Ottino,48.9046227,2.3321918
202000010862,27,2,2020,11,1,93,93070,2,9,2,6,DOCTEUR BAUER(RUE DU) :N°  75 AU 129,48.9089922,2.3393103
202000010863,25,2,2020,16,1,93,93070,2,1,2,3,SEINE (QUAI DE),48.91402,2.31718
202000010864,25,2,2020,11,1,93,93066,2,4,2,6,R FRANCIS DE PRESSENSE / AV DU GENERAL DE GAULLE,48.92173,2.36677
202000010865,25,2,2020,20,5,93,93066,2,1,3,6,"""PHARMA. UNIVERSITE 42, AV. STALINGRAD""",48.9460186,2.3666993
202000010866,22,2,2020,22,5,93,93066,2,1,1,6,FRANCE ANATOLE ENTREE A86,48.9231718,2.34711
202000010867,25,2,2020,13,1,93,93064,2,2,2,1,R JULES GUESDE / R DES GRAVIERS,48.87423,2.49287
202000010868,27,2,2020,8,1,93,93053,2,2,3,3,PARC (RUE DU),48.89185,2.44498
202000010869,29,2,2020,15,1,93,93051,2,1,1,3,MONT D'EST (BD),48.84217,2.54301
202000010870,2,3,2020,17,1,93,93050,2,1,1,3,PAUL ET CAMILLE THOMOUX (RUE) COTE PAIR,48.8661737,2.5291157
202000010871,3,3,2020,16,1,93,93074,2,1,1,5,PLACE DES FETES,48.92979,2.569633
202000010872,1,3,2020,22,5,93,93057,2,2,1,4,AV ARISTIDE BRIAND / ALL EMILE ZOLA,48.90927,2.50381
202000010873,26,2,2020,8,1,93,93063,2,1,2,3,NOISY ROUTE DE,48.89362,2.43591
202000010874,29,2,2020,15,1,93,93032,2,1,1,6,AV JEAN JAURES,48.88361,2.52983
202000010875,28,2,2020,14,1,93,93031,2,3,2,3,AV DE JARROW / R MAURICE RAVEL,48.9527494,2.3292363
202000010876,24,2,2020,21,5,93,93079,2,1,1,3,SAINT LEU (ROUTE),48.9519377,2.3383769
202000010877,2,3,2020,12,1,93,93029,2,3,2,3,R SADI CARNOT / R RAYMOND LEFEVRE,48.9244486,2.4428821