Num_Acc,jour,mois,an,hr,condition_eclairage,departement,commune,condition_agglomeration,intersection,condition_atmosphere,type_collision,adresse,lattitude,longitude
202000010878,28,2,2020,19,5,93,93029,2,2,2,6,GARIBALDI (AVENUE) N°,48.9225607,2.4526311
202000010879,27,2,2020,18,5,93,93029,2,9,1,6,HENRI BARBUSSE (AVE) N°2-124,48.92084,2.45345
202000010880,27,2,2020,8,1,93,93029,2,1,3,6,HENRI BARBUSSE (AVE) N°126-280,48.9155274,2.4422477
202000010881,26,2,2020,21,5,93,93029,2,2,1,3,AMBROISE CROIZAT,48.9264,2.4539
202000010882,26,2,2020,7,2,93,93013,2,3,3,6,ROLLAND (RUE DU CDT),48.9348166,2.4259949
202000010883,1,3,2020,10,1,93,93014,2,1,1,2,ALL DE COUBRON,48.912643,2.551923
202000010884,1,3,2020,16,1,93,93010,2,1,2,2,MOULIN (AV. JEAN) COTE IMPAIRS,48.9125337,2.4787664
202000010885,29,2,2020,16,1,93,93008,2,9,2,6,MARX (AVENUE KARL),48.9052511,2.4424135
202000010886,3,3,2020,13,1,93,93071,2,1,1,1,COMMANDANT CHARCOT (AVENUE DU),48.9356601,2.5173279
202000010887,1,3,2020,11,1,93,93005,2,9,1,6,EUGENE DELACROIX (RUE),48.95258,2.499051
202000010888,28,2,2020,8,2,93,93005,2,1,1,2,CARR DE L'EUROPE,48.95148,2.481943
202000010889,27,2,2020,9,1,93,93001,2,1,2,6,R DE LA HAIE COQ ,48.904068,2.3722329
202000010890,28,2,2020,11,1,92,92078,2,9,1,2,MOULIN CAGE (QUAI),48.92353,2.3282
202000010891,29,2,2020,15,1,92,92075,2,6,2,6,RAYMOND MARCHERON (RUE)/ CARREFOUR DE L'INSURRECTION,48.82026,2.29039
202000010892,28,2,2020,8,1,92,92049,2,1,1,3,PIERRE BROSSOLETTE (AVENUE),48.8162,2.3058
202000010893,27,2,2020,9,2,92,92075,2,1,2,-1,PASTEUR (AVENUE),48.825883,2.29239
202000010894,24,2,2020,17,1,92,92046,2,1,1,6,HENRI BARBUSSE (BOULEVARD),48.81404,2.28725
202000010895,25,2,2020,8,1,92,92073,2,9,2,3,SELLIER (BOULEVARD HENRI),48.8627,2.21784
202000010896,29,2,2020,10,1,92,92072,2,1,8,3,VILLE D'AVRAY (RUE DE ),48.82425,2.208
202000010897,28,2,2020,9,1,92,92072,2,1,1,2,MANUFACTURE NATIONALE (PLACE DE LA),48.829144,2.224331
202000010898,29,2,2020,6,5,92,92064,2,1,1,6,ANDRE CHEVRILLON,48.8465831,2.2198914
202000010899,27,2,2020,7,2,92,92033,2,1,3,6,BUZENVAL,48.8525359,2.2030875
202000010900,29,2,2020,22,5,92,92063,2,1,1,3,FOUILLEUSE (AVENUE DE),48.8630529,2.1919783
202000010901,29,2,2020,5,5,92,92063,2,1,1,6,GALLIENI (RUE),48.8719066,2.203036
202000010902,3,3,2020,19,5,92,92051,2,1,1,3,"ROULE (AVENUE DU, N° 29 A 91 ET 30 A 86)",48.8822122,2.278713
202000010903,3,3,2020,15,1,92,92051,2,1,1,3,"ROULE (AVENUE DU, N° 29 A 91 ET 30 A 86)",48.8832034,2.2744422
202000010904,27,2,2020,11,1,92,92050,2,6,1,6,LENINE VLADIMIR ILITCH AVENUE/ JOLIOT CURIE F. ET IRENE AVENUE N°PAIRS,48.8873422,2.2001466
202000010905,26,2,2020,13,1,92,92050,2,2,2,6,ARRAS RUE D'/ ARAGO FRANCOIS AVENUE,48.90128,2.22536
202000010906,25,2,2020,20,5,92,92048,2,3,2,3,COLONEL MORAINE (ROUTE DU),48.7875,2.2229
202000010907,2,3,2020,12,1,92,92044,2,1,2,3,LOUISE MICHEL(RUE) 1A39 ET 2A30,48.88874,2.28758
202000010908,27,2,2020,20,1,92,92040,2,9,1,-1,RODIN (BOULEVARD),48.814801,2.264631
202000010909,1,3,2020,20,5,92,92035,2,2,1,3,Général de Gaulle  ( avenue du ),48.91326,2.25335
202000010910,2,3,2020,13,1,92,92062,2,1,8,6,ROQUE DE FILLOL (RUE),48.8855764,2.2456159
202000010911,1,3,2020,17,1,92,92026,2,2,3,3,ALBERT GLEIZES (AVENUE),48.8927912,2.2452495
202000010912,27,2,2020,14,1,92,92025,2,1,6,3,G.PERI > 418   437 (RUE),48.915617,2.232068
202000010913,24,2,2020,16,1,92,92025,2,2,1,3,PAUL BERT (RUE),48.9310692,2.2441699
202000010914,5,2,2020,1,5,92,92025,2,1,1,6,STALINGRAD (AV DE),48.930758,2.267305
202000010915,3,3,2020,11,1,92,92024,2,2,1,3,CLICHY (QUAI DE) DE (8 A 60),48.9035482,2.2893968
202000010916,3,3,2020,8,1,92,92024,2,3,1,3,VICTOR HUGO (BD)/ MOREL (RUE),48.90217,2.31812
202000010917,1,3,2020,4,5,92,92024,2,2,1,4,MARTRE DE (4 A 54)/ HENRI BARBUSSE (RUE) DE (73 A 139),48.900885,2.308029
202000010918,28,2,2020,12,1,92,92024,2,1,1,3,HENRI BARBUSSE (RUE) DE (1 A 73)   (2 A,48.8985526,2.3028119
202000010919,23,2,2020,20,3,92,92024,2,1,1,6,ASNIERES (ROUTE D'),48.90259,2.29048
202000010920,1,3,2020,14,1,92,92023,2,3,2,3,PORTE DE TRIVAUX (RUE DE) N°57 A 197 ET,48.7868,2.2453
202000010921,28,2,2020,2,5,92,92060,2,7,1,3,HUIT MAI 1945 (PLACE DU),48.77609,2.25628
202000010922,27,2,2020,9,1,92,92060,2,1,3,6,ALLIES (PLACE DES),48.7748,2.2583
202000010923,29,2,2020,10,1,92,92032,2,1,8,6,DOLIVET J ET M (AVENUE),48.79292,2.2905
202000010924,1,3,2020,20,1,92,92012,2,3,2,3,SEVRES (RUE DE) 1/55 - 2/40,48.8319067,2.2381732
202000010925,29,2,2020,2,5,92,92012,2,4,1,3,POINT DU JOUR (RUE DU),48.82891,2.246491
202000010926,28,2,2020,15,1,92,92012,2,1,8,6,REINE (ROUTE DE LA) 1/37- 6/80,48.8394092,2.2432832
202000010927,28,2,2020,10,1,92,92012,2,1,1,4,SILLY (RUE DE) 1/87 - 2/88,48.8379823,2.2322155
202000010928,27,2,2020,19,5,92,92012,2,2,1,7,ANDRE MORIZET (AVENUE) - 49/FIN - 54/FIN,48.83461,2.24196
202000010929,3,3,2020,11,1,92,92004,2,1,1,6,EMILE ZOLA ( RUE ),48.9228871,2.2857732
202000010930,1,3,2020,14,1,92,92004,2,1,8,3,GRESILLONS ( AVENUE DES  ),48.9196022,2.3135035
202000010931,29,2,2020,12,1,92,92004,2,1,1,6,BAS ( RUE DES ),48.9158907,2.2949242
202000010932,2,3,2020,11,1,974,97415,2,1,1,3,4 Rue des Salins (st Paul),-21.007865,55.275972
202000010933,27,2,2020,9,1,974,97415,1,1,1,1,N1,-21.019738,55.244091
202000010934,24,2,2020,15,1,974,97415,1,1,1,3,67 Route du Vieux Flamboyant,-21.042271,55.28271
202000010935,2,3,2020,17,1,35,35176,2,1,2,2,40 rue de Vannes,47.8258,-1.849425
202000010936,3,3,2020,14,1,65,65130,2,1,6,6,Route des Pyrénées,43.601387,-0.019011
202000010937,25,2,2020,21,5,65,65296,1,1,1,6,D48 Route du Vignoble,43.544726,-0.055101
202000010938,1,3,2020,21,3,95,95504,1,1,2,7,RN 184,49.10431,2.265673
202000010939,3,3,2020,6,3,49,49244,1,2,1,3,La Panne - Le Mesnil en Vallée,47.37339,-0.916007
202000010940,28,2,2020,12,1,12,12300,2,1,1,6,Avenue de Toulouse,44.361752,2.033468
202000010941,26,2,2020,10,1,12,12281,1,1,1,2,RD1,44.363095,1.986915
202000010942,1,3,2020,20,3,54,54117,1,1,6,6,D53,48.449888,6.065767
202000010943,20,2,2020,7,2,14,14162,1,1,8,2,Les Bruyères de Bellevue,48.890219,-0.497566
202000010944,3,3,2020,10,1,2A,2A272,1,1,6,6,D48,41.5482706,8.8877648
202000010945,28,2,2020,18,2,2A,2A048,1,1,1,1,D81,42.03087,8.761017
202000010946,25,2,2020,15,1,51,51262,2,1,1,6,20 Avenue de Champagne,48.7049602,4.5900319
202000010947,26,2,2020,12,1,51,51224,1,2,1,3,N4,48.696307,4.693769
202000010948,4,3,2020,15,1,01,01052,1,1,1,3,D2,46.037895,4.994037
202000010949,1,3,2020,16,1,62,62229,1,1,1,1,D928,50.6664211,2.1901476
202000010950,25,2,2020,22,5,52,52386,1,1,4,6,N4,48.657705,4.81464
202000010951,3,3,2020,23,5,01,01004,2,1,2,6,7 Avenue Roger Salengro,45.957822,5.349939
202000010952,3,3,2020,18,1,91,91390,2,1,1,6,2 Chemin du Lavoir,48.314055,2.087617
202000010953,2,3,2020,19,5,91,91511,2,3,1,6,Place du Carrouge,48.349404,1.991406
202000010954,4,2,2020,16,1,71,71047,2,2,1,3,Rue du Sénateur Turlier,46.623561,3.76845
202000010955,29,2,2020,10,1,21,21370,1,1,1,4,A39,47.268572,5.171041
202000010956,1,3,2020,11,1,81,81266,2,1,1,6,place de l'hotel de ville,43.647613,1.97564
202000010957,28,2,2020,17,1,81,81052,1,1,1,2,Chemin du Pigeonnier,43.920258,2.214968
202000010958,1,3,2020,21,3,77,77078,1,1,1,4,A4,49.0031559,3.1326669
202000010959,25,2,2020,11,1,28,28031,1,1,1,7,Autoroute Oceane - A11,48.212962,0.939409
202000010960,2,3,2020,14,1,10,10282,1,1,3,1,D619,48.382197,3.957605
202000010961,3,3,2020,10,1,28,28041,1,1,1,3,Beaurouvres,48.320048,1.275562
202000010962,28,2,2020,20,3,28,28106,1,1,2,1,D 130,48.094119,1.43687
202000010963,28,2,2020,18,1,974,97405,2,6,1,1,Rue Augustin Mézino,-21.367463,55.55961
202000010964,1,3,2020,10,1,972,97201,2,1,1,3,Rue Abandonée,14.817988,-61.11498
202000010965,25,2,2020,16,1,972,97205,1,9,1,3,RN 2,14.637943,-61.136727
202000010966,3,3,2020,16,1,83,83086,2,1,1,6,rue barbes,43.472504,6.566198
202000010967,1,3,2020,8,1,63,63025,1,1,8,6,route départementale 99 PK 22 500 décroissant,46.0537199,2.8612576
202000010968,1,3,2020,5,3,63,63244,1,1,1,7,D17,45.9522955,3.1272256
202000010969,2,3,2020,15,1,41,41256,1,1,3,7,A71,47.300717,2.045608
202000010970,1,3,2020,4,3,01,01075,1,1,1,6,Chemin du Pirolon,46.05185,4.822564
202000010971,24,2,2020,16,1,01,01071,2,1,1,1,187 Route de Mury,46.3180415,6.0618232
202000010972,3,3,2020,8,1,22,22389,1,1,1,4,RN 12 PR 049.300 vers Saint-Brieuc,48.479294,-2.663541
202000010973,1,3,2020,19,3,14,14061,1,1,8,7,D290,48.951042,-0.726771
202000010974,29,2,2020,19,1,974,97415,2,1,1,1,Rue de la Cheminee,-21.041984,55.220383
202000010975,2,3,2020,17,1,58,58044,1,1,2,1,D907,47.492494,2.91863
202000010976,25,2,2020,15,1,38,38400,2,1,1,7,Côte du Marché aux Cerises,45.3435,5.58157
202000010977,26,2,2020,6,3,01,01357,1,1,2,3,La Voûte,46.1736897,5.7317187
202000010978,28,2,2020,15,1,59,59107,2,2,2,3,Rue des Sports,51.077465,2.514094
202000010979,25,2,2020,20,3,59,59605,2,1,2,7,57 Rue Albert Poidevin,51.01181,2.51826
202000010980,28,1,2020,12,1,75,75111,2,4,1,6,BOULEVARD VOLTAIRE,48.86055,2.375506
202000010981,28,1,2020,10,1,75,75111,2,3,8,3,RUE DU CHEMIN VERT,48.86185,2.383387
202000010982,27,1,2020,19,2,75,75109,2,5,2,6,RUE VICTOR MASSE,48.880917,2.337736
202000010983,28,1,2020,19,5,75,75108,2,7,2,3,PLACE CHARLES DE GAULLE,48.873258,2.295617
202000010984,28,1,2020,18,5,75,75108,2,3,2,3,RUE DU FAUBOURG SAINT HONORE,48.876662,2.301465
202000010985,28,1,2020,20,5,75,75104,2,2,2,6,RUE SAINT ANTOINE,48.853944,2.364759
202000010986,28,1,2020,13,1,75,75104,2,2,1,3,BOULEVARD DE SEBASTOPOL,48.860612,2.349404
202000010987,28,1,2020,15,1,75,75101,2,2,1,3,RUE DE RIVOLI,48.860892,2.340821
202000010988,28,1,2020,14,1,75,75101,2,4,1,6,RUE DU LOUVRE,48.864451,2.342647
202000010989,28,1,2020,11,1,75,75104,2,3,1,1,RUE SAINT ANTOINE,48.854792,2.362411
202000010990,28,1,2020,8,2,94,94041,2,1,1,6,HENRI BARBUSSE (AV),48.81051,2.37984
202000010991,27,1,2020,17,5,94,94041,2,1,2,1,REPUBLIQUE (AV DE LA),48.80651,2.3924
202000010992,28,1,2020,18,5,94,94017,2,1,3,2,GENERAL DE GAULLE (AV DU),48.82733,2.52066
202000010993,28,1,2020,21,5,93,93072,2,4,2,3,JULES GUESDE (AVENUE) COTE N° IMPAIRS,48.9630251,2.3848257
202000010994,28,1,2020,10,1,93,93059,2,9,6,3,LENINE (AVENUE) N°36 AU 120 ET N°45 AU 1,48.95596,2.35824
202000010995,28,1,2020,10,1,93,93071,2,1,2,2,BRUNO BANCHER (AVENUE),48.93392,2.5332
202000010996,28,1,2020,9,1,93,93048,2,2,1,6,MARCELIN BERTHELOT (RUE),48.85649,2.43719
202000010997,28,1,2020,9,1,93,93046,2,1,2,6,KENNEDY AVENUE DU PRESIDENT,48.916,2.5327
202000010998,28,1,2020,18,5,93,93031,2,9,2,3,DIX HUIT JUIN 1940 (AVENUE DU),48.9529429,2.3074153
202000010999,26,1,2020,18,5,93,93013,2,1,1,6,LECLERC (AVENU DE LA DIVISION),48.9308414,2.4214605
202000011000,28,1,2020,8,1,93,93047,2,9,8,6,R DU LAVOIR,48.89971,2.57633
202000011001,28,1,2020,9,1,93,93047,2,9,8,6,LAVOIR (RUE DU),48.89971,2.57633
202000011002,28,1,2020,14,1,93,93007,2,2,2,7,CASANOVA (AVENUE),48.92406,2.47323
202000011003,28,1,2020,10,1,93,93005,2,3,2,2,HAVRE (RUE DU),48.92233,2.48919
202000011004,27,1,2020,18,5,92,92046,2,9,2,3,RAYMOND DAVID,48.817465,2.2945825
202000011005,28,1,2020,7,5,92,92076,2,4,2,6,VILLEPREUX,48.840882,2.1458475
202000011006,28,1,2020,12,1,92,92051,2,1,1,3,"CHARLES DE GAULLE (AVENUE, N°27 A 129)",48.8815148,2.271536
202000011007,28,1,2020,16,1,92,92049,2,1,1,6,ARCUEIL RUE D',48.8112855,2.3235337
202000011008,28,1,2020,10,1,92,92020,2,1,1,6,PERI RUE GABRIEL,48.8010395,2.2867779
202000011009,28,1,2020,6,5,92,92020,2,2,1,3,FAURE BLD FELIX N°1 A 35 ET 28 A 36,48.80181,2.28374
202000011010,28,1,2020,18,5,92,92044,2,1,2,6,ED.VAILLANT(RUE) 75A117 ET80A96,48.8973618,2.2879387
202000011011,27,1,2020,19,5,92,92036,2,3,1,6,GRESILLONS (AVENUE DES) (1/45),48.9136347,2.2986659
202000011012,28,1,2020,20,3,92,92012,2,1,2,6,PONT DE SEVRES (ROND POINT DU),48.8292609,2.2289433
202000011013,27,1,2020,17,5,92,92012,2,2,2,3,REINE (ROUTE DE LA) 1/37- 6/80,48.83919,2.24554
202000011014,28,1,2020,18,5,92,92002,2,1,2,3,DIVISION LECLERC (53 A 217 - 58 A 186),48.74755,2.30384
202000011015,28,1,2020,21,5,09,09268,2,1,1,1,Rue du Pont,42.999809,1.137233
202000011016,27,1,2020,18,5,74,74191,2,2,2,6,792 Avenue de Joux Plane,46.180462,6.702175
202000011017,28,1,2020,15,1,42,42166,1,1,2,6,Route Bleue,45.98571,4.109986
202000011018,29,1,2020,7,5,68,68145,2,4,2,6,5 Grand'Rue,48.081183,7.388198
202000011019,28,1,2020,19,3,37,37005,1,1,1,2,AUTOROUTE A10,46.964918,0.5482925
202000011020,28,1,2020,18,3,56,56237,1,1,1,1,3 Rue de Botspern,48.009647,-2.949767
202000011021,28,1,2020,16,2,74,74083,1,1,4,7,2663 Route de Saint Gervais,45.891177,6.669085
202000011022,28,1,2020,16,1,74,74276,1,1,4,1,D907,46.09618,6.660419
202000011023,25,1,2020,19,3,42,42013,1,1,1,1,Route de Lyon,45.650026,4.311973
202000011024,28,1,2020,17,1,44,44014,1,1,2,1,La Jarie,47.1063413,-1.5097994
202000011025,28,1,2020,19,3,29,29049,1,1,3,1,D765 - Lieu Dit Nenez,47.967618,-3.891419
202000011026,29,1,2020,5,3,02,02085,1,1,2,5,D1,49.085991,3.397291
202000011027,29,1,2020,2,3,72,72248,1,1,1,6,D96,47.81925,0.387622
202000011028,29,1,2020,15,1,05,05170,1,1,1,7,D46,44.460725,6.036392
202000011029,29,1,2020,17,2,60,60035,1,1,1,-1,RD 154,49.6554296,2.8521939
202000011030,29,1,2020,10,1,60,60286,2,3,1,1,Rue d'Amiens,49.665552,1.94186
202000011031,27,1,2020,11,1,18,18155,1,1,1,1,D2076,46.820121,3.021712
202000011032,26,1,2020,17,2,40,40094,1,1,1,1,Gaye,44.174506,-1.108058
202000011033,28,1,2020,15,1,04,04049,2,1,1,7,Route du Pierraret,44.090425,6.008465
202000011034,29,1,2020,10,1,85,85117,1,6,1,3,RD 60,46.470354,-1.25389
202000011035,28,1,2020,17,2,85,85146,2,1,1,6,,46.97581,-1.29902
202000011036,19,1,2020,19,2,987,98734,1,1,1,1,PK 38+900,-17.723379,-149.50573
202000011037,28,1,2020,18,3,10,10438,1,1,2,2,A5,48.166114,4.528642
202000011038,28,1,2020,21,3,973,97307,2,1,1,6,Rue de l'Alambic,4.882527,-52.32261
202000011039,17,1,2020,18,4,973,97307,2,1,1,1,33 Rue Citron Vert,4.8756216,-52.3248031
202000011040,26,1,2020,19,3,06,06004,1,1,1,2,a8 pk 173.100 chaussée nord,43.611258,7.106769
202000011041,28,1,2020,8,1,06,06079,1,1,1,3,A8,43.557533,6.95515
202000011042,29,1,2020,5,3,38,38053,1,1,3,5,A43,45.58113,5.30349
202000011043,28,1,2020,10,1,38,38553,1,1,2,1,D1006,45.627357,5.162255
202000011044,28,1,2020,17,1,972,97228,1,1,1,2,Chemin Rural du Quartier Francois,14.757982,-61.023034
202000011045,29,1,2020,7,2,13,13088,2,3,1,3,Route Departementale 568,43.366287,5.2633889
202000011046,28,1,2020,12,1,77,77318,1,1,1,-1,Route nationale 36,48.777826,2.8654862
202000011047,29,1,2020,8,1,78,78522,1,2,1,1,D988,48.585785,1.981509
202000011048,24,1,2020,18,3,66,66037,1,1,1,1,RD.81A,42.652807,3.033045
202000011049,27,1,2020,0,3,38,38451,1,1,2,6,Route de Cremieu,45.74007,5.23133
202000011050,28,1,2020,13,1,01,01012,1,1,4,7,La Grange Goyet,46.004623,5.546808
202000011051,28,1,2020,16,1,17,17184,1,1,1,1,D733,45.794848,-0.936069
202000011052,28,1,2020,23,3,85,85155,1,1,2,2,Le Vigneau,46.690178,-1.46565
202000011053,29,1,2020,19,5,27,27448,2,1,1,6,40 Rue Edouard Isambard,49.01376,1.37961
202000011054,28,1,2020,18,5,60,60341,2,3,3,6,D84,49.089298,2.74022
202000011055,22,1,2020,11,1,02,02242,2,1,1,7,D969,48.977752,3.248284
202000011056,29,1,2020,15,1,62,62380,1,1,1,4,D65,50.394552,2.647741
202000011057,23,1,2020,9,1,13,13001,1,1,1,-1,A51-Sens Marseille vers Aix en Provence,43.511607,5.422244
202000011058,28,1,2020,9,1,13,13005,1,1,1,5,A50-Sens Marseille vers Aubagne,43.2885999,5.5497001
202000011059,27,1,2020,8,1,13,13216,1,1,1,2,A55-Sens Martigues vers Marseille,43.36667,5.329757
202000011060,23,1,2020,15,1,69,69296,1,1,1,2,A7  ,45.65421,4.83875
202000011061,24,1,2020,16,1,69,69266,1,1,1,4,RD 383  ,45.7850193,4.8905892
202000011062,28,1,2020,15,1,33,33366,1,1,1,2,AUTOROUTE A 10,45.00981,-0.42838
202000011063,28,1,2020,7,3,91,91570,1,1,1,3,RN 104,48.6253,2.3255
202000011064,28,1,2020,8,1,91,91689,1,1,1,3,AUTOROUTE A6,48.729884,2.314649
202000011065,28,1,2020,7,1,91,91687,1,1,1,3,AUTOROUTE A6,48.6636605,2.3661172
202000011066,28,1,2020,13,3,78,78238,1,1,1,2,A13W,48.96922,1.864501
202000011067,27,1,2020,18,3,78,78043,1,1,2,7,A12 Y,48.842281,2.099314
202000011068,27,1,2020,11,1,95,95582,1,1,2,2,RD 170,48.96667,2.27366
202000011069,27,1,2020,17,2,95,95277,1,1,3,2,AUTOROUTE A104,48.97221,2.4861
202000011070,27,1,2020,18,4,93,93066,1,1,2,2,AUTOROUTE A1,48.92989,2.36419
202000011071,27,1,2020,9,2,95,95582,1,1,2,4,RD 170,48.9671,2.27351
202000011072,27,1,2020,8,2,95,95582,1,1,2,7,RD 170,48.96642,2.27347
202000011073,26,1,2020,0,3,95,95572,1,1,1,3,AUTOROUTE A15,49.03207,2.10666
202000011074,25,1,2020,20,3,93,93005,1,1,1,7,AUTOROUTE A3,48.94731,2.47581
202000011075,24,1,2020,18,3,95,95241,1,1,1,6,RN 104,49.04753,2.46166
202000011076,27,1,2020,17,2,94,94073,1,1,2,5,A86 INT,48.7603946,2.3827328
202000011077,27,1,2020,6,3,94,94018,1,1,2,3,A4,48.81936,2.40617
202000011078,27,1,2020,17,1,976,97611,2,9,1,1,kaweni-Zamantalé (ruelle),-12.7737744,45.2202637
202000011079,26,1,2020,23,3,974,97416,1,9,1,6,RN2 (2),-21.3532,55.50983
202000011080,26,1,2020,19,3,972,97213,1,1,1,4,ROUTE DEPARTEMENTALE 15,14.643593,-61.010429
202000011081,26,1,2020,20,5,69,69385,2,1,8,3,ROMAIN ROLLAND                      (QU),45.7623,4.8288
202000011082,10,1,2020,17,1,69,69384,2,1,1,6,GEORGES CLEMENCEAU                  (QU),45.7748844,4.8096675
202000011083,27,1,2020,8,1,971,97120,2,1,1,7,CHANZY (BOULEVARD),16.24152,-61.5378
202000011084,26,1,2020,18,5,971,97113,1,1,1,1,RN4 - SECTION RIVIERA,16.2097879,-61.4720839
202000011085,26,1,2020,16,1,971,97101,1,1,1,3,BESSON,16.23704,-61.50162
202000011086,25,1,2020,21,5,95,95288,2,9,1,3,PASTEUR (RUE),48.98627,2.35175
202000011087,27,1,2020,17,4,91,91471,2,1,2,6,DUBREUIL (BOULEVARD),48.69791,2.18393
202000011088,27,1,2020,18,5,91,91687,2,9,2,3,BELLAY (AVENUE DU),48.675822,2.363351
202000011089,27,1,2020,16,1,91,91174,2,1,2,3,JOHN KENNEDY (BOULEVARD),48.58351,2.47662
202000011090,27,1,2020,8,2,91,91174,2,9,3,6,DUNANT ( BD HENRI),48.60439,2.48209
202000011091,27,1,2020,5,3,91,91339,2,1,2,2,RN 20,48.63506,2.26616
202000011092,14,1,2020,17,5,88,88383,2,3,1,6,RUE DES 5 EME ET 15 EME B.C.P.,48.01731,6.59634
202000011093,25,1,2020,16,1,87,87048,1,1,1,7,NEXON (ROUTE DE),45.77668,1.22097
202000011094,27,1,2020,18,5,85,85191,2,6,3,6,ROND-POINT DUCHESNE-DE-DENANT ,46.65085,-1.43763
202000011095,26,1,2020,9,1,83,83062,2,1,8,1,THOUAR MONTEE,43.13315,6.00968
202000011096,26,1,2020,22,5,83,83129,2,1,8,2,MER (AVENUE DE LA) N° PAIRS,43.105072,5.8170117
202000011097,25,1,2020,23,5,83,83129,2,1,1,3,KENNEDY(AVENUE J.)N° PAIRS après 2742,43.1085046,5.8463493
202000011098,27,1,2020,7,3,78,78440,2,3,3,6,PAUL RAOULT (AVENUE),48.994971,1.913736
202000011099,24,1,2020,18,1,76,76351,2,3,1,6,GUSTAVE BRINDEAU (RUE),49.49064,0.14137
202000011100,25,1,2020,14,1,67,67218,2,1,1,2,CEINTURE (RUE DE LA),48.52674,7.72111
202000011101,24,1,2020,19,4,66,66136,2,2,1,3,REART (AVENUE DE LA),42.68367,2.90836
202000011102,25,1,2020,3,5,63,63113,2,1,1,6,MITTERRAND (BD FRANCOIS),45.77082,3.08743
202000011103,25,1,2020,13,1,63,63113,2,6,1,2,RECLUS (AVENUE ELISEE),45.78827,3.1396
202000011104,24,1,2020,14,1,63,63113,2,4,1,3,DUMAS (BD J.BAPTISTE),45.78652,3.09153
202000011105,27,1,2020,8,2,59,59009,2,1,8,6,CANTELEU AVENUE DE,50.63846,3.14824
202000011106,26,1,2020,20,5,59,59017,2,2,2,3,RESISTANTS (RUE DES ),50.69137,2.87311
202000011107,24,1,2020,22,5,58,58194,2,3,1,1,MADEMOISELLE BOURGEOIS,46.99995,3.17566
202000011108,28,1,2020,2,5,54,54547,2,1,2,6,M 674,48.671044,6.193199
202000011109,27,1,2020,17,5,54,54395,2,2,3,6,TOMBLAINE (RUE DE),48.686785,6.20102
202000011110,26,1,2020,0,5,54,54526,2,2,5,3,PROUVE (RUE VICTOR),48.679252,6.217304
202000011111,25,1,2020,23,3,49,49267,2,1,1,7,A87N,47.46688,-0.51622
202000011112,26,1,2020,10,1,47,47001,2,3,1,-1,DURRENS (RUE DE),44.2004,0.63403
202000011113,27,1,2020,8,2,45,45274,2,1,2,1,D951 - PR86+350,47.865892,1.9641602
202000011114,25,1,2020,16,1,45,45068,2,1,1,6,R ANDRE GIDE,48.032562,2.744253
202000011115,21,1,2020,13,1,37,37122,2,1,7,6,VERDUN (RUE DE),47.3467269,0.6655133
202000011116,26,1,2020,20,4,35,35288,2,1,3,6,CONTI (RUE ANITA),48.64674,-2.005279
202000011117,27,1,2020,19,4,35,35238,2,1,2,3,VERN (DE),48.0995916,-1.6575926
202000011118,27,1,2020,15,1,35,35278,1,1,2,6,RN 136 PORTE DE ST MALO,48.144,-1.69665
202000011119,24,1,2020,1,4,34,34172,2,1,1,6,AIGUERELLES (RUE DES),43.60387,3.88149
202000011120,28,1,2020,2,5,33,33063,2,4,2,6,RUE GASPARD PHILIPPE / PL CANTELOUP,44.8331829,-0.5666536
202000011121,27,1,2020,20,5,33,33522,2,6,2,3,RUE PACARIS / RUE CLEMENT THOMAS / CHEM DE BENEDIGUES,44.79882,-0.5827
202000011122,27,1,2020,15,1,33,33249,2,6,2,3,AVE DE LA LIBERATION / RUE DES GAROSSES,44.8764,-0.51921
202000011123,17,1,2020,8,2,33,33281,2,2,2,6,AVE DES EYQUEMS / RUE MARBOTIN / CHEM DE LA TOUR DE VEYRINES,44.82793,-0.64614
202000011124,26,1,2020,11,1,31,31555,2,3,1,3,RUE DU LOT,43.58051,1.41017
202000011125,26,1,2020,21,5,31,31555,2,1,1,-1,AV DE MURET,43.59229,1.4342
202000011126,25,1,2020,7,4,31,31069,1,1,1,3,FIL D'ARIANE (RD902),43.64101,1.37481
202000011127,24,1,2020,17,2,31,31555,1,1,1,2,VA007331 A620,43.607043,1.407162
202000011128,24,1,2020,12,1,31,31555,2,1,1,3,SEBASTOPOL (RUE DE) DU 1AU 28,43.61067,1.42973
202000011129,20,1,2020,20,5,29,29039,2,3,1,6,Rue Charles le Goffic,47.8745661,-3.9287849
202000011130,27,1,2020,7,5,29,29019,2,3,2,3,Rue de Glasgow,48.3970539,-4.4833372
202000011131,24,1,2020,17,5,25,25462,2,1,1,6,MORTEAU DE (DU 0 AU 30),46.90847,6.35739
202000011132,24,1,2020,8,5,21,21054,2,2,5,6,10 Boulevard Perpreuil,47.0215563,4.8405882
202000011133,22,1,2020,16,1,18,18279,2,1,1,6,ROUX (RUE DU DOCTEUR),47.22404,2.07011
202000011134,16,1,2020,16,2,18,18255,1,1,1,3,RD 2151,47.0167,2.3
202000011135,23,1,2020,16,2,16,16089,2,1,1,6,parking Hypermerché Auchan,45.68404,-0.30481
202000011136,27,1,2020,17,2,16,16341,1,9,1,3,Bretelle entrée sur RN,45.640041,0.118669
202000011137,24,1,2020,17,3,14,14366,2,1,1,3,PARIS (ROUTE DE),49.14582,0.240406
202000011138,23,1,2020,13,1,14,14118,2,1,1,6,JUIN (BOULEVARD MARECHAL),49.21042,-0.36734
202000011139,27,1,2020,17,2,13,13205,2,2,1,3,FERRARI (RUE),43.293795,5.388827
202000011140,27,1,2020,8,1,13,13208,2,1,1,3,PERIER (BOULEVARD),43.2795176,5.3851542
202000011141,25,1,2020,20,5,10,10387,2,1,1,3,LOUIS ULBACH (RUE),48.29448,4.07746