Num_Acc,jour,mois,an,hr,condition_eclairage,departement,commune,condition_agglomeration,intersection,condition_atmosphere,type_collision,adresse,lattitude,longitude
202000011142,25,1,2020,7,5,10,10387,2,2,1,3,GENERAL CHARLES DELESTRAIN (RUE),48.29137,4.07095
202000011143,22,1,2020,8,1,08,08409,2,1,1,6,FAUSSES BRAIES (RUE DES),49.69802,4.94998
202000011144,27,1,2020,11,1,07,07281,2,1,1,2,HUIT MAI (AVENUE DU),44.94648,4.85054
202000011145,27,1,2020,10,1,75,75116,2,4,1,5,PORTE D AUTEUIL,48.847292,2.254037
202000011146,26,1,2020,8,2,75,75113,2,3,1,6,QUAI D IVRY,48.825119,2.388775
202000011147,27,1,2020,14,1,75,75105,2,2,2,-1,RUE GAY LUSSAC,48.845956,2.341213
202000011148,27,1,2020,8,5,75,75105,2,2,2,6,RUE GAY LUSSAC,48.842587,2.34291
202000011149,27,1,2020,12,1,75,75117,2,2,2,7,RUE GUY MOQUET,48.891706,2.321204
202000011150,27,1,2020,16,1,75,75116,2,3,2,6,AVENUE THEOPHILE GAUTIER,48.850376,2.273314
202000011151,27,1,2020,12,1,75,75116,2,1,2,6,AVENUE DE LA GRANDE ARMEE,48.87669,2.285848
202000011152,26,1,2020,3,5,75,75115,2,3,1,3,RUE LECOURBE,48.844244,2.308214
202000011153,27,1,2020,19,5,75,75113,2,5,2,3,RUE DE TOLBIAC,48.82616,2.359976
202000011154,26,1,2020,22,5,75,75113,2,3,2,3,AVENUE DE CHOISY,48.822604,2.362722
202000011155,27,1,2020,21,5,75,75112,2,5,2,3,AVENUE DAUMESNIL,48.834199,2.410761
202000011156,27,1,2020,19,5,75,75112,2,1,2,6,PLACE LOUIS ARMAND,48.845196,2.372525
202000011157,27,1,2020,15,1,75,75109,2,2,2,6,RUE SAINT LAZARE,48.875546,2.326637
202000011158,27,1,2020,19,5,75,75108,2,1,2,2,AVENUE DES CHAMPS ELYSEES,48.868052,2.313063
202000011159,26,1,2020,22,5,75,75108,2,1,2,6,RUE DU FAUBOURG SAINT HONORE,48.877564,2.298908
202000011160,27,1,2020,18,4,75,75107,2,3,2,7,QUAI BRANLY,48.861607,2.297679
202000011161,27,1,2020,17,5,75,75101,2,1,2,6,BOULEVARD DU PALAIS,48.855262,2.345849
202000011162,24,1,2020,19,4,94,94046,2,1,1,1,CARNOT (R),48.8033447,2.4390512
202000011163,27,1,2020,7,5,94,94076,2,3,2,6,MAXIME GORKI (BD),48.788591,2.368338
202000011164,27,1,2020,8,1,94,94073,2,1,2,6,VERSAILLES (AV DE),48.76034,2.39971
202000011165,26,1,2020,20,3,94,94065,1,1,1,2,Route nationale 186,48.75376,2.35788
202000011166,27,1,2020,9,1,94,94028,2,3,2,2,LECLERC.(RUE DU GENERAL),48.79078,2.46497
202000011167,27,1,2020,10,1,94,94018,2,1,8,3,CARRIERES (QU DES),48.81959,2.40622
202000011168,27,1,2020,14,1,93,93078,2,9,3,2,AV VAUBAN,48.9687417,2.5509235
202000011169,27,1,2020,8,2,93,93046,2,2,2,6,ALL JOSEPH NOIZE / AV DU MARECHAL LECLERC,48.9202,2.5392
202000011170,27,1,2020,1,5,93,93046,2,1,2,2,CONSUL GENERAL NORDLING AVENUE,48.9169212,2.5327726
202000011171,27,1,2020,21,5,93,93029,2,2,2,3,FAIDHERBE N°,48.9224,2.4337
202000011172,15,9,2020,7,1,13,13041,2,9,1,5,Avenue Emile Zola Biver,43.4399127,5.4649942
202000011173,14,9,2020,17,1,57,57276,1,2,1,5,D19,49.074196,6.531469
202000011174,11,9,2020,10,1,38,38449,2,1,1,2,Rue du Limousin,45.63817,5.10951
202000011175,15,9,2020,21,3,01,01032,1,1,1,1,Route du Cruisseau,45.866405,5.128037
202000011176,15,9,2020,18,2,31,31417,2,1,1,1,81 Route de Léguevin,43.606541,1.261063
202000011177,28,8,2020,8,1,64,64496,2,6,1,3,D635,43.475334,-1.442036
202000011178,16,9,2020,16,1,56,56069,1,1,1,7,Route des Plages,47.638437,-3.445083
202000011179,15,9,2020,18,1,13,13055,1,1,1,2,A507 sens Marseille - Aubagne,43.3299257,5.4025133
202000011180,15,9,2020,8,1,13,13207,1,1,1,5,Tunnel Prado Carénage,43.2832443,5.3856064
202000011181,14,9,2020,5,4,13,13211,1,1,1,2,A50-Sens Aubagne vers Marseille,43.287294,5.43805
202000011182,14,9,2020,16,1,13,13211,1,1,1,2,A50-Sens Aubagne vers Marseille,43.293,5.4551
202000011183,14,9,2020,15,1,13,13202,1,1,1,7,A55-Sens Marseille vers Martigues,43.3198,5.363723
202000011184,14,9,2020,12,1,13,13055,1,1,1,2,A507 sens Marseille - Aubagne,43.2922,5.4593
202000011185,14,9,2020,7,1,13,13211,1,1,1,3,A50-Sens Marseille vers Aubagne,43.2858,5.4288
202000011186,14,9,2020,6,2,69,69297,1,1,1,5,A7   15.770 A 20.110,45.5884839,4.7982593
202000011187,15,9,2020,14,1,67,67482,1,1,1,3,Autoroute A.35,48.589869,7.73165
202000011188,13,9,2020,11,1,59,59143,1,1,1,2,AUTOROUTE A25,50.666518,2.882363
202000011189,14,9,2020,18,1,59,59507,1,1,1,3,AUTOROUTE A1,50.6041152,3.1009072
202000011190,15,9,2020,10,1,91,91521,1,1,1,2,AUTOROUTE A6,48.6298,2.4109
202000011191,14,9,2020,8,1,91,91235,1,1,1,3,RN 104,48.62614,2.35414
202000011192,15,9,2020,20,4,92,92036,1,1,1,3,A86,48.9356989,2.26177
202000011193,15,9,2020,7,1,78,78498,1,1,1,3,A13,48.909606,2.00543
202000011194,14,9,2020,9,1,78,78423,1,1,1,4,RN12,48.795638,2.044935
202000011195,15,9,2020,13,1,93,93048,1,1,1,4,AUTOROUTE A3,48.87352,2.43639
202000011196,15,9,2020,8,1,93,93010,1,1,1,2,AUTOROUTE A3,48.90625,2.47213
202000011197,15,9,2020,6,3,95,95018,1,1,1,5,A15,48.96026,2.27083
202000011198,15,9,2020,18,1,77,77514,1,1,1,-1,A104,48.9407145,2.6282125
202000011199,15,9,2020,18,1,75,75112,1,1,1,2,A4,48.821322,2.462068
202000011200,15,9,2020,17,1,94,94042,1,1,1,4,A4,48.8269503,2.4680133
202000011201,15,9,2020,11,1,94,94046,1,1,1,4,A86 INT,48.787039,2.439996
202000011202,15,9,2020,8,1,77,77055,1,1,1,-1,A104,48.90074,2.65283
202000011203,14,9,2020,14,1,94,94017,1,1,1,3,A4,48.82819,2.504
202000011204,14,9,2020,9,1,93,93051,1,1,1,2,A4,48.8364292,2.5518916
202000011205,31,5,2020,20,2,17,17299,2,6,1,2,BARIL RUE DU DOCTEUR,45.941935,-0.975107
202000011206,13,9,2020,11,1,974,97411,2,9,1,3,Ancienne RN1,-21.325,55.4463
202000011207,12,9,2020,14,1,974,97407,1,3,1,3,ROUTE DU SACRE COEUR,-20.9569399,55.3139813
202000011208,14,9,2020,15,1,973,97302,2,1,1,3,MONTABO (ROUTE DE) 1,4.9338762,-52.2908878
202000011209,14,9,2020,19,2,69,69259,2,6,7,3,JACQUES DUCLOS                      (AV),45.69738,4.89089
202000011210,14,9,2020,10,1,69,69199,2,1,1,6,CARNOT                              (R ),45.7080337,4.8586087
202000011211,13,9,2020,19,3,972,97213,1,1,1,4,ROUTE NATIONALE 5,14.5966,-60.9947
202000011212,14,9,2020,19,3,972,97209,1,1,1,5,CLUNY (ROUTE DE),14.61599,-61.08335
202000011213,14,9,2020,12,1,69,69382,2,2,1,3,DOCTEUR GAILLETON (DU)              (QU),45.75061,4.83198
202000011214,9,9,2020,10,1,91,91521,2,1,1,6,REMY (RUE ALBERT),48.65683,2.408
202000011215,14,9,2020,8,1,91,91657,2,3,1,7,HENRI CHARON (AVENUE),48.70632,2.42241
202000011216,12,9,2020,16,1,91,91339,2,1,1,2,BENOIST ROBERT (AVENUE),48.63478,2.26612
202000011217,11,9,2020,17,1,87,87113,2,1,1,4,LIMOGES (AVENUE DE),45.85549,1.30834
202000011218,12,9,2020,1,5,87,87085,2,1,1,7,HOCHE (RUE),45.83869,1.26
202000011219,11,9,2020,10,1,87,87085,2,1,1,7,GAMBETTA (BOULEVARD),45.82801,1.2571
202000011220,12,9,2020,23,5,86,86194,2,1,1,3,Avenue du 11 Novembre,46.571055,0.369929
202000011221,14,9,2020,7,2,86,86194,2,6,1,3,Rue de la Jambe à l’Ane,46.57067,0.34982
202000011222,13,8,2020,21,5,83,83123,2,1,1,6,GARE (ROUTE),43.121674,5.818893
202000011223,11,9,2020,14,1,80,80021,2,1,1,3,GENERAL LECLERC (RUE DU ),49.8962,2.29397
202000011224,12,9,2020,18,1,80,80021,2,1,1,7,GRAND MARAIS (RUE DU),49.92158,2.261
202000011225,12,9,2020,11,1,80,80021,2,1,1,6,COLBERT (RUE ),49.89425,2.27715
202000011226,13,9,2020,2,5,80,80164,2,1,1,6,AMBROISE CROIZAT (RUE),49.8988,2.34028
202000011227,9,9,2020,15,1,80,80131,1,1,1,7,CD116,49.851091,2.369957
202000011228,13,9,2020,12,1,78,78490,2,1,1,1,BRETECHELLE (RUE DE LA),48.81597,1.95906
202000011229,9,9,2020,16,1,78,78297,2,9,1,3,PERRET (PLACE DES FRERES),48.77114,2.08221
202000011230,12,9,2020,21,5,77,77495,1,2,1,3,D306 - D82,48.56819,2.62601
202000011231,11,9,2020,16,1,76,76410,2,1,1,-1,MARTYRS DE LA RESISTANCE. RUE DES,49.48196,1.03848
202000011232,12,9,2020,0,5,76,76540,2,2,1,6,EUROPE. BOULEVARD DE L',49.42594,1.08734
202000011233,13,9,2020,0,5,76,76351,2,1,1,3,GEORGES LAFAURIE (RUE),49.5014,0.1144
202000011234,14,9,2020,10,1,74,74218,2,3,1,3,PAYS DE GAVOT (ROUTE DU)  RD11,46.3871424,6.5460128
202000011235,13,9,2020,15,1,74,74281,2,7,1,3,TULLY (ROUTE DE),46.3732477,6.4974804
202000011236,11,9,2020,17,1,68,68066,2,9,7,6,HENNER (RUE),48.06797,7.34833
202000011237,19,7,2020,17,1,60,60282,2,1,7,3,D1016,49.204645,2.461774
202000011238,12,9,2020,11,1,67,67447,2,1,1,3,Route de Bischwiller,48.6091475,7.7504039
202000011239,19,7,2020,1,3,80,80101,1,1,1,2,A1,49.641678,2.758942
202000011240,12,9,2020,9,1,66,66136,2,3,1,3,VAUBAN (TRAVERSE SEBASTIEN),42.69858,2.88978
202000011241,18,7,2020,2,3,59,59133,1,1,1,7,la barolue,50.525071,2.976319
202000011242,10,9,2020,17,1,66,66136,2,1,1,3,PALAIS-DES-EXPO (AVENUE DU),42.7079788,2.9028261
202000011243,17,7,2020,23,3,13,13106,1,1,1,2,A7-Sens Marseille vers Lyon,43.3893,5.35095
202000011244,16,7,2020,22,5,13,13015,1,9,1,7,A515CM-sortie Gardanne/Bouc Bel Air,43.4533,5.3972
202000011245,14,9,2020,0,5,64,64102,2,1,1,7,MARINES (AVENUE DES ALLEES),43.49612,-1.48106
202000011246,18,7,2020,14,1,92,92019,1,1,1,2,RN 385,48.7598766,2.2778916
202000011247,13,9,2020,18,1,64,64102,2,1,1,7,MAUBEC (RUE),43.499362,-1.466997
202000011248,13,9,2020,12,1,64,64024,2,1,1,7,PLAGES (BOULEVARD DES),43.49993,-1.53991
202000011249,17,7,2020,22,3,92,92036,1,1,1,1,A86,48.9346513,2.2807401
202000011250,17,7,2020,8,1,78,78423,1,1,1,3,RN12,48.793719,2.051394
202000011251,12,9,2020,18,1,64,64024,2,3,1,2,FALAISES (PROMENADE DES),43.4964,-1.53903
202000011252,18,7,2020,18,1,93,93048,1,1,1,2,AUTOROUTE A3,48.87313,2.43594
202000011253,18,7,2020,13,1,95,95203,1,1,1,6,RD 170,48.9775,2.28604
202000011254,13,9,2020,17,1,63,63300,2,2,1,6,COMMANDANT MADELINE (AVENUE DU),45.89331,3.10882
202000011255,18,7,2020,0,3,93,93066,1,1,1,2,AUTOROUTE A1,48.9282,2.354
202000011256,11,9,2020,18,1,63,63300,2,3,1,5,MARECHAT (RUE DU),45.8814,3.11665
202000011257,14,9,2020,7,2,62,62737,2,1,1,6,NATIONALE (ROUTE) CD937,50.450688,2.687632
202000011258,18,7,2020,13,1,93,93051,1,1,1,2,A4,48.8355815,2.5679363
202000011259,9,9,2020,17,1,59,59456,2,1,1,1,ANCHIN (HAMEAU D'),50.3837293,3.2204649
202000011260,18,7,2020,12,1,93,93051,1,1,1,2,A4,48.8361,2.5551
202000011261,14,9,2020,21,5,56,56260,2,1,1,6,VERDUN(AVENUE DE),47.66104,-2.74271
202000011262,12,9,2020,14,1,50,50416,1,1,1,2,BRETON (RUE DU),49.65457,-1.70452
202000011263,10,9,2020,17,1,49,49015,2,1,1,2,LURCAT AVENUE JEAN,47.48524,-0.584
202000011264,10,9,2020,17,1,49,49007,2,6,1,3,LIZE,47.49019,-0.56629
202000011265,4,9,2020,13,1,44,44109,2,1,1,6,Quai de Versailles,47.221461,-1.553779
202000011266,17,7,2020,13,1,75,75112,1,1,1,5,A86 INT,48.818203,2.45578
202000011267,11,5,2020,10,1,84,84007,1,1,1,6,MARSEILLE (Route)-MONTFAVET,43.92223,4.85801
202000011268,11,9,2020,16,1,40,40192,2,1,1,6,LACROUTS (AV DE),43.8827,-0.47113
202000011269,16,7,2020,10,1,974,97411,1,6,1,2,RIVIERE DES PLUIES (ROUTE DE LA),-20.90247,55.5029
202000011270,4,9,2020,13,1,38,38544,2,2,1,3,Place Saint Louis,45.52782,4.87372
202000011271,14,9,2020,20,2,35,35238,2,2,1,6,REPUBLIQUE (PLACE DE LA),48.10983,-1.6802
202000011272,14,9,2020,7,1,35,35278,2,6,1,3,CHESNAIS BEAUREGARD (RUE DU),48.1371494,-1.6893592
202000011273,18,7,2020,0,5,69,69387,2,1,1,6,GUILLOTIERE (DE LA)                 (GR),45.7542,4.8438
202000011274,17,7,2020,21,2,69,69259,2,1,1,6,LEO LAGRANGE                        (R ),45.6993113,4.8706633
202000011275,17,7,2020,20,1,69,69387,2,1,1,6,DEBOURG                             (AV),45.73146,4.83158
202000011276,17,7,2020,20,1,69,69386,2,3,1,3,GERMAIN                             (R ),45.7652,4.868
202000011277,17,7,2020,17,1,69,69387,2,2,1,3,GUILLOTIERE (DE LA)                 (GR),45.7491,4.85345
202000011278,17,7,2020,12,1,69,69383,2,2,1,3,LOUIS                               (R ),45.7511,4.889
202000011279,12,9,2020,0,5,34,34032,2,2,1,3,MUSSET ALFRED DE (RUE),43.34107,3.21945
202000011280,14,9,2020,8,1,33,33063,2,1,1,6,AVE D'ARES CAUD,44.83843,-0.61328
202000011281,12,9,2020,10,1,31,31555,2,1,1,3,AV PAUL SEJOURNE,43.60766,1.42834
202000011282,11,9,2020,19,1,31,31555,2,1,1,6,AV RAYMOND BADIOU,43.59945,1.40586
202000011283,11,9,2020,15,1,31,31555,1,1,1,3,VA007331 A620,43.60793,1.40917
202000011284,13,9,2020,10,1,29,29039,1,6,1,3,D783 - RPoint Kerviniou,47.86306,-3.89045
202000011285,14,9,2020,18,1,27,27681,1,1,1,2,IVRY (ROUTE D'),49.06682,1.46922
202000011286,14,9,2020,15,1,27,27229,2,9,1,3,GAMBETTA (BOULEVARD),49.0193,1.152
202000011287,16,7,2020,19,1,69,69259,2,3,1,3,GEORGES LYVET                       (R ),45.69598,4.87472
202000011288,10,9,2020,12,1,24,24256,1,1,1,6,SUDER (AVENUE LOUIS),45.1932963,0.6610551
202000011289,13,9,2020,0,3,21,21540,1,1,1,6,N274,47.33507,5.072743
202000011290,17,7,2020,11,1,69,69199,2,3,1,3,CARNOT                              (R ),45.70802,4.85983
202000011291,15,7,2020,10,1,69,69386,2,3,1,3,GARIBALDI                           (R ),45.770455,4.8503389
202000011292,17,7,2020,12,1,972,97213,2,9,1,2,ROUTE DEPARTEMENTALE 3,14.61232,-60.99529
202000011293,17,7,2020,22,5,69,69389,2,1,1,3,MARIETTON                           (R ),45.77571,4.80259
202000011294,17,7,2020,18,1,2B,2B033,2,1,1,-1,ALLEE DU 173° R.I.A.,42.70094,9.45177
202000011295,13,9,2020,17,1,17,17415,1,1,1,1,ROCADE OUEST,45.736807,-0.659897
202000011296,17,7,2020,23,5,2A,2A004,2,1,1,6,ROSSINI PASCAL BD,41.9171777,8.735272
202000011297,16,7,2020,19,1,91,91471,2,6,1,3,MOCQUET (RUE GUY),48.70054,2.19174
202000011298,17,7,2020,18,1,91,91286,2,1,1,6,PASTEUR (RUE),48.65444,2.39462
202000011299,17,7,2020,17,1,91,91657,2,1,1,3,HENRI BARBUSSE (AVENUE),48.70097,2.42237
202000011300,17,7,2020,15,1,91,91174,2,2,1,5,FERAY ( rue ),48.60787,2.47425
202000011301,17,7,2020,10,1,91,91174,2,6,1,3,PLACE SAINT LEONARD,48.614218,2.485754
202000011302,12,7,2020,23,3,91,91425,1,1,1,2,ORLEANS (ROUTE D'),48.61933,2.25847
202000011303,9,7,2020,15,1,91,91339,2,1,1,4,RN 20,48.63171,2.26423
202000011304,16,7,2020,12,1,87,87085,2,1,1,6,BORIE (BOULEVARD DE LA),45.8356,1.2276
202000011305,17,7,2020,13,1,83,83137,2,3,1,3,SAINTE MUSSE (VIEUX CHEMIN DE),43.1225047,5.9837077
202000011306,16,7,2020,18,1,83,83129,2,1,1,6,SAINT PIERRE (QUAI),43.088,5.81825
202000011307,14,9,2020,16,1,17,17300,2,2,1,3,SAINT-LOUIS   RUE,46.160906,-1.145657
202000011308,12,9,2020,18,1,16,16089,2,1,1,6,rue de la Trâche,45.685613,-0.288915
202000011309,16,7,2020,9,1,83,83123,1,4,1,3,Route de Bandol,43.13188,5.781
202000011310,10,9,2020,8,1,14,14215,2,6,1,5,HAUTS FOURNEAUX (RUE DES ),49.193344,-0.271354
202000011311,14,9,2020,11,1,13,13204,2,2,1,3,EMILE DUCLAUX (RUE),43.296704,5.402134
202000011312,14,9,2020,11,1,13,13210,2,1,1,6,CAPELETTE (AVENUE DE LA),43.2807,5.407437
202000011313,16,7,2020,18,1,83,83061,2,1,1,6,AVENUE EUGÈNE JOLY,43.423747,6.734514
202000011314,11,9,2020,17,1,13,13210,2,1,1,6,TIMONE (AVENUE DE LA),43.285666,5.401654
202000011315,16,7,2020,18,1,77,77468,2,1,1,2,LINGENFELD (AVENUE DE),48.84528,2.65352
202000011316,12,9,2020,19,1,11,11262,2,1,1,7,CORNICHE (LA),43.16496,2.96832
202000011317,13,9,2020,8,1,11,11262,2,1,1,7,PYRENEES (PLACE ET AVENUE),43.18254,2.99795
202000011318,16,7,2020,6,1,77,77316,1,1,8,1,CHAUGNATS (CHEMIN DES),48.37654,2.83553
202000011319,13,9,2020,18,1,10,10343,2,2,1,3,DIJON (RUE DE),48.26872,4.08797
202000011320,17,7,2020,17,1,77,77384,1,1,1,3,D306,48.59809,2.59138
202000011321,14,9,2020,21,5,06,06083,2,1,1,3,CARNOT (AVENUE),43.772,7.496691
202000011322,12,9,2020,15,1,06,06004,2,9,1,3,COLLE CH.DE LA,43.57402,7.10778
202000011323,16,7,2020,18,1,77,77237,2,1,1,2,TOURNAN (ROUTE DE ),48.8355218,2.7531226
202000011324,16,7,2020,14,1,71,71270,2,1,1,3,LYON (RUE DE),46.295352,4.8183424
202000011325,14,9,2020,14,1,01,01053,2,1,1,-1,BROU ( BD N°68 A 182 PAIR),46.200358,5.233253
202000011326,11,9,2020,13,1,75,75119,2,1,1,7,ECHANGEUR PANTIN,48.889194,2.396526
202000011327,17,7,2020,10,1,69,69266,2,1,1,6,MAISONS NEUVES   (Place des),45.7557168,4.8763768
202000011328,13,9,2020,7,1,75,75119,2,1,1,1,RUE DE TANGER,48.885971,2.368631
202000011329,12,9,2020,17,1,75,75107,2,1,1,1,QUAI ANATOLE FRANCE,48.861783,2.321862
202000011330,14,9,2020,20,5,75,75118,2,3,1,3,BOULEVARD NEY,48.897992,2.3424
202000011331,17,7,2020,2,5,67,67482,2,1,1,6,RHIN (ROUTE DU),48.570232,7.785039
202000011332,11,9,2020,8,1,75,75116,2,1,1,2,AVENUE DE NEW YORK,48.859939,2.2905
202000011333,17,7,2020,2,5,64,64445,2,1,1,7,JEAN BIRAY,43.29286,-0.37415
202000011334,14,9,2020,7,1,75,75114,2,1,1,3,AVENUE DU GENERAL LECLERC,48.825615,2.326207
202000011335,17,7,2020,19,1,64,64024,2,3,1,3,BARRE (PROMENADE DE LA),43.508182,-1.522261
202000011336,14,9,2020,0,5,75,75114,2,2,1,4,BOULEVARD PERIPHERIQUE,48.822594,2.315084
202000011337,14,9,2020,22,5,75,75112,2,3,1,6,RUE DU FAUBOURG SAINT ANTOINE,48.84971,2.387332
202000011338,17,7,2020,14,1,64,64102,2,1,8,2,GRAND HARGOUS (rue du),43.50454,-1.46706
202000011339,14,9,2020,16,1,75,75112,2,1,1,3,BOULEVARD SOULT,48.840143,2.408828
202000011340,6,5,2020,18,1,62,62570,2,1,1,3,PREMIER MAI,50.402361,2.86875
202000011341,14,9,2020,11,1,75,75111,2,1,1,5,BOULEVARD RICHARD LENOIR,48.856339,2.370266
202000011342,17,7,2020,20,1,62,62178,2,4,1,1,PLOUVIER ( AVENUE PAUL ),50.478309,2.53108
202000011343,13,9,2020,2,5,75,75111,2,5,1,3,AVENUE DE LA REPUBLIQUE,48.864007,2.3812
202000011344,17,7,2020,17,1,62,62841,2,1,1,3,SAINT VENANT ( RUE DE ),50.54654,2.619234
202000011345,14,9,2020,0,5,75,75107,2,5,1,3,QUAI D ORSAY,48.862676,2.319085
202000011346,17,7,2020,10,1,61,61006,2,6,1,3,LECLERC (PLACE DU GENERAL),48.741528,-0.025607
202000011347,17,7,2020,14,1,60,60159,1,1,1,6,Avenue du Vermandois,49.4319998,2.8419733
202000011348,17,7,2020,20,1,59,59599,2,9,1,1,MARNE (AVENUE DE LA),50.710232,3.153327
202000011349,17,7,2020,15,1,57,57751,2,1,1,6,EMILE ROUX (RUE ),49.1448,6.1646
202000011350,14,9,2020,12,1,75,75101,2,7,1,6,PLACE VENDOME,48.867367,2.328594
202000011351,16,7,2020,19,1,56,56121,2,3,1,2,PERAULT (RUE ),47.74484,-3.36366
202000011352,13,9,2020,20,2,94,94078,2,1,1,1,PARIS (R DE),48.73556,2.44672
202000011353,17,7,2020,13,1,51,51055,2,1,1,7,Rue Neuve,49.2862748,4.0557457
202000011354,13,9,2020,22,5,94,94078,2,1,1,4,118 R DE PARIS,48.732828,2.446951
202000011355,17,7,2020,10,1,50,50537,2,1,1,6,LA CARRIERE SAINT MICHEL,49.0332,-1.44556
202000011356,14,9,2020,20,5,94,94038,2,2,1,3,PAUL VAILLANT COUTURIER (BD),48.78083,2.34105
202000011357,17,7,2020,8,1,45,45285,2,6,1,-1,Avenue Pierre Mendes France,47.90247,1.85956
202000011358,27,5,2020,17,1,44,44109,2,1,1,6,Rue Paul Bellamy,47.2239,-1.5578
202000011359,17,7,2020,16,1,35,35238,2,1,1,6,MITTERAND (MAIL FRANCOIS),48.1084,-1.69626
202000011360,14,9,2020,8,1,94,94011,2,9,1,2,GROSS(RUE AUGUSTE),48.774,2.4839
202000011361,17,7,2020,11,1,35,35238,2,3,1,3,8 Avenue Gros Malhon,48.12231,-1.68183
202000011362,17,7,2020,20,1,34,34198,2,6,1,6,D21E,43.57066,3.94009
202000011363,14,9,2020,9,1,94,94018,2,3,1,3,CARRIERES (QU DES),48.81884,2.4093
202000011364,16,7,2020,22,3,34,34172,2,9,1,3,ASSAS (AVENUE D'),43.61725,3.86097
202000011365,16,7,2020,21,2,34,34172,2,1,1,3,TOULOUSE (AVENUE DE,43.58949,3.85594
202000011366,14,9,2020,14,1,93,93066,2,2,1,6,PRESSENCE FRANCIS (AVENUE),48.9231,2.36996
202000011367,18,7,2020,1,5,33,33063,2,1,1,6,RUE MALBEC,44.82411,-0.56496
202000011368,14,9,2020,12,1,93,93062,2,3,1,3,NICOLAS CARNOT (ALLEE),48.89274,2.51178
202000011369,17,7,2020,23,5,33,33063,2,1,1,5,RUE YVES GLOTIN,44.89273,-0.54569
202000011370,17,7,2020,21,1,33,33063,2,6,1,6,CRS JULES LADOUMEGUE FACE ALL F DU PARKING,44.89806,-0.5683
202000011371,17,7,2020,14,1,33,33192,2,1,1,6,RUE DE LAHOUNEAU,44.78035,-0.6146
202000011372,14,9,2020,12,1,93,93010,1,3,1,2,BLANQUI (R. LOUIS-AUGUSTE) DE 136 A FIN,48.8973938,2.4942531
202000011373,17,7,2020,3,5,33,33529,2,5,1,6,FOCH (AVE MAL),44.64106,-1.19225
202000011374,14,9,2020,11,1,92,92072,2,2,1,6,VILLE D'AVRAY (RUE DE ),48.8260096,2.1982369
202000011375,17,7,2020,14,1,32,32013,2,1,1,3,SAMBRE ET MEUSE (AVENUE),43.64712,0.5975
202000011376,12,9,2020,3,5,92,92063,2,1,1,6,ALBERT 1ER (AVENUE),48.884445,2.1736744
202000011377,14,9,2020,17,1,92,92025,2,3,1,3,GABRIEL PERI (RUE),48.917533,2.237158
202000011378,14,9,2020,18,1,92,92012,2,3,1,3,QUATRE SEPTEMBRE (QUAI DU),48.84504,2.22668
202000011379,14,9,2020,12,1,92,92012,2,9,1,3,JEAN BAPTISTE CLEMENT (AVENUE) 49/FIN -,48.845695,2.236609
202000011380,14,9,2020,4,5,92,92012,2,9,1,7,REINE (ROUTE DE LA) 39/107 BIS,48.8394538,2.2423241
202000011381,16,7,2020,18,1,31,31069,1,1,1,5,Voie lactée (RD902),43.66339,1.359896
202000011382,16,7,2020,17,1,31,31149,2,1,1,6,NAUROUZE (ALLEE DE),43.609143,1.344262
202000011383,14,9,2020,13,1,92,92002,2,1,7,3,CHATENAY (RUE DE),48.7564444,2.2950764
202000011384,16,7,2020,13,1,31,31555,2,6,1,3,RPT DU DR MAURICE CAHUZAC,43.5661206,1.3940076
202000011385,13,9,2020,14,1,35,35328,1,1,1,2,Les Brulais,47.770743,-2.097262
202000011386,14,7,2020,19,1,31,31555,2,3,1,3,AV DES ETATS UNIS,43.65687,1.42066
202000011387,6,9,2020,6,2,60,60088,1,1,1,6,A16,49.1920414,2.1971412
202000011388,16,7,2020,18,1,31,31483,1,1,1,3,CAGIRE (AVENUE DU),43.134145,0.720368
202000011389,15,9,2020,9,1,2B,2B049,1,1,1,-1,D81,42.462157,8.751211
202000011390,17,7,2020,7,1,30,30189,1,1,1,3,ANCIENS COMBATTANTS D INDOCHINE,43.8829,4.3073
202000011391,15,9,2020,8,1,62,62644,2,3,2,-1,12 Chaussée Brunehaut,50.647454,2.134835
202000011392,15,7,2020,20,1,22,22187,2,6,1,2,RUE DU GENERAL DE GAULLE,48.53453,-2.75228
202000011393,14,9,2020,19,1,52,52130,1,3,1,7,D6,48.10429,4.882329
202000011394,17,7,2020,15,1,21,21231,2,9,1,3,9 Rue Adolphe Diétrich,47.33339,5.03071
202000011395,15,9,2020,7,1,74,74213,2,3,1,3,Route de Lovagny,45.921076,6.060226
202000011396,17,7,2020,3,5,13,13213,2,1,1,3,JEAN PAUL SARTRE (AVENUE),43.32683,5.42558
202000011397,14,9,2020,18,1,62,62261,2,6,1,3,Boulevard de France,50.478348,1.594643
202000011398,17,7,2020,19,1,13,13201,2,2,1,3,ROME (RUE DE)      ,43.288665,5.382153
202000011399,17,7,2020,18,1,13,13209,2,1,1,1,COL DE LA GINESTE D559,43.24053,5.4572
202000011400,15,9,2020,8,1,83,83019,1,1,1,5,Route du Dom,43.177493,6.336392
202000011401,13,9,2020,17,1,974,97423,1,1,1,7,Cd 9 de la Montee Panon,-21.116926,55.268258
202000011402,17,7,2020,9,1,13,13208,2,1,1,6,VINCENT DELPUECH (BOULEVARD),43.2828,5.38902
202000011403,16,7,2020,10,1,13,13075,2,1,1,6,FRÉDÉRIC CHEVILLON (AVENUE),43.34829,5.46519
202000011404,16,7,2020,7,1,11,11069,1,1,1,-1,CHEMIN DE SAINTE CROIX,43.19386,2.37724
202000011405,11,9,2020,9,1,67,67194,2,4,1,1,2 Rue d'Offendorf,48.728115,7.906562
202000011406,15,9,2020,6,2,57,57193,1,1,1,2,D1,49.212754,6.209947