Num_Acc,jour,mois,an,hr,condition_eclairage,departement,commune,condition_agglomeration,intersection,condition_atmosphere,type_collision,adresse,lattitude,longitude
202000011407,16,7,2020,17,1,10,10387,2,2,1,3,HAUTE CHARME (RUE),48.309,4.0572
202000011408,15,9,2020,15,1,51,51082,1,1,1,7,D284,49.0972874,4.8255774
202000011409,15,7,2020,17,1,07,07281,1,1,1,3,C.D.533,44.9354,4.8196
202000011410,16,7,2020,20,1,06,06069,2,1,1,2,MOTTET (PLACE PIERRE),43.630069,6.909804
202000011411,13,9,2020,15,1,56,56153,1,1,1,6,Le Vieux Moulin,47.594819,-2.310948
202000011412,17,7,2020,16,1,06,06027,2,1,1,5,COLLE AVENUE DE LA,43.6612,7.1283
202000011413,17,7,2020,18,1,75,75118,2,1,1,3,BOULEVARD PERIPHERIQUE,48.900787,2.338559
202000011414,17,7,2020,3,5,75,75104,2,1,1,6,BOULEVARD BEAUMARCHAIS,48.854388,2.368846
202000011415,15,9,2020,17,1,56,56171,1,3,1,4,Quénelet,47.707321,-2.347233
202000011416,17,7,2020,14,1,75,75119,2,1,8,6,RUE DE CRIMEE,48.894462,2.372684
202000011417,15,9,2020,13,1,56,56067,2,1,1,6,47 Rue Saint Yves,47.759075,-2.84084
202000011418,17,7,2020,10,1,75,75119,2,1,1,2,RUE DE CRIMEE,48.889845,2.377735
202000011419,14,9,2020,17,1,56,56120,1,1,1,1,Keravel,47.74157,-2.7658
202000011420,17,7,2020,20,1,75,75118,2,3,1,2,BOULEVARD BARBES,48.884124,2.349483
202000011421,17,7,2020,17,1,75,75118,2,3,1,6,RUE ORDENER,48.890406,2.355828
202000011422,15,8,2020,21,3,74,74236,2,1,1,5,551 Route des Contamines,45.870823,6.722713
202000011423,17,7,2020,20,1,75,75117,2,4,1,3,AVENUE DE LA PORTE DE CHAMPERRET,48.885995,2.2891
202000011424,14,9,2020,9,1,79,79047,2,4,1,6,Rue des Tilleuls,46.829508,-0.24846
202000011425,17,7,2020,18,1,75,75117,2,3,1,3,RUE SISLEY,48.88968,2.302887
202000011426,12,9,2020,19,2,71,71263,1,3,1,3,78 Impasse des Abeilles,46.6446224,5.2413571
202000011427,14,9,2020,16,1,89,89017,1,1,1,7,route communale 5,47.743879,4.089506
202000011428,17,7,2020,0,5,75,75116,2,2,1,5,AVENUE DE L HIPPODROME,48.858545,2.244896
202000011429,7,9,2020,17,1,68,68127,1,6,1,3,D466,47.656629,7.222331
202000011430,16,7,2020,14,1,75,75116,2,7,1,2,PLACE DU TROCADERO ET DU 11 NOVEMBRE,48.862983,2.287929
202000011431,14,9,2020,20,3,25,25356,1,1,1,1,D464,47.217586,6.807232
202000011432,17,7,2020,0,5,75,75114,2,7,1,3,AVENUE DU GENERAL LECLERC,48.828029,2.326944
202000011433,17,8,2020,18,1,35,35360,1,2,1,3,Chemin Champlet,48.129846,-1.231536
202000011434,14,9,2020,21,3,29,29016,1,1,1,6,D30,48.323824,-3.9722
202000011435,17,7,2020,21,1,75,75113,2,7,1,3,BOULEVARD VINCENT AURIOL,48.833015,2.361831
202000011436,14,9,2020,18,2,38,38163,1,1,1,7,Le Haut-Bréda,45.275974,6.059475
202000011437,17,7,2020,16,1,75,75113,2,3,1,3,PONT CHARLES DE GAULLE,48.841915,2.367872
202000011438,14,9,2020,7,1,26,26005,1,2,1,3,Route d'Aiguebelle,44.491278,4.790307
202000011439,17,7,2020,19,1,75,75112,2,1,1,3,RUE DE PRAGUE,48.84996,2.375834
202000011440,14,9,2020,7,2,66,66054,1,1,1,7,D26,42.612991,2.333586
202000011441,17,7,2020,16,1,75,75112,2,2,1,3,AVENUE COURTELINE,48.844159,2.41169
202000011442,15,9,2020,13,1,72,72073,1,1,1,1,"rd 357, pk 51",48.023816,0.059116
202000011443,14,9,2020,16,1,06,06150,1,1,1,1,Route de Peille,43.753142,7.405579
202000011444,17,7,2020,9,1,75,75112,2,4,1,-1,RUE DE CHARENTON,48.847978,2.376628
202000011445,15,9,2020,0,3,64,64495,1,1,1,6,D918,43.358215,-1.57877
202000011446,17,7,2020,21,2,75,75110,2,2,1,6,BOULEVARD DE MAGENTA,48.877344,2.355124
202000011447,17,7,2020,11,1,75,75109,2,4,1,1,RUE TRONCHET,48.87276,2.326476
202000011448,15,9,2020,15,1,64,64238,1,2,1,3,rd817,43.24836,-0.082741
202000011449,17,7,2020,1,5,75,75109,2,4,1,7,BOULEVARD DE LA MADELEINE,48.869651,2.326466
202000011450,15,9,2020,7,1,64,64519,2,6,8,7,Route d'Uzein,43.366108,-0.39113
202000011451,16,7,2020,23,5,75,75109,2,5,1,2,RUE HALEVY,48.872946,2.333295
202000011452,13,9,2020,12,1,10,10034,2,3,1,1,Faubourg de Champagne,48.11823,4.373894
202000011453,17,7,2020,16,1,75,75108,2,2,1,3,BOULEVARD DE COURCELLES,48.881203,2.315582
202000011454,14,9,2020,9,1,36,36045,2,1,1,6,Route de Tours,46.991176,1.16815
202000011455,16,7,2020,23,5,75,75117,2,4,1,6,BOULEVARD PEREIRE,48.87796,2.284798
202000011456,15,9,2020,16,1,07,07009,1,1,1,-1,D86,45.22239,4.803193
202000011457,16,7,2020,9,1,75,75115,2,2,1,6,PORT DE SUFFREN,48.854826,2.288548
202000011458,17,7,2020,4,5,75,75101,2,1,1,7,VOIE GEORGES POMPIDOU,48.857492,2.345304
202000011459,14,9,2020,17,1,40,40312,2,1,1,6,15 Boulevard de la Yayi,43.549404,-1.460581
202000011460,17,7,2020,13,1,75,75104,2,2,1,3,RUE DU RENARD,48.857518,2.351454
202000011461,15,8,2020,15,1,24,24259,1,1,1,7,le breuilh,44.932885,0.486758
202000011462,17,7,2020,12,1,94,94081,2,3,1,3,EUGENE HENAFF (R),48.7947106,2.4179061
202000011463,13,9,2020,11,1,27,27426,1,1,1,2,D10,49.275746,1.748339
202000011464,15,9,2020,9,1,27,27398,2,1,1,2,route de rouen,49.103713,0.612531
202000011465,14,9,2020,15,1,27,27679,1,1,1,3,N12,48.718432,0.871096
202000011466,15,9,2020,4,5,28,28089,2,1,1,6,8 Rue Hubert Latham,48.581066,1.241831
202000011467,14,9,2020,18,1,87,87127,1,1,1,1,D704,45.589717,1.220384
202000011468,17,7,2020,14,1,94,94046,2,1,1,4,JEAN JAURES (R),48.79523,2.43387
202000011469,14,9,2020,8,1,87,87185,1,1,7,1,Route de l'Abattoir,45.884046,1.073631
202000011470,17,7,2020,14,1,94,94065,2,3,1,3,CHARLES LINDBERGH (AV),48.74497,2.36028
202000011471,15,8,2020,9,1,30,30021,1,2,1,3,D.136 / D.982,43.992218,4.334075
202000011472,17,7,2020,14,1,94,94011,2,1,1,3,PARIS(AVENUE DE),48.78028,2.47533
202000011473,14,9,2020,19,1,48,48016,1,1,1,6,N88,44.484137,3.446059
202000011474,17,7,2020,19,1,94,94048,2,1,1,7,MAROLLES A GRANDE PATTE D'OIE (CHE),48.75137,2.55724
202000011475,14,9,2020,17,1,88,88075,1,1,1,6,D430,48.039586,7.007689
202000011476,17,7,2020,18,1,93,93070,2,1,1,6,JEAN-JAURES (BD),48.91492,2.33728
202000011477,16,7,2020,12,1,93,93066,2,1,1,6,CITE STALINGRAD,48.9442022,2.3583578
202000011478,12,9,2020,10,1,35,35210,1,3,7,3,Le Petit Moulin de Tixue,48.180495,-1.778519
202000011479,16,7,2020,16,1,93,93064,2,9,1,3,DE GAULLE (AV DU GENERAL) 58/49 - FIN,48.8764841,2.4806716
202000011480,14,9,2020,16,1,973,97309,2,1,1,3,D'2 (rd2),4.906832,-52.272917
202000011481,15,9,2020,20,2,63,63126,1,1,1,7,Le Crest,45.689604,3.148699
202000011482,17,7,2020,17,1,93,93077,2,1,1,2,GRANDE RUE,48.88434,2.50843
202000011483,14,8,2020,17,1,972,97224,1,9,1,3,Quartier Derriere Bois,14.65513,-61.011548
202000011484,17,7,2020,15,1,93,93027,2,1,1,3,R DE SAINT-DENIS,48.9309278,2.3820192
202000011485,14,9,2020,7,1,77,77309,1,1,1,-1,N330,49.012682,2.833357
202000011486,17,7,2020,17,1,93,93001,2,2,1,1,SAINT-DENIS (RUE DE),48.9199624,2.3777885
202000011487,13,9,2020,0,5,91,91540,2,1,1,6,Route d'Etampes,48.549963,2.124016
202000011488,12,9,2020,9,1,78,78120,1,1,1,-1,D149,48.646917,1.987495
202000011489,14,9,2020,18,1,78,78368,1,1,1,1,RD 191,48.899441,1.867184
202000011490,13,9,2020,16,1,34,34081,1,1,1,7,D162,43.310253,3.161294
202000011491,14,9,2020,18,1,34,34092,1,2,1,3,La Croisade,43.312321,2.95616
202000011492,9,9,2020,7,1,13,13041,2,9,1,3,Chemin de Payannet,43.469783,5.471683
202000011493,14,9,2020,18,1,25,25047,1,1,1,6,D112,47.330825,6.351171
202000011494,17,7,2020,15,1,93,93001,2,3,1,6,ADRIEN AGNES (QUAI),48.9216448,2.3672707
202000011495,15,9,2020,8,1,67,67065,2,3,1,3,Rue Principale,48.579581,7.604266
202000011496,17,7,2020,14,1,93,93001,2,9,1,1,JEAN JAURES  (AVE)  157 A 213,48.9084049,2.397113
202000011497,16,7,2020,15,1,92,92076,2,1,1,4,JARDY HARAS,48.829263,2.150449
202000011498,17,7,2020,16,1,92,92020,2,1,1,3,JAURES AVENUE JEAN,48.8093727,2.3066913
202000011499,17,7,2020,19,1,92,92025,2,3,1,3,PRESIDENT SALVADOR ALLENDE (RUE DU),48.922643,2.246502
202000011500,17,7,2020,8,1,92,92012,2,1,1,3,SEVRES (RUE DE) 1/55 - 2/40,48.8388998,2.2283055
202000011501,17,7,2020,7,1,92,92002,2,1,1,6,RAYMON ARON (AVENUE),48.770146,2.31152
202000011502,17,7,2020,15,1,60,60084,1,1,1,2,D133,49.5154966,1.9493741
202000011503,18,7,2020,11,1,01,01085,1,1,1,1,D80,46.057479,5.024271
202000011504,17,7,2020,20,2,60,60559,1,1,1,2,n31,49.4132391,2.3127126
202000011505,18,7,2020,9,1,44,44198,1,1,1,5,A83,47.139585,-1.51268
202000011506,17,7,2020,14,1,46,46103,1,1,1,6,D4,44.260691,1.407323
202000011507,18,7,2020,0,3,72,72231,1,1,1,6,La Sapiniere du Mottay,47.948197,0.335024
202000011508,18,7,2020,14,1,71,71054,2,1,1,-1,26 Rue Neuve,46.911969,5.028357
202000011509,11,7,2020,18,1,57,57132,2,1,1,6,Avenue Napoléon 1er,48.818097,6.51118
202000011510,17,7,2020,13,1,56,56045,1,1,1,7,Le Pont de Molac,47.732284,-2.505811
202000011511,18,7,2020,16,1,74,74242,2,3,1,3,Route de la Magne,45.823803,6.172708
202000011512,13,7,2020,12,1,76,76520,2,1,1,3,18 Route du Grand Marche,49.850646,1.627562
202000011513,17,7,2020,15,1,89,89447,1,3,1,2,D187,47.893447,3.947284
202000011514,18,7,2020,11,1,89,89225,1,1,1,7,Route départementale  214,47.4954874,3.612088
202000011515,14,7,2020,14,1,63,63380,1,1,1,6,D996,45.5883562,2.9874073
202000011516,18,7,2020,15,1,61,61003,1,1,1,6,D12,48.849566,0.497668
202000011517,18,7,2020,14,1,42,42267,1,1,1,3,Route du Sornin,46.151357,4.109734
202000011518,11,7,2020,19,1,39,39182,1,3,1,7,Carrefour Rue du Moulin de l'Acorre / Chemin non revêtu,47.042992,5.471956
202000011519,18,7,2020,16,1,39,39443,1,1,1,6,,46.541885,5.582688
202000011520,18,7,2020,14,1,25,25443,1,1,1,7,D101,47.095991,5.929753
202000011521,17,7,2020,14,1,44,44220,1,1,1,1,La Hamoyere,47.172714,-1.9069
202000011522,15,7,2020,9,1,44,44131,1,1,1,3,D751,47.111714,-2.010949
202000011523,17,7,2020,18,1,03,03297,1,2,1,7,,46.5374161,2.5752895
202000011524,17,7,2020,19,1,14,14119,1,3,7,3,Route départementale 225,49.139256,-0.251055
202000011525,18,7,2020,16,1,50,50021,1,1,1,6,D421,49.43205,-1.197209
202000011526,17,7,2020,18,1,07,07346,2,3,1,4,Viviers,44.49235,4.678985
202000011527,17,7,2020,23,5,85,85146,2,9,1,3,113 Rue Joseph Gaillard,46.983546,-1.320194
202000011528,18,7,2020,12,1,52,52519,1,2,1,3,D21,47.708079,5.177023
202000011529,17,7,2020,15,1,68,68375,2,1,1,3,54 Rue du Château d'Eau,47.79666,7.231815
202000011530,17,7,2020,7,1,978,97801,2,1,1,3,RN7,18.09832,-63.065021
202000011531,18,7,2020,4,3,82,82131,1,1,1,2,A20,44.266654,1.505921
202000011532,17,7,2020,14,1,72,72198,1,1,1,6,A11,48.038037,0.144539
202000011533,17,7,2020,9,1,76,76484,1,1,1,5,"A13, pk 112.250",49.341538,1.06591
202000011534,18,7,2020,9,1,988,98829,1,1,1,7,Route de Petchekara,-21.577635,166.12732
202000011535,17,7,2020,19,3,974,97408,2,9,1,6,N1,-20.932648,55.331046
202000011536,17,7,2020,20,3,973,97311,1,1,1,1,route d apatou,5.305621,-54.159465
202000011537,14,7,2020,16,1,77,77308,1,1,1,7,D41,49.0384363,2.7247722
202000011538,17,7,2020,21,1,91,91494,1,6,1,3,D312,48.615279,2.35146
202000011539,14,7,2020,17,1,91,91130,1,1,1,1,Cherel,48.427709,2.075032
202000011540,17,7,2020,20,1,83,83068,1,1,1,1,Route de Bardasse,43.28091,6.578279
202000011541,18,7,2020,3,5,83,83107,1,1,1,1,Route Nd7,43.425727,6.674189
202000011542,17,7,2020,19,1,73,73051,1,1,1,6,D42 Route du Relais,45.653995,5.8472332
202000011543,18,7,2020,13,1,42,42296,1,1,1,1,Chassignol,45.7386497,4.2944802
202000011544,17,7,2020,19,1,38,38565,1,6,1,3,D1075,45.30804,5.622334
202000011545,17,7,2020,23,3,26,26117,1,1,1,7,Routes des Petits Goulets,45.039931,5.374632
202000011546,18,7,2020,15,1,69,69155,1,1,1,1,D2,45.630635,4.412792
202000011547,18,7,2020,11,1,46,46102,2,1,1,6,10 Place du 12 Mai,44.61065,2.029404
202000011548,18,7,2020,12,1,09,09268,1,1,1,7,Marsan,42.998323,1.146457
202000011549,18,7,2020,18,1,64,64315,1,1,1,7,D802,43.297651,-0.418618
202000011550,16,7,2020,10,1,33,33238,2,3,1,5,D651,44.708209,-0.607059
202000011551,17,7,2020,10,1,49,49332,1,1,1,6,RN 249,47.077166,-0.951777
202000011552,17,7,2020,22,3,14,14332,1,1,1,6,La Butte Rouge,48.8411831,-0.1551443
202000011553,17,7,2020,10,1,29,29179,2,2,1,6,Rue Pierre Croc,48.536729,-4.31046
202000011554,18,7,2020,11,1,60,60116,1,1,1,1,D137,49.3178649,2.3812652
202000011555,16,7,2020,20,1,13,13214,1,1,1,5,A7-Sens Lyon vers Marseille,43.3317,5.3776
202000011556,16,7,2020,14,1,13,13001,1,1,1,4,A51-Sens Aix en Provence vers Marseille,43.52241,5.42687
202000011557,16,7,2020,19,1,13,13215,1,1,1,2,A7-Sens Lyon vers Marseille,43.357043,5.362898
202000011558,16,7,2020,17,1,13,13055,1,1,1,7,A507 sens Marseille - Aubagne,43.29337,5.42427
202000011559,16,7,2020,12,1,13,13210,2,1,1,2,Tunnel Prado Carénage,43.28768,5.372156
202000011560,17,7,2020,15,1,69,69290,1,1,1,2,A43   3.865 A 9.894,45.70569,4.95972
202000011561,17,7,2020,1,3,69,69149,1,1,1,2,M7   3.690 A 4.270,45.71836,4.81906
202000011562,11,7,2020,9,1,69,69266,1,9,1,5,RD383   1.165 A 1.893,45.76853,4.90396
202000011563,17,7,2020,3,3,93,93064,1,1,1,2,AUTOROUTE A3,48.8844,2.47025
202000011564,15,6,2020,9,1,75,75114,2,1,1,3,AVENUE RENE COTY,48.826713,2.335365
202000011565,17,6,2020,21,2,75,75112,2,2,1,6,COURS DE VINCENNES,48.84687,2.411216
202000011566,17,6,2020,8,1,75,75110,2,1,1,2,PASSAGE DELESSERT,48.879042,2.365389
202000011567,16,6,2020,18,1,75,75108,2,7,1,2,PLACE DE LA CONCORDE,48.867049,2.320672
202000011568,17,6,2020,14,1,75,75104,2,2,1,7,RUE DE RIVOLI,48.857874,2.350213
202000011569,17,6,2020,17,1,94,94067,2,3,1,2,EUGENE RINGUET (R),48.83808,2.41719
202000011570,17,6,2020,6,1,94,94052,2,1,1,6,JACQUES KABLE (R),48.835597,2.492906
202000011571,17,6,2020,11,1,94,94065,2,1,1,7,CHARLES LINDBERGH (AV),48.753471,2.348994
202000011572,17,6,2020,15,1,94,94028,2,2,1,3,TASSIGNY(AVE DU MARECHAL DE LATTRE DE),48.795,2.459
202000011573,17,6,2020,15,1,94,94028,2,1,1,3,CHERET(RUE ET IMPASSE),48.801,2.463
202000011574,16,6,2020,8,1,94,94004,2,1,1,2,SUCY (R DE),48.75,2.5167
202000011575,16,6,2020,20,1,93,93066,2,1,2,3,"""SEMBAT MARCEL (BD), NR 2 A 66 ET 1 A 47",48.930288,2.3554732
202000011576,15,6,2020,18,1,93,93053,2,1,1,2,PARIS (RUE DE),48.9005042,2.4524414
202000011577,17,6,2020,14,1,93,93029,2,1,1,3,R ANATOLE FRANCE,48.92898,2.45289
202000011578,17,6,2020,12,1,93,93047,2,1,1,2,DANIEL PERDRIGE  (AVENUE),48.8912069,2.5585773
202000011579,17,6,2020,19,1,93,93001,2,1,1,3,R DES CITES ,48.907606,2.3878899
202000011580,17,6,2020,9,1,92,92062,2,1,1,6,GENERAL DE GAULLE (AV) DU 44 AU 106,48.886588,2.2307066
202000011581,1,6,2020,21,1,92,92050,2,1,1,3,VAILLANT COUTURIER PAUL RUE,48.8816748,2.2051905
202000011582,16,6,2020,15,1,92,92050,2,1,1,2,DEFENSE (BD DE LA),48.903601,2.219018
202000011583,17,6,2020,0,5,92,92026,2,3,1,3,BOULEVARD CIRCULAIRE,48.8904381,2.2488338
202000011584,17,6,2020,19,2,92,92026,2,1,1,6,VERDUN (DE 01 A 61),48.8976697,2.2634939
202000011585,17,6,2020,12,1,92,92023,2,1,1,5,GENERAL DE GAULLE (AV DU) N°130 A 340 ET,48.785359,2.251461
202000011586,17,6,2020,14,1,92,92012,2,1,1,3,COURS DE L'ILE SEGUIN,48.827287,2.233947
202000011587,16,6,2020,16,1,35,35123,2,6,3,7,Rue de la Vigne Soriette,48.007964,-1.844066
202000011588,18,6,2020,17,1,51,51373,1,2,1,3,D58,48.6530455,4.6636295
202000011589,13,6,2020,18,1,2A,2A211,1,1,1,3,PK 41,41.7832909,8.9660082
202000011590,18,6,2020,17,1,38,38536,1,1,1,-1,D37,45.424446,4.918192
202000011591,17,6,2020,13,1,33,33205,1,2,3,3,D11,44.626175,-0.369394
202000011592,18,6,2020,8,1,44,44083,1,1,1,7,D61,46.9989,-1.606407
202000011593,17,6,2020,7,1,68,68007,1,3,8,1,D415,48.057276,7.435562
202000011594,17,6,2020,23,5,62,62770,2,1,2,6,1368 Rue d'Aire,50.626499,2.531018
202000011595,16,6,2020,12,1,66,66021,1,1,1,2,Route de Claira,42.7405016,2.9410918
202000011596,17,6,2020,13,1,2B,2B050,2,1,1,6,388 Residence Padulella,42.551753,8.76503
202000011597,17,6,2020,10,1,65,65099,1,1,1,2,D618,42.863316,0.401284
202000011598,16,6,2020,20,1,11,11397,2,1,2,6,26 Route Minervoise,43.210665,2.449914
202000011599,18,6,2020,17,1,89,89460,1,1,2,7,D606,48.34216,3.052826
202000011600,16,6,2020,16,1,47,47004,1,3,1,1,D813,44.274904,0.335748
202000011601,18,6,2020,11,1,31,31374,1,1,1,6,D16,43.415538,1.641941
202000011602,18,6,2020,17,1,38,38099,1,1,1,6,La Valette et les Plantées,45.202839,5.28955
202000011603,18,6,2020,14,1,02,02528,1,2,1,3,D81,49.340196,3.099732
202000011604,17,6,2020,17,1,03,03158,1,3,1,2,,46.4452164,2.6547834
202000011605,17,6,2020,19,1,72,72180,2,2,1,3,48 Rue Ledru Rollin,48.348802,0.370912
202000011606,17,6,2020,18,1,05,05074,1,1,1,2,cd942,44.472915,6.07501
202000011607,16,6,2020,22,3,50,50480,1,1,1,7,D650,49.487977,-1.795637
202000011608,12,6,2020,10,1,40,40328,2,6,1,2,27 Route des Lacs,43.788546,-1.396487
202000011609,17,6,2020,10,1,85,85297,1,1,8,6,La Dune,46.36799,-1.22885
202000011610,24,5,2020,22,2,27,27226,1,1,1,5,D3,49.319468,1.635455
202000011611,12,6,2020,8,1,01,01374,1,1,1,2,A40,46.086239,5.289187
202000011612,17,6,2020,15,1,74,74014,1,9,2,1,Route de Flaine,46.046548,6.616237
202000011613,18,6,2020,9,1,13,13040,1,1,1,3,CD6,43.479705,5.550778
202000011614,18,6,2020,2,4,77,77171,2,1,1,6,16 Avenue Foch - D5,48.904783,2.812716
202000011615,18,6,2020,13,1,77,77141,2,4,1,2,1 Route de Melun - D436,48.8652425,2.85501
202000011616,18,6,2020,17,1,83,83081,1,1,1,1,Route de Grasse,43.623805,6.822102
202000011617,18,6,2020,17,1,13,13022,1,1,1,1,route départementale 559,43.21452,5.578732
202000011618,17,6,2020,15,1,26,26332,1,1,1,6,A7,45.205271,4.875473
202000011619,18,6,2020,16,1,68,68247,1,1,1,7,D13b1,47.918117,6.951566
202000011620,17,6,2020,16,1,88,88031,1,1,1,1,RD16,48.347447,5.850955
202000011621,17,6,2020,22,3,38,38236,2,1,1,7,932 Route de Saint-roch,45.418903,5.696748
202000011622,17,6,2020,16,1,79,79189,1,4,1,6,Route de Poitiers,46.42255,-0.166726
202000011623,18,6,2020,19,1,60,60041,2,9,1,7,Bailleul-sur-Thérain,49.3814091,2.2287394
202000011624,18,6,2020,12,1,59,59087,1,2,1,3,Rue d'Aire,50.6676508,2.4576551
202000011625,17,6,2020,22,3,59,59034,1,1,2,3,D 549,50.531486,3.091465
202000011626,17,6,2020,1,5,92,92050,1,1,1,2,A14,48.901,2.2065
202000011627,16,6,2020,2,5,92,92048,1,1,1,2,N118,48.7889,2.2214
202000011628,15,6,2020,19,1,92,92036,1,1,1,3,AUTOROUTE A86,48.93865,2.31062
202000011629,15,6,2020,15,1,92,92036,1,1,1,5,AUTOROUTE A15,48.94537,2.2846
202000011630,17,6,2020,17,1,75,75112,1,1,1,5,A4,48.825271,2.463846
202000011631,15,2,2020,14,1,62,62041,2,2,1,3,DE GAULLE ( BOULEVARD DU GENERAL ),50.286796,2.760889
202000011632,26,2,2020,19,5,2A,2A004,2,8,6,3,NAPOLEON COURS APRES BEVERINI,41.9315487,8.7401005
202000011633,15,6,2020,11,1,974,97411,2,1,1,2,LATTRE DE TASSIGNY (AVENUE MARECHAL DE),-20.8908,55.47974
202000011634,15,6,2020,18,4,974,97411,2,1,1,6,MACE (CHEMIN GABRIEL),-20.9164,55.503
202000011635,15,6,2020,17,1,974,97407,1,6,1,3,MARINE(BOULEVARD),-20.94989,55.28719
202000011636,16,6,2020,8,1,973,97302,2,1,1,6,CATAYEE (JUSTIN),4.938216,-52.3303163
202000011637,16,6,2020,12,1,69,69259,2,1,1,3,JODINO (DE)                         (BD),45.6921,4.8872
202000011638,15,6,2020,10,1,972,97213,2,1,1,7,PIERRE ZOBDA QUITMAN (RUE),14.61119,-61.00149
202000011639,11,6,2020,18,1,972,97213,2,9,1,2,ROUTE NATIONALE 1,14.62327,-60.98898
202000011640,15,6,2020,19,4,972,97213,2,1,1,7,LA TREIZE (CHEMIN),14.6463,-61.0224
202000011641,15,6,2020,8,1,972,97213,2,1,1,3,VIEUX CHEMIN CALIFORNIE (RUE DU),14.621,-61.0298
202000011642,16,6,2020,8,1,972,97209,1,1,1,4,AUTOROUTE (A1),14.61489,-61.04574
202000011643,15,6,2020,1,5,972,97209,2,4,1,6,MORNE MORISSOT (RUE DU),14.62152,-61.04307
202000011644,16,6,2020,8,1,69,69034,2,3,1,3,GEORGES CLEMENCEAU                  (QU),45.7892,4.81988
202000011645,15,6,2020,3,5,69,69385,2,1,1,6,CHOULANS (DE)                       (CH),45.7534,4.817
202000011646,16,6,2020,9,1,2A,2A004,1,1,1,3,VITTULO ROUTE DU,41.9313136,8.7221917
202000011647,16,6,2020,15,1,91,91589,2,2,1,3,DE GAULLE  (AVENUE CHARLES),48.70532,2.3411
202000011648,12,6,2020,11,1,83,83034,1,1,1,6,RUE DES 3 PINS,43.10714,6.051923
202000011649,16,6,2020,10,1,83,83069,2,1,1,6,GODILLOT  ( AVENUE ALEXIS ),43.11132,6.12401
202000011650,16,6,2020,21,1,78,78440,2,1,1,6,JEAN DE LA FONTAINE (RUE),48.979404,1.914872
202000011651,16,6,2020,13,1,78,78440,2,9,1,3,AMPERE (RUE),48.998917,1.916308
202000011652,15,6,2020,8,1,78,78362,2,2,8,6,RUE JEAN JAOUEN,48.98709,1.70619
202000011653,15,6,2020,17,1,77,77438,1,1,1,7,D934,48.8667,2.6833
202000011654,5,5,2020,19,1,76,76231,2,1,1,3,SAUSSAYE. RUE DE LA,49.27166,0.99709
202000011655,23,5,2020,11,1,76,76575,2,3,1,6,PARIS. RUE DE,49.39729,1.10317
202000011656,15,6,2020,18,1,71,71306,2,1,1,3,DE LATTRE DE TASSIGNY (BLD DU MARECHAL),46.677242,4.3687394
202000011657,15,6,2020,18,1,71,71153,2,1,1,7,MARTYRS DE LA LIBERATION (RUE DES),46.8060699,4.4394475
202000011658,15,6,2020,21,2,71,71059,2,1,1,2,CREUSOT (RUE DU),46.8036743,4.4684478
202000011659,13,6,2020,22,5,67,67482,2,1,1,3,GENERAL DE GAULLE (AVENUE DU),48.57876,7.76962
202000011660,12,6,2020,18,1,66,66136,2,1,1,2,CLEMENCEAU (BOULEVARD),42.69918,2.88856
202000011661,15,6,2020,16,1,65,65440,2,2,1,3,PYRENEES (RUE DES),43.23225,0.07058
202000011662,13,6,2020,19,1,64,64122,2,9,1,3,23 avenue du Golf,43.4881698,-1.5488128
202000011663,12,6,2020,17,1,64,64122,2,1,1,3,GENERAL MAC CROSKEY (AV DU),43.49258,-1.54743
202000011664,16,6,2020,11,1,64,64102,2,1,1,3,LASSEGUETTE (CHEMIN DE),43.48092,-1.48056
202000011665,16,6,2020,6,2,64,64140,2,3,2,3,DUVERT (RUE RENE),43.5234,-1.4901
202000011666,9,6,2020,20,1,63,63113,2,3,1,1,VIVIANI /Busséol,45.81037,3.11995
202000011667,15,6,2020,18,1,63,63113,2,1,1,6,JOUHAUX (BD LEON),45.791556,3.1150291
202000011668,25,5,2020,17,1,62,62413,2,1,1,6,2° VOIE (CHE. DE LA),50.4457,2.88365
202000011669,16,6,2020,13,1,51,51454,2,3,1,3,Avenue de Champagne,49.2341095,4.0396185
202000011670,12,6,2020,20,1,50,50129,2,1,1,-1,PLYMOUTH (AVENUE DE),49.62986,-1.6229
202000011671,14,6,2020,2,3,49,49007,2,1,1,2,VOLNEY,47.46059,-0.53793
202000011672,13,6,2020,13,1,49,49007,2,1,1,3,PASTEUR AVENUE,47.47233,-0.54104
202000011673,14,6,2020,19,1,49,49007,2,1,1,7,ALLAIS(MADELEINE),47.45575,-0.51736
202000011674,16,6,2020,6,1,35,35238,1,1,2,6,RN136,48.12346,-1.71841
202000011675,15,6,2020,19,1,33,33529,2,3,1,3,PARC DES EXPOSITIONS (Ave du),44.61052,-1.11975
202000011676,16,6,2020,8,1,32,32013,2,1,1,4,SADI-CARNOT (BOULEVARD),43.64059,0.58573
202000011677,16,6,2020,12,1,30,30007,2,1,1,1,metallurgistes,44.14969,4.07957
202000011678,15,6,2020,14,1,28,28404,1,6,1,3,RD 828A,48.7193,1.349
202000011679,14,6,2020,19,1,27,27229,2,1,1,6,VAL ITON (RUE DU),49.0344,1.14898
202000011680,16,6,2020,17,1,17,17028,2,1,1,3,SALENGRO   AVENUE ROGER,46.13988,-1.13193