Num_Acc,jour,mois,an,hr,condition_eclairage,departement,commune,condition_agglomeration,intersection,condition_atmosphere,type_collision,adresse,lattitude,longitude
202000011681,16,6,2020,22,4,13,13201,2,2,1,2,NATIONAL   1 A 51 (BOULEVARD),43.303487,5.385962
202000011682,16,6,2020,18,1,13,13211,2,1,1,6,SAINT MARCEL (BOULEVARD DE ),43.287621,5.46497
202000011683,16,6,2020,16,1,13,13215,2,1,1,7,BOSPHORE (BOULEVARD DU),43.3738781,5.365989
202000011684,15,6,2020,15,1,13,13207,2,3,1,6,CAPITAINE DESSEMOND (RUE),43.289192,5.354573
202000011685,16,6,2020,17,1,13,13063,2,1,1,6,JACQUES MINET BOULEVARD,43.5762638,4.9988276
202000011686,16,6,2020,21,1,10,10387,2,3,1,3,JEAN MACE (RUE),48.2833,4.08191
202000011687,15,6,2020,18,1,07,07008,1,1,1,3,D2 ( ROUTE DEPARTEMENTALE ),44.712698,4.635007
202000011688,16,6,2020,19,1,06,06029,2,1,1,3,PANTIERO (PROMENADE DE LA),43.55153,7.01648
202000011689,14,6,2020,17,1,06,06123,1,1,1,1,FAHNESTOCK G. CORNICHE,43.67951,7.18349
202000011690,15,6,2020,18,1,05,05061,1,6,1,2,D994,44.55768,6.05538
202000011691,9,6,2020,6,1,05,05061,2,1,1,6,RAVELIN ( ROUTE DU ),44.57886,6.10105
202000011692,15,6,2020,14,1,05,05061,1,1,1,7,RD944,44.60467,6.11643
202000011693,15,6,2020,17,1,75,75120,2,1,1,3,BOULEVARD PERIPHERIQUE,48.850038,2.415327
202000011694,15,6,2020,23,5,75,75113,2,1,1,3,AVENUE D ITALIE,48.82884,2.356459
202000011695,16,6,2020,1,5,75,75120,2,3,1,6,RUE D AVRON,48.853335,2.409691
202000011696,16,6,2020,9,1,75,75119,2,2,1,3,BOULEVARD MACDONALD,48.897638,2.385693
202000011697,16,6,2020,7,1,75,75119,2,2,1,3,AVENUE JEAN JAURES,48.885922,2.382197
202000011698,16,6,2020,12,1,75,75118,2,1,1,6,RUE DU NORD,48.893091,2.350003
202000011699,16,6,2020,16,1,75,75117,2,7,1,3,RUE CARDINET,48.888623,2.315664
202000011700,16,6,2020,13,1,75,75117,2,3,1,7,AVENUE DE CLICHY,48.889365,2.32234
202000011701,16,6,2020,8,1,75,75117,2,3,8,6,RUE GUILLAUME TELL,48.884047,2.293629
202000011702,15,6,2020,8,1,75,75114,2,7,1,3,AVENUE DENFERT ROCHEREAU,48.834545,2.332615
202000011703,16,6,2020,8,1,75,75113,2,2,8,6,RUE DE TOLBIAC,48.825994,2.353638
202000011704,16,6,2020,14,1,75,75110,2,2,1,6,BOULEVARD DE MAGENTA,48.883613,2.34949
202000011705,16,6,2020,14,1,75,75109,2,3,1,3,BOULEVARD HAUSSMANN,48.873419,2.329698
202000011706,16,6,2020,13,1,75,75107,2,2,1,5,RUE DE SOLFERINO,48.861127,2.324185
202000011707,13,6,2020,12,1,75,75107,2,1,1,6,PORT DE SOLFERINO,48.862914,2.318807
202000011708,16,6,2020,19,1,75,75104,2,3,1,3,RUE SAINT PAUL,48.854128,2.362294
202000011709,16,6,2020,15,1,75,75104,2,3,1,6,QUAI DES CELESTINS,48.852354,2.36049
202000011710,16,6,2020,12,1,94,94042,2,1,1,-1,PRESIDENT WILSON (AV DU),48.817112,2.4771605
202000011711,16,6,2020,8,1,94,94046,2,4,1,3,PASTEUR (R),48.8007,2.43087
202000011712,16,6,2020,18,1,94,94041,2,1,1,3,PAUL VAILLANT COUTURIER (BD),48.81959,2.39617
202000011713,15,6,2020,12,1,94,94041,2,1,1,1,GEORGES GOSNAT (AV),48.81433,2.39007
202000011714,16,6,2020,17,1,94,94021,2,1,2,4,FRANKLIN ROOSEVELT (AV),48.77081,2.362505
202000011715,16,6,2020,17,1,93,93070,2,1,1,1,DOCTEUR BAUER(RUE DU) :N° 1 AU 73,48.9095,2.3387
202000011716,16,6,2020,22,5,93,93048,2,2,1,3,AV GABRIEL PERI / R CARNOT,48.85717,2.44118
202000011717,16,6,2020,14,1,93,93048,2,7,1,6,PASTEUR S3 (AVENUE),48.86724,2.43474
202000011718,16,6,2020,14,1,93,93030,2,2,1,6,LARIVIERE (RUE LOUIS),48.95363,2.41638
202000011719,16,6,2020,10,1,93,93001,2,1,1,6,BD FELIX FAURE ,48.90596,2.38072
202000011720,16,6,2020,9,1,92,92051,2,1,1,2,GENERAL KOENIG (BOULEVARD DU),48.8840613,2.2545941
202000011721,16,6,2020,18,1,92,92049,2,1,1,7,ARNOUX AVENUE MAURICE AUTRES N°,48.816993,2.311772
202000011722,16,6,2020,10,1,92,92048,2,3,1,3,MARECHAL JUIN (AVENUE DU),48.7861277,2.2215043
202000011723,15,6,2020,17,1,92,92036,2,1,1,6,HECTOR BERLIOZ (RUE),48.929259,2.286468
202000011724,13,6,2020,15,1,92,92025,2,3,1,1,VALMY (BD DE),48.926116,2.253024
202000011725,15,6,2020,23,5,92,92023,2,2,1,3,GENERAL DE GAULLE (AV DU) N°130 A 340 ET,48.78344,2.24669
202000011726,15,6,2020,13,1,92,92014,2,3,1,6,MARECHAL JOFFRE (BD DU) (43 A 97 - 58 A,48.7824491,2.3148188
202000011727,16,6,2020,13,1,37,37191,1,2,2,3,Le Moulin Neuf,46.9668636,0.3976916
202000011728,17,6,2020,6,2,08,08239,1,1,1,7,Route Rimbaud Verlaine,49.398155,4.363074
202000011729,17,6,2020,18,1,62,62788,1,1,2,6,D204,50.693855,2.040281
202000011730,14,6,2020,22,5,40,40065,2,2,1,3,2 Boulevard du Docteur Junqua,43.644053,-1.43253
202000011731,17,6,2020,0,3,51,51048,1,1,1,7,La Poterne Hameau,49.1206256,3.8628422
202000011732,17,6,2020,15,1,11,11041,2,1,1,1,Route de Carcassonne,43.300718,2.874869
202000011733,14,6,2020,17,1,46,46063,1,1,1,6,Lieu Dit Montaudie,44.28969,1.360309
202000011734,16,5,2020,15,1,51,51515,1,4,1,7,MONTVELLOIS,49.0927143,4.5576387
202000011735,17,6,2020,8,1,74,74208,2,6,1,3,PLACE DE LA MAIRIE,45.923528,6.686018
202000011736,17,6,2020,11,1,76,76013,1,1,1,6,D17,49.772569,0.522929
202000011737,17,6,2020,15,1,2B,2B207,1,1,1,1,D206,42.463328,9.460731
202000011738,17,6,2020,14,1,11,11209,1,1,1,-1,D 118,42.96712,2.260271
202000011739,17,6,2020,9,1,89,89246,1,1,1,7,D86,47.643389,3.968972
202000011740,16,6,2020,5,1,61,61457,1,1,1,6,Lieu Dit la Piltiere,48.778447,0.561526
202000011741,16,6,2020,18,1,49,49050,1,1,3,1,Rue des Bouches d'Or,47.356073,-0.361401
202000011742,16,6,2020,23,3,42,42197,1,1,1,6,Les Echaux,45.738488,4.048644
202000011743,17,6,2020,13,1,68,68235,1,1,3,1,D1b,47.990227,7.402767
202000011744,15,6,2020,11,1,39,39189,2,1,1,6,Place du 1er Mai,47.070419,5.413705
202000011745,24,5,2020,17,1,25,25537,1,1,1,6,D67,47.127805,6.123998
202000011746,16,6,2020,19,1,38,38269,2,1,1,3,Route de Grenoble,44.916589,5.784388
202000011747,16,6,2020,10,1,02,02506,1,1,1,6,N2,49.295919,3.18743
202000011748,16,6,2020,12,1,26,26339,1,3,1,3,D74,44.618104,4.796412
202000011749,16,6,2020,12,1,06,06032,2,4,1,3,Route Moyenne Corniche,43.724667,7.39201
202000011750,17,6,2020,19,1,60,60003,1,1,1,7,D9,49.524137,2.169064
202000011751,16,6,2020,15,1,27,27056,2,6,1,6,Place de Verdun,49.087745,0.592575
202000011752,16,6,2020,15,1,37,37203,2,2,1,3,Chemin de la Cholterie,47.410113,0.7423201
202000011753,16,6,2020,7,1,52,52113,1,1,1,1,D160,47.727316,5.375319
202000011754,12,6,2020,20,2,24,24212,2,1,1,6,Chemin du Bout des Pres,44.732219,0.604023
202000011755,17,6,2020,5,2,68,68234,1,9,8,7,A 35,47.951058,7.365904
202000011756,12,10,2020,9,1,91,91377,2,1,1,6,GALVANI (RUE),48.7237,2.2697
202000011757,11,10,2020,15,1,87,87085,2,1,2,2,BELLAC (RUE DE),45.85537,1.24831
202000011758,11,10,2020,20,3,86,86041,1,1,9,1,N147,46.61439,0.36619
202000011759,11,9,2020,14,1,85,85194,2,1,1,1,RUE DE LA PLAINE,46.49798,-1.76074
202000011760,5,10,2020,7,5,85,85194,2,6,1,3,TABARLY (BOULEVARD ERIC),46.51425,-1.76848
202000011761,5,10,2020,11,1,85,85194,2,1,1,1,Boulevard du Vendée Globe,46.50304,-1.75922
202000011762,11,10,2020,22,3,85,85194,1,3,1,3,RUE D OLONNE,46.52634,-1.74463
202000011763,12,10,2020,15,1,83,83069,2,1,1,6,BELGIQUE ( AVENUE DE ),43.12035,6.13173
202000011764,10,10,2020,18,3,80,80021,2,1,2,1,DEPARTEMENTALE 412 (ROUTE),49.92495,2.25569
202000011765,10,10,2020,18,1,80,80489,2,1,1,2,VILLE IDEALE (AVENUE DE LA ),49.86804,2.37613
202000011766,10,10,2020,17,1,80,80021,2,1,1,6,VERDUN (RUE DE ),49.89439,2.30948
202000011767,10,10,2020,19,5,78,78646,2,1,1,3,GENERAL LECLERC (RUE DU),48.79898,2.12689
202000011768,12,10,2020,10,1,78,78551,2,1,1,4,ROOSEVELT (DU PRESIDENT),48.90108,2.06292
202000011769,7,10,2020,18,1,76,76498,2,6,1,3,BRUYERES. ROND POINT DES,49.41257,1.07259
202000011770,9,10,2020,16,1,76,76351,2,2,1,3,VERDUN (RUE DE),49.50453,0.15163
202000011771,10,10,2020,20,5,76,76351,2,8,2,3,DEMIDOFF (RUE),49.4972,0.1277
202000011772,12,10,2020,9,1,72,72181,2,6,1,1,DEMORIEUX ENTRE PT CHEM DE FER ET HUISNE,47.993,0.18479
202000011773,11,10,2020,0,5,71,71059,2,1,1,6,COUCHES (ROUTE DE),46.8113805,4.4828775
202000011774,9,10,2020,11,1,67,67482,2,3,1,3,CHATEAUROUX (RUE DE),48.5537,7.76764
202000011775,11,10,2020,9,1,66,66136,2,6,1,3,FRANCE LIBRE (BOULEVARD DE LA),42.7054,2.90185
202000011776,10,10,2020,20,5,66,66136,2,1,1,6,ABBE PIERRE,42.69239,2.8795
202000011777,12,10,2020,21,5,64,64445,2,6,1,7,PIERRE MASSE,43.31473,-0.3573
202000011778,12,10,2020,16,1,64,64445,2,2,1,3,LARRIBAU,43.31798,-0.31837
202000011779,12,10,2020,11,1,64,64122,2,3,1,-1,BERGERIE (RUE DE LA ),43.48607,-1.55102
202000011780,11,10,2020,14,1,64,64102,2,3,8,2,SOULT (AVENUE MARECHAL),43.48511,-1.49428
202000011781,12,10,2020,9,1,61,61397,2,1,1,3,KOUTIALA (BOULEVARD),48.42253,0.08433
202000011782,11,10,2020,8,2,59,59166,1,1,1,6,RD 659,50.32488,3.5977
202000011783,8,10,2020,17,1,59,59339,2,1,2,6,LYS (RUE DE),50.6788,3.2377
202000011784,12,10,2020,22,5,59,59507,2,1,1,7,LECLERCQ AVENUE DU GENERAL.,50.59424,3.08327
202000011785,9,10,2020,17,1,59,59486,1,3,1,3,NATIONALE (RUE),50.42861,3.13967
202000011786,11,10,2020,15,1,56,56107,2,6,1,3,LE PORT (ROGER BOULEVARD),47.71699,-3.37325
202000011787,11,10,2020,9,1,56,56098,2,6,7,3,LANN-SEVELIN (ROND POINT DE),47.77824,-3.3452
202000011788,10,10,2020,23,4,56,56185,1,1,2,6,RN 165,47.7711,-3.38095
202000011789,10,10,2020,20,5,56,56121,2,6,1,3,IRLANDE (ROND-POINT),47.75168,-3.36935
202000011790,10,10,2020,13,1,56,56121,1,1,1,6,Route Départementale 465 Desserte Portuaire,47.73724,-3.3781
202000011791,9,10,2020,12,1,54,54323,2,4,3,6,PARC (RUE DU),49.5173,5.7673
202000011792,9,10,2020,7,4,54,54323,2,1,2,6,rd918,49.523709,5.764391
202000011793,11,10,2020,2,3,51,51454,2,1,2,7,Rue Jean Jacques Rousseau,49.257901,4.0341222
202000011794,10,10,2020,17,1,49,49267,2,1,1,3,A87N,47.48017,-0.49975
202000011795,10,10,2020,10,1,49,49007,2,1,1,3,THIERS,47.47572,-0.55285
202000011796,11,10,2020,15,1,49,49007,2,1,2,2,PAUL BERT,47.46545,-0.55047
202000011797,9,10,2020,8,2,49,49353,2,6,2,1,Buisson,47.442327,-0.483344
202000011798,9,10,2020,7,2,49,49246,2,3,2,1,BEAUREPAIRE,47.42773,-0.52725
202000011799,9,10,2020,14,2,49,49353,2,1,2,6,BUISSONS LIEU DIT,47.44201,-0.48333
202000011800,11,10,2020,15,1,47,47031,2,1,1,3,JEAN JAURES (Rue)  ,44.17709,0.64435
202000011801,12,10,2020,6,5,45,45285,2,1,1,6,Rue Charles Beauhaire,47.91829,1.85939
202000011802,7,10,2020,16,1,43,43157,2,1,1,6,110 Avenue Marechal Foch,45.0320623,3.8857698
202000011803,9,10,2020,19,5,42,42186,2,1,1,6,Rue Edouard Vaillant,45.52488,4.60853
202000011804,12,10,2020,6,5,35,35238,2,1,8,3,GUILLAUDOT ( DU GENERAL MAURICE),48.11601,-1.674
202000011805,12,10,2020,7,1,35,35238,2,1,1,6,GERARD (MICHEL),48.08958,-1.64298
202000011806,12,10,2020,20,5,33,33249,2,2,2,3,COTE DE LA GARONNE,44.88524,-0.51835
202000011807,15,8,2020,10,1,42,42187,2,3,1,6,Rue Jean Jaurès,46.03565,4.07163
202000011808,16,8,2020,7,2,41,41018,2,2,1,3,BUTTE (AVENUE DE LA),47.58323,1.32087
202000011809,15,8,2020,18,1,39,39411,2,3,1,3,,46.665464,5.58187
202000011810,17,8,2020,9,1,33,33281,2,1,1,2,AVE MARCEL DASSAULT,44.8422,-0.74428
202000011811,12,10,2020,18,1,33,33522,2,8,1,3,CRS GAMBETTA / RUE LAMARTINE,44.81519,-0.58723
202000011812,3,10,2020,12,1,33,33281,2,2,3,6,AVE DE LA MARNE / AVE DE BELFORT,44.8327,-0.64769
202000011813,12,10,2020,8,1,33,33529,1,1,1,5,RD 1250 (OUSTALET - BONNEVAL),44.61363,-1.1537
202000011814,16,8,2020,22,5,31,31555,1,1,1,6,AV M BOURGES MAUNOURY,43.639498,1.452717
202000011815,12,10,2020,15,1,29,29232,2,6,2,6,Rond point de l'Eau Blanche,47.99131,-4.07312
202000011816,14,8,2020,23,5,31,31555,2,1,1,6,MATABIAU (RUE) DU 1AU 82,43.61341,1.44992
202000011817,6,10,2020,21,3,22,22278,2,1,1,6,RN12,48.5234549,-2.7502298
202000011818,14,8,2020,12,1,31,31555,2,2,1,3,CHE DES SAUGES,43.55311,1.46698
202000011819,12,10,2020,12,1,14,14118,2,1,1,6,CALVADOS (AVENUE DU),49.18946,-0.3372
202000011820,7,10,2020,7,2,14,14118,1,1,8,6,FALAISE (RUE DE  - 90 PAIR 95 IMPAIR),49.15693,-0.34535
202000011821,13,8,2020,23,4,31,31555,2,1,1,2,AV DES ETATS UNIS,43.65641,1.421235
202000011822,15,8,2020,7,1,31,31555,2,1,1,3,AV DE LARDENNE,43.59331,1.39306
202000011823,8,10,2020,12,1,13,13056,2,1,1,3,OLIVES CHEMIN DES,43.3789783,5.029269
202000011824,17,8,2020,15,1,29,29232,2,9,1,6,Boulevard de France,47.98311,-4.12956
202000011825,12,10,2020,15,1,13,13210,2,1,1,7,PAUL CLAUDEL (BOULEVARD),43.2683,5.4131
202000011826,17,8,2020,9,1,29,29039,1,3,1,2,D122 - Rue Yves Trichard,47.8779695,-3.8791141
202000011827,12,10,2020,16,1,13,13209,2,1,1,6,MARÉCHAL DE LATTRE (AVENUE),43.245879,5.417183
202000011828,12,10,2020,11,1,13,13209,2,1,1,6,ROMAIN ROLLAND (BOULEVARD),43.272705,5.411609
202000011829,17,8,2020,7,1,24,24102,1,1,1,1,ROUTE D'ANGOULEME,45.22005,0.67278
202000011830,12,10,2020,9,1,13,13204,2,1,1,1,CHUTES LAVI (AVENUE),43.31195,5.39609
202000011831,9,10,2020,20,2,11,11262,2,6,1,3,JUIN (AVENUE MAREHAL),43.18039,3.01394
202000011832,17,8,2020,17,1,17,17291,1,1,1,4,RN 237,46.174011,-1.122918
202000011833,10,9,2020,1,3,08,08105,1,1,1,6,RN 43,49.75,4.70318
202000011834,16,8,2020,3,5,17,17300,2,1,1,6,REMPARTS   CHEMIN DES,46.16221,-1.15527
202000011835,12,10,2020,21,5,06,06083,2,3,1,3,"SOSPEL (AVENUE DE, N° 1 A 55)",43.77933,7.49352
202000011836,17,8,2020,8,1,14,14118,2,2,2,3,DUNOIS (BOULEVARD),49.18391,-0.38634
202000011837,12,10,2020,8,1,06,06027,2,1,1,1,NICE AVENUE DE (RN7),43.6605,7.1767
202000011838,17,8,2020,14,1,13,13214,2,9,1,7,LAVOISIER (BOULEVARD),43.339159,5.37173
202000011839,12,10,2020,17,1,75,75120,2,1,1,4,PORTE DES LILAS,48.876382,2.409421
202000011840,17,8,2020,3,5,13,13208,2,2,1,3,PRADO (AVENUE DU),43.2642661,5.3787717
202000011841,12,10,2020,13,1,75,75107,2,1,1,2,QUAI D ORSAY,48.862362,2.30875
202000011842,18,8,2020,0,3,13,13063,2,1,1,6,THEODORE AUBANEL BOULEVARD,43.5884308,4.9898197
202000011843,12,10,2020,9,1,75,75120,2,1,1,3,BOULEVARD DE BELLEVILLE,48.867851,2.382331
202000011844,12,10,2020,19,5,75,75119,2,1,1,6,AVENUE JEAN JAURES,48.888704,2.392792
202000011845,17,8,2020,20,5,06,06088,2,1,1,6,ANGLAIS (DU N° 1 AU N° 43),43.69518,7.26567
202000011846,12,10,2020,14,1,75,75116,2,3,1,3,RUE BOILEAU,48.840862,2.262395
202000011847,12,10,2020,14,1,75,75116,2,3,1,6,RUE JEAN DE LA FONTAINE,48.850404,2.270527
202000011848,16,8,2020,16,1,06,06027,2,1,1,6,PLAGE BOULEVARD DE LA,43.655713,7.161482
202000011849,12,10,2020,9,1,75,75115,2,1,1,6,RUE ANDRE GIDE,48.83783,2.313953
202000011850,13,8,2020,20,3,05,05023,1,1,3,2,R N  94,44.90973,6.66383
202000011851,12,10,2020,14,1,75,75113,2,3,1,3,QUAI PANHARD ET LEVASSOR,48.831113,2.381186
202000011852,17,8,2020,17,1,75,75113,2,1,1,3,BOULEVARD VINCENT AURIOL,48.830985,2.356958
202000011853,12,10,2020,13,1,75,75113,2,3,8,3,QUAI DE LA GARE,48.836757,2.374367
202000011854,12,10,2020,21,5,75,75112,2,2,1,1,AVENUE DU TREMBLAY,48.835841,2.453162
202000011855,17,8,2020,9,1,75,75113,2,2,1,3,BOULEVARD MASSENA,48.819223,2.362074
202000011856,12,10,2020,15,1,75,75112,2,1,1,6,RUE ABEL,48.847674,2.37565
202000011857,17,8,2020,12,1,75,75112,2,1,2,1,QUAI DE BERCY,48.830026,2.386698
202000011858,12,10,2020,16,1,75,75112,2,1,1,3,COURS DE VINCENNES,48.847347,2.404224
202000011859,16,8,2020,17,1,75,75112,2,1,1,6,ROUTE DE CEINTURE DU LAC DAUMESNIL,48.829477,2.415608
202000011860,12,10,2020,16,1,75,75112,2,3,1,3,RUE DE REUILLY,48.841022,2.394111
202000011861,17,8,2020,10,1,75,75111,2,1,1,6,RUE DU GRAND PRIEURE,48.865178,2.36896
202000011862,12,10,2020,11,1,75,75112,2,2,1,3,BOULEVARD DIDEROT,48.848044,2.392921
202000011863,16,8,2020,23,5,75,75110,2,3,1,3,RUE DU FAUBOURG POISSONNIERE,48.872461,2.347904
202000011864,12,10,2020,8,1,75,75112,2,1,1,7,BOULEVARD SOULT,48.845652,2.410864
202000011865,16,8,2020,16,1,75,75110,2,1,1,-1,RUE DU FAUBOURG SAINT DENIS,48.881718,2.358391
202000011866,12,10,2020,8,2,75,75112,2,2,1,3,AVENUE COURTELINE,48.844058,2.41297
202000011867,17,8,2020,1,3,75,75104,2,1,1,6,QUAI HENRI IV,48.849476,2.361683
202000011868,12,10,2020,20,5,75,75111,2,1,1,1,RUE JEAN PIERRE TIMBAUD,48.867066,2.375029
202000011869,11,10,2020,21,5,75,75111,2,1,1,-1,RUE DE LA ROQUETTE,48.856176,2.376178
202000011870,30,7,2020,17,1,75,75103,2,3,1,3,RUE DU VERTBOIS,48.867704,2.354869
202000011871,12,10,2020,2,5,75,75108,2,3,1,3,AVENUE DES CHAMPS ELYSEES,48.867091,2.316083
202000011872,16,8,2020,16,1,94,94081,2,1,1,6,CAMILLE BLANC (R),48.7842,2.3961
202000011873,10,10,2020,23,5,94,94043,2,1,8,2,VOLTAIRE (R),48.80575,2.34528
202000011874,12,10,2020,19,5,94,94065,2,1,1,3,CHARLES LINDBERGH (AV),48.74909,2.35639
202000011875,10,8,2020,9,1,94,94033,2,1,1,3,MOREAU DAVID (PL),48.84333,2.46555
202000011876,10,10,2020,20,3,94,94058,2,1,1,6,ALSACE LORRAINE (BD D),48.84951,2.49714
202000011877,16,8,2020,3,5,94,94022,2,1,1,7,VICTOR HUGO (AV),48.7669,2.4144
202000011878,12,10,2020,14,1,94,94077,2,6,1,3,PAUL VAILLANT COUTURIER (AV),48.73787,2.42362
202000011879,17,8,2020,21,5,93,93073,2,2,1,1,CROS (RUE CHARLES),48.9670471,2.568024
202000011880,12,10,2020,11,1,94,94071,2,2,1,3,SOMME (AV DE LA),48.765454,2.512479
202000011881,17,8,2020,19,1,93,93064,2,9,1,3,ALSACE-LORRAINE (BOULEVARD),48.8862042,2.4756977
202000011882,12,10,2020,5,5,94,94070,2,1,1,2,Route de Paris,48.71808,2.56951
202000011883,17,8,2020,20,3,93,93051,2,1,1,2,PAVE NEUF (AVENUE),48.8384795,2.5610877
202000011884,11,10,2020,21,5,93,93070,2,1,1,6,GODILLOT(RUE),48.9098,2.34174
202000011885,17,8,2020,11,1,93,93077,2,1,1,6,R DU PARC,48.880878,2.526533
202000011886,12,10,2020,13,1,93,93051,2,1,1,3,MEDERIC (AVENUE),48.83034,2.58477
202000011887,17,8,2020,16,1,93,93010,2,1,2,3,VAILLANT (RUE EDOUARD) 24 A 96,48.895267,2.4869121
202000011888,12,10,2020,16,1,93,93046,2,2,8,3,LUCIE AUBRAC ALLEE,48.93137,2.54562
202000011889,17,8,2020,9,1,93,93007,2,2,1,3,HENRI BARBUSSE (AVENUE),48.94135,2.463902
202000011890,12,10,2020,6,5,93,93031,2,2,1,3,REPUBLIQUE (AVENUE),48.9501244,2.3284842
202000011891,11,10,2020,23,5,93,93029,2,2,1,3,AV HENRI BARBUSSE / R CHARLES GIDE,48.91659,2.44463
202000011892,11,10,2020,19,2,92,92077,2,1,8,3,THIERRY (AVENUE),48.8276863,2.1821178
202000011893,16,8,2020,23,5,93,93005,2,1,1,6,HENRI BARBUSSE (RUE),48.92927,2.4892
202000011894,11,10,2020,9,1,92,92072,2,2,1,3,VILLE D'AVRAY (RUE DE),48.8260273,2.1982305
202000011895,17,8,2020,19,1,93,93066,2,1,1,3,CROIZAT AMBROISE RD 29 BIS,48.9312912,2.3495776
202000011896,11,10,2020,11,1,92,92064,1,1,1,7,PARC SAINT CLOUD,48.8477259,2.2080543
202000011897,7,10,2020,9,1,92,92040,2,1,8,2,PDT ROOSEVELT (QUAI DU),48.834098,2.264848
202000011898,17,8,2020,6,1,93,93001,2,1,1,5,ANATOLE FRANCE (BLD) PAIR,48.9171777,2.3817897
202000011899,12,10,2020,6,2,92,92040,2,2,1,3,PAIX (AVENUE DE LA),48.816615,2.275022
202000011900,17,8,2020,13,1,92,92044,2,1,2,3,ALSACE (RUE) N°19 + ET 20+,48.8914005,2.2956423
202000011901,12,10,2020,19,5,92,92026,2,1,1,2,NEUILLY DEFENSE (RESIDENCE),48.8886745,2.2490349
202000011902,10,10,2020,20,5,92,92004,1,9,1,-1,AULAGNIER ( QUAI ),48.9139311,2.3094927
202000011903,17,8,2020,19,1,92,92007,2,1,1,5,PASTEUR (AVENUE LOUIS) N° 1 A 39 ET 2 A,48.79649,2.31725
202000011904,12,10,2020,16,2,974,97415,2,1,1,2,Chemin Lebel,-21.011007,55.320986
202000011905,14,8,2020,16,1,92,92004,2,1,1,4,PIERRE DE COUBERTIN  ( BD ),48.92792,2.2847
202000011906,12,10,2020,12,1,67,67437,2,1,1,3,Rue Jean de Manderscheid,48.731197,7.353078
202000011907,17,8,2020,15,1,13,13215,1,9,1,7,A7-Sens Lyon vers Marseille,43.349476,5.369242
202000011908,13,10,2020,10,1,37,37233,1,1,2,6,sortie N°21 de l'autoroute A10,47.3952557,0.7068566
202000011909,17,8,2020,8,1,13,13214,1,1,1,2,A7-Sens Lyon vers Marseille,43.351665,5.366638
202000011910,11,10,2020,16,1,62,62094,1,2,1,3,D138,50.4488022,1.778784
202000011911,9,10,2020,8,2,35,35173,1,1,8,6,Lieu Dit la Herquiniere,48.191182,-1.719768
202000011912,16,8,2020,21,3,13,13215,1,1,1,2,A7-Sens Lyon vers Marseille,43.3772376,5.3582972
202000011913,10,8,2020,9,1,57,57463,1,9,1,3,Autoroute A31,49.139509,6.180282
202000011914,12,10,2020,18,1,51,51090,1,2,1,3,D39,48.785778,3.861716
202000011915,17,8,2020,9,1,33,33096,1,1,1,2,AUTOROUTE A 10,44.89126,-0.50196
202000011916,7,10,2020,16,1,76,76120,1,1,1,6,D7,49.609625,1.408256
202000011917,13,10,2020,4,5,79,79195,2,1,3,7,45 Rue Saint-charles,46.93463,-0.58862
202000011918,17,8,2020,18,1,94,94076,1,1,1,3,AUTOROUTE A6A,48.7863,2.346
202000011919,13,10,2020,7,5,65,65460,2,1,8,6,21 Boulevard d'Alsace,43.385214,0.055169
202000011920,17,8,2020,11,1,91,91136,1,1,1,7,RD188 PROVINCE / A10 PARIS,48.71636,2.2655
202000011921,13,10,2020,10,1,65,65460,1,1,1,2,Départementale 6,43.387756,0.008068
202000011922,13,10,2020,10,1,65,65460,2,3,8,3,Avenue Jacques Fourcade,43.392758,0.053081
202000011923,17,8,2020,7,1,91,91347,1,1,1,3,RN 104,48.6227,2.28829
202000011924,12,10,2020,14,1,63,63011,1,1,1,6,D2144,46.195406,2.755809
202000011925,17,8,2020,17,1,93,93064,1,1,3,3,AUTOROUTE A103,48.88536,2.48852
202000011926,13,10,2020,2,3,61,61414,1,1,2,6,RD938 - lieu-dit Perthuisiere,48.493396,0.546505
202000011927,13,10,2020,7,2,41,41242,1,1,3,1,33 Route de Valencay,47.258626,1.547291
202000011928,9,10,2020,19,5,34,34310,2,2,1,1,Rue de la Carriérasse,43.422717,3.167444
202000011929,4,9,2020,10,1,44,44126,2,3,1,1,1 Boulevard de la Tara,47.152464,-2.216883
202000011930,17,8,2020,13,1,93,93053,1,1,2,2,AUTOROUTE A86,48.90098,2.46933
202000011931,5,8,2020,19,1,02,02830,2,1,1,3,11 Rue de la Gloriette,50.017164,3.601997
202000011932,8,10,2020,15,1,58,58225,1,1,1,7,Champ des pierges,46.921549,3.083838
202000011933,17,8,2020,18,1,77,77249,1,1,1,-1,A104,48.729999,2.60821
202000011934,3,10,2020,1,3,72,72380,1,1,1,2,mirebeau,48.232386,0.148184
202000011935,16,8,2020,18,5,974,97416,2,2,1,3,DATTES (ALLEE DES),-21.30227,55.43086
202000011936,18,8,2020,10,1,72,72223,2,1,1,-1,ROUTE DEPARTEMENTALE 35,47.875008,-0.106516
202000011937,13,10,2020,6,3,72,72026,1,1,2,6,Saint Cher,48.123254,0.318915
202000011938,10,10,2020,20,3,14,14654,1,1,1,7,D271,49.045745,-0.026479
202000011939,16,8,2020,9,1,974,97409,1,9,1,1,Route de Salazie,-20.975266,55.645701
202000011940,13,10,2020,17,1,64,64519,2,2,1,3,Route d'Uzein,43.36027,-0.38362
202000011941,15,8,2020,19,5,973,97302,2,2,2,3,CESAIRE (CITE),4.9309153,-52.3225272
202000011942,11,10,2020,16,1,16,16135,1,1,2,6,Lieu dit Les Justices,45.633047,0.561644
202000011943,15,8,2020,23,5,69,69383,2,1,1,3,BARABAN                             (R ),45.76169,4.86828
202000011944,12,10,2020,18,2,27,27577,1,1,1,7,route de trouville RD95,49.4154669,0.5592695
202000011945,11,10,2020,18,1,01,01274,1,1,8,6,A40 PK 115+200,46.160513,5.652101