Num_Acc,jour,mois,an,hr,condition_eclairage,departement,commune,condition_agglomeration,intersection,condition_atmosphere,type_collision,adresse,lattitude,longitude
202000011946,11,10,2020,1,3,35,35353,1,1,1,6,RN 1012,48.123345,-1.732802
202000011947,16,8,2020,17,1,69,69259,2,1,1,2,VIVIANI                             (AV),45.72049,4.88522
202000011948,16,8,2020,15,1,69,69199,2,1,8,7,YVES FARGE                          (BD),45.70119,4.85602
202000011949,12,10,2020,17,1,06,06152,2,3,1,3,Route de Nice,43.643135,7.011876
202000011950,16,8,2020,4,5,69,69387,2,1,1,6,CHAMBAUD DE LA BRUYERE              (BD),45.72432,4.84209
202000011951,10,10,2020,8,1,67,67239,1,1,1,6,Autoroute A35 PK 445.300 sens COLMAR-STRASBOURG,48.239195,7.40839
202000011952,16,8,2020,15,1,972,97213,1,9,1,6,ROUTE DEPARTEMENTALE 13,14.6345,-61.0141
202000011953,16,8,2020,14,1,972,97213,1,1,2,1,ROUTE DEPARTEMENTALE 3,14.6566,-60.9755
202000011954,13,10,2020,6,3,51,51562,1,1,1,1,A4,49.2078713,4.0744882
202000011955,15,8,2020,8,1,69,69034,2,1,1,-1,CANUTS (DES)                        (BD),45.78219,4.82878
202000011956,12,10,2020,22,3,988,98825,1,1,2,2,Lieu-dit BELLE-BOSSE,-21.241882,164.911931
202000011957,16,8,2020,22,5,91,91326,2,1,2,3,COUR DE FRANCE (AVENUE DE LA),48.684994,2.374813
202000011958,12,10,2020,11,1,974,97420,1,1,1,3,D46,-20.947371,55.632289
202000011959,16,8,2020,14,1,83,83137,2,3,1,3,WEYGAND (AVE GENERAL),43.12032,5.94887
202000011960,13,10,2020,10,1,972,97228,1,1,1,6,Bd Raymond Huygues Despointes,14.771635,-61.008646
202000011961,15,8,2020,12,1,83,83069,2,2,1,3,GODILLOT  ( AVENUE ALEXIS ),43.11137,6.12403
202000011962,9,10,2020,16,1,29,29147,1,1,1,7,D765 - La Croix,47.89724,-3.576522
202000011963,12,10,2020,8,1,37,37072,2,3,1,6,Boulevard des Hucherolles,47.1708765,0.2564191
202000011964,11,8,2020,19,1,69,69256,2,1,1,6,GEORGES DIMITROV                    (AV),45.7774,4.92555
202000011965,12,10,2020,11,1,77,77147,1,1,1,7,Rue du Brandon,48.596692,3.092308
202000011966,12,10,2020,17,1,77,77315,2,4,8,6,2 Rue de Touraine,48.882787,2.831718
202000011967,15,8,2020,23,3,69,69266,2,3,1,1,MARIE ANTOINETTE    (Rue),45.78431,4.88669
202000011968,13,10,2020,8,1,2B,2B042,2,9,1,6,Avenue de Borgo,42.561363,9.441177
202000011969,11,8,2020,17,1,69,69092,2,1,1,6,TARARE (route de),45.98418,4.70031
202000011970,12,10,2020,16,1,06,06011,2,1,7,2,7 Boulevard du Maréchal Leclerc,43.705942,7.334796
202000011971,16,8,2020,23,5,68,68224,2,1,1,3,STRASBOURG (RUE DE),47.750812,7.323595
202000011972,12,10,2020,17,1,67,67046,2,1,2,3,5 Rue du Général Leclerc,48.764464,7.8586
202000011973,11,10,2020,22,5,73,73213,1,1,1,2,D1006 Route de Challes,45.567459,5.964439
202000011974,15,8,2020,11,1,59,59043,1,1,1,3,LILLE (ROUTE DE),50.72076,2.80253
202000011975,15,8,2020,20,1,45,45274,1,1,1,6,Rue de la Levee,47.896032,1.952412
202000011976,13,10,2020,16,1,42,42285,1,1,1,1,Route de Montbrison,45.5522172,4.161061
202000011977,4,10,2020,6,2,44,44209,2,9,3,7,31 Rue des Landes,47.3042495,-1.6164481
202000011978,16,8,2020,2,5,34,34172,2,1,1,1,LIBERTE (AVENUE DE LA,43.60995,3.83621
202000011979,3,10,2020,0,3,69,69071,2,1,2,1,route de villefranche,45.879478,4.823223
202000011980,13,10,2020,14,1,85,85003,1,3,1,3,Les Trois Chênes,46.715198,-1.691288
202000011981,17,8,2020,0,5,33,33554,2,1,1,6,AVE DU TECHENEY,44.87554,-0.49175
202000011982,10,10,2020,18,1,60,60060,2,1,1,7,38 Rue des Groux,49.183624,2.194238
202000011983,13,10,2020,18,1,60,60355,2,1,1,6,90 Rue Saint-germain,49.4159384,2.1974479
202000011984,16,8,2020,17,1,29,29039,2,3,1,6,Boulevard Bougainville,47.87037,-3.92299
202000011985,13,10,2020,11,1,02,02381,2,9,2,1,AVENUE DE VERDUN,49.915237,4.090916
202000011986,17,8,2020,0,5,13,13209,2,3,1,3,AVIATEUR LE BRIX (RUE),43.2618215,5.4040246
202000011987,3,10,2020,3,3,13,13056,1,1,2,6,A55-Sens Martigues vers Marseille,43.40287,5.03954
202000011988,16,8,2020,23,5,13,13216,2,1,1,5,CONDORCET (RUE),43.35691,5.34231
202000011989,12,10,2020,6,3,13,13215,1,1,1,4,A7-Sens Marseille vers Lyon,43.366509,5.360817
202000011990,16,8,2020,15,1,13,13215,2,2,1,3,Min (avenue du),43.34178,5.37293
202000011991,16,8,2020,4,5,13,13208,2,1,1,6,MENDES FRANCE (AVENUE),43.24991,5.37529
202000011992,10,10,2020,11,1,83,83137,1,1,1,4,BRETELLE D'ACCES N°17 TOULON/NICE,43.12132,5.95331
202000011993,16,8,2020,4,5,13,13212,2,1,1,6,POILUS (AVENUE DES),43.318352,5.459747
202000011994,11,10,2020,17,1,69,69297,1,1,1,4,A7   15.770 A 20.110,45.5926,4.7971
202000011995,15,8,2020,16,1,13,13210,2,1,1,3,ROMAIN ROLLAND (BOULEVARD),43.274481,5.415045
202000011996,12,10,2020,11,1,78,78640,1,1,1,4,A86 EXT,48.777574,2.21959
202000011997,15,8,2020,13,1,13,13206,2,1,1,6,JULIEN (COURS),43.29606,5.38164
202000011998,11,10,2020,22,5,93,93048,1,1,1,2,AUTOROUTE A3,48.86844,2.42827
202000011999,17,6,2020,12,1,57,57256,1,1,3,3,D603,49.117275,6.037781
202000012000,15,8,2020,9,1,13,13005,1,1,1,5,EOURES (ROUTE D'),43.30628,5.55427
202000012001,11,10,2020,10,1,974,97411,2,1,1,7,FOUGERES (CHEMIN DES),-20.93068,55.48742
202000012002,16,8,2020,22,3,13,13004,1,1,1,1,RTE D EYGUIERES,43.66233,4.67468
202000012003,11,10,2020,13,1,69,69387,2,1,8,6,BERTHELOT                           (AV),45.74298,4.84883
202000012004,14,8,2020,15,1,09,09122,2,1,1,4,LECLERC (AVENUE DU GENERAL),42.987168,1.615742
202000012005,10,10,2020,18,1,69,69259,2,3,1,5,ALBERT EINSTEIN                     (R ),45.70014,4.87634
202000012006,9,10,2020,8,1,69,69034,2,1,1,6,FORTS (DES)                         (MO),45.79448,4.83012
202000012007,16,8,2020,16,1,06,06088,2,9,1,3,GAIRAUT (AV. DE),43.736544,7.263224
202000012008,10,10,2020,20,5,69,69385,2,1,1,3,ETROITS (DES)                       (QU),45.7508833,4.8200101
202000012009,16,8,2020,15,1,06,06088,2,4,1,3,QUINZIEME CORPS (AV. DU),43.70681,7.28018
202000012010,10,10,2020,18,2,79,79191,2,1,1,6,Route d'Aiffres,46.31601,-0.45471
202000012011,16,8,2020,3,5,06,06088,2,1,1,6,PROMENADE DES ANGLAIS (DU N° 1 AU N° 43),43.694839,7.262915
202000012012,15,8,2020,22,5,75,75116,2,1,1,3,BOULEVARD PERIPHERIQUE,48.85464,2.254711
202000012013,11,10,2020,14,1,77,77237,2,1,1,2,RD 345,48.8422,2.7761
202000012014,10,10,2020,22,5,74,74008,2,1,2,6,MARTINIERE (PLACE DE LA),46.19949,6.22504
202000012015,16,8,2020,0,5,75,75115,2,1,1,7,RUE LECOURBE,48.844708,2.309765
202000012016,10,10,2020,2,5,74,74118,2,1,1,1,DEPORTES (ROUTE DES ),46.18277,6.23071
202000012017,10,10,2020,16,1,69,69264,2,1,1,-1,BRAUN THEODORE  AV,45.98097,4.7404
202000012018,16,8,2020,18,1,75,75105,2,2,1,-1,RUE MONGE,48.848089,2.350478
202000012019,11,10,2020,7,5,59,59350,2,2,1,1,TURENNE RUE,50.62714,3.0391
202000012020,16,8,2020,17,1,75,75119,2,7,1,4,PLACE DU COLONEL FABIEN,48.878432,2.370448
202000012021,5,10,2020,11,1,59,59273,2,1,1,3,ISLANDAIS (RUE DES),50.986,2.1219
202000012022,16,8,2020,22,5,75,75118,2,1,1,6,RUE MARX DORMOY,48.886948,2.359677
202000012023,9,10,2020,18,1,54,54375,1,1,2,3,RD 958  ,48.89952,5.99399
202000012024,15,8,2020,23,5,75,75110,2,2,1,6,RUE D HAUTEVILLE,48.871618,2.349906
202000012025,16,8,2020,14,1,75,75108,2,7,1,6,PLACE DE LA CONCORDE,48.866356,2.32339
202000012026,11,10,2020,2,5,54,54395,2,2,8,2,SAINT DIZIER (RUE 2 A 80-1 A 109 BIS),48.6924406,6.1812204
202000012027,16,8,2020,1,5,75,75101,2,1,1,7,RUE DE RIVOLI,48.866385,2.323763
202000012028,11,10,2020,17,1,51,51454,2,1,1,3,Rue de Louvois,49.2386629,4.0315103
202000012029,16,8,2020,14,1,75,75103,2,3,1,1,RUE DU TEMPLE,48.865188,2.360209
202000012030,11,10,2020,21,5,44,44162,2,3,1,3,Boulevard du Massacre,47.23247,-1.59132
202000012031,16,8,2020,13,1,75,75101,2,3,1,3,RUE DE RIVOLI,48.859496,2.345188
202000012032,11,10,2020,6,5,44,44109,2,1,1,6,POILUS ( BD DES ),47.23011,-1.52857
202000012033,16,8,2020,15,1,94,94017,2,1,1,3,GENERAL LECLERC (AV DU),48.82807,2.51261
202000012034,11,10,2020,21,5,33,33550,2,1,1,1,RTE DE TOULOUSE,44.78246,-0.56607
202000012035,16,8,2020,7,1,93,93032,2,1,8,6,R DE LA MARE,48.876138,2.5500055
202000012036,11,10,2020,5,5,33,33249,2,1,1,1,QUAI CARRIET,44.8832,-0.53072
202000012037,11,10,2020,22,3,29,29232,1,1,1,6,Chemin de Kerequellou,47.9640664,-4.0624782
202000012038,11,10,2020,15,1,27,27681,2,2,2,3,LODARDS (BOULEVARD DES),49.08367,1.48782
202000012039,11,10,2020,20,5,27,27229,2,1,9,3,VERNON (RUE DE),49.0242375,1.1715349
202000012040,16,8,2020,14,1,92,92012,2,1,1,2,JEAN JAURES (BOULEVARD) 217/FIN - 210/FI,48.83039,2.24536
202000012041,11,10,2020,23,5,18,18033,2,1,1,2,CHARITE (ROUTE DE LA),47.09494,2.42059
202000012042,11,10,2020,21,5,13,13208,2,1,1,1,GRAND LARGE (PROMENADE DU),43.241809,5.364469
202000012043,16,8,2020,4,3,62,62254,1,1,5,6,D157,50.610546,2.188798
202000012044,11,10,2020,15,1,13,13208,2,1,1,5,PRADO (AVENUE DU),43.2704223,5.3880376
202000012045,16,8,2020,9,1,66,66164,1,1,1,6,A9 PK 243.000,42.762579,2.89155
202000012046,11,10,2020,4,5,13,13209,2,1,1,2,SCHLOESING (BOULEVARD),43.272824,5.40089
202000012047,16,8,2020,20,5,972,97207,2,1,2,1,départementale 5 face à la résidence cécilion,14.571944,-60.963537
202000012048,11,10,2020,19,2,13,13047,1,2,1,3,D.5,43.5853,4.94576
202000012049,5,8,2020,19,1,22,22341,1,2,1,3,D44,48.401714,-2.372961
202000012050,11,10,2020,15,1,13,13005,1,3,1,3,AVELANEDE (CHEMIN DE L'),43.28765,5.58717
202000012051,16,8,2020,18,1,50,50159,1,1,2,6,D38,49.0214,-1.238306
202000012052,11,10,2020,15,1,06,06004,2,2,9,3,ESTEREL AV.DE L',43.56995,7.10866
202000012053,11,10,2020,12,1,75,75105,2,2,1,3,BOULEVARD DE PORT ROYAL,48.839421,2.33754
202000012054,11,10,2020,0,5,75,75105,2,3,8,1,BOULEVARD SAINT MARCEL,48.838978,2.358592
202000012055,10,10,2020,12,1,75,75115,2,3,1,6,QUAI ANDRE CITROEN,48.847377,2.278871
202000012056,11,10,2020,13,1,75,75120,2,1,1,6,RUE DES PYRENEES,48.858525,2.402867
202000012057,17,8,2020,12,1,37,37050,1,1,1,2,A10,47.3181043,0.6891376
202000012058,12,8,2020,20,1,30,30141,2,1,1,6,Rue Jean Bouin,44.101774,4.658664
202000012059,10,8,2020,18,1,34,34095,1,1,1,3,D114,43.536457,3.755983
202000012060,9,8,2020,9,1,34,34270,2,1,1,5,Bretelle de sortie de l'autoroute A 709 sortie N° 32 sens Montpellier Sete,43.568794,3.83616
202000012061,15,8,2020,15,1,74,74263,1,1,1,2,Route de Pérrignier,46.317281,6.398077
202000012062,16,8,2020,5,2,51,51231,1,1,1,7,D208,48.9851236,4.4577735
202000012063,16,8,2020,11,1,19,19024,1,1,2,7,Meyade,45.3670251,1.3985102
202000012064,17,8,2020,10,1,19,19093,2,1,1,6,RD8,45.0804491,1.560424
202000012065,15,8,2020,11,1,76,76542,1,1,1,1,D88,49.727822,0.760417
202000012066,15,8,2020,11,1,76,76188,1,9,1,7,Route de la Dreule,49.651189,1.240844
202000012067,17,8,2020,11,1,2A,2A139,1,3,1,3,Nivatoli,41.6355889,9.3405116
202000012068,23,7,2020,18,1,2A,2A362,2,1,1,3,T10,41.700434,9.348797
202000012069,17,8,2020,6,2,33,33173,1,3,1,6,Lieu Dit Bernarderie,44.95702,0.002967
202000012070,17,8,2020,0,3,33,33236,1,1,1,2,CD106 CLAOUEY,44.77207,-1.17242
202000012071,17,8,2020,10,1,71,71310,2,2,1,6,62 Avenue de la République,46.7492569,4.4689549
202000012072,15,8,2020,19,2,71,71109,1,1,1,7,Valotte (Arrêt de bus),46.8965468,4.7107629
202000012073,16,8,2020,18,1,63,63170,1,1,1,1,D941,45.83986,2.7173513
202000012074,15,8,2020,21,2,55,55448,1,1,1,7,D7,48.882441,5.415852
202000012075,16,8,2020,17,1,12,12021,1,1,1,6,D69 Lieu dit Les Gazannes,44.338614,2.159194
202000012076,16,8,2020,2,3,41,41112,1,1,2,7,D20,47.365324,1.63662
202000012077,15,8,2020,3,3,86,86281,1,6,1,7,Rond point d'étables,46.714543,0.217726
202000012078,16,8,2020,15,1,34,34252,1,1,1,3,D23e2,43.65588,3.110354
202000012079,16,8,2020,16,1,22,22055,2,1,8,3,Boulevard du Général Leclerc,48.599828,-2.82619
202000012080,14,8,2020,23,3,39,39514,1,1,1,6,,47.195764,5.604916
202000012081,17,8,2020,3,3,39,39434,1,1,1,1,,46.847851,5.704972
202000012082,16,8,2020,0,3,29,29056,1,1,6,7,Le Fessiou,48.4420591,-4.3082552
202000012083,15,8,2020,5,3,38,38231,1,1,1,7,Route des Alpes,45.521143,5.21312
202000012084,15,8,2020,14,1,01,01134,2,1,1,-1,Chemin de la Rolliere,46.276625,4.904591
202000012085,14,8,2020,22,5,01,01367,2,1,1,6,D1d,46.401324,5.1096
202000012086,16,8,2020,0,3,70,70294,2,1,1,6,Rue des Vosges,47.749225,6.495868
202000012087,16,8,2020,17,1,70,70539,1,1,1,6,D13,47.565089,5.818623
202000012088,16,8,2020,12,3,26,26022,1,1,1,6,D542,44.24724,5.669755
202000012089,16,8,2020,12,1,66,66150,1,1,1,6,D115,42.409991,2.512736
202000012090,17,8,2020,6,2,54,54530,1,1,1,6,6 Grande Rue,48.39452,5.95412
202000012091,15,8,2020,16,1,54,54040,2,3,1,7,1 Avenue Jean-baptiste Diedler,48.4974834,6.8970108
202000012092,17,8,2020,2,3,60,60155,1,1,1,7,65 Rue du Colombier,49.268137,2.350847
202000012093,12,8,2020,11,1,64,64160,2,1,1,4,4 Chemin de Berhartia,43.3487233,-1.3993398
202000012094,14,8,2020,14,1,36,36018,2,4,1,6,131 Avenue Gambetta,46.641554,1.063205
202000012095,17,8,2020,6,1,16,16004,1,1,1,6,Lieu dit Le Moulin d'Aignes,45.446253,0.138755
202000012096,11,7,2020,14,1,07,07337,1,1,1,6,Route de Talencieux,45.232742,4.72661
202000012097,15,8,2020,11,1,04,04241,1,1,1,-1,RD 4100,43.8748783,5.7026435
202000012098,9,8,2020,18,1,27,27521,1,1,1,1,N12,48.701243,0.83289
202000012099,17,8,2020,18,1,23,23130,1,1,1,6,l'abbaye,46.394274,1.765366
202000012100,16,8,2020,12,1,48,48082,1,1,1,7,Route Nationale 88,44.587965,3.659059
202000012101,16,8,2020,8,1,988,98805,2,3,1,1,Avenue Antoine Becquerel prolongee/Av. des parachutistes calédoniens,-22.198859,166.4511
202000012102,17,8,2020,4,3,03,03118,1,1,1,2,,46.094317,3.1371033
202000012103,16,8,2020,8,1,34,34159,1,1,1,1,D116,43.521668,3.82925
202000012104,15,8,2020,11,1,38,38285,2,1,1,2,D526,45.05134,5.9872
202000012105,16,8,2020,3,3,59,59597,1,1,5,2,A2,50.200447,3.215555
202000012106,16,8,2020,16,1,60,60369,1,1,1,4,A1,49.3149603,2.6857098
202000012107,16,8,2020,18,1,27,27456,1,1,1,2,A154,49.196564,1.173595
202000012108,16,8,2020,22,3,76,76484,1,1,1,2,A13,49.342852,1.061876
202000012109,15,8,2020,14,1,975,97502,2,1,1,7,Route de la Pointe Blanche,46.768534,-56.174691
202000012110,14,8,2020,15,1,33,33085,1,2,1,3,Route des 2 Ponts,44.76338,-0.495297
202000012111,15,8,2020,7,2,2B,2B034,1,3,7,-1,RT 30 - RT301 Losari,42.636451,9.012531
202000012112,16,8,2020,16,1,30,30330,2,1,1,1,132 Route de Nimes,44.037967,4.000483
202000012113,17,8,2020,15,1,34,34023,2,1,1,6,34 Avenue de la Gare,43.447061,3.691383
202000012114,31,5,2020,15,1,84,84105,1,1,1,7,Route Departementale 900--Aire de repos,43.868178,5.437813
202000012115,15,8,2020,2,3,13,13004,1,1,1,2,N113,43.654318,4.659582
202000012116,15,8,2020,13,1,21,21038,2,3,1,3,Rue du Colonel Redoutey,47.191736,5.391406
202000012117,16,8,2020,22,5,67,67230,2,3,1,7,Rue des Hirondelles,48.7930736,7.8317497
202000012118,16,8,2020,18,1,88,88273,1,1,1,1,D46,48.227217,6.518412
202000012119,17,8,2020,16,1,55,55509,1,1,1,6,D643,49.578108,5.3406
202000012120,16,8,2020,13,1,55,55122,2,1,1,7,Avenue des Forges,48.766133,5.581897
202000012121,15,8,2020,15,1,73,73179,1,1,1,1,D14A Av Rene Cassin,45.600753,5.878737
202000012122,15,8,2020,19,1,65,65078,2,2,1,3,35 Rue Dominique Larrey,43.026612,0.169172
202000012123,16,8,2020,17,1,14,14677,1,1,1,6,N158,48.945631,-0.215092
202000012124,14,8,2020,22,3,56,56167,1,1,1,6,Les Deux Moulins,47.662085,-2.875714
202000012125,16,8,2020,4,3,13,13001,1,4,1,6,A51-Sens Marseille vers Aix en Provence,43.51311,5.4261
202000012126,16,8,2020,3,3,13,13022,1,1,1,7,A50-Sens Toulon vers Aubagne,43.2290459,5.5842935
202000012127,15,8,2020,12,1,13,13211,1,1,1,4,A50-Sens Marseille vers Aubagne,43.29368,5.45698
202000012128,16,8,2020,16,1,91,91471,1,1,2,7,RN 118,48.6983,2.19225
202000012129,16,8,2020,11,1,91,91363,1,1,1,3,RN 104,48.64985,2.1854
202000012130,15,8,2020,20,1,94,94034,1,1,2,4,AUTOROUTE A86,48.75524,2.34269
202000012131,16,8,2020,21,3,93,93007,1,1,1,2,AUTOROUTE A3,48.92774,2.48136
202000012132,16,8,2020,20,2,93,93053,1,9,2,6,AUTOROUTE A86,48.89873,2.46923
202000012133,16,8,2020,19,2,95,95060,1,1,2,6,AUTOROUTE A115,49.0441,2.1874
202000012134,16,8,2020,17,1,95,95277,1,1,2,2,RD 170 B4,48.9747399,2.4867603
202000012135,16,8,2020,13,1,92,92036,1,1,1,6,AUTOROUTE A15,48.94482,2.28567
202000012136,16,8,2020,12,1,95,95252,1,1,1,7,AUTOROUTE A15,48.97907,2.22895
202000012137,16,8,2020,8,1,93,93053,1,1,1,6,AUTOROUTE A103,48.88476,2.47223
202000012138,15,8,2020,7,2,93,93010,1,1,1,6,AUTOROUTE A86,48.90157,2.46919
202000012139,16,8,2020,11,1,94,94073,1,1,1,7,A86 INT,48.7659411,2.3790876
202000012140,16,8,2020,8,1,75,75112,1,1,1,6,A4,48.82128,2.462015
202000012141,16,8,2020,4,3,77,77249,1,1,1,7,RN104,48.752818,2.614521
202000012142,24,12,2020,12,1,93,93006,2,3,2,6,DELESCLUSE CHARLES,48.8654659,2.4252943
202000012143,28,12,2020,10,1,93,93013,2,1,2,3,ROLLAND (RUE DU CDT),48.9327943,2.4360255
202000012144,28,12,2020,17,5,93,93005,2,1,3,4,BD ANDRE CITROEN,48.96249,2.49167
202000012145,28,12,2020,13,1,92,92050,2,3,3,6,LIBERTE AVENUE DE LA,48.8873144,2.2073967
202000012146,28,12,2020,19,5,92,92049,2,2,2,3,BARBES RUE,48.8172732,2.3288005
202000012147,27,12,2020,15,1,92,92020,2,1,3,6,PARIS AVENUE DE N°84 A FIN,48.8075493,2.294581
202000012148,28,12,2020,17,5,92,92023,2,1,2,6,FLEURY (RUE DE),48.811584,2.259724
202000012149,28,12,2020,19,5,92,92012,2,1,2,3,ANATOLE FRANCE (BOULEVARD) 5/FIN,48.8502788,2.2379681
202000012150,28,12,2020,16,1,84,84142,1,1,1,1,D31,43.951533,5.026996
202000012151,23,12,2020,7,5,95,95058,2,1,3,3,Route de Clermont,49.1548726,2.29098
202000012152,29,12,2020,18,3,68,68173,2,1,4,-1,376 B La Place,48.105671,7.192346
202000012153,28,12,2020,17,5,67,67437,2,1,1,6,6 rue du Kochersberg,48.73799,7.378671
202000012154,29,12,2020,12,1,59,59266,2,3,1,5,Rue Carnot,50.543603,2.984687
202000012155,28,12,2020,17,2,22,22239,1,1,4,3,La Louviere,48.349747,-2.100019
202000012156,28,12,2020,6,3,2B,2B354,1,1,6,1,RT  20,42.115001,9.122343
202000012157,28,12,2020,8,2,71,71010,1,3,4,2,Antully,46.9159962,4.3754446
202000012158,29,12,2020,9,1,61,61043,1,1,2,7,Les Arpents,48.352923,0.721337
202000012159,28,12,2020,16,1,61,61007,2,1,2,6,4 Rue Guillaume le Conquérant,48.809226,-0.500005
202000012160,28,12,2020,7,5,55,55089,2,1,2,6,Chemin de la Prairie,48.502233,5.701065
202000012161,29,12,2020,19,5,12,12270,2,1,8,6,Avenue Marie Curie,44.326128,3.061162
202000012162,28,12,2020,21,3,25,25256,1,1,4,1,Route départementale 437,47.21489,6.765668
202000012163,28,12,2020,8,2,72,72131,1,1,1,3,D79,47.899923,-0.028925
202000012164,29,12,2020,8,2,50,50341,2,1,2,6,Rue Paul Lecacheux,49.486573,-1.378022
202000012165,29,12,2020,9,1,16,16223,2,1,1,6,lieu dit Moulin Neuf,45.671567,0.500488
202000012166,28,12,2020,3,4,21,21249,2,1,1,6,Rue des Buttes,47.090681,5.215754
202000012167,29,12,2020,18,3,85,85217,1,1,1,6,La Faubretière,46.95483,-1.28698
202000012168,28,12,2020,14,1,37,37281,1,1,3,1,pont Charles de Gaulle,47.4055546,0.80572
202000012169,28,12,2020,11,1,06,06085,2,1,1,6,72 Chemin Saint Barthelemy,43.598947,6.985239
202000012170,28,12,2020,18,5,06,06085,2,7,9,7,2 Place des Arcades,43.587354,7.039897
202000012171,28,12,2020,16,1,13,13081,2,6,1,6,Avenue Victor Hugo,43.491748,5.229358
202000012172,28,12,2020,11,1,13,13107,2,1,1,6,les genets 606 avenue du général de GAULLE,43.434722,5.428115
202000012173,28,12,2020,17,5,67,67151,2,3,2,6,Route du Rhin,48.692566,7.890734
202000012174,29,12,2020,16,1,69,69136,2,1,1,6,Route de Lyon,45.612581,4.770373
202000012175,29,12,2020,17,5,14,14712,2,1,2,6,route d'argences,49.178951,-0.186108
202000012176,16,12,2020,18,3,27,27331,1,2,1,3,D1,49.13282,1.547747
202000012177,28,12,2020,14,1,13,13215,1,1,1,5,A7-Sens Marseille vers Lyon,43.379,5.35509
202000012178,23,12,2020,6,3,59,59414,1,1,2,6,AUTOROUTE A 21,50.380892,3.184943
202000012179,28,12,2020,3,3,91,91340,1,1,2,7,RN 104,48.60874,2.43716
202000012180,28,12,2020,15,2,78,78362,1,1,3,5,A13,48.973721,1.728959
202000012181,28,12,2020,4,4,92,92050,1,1,1,6,A86,48.8922393,2.1817995
202000012182,28,12,2020,8,1,988,98818,2,1,1,2,ROUTE DU VELODROME,-22.28932,166.44524
202000012183,27,12,2020,20,5,69,69383,2,2,1,3,FERDINAND BUISSON                   (R ),45.75128,4.8939
202000012184,26,12,2020,10,1,972,97213,1,1,1,2,AUTOROUTE A1,14.6182605,-61.0194397
202000012185,27,12,2020,15,1,69,69034,2,9,2,4,TUNNEL BELLEVUE (QUAI BELLEVUE COUVE(XX),45.78547,4.84819
202000012186,26,12,2020,17,1,971,97101,2,1,1,1,Bd René Serge NABAJOTH,16.2790005,-61.5038681
202000012187,25,12,2020,17,5,88,88413,2,1,9,6,Rue Marcel ROGE,48.28331,6.95736
202000012188,27,12,2020,20,5,83,83137,2,3,1,1,OLLIVIER (RUE EMILE),43.11937,5.94332
202000012189,26,12,2020,13,1,83,83069,2,3,1,1,LOUBES (ROUTE DES),43.110193,6.119279
202000012190,26,12,2020,11,1,78,78440,2,9,8,4,CD 14,48.979174,1.886512
202000012191,27,12,2020,12,1,77,77305,2,1,9,7,PARIS (NOUVELLE ROUTE DE),48.39342,2.94428
202000012192,27,12,2020,0,5,69,69266,2,5,1,3,GENAS    (Route de),45.7511087,4.9079275
202000012193,27,12,2020,16,2,68,68376,2,5,1,3,KELLERMANN (RUE),47.82489,7.33587
202000012194,26,12,2020,19,5,64,64102,2,3,1,6,LACHEPAILLET (RUE DES REMPARTS),43.49047,-1.479
202000012195,26,12,2020,0,3,61,61169,2,1,8,6,MINIERE (RUE DE LA),48.725691,-0.567671
202000012196,22,12,2020,19,5,61,61391,2,1,3,6,RAINETTE (RUE DE),48.755368,-0.568755
202000012197,27,12,2020,13,1,59,59599,2,1,2,2,PARIS (RUE DE),50.7194648,3.142291
202000012198,4,12,2020,9,1,59,59350,2,6,1,6,MITTERIE RUE DE LA,50.64913,2.99758
202000012199,27,12,2020,19,5,30,30189,2,4,1,1,FAITA VINCENT (RUE),43.84159,4.36719
202000012200,27,12,2020,14,1,29,29232,2,6,2,6,D785 - Rond point de Ludugris,47.9798,-4.12106
202000012201,27,12,2020,17,3,13,13073,1,1,8,1,DES TERMES (ROUTE) RD 908,43.3842768,5.556303
202000012202,27,12,2020,4,5,10,10387,2,1,1,6,MAJOR GENERAL VANIER (AVENUE),48.304,4.0717
202000012203,27,12,2020,12,1,05,05023,2,1,8,6,CHABAS (ROUTE DU),44.90728,6.62326
202000012204,27,12,2020,5,5,01,01283,2,1,8,3,FRANCE (RUE A. DU 151-162 ET 173-188),46.2592344,5.6573743
202000012205,26,12,2020,20,3,75,75115,2,1,1,2,BOULEVARD DE GRENELLE,48.84912,2.297316
202000012206,26,12,2020,23,5,75,75115,2,2,1,6,RUE DE LA CONVENTION,48.844133,2.281244
202000012207,27,12,2020,14,1,93,93066,2,9,3,6,STADE DE FRANCE (AVENUE DU),48.9190154,2.3617575
202000012208,27,12,2020,0,5,93,93008,2,3,1,6,BARBUSSE (AVENUE HENRI) A30,48.90618,2.42301
202000012209,27,12,2020,15,1,92,92049,2,1,3,3,PERI RUE GABRIEL N°1 A 35,48.8178224,2.323586
202000012210,27,12,2020,21,3,11,11413,1,1,1,6,route départementale 118,43.341367,2.288541