Num_Acc,jour,mois,an,hr,condition_eclairage,departement,commune,condition_agglomeration,intersection,condition_atmosphere,type_collision,adresse,lattitude,longitude
202000012211,28,12,2020,12,1,2A,2A272,1,1,2,6,RT40 a madunina,41.6428397,8.9573143
202000012212,27,12,2020,18,5,974,97416,2,9,1,3,BANK (BOULEVARD),-21.33136,55.47706
202000012213,15,12,2020,15,1,34,34217,1,1,3,1,D17,43.707097,3.867831
202000012214,28,12,2020,12,1,83,83067,2,1,1,1,Route de Pignans,43.318063,6.282833
202000012215,25,12,2020,18,3,78,78505,1,1,8,6,Rue du Bois de Prunay,48.858631,1.672223
202000012216,27,12,2020,10,1,71,71543,2,1,8,7,Lieu Dit la Croix Leonard,46.5708211,4.8801653
202000012217,27,12,2020,20,3,61,61140,1,1,2,6,La Boe,48.716008,0.661921
202000012218,26,12,2020,17,5,49,49248,2,1,2,1,"5, Rue d'Anjou - Bel'air de Combrée (Combrée)",47.709852,-0.983893
202000012219,19,12,2020,15,2,03,03036,2,3,2,7,11 Rue de la Paroisse,46.5841064,3.0573821
202000012220,24,12,2020,4,3,70,70566,1,1,1,7,D6,47.712429,6.071883
202000012221,27,12,2020,11,1,58,58095,2,7,1,6,Église Saint-Aré (Lieu de culte),46.827733,3.460919
202000012222,6,12,2020,12,1,72,72039,1,1,2,7,"Départementale 7, PK4",48.183888,0.452992
202000012223,28,12,2020,10,1,18,18012,1,1,8,6,D45,47.131692,3.005508
202000012224,27,12,2020,19,3,07,07199,1,1,2,6,Chamandre,44.5012988,4.2382496
202000012225,27,12,2020,18,3,21,21112,1,1,6,6,D996,47.0777829,5.1030711
202000012226,26,12,2020,19,3,88,88445,1,1,2,5,D415,48.258034,6.961802
202000012227,28,12,2020,8,2,95,95678,1,1,2,3,RN 184,49.072994,2.24134
202000012228,28,12,2020,10,1,33,33095,1,1,4,4,A65 PK 28.100,44.304143,-0.229654
202000012229,28,12,2020,9,1,17,17053,1,1,4,5,A837,45.8964,-0.753937
202000012230,27,12,2020,18,5,95,95371,2,1,2,6,rue gabriel peri,49.078604,2.49917
202000012231,28,12,2020,20,3,988,98808,1,1,3,6,Tribu de Nekoue,-21.252006,165.605106
202000012232,28,12,2020,5,5,38,38449,1,2,1,3,Boulevard de Tharabie,45.647637,5.101712
202000012233,17,12,2020,18,5,38,38557,2,1,2,6,Rue des Chênes,45.795103,5.114388
202000012234,28,12,2020,20,3,44,44047,1,1,1,6,N444,47.246869,-1.674806
202000012235,27,12,2020,19,3,56,56114,1,1,3,6,Kervic,47.30723,-3.119559
202000012236,28,12,2020,11,1,60,60589,2,3,1,1,rue de valmy,49.233832,2.467021
202000012237,27,12,2020,10,1,62,62887,1,1,6,7,A16,50.582242,1.640911
202000012238,27,12,2020,2,3,13,13106,1,1,1,6,A7-Sens Lyon vers Marseille,43.39024,5.35096
202000012239,27,12,2020,8,1,69,69388,1,1,1,6,RD383   11.460 A 11.750,45.7255,4.8963
202000012240,27,12,2020,20,3,94,94003,1,1,2,4,AUTOROUTE A6A,48.79899,2.34258
202000012241,27,12,2020,16,2,92,92002,1,1,3,4,AUTOROUTE A10,48.7323752,2.3113473
202000012242,27,12,2020,13,1,91,91340,1,1,3,6,RN 104,48.60899,2.43422
202000012243,27,12,2020,20,5,92,92012,1,1,2,6,A13,48.8484534,2.2296326
202000012244,27,12,2020,17,4,78,78672,1,1,2,2,A13,48.928946,1.987624
202000012245,27,12,2020,21,3,95,95042,1,1,2,6,RN 104,49.05686,2.28811
202000012246,27,12,2020,20,4,93,93039,1,1,1,3,AUTOROUTE A86,48.92747,2.33356
202000012247,26,12,2020,20,3,95,95028,1,1,1,3,RN 104,49.06032,2.35629
202000012248,26,12,2020,17,3,92,92036,1,1,1,5,AUTOROUTE A86,48.939,2.30676
202000012249,26,12,2020,17,5,60,60138,1,1,1,6,,49.21513,2.62659
202000012250,24,12,2020,6,1,988,98818,2,6,1,6,AVENUE JAMES COOK/ACCES PARKING LYCEE JULES GARNIER,-22.26752,166.42129
202000012251,26,12,2020,7,1,976,97611,2,1,1,6,kaweni-Archipel (avenue de l'),-12.7737404,45.2247986
202000012252,26,12,2020,14,1,974,97416,1,1,1,6,LIGNE DES BAMBOUS(ROUTE),-21.3041,55.49603
202000012253,26,12,2020,17,1,973,97302,2,1,1,3,MERE THERESA (rue),4.92335,-52.31251
202000012254,26,12,2020,15,1,973,97302,2,3,1,1,TROUBIRAN (CHEMIN DE),4.9152105,-52.3106884
202000012255,26,12,2020,16,1,69,69259,2,3,1,6,PROFESSEUR ROUX (DU)                (R ),45.72271,4.85868
202000012256,26,12,2020,13,1,972,97209,2,3,1,5,GENERAL DE GAULLE (BLD DU),14.60783,-61.06885
202000012257,19,10,2020,9,1,971,97120,2,9,1,-1,FAIDHERBE (BOULEVARD),16.24069,-61.53374
202000012258,26,12,2020,12,1,95,95277,2,2,1,5,RAMBERT RAYMOND (AVENUE),48.9843197,2.4403113
202000012259,15,12,2020,17,2,95,95218,2,1,1,6,ROGER GUICHARD (AVENUE),49.0273034,2.0978456
202000012260,26,12,2020,15,1,91,91549,2,9,1,2,ROND POINT CD 117,48.62546,2.33788
202000012261,26,12,2020,18,5,91,91114,2,3,8,2,RTE DE BRIE,48.70726,2.52392
202000012262,26,12,2020,16,1,64,64445,2,1,1,3,CONDOM DE,43.3221,-0.34437
202000012263,26,12,2020,22,5,64,64102,2,2,1,1,AVRIL (AVENUE DU 14),43.503545,-1.467195
202000012264,26,12,2020,10,1,59,59279,2,2,1,3,NOLLET (RUE MARTHE),50.782096,3.123471
202000012265,26,12,2020,15,1,54,54395,2,1,1,6,ADAM  (RUE SIGISBERT),48.70011,6.18395
202000012266,25,12,2020,21,5,47,47323,2,5,1,1,MYRE MORY (AVENUE),44.412953,0.720731
202000012267,10,12,2020,19,5,42,42275,2,1,2,6,Route de l’Etrat,45.4717064,4.383448
202000012268,13,11,2020,6,5,42,42218,2,2,1,3,Rue Amouroux,45.41391,4.39783
202000012269,26,12,2020,14,1,33,33063,2,3,1,4,BD ALFRED DANEY,44.86794,-0.57088
202000012270,26,12,2020,11,1,29,29232,2,1,1,6,Parking Leclerc - Route de Brest,48.01535,-4.08051
202000012271,26,12,2020,16,1,28,28134,2,1,1,6,CHEMIN VERT (RUE DU),48.7399,1.3827
202000012272,26,12,2020,16,1,13,13211,2,1,1,3,PEINTRES ROUX (avenue),43.3054,5.4705
202000012273,26,12,2020,9,1,06,06069,2,1,1,3,PASTEUR (BOULEVARD),43.656988,6.913943
202000012274,24,12,2020,13,1,75,75116,2,1,2,3,PORTE MAILLOT,48.873578,2.275295
202000012275,26,12,2020,22,5,75,75119,2,1,1,6,BOULEVARD SERURIER,48.892605,2.394834
202000012276,26,12,2020,21,5,75,75117,2,2,1,2,AVENUE DE LA GRANDE ARMEE,48.874423,2.292993
202000012277,25,12,2020,12,1,75,75116,2,1,8,6,QUAI LOUIS BLERIOT,48.844933,2.272293
202000012278,26,12,2020,11,1,75,75111,2,3,1,2,RUE DE CHARONNE,48.855934,2.39235
202000012279,26,12,2020,18,5,75,75101,2,3,1,2,RUE MONTMARTRE,48.864135,2.34547
202000012280,26,12,2020,21,5,94,94078,2,1,1,3,DIDEROT (R),48.736773,2.448072
202000012281,26,12,2020,17,5,94,94068,2,1,1,7,PERDRIX (AV DES),48.7876,2.49708
202000012282,2,12,2020,9,2,94,94052,2,1,1,6,PAUL BERT (R),48.8397,2.48159
202000012283,26,12,2020,3,5,94,94046,2,1,1,7,CONCORDE (R DE LA),48.81193,2.44761
202000012284,25,12,2020,22,5,94,94003,2,1,1,6,PAUL VAILLANT COUTURIER (AV),48.8001,2.34263
202000012285,26,12,2020,23,5,94,94073,2,1,1,7,ALOUETTES (R DES),48.752277,2.370338
202000012286,26,12,2020,15,1,94,94028,2,1,1,6,Rue de la Basse Quinte,48.77434,2.443111
202000012287,26,12,2020,16,1,94,94002,2,1,8,-1,ETIENNE DOLET (R),48.790207,2.42575
202000012288,26,12,2020,19,5,93,93029,2,1,1,2,AUGUSTE BLANQUI,48.9203217,2.4576938
202000012289,26,12,2020,18,5,93,93057,2,1,1,6,BRIAND (AV. ARISTIDE) 2 A 132,48.909782,2.5066038
202000012290,26,12,2020,20,5,92,92020,2,1,1,1,PARIS AVENUE DE N° IMPAIRS,48.8057009,2.2913073
202000012291,27,12,2020,20,3,33,33352,1,1,3,1,D9e1,44.577599,-0.075595
202000012292,23,12,2020,17,3,34,34199,1,1,1,2,A75,43.445341,3.422522
202000012293,26,12,2020,13,1,49,49180,1,1,1,6,,47.371559,-0.158186
202000012294,26,12,2020,18,5,34,34119,2,1,1,7,Place Etienne Pascal,43.593897,3.11412
202000012295,26,12,2020,13,1,44,44150,2,1,1,3,5 Route de la Garotterie,47.127055,-1.629073
202000012296,25,12,2020,12,1,03,03036,1,1,1,6,Route de Bourbon ,46.5946546,3.0970122
202000012297,26,12,2020,16,1,64,64161,1,2,1,3,Avenue des Pyrénées,43.509417,-1.11176
202000012298,26,12,2020,18,5,10,10114,2,9,8,4,45 Rue de Faverolles,48.516686,3.647386
202000012299,27,12,2020,17,3,36,36088,2,1,6,6,21 Avenue du Colombier,46.947474,2.007053
202000012300,26,12,2020,11,1,27,27263,1,2,1,3,25 Route du Château,49.399906,0.536884
202000012301,15,12,2020,18,3,17,17397,2,1,8,6,Route de Saintes,45.87317,-0.674903
202000012302,26,12,2020,20,5,37,37156,2,1,1,1,Avenue Paul-louis Courier,47.3794311,0.8223888
202000012303,26,12,2020,19,3,02,02211,1,1,2,4,a26 pk 243+200,49.421164,3.931389
202000012304,26,12,2020,13,1,40,40075,1,1,1,2,A63,43.85251,-1.169186
202000012305,25,12,2020,15,1,987,98745,1,1,1,7,PK 4.300 HIPU,-16.630833,-151.504028
202000012306,27,12,2020,19,3,60,60494,1,1,2,7,D922,49.1043697,2.5691314
202000012307,27,12,2020,16,2,28,28169,1,1,2,2,A10,48.439337,1.906729
202000012308,26,12,2020,21,5,987,98747,1,1,2,6,PK 6 à PUEU,-17.751545,-149.240354
202000012309,18,12,2020,5,3,973,97304,1,1,1,3,RN1 - PK 44 + 800,5.096587,-52.617474
202000012310,27,12,2020,6,1,978,97801,1,1,1,7,N7 route de bellevue,18.051704,-63.086028
202000012311,27,12,2020,11,1,971,97131,2,1,1,6,Rue du Fort Napoleon,15.873641,-61.582248
202000012312,26,12,2020,21,3,66,66190,1,1,1,6,RD 11,42.816433,2.929101
202000012313,22,12,2020,14,1,52,52269,2,2,2,6,2 Rue Diderot,47.861844,5.333854
202000012314,26,12,2020,18,3,03,03298,1,1,1,5,D46,46.3233309,3.3682227
202000012315,23,12,2020,7,3,69,69009,1,1,1,3,D39,45.944188,4.727616
202000012316,21,12,2020,17,5,69,69191,2,9,2,6,Route du mont Cindre,45.8191636,4.8223924
202000012317,4,12,2020,16,2,19,19085,1,1,2,1,LA CROIX D'ASSOU,45.3124979,1.8294668
202000012318,4,12,2020,11,1,49,49278,2,1,1,6,Avenue du Commerce,47.423758,-0.557653
202000012319,27,12,2020,10,1,22,22149,1,1,2,6,Lieu dit Kerveno,48.291157,-2.917184
202000012320,26,12,2020,20,5,02,02381,2,3,2,3,50 avenue de Verdun,49.91525,4.090908
202000012321,26,12,2020,16,1,13,13055,1,1,1,6,A507 sens Marseille - Aubagne,43.33014,5.39076
202000012322,25,12,2020,5,3,13,13026,1,1,1,5,A55-Sens Marseille vers Martigues,43.40215,5.10616
202000012323,26,12,2020,1,3,33,33448,1,1,1,6,AUTOROUTE A 62,44.710116,-0.513391
202000012324,26,12,2020,10,1,91,91228,1,1,1,2,RN 104,48.6164,2.4284
202000012325,25,12,2020,1,3,78,78646,1,1,1,6,RN12,48.793506,2.077518
202000012326,25,12,2020,22,3,95,95018,1,1,1,2, A15,48.9582402,2.2746366
202000012327,25,12,2020,4,5,973,97302,1,1,2,7,ROUTE NATIONALE 1,4.9143657,-52.3292921
202000012328,16,12,2020,19,5,69,69387,2,1,1,-1,GAMBETTA                            (CO),45.75082,4.85907
202000012329,25,12,2020,5,3,972,97213,1,1,1,7,ROUTE DEPARTEMENTALE 3,14.6372,-60.9917
202000012330,24,12,2020,12,1,972,97213,1,1,1,7,ACAJOU PROLONGEE,14.6195,-61.0205
202000012331,25,12,2020,15,1,69,69385,2,1,2,6,CHOULANS (DE)                       (CH),45.75437,4.81781
202000012332,25,12,2020,14,1,2A,2A004,2,1,1,-1,Rue Colonel Colonna d'Istria,41.93406,8.74087
202000012333,20,11,2020,16,1,93,93027,1,1,1,3,AUTOROUTE A1,48.9375053,2.41176
202000012334,26,8,2020,7,1,13,13212,2,1,1,6,FERNAND NEGRO (BOULEVARD),43.31314,5.40957
202000012335,15,5,2020,20,1,33,33085,1,1,1,1,RD 10,44.762466,-0.495651
202000012336,20,11,2020,17,1,976,97611,2,6,1,3,cavani-Rond point du Stade,-12.7818873,45.2214196
202000012337,20,11,2020,16,1,976,97611,1,1,1,3,m'tsapere-Nationale 2 (route),-12.785126,45.2273709
202000012338,20,11,2020,9,1,976,97611,2,1,1,1,vahibe-Departementale 3 ( route ),-12.79079,45.1801
202000012339,21,10,2020,10,1,976,97611,2,1,1,6,convalescence/vetivers-Seize Villas ( ru,-12.77967,45.22786
202000012340,19,11,2020,10,1,974,97416,2,1,1,5,Route Nationale 2,-21.35198,55.50779
202000012341,20,11,2020,19,2,974,97411,2,1,1,2,JAURES (BLD 1 JEAN),-20.89532,55.47287
202000012342,20,11,2020,12,1,974,97411,2,2,1,3,MARIE (RUE SAINTE),-20.882512,55.45531
202000012343,19,11,2020,12,1,974,97411,2,1,1,4,JAURES (BLD 1 JEAN),-20.88888,55.45003
202000012344,19,11,2020,7,1,974,97411,2,1,1,3,JAURES (BLD 1 JEAN),-20.888806,55.449282
202000012345,20,11,2020,19,5,973,97302,2,3,8,3,TIGRE (ROUTE DU),4.91514,-52.31069
202000012346,17,11,2020,6,2,973,97302,2,3,8,3,MONTABO (ROUTE DE) 1,4.9297641,-52.2903791
202000012347,20,11,2020,16,1,973,97302,2,3,1,3,MONTABO (ROUTE DE) 2,4.93666,-52.29695
202000012348,20,11,2020,23,4,69,69387,2,2,1,7,UNIVERSITE (DE L')                  (R ),45.75182,4.83713
202000012349,20,11,2020,18,5,69,69387,2,1,1,2,JEAN JAURES                         (AV),45.7396709,4.8385738
202000012350,20,11,2020,15,1,69,69383,2,1,1,5,WILSON                              (PT),45.76006,4.83989
202000012351,20,11,2020,16,2,69,69386,2,1,1,4,DUQUESNE                            (R ),45.7728795,4.8476375
202000012352,19,11,2020,20,5,69,69386,2,2,2,3,VAUBAN                              (R ),45.76517,4.84674
202000012353,20,11,2020,19,5,972,97209,1,1,1,6,SOLEIL LEVANT (BOULEVARD DU),14.62008,-61.03893
202000012354,19,11,2020,17,1,972,97209,2,1,2,3,MOUTTE (ROUTE DE),14.6181,-61.0569
202000012355,19,11,2020,15,1,972,97209,1,3,1,3,RAVINE VILAINE (CHEMIN DEPARTEMENTAL DE),14.63074,-61.06007
202000012356,19,11,2020,7,1,972,97209,1,1,1,2,SOLEIL LEVANT (BOULEVARD DU),14.62079,-61.03888
202000012357,18,11,2020,5,4,972,97209,1,1,8,6,SOLEIL LEVANT (BOULEVARD DU),14.6251,-61.03903
202000012358,20,11,2020,13,1,69,69389,2,3,1,3,OBSERVANCE (DE L')                  (MO),45.76928,4.81002
202000012359,20,11,2020,8,1,69,69385,2,1,2,7,SOEUR BOUVIER                       (R ),45.7504362,4.8112618
202000012360,19,11,2020,6,1,971,97113,1,1,2,2,Chemin de la BOUAYE,16.26054,-61.49083
202000012361,20,11,2020,9,1,95,95491,2,1,1,6,STAND (RUE DU),48.9981181,2.2473123
202000012362,13,11,2020,18,3,91,91689,1,1,1,1,RD 118,48.71302,2.31421
202000012363,20,11,2020,16,1,91,91326,2,9,1,3,ESTIENNE D'ORVES (AVENUE D'),48.690799,2.380172
202000012364,20,11,2020,15,1,91,91589,2,1,1,6,RUE CHARLES ROSSIGNOL,48.67567,2.35545
202000012365,27,10,2020,13,1,89,89342,1,1,1,2,D606,48.23671,3.25897
202000012366,20,11,2020,11,1,87,87085,2,1,1,6,GARIBALDI (AVENUE),45.83894,1.25828
202000012367,19,11,2020,15,1,87,87114,2,1,1,6,QUINTAINE (DE LA),45.84144,1.31253
202000012368,17,11,2020,7,5,87,87085,2,1,1,2,DUMONT (RUE HENRI),45.82678,1.27111
202000012369,20,11,2020,8,1,86,86194,2,2,1,6,Boulevard Chasseigne,46.590413,0.343591
202000012370,20,11,2020,10,1,83,83069,2,1,1,6,RENAUDEL (AVENUE PIERRE),43.108453,6.126431
202000012371,19,11,2020,14,1,80,80021,2,1,3,4,SAINT FUSCIEN (RUE),49.8666,2.30829
202000012372,19,11,2020,20,5,78,78640,2,1,1,6,SADI LECOINTE (AVENUE),48.7832,2.18208
202000012373,19,11,2020,11,1,78,78322,2,1,1,6,Rue du Pont Colbert,48.78754,2.1505
202000012374,17,11,2020,14,1,77,77305,2,2,1,2,LAGRANGE (RUE LEO),48.379597,2.946368
202000012375,12,10,2020,19,2,73,73222,2,1,1,3,CHAMBERY (AVENUE DE),45.57358,5.954221
202000012376,20,11,2020,13,1,71,71486,2,1,1,3,VERDUN (BOULEVARD DE),46.6494902,4.3191075
202000012377,19,11,2020,17,5,67,67447,2,1,1,1,HAUSBERGEN (ROUTE DE),48.60673,7.72696
202000012378,18,11,2020,10,1,66,66136,2,4,1,3,SALANQUE (AVENUE DE),42.72448,2.89102
202000012379,17,11,2020,18,2,66,66136,2,2,1,3,POUDRIERE (CHEMIN DE LA),42.71894,2.89528
202000012380,20,11,2020,17,1,64,64129,2,2,1,3,BAYONNE DE,43.30216,-0.3963
202000012381,20,11,2020,9,1,64,64445,2,6,1,3,ALSACE LORRAINE D',43.30431,-0.36701
202000012382,19,11,2020,15,1,64,64335,2,1,2,2,EUROPE DE L',43.31771,-0.42907
202000012383,19,11,2020,13,1,64,64102,2,9,2,7,INTERNE JACQUES LOEB (AVENUE DE L'),43.50308,-1.47656
202000012384,20,11,2020,19,5,59,59599,2,3,1,5,YSER (RUE DE L'),50.746414,3.176986
202000012385,19,11,2020,12,1,59,59569,2,1,1,7,MONTREAL (RUE DE),50.35521,3.10945
202000012386,19,11,2020,15,1,56,56162,2,1,1,6,SAINT BIEUZY (RUE DE),47.73464,-3.42988
202000012387,20,11,2020,18,5,54,54547,2,1,1,4, RD92A,48.6510995,6.1418737
202000012388,19,11,2020,14,1,54,54395,2,1,1,3,CRISTALLERIES (RUE DES),48.6977831,6.1992651
202000012389,20,11,2020,16,1,51,51454,2,9,1,7,Boulevard Louis Roederer,49.2553658,4.0209591
202000012390,11,10,2020,14,1,44,44055,2,1,1,2,DARLU ( BOULEVARD ),47.28184,-2.39632
202000012391,20,11,2020,16,1,43,43089,2,1,1,1,11 Avenue de l’’Hermitage,45.0516821,3.8697136
202000012392,20,11,2020,13,1,42,42316,2,1,2,6,Rue Elisée Reclus,45.393796,4.2773451
202000012393,20,11,2020,15,1,41,41295,2,1,1,1,Louis BRAILLE (Rue),47.57599,1.37109
202000012394,20,11,2020,17,1,37,37233,2,3,1,3,DUCLOS (AVENUE JACQUES),47.3811001,0.7353377
202000012395,20,11,2020,8,1,37,37261,2,1,1,3,GANCE (BOULEVARD ABEL),47.4204669,0.7165592
202000012396,20,11,2020,8,1,35,35238,2,1,8,3,COLOMBIER (BD DU),48.1033,-1.67739
202000012397,20,11,2020,13,1,29,29232,2,6,8,3,Rond Point du Seminaire,47.99197,-4.11899
202000012398,20,11,2020,6,5,25,25462,2,1,2,2,ARMEE DE L'EST (AVENUE DE L'),46.89287,6.36491
202000012399,20,11,2020,11,1,24,24145,1,9,1,3,SAINT-ALVERE ( ROUTE DE),44.86525,0.55304
202000012400,18,11,2020,8,1,22,22360,1,1,1,4,GUERNEAU (RUE DU),48.47821,-2.7679
202000012401,18,11,2020,9,1,22,22113,2,1,1,7,GENERAL DE GAULLE (AVENUE DU),48.72924,-3.46013
202000012402,19,11,2020,17,2,21,21231,2,1,1,2,17 Boulevard Pascal,47.33723,5.05418
202000012403,20,11,2020,17,2,17,17291,1,6,1,-1,SATURNE   RUE,46.17339,-1.1112
202000012404,19,11,2020,9,1,17,17300,2,6,7,1,DOCTEUR DANIEL PLANET,46.14791,-1.15046
202000012405,17,11,2020,6,2,14,14366,1,1,1,2,D.613 ( LISIEUX),49.14211,0.26062
202000012406,20,11,2020,8,1,13,13102,2,3,1,3,RAUMARTIN (AV DU ),43.40963,5.25479
202000012407,20,11,2020,15,1,13,13210,2,4,1,3,RABATAU (BOULEVARD),43.2793231,5.3992596
202000012408,20,11,2020,13,1,13,13213,2,3,1,1,CHATEAU GOMBERT CHEMIN,43.33507,5.42065
202000012409,20,11,2020,4,5,13,13210,2,9,6,1,MAURIAC (RUE),43.27146,5.42201
202000012410,18,11,2020,19,3,11,11069,2,1,1,3,ROCADE SUD RD 6161,43.2042,2.387
202000012411,19,11,2020,12,1,10,10387,2,1,1,2,MAJOR GENERAL VANIER (AVENUE),48.30176,4.0744
202000012412,20,11,2020,16,2,06,06088,2,1,1,1,MERCANTOUR (BD),43.67,7.2
202000012413,20,11,2020,17,3,06,06069,2,1,1,6,PEGOMAS (ROUTE DE),43.6245857,6.9274296
202000012414,20,11,2020,7,1,06,06069,1,1,1,7,NAPOLEON (ROUTE),43.6704816,6.910395
202000012415,20,11,2020,11,1,06,06004,2,4,1,3,GRASSE RTE DE,43.59474,7.09277
202000012416,20,11,2020,8,1,75,75105,2,1,1,6,PONT DE SULLY,48.8497218,2.3578093
202000012417,20,11,2020,6,2,75,75120,2,2,1,3,RUE DE BAGNOLET,48.859145,2.402127
202000012418,20,11,2020,8,1,75,75119,2,3,1,7,RUE PRADIER,48.876919,2.383031
202000012419,20,11,2020,1,5,75,75119,2,1,2,6,RUE BURNOUF,48.875621,2.373917
202000012420,19,11,2020,20,5,75,75119,2,7,2,6,RUE DU CHEMIN DE FER,48.899766,2.388016
202000012421,20,11,2020,14,1,75,75110,2,3,1,1,RUE LOUIS BLANC,48.880112,2.367042
202000012422,20,11,2020,20,5,75,75117,2,2,1,3,BOULEVARD DES BATIGNOLLES,48.882213,2.32034
202000012423,20,11,2020,18,5,75,75117,2,4,1,3,RUE DE PONT A MOUSSON,48.898135,2.324026
202000012424,20,11,2020,16,1,75,75117,2,3,1,3,BOULEVARD MALESHERBES,48.886684,2.305425
202000012425,20,11,2020,13,1,75,75117,2,2,1,7,AVENUE STEPHANE MALLARME,48.887544,2.294723
202000012426,20,11,2020,8,1,75,75117,2,2,1,2,BOULEVARD MALESHERBES,48.882593,2.310428
202000012427,20,11,2020,16,1,75,75114,2,4,1,3,AVENUE DE LA PORTE DE CHATILLON,48.823854,2.317714
202000012428,20,11,2020,17,2,75,75111,2,2,1,3,RUE DU CHEMIN VERT,48.859747,2.376845
202000012429,20,11,2020,12,1,75,75110,2,2,1,6,RUE DU FAUBOURG SAINT MARTIN,48.8811,2.365148
202000012430,20,11,2020,6,5,75,75109,2,3,1,2,BOULEVARD DE ROCHECHOUART,48.88232,2.341995
202000012431,19,11,2020,23,5,75,75109,2,7,2,6,PLACE D ESTIENNE D ORVES,48.876694,2.332292
202000012432,20,11,2020,9,1,75,75108,2,1,1,2,SOUTERRAIN CONCORDE,48.864482,2.319586
202000012433,20,11,2020,8,1,75,75104,2,1,1,6,QUAI DE L HOTEL DE VILLE,48.854714,2.354076
202000012434,19,11,2020,17,5,94,94078,2,1,1,3,Rue de Paris,48.7359,2.4468
202000012435,20,11,2020,16,1,94,94016,2,1,1,7,VIGNES (R DES),48.79248,2.34008
202000012436,19,11,2020,15,1,94,94011,2,9,1,3,BOISSY.(AVENUE DE),48.764,2.493
202000012437,19,11,2020,11,1,94,94028,2,1,1,1,PARIS.(RUE DE),48.7943,2.4604
202000012438,20,11,2020,12,1,93,93078,2,1,1,6,CHARLEMAGNE (AVENUE),48.9567,2.551
202000012439,20,11,2020,18,5,93,93070,1,1,1,6,DOCTEUR BAUER(RUE DU) :N°  75 AU 129,48.90779,2.34084
202000012440,20,11,2020,16,1,93,93049,2,1,1,3,MARECHAL FOCH (AVENUE) F.BUISSON->PL J.M,48.8607048,2.5101684
202000012441,19,11,2020,17,1,93,93006,2,4,2,3,PASTEUR AV.,48.87616,2.42019
202000012442,19,11,2020,8,1,93,93029,2,1,1,6,R ANATOLE FRANCE,48.92638,2.45005
202000012443,18,11,2020,17,2,93,93001,2,2,1,6,COMMANDANT L'HERMINIER (RUE DU),48.9173873,2.3867509
202000012444,20,11,2020,16,1,92,92033,2,1,1,6,SUISSES,48.8533844,2.1964234
202000012445,20,11,2020,14,1,92,92076,2,1,1,3,PUITS,48.842966,2.147639
202000012446,20,11,2020,15,1,92,92050,2,2,1,3,VAILLANT COUTURIER PAUL RUE,48.8823589,2.2045515
202000012447,18,11,2020,9,1,92,92050,2,1,7,4,QUENTIN JULES AVENUE,48.8970786,2.1870801
202000012448,20,11,2020,14,1,92,92025,2,1,1,1,MARECHAL JOFFRE (RUE DU),48.921592,2.257817
202000012449,19,11,2020,10,1,92,92025,2,1,1,2,PAUL BERT (RUE),48.9308501,2.2447883
202000012450,19,11,2020,16,1,92,92025,2,1,1,6,PAUL BERT (RUE),48.930086,2.245685
202000012451,13,11,2020,7,2,75,75117,2,1,1,3,BOULEVARD DE DOUAUMONT,48.895053,2.305876
202000012452,20,11,2020,10,1,92,92012,2,1,1,2,JEAN JAURES (BOULEVARD) 1/61 - COTE IMPA,48.8409236,2.2393541
202000012453,20,11,2020,17,5,92,92002,2,1,1,6,BOIS DE VERRIERES (AVENUE DU),48.7576161,2.2778168
202000012454,31,10,2020,7,2,74,74243,1,4,5,6,A40,46.135181,6.107862
202000012455,21,11,2020,15,1,33,33154,1,3,7,1,D674,45.115071,-0.010917
202000012456,9,11,2020,11,1,31,31044,2,1,1,6,30 Avenue de Flourens,43.595864,1.507553
202000012457,20,11,2020,12,1,68,68026,1,3,1,3,D4 PK 0+800,48.141132,7.335305
202000012458,21,11,2020,12,1,80,80677,2,3,7,3,Rue de Cambrai,49.951537,3.103616
202000012459,21,11,2020,7,3,49,49089,2,1,1,6,Rue du Prieuré,47.614774,-0.89066
202000012460,19,11,2020,17,3,41,41185,1,3,1,1,D724,47.322436,1.685237
202000012461,17,11,2020,14,1,44,44036,2,1,1,1,rue du 08 mai 1945,47.709105,-1.381681
202000012462,20,11,2020,16,1,35,35112,1,1,8,6,D806,48.381951,-1.107624
202000012463,20,11,2020,18,5,29,29158,2,1,1,6,D53 - Rue Pierre Sémard,47.816224,-4.370971
202000012464,20,11,2020,21,3,31,31425,1,1,1,6,Route de Cazeres,43.171358,1.115656
202000012465,20,11,2020,16,2,02,02827,1,1,1,3,N2,49.702113,3.716726
202000012466,20,11,2020,22,3,03,03080,1,1,1,6,D2209,46.1053098,3.2727794
202000012467,21,11,2020,16,1,03,03275,1,1,7,1,D945,46.5402295,3.2184414
202000012468,21,11,2020,5,5,70,70459,2,1,1,6,Rue de l'Eglise,47.750538,6.585987
202000012469,5,11,2020,15,1,58,58247,1,2,1,3,Intersection D26 - D958,47.021169,3.326111
202000012470,20,11,2020,12,1,45,45098,2,1,1,6,173 Rue du Maréchal Foch,47.822744,1.758147
202000012471,20,11,2020,16,1,85,85224,2,6,1,3,ROUTE DE LA VENDEE,46.996529,-1.327887