Num_Acc,jour,mois,an,hr,condition_eclairage,departement,commune,condition_agglomeration,intersection,condition_atmosphere,type_collision,adresse,lattitude,longitude
202000012472,20,11,2020,16,1,85,85213,2,2,1,3,rue du stade,46.590929,-1.314704
202000012473,20,11,2020,18,5,28,28391,1,2,1,1,RD 2020,48.188226,1.927288
202000012474,20,11,2020,13,1,62,62384,1,1,1,2,Autoroute A2 - PK 022+000,50.134939,3.113294
202000012475,21,11,2020,22,3,988,98808,1,1,1,7,RT3/DONEVA/HOUAILOU,-21.291094,165.595518
202000012476,21,11,2020,7,1,988,98804,1,1,1,7,tribu de Nakety/RPN3,-21.548873,166.043308
202000012477,20,11,2020,11,1,971,97134,2,2,1,6,Boulevard Maurice Hatchi,16.059923,-61.764117
202000012478,20,11,2020,23,3,77,77415,1,2,1,3,D603,48.951268,3.037033
202000012479,30,10,2020,14,1,65,65168,2,1,1,6,12 Route de Vizos,42.876495,-0.000439
202000012480,20,11,2020,19,5,33,33056,2,2,1,3,avenue du 11 novembre,44.930457,-0.620969
202000012481,16,11,2020,19,3,29,29169,1,1,1,1,C4 - Route de Landrévarzec,48.0929,-4.131889
202000012482,20,11,2020,23,3,35,35240,1,2,1,3,La Brosse,48.102416,-1.831734
202000012483,21,11,2020,17,3,60,60141,1,6,1,6,D 924 A,49.1667561,2.5085961
202000012484,17,11,2020,12,1,13,13055,1,1,1,2,A507 sens Aubagne- Marseille,43.32252,5.422955
202000012485,19,11,2020,19,3,83,83137,1,1,1,6,A57,43.12132,5.95331
202000012486,18,11,2020,19,5,69,69034,1,1,1,2,BPNL   37.781 A 41.124,45.79038,4.84533
202000012487,19,11,2020,9,1,92,92063,1,1,1,6,A86,48.8727535,2.1567589
202000012488,20,11,2020,18,5,94,94069,1,1,1,2,A4,48.8173,2.4335
202000012489,20,11,2020,17,5,94,94018,1,1,1,3,A4,48.82489,2.39296
202000012490,1,8,2020,12,1,69,69266,2,2,1,3,CHATEAU GAILLARD     (Rue de),45.77368,4.88856
202000012491,7,7,2020,10,1,69,69091,2,1,1,6,VICTOR HUGO ( R ),45.5873,4.7711
202000012492,19,11,2020,17,1,988,98818,2,1,1,3,RUE JACQUES IEKAWE,-22.24743,166.46692
202000012493,19,11,2020,21,5,973,97302,2,3,1,6,MONTABO (ROUTE DE) 3,4.9362,-52.29618
202000012494,19,11,2020,11,1,973,97302,1,1,2,2,ROUTE NATIONALE 1,4.9097612,-52.324276
202000012495,19,11,2020,13,1,69,69387,2,1,1,1,GAMBETTA                            (CO),45.75459,4.84475
202000012496,19,11,2020,13,1,69,69259,2,1,1,-1,JULES GUESDE                        (AV),45.7174524,4.887832
202000012497,19,11,2020,11,1,69,69388,2,1,1,6,Rue de Narvik,45.72959,4.88456
202000012498,19,11,2020,18,3,69,69384,2,9,2,6,DENFERT ROCHEREAU                   (R ),45.7767,4.8263
202000012499,19,11,2020,15,1,69,69389,2,1,1,6,ST PIERRE DE VAISE                  (R ),45.7732838,4.8077673
202000012500,18,11,2020,8,2,69,69034,2,1,1,6,JEAN PETIT (CH),45.806017,4.8584939
202000012501,18,11,2020,13,1,971,97105,2,1,1,3,PAUL LACAVE (AVENUE ),15.99301,-61.71984
202000012502,19,11,2020,19,5,95,95288,2,1,2,6,MAURICE BERTEAUX (RUE),48.9789716,2.3509593
202000012503,11,11,2020,19,5,95,95197,2,2,1,3,HAUTE (HAUTE),48.977231,2.327443
202000012504,18,11,2020,15,1,91,91103,2,1,1,5,RUE LUCIEN BOUGET,48.61051,2.30535
202000012505,19,11,2020,12,1,91,91549,2,2,2,6,PAUL VAILLANT-COUTURIER (AVENUE),48.65276,2.31686
202000012506,19,11,2020,9,1,91,91479,1,1,1,4,RTE DE FONTAINEBLEAU,48.74,2.36
202000012507,15,11,2020,14,1,88,88413,1,1,1,6,ROUTE DE RAON,48.3084,6.92
202000012508,18,11,2020,13,1,87,87085,2,1,1,2,LE PLAY (RUE FREDERIC),45.80831,1.26401
202000012509,17,11,2020,16,1,87,87114,2,1,1,6,AURIOL (AVENUE DU PDT-VINCENT-),45.8372576,1.294951
202000012510,17,11,2020,9,1,87,87075,2,2,1,3,BAYLES (AVENUE DES),45.81333,1.22781
202000012511,16,11,2020,18,2,87,87085,2,3,1,-1,GAMBETTA (BOULEVARD),45.82857,1.25619
202000012512,19,11,2020,16,1,83,83069,2,1,1,6,OLBIA  (VOIE),43.1138202,6.1328659
202000012513,19,11,2020,16,1,79,79191,2,1,1,6,44 Rue des Petites Bouteilles,46.32433,-0.53191
202000012514,19,11,2020,22,3,78,78172,1,1,2,6,RN 184,49.01178,2.08922
202000012515,18,11,2020,12,1,68,68066,2,1,1,2,REY (AVENUE JOSEPH),48.09457,7.36423
202000012516,18,11,2020,17,1,65,65047,2,3,1,2,GUESDE (RUE JULES),43.243229,0.09672
202000012517,19,11,2020,21,3,64,64335,1,9,1,6,D816,43.35299,-0.39283
202000012518,19,11,2020,7,2,64,64445,2,3,2,1,MARCA,43.29408,-0.37718
202000012519,18,11,2020,15,1,63,63113,2,1,1,2,UNION SOVIETIQUE (AVENUE DE L'),45.77902,3.09997
202000012520,25,2,2020,14,1,58,58194,2,3,1,-1,DOCKS,46.9947,3.1484
202000012521,18,11,2020,10,1,56,56098,2,2,2,3,DE PEROS (RUE),47.76318,-3.31906
202000012522,18,11,2020,16,1,51,51058,2,2,1,3,Rue Alfred Kastler,49.2220515,3.999727
202000012523,19,11,2020,8,1,45,45235,2,3,1,6,Rue Passee a Balance - rue des varennes,47.93969,1.83726
202000012524,18,11,2020,18,4,37,37122,2,1,1,4,,47.3489896,0.6461306
202000012525,19,11,2020,20,1,34,34172,1,6,1,-1,Rond-point des Près d'Arènes,43.58923,3.89074
202000012526,19,11,2020,13,1,34,34172,2,1,1,6,CROIX CAPITAINE (AVENUE DE LA),43.603691,3.860187
202000012527,11,5,2020,16,1,87,87085,2,1,2,6,Avenue Henri Dunant,45.82445,1.24506
202000012528,3,4,2020,16,1,80,80021,2,6,1,3,ROBERT SCHUMAN (RUE),49.90747,2.30195
202000012529,20,3,2020,19,5,80,80489,2,1,2,2,VILLE IDEALE (AVENUE DE LA ),49.8679833,2.3705578
202000012530,10,5,2020,3,5,76,76351,2,1,1,6,DEMIDOFF (RUE),49.4976896,0.1369429
202000012531,11,5,2020,19,2,76,76351,2,1,1,6,BIGNE A FOSSE,49.5301585,0.115577
202000012532,7,5,2020,15,1,74,74119,2,1,1,6,JAURES (BOULEVARD JEAN),46.3995908,6.5964891
202000012533,11,5,2020,11,1,74,74010,2,2,1,3,ROCADE (BOULEVARD DE LA),45.9105502,6.1192874
202000012534,12,5,2020,5,2,69,69266,2,1,1,1,FEYSSINE     (Rue de la),45.7838305,4.8898634
202000012535,11,5,2020,18,1,65,65286,2,9,2,6,LAFITTE (RUE),43.0946,-0.04606
202000012536,12,5,2020,19,1,64,64024,2,1,1,2,BIARRITZ (AVENUE DE),43.48024,-1.52493
202000012537,11,5,2020,17,1,42,42071,2,1,1,6,Avenue de la Libération,46.025429,4.086396
202000012538,12,5,2020,5,5,37,37261,2,1,1,7,TRANCHEE (AVENUE DE LA),47.4077446,0.6816152
202000012539,7,5,2020,22,5,33,33529,2,1,2,6,67 Avenue de Bisserié,44.62189,-1.13261
202000012540,11,5,2020,19,1,06,06088,2,1,8,6,CALIFORNIE (AV.) (DU 23-25 AU 199-210),43.6897,7.2416
202000012541,12,5,2020,15,1,75,75120,2,1,1,3,AVENUE BENOIT FRACHON,48.853132,2.415512
202000012542,12,5,2020,8,1,75,75115,2,2,1,3,QUAI ANDRE CITROEN,48.84937,2.281604
202000012543,11,5,2020,3,5,75,75115,2,7,2,3,QUAI DE GRENELLE,48.849312,2.281674
202000012544,12,5,2020,14,1,75,75113,2,2,1,6,AVENUE DE FRANCE,48.830507,2.376603
202000012545,12,5,2020,21,2,75,75112,2,1,1,2,QUAI DE LA RAPEE,48.844854,2.368828
202000012546,12,5,2020,16,1,75,75111,2,1,1,3,BOULEVARD RICHARD LENOIR,48.862738,2.372356
202000012547,12,5,2020,11,1,75,75110,2,3,1,2,RUE DU BUISSON SAINT LOUIS,48.873244,2.374774
202000012548,12,5,2020,2,5,75,75110,2,1,1,6,BOULEVARD DE BONNE NOUVELLE,48.869999,2.351316
202000012549,12,5,2020,12,1,75,75101,2,2,1,3,QUAI FRANCOIS MITTERRAND,48.860116,2.333336
202000012550,1,5,2020,23,5,94,94081,2,3,1,6,ABBE ROGER DERRY (AV DE L),48.78837,2.39275
202000012551,11,5,2020,15,1,94,94068,2,1,1,7,ARISTIDE BRIAND (R),48.7957,2.4839
202000012552,10,5,2020,18,1,94,94002,2,3,1,7,PASTEUR (R),48.8132515,2.414886
202000012553,12,5,2020,18,1,93,93078,2,9,1,4,BALLANGER (BD ROBERT),48.95121,2.52607
202000012554,12,5,2020,22,5,93,93048,2,2,1,3,BD ARISTIDE BRIAND / R DIDIER DAURAT,48.8710752,2.4519687
202000012555,12,5,2020,14,1,93,93048,2,1,1,3,PRESIDENT WILSON (AVENUE DU),48.8571515,2.4399801
202000012556,12,5,2020,15,1,93,93046,2,1,1,1,AV DU CONSUL GENERAL NORDLING,48.917561,2.533972
202000012557,12,5,2020,18,1,93,93006,2,1,1,6,AV RASPAIL,48.8741,2.4322
202000012558,12,5,2020,20,2,93,93008,2,1,1,7,CARNOT (RUE),48.9066256,2.4507576
202000012559,12,5,2020,19,1,93,93008,2,1,1,3,LILLE (RUE DE),48.9091124,2.4719734
202000012560,12,5,2020,0,5,93,93001,2,9,1,6,AV JEAN JAURES,48.910879,2.399754
202000012561,10,5,2020,19,1,92,92075,2,2,1,3,JEAN BLEUZEN (RUE),48.82198,2.293802
202000012562,12,5,2020,12,1,92,92062,2,3,1,3,DE DION BOUTON (QUAI) DU 1 AU 28,48.873822,2.236142
202000012563,12,5,2020,11,1,92,92050,2,1,1,2,Avenue Henri Martin,48.8938448,2.1903375
202000012564,11,5,2020,15,1,92,92044,2,1,1,3,EDOUARD VAILLANT (RUE) 75 A 117 ET 80 A 96,48.8973574,2.287927
202000012565,12,5,2020,15,1,92,92062,2,9,1,2,Voie VALMY,48.88341,2.23894
202000012566,11,5,2020,21,5,92,92032,2,2,1,3,DOLIVET J ET M (AVENUE),48.7905963,2.2888926
202000012567,13,5,2020,13,1,54,54563,2,9,2,3,23 Rue des Sapins,48.49278,6.098828
202000012568,12,5,2020,16,1,77,77141,1,1,1,3,D406,48.850899,2.839144
202000012569,13,5,2020,7,1,83,83148,1,9,1,2,Route du Plan de la Tour,43.402122,6.445192
202000012570,13,5,2020,12,1,54,54408,1,1,1,7,A4,49.1701761,5.7552534
202000012571,12,5,2020,10,1,23,23095,2,1,1,7,15 Rue Saint-roch,46.160264,1.644462
202000012572,12,5,2020,18,1,76,76378,1,1,1,6,Route du Mesnil,49.413535,0.841849
202000012573,10,5,2020,11,1,65,65004,1,1,3,6,D821,43.03069,-0.065789
202000012574,13,5,2020,11,1,22,22183,1,1,1,1,Departementale 1,48.153311,-2.578397
202000012575,12,5,2020,15,1,35,35331,1,1,1,3,D62,48.088708,-1.91617
202000012576,11,5,2020,8,1,31,31054,1,2,3,3,L'Houm,43.35206,1.741379
202000012577,13,5,2020,16,1,70,70154,1,4,2,1,D15,47.438618,6.144539
202000012578,12,5,2020,23,3,72,72067,2,1,1,6,Le Grand Bois,48.109024,0.461606
202000012579,12,5,2020,19,1,06,06079,2,9,1,3,791 Avenue de Frejus Paul Ricard,43.533547,6.931838
202000012580,13,5,2020,11,1,06,06079,2,1,1,6,802 boulevard des ecureuils,43.545527,6.940361
202000012581,12,5,2020,7,1,14,14431,1,9,1,1,CD269A - CARROUGE - LE MESNIL MAUGER,49.0877097,0.0254142
202000012582,11,5,2020,15,1,14,14711,1,3,6,3,D29,49.308192,-0.925732
202000012583,12,5,2020,20,2,05,05123,1,1,1,6,D994,44.54604,5.994351
202000012584,13,5,2020,10,1,50,50292,2,1,1,6,1 Place Westport,49.098672,-1.242947
202000012585,13,5,2020,17,1,64,64498,1,1,2,7,Route de Lamarque,43.1620162,-0.1556495
202000012586,13,5,2020,19,1,27,27530,1,1,1,1,Lieu Dit le Village,48.922746,0.467809
202000012587,12,5,2020,15,1,30,30123,1,1,1,4,N113,43.694477,4.167718
202000012588,12,5,2020,15,1,30,30006,1,2,1,3,N113,43.694578,4.168196
202000012589,12,5,2020,15,1,67,67108,2,1,1,6,5 Avenue Jean Precheur,48.543656,7.578973
202000012590,13,5,2020,19,3,988,98821,1,1,1,1,RT1,-22.0797345,166.3131326
202000012591,13,5,2020,17,1,45,45273,1,1,1,2,D960 - PR78+600,47.8674921,2.1427536
202000012592,12,5,2020,10,1,34,34154,1,3,1,3,Chemin des Garrigues,43.619565,3.978724
202000012593,13,5,2020,7,1,05,05070,2,1,2,6,D942,44.308534,5.820651
202000012594,13,5,2020,6,2,71,71588,2,1,8,3,Route de Digoin,46.4573813,4.0960666
202000012595,12,5,2020,19,1,67,67301,2,1,1,3,Rue du General Leclerc,48.7589605,7.6388536
202000012596,12,5,2020,21,3,73,73211,1,1,1,6,D 925,45.7173754,6.4877865
202000012597,11,5,2020,18,1,26,26313,2,2,1,3,Rue du Rhone,44.979136,4.954126
202000012598,12,5,2020,17,1,24,24223,1,1,8,1,Sainte Colombe,44.866067,0.739174
202000012599,11,5,2020,23,3,35,35047,1,1,1,6,RD 177 PK  29 Sens Rennes vers Redon,48.0522026,-1.743583
202000012600,12,5,2020,7,1,62,62366,2,2,1,3,Chaussée Brunehaut,50.412063,2.585703
202000012601,13,5,2020,15,1,59,59466,2,3,1,6,70 rue nationale,50.518836,3.116008
202000012602,6,5,2020,6,1,69,69029,1,1,1,7,RD383   7.640 A 11.044,45.74925,4.90733
202000012603,11,5,2020,18,1,95,95582,1,1,1,2,AUTOROUTE A15,48.97073,2.24937
202000012604,27,2,2020,12,1,93,93077,2,1,2,6,R DU GENERAL MARBOT,48.88726,2.49696
202000012605,11,5,2020,13,1,988,98818,2,1,1,3,VELODROME (ROUTE DU),-22.29047,166.44521
202000012606,11,5,2020,8,1,974,97407,2,1,1,7,Avenue de Tamatave,-20.93034,55.30275
202000012607,11,5,2020,21,4,69,69383,2,1,2,6,MARIUS VIVIER MERLE                 (BD),45.7537,4.8595
202000012608,11,5,2020,11,1,69,69259,2,1,1,3,TACHE VELIN (DE)                    (CH),45.7144,4.8662
202000012609,10,5,2020,11,1,972,97213,2,9,1,3,BARRIERES (RUE DES),14.6159,-61.00025
202000012610,10,5,2020,7,1,2B,2B033,1,1,1,6,CAP - ROUTE DU CAP,42.71734,9.45542
202000012611,11,5,2020,13,1,971,97113,1,1,1,5,SECTION MARE-GAILLARD,16.2141801,-61.439023
202000012612,11,5,2020,21,5,95,95018,2,2,1,3,JOFFRE (AVENUE DU MARECHAL),48.957949,2.239599
202000012613,11,5,2020,10,1,91,91174,2,6,2,4,JOHN KENNEDY (BOULEVARD),48.59032,2.4773
202000012614,9,5,2020,12,1,88,88087,2,1,1,1,FORGES (RUE DES),48.17544,6.43027
202000012615,9,5,2020,18,1,87,87050,1,1,1,6,RN520 (COUZEIX),45.90022,1.22394
202000012616,11,5,2020,17,1,78,78498,1,1,1,6,PONTOISE AV DE,48.94904,2.06074
202000012617,11,5,2020,10,1,76,76217,2,1,6,6,CANADIENS (AVENUE DES)  RN27,49.9097,1.0761
202000012618,4,5,2020,11,1,72,72181,2,1,1,6,BOURIAT GUY  (RUE),47.96228,0.20001
202000012619,11,5,2020,19,1,69,69275,2,1,1,6,EUROPE (DE L')                      (AV),45.74774,4.94019
202000012620,26,2,2020,8,1,66,66136,1,1,1,2,MICHELET (BOULEVARD EDMOND),42.699869,2.879025
202000012621,6,5,2020,13,1,60,60463,2,1,1,6,PONT ROYAL (RUE DU),49.26704,2.47341
202000012622,11,5,2020,13,1,59,59599,2,3,1,3,HALLUIN (BOULEVARD D'),50.733467,3.134498
202000012623,11,5,2020,18,1,51,51454,2,2,1,3,Rue Joliot Curie,49.2230676,4.014176
202000012624,9,5,2020,16,1,49,49007,1,1,1,7,Bretelle av atlantique,47.46947,-0.59367
202000012625,11,5,2020,8,1,37,37208,2,2,3,3,CORMERY (RUE DE),47.3567802,0.7317546
202000012626,11,5,2020,19,1,33,33063,2,1,2,3,Cours Edouard Vaillant,44.86215,-0.55967
202000012627,11,5,2020,17,1,33,33529,1,8,2,3,RN250 / voie ferrée,44.61812,-1.13113
202000012628,8,5,2020,15,1,31,31555,2,1,1,6,AV DE L URSS,43.58089,1.44913
202000012629,11,5,2020,10,1,16,16089,2,1,1,5,rue de la Trâche,45.68571,-0.28892
202000012630,11,5,2020,8,1,14,14437,2,3,1,2,PASTEUR (RUE),49.17941,-0.32345
202000012631,11,5,2020,15,1,13,13117,1,1,1,6,CUGNOT ( AVENUE JOSEPH ),43.4726926,5.2342464
202000012632,11,5,2020,6,2,13,13043,2,1,2,3,MEDITERRANEE (AV DE LA ),43.3833,5.2012
202000012633,26,2,2020,8,1,75,75120,2,2,2,6,RUE DES PYRENEES,48.859158,2.402126
202000012634,11,5,2020,8,1,75,75119,2,7,2,3,PLACE DE LA PORTE DE PANTIN,48.889726,2.396671
202000012635,11,5,2020,14,1,75,75117,2,3,1,-1,RUE LEGENDRE,48.886857,2.31886
202000012636,11,5,2020,15,1,75,75116,2,1,1,2,AVENUE DE LA GRANDE ARMEE,48.874676,2.292208
202000012637,11,5,2020,15,1,75,75111,2,3,1,6,AVENUE PARMENTIER,48.863081,2.376155
202000012638,11,5,2020,11,1,75,75111,2,7,8,3,BOULEVARD VOLTAIRE,48.866728,2.365155
202000012639,11,5,2020,8,1,75,75107,2,2,6,7,AVENUE DUQUESNE,48.852683,2.308584
202000012640,11,5,2020,11,1,93,93078,2,4,6,3,REPUBLIQUE (AVENUE DE LA),48.9494,2.5572
202000012641,11,5,2020,16,1,93,93030,2,1,1,6,DEVAUX (RUE ADOLPHE),48.9516,2.4175
202000012642,11,5,2020,14,1,93,93047,2,3,1,3,R DU GENERAL DE GAULLE / R DU CHALET,48.8993448,2.5587174
202000012643,11,5,2020,18,1,93,93005,2,1,1,-1,SAINT JUST (ALLEE),48.94498,2.49664
202000012644,11,5,2020,10,1,92,92050,2,4,1,3,RASPAIL FRANCOIS-VINCENT BD,48.8985,2.2068
202000012645,11,5,2020,16,1,92,92044,2,2,1,3,VIC. HUGO(RUE)069A075 ET 080A088,48.89589,2.29651
202000012646,11,5,2020,18,1,92,92040,2,4,1,3,PDT ROOSEVELT (QUAI DU),48.8314128,2.2621174
202000012647,11,5,2020,18,1,92,92026,2,2,1,6,MARCEAU,48.898832,2.246487
202000012648,7,5,2020,15,1,92,92025,2,2,1,3,PAUL BERT (RUE),48.9273672,2.2469857
202000012649,18,4,2020,10,1,974,97415,2,1,1,6,Ruelle de l'Eglise,-21.013533,55.270194
202000012650,12,5,2020,0,3,35,35120,1,1,1,6,La Cornillère,48.214386,-1.774764
202000012651,11,5,2020,15,1,38,38290,1,2,1,3,Chemin de Jarcieu,45.353491,4.976592
202000012652,11,5,2020,17,1,64,64396,1,1,3,5,A64,43.436265,-0.637014
202000012653,12,5,2020,1,3,87,87003,1,1,1,2,A20,46.278075,1.402694
202000012654,12,5,2020,11,1,62,62650,1,1,1,1,D33,50.2818085,2.9081184
202000012655,9,5,2020,10,1,51,51265,2,1,1,6,Rue Saint Martin,48.6878641,3.8053966
202000012656,12,5,2020,15,1,79,79157,2,2,1,3,Rue de l'Eglise,47.016107,-0.182897
202000012657,12,5,2020,17,1,82,82094,1,1,1,7,Le Gres,44.270403,1.142428
202000012658,10,5,2020,15,1,61,61443,1,1,1,6,La Pannetiere,48.735559,-0.638924
202000012659,12,5,2020,16,1,49,49069,1,1,1,2,Les Rouèries,47.282508,-1.143039
202000012660,12,5,2020,12,1,12,12243,1,1,1,6,D999,44.0103936,2.9751396
202000012661,12,5,2020,16,1,38,38261,2,3,1,3,Route d'Argent,45.672071,5.485584
202000012662,12,5,2020,3,5,02,02504,2,9,1,6,14 Rue Paul Sebbe,49.7407687,3.2528704
202000012663,11,5,2020,16,1,03,03111,1,2,2,3,17 Rue de la Croix Bronzeau,46.4310555,2.6406455
202000012664,11,5,2020,8,1,66,66025,1,6,8,-1,D68,42.450792,1.955304
202000012665,12,5,2020,9,1,90,90027,2,1,1,7,Rue de Montignez,47.498111,7.065185
202000012666,11,5,2020,19,2,07,07309,1,1,3,6,La Boudras,45.130732,4.593873
202000012667,12,5,2020,20,1,24,24571,1,1,1,7,N21,45.0555762,0.6742
202000012668,12,5,2020,12,1,88,88108,1,1,1,6,D164,47.951075,6.306321
202000012669,12,5,2020,2,3,68,68118,1,1,2,2,A35,47.727866,7.428645
202000012670,12,5,2020,21,2,34,34240,1,1,1,6,A709,43.619751,3.955164
202000012671,11,5,2020,21,3,74,74118,1,1,3,6,A40,46.169434,6.20737
202000012672,11,5,2020,21,2,29,29233,2,1,1,2,Quai Brizeux,47.8709816,-3.54553
202000012673,11,5,2020,16,1,95,95177,2,1,1,7,Rue de Montgeroult,49.11586,2.017381
202000012674,12,5,2020,17,1,06,06157,1,1,1,3,Route de Coursegoules,43.757635,7.086343
202000012675,12,5,2020,16,1,68,68360,2,2,1,3,1 Rue du Moulin,48.002981,7.509145
202000012676,12,5,2020,11,1,67,67394,1,1,1,2,D264,48.9441867,7.8906461
202000012677,12,5,2020,10,1,67,67127,1,1,1,1,D45,48.5714181,7.5325962
202000012678,11,5,2020,18,2,73,73150,2,3,2,3,Rue St Bernard,45.556499,6.67575
202000012679,12,5,2020,7,1,38,38133,1,1,1,7,Route de Saint - Julien,45.345188,5.632339
202000012680,12,5,2020,17,1,69,69122,1,4,1,-1,Chemin de la Poyat,45.907671,4.707908
202000012681,12,5,2020,10,1,64,64315,2,6,1,3,D2 ROND POINT KAZMAREK,43.308668,-0.447784
202000012682,12,5,2020,4,5,62,62746,2,1,1,6,Rue du Stade,50.678268,1.632274
202000012683,11,5,2020,9,1,91,91477,1,1,2,7,AUTOROUTE A10,48.71866,2.25996
202000012684,11,5,2020,16,1,92,92025,1,1,8,5,A86,48.9189597,2.2237615
202000012685,10,5,2020,2,3,93,93027,1,1,2,2,AUTOROUTE A86,48.92626,2.40194
202000012686,9,5,2020,20,1,93,93053,1,1,2,6,AUTOROUTE A103,48.8885,2.47223
202000012687,9,5,2020,20,1,93,93027,1,1,1,6,AUTOROUTE A86,48.92829,2.41223
202000012688,11,4,2020,19,1,95,95018,1,1,1,7,AUTOROUTE A15,48.96194,2.26789
202000012689,8,5,2020,12,1,972,97213,2,4,1,1,DUCHESNES 1,14.645042,-60.956046
202000012690,9,5,2020,20,5,972,97209,1,1,1,7,CLUNY (ROUTE DE),14.6145,-61.0818
202000012691,9,5,2020,17,1,69,69256,2,2,1,6,PABLO PICASSO                       (AV),45.77673,4.91554
202000012692,9,5,2020,19,1,45,45234,2,3,1,3,AV DU PRESIDENT KENNEDY - R DE CHATEAUDUN,47.84338,1.92384
202000012693,8,5,2020,20,1,38,38544,2,3,1,6,Rue Albert Thomas,45.52774,4.88012
202000012694,10,5,2020,21,2,37,37261,2,1,8,1,GUYNEMER (RUE GEORGES),47.3805349,0.7036644
202000012695,10,5,2020,15,1,37,37195,2,3,1,3,PORT CORDON (LIEU DIT),47.3751583,0.6376348
202000012696,10,5,2020,7,1,35,35281,1,3,1,2,RD 177,48.06735,-1.71426
202000012697,10,5,2020,22,5,33,33063,2,2,3,3,RUE MALBEC / RUE BILLAUDEL,44.8246579,-0.5638325
202000012698,10,5,2020,10,1,27,27681,1,1,8,7,ROUTE DEPARTEMENTALE 313 Route de Magny,49.0974,1.5111
202000012699,9,5,2020,11,1,27,27229,2,6,1,3,DUGUESCLIN (RUE),49.01687,1.17115
202000012700,9,5,2020,23,4,13,13208,2,1,1,6,RABATAU (BOULEVARD),43.2733,5.3927
202000012701,30,4,2020,16,1,12,12089,1,1,2,3,Lieu Dit le Thels,44.58479,2.24849
202000012702,10,5,2020,4,4,75,75116,2,1,1,6,ALLEE DE LONGCHAMP,48.87024,2.25804
202000012703,10,5,2020,14,1,75,75110,2,1,8,3,QUAI DE JEMMAPES,48.86909,2.367458
202000012704,9,5,2020,22,5,93,93051,2,1,3,6,DOCTEUR MENARD,48.84042,2.56599
202000012705,8,5,2020,12,1,2A,2A211,2,1,1,6,T40,41.783881,8.96677
202000012706,10,5,2020,20,3,972,97222,1,1,1,6,Pointe Savane,14.699273,-60.9083
202000012707,10,5,2020,17,1,972,97232,2,1,1,1,Chemin communal D5 - Morne Raquette,14.545796,-60.85815
202000012708,11,5,2020,1,3,972,97226,1,1,1,1,RD9,14.460246,-60.859768
202000012709,10,5,2020,23,5,83,83033,2,6,3,6,Impasse de Saint Michel,43.300138,6.200768
202000012710,10,5,2020,18,1,77,77436,2,2,1,3,14 La Vanne - D55/D66,48.801878,3.211328
202000012711,7,5,2020,8,1,41,41237,1,9,1,3,Aigrain,47.395241,1.460152
202000012712,11,5,2020,13,1,31,31492,1,1,2,6,Route de Carbonne,43.26121,1.163918
202000012713,10,5,2020,11,1,45,45136,1,1,8,7,D36 - PR 22+955,48.088725,2.966776
202000012714,9,5,2020,16,1,43,43244,2,1,1,1,7 Allee des Genets,45.1140861,4.3067232
202000012715,10,5,2020,18,1,10,10048,1,1,1,6,D12,48.190495,4.582114
202000012716,5,5,2020,18,1,53,53096,2,2,1,3,Rue des Mirettes,48.3001,-0.920121
202000012717,9,5,2020,19,2,04,04216,1,1,2,7,Lieu-dit Pregondes,44.337002,5.939934
202000012718,11,5,2020,3,3,08,08251,1,1,6,6,Route Departementale 985,49.754585,4.456308
202000012719,1,3,2020,14,1,71,71456,1,2,2,3,Route du Petit Osnard,46.8253676,5.0934445
202000012720,3,3,2020,19,3,30,30217,2,6,1,3,Route Nationale 100,43.959075,4.734641
202000012721,1,3,2020,8,1,21,21310,1,1,1,6,D905,47.326869,4.588938
202000012722,28,2,2020,15,1,21,21081,1,1,2,1,D16,47.365106,4.77548
202000012723,3,3,2020,2,5,62,62138,2,1,4,6,ROUTE D HUMEROEUILLE,50.419901,2.1743451
202000012724,28,2,2020,15,1,34,34095,1,1,1,3,D114,43.531251,3.75947
202000012725,28,2,2020,13,1,57,57468,2,4,1,6,1 Rue Saint-augustin Schoeffler,48.769216,7.229975
202000012726,1,3,2020,5,3,57,57126,1,1,2,6,D674,48.777658,6.468394
202000012727,25,2,2020,8,1,91,91617,1,1,2,4,Route Nationale 6,48.660554,2.518079
202000012728,27,2,2020,11,1,62,62773,2,7,8,6,Grand Place Foch,50.639201,1.745737
202000012729,29,2,2020,21,3,51,51434,1,2,8,3,D3,49.0137956,4.072267
202000012730,27,2,2020,13,1,59,59058,1,1,4,2,Route Nationale 2,50.228402,3.960743
202000012731,28,2,2020,19,5,59,59445,2,1,2,6,Rue des Horbes,50.039196,4.117042
202000012732,22,2,2020,6,3,19,19276,1,1,8,7,D142,45.417483,1.57104
202000012733,1,3,2020,17,1,19,19237,1,1,1,3,D980,45.126715,2.065258
202000012734,2,3,2020,20,3,56,56075,1,1,2,6,RN24,47.928363,-2.135639
202000012735,27,1,2020,5,5,93,93027,2,1,2,6,BARBUSSE (AVENUE HENRI),48.9317757,2.3932235
202000012736,29,2,2020,10,1,56,56193,2,1,1,6,35 Rue de Kerdurand,47.713792,-3.316108
202000012737,29,2,2020,14,1,56,56040,1,1,3,3,D769b,47.861309,-3.327933
202000012738,18,1,2020,22,5,93,93047,2,6,9,3,BD DE L'EUROPE / Rue de la Fontaine Jean Valjean,48.89544,2.57319