Num_Acc,jour,mois,an,hr,condition_eclairage,departement,commune,condition_agglomeration,intersection,condition_atmosphere,type_collision,adresse,lattitude,longitude
202000012739,27,1,2020,8,2,93,93005,2,5,2,6,AV ANATOLE FRANCE / R JEAN CHARCOT,48.9358309,2.4939213
202000012740,25,2,2020,18,5,56,56003,2,2,2,3,Rue Upton By Chester,47.6329278,-2.8167272
202000012741,27,1,2020,8,1,93,93005,2,1,2,3,BD MARC CHAGALL,48.95244,2.49627
202000012742,27,1,2020,6,5,93,93001,2,1,2,6,AV JEAN JAURES,48.911595,2.400712
202000012743,27,1,2020,9,1,92,92048,2,3,2,3,GARDES (ROUTE DES) N° 91 A 93,48.81329,2.21689
202000012744,27,2,2020,20,3,59,59282,2,1,1,6,Route de Dunkerque,50.81424,2.482588
202000012745,25,1,2020,18,2,92,92025,2,3,1,3,VALMY (BD DE),48.934301,2.255857
202000012746,29,2,2020,4,3,59,59532,1,1,2,7,D17,50.971589,2.143267
202000012747,27,1,2020,0,5,40,40065,2,1,1,6,Quai de la Pecherie,43.652383,-1.432815
202000012748,27,2,2020,0,3,74,74085,1,1,4,1,Route de Saint-gervais,45.845379,6.728548
202000012749,3,3,2020,16,1,67,67009,1,1,8,6,D23,48.9258414,6.9697765
202000012750,28,1,2020,16,1,68,68249,1,1,4,7,Route de Tannach,48.123759,7.164663
202000012751,20,2,2020,18,3,67,67434,2,1,1,3,6 Route de Sarrebourg,48.932565,7.089093
202000012752,1,3,2020,12,1,76,76340,1,3,1,3,Route de Pichemont,49.717141,0.751609
202000012753,27,1,2020,17,1,11,11203,1,2,1,3,intersection RD67/RD11,43.23027,2.795527
202000012754,3,3,2020,12,1,79,79123,1,1,2,6,Lieu Dit l'Ivronniere,46.717147,-0.627192
202000012755,27,1,2020,10,1,76,76462,1,1,1,2,A28,49.729653,1.459229
202000012756,26,2,2020,12,1,79,79254,1,1,1,1,,46.286891,-0.66688
202000012757,28,1,2020,7,3,37,37075,1,1,2,6,A85,47.293544,0.9494731
202000012758,2,3,2020,7,1,2B,2B346,1,1,8,2,RT 11,42.50822,9.471781
202000012759,28,1,2020,0,3,51,51629,1,1,3,7,D951,49.1561162,4.0115896
202000012760,1,3,2020,14,1,2B,2B318,1,1,2,5,T10,42.440181,9.512787
202000012761,26,1,2020,4,3,51,51579,1,1,1,7,Rue de Morsains,48.7955594,3.521228
202000012762,2,3,2020,9,1,2B,2B305,2,3,1,5,D80,42.718017,9.454736
202000012763,27,1,2020,17,3,80,80159,1,3,3,3,D1029,49.869788,2.477911
202000012764,29,2,2020,16,1,80,80231,1,3,1,3,10 Rue de Maurepas,49.970283,2.820713
202000012765,28,1,2020,5,5,42,42177,2,2,1,3,Rue de Marcigny,46.146057,4.108404
202000012766,28,1,2020,19,3,35,35224,1,1,3,1,D75,48.509525,-1.840652
202000012767,3,3,2020,8,1,80,80205,2,8,2,3,Rue du 53 Ricms,50.008915,2.011952
202000012768,19,1,2020,19,5,29,29284,2,3,1,6,rue de la Vierge,47.801006,-4.264423
202000012769,25,1,2020,23,3,31,31377,1,1,1,6,D25,43.43173,1.725519
202000012770,1,3,2020,14,1,82,82051,1,1,6,7,D16,44.183173,1.149498
202000012771,27,1,2020,20,3,31,31136,1,1,2,1,D14,43.754276,1.434665
202000012772,26,2,2020,6,3,81,81288,1,1,2,1,La Rigole,43.453371,2.0226
202000012773,27,1,2020,8,1,14,14157,1,1,2,6,680 Rue de la Guinguette,49.175952,-0.52228
202000012774,27,1,2020,20,5,14,14249,2,1,2,1,Lieu Dit Bon Repos,49.1161548,-0.4801332
202000012775,2,3,2020,9,1,32,32451,1,1,6,6,D129,43.426432,0.800757
202000012776,21,1,2020,20,3,50,50629,1,1,1,7,34 La Bourdonnerie,49.261412,-1.500691
202000012777,1,3,2020,12,1,71,71205,1,2,1,3,Route de Saint Germain du Bois,46.7156185,5.3130645
202000012778,28,1,2020,19,3,60,60021,1,2,3,2,D1032,49.594996,3.12119
202000012779,29,2,2020,21,5,89,89119,2,1,9,6,N151,47.5226493,3.5401565
202000012780,2,3,2020,11,1,63,63304,1,1,3,1,D521,46.0459481,2.6275704
202000012781,26,1,2020,1,3,40,40014,1,1,1,6,Route de Labraise,44.066275,-0.312794
202000012782,27,1,2020,6,3,64,64238,1,1,1,2,A64,43.229664,-0.054975
202000012783,28,1,2020,9,1,01,01181,1,1,4,6,A404,46.216219,5.606418
202000012784,28,1,2020,18,3,91,91045,1,3,3,3,D191,48.516615,2.381936
202000012785,27,1,2020,7,1,68,68301,1,1,2,3,A35,47.69236,7.446628
202000012786,26,2,2020,18,5,61,61456,2,2,1,6,Boulevard du Marechal Leclerc,48.760745,0.639148
202000012787,28,1,2020,9,1,33,33527,1,1,2,4,A660 PR17+360,44.61351,-1.04289
202000012788,3,3,2020,18,2,12,12294,1,1,2,3,D29,44.26433,2.892561
202000012789,28,1,2020,10,1,76,76700,1,1,4,4,N27,49.670155,1.040311
202000012790,26,1,2020,1,3,34,34022,1,1,9,3,Avenue de la Biste,43.657089,3.997008
202000012791,1,3,2020,10,1,42,42026,1,1,1,3,Route de Melay,46.186408,4.07766
202000012792,27,2,2020,6,3,47,47038,1,1,2,6,D666,44.336512,0.387261
202000012793,27,1,2020,8,2,77,77192,1,1,2,1,N36,48.709422,2.839101
202000012794,26,2,2020,21,3,41,41231,1,1,1,7,Fossemagne,47.559884,1.891869
202000012795,27,1,2020,19,5,54,54490,1,1,3,6,D90b,48.7748619,6.0536814
202000012796,28,1,2020,19,5,69,69089,2,1,1,6,Grande Rue,45.735766,4.769354
202000012797,26,2,2020,10,1,29,29137,1,1,1,3,36 Route des Trois Prats,48.334164,-4.288264
202000012798,22,2,2020,8,1,86,86103,2,2,1,1,23 Place du Marché,46.3713908,0.4125929
202000012799,27,1,2020,8,1,49,49021,1,6,2,3,Route de la Ménitré,47.435715,-0.223315
202000012800,29,2,2020,5,3,34,34010,1,1,2,6,D27,43.678412,3.597564
202000012801,1,3,2020,14,1,34,34222,1,2,1,3,D2,43.570842,3.515196
202000012802,28,1,2020,18,3,60,60668,1,1,3,7,D149,49.4979829,2.088071
202000012803,26,2,2020,11,1,34,34284,2,1,2,6,Grand'Rue,43.488241,2.761683
202000012804,1,3,2020,11,1,34,34319,2,2,1,1,Route de Fournols,43.55424,3.30027
202000012805,29,2,2020,4,5,68,68068,2,1,1,6,49 Rue de Bâle,47.63039,7.134279
202000012806,27,1,2020,22,3,80,80002,1,1,2,2,A1,49.852899,2.832584
202000012807,8,1,2020,17,2,13,13071,1,1,1,2,A7-Sens Lyon vers Marseille,43.403498,5.308931
202000012808,27,2,2020,18,3,68,68158,1,1,6,7,D419,47.591043,7.408583
202000012809,23,1,2020,7,3,67,67043,1,1,1,2,Autoroute A.4,48.6150963,7.7264039
202000012810,2,3,2020,11,1,68,68155,2,1,2,2,5 Route de Colmar,48.093785,7.306842
202000012811,1,3,2020,15,1,39,39501,2,2,1,3,Carrefour Rue du Mont-Roland / Rue de la Source,47.125804,5.461019
202000012812,25,2,2020,22,3,25,25575,1,1,8,7,route de Nancray,47.279446,6.165229
202000012813,24,1,2020,23,3,59,59032,1,1,1,6,AUTOROUTE A2,50.3373329,3.5195313
202000012814,1,3,2020,23,3,44,44171,1,1,1,1,D751,47.1410055,-1.7139637
202000012815,27,1,2020,9,1,94,94021,1,1,2,2,AUTOROUTE A6B,48.76925,2.3454
202000012816,2,3,2020,15,1,44,44043,2,1,1,1,11 Rue du Vivier,47.109113,-1.243256
202000012817,27,1,2020,7,3,92,92002,1,1,2,3,AUTOROUTE A10,48.7295006,2.3068977
202000012818,1,3,2020,17,1,44,44186,1,1,2,3,39 Avenue des Sports,47.097892,-1.8173
202000012819,27,1,2020,14,1,78,78291,1,1,1,2,A13,48.965073,1.755556
202000012820,1,3,2020,19,3,44,44131,1,1,1,1,D 213,47.1091282,-2.0682656
202000012821,26,1,2020,23,4,92,92036,1,1,2,2,A86,48.935585,2.2852542
202000012822,26,1,2020,16,1,93,93053,1,1,1,2,AUTOROUTE A3,48.89454,2.47165
202000012823,28,2,2020,8,1,35,35299,1,1,8,1,Les Terres Pelees,48.644709,-1.917404
202000012824,27,2,2020,15,1,35,35023,1,3,1,3,RD 72 ROUTE DE MONTFORT,48.172642,-1.943627
202000012825,26,1,2020,7,3,95,95252,1,1,1,2,AUTOROUTE A15,48.98772,2.2068
202000012826,4,3,2020,0,3,29,29004,2,3,1,6,Rue Saint-Lucas,47.9323121,-3.698146
202000012827,25,1,2020,20,3,95,95252,1,1,1,6,AUTOROUTE A15,48.98633,2.21199
202000012828,27,2,2020,15,1,29,29276,2,2,1,3,Route de Cléder,48.666097,-4.0676018
202000012829,25,1,2020,21,3,77,77363,1,1,1,-1,A104.INT,48.9280189,2.6282832
202000012830,10,1,2020,16,1,974,97416,1,1,1,6,CD 26,-21.2979,55.4387
202000012831,24,2,2020,17,2,29,29020,1,3,2,1,D785 - Moncouar,48.0574796,-4.0249875
202000012832,25,1,2020,21,4,973,97302,2,1,2,6,TROUBIRAN (CHEMIN DE),4.929173,-52.3041916
202000012833,26,1,2020,17,1,69,69388,2,1,1,6,JOSEPH CHALIER                      (R ),45.72949,4.88407
202000012834,29,2,2020,12,1,29,29195,1,4,2,2,D28 - Lieu-dit le Diouriz,48.5705871,-4.4508945
202000012835,1,3,2020,3,3,31,31237,1,1,1,7,D83,43.077681,0.95919
202000012836,20,1,2020,5,5,69,69388,2,3,1,3,ROCKEFELLER                         (AV),45.7425,4.88
202000012837,26,1,2020,5,5,69,69387,2,1,2,6,TONY GARNIER                        (AV),45.73138,4.8241
202000012838,1,3,2020,7,2,31,31208,2,1,1,6,Quartier Leoudary,43.072244,0.867016
202000012839,2,3,2020,11,1,31,31502,1,1,2,6,D5,43.182035,0.739356
202000012840,26,1,2020,11,1,972,97213,1,1,1,7,ROUTE DEPARTEMENTALE 14,14.6177,-61.0223
202000012841,3,3,2020,14,1,31,31375,1,1,6,6,Ribaus,43.20455,1.212702
202000012842,1,3,2020,21,3,38,38389,1,1,1,6,D518,45.56635,5.0978
202000012843,25,1,2020,11,1,69,69286,2,3,1,3,ROUTE DE GENEVE                     (RO),45.80532,4.88493
202000012844,23,2,2020,22,3,38,38399,1,1,1,7,D502,45.5022,5.15094
202000012845,26,1,2020,2,5,69,69382,2,1,1,6,CHARLEMAGNE                         (CO),45.7415,4.8197
202000012846,26,1,2020,2,5,2B,2B033,2,2,1,3,PAOLI DU NR 21 AU 45 -BLD,42.701,9.45
202000012847,25,1,2020,14,1,83,83090,2,9,1,6,GORGES (ROUTE DES),43.14166,5.84845
202000012848,2,3,2020,13,1,38,38291,1,1,3,6,Route de Beaurepaire,45.36121,5.1261
202000012849,26,1,2020,19,2,78,78586,2,2,1,1,BARBUSSE (HENRI),48.93899,2.19186
202000012850,1,3,2020,18,2,38,38410,1,1,2,6,Route de Romans,45.08518,5.20927
202000012851,25,1,2020,10,1,68,68166,2,3,1,1,Rue du Ventron,47.77899,7.31231
202000012852,1,3,2020,13,1,38,38022,1,1,1,2,Route Departementale 33,45.66687,5.57269
202000012853,26,1,2020,18,5,60,60057,2,2,2,3,BINET  (RUE),49.4239971,2.0845753
202000012854,14,2,2020,16,1,38,38022,1,3,7,6,Chemin de la Bièvre,45.619579,5.607399
202000012855,26,1,2020,9,1,60,60057,2,2,8,3,BERLIOZ HECTOR (RUE),49.415409,2.0769508
202000012856,26,1,2020,10,1,45,45147,2,1,1,2,Rue André Dessaux,47.93768,1.89473
202000012857,26,1,2020,5,5,45,45234,2,1,1,6,Avenue Jean Zay,47.90797,1.922411
202000012858,26,1,2020,4,4,44,44109,2,1,1,6,Rue du Poitou,47.22366,-1.56457
202000012859,26,2,2020,13,1,02,02232,1,1,4,-1,N2,49.230406,2.982659
202000012860,26,1,2020,19,5,35,35238,2,3,2,6,VERDUN (BD DE),48.118563,-1.688952
202000012861,29,2,2020,9,1,02,02694,1,1,1,3,D34,49.743954,3.192891
202000012862,26,1,2020,19,2,33,33063,2,6,1,-1,Avenue de Labarde,44.88723,-0.54939
202000012863,15,1,2020,17,3,02,02355,1,1,2,7,Mon Idee - D1044,49.893943,3.264012
202000012864,25,2,2020,17,1,03,03204,1,1,1,2,route de Batelière,46.3192793,3.3503889
202000012865,26,1,2020,4,3,33,33529,1,1,1,1,LIGNON (BD LOUIS),44.63389,-1.18862
202000012866,19,2,2020,16,1,03,03160,1,1,1,2,Caffière,46.2274646,3.4007654
202000012867,26,1,2020,17,3,29,29232,2,1,2,6,D783 - Boulevard Ergué Armel,47.98973,-4.07397
202000012868,26,1,2020,6,5,18,18033,2,1,1,6,CHARITE (ROUTE DE LA),47.093754,2.402259
202000012869,28,2,2020,15,1,15,15244,1,2,1,5,Croisement D926 D14,45.0642308,2.9777348
202000012870,1,3,2020,22,3,15,15083,1,1,2,6,D922,44.982111,2.411703
202000012871,26,1,2020,21,5,13,13208,2,1,2,3,MAZARGUES (AVENUE DE),43.2584,5.3942
202000012872,4,3,2020,12,1,01,01453,1,1,9,7,Arvière-en-Valromey,45.910608,5.742014
202000012873,26,1,2020,14,1,13,13204,2,9,8,6,MONTOLIVET (AVENUE DE),43.3079566,5.402423
202000012874,3,3,2020,21,5,01,01034,2,6,1,3,305 Avenue Livet,45.757752,5.67843
202000012875,26,1,2020,12,1,13,13211,2,3,3,3,SAINT MARCEL (BOULEVARD DE ),43.288866,5.461406
202000012876,29,2,2020,14,1,01,01457,1,1,2,7,1136 Route de Mezeriat,46.232118,5.006247
202000012877,26,1,2020,10,1,13,13212,2,1,2,3,PIERRE BERANGER (RUE),43.3114688,5.445396
202000012878,3,3,2020,17,2,70,70082,1,1,2,1,Route de Thiénans,47.480001,6.277785
202000012879,26,1,2020,6,3,13,13209,2,1,1,3,CABOT (BOULEVARD),43.258838,5.417155
202000012880,3,3,2020,17,1,70,70428,1,3,1,2,D118/ Chemin en grand combe,47.6474069,6.102299
202000012881,26,1,2020,2,5,13,13209,2,2,1,3,SAINTE MARGUERITE (BOULEVARD),43.2686,5.4039
202000012882,28,2,2020,16,1,26,26208,1,2,1,3,D555,44.810286,4.90517
202000012883,26,1,2020,16,1,07,07070,2,1,1,6,COLONNEL ROUSSET (AVENUE DU),44.958176,4.847165
202000012884,3,3,2020,16,1,66,66124,2,1,4,-1,Avenue Emmanuel Brousse,42.5052583,2.0437453
202000012885,26,1,2020,3,5,06,06088,2,1,1,2,VOIE RAPIDE,43.67553,7.22285
202000012886,26,1,2020,20,5,06,06088,2,1,1,3,SAINT-ANTOINE (RTE DE),43.69744,7.22729
202000012887,27,2,2020,5,3,72,72150,1,1,6,7,D300,48.103613,0.241581
202000012888,1,3,2020,6,5,72,72386,2,6,1,6,Avenue du mans,47.999015,0.236378
202000012889,26,2,2020,17,1,72,72054,1,1,8,7,RD 323,48.014429,0.332233
202000012890,26,1,2020,11,1,06,06069,2,1,1,2,FRAGONARD (BOULEVARD ET IMPASSE),43.657363,6.923264
202000012891,28,2,2020,9,1,06,06110,1,1,1,1,M30,44.088363,7.04214
202000012892,26,1,2020,2,5,75,75108,2,1,1,6,COURS LA REINE,48.86463,2.319558
202000012893,25,1,2020,0,5,75,75118,2,2,5,6,RUE DE LA CHAPELLE,48.8971123,2.3592247
202000012894,25,2,2020,11,1,06,06059,1,1,1,2,2638 Avenue Raymond Poincaré,43.723936,7.382137
202000012895,26,2,2020,19,5,14,14257,2,1,2,6,17 Rue Camille Blaisot,49.100047,-0.501801
202000012896,25,1,2020,23,5,75,75115,2,2,1,3,RUE DU COMMERCE,48.8478,2.29656
202000012897,29,2,2020,5,3,05,05123,1,1,1,1,les marcellons - D994,44.548154,5.981884
202000012898,2,3,2020,20,5,05,05144,2,1,6,6,D16,44.792579,6.084285
202000012899,26,1,2020,19,5,75,75114,2,1,1,3,RUE DU DEPART,48.841238,2.321771
202000012900,26,2,2020,12,1,50,50403,1,1,1,2,D2,49.154401,-1.511393
202000012901,26,1,2020,17,2,75,75113,2,2,1,6,BOULEVARD AUGUSTE BLANQUI,48.830816,2.344123
202000012902,4,3,2020,0,3,50,50003,1,1,2,6,54 Rue d'Agon,49.060275,-1.587122
202000012903,3,3,2020,14,1,50,50453,1,2,2,3,Avenue du President,48.845475,-1.201297
202000012904,27,2,2020,17,1,50,50453,1,1,2,3,ZA les Monts Havard,48.848158,-1.208727
202000012905,26,1,2020,17,2,75,75112,2,1,1,4,AVENUE DE GRAVELLE,48.818224,2.452596
202000012906,1,3,2020,18,1,09,09326,1,1,1,3,N20,42.772062,1.710686
202000012907,25,1,2020,23,5,75,75110,2,2,1,6,RUE LOUIS BLANC,48.8798737,2.3673671
202000012908,1,3,2020,12,1,60,60536,1,1,2,3,Route de Pont,49.3086252,2.7053755
202000012909,29,2,2020,11,1,60,60508,2,1,3,6,Rue des tournelles,49.302359,2.647616
202000012910,26,1,2020,9,1,75,75108,2,2,1,7,PLACE DE LA CONCORDE,48.864101,2.320122
202000012911,28,2,2020,1,3,60,60291,1,1,1,6,D130,49.6541929,3.0702919
202000012912,26,1,2020,14,1,75,75107,2,3,1,7,QUAI D ORSAY,48.862316,2.306318
202000012913,1,3,2020,4,3,60,60636,1,1,8,1,D1032,49.4889537,2.8750781
202000012914,21,1,2020,8,1,75,75107,2,1,4,6,PROMENADE DES BERGES DE LA SEINE ANDRE GORZ,48.8628473,2.3057476
202000012915,26,2,2020,14,1,60,60636,2,9,8,6,1 Route du Plessis Brion,49.47481,2.883267
202000012916,25,1,2020,1,5,75,75102,2,1,1,4,BOULEVARD DE BONNE NOUVELLE,48.8697621,2.3517695
202000012917,21,2,2020,8,1,60,60247,1,1,1,6,D101,49.43064,2.542434
202000012918,26,1,2020,2,5,75,75101,2,1,2,7,PLACE DU PONT NEUF,48.856992,2.341198
202000012919,25,1,2020,20,5,75,75103,2,4,1,3,RUE DE TURENNE,48.859445,2.364531
202000012920,2,3,2020,21,5,60,60477,1,1,1,2,Route Nationale 31,49.4354474,1.9118167
202000012921,26,1,2020,6,5,93,93077,2,2,2,3,GRANDE RUE,48.88282,2.51426
202000012922,26,2,2020,9,1,64,64368,1,3,2,2,D11,43.382127,-1.091852
202000012923,26,1,2020,19,5,93,93051,2,9,1,6,REMPART (BD),48.837348,2.5469078
202000012924,28,2,2020,10,1,73,73240,2,1,1,6,D20A - Rue de l'Eglise,45.4817374,6.0647735
202000012925,1,3,2020,7,2,43,43051,2,1,1,6,11 Route de Tence,45.059884,4.301521
202000012926,26,1,2020,15,1,93,93005,2,1,8,6,R DE SEVRAN,48.940767,2.500556
202000012927,26,1,2020,13,1,92,92073,2,9,1,6,WASHINGTON (BOULEVARD),48.8757,2.2178
202000012928,1,3,2020,8,1,43,43223,1,1,1,2,D23,45.258342,4.337352
202000012929,26,1,2020,20,5,92,92026,2,2,1,3,National ( boulevard )/ Fauvelles ( rue des ),48.902237,2.239507
202000012930,25,2,2020,12,1,10,10031,2,1,1,-1,15 Rue des Chaumes,48.551956,3.57899
202000012931,26,1,2020,18,5,22,22050,2,3,2,6,Rue Chateaubriand,48.452969,-2.048355
202000012932,25,2,2020,20,5,10,10268,2,3,1,1,Quai Carbonel,48.494752,3.498958
202000012933,24,1,2020,23,3,49,49244,1,1,1,6,ZA de la Lande,47.351748,-1.02042
202000012934,28,2,2020,6,1,36,36020,1,2,1,3,,46.38729,1.251712
202000012935,4,1,2020,14,1,38,38425,2,3,1,6,2 Rue Georges Brassens,45.397629,4.776918
202000012936,1,3,2020,6,2,36,36241,1,1,2,6,,46.867534,1.525619
202000012937,26,1,2020,15,1,67,67242,1,1,5,7,D91,48.8239682,7.5351696
202000012938,12,1,2020,12,1,41,41246,2,2,1,3,D77,47.503091,1.335955
202000012939,28,2,2020,20,3,36,36212,1,1,2,6,,46.8536083,1.2324927
202000012940,29,2,2020,18,5,16,16206,2,1,1,2,Rue Grange du Chapitre,45.8748091,0.1790806
202000012941,26,1,2020,10,1,34,34042,1,3,1,3,D4,43.902067,3.699646
202000012942,1,3,2020,12,1,16,16281,1,1,6,6,Ld l'Abbaye,45.729906,0.390632
202000012943,2,3,2020,22,3,07,07198,1,1,2,1,RD86,44.777167,4.761765
202000012944,27,1,2020,17,1,81,81005,1,3,1,1,D612,43.4699495,2.5343624
202000012945,25,2,2020,18,1,53,53086,2,1,1,6,17 Route de Vitré,48.20383,-1.059817
202000012946,26,1,2020,15,1,67,67073,1,1,1,7,Chemin rural dit Narchtweidweg,48.279934,7.411872
202000012947,28,2,2020,16,1,21,21584,1,3,2,3,Route de Paris,47.303652,4.209206
202000012948,26,1,2020,20,3,22,22036,1,1,3,7,RN 12 - PR : 00+400,48.2628478,-2.1455258
202000012949,1,3,2020,7,3,21,21235,1,1,2,6,Duesme,47.62138,4.667923
202000012950,1,3,2020,15,1,40,40081,2,3,2,3,D651,43.991992,-0.529286
202000012951,23,1,2020,12,1,85,85215,1,1,1,1,D37,46.867761,-1.160238
202000012952,29,2,2020,11,1,40,40274,1,1,2,7,D38 LA VACHERIE,43.920772,-0.625706
202000012953,26,1,2020,15,1,62,62045,2,1,1,6,10 Place de la Gare,50.3526264,2.5930878
202000012954,26,1,2020,3,4,62,62342,2,1,5,6,20 Rue Principale,50.4999218,2.2750471
202000012955,29,2,2020,23,3,24,24460,1,1,3,7,Les Bigoussies Est,45.253406,0.397727
202000012956,2,3,2020,22,3,04,04088,1,1,6,6,RD 16,43.9240762,5.7903631
202000012957,17,1,2020,12,1,19,19100,2,3,2,1,route de la croix rouge,45.3474378,1.6383737
202000012958,27,1,2020,17,1,77,77109,1,1,2,6,D75 - PK18+450,48.587963,3.168526
202000012959,27,2,2020,12,1,27,27467,2,1,2,2,Rue des Papetiers,49.358261,0.509409
202000012960,27,1,2020,9,1,80,80360,1,1,8,7,Rue Camille Pelletan,50.053343,1.565348
202000012961,26,1,2020,5,3,32,32107,1,1,1,1,5 Avenue d'Aquitaine,43.958092,0.36801
202000012962,28,1,2020,9,2,27,27428,2,1,7,6,Rue de la Paix,49.152103,0.90502
202000012963,25,1,2020,18,3,11,11340,1,1,1,4,RD 33,43.237825,2.196064
202000012964,1,3,2020,7,2,27,27042,1,1,1,7,D28,49.163613,0.469869
202000012965,27,1,2020,9,1,71,71379,1,2,1,5,D972,46.5680793,5.2974856
202000012966,26,1,2020,18,5,76,76255,2,1,2,1,Route d'Eu,50.053867,1.395017
202000012967,2,3,2020,17,1,30,30198,2,1,8,6,L'Oriol,44.116669,3.723963
202000012968,27,1,2020,19,3,61,61096,1,1,2,1,D916 COUTERNE,48.526524,-0.408801
202000012969,27,2,2020,18,1,30,30325,1,1,2,-1,D999,43.993231,3.687555
202000012970,26,2,2020,19,5,48,48080,2,1,1,6,68 Avenue du Marechal Foch,44.731587,3.858266
202000012971,26,1,2020,19,5,44,44003,2,1,2,3, Parking,47.373405,-1.193787
202000012972,26,1,2020,5,3,29,29061,1,1,2,7,D112 - Kergaradec,48.432418,-4.470127
202000012973,24,2,2020,16,1,52,52060,2,4,1,2,Avenue du General de Gaulle,47.954834,5.73393
202000012974,26,1,2020,20,5,31,31375,2,1,1,6,37 Boulevard Pierre Alard,43.207947,1.226994
202000012975,1,3,2020,5,3,24,24373,1,2,3,3,D107,44.67452,0.471151
202000012976,26,1,2020,14,1,31,31584,1,2,1,3,D14,43.818179,1.464486
202000012977,1,3,2020,6,3,68,68082,1,1,1,-1,A35,47.8705734,7.3886753
202000012978,24,1,2020,17,2,03,03046,1,1,9,7,Le Bouis,46.4584337,2.9495266
202000012979,27,1,2020,15,1,15,15122,1,1,2,1,N122,44.700302,2.192266
202000012980,24,1,2020,15,1,58,58278,2,1,1,3,94 ter Route de Lyon,46.961825,3.157207
202000012981,24,1,2020,20,3,54,54312,1,1,5,1,RD 910,48.923197,6.092308
202000012982,25,2,2020,15,1,978,97801,1,1,1,7,la savane,18.077963,-63.029051
202000012983,29,2,2020,11,1,13,13051,1,1,8,1,Route des Baisses,43.54043,5.148191
202000012984,28,2,2020,14,1,34,34337,2,3,1,3,156 Chemin de la Mosson,43.535131,3.862016
202000012985,27,1,2020,10,1,60,60029,1,1,8,1,D2,49.385264,1.961768
202000012986,2,3,2020,10,1,35,35210,1,1,6,6,Pacé,48.150248,-1.727135
202000012987,26,1,2020,17,2,45,45224,1,9,1,6,79 Rue de Rebréchien,48.0476362,2.0504235
202000012988,29,2,2020,14,1,95,95151,1,1,6,2,RD 3 ,49.0582646,2.2773966
202000012989,26,1,2020,16,1,43,43216,2,1,8,7,Rue de chabron,45.121832,3.810464
202000012990,2,3,2020,13,1,13,13037,2,3,2,7,Avenue du Général de Gaulle,43.55064,5.202987
202000012991,26,1,2020,12,1,40,40282,2,1,1,2,5 Avenue de l'Armagnac,43.77133,-0.56969
202000012992,28,2,2020,17,1,13,13037,2,3,7,1,Avenue Vincent de Forbin,43.554182,5.200648
202000012993,3,3,2020,17,1,973,97309,2,2,1,1,Avenue Cyprien Gildon,4.913374,-52.280105
202000012994,26,1,2020,21,3,85,85213,1,6,2,5,D746,46.622599,-1.368538
202000012995,27,2,2020,20,5,973,97309,2,3,1,1,Route de Montjoly,4.912663,-52.272633
202000012996,16,1,2020,16,1,28,28280,2,1,1,6,1 Rue de Sully,48.321238,0.821843
202000012997,26,2,2020,6,1,973,97309,2,3,1,1,Route de Montjoly,4.92292,-52.282265
202000012998,1,3,2020,16,1,69,69244,2,3,1,1,Rue des Bruyères,45.757845,4.750615
202000012999,26,1,2020,19,5,17,17347,2,2,1,3,Avenue du General de Gaulle,45.939832,-0.51148
202000013000,28,2,2020,17,1,01,01043,1,1,1,2,"A42, PK 009+800, sens GENEVE/LYON",45.82108,4.994241
202000013001,1,3,2020,12,1,06,06085,2,1,8,1,Avenue Saint-basile,43.604693,7.003111
202000013002,20,1,2020,19,3,17,17175,1,1,1,3,RD 52 Route de Sainte l'Heurine,45.554566,-0.346157
202000013003,26,1,2020,16,1,78,78143,1,9,1,2,RD938 PK11+100,48.726611,2.095047
202000013004,29,2,2020,8,1,38,38253,2,1,1,6,Chemin de la Soldanelle,45.01472,6.12554
202000013005,27,2,2020,15,1,67,67546,1,1,8,6,A4,48.7667246,7.6497871
202000013006,27,1,2020,5,3,67,67049,1,1,1,6,D84,48.5121016,7.6218369
202000013007,2,3,2020,8,1,90,90032,1,1,2,5,Autoroute A36 - PK 035.800,47.61945,6.858526
202000013008,15,1,2020,21,3,976,97602,1,1,1,1,Bandraboua,-12.709311,45.119106
202000013009,26,1,2020,21,2,03,03118,1,1,1,2,,46.0867328,3.1320085
202000013010,1,3,2020,3,3,49,49007,1,1,2,6,A11,47.494589,-0.568542
202000013011,17,1,2020,7,1,13,13069,1,6,1,2,7 Rue Cambo de Fedo,43.626178,5.150496
202000013012,1,3,2020,7,2,38,38237,1,1,5,6,D1091,45.03834,6.20848
202000013013,27,1,2020,8,1,973,97309,2,1,3,6,Route de Montjoly,4.914491,-52.274296
202000013014,2,3,2020,14,1,26,26247,1,1,8,4,Route de LYON,45.158012,4.832182
202000013015,27,1,2020,15,1,33,33122,1,1,2,6,151 Av Saint Jacques de Compostelle,44.72277,-0.68458