Num_Acc,jour,mois,an,hr,condition_eclairage,departement,commune,condition_agglomeration,intersection,condition_atmosphere,type_collision,adresse,lattitude,longitude
202000013016,26,2,2020,12,1,11,11210,1,1,2,2,A61,43.1701307,2.786665
202000013017,18,1,2020,16,1,06,06085,2,1,1,3,10 Avenue Saint-basile,43.605065,7.002073
202000013018,29,2,2020,6,3,30,30189,1,1,2,6,autoroute A9 Point Kilométrique 046+500,43.818597,4.373063
202000013019,2,3,2020,15,1,27,27517,1,1,8,6,A13,49.129513,1.320661
202000013020,24,1,2020,20,3,44,44026,1,1,1,1,A11,47.296346,-1.443758
202000013021,28,2,2020,16,1,987,98750,1,1,1,6,PK 6 DISTRICT DE AVERA,-16.837468,-151.403166
202000013022,27,1,2020,8,1,976,97607,2,1,1,6,Rue Boboka,-12.836328,45.17245
202000013023,2,3,2020,3,3,988,98830,2,1,2,7,RPN10,-20.7911,165.25482
202000013024,26,1,2020,23,3,974,97419,2,1,1,6,328 - Route Nationale 2,-21.1529354,55.8210973
202000013025,1,3,2020,13,1,988,98826,1,1,1,6,lieu dit Néhoué,-20.418084,164.225264
202000013026,27,1,2020,8,1,973,97311,1,1,2,6,390 Avenue Jean Galmot,5.492384,-53.971526
202000013027,24,2,2020,17,1,988,98803,1,1,1,6,"Creek Salé, Poé",-21.60643,165.378066
202000013028,26,1,2020,18,2,971,97119,1,1,1,1,Roujol,16.363154,-61.456967
202000013029,1,3,2020,7,1,974,97415,2,1,1,1,Rue de la Cheminee,-21.041984,55.220383
202000013030,25,1,2020,6,1,977,97701,2,9,1,3,la grande saline,17.89734,-62.828633
202000013031,28,2,2020,19,2,974,97408,2,4,2,3,11 Rue de la Roche Glisse,-20.9656137,55.3325753
202000013032,28,2,2020,14,1,973,97303,1,1,1,7,mamaribo,5.517639,-53.364308
202000013033,25,1,2020,17,1,971,97131,2,1,1,6,Rue du Marigot,15.870235,-61.579297
202000013034,22,1,2020,14,1,45,45332,2,1,1,6,3 rue de langesse,47.8644333,2.6597911
202000013035,22,1,2020,9,1,95,95554,1,1,7,4,RD 14 ,49.175279,1.752577
202000013036,25,2,2020,21,5,973,97304,2,9,1,3,44 Rue Magne Marcel,5.1595003,-52.6420541
202000013037,25,1,2020,13,1,84,84092,2,3,1,7,Chemin des Daulands,43.985412,4.873407
202000013038,27,1,2020,17,1,83,83023,1,1,1,6,Route de Cabasse,43.405016,6.15876
202000013039,27,1,2020,8,1,89,89388,1,1,3,-1,A6,47.945528,3.238735
202000013040,1,3,2020,3,5,971,97117,1,1,1,1,RN 5 - route de la baie,16.336438,-61.372842
202000013041,13,1,2020,7,1,971,97118,2,1,1,2,RN1,16.173173,-61.588326
202000013042,29,2,2020,19,3,971,97115,1,3,1,1,Impasse de Vincent N 1,16.272806,-61.656325
202000013043,4,3,2020,13,1,971,97131,1,1,1,7,Route de Bois Joli,15.862026,-61.595079
202000013044,27,1,2020,9,1,26,26168,1,1,9,2,D1075,44.667676,5.697377
202000013045,4,3,2020,8,1,971,97107,1,1,1,6,RN 1,16.054315,-61.567764
202000013046,27,1,2020,18,5,01,01032,2,1,1,6,Route de Geneve,45.856128,5.133888
202000013047,20,1,2020,15,1,33,33056,2,3,1,6,RUE DE FONGRAVEY / PARKING CENTRE DE LOISIRS FONGRAVEY,44.91736,-0.63275
202000013048,28,2,2020,21,5,33,33199,2,1,1,1,204 Av du Mal de Lattre de Tassigny,44.63645,-1.09034
202000013049,27,1,2020,15,1,22,22154,1,3,2,3,D786,48.5088526,-2.6091054
202000013050,16,1,2020,19,3,13,13202,2,1,1,3,A55-Sens Marseille vers Martigues,43.316243,5.364918
202000013051,26,1,2020,4,3,69,69152,1,1,8,6,A7   ,45.7077694,4.8303549
202000013052,25,2,2020,20,3,37,37258,1,1,1,6,3 Rue de la Carrerie,47.1653916,0.1488373
202000013053,26,1,2020,14,1,33,33162,1,1,3,6,ROCADE A 630 - Ech9 -,44.85898,-0.66207
202000013054,26,1,2020,15,1,91,91182,1,1,8,6,RN 104,48.61249,2.43054
202000013055,26,1,2020,11,1,91,91182,1,1,1,6,AUTOROUTE A6,48.62759,2.41363
202000013056,29,2,2020,10,1,45,45155,1,6,3,6,D940 - PR 25+30,47.744691,2.687058
202000013057,2,3,2020,19,3,77,77090,1,1,6,1,D619,48.5593291,3.1666047
202000013058,1,3,2020,13,1,77,77525,1,1,3,6,D27,49.012935,2.744801
202000013059,27,2,2020,14,1,91,91568,1,1,6,6,D132,48.579289,2.130989
202000013060,28,2,2020,10,1,91,91195,1,3,8,3,13 Rue Bardeau,48.448825,2.467064
202000013061,3,3,2020,18,3,78,78470,1,2,1,3,D176,48.578407,1.79877
202000013062,29,2,2020,17,1,2B,2B057,1,1,1,6,cd817,42.248455,9.528193
202000013063,27,2,2020,21,5,2B,2B148,2,1,1,1,route de l'aéroport,42.550014,9.454379
202000013064,26,1,2020,12,1,92,92025,1,1,1,2,A86,48.928511,2.2396123
202000013065,25,1,2020,22,5,92,92063,1,1,1,7,A86,48.8714572,2.157257
202000013066,28,2,2020,19,3,30,30307,1,1,8,6,N106,44.173159,4.048569
202000013067,29,2,2020,6,3,11,11076,1,1,1,6,D6113,43.330516,1.914539
202000013068,25,1,2020,16,1,78,78455,1,1,1,2,A13,48.860584,2.047465
202000013069,26,1,2020,20,3,95,95018,1,1,1,6,AUTOROUTE A15,48.9621,2.26845
202000013070,25,2,2020,11,1,11,11081,1,1,1,3,D11,43.307271,2.518187
202000013071,26,1,2020,6,3,77,77294,1,1,2,2,A104,48.9690359,2.600311
202000013072,25,1,2020,13,1,976,97611,2,1,1,3,vahibe-Vietnam (rue),-12.78766,45.17444
202000013073,24,1,2020,19,2,974,97409,1,9,1,3,RN2 SENS STE SUZANNE ST BENOIT,-20.95881,55.65733
202000013074,25,1,2020,1,5,69,69387,2,1,1,2,CHAMBAUD DE LA BRUYERE              (BD),45.722289,4.8421012
202000013075,25,1,2020,18,5,972,97209,2,1,1,3,BALATA (ROUTE DE),14.62069,-61.06944
202000013076,24,1,2020,21,4,972,97209,2,1,1,2,RD 41 (ROCADE),14.6109864,-61.08078
202000013077,25,1,2020,18,5,69,69034,2,1,1,3,PIERRE BRUNIER                      (R ),45.7884,4.8304
202000013078,25,1,2020,16,1,69,69389,2,1,1,2,SIDOINE APPOLINAIRE                 (AV),45.76923,4.79765
202000013079,25,1,2020,7,1,69,69385,2,3,1,6,CHAMPVERT (DE)                      (R ),45.7635995,4.7953514
202000013080,25,1,2020,21,5,91,91286,2,1,1,2,ROUTE NATIONALE 7,48.66637,2.39671
202000013081,25,1,2020,14,1,91,91223,2,6,1,2,MAI 1945 (AVENUE DU 8),48.43714,2.16313
202000013082,24,1,2020,12,1,91,91479,2,2,1,3,ALEXANDRE DUMAS (AVENUE),48.71041,2.35902
202000013083,25,1,2020,18,5,86,86194,2,1,1,6,Rue de la Chauvinerie,46.5868957,0.3286417
202000013084,25,1,2020,1,4,83,83137,2,1,8,6,WEYGAND (AVE GENERAL),43.12032,5.94901
202000013085,29,2,2020,19,5,34,34276,2,1,2,6,10 Avenue Coteaux de Montferrand,43.765992,3.865825
202000013086,25,1,2020,3,5,77,77442,2,1,1,2,ROYALE (RUE) - D210,48.42864,2.7501
202000013087,24,1,2020,15,1,76,76212,2,1,1,6,CARNOT. RUE SADI,49.44078,1.14662
202000013088,22,1,2020,8,1,76,76114,2,1,1,6,DAMBOISE ALCIDE (RUE),49.561,0.4739
202000013089,25,1,2020,14,1,74,74281,2,1,1,6,GENEVE (AVE DE) JUSQUE CROISEE ANTHY,46.35752,6.45034
202000013090,25,1,2020,14,1,64,64545,2,1,1,4,PAUL GELOS (RUE),43.37514,-1.67812
202000013091,25,1,2020,19,5,64,64348,2,1,1,6,CHARLES DE GAULLE,43.3063623,-0.4040372
202000013092,17,7,2020,12,1,94,94046,1,1,1,4,A86 INT,48.808614,2.4487946
202000013093,17,7,2020,5,3,94,94069,1,1,1,3,A4,48.8174408,2.4311863
202000013094,1,1,2020,15,1,93,93005,2,9,1,3,MARC CHAGALL (BOULEVARD),48.9516788,2.490499
202000013095,16,7,2020,17,2,974,97407,2,1,1,3,ROUTE DU SACRE COEUR,-20.95696,55.31402
202000013096,16,7,2020,7,1,974,97407,1,9,1,3,COMPAGNIE DES INDES (BD DE LA) ,-20.94535,55.32448
202000013097,15,7,2020,13,1,974,97407,2,3,1,6,Armand GENSONNE - RIV. DES GALETS,-20.9574,55.31278
202000013098,16,7,2020,15,1,69,69383,2,3,1,3,RANCY (DES)                         (R ),45.75614,4.8558
202000013099,16,7,2020,12,1,69,69388,2,2,1,6,EPARGNE (DE L')                     (R ),45.7416,4.8605
202000013100,16,7,2020,12,1,69,69383,2,1,1,2,VICTOR AUGAGNEUR                    (QU),45.76201,4.84125
202000013101,16,7,2020,10,1,69,69259,1,1,1,3,LAURENT BONNEVAY                    (BD),45.7192686,4.8788253
202000013102,16,7,2020,10,1,971,97101,1,3,1,1,PALAIS ROYAL,16.28863,-61.49514
202000013103,16,7,2020,17,1,91,91201,2,3,1,3,RIS (RUE DE),48.66431,2.41924
202000013104,16,7,2020,8,1,83,83069,2,1,1,3,Chemin Vx Chem de Toulon,43.12339,6.10138
202000013105,16,7,2020,5,5,80,80021,2,1,1,1,ROGER DUMOULIN (AVENUE),49.93521,2.28426
202000013106,13,7,2020,18,1,80,80021,2,1,1,2,QUATORZE JUILLET 1789 (AVENUE DU),49.870675,2.280253
202000013107,13,7,2020,14,1,80,80725,2,1,1,2,ALBERT CAMUS (RUE),49.87093,2.26047
202000013108,13,7,2020,12,1,80,80021,2,1,1,3,PAUL CLAUDEL (AVENUE),49.87552,2.27854
202000013109,16,7,2020,23,1,77,77288,2,1,1,2,LINGENFELD (AVENUE DE),48.54323,2.66003
202000013110,16,7,2020,9,1,76,76217,2,7,1,6,NATIONALE (PLACE),49.92,1.07963
202000013111,12,7,2020,3,3,74,74118,1,1,1,7,SAINT-JULIEN (ROUTE DE),46.17211,6.21537
202000013112,16,7,2020,6,1,74,74010,2,4,1,4,BROGNY (AVENUE DE) (SECTEUR 410),45.91946,6.12566
202000013113,11,7,2020,11,1,73,73065,2,1,1,4,D1006 GRAND VERGER (AVENUE DU),45.57977,5.9091
202000013114,15,7,2020,16,1,71,71306,2,1,1,5,ALOUETTES (AVENUE DES),46.6801461,4.3644529
202000013115,16,7,2020,13,1,62,62826,2,1,8,2,HERMITAGE (PLACE DE L'),50.518768,1.59482
202000013116,8,7,2020,11,1,61,61001,2,2,1,2,COLBERT (BOULEVARD),48.43644,0.07754
202000013117,15,7,2020,15,1,60,60057,2,1,1,4,Boulevard Saint - André,49.43361,2.09027
202000013118,14,7,2020,16,1,56,56260,1,1,2,7,RN 165 -SENS NANTES / LORIENT-,47.668568,-2.772973
202000013119,16,7,2020,13,1,54,54079,1,1,1,5,D657,48.87739,6.05794
202000013120,16,7,2020,17,1,45,45284,2,3,1,2,Rue Edouard Branly,47.91907,1.96015
202000013121,19,6,2020,19,1,44,44109,2,1,1,6,RUE PAUL BELLAMY,47.23187,-1.56469
202000013122,22,6,2020,19,1,44,44109,2,1,1,6,Allée Brancas,47.213901,-1.555707
202000013123,10,6,2020,11,1,41,41269,2,1,1,6,DUNANT (RUE HENRI),47.79854,1.06573
202000013124,16,7,2020,23,5,37,37122,2,1,1,7,DOUZILLIERE (RUE DE LA),47.3393284,0.6535388
202000013125,15,7,2020,12,1,37,37122,2,1,1,4,RD 37,47.346875,0.6462071
202000013126,16,7,2020,18,1,35,35238,2,1,1,4,LORIENT (DE),48.10715,-1.71902
202000013127,15,7,2020,16,1,35,35115,2,1,1,6,SAINT GERMAIN (BOULEVARD DE),48.35886,-1.20512
202000013128,14,7,2020,6,1,34,34032,2,1,1,1,CLEMENCEAU GEORGES (AVENUE),43.34825,3.21987
202000013129,16,7,2020,17,1,33,33281,2,1,1,6,PCE CHARLES DE GAULLE,44.8422,-0.64661
202000013130,16,7,2020,14,1,33,33249,1,1,1,6,RTE D'YVRAC,44.88026,-0.5043
202000013131,16,7,2020,8,1,33,33550,2,3,1,4,AVE DES PYRENEES / ALL JACQUES BREL,44.76825,-0.56366
202000013132,15,7,2020,15,1,32,32013,1,1,1,3,BARRAN (ROUTE DE),43.64444,0.52719
202000013133,15,7,2020,23,5,31,31555,2,1,1,6,RUE VINCENT VAN GOGH,43.56294,1.40155
202000013134,15,7,2020,15,1,31,31555,1,1,1,2,Rocade Arc en ciel,43.56948,1.3739
202000013135,16,7,2020,13,1,30,30189,2,2,1,3,MARECHAL JUIN (BOULEVARD),43.82102,4.3472
202000013136,29,6,2020,20,2,30,30007,2,1,1,6,MOULIN (GRAND' RUE JEAN),44.12232,4.07633
202000013137,15,7,2020,16,1,29,29254,1,1,1,-1, D19 - Route de Plouvorn,48.5754307,-3.8554294
202000013138,17,7,2020,1,5,17,17300,2,9,1,6,LOUIS   AVENUE DU FORT,46.1557,-1.171
202000013139,16,7,2020,14,1,17,17300,2,1,1,6,CHAUDRIER   RUE,46.16071,-1.15324
202000013140,16,7,2020,20,1,13,13216,2,1,1,7,RUISSEAU MI (RUE),43.35072,5.35123
202000013141,16,7,2020,17,1,13,13205,2,2,1,3,LOUBIERE (RUE DE LA),43.290491,5.3891113
202000013142,16,7,2020,0,5,13,13214,2,1,1,6,ROLAND DORGELES (BOULEVARD),43.346159,5.380639
202000013143,12,7,2020,0,5,13,13201,2,4,1,3,ADOLPHE THIERS (RUE),43.298529,5.385306
202000013144,16,7,2020,18,1,13,13028,2,1,1,6,KENNEDY (AVENUE PRESIDENT JOHN FITZGERAL,43.179276,5.603433
202000013145,16,7,2020,12,1,06,06127,2,1,8,-1,131 Avenue Charles de Caqueray,44.070742,7.254777
202000013146,16,7,2020,9,1,06,06088,2,3,1,6,SARAMITO (AV. GEN.),43.740658,7.307794
202000013147,16,7,2020,11,1,06,06123,2,1,1,6,OSSOLA JEAN BOULEVARD,43.66218,7.19359
202000013148,15,7,2020,15,1,05,05061,2,9,1,3,TOKORO ( RUE DE ),44.56664,6.09892
202000013149,16,7,2020,23,5,01,01053,2,3,1,1,TERRASSON ( RUE PIERRE),46.19114,5.23106
202000013150,16,7,2020,9,1,75,75118,2,4,1,2,AVENUE DE LA PORTE DE LA CHAPELLE,48.899523,2.359383
202000013151,16,7,2020,16,1,75,75117,2,5,1,3,AVENUE DE WAGRAM,48.880969,2.300305
202000013152,16,7,2020,17,1,75,75113,2,5,8,3,AVENUE DES GOBELINS,48.836775,2.351841
202000013153,15,7,2020,18,1,75,75113,2,3,1,3,BOULEVARD VINCENT AURIOL,48.834722,2.36698
202000013154,16,7,2020,10,1,75,75112,2,1,1,7,QUAI DE BERCY,48.83789,2.37668
202000013155,16,7,2020,15,1,75,75111,2,2,1,6,AVENUE PARMENTIER,48.868114,2.372461
202000013156,16,7,2020,18,1,75,75109,2,7,1,6,RUE DE BRUXELLES,48.883058,2.329413
202000013157,16,7,2020,9,1,75,75108,2,3,1,2,AVENUE DES CHAMPS ELYSEES,48.871383,2.302578
202000013158,16,7,2020,0,5,75,75108,2,1,1,6,AVENUE DES CHAMPS ELYSEES,48.870064,2.306749
202000013159,16,7,2020,13,1,75,75104,2,1,1,7,RUE DU RENARD,48.858071,2.351767
202000013160,16,7,2020,14,1,94,94068,2,2,1,3,DOCTEUR ROUX (R DU),48.787236,2.488521
202000013161,16,7,2020,18,1,94,94046,2,4,1,3,REPUBLIQUE (AV DE LA),48.800664,2.430693
202000013162,16,7,2020,16,1,94,94038,2,1,1,2,HENRI THIRARD (R),48.77824,2.34202
202000013163,16,7,2020,0,5,94,94073,2,1,1,3,STALINGRAD (BD DE),48.75778,2.36852
202000013164,16,7,2020,7,1,94,94033,2,1,2,4,MARECHAL DE LATTRE DE TASSIGNY (AV DU),48.85888,2.49089
202000013165,15,7,2020,0,5,94,94033,2,1,1,-1,REPUBLIQUE (AV DE LA),48.8525,2.464
202000013166,16,7,2020,20,1,94,94011,2,6,1,3,BICENTENAIRE.(AVENUE DU),48.76566,2.48872
202000013167,16,7,2020,13,1,93,93078,2,2,1,3,CLEMENCEAU (AVENUE GEORGES),48.95348,2.56288
202000013168,16,7,2020,18,1,93,93071,2,1,2,3,R D'AULNAY,48.93961,2.51299
202000013169,16,7,2020,15,1,93,93066,2,6,8,7,COKERIE,48.9209759,2.364278
202000013170,16,7,2020,11,1,93,93027,2,9,1,2,SALENGRO (AVENUE ROGER),48.9334501,2.3870749
202000013171,14,7,2020,11,1,92,92050,2,2,1,2,JOLIOT CURIE F. ET IRENE AVENUE  N°PAIRS,48.8936855,2.2120457
202000013172,15,7,2020,18,1,92,92050,2,2,1,3,PONS NOEL RUE,48.9040734,2.2191457
202000013173,16,7,2020,19,1,92,92026,2,2,1,3,ALBERT GLEIZES (AVENUE),48.892801,2.245234
202000013174,16,7,2020,0,5,92,92024,2,1,1,5,JEAN JAURES (BD) DE (111 A 159),48.9069505,2.3006261
202000013175,16,7,2020,11,1,92,92007,2,1,1,1,JAURES (AVENUE JEAN) N° 1 ET 2 A 24,48.8005737,2.3017202
202000013176,7,7,2020,19,1,91,91235,2,1,1,6,Rue Clément Ader,48.624076,2.364558
202000013177,17,7,2020,17,1,06,06161,1,1,1,3,Route du Bord de Mer,43.626601,7.133217
202000013178,17,7,2020,17,1,81,81040,1,1,1,2,D83,43.724591,2.055162
202000013179,16,7,2020,12,1,51,51217,2,6,1,7,Place du General de Gaulle,49.0745233,3.6383117
202000013180,15,7,2020,13,1,83,83086,1,1,1,2,Route Nationale 7,43.464795,6.537273
202000013181,16,7,2020,22,3,41,41296,1,1,1,7,A71 - sens 1 - PK 130.000,47.643954,1.943995
202000013182,15,7,2020,11,1,35,35363,1,1,8,4,RN 137,48.0033476,-1.6927879
202000013183,7,7,2020,9,1,83,83019,2,6,1,2,Avenue Lou Mistraou,43.13905,6.351589
202000013184,17,7,2020,7,1,72,72187,1,1,1,1,D338,47.809003,0.344568
202000013185,17,7,2020,7,1,41,41173,1,2,1,3,Route de Mézières,47.886104,1.531327
202000013186,16,7,2020,17,1,22,22114,1,1,1,6,Saint Régent,48.228529,-2.280865
202000013187,16,7,2020,19,2,74,74157,2,2,8,3,42 Chemin des Vallières,46.341217,6.515703
202000013188,10,7,2020,22,5,57,57191,2,3,1,3,1 Chemin des Vignes,49.363088,6.291314
202000013189,10,7,2020,18,1,19,19264,1,1,1,7,La Pradeau,45.2509153,2.1956187
202000013190,17,7,2020,5,2,79,79277,1,1,1,-1,,47.074516,-0.17711
202000013191,15,7,2020,12,1,2B,2B283,1,9,1,5,T10,41.8699,9.397227
202000013192,16,7,2020,15,1,32,32065,1,1,1,6,D939,43.656812,0.402975
202000013193,17,7,2020,0,3,55,55573,1,1,1,6,Route Nationale 4,48.690613,5.612147
202000013194,16,7,2020,21,2,42,42318,2,1,1,6,Route de Sauvessange,45.382335,3.9041
202000013195,16,7,2020,12,1,42,42092,2,2,1,3,Rue du 8 Mai,45.485793,4.379506
202000013196,12,7,2020,10,1,46,46328,1,1,1,6,D911,44.395451,1.706454
202000013197,15,7,2020,20,1,44,44056,2,3,1,3,Rue des Sports,47.40922,-1.794645
202000013198,17,7,2020,11,1,15,15004,1,1,8,7,RD 679,45.0617906,3.0844438
202000013199,17,7,2020,7,1,01,01034,2,3,1,3,381 Route du Bourg,45.76713,5.691535
202000013200,12,7,2020,15,1,26,26243,2,4,1,6,445 Montee de la Commanderie,44.533881,5.011514
202000013201,16,7,2020,15,1,06,06110,1,1,8,7,M30,44.096574,7.055932
202000013202,11,7,2020,11,1,14,14293,1,1,1,6,D143a,49.165936,0.377226
202000013203,16,7,2020,18,1,14,14406,2,3,7,3,1 Chemin de la Baronnie,49.252761,-0.560909
202000013204,12,7,2020,15,1,14,14377,1,1,1,7,D514,49.3355,-0.693884
202000013205,17,7,2020,16,1,14,14468,1,6,1,7,RD572,49.233094,-0.766958
202000013206,12,7,2020,10,1,50,50003,2,1,1,6,93 Avenue du Passous,49.04105,-1.582444
202000013207,14,7,2020,2,3,50,50072,1,1,1,7,Le Haut de Montsurvent,49.08628,-1.484123
202000013208,17,7,2020,3,5,60,60156,2,1,1,6,Rue de la Poste,49.441078,2.84489
202000013209,15,7,2020,15,1,18,18015,2,1,1,6,13 Avenue Charles Lefébvre,47.49153,2.43961
202000013210,20,6,2020,10,1,24,24312,2,1,1,1,D8,45.121918,0.715337
202000013211,17,7,2020,15,1,04,04108,1,3,1,2,RN 85,44.046612,6.047834
202000013212,17,7,2020,11,1,85,85023,1,1,1,2,D19,46.53795,-1.19877
202000013213,17,7,2020,10,1,52,52237,2,1,1,1,Rue de Champagne,48.266423,5.632451
202000013214,13,7,2020,14,1,88,88369,2,1,1,3,1 Rue du Champ,47.890069,6.72688
202000013215,17,7,2020,0,5,88,88288,2,2,1,6,3 Le Village,48.249158,6.156437
202000013216,15,7,2020,17,1,973,97309,2,3,1,3,Route de Rémire,4.9063442,-52.2730103
202000013217,17,7,2020,16,1,74,74221,1,1,1,3,D4,46.0065936,6.5177644
202000013218,9,7,2020,11,1,51,51454,1,1,1,2,A344,49.2339734,4.0393609
202000013219,16,7,2020,10,1,69,69007,1,9,1,4,Route Departementale 386,45.499803,4.827006
202000013220,9,7,2020,10,1,971,97125,2,1,1,2,Avenue de l'Europe,16.254658,-61.270055
202000013221,15,7,2020,13,1,30,30155,1,1,1,6,D999,43.829821,4.460621
202000013222,17,7,2020,0,3,11,11383,1,1,1,7,D113,43.360609,1.915226
202000013223,17,7,2020,17,1,34,34166,1,1,1,1,Chateau de Coussergues,43.352738,3.347998
202000013224,14,9,2020,14,1,57,57047,2,1,1,3,2 Rue du 3 Juin,49.104607,6.593825
202000013225,15,9,2020,11,1,74,74031,1,2,1,3,D1201,46.093926,6.103967
202000013226,13,7,2020,15,1,83,83053,1,1,1,5,Dn8,43.158361,5.835897
202000013227,17,7,2020,10,1,83,83115,2,9,1,6,Rue du Docteur Sigallas,43.311272,6.636209
202000013228,13,9,2020,17,1,73,73290,1,1,1,2,D1006,45.218514,6.9689729
202000013229,14,9,2020,9,1,44,44209,1,1,7,2,D49,47.32981,-1.657184
202000013230,17,7,2020,12,1,13,13022,1,1,1,5,D559,43.21818,5.580819
202000013231,15,9,2020,15,1,38,38442,1,1,1,6,pic de l'oreillette,45.348865,5.78059
202000013232,15,9,2020,16,1,38,38442,1,1,1,6,Les Marrons,45.323204,5.794709
202000013233,16,7,2020,17,1,88,88458,2,1,1,2,D157,48.392819,6.256724
202000013234,13,9,2020,2,3,40,40182,1,1,1,2,D66,44.070428,-1.17264
202000013235,13,7,2020,22,3,57,57160,1,1,1,6,N33,49.201043,6.725559
202000013236,14,9,2020,15,1,40,40125,2,1,1,7,Route de Bardeuy,43.648513,-1.053025
202000013237,15,9,2020,13,1,44,44047,1,1,1,7,Route de la Grande Vallée,47.224581,-1.776052
202000013238,17,7,2020,4,3,03,03120,1,3,1,2,,46.6294977,3.7082411
202000013239,11,9,2020,12,1,14,14365,2,2,1,3,Avenue Henri de Blagny,49.30142,-0.329594
202000013240,15,9,2020,17,1,76,76647,2,1,1,6,15 Rue Saint Michel,49.527905,0.359516
202000013241,12,9,2020,15,1,59,59507,1,1,1,-1,AUTOROUTE A1,50.608639,3.094384
202000013242,16,7,2020,17,1,69,69179,1,1,1,2,Route de Mornant,45.590814,4.727354
202000013243,10,9,2020,12,1,59,59183,1,1,1,2,AUTOROUTE A16,51.011473,2.340041
202000013244,11,7,2020,23,3,33,33553,1,1,1,2,N10,45.01705,-0.426702
202000013245,14,9,2020,17,1,91,91570,1,1,1,4,RN 104,48.6249,2.3287
202000013246,14,9,2020,8,1,91,91521,1,1,1,5,AUTOROUTE A6,48.6405,2.3939
202000013247,16,7,2020,22,3,85,85211,1,2,1,3,Le Tablier,46.59546,-1.53913
202000013248,14,9,2020,18,1,78,78455,1,1,1,3,A13,48.860237,2.048159
202000013249,17,7,2020,8,1,85,85300,1,3,1,3,RD 4,46.6548,-1.51025
202000013250,14,9,2020,17,1,93,93005,1,1,1,2,AUTOROUTE A3,48.96519,2.47547
202000013251,14,9,2020,13,1,95,95682,1,1,7,7,RN 104,49.0664897,2.3758992
202000013252,17,7,2020,14,1,22,22179,1,3,1,3,Le Pré Gas,48.639325,-2.375633
202000013253,14,9,2020,0,5,93,93066,1,1,1,2,AUTOROUTE A1,48.90257,2.3586
202000013254,17,7,2020,1,4,02,02282,1,1,1,2,D1044,49.555981,3.708529
202000013255,17,7,2020,8,1,59,59423,1,1,1,7,Rue de Cassel,50.660248,2.672168
202000013256,16,7,2020,14,1,13,13202,1,1,1,2,TVPCM-Sens Saint Victor vers Les Ports,43.291927,5.365982
202000013257,15,7,2020,12,1,13,13215,1,1,1,3,A55-Sens Martigues vers Marseille,43.35865,5.34412
202000013258,15,7,2020,17,1,13,13215,1,1,1,2,A7-Sens Lyon vers Marseille,43.35066,5.34236
202000013259,2,2,2020,18,5,69,69266,1,1,2,4,RD383   3.750 A 7.640,45.7648,4.9073
202000013260,15,7,2020,16,1,13,13215,1,1,1,2,A7-Sens Lyon vers Marseille,43.39056,5.35133
202000013261,13,9,2020,15,1,988,98818,2,2,2,3,AVENUE DES FRERES CARCOPINO,-22.2802,166.44328
202000013262,15,7,2020,10,1,13,13015,1,1,1,2,A51 vers Marseille,43.444789,5.395797
202000013263,13,9,2020,10,1,973,97302,2,1,7,3,MONTABO (ROUTE DE) 1,4.9421923,-52.3049855
202000013264,12,9,2020,16,1,973,97302,2,1,1,3,RABAN (ROUTE DE),4.9338726,-52.3135001
202000013265,12,9,2020,12,1,973,97302,2,3,1,3,TIGRE (ROUTE DU),4.9151791,-52.3107514
202000013266,12,9,2020,19,2,69,69387,2,1,1,3,LECLERC                             (AV),45.74489,4.83086
202000013267,11,7,2020,14,1,59,59449,1,1,1,2,AUTOROUTE A23,50.4691772,3.2318103
202000013268,11,7,2020,17,1,59,59574,1,1,1,6,AUTOROUTE A 21,50.3676171,3.2603817
202000013269,13,9,2020,2,5,69,69386,2,1,1,3,CHARLES DE GAULLE                   (QU),45.78485,4.85144
202000013270,12,7,2020,11,1,59,59143,1,1,1,2,AUTOROUTE A25,50.6568507,2.9043028
202000013271,13,9,2020,0,5,69,69383,2,1,1,3,CREQUI (DE)                         (R ),45.75927,4.84792
202000013272,13,9,2020,5,5,972,97213,1,9,1,3,VIEUX CHEMIN CALIFORNIE (RUE DU),14.61839,-61.03144
202000013273,12,9,2020,12,1,972,97209,1,1,1,3,BALATA (ROUTE DE),14.63415,-61.07308
202000013274,15,7,2020,22,3,91,91689,1,1,1,5,AUTOROUTE A6B,48.74344,2.32321
202000013275,13,9,2020,21,3,95,95252,2,1,1,7,CHEMIN NEUF (RUE DU),48.9774,2.2284
202000013276,15,7,2020,11,1,92,92050,1,1,1,2,A86,48.9044147,2.2078903
202000013277,16,7,2020,18,1,93,93064,1,1,1,3,AUTOROUTE A86,48.86859,2.48213
202000013278,13,9,2020,19,2,91,91174,2,3,1,2,Emile ZOLA (rue),48.6215,2.4662
202000013279,16,7,2020,11,1,95,95306,1,1,1,7, A15,49.00625,2.16409
202000013280,13,9,2020,14,1,91,91174,2,1,1,6,PAPETERIE(RUE),48.592848,2.469862
202000013281,15,7,2020,13,1,95,95277,1,1,1,6, A3,48.97381,2.488372
202000013282,12,9,2020,22,5,85,85191,2,3,1,3,Place Napoléon,46.67114,-1.42697
202000013283,15,7,2020,9,1,95,95678,1,1,1,2,RN 184,49.07316,2.23268
202000013284,13,9,2020,17,1,83,83137,2,2,1,-1,LYAUTEY (AVE MARECHAL),43.127907,5.922296