Num_Acc,jour,mois,an,hr,condition_eclairage,departement,commune,condition_agglomeration,intersection,condition_atmosphere,type_collision,adresse,lattitude,longitude
202000013285,16,7,2020,10,1,94,94028,1,1,1,2,RN406.Y,48.7747787,2.4444004
202000013286,13,9,2020,16,1,83,83137,2,2,1,2,CLEMENCEAU (BD GEORGES),43.12267,5.93918
202000013287,16,7,2020,8,1,94,94052,1,1,2,7,A86.EXT,48.8325671,2.4925325
202000013288,16,7,2020,7,1,94,94079,1,1,1,4,A4,48.8345879,2.5372206
202000013289,13,9,2020,19,1,69,69256,2,1,1,6,MARIUS GROSSO                       (R ),45.76303,4.93052
202000013290,13,5,2020,15,1,59,59588,1,4,1,3,BRANCHE VC 5,51.02263,2.41969
202000013291,13,9,2020,18,1,69,69266,2,1,1,3,GABRIEL PERI         (Rue),45.7711445,4.8641997
202000013292,15,7,2020,17,1,974,97411,2,2,1,6,Avenue de la victoire,-20.876631,55.447848
202000013293,13,9,2020,12,1,69,69266,2,1,1,6,LOUIS ADAM       (Rue),45.769,4.8718
202000013294,10,9,2020,10,1,62,62023,1,3,1,3,RD 943,50.5471,2.5236
202000013295,15,7,2020,18,1,69,69388,2,2,1,3,JOSEPH CHAPELLE                     (R ),45.73442,4.86609
202000013296,12,9,2020,22,5,62,62160,2,2,1,1,CAMP DE DROITE (Rue du),50.72735,1.6027
202000013297,14,7,2020,20,1,69,69383,2,1,1,3,GAMBETTA                            (CO),45.7512175,4.8547463
202000013298,8,9,2020,17,1,62,62263,1,1,1,3,WARLUS ( ROUTE DE),50.27745,2.68888
202000013299,15,7,2020,16,1,69,69385,2,1,2,7,CHOULANS (DE)                       (CH),45.7539,4.81731
202000013300,13,9,2020,21,5,59,59350,2,1,1,2,TOURNAI PONT DE,50.62231,3.0899
202000013301,15,7,2020,12,1,69,69202,2,1,8,4,MONTRAY (DE)                        (CH),45.73648,4.79736
202000013302,13,9,2020,20,5,37,37261,2,1,1,2,MALRAUX (QUAI ANDRE),47.3975885,0.6976161
202000013303,15,7,2020,11,1,69,69202,2,1,2,3,PRES (DES)                          (CH),45.745,4.794
202000013304,13,9,2020,14,1,35,35238,2,2,1,3,ALMA (DE L'),48.09738,-1.67509
202000013305,14,7,2020,10,1,69,69381,2,1,1,2,ST VINCENT                          (QU),45.7679018,4.8208655
202000013306,13,9,2020,0,5,34,34172,2,1,1,6,LIBERTE (AVENUE DE LA,43.61293,3.82283
202000013307,15,7,2020,14,1,2A,2A004,2,3,1,3,GRANDE ARMEE AVENUE,41.9265882,8.7290707
202000013308,13,9,2020,4,3,34,34003,2,1,1,7,CHIMINIE (F20 A H21,43.31118,3.49021
202000013309,13,9,2020,17,1,32,32013,1,1,1,7,BARRAN (ROUTE DE),43.629,0.5201
202000013310,13,7,2020,12,1,95,95428,2,1,1,3,SAINT PAUL   RUE,48.9924811,2.3114659
202000013311,13,9,2020,7,2,29,29051,1,1,1,7,D115 - Route d'Elliant,47.98968,-3.97996
202000013312,15,7,2020,21,2,91,91201,2,2,1,3,MARCEL LINARD(AVENUE),48.6929,2.41487
202000013313,13,9,2020,12,1,29,29039,2,6,1,6,Avenue Robert Jan,47.8778459,-3.9250284
202000013314,15,7,2020,7,1,91,91027,2,9,1,3,BENARD (AVENUE JEAN-PIERRE),48.711766,2.381103
202000013315,14,7,2020,0,5,87,87085,2,2,1,3,RUBEN (AVENUE ERNEST),45.8253,1.25091
202000013316,13,9,2020,9,1,17,17306,2,6,7,-1,HEDDE (AVENUE DANIEL),45.63644,-1.02872
202000013317,13,7,2020,16,1,85,85194,1,1,1,3,Rue des Plesses,46.49405,-1.74946
202000013318,13,9,2020,20,5,17,17300,2,1,1,7,REPUBLIQUE   BOULEVARD DE LA,46.14116,-1.15779
202000013319,13,7,2020,17,1,85,85191,2,2,1,3,Boulevard Stéphane Moreau,46.66403,-1.41116
202000013320,13,9,2020,4,5,17,17274,2,1,1,7,JOLIOT-CURIE   AVENUE,46.15559,-1.11026
202000013321,15,7,2020,17,1,83,83123,2,9,1,6,GARE (ROUTE),43.121674,5.818893
202000013322,13,9,2020,17,1,14,14118,2,3,1,1,CHERON (AVENUE HENRI),49.17134,-0.39897
202000013323,12,7,2020,19,1,83,83129,1,1,1,6,Corniche du Cros,43.079421,5.805374
202000013324,11,9,2020,18,1,13,13211,2,1,1,6,AUDIENCE (RUE DE L'),43.29656,5.485335
202000013325,10,7,2020,8,1,83,83123,2,1,1,2,GARE (ROUTE),43.121674,5.818893
202000013326,13,9,2020,12,1,13,13205,2,2,1,2,JEAN MOULIN (BOULEVARD),43.2923,5.40116
202000013327,13,7,2020,16,1,83,83069,2,1,1,3,MOULIN PREMIER ( CARREFOUR DU ),43.122,6.153
202000013328,14,7,2020,21,2,83,83118,1,1,1,3,ROUTE DE SAINT-BARTHÉLEMY,43.44334,6.90007
202000013329,13,9,2020,11,1,13,13205,2,2,1,3,FERRARI (RUE),43.2929,5.392929
202000013330,14,7,2020,1,3,77,77053,1,6,1,7,D316 - D319,48.6838245,2.6358316
202000013331,12,9,2020,20,5,13,13208,2,1,1,3,pointe rouge (ave),43.24753,5.3744
202000013332,14,7,2020,18,1,77,77186,1,2,1,3,RD 142 Glandée au grand veneur,48.48086,2.66698
202000013333,13,9,2020,12,1,13,13005,2,3,1,3,NATIONALE 8 DE PARIS A TOULON (ROUTE),43.28663,5.58579
202000013334,12,9,2020,19,1,13,13001,2,9,1,6,EUROPE (AV ),43.5240155,5.434009
202000013335,12,9,2020,12,1,11,11069,2,1,1,2,ROUMENS COMMANDANT -PAIRS,43.2104,2.353
202000013336,18,6,2020,16,1,74,74281,2,1,1,6,MOREL (RUE FRANCOIS),46.3698,6.4775
202000013337,13,9,2020,19,1,09,09122,2,1,1,6,DE GAULLE (AVENUE DU GENERAL),42.96356,1.608752
202000013338,13,9,2020,6,1,75,75106,2,1,1,6,BOULEVARD SAINT GERMAIN,48.851907,2.341078
202000013339,15,7,2020,5,5,64,64102,2,9,1,1,FAIENCERIE(Rond Point de la),43.49318,-1.49151
202000013340,13,9,2020,1,5,75,75106,2,2,1,1,RUE DE SEVRES,48.850236,2.324165
202000013341,13,7,2020,8,1,59,59178,2,2,1,3,RHIN ET DANUBE (RUE),50.39074,3.08103
202000013342,13,9,2020,7,2,75,75120,2,1,1,3,RUE D AVRON,48.85317,2.408757
202000013343,15,7,2020,13,1,57,57463,2,1,1,3,MERCY (RUE DE ),49.092,6.246
202000013344,13,7,2020,21,1,56,56121,2,3,1,1,FOCH (RUE  MARECHAL ),47.74965,-3.35965
202000013345,13,7,2020,20,1,55,55029,2,1,1,3,POINCARE ( BOULEVARD RAYMOND ),48.7760615,5.1571155
202000013346,12,9,2020,11,1,75,75120,2,2,1,6,BOULEVARD DAVOUT,48.849062,2.411536
202000013347,15,7,2020,9,1,54,54547,2,1,2,6,BARTHOU (BD LOUIS),48.6697453,6.1880352
202000013348,13,9,2020,16,1,75,75119,2,3,1,2,RUE DAVID D ANGERS,48.882595,2.390432
202000013349,15,7,2020,18,1,51,51454,2,1,1,7,Place du Forum,49.256244,4.0336432
202000013350,12,9,2020,21,5,75,75118,2,3,1,3,BOULEVARD ORNANO,48.892695,2.348826
202000013351,13,9,2020,19,2,75,75113,2,3,1,3,BOULEVARD VINCENT AURIOL,48.835483,2.36928
202000013352,13,9,2020,10,1,75,75113,2,1,1,3,QUAI D AUSTERLITZ,48.840258,2.37021
202000013353,13,9,2020,17,1,75,75112,2,1,1,3,AVENUE DE GRAVELLE,48.824085,2.426754
202000013354,13,9,2020,9,1,75,75111,2,1,1,6,RUE DE L ORILLON,48.869769,2.374907
202000013355,13,9,2020,3,5,75,75107,2,4,1,7,BOULEVARD SAINT GERMAIN,48.856378,2.325424
202000013356,13,9,2020,15,1,75,75101,2,3,1,3,BOULEVARD DE SEBASTOPOL,48.862918,2.350694
202000013357,13,9,2020,12,1,75,75101,2,1,1,7,SOUTERRAIN TUILERIES,48.860967,2.329259
202000013358,13,9,2020,8,1,75,75101,2,2,1,3,RUE DE RIVOLI,48.86093,2.34086
202000013359,12,9,2020,23,5,94,94078,2,1,1,2,PARIS (rue de ),48.74764,2.44649
202000013360,13,9,2020,15,1,93,93072,2,2,1,3,MAXIME GORKI (BOULEVARD) DES N°1 AU 87,48.9521,2.3847
202000013361,13,9,2020,18,1,93,93051,2,3,1,1,HETRES,48.82951,2.5606
202000013362,12,9,2020,23,5,93,93049,2,1,1,3,BD GALLIENI,48.8526443,2.5128443
202000013363,12,9,2020,23,4,93,93031,2,2,1,1,MARSEILLE (RUE DE),48.9581042,2.2938539
202000013364,13,9,2020,1,5,93,93027,2,9,1,6,HUIT-MAI-1945 (PLACE DU),48.9208,2.4103
202000013365,13,9,2020,11,1,93,93014,2,1,1,2,JEAN MOULIN (AVENUE),48.9079146,2.5555216
202000013366,5,9,2020,6,5,92,92033,2,1,1,7,ATHIME RUE,48.8448464,2.1869139
202000013367,13,9,2020,16,1,92,92040,2,1,1,6,GALLIENI (BOULEVARD),48.8228811,2.2679642
202000013368,13,9,2020,20,2,92,92012,2,1,1,2,ANDRE MORIZET (AVENUE) 1/47 - 2/52,48.8341813,2.2426471
202000013369,13,9,2020,19,1,92,92002,2,1,1,6,DIVISION LECLERC (53 A 217 - 58 A 186),48.7466486,2.3036477
202000013370,14,9,2020,7,1,37,37040,1,3,1,3,,47.0862736,0.4012294
202000013371,13,9,2020,15,1,16,16366,1,1,1,6,Lieu dit les Chardonnerets,45.611599,-0.229722
202000013372,12,9,2020,16,1,22,22361,1,2,1,-1,PONT HERY,48.590944,-2.943134
202000013373,14,9,2020,15,1,31,31547,2,1,1,6,Route de Fonsorbes,43.506357,1.299057
202000013374,14,9,2020,16,1,10,10349,1,1,1,1,D619,48.343201,4.008079
202000013375,12,9,2020,18,2,972,97226,1,1,1,1,Cap Chevalier,14.443814,-60.834648
202000013376,16,8,2020,14,1,972,97227,2,1,1,7,Quartier Trou au Diable,14.487612,-60.91824
202000013377,13,9,2020,19,1,29,29266,1,1,1,6,N12 - Saint-Thégonnec Loc-Eguiner,48.539938,-3.910403
202000013378,13,9,2020,16,1,59,59022,2,1,1,-1,Rue Henri Dhennin,50.52604,3.06242
202000013379,14,9,2020,9,1,65,65272,1,1,1,2,RD 817,43.199948,0.19519
202000013380,13,9,2020,19,1,22,22185,1,1,1,1,Les Champs Pledran,48.38132,-2.385031
202000013381,13,9,2020,9,1,22,22239,1,1,1,3,.,48.353283,-2.119943
202000013382,12,9,2020,22,3,51,51613,1,1,1,2,D944,49.184866,4.161329
202000013383,14,9,2020,8,1,2A,2A271,1,1,1,3,RT 22 Caldaniccia,41.953299,8.789181
202000013384,11,9,2020,16,1,31,31150,1,1,1,3,N224,43.661911,1.355186
202000013385,13,9,2020,15,1,71,71009,2,1,1,7,D2,47.084348,4.091592
202000013386,14,9,2020,11,1,80,80533,2,6,1,3,D925,50.059973,1.408975
202000013387,13,9,2020,21,3,55,55326,1,1,1,6,Chemin de la Forestiere,48.662233,5.254909
202000013388,14,9,2020,9,1,29,29086,1,3,1,6,D33 - 186 Lieu-dit le Bot,48.3593747,-4.2418375
202000013389,13,9,2020,18,3,68,68296,1,1,1,2,Autoroute 35,48.216054,7.401305
202000013390,14,9,2020,17,1,68,68155,1,1,1,7,D1b,48.102875,7.302979
202000013391,13,9,2020,9,1,39,39573,1,1,1,7,Rue de Choisey,47.045695,5.490224
202000013392,13,9,2020,15,1,25,25029,1,1,1,7,D67,47.02171,6.305187
202000013393,13,9,2020,18,1,29,29221,2,6,1,1,D27 - 8 Rue de l'Europe,48.510823,-4.764864
202000013394,13,9,2020,12,1,29,29235,2,1,1,7,Boulevard Léopold Maissin,48.395518,-4.417535
202000013395,13,9,2020,16,1,38,38271,2,1,1,6,Rue de la Libération,45.19324,5.82015
202000013396,14,9,2020,15,1,26,26108,1,9,1,3,Chaufonde  - D93,44.731099,5.015292
202000013397,13,9,2020,20,3,72,72161,1,9,1,7,vieille cour,47.761079,0.565444
202000013398,14,9,2020,8,1,72,72329,1,2,1,-1,24 Rue de la Pelouse,48.072437,0.301319
202000013399,12,9,2020,19,1,72,72230,1,1,1,7,La Palisse,47.853782,0.131246
202000013400,13,9,2020,23,3,50,50483,1,1,1,6,D972,49.103193,-1.162963
202000013401,10,9,2020,16,1,83,83145,1,1,9,1,D554,43.608488,5.950652
202000013402,13,9,2020,20,3,60,60441,1,1,1,3,Rue du Bois de Lihus,49.402372,2.621698
202000013403,13,9,2020,15,1,60,60206,1,1,1,7,D142,49.527927,2.816665
202000013404,13,9,2020,17,1,43,43012,2,1,1,1,37 Route de Saint-paul,45.3848029,4.2247962
202000013405,13,9,2020,4,5,43,43113,2,1,1,6,Chemin du Grand Pré,45.0021979,4.0051633
202000013406,12,9,2020,13,1,43,43092,1,1,1,6,Route de Tence,44.980805,4.227371
202000013407,12,9,2020,10,1,10,10011,1,1,1,7,Le Moulin Rouge,48.251948,4.750278
202000013408,15,8,2020,8,1,16,16106,1,1,1,6,Lieu dit Le Petit Couividat,46.028958,0.645972
202000013409,13,9,2020,16,1,21,21256,1,1,1,2,Rue de Bourgogne,47.3236503,5.3081775
202000013410,13,9,2020,20,3,40,40326,1,1,1,6,1382 Route de Pichelebe,43.915007,-1.321084
202000013411,11,9,2020,17,1,28,28273,1,2,1,3,D30,48.210218,1.008725
202000013412,14,9,2020,11,1,23,23016,1,1,1,6,D941,45.95814,2.014581
202000013413,13,9,2020,16,1,87,87046,1,4,7,3,D10,45.825181,1.045337
202000013414,14,9,2020,14,1,30,30004,1,1,1,7,D1,43.713425,4.214501
202000013415,13,9,2020,19,1,52,52470,2,3,1,3,1 Grande Rue,47.991745,5.738066
202000013416,14,9,2020,8,1,88,88468,2,3,7,3,35 Avenue de Verdun,47.883582,6.757842
202000013417,13,9,2020,18,1,21,21131,1,1,1,7,A36,47.032452,5.166166
202000013418,13,9,2020,14,1,62,62731,1,1,1,6,6 Rue de Saint-quentin,50.0848809,3.0364269
202000013419,12,9,2020,23,3,987,98740,2,1,1,6,Quai de Ohotu - Avatoru,-14.971926,-147.634438
202000013420,14,9,2020,13,1,973,97311,2,1,1,7,Route Saint Maurice,5.491261,-54.030665
202000013421,14,9,2020,4,3,973,97311,1,1,1,6,PK11 - 1975 rte de st jean,5.4046309,-54.062497
202000013422,10,9,2020,11,1,971,97116,1,1,1,6,Allee des Amandiers,16.35114,-61.455755
202000013423,12,9,2020,20,5,971,97128,1,1,1,6,Grands Fonds,16.262718,-61.425312
202000013424,12,9,2020,20,5,972,97230,2,1,1,1,Tartane,14.759897,-60.918127
202000013425,13,9,2020,9,1,29,29233,1,1,1,2,Gare de la Foret,47.843497,-3.57899
202000013426,11,9,2020,16,1,41,41269,2,3,1,3,Rue de la Tuilerie,47.807945,1.068833
202000013427,13,9,2020,14,1,37,37043,1,1,1,6,,47.514829,1.051653
202000013428,3,9,2020,12,1,45,45227,1,2,1,3,D953 PR 1 + 30,47.7189035,2.5767506
202000013429,15,8,2020,14,1,84,84004,1,1,1,-1,Avenue-jean-henri-fabre,44.100407,5.003929
202000013430,15,8,2020,23,3,84,84026,1,1,1,7,"1820, D943",43.750641,5.363796
202000013431,22,8,2020,18,1,83,83107,1,1,1,1,D559,43.355617,6.715227
202000013432,11,9,2020,2,3,13,13097,1,1,1,6,D113,43.639068,4.856826
202000013433,10,9,2020,11,1,71,71453,1,9,1,7,les têtes,46.2476645,4.0527548
202000013434,12,9,2020,7,2,38,38537,1,1,1,1,Rue des Alpes,45.628636,5.158607
202000013435,13,9,2020,9,1,26,26059,1,1,1,6,Route de l'Echarasson,44.9721,5.327103
202000013436,12,9,2020,10,1,07,07042,2,9,1,3,Intermarché (Carburant),44.382379,4.641665
202000013437,13,9,2020,20,3,17,17100,1,1,1,3,D24,45.686945,-0.432157
202000013438,12,9,2020,8,2,29,29179,1,1,1,6,6 Lieu-dit Kerfelgar,48.5198853,-4.3092629
202000013439,14,9,2020,12,1,80,80002,1,1,1,2,A1,49.835099,2.829159
202000013440,14,9,2020,8,1,80,80186,1,1,1,2,A1,49.806363,2.815075
202000013441,13,9,2020,18,1,13,13215,1,1,1,3,A7-Sens Lyon vers Marseille,43.3629105,5.3608507
202000013442,13,9,2020,18,1,13,13215,1,1,1,2,A7-Sens Lyon vers Marseille,43.359655,5.361986
202000013443,12,2,2020,21,3,13,13215,1,1,1,3,A7-Sens Lyon vers Marseille,43.36412,5.36108
202000013444,12,9,2020,19,2,13,13214,1,1,1,6,A7-Sens Lyon vers Marseille,43.3303,5.3777
202000013445,11,9,2020,17,1,13,13106,1,1,1,2,A7-Sens Lyon vers Marseille,43.39419,5.35095
202000013446,13,9,2020,18,1,91,91659,1,1,1,5,AUTOROUTE A6,48.59178,2.44516
202000013447,13,9,2020,3,3,91,91659,1,1,1,2,AUTOROUTE A6,48.58919,2.44794
202000013448,13,9,2020,15,1,92,92036,1,1,1,2,A86,48.9360068,2.2884313
202000013449,13,9,2020,0,3,78,78297,1,1,1,6,RN12,48.78775,2.06558
202000013450,12,9,2020,16,1,78,78073,1,1,1,2,N12Y,48.798698,2.00284
202000013451,13,9,2020,18,1,93,93008,1,1,1,-1,AUTOROUTE A86,48.90859,2.45033
202000013452,13,9,2020,16,1,93,93053,1,1,1,2,AUTOROUTE A3,48.89504,2.47121
202000013453,13,9,2020,15,1,93,93066,1,1,1,4,AUTOROUTE A1,48.91936,2.35753
202000013454,13,9,2020,13,1,93,93007,1,1,1,2,AUTOROUTE A1,48.95493,2.45731
202000013455,13,9,2020,8,1,93,93053,1,1,1,6,AUTOROUTE A3,48.88381,2.46674
202000013456,13,9,2020,9,1,95,95212,1,1,1,2,A1,49.02593,2.53647
202000013457,12,9,2020,21,3,93,93039,1,1,1,5,AUTOROUTE A86,48.92747,2.33354
202000013458,13,9,2020,17,1,94,94044,1,1,1,6,RN406.Y,48.7635558,2.4647593
202000013459,13,9,2020,12,1,94,94069,1,1,1,2,A4,48.8173718,2.4349508
202000013460,13,9,2020,9,1,94,94046,1,1,1,2,A86 EXT,48.805206,2.4488296
202000013461,12,9,2020,20,3,94,94046,1,1,1,2,A86 EXT,48.8118278,2.4491292
202000013462,12,9,2020,20,3,94,94017,1,1,1,4,A86.INT,48.8297175,2.4830468
202000013463,12,9,2020,21,3,974,97416,1,1,1,6,ANCIENNE RN 1,-21.32225,55.44484
202000013464,12,9,2020,16,1,974,97409,2,1,1,2,Chemin Lagourgue,-20.944231,55.66692
202000013465,12,9,2020,9,1,973,97302,2,1,1,7,ZEPHIR (ROCADE),4.9375613,-52.3067159
202000013466,11,9,2020,21,4,973,97302,1,1,1,-1,ROUTE NATIONALE 3,4.9052289,-52.3198128
202000013467,12,9,2020,22,5,69,69383,2,3,1,3,DOCTEUR LONG (DU)                   (CO),45.751,4.8891
202000013468,12,9,2020,9,1,69,69386,2,2,1,1,BROTTEAUX (DES)                     (BD),45.7691421,4.8570241
202000013469,12,9,2020,5,4,69,69383,2,1,1,6,VICTOR AUGAGNEUR                    (QU),45.7615124,4.841193
202000013470,11,9,2020,7,1,69,69388,2,2,1,3,ST MAURICE                          (R ),45.74189,4.86694
202000013471,12,9,2020,4,5,972,97209,2,1,1,6,CASE (RUE DE LA),14.60818,-61.06127
202000013472,12,9,2020,18,1,69,69034,2,1,1,3,MARGNOLLES (DE)                     (R ),45.78878,4.84477
202000013473,10,9,2020,11,1,95,95680,2,2,1,6,REPUBLIQUE (RUE DE LA),49.0015728,2.3847218
202000013474,11,9,2020,20,2,91,91027,2,3,1,7,DIX HUIT AVRIL (AVENUE DU),48.702439,2.387869
202000013475,12,9,2020,9,1,82,82121,2,6,1,3,ITALIE (AVENUE D'),43.9824539,1.3308665
202000013476,16,6,2020,9,1,73,73089,1,1,1,6,A43,45.5325101,6.1254528
202000013477,15,6,2020,7,1,01,01067,1,1,1,2,A40,46.127401,5.501415
202000013478,15,6,2020,4,3,86,86116,1,1,3,6,Autoroute A10,46.48096,0.066905
202000013479,16,6,2020,20,5,971,97103,1,1,2,4,N1,16.254055,-61.57153
202000013480,16,6,2020,17,1,45,45316,1,1,1,2,rd2060 - pk 58+300,47.947042,2.368498
202000013481,24,5,2020,19,1,95,95651,2,1,1,2,30 Avenue des Millonets,49.063913,1.709683
202000013482,12,6,2020,13,1,57,57507,1,2,1,5,D73,49.158046,6.559063
202000013483,14,6,2020,14,1,73,73178,1,1,1,3,D911,45.694497,6.127281
202000013484,17,6,2020,9,1,73,73329,1,6,2,3,Rue de la Francon/ D1504,45.6163252,5.8846138
202000013485,16,6,2020,16,1,09,09236,1,1,2,1,Sentier de Lassalle a Beziou,42.932327,1.618209
202000013486,18,5,2020,11,1,60,60009,1,6,1,2,RN31,49.400411,2.130983
202000013487,15,6,2020,19,1,13,13055,1,1,1,4,A507 sens Marseille - Aubagne,43.32984,5.4067
202000013488,15,6,2020,16,1,13,13215,1,1,1,4,A7-Sens Marseille vers Lyon,43.3493,5.3697
202000013489,15,6,2020,13,1,13,13028,1,1,1,2,A50-Sens Toulon vers Aubagne,43.208406,5.585475
202000013490,21,2,2020,10,1,69,69297,1,1,1,3,A46S   61.220 A 62.000,45.5895,4.80642
202000013491,16,6,2020,16,1,33,33013,1,1,1,3,ROUTE NATIONALE 230,44.85283,-0.50509
202000013492,16,6,2020,8,1,91,91589,1,1,1,5,AUTOROUTE A6,48.682,2.3301
202000013493,15,6,2020,21,2,91,91689,1,1,1,3,AUTOROUTE A6,48.73232,2.31565
202000013494,16,6,2020,0,4,92,92025,1,1,1,6,A86,48.9279,2.2379
202000013495,16,6,2020,0,1,78,78029,1,1,1,-1,A12 Y,48.967752,1.856981
202000013496,14,6,2020,4,3,95,95306,1,1,1,2,A15,49.01027,2.15491
202000013497,16,6,2020,16,1,77,77373,1,1,1,-1,RN104,48.7783753,2.6148132
202000013498,16,6,2020,6,1,94,94033,1,1,1,3,A86.EXT,48.85129,2.49064
202000013499,1,4,2020,22,5,2B,2B033,2,9,1,2,MACCHIONE - CHEMIN DU,42.405,9.2612
202000013500,25,2,2020,20,5,34,34172,2,1,1,6,SORBES (RUE DE LAS,43.615115,3.854533
202000013501,14,2,2020,20,3,02,02722,2,2,2,6,PASLY ( AVENUE DE ),49.38925,3.31315
202000013502,14,6,2020,11,1,974,97416,2,1,1,2,PATATES (CHEMIN MARCEL),-21.28233,55.48093
202000013503,14,6,2020,16,1,974,97411,2,2,1,3,Route de la Rivière des Pluies,-20.9014001,55.5018
202000013504,15,6,2020,19,1,69,69387,2,2,1,4,YVES FARGES                         (BD),45.74338,4.83425
202000013505,15,6,2020,18,1,69,69259,2,1,1,6,JEAN CAGNE                          (AV),45.6941441,4.8747222
202000013506,14,6,2020,9,1,69,69385,2,1,1,7,CHOULANS (DE)                       (CH),45.7529,4.82
202000013507,14,6,2020,18,5,971,97101,1,1,1,3,Rue des Orangers,16.29173,-61.49065
202000013508,14,6,2020,19,1,2A,2A004,1,1,1,-1,MARINES DU RICANTO RTE CAMPO DEL ORO,41.9284733,8.7733569
202000013509,15,6,2020,7,1,2A,2A004,2,3,1,6,NAPOLEON COURS AVANT BEVERINI,41.9198771,8.7369769
202000013510,12,6,2020,12,1,91,91589,2,2,1,3,SALENGRO (AVENUE ROGER),48.68209,2.3402
202000013511,13,6,2020,18,1,91,91312,2,1,1,1,JEAN JAURES (AVENUE),48.74028,2.23122
202000013512,15,6,2020,19,1,91,91161,2,1,1,6,MASSY (ROUTE DE),48.71272,2.30545
202000013513,12,6,2020,17,1,85,85194,2,1,3,3,Rue de la Croix Blanche,46.49312,-1.75471
202000013514,11,6,2020,13,1,83,83129,2,1,1,3,KENNEDY (AVENUE J.)N°PAIRS 2A2560,43.108029,5.831597
202000013515,15,6,2020,23,5,83,83069,2,6,1,3,QUINZIEME CORPS (RUE DU),43.1212257,6.1378355
202000013516,14,6,2020,20,3,82,82121,2,1,1,1,CORBARIEU D 21 (ROUTE DE),43.9787,1.3565
202000013517,14,6,2020,21,1,79,79191,2,2,1,3,8 Rue de l'Huilerie,46.32186,-0.46319
202000013518,15,6,2020,14,1,78,78440,1,1,1,2,EUROPE (AVENUE DE L'),48.96985,1.9204
202000013519,15,6,2020,18,1,77,77514,2,1,1,6,NORMANDIE-NIEMEN (AVENUE),48.94935,2.61405
202000013520,12,6,2020,13,1,76,76540,2,2,1,3,RONDEAUX. AVENUE JEAN,49.43446,1.07631
202000013521,13,6,2020,19,1,76,76451,2,3,1,3,PASTEUR. RUE LOUIS,49.45735,1.08111
202000013522,15,6,2020,13,1,76,76351,2,1,1,-1,REPUBLIQUE (COURS DE LA),49.49304,0.12433
202000013523,14,6,2020,2,3,74,74094,2,2,1,6,THONON (ROUTE DE),46.2030152,6.2822539
202000013524,15,6,2020,17,1,69,69256,2,1,1,5,GRANDCLEMENT                        (AV),45.770509,4.9216336
202000013525,14,6,2020,9,1,69,69256,2,1,1,6,GABRIEL PERI                        (AV),45.77146,4.90836
202000013526,15,6,2020,18,1,68,68224,2,1,2,1,Rue de Thann,47.74956,7.3065
202000013527,15,6,2020,17,1,68,68224,2,3,1,3,KINGERSHEIM (RUE DE),47.765329,7.325152
202000013528,13,6,2020,16,1,67,67365,2,1,1,3,BOHRIE (ALLEE DU),48.54866,7.70093
202000013529,12,6,2020,15,1,67,67482,2,3,1,3,NEUHOF (ROUTE),48.5518,7.76615
202000013530,14,6,2020,12,1,66,66136,2,1,1,1,ROTTERDAM (ROND POINT DE),42.69381,2.85036
202000013531,15,6,2020,20,1,65,65440,2,1,1,1,BRIAND (AVENUE ARISTIDE),43.22586,0.06694
202000013532,15,6,2020,11,1,64,64483,2,1,1,3,LARRAMENDY PIERRE (AVENUE),43.38483,-1.66156
202000013533,14,6,2020,13,1,64,64445,2,3,1,7,LEON BLUM,43.31711,-0.33044
202000013534,14,6,2020,15,1,60,60463,2,1,1,6,,49.28182,2.4616
202000013535,14,6,2020,3,5,59,59350,2,1,1,6,FAISAN RUE,50.632515,3.054012
202000013536,12,6,2020,20,1,59,59178,2,1,1,6,SAINT SULPICE (RUE),50.37627,3.08512
202000013537,14,6,2020,9,1,56,56162,2,1,1,1,FORT BLOQUE (ROUTE DU),47.7386,-3.45397
202000013538,15,6,2020,16,1,54,54395,2,1,1,3,LOBAU (BOULEVARD),48.6898779,6.1936176
202000013539,9,6,2020,12,1,54,54184,2,1,1,2,FOCH (AVENUE),48.7032533,6.2172717
202000013540,14,6,2020,12,1,54,54328,2,6,1,3,RD 570,48.6189122,6.1768306
202000013541,14,6,2020,5,2,54,54395,2,1,2,4,BOUDONVILLE (RUE DU MOULIN DE),48.6980295,6.1651152
202000013542,14,6,2020,18,1,54,54253,2,3,1,-1,VERDUN (RUE DE),49.19228,5.90806
202000013543,15,6,2020,19,1,45,45284,2,1,1,6,Rue de la Burelle,47.9126936,1.9443728
202000013544,15,6,2020,17,1,45,45062,1,1,2,7,D702- PR 4+620,47.9679935,1.8672688
202000013545,15,6,2020,7,1,45,45232,2,3,1,1,Rue de la Belle Croix,47.8463385,1.9071197
202000013546,12,6,2020,19,1,44,44162,2,1,3,3,PLACE DU NOUVEAU MONDE,47.22312,-1.62639
202000013547,15,6,2020,11,1,38,38185,2,3,1,1,Rue de Stalingrad,45.16462,5.72398
202000013548,15,6,2020,18,1,37,37261,2,1,8,4,MIRABEAU (PONT),47.3989895,0.7000709
202000013549,14,6,2020,4,5,37,37261,2,6,1,7,DANIEL MAYER,47.4187903,0.7043334
202000013550,15,6,2020,18,1,35,35238,2,1,1,3,,48.10769,-1.65147