Num_Acc,jour,mois,an,hr,condition_eclairage,departement,commune,condition_agglomeration,intersection,condition_atmosphere,type_collision,adresse,lattitude,longitude
202000013551,15,6,2020,16,1,35,35206,2,1,2,2,RN136,48.08001,-1.68221
202000013552,15,6,2020,18,1,33,33281,2,3,1,4,AVE DE L'YSER / RUE GEORGES COURTELINE,44.841973,-0.6626002
202000013553,14,6,2020,1,5,33,33529,2,1,2,6,OCEAN (143 BD DE L'),44.62575,-1.20209
202000013554,8,6,2020,13,1,32,32013,1,1,1,6,TOUGEY (CHEMIN DE),43.64532,0.54522
202000013555,15,6,2020,7,1,31,31557,2,1,1,1,MARQUISAT (AV DU),43.56935,1.33336
202000013556,12,6,2020,20,1,31,31149,2,1,1,3,CHEMIN DE BELLEVUE,43.60443,1.34317
202000013557,14,6,2020,21,2,30,30189,2,1,1,-1,MAS DE VIGNOLLES (ALLEE OU CHEMIN),43.819964,4.362592
202000013558,15,6,2020,7,1,17,17380,1,1,1,1,RD 25,45.65896,-1.12693
202000013559,15,6,2020,12,1,17,17142,1,3,1,3,Route de Belle Croix,46.16721,-1.09229
202000013560,15,6,2020,18,1,13,13215,2,1,1,3,MIMET (CHEMIN DE),43.376795,5.356863
202000013561,15,6,2020,18,1,13,13216,2,1,1,6,LITTORAL (CHEMIN DU),43.35392,5.33213
202000013562,14,6,2020,23,5,13,13211,2,1,1,-1,POMME (BOULEVARD DE LA ),43.2928,5.4571
202000013563,10,6,2020,15,1,13,13005,2,1,1,3,CIOTAT (ANCIENNE ROUTE DE LA),43.28598,5.5808
202000013564,15,6,2020,18,1,13,13001,2,1,1,6,RD9,43.50448,5.3939
202000013565,15,6,2020,5,1,13,13001,1,1,1,3,RD9,43.4552368,5.3155191
202000013566,15,6,2020,20,1,10,10343,2,1,1,2,VERRIERES (RUE),48.2673,4.1075
202000013567,15,6,2020,13,1,06,06069,2,1,1,7,VIVIER (CHEMIN DU),43.626873,6.917707
202000013568,15,6,2020,13,1,06,06029,2,1,1,6,MAUBERT (RONT POINT GAL),43.55082,7.03063
202000013569,14,6,2020,16,1,06,06027,2,2,1,3,JUIN BOULEVARD MARECHAL,43.6586,7.150909
202000013570,15,6,2020,8,1,75,75120,2,7,1,6,RUE DES PYRENEES,48.864782,2.398602
202000013571,15,6,2020,16,1,75,75119,2,1,1,3,AVENUE SIMON BOLIVAR,48.876118,2.380759
202000013572,14,6,2020,19,1,75,75116,2,1,1,3,BOULEVARD EXELMANS,48.842656,2.261083
202000013573,15,6,2020,16,1,75,75115,2,4,1,6,RUE DE VAUGIRARD,48.839836,2.30207
202000013574,15,6,2020,16,1,75,75113,2,1,1,3,RUE ESQUIROL,48.835071,2.360414
202000013575,15,6,2020,7,1,75,75112,2,1,1,2,QUAI DE BERCY,48.834005,2.38213
202000013576,15,6,2020,8,1,75,75109,2,5,1,6,RUE AUBER,48.87305,2.328302
202000013577,15,6,2020,18,1,75,75104,2,1,1,6,RUE SAINT ANTOINE,48.855077,2.361032
202000013578,14,6,2020,15,1,75,75104,2,1,1,7,QUAI DE L HOTEL DE VILLE,48.853624,2.35703
202000013579,15,6,2020,16,1,94,94046,2,2,1,3,REPUBLIQUE (AV DE LA),48.806546,2.44332
202000013580,15,6,2020,5,2,94,94076,2,1,1,5,PAUL VAILLANT COUTURIER (AV),48.79446,2.35837
202000013581,14,6,2020,19,1,94,94033,2,1,1,3,PARMENTIER (AV),48.854893,2.455976
202000013582,8,6,2020,8,1,94,94033,2,1,1,6,GALLIENI (BD),48.84856,2.47786
202000013583,15,6,2020,15,1,94,94069,2,1,8,3,MARECHAL LECLERC (R DU),48.81713,2.4536
202000013584,15,6,2020,18,1,94,94017,2,3,1,1,MAURICE THOREZ (AV),48.80712,2.53562
202000013585,15,6,2020,10,1,94,94017,2,1,1,3,GENERAL DE GAULLE (AV DU),48.82535,2.50232
202000013586,15,6,2020,12,1,94,94071,2,2,1,3,GENERAL LECLERC (R DU),48.78085,2.5122
202000013587,15,6,2020,0,5,93,93066,2,2,1,3,DE PRESSENSE FRANCIS,48.9232045,2.3701352
202000013588,14,6,2020,20,1,93,93066,2,1,1,5,AV DU STADE DE FRANCE,48.91857,2.36182
202000013589,15,6,2020,17,1,93,93064,2,1,1,3,FAIDHERBE (ALLEE),48.9105013,2.5214225
202000013590,14,6,2020,14,1,93,93053,2,1,1,6,PARIS (RUE DE),48.903,2.46609
202000013591,15,6,2020,15,1,93,93048,2,1,1,6,ARISTIDE BRIAND (BOULEVARD),48.8751922,2.4552385
202000013592,15,6,2020,15,1,93,93029,2,1,1,6,AV HENRI BARBUSSE,48.922494,2.456774
202000013593,14,6,2020,21,1,93,93005,2,2,8,3,RTE DE MITRY / R DE SEVRAN,48.940241,2.502183
202000013594,13,6,2020,16,1,92,92036,2,2,1,4,GABRIEL PERI (AVENUE) (147/177),48.926743,2.294654
202000013595,15,6,2020,16,1,92,92035,2,9,1,3,National ( boulevard ),48.905401,2.239025
202000013596,15,6,2020,17,1,92,92062,2,1,1,3,WALLACE (BD RICHARD) DU 2 AU 28 ET DU 1,48.8785323,2.2422769
202000013597,14,6,2020,21,1,92,92023,2,6,1,7,EUGENE BEAUJARD (CARREFOUR),48.7895409,2.252605
202000013598,15,6,2020,12,1,92,92012,2,1,1,5,EDOUARD VAILLANT (AVENUE) DEBUT/56 - COT,48.835687,2.249886
202000013599,16,6,2020,15,1,28,28161,1,1,8,6,A11,48.241299,1.09609
202000013600,15,6,2020,16,1,62,62228,1,1,3,6,D217,50.78769,1.973106
202000013601,16,6,2020,9,1,12,12197,2,1,1,3,68 Avenue d'Albi,44.035186,2.528969
202000013602,12,6,2020,17,1,35,35124,1,1,8,4,Grand-Fougeray,47.752482,-1.714962
202000013603,16,6,2020,20,2,60,60658,1,1,1,1,,49.2359821,3.0333488
202000013604,15,6,2020,16,1,30,30315,1,1,1,7,20 Avenue du Hameau,43.947389,4.687053
202000013605,14,6,2020,11,1,30,30334,1,2,1,1,D979,44.040928,4.40702
202000013606,15,6,2020,16,1,34,34095,1,1,1,6,Voie Communale Ancienne Voie Romaine,43.564295,3.776118
202000013607,15,6,2020,6,1,19,19140,2,1,9,6,Lieu-dit le Chambon,45.0771242,1.9301418
202000013608,15,6,2020,8,1,56,56020,1,1,3,1,La Touche du Naie,47.770123,-2.453138
202000013609,15,6,2020,23,5,2B,2B049,1,6,1,6,Chemin de Pietralba,42.534947,8.81434
202000013610,14,6,2020,21,2,82,82148,2,1,1,6,D17,44.247897,1.612855
202000013611,15,6,2020,13,1,11,11106,2,1,1,-1,Avenue de Toulouse,43.230063,3.052343
202000013612,14,6,2020,14,1,42,42028,1,1,1,6,D29,45.271504,4.566708
202000013613,15,6,2020,11,1,68,68258,2,3,1,2,Rue de Mulhouse,47.830717,7.301053
202000013614,16,6,2020,9,1,22,22224,2,3,1,1,Route du Corvézou,48.721264,-3.481636
202000013615,16,6,2020,16,1,38,38124,1,1,1,-1,Route de Bugnon,45.603484,5.548875
202000013616,15,6,2020,10,1,70,70045,2,1,1,1,23 Grande Rue,47.335224,5.77773
202000013617,16,6,2020,15,1,70,70137,1,1,1,2,D49,47.516259,6.357737
202000013618,12,6,2020,20,2,72,72364,2,1,1,6,29 Rue Alexis Heurteloup,47.669,0.320063
202000013619,16,6,2020,12,1,06,06103,2,1,1,3,Avenue Philippe Corniglion,44.012949,7.308971
202000013620,15,6,2020,14,1,18,18218,2,1,1,7,12 Route du Coulis,46.990894,2.500902
202000013621,15,6,2020,8,1,07,07103,1,1,1,6,D120,44.965041,4.349813
202000013622,10,6,2020,18,1,07,07022,1,3,1,3,Intersection départementale 86 / route de Chomérac,44.721012,4.749015
202000013623,30,5,2020,11,1,28,28422,2,1,1,7,2 Rue de la Garenne,48.256113,1.570079
202000013624,16,6,2020,12,1,13,13091,2,1,1,6,6 Place de la Bascule,43.6211201,5.2980673
202000013625,14,6,2020,15,1,38,38339,2,2,1,3,Route d'Aillat,45.577624,5.174217
202000013626,16,6,2020,15,1,27,27679,2,3,2,1,Avenue Edmond Démolins,48.738666,0.911946
202000013627,16,6,2020,14,1,95,95509,2,1,1,6,RD 9Z,49.073944,2.495645
202000013628,15,6,2020,11,1,971,97128,1,1,1,6,Gentilly,16.274248,-61.366786
202000013629,16,6,2020,0,3,78,78310,1,1,1,6,Route de Champagne,48.784625,1.59225
202000013630,16,6,2020,13,1,30,30258,1,1,1,3,PR 17 route de nimes,43.692468,4.426868
202000013631,15,6,2020,3,3,30,30156,2,1,1,2,D6086,43.870008,4.455256
202000013632,16,6,2020,9,1,34,34157,1,2,1,3,Le Farlet,43.464196,3.552125
202000013633,16,6,2020,11,1,83,83077,1,1,1,2,D554,43.303179,5.987098
202000013634,15,6,2020,16,1,05,05077,1,1,8,1,D205t,44.689548,6.977649
202000013635,16,6,2020,1,3,63,63200,1,1,1,2,RD06,45.828291,3.219423
202000013636,16,6,2020,16,1,42,42129,2,3,1,6,19 Route de Lupé,45.363503,4.687214
202000013637,16,6,2020,16,1,38,38374,2,1,1,1,Route de Versin,45.639717,5.35559
202000013638,16,6,2020,11,1,26,26057,1,2,1,3,Route Charlemagne,45.01591,5.081614
202000013639,6,6,2020,14,1,86,86061,1,1,1,6,D148,46.144764,0.416365
202000013640,15,6,2020,22,3,86,86078,2,9,1,6,Avenue Maurice Bailly,46.135648,0.287234
202000013641,15,6,2020,18,1,60,60674,2,1,1,1,Rue Henri Potet,49.394403,2.925252
202000013642,14,6,2020,21,3,83,83062,1,1,1,6,A57,43.1436771,6.0210764
202000013643,2,6,2020,13,1,59,59609,1,1,1,4,AUTOROUTE A1,50.5723318,3.0799081
202000013644,15,6,2020,14,1,94,94021,1,1,1,7,AUTOROUTE A6B,48.77122,2.345
202000013645,14,6,2020,22,5,94,94037,1,1,1,7,AUTOROUTE A6B,48.8136,2.35582
202000013646,13,6,2020,10,1,78,78423,1,1,1,2,A12 W,48.797689,2.043573
202000013647,14,6,2020,11,1,93,93007,1,1,1,2,AUTOROUTE A1,48.94556,2.43991
202000013648,13,6,2020,20,1,95,95018,1,1,1,2, A15,48.96239,2.2665
202000013649,14,6,2020,5,3,92,92036,1,1,1,2,AUTOROUTE A15,48.94354,2.28737
202000013650,14,6,2020,4,4,95,95604,1,1,1,2,AUTOROUTE A1,49.10742,2.55141
202000013651,15,6,2020,9,1,94,94017,1,1,1,2,A4,48.8267112,2.5225883
202000013652,15,6,2020,8,1,94,94018,1,1,1,5,A4,48.82027,2.4027
202000013653,14,6,2020,22,3,94,94017,1,1,1,2,A4,48.83004,2.49702
202000013654,12,6,2020,23,5,94,94017,1,1,1,2,A4,48.8303229,2.4893496
202000013655,1,1,2020,16,1,09,09005,2,1,1,6,lieu dit castet,42.90976,1.251199
202000013656,14,6,2020,8,1,988,98818,2,3,1,6,RUE HONORE PANTALONI/RUE LOUIS MALAVAL,-22.23229,166.47187
202000013657,14,6,2020,19,1,69,69383,2,1,1,6,LIBERTE (DE LA)                     (CO),45.75943,4.84251
202000013658,14,6,2020,9,1,69,69383,2,1,1,1,144 Rue Ferdinand Buisson,45.75269,4.89768
202000013659,14,6,2020,4,5,69,69387,2,2,1,4,TONY GARNIER                        (AV),45.72632,4.83565
202000013660,14,6,2020,4,5,69,69383,2,2,1,3,VICTOR AUGAGNEUR                    (QU),45.7600234,4.8410161
202000013661,14,6,2020,15,1,69,69149,2,4,1,3,EMILE ZOLA                          (BD),45.71794,4.80855
202000013662,15,8,2020,12,1,94,94033,1,1,1,2,A86.INT,48.85007,2.49044
202000013663,13,8,2020,21,3,94,94081,1,1,2,4,A86 INT,48.7740995,2.4049404
202000013664,15,8,2020,7,2,973,97302,2,1,1,6,BADUEL (ROUTE DE),4.9338762,-52.3105431
202000013665,16,8,2020,1,5,69,69276,2,1,1,7,VIENNE (DE)                             ,45.66846,4.85937
202000013666,15,8,2020,20,1,69,69387,2,1,1,-1,MARSEILLE (DE)                      (R ),45.7545,4.8421
202000013667,15,8,2020,11,1,69,69387,2,1,1,2,GARIBALDI                           (R ),45.75019,4.85381
202000013668,16,8,2020,0,5,2B,2B037,2,1,1,-1,TOUTES RUES,42.61877,9.43712
202000013669,14,8,2020,11,1,2B,2B120,2,1,1,2,11 - RT,42.65912,9.44176
202000013670,15,8,2020,15,1,2A,2A004,2,1,1,1,ILES SANGUINAIRES ROUTE DES,41.9094153,8.6911642
202000013671,15,8,2020,8,1,2A,2A004,1,1,1,6,SARTENE ANCIENNE ROUTE,41.9292002,8.7677757
202000013672,15,8,2020,21,2,91,91692,2,9,1,6,ALSACE (AVENUE D'),48.686848,2.17105
202000013673,15,8,2020,21,5,91,91377,2,1,1,3,MARECHAL LECLERC (AVENUE DU),48.73598,2.301427
202000013674,14,8,2020,20,1,83,83069,2,1,1,3,GAMBETTA (AVENUE),43.117,6.1286
202000013675,15,8,2020,15,1,71,71153,2,1,1,7,REPUBLIQUE (AVENUE DE LA),46.80074,4.44528
202000013676,15,8,2020,16,1,64,64102,2,3,1,-1,HAYET (CHEMIN DE),43.49299,-1.45278
202000013677,14,8,2020,17,1,64,64024,2,2,1,6,BELIN (RUE DU BOIS),43.49277,-1.52384
202000013678,15,8,2020,12,1,54,54265,2,1,1,3,ERABLES (AVENUE DES),48.64323,6.18388
202000013679,16,8,2020,1,3,42,42044,2,1,1,6,Rue Maxime Gorki,45.40002,4.35183
202000013680,15,8,2020,9,1,37,37261,2,3,1,3,PONT CHER (AVENUE DE),47.3717135,0.6776775
202000013681,15,8,2020,9,1,33,33529,1,6,1,3,RD 1250 (CAMICAS-OUSTALET),44.62993,-1.15683
202000013682,15,8,2020,10,1,30,30189,2,3,1,3,DAYAN GEORGES (AVENUE),43.814,4.328
202000013683,14,8,2020,17,1,29,29254,2,6,1,6,Boulevard Saint-martin,48.5722848,-3.8491957
202000013684,15,8,2020,10,1,29,29039,1,6,1,6,D70 - Penhoat Cadol,47.9257472,-3.8947055
202000013685,15,8,2020,3,3,26,26198,2,1,1,2,Route du Teil,44.5539,4.71152
202000013686,15,8,2020,13,1,14,14271,1,1,1,7,RN814,49.136768,-0.3873
202000013687,14,8,2020,22,3,13,13103,1,1,1,6,RD 113,43.60337,5.10058
202000013688,15,8,2020,19,1,13,13211,2,1,1,-1,VALBARELLE (BOULEVARD DE LA ),43.287908,5.449587
202000013689,15,8,2020,14,1,13,13203,2,3,1,3,ROGER SALENGRO (AVENUE),43.31128,5.37277
202000013690,15,8,2020,5,5,13,13208,2,1,1,3,HAMBOURG (BOULEVARD),43.2481,5.39208
202000013691,14,8,2020,19,1,06,06027,2,1,1,3,PLAGE BOULEVARD DE LA,43.656617,7.178057
202000013692,15,8,2020,8,1,03,03185,2,2,1,3,Avenue Marx Dormoy,46.3386553,2.5991098
202000013693,15,8,2020,5,3,01,01344,1,3,1,6,TREVOUX (AVENUE DE),46.1983,5.1756
202000013694,14,8,2020,19,1,75,75119,2,1,1,4,BOULEVARD PERIPHERIQUE,48.900495,2.373846
202000013695,15,8,2020,0,5,75,75105,2,1,1,6,RUE BROCA,48.837666,2.347335
202000013696,14,8,2020,9,1,75,75112,2,2,1,2,BOULEVARD DIDEROT,48.848033,2.392837
202000013697,15,8,2020,21,3,75,75111,2,2,1,3,BOULEVARD VOLTAIRE,48.854696,2.385321
202000013698,14,8,2020,19,1,94,94041,2,1,8,3,PAUL VAILLANT COUTURIER (BD),48.817414,2.398744
202000013699,14,8,2020,23,5,94,94022,2,1,1,6,NEWBURN (AV DE),48.754452,2.412058
202000013700,15,8,2020,22,5,94,94017,2,1,1,1,ROGER SALENGRO (AV),48.818547,2.490975
202000013701,15,8,2020,14,1,93,93059,2,1,1,6,PARIS (RUE DE),48.9654568,2.3606683
202000013702,15,8,2020,14,1,93,93062,2,2,1,3,AV DE LA RESISTANCE / ALL NICOLAS CARNOT,48.8927,2.51285
202000013703,15,8,2020,18,1,93,93051,2,3,1,3,DOCTEUR VAILLANT,48.8379,2.5666
202000013704,15,8,2020,19,1,93,93048,2,1,1,6,rue Adrienne MAIRE intersection allée Eugénie COTTON,48.8653476,2.4293143
202000013705,13,8,2020,21,5,93,93005,2,1,2,2,MARC CHAGALL (BOULEVARD),48.9523052,2.4952455
202000013706,15,8,2020,9,1,92,92048,1,1,1,6,MAL DE LATTRE DE TASSIGNY (AVENUE),48.7846495,2.2264454
202000013707,15,8,2020,2,3,13,13216,1,1,1,1,A55-Sens Marseille vers Martigues,43.353088,5.348551
202000013708,15,8,2020,18,1,94,94038,1,1,1,7,AUTOROUTE A6A,48.77538,2.3459
202000013709,15,8,2020,7,1,91,91235,1,1,1,6,RN 104,48.6243,2.3664
202000013710,15,8,2020,4,3,91,91312,1,1,1,2,RD 444,48.74548,2.2208
202000013711,15,8,2020,14,1,95,95277,1,1,1,2,RD 170 ,48.97703,2.47422
202000013712,14,8,2020,19,1,93,93007,1,1,1,3,AUTOROUTE A1,48.95206,2.45195
202000013713,15,8,2020,0,5,75,75112,1,1,1,6,A4,48.821856,2.462535
202000013714,14,8,2020,14,1,988,98818,2,3,1,3,RUE AUGUSTE BOURGINE/ RUE DU MARECHAL LECLERC,-22.28187,166.44702
202000013715,14,8,2020,19,5,974,97411,2,3,1,3,OCEAN (BOULEVARD DE L'),-20.8815,55.457
202000013716,14,8,2020,11,1,974,97411,1,1,1,7,MONTAGNE (ROUTE DE LA),-20.88857,55.44007
202000013717,14,8,2020,22,5,974,97407,2,1,1,6,TAMATAVE (BOULEVARD),-20.93312,55.30229
202000013718,14,8,2020,18,1,69,69388,2,3,1,3,JEAN MERMOZ                         (AV),45.73386,4.87754
202000013719,13,8,2020,0,4,972,97213,1,1,1,2,AUTOROUTE A1,14.6170009,-61.0163498
202000013720,14,8,2020,3,5,972,97209,1,9,1,6,REDOUTE (ROUTE DE LA),14.62541,-61.06052
202000013721,13,8,2020,14,1,972,97209,1,1,1,2,RD 41 (ROCADE),14.613,-61.07
202000013722,14,8,2020,17,1,69,69034,2,3,1,1,GEORGES CLEMENCEAU                  (QU),45.79605,4.83178
202000013723,13,8,2020,20,5,69,69382,2,3,1,2,CELESTINS (DES)                     (QU),45.76125,4.83143
202000013724,15,8,2020,0,5,2B,2B033,2,9,1,3,SAMPIERO CORSO - AV,42.670064,9.44332
202000013725,14,8,2020,1,5,2B,2B033,2,1,1,-1,11 - RT,42.6861,9.4462
202000013726,14,8,2020,13,1,971,97101,2,7,1,3,Frédéric JALTON,16.2707,-61.50533
202000013727,13,8,2020,17,1,971,97101,2,4,1,3,BESSON,16.23861,-61.50856
202000013728,14,8,2020,18,1,95,95277,2,1,2,1,CHOBERT FELIX (RUE),48.9973,2.4202
202000013729,13,8,2020,20,5,95,95555,2,1,1,6,ALBRECHT (RUE BERTHIE),48.967159,2.284422
202000013730,13,8,2020,16,1,87,87085,2,2,8,3,JOURDAN (PLACE),45.83225,1.26466
202000013731,13,8,2020,18,1,83,83034,2,9,1,3,AVENUE DE FONT BRUN,43.0885,6.0708
202000013732,14,8,2020,10,1,76,76351,2,1,1,6,PIERRE GUILLAUME PETIT,49.51842,0.09688
202000013733,10,8,2020,14,1,73,73011,1,9,1,6,FORET (CHEMIN DE LA),45.65943,6.414535
202000013734,14,8,2020,18,1,69,69266,2,6,1,3,FRANCIS DE PRESSENSE    (Rue),45.77183,4.86973
202000013735,12,8,2020,19,1,67,67482,2,8,8,3,AMELIE DE BERCKHEIM (RUE),48.602038,7.78516
202000013736,14,8,2020,10,1,66,66136,2,1,1,1,GILLES (AVENUE GENERAL),42.69585,2.91984
202000013737,13,8,2020,14,1,66,66136,2,1,1,2,R D 900,42.6667883,2.8840954
202000013738,13,8,2020,16,1,66,66136,2,3,2,3,JULIEN PANCHOT (AVENUE),42.68536,2.86739
202000013739,13,8,2020,12,1,64,64483,2,1,1,3,ITHURRALDE ANDRE (AVENUE),43.39723,-1.64426
202000013740,15,8,2020,3,5,64,64122,2,1,1,6,MILADY (AVENUE DE LA),43.4650263,-1.5715586
202000013741,14,8,2020,19,1,64,64122,2,1,1,3,BAB(BOULEVARD),43.47817,-1.54419
202000013742,14,8,2020,7,1,64,64024,2,6,1,7,BUTTE AUX CAILLES (ROND POINT DE LA),43.49716,-1.50859
202000013743,13,8,2020,22,5,64,64024,2,6,1,3,LACROIX (ROND POINT DOCTEUR),43.477749,-1.5237269
202000013744,12,8,2020,13,1,64,64024,2,1,1,7,BAYONNE (AVENUE DE),43.48294,-1.50388
202000013745,12,8,2020,13,1,64,64024,2,3,1,3,ARITXAGUE (ROUTE D'),43.4753,-1.49339
202000013746,13,8,2020,6,5,63,63124,2,3,1,3,Av Gare/Roberty,45.73851,3.18242
202000013747,13,8,2020,14,1,56,56083,2,1,1,-1,RESISTANCE (AVENUE  DE LA ),47.82081,-3.24424
202000013748,12,8,2020,11,1,54,54431,2,6,1,3,RD958a,48.8926812,6.0519337
202000013749,12,8,2020,22,5,50,50129,2,2,3,3,JAURES (PLACE JEAN),49.63381,-1.62236
202000013750,12,8,2020,15,1,50,50173,1,1,8,3,SALINE (BOULEVARD DE LA),49.65779,-1.66255
202000013751,13,8,2020,15,1,49,49007,2,1,1,2,TOUR DES ANGLAIS,47.47894,-0.55562
202000013752,14,8,2020,14,1,45,45208,2,3,1,3,Avenue du Général de Gaulle,48.0045,2.7373
202000013753,13,8,2020,12,1,41,41018,2,1,2,7,ROBERT NAU (ROND POINT),47.61454,1.33433
202000013754,14,8,2020,8,1,38,38185,2,1,1,1,Rue du 19 Mars 1962,45.18868,5.74421
202000013755,14,8,2020,18,1,37,37261,2,1,1,-1,LOIRE (ALLEE DE LA),47.4010979,0.6998
202000013756,14,8,2020,18,1,37,37261,1,1,1,-1,ALOUETTE (AVENUE),47.3625144,0.6959199
202000013757,14,8,2020,16,1,37,37261,2,1,1,6,TANNEURS (RUE DES),47.395709,0.6792434
202000013758,14,8,2020,23,5,35,35238,2,1,1,4,3 Avenue Henri Fréville,48.09336,-1.6741
202000013759,13,8,2020,16,1,35,35278,1,1,1,6,Route de Saint-Malo,48.13804,-1.69614
202000013760,14,8,2020,13,1,33,33249,2,1,1,2,QUAI CARRIET,44.88413,-0.53027
202000013761,14,8,2020,8,1,33,33318,2,6,1,2,AVE GUSTAVE EIFFEL,44.78171,-0.64998
202000013762,14,8,2020,16,1,33,33529,1,6,1,2,BISCAROSSE (AVE DE) JUSQU'A DUNE,44.59765,-1.19642
202000013763,14,8,2020,11,1,33,33529,2,3,1,7,PYLA (BD DU),44.63351,-1.16212
202000013764,14,8,2020,9,1,33,33009,2,4,1,3,PLAGE (BD DE LA) DU 01 AU 53,44.65633,-1.14722
202000013765,14,8,2020,18,1,32,32013,2,1,1,1,ROUGET DE LISLE,43.6477,0.59235
202000013766,13,8,2020,6,5,31,31149,2,6,1,3,Rond Point fontaine lumineuse,43.60926,1.35269
202000013767,14,8,2020,16,1,29,29232,2,1,1,2,Rue Henri de Bournazel,48.0014038,-4.1063843
202000013768,13,8,2020,15,1,29,29232,2,9,8,3,D783 - Rond point Philippe Lebon,47.99464,-4.07315
202000013769,14,8,2020,17,1,29,29019,2,1,1,6,Rue Charles Péguy,48.4018889,-4.488207
202000013770,14,8,2020,19,1,25,25462,2,3,1,3,BAUMONT,46.8974,6.34686
202000013771,6,8,2020,12,1,22,22278,2,3,1,2,RAHUEL (DOCTEUR),48.50642,-2.74778
202000013772,13,8,2020,18,1,17,17300,2,1,2,-1,PRUNIER   QUAI LOUIS,46.15306,-1.15
202000013773,14,8,2020,9,1,15,15012,1,1,1,6,CABRIERES (ROUTE DE),44.87711,2.4065
202000013774,14,8,2020,21,5,13,13213,2,1,1,3,OLIVES (AVENUE DES),43.3260265,5.4398717
202000013775,14,8,2020,13,1,13,13210,2,1,1,2,MAURIAC (RUE),43.274,5.4191
202000013776,14,8,2020,10,1,13,13210,2,1,1,2,TOULON (AVENUE DE),43.283422,5.397137
202000013777,13,8,2020,9,1,13,13063,2,1,1,1,PERONNE CHEMIN DE LA,43.5833,4.9949
202000013778,14,8,2020,12,1,13,13001,2,1,1,6,MOULIN JEAN  (AV),43.537903,5.457146
202000013779,12,8,2020,14,1,11,11262,2,2,1,3,RUE DEMOGE,43.17909,3.03138
202000013780,11,8,2020,10,1,11,11262,2,1,1,4,PERPIGNAN (RUE DE L'ANCIENNE PORTE),43.1496,2.9783
202000013781,14,8,2020,15,1,06,06159,2,3,1,1,MARECHAL FOCH (AVENUE),43.70145,7.30663
202000013782,14,8,2020,15,1,06,06069,2,1,1,3,LECLERC (BOULEVARD DU MARECHAL),43.65058,6.92138
202000013783,14,8,2020,17,1,06,06027,2,1,1,6,STATION AVENUE DE LA,43.659906,7.16728
202000013784,13,8,2020,15,1,06,06123,1,1,1,2,CURIE PIERRE ET MARIE AVENUE,43.695,7.184672
202000013785,11,8,2020,12,1,03,03185,2,9,1,6,Avenue des Guineberts,46.3369355,2.5873597
202000013786,14,8,2020,14,1,75,75113,2,2,1,3,RUE DE TOLBIAC,48.825937,2.34518
202000013787,13,8,2020,19,1,75,75120,2,1,1,4,BOULEVARD MORTIER,48.867312,2.408847
202000013788,14,8,2020,19,1,75,75106,2,5,1,3,RUE DE VAUGIRARD,48.845096,2.320115
202000013789,14,8,2020,18,1,75,75120,2,1,2,2,BOULEVARD DAVOUT,48.862339,2.408938
202000013790,14,8,2020,10,1,75,75119,2,1,1,3,RUE DE CRIMEE,48.878419,2.390823
202000013791,13,8,2020,11,1,75,75116,2,2,1,7,AVENUE VICTOR HUGO,48.872972,2.293131
202000013792,12,8,2020,23,4,75,75113,2,4,1,2,RUE BRUNESEAU,48.824416,2.384538
202000013793,12,8,2020,20,1,75,75115,2,3,8,2,RUE CAMBRONNE,48.845376,2.302069
202000013794,14,8,2020,17,1,75,75113,2,4,8,3,BOULEVARD MASSENA,48.822757,2.37311
202000013795,13,8,2020,8,1,75,75112,2,1,1,4,QUAI DE BERCY,48.834281,2.381773
202000013796,14,8,2020,9,1,75,75110,2,3,1,3,RUE DU HUIT MAI 1945,48.876158,2.358313
202000013797,13,8,2020,13,1,75,75110,2,4,1,3,RUE DU FAUBOURG SAINT MARTIN,48.878861,2.362302
202000013798,14,8,2020,18,1,75,75107,2,2,1,3,RUE DUROC,48.84769,2.313352
202000013799,14,8,2020,13,1,75,75104,2,3,1,7,RUE SAINT ANTOINE,48.853384,2.367649
202000013800,13,8,2020,19,1,94,94076,2,1,1,2,MAXIME GORKI (BD),48.79636,2.36793
202000013801,13,8,2020,21,5,94,94018,2,2,2,3,PARIS (R DE),48.825897,2.406913
202000013802,13,8,2020,14,1,94,94071,2,1,1,7,GAMBETTA (R),48.77804,2.515
202000013803,14,8,2020,15,1,93,93066,2,9,1,3,GORKI MAXIME,48.94333,2.38719
202000013804,14,8,2020,1,5,93,93077,2,3,2,2,RAINCY (AVENUE DU),48.888154,2.510075
202000013805,14,8,2020,17,1,93,93053,2,2,1,3,ROSNY (AVENUE DE) N° 53 A 243,48.90384,2.47055
202000013806,13,8,2020,8,1,93,93063,2,1,1,2,AV DE VERDUN,48.88291,2.4357
202000013807,14,8,2020,19,1,93,93066,2,1,1,3,"""STALINGRAD (AVENUE), NR 88 A 114 BIS""",48.9472224,2.3729497
202000013808,14,8,2020,21,5,93,93010,2,2,1,3,VARAGNAT (AVENUE HENRI),48.9121468,2.4813995
202000013809,14,8,2020,16,1,93,93010,2,1,1,6,GUESDES (RUE JULES),48.9035779,2.477487
202000013810,14,8,2020,15,1,93,93001,2,1,1,6,VICTOR HUGO (AVE)  => N° 129,48.9093141,2.3783164
202000013811,14,8,2020,20,1,92,92073,2,1,1,2,PONT DE SURESNES,48.8672486,2.2282076
202000013812,14,8,2020,19,1,92,92051,2,1,1,6,"CHARLES DE GAULLE (AVENUE,N°118 A 192 +",48.884155,2.26317
202000013813,13,8,2020,20,2,92,92036,2,1,2,2,JEAN JAURES (RUE) (35/+),48.9276472,2.2948202
202000013814,13,8,2020,18,1,92,92004,2,1,1,3,MOURINOUX ( RUE DES ),48.9305236,2.2752721