Num_Acc,jour,mois,an,hr,condition_eclairage,departement,commune,condition_agglomeration,intersection,condition_atmosphere,type_collision,adresse,lattitude,longitude
202000013815,3,8,2020,23,3,95,95313,1,1,1,7,Rue Louvet,49.10469,2.246382
202000013816,14,8,2020,16,1,11,11018,1,1,1,4,A61,43.219126,2.215987
202000013817,14,8,2020,18,1,41,41128,1,1,1,-1,D924,47.6743,1.328529
202000013818,12,8,2020,14,1,10,10307,1,1,1,7,D53,48.242907,3.945433
202000013819,15,8,2020,3,4,974,97422,1,1,2,6,75 Chemin Jean Baptiste Huet,-21.283288,55.534909
202000013820,15,8,2020,9,1,29,29189,1,1,1,6,RN 165,48.383661,-4.365971
202000013821,14,8,2020,23,5,974,97414,2,1,1,6,Rue François de Mahy,-21.29046,55.41328
202000013822,14,8,2020,10,1,65,65265,1,1,1,6,D21 Route du Lac,43.230889,0.186305
202000013823,14,8,2020,21,3,44,44193,1,1,1,2,champ etienne,47.65744,-1.504961
202000013824,11,8,2020,11,1,34,34199,1,1,1,6,A75,43.448744,3.427048
202000013825,13,8,2020,6,2,74,74171,2,1,1,3,Route départementale 1005,46.320882,6.338296
202000013826,14,8,2020,21,2,83,83092,2,1,1,1,Rue des Maisons Neuves,43.301794,6.23288
202000013827,10,8,2020,20,1,56,56136,1,1,1,7,Le Petit Chêne,47.900491,-2.200828
202000013828,14,8,2020,23,3,74,74273,2,1,1,6,lieu dit le perret,46.059511,6.745525
202000013829,15,8,2020,17,1,2B,2B049,1,1,1,7,A Flatta (Hôtel),42.503427,8.871889
202000013830,14,8,2020,9,1,33,33466,2,1,1,3,44 Route de l'Entre 2 Mers,44.822296,-0.291272
202000013831,14,8,2020,17,1,32,32391,1,1,1,7,Laliboy,43.995531,0.568317
202000013832,14,8,2020,17,1,89,89420,1,1,1,1,D1,47.5439169,3.1471109
202000013833,14,8,2020,19,1,55,55400,1,1,1,6,D153,49.146542,5.728297
202000013834,15,8,2020,18,1,34,34126,1,1,1,1,D908,43.590944,3.101921
202000013835,14,8,2020,19,1,22,22194,2,3,1,3,7 Rue de Pont Menou,48.6604659,-3.6322987
202000013836,12,8,2020,18,1,44,44079,1,2,1,2,Rue André Ripoche,47.196121,-1.34663
202000013837,14,8,2020,22,5,44,44082,2,6,1,6,D9,47.412549,-1.372492
202000013838,15,8,2020,0,3,35,35023,1,2,1,3,Tournebride,48.208329,-1.941411
202000013839,15,8,2020,16,1,31,31390,2,1,1,6,Place de l'Orme,43.084346,0.574197
202000013840,14,8,2020,22,5,31,31107,2,1,1,3,55 Avenue Etienne Prosjean,43.304095,1.229426
202000013841,15,8,2020,17,1,02,02286,1,1,7,6,6 Route du Pré Cailloux,49.98262,3.724515
202000013842,15,8,2020,10,1,01,01100,1,1,1,6,D1504,45.820411,5.622618
202000013843,14,8,2020,10,1,70,70463,1,1,3,7,RD 173,47.511766,5.85391
202000013844,14,8,2020,16,1,05,05084,1,3,1,3,intersection RD942/RN94,44.559163,6.220665
202000013845,14,8,2020,19,1,50,50003,2,2,1,3,1 Avenue de la Mer,49.043695,-1.596236
202000013846,14,8,2020,19,1,50,50297,2,1,8,6,Place du Pont,49.163993,-1.126926
202000013847,14,8,2020,22,3,60,60039,1,1,1,7,45 Rue de Montdidier,49.630509,2.3946631
202000013848,15,8,2020,1,3,04,04172,1,1,1,7,RD 952,43.831979,6.141864
202000013849,15,8,2020,15,1,85,85018,2,1,1,6,64 Chemin des Mûres,46.91537,-2.02782
202000013850,13,8,2020,9,1,87,87056,1,1,8,3,D88,46.247545,1.127944
202000013851,14,8,2020,23,3,77,77295,1,1,1,6,A5,48.56789,2.75583
202000013852,14,8,2020,19,1,38,38530,1,1,7,2,Rue de la Commanderie le Temple,45.611264,5.20237
202000013853,15,8,2020,2,3,68,68021,1,1,1,2,A36-PK116+600,47.646106,7.494457
202000013854,10,8,2020,11,1,33,33005,2,2,1,3,Boulevard du Maréchal Juin,44.732806,-1.079238
202000013855,11,8,2020,14,1,971,97112,1,3,1,3,Gay,15.926873,-61.313646
202000013856,13,8,2020,11,1,37,37072,2,7,3,6,38 Rue Alfred de Vigny,47.169304,0.2543509
202000013857,14,8,2020,20,1,77,77141,1,1,3,7,D96,48.850654,2.846575
202000013858,15,8,2020,19,1,78,78531,1,1,1,7,A13,48.988361,1.656835
202000013859,14,8,2020,11,1,66,66108,1,1,1,7,cd612 - pk15,42.6747714,2.7042113
202000013860,11,10,2020,7,5,75,75119,2,3,1,1,RUE DE LA SOLIDARITE,48.882841,2.389432
202000013861,11,10,2020,3,5,75,75119,2,1,2,6,RUE BOTZARIS,48.878692,2.382298
202000013862,11,10,2020,1,5,75,75119,2,7,2,3,PLACE AUGUSTE BARON,48.900528,2.388548
202000013863,10,10,2020,11,1,75,75119,2,3,1,5,QUAI DE L OISE,48.892363,2.385438
202000013864,10,10,2020,22,5,75,75118,2,3,1,3,RUE ORDENER,48.892768,2.342607
202000013865,11,10,2020,13,1,75,75117,2,2,1,3,BOULEVARD BESSIERES,48.894344,2.313648
202000013866,11,10,2020,18,1,75,75116,2,1,1,1,RUE DU DOCTEUR BLANCHE,48.85426,2.265516
202000013867,11,10,2020,12,1,75,75115,2,7,1,6,RUE DES ENTREPRENEURS,48.843765,2.292726
202000013868,10,10,2020,3,5,75,75115,2,3,1,6,AVENUE DE SUFFREN,48.850525,2.302062
202000013869,11,10,2020,15,1,75,75112,2,1,1,2,ROUTE DE LA PYRAMIDE,48.830736,2.449557
202000013870,11,10,2020,2,5,75,75109,2,3,2,7,BOULEVARD DE CLICHY,48.882992,2.334872
202000013871,11,10,2020,2,5,75,75109,2,2,1,6,RUE LA FAYETTE,48.875814,2.343701
202000013872,11,10,2020,16,1,75,75104,2,3,1,3,QUAI DE L HOTEL DE VILLE,48.85535,2.35276
202000013873,11,10,2020,19,5,94,94074,2,1,1,1,JULIEN DURANTON (avenue),48.7575212,2.4522305
202000013874,11,10,2020,19,5,94,94019,2,1,1,6,Rue d’Amboile,48.78947,2.53162
202000013875,11,10,2020,21,5,94,94046,2,1,1,3,GENERAL DE GAULLE (AV DU),48.8136,2.42147
202000013876,11,10,2020,16,1,94,94046,2,9,1,3,PROFESSEUR CADIOT (AV DU),48.80508,2.43181
202000013877,11,10,2020,13,1,93,93053,2,2,1,6,MARC SANGNIER (RUE),48.89518,2.45924
202000013878,11,10,2020,18,1,93,93051,2,3,2,3,UNIVERSITE,48.8377554,2.5509318
202000013879,11,10,2020,14,1,93,93029,2,1,1,6,R PIERRE SEMARD,48.92969,2.42837
202000013880,11,10,2020,12,1,93,93008,2,6,1,6,STALINGRAD (RUE DE) A10,48.9176,2.41775
202000013881,7,10,2020,20,3,81,81004,1,1,1,6,Route de Toulouse,43.91819,2.106478
202000013882,12,10,2020,7,3,91,91363,1,1,1,6,Route de la Folie Bessin,48.672607,2.180497
202000013883,11,10,2020,21,3,87,87014,1,1,2,5,A20 PR151+500,46.085555,1.358507
202000013884,6,10,2020,18,2,62,62123,2,1,3,1,Route de Fruges,50.5751319,1.8286882
202000013885,12,10,2020,15,1,2B,2B166,1,3,1,2,T10,42.51554,9.444235
202000013886,12,10,2020,10,1,65,65330,1,2,1,3,2 Route des Pyrénées,43.429157,0.047572
202000013887,11,10,2020,11,1,65,65344,2,8,2,3,24 Rue Voltaire,43.186842,-0.018952
202000013888,11,10,2020,16,1,81,81042,1,1,1,3,CD 622,43.6284493,2.3653653
202000013889,3,10,2020,17,1,89,89309,2,7,2,6,Place Eugène Petit,48.286771,3.204419
202000013890,10,10,2020,18,3,25,25622,1,1,1,6,D11,47.227131,5.857108
202000013891,9,10,2020,21,3,15,15149,1,1,1,6,D34,44.884247,2.804043
202000013892,10,10,2020,14,1,26,26324,2,6,1,3,Avenue Louis Girard,44.345986,4.763074
202000013893,12,10,2020,10,1,83,83012,2,1,1,6,Boulevard Grisolle,43.559643,6.004335
202000013894,9,10,2020,18,2,64,64530,1,3,2,3,D936,43.319593,-0.770792
202000013895,12,10,2020,12,1,43,43061,1,1,2,6,D71,45.083688,3.965936
202000013896,11,10,2020,16,1,07,07129,1,1,1,7,D533,44.980024,4.617122
202000013897,11,10,2020,12,1,04,04016,1,1,1,7,RD 3,44.242909,6.115866
202000013898,12,10,2020,7,2,17,17093,1,1,1,1,D26,45.886976,-1.230276
202000013899,11,10,2020,20,3,37,37130,1,1,8,7,Le Haut Noizay,47.024188,0.8188225
202000013900,12,10,2020,6,1,973,97307,1,3,1,7,Route de la Distillerie,4.866184,-52.311106
202000013901,12,10,2020,7,2,34,34333,1,3,1,3,RD 612,43.474857,3.770515
202000013902,12,10,2020,7,1,973,97309,2,2,1,6,Rue des Pionniers,4.9157688,-52.2819411
202000013903,12,10,2020,6,3,68,68266,1,1,1,4,A35,47.887816,7.378006
202000013904,12,10,2020,4,5,69,69115,1,1,2,2,autoroute 6 péage de VILLEFRANCHE-LIMAS pk427.200,45.9735235,4.73198
202000013905,10,10,2020,16,1,974,97408,2,1,1,1,Avenue de la Palestine,-20.959636,55.322621
202000013906,11,10,2020,22,3,973,97303,1,1,1,7,N1,5.481895,-53.271493
202000013907,6,10,2020,10,1,13,13087,1,2,1,3,N 7,43.489278,5.629739
202000013908,11,10,2020,16,1,83,83006,1,1,1,7,Route Rd3,43.556775,5.791018
202000013909,11,10,2020,16,1,13,13086,2,3,1,3,carrefour CD96 / chemin de la Roumiguière,43.346119,5.603499
202000013910,11,10,2020,14,1,13,13086,1,9,1,7,D96,43.358265,5.609947
202000013911,6,10,2020,19,3,13,13059,1,9,3,1,D556,43.629941,5.48824
202000013912,11,10,2020,18,1,38,38344,2,1,1,6,43 Avenue Gabriel Péri,45.366849,4.800034
202000013913,10,10,2020,13,1,26,26179,1,3,8,3,Route de la Voie Romaine,45.051192,4.875478
202000013914,21,1,2020,16,1,07,07324,2,1,1,1,Avenue de Lyon,45.074494,4.817033
202000013915,11,10,2020,19,4,69,69296,1,1,1,1,Chemin Departemental 12,45.637245,4.823298
202000013916,11,10,2020,23,3,17,17021,2,1,1,7,20 Rue de la Libération,45.736555,-1.128815
202000013917,9,10,2020,3,3,33,33179,1,6,1,6,Chemin de Jean Roux,45.002104,-0.27969
202000013918,11,10,2020,14,1,14,14332,1,1,3,6,D658,48.8423317,-0.1565981
202000013919,12,10,2020,18,2,62,62369,1,1,1,1,Rue de Gavrelle,50.339937,2.885789
202000013920,9,10,2020,8,1,13,13216,1,1,1,2,A55-Sens Marseille vers Martigues,43.34971,5.34615
202000013921,11,10,2020,1,3,13,13033,1,1,1,2,A55-SENS MARTIGUES/MARSEILLE,43.3740715,5.196491
202000013922,10,10,2020,18,2,13,13055,1,1,1,4,A507 sens Marseille - Aubagne,43.320766,5.422465
202000013923,11,10,2020,17,1,33,33550,1,1,2,6,ROCADE A 630,44.77758,-0.55932
202000013924,11,10,2020,9,1,94,94034,1,1,1,7,AUTOROUTE A86,48.75638,2.33809
202000013925,11,10,2020,7,2,91,91064,1,1,8,6,RN 118,48.72528,2.16655
202000013926,11,10,2020,16,1,78,78646,1,1,1,6,RN12,48.789845,2.120627
202000013927,11,10,2020,10,1,93,93064,1,1,1,-1,AUTOROUTE A86,48.87862,2.47638
202000013928,11,10,2020,9,1,92,92036,1,1,2,6,AUTOROUTE A15,48.94869,2.280907
202000013929,10,10,2020,19,2,93,93007,1,1,1,4,AUTOROUTE A1,48.9477455,2.4439197
202000013930,10,10,2020,16,1,95,95256,1,1,1,6,RN 184,49.058176,2.209285
202000013931,11,10,2020,8,1,94,94033,1,1,1,7,A86.INT,48.86114,2.48399
202000013932,11,10,2020,3,3,77,77384,1,1,1,2,A5b,48.619956,2.630405
202000013933,10,10,2020,14,1,77,77372,1,1,1,6,A104,48.877364,2.668398
202000013934,11,5,2020,11,1,93,93048,2,3,1,3,KLEBER (RUE),48.8535,2.4342
202000013935,27,6,2020,21,5,971,97105,2,1,1,6,BD GERTY ARCHIMEDE,15.9903437,-61.7278862
202000013936,4,6,2020,20,1,84,84035,2,1,1,3,MERIMEE (AVENUE PROSPER),43.85218,5.02921
202000013937,11,2,2020,13,1,93,93031,2,1,6,6,JEAN JAURES (AVENUE),48.95875,2.32826
202000013938,3,7,2020,10,1,78,78551,2,1,1,6,GERARD (DE LA BARONNE),48.8981,2.085
202000013939,2,7,2020,15,1,71,71306,2,2,1,3,JEAN DIDIER (RUE),46.6561556,4.3497474
202000013940,17,7,2020,18,1,13,13210,1,1,1,2,A50-Sens Marseille vers Aubagne,43.284694,5.4078464
202000013941,9,7,2020,12,1,29,29232,2,6,1,3,D783 - Rond Point de l'Eau Blanche,47.9913029,-4.0736093
202000013942,10,10,2020,18,2,988,98818,2,2,1,3,RUE JACQUES IEKAWE/RUE ARMAND OHLEN,-22.248391,166.46379
202000013943,10,10,2020,6,1,974,97411,1,1,1,6,Route du Littoral,-20.8909,55.385
202000013944,10,10,2020,2,5,973,97302,1,6,1,7,LEBLOND (ROND POINT),4.9215972,-52.3297302
202000013945,11,10,2020,1,5,69,69386,2,2,1,3,MICHEL RAMBAUD                      (R ),45.76904,4.86051
202000013946,10,10,2020,18,1,69,69387,2,3,1,1,FILLON                              (QU),45.7177,4.82604
202000013947,10,10,2020,7,5,69,69383,2,1,2,3,FELIX FAURE                         (AV),45.75376,4.85984
202000013948,9,10,2020,5,5,69,69034,2,2,1,3,SOLDATS (DES)                       (MO),45.791,4.86074
202000013949,9,10,2020,12,1,69,69152,2,1,1,6,EUROPE (DE L')                      (BD),45.7072,4.8214
202000013950,10,10,2020,9,1,95,95582,2,1,1,6,RUE MARECHAL DE LATTRE DE TASSIGNY,48.979965,2.237596
202000013951,10,10,2020,11,1,91,91687,2,1,1,1,BELLAY (AVENUE DU),48.676045,2.363126
202000013952,10,10,2020,18,1,83,83137,2,1,1,-1,MONEREIT (CHEMIN DE),43.143211,5.894778
202000013953,9,10,2020,16,1,83,83098,1,1,1,6,ROUSSEL (RUE LOUIS VALERIE),43.08714,6.02687
202000013954,7,10,2020,19,5,83,83069,2,1,1,6,TOULON RD 46 ( ROUTE DE ),43.12609,6.0948
202000013955,9,10,2020,19,2,78,78401,2,3,1,1,CARRIERES (RUE DES),49.006551,1.907905
202000013956,10,10,2020,21,5,77,77307,2,3,9,3,RD 231,48.8544,2.7587
202000013957,10,10,2020,20,5,73,73008,2,1,8,3,VICTORIA PASSAGE,45.689214,5.908068
202000013958,10,10,2020,12,1,72,72181,2,1,1,2,ALENCON (RTE D'),48.031078,0.179013
202000013959,9,10,2020,22,5,69,69091,2,3,1,1,JOSEPH LIAUTHAUD ( R ),45.59061,4.76559
202000013960,10,10,2020,15,1,64,64024,2,2,1,2,BAB (BOULEVARD DU),43.48707,-1.5366
202000013961,9,10,2020,23,5,59,59230,2,6,2,7,GENERAL DE GAULLE (RUE DU),50.2600252,3.994811
202000013962,10,10,2020,6,5,59,59155,2,2,1,3,DELORY GUSTAVE,51.0232018,2.3845991
202000013963,8,10,2020,3,5,57,57463,2,1,1,6,FAUBOURG (RUE DU ),49.082,6.18432
202000013964,8,10,2020,9,1,50,50532,1,1,2,3,D973,48.82151,-1.55381
202000013965,10,10,2020,13,1,37,37261,2,2,1,6,GRAMMONT (AVENUE DE),47.3840394,0.69126
202000013966,10,10,2020,10,1,37,37214,2,1,1,-1,VOISIN (BOULEVARD ANDRE-GEORGES),47.4280557,0.6594051
202000013967,10,10,2020,17,1,35,35238,1,9,1,-1,PORTE DE LORIENT,48.10842,-1.71648
202000013968,10,10,2020,4,5,35,35238,2,2,1,3,TILLON (AVENUE CHARLES),48.1270903,-1.6866213
202000013969,10,10,2020,14,1,29,29232,2,1,1,4,Avenue de la Liberation,47.9924451,-4.0812417
202000013970,9,10,2020,13,1,29,29232,2,3,1,2,Allées de Lokmaria,47.9907307,-4.1102278
202000013971,9,10,2020,20,3,28,28134,2,1,1,4,RN 12 (CITE AMERICAINE),48.74609,1.36354
202000013972,10,10,2020,20,5,13,13209,2,1,1,7,MORGIOU (chemin de ),43.2447,5.40547
202000013973,10,10,2020,16,1,13,13214,2,9,1,3,PLOMBIERES (BOULEVARD DES),43.317744,5.380738
202000013974,10,10,2020,6,5,13,13209,2,1,1,2,REDON (BOULEVARD DU),43.250888,5.422102
202000013975,10,10,2020,6,2,13,13210,2,1,1,3,JEAN MOULIN (BOULEVARD),43.286786,5.399852
202000013976,21,7,2020,14,1,13,13211,2,1,1,6,ABBE LANFRANCHI (RUE),43.287978,5.454829
202000013977,10,10,2020,13,1,11,11069,2,1,1,1,MAGINOT ANDRE -AVENUE-,43.21711,2.37657
202000013978,10,10,2020,14,1,06,06069,2,1,1,4,LIBERATION (AVENUE DE LA),43.647042,6.913502
202000013979,10,10,2020,14,1,06,06069,2,6,1,2,GARAGAI (CHEMIN DU),43.644625,6.977883
202000013980,10,10,2020,14,1,75,75116,2,1,1,4,BOULEVARD PERIPHERIQUE,48.835072,2.262677
202000013981,10,10,2020,9,1,75,75114,2,1,1,2,BOULEVARD PERIPHERIQUE,48.822561,2.314169
202000013982,9,10,2020,15,1,75,75116,2,4,1,2,PORTE MAILLOT,48.876942,2.27952
202000013983,9,10,2020,9,1,75,75112,2,1,1,2,PORTE DE VINCENNES,48.842254,2.413632
202000013984,9,10,2020,22,5,75,75120,2,3,1,3,BOULEVARD DE BELLEVILLE,48.870822,2.378517
202000013985,10,10,2020,20,5,75,75118,2,3,1,3,RUE DOUDEAUVILLE,48.888912,2.358223
202000013986,10,10,2020,19,5,75,75117,2,3,1,1,AVENUE DE CLICHY,48.88504,2.326732
202000013987,10,10,2020,14,1,75,75117,2,2,1,3,AVENUE DE LA PORTE D ASNIERES,48.892275,2.30103
202000013988,10,10,2020,3,5,75,75117,2,4,1,7,BOULEVARD PERSHING,48.879632,2.281951
202000013989,10,10,2020,20,5,75,75116,2,4,1,3,BOULEVARD DE L AMIRAL BRUIX,48.874775,2.278474
202000013990,10,10,2020,14,1,75,75116,2,4,1,3,ROUTE DE LA MUETTE A NEUILLY,48.864035,2.267039
202000013991,10,10,2020,15,1,75,75116,2,2,1,3,BOULEVARD FLANDRIN,48.869281,2.274705
202000013992,10,10,2020,10,1,75,75116,2,3,1,6,RUE DU RANELAGH,48.852687,2.280731
202000013993,10,10,2020,0,5,75,75114,2,7,1,3,AVENUE DU GENERAL LECLERC,48.833696,2.331911
202000013994,10,10,2020,17,1,75,75113,2,3,1,3,QUAI DE LA GARE,48.83674,2.374356
202000013995,10,10,2020,8,1,75,75113,2,4,1,5,RUE DES PEUPLIERS,48.821594,2.352552
202000013996,10,10,2020,19,3,75,75112,2,1,1,3,RUE CHALIGNY,48.847593,2.383881
202000013997,9,10,2020,11,1,75,75109,2,3,2,6,RUE DE MAUBEUGE,48.879023,2.347314
202000013998,10,10,2020,17,1,75,75107,2,2,1,3,QUAI D ORSAY,48.862823,2.313459
202000013999,10,10,2020,17,1,75,75104,2,3,1,6,RUE DE RIVOLI,48.855232,2.361116
202000014000,10,10,2020,14,1,94,94068,2,1,1,4,FOCH (AV),48.80404,2.48709
202000014001,10,10,2020,20,5,94,94076,2,1,1,3,PARIS (AV DE),48.80388,2.36392
202000014002,10,10,2020,3,5,94,94021,2,3,1,3,COTE D'AZUR (AVENUE),48.76601,2.3501
202000014003,10,10,2020,13,1,93,93072,2,1,1,6,ARISTIDE BRIAND (AVENUE) COTE DES N°2 AU,48.96185,2.3804
202000014004,7,10,2020,19,5,93,93039,2,1,1,3,SEINE (QUAI DE ),48.9378823,2.3422632
202000014005,10,10,2020,8,1,93,93051,2,2,1,3,MEDERIC (AVENUE),48.82947,2.57408
202000014006,10,10,2020,17,1,93,93048,2,9,1,3,R GASTON MONMOUSSEAU,48.8632985,2.4543809
202000014007,10,10,2020,9,1,93,93031,2,1,1,2,REPUBLIQUE (AVENUE),48.9495355,2.3305962
202000014008,10,10,2020,9,1,92,92033,2,9,1,3,BUZENVAL,48.854228,2.1992558
202000014009,10,10,2020,16,1,92,92051,2,1,1,4,RICHARD WALLACE (BOULEVARD),48.875216,2.2507
202000014010,10,10,2020,5,5,92,92062,2,1,1,7,RUE PIERRE GAUDIN,48.8872584,2.252008
202000014011,10,10,2020,9,1,92,92025,2,2,1,3,PAUL BERT (RUE),48.931,2.2446
202000014012,10,10,2020,12,1,92,92012,2,1,1,3,REINE (ROUTE DE LA) 39/107 BIS,48.839164,2.2459896
202000014013,10,10,2020,23,5,22,22050,2,1,2,6,33 Place du Guesclin,48.452204,-2.044621
202000014014,11,10,2020,10,1,37,37276,1,1,8,7,Le Dauphin,47.5819187,0.8514344
202000014015,10,10,2020,12,1,51,51649,2,3,1,1,Faubourg de Saint-Dizier,48.721284,4.6043578
202000014016,7,10,2020,8,2,51,51649,2,4,1,7,Rue de la Glacière,48.7275397,4.5908249
202000014017,11,10,2020,0,3,86,86221,1,1,1,6,Les Babauds,46.803855,0.349847
202000014018,10,10,2020,8,1,06,06149,1,1,1,6,5763 Route de Laghet,43.749383,7.375994
202000014019,10,10,2020,14,1,06,06054,2,1,1,6,Avenue-jean-moulin,43.754058,7.320448
202000014020,10,10,2020,18,1,74,74233,1,1,3,-1,A41,45.802328,5.976799
202000014021,10,10,2020,16,1,83,83004,1,1,1,6,autoroute A8,43.44083,6.475668
202000014022,10,10,2020,13,1,974,97422,2,1,1,7,Rue du Docteur Charriéres,-21.258841,55.512382
202000014023,11,10,2020,3,3,11,11360,1,9,1,1,Chemin de Halage,43.262847,2.90421
202000014024,10,10,2020,19,3,22,22193,1,1,1,7,N12,48.422803,-2.452213
202000014025,11,10,2020,6,3,34,34036,1,1,1,6,A75,43.676066,3.419795
202000014026,9,10,2020,17,1,34,34036,1,1,1,-1,A75,43.677184,3.413401
202000014027,10,10,2020,6,3,22,22084,1,3,1,7,les 4 routes,48.407091,-2.343789
202000014028,10,10,2020,16,1,34,34087,1,1,1,3,D5,43.539629,3.699378
202000014029,11,10,2020,7,2,95,95566,2,1,2,6,79 Rue du Lieutenant Baude,49.109444,2.344599
202000014030,10,10,2020,16,1,67,67552,1,1,1,3,D8,48.8867776,7.0731232
202000014031,10,10,2020,13,1,2B,2B292,1,1,1,1,RD14,42.274991,9.250402
202000014032,11,10,2020,10,1,55,55419,1,1,1,1,RD 603,49.14372,5.152566
202000014033,10,10,2020,16,1,47,47310,2,1,1,5,Tonneins,44.402905,0.298133
202000014034,11,10,2020,1,3,39,39328,1,1,1,7,,46.487254,5.723298
202000014035,10,10,2020,19,3,25,25157,1,1,2,1,D6,46.859971,6.380836
202000014036,10,10,2020,10,1,25,25578,2,1,8,6,26 Grande Rue,47.148059,6.338567
202000014037,10,10,2020,5,3,44,44131,1,1,3,7,La Severie,47.1631547,-2.078187
202000014038,10,10,2020,19,2,29,29197,2,1,1,6,6 Rue de Menglenot,48.017417,-4.518252
202000014039,11,10,2020,8,2,02,02820,1,6,1,3,Rue de l'Ecluse,49.633646,3.265557
202000014040,16,9,2020,17,1,72,72223,1,1,1,2,D 309,47.852166,-0.090151
202000014041,10,10,2020,14,1,14,14086,2,1,1,6,Route de Touques,49.3378538,0.1187797
202000014042,9,10,2020,8,2,14,14355,1,1,8,3,D35,49.281286,-0.513439
202000014043,9,10,2020,18,2,73,73151,1,1,1,2,D201,45.501346,6.042252
202000014044,7,10,2020,16,1,43,43020,1,1,1,2,Route de Monistrol,45.2969641,4.1209485
202000014045,10,10,2020,17,1,36,36143,1,1,1,1,Le Champ Caillaud,46.6553657,1.942233
202000014046,11,10,2020,12,1,07,07134,1,4,1,1,Route de Berguier,44.5047036,4.2787512
202000014047,11,10,2020,14,1,53,53111,1,3,1,2,D23,48.342748,-0.614609
202000014048,9,10,2020,20,3,30,30341,1,3,1,3,D135,43.69547,4.253007
202000014049,11,10,2020,1,3,08,08385,1,1,8,6,D59,49.75909,4.78225
202000014050,9,10,2020,16,1,68,68375,2,1,1,3,19 Rue de Reiningue,47.804736,7.2376
202000014051,11,10,2020,12,1,72,72008,1,9,1,7,D323,47.942552,0.190179
202000014052,11,10,2020,4,3,35,35352,1,1,1,6,RD 86,48.062089,-1.603573
202000014053,11,10,2020,10,1,35,35353,1,1,8,5,La Vallée,48.122703,-1.773562
202000014054,11,10,2020,11,1,30,30189,1,1,1,6,bretelle d'accès autoroute A9 Nimes Ouest,43.809787,4.347754
202000014055,11,10,2020,1,3,83,83097,1,1,1,6,A8,43.48171,5.734364
202000014056,24,12,2020,10,1,95,95277,2,1,2,3,BRIAND ARISTIDE (AVENUE),49.00063,2.42505
202000014057,25,12,2020,3,3,91,91421,2,1,8,6,RUE DES GAULOIS,48.71468,2.44042
202000014058,25,12,2020,18,5,91,91027,2,2,1,3,RUE MAURICE NOGUES,48.71215,2.38453
202000014059,25,12,2020,17,3,77,77186,1,1,2,7,D301e2.gare thomery giratoire duchatel,48.395283,2.764019
202000014060,21,12,2020,17,5,69,69290,2,1,2,6,GRENOBLE (DE)  -  RN 6              (RO),45.7149,4.964
202000014061,25,12,2020,17,1,64,64445,2,1,1,6,RONSARD,43.3189,-0.358
202000014062,25,12,2020,22,5,59,59152,2,2,2,3,HURLUPIN (RUE D'),50.76297,3.01109
202000014063,26,12,2020,0,5,59,59350,2,1,8,6,JAURES RUE JEAN,50.6228148,3.0728388
202000014064,25,12,2020,15,1,51,51454,2,3,1,7,Avenue de Laon,49.2653208,4.0264219
202000014065,24,12,2020,12,1,42,42183,2,1,1,6,Rue Jean Moulin,45.4056424,4.3726246
202000014066,22,12,2020,9,1,30,30028,2,1,1,6,PERRIERES (DESCENTE DES),44.160239,4.619164
202000014067,25,12,2020,14,1,25,25056,2,9,1,6,GRAY ROUTE DE,47.245784,5.980784
202000014068,25,12,2020,17,5,13,13211,2,1,6,6,GROGNARDE (AVENUE DE LA),43.290971,5.436051
202000014069,24,12,2020,8,2,13,13212,2,9,1,3,TROIS LUCS A LA VALENTINE (ROUTE),43.304542,5.473841
202000014070,25,12,2020,7,2,13,13210,2,1,1,6,ANDRE BARDON (rue),43.27768,5.4265
202000014071,24,12,2020,19,3,13,13047,1,1,8,1,D.51,43.47434,4.97788
202000014072,24,12,2020,21,5,75,75117,2,4,2,6,ECHANGEUR MAILLOT,48.883056,2.283688
202000014073,18,12,2020,22,5,75,75117,2,1,1,7,AVENUE STEPHANE MALLARME,48.886809,2.293649
202000014074,24,12,2020,13,1,75,75117,2,5,3,6,RUE DE ROME,48.887348,2.314131
202000014075,25,12,2020,8,2,75,75116,2,1,1,6,RUE DES BELLES FEUILLES,48.868551,2.280366
202000014076,25,12,2020,19,5,75,75106,2,2,1,3,BOULEVARD SAINT GERMAIN,48.852474,2.338765
202000014077,24,12,2020,22,5,93,93078,2,6,9,3,CLEMENCEAU (AVENUE GEORGES),48.96082,2.55615
202000014078,25,12,2020,12,1,93,93006,2,1,1,3,GAMBETTA AV.,48.8710554,2.4176831
202000014079,25,12,2020,22,3,93,93066,2,3,1,6,"""PERI GABRIEL, NR 116 A 144 ET 135 A 149",48.9386028,2.3563731
202000014080,25,12,2020,18,5,92,92064,2,1,1,3,PASTEUR,48.841853,2.202099
202000014081,25,12,2020,18,5,92,92026,2,1,1,2,VERDUN (BD DE),48.9010982,2.2601125
202000014082,24,12,2020,22,5,92,92004,2,2,1,3,AULAGNIER ( QUAI ),48.91432,2.3108
202000014083,26,12,2020,6,5,60,60234,2,3,1,6,,49.390438,2.4132951