Num_Acc,jour,mois,an,hr,condition_eclairage,departement,commune,condition_agglomeration,intersection,condition_atmosphere,type_collision,adresse,lattitude,longitude
202000014084,24,12,2020,19,3,40,40213,1,1,8,7,Route de Labenne,43.594255,-1.385329
202000014085,24,12,2020,18,3,33,33106,1,1,2,7,lieu dit sendets,44.56164,-0.116451
202000014086,25,12,2020,14,1,974,97422,2,1,1,6,Avenue du Général de Gaulle,-21.274539,55.518122
202000014087,26,12,2020,0,3,974,97404,1,9,1,6,"RN1, voie d'insertion Les Sables Sens NORD/SURD",-21.279347,55.379274
202000014088,24,12,2020,15,2,28,28281,1,1,7,5,921,48.397867,1.379964
202000014089,25,12,2020,14,1,06,06130,1,1,4,1,D5,43.687593,6.829469
202000014090,26,12,2020,15,1,77,77398,2,4,1,3,Route de la Vallée,48.876741,3.295306
202000014091,1,12,2020,19,3,59,59331,1,1,1,3,Route de Landrecies,50.124334,3.729944
202000014092,26,12,2020,17,1,79,79162,1,4,1,6,Route de la Garette,46.311597,-0.576911
202000014093,26,12,2020,14,1,32,32462,1,1,1,7,Route nationale 124,43.739352,0.356412
202000014094,23,12,2020,13,1,12,12086,1,1,1,2,D512,44.177672,3.125803
202000014095,26,12,2020,12,1,42,42288,1,2,1,1,Chemin du Bas Montcel,45.775463,4.003047
202000014096,25,12,2020,16,1,34,34045,1,1,6,1,D15,43.550467,3.348789
202000014097,24,12,2020,10,1,35,35069,1,9,1,6,zone commerciale UNIVERS,48.041861,-1.516383
202000014098,24,12,2020,17,3,35,35264,1,3,1,3,Le Bois,48.089016,-1.345863
202000014099,25,12,2020,19,3,29,29017,1,1,1,5,D268 - Lieu Dit Lann Ar Poullou,48.477644,-4.6982
202000014100,24,12,2020,18,5,29,29160,2,1,2,6,D788 - Rue Maréchal Leclerc,48.5017813,-4.4269274
202000014101,26,12,2020,13,1,02,02262,1,1,1,7,D553,49.636398,3.357353
202000014102,25,12,2020,22,3,01,01457,1,1,2,6,CHASSIN BOIS DE BEOST,46.1891666,4.9974
202000014103,24,12,2020,11,1,72,72147,1,1,8,1,La Bique Rouge,48.126082,0.195635
202000014104,23,12,2020,13,1,72,72346,1,1,1,6,les touches,47.879628,0.029655
202000014105,23,12,2020,14,1,37,37245,1,1,2,7,Route du Serrain,47.4906386,0.5594072
202000014106,26,12,2020,14,1,37,37050,2,2,1,1,rue monod,47.346856,0.7071738
202000014107,24,12,2020,10,1,987,98752,1,1,1,6,PK 47+800,-17.722055,-149.404653
202000014108,23,12,2020,23,3,01,01147,1,1,1,7,RD56,46.437365,5.293688
202000014109,20,12,2020,18,3,21,21590,1,1,2,5,A6,47.0582915,4.8132198
202000014110,23,12,2020,17,3,13,13051,1,1,2,4,A7,43.590345,5.18706
202000014111,25,12,2020,14,1,987,98724,1,1,1,6,RT 111 District de PAREA,-16.727384,-151.01125
202000014112,24,12,2020,21,3,987,98722,2,1,1,6,pk 32.200 coté montagne RT2 à TIAREI,-17.591429,-149.382126
202000014113,25,12,2020,17,1,988,98821,1,1,1,3,VE2,-22.164832,166.393304
202000014114,20,11,2020,17,2,971,97117,1,9,1,2,Route de Neron,16.327923,-61.396151
202000014115,26,12,2020,2,3,84,84067,1,1,6,6,"D126, 1070 route d'Aubignan",44.083801,5.012748
202000014116,24,12,2020,14,1,88,88308,1,1,2,1,D 674,48.345283,5.657616
202000014117,24,12,2020,12,1,57,57645,1,6,1,6,voie romaine,49.193105,6.150606
202000014118,26,12,2020,10,1,17,17164,2,2,1,3,route de saint jean,45.763062,-0.586041
202000014119,26,12,2020,14,1,59,59105,1,1,8,7,Route de Coutiches,50.441378,3.22872
202000014120,24,12,2020,20,3,42,42110,1,1,2,5,A47,45.4951786,4.5552588
202000014121,25,12,2020,6,3,91,91228,1,1,1,6,AUTOROUTE A6,48.61335,2.431
202000014122,25,12,2020,17,5,93,93066,1,1,1,2,AUTOROUTE A1,48.90851,2.35841
202000014123,22,9,2020,11,1,69,69273,1,1,1,2,BUS (RD301)   4.470 A 7.000,45.67883,4.89746
202000014124,24,12,2020,20,5,973,97302,2,1,1,3,MADELEINE (ROUTE DE LA),4.9167,-52.32144
202000014125,24,12,2020,19,5,973,97302,2,2,1,3,TECLE (EUGENE) CITE THEMIRE,4.93445,-52.32081
202000014126,24,12,2020,13,1,69,69386,2,1,1,6,VITTON                              (CO),45.76948,4.8516
202000014127,24,12,2020,12,1,69,69259,2,3,1,3,CHARLES DE GAULLE                   (AV),45.71753,4.89167
202000014128,24,12,2020,11,1,69,69383,2,2,1,3,LAFAYETTE                           (CO),45.7635903,4.8429344
202000014129,24,12,2020,8,1,69,69383,2,2,1,3,PIERRE CORNEILLE                    (R ),45.75938,4.84463
202000014130,23,12,2020,11,1,69,69387,2,2,8,6,DEBOURG                             (AV),45.7315,4.82992
202000014131,24,12,2020,15,1,972,97213,2,1,1,6,SCHOELCHER (RUE),14.61318,-61.00274
202000014132,24,12,2020,7,1,971,97101,1,1,8,1,PERRIN,16.29656,-61.51143
202000014133,23,12,2020,19,3,95,95014,2,3,1,3,Route de la Croix Blanche,49.01167,2.30486
202000014134,24,12,2020,13,1,91,91434,2,6,3,3,CORBEIL (ROUTE DE),48.66206,2.34063
202000014135,24,12,2020,11,1,87,87085,2,1,3,6,MAS-BOUYOL  (CITE ET BOULEVARD DU),45.82432,1.22653
202000014136,24,12,2020,10,1,87,87085,2,1,2,6,ARCADES (BOULEVARD DES),45.85183,1.2633
202000014137,18,12,2020,16,1,85,85191,2,1,8,6,NAPOLEON PLACE,46.67007,-1.42737
202000014138,21,12,2020,17,5,85,85191,2,1,2,6,MOREAU BOULEVARD STEPHANE,46.6687,-1.40941
202000014139,23,12,2020,16,1,76,76351,2,1,1,6,HOTEL DE VILLE (PLACE DE),49.49418,0.1096
202000014140,22,12,2020,11,1,76,76351,2,1,1,5,JULES DURAND (BD),49.4915175,0.16237
202000014141,24,12,2020,17,5,69,69256,2,2,2,1,PABLO PICASSO                       (AV),45.77554,4.91733
202000014142,24,12,2020,19,5,65,65440,2,3,2,3,EMBARQUEMENT (QUAI D'),43.241284,0.064429
202000014143,22,12,2020,15,1,64,64445,2,2,1,3,DIDIER DAURAT,43.32933,-0.37955
202000014144,24,12,2020,9,1,64,64102,2,1,3,3,SABALCE (CHEMIN DE),43.49145,-1.49108
202000014145,23,12,2020,8,3,62,62753,1,1,3,-1,RD 919,50.320676,2.816641
202000014146,22,12,2020,17,2,61,61001,2,1,2,6,TISONS (RUE DES),48.4223,0.09363
202000014147,24,12,2020,15,1,59,59508,2,1,2,6,LILLE (RUE DE)MENIN A 8 MAI 1945,50.7376604,3.1158203
202000014148,23,12,2020,18,5,56,56083,2,1,6,6,TROTTIER (RUE),47.80478,-3.27882
202000014149,23,12,2020,15,1,56,56121,2,1,6,4,BELGIQUE (RUE  DE ),47.75922,-3.37963
202000014150,23,12,2020,18,5,55,55545,2,1,1,7,MIRIBEL ( AVENUE ),49.1674,5.38709
202000014151,24,12,2020,19,5,54,54395,2,2,3,3,OBERLIN (RUE),48.70325,6.18198
202000014152,23,12,2020,17,5,54,54395,2,1,2,3,SAINT DIZIER (RUE 82 ET 113 A FIN),48.6916438,6.18184
202000014153,23,12,2020,18,5,54,54257,2,3,2,2,GUYNEMER (RUE),48.6562194,6.1994024
202000014154,23,12,2020,17,5,54,54547,2,1,3,6,BELGIQUE (RUE DE),48.666214,6.170501
202000014155,24,12,2020,17,5,51,51454,2,3,2,4,Boulevard Louis Roederer,49.2569778,4.0230613
202000014156,24,12,2020,14,1,49,49007,2,1,1,7,RECULEE HAUTE,47.4833365,-0.5532675
202000014157,24,12,2020,11,1,49,49007,2,1,1,3,Rue de la Madeleine,47.46203,-0.54129
202000014158,23,12,2020,19,5,47,47001,2,1,2,1,STRASBOURG (RUE DE),44.19942,0.61878
202000014159,24,12,2020,15,1,45,45234,2,2,2,3,Rue de Bellebat-venelle de la voie,47.9086047,1.918598
202000014160,23,12,2020,22,3,44,44020,1,1,6,-1,ROUTE DE PORNIC,47.19059,-1.57861
202000014161,1,12,2020,14,1,38,38185,2,1,2,6,Rue Raoul Blanchard,45.19017,5.72887
202000014162,29,11,2020,18,5,38,38185,2,1,1,6,Cours Jean Jaurès,45.1851,5.7183
202000014163,24,12,2020,17,3,37,37122,2,1,1,7,RD 37,47.34093,0.65172
202000014164,24,12,2020,15,1,37,37261,2,2,2,6,HALLES (PLACE DES),47.3928041,0.6786793
202000014165,24,12,2020,9,1,35,35238,2,2,2,3,FREVILLE (AVENUE HENRI),48.0838,-1.67503
202000014166,23,12,2020,17,5,34,34172,2,1,2,3,VALLOIS (RUE PROFESSEUR LEON),43.61447,3.88374
202000014167,23,12,2020,20,5,31,31555,2,1,1,3,AV JEAN CHAUBET,43.60526,1.48014
202000014168,23,12,2020,19,5,31,31149,2,1,1,3,ESPLANADE FRANCOIS MITTERRAND ,43.6057,1.33566
202000014169,23,12,2020,19,5,30,30189,2,1,2,6,HUGO VICTOR (BOULEVARD),43.83702,4.35643
202000014170,17,11,2020,16,1,30,30028,2,1,1,6,Place Pierre Boulot,44.16103,4.62195
202000014171,22,12,2020,12,1,29,29019,2,2,3,3,Rue Emile Rousse,48.38657,-4.52825
202000014172,24,12,2020,10,1,27,27681,2,1,2,2,JAURES (BOULEVARD JAURES),49.09468,1.467291
202000014173,23,12,2020,13,1,26,26058,2,2,1,3,ALSACE LORRAINE RUE,44.94902,4.88821
202000014174,23,12,2020,12,1,25,25056,2,2,2,6,CHURCHILL BD WINSTON,47.247424,5.99905
202000014175,23,12,2020,13,1,21,21231,2,4,2,6,28 Rue de l’Arquebuse,47.3222841,5.0298001
202000014176,23,12,2020,17,5,17,17415,2,2,1,3,TRAVERSIERE SAINT VIVIEN RUE,45.75185,-0.63231
202000014177,19,12,2020,13,1,17,17415,1,1,1,7,N141,45.7419,-0.60064
202000014178,25,12,2020,1,4,17,17028,2,1,1,2,SALENGRO   AVENUE ROGER,46.14018,-1.13437
202000014179,24,12,2020,18,5,17,17299,2,1,1,3,BACHELARD AVENUE VICTOR-LOUIS,45.934552,-0.959734
202000014180,23,12,2020,19,3,16,16113,2,1,1,1,143 route de Bordeaux,45.60697,0.086923
202000014181,24,12,2020,11,1,13,13077,2,1,1,6,THOREZ MAURICE (avenue),43.40538,4.98082
202000014182,24,12,2020,12,1,13,13210,2,1,1,6,L ARMEE D AFRIQUE (CHEMIN DE L'),43.28778,5.41181
202000014183,22,12,2020,16,1,13,13004,1,1,8,4,RTE N570 AVIGNON STES MARIES,43.70389,4.64747
202000014184,24,12,2020,9,1,06,06088,2,2,8,7,MONTEL (BD PAUL),43.67783,7.20516
202000014185,23,12,2020,6,3,05,05061,1,1,9,1,RN85,44.58137,6.08057
202000014186,23,12,2020,22,5,75,75106,2,3,1,3,BOULEVARD SAINT GERMAIN,48.85249,2.338746
202000014187,24,12,2020,18,5,75,75120,2,4,1,6,RUE BELGRAND,48.864843,2.40018
202000014188,24,12,2020,12,1,75,75117,2,1,2,2,AVENUE MAC MAHON,48.878061,2.29416
202000014189,24,12,2020,15,1,75,75116,2,1,2,2,PONT DE SURESNES,48.866667,2.230298
202000014190,23,12,2020,19,5,75,75116,2,1,1,6,RUE BENJAMIN FRANKLIN,48.860211,2.285765
202000014191,24,12,2020,19,5,75,75111,2,2,8,6,AVENUE DE LA REPUBLIQUE,48.864609,2.378034
202000014192,24,12,2020,9,1,75,75111,2,1,8,3,AVENUE PHILIPPE AUGUSTE,48.852925,2.393102
202000014193,24,12,2020,16,1,75,75107,2,7,2,6,PLACE DE BRETEUIL,48.847545,2.311971
202000014194,24,12,2020,16,1,75,75101,2,3,2,2,QUAI DE LA MEGISSERIE,48.857968,2.344402
202000014195,23,12,2020,12,1,75,75103,2,1,2,3,RUE DU GRENIER SAINT LAZARE,48.862782,2.353647
202000014196,22,12,2020,12,1,94,94081,2,3,2,3,PRESIDENT SALVADOR ALLENDE (AV DU),48.7959394,2.4126953
202000014197,22,12,2020,11,1,94,94081,2,1,8,7,STALINGRAD (BD DE),48.79562,2.3842
202000014198,24,12,2020,10,1,94,94068,2,1,2,6,BAC (AV DU),48.79429,2.51187
202000014199,23,12,2020,18,5,94,94068,2,1,1,7,CRETEIL (BD DE),48.79983,2.47173
202000014200,23,12,2020,22,5,94,94046,2,1,1,6,FOCH (AV),48.81576,2.43935
202000014201,24,12,2020,18,5,94,94041,2,1,2,3,VERDUN (AV DE),48.8116361,2.3713045
202000014202,24,12,2020,11,1,94,94054,2,1,2,3,MARCEL CACHIN (AV),48.747109,2.411203
202000014203,24,12,2020,9,1,94,94078,2,1,2,6,ANATOLE FRANCE (AV),48.743208,2.452197
202000014204,18,12,2020,9,1,94,94017,2,6,1,6,ALFRED GREVIN (R),48.81492,2.51997
202000014205,24,12,2020,16,1,94,94071,2,1,1,6,JEAN MOULIN (R),48.77519,2.514017
202000014206,24,12,2020,14,1,93,93079,2,3,2,3,SAINT LEU (ROUTE),48.95411,2.3352
202000014207,21,12,2020,14,1,93,93079,2,1,2,1,Rue Jules Ferry,48.9621163,2.3383847
202000014208,24,12,2020,14,1,92,92062,2,3,2,3,DE DION BOUTON (QUAI) DU 29 AU 65,48.885526,2.251434
202000014209,23,12,2020,17,5,92,92051,2,2,8,3,"BINEAU (BOULEVARD, N°53 A 131 ET 52 A 13",48.895342,2.265941
202000014210,23,12,2020,18,5,92,92049,2,1,1,6,DORMOY AVENUE MARX N°102 A FIN,48.810228,2.313375
202000014211,23,12,2020,0,5,92,92024,2,1,3,6, ERIC TABARLY (QUAI),48.9121493,2.310757
202000014212,24,12,2020,15,1,92,92012,2,1,2,7,HENRI MARTIN (RUE),48.837431,2.251772
202000014213,23,12,2020,21,5,92,92004,1,1,2,-1,PONT DE CLICHY,48.9102283,2.2992108
202000014214,23,12,2020,23,5,92,92009,2,9,2,3,EUROPE (AVENUE),48.90685,2.26147
202000014215,24,12,2020,16,1,35,35127,1,1,7,4,RD 177,47.935085,-1.835511
202000014216,24,12,2020,19,3,60,60335,1,2,3,3,D930,49.540019,1.869532
202000014217,25,12,2020,6,3,17,17193,1,2,1,6,intersection D203  et   RD 939,46.123508,-1.046968
202000014218,24,12,2020,23,5,06,06006,2,1,1,6,424 Route de Castagniers,43.788422,7.243016
202000014219,24,12,2020,20,3,08,08402,1,1,1,2,A34,49.584476,4.488438
202000014220,25,12,2020,10,1,43,43123,1,1,4,7,A75,45.333872,3.272561
202000014221,25,12,2020,2,3,76,76187,1,1,2,1,CD 926,49.727406,0.4372
202000014222,24,12,2020,18,3,79,79179,1,1,1,1,,46.758772,-0.620776
202000014223,25,12,2020,7,2,69,69006,2,1,4,6,1 Rue Daniel Fargeot,45.976722,4.334198
202000014224,16,12,2020,13,1,31,31377,1,1,6,6,D25,43.431917,1.725664
202000014225,25,12,2020,8,1,01,01452,1,3,8,6,D 904,45.842493,5.65327
202000014226,24,12,2020,19,3,58,58258,1,1,2,1,RD 981 PR 18+423,46.8791,3.304632
202000014227,24,12,2020,18,3,50,50077,1,1,6,3,RD 116,49.660329,-1.510373
202000014228,24,12,2020,9,1,45,45228,1,1,2,3,Route de Combreux,48.009715,2.349134
202000014229,24,12,2020,15,1,27,27050,1,2,7,-1,D133,49.093323,0.804362
202000014230,24,12,2020,19,5,30,30274,2,1,1,3,290 Montee des Rosiers,44.175863,4.115267
202000014231,25,12,2020,17,3,52,52470,1,1,8,6,D460,47.9837962,5.7871815
202000014232,25,12,2020,19,5,988,98805,2,1,1,3,Avenue d'Auteuil,-22.205479,166.476678
202000014233,25,12,2020,14,1,62,62674,1,1,8,6,Autoroute A 26 sens CALAIS - REIMS,50.739422,2.14021
202000014234,24,12,2020,23,5,973,97311,1,9,1,7,Rue du Village Pierre,5.468505,-54.045948
202000014235,24,12,2020,20,5,972,97224,1,1,1,7,53 Chemin Salubre,14.665777,-61.034358
202000014236,25,12,2020,14,1,29,29233,2,1,1,7,D16 - 151 Rue de Moëlan,47.8595631,-3.5642982
202000014237,24,12,2020,18,3,45,45310,1,1,2,6,D24-PR15 + 600,48.29722,2.179719
202000014238,21,12,2020,18,5,45,45173,2,1,1,6,06 rue du général de Gaulle,47.865767,2.124288
202000014239,10,12,2020,8,2,77,77318,1,1,1,5,D231,48.765435,2.919243
202000014240,24,12,2020,17,3,95,95211,1,1,2,6,D27,49.085939,2.107272
202000014241,25,12,2020,12,1,89,89055,1,1,8,6,D78,47.982159,3.626926
202000014242,25,12,2020,10,1,63,63284,2,9,2,2,Avenue Roger Coulon,45.798262,3.240598
202000014243,24,12,2020,18,5,42,42202,2,1,2,6,Rue du Relais de Poste,45.721347,4.3422203
202000014244,22,12,2020,18,5,01,01211,2,1,1,7,Grande Rue,46.117997,5.194731
202000014245,25,12,2020,0,3,85,85247,1,1,1,6,La Louvrenière,46.97196,-1.08711
202000014246,17,12,2020,4,3,50,50564,2,1,1,6,Les Forges,49.2419,-1.319197
202000014247,24,12,2020,23,3,60,60060,1,1,2,6,,49.18197,2.218101
202000014248,24,12,2020,18,5,13,13055,1,1,1,4,A507 sens Marseille - Aubagne,43.29563,5.42448
202000014249,24,12,2020,16,2,13,13055,1,1,1,3,A507 sens Marseille - Aubagne,43.33139,5.38715
202000014250,23,12,2020,12,1,83,83137,1,1,1,6,A50 Accès Tunnel Tube Nord,43.12132,5.95331
202000014251,19,11,2020,6,5,33,33200,2,6,2,2,MAGUDAS (AVE DE),44.8585,-0.67743
202000014252,19,11,2020,14,1,32,32013,2,1,1,3,SADI-CARNOT (BOULEVARD),43.64082,0.58576
202000014253,18,11,2020,8,1,31,31149,2,1,1,6,AUBE (ALLEE DE L'),43.61816,1.33387
202000014254,19,11,2020,18,5,31,31555,2,1,1,6,AV DU DR MAURICE GRYNFOGEL,43.58068,1.3765
202000014255,19,11,2020,12,1,27,27681,2,1,8,2,CHANTEREINE (PLACE),49.09602,1.48314
202000014256,19,11,2020,18,5,17,17300,2,1,1,3,MOULIN   AVENUE JEAN,46.15305,-1.13945
202000014257,19,11,2020,5,3,13,13117,1,1,1,6,CHEMIN DEPARTEMENTAL CD 20,43.443469,5.232058
202000014258,19,11,2020,16,1,13,13208,2,1,1,6,DOCTEUR BERTRAND (RUE),43.2467588,5.3818224
202000014259,19,11,2020,14,1,13,13208,2,9,1,6,ROUET (RUE DU),43.279,5.39
202000014260,19,11,2020,13,1,13,13206,2,2,1,6,SAINT SEBASTIEN (RUE),43.28549,5.38253
202000014261,19,11,2020,8,1,13,13001,2,6,1,2,GAUTIER DE LA LAUZIERE J.P (RUE),43.482404,5.3650812
202000014262,19,11,2020,14,1,09,09122,2,1,2,1,SIBIAN (AVENUE DE),42.9652,1.5936
202000014263,18,11,2020,14,1,06,06029,1,1,1,3,PICAUD (AVENUE DU DOCTEUR),43.5503874,6.991022
202000014264,18,11,2020,10,1,04,04112,2,1,1,6,Parking laboratoire d'analyses de biologie médicale,43.83033,5.80474
202000014265,19,11,2020,18,5,75,75119,2,1,2,3,RUE MANIN,48.883118,2.386668
202000014266,19,11,2020,9,1,75,75119,2,7,1,3,PLACE AUGUSTE BARON,48.900109,2.388373
202000014267,19,11,2020,9,1,75,75119,2,3,1,3,BOULEVARD MACDONALD,48.898754,2.373144
202000014268,19,11,2020,13,1,75,75118,2,2,1,6,AVENUE DE LA PORTE DE MONTMARTRE,48.89915,2.336254
202000014269,19,11,2020,14,1,75,75118,2,2,2,3,BOULEVARD NEY,48.898694,2.359368
202000014270,19,11,2020,20,5,75,75115,2,1,2,7,RUE DE LA PORTE D ISSY,48.833196,2.282329
202000014271,18,11,2020,21,5,75,75115,2,2,1,3,QUAI BRANLY,48.85458,2.28885
202000014272,19,11,2020,10,1,75,75114,2,3,1,3,RUE FROIDEVAUX,48.836626,2.325834
202000014273,17,11,2020,13,1,75,75113,2,2,1,1,PONT CHARLES DE GAULLE,48.841921,2.367869
202000014274,19,11,2020,18,1,75,75110,2,1,2,2,RUE DU FAUBOURG SAINT DENIS,48.883784,2.359218
202000014275,19,11,2020,7,1,75,75109,2,3,1,3,RUE DU FAUBOURG POISSONNIERE,48.873446,2.347909
202000014276,19,11,2020,1,5,75,75111,2,2,2,3,RUE SAINT SABIN,48.857432,2.369846
202000014277,19,11,2020,10,1,75,75101,2,2,1,3,QUAI DE LA MEGISSERIE,48.85722,2.347098
202000014278,18,11,2020,19,5,75,75104,2,2,1,3,RUE DU PONT LOUIS PHILIPPE,48.8546,2.355179
202000014279,19,11,2020,11,1,94,94081,2,1,1,6,CHOISY (R DE),48.78475,2.4004
202000014280,19,11,2020,19,5,94,94080,2,1,1,6,FONTENAY (R DE),48.8479,2.44309
202000014281,19,11,2020,11,1,94,94068,2,2,8,3,GENERAL GIRAUD (BD DU),48.793419,2.47859
202000014282,19,11,2020,20,5,94,94037,2,1,2,3,PAUL VAILLANT COUTURIER (AV),48.82,2.34
202000014283,19,11,2020,9,1,94,94065,2,1,1,3,rue d'auvergne,48.76019,2.35485
202000014284,19,11,2020,11,1,94,94004,2,9,1,2,GENERAL LECLERC (AV DU),48.753885,2.50656
202000014285,19,11,2020,13,1,93,93078,2,1,2,6,R HENRI BARBUSSE,48.96485,2.53125
202000014286,18,11,2020,11,1,93,93073,1,9,7,6,RTE DE LA CROIX DU PLATRE,48.98432,2.53457
202000014287,19,11,2020,14,1,93,93049,2,3,1,5,HENRIETTE SAVAETE (RUE),48.85745,2.49578
202000014288,18,11,2020,12,1,93,93063,2,3,1,6,ORMES RUE DES,48.8722218,2.4399443
202000014289,18,11,2020,22,3,93,93027,1,1,1,6,SALENGRO (AVENUE ROGER),48.93757,2.38808
202000014290,19,11,2020,14,1,92,92072,2,1,1,6,EUROPE (AVENUE DE L'),48.822096,2.2070431
202000014291,19,11,2020,22,3,92,92050,2,1,1,7,SADI CARNOT RUE,48.888425,2.2055309
202000014292,19,11,2020,10,1,92,92050,2,1,1,2,JOLIOT CURIE F. ET IRENE AVENUE  N°PAIRS,48.89348,2.21147
202000014293,19,11,2020,7,1,92,92040,2,1,1,6,GABRIEL PERI,48.8201112,2.2745427
202000014294,19,11,2020,19,5,92,92024,2,1,2,7,JEAN JAURES (BD) DE 47 A 109)   (56 A 14,48.9010066,2.3053801
202000014295,19,11,2020,12,1,92,92019,2,2,1,3,SALENGRO ROGER (RUE),48.7728133,2.2757362
202000014296,19,11,2020,9,1,92,92019,2,1,1,3,Avenue de la Division Leclerc,48.76192,2.28679
202000014297,18,11,2020,18,3,92,92019,2,1,1,6,PLESSIS PIQUET (ROUTE DU),48.76947,2.24799
202000014298,19,11,2020,20,5,92,92007,2,3,2,6,PASTEUR (AVENUE LOUIS) N° 1 A 39 ET 2 A,48.7997613,2.317953
202000014299,19,11,2020,18,1,92,92004,1,1,2,4,DOCTEUR DERVAUX  ( QUAI DU ),48.90878,2.29316
202000014300,19,11,2020,18,1,92,92009,2,1,1,6,ARGENTEUIL ( AVENUE D' ),48.9165668,2.2821733
202000014301,16,11,2020,17,1,974,97415,1,1,1,5,Sans Souci,-20.973667,55.319692
202000014302,20,11,2020,1,5,974,97415,2,4,1,3,Grotte des Premiers Français (Parc),-21.015116,55.260823
202000014303,20,11,2020,7,2,62,62812,1,2,1,1,D341,50.644693,2.034853
202000014304,20,11,2020,9,1,85,85073,1,1,1,6,D7,46.493222,-1.163049
202000014305,20,11,2020,3,3,988,98812,1,1,1,7,Karembe,-20.625783,164.34058
202000014306,19,11,2020,18,1,974,97422,2,2,1,6,Rue Jules Bertaut,-21.28053,55.516895
202000014307,19,11,2020,19,3,83,83004,1,1,1,2,Route Nationale 7,43.4477,6.478522
202000014308,17,11,2020,23,3,22,22206,1,1,1,2,N12,48.536333,-3.022394
202000014309,14,11,2020,17,1,974,97410,1,1,1,4,110 bis RN3,-21.064938,55.708001
202000014310,20,11,2020,19,3,50,50175,1,1,2,6,Route nationale 13 pk 31.300,49.482708,-1.391101
202000014311,23,10,2020,12,1,36,36150,1,1,3,6,,46.4361713,1.4796408
202000014312,19,11,2020,18,3,62,62268,1,2,2,3,D127,50.673927,1.822572
202000014313,19,11,2020,17,2,34,34310,1,3,1,3,D154e1,43.410383,3.170639
202000014314,19,11,2020,10,1,22,22366,1,1,1,6,le yar,48.620563,-3.590941
202000014315,19,11,2020,19,3,29,29274,1,1,1,7,Lieu Dit Kereren,47.97043,-3.716834
202000014316,19,11,2020,19,5,29,29003,2,3,1,3,Rue de Kerivoas,48.0286618,-4.5568815
202000014317,19,11,2020,15,1,29,29215,2,3,1,6,Chemin de la Corniche,47.979146,-4.430408
202000014318,19,11,2020,9,1,31,31118,1,1,2,1,D29,43.8035,1.363024
202000014319,20,11,2020,18,2,38,38130,2,1,1,6,Avenue du Marechal Joffre,45.389044,5.271024
202000014320,20,11,2020,13,1,02,02215,2,1,1,3,5 Rue de Reims,49.462265,3.824381
202000014321,20,11,2020,16,1,03,03128,2,4,1,6,Rue de la Patarianne,46.3712417,2.4782774
202000014322,20,11,2020,15,1,01,01320,2,1,1,6,306 Route de Saint Laurent,46.302273,4.866343
202000014323,20,11,2020,4,5,66,66124,2,1,1,6,Boulevard du Cambre d'Aze,42.499512,2.041397
202000014324,19,11,2020,21,5,54,54425,2,1,1,6,3 Rue du Huit Mai,49.30807,5.78295
202000014325,20,11,2020,7,2,64,64335,1,1,1,2,Route de l'Aviation,43.360438,-0.414766
202000014326,19,11,2020,11,1,36,36006,2,7,1,6,3 Place de la République,46.5887391,1.5193754
202000014327,19,11,2020,18,5,67,67471,2,1,1,6,Rue des Rossignols,48.634454,7.736987
202000014328,19,11,2020,4,3,67,67471,2,1,1,7,Rue du Ried,48.635259,7.769517
202000014329,9,11,2020,12,1,973,97309,2,1,1,1,Avenue Gaston Monnerville,4.887559,-52.279923
202000014330,20,11,2020,5,3,68,68297,1,1,2,2,A35,47.578046,7.558293
202000014331,19,11,2020,23,3,47,47046,1,1,1,1,A62,44.3665904,0.2425077
202000014332,19,11,2020,14,1,987,98729,1,1,2,2,RT 91,-17.481931,-149.8007995
202000014333,19,11,2020,19,4,973,97305,2,1,1,6,35 Avenue Pripri Soula,4.929943,-52.410048
202000014334,20,11,2020,11,1,45,45226,2,1,1,7,9 Route de Sully,47.7917955,2.2522569
202000014335,20,11,2020,16,1,04,04197,2,1,1,6,RD 4096,43.780537,5.767956
202000014336,19,11,2020,11,1,70,70026,2,6,1,6,8 Place Aristide Briand,47.455994,5.588057
202000014337,20,11,2020,12,1,52,52269,2,2,1,3,avenue de l'Europe,47.871619,5.337585
202000014338,20,11,2020,12,1,57,57474,2,1,1,6,Rue de Boussange,49.25817,6.159961
202000014339,20,11,2020,7,2,74,74220,1,1,2,4,Route de l'Eculaz,46.138683,6.285848
202000014340,20,11,2020,16,1,64,64067,1,6,1,3,d837,43.243812,-0.289196
202000014341,20,11,2020,6,4,85,85151,2,1,1,7,"D92, le gautreau",46.987586,-0.932458
202000014342,20,11,2020,4,3,27,27249,1,1,1,6,D69 PR 10.840,49.174746,1.258063
202000014343,19,11,2020,9,1,13,13207,1,1,1,6,Tunnel Prado Carénage,43.285051,5.384256
202000014344,13,11,2020,8,1,83,83123,1,1,1,5,A50,43.1464222,5.7761264