Num_Acc,jour,mois,an,hr,condition_eclairage,departement,commune,condition_agglomeration,intersection,condition_atmosphere,type_collision,adresse,lattitude,longitude
202000014345,19,11,2020,16,1,33,33550,1,1,1,2,ROCADE A 630,44.7796,-0.57397
202000014346,18,11,2020,20,3,91,91235,1,1,1,2,RN 104,48.6261,2.3551
202000014347,19,11,2020,19,3,93,93005,1,1,2,4,AUTOROUTE A3,48.9680356,2.4778582
202000014348,18,11,2020,20,3,93,93078,1,1,1,5,AUTOROUTE A104,48.95925,2.53716
202000014349,18,11,2020,16,1,93,93048,1,1,1,4,AUTOROUTE A86,48.86425,2.43236
202000014350,19,11,2020,9,1,94,94046,1,1,1,4,A86 INT,48.8097497,2.4488551
202000014351,19,11,2020,8,1,94,94073,1,1,1,2,A86 EXT,48.7658022,2.3793953
202000014352,18,11,2020,19,3,77,77146,1,1,1,6,A4.Y,48.83232,2.66031
202000014353,18,11,2020,12,1,94,94042,1,1,1,4,A4,48.8280073,2.4730466
202000014354,5,2,2020,19,5,93,93050,2,2,1,3,JEAN JAURES (AVENUE) COTE MAISON BLANCHE,48.8656132,2.5640742
202000014355,31,8,2020,15,1,67,67482,2,3,8,3,OBERHAUSBERGEN (ROUTE D ),48.59506,7.71014
202000014356,11,8,2020,16,1,67,67482,1,1,1,6,N.4 Contournement Sud,48.571187,7.729134
202000014357,19,9,2020,14,1,27,27229,2,1,1,6,ARGENCE (RUE D'),49.03225,1.15925
202000014358,18,11,2020,11,1,988,98818,2,3,1,2,RUE TARAGNAT/RUE DU R.P. ROMAN,-22.27175,166.45329
202000014359,18,11,2020,8,1,976,97611,2,1,1,1,m'tsapere-Pont (ruelle du ),-12.7910419,45.2225778
202000014360,18,11,2020,18,5,973,97302,2,1,3,6,MONTABO (ROUTE DE) 1,4.94394,-52.30784
202000014361,18,11,2020,12,1,973,97302,1,6,1,3,CRIQUE FOUILLEE (ROND POINT),4.89675,-52.32897
202000014362,18,11,2020,16,1,69,69259,2,1,1,5,YVES FARGE (RN 7)                   (BD),45.69852,4.8575
202000014363,18,11,2020,14,1,69,69387,2,3,1,1,JEAN MACE                           (PL),45.74589,4.84172
202000014364,18,11,2020,14,1,69,69286,2,3,1,6,ROUTE DE STRASBOURG D 483           (RO),45.8206795,4.8967422
202000014365,18,11,2020,12,1,69,69149,2,3,1,3,GRANDE RUE                          (GR),45.7081557,4.7985256
202000014366,17,11,2020,20,5,971,97113,2,1,1,7,SECTION PLIANE,16.21651,-61.4403
202000014367,18,11,2020,15,1,91,91286,2,3,1,4,RADARS (RUE DES),48.65,2.37
202000014368,18,11,2020,9,1,83,83069,2,9,1,3,PETIT (ROND POINT HENRI),43.11355,6.12378
202000014369,10,11,2020,14,1,76,76540,1,1,1,2,A150,49.4508063,1.0574899
202000014370,17,11,2020,16,2,76,76498,2,2,1,5,CANADIENS. AVENUE DES,49.41398,1.07397
202000014371,10,10,2020,12,1,76,76565,1,3,1,3,RD 54,49.871925,1.0662336
202000014372,18,11,2020,8,1,72,72181,2,7,1,6,CHASSE ROYALE (PL DE LA),48.01416,0.18698
202000014373,17,11,2020,16,1,71,71153,2,1,1,7,GUYNEMER (RUE),46.8018429,4.4469953
202000014374,18,11,2020,11,1,71,71076,2,3,1,3,MONGE (RUE ),46.79767,4.84093
202000014375,18,11,2020,8,2,69,69029,2,2,1,6,PIERRE ALLARD                       (AV),45.73915,4.91025
202000014376,17,11,2020,20,5,69,69264,2,1,1,6,NATIONALE  R,45.99234,4.71887
202000014377,10,11,2020,6,5,68,68297,2,1,1,3,HUNINGUE ( RUE DE ),47.58602,7.56105
202000014378,18,11,2020,7,2,64,64348,2,1,1,3,FREDERIC ET IRENE JOLIOT CURIE,43.3045432,-0.419358
202000014379,24,10,2020,19,2,59,59350,2,4,1,3,PAVILLONS RUE DES,50.62208,3.09288
202000014380,17,11,2020,14,1,54,54526,1,1,1,3,RD2B,48.68378,6.22112
202000014381,16,11,2020,13,1,50,50129,2,1,1,6,PARIS (AVENUE DE),49.62962,-1.61799
202000014382,16,11,2020,10,1,49,49099,2,3,2,3,LAENNEC (RUE DU DOCTEUR RENE),47.0561,-0.86923
202000014383,17,11,2020,16,1,47,47323,1,1,1,1,PECHARGOU (SUD),44.41552,0.75525
202000014384,18,11,2020,14,1,45,45302,2,6,1,6,Rue Elsa Triolet,47.93181,1.88884
202000014385,18,11,2020,11,1,45,45234,2,1,1,1,Rue Gustave Eiffel,47.92338,1.94043
202000014386,18,11,2020,10,1,41,41269,2,1,7,6,SAULNERIE (RUE),47.79127,1.06532
202000014387,18,11,2020,13,1,38,38544,2,3,1,3,Quai Claude Bernard,45.53763,4.86774
202000014388,17,11,2020,11,1,37,37122,2,1,1,7,GITONNIERE (RUE DE LA),47.337936,0.6599762
202000014389,2,11,2020,10,1,35,35093,2,7,2,6,17 Place de la République,48.6335,-2.05632
202000014390,18,11,2020,7,2,35,35115,2,1,1,6,103 Avenue de la Verrerie,48.36697,-1.18426
202000014391,18,11,2020,14,1,32,32013,2,6,1,3,AGEN (ROUTE D'),43.66111,0.59916
202000014392,18,11,2020,9,1,30,30189,2,1,1,6,LANDI  LOUIS,43.81862,4.35711
202000014393,17,11,2020,8,1,29,29039,2,1,1,7,D322 - Rue de Trégunc,47.87329,-3.90513
202000014394,13,11,2020,19,3,27,27562,1,1,1,6,REANVILLE (CHEMIN DE),49.09393,1.42219
202000014395,18,11,2020,8,1,27,27681,2,3,1,6,SAINT LAZARE (RUE),49.09636,1.47597
202000014396,18,11,2020,9,1,26,26198,2,1,7,6,7 Rue Paul Loubet,44.562976,4.747381
202000014397,18,11,2020,8,1,24,24037,2,1,1,3,DE GAULLE (AVENUE DU GENERAL),44.8355,0.4512
202000014398,8,11,2020,19,5,22,22278,2,1,1,5,71° RI (DU),48.5115,-2.76427
202000014399,18,11,2020,9,1,14,14118,2,3,1,3,DETOLLE (BOULEVARD ANDRE),49.17545,-0.38932
202000014400,18,11,2020,20,5,13,13209,2,1,1,4,LÉON LACHAMP (ROUTE),43.24828,5.43647
202000014401,18,11,2020,20,5,13,13209,2,1,1,1,GAYE (TRAVERSE DE LA),43.257117,5.408353
202000014402,18,11,2020,12,1,13,13205,2,3,1,3,VITALIS (RUE),43.294075,5.393006
202000014403,18,11,2020,7,1,13,13214,2,1,1,3,CAPITAINE GEZE (BOULEVARD),43.3314406,5.375983
202000014404,17,11,2020,12,1,13,13216,2,9,1,3,FONTAINE FR (ROND-POINT),43.35787,5.32129
202000014405,18,11,2020,7,1,07,07019,1,1,1,6,LEONCE VERNY (AVENUE),44.62331,4.38732
202000014406,18,11,2020,11,1,06,06069,2,1,1,3,PROVENCE (AVENUE DE),43.658137,6.928589
202000014407,8,11,2020,12,1,05,05061,2,1,2,1,VEYNES ( AVENUE DE  ),44.557471,6.069437
202000014408,18,11,2020,16,1,75,75112,2,1,1,6,RUE TRAVERSIERE,48.848442,2.37418
202000014409,18,11,2020,11,1,75,75120,2,1,1,6,RUE SAINT FARGEAU,48.87137,2.40131
202000014410,17,11,2020,23,5,75,75120,2,1,1,3,AVENUE DU PROFESSEUR ANDRE LEMIERE,48.85515,2.415198
202000014411,16,11,2020,21,5,75,75118,2,1,1,2,ECHANGEUR CHAPELLE,48.901277,2.361189
202000014412,18,11,2020,16,1,75,75116,2,1,1,2,BOULEVARD LANNES,48.863571,2.268983
202000014413,18,11,2020,16,1,75,75116,2,2,1,3,AVENUE KLEBER,48.865043,2.288711
202000014414,18,11,2020,7,5,75,75109,2,2,1,3,RUE LA FAYETTE,48.873608,2.335308
202000014415,18,11,2020,19,5,75,75108,2,2,1,3,BOULEVARD DE COURCELLES,48.881137,2.31534
202000014416,18,11,2020,10,1,75,75117,2,7,1,3,AVENUE DE VILLIERS,48.882508,2.310527
202000014417,18,11,2020,15,1,75,75101,2,1,1,6,RUE SAINT HONORE,48.864195,2.333472
202000014418,18,11,2020,12,1,94,94080,2,9,1,6,MIDI (R DU),48.84708,2.43775
202000014419,18,11,2020,12,1,94,94076,2,1,1,6,PASTEUR (R),48.804,2.366
202000014420,18,11,2020,12,1,94,94079,2,3,1,6,GENERAL GALLIENI (RUE DU),48.82596,2.54045
202000014421,18,11,2020,8,1,94,94017,2,1,1,3,STALINGRAD (BD DE),48.82094,2.49955
202000014422,3,11,2020,15,1,93,93066,2,1,1,5,R AMBROISE CROISAT,48.9356831,2.3463068
202000014423,18,11,2020,7,2,93,93046,2,2,1,3,JEAN JAURES BOULEVARD,48.9207413,2.526211
202000014424,18,11,2020,8,1,93,93046,2,1,1,6,EDOUARD VAILLANT BOULEVARD,48.91954,2.51472
202000014425,18,11,2020,20,5,93,93013,2,1,1,3,ELISE DEROCHE (Avenue),48.9324457,2.4271409
202000014426,18,11,2020,15,1,93,93008,2,1,1,3,VAILLANT COUTURIER (AVENUE PAUL),48.9058,2.46591
202000014427,18,11,2020,17,2,93,93005,2,9,1,6,LOUIS BLANC (AVENUE),48.9228802,2.5043118
202000014428,18,11,2020,8,1,92,92064,2,1,7,7,DAILLY,48.8459264,2.2183197
202000014429,18,11,2020,11,1,92,92051,2,1,1,3,MAILLOT (BOULEVARD),48.8781252,2.2769413
202000014430,17,11,2020,14,1,92,92025,2,2,1,3,KLEBER (AV),48.9356402,2.260901
202000014431,17,11,2020,5,5,92,92025,2,2,1,3,KLEBER (AV),48.93107,2.24413
202000014432,17,11,2020,14,1,92,92002,2,1,1,2,DIVISION LECLERC (53 A 217 - 58 A 186),48.74569,2.30345
202000014433,19,11,2020,7,2,35,35127,1,2,9,3,La Roche Blanche,47.926663,-1.852515
202000014434,19,11,2020,14,1,83,83131,1,1,1,1,route départemental 554,43.228445,6.014081
202000014435,18,11,2020,17,1,30,30117,1,1,1,-1,pont sur le petit Rhones,43.687022,4.605696
202000014436,24,10,2020,7,2,89,89066,1,1,1,1,D905,48.128054,3.499488
202000014437,18,11,2020,14,1,65,65080,2,3,1,3,Rue du Vignemale,43.155391,0.024794
202000014438,19,11,2020,7,1,71,71095,1,1,2,1,En Gotard,46.2751151,4.2956727
202000014439,6,10,2020,14,1,61,61100,1,1,8,7,D930,48.718694,0.618668
202000014440,19,11,2020,14,1,12,12270,1,1,1,1,D995,44.318414,3.09204
202000014441,18,11,2020,19,3,42,42128,1,1,1,6,Chemin de la Fontaniere,45.9339752,4.3017017
202000014442,17,11,2020,9,1,86,86281,1,2,1,4,Noiron,46.741199,0.205586
202000014443,19,11,2020,9,1,72,72289,1,9,7,1,D38,48.14646,0.159441
202000014444,19,11,2020,6,3,72,72348,1,1,1,1,D31 - La Garenne,47.977254,-0.103168
202000014445,10,5,2020,18,1,49,49049,1,1,1,6,Beaufort-en-Anjou,47.443066,-0.175781
202000014446,11,5,2020,8,1,01,01031,1,1,3,6,A404,46.251474,5.6257379
202000014447,5,5,2020,14,1,33,33284,1,1,1,6,A660,44.62427,-0.85913
202000014448,6,5,2020,6,5,95,95604,2,1,1,3,2 Rue Jean Jaurès,49.097085,2.543508
202000014449,9,5,2020,19,1,41,41252,1,9,1,3,D2152,47.668426,1.466804
202000014450,11,5,2020,18,1,34,34023,2,1,1,6,Avenue de Montpellier,43.444507,3.680742
202000014451,11,5,2020,6,1,84,84132,1,1,2,2,Route des Vignères,43.901105,5.003564
202000014452,5,5,2020,7,1,83,83016,1,1,1,6,Route de Toulon a Marseille,43.20538,5.80932
202000014453,11,5,2020,8,1,26,26041,1,1,1,3,Autoroute du Soleil ,45.216737,4.860806
202000014454,11,5,2020,16,1,70,70310,2,9,3,3,2 Rue Jean Girardot,47.678066,6.50654
202000014455,11,5,2020,14,1,70,70310,1,1,2,6,Route départementale 18 La Saline,47.659578,6.50043
202000014456,11,5,2020,10,1,67,67348,2,1,3,6,155 Route d'Ottrott,48.4618096,7.4746082
202000014457,11,5,2020,12,1,69,69278,2,6,1,3,rond point de la dombe,45.8967,4.8197
202000014458,11,5,2020,6,2,33,33019,1,1,3,1,"Route départementale 3, PK 90+600",44.69958,-1.02313
202000014459,9,5,2020,19,1,69,69295,1,1,1,7,A 46,45.6131,4.8782
202000014460,9,5,2020,23,5,92,92064,1,1,3,2,A13,48.8453631,2.2232026
202000014461,10,5,2020,2,3,93,93051,1,1,3,-1,A4,48.8359041,2.5586648
202000014462,9,5,2020,21,5,69,69387,2,1,1,6,GARIBALDI                           (R ),45.75256,4.85355
202000014463,9,5,2020,12,1,69,69387,2,1,1,6,BERTHELOT (AV)                   (R ),45.74645,4.83785
202000014464,8,5,2020,10,1,69,69034,2,1,1,6,VASSIEUX (DE)                       (CH),45.7959517,4.867781
202000014465,8,5,2020,15,1,69,69256,2,3,1,3,GEORGES DIMITROV                    (AV),45.77683,4.9232
202000014466,8,5,2020,8,1,52,52125,1,1,1,7,R.D. 417,48.10735,5.2002
202000014467,8,5,2020,20,1,51,51454,2,1,1,3,Boulevard Albert 1er,49.2748288,4.0171759
202000014468,9,5,2020,20,1,33,33039,1,1,3,1,Avenue Jeanne d'Arc,44.79465,-0.54243
202000014469,9,5,2020,5,5,33,33063,2,1,2,6,BD DU PRESIDENT WILSON,44.85221,-0.59464
202000014470,8,5,2020,11,1,10,10333,2,1,1,3,ANTES (RUE),48.2798,4.0456
202000014471,9,5,2020,7,1,75,75112,2,1,8,3,PORTE DOREE,48.834102,2.40929
202000014472,8,5,2020,20,2,75,75112,2,1,1,2,BOULEVARD PERIPHERIQUE,48.828471,2.397418
202000014473,8,5,2020,1,5,75,75107,2,3,1,7,RUE DE GRENELLE,48.858411,2.311211
202000014474,9,5,2020,19,1,75,75120,2,1,1,3,BOULEVARD DE CHARONNE,48.856992,2.393726
202000014475,8,5,2020,22,5,75,75115,2,2,2,3,RUE MARMONTEL,48.837182,2.300145
202000014476,7,5,2020,21,5,75,75111,2,7,1,7,PLACE DE LA NATION,48.848915,2.395597
202000014477,9,5,2020,16,1,94,94068,2,3,1,3,MURIERS (BD DES),48.7891,2.49781
202000014478,9,5,2020,21,3,94,94018,2,3,8,6,GENERAL CHANZY (R DU),48.82679,2.40354
202000014479,8,5,2020,21,4,93,93070,2,1,1,2,SEINE (QUAI DE),48.91474,2.31951
202000014480,9,5,2020,22,5,93,93063,2,1,2,1,AV PAUL VAILLANT COUTURIER,48.88509,2.43453
202000014481,9,5,2020,11,1,92,92026,2,1,8,7,BOULEVARD CIRCULAIRE,48.8886998,2.2505048
202000014482,8,5,2020,10,1,44,44144,1,1,1,6,La Poiteviniere,47.550898,-1.318746
202000014483,10,5,2020,6,1,972,97218,1,1,1,6,N3,14.749929,-61.103839
202000014484,10,5,2020,5,1,41,41250,2,1,8,6,25 Rue des Ponts de Braye,47.76842,0.720632
202000014485,9,5,2020,13,1,35,35024,2,1,1,1,11 Rue de Rome,48.1794262,-1.6618252
202000014486,9,5,2020,19,1,51,51113,1,1,1,7,D933,48.8793502,3.789402
202000014487,10,5,2020,8,1,71,71158,2,1,1,3,Chemin du Colombier,46.5596106,4.9970774
202000014488,9,5,2020,10,1,71,71468,1,1,1,7,Route de la Rouelle,46.8505421,4.5465237
202000014489,8,5,2020,18,1,12,12148,2,3,7,3,Chemin des Glandolières,44.480463,2.224844
202000014490,10,5,2020,15,1,68,68208,2,1,1,7,15 Rue de la Liberté,47.564757,7.441107
202000014491,10,5,2020,1,3,25,25493,1,1,2,6,D47,46.868832,6.245824
202000014492,9,5,2020,21,2,44,44036,2,1,1,6,9 Rue du 8 Mai 1945,47.709464,-1.381424
202000014493,10,5,2020,7,1,31,31349,1,1,1,6,Pater,43.23256,1.065977
202000014494,9,5,2020,17,1,05,05146,1,1,1,7,D511,44.618362,5.698915
202000014495,9,5,2020,14,1,73,73262,1,3,1,3,D 1212,45.813621,6.5080444
202000014496,10,5,2020,16,1,37,37241,1,2,1,7,345 La Gitiere,47.4287361,0.3353274
202000014497,14,3,2020,23,3,988,98832,2,1,2,6,TRIBU D'UNIA/YATE,-22.058119,166.896873
202000014498,8,5,2020,23,3,83,83068,1,1,1,7,RD 61 A,43.270534,6.552916
202000014499,9,5,2020,18,1,54,54432,2,4,1,6,12 Rue Jean Jaurès,48.605789,6.099226
202000014500,9,5,2020,19,2,60,60282,1,6,8,2,Pont des Planches,49.206453,2.461785
202000014501,9,5,2020,16,1,92,92050,1,1,1,6,A86,48.904317,2.207607
202000014502,8,5,2020,23,3,95,95572,1,1,1,6,AUTOROUTE A15,49.03372,2.10404
202000014503,8,5,2020,3,3,988,98818,2,1,3,1,ROUTE STRATEGIQUE - RUE PAUL CACOT,-22.26523,166.447691
202000014504,8,5,2020,19,4,973,97302,2,1,1,6,RABAN (ROUTE DE),4.9341328,-52.3137027
202000014505,9,5,2020,0,5,69,69259,2,6,1,7,IRENE JOLIOT CURIE                  (BD),45.72101,4.87429
202000014506,8,5,2020,19,1,69,69276,2,1,1,6,VIENNE (DE)                             ,45.67029,4.86001
202000014507,8,5,2020,13,1,972,97213,1,9,1,6,AUTOROUTE A1,14.613,-61.01
202000014508,7,5,2020,19,2,972,97213,1,1,1,2,AUTOROUTE A1,14.61823,-61.028
202000014509,23,6,2020,20,1,95,95268,2,1,1,4,AV DE STALINGRAD,48.95991,2.39925
202000014510,8,5,2020,16,1,91,91687,2,1,1,7,GENERAL DE GAULLE (AVENUE DU),48.679105,2.381804
202000014511,8,5,2020,19,1,91,91223,2,1,1,7,GUETTARD (RUE J.E.),48.44583,2.16823
202000014512,4,5,2020,15,1,73,73222,2,2,1,2,CHAMBERY (AVENUE DE),45.5733679,5.9500234
202000014513,7,5,2020,8,1,63,63032,2,1,1,2,EUROPE (AVENUE DE L'),45.75481,3.09625
202000014514,7,5,2020,18,1,62,62893,2,9,1,6,C.D. 940,50.76117,1.60639
202000014515,8,5,2020,16,1,59,59599,2,1,1,7,BERTHELOT (CHAUSSEE MARCELIN),50.726399,3.182482
202000014516,7,5,2020,11,1,37,37261,2,1,1,6,JEMMAPES (RUE),47.42197,0.6833264
202000014517,8,5,2020,20,2,35,35173,1,1,2,6,RD 137,48.1915063,-1.7221933
202000014518,8,5,2020,12,1,33,33039,2,1,1,6,RUE CALIXTE CAMELLE,44.8087,-0.53953
202000014519,8,5,2020,10,1,75,75114,2,1,1,6,BOULEVARD PERIPHERIQUE,48.817212,2.334982
202000014520,8,5,2020,16,1,75,75119,2,1,1,7,RUE DE CRIMEE,48.880513,2.388415
202000014521,8,5,2020,12,1,75,75117,2,1,1,6,AVENUE DE CLICHY,48.889497,2.322102
202000014522,7,5,2020,17,1,75,75117,2,1,1,-1,BOULEVARD BERTHIER,48.892993,2.310028
202000014523,7,5,2020,22,5,75,75116,2,1,1,6,BOULEVARD EXELMANS,48.842177,2.261906
202000014524,8,5,2020,18,1,94,94068,2,1,1,7,CHAMPIGNY (BD DE),48.80627,2.50891
202000014525,8,5,2020,19,1,94,94058,2,1,1,6,GABRIEL PERI (AV),48.837368,2.512392
202000014526,8,5,2020,15,1,94,94076,2,1,1,6,SAINTE COLOMBE (R),48.780591,2.360939
202000014527,8,5,2020,16,1,94,94022,2,1,1,6,ANATOLE FRANCE (AV),48.758857,2.412693
202000014528,8,5,2020,0,5,93,93047,2,3,1,3,AV DE CLICHY / R BERTHE MORISOT,48.90438,2.56026
202000014529,8,5,2020,12,1,92,92051,2,1,1,3,"CHARLES DE GAULLE (AVENUE, N°27 A 129)",48.8822,2.2682
202000014530,7,5,2020,19,1,92,92036,2,3,1,3,GABRIEL PERI (AVENUE) (60/134),48.919942,2.295269
202000014531,8,5,2020,8,1,92,92062,1,9,1,7,PASSAGE DE L'ARCHE,48.8918,2.2363
202000014532,8,5,2020,15,1,31,31419,1,1,1,7,D83,43.3841,1.022383
202000014533,8,5,2020,23,1,974,97402,2,1,1,3,Rue des Letchis,-21.0741388,55.7399833
202000014534,8,5,2020,17,1,62,62676,1,2,1,3,Rue de Lambres,50.604159,2.378653
202000014535,5,5,2020,12,1,56,56205,1,1,1,7,D20,47.551778,-2.710244
202000014536,8,5,2020,12,1,74,74208,2,1,1,7,Avenue de la Plaine,45.912418,6.707867
202000014537,8,5,2020,20,1,29,29080,2,1,1,1,lieu dit le pouligou,48.3203583,-4.2529583
202000014538,8,5,2020,22,3,34,34126,1,1,1,6,D908,43.588341,3.096846
202000014539,9,5,2020,19,1,50,50086,1,1,1,7,16 Route de Boutron,49.634272,-1.412108
202000014540,6,5,2020,8,1,18,18224,1,1,1,3,RN 151,47.162404,2.95032
202000014541,9,5,2020,6,2,85,85047,2,6,5,7,Rue de Nantes,46.857423,-1.868027
202000014542,8,5,2020,20,1,37,37055,1,1,1,7,Rue de Rille,47.4558981,0.2491166
202000014543,8,5,2020,19,1,82,82028,1,1,1,6,Canals,43.859869,1.3184755
202000014544,7,5,2020,17,1,68,68301,1,1,1,7,A35,47.689628,7.45055
202000014545,9,5,2020,11,1,976,97614,2,1,1,6,D16 route de kahani,-12.823937,45.129583
202000014546,9,5,2020,22,5,988,98817,2,3,1,5,RP1/RUE DE LA THI,-22.230643,166.549612
202000014547,8,5,2020,17,1,971,97128,1,1,1,6,Surgy,16.2664775,-61.3361043
202000014548,9,5,2020,7,1,89,89206,1,1,1,1,RD606,47.968836,3.400183
202000014549,9,5,2020,12,1,67,67348,2,9,1,3,47 Rue du General Leclerc,48.470979,7.494264
202000014550,8,5,2020,14,1,22,22225,2,2,1,7,Rue Guellou,48.541078,-3.108381
202000014551,24,4,2020,11,1,35,35178,1,1,1,3,Le Chene Vert,48.295094,-1.452206
202000014552,9,5,2020,18,1,62,62290,1,1,1,7,Chemin d'Ecurie,50.33525,2.763834
202000014553,7,5,2020,23,3,91,91617,1,1,1,7,RN 104,48.63152,2.51594
202000014554,5,5,2020,22,3,94,94021,1,1,1,2,AUTOROUTE A6B,48.76295,2.34103
202000014555,25,1,2020,14,1,74,74305,2,6,1,3,FELDER (CARREFOUR PAUL),46.202103,6.2735
202000014556,7,5,2020,11,1,988,98818,2,1,2,2,RUE COTE DE L'AMIRAL HALSEY,-22.28154,166.44324
202000014557,7,5,2020,17,1,974,97411,2,2,1,3,LECONTE DE LISLE (RUE),-20.89271,55.48338
202000014558,6,5,2020,17,1,974,97407,2,6,1,3,14 JUILLET 1789(AVENUE DU),-20.93254,55.29475
202000014559,7,5,2020,20,5,69,69387,2,1,1,6,BERTHELOT                           (AV),45.742,4.85186
202000014560,3,5,2020,19,3,972,97209,2,1,1,6,BEL HORIZON (RUE DU),14.6395,-61.0554
202000014561,7,5,2020,8,1,69,69034,2,3,1,1,GEORGES CLEMENCEAU                  (QU),45.794377,4.8278475
202000014562,3,5,2020,17,1,69,69034,2,1,1,3,SOEUR VIALLY (DE LA)                (MO),45.78668,4.8451
202000014563,7,5,2020,12,1,91,91064,1,1,1,6,Léon MIGNOTTE (rue),48.76303,2.20259
202000014564,7,5,2020,18,1,91,91687,2,1,1,7,CARNOT (RUE),48.6789,2.38357
202000014565,7,5,2020,14,1,91,91687,2,1,1,7,GENERAL DE GAULLE (AVENUE DU),48.68425,2.37545
202000014566,7,5,2020,12,1,76,76351,2,2,1,1,IRENE JOLIOT CURIE (RUE),49.5105,0.1025
202000014567,7,5,2020,9,1,76,76351,2,2,1,3,ANDREI SAKHAROV (RUE),49.5049,0.174
202000014568,7,5,2020,7,1,76,76351,2,1,1,6,CHANTIERS (DES),49.4867,0.163
202000014569,6,5,2020,19,1,74,74012,2,3,1,3,BONNEVILLE (ROUTE DE),46.1917,6.2365
202000014570,7,5,2020,10,1,72,72181,2,1,1,3,GENESLAY FELIX (AV) N° PAIRS 2 A 144,47.98119,0.20959
202000014571,6,5,2020,8,1,64,64024,2,1,1,7,BAYONNE (AVENUE DE),43.48219,-1.50619
202000014572,7,5,2020,10,1,59,59155,2,3,1,6,JAURES JEAN - BOULEVARD,51.02062,2.379826
202000014573,6,5,2020,15,1,54,54580,2,1,1,2,RUE RAONI METUKTIRE,49.46107,5.91945
202000014574,7,5,2020,7,1,35,35238,2,1,1,6,BEAULIEU (ALLEE DE),48.117179,-1.634037
202000014575,5,5,2020,20,3,34,34032,2,9,1,7,NARBONNE (ROUTE DE),43.32321,3.18925
202000014576,6,5,2020,17,1,32,32013,2,1,1,3,PIERRE DE MONTESQUIOU (AVENUE),43.6345,0.58872
202000014577,6,5,2020,19,1,31,31555,2,3,1,1,AV DE REYNERIE,43.571,1.40891
202000014578,7,5,2020,10,1,25,25056,2,9,1,6,VIOLET RUE,47.258643,6.019914
202000014579,7,5,2020,16,1,21,21231,2,1,1,6,CHAMPOLLION (AVENUE),47.335959,5.062627
202000014580,7,5,2020,18,2,17,17415,2,3,1,1,LORMONT RUE DE,45.75558,-0.61555
202000014581,7,5,2020,15,1,13,13213,2,9,1,1,JEAN PAUL SARTRE (AVENUE),43.328945,5.430663
202000014582,6,5,2020,19,1,13,13209,2,1,1,3,MAZARGUES (AVENUE DE),43.259727,5.394098
202000014583,7,5,2020,17,1,06,06069,2,1,1,1,CANNES (ROUTE DE)  -RD 6085-,43.6418,6.947157
202000014584,6,5,2020,18,1,75,75117,2,1,1,3,BOULEVARD PERIPHERIQUE,48.880992,2.282333
202000014585,6,5,2020,19,1,75,75114,2,1,1,6,BOULEVARD ADOLPHE PINARD,48.822824,2.312029
202000014586,7,5,2020,7,1,75,75105,2,2,1,2,QUAI SAINT MICHEL,48.853048,2.346852
202000014587,7,5,2020,16,1,75,75116,2,7,1,3,AVENUE FOCH,48.873722,2.294068
202000014588,7,5,2020,19,1,75,75112,2,2,1,6,RUE HECTOR MALOT,48.846137,2.376054
202000014589,7,5,2020,14,1,94,94078,2,9,1,2,PARIS (R DE),48.7513,2.4451
202000014590,6,5,2020,8,1,94,94068,2,2,1,3,ALBERT 1ER (AV),48.80294,2.48542
202000014591,7,5,2020,19,1,94,94043,2,1,1,3,FONTAINEBLEAU (AV DE),48.80956,2.36227
202000014592,7,5,2020,18,1,94,94043,2,1,1,2,CHARLES GIDE (AV),48.80723,2.35254
202000014593,6,5,2020,16,1,94,94021,2,1,1,3,PEPINIERE (SQ DE LA),48.7677,2.36624
202000014594,7,5,2020,16,1,94,94033,2,6,1,1,LOUISON BOBET (AV),48.85245,2.49076
202000014595,7,5,2020,4,5,93,93071,2,2,1,3,AV JOHN F. KENNEDY / R D'AULNAY,48.9395633,2.5127817
202000014596,7,5,2020,1,5,93,93064,2,1,1,6,BD GABRIEL PERI,48.8795392,2.4661596
202000014597,6,5,2020,23,5,93,93050,2,1,1,6,AV ROBERT SCHUMANN,48.87379,2.53114
202000014598,7,5,2020,15,1,93,93013,2,1,1,4,AV DE LA DIVISION LECLERC,48.9368,2.4278
202000014599,6,5,2020,7,1,92,92002,2,6,1,3,GENERAL DE GAULLE (PLACE DU),48.7638,2.309
202000014600,4,5,2020,8,1,2B,2B121,1,1,1,6,D 351,42.411322,8.678384
202000014601,10,3,2020,16,1,2A,2A348,2,1,1,7,esigna - sagone,42.0987016,8.709769
202000014602,10,2,2020,17,5,91,91340,2,1,1,6,Rue de Paris,48.596373,2.425817
202000014603,7,5,2020,15,1,972,97222,1,1,1,2,N1 l'estrade,14.690213,-60.940132
202000014604,8,5,2020,6,1,44,44047,1,1,1,2,N165 - PK 13+900 - sens VANNES-NANTES,47.273085,-1.718051
202000014605,8,5,2020,1,3,82,82140,1,1,1,6,D40,44.112887,1.31218
202000014606,5,5,2020,16,1,11,11262,1,1,1,1,D13,43.211823,3.012743
202000014607,4,5,2020,13,1,63,63258,1,1,1,7,Lieu Dit la Valette,45.6791646,3.6266157
202000014608,7,5,2020,7,2,03,03082,2,1,7,2,248 Route de Malicorne,46.2986339,2.7730715
202000014609,7,5,2020,14,1,03,03065,1,3,1,2,,46.4264164,3.3145653
202000014610,7,5,2020,13,1,01,01422,1,1,7,2,2414 Route de la Grande Vavrette,46.14098,5.285025
202000014611,7,5,2020,12,1,06,06103,2,1,1,7,"quartier pontillard, m69",44.010171,7.30829