Num_Acc,jour,mois,an,hr,condition_eclairage,departement,commune,condition_agglomeration,intersection,condition_atmosphere,type_collision,adresse,lattitude,longitude
202000014612,7,5,2020,15,1,18,18087,2,1,1,6,Place des Acacias,46.884837,2.573666
202000014613,7,5,2020,15,1,53,53121,1,1,1,7,La Laire,48.402401,-0.307022
202000014614,8,5,2020,15,1,27,27260,1,1,1,7,Route de l'Estuaire,49.401765,0.424588
202000014615,8,5,2020,15,1,13,13113,1,1,1,6,31 Lot le Clos des Forsythias,43.578572,5.474496
202000014616,5,5,2020,15,1,49,49259,1,1,1,7,Route de Saint-Aubin,47.340348,-0.645986
202000014617,8,5,2020,19,3,988,98811,1,1,1,6,RT1 SORTIE NORD DE KONE,-21.04726,164.80379
202000014618,7,5,2020,20,1,37,37089,1,1,1,6,Les Coteaux de Sonnay,47.1600977,0.3353807
202000014619,4,5,2020,17,1,95,95287,1,1,1,7,CD 64,49.13676,2.0424211
202000014620,8,5,2020,4,5,84,84034,2,6,1,6,12 Avenue du Marechal Leclerc,43.892964,4.949464
202000014621,8,5,2020,1,3,38,38155,1,1,1,6,Route de Berland,45.412212,5.766417
202000014622,7,5,2020,19,1,13,13216,1,1,1,6,A55-Sens Martigues vers Marseille,43.3661,5.3329
202000014623,6,5,2020,20,3,13,13055,1,1,1,7,A507 sens Aubagne- Marseille,43.3300165,5.409463
202000014624,7,5,2020,14,1,13,13211,1,1,1,3,A50-Sens Aubagne vers Marseille,43.2941621,5.4584866
202000014625,6,5,2020,23,4,93,93005,1,1,1,2,AUTOROUTE A3,48.94827,2.47563
202000014626,6,5,2020,13,1,976,97611,2,2,1,1,m'tsapere-Nationale 2 (route),-12.780951,45.231999
202000014627,6,5,2020,20,1,69,69387,2,1,1,4,Avenue Berthelot,45.742,4.85186
202000014628,6,5,2020,19,1,69,69259,2,2,1,6,MARTYRS DE LA RESISTANCE (DES)      (AV),45.69219,4.87276
202000014629,5,5,2020,19,1,95,95680,2,9,1,3,ERABLES (AVENUE DES),49.0013829,2.3898429
202000014630,2,5,2020,19,1,87,87114,2,1,2,6,LIBERATION (AVENUE DE LA),45.82744,1.29206
202000014631,5,5,2020,14,1,76,76681,1,2,1,2,INDUSTRIEL. BOULEVARD (CD 18E),49.4028547,1.1106211
202000014632,5,5,2020,16,1,71,71076,2,9,1,3,Avenue John Fitzgerald Kennedy,46.8033913,4.8612228
202000014633,6,5,2020,19,1,69,69029,2,1,1,3,GENAS (DE)                          (RO),45.74866,4.91594
202000014634,6,5,2020,19,1,69,69256,2,1,1,6,EMILE ZOLA                          (R ),45.778,4.9178
202000014635,6,5,2020,8,1,69,69266,2,2,1,3,ALLIES    (Rue des),45.77781,4.88152
202000014636,5,5,2020,19,2,67,67218,2,1,1,3,1 a Quai de l'Abreuvoir,48.533614,7.7172
202000014637,21,1,2020,9,1,59,59392,2,2,7,6,LIBERTE (RUE DE LA),50.27863,3.95156
202000014638,23,1,2020,12,1,59,59566,2,1,1,6,COMMERCE BOULEVARD DU,50.6276447,2.9671243
202000014639,25,1,2020,11,1,54,54395,2,1,1,6,48 Rue de Metz,48.7009667,6.1719909
202000014640,25,1,2020,23,3,37,37261,1,1,2,6,A85,47.3742037,0.6744146
202000014641,25,1,2020,8,2,35,35238,2,3,5,2,AVENUE DES PREALES,48.112825,-1.63965
202000014642,25,1,2020,21,5,33,33167,2,3,2,3,BD JOLIOT-CURIE / RUE DE LA BENAUGE,44.84213,-0.54243
202000014643,25,1,2020,18,5,33,33039,2,5,1,1,AVE JEANNE D'ARC / RUE DU CHEVALIER DE LA BARRE / AV DU PROFESSEUR BERGONIE / AV DU MARECHAL DE LATTRE DE TASSIGNY / RUE IRENE ET FREDERIC JOLIOT-CURIE,44.80274,-0.54597
202000014644,24,1,2020,20,5,33,33063,2,3,1,6,QUAI LOUIS XVIII / ALL DE MUNICH,44.84498,-0.57058
202000014645,24,1,2020,17,1,29,29232,2,2,1,6,Rue de Juniville,47.99602,-4.09991
202000014646,25,1,2020,21,5,29,29019,2,2,2,2,Rue du 19 mars 1962,48.3883416,-4.5156273
202000014647,25,1,2020,19,4,13,13205,2,4,1,3,CAMAS (RUE DU),43.297251,5.3940525
202000014648,25,1,2020,9,1,13,13210,2,1,1,2,SCHLOESING (BOULEVARD),43.273275,5.4007
202000014649,25,1,2020,15,1,13,13005,1,3,1,3,EOURES (ROUTE D'),43.30881,5.54616
202000014650,24,1,2020,20,5,06,06088,2,1,2,3,ROQUEBILLIERE (R. DE),43.712,7.2884
202000014651,25,1,2020,19,5,75,75114,2,4,1,4,BD PERIPHERIQUE INTERIEUR,48.8220713,2.316569
202000014652,25,1,2020,5,5,75,75119,2,1,1,3,BD PERIPHERIQUE INTERIEUR,48.890899,2.395809
202000014653,25,1,2020,0,5,75,75118,2,4,2,6,ECHANGEUR CHAPELLE,48.9006757,2.3646194
202000014654,25,1,2020,7,5,75,75111,2,1,5,6,BOULEVARD DE MENILMONTANT,48.860504,2.388411
202000014655,24,1,2020,0,5,75,75106,2,2,1,3,RUE DE L ANCIENNE COMEDIE,48.8524744,2.3387564
202000014656,25,1,2020,18,2,75,75120,2,2,1,6,RUE PELLEPORT,48.8707808,2.3992266
202000014657,25,1,2020,21,5,75,75119,2,1,1,-1,RUE DE BELLEVILLE,48.8757633,2.4008493
202000014658,25,1,2020,20,5,75,75119,2,4,1,3,RUE DES DUNES,48.8752305,2.3786499
202000014659,25,1,2020,11,1,75,75117,2,1,1,1,RUE DE COURCELLES,48.8808393,2.3014373
202000014660,25,1,2020,10,1,75,75116,2,2,5,-1,RUE CHARDON LAGACHE,48.841429,2.263788
202000014661,25,1,2020,1,5,75,75116,2,3,1,6,RUE COPERNIC,48.8693899,2.2876801
202000014662,24,1,2020,10,1,75,75114,2,2,1,3,BOULEVARD JOURDAN,48.8230021,2.3266184
202000014663,25,1,2020,0,5,75,75113,2,5,5,7,RUE CANTAGREL,48.8270779,2.3742437
202000014664,25,1,2020,10,1,75,75112,2,3,1,3,AVENUE DU GENERAL MICHEL BIZOT,48.8397791,2.4043785
202000014665,25,1,2020,10,1,75,75112,2,1,1,7,SOUTERRAIN TOLBIAC,48.834754,2.380731
202000014666,24,1,2020,19,5,75,75109,2,1,1,3,BOULEVARD HAUSSMANN,48.8730638,2.3323554
202000014667,25,1,2020,14,1,75,75107,2,4,1,6,AVENUE DUQUESNE,48.8541163,2.3062907
202000014668,25,1,2020,7,5,94,94065,2,1,5,2,CHARLES LINDBERGH (AV),48.75649,2.34563
202000014669,25,1,2020,17,1,94,94028,2,1,1,3,VERDUN.(AVENUE DE),48.7993,2.4661
202000014670,24,1,2020,0,5,94,94011,2,9,5,6,SEMARD(RUE PIERRE),48.7626,2.4788
202000014671,25,1,2020,11,1,93,93077,2,1,1,6,BD CARNOT,48.88917,2.51162
202000014672,25,1,2020,2,5,93,93048,2,1,5,2,GRANDS PECHERS (RUE DES),48.86006,2.4658
202000014673,25,1,2020,22,5,93,93031,2,9,1,3,Parking AV JOFFRE,48.95783,2.30194
202000014674,25,1,2020,21,5,93,93010,2,1,1,6,R ROGER SALENGRO,48.89601,2.47713
202000014675,25,1,2020,19,5,93,93010,2,1,1,6,AV LEON BLUM,48.91412,2.47869
202000014676,24,1,2020,13,1,62,62014,2,2,1,3,Boulevard Foch,50.636846,2.397101
202000014677,25,1,2020,20,3,60,60234,1,1,5,1,D916,49.403839,2.42034
202000014678,26,1,2020,0,3,91,91511,1,1,1,6,CD 838,48.3242,1.994469
202000014679,24,1,2020,15,1,95,95052,2,1,1,6,42 Rue Edouard Bourchy,49.1422339,2.2894007
202000014680,24,1,2020,7,1,45,45185,1,1,1,1,RD 961 - PR 8+500,47.930664,2.617235
202000014681,26,1,2020,9,1,81,81133,1,1,8,6,D71,43.870782,2.155294
202000014682,26,1,2020,5,3,77,77382,1,9,5,1,A140,48.901997,2.8892874
202000014683,25,1,2020,21,3,11,11369,1,1,1,7,Chemin de Cuxac,43.254686,2.953182
202000014684,20,1,2020,20,2,29,29010,1,1,1,2,Bodilis,48.506085,-4.125366
202000014685,26,1,2020,20,3,31,31203,2,1,5,6,3 Avenue du Chêne Vert,43.514529,1.319793
202000014686,21,1,2020,8,1,79,79062,2,9,9,7,34 Rue du Gue de l’Epine,46.81559,-0.673172
202000014687,7,1,2020,18,3,61,61491,1,5,5,6,Lieu Dit la Glette,48.620938,0.646133
202000014688,25,1,2020,16,1,61,61486,1,1,1,1,Lieu Dit les Basses Bunelieres,48.69295,-0.667355
202000014689,26,1,2020,12,1,68,68313,1,1,1,6,D32.5,47.712433,7.115418
202000014690,25,1,2020,1,1,44,44069,2,1,1,6,24 Route de la Turballe,47.336714,-2.466227
202000014691,20,1,2020,18,5,29,29171,2,1,1,6,Rue Louis Méhu,47.842132,-4.28264
202000014692,25,1,2020,10,1,31,31517,1,1,1,-1,Le Major,43.3323211,1.3774222
202000014693,25,1,2020,21,3,21,21131,1,1,5,7,D976,47.020964,5.16542
202000014694,11,1,2020,23,3,30,30075,1,1,1,1,Route de Sauve,43.850858,4.279255
202000014695,25,1,2020,18,3,52,52405,1,1,1,5,D974,47.633405,5.268502
202000014696,26,1,2020,4,3,68,68297,1,1,1,6,A35,47.6083935,7.5254147
202000014697,26,1,2020,6,2,988,98808,1,1,3,6,Camping de Kaora,-21.20813,165.57332
202000014698,25,1,2020,15,1,977,97701,2,3,8,3,RT 209/ RT 38,17.904088,-62.842977
202000014699,25,1,2020,23,5,84,84019,1,3,2,6,Avenue du 8 Mai 1945,44.282889,4.742875
202000014700,25,1,2020,11,1,83,83112,2,1,1,6,D559,43.182227,5.695242
202000014701,25,1,2020,2,5,01,01262,2,1,1,6,Faubourg de Lyon,45.849369,5.051195
202000014702,26,1,2020,0,3,69,69116,2,1,1,-1,Route de Saint Didier,45.832343,4.775276
202000014703,25,1,2020,11,1,69,69117,2,1,1,3,route de Chasselay - au niveau du numéro 3,45.8711914,4.7459811
202000014704,25,1,2020,12,1,44,44195,2,1,1,1,Rue Madame Jan,47.359343,-1.943011
202000014705,26,1,2020,2,3,44,44026,1,1,5,7,Route du Prouzeau,47.292951,-1.439595
202000014706,25,1,2020,17,1,14,14060,1,1,2,2,25 Allée du Prieuré,49.248309,-0.276644
202000014707,26,1,2020,11,1,59,59614,1,1,1,6,RD 16,50.1517094,3.460338
202000014708,23,1,2020,22,3,69,69116,1,1,1,2,A6   ,45.8259772,4.7630159
202000014709,25,1,2020,15,1,67,67482,1,9,1,2,Bretelle sortie autoroute,48.5935409,7.7402418
202000014710,24,1,2020,20,5,78,78545,1,1,1,2,A12 Y,48.819863,2.067679
202000014711,24,1,2020,18,5,92,92048,1,1,1,4,N118,48.7877618,2.2219915
202000014712,24,1,2020,18,2,93,93078,1,1,1,2,AUTOROUTE A104,48.9604,2.54117
202000014713,24,1,2020,15,1,92,92036,1,1,1,2,AUTOROUTE A15,48.94661,2.28263
202000014714,25,1,2020,17,3,94,94046,1,1,1,2,A86 EXT,48.80768,2.44949
202000014715,24,1,2020,13,1,93,93051,1,1,1,4,A4,48.8356,2.55829
202000014716,24,1,2020,7,2,75,75112,1,1,1,-1,A4,48.8246507,2.4635447
202000014717,23,1,2020,16,1,94,94038,2,1,1,2,FLOQUET (AV),48.77418,2.3251
202000014718,22,1,2020,20,5,92,92049,2,3,1,3,BRIAND AVENUE ARISTIDE AUTRES N°/ PERI RUE GABRIEL AUTRES N°,48.817585,2.325433
202000014719,23,1,2020,16,1,988,98818,2,3,1,3,RUE JACQUES IEKAWE/RUE BUFFON,-22.23592,166.47604
202000014720,22,1,2020,15,1,988,98818,2,2,1,3,AV. DU MARECHAL FOCH/VICTOIRE HENRI LAFLEUR,-22.27434,166.44281
202000014721,24,1,2020,21,5,69,69387,2,2,1,1,YVES FARGES                         (BD),45.7433927,4.8342504
202000014722,24,1,2020,15,1,69,69383,2,3,1,3,GUILLOUD                            (R ),45.7479,4.8675
202000014723,24,1,2020,10,1,69,69259,2,2,1,2,MARCEL HOUEL                        (AV),45.6969224,4.8864855
202000014724,24,1,2020,7,2,69,69276,1,1,5,3,,45.6798249,4.8492865
202000014725,24,1,2020,15,1,972,97209,1,3,1,3,MOI LAMINAIRE (RUE),14.60015,-61.04301
202000014726,24,1,2020,16,1,971,97120,2,9,3,6,ARTISANS (RUE DES),16.2462,-61.53835
202000014727,24,1,2020,19,3,2A,2A004,2,1,2,7,CANDIA CHEMIN,41.93694,8.74783
202000014728,21,1,2020,4,3,95,95680,1,1,9,6,BOUQUEVAL (ROUTE DE ),49.0173,2.41141
202000014729,24,1,2020,8,1,95,95088,1,1,8,6,RD 84A,48.97469,2.42639
202000014730,24,1,2020,7,5,95,95219,2,1,1,3,GABRIEL PERI (RUE),48.991904,2.247182
202000014731,24,1,2020,17,5,91,91691,2,1,1,6,RAYMOND POINCARE(RUE),48.7135,2.50099
202000014732,24,1,2020,15,1,91,91691,2,9,7,6,RENE COTY(RUE),48.71851,2.48852
202000014733,24,1,2020,18,1,91,91223,2,1,1,2,MAI 1945 (AVENUE DU 8),48.441,2.14723
202000014734,24,1,2020,2,5,91,91425,2,1,1,6,ORLEANS (ROUTE D'),48.637855,2.267277
202000014735,24,1,2020,9,1,87,87085,1,2,1,3,COUDERT (RUE DU),45.83405,1.21551
202000014736,19,1,2020,12,1,84,84035,2,1,1,7,CLEMENCEAU (AVENUE GEORGES),43.84105,5.03815
202000014737,22,1,2020,13,1,82,82033,2,2,3,3,EGALITE (RUE DE L'),44.03808,1.10967
202000014738,23,1,2020,12,1,79,79191,2,1,1,4,Boulevard de l'Atlantique,46.33334,-0.48115
202000014739,22,1,2020,14,1,79,79191,2,3,1,3,18 Avenue Salvador Allende,46.326867,-0.488015
202000014740,17,1,2020,8,3,78,78322,2,1,2,6,LIBERATION (RUE DE LA),48.762126,2.16981
202000014741,24,1,2020,13,1,78,78642,2,1,1,4,MALRAUX BD ANDRE,48.9822,1.97041
202000014742,24,1,2020,5,5,74,74010,2,1,1,6,HIRONDELLES,45.903,6.1182
202000014743,23,1,2020,18,5,72,72181,2,1,1,6,JAURES JEAN (AV) N° PAIRS 60 ET >,47.98534,0.2094
202000014744,20,1,2020,15,1,70,70550,2,2,1,3,ALLIES (BOULEVARD DES),47.62173,6.16975
202000014745,24,1,2020,8,1,67,67043,2,1,1,6,REICHSTETT (RUE DE),48.61749,7.73415
202000014746,24,1,2020,7,2,67,67482,2,3,1,3,COLMAR (AVENUE DE),48.5489852,7.7412657
202000014747,20,1,2020,14,1,67,67482,2,3,1,3,RHIN (AVENUE DU),48.571158,7.77339
202000014748,24,1,2020,7,2,66,66136,2,1,1,7,ARGELES SUR MER AVENUE D',42.68067,2.91086
202000014749,24,1,2020,16,1,64,64189,2,1,1,1,JAURES JEAN  (AVENUE),43.38311,-1.66758
202000014750,24,1,2020,12,1,64,64260,2,3,1,3,BEHOBIE (RUE DE),43.34959,-1.77728
202000014751,24,1,2020,13,1,64,64445,2,3,1,3,BEZIOU,43.3033642,-0.3796452
202000014752,24,1,2020,5,5,64,64132,2,1,1,1,GEORGES CLEMENCEAU,43.2895283,-0.3549571
202000014753,24,1,2020,21,5,64,64102,2,2,1,3,HENRI DE NAVARRE (AVENUE),43.49408,-1.45273
202000014754,24,1,2020,13,1,64,64024,2,3,1,3,BIARRITZ (AVENUE DE),43.48088,-1.53135
202000014755,24,1,2020,12,1,64,64102,2,1,1,3,BARTHES (CHEMIN DES),43.49643,-1.494
202000014756,24,1,2020,9,1,63,63113,2,6,1,6,FLAMINA (RUE DE),45.81008,3.11065
202000014757,24,1,2020,9,1,63,63014,2,1,1,-1,MONT MOUCHET (AVENUE DU),45.7492234,3.1048003
202000014758,21,1,2020,15,1,61,61001,2,1,2,3,CANDIE (RUE),48.43005,0.07694
202000014759,16,1,2020,18,5,57,57672,2,1,1,6,METZ (ROUTE DE),49.34535,6.16131
202000014760,24,1,2020,18,5,54,54547,2,3,1,6,PARME (RUE DE),48.6618,6.1703
202000014761,24,1,2020,7,2,54,54274,2,1,8,-1,6 Rue de la Republique,48.6755752,6.2002346
202000014762,23,1,2020,7,1,51,51454,2,1,1,7,Rue Voltaire,49.2541606,4.0369859
202000014763,23,1,2020,15,1,50,50129,2,1,1,2,CARNOT (AVENUE),49.63484,-1.61709
202000014764,23,1,2020,22,4,49,49007,2,1,1,6,EPINARD ROUTE,47.4886366,-0.5631479
202000014765,23,1,2020,9,1,49,49007,2,1,1,6,CALEIDES SQUARE,47.44896,-0.559
202000014766,24,1,2020,13,1,45,45234,2,2,1,3,Avenue Roger Secretain - Rue de la cigogne,47.88554,1.89714
202000014767,24,1,2020,13,1,45,45068,2,1,1,3,RUE ROGER SALENGRO,48.0160636,2.715742
202000014768,23,1,2020,18,1,44,44184,2,1,1,1,Avenue de Penhoet,47.2901675,-2.196047
202000014769,23,1,2020,20,5,38,38185,2,1,1,3,Rue Alfred de Vigny,45.16622,5.72278
202000014770,23,1,2020,13,1,38,38185,2,1,1,2,Rue de Stalingrad,45.17579,5.72591
202000014771,21,1,2020,4,5,37,37261,2,1,1,7,GANCE (BOULEVARD ABEL),47.4135011,0.7199849
202000014772,24,1,2020,14,1,37,37261,2,6,1,-1,LOUIS XI (ROND-POINT),47.3748341,0.6712491
202000014773,24,1,2020,12,1,35,35238,2,3,8,1,BERNANOS (PLACE GEORGES),48.123311,-1.659988
202000014774,24,1,2020,20,5,33,33065,2,1,1,1,46 AVE DE LA BELLE ETOILE,44.8245,-0.47827
202000014775,24,1,2020,19,5,33,33119,2,2,1,6,CRS VICTOR HUGO / RUE DU MARECHAL FOCH,44.85519,-0.53219
202000014776,24,1,2020,7,1,33,33063,2,3,1,2,QUAI DESCHAMPS / RUE RENE BUTHAUT,44.83702,-0.55626
202000014777,23,1,2020,7,5,30,30189,2,1,1,6,BIR HAKEIM (AVENUE),43.84224,4.38627
202000014778,23,1,2020,19,5,29,29232,2,1,1,6,Rue Napoleon III,47.9847,-4.07376
202000014779,23,1,2020,13,1,29,29019,2,1,1,2,25 Avenue Maréchal Foch,48.3958757,-4.4885423
202000014780,22,1,2020,8,2,22,22187,1,1,1,4,RD786,48.54971,-2.79675
202000014781,23,1,2020,8,1,13,13117,1,1,1,3,RD 113 - CADESTEAUX,43.47276,5.229534
202000014782,24,1,2020,12,1,13,13210,2,1,2,6,CAPELETTE (AVENUE DE LA),43.280762,5.4073
202000014783,15,1,2020,11,1,13,13204,2,1,1,3,CHUTES LAVI (AVENUE),43.3111701,5.3962974
202000014784,23,1,2020,9,1,13,13205,2,2,1,3,BERCEAU (RUE),43.288183,5.39519
202000014785,22,1,2020,11,1,13,13215,2,1,8,1,SAINT ANTOINE (AVENUE DE),43.38004,5.35733
202000014786,12,1,2020,14,1,07,07231,2,3,1,1,Vieux Stade (Chemin du),44.60287,4.38227
202000014787,24,1,2020,12,1,06,06088,2,1,1,2,VOIE RAPIDE,43.6901,7.2401
202000014788,24,1,2020,16,1,06,06069,1,1,1,6,SAINT MATHIEU (ROUTE ET PLACE),43.659729,6.952978
202000014789,24,1,2020,18,5,06,06027,2,1,1,1,SOUS BAOUS MONTEE,43.66951,7.14665
202000014790,21,1,2020,13,1,06,06123,2,1,1,2,VESPINS ROUTE DES,43.65997,7.18751
202000014791,4,1,2020,4,5,02,02722,2,6,1,6,CHATEAU-THIERRY ( AVENUE DE ),49.37428,3.32862
202000014792,24,1,2020,20,5,75,75114,2,1,1,2,BD PERIPHERIQUE EXTERIEUR,48.819984,2.325696
202000014793,24,1,2020,17,4,75,75119,2,1,1,3,BD PERIPHERIQUE EXTERIEUR,48.900309,2.377994
202000014794,23,1,2020,16,2,75,75120,2,1,1,3,BD PERIPHERIQUE INTERIEUR,48.8724778,2.4123734
202000014795,22,1,2020,21,5,75,75114,2,4,1,3,BD PERIPHERIQUE EXTERIEUR,48.824292,2.30637
202000014796,1,1,2020,1,3,75,75105,2,2,1,2,RUE GAY LUSSAC,48.8425917,2.3429199
202000014797,24,1,2020,19,5,75,75120,2,1,1,6,RUE DES PYRENEES,48.853172,2.405979
202000014798,24,1,2020,10,1,75,75120,2,4,1,-1,BOULEVARD DAVOUT,48.8562451,2.4099956
202000014799,24,1,2020,9,1,75,75118,2,2,1,3,AVENUE DE LA PORTE DE LA CHAPELLE,48.8986989,2.3593529
202000014800,24,1,2020,18,5,75,75117,2,1,1,3,AVENUE DE CLICHY,48.884145,2.327149
202000014801,24,1,2020,9,1,75,75116,2,1,1,3,QUAI SAINT EXUPERY,48.8351831,2.2625211
202000014802,24,1,2020,15,1,75,75107,2,3,1,4,AVENUE DE SUFFREN,48.8544551,2.2957684
202000014803,22,1,2020,23,5,75,75114,2,1,1,6,RUE D ALESIA,48.8295449,2.3219869
202000014804,24,1,2020,20,5,75,75113,2,2,1,6,RUE DE L AMIRAL MOUCHEZ,48.8193331,2.3445734
202000014805,24,1,2020,17,5,75,75112,2,1,1,3,AVENUE DU DOCTEUR ARNOLD NETTER,48.8460301,2.4060084
202000014806,24,1,2020,7,1,75,75111,2,1,1,6,AVENUE PHILIPPE AUGUSTE,48.852254,2.3935142
202000014807,24,1,2020,11,1,75,75108,2,1,1,3,AVENUE HOCHE,48.877759,2.304581
202000014808,24,1,2020,21,5,75,75107,2,2,1,3,RUE DE L UNIVERSITE,48.8611478,2.3054781
202000014809,24,1,2020,0,5,75,75104,2,7,1,6,BOULEVARD HENRI IV,48.852931,2.368427
202000014810,24,1,2020,15,1,75,75102,2,3,1,3,BOULEVARD POISSONNIERE,48.8709323,2.3459297
202000014811,22,1,2020,21,4,75,75102,2,2,1,3,BOULEVARD POISSONNIERE,48.8706888,2.3479119
202000014812,24,1,2020,8,2,94,94043,2,2,8,3,FONTAINEBLEAU (AV DE),48.81455,2.36087
202000014813,23,1,2020,13,1,94,94016,2,2,1,3,LORRAINE (R DE),48.791474,2.326667
202000014814,23,1,2020,10,1,94,94041,2,1,8,5,WESTERMEYER (R),48.81798,2.39429
202000014815,22,1,2020,17,5,94,94041,2,2,1,6,LENINE (R),48.8166,2.3953
202000014816,24,1,2020,13,1,94,94065,2,2,1,3,LYON (RUE DE),48.7599,2.357
202000014817,23,1,2020,17,1,94,94054,2,2,1,1,VICTOIRE (AV DE LA),48.74499,2.40005
202000014818,24,1,2020,18,5,93,93070,2,9,1,6,BD VICTOR-HUGO,48.909888,2.330469
202000014819,23,1,2020,15,1,93,93066,2,1,1,6,SANDS BOBBY,48.930345,2.3539884
202000014820,21,1,2020,10,1,93,93039,2,3,1,1,PONT DE SAINT OUEN / QU DU CHATELIER,48.91918,2.32802
202000014821,24,1,2020,17,5,93,93062,2,6,1,6,RPT DE MONTFERMEIL / ALL DE CHELLES,48.89569,2.52702
202000014822,24,1,2020,15,1,93,93048,2,2,1,6,VALMY (RUE DE),48.85073,2.4181
202000014823,24,1,2020,12,1,93,93048,2,2,1,3,COLONEL FABIEN (AVENUE DU),48.8766303,2.4547834
202000014824,24,1,2020,15,1,93,93006,2,1,1,3,FIORENTINO RUE DE SESTO,48.863437,2.41773
202000014825,24,1,2020,20,5,93,93029,2,1,1,1,AV JEAN JAURES,48.91489,2.46058
202000014826,24,1,2020,13,1,93,93027,2,9,8,6,AV PAUL VAILLANT-COUTURIER,48.92315,2.41323
202000014827,24,1,2020,12,1,93,93005,2,1,1,6,PREFET CHALEIL (CD44) (RUE DU),48.93969,2.50824
202000014828,24,1,2020,10,1,92,92062,2,1,1,2,DE DION BOUTON (QUAI) DU 1 AU 28,48.8853621,2.2512497
202000014829,24,1,2020,13,1,92,92051,2,1,1,2,PARMENTIER (RUE),48.8834955,2.2812469
202000014830,25,2,2020,17,1,34,34145,1,1,1,5,Route de la Mer,43.664038,4.139206
202000014831,27,2,2020,23,3,83,83107,1,1,1,1,DN7,43.461657,6.654067
202000014832,1,3,2020,6,2,83,83106,1,1,2,1,RD 43,43.311018,6.075997
202000014833,27,2,2020,13,1,05,05134,1,1,4,5,N94,44.650465,6.583281
202000014834,27,2,2020,19,5,05,05070,2,1,4,6,23 Avenue de Grenoble,44.316086,5.816534
202000014835,2,3,2020,18,1,04,04152,1,3,1,4,RD 6,43.81917,5.747867
202000014836,1,3,2020,5,2,13,13085,1,1,2,6,D3,43.2409395,5.6935452
202000014837,15,7,2020,22,2,51,51663,2,1,1,1,Rue Jean Moulin,49.0469333,3.9655474
202000014838,15,7,2020,15,1,42,42183,2,1,1,6,Rue Gambetta,45.40447,4.36824
202000014839,2,3,2020,15,1,13,13022,1,1,8,1,D 559,43.214904,5.580668
202000014840,1,3,2020,6,3,13,13074,1,1,2,7,D15,43.647784,5.555537
202000014841,15,7,2020,15,1,37,37261,2,1,1,-1,MIRABEAU (RUE),47.3928521,0.7002385
202000014842,3,3,2020,2,3,26,26165,1,1,2,2,Autoroute du Soleil,44.77946,4.81393
202000014843,28,2,2020,15,1,89,89099,2,6,1,7,4 Rue du Pont,47.955451,3.532083
202000014844,15,7,2020,8,1,35,35238,2,6,1,3,YOUGOSLAVIE (BD DE),48.0876554,-1.651057
202000014845,10,7,2020,13,1,34,34003,1,1,1,1,D 51 MARSEILLAN (ROUTE DE),43.3264,3.4808
202000014846,1,3,2020,9,1,71,71176,1,9,1,2,N79,46.4683937,4.0024586
202000014847,15,7,2020,18,1,33,33063,2,2,1,3,CRS DE LA SOMME / RUE LAJARTE,44.82535,-0.57254
202000014848,26,2,2020,0,3,08,08110,1,9,4,7,Le Châtelet-sur-Sormonne,49.868308,4.510231
202000014849,15,7,2020,18,1,33,33199,2,1,1,4,RD 256,44.57761,-1.10349
202000014850,1,3,2020,14,1,88,88350,1,2,1,1,route communale c2,48.375708,5.92972
202000014851,14,7,2020,13,1,33,33009,2,1,1,3,GAMBETTA (AVE) DU 01 AU 35,44.66235,-1.16854
202000014852,4,3,2020,7,1,55,55218,1,1,9,1,D65,49.281132,5.466814
202000014853,4,3,2020,14,1,03,03187,1,1,1,6,,46.349593,3.4535775
202000014854,15,7,2020,5,4,31,31555,1,1,1,5,VA008482 A624,43.60548,1.39611
202000014855,14,7,2020,20,1,31,31555,1,1,1,7,VA007331 A620,43.57349,1.41009
202000014856,1,3,2020,11,1,03,03141,1,1,2,6,Matichard,45.9941549,3.6960812
202000014857,15,7,2020,20,1,30,30189,2,1,1,1,THALES (RUE OU PLACE),43.83077,4.33202
202000014858,2,3,2020,15,1,74,74220,2,4,2,5,15 Route de Findrol,46.133906,6.299554
202000014859,28,2,2020,10,1,74,74042,2,1,1,6,Place de l'Hotel de Ville,46.076715,6.407952
202000014860,1,3,2020,1,5,42,42129,1,3,2,1,Route de Saint-appolinard,45.356887,4.675101
202000014861,26,2,2020,16,1,42,42090,1,2,7,3,Route de Feurs,45.756909,4.338033
202000014862,13,7,2020,23,5,30,30007,2,3,1,3,ANDUZE (AVE),44.1105,4.0805
202000014863,23,2,2020,13,1,42,42094,2,1,1,3,24 Rue de la République,45.74376,4.225091
202000014864,15,7,2020,12,1,28,28134,1,9,1,3,RN 12 (ARCHE DU GAZON),48.74277,1.32316
202000014865,13,7,2020,20,1,22,22215,2,6,1,3,FONTAINE MORIN (RUE DE LA),48.49191,-2.795
202000014866,24,2,2020,2,5,38,38348,1,6,1,6,D1006,45.584101,5.308456
202000014867,15,7,2020,11,1,17,17380,2,2,1,1,GRANDE COTE (AVENUE DE LA),45.6465,-1.10175
202000014868,15,2,2020,16,1,38,38474,2,1,1,2,Avenue de Romans,45.200123,5.669256
202000014869,15,7,2020,5,2,13,13117,2,6,1,3,ROND POINT DE PIERRE PLANTEE,43.44626,5.24804
202000014870,15,7,2020,15,1,13,13215,2,4,1,3,SAINT ANTOINE A SAINT JOSEPH (CHEMIN DE),43.36038,5.36383
202000014871,19,2,2020,8,1,26,26179,2,9,1,1,D115,45.077035,4.889978
202000014872,15,7,2020,14,1,13,13201,2,2,1,3,DELILLE (RUE),43.354,5.24
202000014873,15,7,2020,12,1,13,13210,2,1,1,3,MAURIAC (RUE),43.2734,5.42009
202000014874,1,3,2020,2,3,26,26116,1,1,1,6,810 Avenue du Rhône,44.44969,4.700255