Num_Acc,jour,mois,an,hr,condition_eclairage,departement,commune,condition_agglomeration,intersection,condition_atmosphere,type_collision,adresse,lattitude,longitude
202000014875,15,7,2020,7,1,13,13210,2,1,1,3,PONT DE VIVAUX (BOULEVARD),43.279015,5.422525
202000014876,29,2,2020,3,3,26,26206,1,1,8,7,D538,44.84175,5.009384
202000014877,14,7,2020,22,5,13,13005,2,1,1,2,D 2 (CAMP MAJOR),43.28808,5.5444
202000014878,2,3,2020,20,5,01,01376,2,1,2,3,52 Route de Genève,45.830613,4.982532
202000014879,21,2,2020,17,2,69,69136,2,1,1,6,Montée de Sourzy,45.621527,4.751861
202000014880,15,7,2020,13,1,13,13001,1,1,1,2,R.N 7,43.551389,5.4261112
202000014881,27,2,2020,6,2,69,69296,1,1,1,3,Chemin Departemental 12,45.637402,4.823449
202000014882,14,7,2020,17,1,10,10357,1,1,1,3,R.N. 19,48.294205,4.142914
202000014883,25,2,2020,16,1,81,81099,2,1,2,3,9 Rue des Chalets,43.900571,1.903215
202000014884,22,1,2020,18,5,81,81099,2,1,1,7,70 Rue de la Marguerite,43.905932,1.902598
202000014885,14,7,2020,17,1,06,06088,2,1,1,5,ANGLAIS (DU N° 114 AU N° 263),43.6733,7.22637
202000014886,29,2,2020,7,2,86,86008,1,1,2,6,Route d'Arçay,46.96419,0.011737
202000014887,14,7,2020,18,1,06,06069,2,1,1,6,CLEMENCEAU (BOULEVARD GEORGES),43.658334,6.914346
202000014888,3,3,2020,11,1,64,64426,1,1,6,5,D936,43.236222,-0.669909
202000014889,10,7,2020,19,1,05,05061,2,1,1,3,EMILE DIDIER ( AV ),44.56663,6.0952
202000014890,15,7,2020,0,5,75,75113,2,1,1,2,BOULEVARD PERIPHERIQUE,48.819874,2.374335
202000014891,24,2,2020,18,1,33,33099,1,3,1,2,29 Avenue de Branne,44.828056,-0.461769
202000014892,15,7,2020,9,1,75,75106,2,3,1,3,PLACE SAINT SULPICE,48.851259,2.333792
202000014893,3,3,2020,8,1,85,85152,2,1,2,2,Place de l'Eglise (la Chapelle-achard),46.590083,-1.647885
202000014894,15,7,2020,19,1,75,75120,2,1,1,3,BOULEVARD DAVOUT,48.848098,2.411125
202000014895,1,3,2020,16,1,50,50025,2,3,1,1,Rue du Commandant Bindel,48.680745,-1.340568
202000014896,15,7,2020,0,5,75,75119,2,3,1,6,AVENUE CORENTIN CARIOU,48.895129,2.382763
202000014897,27,2,2020,20,3,14,14258,2,1,8,6,Route d'Argentan,48.88922,-0.190968
202000014898,15,7,2020,18,1,75,75118,2,2,1,6,BOULEVARD BARBES,48.886551,2.349559
202000014899,3,3,2020,8,1,14,14197,1,1,1,7,D35,49.286521,-0.338817
202000014900,28,2,2020,18,1,29,29124,2,1,8,1,Rue Francis Guezennec,48.57747,-4.312241
202000014901,15,7,2020,14,1,75,75118,2,2,1,3,BOULEVARD ORNANO,48.894616,2.347172
202000014902,14,7,2020,22,5,75,75118,2,3,1,6,RUE JEAN ROBERT,48.890289,2.358343
202000014903,29,2,2020,14,1,22,22093,1,1,6,2,Le Pont Hougat Maroué,48.451247,-2.539601
202000014904,15,7,2020,17,1,75,75117,2,7,8,6,PLACE GENERAL CATROUX,48.881887,2.31127
202000014905,1,3,2020,18,2,35,35098,1,3,2,1,Les Hiaux,47.763849,-1.664321
202000014906,15,7,2020,9,1,75,75117,2,2,1,6,AVENUE NIEL,48.87965,2.29473
202000014907,14,7,2020,16,1,75,75116,2,1,1,2,VOIE GEORGES POMPIDOU,48.861405,2.292386
202000014908,15,7,2020,14,1,75,75116,2,1,1,1,RUE MIRABEAU,48.845844,2.268545
202000014909,2,3,2020,8,1,76,76464,1,1,3,1,D6014,49.38525,1.252141
202000014910,15,7,2020,10,1,75,75116,2,4,1,3,RUE D AUTEUIL,48.848037,2.263108
202000014911,3,3,2020,15,1,60,60060,1,1,1,2,D1001,49.199459,2.231305
202000014912,14,7,2020,17,1,75,75116,2,2,1,3,AVENUE DE VERSAILLES,48.840855,2.265307
202000014913,2,3,2020,5,3,60,60369,1,1,1,2,D200,49.3289351,2.7148458
202000014914,15,7,2020,8,1,75,75112,2,7,1,3,AVENUE DU TREMBLAY,48.827258,2.464384
202000014915,28,2,2020,17,1,60,60469,1,1,2,5,387 Rue de la Mare d'Ovillers,49.265858,2.204046
202000014916,15,7,2020,16,1,75,75111,2,2,1,3,BOULEVARD VOLTAIRE,48.865183,2.36774
202000014917,15,7,2020,2,5,75,75110,2,2,1,2,RUE DU FAUBOURG SAINT MARTIN,48.881606,2.365773
202000014918,28,2,2020,22,3,80,80090,1,1,1,2,A1,49.867734,2.834961
202000014919,26,2,2020,22,3,80,80521,1,1,1,6,A1,49.988591,2.871753
202000014920,28,2,2020,4,4,62,62355,1,6,9,6,,50.33318,2.920196
202000014921,15,7,2020,11,1,75,75109,2,5,1,2,BOULEVARD HAUSSMANN,48.871961,2.340039
202000014922,15,7,2020,9,1,75,75104,2,1,1,7,RUE DES ARCHIVES,48.857665,2.354399
202000014923,1,3,2020,19,3,62,62318,1,1,1,2,Étaples,50.5057747,1.6821209
202000014924,15,7,2020,10,1,94,94068,2,1,8,3,MAURICE BERTEAUX (BD),48.8105,2.4701
202000014925,15,7,2020,9,1,94,94021,2,1,1,5,STALINGRAD (AV DE),48.761082,2.368358
202000014926,1,3,2020,18,1,59,59377,2,1,1,6,Rue de Premy,50.12518,3.170811
202000014927,15,7,2020,21,5,94,94019,2,1,1,7,COEUILLY (AV DE),48.80183,2.53735
202000014928,3,2,2020,16,1,59,59139,2,2,2,2,190 Rue de Saint-quentin,50.116471,3.410752
202000014929,15,7,2020,18,1,93,93070,2,1,1,3,MICHELET (AVE) : DU 1 AU 103,48.908084,2.344257
202000014930,26,2,2020,20,3,59,59136,1,1,1,2,Av Mal Leclerc de Hauteclocque,50.096468,3.573861
202000014931,15,7,2020,21,1,93,93064,2,9,1,3,HOFFMANN (RUE PHILIBERT),48.88116,2.4859859
202000014932,3,3,2020,11,1,59,59012,2,1,1,6,6 Place du Poilu,49.991431,4.101336
202000014933,15,7,2020,14,1,93,93053,2,1,1,6,ROGER SALENGRO (BLD),48.8843248,2.4552207
202000014934,3,3,2020,8,2,59,59581,1,1,1,6,rue de la ménégatte,50.697834,2.803144
202000014935,17,2,2020,14,1,13,13202,2,1,1,7,A55-Sens Martigues vers Marseille,43.3136,5.366
202000014936,15,7,2020,15,1,93,93048,2,2,1,3,VINCENNES (RUE DE),48.85,2.435
202000014937,2,3,2020,12,1,13,13071,1,1,8,4,A7-Sens Marseille vers Lyon,43.4122431,5.2822107
202000014938,15,7,2020,5,2,93,93048,2,2,2,3,AV GABRIEL PERI / AV DU PDT WILSON,48.8574435,2.4400746
202000014939,2,3,2020,15,1,13,13055,1,1,1,2,A507 sens Aubagne- Marseille,43.33353,5.38432
202000014940,2,3,2020,7,1,13,13216,1,1,2,7,A55-Sens Marseille vers Martigues,43.34,5.3485
202000014941,14,7,2020,23,5,93,93027,2,1,1,2,R EDGAR QUINET,48.93083,2.39725
202000014942,2,3,2020,7,2,13,13085,1,1,3,7,Sens Toulon vers Aubagne,43.25802,5.59248
202000014943,14,7,2020,0,5,93,93047,2,9,1,1,GENERAL DE GAULLE (RUE DU),48.8991673,2.5560333
202000014944,2,3,2020,6,5,13,13055,1,1,2,7,A507 sens Marseille - Aubagne,43.332284,5.385901
202000014945,15,7,2020,8,1,92,92044,2,1,1,2,LEVALLOIS( PONT DE),48.8992,2.2785
202000014946,2,3,2020,9,1,13,13055,1,1,2,5,A507 sens Marseille - Aubagne,43.28392,5.40329
202000014947,15,7,2020,17,1,92,92040,2,2,1,3,CAMILLE DESMOULINS,48.831544,2.267199
202000014948,1,3,2020,1,5,13,13207,2,9,1,7,Tunnel Prado Carénage,43.29179,5.366121
202000014949,1,3,2020,3,3,13,13001,1,1,2,7,A51-Sens Aix en Provence vers Marseille,43.477414,5.408038
202000014950,14,7,2020,10,1,92,92036,2,3,1,3,MARCEL PAUL (AVENUE) (1/103),48.939243,2.304073
202000014951,28,2,2020,20,5,13,13071,1,1,1,2,A7-Sens Lyon vers Marseille,43.413761,5.279835
202000014952,15,7,2020,4,5,92,92026,2,2,2,3,BOULEVARD CIRCULAIRE,48.89279,2.24528
202000014953,27,2,2020,18,5,13,13203,1,1,2,2,A7-Sens Lyon vers Marseille,43.30569,5.37512
202000014954,15,7,2020,11,1,92,92019,2,1,1,3,DIVISION LECLERC (AVENUE DE LA),48.7670663,2.2536649
202000014955,26,2,2020,8,1,13,13028,1,1,1,3,A50-Sens Toulon vers Aubagne,43.2068,5.58742
202000014956,14,7,2020,14,1,92,92002,2,9,1,1,MUTUALITE (RUE DE LA),48.7415019,2.3046691
202000014957,24,2,2020,21,3,13,13071,1,1,1,5,A7-Sens Lyon vers Marseille,43.413,5.2812
202000014958,4,7,2020,20,1,01,01383,1,2,7,3,Intersection RD 1083 / Route de Saint-germain-sur-renon,46.098181,5.124736
202000014959,12,7,2020,10,1,10,10066,1,1,1,6,RD 660 PR 16+800,48.274753,3.841449
202000014960,16,7,2020,13,1,86,86236,1,1,1,6,D5,46.675945,0.862343
202000014961,25,6,2020,9,1,74,74019,2,6,1,1,Route du Parmelan,45.939493,6.144152
202000014962,16,7,2020,10,1,83,83091,1,1,1,3,Route de Puget-ville,43.263167,6.153379
202000014963,24,2,2020,23,3,13,13028,1,1,1,2,A50-Sens Aubagne vers Toulon,43.20329,5.601272
202000014964,22,2,2020,22,3,13,13215,1,1,1,2,A55-Sens Martigues vers Marseille,43.33144,5.35407
202000014965,15,7,2020,15,1,83,83019,2,1,1,3,Avenue Lou Mistraou,43.140076,6.350344
202000014966,23,2,2020,2,3,83,83047,1,1,1,2,A570,43.13458,6.04716
202000014967,16,7,2020,12,5,974,97423,2,1,1,3,Rue François de Mahy,-21.1231158,55.2639449
202000014968,28,2,2020,11,1,38,38544,2,1,1,6,Boulevard Georges Pompidou,45.503,4.84684
202000014969,16,7,2020,18,1,50,50504,1,1,1,-1,lieu dit enoufverie,49.006208,-0.98995
202000014970,6,7,2020,18,1,87,87152,1,1,1,1,Route des Lézes,45.978322,1.191866
202000014971,27,2,2020,19,3,38,38336,1,1,2,1,A7,45.48864,4.83271
202000014972,16,7,2020,20,1,56,56228,1,3,7,3,Le Pissot D10,47.825345,-2.421085
202000014973,26,2,2020,16,1,69,69382,1,1,1,2,A7 ,45.73902,4.82275
202000014974,10,1,2020,17,2,69,69277,1,1,1,2,RN 346   ,45.7338288,4.9803075
202000014975,15,7,2020,19,1,80,80571,1,2,1,3,rue basse,49.757649,2.475593
202000014976,12,7,2020,23,3,82,82151,1,1,1,7,D7 - PK 35+300,44.3272,0.95452
202000014977,8,7,2020,10,1,11,11170,2,1,1,6,Avenue des Plages,43.115567,3.108218
202000014978,27,2,2020,17,2,69,69199,1,1,2,5,A7   ,45.6961,4.8393
202000014979,15,7,2020,16,1,63,63276,1,1,3,6,Lieu Dit les Epinins,45.8320565,3.4717464
202000014980,26,2,2020,5,3,57,57356,1,1,4,5,Autoroute A31,49.43346,6.11539
202000014981,16,7,2020,11,1,68,68006,1,1,8,7,D466,47.698903,7.180595
202000014982,15,7,2020,21,2,68,68152,2,1,1,6,Rue de la Gare,47.675899,7.26788
202000014983,29,2,2020,13,1,54,54090,1,1,1,2,Autoroute A 31,48.751862,6.157824
202000014984,15,7,2020,12,1,39,39446,1,1,1,6,Route de Buvilly,46.873132,5.749766
202000014985,16,2,2020,0,3,54,54027,1,1,1,2,Autoroute A 31,48.88822,6.09874
202000014986,28,2,2020,19,3,67,67482,2,1,8,2,Autoroute A.351,48.5863085,7.7190536
202000014987,23,6,2020,8,1,35,35284,1,3,1,3,la briantais,48.606412,-1.969321
202000014988,3,3,2020,13,1,33,33063,1,1,3,6,ROCADE A 630,44.88383,-0.55677
202000014989,16,7,2020,18,1,29,29108,1,3,1,3,D143 - Rue Ar Mor,47.980903,-4.345634
202000014990,29,2,2020,19,4,33,33474,1,1,1,4,AUTOROUTE A 62,44.67321,-0.47734
202000014991,14,7,2020,20,1,02,02166,1,1,1,-1,rd 85,49.095986,3.510518
202000014992,15,7,2020,19,1,54,54131,2,1,1,6,2 Rue du Château,48.89497,6.187545
202000014993,29,2,2020,17,1,33,33213,1,1,1,5,AUTOROUTE A 62,44.68473,-0.49065
202000014994,16,7,2020,7,1,72,72325,1,1,1,7,les forges,47.8199403,0.4910797
202000014995,29,2,2020,6,5,33,33192,1,1,1,2,ROCADE A 630,44.79017,-0.60901
202000014996,16,7,2020,17,1,72,72331,2,1,1,7,rue Jean Moulin,48.104279,0.58698
202000014997,29,2,2020,6,5,33,33003,1,1,1,2,A10,44.93422,-0.46748
202000014998,15,7,2020,17,1,72,72031,1,9,1,2,Aire d'acueil des gens du voyage - D33,48.068614,0.489219
202000014999,28,2,2020,6,2,33,33063,1,1,1,6,ROCADE A 630,44.88721,-0.57098
202000015000,16,7,2020,16,1,06,06127,2,1,8,6,131 Avenue Charles de Caqueray,44.070701,7.2547
202000015001,27,2,2020,7,2,33,33397,1,1,3,5,AUTOROUTE A10,44.89347,-0.4992
202000015002,16,7,2020,3,5,50,50576,2,1,1,6,Avenue des Peupliers,49.562077,-1.845295
202000015003,25,2,2020,14,1,33,33063,1,1,2,6,A630,44.88579,-0.56285
202000015004,25,2,2020,9,1,33,33075,1,1,2,3,Rue des Airelles,44.88994,-0.61472
202000015005,15,7,2020,12,1,88,88516,2,1,1,6,rue des dames,48.200974,5.94946
202000015006,10,7,2020,8,1,06,06152,1,3,1,1,2405 Route des Dolines,43.625345,7.049914
202000015007,1,3,2020,17,1,59,59350,1,1,1,3,AUTOROUTE A25,50.6169048,3.0439532
202000015008,3,3,2020,15,1,91,91589,1,1,1,2,AUTOROUTE A6,48.6743,2.3422
202000015009,15,7,2020,14,1,27,27554,1,1,1,2,A13,49.0924656,1.3664145
202000015010,16,7,2020,13,1,27,27091,1,1,1,6,A13,49.363368,0.842645
202000015011,30,5,2020,16,1,77,77148,1,1,1,6,Chemin du Bordet - D94,49.091715,3.083897
202000015012,13,7,2020,6,1,91,91247,1,1,1,1,D836,48.476702,2.052243
202000015013,3,3,2020,8,1,91,91617,1,1,1,4,RN6 PROVINCE / RN104 INT,48.6363,2.5353
202000015014,16,7,2020,8,2,34,34299,1,6,1,2,Chemin du Thou,43.25133,3.273776
202000015015,2,3,2020,18,1,91,91136,1,1,1,2,AUTOROUTE A10,48.7138,2.2748
202000015016,16,7,2020,0,3,34,34146,1,1,1,6,Route de Restinclieres,43.687716,4.103753
202000015017,2,3,2020,15,1,77,77296,1,1,3,6,AUTOROUTE A5A,48.6055629,2.5866891
202000015018,15,7,2020,19,1,34,34256,1,1,1,3,D106,43.696603,4.014639
202000015019,1,3,2020,21,3,91,91136,1,1,2,3,A10 PROVINCE / RD188 PROVINCE,48.71282,2.28417
202000015020,15,7,2020,13,1,84,84140,2,1,1,7,"Départementale 45, route de Cadenet",43.778341,5.414071
202000015021,1,3,2020,19,3,91,91174,1,1,2,4,RN 104,48.6101,2.4437
202000015022,15,7,2020,18,1,83,83112,2,1,7,6,Allée des Amandiers,43.183428,5.695413
202000015023,15,7,2020,22,3,83,83079,1,1,1,1,Route Nationale 98,43.207258,6.465695
202000015024,1,3,2020,13,1,92,92002,1,1,3,2,AUTOROUTE A10,48.730544,2.308219
202000015025,14,7,2020,18,1,13,13059,1,1,1,1,D15,43.658442,5.497338
202000015026,1,3,2020,13,1,91,91471,1,1,2,7,RN 118,48.71243,2.18195
202000015027,16,7,2020,3,3,26,26165,1,1,1,-1,Autoroute du Soeil ,44.788978,4.837482
202000015028,1,3,2020,1,3,91,91689,1,1,1,5,AUTOROUTE A6A,48.73948,2.31921
202000015029,10,7,2020,11,1,73,73116,1,1,1,6,D926,45.2313117,6.305452
202000015030,28,2,2020,21,5,91,91377,1,6,2,3,RN20,48.7147,2.2984
202000015031,28,2,2020,19,3,91,91377,1,1,1,2,AUTOROUTE A10,48.72629,2.30168
202000015032,16,7,2020,10,1,38,38548,1,1,1,6,D531,45.075657,5.521199
202000015033,28,2,2020,10,1,91,91589,1,1,1,2,AUTOROUTE A6,48.6793,2.3342
202000015034,15,7,2020,19,2,31,31381,1,1,1,6,17 Route du Faubourg du Cers,43.46184,1.570868
202000015035,27,2,2020,22,5,94,94038,1,1,1,4,AUTOROUTE A6B,48.77458,2.34568
202000015036,16,7,2020,3,3,64,64230,1,1,1,7,N134,43.201641,-0.419272
202000015037,27,2,2020,16,1,91,91689,1,1,1,2,AUTOROUTE A6A,48.7426274,2.3217664
202000015038,16,7,2020,8,1,02,02186,1,1,8,1,D86,48.988385,3.359756
202000015039,26,2,2020,10,1,91,91235,1,1,8,4,RN 104,48.6247,2.3719
202000015040,11,7,2020,12,1,13,13215,1,1,1,4,A7-Sens Marseille vers Lyon,43.37822,5.35684
202000015041,25,2,2020,19,4,92,92002,1,1,2,4,N385,48.76054,2.28466
202000015042,11,7,2020,3,3,38,38449,1,1,8,2,A43,45.64992,5.11388
202000015043,25,2,2020,17,1,91,91286,1,1,1,5,AUTOROUTE A6,48.65178,2.38274
202000015044,15,7,2020,7,1,91,91235,1,1,1,7,RN 104,48.627,2.3606
202000015045,15,7,2020,0,5,94,94037,1,1,1,6,AUTOROUTE A6A,48.8183401,2.3334756
202000015046,15,7,2020,3,3,78,78217,1,1,3,6,A13,48.9644,1.8223
202000015047,25,2,2020,8,1,94,94076,1,1,1,5,AUTOROUTE A6A,48.7911883,2.3441527
202000015048,25,2,2020,11,1,91,91345,1,1,8,4,AUTOROUTE A6,48.6879,2.3253
202000015049,15,7,2020,2,3,93,93027,1,1,1,2,AUTOROUTE A1,48.93723,2.41061
202000015050,25,2,2020,7,1,91,91477,1,1,8,4,AUTOROUTE A10,48.71276,2.25259
202000015051,15,7,2020,18,1,94,94069,1,1,1,3,A86 EXT,48.8174796,2.4555486
202000015052,14,7,2020,14,1,988,98818,2,1,1,6,AVENUE BONAPARTE,-22.23317,166.46725
202000015053,25,2,2020,8,1,91,91687,1,1,2,5,AUTOROUTE A6,48.65918,2.37451
202000015054,14,7,2020,15,1,69,69389,2,1,1,-1,GORGE DE LOUP                       (R ),45.7694787,4.8012753
202000015055,25,2,2020,7,1,91,91477,1,1,1,2,AUTOROUTE A10,48.71276,2.25259
202000015056,2,3,2020,23,1,78,78646,1,1,1,6,A13W,48.792487,2.090613
202000015057,13,7,2020,9,1,91,91421,2,1,1,2,NATIONALE 6 (PARTIE FORET),48.689997,2.465972
202000015058,2,3,2020,17,1,92,92025,1,1,1,3,A86,48.920042,2.2247696
202000015059,13,7,2020,1,3,83,83069,1,9,1,6,SAINT LAZARE ( CHEMIN ),43.11187,6.1789
202000015060,1,3,2020,14,1,78,78321,1,1,1,6,RN12,48.798947,1.92175
202000015061,11,7,2020,8,1,83,83118,2,1,1,6,CORNICHE ROLAND GARROS,43.421744,6.767813
202000015062,29,2,2020,13,1,78,78297,1,1,1,6,RN12,48.789759,2.069878
202000015063,12,7,2020,11,1,77,77132,1,1,1,-1,D934,48.88144,2.78822
202000015064,28,2,2020,5,1,78,78431,1,1,1,2,A13,48.943216,1.951157
202000015065,13,7,2020,14,1,74,74281,2,1,1,2,CORNICHE (BD DE LA) SUPERIEUR N°20,46.36264,6.45191
202000015066,27,2,2020,19,3,92,92063,1,1,1,3,A86,48.8748105,2.1590352
202000015067,14,7,2020,4,3,71,71540,1,1,1,6,R.D 290,46.7624381,4.4743545
202000015068,14,7,2020,18,1,69,69266,2,1,1,6,EMILE ZOLA     (Cours),45.76826,4.88637
202000015069,27,2,2020,15,1,78,78455,1,1,9,4,A13,48.855522,2.057865
202000015070,14,7,2020,19,1,64,64140,2,3,1,2,PERI (PLACE GABRIEL),43.5232761,-1.4896318
202000015071,27,2,2020,7,3,92,92036,1,1,2,2,A86,48.9353515,2.2851621
202000015072,13,7,2020,20,1,64,64102,2,1,1,6,REPUBLIQUE (PLACE DE LA),43.4965,-1.4702
202000015073,26,2,2020,19,3,92,92036,1,1,1,2,A86,48.9335349,2.274243
202000015074,13,7,2020,11,1,64,64102,2,9,1,3,GRAND BASQUE (CHEMIN DU),43.502574,-1.44304
202000015075,13,7,2020,16,1,62,62041,2,1,1,6,CHURCHILL ( AVENUE WINSTON ),50.299506,2.741844
202000015076,26,2,2020,15,1,78,78043,1,1,1,5,A12 Y,48.824147,2.073499
202000015077,14,7,2020,20,1,59,59599,2,2,1,3,FOREST (CHAUSSEE FERNAND),50.73535,3.14662
202000015078,13,7,2020,20,1,59,59599,2,3,1,3,POMPIDOU (AVENUE GEORGES),50.71753,3.15665
202000015079,25,2,2020,20,3,92,92050,1,1,2,3,A86,48.9167239,2.2217086
202000015080,10,7,2020,19,1,59,59360,2,2,1,2,LECLERC RUE DU GENERAL,50.610869,3.0197365
202000015081,13,7,2020,11,1,50,50502,2,1,1,6,HETRES,49.11129,-1.06419
202000015082,25,2,2020,14,1,78,78073,1,1,1,2,A12 Y,48.801478,2.046661
202000015083,14,7,2020,22,5,45,45234,2,2,2,3,Rue Royale,47.8980214,1.9042462
202000015084,25,2,2020,11,1,92,92048,1,1,1,2,N118,48.81159,2.21313
202000015085,12,7,2020,4,5,31,31483,2,1,1,7,Avenue du Président Kennedy,43.1018763,0.7275053
202000015086,12,7,2020,3,5,31,31483,2,1,1,7,FRANCOIS MITTERAND ( AVENUE),43.1119246,0.7440085
202000015087,25,2,2020,9,1,78,78029,1,1,1,4,A13W,48.967137,1.85471
202000015088,25,2,2020,8,1,92,92036,1,1,1,7,RN315 W,48.9355142,2.3014071
202000015089,12,7,2020,20,1,29,29039,2,1,7,6,Allee des Chaperons,47.85672,-3.9118
202000015090,14,7,2020,15,1,26,26198,2,1,1,3,ANDRE (Boulevard Charles),44.52566,4.74358
202000015091,24,2,2020,22,5,78,78402,1,1,2,4,A13,48.964051,1.791552
202000015092,14,7,2020,17,1,14,14301,2,2,1,3,LIBERTE (RUE DE LA),49.1874342,-0.2890661
202000015093,2,3,2020,17,1,95,95500,1,1,1,2,A15,49.03619,2.09528
202000015094,14,7,2020,19,1,13,13214,2,1,1,7,SAINTE MARTHE (chemin),43.33547,5.39188
202000015095,2,3,2020,13,1,95,95018,1,1,8,3,AUTOROUTE A15,48.95674,2.27456
202000015096,14,7,2020,7,2,13,13207,2,1,1,6,CHARLES LIVON (BOULEVARD),43.29219,5.3631
202000015097,2,3,2020,8,1,93,93010,1,1,2,3,AUTOROUTE A3,48.90149,2.4701
202000015098,2,3,2020,9,1,93,93066,1,1,2,5,AUTOROUTE A1,48.92474,2.3571
202000015099,14,7,2020,4,5,13,13209,2,1,1,6,RAYMOND TEISSERE (RUE),43.26987,5.40111
202000015100,2,3,2020,7,3,93,93078,1,1,1,4,AUTOROUTE A104,48.96018,2.53995
202000015101,13,7,2020,23,5,13,13213,2,1,1,4,JEAN PAUL SARTRE (AVENUE),43.3139,5.40595
202000015102,1,3,2020,22,3,92,92036,1,1,1,6,AUTOROUTE A15,48.93871,2.29436
202000015103,1,3,2020,19,3,95,95277,1,1,2,6, A104,48.97228,2.48476
202000015104,13,7,2020,14,1,13,13211,2,1,1,1,BARASSE,43.286274,5.475773
202000015105,13,7,2020,7,1,13,13206,2,2,1,3,ITALIE (RUE D'),43.28884,5.38288
202000015106,1,3,2020,15,1,93,93066,1,1,3,2,AUTOROUTE A86,48.922,2.35997
202000015107,14,7,2020,18,1,06,06027,2,1,2,2,TUILIERES AVENUE DES,43.66877,7.12
202000015108,1,3,2020,15,1,93,93005,1,1,3,2,AUTOROUTE A3,48.9423,2.47831
202000015109,1,3,2020,13,1,95,95582,1,1,3,6, A15,48.96615,2.25715
202000015110,29,2,2020,21,3,95,95060,1,1,8,2, A115,49.0352154,2.1960869
202000015111,14,7,2020,21,2,75,75116,2,4,1,6,RUE RAYNOUARD,48.854439,2.278643
202000015112,29,2,2020,22,3,93,93066,1,1,1,3,AUTOROUTE A1,48.9289705,2.3601722
202000015113,14,7,2020,9,1,75,75110,2,2,1,6,BOULEVARD SAINT DENIS,48.86933,2.35426
202000015114,14,7,2020,1,5,75,75101,2,3,1,7,RUE DE RIVOLI,48.859347,2.34569
202000015115,29,2,2020,12,1,93,93048,1,1,1,4,AUTOROUTE A3,48.87066,2.43111
202000015116,14,7,2020,15,1,75,75102,2,2,8,3,BOULEVARD DE SEBASTOPOL,48.863398,2.350956
202000015117,29,2,2020,12,1,95,95607,1,1,1,2,AUTOROUTE A115,49.01619,2.21519
202000015118,14,7,2020,15,1,94,94043,2,1,1,3,FONTAINEBLEAU (AV DE),48.811114,2.361981
202000015119,29,2,2020,13,1,95,95582,1,1,1,6,RD 170,48.96227,2.26386
202000015120,14,7,2020,10,1,94,94017,2,1,1,6,ALBERT THOMAS (R),48.81397,2.51116
202000015121,29,2,2020,2,5,93,93066,1,1,1,6,AUTOROUTE A1,48.91439,2.35795
202000015122,14,7,2020,22,3,93,93071,2,1,1,6,PONT-BLANC (RUE DU),48.9420686,2.5350048
202000015123,28,2,2020,4,3,95,95252,1,1,1,6,AUTOROUTE A15,48.98484,2.21514
202000015124,28,2,2020,17,2,93,93066,1,1,2,3,AUTOROUTE A1,48.92168,2.35709
202000015125,14,7,2020,16,1,93,93066,2,3,2,3,GENERAL DE GAULLE,48.9272236,2.3614024
202000015126,28,2,2020,18,3,92,92078,1,9,2,4,AUTOROUTE A86,48.9294,2.32821
202000015127,14,7,2020,19,1,93,93048,2,2,1,3,MAURICE WOLJUNG (RUE),48.8735125,2.446994
202000015128,28,2,2020,11,1,95,95424,1,1,1,5,AUTOROUTE A15,48.98959,2.19898
202000015129,11,7,2020,22,4,92,92050,2,1,1,3,PAQUERETTES RUE DES,48.90796,2.21394
202000015130,25,2,2020,19,3,95,95218,1,1,2,4,AUTOROUTE A15,49.035357,2.0974714
202000015131,13,7,2020,19,1,92,92025,2,1,1,6,PAUL BERT (RUE),48.930006,2.245806
202000015132,28,2,2020,8,1,93,93005,1,1,1,3,AUTOROUTE A3,48.95712,2.47336
202000015133,28,2,2020,8,1,93,93053,1,1,1,2,AUTOROUTE A3,48.89665,2.47018
202000015134,14,7,2020,20,1,92,92044,2,1,1,3,CAMILLE PELLETAN(RUE)1A15 ET 2A12,48.89564,2.28922
202000015135,14,7,2020,19,1,92,92023,2,1,1,7,JEAN BAPTISTE CLEMENT (AVENUE),48.7942324,2.2662775
202000015136,13,7,2020,20,1,92,92007,2,3,1,4,JAURES (AVENUE JEAN) N° 26 ET 11 A 17,48.80007,2.30141
202000015137,28,2,2020,0,3,95,95424,1,1,1,5,AUTOROUTE A15,48.99088,2.19397
202000015138,27,2,2020,19,3,93,93053,1,1,1,2,AUTOROUTE A86,48.9043,2.46578
202000015139,12,7,2020,17,1,974,97422,2,2,1,2,Chemin Fidelio Robert,-21.269608,55.52656
202000015140,27,2,2020,19,3,93,93008,1,1,1,4,AUTOROUTE A86,48.91328,2.43475
202000015141,13,7,2020,16,1,972,97218,1,1,8,1,Rue Marcel Bouquety,14.769047,-61.127624
202000015142,27,2,2020,17,1,93,93008,1,1,1,3,AUTOROUTE A86,48.90898,2.44828
202000015143,14,7,2020,18,1,46,46202,1,1,1,6,D820,44.306038,1.468424
202000015144,27,2,2020,8,2,95,95582,1,1,3,6,AUTOROUTE A15,48.97597,2.23887
202000015145,14,7,2020,18,1,86,86246,2,1,1,3,Rue Nationale,46.565579,0.865913
202000015146,26,2,2020,17,1,95,95572,1,1,1,3,RN 184,49.03794,2.12328
202000015147,15,7,2020,16,1,54,54537,2,3,1,6,11 Rue d'Ermigny,49.470867,5.695307
202000015148,26,2,2020,18,2,93,93008,1,1,1,2,AUTOROUTE A86,48.91027,2.44326
202000015149,14,7,2020,14,1,84,84071,1,1,1,3,départementale 2,43.857121,5.132504