Num_Acc,jour,mois,an,hr,condition_eclairage,departement,commune,condition_agglomeration,intersection,condition_atmosphere,type_collision,adresse,lattitude,longitude
202000015150,26,2,2020,11,1,93,93064,1,1,2,4,AUTOROUTE A86,48.88082,2.47525
202000015151,12,7,2020,22,3,974,97413,1,1,1,6,Route Nationale 1,-21.217461,55.288954
202000015152,13,7,2020,16,1,61,61385,1,1,1,7,A28,48.823423,0.353408
202000015153,5,7,2020,10,1,19,19177,1,1,1,7,D17,45.285184,1.293211
202000015154,15,7,2020,12,1,79,79014,1,1,1,7,,47.048765,-0.24614
202000015155,26,2,2020,11,1,93,93078,1,1,2,3,AUTOROUTE A104,48.96139,2.5238
202000015156,8,7,2020,23,3,80,80212,1,1,1,7,D30,49.92145,2.476248
202000015157,15,7,2020,7,2,32,32244,1,1,2,6,D935,43.673878,-0.090605
202000015158,26,2,2020,10,1,95,95582,1,1,1,2,AUTOROUTE A15,48.96695,2.25471
202000015159,26,2,2020,9,1,95,95572,1,1,2,6,AUTOROUTE A15,49.0334,2.11112
202000015160,15,7,2020,11,1,71,71514,1,1,8,3,D970,46.7450953,5.3125828
202000015161,26,2,2020,8,1,60,60631,1,1,4,7,AUTOROUTE A1,49.14416,2.57588
202000015162,14,7,2020,16,1,12,12297,1,2,1,3,RD 29,44.332563,2.766522
202000015163,14,7,2020,12,1,42,42277,1,1,1,6,Lieu Dit Montissut,45.933628,4.124057
202000015164,13,7,2020,13,1,25,25280,1,1,1,6,D437b,47.270552,6.945763
202000015165,10,7,2020,13,1,25,25378,1,1,1,6,Rue du Coteau,47.41982,6.89994
202000015166,15,7,2020,11,1,01,01073,1,4,1,1,Ceyzérieu,45.833838,5.710085
202000015167,25,2,2020,12,1,93,93008,1,1,1,2,AUTOROUTE A86,48.90864,2.4495
202000015168,25,2,2020,8,1,95,95018,1,1,2,7,AUTOROUTE A15,48.95489,2.27824
202000015169,14,7,2020,19,2,01,01284,1,3,1,6,Route du Bois Sec,46.396681,4.908421
202000015170,14,7,2020,15,1,66,66181,1,1,2,6,Le Cloup,42.4389248,1.9999251
202000015171,25,2,2020,7,3,92,92078,1,1,2,5,AUTOROUTE A86,48.927615,2.333047
202000015172,15,7,2020,15,1,60,60299,1,2,1,3,D34,49.6339889,2.2172226
202000015173,24,2,2020,20,3,95,95306,1,1,1,2,AUTOROUTE A15,48.99609,2.18141
202000015174,14,7,2020,11,1,45,45200,1,1,1,7,Route de Vannes,47.719258,2.071293
202000015175,24,2,2020,19,3,93,93001,1,1,1,3,AUTOROUTE A86,48.92088,2.37174
202000015176,14,7,2020,20,1,73,73312,2,2,1,3,Route des Collets,45.653022,6.315368
202000015177,24,2,2020,15,1,92,92078,1,1,1,2,AUTOROUTE A86,48.92937,2.32818
202000015178,15,7,2020,10,1,16,16028,1,2,1,3,Lieu dit Les Ponchettes,45.505565,-0.18386
202000015179,4,7,2020,23,3,40,40006,1,1,1,6,D14,43.996338,-0.796562
202000015180,23,2,2020,15,1,93,93005,1,1,1,2,AUTOROUTE A1,48.96117,2.46897
202000015181,15,7,2020,11,1,04,04136,2,8,1,3,Chemin du moulin,43.977252,6.523561
202000015182,25,1,2020,2,3,93,93006,1,1,5,6,AUTOROUTE A3,48.86956,2.43004
202000015183,15,7,2020,9,1,85,85008,1,1,1,3,D 12,46.566053,-1.470505
202000015184,3,3,2020,8,1,77,77337,1,1,1,2,A4,48.830099,2.6149258
202000015185,14,7,2020,19,1,27,27453,1,1,1,6,D1,49.389678,1.375308
202000015186,2,3,2020,18,3,94,94046,1,1,2,3,A86 EXT,48.8157721,2.4502973
202000015187,28,6,2020,0,3,28,28325,1,1,1,5,D24,48.462155,1.378232
202000015188,14,7,2020,16,1,23,23112,1,1,1,6,D6,46.396215,1.860573
202000015189,1,3,2020,15,1,94,94017,1,1,3,3,A4,48.8303,2.4957
202000015190,1,3,2020,14,1,94,94052,1,1,2,6,A86.EXT,48.8344155,2.4934304
202000015191,14,7,2020,17,1,37,37280,1,1,1,6,D98,47.0957686,0.8375296
202000015192,29,2,2020,17,1,77,77249,1,1,1,2,RN104,48.7412839,2.6122437
202000015193,13,7,2020,10,1,30,30227,2,1,1,6,Route d'Uzès,44.256899,4.205393
202000015194,19,2,2020,9,1,94,94069,1,1,1,-1,A4,48.8173704,2.428614
202000015195,13,7,2020,18,1,13,13069,1,9,1,3,D17,43.633882,5.136886
202000015196,28,2,2020,13,1,94,94017,1,1,1,2,A4,48.827983,2.504834
202000015197,8,6,2020,18,1,34,34333,1,9,1,5,35 Route de Montpellier,43.480352,3.772843
202000015198,27,2,2020,12,1,94,94017,1,1,2,2,A4,48.8266487,2.5137924
202000015199,15,7,2020,6,1,42,42243,1,1,1,6,A89,45.862774,4.008138
202000015200,27,2,2020,7,1,94,94015,1,1,3,2,A4,48.8299,2.5287
202000015201,15,7,2020,11,1,53,53209,1,2,1,3,D120/D252,48.043345,-1.002953
202000015202,26,2,2020,19,3,94,94028,1,1,2,2,A86 EXT,48.7852,2.4414
202000015203,26,2,2020,17,2,94,94022,1,1,2,2,A86 EXT,48.7762,2.4235
202000015204,26,2,2020,7,1,94,94028,1,1,2,3,A86 INT,48.7761847,2.4287532
202000015205,25,2,2020,18,1,77,77249,1,1,1,2,RN104,48.7429635,2.612283
202000015206,25,2,2020,10,1,94,94073,1,1,1,-1,A86 EXT,48.7621005,2.3816767
202000015207,25,2,2020,9,1,75,75112,1,1,8,2,A4,48.825429,2.464032
202000015208,25,2,2020,9,1,94,94017,1,1,1,-1,A4,48.8273238,2.5090637
202000015209,23,2,2020,7,1,974,97411,2,1,1,1,MACE (ROUTE GABRIEL),-20.9064,55.50416
202000015210,24,2,2020,7,1,973,97302,1,6,1,3,ROUTE NATIONALE 1,4.9266931,-52.3289108
202000015211,12,9,2020,17,1,78,78486,2,3,1,2,PERCHE AUX MARES (RUE DE LA),48.68989,1.8591
202000015212,12,9,2020,14,1,78,78440,2,6,1,2,PAUL RAOULT (AVENUE),48.990842,1.913627
202000015213,12,9,2020,0,5,78,78624,2,1,1,6,DOUMER RUE PAUL,48.99131,1.99042
202000015214,12,9,2020,11,1,74,74305,2,1,1,4,THONON (ROUTE DE),46.20191,6.27929
202000015215,12,9,2020,2,5,74,74118,2,1,1,3,DEPORTES (ROUTE DES ),46.18234,6.23025
202000015216,12,9,2020,13,1,71,71270,2,1,1,3,Carrefour 1ère Armée-Route de Lyon,46.2948409,4.8199119
202000015217,11,9,2020,17,1,71,71153,2,2,7,1,JAURES (RUE JEAN),46.8060819,4.4171458
202000015218,12,9,2020,8,1,69,69266,2,2,1,3,ROGER SALENGRO     (Avenue),45.7765311,4.8739975
202000015219,12,9,2020,1,5,69,69266,2,2,1,1,ROGER SALENGRO     (Avenue),45.77652,4.87401
202000015220,12,9,2020,18,1,60,60159,2,1,1,6,,49.4178,2.82605
202000015221,12,9,2020,21,5,57,57463,2,2,1,3,ABATTOIR (RUE DE L'),49.1272,6.18865
202000015222,11,9,2020,17,1,56,56121,2,1,1,-1,CARNEL (RUE  DE ),47.74002,-3.36878
202000015223,12,9,2020,12,1,54,54357,2,1,1,3,REPUBLIQUE (RUE DE LA),48.7129568,6.1597493
202000015224,12,9,2020,4,5,54,54395,2,3,1,6,ALBERT 1ER  (BD),48.69919,6.16593
202000015225,12,9,2020,11,1,45,45004,2,1,1,6,Route de Viroy,47.990431,2.766039
202000015226,11,9,2020,21,2,44,44055,2,3,1,3,FORET ( BOULEVARD DE LA ),47.28006,-2.3555347
202000015227,12,9,2020,5,5,43,43157,2,1,1,7,98 bis Boulevard Bertrand de Doue,45.04831,3.8984
202000015228,12,9,2020,2,5,42,42332,2,1,1,6,Rue du Docteur Barnard,46.0201,4.04401
202000015229,11,9,2020,13,1,38,38185,2,9,1,-1,Avenue Jules Vallès,45.1764,5.75247
202000015230,12,9,2020,21,5,34,34172,2,2,1,3,TOULOUSE (AVENUE DE,43.59731,3.86421
202000015231,12,9,2020,18,1,33,33039,2,1,1,6,BD ALBERT 1ER,44.81322,-0.56395
202000015232,12,9,2020,12,1,33,33281,2,1,1,2,AVE DE MAGUDAS,44.8581,-0.66503
202000015233,11,9,2020,10,1,33,33281,2,6,1,3,AVE MARCEL DASSAULT,44.84666,-0.6775
202000015234,12,9,2020,9,1,31,31483,2,1,1,2,BOULOGNE (AVENUE DE),43.11109,0.72279
202000015235,12,9,2020,10,1,27,27681,2,9,1,3,CAPUCINS (AVENUE DES),49.09133,1.4696
202000015236,10,9,2020,4,3,22,22187,1,1,1,6,RN12,48.53068,-2.75583
202000015237,12,9,2020,16,1,15,15014,2,6,1,3,VIALENC (CARREFOUR DU),44.92232,2.42783
202000015238,11,9,2020,21,5,13,13204,2,2,1,3,BLANCARDE (BOULEVARD),43.30293,5.400789
202000015239,13,9,2020,0,5,13,13208,2,1,1,2,POMPIDOU (PROMENADE),43.26476,5.37344
202000015240,12,9,2020,20,5,13,13214,2,3,1,3,ST JOSEPH A STE MARTHE (chemin),43.34362,5.38536
202000015241,12,9,2020,18,1,13,13205,2,3,1,3,BROCHIER (RUE),43.290989,5.39214
202000015242,10,9,2020,8,1,13,13002,2,9,2,2,VALLON VERT (AVENUE DU ),43.3384,5.4607
202000015243,12,9,2020,10,1,11,11069,1,1,1,6,CHEMIN D'HERMINIS - GREZES -,43.21876,2.28666
202000015244,12,9,2020,10,1,10,10387,2,1,1,6,GEORGES POMPIDOU (RUE),48.28734,4.08074
202000015245,12,9,2020,21,5,06,06088,2,1,1,3,ANGLAIS (DU N° 1 AU N° 43),43.6949,7.2631
202000015246,12,9,2020,16,1,06,06088,2,1,1,2,SEMERIA (AV. DENIS),43.715278,7.2878255
202000015247,12,9,2020,20,5,06,06083,2,1,1,3,"SOSPEL (AVENUE DE, N° 1 A 55)",43.775913,7.494649
202000015248,12,9,2020,10,1,06,06069,1,1,1,7,CABRIS (ROUTE DE),43.668503,6.899808
202000015249,12,9,2020,7,1,06,06123,2,4,1,3,BORD DE MER RN 98,43.65693,7.181
202000015250,12,9,2020,2,5,03,03185,2,2,1,3,Pont Saint-Pierre,46.3428993,2.6005855
202000015251,11,9,2020,21,5,75,75112,2,4,1,6,PORTE DE CHARENTON,48.829899,2.40174
202000015252,12,9,2020,1,5,75,75118,2,5,1,-1,RUE CAULAINCOURT,48.884655,2.329646
202000015253,12,9,2020,21,3,75,75116,2,4,1,6,VOIE GEORGES POMPIDOU,48.855824,2.285477
202000015254,12,9,2020,11,1,75,75116,2,3,1,2,CARREFOUR DES TRIBUNES,48.862003,2.230279
202000015255,12,9,2020,6,4,75,75116,2,1,1,6,ALLEE DE LA REINE MARGUERITE,48.855328,2.242712
202000015256,11,9,2020,23,5,75,75117,2,4,1,3,AVENUE MAC MAHON,48.877915,2.294339
202000015257,12,9,2020,8,1,75,75115,2,3,1,3,BOULEVARD LEFEBVRE,48.831183,2.291847
202000015258,12,9,2020,21,5,75,75112,2,5,1,6,BOULEVARD DIDEROT,48.845903,2.374347
202000015259,12,9,2020,14,1,75,75112,2,1,1,4,AVENUE DAUMESNIL,48.836127,2.405056
202000015260,12,9,2020,11,1,75,75112,2,1,1,2,QUAI DE BERCY,48.828248,2.388732
202000015261,12,9,2020,4,5,75,75111,2,2,1,3,BOULEVARD RICHARD LENOIR,48.855511,2.369899
202000015262,12,9,2020,22,5,75,75110,2,5,1,7,BOULEVARD DE STRASBOURG,48.874561,2.357186
202000015263,12,9,2020,12,1,75,75109,2,2,1,1,BOULEVARD HAUSSMANN,48.873181,2.331082
202000015264,12,9,2020,15,1,75,75108,2,1,1,6,COURS ALBERT 1ER,48.864889,2.307152
202000015265,12,9,2020,2,5,75,75108,2,7,1,3,PLACE CLEMENCEAU,48.867712,2.313945
202000015266,11,9,2020,5,5,75,75103,2,7,1,6,PLACE DE LA REPUBLIQUE,48.866602,2.364661
202000015267,11,9,2020,1,5,75,75101,2,3,1,6,BOULEVARD DE SEBASTOPOL,48.861223,2.349733
202000015268,12,9,2020,20,5,94,94081,2,1,1,6,FREDERIC JOLIOT CURIE (R),48.78998,2.39273
202000015269,12,9,2020,15,1,94,94081,2,1,1,6,COMMUNE DE PARIS (AV DE LA),48.78908,2.38828
202000015270,12,9,2020,11,1,94,94068,2,1,1,2,MAURICE BERTEAUX (BD),48.81022,2.47056
202000015271,11,9,2020,23,5,94,94081,2,3,1,3,REPUBLIQUE (AV DE LA),48.8024,2.3974
202000015272,11,9,2020,22,5,94,94041,2,2,1,1,JEAN COMPAGNON (QU),48.818951,2.399226
202000015273,12,9,2020,17,1,94,94073,2,3,1,3,PRESIDENT ROOSEVELT (AV DU),48.7653,2.39498
202000015274,12,9,2020,1,5,94,94074,2,3,1,3,HENRI BARBUSSE (AV),48.7646543,2.4419059
202000015275,12,9,2020,17,1,93,93077,2,1,1,6,DE GAULLE (BOULEVARD DU GENERAL),48.8869665,2.5145012
202000015276,12,9,2020,2,5,93,93048,2,1,1,6,PRESIDENT WILSON (AVENUE DU),48.857319,2.4406376
202000015277,12,9,2020,16,1,93,93047,2,1,1,3,HENRI BARBUSSE  (RUE),48.9005621,2.567971
202000015278,12,9,2020,6,2,92,92050,2,1,1,2,CLEMENCEAU GEORGES AVENUE N° PAIR,48.8854871,2.2222719
202000015279,12,9,2020,12,1,92,92040,2,3,1,3,GOUVERNEUR GAL EBOUE DU 02 AU 64,48.827097,2.2722374
202000015280,11,9,2020,17,1,92,92035,2,1,1,3,République ( boulevard de la ),48.9072189,2.2418708
202000015281,12,9,2020,18,1,92,92023,2,2,7,3,PORTE DE TRIVAUX (RUE DE) N°57 A 197 ET,48.7848136,2.2379963
202000015282,13,9,2020,3,3,95,95042,1,1,1,4,RN 184,49.0634672,2.3299383
202000015283,13,9,2020,18,1,95,95058,1,1,1,7,chemin de crouy,49.178963,2.308915
202000015284,11,9,2020,17,1,95,95436,1,1,1,1,D922,49.133627,2.265673
202000015285,13,9,2020,3,5,49,49127,2,3,1,6,14 Rue du Maréchal Leclerc,47.670615,-0.243309
202000015286,13,9,2020,17,1,76,76677,2,9,1,6,46 Route de Dieppe,49.838915,1.48266
202000015287,13,9,2020,17,1,31,31184,1,1,1,1,Chemin de Lancefoc,43.608208,1.5401
202000015288,13,9,2020,8,1,10,10417,1,9,1,3,D374,48.208388,3.754513
202000015289,13,9,2020,3,3,972,97211,1,1,1,7,D10,14.87275,-61.174348
202000015290,12,9,2020,15,1,972,97210,2,1,1,3,N6,14.604453,-60.932246
202000015291,17,8,2020,12,1,83,83085,2,1,1,3,Route du Muy,43.488198,6.535621
202000015292,11,9,2020,17,1,35,35029,1,1,1,1,La Guihomerais,48.473135,-1.723394
202000015293,9,9,2020,14,1,01,01399,2,1,1,-1,733 Route Blanche,46.296069,6.075794
202000015294,13,9,2020,5,3,21,21073,1,1,1,5,A6,47.4387885,4.3014667
202000015295,13,9,2020,4,3,22,22193,1,1,1,7,N12,48.4204358,-2.4474295
202000015296,13,9,2020,4,3,74,74112,1,1,1,7,D3508,45.935035,6.101618
202000015297,12,9,2020,17,1,58,58033,1,1,1,6,D2,47.509085,3.055916
202000015298,13,9,2020,14,1,01,01357,1,1,1,6,D1084,46.175537,5.73364
202000015299,13,9,2020,16,1,21,21238,1,1,1,1,D977bis,47.277824,4.668841
202000015300,13,9,2020,16,1,57,57529,2,3,1,2,Rue Principale,49.441841,6.022451
202000015301,13,9,2020,11,1,57,57226,2,1,1,1,Rue de Verdun,49.35673,5.997456
202000015302,13,9,2020,14,1,74,74276,1,1,1,1,D902,46.122214,6.618876
202000015303,13,9,2020,9,1,74,74225,2,3,1,3,Boulevard Louis Dagand (Pont),45.866839,5.938824
202000015304,12,9,2020,20,3,77,77509,1,1,1,2,D201,48.478839,3.051796
202000015305,11,9,2020,16,1,76,76224,2,9,1,3,Route de Fongueusemare,49.651081,0.325052
202000015306,13,9,2020,15,1,82,82042,1,1,1,3,Pech de Bruyeres,44.206227,1.189098
202000015307,13,9,2020,14,1,63,63290,1,2,1,7,D50,45.8764066,2.9211482
202000015308,11,9,2020,22,3,80,80533,2,1,1,2,Mers-les-Bains,50.058451,1.408069
202000015309,17,8,2020,20,3,47,47185,1,1,1,7,D911 lieu dit Cadamas,44.4922193,0.9897748
202000015310,13,9,2020,4,3,47,47228,1,1,1,6,N21,44.323541,0.722222
202000015311,13,9,2020,0,3,22,22183,1,1,1,6,D792,48.205806,-2.57874
202000015312,11,9,2020,18,1,29,29061,1,2,1,3,D267 - Echangeur de Kervao,48.435177,-4.444469
202000015313,13,9,2020,6,2,38,38284,1,1,1,7,Route du Guidon,45.399934,5.22961
202000015314,13,9,2020,12,1,38,38463,1,3,1,3,Route de Varacieux,45.188729,5.344409
202000015315,12,9,2020,8,2,38,38070,2,6,1,3,Route de Grenoble,45.280262,5.930729
202000015316,12,9,2020,17,1,38,38397,1,9,1,1,Route de Lancey,45.23073,5.85375
202000015317,13,9,2020,20,4,38,38001,2,1,1,7,Rue Victor Hugo,45.539113,5.584898
202000015318,13,9,2020,9,1,84,84114,2,1,1,7,152 Traverse du Luberon,43.87903,5.216178
202000015319,11,9,2020,18,1,03,03214,2,1,1,7,Champ de la Croix,46.4236424,3.0332613
202000015320,13,9,2020,15,1,15,15205,1,1,1,3,D680,45.155623,2.539172
202000015321,12,9,2020,17,1,15,15003,1,1,1,7,D681,45.191565,2.319725
202000015322,13,9,2020,9,1,15,15120,2,1,7,6,Avenue de la Gare,45.221511,2.341283
202000015323,13,9,2020,10,1,70,70240,1,1,1,6,D64,47.878304,6.320872
202000015324,13,9,2020,17,1,72,72022,2,9,1,6,rue du cimetière,47.76783,-0.15905
202000015325,13,9,2020,11,1,09,09235,1,1,1,1,D117,43.03676,0.996532
202000015326,13,9,2020,1,5,09,09187,2,1,1,6,Avenue des Pyrenees,43.04045,1.079042
202000015327,12,9,2020,12,1,60,60315,1,2,1,3,D22,49.4740549,1.8988522
202000015328,13,9,2020,13,1,64,64218,1,1,1,1,D428,43.072995,-1.192102
202000015329,11,9,2020,19,3,73,73049,2,4,1,1,D72A,45.5624285,6.2983952
202000015330,11,9,2020,16,1,43,43211,1,1,1,7,D908,45.232107,4.142565
202000015331,12,9,2020,17,1,07,07276,1,1,1,6,D120,44.90943,4.465964
202000015332,12,9,2020,11,1,07,07308,2,3,7,3,Route des Lones,45.1829208,4.8070767
202000015333,12,9,2020,17,1,07,07288,1,1,1,3,D104,44.72268,4.526582
202000015334,13,9,2020,1,4,53,53056,1,6,1,7,Le Point du Jour,48.122516,-0.683663
202000015335,13,9,2020,5,3,85,85046,1,1,1,7,La Davière,46.62228,-1.29827
202000015336,12,9,2020,15,1,08,08034,2,8,1,6,Grande Rue,49.615138,5.034324
202000015337,12,9,2020,8,1,34,34333,1,3,1,3,66 Boulevard des Aresquiers,43.487116,3.799531
202000015338,12,9,2020,21,5,66,66174,2,1,1,5,avenue du Canigou,42.681708,2.742308
202000015339,17,8,2020,18,1,06,06123,1,1,1,2,Autoroute A8 PK 185 chaussée sud,43.666673,7.192027
202000015340,12,9,2020,14,1,976,97606,1,1,1,3,ccd5,-12.914661,45.159001
202000015341,13,9,2020,17,1,13,13104,2,1,1,6,D9,43.330364,5.099292
202000015342,12,9,2020,14,1,37,37225,2,1,1,1,22 Rue d'Amboise,47.3599071,0.9123254
202000015343,13,9,2020,8,1,77,77044,2,1,1,6,14 Rue de Saint Mery - D57,48.574966,2.856386
202000015344,13,9,2020,7,1,78,78320,1,1,1,1,D113,49.029418,1.552554
202000015345,13,9,2020,3,4,2B,2B034,1,1,1,7,D113,42.625473,9.000646
202000015346,13,9,2020,1,5,2B,2B134,2,1,1,6,Avenue Paul DOUMER,42.631938,8.945784
202000015347,12,9,2020,12,1,2A,2A247,1,1,1,7,Route de l'Ospedale,41.6667723,9.2084588
202000015348,12,9,2020,3,3,34,34297,1,1,1,6,D107,43.832429,3.924115
202000015349,13,9,2020,3,3,83,83023,1,1,1,6,D35,43.41774,6.01164
202000015350,12,9,2020,20,2,13,13066,2,1,1,6,Boulevard de la République,43.875279,4.902273
202000015351,12,9,2020,13,1,13,13062,1,1,1,3,2156 Route du Géant,43.4235,5.485079
202000015352,13,9,2020,7,2,89,89257,2,1,1,1,27 Rue Jules Guesde,47.9686459,3.5255773
202000015353,12,9,2020,9,1,68,68135,1,6,1,3,D105,47.572776,7.500594
202000015354,13,9,2020,16,1,55,55258,1,1,1,6,D958,48.7935864,5.6594479
202000015355,12,9,2020,21,3,54,54061,1,1,1,2,RN 4,48.564979,6.683979
202000015356,13,9,2020,7,2,64,64422,1,1,1,7,704 Route du Pont de Gouat,43.188016,-0.63806
202000015357,13,9,2020,0,3,64,64315,2,1,1,7,34 Route de Jurançon,43.300269,-0.425122
202000015358,5,8,2020,19,1,33,33100,1,1,1,6,Lieu Dit Touzignan,45.127892,-0.624526
202000015359,11,9,2020,17,1,85,85016,1,1,1,1,D42,46.675653,-1.619883
202000015360,13,9,2020,18,1,85,85119,1,1,1,6,L'ouvrardière,46.971731,-1.145518
202000015361,12,9,2020,23,5,35,35231,1,1,1,6,D737,47.89323,-1.686106
202000015362,13,9,2020,19,1,27,27114,2,2,1,6,Rue Alfred de Vigny,48.96223,1.427069
202000015363,13,9,2020,17,1,76,76522,2,3,1,3,20 Rue des Tilleuls,49.527023,0.397478
202000015364,13,9,2020,16,1,60,60313,2,3,7,1,Rue du 11 Novembre,49.355678,2.245175
202000015365,11,9,2020,6,4,13,13211,1,1,9,-1,A50-Sens Aubagne vers Marseille,43.2932,5.45562
202000015366,11,9,2020,21,3,13,13026,1,1,1,1,A55 SENS MARTIGUES-MARSEILLE,43.38693,5.14643
202000015367,8,9,2020,8,1,69,69382,1,1,1,2,M7   0.000 A 2.278,45.73966,4.82308
202000015368,12,9,2020,16,1,33,33535,1,1,1,5,ROUTE NATIONALE 230,44.83064,-0.50154
202000015369,12,9,2020,16,1,33,33249,1,1,1,6,ROUTE NATIONALE 230,44.88298,-0.5116
202000015370,12,9,2020,16,1,91,91086,1,1,1,3,RN 104,48.62504,2.36191
202000015371,12,9,2020,12,1,91,91179,1,1,1,2,AUTOROUTE A6,48.56225,2.48088
202000015372,12,9,2020,3,3,78,78423,1,1,1,4,A12 Y,48.79972,2.04514
202000015373,12,9,2020,22,5,93,93066,1,1,1,2,AUTOROUTE A1,48.91039,2.35825
202000015374,12,9,2020,19,1,93,93006,1,1,1,2,AUTOROUTE A3,48.8679,2.42758
202000015375,12,9,2020,11,1,95,95018,1,1,1,3, A15,48.95922,2.2733
202000015376,12,9,2020,0,3,93,93053,1,1,1,7,AUTOROUTE A103,48.88803,2.4746
202000015377,26,2,2020,11,1,75,75120,2,1,2,6,RUE DES PYRENEES,48.852205,2.406185
202000015378,26,2,2020,9,1,75,75111,2,4,1,3,RUE POPINCOURT,48.85857,2.376513
202000015379,26,2,2020,12,1,75,75108,2,3,2,3,AVENUE FRANKLIN D ROOSEVELT,48.86718,2.310042
202000015380,26,2,2020,12,1,75,75104,2,2,2,6,RUE BEAUBOURG,48.861217,2.353482
202000015381,11,9,2020,15,1,988,98818,2,2,1,3,AVENUE DU MARECHAL FOCH/AVENUE VICTOIRE HENRI LAFLEUR,-22.27436,166.44279
202000015382,11,9,2020,1,3,988,98818,2,1,1,1,ROUTE EXPRESS DU MONT DORE,-22.22863,166.48919
202000015383,11,9,2020,20,5,973,97302,1,1,1,5,ROUTE NATIONALE 3,4.9038178,-52.3168945
202000015384,10,9,2020,7,1,973,97302,2,1,1,3,CATAYEE (JUSTIN),4.936805,-52.3299837
202000015385,11,9,2020,23,5,69,69387,2,1,1,6,TONY GARNIER                        (AV),45.7312934,4.8239317
202000015386,11,9,2020,16,1,69,69383,2,1,1,7,MARECHAL DE SAXE                    (AV),45.755458,4.8466937
202000015387,11,9,2020,13,1,69,69259,2,1,1,6,JEAN JAURES                         (AV),45.7027542,4.8803238
202000015388,11,9,2020,9,1,69,69388,2,1,1,3,MARIUS BERLIET                      (R ),45.7375552,4.8681333
202000015389,10,9,2020,22,5,972,97213,1,1,1,6,ROUTE DEPARTEMENTALE 3,14.6548696,-60.9899139
202000015390,11,9,2020,14,1,972,97209,2,9,1,3,GEORGES GRATIANT (AVENUE),14.61246,-61.04084
202000015391,11,9,2020,15,1,69,69385,2,3,1,3,COMMANDANT CHARCOT (DU)             (R ),45.7548096,4.8071223
202000015392,11,9,2020,9,1,69,69034,2,1,1,6,PASTEUR                             (R ),45.7918715,4.8437033
202000015393,9,9,2020,22,3,971,97101,1,1,1,6,RN11,16.2754062,-61.5308237
202000015394,11,9,2020,8,1,2A,2A004,2,2,2,6,DEL PELLEGRINO RUE DOCTEUR FRANCOIS,41.928883,8.7374721
202000015395,9,9,2020,14,1,2A,2A004,2,3,1,3,PIETRI FRANCOIS RUE,41.9351377,8.748883
202000015396,11,9,2020,15,1,91,91432,2,4,1,6,GENERAL  LECLERC (RUE DU),48.7068,2.3275
202000015397,11,9,2020,13,1,87,87085,2,1,1,6,BRIAND (RUE ARISTIDE),45.85655,1.28412
202000015398,11,9,2020,7,2,87,87085,2,1,1,6,BASSES PALISSES (RUE DES),45.82311,1.25876
202000015399,12,8,2020,23,3,84,84007,1,1,1,1,DOCTEUR PONS (Route touristique),43.95884,4.82944
202000015400,10,9,2020,19,1,83,83123,2,1,1,-1,GARE (ROUTE),43.1193341,5.8122037
202000015401,10,6,2020,17,1,83,83069,1,1,1,-1,Route de la Madrague,43.0389701,6.11676
202000015402,11,9,2020,10,1,83,83069,2,1,1,2,ROTTWEIL (AVENUE DE ),43.1287,6.154
202000015403,11,9,2020,8,1,82,82121,2,6,1,3,GOUZE(boulevard h),44.0043764,1.3621013
202000015404,11,9,2020,21,5,77,77288,2,1,1,6,POMPIDOU  (AVENUE GEORGES),48.55233,2.6491
202000015405,14,6,2020,18,1,91,91174,2,1,1,2,PAPETERIE(RUE),48.59831,2.46489
202000015406,14,6,2020,17,1,83,83069,2,1,1,6,TOULON (VIEUX CHEMIN DE),43.123,6.098
202000015407,8,6,2020,16,1,83,83061,2,1,1,6,AVENUE MARÉCHAL DE LATTRE DE TASSIGNY,43.43149,6.75265
202000015408,14,6,2020,9,1,82,82033,1,1,1,6,MONTAUBAN D 958 (ROUTE DE),44.03155,1.15461
202000015409,13,6,2020,22,5,81,81060,1,1,1,1,Avenue Jean Jaures,44.050164,2.149356
202000015410,13,6,2020,10,1,76,76217,2,1,1,6,MORINIERE (RUE DE LA),49.92555,1.07556
202000015411,9,6,2020,12,1,73,73008,2,4,2,3,BLANC LEON BOULEVARD,45.699572,5.9039133
202000015412,14,6,2020,19,1,69,69256,2,2,1,3,DROITS DE L'HOMME (DES)             (R ),45.76367,4.93322
202000015413,15,6,2020,1,3,67,67180,1,9,2,6,D99,48.7955855,7.8694279
202000015414,14,6,2020,22,1,44,44109,2,1,1,2,RUE EUGENE DELACROIX,47.22293,-1.59041
202000015415,14,6,2020,6,5,44,44109,2,1,1,6,Place Emile Zola,47.21413,-1.585795
202000015416,14,6,2020,23,5,33,33550,2,1,1,6,RUE VICTOR SCHOELCHER,44.76039,-0.55774
202000015417,14,6,2020,13,1,25,25056,2,2,1,3,MICHEL  AVENUE LOUISE,47.23543,6.01578
202000015418,14,6,2020,11,1,17,17300,2,3,1,3,JOFFRE   BOULEVARD (27-77 et 2-1),46.1534,-1.14598
202000015419,14,6,2020,18,1,13,13215,2,1,1,2,SAINT ANTOINE A SAINT JOSEPH (CHEMIN DE),43.3623664,5.361882
202000015420,14,6,2020,14,1,13,13210,2,1,1,6,GILLY (BOULEVARD),43.282965,5.396422
202000015421,14,6,2020,22,3,13,13028,2,1,1,3,GASSION (AVENUE FERNAND ),43.17,5.6
202000015422,14,6,2020,17,1,06,06088,2,1,1,3,SEMARD (BD PIERRE),43.71917,7.291663