Num_Acc,jour,mois,an,hr,condition_eclairage,departement,commune,condition_agglomeration,intersection,condition_atmosphere,type_collision,adresse,lattitude,longitude
202000015423,13,6,2020,20,1,06,06069,2,1,1,1,SEMARD (AVENUE PIERRE),43.6561,6.92901
202000015424,13,6,2020,5,5,06,06029,2,1,8,1,LERINS (RUE DE),43.543,7.03842
202000015425,13,6,2020,17,1,03,03185,2,1,1,3,Avenue Jean Nègre,46.3485812,2.5829981
202000015426,14,6,2020,20,1,75,75120,2,1,1,4,ECHANGEUR BAGNOLET,48.865859,2.412512
202000015427,13,6,2020,2,5,75,75116,2,1,1,-1,BOULEVARD PERIPHERIQUE,48.856624,2.257509
202000015428,12,6,2020,19,1,75,75112,2,4,1,5,BOULEVARD PERIPHERIQUE EXTERIEUR SUD,48.829905,2.401754
202000015429,14,6,2020,0,5,75,75119,2,3,1,3,AVENUE CORENTIN CARIOU,48.895138,2.38275
202000015430,14,6,2020,21,1,75,75118,2,2,1,3,AVENUE DE LA PORTE DE SAINT OUEN,48.89764,2.32899
202000015431,14,6,2020,15,1,75,75118,2,4,1,3,BOULEVARD ORNANO,48.895294,2.346584
202000015432,14,6,2020,19,1,75,75116,2,1,1,3,AVENUE VICTOR HUGO,48.871028,2.288551
202000015433,14,6,2020,19,1,75,75113,2,1,1,6,RUE DU CHATEAU DES RENTIERS,48.829209,2.364721
202000015434,14,6,2020,16,1,75,75108,2,1,1,6,AVENUE MONTAIGNE,48.865442,2.303243
202000015435,14,6,2020,0,3,75,75107,2,2,1,6,AVENUE DU MARECHAL GALLIENI,48.861055,2.313217
202000015436,14,6,2020,18,1,94,94052,2,9,1,1,STRASBOURG (BD DE),48.84645,2.49135
202000015437,14,6,2020,21,1,94,94044,2,9,1,2,VERDUN (AV DE),48.74925,2.48058
202000015438,14,6,2020,20,2,94,94077,2,1,1,4,HENRI GILBERT (AV),48.7312,2.425
202000015439,13,6,2020,12,1,93,93008,2,1,1,2,STALINGRAD (RUE DE) A10,48.9162088,2.4240116
202000015440,13,6,2020,19,1,92,92050,2,2,1,3,RENAN ERNEST RUE,48.8930953,2.1871832
202000015441,14,6,2020,17,1,92,92048,2,1,1,7,GARDES (ROUTE DES) N° 2 A 12,48.818772,2.240032
202000015442,14,6,2020,21,1,60,60646,2,2,1,3,Rue du 16 Aout 1944,49.47992,2.044852
202000015443,12,6,2020,17,1,47,47209,2,3,1,1,CD 656,44.225851,0.670499
202000015444,15,6,2020,10,1,11,11012,2,1,1,2,11 Route de Mirepeisset,43.302676,2.909612
202000015445,14,6,2020,20,3,12,12197,1,1,1,7,L'Hopital Bellegarde,44.0335452,2.5921422
202000015446,14,6,2020,18,1,67,67425,1,1,1,1,D716,48.769156,7.379637
202000015447,9,6,2020,16,1,67,67437,2,2,1,6,Rue du Maréchal Joffre,48.740758,7.3699113
202000015448,15,6,2020,14,1,83,83070,1,1,1,3,Avenue Paul Emile Duroux,43.151599,6.425079
202000015449,14,6,2020,18,1,62,62468,1,1,1,2,rd939,50.389998,2.196751
202000015450,13,6,2020,16,1,51,51070,1,1,1,4,Chemin de Vauchamps,48.8644461,3.6223675
202000015451,14,6,2020,9,1,56,56055,2,1,1,3,Boulevard Charles de Gaulle,47.655544,-3.20282
202000015452,14,6,2020,16,1,74,74085,1,4,1,6,Route de Saint-gervais,45.8371145,6.7286386
202000015453,14,6,2020,22,5,2B,2B050,1,1,1,3,T30,42.55199,8.774149
202000015454,15,6,2020,9,1,82,82134,2,6,1,2,giratoire RD 115 / RD35,44.072051,1.523467
202000015455,14,6,2020,16,1,65,65408,2,1,8,3,Rue des nestes,42.972207,0.376056
202000015456,25,3,2020,18,2,33,33437,1,1,7,6,rue pierre de coubertin,44.858774,-0.049374
202000015457,15,6,2020,18,1,63,63033,1,1,1,7,Route des Combets,45.9932861,3.3736591
202000015458,14,6,2020,16,1,25,25494,1,1,1,6,Rue Principale,46.7379,6.2758096
202000015459,13,6,2020,14,1,44,44015,2,1,1,2,60 Rue de Nantes,47.475158,-1.758097
202000015460,13,6,2020,20,1,03,03205,1,1,1,7,Moulin Vicaire,46.2288869,3.5752988
202000015461,15,6,2020,8,1,03,03036,2,3,1,3,Rue de la République,46.5850252,3.0579949
202000015462,14,6,2020,19,1,14,14760,1,1,1,7,Route du Buquet,49.102298,-0.646479
202000015463,15,6,2020,14,1,05,05017,1,1,1,7,"Chemin rural 23, champ reissas",44.565737,6.18732
202000015464,14,6,2020,16,1,43,43263,2,3,1,3,D500,44.837369,3.960292
202000015465,13,6,2020,16,1,10,10317,1,1,1,7,D70,48.009621,4.405587
202000015466,15,6,2020,9,1,36,36222,1,1,1,7,Jean Varennes,46.907287,1.930359
202000015467,3,5,2020,18,1,07,07260,1,3,1,3,intersection D2 / D322,44.693796,4.710624
202000015468,14,6,2020,17,1,21,21377,1,2,1,2,D119,47.337563,4.637266
202000015469,15,6,2020,7,1,30,30212,2,1,1,1,D6086,43.94606,4.570731
202000015470,15,6,2020,11,1,13,13051,1,9,1,3,D113,43.587694,5.123609
202000015471,15,6,2020,17,1,18,18167,1,1,1,6,A 20 ,47.126447,1.933508
202000015472,14,6,2020,17,1,74,74143,1,1,1,3,Les Houches,45.90141,6.780785
202000015473,14,6,2020,12,1,13,13025,1,9,1,6,A52,43.482531,5.562006
202000015474,15,6,2020,9,1,49,49331,1,1,1,7,Rue du General de Gaulle,47.72713,-0.8521204
202000015475,13,6,2020,18,1,06,06149,1,1,2,2,"A8, PK 202.100, chaussée NORD",43.733135,7.313032
202000015476,15,6,2020,9,1,69,69244,2,6,1,3,32 Avenue de la République,45.7640593,4.7816672
202000015477,15,6,2020,8,1,986,98613,1,1,1,3,RT5,-13.340503,-176.191632
202000015478,14,6,2020,20,5,971,97114,1,4,1,1,N1,16.147875,-61.583583
202000015479,15,6,2020,17,1,77,77415,2,1,1,4,D603,48.952163,3.012325
202000015480,12,6,2020,21,2,91,91200,2,9,2,7,Rue Jubé de la Perelle,48.528244,2.010911
202000015481,14,6,2020,18,1,78,78089,1,1,1,5,A13,49.020816,1.562076
202000015482,15,6,2020,7,1,34,34213,1,1,1,3,Route Departementale 613,43.47011,3.676305
202000015483,14,6,2020,10,1,34,34276,1,1,1,3,D1,43.774849,3.867601
202000015484,5,6,2020,18,1,84,84119,2,4,1,1,Route de Gadagne,43.95273,4.936514
202000015485,15,6,2020,5,2,83,83106,1,1,1,1,D43,43.301509,6.070236
202000015486,15,6,2020,18,1,05,05048,1,1,1,3,CD 994 Intersection des Pères,44.4180369,5.6293049
202000015487,14,6,2020,11,1,71,71062,1,1,1,3,D222,46.926762,4.251645
202000015488,14,6,2020,0,5,33,33243,2,1,1,6,Place Decazes,44.9215142,-0.241691
202000015489,14,6,2020,13,1,50,50611,1,1,1,1,chemin de gardier le vivier,49.664204,-1.752459
202000015490,15,6,2020,11,1,22,22272,1,5,2,1,5 Kerhors,48.565721,-3.108267
202000015491,14,6,2020,19,1,22,22162,2,1,1,6,Rue Salvador Allende,48.778047,-3.038277
202000015492,15,6,2020,6,1,27,27412,2,1,1,2,356 Rue de la Libération,49.2366437,1.0884856
202000015493,13,6,2020,23,3,76,76285,1,1,1,7,Route de Bourg Beaudouin,49.3984869,1.297583
202000015494,28,5,2020,16,1,62,62056,2,3,1,3,Rue Gustave Danquin,50.8221907,1.5939793
202000015495,14,6,2020,10,1,59,59129,1,2,1,3,3 Rue de Lobeau,50.496332,3.1910575
202000015496,13,6,2020,17,1,13,13001,1,1,2,3,A51-Sens Marseille vers Aix en Provence,43.4781,5.4084
202000015497,14,6,2020,13,1,13,13216,1,1,1,7,A55-Sens Martigues vers Marseille,43.3655707,5.3375523
202000015498,14,6,2020,9,1,13,13005,1,1,1,6,A52-Sens Toulon vers Pont de l'Etoile,43.2863635,5.5861721
202000015499,14,6,2020,3,4,33,33249,1,1,3,6,ROUTE NATIONALE 230,44.88431,-0.51126
202000015500,14,6,2020,20,1,91,91468,1,1,1,4,AUTOROUTE A6,48.5722,2.46831
202000015501,14,6,2020,20,1,92,92036,1,1,1,4,A86,48.9365076,2.2908362
202000015502,13,6,2020,18,1,92,92050,2,9,1,5,A86,48.90659,2.211277
202000015503,14,6,2020,17,1,93,93010,1,1,1,4,AUTOROUTE A3,48.89157,2.47301
202000015504,14,6,2020,17,1,93,93013,1,1,1,5,AUTOROUTE A1,48.94054,2.42407
202000015505,14,6,2020,8,1,94,94073,1,1,1,7,A86 EXT,48.76794,2.37868
202000015506,13,6,2020,18,1,75,75112,1,1,1,3,A4,48.82918,2.481252
202000015507,1,1,2020,10,1,45,45286,2,1,8,7,D951-PR  88 + 895,47.8861361,1.9279107
202000015508,13,6,2020,23,3,988,98818,2,1,1,-1,ROUTE EXPRESS DU MONT DORE,-22.22717,166.49075
202000015509,13,6,2020,18,5,988,98818,2,1,1,7,AVENUE KOENIG,-22.23588,166.47429
202000015510,13,6,2020,9,5,974,97416,1,3,1,3,Rue Hippolyte Piot,-21.297495,55.452177
202000015511,13,6,2020,15,1,974,97407,2,1,1,6,LENINE (AVENUE),-20.9478,55.29953
202000015512,13,6,2020,13,1,973,97302,2,1,1,6,DES IMMORTELLES (BLVD),4.9209053,-52.3019505
202000015513,13,6,2020,20,5,972,97209,1,1,1,1,REDOUTE (ROUTE DE LA),14.64028,-61.05328
202000015514,12,6,2020,12,1,91,91692,1,1,8,2,CD35,48.67532,2.1883
202000015515,13,6,2020,11,1,91,91223,2,1,1,2,SAINT MARTIN (RUE),48.4267,2.1391
202000015516,13,6,2020,14,1,78,78551,1,1,1,7,PAVILLON CHINOIS (ROUTE DU),48.96278,2.11426
202000015517,12,6,2020,9,1,74,74119,2,1,1,6,LEGER (QUAI PAUL) RD 1005,46.40144,6.59921
202000015518,13,6,2020,21,2,69,69029,2,1,8,6,LIONEL TERRAY                       (R ),45.72671,4.90493
202000015519,13,6,2020,15,1,69,69029,2,2,1,3,GENERAL DE GAULLE                   (AV),45.72739,4.92736
202000015520,13,6,2020,15,1,64,64260,2,1,1,3,EMPEREUR (BOULEVARD DE ),43.37115,-1.755404
202000015521,13,6,2020,17,1,64,64260,1,1,1,3,MAGNOLIAS (AVENUE DES),43.3713106,-1.7749035
202000015522,29,5,2020,12,1,62,62133,2,2,1,6,HUIT MAI 1945 (R DU),50.419872,2.911908
202000015523,10,6,2020,19,1,59,59566,2,1,1,2,"CALMETTE, RUE DU Dr",50.6212,2.9805
202000015524,13,6,2020,9,1,56,56260,2,1,1,6,LECLERC(RUE DU MARECHAL),47.65825,-2.75023
202000015525,13,6,2020,10,1,35,35238,2,2,3,6,24 Boulevard de la Liberté,48.10746,-1.67923
202000015526,12,6,2020,17,1,34,34003,2,1,1,3,HYPER U (PARKINGS),43.29768,3.47335
202000015527,13,6,2020,16,1,17,17300,2,2,2,6,JOFFRE   BOULEVARD (27-77 et 2-1),46.15796,-1.14229
202000015528,13,6,2020,1,5,13,13211,2,3,2,1,SAINT LOUP (BOULEVARD DE),43.283219,5.43755
202000015529,13,6,2020,16,1,10,10387,2,4,2,3,BAS TREVOIS (RUE DES),48.29345,4.0791
202000015530,13,6,2020,14,1,08,08105,2,3,1,3,ROUSSEAU J.J.,49.772,4.71067
202000015531,13,6,2020,17,1,06,06027,1,1,1,1,MAURE CHEMIN DE LA,43.683226,7.159882
202000015532,12,6,2020,18,1,04,04112,1,1,1,1,RD 5 - Montée de la mort d'Imbert,43.84361,5.77401
202000015533,12,6,2020,9,1,75,75120,2,1,2,7,PORTE DE MONTREUIL,48.852713,2.414464
202000015534,12,6,2020,23,5,75,75120,2,2,1,6,BOULEVARD DAVOUT,48.847181,2.411278
202000015535,13,6,2020,2,5,75,75119,2,1,1,2,RUE LOUISE THULIEZ,48.877559,2.394794
202000015536,13,6,2020,2,5,75,75119,2,1,1,6,BOULEVARD DE LA VILLETTE,48.87924,2.370433
202000015537,13,6,2020,11,1,75,75117,2,4,1,4,PORTE DE CLICHY,48.895431,2.307485
202000015538,13,6,2020,11,1,75,75116,2,1,1,2,BOULEVARD D AUTEUIL,48.845455,2.25351
202000015539,13,6,2020,16,1,75,75115,2,3,1,6,RUE FRANCOIS MOUTHON,48.839132,2.29145
202000015540,13,6,2020,15,1,75,75115,2,2,1,6,RUE BRANCION,48.834719,2.305188
202000015541,13,6,2020,12,1,75,75115,2,3,1,7,RUE DE LA CONVENTION,48.835948,2.300856
202000015542,13,6,2020,9,1,75,75114,2,1,8,3,BOULEVARD JOURDAN,48.822881,2.327432
202000015543,13,6,2020,18,1,75,75113,2,7,1,3,PLACE D ITALIE,48.830995,2.355821
202000015544,13,6,2020,17,1,75,75110,2,3,1,3,RUE DU FAUBOURG SAINT MARTIN,48.874885,2.358999
202000015545,13,6,2020,2,5,75,75110,2,1,1,2,RUE DE LANCRY,48.872177,2.36285
202000015546,13,6,2020,14,1,75,75108,2,2,1,2,BOULEVARD HAUSSMANN,48.875209,2.316337
202000015547,13,6,2020,0,5,75,75108,2,2,1,3,RUE LA BOETIE,48.87393,2.315883
202000015548,13,6,2020,1,5,75,75103,2,2,1,3,RUE REAUMUR,48.865955,2.353779
202000015549,13,6,2020,2,5,75,75101,2,2,1,7,QUAI DU LOUVRE,48.858503,2.342488
202000015550,13,6,2020,16,1,75,75101,2,1,1,6,VOIE GEORGES POMPIDOU,48.858811,2.340054
202000015551,13,6,2020,15,1,75,75104,2,7,1,6,AVENUE VICTORIA,48.856801,2.351094
202000015552,13,6,2020,11,1,94,94052,2,1,1,3,JOINVILLE (AV DE),48.8313522,2.4691608
202000015553,13,6,2020,19,1,94,94046,2,1,1,6,GEORGES CLEMENCEAU (AV),48.811,2.4436
202000015554,13,6,2020,12,1,94,94003,2,1,1,2,BERTHOLLET (R),48.804814,2.3282
202000015555,13,6,2020,20,1,93,93053,2,3,1,3,ROSNY (AVENUE DE) N° 2 A 54 BIS,48.8941266,2.4706716
202000015556,13,6,2020,15,1,93,93048,2,1,1,3,BD ARISTIDE BRIAND,48.86908,2.44839
202000015557,12,6,2020,0,5,93,93027,2,1,2,-1,VALMY (RUE DE),48.92285,2.38274
202000015558,13,6,2020,11,1,93,93014,2,9,1,3,JEAN MOULIN (AVENUE),48.9064,2.5574
202000015559,13,6,2020,21,1,93,93010,2,9,1,7,VERGER (RUE DU),48.9180326,2.4766365
202000015560,13,6,2020,2,5,93,93007,2,2,1,3,Rue Pierre Sémard,48.9295656,2.4799343
202000015561,13,6,2020,12,1,92,92062,2,1,1,2,BAS-ROGERS (RUE DES) N° 38 AU 96,48.8813792,2.226157
202000015562,13,6,2020,14,1,92,92050,2,1,8,2,CLEMENCEAU GEORGES AVENUE N°IMPAIR,48.8868398,2.203306
202000015563,13,6,2020,20,1,92,92024,2,4,1,3,VICTOR HUGO (BD),48.8972709,2.3105434
202000015564,13,6,2020,21,2,92,92012,2,1,1,2,PONT DE SEVRES (ROND POINT DU),48.8284741,2.2300637
202000015565,14,6,2020,16,1,11,11059,1,1,1,6,44 À Las Crozes,43.163996,2.115211
202000015566,14,6,2020,14,1,08,08329,1,1,8,7,Rue de la Marliere,49.592443,4.429754
202000015567,14,6,2020,4,2,38,38238,2,2,1,-1,La Détourbe,45.49518,5.04582
202000015568,14,6,2020,10,1,972,97210,1,1,1,5,Quartier Reunion,14.605174,-60.931678
202000015569,12,6,2020,19,3,972,97227,1,1,1,1,N5,14.477348,-60.962577
202000015570,12,6,2020,12,1,62,62536,2,3,2,3,Rue du Château de la Motte,50.4139449,2.4931252
202000015571,14,6,2020,3,5,95,95660,2,6,1,6,D909,49.073739,2.345372
202000015572,13,6,2020,20,2,91,91573,2,9,8,3,Rond-point du Fresne,48.615811,2.509056
202000015573,14,6,2020,14,1,59,59432,2,3,1,7,34 Grand Rue,50.147454,3.256193
202000015574,14,6,2020,2,3,59,59445,2,1,1,6,Rue des Horbes,50.0391961,4.117042
202000015575,14,6,2020,3,5,67,67281,1,1,2,7,D468,48.142739,7.543211
202000015576,12,6,2020,13,1,76,76063,1,1,1,7,D50,49.739819,1.04044
202000015577,13,6,2020,19,1,80,80415,2,2,1,1,D41,49.754842,2.60383
202000015578,14,6,2020,16,1,65,65418,2,2,1,3,2 Route de Mansan,43.35433,0.193377
202000015579,13,6,2020,21,3,33,33266,2,2,1,6,Lieu Dit Joyeux,45.061261,-0.334297
202000015580,14,6,2020,15,1,71,71488,1,1,1,6,RD41,46.4729736,4.5630838
202000015581,14,6,2020,15,1,89,89042,2,7,1,7,Place des Souillats,47.610461,4.1572929
202000015582,13,6,2020,3,3,49,49291,1,1,1,7,Lieu Dit les Maisons Rouges,47.161379,-0.111398
202000015583,14,6,2020,14,1,42,42138,1,3,1,3,Route de Bellegarde,45.646133,4.352796
202000015584,14,6,2020,16,1,47,47213,1,4,1,7,D118,44.296279,0.523739
202000015585,13,6,2020,13,1,41,41043,1,2,8,1,Rue de la Haie Jallet,47.27536,1.449873
202000015586,13,6,2020,18,1,39,39560,1,1,2,1,,46.374737,5.874831
202000015587,13,6,2020,19,1,35,35247,2,1,1,6,5 Rue de la Poultiere,48.594872,-1.61307
202000015588,14,6,2020,16,1,31,31111,1,1,1,2,D919,43.238997,1.370544
202000015589,14,6,2020,18,1,72,72011,1,1,1,3,Le petit molland,48.322317,-0.008445
202000015590,12,6,2020,11,1,43,43150,2,1,2,6,RN 88,45.093065,4.055371
202000015591,14,6,2020,12,1,07,07079,1,1,1,6,D533,44.999979,4.481993
202000015592,13,6,2020,14,1,21,21413,1,1,1,3,D954,47.503461,4.273928
202000015593,13,6,2020,19,1,17,17312,1,3,1,3,D146,45.319753,-0.633593
202000015594,14,6,2020,16,1,37,37055,1,2,1,3,D66,47.463954,0.2831521
202000015595,13,6,2020,22,3,01,01049,1,1,1,3,B432B PK 001.100,45.832178,5.02485
202000015596,13,6,2020,23,3,69,69086,1,1,8,6,A89,45.854092,4.651165
202000015597,15,8,2020,7,1,34,34199,1,1,1,1,D13,43.434255,3.41589
202000015598,15,8,2020,16,1,83,83133,1,1,1,7,Chemin de la Verrerie,43.5702258,6.8839691
202000015599,14,8,2020,21,3,13,13004,1,1,1,7,Rue d'Arles,43.542451,4.687815
202000015600,14,8,2020,22,3,52,52453,1,1,1,7,D266,47.852767,5.419843
202000015601,14,8,2020,15,1,54,54397,2,3,1,-1,Rue de Cumène,48.614406,6.117003
202000015602,15,8,2020,15,1,74,74239,1,1,1,1,D12,45.931155,6.40504
202000015603,15,8,2020,5,3,38,38225,1,1,1,6,Route de Grenoble,45.152022,5.554211
202000015604,15,8,2020,11,1,26,26235,1,3,1,3,145 Chemin de la Dalgonne,44.361062,4.686366
202000015605,14,8,2020,14,1,81,81099,1,1,1,3,zone commerciale de la crouzeterie,43.917789,1.938829
202000015606,7,8,2020,16,1,33,33407,1,1,1,6,Rue du Pastin,45.02163,-0.349998
202000015607,15,8,2020,0,3,35,35031,2,1,1,6,8 A Rue Jean Langlais,48.177047,-1.434896
202000015608,14,8,2020,18,1,13,13028,1,1,1,2,A50-Sens Toulon vers Aubagne,43.206965,5.58729
202000015609,9,8,2020,21,3,13,13211,2,1,1,5,A50-Sens Marseille vers Aubagne,43.289865,5.491202
202000015610,13,8,2020,10,1,83,83137,1,1,1,2,A57,43.12132,5.95331
202000015611,18,7,2020,17,1,69,69282,1,1,1,3,RD302   0.400 A 4.620,45.74862,4.99776
202000015612,6,8,2020,18,1,69,69266,1,1,1,4,RD383   1.893 A 2.321,45.78703,4.88789
202000015613,12,8,2020,16,1,69,69091,1,1,1,2,A47   1.809 A 5.620,45.58972,4.76755
202000015614,14,8,2020,20,2,33,33063,1,1,1,4,ROCADE A 630,44.88047,-0.53915
202000015615,14,8,2020,15,1,33,33167,1,1,1,2,ROUTE NATIONALE 230,44.84263,-0.50137
202000015616,14,8,2020,6,2,78,78206,1,1,1,2,A13,48.9461,1.94837
202000015617,11,8,2020,19,1,93,93053,1,1,1,6,AUTOROUTE A103,48.88807,2.47224
202000015618,14,8,2020,0,3,93,93066,1,1,2,6,AUTOROUTE A1,48.93354,2.3799
202000015619,14,8,2020,9,1,77,77373,1,1,1,3,RN104,48.7757,2.6126
202000015620,14,8,2020,7,1,988,98818,2,6,1,3,ANDREDE BECHADE/AVENUE BONAPARE,-22.24261,166.46102
202000015621,13,8,2020,17,1,69,69386,2,3,2,1,MARECHAL LYAUTEY (DU)               (PL),45.7693,4.8411
202000015622,13,8,2020,16,1,972,97213,1,1,1,2,AUTOROUTE A1,14.61497,-61.01309
202000015623,13,8,2020,11,1,69,69389,2,1,1,6,PLATEAU (DU)                        (AV),45.7826196,4.794015
202000015624,13,8,2020,10,1,69,69381,2,9,1,6,BAT D'ARGENT (DU)                   (R ),45.76617,4.83796
202000015625,13,8,2020,9,1,91,91549,1,1,1,6,JACQUES DUCLOS (AVENUE),48.6353,2.35361
202000015626,13,8,2020,17,1,91,91174,2,9,1,3,08 MAI 1945 (AVENUE),48.61082,2.45154
202000015627,13,8,2020,9,1,91,91114,2,1,8,6,DONJON (RUE DU),48.7,2.5045
202000015628,13,8,2020,16,1,91,91479,1,9,1,5,FONTAINEBLEAU (ROUTE DE),48.74348,2.36224
202000015629,13,8,2020,18,1,88,88383,1,1,1,1,D 23,48.00571,6.58014
202000015630,12,8,2020,8,1,87,87085,1,1,1,7,COUDERT (ECHANGEUR DU),45.83438,1.21541
202000015631,12,8,2020,7,1,87,87085,2,1,1,2,PETITES MAISONS (RUE DES),45.82765,1.2637
202000015632,13,8,2020,1,4,85,85194,2,6,2,3,RD 949,46.51724,-1.74778
202000015633,13,8,2020,21,5,83,83090,2,1,1,6, GARE (ROUTE DE LA),43.123258,5.822531
202000015634,31,7,2020,19,1,83,83129,2,6,1,6,CLAUDE POMPIDOU,43.09357,5.84489
202000015635,12,8,2020,21,4,77,77288,2,2,1,6,ALMONT (BOULEVARD DE L'),48.54832,2.67409
202000015636,13,8,2020,11,1,77,77186,2,2,1,2,MARECHAL  FOCH  (BOULEVARD DU),48.4153,2.70687
202000015637,13,8,2020,19,1,73,73065,2,1,3,6,CLEMENCEAU GEORGES (AVENUE),45.560275,5.905833
202000015638,12,8,2020,20,1,71,71270,2,1,1,3,LYON (ROUTE DE),46.2911578,4.8139238
202000015639,12,8,2020,12,1,71,71076,2,1,1,3,LEDRU ROLLIN (RUE),46.7855952,4.8366827
202000015640,13,8,2020,8,1,69,69029,2,1,1,6,LIONEL TERRAY                       (R ),45.7291861,4.8940337
202000015641,12,8,2020,10,1,69,69275,2,1,1,-1,MICHEL SERVET                       (R ),45.76023,4.96771
202000015642,13,8,2020,15,1,69,69091,2,9,3,2,PAIX (DE LA) ( R ),45.5861,4.75378
202000015643,12,8,2020,15,1,67,67267,2,9,2,3,PRESIDENT ROBERT SCHUMANN (AVENUE),48.56038,7.69296
202000015644,12,8,2020,6,3,65,65226,1,1,1,2,NATIONALE 117 (ROUTE),43.245117,-0.027882
202000015645,12,8,2020,6,2,62,62193,2,3,1,3,LAMARLE (QUAI G.),50.93996,1.87032
202000015646,11,8,2020,8,1,62,62276,1,3,1,3,boulevard de l ouest,50.521272,2.833405
202000015647,10,8,2020,22,2,62,62108,2,1,1,6,ROSE DES VENTS,50.40277,1.57967
202000015648,12,8,2020,16,1,62,62013,1,1,1,3,RD 919,50.25566,2.77214
202000015649,12,8,2020,8,1,61,61001,2,2,1,6,CLEMENCEAU (COURS),48.43116,0.08973
202000015650,12,8,2020,20,1,59,59650,2,2,1,3,VALLON (RUE),50.7043029,3.2258874
202000015651,12,8,2020,21,2,59,59456,2,3,1,3,ANTIBES (RUE D'),50.37601,3.22685
202000015652,12,8,2020,19,1,59,59456,1,1,1,6,RD 225 N,50.37928,3.2344
202000015653,12,8,2020,11,1,57,57630,2,1,7,1,PECHEURS,48.73147,7.03965
202000015654,13,8,2020,2,5,56,56121,2,1,1,6,KERVARIC (ROND POINT DE ),47.74816,-3.38833
202000015655,12,8,2020,17,1,56,56083,2,1,2,7,REPUBLIQUE ( AV. DE LA ),47.79985,-3.28889
202000015656,12,8,2020,15,1,56,56162,2,1,2,7,DOUET NEUF (RUE DU),47.70806,-3.43812
202000015657,13,8,2020,20,5,54,54395,2,1,1,3,ARC (RUE JEANNE D' N°53 A 189-60 A 175),48.6849259,6.1724442
202000015658,13,8,2020,19,1,54,54197,2,3,1,2,ERFURT (RUE),48.61971,6.20492
202000015659,12,8,2020,21,5,49,49007,2,1,1,3,Boulevard Robert d’Arbrissel,47.44494,-0.56611
202000015660,13,8,2020,10,1,45,45004,2,1,1,6,Boulevard Mendès France,47.976977,2.76462
202000015661,12,8,2020,13,1,38,38185,2,1,1,1,Avenue Marcelin Berthelot,45.17321,5.73185
202000015662,13,8,2020,16,1,37,37122,2,3,2,2,KLEBER (RUE),47.3568445,0.6676066
202000015663,13,8,2020,7,1,37,37261,2,3,1,3,DANIEL MAYER,47.4186469,0.6934147
202000015664,13,8,2020,11,1,35,35238,2,1,1,1,GUERIN (ALPHONSE),48.10918,-1.659
202000015665,13,8,2020,21,2,33,33063,2,2,1,3,RUE LEYTEIRE,44.830869,-0.569817
202000015666,11,8,2020,17,1,31,31149,2,1,1,1,ALLEE D'OCCITANIE,43.610535,1.333715
202000015667,11,8,2020,14,1,24,24053,1,1,1,1,BRIVE (ROUTE DE ),45.1465,0.79896
202000015668,10,8,2020,22,1,22,22360,2,1,1,2,FONTENELLE (RUE DE LA),48.49564,-2.73639
202000015669,13,8,2020,16,1,17,17306,2,1,2,4,JOLIOT CURIE (DOCTEUR) (AV),45.62341,-1.00294
202000015670,24,7,2020,18,1,13,13102,2,1,1,2,BARTHELEMY ABBADIE (BD ),43.416949,5.241827
202000015671,11,8,2020,9,1,13,13201,2,1,1,6,CHARLES NEDELEC (BOULEVARD),43.3021792,5.3765212
202000015672,12,8,2020,22,5,13,13005,2,1,1,1,REPUBLIQUE (RUE DE LA),43.291486,5.569223
202000015673,13,8,2020,15,1,06,06088,2,1,1,-1, 11 AVENUE DE LA BORNALA,43.6943248,7.2381583
202000015674,13,8,2020,8,1,75,75120,2,1,1,7,BOULEVARD PERIPHERIQUE,48.872526,2.412676
202000015675,12,8,2020,18,1,75,75106,2,2,1,3,BOULEVARD RASPAIL,48.842079,2.329544
202000015676,12,8,2020,16,1,75,75116,2,2,1,3,AVENUE DE NEUILLY,48.878441,2.279831
202000015677,12,8,2020,10,1,75,75116,2,1,1,6,AVENUE PAUL DOUMER,48.858706,2.275925
202000015678,13,8,2020,19,1,75,75115,2,7,2,3,AVENUE DE SUFFREN,48.851172,2.300921
202000015679,12,8,2020,22,5,94,94011,2,8,1,3,STAINS(ROUTE DE),48.782258,2.495073
202000015680,13,5,2020,17,1,94,94059,2,2,1,3,GENERAL LECLERC (AV DU),48.81047,2.56567
202000015681,13,8,2020,3,5,94,94079,2,1,1,7,DOCTEUR FILLIOUX (R DU),48.82419,2.55279
202000015682,12,8,2020,23,5,94,94017,2,1,1,1,ROGER SALENGRO (AV),48.818127,2.492825
202000015683,13,8,2020,17,1,93,93049,2,3,1,3,FAUVETTES (AVENUE) J-BACHELET->BEL AIR,48.86995,2.50553
202000015684,12,8,2020,23,5,93,93078,2,6,1,2,CLEMENCEAU (AVENUE GEORGES),48.96072,2.55625
202000015685,12,8,2020,23,5,93,93032,2,1,1,3,MICHEL JANIN   (RUE),48.879338,2.548812
202000015686,13,8,2020,11,1,93,93005,2,1,1,1,PAUL CEZANNE (RUE),48.9524028,2.4898735
202000015687,13,8,2020,8,1,93,93005,2,1,1,5,MARC CHAGALL (BOULEVARD),48.9521781,2.4941127
202000015688,13,8,2020,16,1,92,92022,2,1,1,6,SALENGRO (AVENUE ROGER),48.81525,2.19351
202000015689,12,8,2020,23,5,92,92026,2,1,1,6,CARNOT,48.89434,2.24611