Num_Acc,jour,mois,an,hr,condition_eclairage,departement,commune,condition_agglomeration,intersection,condition_atmosphere,type_collision,adresse,lattitude,longitude
202000015690,13,8,2020,10,1,92,92024,2,1,1,6,MARTRE (RUE) DE (59 A 109)   (58 A 120),48.9026,2.3066
202000015691,13,8,2020,10,1,92,92012,2,2,1,3,PIERRE GRENIER (AVENUE),48.832083,2.253067
202000015692,12,8,2020,10,1,92,92004,2,1,1,3,VOLTAIRE ( BD 16 A FIN ),48.91421,2.29479
202000015693,13,8,2020,16,1,37,37065,1,1,2,6,D757,47.032635,0.3588055
202000015694,12,8,2020,11,1,38,38336,1,4,1,1,D131,45.45748,4.84227
202000015695,13,8,2020,8,1,40,40296,1,1,1,2,D152,43.687426,-1.425562
202000015696,12,8,2020,16,1,31,31285,1,1,1,6,Route de Baougnac,43.647635,1.598116
202000015697,6,8,2020,2,3,71,71448,1,1,1,7,A6,46.3817672,4.8481302
202000015698,14,8,2020,17,1,63,63349,1,2,1,3,D19,45.945491,2.860023
202000015699,12,8,2020,12,1,62,62044,2,9,1,1,2 Rue du Marais,50.48436,1.7447105
202000015700,5,8,2020,23,5,59,59525,2,2,1,6,Rue Sadi Carnot,50.080284,4.019119
202000015701,13,8,2020,22,5,19,19274,1,1,2,6,76 Avenue du Riant Portail du Midi,45.1864867,1.5397913
202000015702,13,8,2020,18,1,56,56137,2,1,1,6,10 Rue Joachim Lamour,47.744215,-2.683861
202000015703,14,8,2020,10,1,74,74236,2,1,1,7,568 Route de Cupelin,45.888118,6.696855
202000015704,14,8,2020,15,1,77,77208,1,3,1,3,D18,48.4785773,3.3094158
202000015705,8,8,2020,16,1,2A,2A130,2,3,1,-1,route de capitello,41.895353,8.805888
202000015706,14,8,2020,10,1,82,82090,1,1,1,7,1513 Côte de Vialette,44.087213,1.363533
202000015707,14,8,2020,11,1,11,11103,1,1,1,7,D118,42.952469,2.253656
202000015708,14,8,2020,2,3,63,63040,1,1,1,6,D212,45.723963,3.290663
202000015709,14,8,2020,19,1,61,61043,1,2,1,2,D955,48.35344,0.719712
202000015710,10,8,2020,14,1,86,86113,1,2,1,5,RN 10,46.483353,0.272212
202000015711,14,8,2020,9,1,34,34175,1,1,1,2,D908,43.606251,3.354006
202000015712,13,8,2020,16,1,34,34293,1,3,1,1,D150,43.616738,2.709337
202000015713,13,8,2020,16,1,25,25400,1,1,1,2,D67,47.088676,6.185745
202000015714,14,8,2020,12,1,44,44083,1,2,1,3,1 Les Brosses,46.996706,-1.663084
202000015715,10,8,2020,12,1,35,35263,1,1,1,1,La basse Ville Enoux,48.692745,-1.895313
202000015716,3,8,2020,10,1,35,35162,2,1,1,6,1 Rue Lariboisière,48.481406,-1.124092
202000015717,13,8,2020,11,1,29,29074,2,1,1,1,1 Rue des Bruyères,48.487843,-3.997889
202000015718,8,8,2020,14,1,29,29015,1,1,1,7,D52,48.485951,-4.468946
202000015719,10,8,2020,17,1,38,38006,2,2,1,3,Rue du Pont d'Arcole,45.39795,6.07053
202000015720,14,8,2020,13,1,03,03021,1,1,1,5,,46.1301995,3.1640073
202000015721,13,8,2020,20,1,15,15044,1,1,1,7,D3,45.138946,2.826576
202000015722,13,8,2020,18,1,15,15162,1,1,1,7,Chemin Departemental 678,45.278742,2.622777
202000015723,8,8,2020,11,1,26,26063,2,1,1,3,1 Boulevard Clémenceau,44.275853,5.272123
202000015724,13,8,2020,15,1,58,58192,1,1,1,7,Domaine Tallet,46.784586,3.31623
202000015725,12,8,2020,19,1,66,66107,1,1,1,7,D117,42.795905,2.657146
202000015726,14,8,2020,5,3,66,66057,1,1,1,1,D116,42.571074,2.37692
202000015727,13,8,2020,20,2,14,14478,1,1,1,6,D519,49.0131558,0.4084146
202000015728,14,8,2020,18,1,60,60044,2,7,1,6,Place Gabriel Péri,49.2962307,2.3364347
202000015729,14,8,2020,10,1,10,10254,1,3,1,3,D76 INTERSECTION D 97,48.574733,3.50687
202000015730,27,7,2020,19,1,07,07260,1,1,1,-1,D2,44.708575,4.69717
202000015731,7,8,2020,17,1,24,24460,1,1,1,1,Le Moulin Neuf,45.250004,0.430167
202000015732,14,8,2020,13,1,04,04135,1,1,1,7,Rte de Moustiers,43.839998,6.198725
202000015733,13,8,2020,21,3,85,85202,1,2,2,1,rd 60 / rd 39,46.750286,-1.155281
202000015734,12,8,2020,18,1,27,27105,2,1,8,7,D313,49.317709,0.841248
202000015735,12,8,2020,17,1,49,49333,1,2,1,5,D766,47.570648,-0.347099
202000015736,9,8,2020,23,3,47,47097,1,1,1,2,A62,44.227027,0.354459
202000015737,14,8,2020,15,1,17,17348,1,1,1,1,D123,45.853052,-0.9826561
202000015738,14,8,2020,5,3,11,11262,1,1,1,2,A61,43.15138,2.98665
202000015739,8,8,2020,19,3,976,97616,2,1,1,1,D5,-12.844795,45.103383
202000015740,14,8,2020,18,3,974,97415,1,1,1,1,N1a,-21.030819,55.225412
202000015741,12,8,2020,8,1,971,97128,1,1,1,1,Dupré,16.226681,-61.391156
202000015742,7,7,2020,9,1,978,97801,1,1,1,3,RN7 - Bellevue,18.052683,-63.085899
202000015743,5,8,2020,17,1,03,03242,1,1,1,4,1 Rue de Berjoux,46.3603622,3.3712649
202000015744,13,8,2020,13,1,03,03286,1,3,1,3,D12,46.5358825,3.3996462
202000015745,29,7,2020,17,1,38,38455,2,3,1,3,D143,45.621546,5.352069
202000015746,14,8,2020,12,1,01,01301,2,1,1,3,133 Route de Mézériat,46.248226,5.124237
202000015747,13,8,2020,16,1,81,81219,1,1,8,7,Route Départementale 92,43.600719,2.076244
202000015748,13,8,2020,21,2,64,64430,2,1,8,6,Route de Dax,43.5048087,-0.7759681
202000015749,14,8,2020,18,1,85,85138,1,1,1,6,"Route de AIZENAY, lieu-dit LE LUTRON",46.6899,-1.6642
202000015750,13,8,2020,16,1,22,22162,1,2,1,3,44 Chemin de Leskernec,48.764053,-3.075855
202000015751,14,8,2020,14,1,22,22136,1,1,7,6,D768,48.203704,-2.75244
202000015752,24,7,2020,13,1,27,27070,2,2,1,2,9 Rue Georges Lemée,49.281832,1.49972
202000015753,13,8,2020,22,4,76,76626,2,4,1,6,Rue de l'Eglise,49.555222,0.625164
202000015754,14,8,2020,8,1,59,59535,2,4,5,1,Route du Parc,50.780109,2.737956
202000015755,12,8,2020,8,1,59,59350,1,1,1,5,ROUTE NATIONALE 356,50.6155,3.0841
202000015756,10,8,2020,17,1,59,59143,1,1,1,2,AUTOROUTE A25,50.67378,2.865258
202000015757,7,8,2020,22,3,59,59662,1,1,1,2,AUTOROUTE A25,50.852625,2.552791
202000015758,13,8,2020,7,1,78,78029,1,1,1,6,A13W,48.968021,1.857998
202000015759,13,8,2020,17,1,93,93066,1,1,1,2,AUTOROUTE A1,48.90764,2.3585
202000015760,7,8,2020,15,1,93,93007,1,1,1,6,AUTOROUTE A1,48.94687,2.44275
202000015761,12,8,2020,20,2,93,93027,1,1,1,6,A16,48.92818,2.40303
202000015762,13,8,2020,6,2,92,92078,1,1,2,6,AUTOROUTE A86,48.92918,2.32969
202000015763,13,8,2020,2,3,93,93005,1,1,1,2,AUTOROUTE A3,48.94644,2.47622
202000015764,13,8,2020,13,1,94,94073,1,1,1,4,A86 EXT,48.755549,2.383204
202000015765,12,8,2020,9,1,973,97302,2,1,1,1,BADUEL (ROUTE DE),4.9289378,-52.3002434
202000015766,11,8,2020,12,1,973,97302,2,9,1,7,CATAYEE (JUSTIN),4.940482,-52.3308849
202000015767,12,8,2020,14,1,972,97209,2,1,1,1,MARNE (BOULEVARD DE LA),14.6041,-61.08032
202000015768,12,8,2020,23,5,69,69382,2,9,1,6,PERRACHE                            (QU),45.73261,4.81728
202000015769,11,8,2020,8,1,69,69385,2,1,1,2,CHOULANS (DE)                       (CH),45.7533067,4.8169969
202000015770,11,8,2020,21,4,971,97113,1,1,1,1,RN4 - SECTION RIVIERA,16.217621,-61.4956498
202000015771,11,8,2020,20,5,971,97101,2,1,2,6,LACROIX,16.2354,-61.528443
202000015772,12,8,2020,21,2,2A,2A004,2,9,1,1,NICOLI JEAN COURS,41.9322606,8.7405814
202000015773,11,8,2020,12,1,95,95428,2,6,1,3,CHARLES DE GAULLE  AVENUE,48.985858,2.328499
202000015774,12,8,2020,19,1,83,83137,2,1,1,2,CLOVIS (AVE HUGUES),43.13759,5.90587
202000015775,12,8,2020,4,5,82,82121,2,1,1,6,ALIBERT ( RUE DU DOCTEUR),44.021935,1.350334
202000015776,12,8,2020,15,1,77,77373,2,3,1,6,MARGUERITES (AVENUE DES),48.795104,2.607493
202000015777,11,8,2020,11,1,77,77186,1,1,1,2,D606 de l'obélisque à limite MORET,48.378345,2.780429
202000015778,11,8,2020,9,1,71,71306,2,2,1,3,SAINT BERAIN (RUE DE),46.6908021,4.3446518
202000015779,10,8,2020,21,4,67,67043,2,1,1,2,TROIS MAIRES (RUE DES),48.628361,7.7776444
202000015780,10,8,2020,17,1,67,67482,2,2,1,3,BALDNER (RUE),48.56844,7.75988
202000015781,12,8,2020,18,1,67,67462,2,1,1,3,PRESIDENT POINCARE (RUE DU),48.25714,7.45452
202000015782,12,8,2020,16,1,64,64445,2,6,1,3,CAZAUBON NORBERT,43.30408,-0.36696
202000015783,12,8,2020,12,1,64,64024,2,1,1,3,ADOUR (AVENUE DE L'),43.50312,-1.49461
202000015784,11,8,2020,22,5,64,64102,2,1,1,7,ALLEES MARINES (AVENUE DES),43.49729,-1.48406
202000015785,11,8,2020,8,1,60,60175,1,1,1,5,RD 201_SORTIE 201_ACCES BD S.ALLENDE,49.2456,2.4693
202000015786,11,10,2020,0,3,45,45265,1,1,2,7,"Autoroute A6, PK 097+075",48.131124,2.951846
202000015787,11,10,2020,14,1,974,97424,1,1,1,5,36 Route Nationale 5,-21.147643,55.46635
202000015788,9,10,2020,19,2,95,95409,1,9,1,1,D11,49.043181,2.338774
202000015789,11,10,2020,8,1,83,83047,2,6,7,6,Avenue du 8 Mai 1945,43.15372,6.070762
202000015790,10,10,2020,12,1,57,57433,2,9,1,3,CENTRE COMMERCIAL LECLERC - RD52,49.215439,6.171613
202000015791,16,8,2020,16,1,27,27348,2,3,1,7,Rue de l'Andelle,49.318936,1.158256
202000015792,10,10,2020,15,1,76,76069,2,1,1,3,8 Rue Pasteur,49.389244,1.143602
202000015793,11,10,2020,12,1,80,80386,1,2,1,3,D935,49.684596,2.5596
202000015794,10,10,2020,15,1,13,13211,1,1,1,2,A50-Sens Aubagne vers Marseille,43.2946281,5.4665187
202000015795,9,10,2020,17,1,13,13215,1,1,1,3,A7-Sens Marseille vers Lyon,43.34507,5.37437
202000015796,10,10,2020,15,1,13,13106,2,1,1,4,A51-Sens Marseille vers Aix en Provence,43.394519,5.351382
202000015797,10,10,2020,17,1,69,69005,1,1,1,3,A6  ,45.92809,4.727097
202000015798,16,9,2020,15,1,69,69029,1,1,1,2,RD383   7.640 A 11.044,45.74151,4.90541
202000015799,10,10,2020,22,3,33,33080,1,1,1,2,AUTOROUTE A 62,44.75495,-0.54396
202000015800,10,10,2020,8,2,33,33162,1,1,2,2,ROCADE A 630,44.87136,-0.64187
202000015801,10,10,2020,20,5,94,94034,1,1,1,7,AUTOROUTE A86,48.76012,2.32073
202000015802,10,10,2020,13,1,91,91161,1,1,1,3,AUTOROUTE A6,48.71232,2.30791
202000015803,10,10,2020,13,1,78,78402,1,1,1,4,A13,48.964294,1.770809
202000015804,9,10,2020,20,3,92,92036,1,1,1,2,A86,48.934726,2.2679526
202000015805,10,10,2020,0,4,93,93005,1,1,1,2,AUTOROUTE A104,48.9729967,2.4928136
202000015806,9,10,2020,18,1,93,93010,1,1,1,4,AUTOROUTE A3,48.9028507,2.4710421
202000015807,9,10,2020,10,1,93,93006,1,1,1,3,AUTOROUTE A3,48.8696603,2.4297244
202000015808,9,10,2020,12,1,93,93027,1,1,2,6,AUTOROUTE A86,48.9282671,2.4120434
202000015809,10,10,2020,12,2,93,93051,1,1,1,3,AUTOROUTE A1,48.835993,2.561384
202000015810,10,10,2020,3,5,988,98818,2,1,1,6,RUE COPERNIC,-22.23294,166.42474
202000015811,9,10,2020,16,1,988,98818,2,1,1,6,PROMENADE PIERRE VERNIER,-22.2983185,166.458562
202000015812,7,10,2020,16,1,988,98818,2,3,2,-1,AVENUE JAMES COOK,-22.26809,166.43082
202000015813,9,10,2020,7,1,976,97611,2,1,1,3,tsoundzou-Kwalé ( route de ),-12.80596,45.20883
202000015814,9,10,2020,13,1,974,97409,2,9,1,3,Rue de Cambuston,-20.9306,55.65524
202000015815,9,10,2020,16,1,973,97302,2,9,1,3,CATAYEE (JUSTIN),4.9411661,-52.3310137
202000015816,9,10,2020,6,1,973,97302,2,1,1,1,RABAN (ROUTE DE),4.9341114,-52.3137081
202000015817,9,10,2020,17,1,69,69259,2,1,1,6,OSCHATZ (D')                        (AV),45.6948,4.8799
202000015818,9,10,2020,15,1,69,69387,2,2,1,3,DEBOURG                             (AV),45.73134,4.83546
202000015819,9,10,2020,20,4,972,97209,2,1,1,2,RD 41,14.61357,-61.07628
202000015820,9,10,2020,18,1,69,69286,2,1,1,6,EUROPE (DE L')                      (AV),45.8164512,4.8997777
202000015821,9,10,2020,8,1,69,69389,2,1,1,3,LAURE DIEBOLD                       (R ),45.77849,4.79872
202000015822,9,10,2020,5,5,69,69389,2,1,1,7,BALMONT (DE)                        (BD),45.78398,4.79911
202000015823,9,10,2020,16,1,2B,2B033,2,1,1,6,AV DE LA LIBERATION,42.67896,9.44317
202000015824,9,10,2020,7,1,2B,2B033,2,1,1,6,GIACCOBBI - AV PAUL,42.67177,9.44
202000015825,9,10,2020,17,1,95,95428,2,1,1,6,CHARLES DE GAULLE  AVENUE,48.98145,2.32085
202000015826,9,10,2020,7,4,91,91477,2,9,3,6,MAXIMILIEN ROBESPIERRE (RUE),48.718932,2.234479
202000015827,9,10,2020,8,2,91,91027,2,2,2,5,LAUNAY (RUE ANDRE),48.7128,2.391
202000015828,8,10,2020,17,1,88,88209,2,1,1,2,LECLERC ( RUE GENERAL ),48.19084,6.42596
202000015829,8,10,2020,1,5,86,86194,2,1,1,2,Rue du Faubourg du Pont Neuf,46.572768,0.363971
202000015830,1,10,2020,3,4,85,85194,2,9,2,7,VENDEE GLOBE (BOULEVARD DU),46.51282,-1.77269
202000015831,6,10,2020,3,3,85,85194,1,1,2,6,RD 32,46.53818,-1.75195
202000015832,8,10,2020,23,5,83,83137,2,2,1,3,BRIAND (AVE ARISTIDE PROLONGEE),43.1260016,5.8977468
202000015833,7,10,2020,8,1,80,80164,2,1,1,3,ROGER SALENGRO (RUE),49.88987,2.34873
202000015834,9,10,2020,7,5,78,78238,2,6,2,3,RENAULT (ROUTE DE),48.970094,1.864333
202000015835,7,10,2020,13,1,78,78015,1,1,1,2,SCHWEISGUTH (RUE DU GENERAL),48.989757,2.069774
202000015836,8,10,2020,11,1,74,74012,2,1,1,4,BRIAND (RUE ARISITIDE),46.19198,6.23918
202000015837,9,10,2020,8,1,72,72181,2,1,2,4,RIFFAUDIERES (BD DES),47.99134,0.17501
202000015838,9,10,2020,21,5,71,71040,2,1,1,4,JOSEPH LAMBERT (RUE),46.6972109,4.3907225
202000015839,11,9,2020,18,1,70,70550,2,2,1,5,COUBERTIN (RUE PIERRE DE),47.62171,6.16975
202000015840,9,10,2020,15,1,69,69256,2,3,1,-1,MARIUS GROSSO                       (R ),45.76362,4.93346
202000015841,8,10,2020,14,1,67,67482,2,1,8,3,ROMAINS (ROUTE DES),48.58024,7.72059
202000015842,8,10,2020,12,1,67,67482,2,1,1,6,LANDSBERG (RUE DU),48.569759,7.763314
202000015843,8,10,2020,20,3,64,64483,2,3,1,2,ITHURRALDE ANDRE (AVENUE),43.39315,-1.65173
202000015844,8,10,2020,19,1,64,64189,2,1,1,1,OYARZABAL ESTEFANA (RUE),43.38366,-1.67166
202000015845,9,10,2020,18,1,64,64348,1,3,2,3,CHARLES DE GAULLE,43.3160134,-0.421776
202000015846,8,10,2020,23,5,64,64024,2,1,1,3,HARDOY (RUE DE),43.49287,-1.50397
202000015847,8,10,2020,8,1,64,64102,2,3,1,3,BERNARD (CHEMIN DE SAINT),43.5022,-1.48339
202000015848,9,10,2020,12,1,59,59508,2,1,1,3,HALLUIN (BOULEVARD D'),50.74322,3.13212
202000015849,24,9,2020,11,1,59,59360,2,9,1,6,JOFFRE RUE DU MARECHAL,50.61841,3.00419
202000015850,8,10,2020,7,4,56,56083,2,6,1,6,KERPOTENCE (RUE  DE ),47.815494,-3.24389
202000015851,7,10,2020,12,1,56,56121,2,6,1,3,BELLE-FONTAINE (RUE  DE LA ),47.74527,-3.3661
202000015852,9,10,2020,20,5,54,54304,2,1,1,2,BRIAND (RUE ARISTIDE),48.6845469,6.1572924
202000015853,9,10,2020,8,1,54,54025,2,3,1,3,D2,48.6618861,6.2470736
202000015854,9,10,2020,13,1,53,53130,2,1,1,3,PARIS ( RUE DE ),48.075625,-0.75259
202000015855,6,10,2020,20,3,52,52448,1,1,2,7,TROIS FONTAINES (ROUTE DE),48.66196,4.94482
202000015856,9,10,2020,7,5,51,51454,2,3,3,3,Boulevard de la Paix,49.2543693,4.0405904
202000015857,7,10,2020,20,3,49,49328,1,1,1,6,CADRE NOIR (PONT DU) N 347,47.27084,-0.08488
202000015858,8,10,2020,12,1,49,49007,1,1,1,7,ATLANTIQUE  AVENUE DE L',47.46468,-0.57387
202000015859,6,10,2020,11,1,48,48095,2,6,2,6,Route de Rieucros,44.52481,3.48193
202000015860,8,10,2020,20,5,47,47215,2,1,1,6,Avenue du Camp d'Alaric,44.38786,0.68294
202000015861,9,10,2020,7,5,44,44114,2,3,2,1,Rue Hubert de la Brosse,47.27697,-1.60023
202000015862,8,10,2020,17,1,41,41212,1,1,1,3,RD 956,47.56446,1.37195
202000015863,7,10,2020,19,1,40,40192,2,1,1,6,FOCH (AV DU MARECHAL),43.89643,-0.49075
202000015864,7,10,2020,7,2,40,40281,1,9,2,3,SAINT-SEVER (AV DE),43.86845,-0.51125
202000015865,10,10,2020,0,5,37,37261,2,2,1,-1,FOUQUET (RUE JEHAN),47.3872834,0.6838798
202000015866,9,10,2020,16,1,35,35278,1,1,1,4,RN 136,48.14148,-1.67477
202000015867,9,10,2020,8,2,35,35051,2,6,2,7,AVENUE DES PREALES,48.11138,-1.62232
202000015868,8,10,2020,20,5,34,34032,2,2,1,3,MOULIN JEAN (AV),43.35339,3.23391
202000015869,10,10,2020,0,5,33,33063,2,3,1,3,RUE LUCIEN FAURE,44.86769,-0.56384
202000015870,9,10,2020,15,1,33,33063,2,3,1,6,BD DES FRERES MOGA,44.82665,-0.54744
202000015871,8,10,2020,14,1,31,31433,1,1,1,2,VA007307 FRANCAZAL A64 Sortie 37,43.53404,1.39037
202000015872,2,10,2020,13,1,31,31555,2,1,3,6,BD DE L EMBOUCHURE,43.6115,1.42037
202000015873,9,10,2020,7,2,30,30189,2,2,1,6,VIGNY ALFRED DE (RUE),43.83299,4.38149
202000015874,7,10,2020,9,1,30,30189,2,3,8,6,AUGUSTE (RUE),43.84054,4.3556
202000015875,9,10,2020,10,1,29,29232,2,6,1,-1,Avenue de Ti Pont,48.0161474,-4.1008186
202000015876,8,10,2020,12,1,28,28404,2,1,1,3,RD 828A,48.71905,1.34857
202000015877,8,10,2020,18,1,27,27229,2,1,1,2,MOULIN (RUE JEAN),49.0133197,1.1524639
202000015878,9,10,2020,10,1,26,26362,2,9,1,3, Avenue de Romans,44.933802,4.903914
202000015879,6,10,2020,5,3,26,26362,1,1,1,-1,L.A.C.R.A  RN 7 (104),44.94082,4.94277
202000015880,9,10,2020,23,5,25,25056,2,6,2,6,KENNEDY  BOULEVARD J.F.,47.23322,5.98385
202000015881,9,10,2020,9,1,25,25056,2,2,1,3,FONTAINE-ARGENT AVENUE,47.24699,6.03515
202000015882,9,10,2020,7,2,17,17300,2,2,1,1,LOTI   AVENUE PIERRE,46.16222,-1.1762
202000015883,9,10,2020,7,2,14,14118,2,1,2,3,GARE (RUE DE LA),49.17663,-0.35169
202000015884,9,10,2020,17,1,13,13071,2,4,1,3,ROUTE NATIONALE 113 - RENARDIERE,43.4122,5.30317
202000015885,8,10,2020,23,3,13,13019,2,1,1,5,D543,43.451989,5.359154
202000015886,9,10,2020,11,1,13,13103,2,1,1,2,VIEUX CHEMIN D'ISTRES,43.63308,5.07712
202000015887,9,10,2020,20,5,13,13211,2,1,1,3,CAMOINS ((RUE LES),43.29859,5.49139
202000015888,9,10,2020,18,1,11,11069,2,1,1,3,RD 6113,43.2296,2.342
202000015889,9,10,2020,18,5,10,10321,2,2,2,3,GENERAL LECLERC (RUE DU),48.29155,4.03419
202000015890,9,10,2020,2,5,10,10333,2,9,1,7,CHARLES BALTET (RUE),48.2822,4.05941
202000015891,8,10,2020,17,1,10,10333,1,1,8,2,ROCADE OUEST (RD 610),48.2769,4.0436
202000015892,9,10,2020,9,1,07,07281,1,1,8,7,TASSINI (AVENUE VICTOR),44.95192,4.82354
202000015893,9,10,2020,17,1,06,06088,2,9,1,6,PASTEUR (BD),43.72174,7.28148
202000015894,9,10,2020,8,1,06,06088,2,1,1,3,VOIE RAPIDE,43.696445,7.265934
202000015895,9,10,2020,0,5,06,06088,2,1,1,7,CORNIGLION MOLINIER (BD),43.66663,7.2155
202000015896,5,10,2020,1,5,06,06027,2,1,1,6,FAUVETTES AVENUE DES,43.664,7.1674
202000015897,9,10,2020,9,1,04,04112,2,1,1,6,RD 907 (Av de la libération),43.83265,5.77119
202000015898,1,9,2020,8,1,03,03190,2,4,1,5,Rue des Garceaux,46.5573092,3.3329129
202000015899,9,10,2020,10,1,01,01053,2,8,8,3,Avenue Amedee Mercier,46.19756,5.26193
202000015900,9,10,2020,19,5,75,75118,2,1,1,3,PORTE DE CLIGNANCOURT,48.900787,2.338559
202000015901,9,10,2020,19,5,75,75111,2,2,1,6,RUE OBERKAMPF,48.863758,2.370143
202000015902,9,10,2020,13,1,75,75120,2,1,2,6,RUE DE MENILMONTANT,48.868526,2.389072
202000015903,9,10,2020,20,4,75,75119,2,1,1,3,RUE D AUBERVILLIERS,48.891265,2.368872
202000015904,8,10,2020,22,5,75,75119,2,4,1,2,RUE MANIN,48.881479,2.380746
202000015905,8,10,2020,16,1,75,75119,2,2,1,3,AVENUE SIMON BOLIVAR,48.87841,2.374254
202000015906,8,10,2020,11,1,75,75117,2,2,8,6,RUE GUY MOQUET,48.891524,2.320384
202000015907,9,10,2020,20,5,75,75116,2,4,1,3,BOULEVARD EXELMANS,48.844336,2.258763
202000015908,9,10,2020,2,5,75,75116,2,2,1,7,AVENUE GEORGES LAFONT,48.836512,2.255942
202000015909,8,10,2020,22,5,75,75115,2,2,1,3,RUE DES ENTREPRENEURS,48.845655,2.287985
202000015910,9,10,2020,15,1,75,75114,2,1,1,3,RUE VERCINGETORIX,48.82875,2.306045
202000015911,9,10,2020,7,2,75,75113,2,1,2,6,AVENUE DE LA PORTE DE VITRY,48.822609,2.378058
202000015912,9,10,2020,15,1,75,75112,2,2,8,3,AVENUE LEDRU ROLLIN,48.847979,2.371427
202000015913,9,10,2020,15,1,75,75111,2,2,1,1,RUE DU CHEMIN VERT,48.861092,2.381149
202000015914,9,10,2020,10,1,75,75117,2,5,8,3,BOULEVARD BESSIERES,48.897504,2.32431
202000015915,8,10,2020,23,5,75,75108,2,2,1,3,RUE DU HAVRE,48.874175,2.326943
202000015916,9,10,2020,19,5,94,94081,2,2,1,3,MOZART (R),48.79437,2.37926
202000015917,9,10,2020,10,1,94,94068,2,9,2,6,D'ADAMVILLE KENNEDY (PL),48.7943,2.48679
202000015918,9,10,2020,8,1,94,94046,2,3,2,3,GAMBETTA (AV),48.810013,2.441758
202000015919,9,10,2020,16,1,94,94038,2,2,1,3,TULIPES (R DES),48.7774,2.35308
202000015920,9,10,2020,5,5,94,94065,2,9,2,3,TROIS MARCHES (AV) / MIN RUNGIS,48.7599358,2.3527611
202000015921,9,10,2020,19,5,94,94028,2,3,1,6,CASCADES.(IMPASSE DES),48.7697,2.4614
202000015922,9,10,2020,9,1,94,94055,2,3,2,3,RAYMOND THERESE (R),48.78263,2.52005
202000015923,9,10,2020,8,1,93,93039,2,1,2,2,MARINE (QUAI DE LA ),48.94516,2.3324
202000015924,7,10,2020,15,1,93,93027,1,1,1,2,SALENGRO (AVENUE ROGER),48.9330935,2.3866904
202000015925,7,10,2020,11,1,93,93066,2,3,2,3,AV DE VERDUN / R DE LA LIBERTE,48.94289,2.36636
202000015926,9,10,2020,6,5,93,93062,2,2,2,3,BD DU MIDI / ALL NICOLAS CARNOT,48.89132,2.51525
202000015927,9,10,2020,6,5,93,93050,2,1,3,1,AV DU MARECHAL FOCH,48.855385,2.5257098
202000015928,9,10,2020,10,1,93,93046,2,2,2,3,BD DE L'EUROPE / R DU CHATEAU,48.92471,2.54801
202000015929,9,10,2020,15,1,93,93027,2,1,1,6,VAILLANT-COUTURIER (AVENUE PAUL),48.92676,2.4169
202000015930,9,10,2020,20,5,93,93014,2,1,1,6,JEAN MOULIN (AVENUE),48.9080729,2.5554117
202000015931,9,10,2020,15,1,93,93057,2,1,1,4,BRIAND ( AV. ARISTIDE) 238 A 308,48.9108474,2.5144165
202000015932,9,10,2020,9,1,93,93001,2,2,2,3,ANDRE KARMAN (RUE)  => 136/143,48.9060521,2.3841686
202000015933,9,10,2020,17,1,92,92075,2,1,1,1,RAYMOND DAVID (RUE),48.81775,2.29456
202000015934,6,10,2020,19,2,92,92063,2,3,1,3,HOPITAL STELL (BOULEVARD DE L'),48.87982,2.18552
202000015935,9,10,2020,9,1,92,92049,2,3,2,3,DORMOY AVENUE MARX N°2 A 100,48.81025,2.31283
202000015936,9,10,2020,13,1,92,92036,2,1,1,3,LOUISE MICHEL (IMPAIRS),48.921554,2.319308
202000015937,8,10,2020,22,5,92,92026,2,1,1,3,GEORGES CLEMENCEAU,48.90293,2.2715
202000015938,8,10,2020,21,5,92,92012,2,6,1,-1,RHIN ET DANUBE (ROND POINT),48.840783,2.2289009
202000015939,4,10,2020,17,1,92,92004,2,1,1,1,GRESILLONS ( AVENUE DES  ),48.9130466,2.2973429
202000015940,9,10,2020,20,5,92,92002,2,1,1,2,JEAN MONNET (AVENUE),48.747351,2.298113
202000015941,2,10,2020,7,2,35,35126,1,1,6,6,Maison Neuve,47.969611,-1.769576
202000015942,8,10,2020,23,5,01,01074,2,3,1,6,6 Lotissement le Clos Bel Air,46.004083,5.173756
202000015943,10,10,2020,19,3,91,91414,1,1,2,6,D18,48.343899,2.054249
202000015944,10,10,2020,12,1,83,83073,1,1,1,3,D97 - PK 47+970,43.372422,6.29692
202000015945,2,10,2020,10,1,56,56071,1,1,1,6,Le Rivage D 778,47.896636,-2.635045
202000015946,9,10,2020,18,1,56,56032,2,3,1,3,Rue du Clos Doris,47.956885,-2.297811
202000015947,9,10,2020,14,1,76,76482,2,6,1,3,rond point du collège offranville,49.869245,1.038482
202000015948,10,10,2020,13,1,2A,2A323,1,1,1,5,RT 20,42.022634,8.899822
202000015949,10,10,2020,0,3,63,63044,1,1,1,7,Lieu-dit Mouraille,45.7266272,3.4190816
202000015950,10,10,2020,1,5,61,61456,2,1,1,6,Lieu Dit les Haies,48.777154,0.648365
202000015951,10,10,2020,11,1,61,61293,2,4,7,6,Rue Ferdinand de Boyères,48.523267,0.539703
202000015952,7,10,2020,20,3,49,49331,1,6,1,3,La Renaissance (Zone commerciale),47.697206,-0.870071
202000015953,9,10,2020,12,1,49,49154,1,1,2,6,D276,47.3291361,-0.3629721
202000015954,9,10,2020,20,3,39,39189,1,1,1,7,,47.074418,5.373913
202000015955,4,10,2020,12,1,29,29235,1,1,1,6,D165 - Trémie de Kergleuz,48.398982,-4.410957