Num_Acc,jour,mois,an,hr,condition_eclairage,departement,commune,condition_agglomeration,intersection,condition_atmosphere,type_collision,adresse,lattitude,longitude
202000015956,10,10,2020,16,1,14,14445,1,1,1,6,D 13,49.18534,-0.855496
202000015957,10,10,2020,16,1,50,50370,2,1,1,3,Rue du Bourg,49.419695,-1.547479
202000015958,10,10,2020,12,1,83,83028,1,1,1,-1,Route Departementale 562,43.574021,6.563714
202000015959,17,8,2020,15,1,60,60187,2,1,1,6,Rue de Saint-leu,49.44467,1.821284
202000015960,9,10,2020,22,3,43,43018,1,1,2,7,Route de Vergezac,45.012511,3.770295
202000015961,9,10,2020,22,5,21,21663,2,6,2,6,D905,47.536395,4.463303
202000015962,10,10,2020,18,2,04,04130,1,1,1,7,RD 951,44.065186,5.879338
202000015963,9,10,2020,18,1,08,08417,2,4,1,1,11 Grande Rue,49.887892,4.495275
202000015964,10,10,2020,0,3,13,13051,1,1,1,1,D15,43.605039,5.135164
202000015965,10,10,2020,15,1,973,97309,1,1,1,3,D23,4.890776,-52.288184
202000015966,9,10,2020,20,5,69,69244,2,2,1,1,Avenue du 11 Novembre 1918,45.764054,4.76024
202000015967,9,10,2020,10,1,33,33122,1,2,1,3,Route de Saucats,44.719299,-0.740778
202000015968,10,10,2020,18,1,41,41071,1,9,1,3,D33,47.64281,1.604712
202000015969,10,10,2020,4,5,77,77448,2,1,1,6,Avenue Franklin Roosevelt - D603,48.944102,3.115584
202000015970,7,10,2020,10,1,34,34199,2,1,1,6,Cours Jean Jaures,43.460598,3.421592
202000015971,10,10,2020,12,1,83,83035,1,1,1,7,Route des Hauts du Camp,43.244843,5.794773
202000015972,7,10,2020,7,1,54,54043,1,1,2,3,D331,48.58011,6.098934
202000015973,9,10,2020,17,1,07,07259,2,2,1,3,route de saint martin,44.303938,4.611323
202000015974,8,10,2020,13,1,69,69227,1,1,1,-1,Impasse du Chier,45.6597236,4.5659056
202000015975,3,9,2020,18,1,33,33056,2,2,1,3,3 Avenue du Général de Gaulle,44.909174,-0.638532
202000015976,23,12,2020,11,1,83,83137,1,1,1,5,A50,43.12506,5.90625
202000015977,23,12,2020,5,3,67,67152,1,1,9,2,Autoroute A.35,48.5267245,7.6768024
202000015978,24,12,2020,11,1,33,33063,1,1,1,4,ROCADE A 630,44.879099,-0.533132
202000015979,24,12,2020,15,1,91,91570,1,1,1,3,RN 104,48.62493,2.31689
202000015980,24,12,2020,3,5,94,94034,1,1,2,6,AUTOROUTE A86,48.75647,2.33283
202000015981,23,12,2020,21,3,91,91521,1,1,1,7,RN 104,48.62856,2.400027
202000015982,24,12,2020,16,3,78,78133,1,1,2,4,A13,48.891171,2.009423
202000015983,24,12,2020,16,1,92,92036,1,1,2,2,A86,48.9357321,2.2870848
202000015984,24,12,2020,17,2,95,95256,1,1,1,6, A115,49.05703,2.20671
202000015985,24,12,2020,17,3,93,93066,1,1,2,4,AUTOROUTE A86,48.9236,2.3426
202000015986,24,12,2020,9,2,95,95394,1,1,1,6, A115,49.05085,2.1816
202000015987,23,12,2020,23,3,93,93048,1,1,1,2,AUTOROUTE A86,48.86468,2.48222
202000015988,23,12,2020,22,3,95,95491,1,1,1,2, A115,49.0099106,2.2314543
202000015989,23,12,2020,12,1,93,93064,1,1,2,4,AUTOROUTE A86,48.88252,2.47297
202000015990,23,12,2020,11,1,92,92036,1,1,8,-1,AUTOROUTE A86,48.9389,2.30552
202000015991,24,12,2020,18,3,94,94022,1,1,1,4,A86 EXT,48.7763756,2.4214019
202000015992,24,12,2020,16,1,77,77373,1,1,2,7,RN104,48.7625,2.61586
202000015993,6,9,2020,19,1,69,69275,2,1,1,6,BERTHAUDIERE (DE LA)                (CH),45.77266,4.9689
202000015994,24,10,2020,21,5,59,59350,2,3,1,-1,REPUBLIQUE PLACE DE LA,50.63172,3.06157
202000015995,27,7,2020,22,5,94,94079,2,1,1,3,GENERAL DE GAULLE (R DU),48.82672,2.54022
202000015996,23,12,2020,15,1,974,97411,2,1,1,6,VAUBAN (BOULEVARD),-20.88601,55.46451
202000015997,22,12,2020,20,5,974,97411,2,9,1,3,MACE (BOULEVARD GABRIEL),-20.87526,55.44552
202000015998,23,12,2020,15,1,973,97302,2,1,1,3,14 ET 22 JUIN 1962,4.93555,-52.32752
202000015999,23,12,2020,11,1,973,97302,2,9,1,3,CESAIRE (CITE),4.93014,-52.32215
202000016000,23,12,2020,0,5,973,97302,2,1,1,7,COULEE D'OR (CITE),4.9420961,-52.3076356
202000016001,23,12,2020,18,5,69,69387,2,1,1,3,BERTHELOT                           (AV),45.7412855,4.8540678
202000016002,23,12,2020,12,1,69,69199,2,3,1,3,CARNOT                              (R ),45.708021,4.85983
202000016003,23,12,2020,11,1,69,69199,2,1,1,3,JEAN JAURES                         (AV),45.7123751,4.8550612
202000016004,23,12,2020,17,5,972,97213,2,1,1,4,AUTOROUTE A1,14.61834,-61.02716
202000016005,22,12,2020,17,2,69,69034,2,2,1,3,CREPIEUX (DE)                       (CH),45.8014457,4.862861
202000016006,23,12,2020,13,1,69,69384,2,1,1,2,HERBOUVILLE (D')                    (CO),45.7762893,4.8396053
202000016007,23,12,2020,0,5,69,69202,2,1,1,6,AQUEDUC DE BEAUNANT (DE L')         (AV),45.72239,4.78599
202000016008,22,12,2020,17,5,95,95218,2,1,8,6,AMBASSADEUR (RUE DE L'),49.01286,2.0918
202000016009,23,12,2020,16,5,91,91645,1,1,8,2,BRETELLE SORTIE A 86,48.760412,2.254256
202000016010,23,12,2020,7,5,91,91027,2,1,3,6,RUE EDOUARD VAILLANT,48.708387,2.398297
202000016011,19,12,2020,14,1,81,81004,1,1,1,6,ROCADE RN88 NORD,43.9484887,2.1590634
202000016012,20,12,2020,0,5,76,76231,2,2,1,3,HENRI. RUE,49.29075,1.00814
202000016013,22,12,2020,15,1,76,76540,2,2,3,5,NANSEN. RUE FRIDTJOF,49.4472,1.06087
202000016014,23,12,2020,18,5,74,74118,2,1,2,1,SAINT-JULIEN (ROUTE DE),46.1752,6.2213
202000016015,22,12,2020,18,5,67,67043,2,3,2,3,ROBERTSAU (RUE DE LA),48.6133,7.763761
202000016016,21,12,2020,18,5,64,64102,2,1,1,6,LORRAINE (BOULEVARD D'ALSACE),43.49178,-1.46432
202000016017,22,12,2020,10,1,59,59508,2,9,2,6,HALLUIN (BOULEVARD D'),50.7365672,3.1325465
202000016018,23,12,2020,16,1,59,59378,2,1,1,6,MEUNIER RUE,50.6752886,3.0832073
202000016019,23,12,2020,7,5,59,59350,2,1,2,2,LEGRAND PIERRE RUE,50.6324,3.08929
202000016020,23,12,2020,16,2,54,54431,2,4,3,6,Camille CAVALIER (AVENUE ),48.89858,6.05122
202000016021,23,12,2020,7,3,54,54273,2,1,2,6,PATTON (AVENUE),49.1614,5.87278
202000016022,22,12,2020,19,2,52,52251,1,1,1,7,R.N.19 NORD,48.12792,5.1078
202000016023,23,12,2020,10,1,51,51454,2,3,3,7,Avenue Jean Jaurès,49.2616246,4.0509626
202000016024,22,12,2020,9,1,50,50502,2,9,2,6,DE GAULLE (Place du Général),49.11571,-1.091
202000016025,23,12,2020,18,5,49,49007,2,1,1,3,TALET AVENUE,47.47548,-0.54848
202000016026,23,12,2020,9,1,45,45234,2,2,8,1,Boulevard de Chateaudun-rue de Loigny,47.90859,1.89178
202000016027,20,12,2020,16,1,42,42187,2,6,1,3,Avenue de Paris,46.04797,4.06869
202000016028,23,12,2020,5,5,42,42187,2,6,1,3,Avenue de Paris,46.04797,4.06869
202000016029,23,12,2020,18,5,37,37261,2,1,1,4,MAGINOT (AV. ANDRE),47.4244442,0.6991305
202000016030,23,12,2020,13,1,37,37195,2,1,8,7,PROUDHON (AVENUE),47.3871985,0.6507844
202000016031,23,12,2020,9,1,37,37195,2,1,2,6,PARMENTIERE (RUE DE LA),47.3799027,0.6638557
202000016032,23,12,2020,16,1,35,35238,2,3,2,1,Avenue Germaine Dulac,48.134193,-1.696862
202000016033,22,12,2020,10,1,34,34032,2,1,1,6,RIVETTI ROBERT (RUE),43.34479,3.24077
202000016034,23,12,2020,20,3,33,33249,2,6,2,6,QUAI FRANCAIS,44.88877,-0.5297
202000016035,23,12,2020,14,1,33,33281,2,9,2,3,AVE DE LA MARNE,44.83266,-0.64674
202000016036,23,12,2020,15,1,33,33032,2,2,2,1,AVE LAMARTINE,44.90453,-0.51505
202000016037,23,12,2020,8,1,33,33550,2,2,1,3,AVE PIERRE PROUDHON,44.78466,-0.58617
202000016038,22,12,2020,15,1,33,33063,2,1,8,2,AVE DE NONTRASTE,44.87741,-0.56461
202000016039,23,12,2020,12,1,31,31555,2,1,1,1,RUE HENRI DESBALS,43.58191,1.41389
202000016040,22,12,2020,11,1,31,31557,2,1,1,4,AV JEAN JAURES,43.58868,1.35979
202000016041,23,12,2020,19,5,29,29019,2,2,1,1,Rue de l’Eglise,48.382135,-4.498919
202000016042,22,12,2020,20,5,29,29019,2,1,1,6,Rue Pierre Brossolette,48.38422,-4.49331
202000016043,22,12,2020,15,1,29,29019,2,8,1,3,Rue de la Porte,48.384217,-4.5008184
202000016044,21,12,2020,18,5,28,28404,2,1,2,2,LIBERTE (AVENUE DE LA),48.73795,1.33323
202000016045,23,12,2020,12,1,25,25056,2,4,1,3,ALLENDE  BOULEVARD SALVADOR,47.2196,5.97571
202000016046,23,12,2020,9,1,17,17300,2,1,2,3,JOFFRE   BOULEVARD (1-25),46.16006,-1.14093
202000016047,22,12,2020,13,1,14,14118,2,1,1,2,CLEMENCEAU (AVENUE GEORGES),49.19234,-0.33788
202000016048,23,12,2020,21,5,13,13208,1,1,2,7,JOSEPH VIDAL (AVENUE),43.25155,5.37784
202000016049,23,12,2020,17,2,13,13210,2,9,8,3,ANDRE BARDON (rue),43.28518,5.42576
202000016050,23,12,2020,12,1,13,13216,2,6,2,6,ANTOINE SARTORIO (ROND POINT),43.36201,5.3453
202000016051,22,12,2020,18,5,13,13211,2,1,1,6,POMME (BOULEVARD DE LA ),43.293402,5.451505
202000016052,23,12,2020,7,2,13,13212,2,1,8,6,WILLIAM BOOTH (AVENUE),43.2939,5.4408
202000016053,21,12,2020,19,5,13,13208,2,3,1,3,PRADO (AVENUE DU),43.2651,5.37871
202000016054,23,12,2020,9,1,06,06029,2,1,1,6,BORDE (AVENUE DE LA)(BOCCA),43.567117,6.966343
202000016055,23,12,2020,21,5,06,06155,2,1,1,1,ROUVIER BD MAURICE,43.578582,7.054797
202000016056,23,12,2020,5,5,75,75109,2,3,2,6,RUE SCRIBE,48.870277,2.329997
202000016057,23,12,2020,20,5,75,75120,2,2,1,3,RUE DE BAGNOLET,48.85916,2.402134
202000016058,23,12,2020,18,5,75,75118,2,5,1,7,RUE CAULAINCOURT,48.889823,2.342957
202000016059,23,12,2020,16,1,75,75117,2,2,1,3,BOULEVARD BESSIERES,48.897568,2.324164
202000016060,22,12,2020,15,1,75,75116,2,4,8,6,RUE DU DOCTEUR BLANCHE,48.852979,2.264836
202000016061,22,12,2020,14,1,75,75116,2,7,2,6,CARREFOUR DES ANCIENS COMBATTANTS   BOUL,48.848356,2.242053
202000016062,23,12,2020,8,1,75,75113,2,3,2,3,QUAI PANHARD ET LEVASSOR,48.831124,2.381166
202000016063,23,12,2020,11,1,75,75112,2,5,1,6,RUE DE WATTIGNIES,48.834651,2.400797
202000016064,23,12,2020,18,5,75,75101,2,1,1,6,RUE DE RIVOLI,48.864513,2.329731
202000016065,23,12,2020,13,1,75,75101,2,7,2,3,QUAI FRANCOIS MITTERRAND,48.860116,2.333359
202000016066,23,12,2020,9,2,94,94076,2,1,2,3,STALINGRAD (AV DE),48.780761,2.367394
202000016067,23,12,2020,12,1,94,94034,2,3,1,3,TUILERIE (R DE LA),48.75864,2.31756
202000016068,22,12,2020,20,5,94,94073,2,1,2,4,FONTAINEBLEAU (AV DE),48.75726,2.36872
202000016069,23,12,2020,18,1,94,94028,2,1,2,3,Carrefour Pompadour,48.77481,2.43936
202000016070,23,12,2020,12,1,93,93064,2,6,2,6,AV REPUBLIQUE / R PAUL CAVARE,48.87208,2.48511
202000016071,21,12,2020,21,4,93,93053,2,9,2,1,ROSNY (AVENUE DE) N° 53 A 243,48.890177,2.4712169
202000016072,22,12,2020,12,1,93,93029,2,1,2,1,JEAN JAURES (AVENUE),48.9175219,2.4562275
202000016073,23,12,2020,1,5,93,93057,2,1,3,6,PARIS (BD DE),48.91647,2.49698
202000016074,23,12,2020,15,1,92,92075,2,1,2,6,QUATRE SEPTEMBRE (RUE DU),48.82677,2.28628
202000016075,22,12,2020,11,1,92,92022,2,1,2,2,JOUY (RUE DE),48.80157,2.18795
202000016076,23,12,2020,7,5,92,92051,2,1,2,3,"CHARLES DE GAULLE (AVENUE, N° 18 A 116)",48.8824334,2.268037
202000016077,23,12,2020,16,1,92,92048,2,1,1,3,REPUBLIQUE (RUE DE LA) N° 1 A 45,48.809106,2.236172
202000016078,23,12,2020,11,1,92,92040,2,1,2,7,GENERAL DE GAULLE (AVE DU) 32 A 62,48.820765,2.280566
202000016079,23,12,2020,12,1,22,22280,2,1,3,7,Le Haut Pont Roux,48.42597,-2.07141
202000016080,24,12,2020,13,1,38,38113,2,1,1,6,Chemin de Theyssonniere,44.821333,5.625461
202000016081,24,12,2020,12,1,10,10319,1,1,2,7,D54c,48.193185,3.632569
202000016082,24,12,2020,9,1,974,97413,2,1,1,3,Rue Adrien Lagourgue,-21.2103681,55.3004714
202000016083,22,12,2020,17,3,71,71215,1,1,2,1,Route d'Allerey,46.8973902,4.9570554
202000016084,24,12,2020,14,1,51,51662,1,1,1,7,A34,49.2797971,4.1055286
202000016085,22,12,2020,15,1,56,56165,2,2,2,6,33 Rue du General Dubreton,47.929931,-2.398775
202000016086,24,12,2020,18,3,79,79250,2,2,1,3,Rue du 22 Juin 1940,46.915206,-0.271574
202000016087,23,12,2020,10,1,82,82037,2,6,1,6,D117,44.159964,1.535586
202000016088,23,12,2020,19,3,82,82087,1,1,2,6,D2,44.143075,1.196566
202000016089,24,12,2020,11,1,71,71538,1,3,2,1,Route de Louhans,46.7422382,5.126295
202000016090,23,12,2020,15,1,71,71014,1,1,2,6,33 Route de Saint Denis,46.970329,4.3247703
202000016091,15,12,2020,14,1,22,22362,2,6,1,3,Rue du Port,48.790878,-3.230415
202000016092,24,12,2020,7,3,29,29076,1,1,2,6,D3 - Beg Avel Névez,48.447817,-4.55401
202000016093,24,12,2020,13,1,38,38150,1,6,1,2,D11K,45.207614,5.847323
202000016094,24,12,2020,14,1,60,60627,1,2,2,3,D930,49.629989,2.355509
202000016095,23,12,2020,12,1,21,21199,1,1,2,6,D1,47.549015,4.187722
202000016096,23,12,2020,7,2,85,85014,1,3,2,3,Le Plessis Bouchard,46.678115,-0.915577
202000016097,22,12,2020,18,5,28,28140,2,6,2,6,Avenue de la Prairie,48.60407,1.672926
202000016098,24,12,2020,2,3,87,87112,1,1,2,6,La Petite Garde,45.658466,1.028697
202000016099,23,12,2020,12,1,52,52058,2,3,1,3,Rue de la Scierie,48.199464,5.136693
202000016100,16,12,2020,19,5,06,06152,1,1,1,2,Route d'Antibes,43.625429,6.997283
202000016101,17,9,2020,17,1,06,06085,1,6,1,2,694 AVENUE MAURICE DAUNAT,43.611335,7.017437
202000016102,23,12,2020,19,3,74,74143,1,1,2,5,N205,45.895646,6.802018
202000016103,23,12,2020,16,1,976,97601,1,1,1,1,RD1,-12.704483,45.051177
202000016104,21,12,2020,22,4,971,97103,1,1,2,6,N11,16.270607,-61.549981
202000016105,23,12,2020,15,1,974,97413,2,1,1,1,Chemin des Barrières,-21.104009,55.297472
202000016106,23,12,2020,19,3,973,97304,1,1,1,2,RN1,5.155146,-52.676783
202000016107,23,12,2020,19,3,91,91494,1,1,6,1,D312,48.614066,2.355913
202000016108,24,12,2020,8,1,66,66065,1,1,1,3,D914,42.6161441,2.978966
202000016109,23,12,2020,17,1,06,06128,1,1,1,1,Route de Cagnes,43.691456,7.130041
202000016110,23,12,2020,13,1,60,60619,1,3,2,3,route 548,49.106858,2.7995138
202000016111,24,12,2020,14,1,60,60395,2,9,2,6,Rue Henri Barbusse,49.2340838,2.125832
202000016112,20,12,2020,12,1,69,69295,1,1,3,3,A46,45.6150472,4.8860068
202000016113,23,12,2020,16,2,91,91553,1,1,8,4,RN 104,48.62751,2.47834
202000016114,23,12,2020,12,1,91,91286,1,1,1,3,AUTOROUTE A6,48.64798,2.386334
202000016115,21,12,2020,20,3,78,78291,1,1,2,-1,A13,48.970273,1.734564
202000016116,23,12,2020,16,1,95,95252,1,1,3,6, A15,48.97643,2.23622
202000016117,23,12,2020,11,1,95,95582,1,1,2,6,A115,48.97185,2.24816
202000016118,23,12,2020,16,1,94,94017,1,1,2,4,A4,48.83037,2.49019
202000016119,23,12,2020,15,1,93,93051,1,1,2,3,A4,48.8359253,2.5436934
202000016120,22,12,2020,21,5,94,94052,1,1,2,-1,A86 INT,48.8436,2.4924
202000016121,21,12,2020,23,3,94,94028,1,9,2,6,A86 EXT,48.7924517,2.4412611
202000016122,10,7,2020,14,1,38,38421,2,3,1,6,Avenue Jean Jaurès,45.1796,5.7699
202000016123,15,12,2020,10,1,976,97611,2,1,1,6,kaweni-Kaweni nord ( Z I ),-12.77411,45.2248
202000016124,15,12,2020,8,1,976,97611,2,1,1,6,doujani-Mosquée de doujani ( rue de la ),-12.77967,45.22786
202000016125,22,12,2020,14,1,974,97416,2,1,1,5,Chemin des 3 Mares,-21.297833,55.446888
202000016126,22,12,2020,21,5,974,97411,2,1,1,3,BEARN (RUE DU),-20.90372,55.49096
202000016127,22,12,2020,16,1,974,97407,2,1,1,7,Avenue du 20 Décembre 1848,-20.94356,55.29756
202000016128,22,12,2020,10,1,974,97407,2,1,1,4,ROUTE NATIONALE N° 4,-20.95061,55.30303
202000016129,22,12,2020,21,5,973,97302,2,1,1,3,TROUBIRAN (CHEMIN DE),4.9262442,-52.3035693
202000016130,22,12,2020,19,5,973,97302,2,1,1,2,BADUEL (ROUTE DE),4.9362599,-52.3140407
202000016131,21,12,2020,22,5,973,97302,2,2,1,3,MONTABO (ROUTE DE) 1,4.9350988,-52.2933147
202000016132,23,12,2020,2,5,69,69259,2,1,1,6,PRESIDENT EDOUARD HERRIOT (DU)      (R ),45.6942638,4.8753624
202000016133,22,12,2020,18,5,69,69259,2,2,1,3,CARNOT                              (R ),45.70377,4.88004
202000016134,22,12,2020,17,2,69,69388,2,1,1,5,EPARGNE (DE L')                     (R ),45.742453,4.8580223
202000016135,22,12,2020,15,1,69,69383,2,2,1,3,FERDINAND BUISSON                   (R ),45.74978,4.88977
202000016136,22,12,2020,9,1,69,69259,2,3,1,3,JODINO (DE)                         (BD),45.6960187,4.8875481
202000016137,22,12,2020,10,1,972,97213,2,1,1,2,ROUTE DEPARTEMENTALE 3,14.6279843,-60.989399
202000016138,21,12,2020,19,3,972,97213,1,1,1,6,ROUTE NATIONALE 5,14.59662,-60.9958
202000016139,21,12,2020,17,5,69,69384,2,2,2,6,CANUTS (DES)                        (BD),45.77955,4.82743
202000016140,21,12,2020,13,1,971,97101,2,1,1,2,PERRIN (SECTEUR),16.27952,-61.50798
202000016141,21,12,2020,19,5,95,95427,2,1,2,6,SAINT LEU (ROUTE DE),48.9593096,2.3289701
202000016142,22,12,2020,14,1,91,91514,1,9,2,3,CD 33,48.67044,2.526302
202000016143,21,12,2020,20,5,87,87085,2,1,2,6,ARCADES (BOULEVARD DES),45.85201,1.26412
202000016144,20,12,2020,16,1,87,87065,1,1,1,6,LIBERATION (AVENUE DE LA),45.81041,1.34399
202000016145,21,12,2020,10,1,86,86194,2,1,2,6,Rue de Provence,46.587892,0.358507
202000016146,22,12,2020,11,1,83,83069,2,1,1,3,LOUBES (ROUTE DES),43.11244,6.1125
202000016147,22,12,2020,16,1,83,83118,1,1,1,1,BOULEVARD EUGÈNE BRIEUX,43.44336,6.90037
202000016148,22,12,2020,10,1,81,81004,2,1,1,3,LATTRE DE TASSIGNY (AV DE),43.93089,2.1633
202000016149,22,12,2020,17,5,77,77468,2,1,2,6,ARCHE GUEDON (COURS DE L'),48.8496,2.64007
202000016150,22,12,2020,17,5,77,77307,2,2,2,-1,AV DE L EUROPE,48.85475,2.76747
202000016151,22,12,2020,13,1,77,77268,1,1,2,3,BD DE L EUROPE,48.87497,2.80353
202000016152,22,12,2020,11,1,73,73065,2,1,1,3,D1 MOTTE SERVOLEX (AVENUE DE LA),45.5789081,5.8942264
202000016153,21,12,2020,17,5,69,69290,2,2,2,3,JEAN ZAY                            (R ),45.708412,4.9088228
202000016154,21,12,2020,18,5,67,67218,2,1,2,3,LYON (ROUTE DE),48.52813,7.71024
202000016155,21,12,2020,18,2,64,64189,2,3,1,3,BENOIT PIERRE (BOULEVARD),43.38805,-1.67674
202000016156,22,12,2020,16,1,59,59599,2,1,1,6,GRAMME (CHAUSSEE),50.7372054,3.1674045
202000016157,22,12,2020,18,1,59,59378,2,1,3,6,MENIN RUE DE,50.67654,3.0807
202000016158,22,12,2020,17,3,59,59183,1,9,2,3,BRUXELLES - ROND-POINT,51.01454,2.35465
202000016159,21,12,2020,10,1,56,56098,1,1,1,7,KERMORVAN (RUE  DE ),47.76747,-3.3145
202000016160,17,12,2020,19,5,54,54184,2,1,1,6,BRIGACHTAL (AVENUE DE),48.7006764,6.2245595
202000016161,22,12,2020,9,1,51,51454,2,1,2,2,Boulevard Paul Doumer,49.2508009,4.0226442
202000016162,21,12,2020,19,5,50,50129,2,3,2,6,PICARDIE (RUE DE),49.62773,-1.62637
202000016163,21,12,2020,19,3,49,49099,1,1,3,7,RN160,47.08996,-0.82831
202000016164,21,12,2020,8,5,49,49099,2,5,2,-1,CALINS (AVENUE DES),47.05955,-0.87389
202000016165,22,12,2020,18,5,49,49007,2,1,2,6,COUBERTIN BOULEVARD,47.46737,-0.52995
202000016166,22,12,2020,7,3,49,49007,2,1,2,1,JEANNETEAU,47.49535,-0.55405
202000016167,21,12,2020,18,5,38,38563,2,1,3,6,Rue George Sand,45.3656,5.58655
202000016168,22,12,2020,18,5,38,38185,2,2,1,1,Rue des Alliés,45.1717,5.7243
202000016169,22,12,2020,11,1,37,37261,2,2,8,-1,NATIONALE (RUE),47.3946889,0.6871176
202000016170,22,12,2020,11,1,35,35238,1,1,2,3,RD 463,48.09189,-1.62789
202000016171,18,11,2020,12,1,06,06148,1,1,1,-1,RD 2210,43.706267,7.041083
202000016172,18,11,2020,15,1,06,06079,2,1,1,6,Avenue Janvier Passero,43.546459,6.938554
202000016173,18,11,2020,8,2,45,45022,1,1,7,1,Route de Courcelles,48.080516,2.341354
202000016174,19,11,2020,17,2,85,85216,2,2,1,3,Route Départementale 137,46.485372,-1.111432
202000016175,18,11,2020,14,1,27,27414,1,2,1,3,Le Grand Mesnil,48.9219212,0.4446197
202000016176,19,11,2020,7,2,30,30161,1,1,1,1,Route Départementale 6110,44.027476,4.111569
202000016177,19,11,2020,5,3,13,13051,1,1,1,6,D113,43.563819,5.159068
202000016178,19,11,2020,1,3,91,91441,1,1,2,6,Autoroute A6 pk 41+000,48.50032,2.513034
202000016179,17,11,2020,17,3,972,97228,1,1,1,1,D24bis,14.784551,-61.003304
202000016180,19,11,2020,7,2,30,30307,2,1,1,6,RN 106,44.206693,4.027991
202000016181,18,11,2020,11,1,83,83023,2,1,1,6,Boulevard Just Marie Raynouard,43.408165,6.072462
202000016182,18,11,2020,12,1,71,71176,2,1,1,1,19 bis Avenue des Platanes,46.4827337,3.9747452
202000016183,18,11,2020,17,5,67,67189,2,1,9,6,4 Rue du Kritt,48.4266652,7.4500232
202000016184,19,11,2020,6,3,54,54215,1,4,2,1,D657,48.7428329,6.1548328
202000016185,17,11,2020,19,5,33,33056,1,1,1,1,151 avenue de labarde,44.929827,-0.562556
202000016186,19,11,2020,15,1,85,85155,1,1,1,7,Le Vendéspace (Centre sportif),46.713797,-1.434767
202000016187,19,11,2020,13,1,60,60612,1,1,1,2,,49.21164,2.607064
202000016188,18,11,2020,18,3,59,59643,2,1,1,1,D108,50.740264,2.955204
202000016189,18,11,2020,9,1,69,69283,1,1,1,3,A46S   43.680 A 47.880,45.67096,4.93576
202000016190,17,11,2020,22,3,69,69081,1,1,1,4,M6   448.490 A 449.450,45.795716,4.7787175
202000016191,18,11,2020,8,1,91,91617,1,1,1,4,RN 104,48.63188,2.52659
202000016192,18,11,2020,9,1,93,93066,1,1,1,5,AUTOROUTE A1,48.91901,2.35729
202000016193,16,11,2020,14,5,93,93008,1,1,1,4,AUTOROUTE A86,48.9180073,2.4290614
202000016194,12,6,2020,20,1,75,75118,2,1,1,4,RUE DE LA CHAPELLE,48.89599,2.35928
202000016195,17,11,2020,16,1,974,97416,2,1,1,6,BENOITE BOULARD (RUE),-21.31292,55.47456
202000016196,17,11,2020,15,1,974,97411,2,2,1,3,LATTRE DE TASSIGNY (AVENUE MARECHAL DE),-20.89131,55.48021
202000016197,16,11,2020,21,5,974,97411,2,1,1,1,JAURES (BLD 2 JEAN),-20.89791,55.47603
202000016198,17,11,2020,19,5,69,69388,2,1,1,7,LONGEFER                            (R ),45.73817,4.87742
202000016199,17,11,2020,8,1,69,69386,2,1,1,2,RENE DEROUDILLE                        (,45.76596,4.85597
202000016200,17,11,2020,8,1,69,69034,2,2,1,-1,PIERRE DREVET                       (CH),45.8061433,4.8726338
202000016201,16,11,2020,10,1,91,91161,2,2,1,6,ROUTE DE MASSY,48.71321,2.30246
202000016202,17,11,2020,9,1,91,91027,1,3,1,4,RTE NATIONALE 7,48.71639,2.37084
202000016203,16,11,2020,8,1,91,91223,2,1,1,6,RUE JULIEN PRANVILLE,48.43913,2.13872
202000016204,16,11,2020,23,5,87,87085,2,1,1,6,LOCARNO (AVENUE),45.83827,1.27239
202000016205,16,11,2020,18,5,76,76351,2,1,1,6,HUIT MAI 1945 (AVENUE DU),49.51608,0.17007
202000016206,17,11,2020,8,2,72,72181,2,1,1,1,DURAND GEORGES (AV) N° PAIRS 312 A 460,47.9638,0.2212
202000016207,16,11,2020,8,2,72,72181,2,1,1,6,LIBERATION (AV DE LA) N° PAIRS 2 A 122,48.00174,0.18464
202000016208,29,10,2020,10,1,70,70550,2,1,1,6,ALSACE LORRAINE (RUE),47.62197,6.15561
202000016209,16,11,2020,6,5,69,69256,2,1,1,6,GEORGES DIMITROV                    (AV),45.77724,4.92495
202000016210,17,11,2020,7,2,69,69264,2,1,1,6,BURDEAU BD,45.9953,4.72092
202000016211,16,11,2020,12,1,69,69264,2,9,1,-1,GRENETTE  R,45.99104,4.7201
202000016212,14,11,2020,21,5,68,68149,2,4,1,3,Rue des Vosges,47.591957,7.582721
202000016213,15,11,2020,16,2,67,67043,2,3,1,3,BRUMATH (ROUTE DE),48.61487,7.73258
202000016214,14,11,2020,17,1,66,66136,2,1,1,2,VALLESPIR (RAMBLA DU),42.6848129,2.9041109
202000016215,17,11,2020,7,2,65,65433,2,3,1,3,THOREZ (RUE MAURICE),43.211281,0.100328
202000016216,16,11,2020,16,1,64,64445,2,2,1,2,Avenue Gaston Phoebus,43.30247,-0.37939
202000016217,16,11,2020,17,1,64,64102,2,1,8,2,LOUIS DE FOIX (AVENUE),43.50505,-1.4673