Num_Acc,jour,mois,an,hr,condition_eclairage,departement,commune,condition_agglomeration,intersection,condition_atmosphere,type_collision,adresse,lattitude,longitude
202000016218,9,10,2020,18,1,62,62573,1,1,1,1,RD165,50.49076,2.89833
202000016219,10,11,2020,18,5,62,62464,2,1,1,6,RAYERE (R DE LA),50.48536,2.82013
202000016220,17,11,2020,15,1,59,59508,2,9,1,-1,HALLUIN (BOULEVARD D'),50.73617,3.13268
202000016221,17,11,2020,15,1,59,59648,2,1,1,6,SCHWIETZER RUE DU DOCTEUR,50.586011,3.042766
202000016222,17,11,2020,7,2,51,51454,2,2,1,7,Rue de Venise,49.2465141,4.0317586
202000016223,12,11,2020,16,1,37,37261,2,3,1,-1,HALLEBARDIER (RUE DU),47.3811636,0.693764
202000016224,16,11,2020,19,5,29,29232,2,2,1,1,Rue Emile Zola,47.9874426,-4.0985334
202000016225,22,10,2020,22,5,21,21231,2,1,1,3,N274,47.31553,5.0795
202000016226,17,11,2020,17,2,17,17300,2,6,1,3,MOULIN   AVENUE JEAN,46.15179,-1.13966
202000016227,15,11,2020,1,4,13,13039,2,1,1,7,MEGLE (bld),43.4445911,4.9416402
202000016228,17,11,2020,18,5,13,13208,2,1,1,7,POMPIDOU (PROMENADE),43.264725,5.37348
202000016229,17,11,2020,16,1,13,13203,2,2,1,3,PLOMBIERES (BOULEVARD DES),43.3149461,5.3877508
202000016230,17,11,2020,15,1,13,13214,2,1,1,2,MERLAN (AVENUE),43.339932,5.407669
202000016231,17,11,2020,18,5,13,13028,2,1,1,1,FARDELOUP (CHEMIN DE),43.18359,5.59659
202000016232,17,11,2020,12,1,11,11069,2,1,1,3,CUVIER GEORGES,43.21984,2.35577
202000016233,16,11,2020,19,5,06,06083,2,3,1,6,"SOLEIL (PROMENADE DU, N° 2 A 848))",43.768635,7.491746
202000016234,17,11,2020,10,1,06,06069,2,1,1,6,ROUQUIER (BOULEVARD EMMANUEL),43.644397,6.941008
202000016235,16,11,2020,7,2,06,06069,2,1,5,7,CLEMENCEAU (BOULEVARD GEORGES),43.6621648,6.918703
202000016236,16,11,2020,10,1,05,05061,2,6,1,3,CARREFOUR DE L'EUROPE,44.554839,6.075151
202000016237,17,11,2020,6,5,01,01451,1,6,8,3,LIAVOLES ( CHEMIN DES ),46.2308,5.21287
202000016238,17,11,2020,10,1,75,75116,2,7,1,6,AVENUE DE NEW YORK,48.8641,2.300954
202000016239,17,11,2020,21,5,75,75110,2,3,1,3,BOULEVARD DE MAGENTA,48.876172,2.35605
202000016240,17,11,2020,17,5,75,75101,2,2,1,1,RUE DE RIVOLI,48.866395,2.323467
202000016241,17,11,2020,11,1,75,75104,2,2,1,5,BOULEVARD MORLAND,48.851057,2.36221
202000016242,17,11,2020,14,1,94,94067,2,2,1,3,JEANNE D'ARC (R),48.83683,2.42033
202000016243,19,10,2020,8,1,94,94015,2,1,1,6,RIGNY (AV DE),48.841776,2.519453
202000016244,17,11,2020,13,1,94,94011,2,9,1,2,SEMARD(RUE PIERRE),48.759486,2.480588
202000016245,16,11,2020,22,5,94,94011,2,9,1,6,GRANDE ALLEE,48.768023,2.494156
202000016246,16,11,2020,13,1,94,94028,2,1,1,3,JEAN BAPTISITE OUDRY (BD),48.775587,2.458599
202000016247,17,11,2020,16,1,93,93072,2,1,1,-1,JULES GUESDE (AVENUE),48.96196,2.383
202000016248,17,11,2020,16,1,93,93071,2,1,1,6,GENERAL LECLERC (AVENUE DU),48.93786,2.52836
202000016249,17,11,2020,18,2,93,93077,2,9,1,2,BELLEUX (RUE DU COMMANDANT),48.8884783,2.49356
202000016250,16,11,2020,7,2,93,93051,2,1,1,2,PIERRE BROSSOLETTE,48.84724,2.54274
202000016251,17,11,2020,20,5,93,93006,2,3,1,3,STALINGRAD AV.,48.8752,2.4272
202000016252,17,11,2020,16,1,93,93074,2,1,8,3,R DE MEAUX,48.9352,2.57076
202000016253,17,11,2020,13,1,93,93010,2,9,1,3,BONDY (PONT),48.9052547,2.4701448
202000016254,16,11,2020,8,1,92,92032,2,3,8,3,Avenue Paul Langevin,48.7832337,2.2866834
202000016255,16,11,2020,7,1,92,92012,2,9,2,4,QUATRE SEPTEMBRE (QUAI DU),48.846581,2.227087
202000016256,13,11,2020,16,1,91,91340,1,1,1,6,Rue de Mennecy,48.590287,2.429647
202000016257,17,11,2020,21,3,66,66015,1,1,1,4,A9,42.572259,2.843772
202000016258,14,11,2020,18,3,71,71381,1,1,1,1,D980,46.5295216,4.5728074
202000016259,18,11,2020,19,3,49,49092,1,2,2,6,RD 160,47.18953,-0.742886
202000016260,18,11,2020,11,1,60,60358,1,1,1,4,D25,49.207693,2.927282
202000016261,16,11,2020,12,1,83,83097,1,1,1,4,D6b,43.472827,5.756047
202000016262,18,11,2020,9,1,31,31157,2,1,1,3,12 Avenue de Plaisance,43.5399,1.337425
202000016263,23,10,2020,16,1,74,74085,2,1,2,1,88 Chemin du Cugnon,45.814149,6.727898
202000016264,16,11,2020,14,1,80,80126,2,3,8,3,Avenue du Président Roosevelt,49.936065,1.629029
202000016265,17,11,2020,21,5,33,33423,1,1,1,6,CD 2 lieu dit la mouline,45.157046,-0.738959
202000016266,17,11,2020,22,3,63,63281,1,1,1,6,chotard,46.121937,2.715624
202000016267,17,11,2020,7,2,61,61421,1,1,1,7,Les Vieux Près,48.543674,-0.728981
202000016268,17,11,2020,16,1,01,01350,1,3,1,2,D 1083,46.254055,5.275369
202000016269,18,11,2020,10,1,66,66124,1,1,1,1,pont de bau - RN 116,42.484219,2.060409
202000016270,17,11,2020,11,1,50,50484,2,9,1,6,Rue de Paris,48.573569,-1.080739
202000016271,11,10,2020,7,2,60,60703,2,1,1,6,Route de Gisors,49.409095,2.0446
202000016272,18,11,2020,7,2,64,64419,2,1,7,6,D817,43.273534,-0.213697
202000016273,17,11,2020,9,2,40,40266,2,3,1,-1,route des lacs,44.068504,-1.229301
202000016274,18,11,2020,16,2,30,30169,2,1,1,6,Rue de la Poste,43.787195,4.309078
202000016275,18,11,2020,8,1,973,97309,2,1,1,2,Avenue Tropicana,4.907557,-52.269771
202000016276,17,11,2020,15,1,74,74067,2,3,1,3,Chemin Branchy,45.88198,6.062168
202000016277,18,11,2020,18,5,06,06085,2,4,1,3,Route de la Roquette,43.610283,6.966357
202000016278,18,11,2020,12,1,89,89448,1,1,1,6,route vicinale 29,47.532096,4.110453
202000016279,18,11,2020,13,1,01,01047,1,1,1,5,RD124,45.8576761,5.241546
202000016280,18,11,2020,15,1,973,97311,1,1,1,7,RN1 PK252,5.487587,-53.983126
202000016281,17,11,2020,18,3,971,97102,2,3,1,3,Rue Borifax Vital,16.469253,-61.499555
202000016282,18,11,2020,20,3,95,95119,1,1,1,1,RD 14,49.196625,1.702259
202000016283,17,11,2020,19,3,57,57206,2,1,1,6,Avenue Francois Mitterrand,49.305279,6.11691
202000016284,18,11,2020,16,1,69,69255,1,1,1,3,11 Route de Bordeaux,45.736252,4.682596
202000016285,17,11,2020,18,3,81,81099,1,1,1,6,Chemin Toulze,43.91897,1.940096
202000016286,17,11,2020,9,1,13,13210,1,1,1,2,A50-Sens Marseille vers Aubagne,43.2845509,5.4153268
202000016287,16,11,2020,7,3,13,13085,1,1,2,5,A50-Sens Toulon vers Aubagne,43.26296,5.58936
202000016288,17,11,2020,13,1,94,94034,1,1,1,2,AUTOROUTE A86,48.756,2.342
202000016289,17,11,2020,11,1,78,78242,1,9,1,6,A12 Y,48.8072,2.0525
202000016290,17,11,2020,14,1,60,60612,1,1,1,2,AUTOROUTE A1,49.1937625,2.6033564
202000016291,17,11,2020,18,3,94,94069,1,1,1,4,A4,48.817451,2.4185959
202000016292,17,11,2020,16,2,94,94046,1,9,1,2,A86 EXT,48.8140244,2.4491105
202000016293,17,9,2020,15,1,71,71153,2,1,7,6,GUYNEMER (RUE),46.8019866,4.4474533
202000016294,16,11,2020,9,1,974,97407,2,9,1,6,MARTINIQUE(RUE),-20.9447,55.2949
202000016295,16,11,2020,13,1,973,97302,2,1,1,6,MANGO (CITE),4.93431,-52.31742
202000016296,15,11,2020,21,5,973,97302,2,1,1,3,MONTABO (ROUTE DE) 1,4.94317,-52.30665
202000016297,16,11,2020,19,5,69,69383,2,2,1,3,TRARIEUX                            (R ),45.7454,4.88769
202000016298,16,11,2020,4,5,69,69259,2,6,8,6,JEAN MOULIN                         (R ),45.68834,4.87454
202000016299,16,11,2020,12,1,69,69388,2,1,8,7,ETATS UNIS (DES)                    (BD),45.73301,4.86487
202000016300,16,11,2020,8,1,69,69276,2,1,1,3,LYON (DE)                               ,45.67443,4.86062
202000016301,16,11,2020,14,1,972,97213,1,3,1,3,ROUTE DEPARTEMENTALE 3,14.64737,-60.98862
202000016302,16,11,2020,7,1,972,97209,1,1,3,6,BEAUSEJOUR JAMBETTE (ROUTE),14.64007,-61.04185
202000016303,15,11,2020,14,1,972,97209,2,1,1,7,AVE CAMILLE DARSIERES,14.59944,-61.05819
202000016304,15,11,2020,1,5,971,97113,1,1,1,6,SECTEUR DAMPIERRE,16.2029505,-61.4704156
202000016305,15,11,2020,6,2,2A,2A004,2,3,1,3,NAPOLEON COURS AVANT BEVERINI,41.92637,8.73834
202000016306,15,11,2020,14,1,95,95585,2,1,2,5,RD 316,48.985334,2.375077
202000016307,15,11,2020,20,5,95,95598,2,6,1,3,EGALITE (RUE DE L'),48.9903847,2.2963035
202000016308,14,11,2020,14,1,87,87085,2,3,1,-1,SERRES (RUE OLIVIER DE),45.84413,1.2341
202000016309,9,11,2020,7,1,80,80021,2,1,2,3,RAINNEVILLE CD11  (ROUTE DE),49.91485,2.31023
202000016310,13,11,2020,18,5,80,80021,2,1,2,6,JULES FERRY (CHAUSSEE),49.88045,2.33214
202000016311,12,11,2020,6,5,80,80021,2,1,2,7,LONDRES (AVENUE DE ),49.88721,2.328136
202000016312,16,11,2020,16,1,77,77305,2,1,1,1,CHESNOIS (RUE DES),48.3959382,2.9565729
202000016313,12,11,2020,19,4,76,76457,1,1,1,7,DEPARTEMENTALE 3,49.34093,0.94754
202000016314,16,11,2020,8,1,76,76351,2,3,1,3,APLEMONT (AVENUE D'),49.5021161,0.1848159
202000016315,12,11,2020,16,1,76,76447,2,1,1,7,MEDERIC DESCHAMPS,49.5454,0.1868
202000016316,16,11,2020,16,1,74,74010,2,1,1,2,FIER (BOULEVARD DU)),45.9222139,6.1224236
202000016317,13,11,2020,17,4,67,67482,2,3,1,3,ROBERTSAU (ALLEE DE LA),48.58636,7.76323
202000016318,13,11,2020,20,3,66,66136,2,1,1,5,SAINT CHARLES (ROCADE),42.67647,2.85518
202000016319,14,11,2020,8,1,63,63245,2,2,1,3,PEUPLIERS (ALLEE DES),45.88892,3.09307
202000016320,15,11,2020,17,1,63,63113,2,5,1,3,FLAUBERT (BD GUSTAVE),45.764841,3.1254996
202000016321,13,11,2020,13,1,63,63113,2,1,1,2,AMADEO (RUE),45.7801523,3.0738951
202000016322,23,10,2020,15,1,61,61006,2,1,1,1,EXPANSION (BOULEVARD DE),48.72786,-0.02078
202000016323,16,11,2020,20,5,59,59421,2,1,1,7,CARNOT (BLD)DE 30A46-150A214-59A93-95A20,50.704857,3.144587
202000016324,28,9,2020,6,5,59,59350,2,2,2,6,CORMONTAIGNE PLACE,50.626374,3.040488
202000016325,15,11,2020,14,1,59,59122,2,5,3,3,QUESNOY (AVENUE DU),50.17976,3.24233
202000016326,15,11,2020,11,1,59,59017,2,1,2,1,RESISTANTS (RUE DES ),50.69027,2.87605
202000016327,6,11,2020,17,2,49,49099,2,1,1,6,KOENIG (AVENUE DU MARECHAL),47.05171,-0.85153
202000016328,5,11,2020,13,1,49,49099,2,7,1,6,place du quinze août 1944,47.05152,-0.8842
202000016329,18,11,2020,16,1,49,49267,2,6,1,2,CHANTERIE,47.48142,-0.49072
202000016330,12,11,2020,15,1,49,49007,2,1,1,-1,ROI RENE BOULEVARD,47.46685,-0.55422
202000016331,12,11,2020,16,1,49,49007,2,1,1,6,ARBRISSEL,47.4443,-0.564
202000016332,15,11,2020,16,1,47,47032,1,1,1,1,CASSOU (Rte de),44.23016,0.71189
202000016333,15,11,2020,0,5,45,45234,2,3,1,3,Rue Marcellin Berthelot - rue moine,47.919966,1.914842
202000016334,16,11,2020,8,1,44,44109,2,1,1,3,RUE CORENTIN BOURVEAU,47.2274363,-1.521778
202000016335,5,8,2020,20,1,38,38053,2,1,1,6,ISLE D'ABEAU (ROUTE DE),45.60124,5.26992
202000016336,16,11,2020,17,4,35,35281,2,2,1,3,BUHOTIERE (RUE DE LA),48.07839,-1.73179
202000016337,16,11,2020,18,5,35,35238,2,1,1,6,SUISSE (DE),48.08643,-1.662
202000016338,16,11,2020,7,2,31,31149,2,1,1,3,RN124,43.60661,1.34897
202000016339,13,11,2020,16,1,31,31555,2,1,1,3,BD DE LA GARE,43.60644,1.45651
202000016340,13,11,2020,11,1,31,31555,2,1,1,3,AV DES ETATS UNIS,43.66183,1.41624
202000016341,13,11,2020,11,1,31,31555,2,1,1,3,RUE DE METZ,43.60005,1.4424
202000016342,15,11,2020,18,5,30,30189,2,1,2,1,KENNEDY (AVENUE),43.82701,4.3333
202000016343,16,11,2020,20,5,29,29019,2,1,2,2,86 Rue de Quimper,48.4008913,-4.4514485
202000016344,12,11,2020,20,5,29,29019,2,4,2,1,Rue Louis Veuillot,48.3816845,-4.5235373
202000016345,16,11,2020,10,1,27,27562,2,6,1,-1,BLANCHARDS (BOULEVARD DES),49.09558,1.45991
202000016346,16,11,2020,11,1,15,15014,2,1,1,6,VOLONTAIRE (AVENUE DES),44.91307,2.4417
202000016347,16,11,2020,2,5,13,13201,2,1,2,6,GARIBALDI (BOULEVARD) N° IMPAIRS,43.29652,5.38134
202000016348,14,11,2020,17,2,10,10387,2,1,1,6,GEORGES POMPIDOU (RUE),48.29544,4.09354
202000016349,16,11,2020,14,1,75,75120,2,1,1,2,BOULEVARD MORTIER,48.874802,2.408027
202000016350,16,11,2020,16,2,75,75119,2,3,1,4,BOULEVARD MACDONALD,48.898859,2.378125
202000016351,16,11,2020,10,1,75,75119,2,3,8,3,RUE D AUBERVILLIERS,48.887299,2.367044
202000016352,16,11,2020,17,5,75,75117,2,1,1,-1,AVENUE DE LA GRANDE ARMEE,48.877232,2.284427
202000016353,16,11,2020,17,5,75,75113,2,3,1,3,BOULEVARD KELLERMANN,48.820986,2.35063
202000016354,16,11,2020,20,5,75,75112,2,2,1,3,QUAI DE BERCY,48.833713,2.382492
202000016355,16,11,2020,13,1,75,75108,2,2,1,7,RUE DE COURCELLES,48.875035,2.309203
202000016356,15,11,2020,13,1,75,75108,2,2,2,7,RUE FRANCOIS 1ER,48.86924,2.302776
202000016357,16,11,2020,15,1,75,75107,2,7,1,3,PLACE DE BRETEUIL,48.847394,2.312119
202000016358,10,11,2020,8,1,94,94081,2,1,1,1,EUGENE PELLETAN (AV),48.79275,2.38657
202000016359,16,11,2020,17,5,94,94038,2,1,1,6,HENRI THIRARD (R),48.77818,2.343929
202000016360,16,11,2020,7,2,94,94073,2,2,1,3,LEON MARCHAND (AV),48.765952,2.390562
202000016361,16,11,2020,18,5,94,94022,2,9,1,7,Avenue Gambetta,48.76427,2.40504
202000016362,16,11,2020,10,1,94,94022,2,6,2,1,MARECHAL DE LATTRE DE TASSIGNY (AV),48.76126,2.40334
202000016363,6,5,2020,15,1,65,65047,2,3,1,1,JAURES (AVE JEAN),43.233927,0.092135
202000016364,7,5,2020,2,3,62,62894,2,1,1,6,COLONNE ( Rue de la ),50.7410564,1.6194373
202000016365,6,5,2020,20,1,57,57463,2,1,1,6,PIERRE CHEDEAUX (RUE ),49.1012,6.19584
202000016366,5,5,2020,16,1,49,49267,2,1,1,4,rue R Bazin,47.46708,-0.49545
202000016367,30,4,2020,11,1,38,38053,2,1,2,6,Rue du Bacholet,45.58797,5.2881
202000016368,11,1,2020,18,2,34,34003,2,9,1,6,EUROPE (ROND-POINT DE L'),43.29923,3.49239
202000016369,6,5,2020,16,1,17,17306,2,1,1,6,ROCHEFORT (DE)  (AVENUE),45.64368,-1.0247799
202000016370,6,5,2020,14,1,13,13207,2,1,1,6,Corniche John Fitzgérald Kennedy,43.28905,5.35432
202000016371,6,5,2020,11,1,13,13206,2,2,1,3,PIERRE PUGET (COURS),43.29041,5.37576
202000016372,6,5,2020,9,1,13,13208,2,6,7,6,HAIFA (AVENUE),43.250414,5.38932
202000016373,4,5,2020,21,5,13,13209,2,6,1,7,ROY D'ESPAGNE (CHEMIN),43.2355118,5.3990977
202000016374,6,5,2020,21,5,06,06123,2,1,1,1,MOATTI PASSAGE,43.662,7.193
202000016375,4,5,2020,14,1,75,75119,2,1,1,2,PORTE DES LILAS,48.881,2.403653
202000016376,6,5,2020,18,1,75,75120,2,1,1,3,RUE DE BELLEVILLE,48.875413,2.392674
202000016377,6,5,2020,11,1,75,75120,2,2,1,3,RUE DES PYRENEES,48.857639,2.403901
202000016378,6,5,2020,13,1,75,75115,2,2,1,3,RUE DE LA CONVENTION,48.83723,2.296436
202000016379,5,5,2020,17,1,75,75113,2,2,1,3,AVENUE DE LA PORTE D ITALIE,48.818877,2.359545
202000016380,6,5,2020,11,1,75,75109,2,1,1,4,RUE NOTRE DAME DE LORETTE,48.877825,2.338102
202000016381,6,5,2020,12,1,94,94017,2,1,1,6,LOUIS TALAMONI (R),48.81371,2.51027
202000016382,6,5,2020,1,3,93,93074,1,1,1,2,Route Nationale 3,48.93382,2.59673
202000016383,6,5,2020,19,1,93,93071,2,9,1,6,CHARLES CONRAD (RUE),48.9477914,2.5237973
202000016384,7,5,2020,18,1,24,24562,1,2,7,3,carrefour C1/C8,45.082142,0.48799
202000016385,7,5,2020,14,1,41,41194,2,6,1,3,Avenue de Paris,47.376848,1.735958
202000016386,7,5,2020,10,1,44,44029,1,1,1,1,Beauchene,47.256631,-1.343218
202000016387,6,5,2020,20,1,28,28022,1,1,1,6,D939,48.4909,1.380823
202000016388,6,5,2020,17,1,83,83091,1,1,1,1,521 Route des Maures,43.234135,6.211224
202000016389,5,5,2020,3,3,01,01033,1,1,1,6,1084,46.118168,5.823011
202000016390,7,5,2020,15,1,44,44113,1,1,1,1,N137,47.558501,-1.634055
202000016391,6,5,2020,12,1,67,67472,2,1,1,1,11 Rue de Haguenau,48.829846,7.957032
202000016392,6,5,2020,17,1,62,62162,1,1,1,6,D94,50.582678,2.442087
202000016393,6,5,2020,23,3,62,62049,2,1,1,6,Rue de Pernes,50.557513,2.368519
202000016394,25,4,2020,13,1,74,74173,1,1,1,7,715 Route Edmond de Rothschild,45.860762,6.627183
202000016395,7,5,2020,11,1,67,67448,2,3,7,3,137 Grand'Rue,48.478677,7.218849
202000016396,5,5,2020,16,1,63,63003,1,1,1,7,D269,45.52233,3.741242
202000016397,7,5,2020,9,1,42,42204,2,1,1,6,Avenue Paul Doumer,45.42445,4.066052
202000016398,6,5,2020,18,1,70,70334,1,1,7,3,D15,47.294257,5.791689
202000016399,6,5,2020,6,3,50,50200,1,1,1,6,1 L'Embuche,48.687412,-0.811765
202000016400,7,5,2020,16,1,73,73265,1,3,1,5,Route de la Foret,45.7509942,5.9760932
202000016401,6,5,2020,18,1,16,16003,2,6,1,6,135 route de La Rochefoucauld - le pont d'agris,45.786074,0.339723
202000016402,7,5,2020,9,1,21,21201,2,4,1,6,13 Rue de Châtillon,47.7509306,4.4963612
202000016403,7,5,2020,6,2,04,04013,1,1,1,6,RD 951,44.130224,5.953726
202000016404,7,5,2020,18,1,85,85025,1,2,1,3,Le Cléon d'Asson,46.96596,-1.20236
202000016405,6,5,2020,19,1,52,52197,1,1,1,5,N19,47.786057,5.626416
202000016406,13,3,2020,16,1,2A,2A041,2,1,1,6,T40,41.402039,9.161096
202000016407,7,5,2020,5,2,33,33038,1,1,1,6,RD201,45.37865,-0.916512
202000016408,30,4,2020,7,1,72,72154,2,1,1,1,Boulevard gambetta,47.704863,-0.080788
202000016409,6,5,2020,18,1,76,76099,2,1,1,7,Route du Manoir,49.551659,0.850122
202000016410,6,5,2020,15,1,59,59192,1,1,1,1,D957,50.318553,3.280791
202000016411,6,5,2020,15,1,95,95219,1,1,1,5, A115,48.99182,2.2453
202000016412,26,2,2020,10,1,51,51454,2,3,1,7,Rue du Docteur Albert Schweitzer,49.277467,4.0223986
202000016413,1,1,2020,17,5,75,75108,2,3,2,6,RUE DE LABORDE,48.8756378,2.3189143
202000016414,5,5,2020,7,1,988,98818,2,1,2,3,ROUTE EXPRESS DU MONT-DORE,-22.2309407,166.4879657
202000016415,3,5,2020,16,1,972,97209,1,1,1,6,RD 41 (ROCADE),14.609,-61.0672
202000016416,4,5,2020,7,1,90,90099,1,1,1,1,CD5,47.671503,6.848853
202000016417,5,5,2020,18,1,78,78138,2,6,8,2,TRIEL (RUE DE),48.9762296,2.0434302
202000016418,1,5,2020,19,1,67,67267,2,3,2,3,134 Rue du Maréchal Foch,48.55448,7.67738
202000016419,30,4,2020,17,1,67,67482,2,3,2,3,11 Rue de l'Ill,48.611805,7.779023
202000016420,4,5,2020,18,1,57,57283,2,1,1,3,AVENUE DE FRANCE,49.25072,6.16118
202000016421,5,5,2020,14,1,51,51454,2,2,1,3,Rue de Venise,49.2475727,4.0338954
202000016422,5,5,2020,10,1,51,51454,2,1,1,3,Avenue Nicéphore Niepce,49.2320151,4.0721155
202000016423,5,5,2020,16,1,34,34108,2,1,1,3,MISTRAL FREDERIC (AVENUE),43.447111,3.7535019
202000016424,4,5,2020,20,2,34,34032,2,1,1,1,JOFFRE MARECHAL (AV),43.3405035,3.2169312
202000016425,5,5,2020,19,1,33,33063,2,2,1,3,RUE NOTRE DAME / RUE CORNAC / RUE LATOUR,44.85089,-0.5718
202000016426,4,5,2020,18,1,31,31555,2,1,1,7,AV DE BRUXELLES,43.568643,1.413701
202000016427,4,5,2020,16,1,31,31069,2,1,1,1,258 Route de Grenade,43.6511362,1.3810241
202000016428,5,5,2020,17,1,29,29039,2,7,1,6,Rue de Quimper,47.8890914,-3.9168684
202000016429,5,5,2020,19,2,26,26198,1,1,1,6,2 Avenue de Gournier,44.535693,4.7293553
202000016430,5,5,2020,16,1,17,17300,2,1,1,3,SAUTEL  BOULEVARD ANDRE,46.16803,-1.13285
202000016431,5,5,2020,10,1,07,07102,2,1,1,-1,Jean CHARCOT (Rue),44.93652,4.86753
202000016432,5,5,2020,17,1,06,06069,2,1,1,6,Place César Ossola,43.658437,6.925795
202000016433,5,5,2020,21,5,06,06027,2,2,1,3,ZIEM AVENUE,43.665495,7.170258
202000016434,5,5,2020,14,1,75,75117,2,1,2,6,ECHANGEUR MAILLOT,48.878768,2.280056
202000016435,5,5,2020,13,1,75,75118,2,2,2,3,RUE ORDENER,48.892522,2.344309
202000016436,5,5,2020,6,2,75,75111,2,2,2,3,RUE DE CHARONNE,48.853275,2.377293
202000016437,5,5,2020,9,1,75,75107,2,3,2,3,QUAI D ORSAY,48.862819,2.313461
202000016438,5,5,2020,16,1,75,75101,2,3,8,6,QUAI DES TUILERIES,48.862442,2.32519
202000016439,5,5,2020,12,1,94,94028,2,6,2,6,FOCH(AVENUE DU MARECHAL),48.78461,2.43673
202000016440,5,5,2020,18,1,93,93050,2,1,1,3,VICTOIRE (PLACE),48.86338,2.53516
202000016441,5,5,2020,14,1,93,93079,2,1,2,2,DIVISION LECLERC (AV),48.95607,2.34444
202000016442,5,5,2020,14,1,93,93029,2,3,2,4,JEAN JAURES (AVENUE),48.9181,2.4548
202000016443,27,4,2020,16,1,92,92036,2,6,1,3,PIERRE DE COUBERTIN (BOULEVARD) (G.SAND/ LOUIS CALMEL (RUE) (1),48.923016,2.286462
202000016444,6,5,2020,15,1,02,02131,2,9,1,3,chemin de la Fosselle,49.390991,3.381895
202000016445,6,5,2020,12,1,63,63026,1,1,1,1,Rue du Puy de Dome,45.674568,3.007824
202000016446,6,5,2020,12,1,50,50541,1,3,1,2,1 Route de Saint Denis,48.84572,-1.498822
202000016447,6,5,2020,15,1,974,97422,2,1,2,6,chemin du paille en queue,-21.241538,55.541781
202000016448,6,5,2020,21,2,63,63181,1,1,1,6,D207,46.0285062,3.1074078
202000016449,6,5,2020,16,1,80,80639,1,1,1,7,Chemin de Longpre,49.94356,2.303293
202000016450,6,5,2020,17,1,57,57565,1,1,7,7,Rédange,49.491772,5.905323
202000016451,5,5,2020,17,1,2A,2A271,1,6,1,3,D72,41.9519478,8.8112942
202000016452,6,5,2020,5,2,80,80015,2,1,1,6,Route Departementale 917,49.96327,2.983548
202000016453,5,5,2020,19,1,61,61290,1,1,1,6,Les Fonderies,48.686073,-0.259123
202000016454,26,4,2020,21,3,12,12215,1,1,2,7,D840,44.494916,2.386775
202000016455,6,5,2020,9,1,47,47239,1,1,1,1,D667,44.414923,0.562363
202000016456,30,4,2020,21,3,47,47135,1,1,3,6,Moulin à Eau,44.410041,0.443369
202000016457,6,5,2020,11,1,38,38560,2,1,1,6,Rue du Vallon de Lamartine,45.48392,5.47413
202000016458,5,5,2020,16,1,84,84017,1,1,1,6,164 Route de Mormoiron,44.107501,5.176436
202000016459,4,5,2020,17,1,26,26165,1,1,1,4,Route d'Allex,44.808114,4.858313
202000016460,5,5,2020,18,1,14,14157,1,1,1,6,Rue des Ormes (Bretteville-l'Orgueilleuse),49.173763,-0.540888
202000016461,17,3,2020,16,1,60,60533,2,3,1,3,297 Rue Georges Latapie,49.543468,2.746764
202000016462,6,5,2020,10,1,60,60030,1,1,1,7,d 927,49.3739106,2.1053491
202000016463,6,5,2020,7,1,45,45203,2,2,1,1,D18 - PR0+930,47.821803,1.7039
202000016464,23,4,2020,6,2,18,18281,1,1,1,6,D2076,47.207091,2.152591
202000016465,4,5,2020,5,2,18,18019,1,1,5,6,Route de Domery,47.187802,2.679645
202000016466,5,5,2020,20,2,16,16346,1,1,1,1,Ld Chez Nardon,45.231046,0.069212
202000016467,6,5,2020,11,1,21,21435,1,1,1,2,D971,47.88262,4.564079
202000016468,4,5,2020,20,1,17,17215,1,1,1,6,Le Fief des Brandes,45.466865,-0.465004
202000016469,6,5,2020,10,1,52,52008,1,1,1,6,D44,48.2360004,5.280134
202000016470,5,5,2020,18,2,973,97307,1,1,8,2,RN 4 - route de l'aéroport Félix Éboué,4.826271,-52.361784
202000016471,5,5,2020,17,1,38,38193,1,1,1,1,D1006,45.610904,5.209569
202000016472,6,5,2020,14,1,74,74268,2,2,1,3,165 Avenue d'Aix-les-bains (Seynod),45.883518,6.09841
202000016473,5,5,2020,17,1,25,25219,1,3,8,2,RD 461,47.139877,6.382198
202000016474,4,5,2020,17,1,975,97501,2,1,1,3,Rue Marcel helene,47.09781,-56.38226
202000016475,4,5,2020,7,1,973,97311,1,1,3,1,cd 9 pk 8,5.5500389,-53.9370775
202000016476,5,5,2020,15,1,13,13115,1,1,1,6,D22,43.683853,5.193733
202000016477,4,5,2020,7,1,38,38558,2,1,1,7,Route de Marennes,45.58631,4.91397
202000016478,4,5,2020,16,1,40,40182,2,6,1,-1,Avenue du Born,44.075481,-1.166954
202000016479,4,5,2020,5,3,13,13015,1,1,1,4,A51-Sens Marseille vers Aix en Provence,43.44147,5.39634
202000016480,4,5,2020,1,5,69,69266,1,1,1,-1,RD 383  ,45.7688,4.9038
202000016481,5,5,2020,14,1,91,91687,1,1,2,7,AUTOROUTE A6,48.665,2.3639
202000016482,5,5,2020,14,1,78,78297,1,1,8,6,RN12,48.787925,2.063006
202000016483,5,5,2020,18,1,95,95061,1,1,8,7,RN 104,49.06836,2.25211
202000016484,5,5,2020,15,1,93,93005,1,1,1,2,AUTOROUTE A3,48.93078,2.48074
202000016485,4,5,2020,18,1,93,93048,1,1,1,6,AUTOROUTE A86,48.86284,2.48301