Num_Acc,jour,mois,an,hr,condition_eclairage,departement,commune,condition_agglomeration,intersection,condition_atmosphere,type_collision,adresse,lattitude,longitude
202000016486,5,5,2020,15,1,77,77169,1,1,1,4,A4.Y,48.8316661,2.6015335
202000016487,25,2,2020,17,1,66,66136,2,1,1,-1,POINCARE (BOULEVARD HENRI),42.69132,2.89626
202000016488,26,2,2020,17,1,27,27375,2,9,7,6,CANAL (RUE DU),49.2186,1.1787
202000016489,1,1,2020,12,1,75,75107,2,7,8,7,PLACE DE L ECOLE MILITAIRE,48.854485,2.305809
202000016490,1,1,2020,1,5,75,75101,2,1,1,6,RUE DE RIVOLI,48.863358,2.333329
202000016491,1,1,2020,17,5,75,75101,2,1,2,6,BOULEVARD DE SEBASTOPOL,48.8581728,2.3480313
202000016492,5,5,2020,10,1,988,98818,2,3,8,7,ROUTE DE L'ANSE VATA/COMMANDANT RIVIERE,-22.2857,166.44798
202000016493,5,5,2020,0,5,69,69259,2,1,1,6,REPUBLIQUE (DE LA)                  (AV),45.7068746,4.8729358
202000016494,4,5,2020,8,1,972,97213,1,1,1,2,ROUTE DEPARTEMENTALE 3 BIS,14.628944,-60.989353
202000016495,30,4,2020,8,1,91,91457,2,6,1,3,CD 19,48.57432,2.26016
202000016496,10,4,2020,16,1,91,91552,2,1,1,6,PARC (IMPASSE DU),48.59854,2.25524
202000016497,5,4,2020,15,1,91,91021,2,3,1,3,Avenue de Verdun,48.58415,2.24435
202000016498,1,5,2020,2,5,76,76351,2,1,1,6,JULES DURAND (BD),49.49077,0.16016
202000016499,30,4,2020,15,1,71,71306,2,2,2,3,Rue de la Ferme,46.6685136,4.3616894
202000016500,3,5,2020,2,5,64,64122,2,1,1,6,DOMREMY(RD-PT),43.48352,-1.5435
202000016501,4,5,2020,5,5,63,63063,2,1,1,3,VERTE (RUE),45.8412718,3.1171698
202000016502,2,5,2020,16,1,56,56121,2,3,2,3,Rue du Soleil d'Orient,47.73511,-3.39414
202000016503,1,5,2020,23,4,56,56021,2,6,1,6,Avenue Général de Gaulle,47.79028,-3.1898
202000016504,30,4,2020,13,1,49,49007,2,1,1,3,COUBERTIN BOULEVARD,47.46175,-0.53252
202000016505,4,5,2020,16,1,45,45232,1,1,1,7,Avenue Roger Secretain,47.87076,1.91204
202000016506,4,5,2020,18,1,33,33281,2,6,1,6,AVE ROLAND GARROS / RUE CAMILLE FLAMMARION,44.82906,-0.68756
202000016507,2,5,2020,21,2,31,31555,2,1,1,7,RUE ARISTIDE MAILLOL,43.57853,1.39654
202000016508,2,5,2020,21,5,31,31555,2,1,1,7,RUE DE LA CHAUSSEE,43.59181,1.44153
202000016509,4,5,2020,14,1,30,30028,2,1,1,1,MAYRE (AVENUE DE LA),44.15779,4.6235
202000016510,3,5,2020,19,1,27,27681,2,1,1,1,ANDRE (RUE GEORGES),49.07613,1.48728
202000016511,3,5,2020,6,3,15,15014,1,1,2,6,CRETES (ROUTE DES),44.94176,2.44679
202000016512,2,5,2020,19,1,13,13206,2,2,1,3,ARMENY (RUE D'),43.29116,5.38067
202000016513,4,5,2020,10,1,75,75105,2,2,1,6,BOULEVARD SAINT MICHEL,48.841754,2.337756
202000016514,4,5,2020,12,1,94,94076,2,9,1,7,PARIS (AV DE),48.8041647,2.3641778
202000016515,4,5,2020,17,1,92,92020,2,1,1,7,VERDUN AVENUE DE AUTRES N°,48.79802,2.279
202000016516,4,5,2020,10,1,92,92044,2,2,1,6,VOLTAIRE(RUE)53A81 ET 42A62,48.893869,2.288762
202000016517,4,5,2020,14,1,91,91340,2,1,1,1,6 Rue Leonard Vinci,48.602601,2.410082
202000016518,4,5,2020,15,1,38,38492,1,1,1,2,D1075,44.963674,5.635858
202000016519,5,5,2020,8,1,89,89395,2,1,2,6,Chemin des fossés,48.1775808,3.5152499
202000016520,4,5,2020,12,1,51,51274,1,1,1,7,D68,49.0433952,4.7737728
202000016521,4,5,2020,9,1,79,79025,1,1,1,1,,46.608984,-0.337561
202000016522,5,5,2020,17,1,47,47111,1,1,1,6,D666,44.369499,0.468292
202000016523,5,5,2020,16,1,02,02096,1,1,1,6,D64,49.741053,3.638256
202000016524,4,5,2020,20,1,64,64495,1,3,1,3,Rue Oihan Bidea,43.365297,-1.544727
202000016525,5,5,2020,20,2,07,07027,1,1,1,7,D86,44.817707,4.805467
202000016526,18,1,2020,4,3,30,30116,1,1,1,7,D19,43.919909,4.596079
202000016527,2,5,2020,11,1,49,49041,1,9,8,5,17 Route des Joutières,47.288225,0.047636
202000016528,3,4,2020,20,3,971,97129,2,1,1,7,Morne Rouge,16.3053255,-61.6564513
202000016529,1,5,2020,17,1,978,97801,2,1,1,3,rue Jean-Luc Hamlet,18.077963,-63.029051
202000016530,4,5,2020,23,3,07,07322,1,1,1,6,Route de Luzet,44.671667,4.199674
202000016531,5,5,2020,3,5,33,33322,2,6,1,7,D1,44.94475,-0.69134
202000016532,4,5,2020,16,1,93,93066,1,1,1,7,AUTOROUTE A1,48.9185,2.3576
202000016533,3,5,2020,15,1,65,65440,2,2,1,6,LECLERC (ALLEES GENERAL),43.2304,0.0732
202000016534,3,5,2020,19,1,64,64024,2,1,1,7,BAHINOS (ROUTE DE),43.4925,-1.51749
202000016535,2,5,2020,11,1,62,62178,2,9,1,6,FESTEUX ( DES ),50.48873,2.543232
202000016536,2,5,2020,5,2,59,59009,2,2,1,3,BREUCQ BOULEVARD DU,50.643589,3.144464
202000016537,3,5,2020,4,3,42,42184,1,1,2,7,Chemin des Moulins,46.0309529,4.0110971
202000016538,2,5,2020,16,1,35,35238,2,1,2,6,LEROUX (BD OSCAR),48.09156,-1.66518
202000016539,3,5,2020,20,2,13,13208,2,1,1,2,HAIFA (AVENUE),43.251607,5.390533
202000016540,3,5,2020,18,1,13,13213,2,1,1,4,CHARLES SUSINI (TRAVERSE),43.338197,5.416231
202000016541,3,5,2020,19,1,75,75113,2,3,1,3,BOULEVARD KELLERMANN,48.820924,2.354961
202000016542,3,5,2020,18,1,94,94068,2,2,1,3,CARNOT (AV),48.798119,2.487058
202000016543,3,5,2020,18,1,94,94046,2,1,1,6,GENERAL DE GAULLE (AV DU),48.80878,2.42449
202000016544,3,5,2020,17,1,94,94043,2,2,1,7,FONTAINEBLEAU (AV DE),48.814563,2.360766
202000016545,3,5,2020,16,1,93,93053,2,3,1,3,ROSNY (AVENUE DE) N° 53 A 243,48.8933,2.4707
202000016546,3,5,2020,20,1,93,93048,2,2,1,1,PARMENTIER (RUE),48.859699,2.433708
202000016547,3,5,2020,20,1,93,93014,2,9,1,1,AV DE SEVIGNE,48.91285,2.54854
202000016548,3,5,2020,16,1,93,93008,2,9,2,3,PARIS (RUE DE),48.8997581,2.4489232
202000016549,13,3,2020,9,1,93,93001,2,6,1,6,R DE SAINT DENIS / R DES BERGERIES,48.92168,2.37572
202000016550,30,4,2020,19,2,85,85158,2,1,1,1,Rue du Château,46.46036,-0.98837
202000016551,4,5,2020,14,1,41,41256,1,1,1,2,A71,47.316745,2.050066
202000016552,8,4,2020,19,1,87,87148,1,1,1,2,A20,45.723084,1.348896
202000016553,3,5,2020,11,1,77,77314,2,1,1,7,Rue d'Onoz - D215,48.828869,3.437889
202000016554,4,5,2020,18,1,74,74131,2,1,7,1,980 Route de Moisy,46.022584,5.925254
202000016555,3,5,2020,14,1,33,33408,1,1,1,7,19 Route de Camblanes,44.7647,-0.383488
202000016556,3,5,2020,18,1,04,04059,1,1,1,7,RD 19,43.989395,6.385878
202000016557,23,1,2020,16,1,92,92036,2,2,1,1,JEAN JAURES (RUE) (2),48.93315,2.29413
202000016558,24,1,2020,17,1,92,92025,2,2,1,1,YOURI GAGARINE (RUE)/ EDGARD QUINET (BD),48.92564,2.247183
202000016559,24,1,2020,16,1,92,92025,2,2,1,1,STALINGRAD (AV DE),48.9317247,2.2667242
202000016560,23,1,2020,20,5,92,92025,2,3,1,3,ORGEMONT (AV D'),48.931168,2.2726789
202000016561,23,1,2020,22,5,92,92023,2,9,1,2,GARDE (PLACE DU) S101,48.8032,2.2571
202000016562,24,1,2020,2,1,92,92012,2,1,1,7,ALPHONSE LE GALLO (QUAI) ,48.835165,2.225629
202000016563,24,1,2020,22,5,92,92007,2,2,1,6,PETIT (AVENUE ALBERT) N° 1 A 37,48.7958855,2.3171412
202000016564,24,1,2020,11,1,80,80016,2,1,1,7,Chemin Croise de Bellevue,49.993616,2.657265
202000016565,24,1,2020,23,5,33,33001,1,3,1,1,RD1089 / RD17 - Lieu Dit Tripoteau,44.99452,-0.12779
202000016566,25,1,2020,13,1,81,81139,2,1,1,6,16 Rue Edmond Michelet,43.703219,2.13764
202000016567,23,1,2020,7,1,972,97210,1,1,1,1,N6,14.607536,-60.893741
202000016568,25,1,2020,7,3,22,22084,1,9,5,7,"RN 12, sortie Le Bois Orieux",48.366571,-2.327299
202000016569,24,1,2020,2,3,34,34036,1,1,3,2,A75,43.680676,3.379833
202000016570,20,1,2020,17,2,34,34270,2,2,2,3,D613,43.571126,3.813179
202000016571,25,1,2020,1,3,56,56248,1,1,9,6,Le Manéguen,47.56228,-2.651095
202000016572,24,1,2020,23,3,74,74267,1,1,1,7,542 route du col de leschaux,45.858557,6.138235
202000016573,25,1,2020,12,1,76,76622,1,1,5,1,D81,49.477215,0.602193
202000016574,25,1,2020,7,3,80,80187,1,1,5,1,D1001,49.965604,2.16907
202000016575,25,1,2020,2,5,80,80137,2,1,8,6,24 route de la chapelle,49.9322181,2.183758
202000016576,24,1,2020,21,3,41,41126,1,1,1,2,Autoroute A85 PK 148.730,47.296084,1.315012
202000016577,25,1,2020,3,5,81,81192,2,1,1,6,Rue de la République,43.6864414,2.8529052
202000016578,24,1,2020,20,3,55,55181,1,1,5,1,D603,49.2114191,5.6082968
202000016579,24,1,2020,23,3,49,49308,1,3,5,6,D123,47.368089,-0.485692
202000016580,22,1,2020,8,2,44,44183,1,2,8,3,Route de la Turballe / Route de la Bastille,47.387593,-2.435585
202000016581,23,1,2020,15,1,29,29097,2,6,7,3,Rue de la Tannerie,48.4939314,-4.0468605
202000016582,25,1,2020,9,1,03,03073,1,1,1,6,1805 route des Vignes,46.4799485,3.2962943
202000016583,25,1,2020,10,1,70,70002,1,1,1,6,D56,47.774,5.957121
202000016584,25,1,2020,15,1,58,58083,2,1,1,7,Avenue Jules Renard,47.253707,3.677266
202000016585,25,1,2020,14,1,50,50582,2,1,9,6,7 Place du Champ de Foire,48.721579,-0.916715
202000016586,25,1,2020,12,1,45,45030,1,1,1,3,D28,48.08659,2.435043
202000016587,25,1,2020,3,3,64,64398,1,9,1,6,Départementale 62,43.353112,-0.014495
202000016588,24,1,2020,20,5,64,64405,2,1,1,6,25 Rue du Bourg Neuf,43.348682,-0.259734
202000016589,24,1,2020,21,3,04,04166,1,1,1,6,RD 953,43.840919,6.10548
202000016590,22,1,2020,13,1,27,27116,2,9,1,2,3 Rue de la Cabotière,49.189116,0.723376
202000016591,25,1,2020,6,3,37,37050,1,1,1,3,D910,47.3148822,0.7115439
202000016592,23,1,2020,18,1,987,98734,1,1,1,6,RT 01 - PK 36 + 600,-17.723379,-149.50573
202000016593,25,1,2020,4,3,01,01151,1,1,1,7,A40,46.0735222,5.3147409
202000016594,22,1,2020,7,1,38,38397,1,1,1,4,A41,45.22763,5.82678
202000016595,25,1,2020,9,1,55,55237,1,1,5,5,A4,49.118321,5.531745
202000016596,24,1,2020,21,3,987,98729,2,1,1,1,pk 25 tiahura,-17.533189,-149.838611
202000016597,25,1,2020,19,4,988,98817,2,1,2,6,RPS1,-22.2296,166.551876
202000016598,25,1,2020,13,1,988,98821,1,1,1,6,RT1 HAUTEUR KATIRAMONA,-22.137088,166.423771
202000016599,24,1,2020,22,5,973,97304,2,2,1,1,Avenue du General de Gaulle,5.154424,-52.64333
202000016600,22,1,2020,5,3,77,77274,1,2,1,3,D401 - D38,49.0330927,2.8966574
202000016601,24,1,2020,18,3,78,78077,1,1,5,6,D80,48.673503,1.648968
202000016602,25,1,2020,12,1,34,34240,1,1,8,2,N113,43.654242,3.985494
202000016603,25,1,2020,7,2,13,13030,1,1,1,2,D8n,43.264863,5.743296
202000016604,24,1,2020,16,1,13,13015,1,1,1,2,D8n,43.418492,5.378988
202000016605,25,1,2020,0,3,38,38442,1,1,1,6,La Diat,45.34069,5.81405
202000016606,24,1,2020,16,1,81,81162,1,4,1,3,Lieu Dit Scopont,43.584588,1.810255
202000016607,25,1,2020,12,1,31,31401,1,1,1,6,53 Route de Saint-léon,43.409619,1.528698
202000016608,24,1,2020,18,5,85,85178,2,6,1,6,27 Boulevard des Deux Moulins,46.770501,-1.505835
202000016609,23,1,2020,10,1,13,13005,1,1,1,4,Sens Aubagne vers Marseille,43.28868,5.56098
202000016610,22,1,2020,9,1,13,13001,1,1,1,2,A51-Sens Aix en Provence vers Marseille,43.4848,5.4082
202000016611,24,1,2020,7,1,83,83137,1,1,1,4,A50,43.12506,5.90625
202000016612,20,1,2020,9,1,59,59146,1,1,5,2,AUTOROUTE A27,50.602828,3.215028
202000016613,24,1,2020,18,3,91,91363,1,1,1,3,RN 104,48.63425,2.21772
202000016614,24,1,2020,18,3,91,91339,1,1,1,3,RN 104,48.62403,2.26598
202000016615,24,1,2020,9,1,91,91689,1,1,1,2,AUTOROUTE A6,48.72938,2.3144
202000016616,23,1,2020,23,3,91,91659,1,1,1,4,AUTOROUTE A6,48.5848,2.45366
202000016617,24,1,2020,8,5,78,78640,1,1,1,3,A12 Y,48.778611,2.222573
202000016618,24,1,2020,19,3,95,95582,1,1,1,7,RD 170,48.9628,2.2637
202000016619,17,1,2020,18,5,92,92025,2,2,1,1,CHARLES DE GAULLE (BD),48.9180202,2.2243452
202000016620,23,1,2020,18,5,69,69387,2,1,1,3,ABBE BOISARD (DE L')                (R ),45.74973,4.85435
202000016621,23,1,2020,16,1,69,69383,2,1,1,6,PAUL BERT                           (R ),45.757,4.8595
202000016622,23,1,2020,8,1,972,97209,2,1,1,2,BISHOP (Avenue Maurice),14.60382,-61.06115
202000016623,23,1,2020,9,1,91,91432,1,1,1,4,D 118,48.709384,2.351541
202000016624,21,1,2020,8,1,90,90010,2,1,1,3,FERRETTE (RUE DE),47.653151,6.84468
202000016625,23,1,2020,7,5,87,87050,2,1,1,4,RD947,45.90203,1.22522
202000016626,22,1,2020,10,1,86,86194,2,1,1,3,Avenue John Kennedy,46.57382,0.37097
202000016627,22,1,2020,15,1,86,86194,2,1,1,3,Avenue du 11 Novembre,46.5662,0.36329
202000016628,21,1,2020,12,1,86,86194,2,1,1,1,Avenue de Paris,46.6111545,0.3485155
202000016629,10,1,2020,0,3,84,84007,2,1,1,3,SAINT ROCH (Boulevard),43.94244,4.80891
202000016630,23,1,2020,7,2,81,81065,2,3,1,3,SIDOBRE RD 622 (AV. DU),43.61835,2.2701
202000016631,22,1,2020,19,5,80,80021,1,1,1,7,ROCADE NORD RN 1,49.9239105,2.327401
202000016632,22,1,2020,15,1,79,79191,2,1,1,3,110 Avenue de Limoges,46.31941,-0.45006
202000016633,23,1,2020,11,1,77,77284,2,3,1,2,VICTOIRE (AV.DE LA) - D603,48.95656,2.904704
202000016634,23,1,2020,13,1,77,77037,2,1,7,6,DOUMER ( AVENUE PAUL) - D115,48.475974,2.693596
202000016635,22,1,2020,22,3,67,67482,2,1,1,6,LA ROCHELLE (RUE DE),48.53912,7.7877
202000016636,22,1,2020,11,1,67,67482,2,3,1,3,CLEMENCEAU (BOULEVARD),48.59057,7.74461
202000016637,22,1,2020,20,3,66,66136,1,1,1,2,NOGUERE,42.72108,2.90301
202000016638,23,1,2020,15,1,64,64348,2,1,1,4,ERCKMAN CHATRIAN,43.32648,-0.38862
202000016639,23,1,2020,6,5,64,64348,2,6,2,2,SANTONA DE,43.32088,-0.39159
202000016640,22,1,2020,20,5,63,63113,2,1,1,6,MONTLOSIER (RUE),45.7812536,3.0908833
202000016641,21,1,2020,20,5,62,62126,2,1,5,3,LILLE ( ROUTE DE ),50.5151737,2.6869997
202000016642,23,1,2020,19,5,59,59599,2,2,1,2,FOREST (CHAUSSEE FERNAND),50.73794,3.16229
202000016643,22,1,2020,8,1,54,54547,2,3,8,6,GOETHE (RUE),48.6598948,6.1798471
202000016644,23,1,2020,16,1,51,51172,2,6,1,7,Boulevard d’Alsace Lorraine,49.2198415,4.0406575
202000016645,23,1,2020,14,1,51,51454,2,1,1,3,Avenue de Champagne,49.2348006,4.0413023
202000016646,22,1,2020,18,5,49,49007,2,1,1,3,TREILLE,47.46196,-0.52912
202000016647,22,1,2020,16,1,49,49007,2,1,1,6,SEMARD PLACE,47.46505,-0.55927
202000016648,23,1,2020,21,5,45,45169,2,1,1,6,Rue du Moulin,47.91336,1.80861
202000016649,23,1,2020,9,1,45,45208,2,1,1,6,R DE LA SIRENE,48.002021,2.726457
202000016650,23,1,2020,7,5,44,44184,2,1,1,6,Rue Thomas Edison,47.2923087,-2.2894234
202000016651,23,1,2020,7,5,44,44162,2,1,1,-1,N844,47.203863,-1.622921
202000016652,23,1,2020,6,5,42,42184,2,1,1,1,Rue du Fuyant,46.0427518,4.0527699
202000016653,23,1,2020,9,1,37,37233,2,1,1,6,JAURES (RUE JEAN),47.3910064,0.725619
202000016654,23,1,2020,8,1,37,37261,2,2,1,6,JEMMAPES (RUE),47.4211682,0.6835396
202000016655,23,1,2020,7,2,37,37195,2,1,1,6,TONNELLE (BOULEVARD),47.3909685,0.6680538
202000016656,9,1,2020,23,5,36,36044,2,2,1,3,AV DU PONT NEUF/ RUE CHATEAU RAOUL,46.8126548,1.6848028
202000016657,10,1,2020,7,3,36,36044,2,1,1,2,ROUTE DE VELLES,46.78733,1.69088
202000016658,10,1,2020,22,3,36,36063,1,1,1,6,ROUTE DEPARTEMENTALE 956,46.86981,1.66133
202000016659,23,1,2020,7,1,35,35238,1,1,1,2,RN 136 PORTE D'ANGERS,48.082082,-1.645976
202000016660,23,1,2020,8,2,35,35238,2,6,1,3,BELGIQUE (DE),48.08692,-1.68559
202000016661,23,1,2020,21,5,33,33281,1,3,3,5,Av.RENE CASSIN /  A630 (E11b) Bretelle,44.83215,-0.67415
202000016662,23,1,2020,20,5,33,33281,2,2,2,1,AVE DE SAINT-MEDARD / AVE DE LA LIBERATIONVE DE L'HIPPODROME,44.86122,-0.64215
202000016663,23,1,2020,20,5,33,33281,2,2,3,1,AVE DE FONCASTEL / AVE PIERRE MENDES FRANCE,44.83599,-0.64109
202000016664,23,1,2020,21,5,33,33069,2,2,2,2,BD PIERRE 1ER / AVE DE TIVOLI,44.85706,-0.59115
202000016665,23,1,2020,17,2,33,33167,1,1,2,6,PENETRANTE EST (D936),44.84419,-0.51242
202000016666,23,1,2020,8,1,33,33162,2,3,1,1,RUE GASTON SAUX / RUE DU COLLEGE TECHNIQUE,44.88383,-0.62967
202000016667,23,1,2020,1,5,33,33069,2,3,8,7,RUE DE CAUDERAN / RUE CONSTANT,44.86289,-0.61144
202000016668,6,1,2020,19,3,30,30189,1,3,1,3,KENNEDY (AVENUE),43.81763,4.30117
202000016669,22,1,2020,21,3,29,29051,2,1,1,7,Route du Cimetière,47.9962196,-4.0280311
202000016670,23,1,2020,8,1,29,29019,2,1,1,3,530 Avenue de Tallinn,48.3897098,-4.5255951
202000016671,20,1,2020,15,1,27,27229,2,2,1,-1,NORMANDIE (BOULEVARD DE),49.019511,1.139059
202000016672,18,1,2020,17,2,17,17306,1,1,1,3,EXPRESS (VOIE),45.619955,-0.992858
202000016673,22,1,2020,21,3,17,17200,1,1,1,7,RN237,46.178555,-1.157646
202000016674,23,1,2020,20,5,13,13206,2,1,1,6,SAINTE-CECILE (RUE),43.2886,5.3969
202000016675,23,1,2020,17,1,13,13204,2,1,1,2,ALEX. FLEMING (BOULEVARD),43.316576,5.3961807
202000016676,23,1,2020,9,1,13,13202,2,1,8,2,BONNETERIE (RUE),43.297153,5.371611
202000016677,22,1,2020,15,1,13,13206,2,2,1,2,STANISLAS TORRENTS (RUE),43.28833,5.37795
202000016678,23,1,2020,23,3,13,13047,1,1,2,7,Rue d'Olympie,43.513496,4.964306
202000016679,22,1,2020,11,1,13,13005,2,1,1,3,RD 2 route de la légion (CAMP MAJOR),43.287216,5.531343
202000016680,24,1,2020,0,3,13,13004,1,1,3,6,VC 35 CH DE L'ESTIVAGE,43.6616469,4.6415143
202000016681,23,1,2020,7,2,10,10362,2,1,1,4,GENERAL LECLERC (RUE DU),48.29875,4.02379
202000016682,23,1,2020,13,1,06,06069,2,1,1,6,DE GAULLE (AVENUE DU GENERAL),43.656675,6.919753
202000016683,23,1,2020,8,1,06,06027,2,6,1,3,SCHUMAN ROND POINT MAURICE,43.6709,7.16375
202000016684,21,1,2020,18,4,75,75119,2,1,1,2,BD PERIPHERIQUE INTERIEUR  ,48.8977699,2.3937374
202000016685,21,1,2020,19,5,75,75113,2,1,1,2,BD PERIPHERIQUE EXTERIEUR,48.8162498,2.3638979
202000016686,21,1,2020,17,5,75,75105,2,2,1,-1,BOULEVARD DE PORT ROYAL,48.837683,2.345522
202000016687,23,1,2020,16,1,75,75120,2,2,1,3,RUE BELGRAND,48.864702,2.404142
202000016688,23,1,2020,22,5,75,75119,2,1,1,6,AVENUE CORENTIN CARIOU,48.8967203,2.384782
202000016689,23,1,2020,12,1,75,75119,2,1,8,2,AVENUE SECRETAN,48.8814228,2.3728171
202000016690,23,1,2020,11,1,75,75119,2,3,1,6,RUE CURIAL,48.8946019,2.3741293
202000016691,22,1,2020,22,5,75,75118,2,5,1,2,RUE CAULAINCOURT,48.8846441,2.3296581
202000016692,23,1,2020,22,5,75,75117,2,2,1,3,RUE DE ROME,48.885684,2.3168467
202000016693,22,1,2020,16,1,75,75115,2,1,1,6,RUE CAMBRONNE,48.843213,2.302514
202000016694,21,1,2020,22,5,75,75115,2,3,1,2,RUE DE VAUGIRARD,48.8406112,2.3049795
202000016695,23,1,2020,14,1,75,75114,2,1,1,3,RUE VERCINGETORIX,48.8292205,2.3065228
202000016696,23,1,2020,10,1,75,75114,2,2,1,3,AVENUE DU GENERAL LECLERC,48.8230431,2.3254953
202000016697,23,1,2020,8,1,75,75114,2,1,1,6,PLACE DU VINGT CINQ AOUT 1944,48.8226846,2.3250451
202000016698,22,1,2020,11,1,75,75114,2,5,1,3,AVENUE DU MAINE,48.837577,2.3229271
202000016699,23,1,2020,15,1,75,75113,2,3,1,6,AVENUE DE LA PORTE DE VITRY,48.8229732,2.3778056
202000016700,23,1,2020,11,1,75,75113,2,1,1,3,RUE DUNOIS,48.8326832,2.3668753
202000016701,22,1,2020,10,1,75,75112,2,3,1,2,BOULEVARD DE LA GUYANE,48.8431837,2.4145192
202000016702,23,1,2020,18,5,75,75110,2,1,1,6,RUE DU FAUBOURG SAINT DENIS,48.8820574,2.3585537
202000016703,23,1,2020,19,5,75,75107,2,7,1,3,PLACE JOFFRE,48.852686,2.3030921
202000016704,23,1,2020,7,1,94,94080,2,1,1,1,LAGNY (R DE),48.849011,2.424767
202000016705,21,1,2020,12,1,94,94068,2,2,7,3,CHAMPIGNY (BD DE),48.80947,2.50965
202000016706,23,1,2020,15,1,94,94022,2,1,1,3,ALFORTVILLE (AV D),48.7706,2.41337
202000016707,23,1,2020,12,1,94,94069,2,1,1,6,EPINETTES (R DES),48.82045,2.41992
202000016708,23,1,2020,17,5,94,94017,2,1,1,6,BOILEAU (AV),48.80629,2.54576
202000016709,23,1,2020,7,2,94,94044,2,1,9,3,JEAN MONNET (R),48.75701,2.47789
202000016710,16,1,2020,16,1,93,93066,2,9,1,2,BD ANATOLE FRANCE,48.926626,2.3517592
202000016711,23,1,2020,7,5,93,93050,2,1,1,6,AV LEON BLUM,48.8677,2.53334
202000016712,23,1,2020,13,1,93,93048,2,9,1,6,ARISTIDE BRIAND (BOULEVARD),48.8699635,2.4499471
202000016713,22,1,2020,8,1,92,92078,2,9,1,5,MOULIN CAGE (QUAI),48.92326,2.32795
202000016714,21,1,2020,10,1,92,92075,2,1,1,6,JEAN BLEUZEN (RUE),48.82291,2.295516
202000016715,23,1,2020,8,1,92,92072,2,1,1,1,GRANDE RUE,48.82184,2.20525
202000016716,22,1,2020,9,1,92,92063,2,2,1,3,COLMAR (AVENUE DE),48.8871775,2.1795362
202000016717,23,1,2020,18,2,92,92062,2,3,1,6,PARMENTIER (RUE),48.8784239,2.2390426
202000016718,23,1,2020,13,1,92,92044,2,1,1,6,"VILLIERS (RUE DE, N° 21 A 59)",48.890528,2.2792783
202000016719,22,1,2020,12,1,92,92051,2,5,1,3,"CHARLES DE GAULLE (AVENUE, N°27 A 129)",48.8815565,2.2713818
202000016720,22,1,2020,16,1,92,92050,2,2,1,3,SAULES RUE DES,48.909829,2.215598
202000016721,20,1,2020,14,1,92,92025,2,1,1,6,MARCEAU (BD),48.9295214,2.2640526
202000016722,23,1,2020,20,5,92,92002,2,1,1,6,BACONNETS (PLACE DES),48.7390562,2.2890912
202000016723,20,1,2020,7,2,47,47091,1,1,1,1,D656e,44.170707,0.581496
202000016724,23,1,2020,17,1,08,08013,1,9,1,3,3 Rue Saint Medard,49.640271,4.984049
202000016725,24,1,2020,9,1,62,62256,1,1,5,3,D343,50.478319,2.196579
202000016726,24,1,2020,14,1,01,01359,1,2,1,3,Intersection RD7 / RD27E,46.072814,5.04384
202000016727,22,1,2020,12,1,01,01156,1,2,7,3,D22,45.913161,5.118577
202000016728,24,1,2020,15,1,74,74167,1,1,1,1,RD 1508,45.765495,6.361277
202000016729,24,1,2020,10,1,33,33001,1,3,1,5,RD1089 / RD 17 - Lieu Dit Tripoteau,44.99451,-0.12779
202000016730,23,1,2020,12,1,18,18241,2,1,7,2,24 Rue Creuse,47.337819,2.833684
202000016731,22,1,2020,19,3,57,57629,1,1,1,7,D46b,48.77383,7.075496
202000016732,23,1,2020,9,1,62,62571,2,2,1,3,Rue Auguste Biblocq,50.455421,1.613504
202000016733,23,1,2020,12,1,59,59074,2,1,1,6,52 Rue Gustave Delory,50.088002,3.435277
202000016734,24,1,2020,11,1,89,89419,1,1,7,6,D955,47.751732,3.294268
202000016735,24,1,2020,8,2,61,61168,2,7,1,6,19 Place du Général Leclerc,48.589736,-0.357364
202000016736,23,1,2020,18,3,42,42222,1,1,9,1,Route de Bellegarde,45.613962,4.310127
202000016737,23,1,2020,15,1,47,47252,1,1,1,6,D911,44.387719,0.557063
202000016738,23,1,2020,18,3,47,47147,1,1,2,5,Tournillat,44.634723,0.198408
202000016739,16,1,2020,23,3,22,22152,1,6,1,7,1 Impasse de Pont Losquet,48.760312,-3.293999
202000016740,24,1,2020,16,1,31,31045,1,1,1,5,RN 125,43.023608,0.614961
202000016741,23,1,2020,20,3,85,85093,1,6,1,3,,46.65391,-1.229911
202000016742,24,1,2020,9,1,10,10209,1,1,7,-1,D1f,48.263677,4.248683
202000016743,17,1,2020,7,1,04,04172,1,3,1,3,RD 952 / voie privée,43.846337,6.164632
202000016744,23,1,2020,10,1,27,27116,2,2,1,-1,rue du marechal FOCH,49.195838,0.717389
202000016745,23,1,2020,8,2,76,76533,1,1,8,6,Échangeur entre A29 et A131 (Embranchement d'autoroute),49.49896,0.273628
202000016746,14,1,2020,18,3,35,35240,1,2,3,3,la Bouvardière,48.102616,-1.814661
202000016747,13,7,2020,10,1,57,57606,1,1,7,2,autoroute A4 pk 361+400,49.135873,6.700941
202000016748,11,7,2020,17,1,34,34172,1,1,1,2,A709,43.596373,3.910216
202000016749,15,7,2020,14,1,27,27701,1,1,1,2,A13,49.2486608,1.1765766
202000016750,14,7,2020,23,3,45,45082,1,1,2,1,D2060-PK 68+1,47.890331,2.266236
202000016751,15,7,2020,8,1,77,77098,1,1,1,1,D209,48.5964589,3.1044519
202000016752,10,7,2020,16,1,77,77343,1,3,1,2,RD-3,49.021266,3.036754
202000016753,15,7,2020,16,1,77,77107,1,1,1,1,N36,48.6609163,2.8091923