Num_Acc,jour,mois,an,hr,condition_eclairage,departement,commune,condition_agglomeration,intersection,condition_atmosphere,type_collision,adresse,lattitude,longitude
202000016754,15,7,2020,1,4,91,91044,1,9,1,2,31 Route d'Orléans,48.6769,2.282388
202000016755,14,7,2020,17,1,2B,2B185,2,1,1,2,Chioso Tondo,42.662571,9.315382
202000016756,15,7,2020,14,1,2B,2B042,1,1,1,6,D107,42.585887,9.506435
202000016757,14,7,2020,19,1,34,34162,1,2,1,3,Départementale 5,43.482197,3.53498
202000016758,15,7,2020,13,1,34,34146,1,2,1,-1,Route départementale 110E5,43.6733621,4.0837276
202000016759,13,7,2020,10,1,83,83107,1,1,1,7,Route Depart 8 Col du Bougnon,43.36731,6.676855
202000016760,14,7,2020,11,1,13,13034,1,1,1,4,D25,43.733957,4.943676
202000016761,14,7,2020,15,1,68,68329,1,1,1,4,D417,48.061819,7.047215
202000016762,15,7,2020,13,1,03,03229,1,1,1,6,,46.6922842,3.4272639
202000016763,14,7,2020,22,3,74,74229,1,1,1,3,RD 1206 - Route des Vouards,46.219915,6.30921
202000016764,14,7,2020,14,1,26,26129,2,2,1,6,Rue du Vercors,45.077858,5.178603
202000016765,14,7,2020,20,1,07,07315,1,1,1,1,D19,44.6207619,4.2218105
202000016766,14,7,2020,17,1,69,69138,1,1,1,6,D25,45.711268,4.535195
202000016767,14,7,2020,0,3,33,33393,2,1,1,6,22 Route de l'Europe,44.99004,-0.17754
202000016768,13,7,2020,20,2,13,13215,1,1,1,4,A7-Sens Lyon vers Marseille,43.37724,5.3579
202000016769,13,7,2020,9,1,13,13033,1,1,1,3,A55-Sens Martigues vers Marseille,43.38075,5.21273
202000016770,14,7,2020,19,1,92,92002,1,1,8,7,AUTOROUTE A86,48.7605185,2.2916459
202000016771,14,7,2020,10,1,78,78646,1,1,1,6,RN12,48.789147,2.129748
202000016772,14,7,2020,21,3,95,95277,1,4,8,6,AUTOROUTE A3,48.97468,2.48984
202000016773,14,7,2020,6,2,93,93053,1,1,1,6,AUTOROUTE A86,48.89182,2.47324
202000016774,4,5,2020,10,1,21,21166,2,1,1,6,HENRI BAZIN (BOULEVARD),47.295078,5.0115939
202000016775,13,7,2020,13,1,988,98818,2,3,1,3,RUE LUCIEN HERVOUET/FERNAND FOREST,-22.23963,166.4517
202000016776,13,7,2020,8,1,988,98818,2,1,1,6,PROMENADE ROGER LAROQUE,-22.30186,166.43525
202000016777,12,7,2020,18,3,974,97416,1,9,1,3,ROND POINT DE LA BALANCE,-21.32499,55.4463
202000016778,10,7,2020,16,1,974,97416,2,1,1,6,HIPPOLYTE  PIOT (RUE),-21.2991,55.4544
202000016779,13,7,2020,5,4,974,97416,2,1,1,3,PARADIS (LIGNE) (1),-21.32259,55.48498
202000016780,9,7,2020,14,1,974,97416,1,1,1,4,RN03,-21.33117,55.46538
202000016781,13,7,2020,3,3,974,97411,1,1,1,4,VINH-SAN (BLD 1 DU PRINCE),-20.8813613,55.4387932
202000016782,10,7,2020,17,1,974,97407,2,1,1,6,ROUTE DU SACRE COEUR,-20.957066,55.3145143
202000016783,13,7,2020,11,1,973,97302,2,1,1,3,BADUEL (ROUTE DE),4.9283943,-52.2935379
202000016784,13,7,2020,21,5,69,69259,2,1,1,6,MARTYRS DE LA RESISTANCE (DES)      (AV),45.69085,4.87018
202000016785,13,7,2020,8,1,69,69388,2,2,1,3,BATAILLE                            (R ),45.73683,4.87724
202000016786,13,7,2020,9,1,69,69389,2,1,1,6,BARTHELEMY BUYER                    (AV),45.7629455,4.8017094
202000016787,13,7,2020,17,1,2B,2B033,2,9,1,4,11 - RT,42.38,9.26
202000016788,13,7,2020,13,1,2A,2A004,2,3,7,-1,PERALDI NICOLAS AVENUE,41.9353805,8.7362823
202000016789,13,7,2020,8,1,95,95427,2,3,1,6,FRANCINE (IMPASSE),48.9626638,2.3336775
202000016790,10,7,2020,18,1,91,91223,2,3,1,3,PONT PERCE (CHEMIN DU),48.42682,2.14956
202000016791,11,7,2020,12,1,91,91223,2,1,1,6,GENERAL ROMANET (PLACE DU),48.43573,2.16169
202000016792,10,7,2020,18,1,89,89387,1,1,1,5,D606,48.18251,3.30354
202000016793,12,7,2020,15,1,87,87085,2,2,1,3,LECLERC (AVENUE DU GENERAL),45.85193,1.26487
202000016794,11,7,2020,12,1,87,87085,1,1,1,-1,Georges GUINGOUIN(rue),45.92387,1.30241
202000016795,11,7,2020,6,2,87,87085,2,2,1,6,DUMAS (AVENUE GEORGES),45.82721,1.26085
202000016796,10,7,2020,16,1,87,87085,2,1,1,3,MICHAUX (RUE PIERRE),45.87083,1.26845
202000016797,10,7,2020,10,1,84,84087,2,1,1,6,18 JUIN 1940 (AVENUE DU),44.1368205,4.800328
202000016798,12,6,2020,18,1,84,84007,2,2,1,3,MARIETON (Boulevard Paul),43.95176,4.82545
202000016799,8,7,2020,5,2,83,83137,2,1,1,3,TOESCA (BD PIERRE),43.12918,5.92629
202000016800,12,7,2020,3,5,83,83009,2,1,1,1,DE GAULLE (QUAI CHARLES),43.136326,5.757336
202000016801,13,7,2020,14,1,82,82121,2,2,1,3,CEINTURE (CHEMIN DE),44.03702,1.42244
202000016802,10,7,2020,17,1,80,80021,2,1,1,6,VANMARCKE (RUE),49.89607,2.30361
202000016803,10,7,2020,8,1,80,80021,2,1,2,6,DEJEAN (RUE),49.89079,2.31865
202000016804,13,7,2020,16,1,78,78123,2,7,7,6,CEZANNE RUE PAUL,48.9487,2.0355
202000016805,11,7,2020,15,1,77,77495,1,3,1,6,D.346,48.5575,2.6225
202000016806,12,7,2020,12,1,77,77013,1,1,1,7,BAS MESNIL (LIEU DIT) - D19A1,48.8448308,3.1049535
202000016807,7,7,2020,19,1,76,76681,1,1,1,2,INDUSTRIEL. BOULEVARD (CD 18E),49.41659,1.10776
202000016808,11,7,2020,21,1,76,76540,1,1,1,6,NANSEN. RUE FRIDTJOF,49.44811,1.05981
202000016809,11,7,2020,3,5,76,76552,2,1,1,-1,MAURICE TACONET,49.50375,0.0808
202000016810,10,7,2020,20,1,71,71270,2,1,1,2,LAMARTINE (QUAI),46.3052726,4.8357765
202000016811,11,7,2020,20,1,71,71105,1,2,1,3,BOIS D'ALIER (CHEMIN DU),46.2901845,4.7893548
202000016812,13,7,2020,23,5,69,69266,2,2,1,1,SOIE     (Rue de la),45.7624879,4.9157609
202000016813,13,7,2020,20,2,69,69266,2,1,1,6,TONKIN   (Rue du),45.77611,4.8648
202000016814,13,7,2020,16,1,69,69266,2,2,1,1,ROGER SALENGRO     (Avenue),45.77841,4.87926
202000016815,12,7,2020,15,1,69,69282,2,2,7,3,VERDUN (DE)                         (AV),45.77945,4.99691
202000016816,12,7,2020,0,5,67,67447,2,3,1,3,CHARME (RUE DU),48.6076381,7.7216592
202000016817,12,7,2020,16,1,66,66136,2,2,1,3,CAMUS AVENUE ALBERT,42.690397,2.910111
202000016818,12,7,2020,6,1,66,66136,1,1,1,6,R D 900,42.68094,2.87497
202000016819,13,7,2020,15,1,64,64335,2,1,7,3,JEAN JAURES,43.3168,-0.4273
202000016820,13,7,2020,21,2,64,64122,2,1,1,1,PORT VIEUX (RUE- ESPLANADE-PLACE DU,43.48142,-1.56879
202000016821,13,7,2020,22,5,60,60175,2,9,1,-1,Boulevard Salvador Allende,49.24936,2.47406
202000016822,11,7,2020,20,1,60,60159,2,1,1,6,Avenue du Maréchal de Lattre de Tassigny,49.40447,2.81769
202000016823,11,7,2020,8,1,59,59017,2,1,1,3,LAGRANGE (AVENUE LEO ),50.6947909,2.8900618
202000016824,13,7,2020,10,1,56,56107,2,2,7,6,DE GAULLE (GENERAL),47.70634,-3.3845
202000016825,11,7,2020,18,1,56,56107,2,1,1,7,LOCQUELTAS (RUE DE),47.70379,-3.388173
202000016826,10,7,2020,19,1,56,56036,1,1,1,4,RN 165,47.77535,-3.36546
202000016827,9,7,2020,7,2,54,54254,1,1,1,6,MOULIN (RUE DU),49.5012,5.81666
202000016828,12,7,2020,20,1,51,51454,2,1,1,1,Place Mozart,49.2387211,4.021257
202000016829,10,7,2020,20,1,51,51108,2,3,1,1,Avenue du Général Sarrail,48.9679947,4.363595
202000016830,12,7,2020,3,5,50,50602,2,4,1,6,BECQUEREL (RUE HNERI),49.647539,-1.58477
202000016831,10,7,2020,9,1,49,49328,2,1,2,7,FOUCHARD (RUE DU PONT),47.2436,-0.09692
202000016832,10,7,2020,20,1,49,49007,2,1,1,3,MONPLAISIR BOULEVARD,47.48912,-0.51926
202000016833,13,7,2020,17,1,45,45234,2,1,1,4,Avenue des Droits de l’Homme,47.9239243,1.9392871
202000016834,13,7,2020,14,1,45,45302,2,1,1,3,D2020 PR 22 + 500,47.9596266,1.8897631
202000016835,13,7,2020,8,1,45,45284,2,6,1,7,Avenue Louis-Joseph Soulas,47.90817,1.96846
202000016836,12,7,2020,2,5,34,34172,2,2,1,3,LIBERTE (AVENUE DE LA,43.611368,3.8287
202000016837,13,7,2020,7,1,34,34148,1,1,1,5,ROUTE DEPARTEMENTALE 612,43.36143,3.17658
202000016838,12,7,2020,13,1,34,34003,1,3,1,5,NEUF AGDE-LA TAMARISSIERE (L6 A G10,43.30342,3.45545
202000016839,14,7,2020,1,5,33,33075,2,3,1,3,AVE CHARLES DE GAULLE / AVE DE TERREFORT,44.88814,-0.61042
202000016840,13,7,2020,6,1,33,33281,2,6,7,3,AVE DE MAGUDAS / AVE DE LA LIBERATION,44.856161,-0.64389
202000016841,13,7,2020,8,1,33,33162,2,3,1,3,AVE DE L'HIPPODROME / RUE MARGUERITE DURAS,44.86302,-0.63965
202000016842,11,7,2020,22,5,31,31555,2,1,1,6,URSS (AV DE L) DU 1AU 73,43.58437,1.44777
202000016843,10,7,2020,18,1,31,31555,2,1,1,6,ALL FREDERIC MISTRAL,43.59401,1.45311
202000016844,10,7,2020,16,1,31,31555,2,1,1,3,131 Route d'Albi,43.63613,1.46407
202000016845,13,7,2020,14,1,30,30189,2,1,1,6,SAUVE (ROUTE),43.83752,4.32806
202000016846,11,7,2020,22,5,30,30189,2,1,1,2,HUGO VICTOR (BOULEVARD),43.83541,4.35834
202000016847,9,7,2020,15,1,22,22106,2,1,1,6,MADIERES (RUE DES),48.49098,-2.69948
202000016848,13,7,2020,15,1,17,17274,2,2,1,3,PERE   RUE DU,46.15304,-1.08656
202000016849,13,7,2020,20,1,14,14118,2,4,1,3,DELIVRANDE (RUE DE LA),49.18967,-0.35926
202000016850,13,7,2020,20,1,13,13214,2,1,1,1,LA STATION (CHEMIN DU),43.33192,5.38818
202000016851,13,7,2020,14,1,13,13212,2,1,1,6,CAILLOLS (AVENUE DES),43.3032,5.4282
202000016852,13,7,2020,0,5,13,13210,2,6,1,3,MAURIAC (RUE),43.272588,5.421
202000016853,12,7,2020,14,1,12,12145,2,3,1,3,DELMAS ETIENNE,44.10329,3.08482
202000016854,13,7,2020,20,1,10,10387,2,1,1,3,MAROTS (RUE DES),48.30676,4.04826
202000016855,11,7,2020,18,1,10,10387,2,2,1,3,PAIX (RUE DE LA),48.306626,4.064866
202000016856,13,7,2020,10,1,06,06088,2,9,8,3,ARSON (RUE),43.70083,7.28683
202000016857,13,2,2020,10,1,06,06088,2,2,8,3,Rue Arson,43.70083,7.28683
202000016858,10,7,2020,22,5,06,06027,2,1,1,3,VAL FLEURI CHEMIN DU,43.66541,7.17043
202000016859,11,7,2020,7,1,04,04070,2,3,1,3,Chemin du Touer,44.07058,6.20547
202000016860,11,7,2020,21,2,75,75116,2,1,1,-1,BOULEVARD PERIPHERIQUE,48.869784,2.271684
202000016861,13,7,2020,10,1,75,75120,2,2,1,2,RUE D AVRON,48.851858,2.401371
202000016862,13,7,2020,15,1,75,75116,2,3,1,6,BOULEVARD SUCHET,48.850534,2.260278
202000016863,12,7,2020,23,5,75,75116,2,1,1,7,AVENUE DE LA PORTE D AUTEUIL,48.848017,2.247312
202000016864,12,7,2020,12,1,75,75115,2,1,1,3,BOULEVARD PASTEUR,48.840089,2.315462
202000016865,13,7,2020,10,1,75,75105,2,4,1,2,BOULEVARD DE L HOPITAL,48.842322,2.363542
202000016866,13,7,2020,19,1,75,75112,2,1,1,3,QUAI DE LA RAPEE,48.844126,2.368907
202000016867,13,7,2020,16,1,75,75112,2,7,1,3,PLACE FELIX EBOUE,48.839794,2.395606
202000016868,13,7,2020,19,1,75,75107,2,2,1,2,QUAI D ORSAY,48.862294,2.301961
202000016869,13,7,2020,13,1,75,75107,2,1,1,6,PORT DES INVALIDES,48.863127,2.313724
202000016870,13,7,2020,2,5,75,75103,2,2,1,7,RUE CHARLOT,48.862883,2.362558
202000016871,13,7,2020,20,1,75,75104,2,2,1,3,QUAI DES CELESTINS,48.853319,2.357817
202000016872,13,7,2020,19,1,94,94081,2,3,1,3,EDOUARD TREMBLAY (R),48.781628,2.372706
202000016873,11,7,2020,2,5,94,94081,2,3,1,-1,ANSELME RONDENAY (R),48.778318,2.396737
202000016874,13,7,2020,10,1,94,94080,2,1,7,3,FONTENAY (R DE),48.84807,2.43997
202000016875,13,7,2020,17,1,94,94037,2,3,1,3,PAUL VAILLANT COUTURIER (AV),48.816479,2.338661
202000016876,11,7,2020,6,1,94,94022,2,1,1,-1,JULES FERRY (R),48.760501,2.412402
202000016877,13,7,2020,22,5,93,93064,2,1,1,3,BOISSIERE (BOULEVARD DE LA),48.8750649,2.4692871
202000016878,13,7,2020,12,1,93,93046,2,1,1,2,AV ARISTIDE BRIAND,48.91465,2.52746
202000016879,12,7,2020,10,1,93,93074,2,1,1,6,BARBUSSE RUE HENRI,48.93191,2.57597
202000016880,12,7,2020,23,5,93,93031,2,4,1,3,DE LATTRE DE TASSIGNY (1 A 51),48.9597,2.30516
202000016881,13,7,2020,11,1,92,92050,2,6,1,2,BOULE PLACE DE LA,48.8872233,2.2007051
202000016882,13,7,2020,17,1,92,92044,2,1,1,3,VIC. HUGO(RUE)001A067 ET002A078,48.8929209,2.3002195
202000016883,13,7,2020,18,1,92,92025,2,3,1,2,ESTIENNE D'ORVES (RUE),48.9099947,2.2334026
202000016884,13,7,2020,4,5,92,92012,2,1,1,6,ALFRED LAURANT (RUE),48.84456,2.23527
202000016885,13,7,2020,13,2,92,92009,2,1,1,6,ESTIENNE D'ORVES ( RUE D' ),48.9155047,2.2713831
202000016886,10,7,2020,7,2,92,92004,2,3,1,3,AULAGNIER ( QUAI ),48.917442,2.3198969
202000016887,13,7,2020,20,1,49,49244,1,1,1,6,Maison Neuve (Botz-en-Mauges),47.301188,-0.985739
202000016888,14,7,2020,9,1,24,24165,1,3,1,1,intersection D730-d40,45.092785,0.107557
202000016889,13,7,2020,21,5,973,97353,2,9,1,7,rue lucien vochel,3.6442841,-54.033069
202000016890,14,7,2020,9,1,49,49092,1,3,1,3,Ruisseau des Girauderies,47.210449,-0.6889072
202000016891,13,7,2020,14,1,49,49192,2,2,1,2,20 rue Saint Louis,47.012559,-0.741261
202000016892,13,7,2020,17,1,74,74238,2,4,1,3,49 Route de sous Saint-jean,46.230064,6.658147
202000016893,14,7,2020,12,1,81,81139,1,3,1,3,D83,43.689404,2.147301
202000016894,14,7,2020,8,1,63,63326,2,1,1,6,D216,45.7160144,2.8633693
202000016895,13,7,2020,13,1,63,63108,1,1,1,3,PK 14+100,45.952616,3.1666005
202000016896,13,7,2020,21,1,28,28403,1,1,1,6,D127,48.395067,1.475623
202000016897,14,7,2020,11,1,71,71384,1,1,1,2,A6,46.692885,4.84279
202000016898,13,7,2020,18,1,51,51544,1,2,7,3,Rue de Tahure,49.2463978,4.5602391
202000016899,14,7,2020,16,1,79,79136,1,1,1,5,,46.172698,-0.001674
202000016900,13,7,2020,18,5,974,97413,2,1,1,6,112 Rue du General Lambert,-21.169501,55.288042
202000016901,13,7,2020,14,1,56,56234,2,2,1,3,30 Avenue du Lizeau,47.529372,-3.13429
202000016902,13,7,2020,12,1,59,59130,1,1,1,7,départementale 46 cappelle brouck,50.883949,2.238507
202000016903,13,7,2020,9,1,74,74256,2,1,1,3,390 Route de Passy,45.936421,6.646738
202000016904,8,7,2020,10,1,74,74259,1,9,1,7,D15,46.084506,6.165798
202000016905,14,7,2020,17,1,77,77137,1,1,8,7,D204,48.7226663,3.2935501
202000016906,14,7,2020,11,1,76,76655,2,1,2,7,Rue Max Leclerc,49.870276,0.708479
202000016907,14,7,2020,7,1,2B,2B346,2,9,1,3,58 Arena,42.500441,9.465896
202000016908,14,7,2020,1,3,2B,2B305,2,1,1,6,Grisgione,42.726207,9.458492
202000016909,14,7,2020,13,1,80,80507,2,1,8,6,32 Rue de la Gare,49.852646,2.581964
202000016910,14,7,2020,7,1,65,65409,1,1,1,6,DÉPARTEMENTALE D934,43.386583,0.123162
202000016911,13,7,2020,20,2,81,81124,1,4,1,6,Pic de Montalet,43.6821961,2.7355405
202000016912,8,7,2020,19,1,32,32252,1,1,1,7,N21,43.458316,0.319296
202000016913,13,7,2020,18,2,12,12299,1,1,1,7,D666,44.100607,2.699708
202000016914,14,7,2020,3,3,68,68222,1,1,1,6,"RD 463 PK 23,100",47.548146,7.416383
202000016915,14,7,2020,12,1,39,39576,1,1,1,7,Bonnaud,46.613476,5.436577
202000016916,14,7,2020,15,1,44,44133,1,3,1,3,Rd 751 lieu dit La Lande,47.134228,-1.766653
202000016917,12,7,2020,16,1,44,44015,1,1,1,6,D33,47.479726,-1.715208
202000016918,13,7,2020,4,3,44,44115,1,1,1,2,RD723,47.359932,-1.307164
202000016919,13,7,2020,15,1,29,29037,1,6,1,3,Ty Robin,47.909277,-4.193022
202000016920,13,7,2020,9,1,38,38189,1,9,1,3,D518z,45.63951,5.0474
202000016921,13,7,2020,19,1,02,02681,1,1,1,3,Rue des Lanneux du Gard,49.813498,3.844357
202000016922,14,7,2020,17,1,02,02345,1,1,8,2,D1,49.730471,3.275192
202000016923,13,7,2020,8,1,03,03292,1,1,1,7,,46.4399643,3.0966538
202000016924,13,7,2020,21,1,70,70454,1,1,1,7,Rue Vers Cemboing,47.837592,5.813672
202000016925,14,7,2020,16,1,72,72080,1,1,1,7,D98,48.156009,0.667849
202000016926,11,7,2020,15,1,06,06077,1,1,7,6,D73,43.931742,7.317932
202000016927,7,7,2020,17,1,06,06148,2,9,1,3,Route de l'Ancienne Gare,43.710494,7.053856
202000016928,14,7,2020,15,1,14,14431,1,1,1,6,D47,49.078048,-0.049009
202000016929,13,7,2020,14,1,14,14735,1,3,1,3,D40,49.034017,-0.06514
202000016930,12,7,2020,16,1,14,14578,1,2,1,5,D288,49.355416,0.170836
202000016931,13,7,2020,16,1,50,50304,1,3,1,1,"départementale 7, la Perelle",48.948971,-1.390693
202000016932,14,7,2020,5,2,50,50562,2,1,2,6,Rue Triquet,49.588114,-1.267515
202000016933,13,7,2020,14,1,83,83025,1,1,1,3,D560,43.525962,5.961499
202000016934,13,7,2020,8,1,60,60017,1,1,1,6,D94,49.576661,2.39253
202000016935,14,7,2020,18,1,73,73282,2,1,1,6,D1006,45.5006421,5.8433119
202000016936,24,2,2020,19,5,69,69388,2,1,1,6,Boulevard des Etats-Unis,45.7252491,4.8706666
202000016937,24,2,2020,16,1,69,69383,2,2,1,6,SERVIENT                            (R ),45.76047,4.84884
202000016938,24,2,2020,18,1,69,69259,2,2,1,2,FELIX BRUN                          (R ),45.702,4.8917
202000016939,24,2,2020,13,1,69,69276,2,3,1,2,JEAN JAURES                             ,45.67251,4.84841
202000016940,24,2,2020,13,1,69,69383,2,1,1,6,GENERAL MOUTON DUVERNET (DU)        (R ),45.7554,4.86202
202000016941,24,2,2020,12,1,69,69259,2,2,1,5,PROFESSEUR ROUX (DU)                (R ),45.7194,4.8592
202000016942,23,2,2020,23,3,972,97209,1,1,1,6,RD 41 (ROCADE),14.61458,-61.06277
202000016943,1,1,2020,8,1,972,97209,2,1,1,6,GLACIERE (RUE DE LA),14.6095156,-61.0545498
202000016944,24,2,2020,16,1,69,69034,2,3,1,3,GEORGES CLEMENCEAU                  (QU),45.79214,4.82425
202000016945,24,2,2020,17,1,69,69381,2,1,1,6,ST VINCENT                          (QU),45.76838,4.8155
202000016946,23,2,2020,3,5,69,69202,2,1,1,7,MARECHAL FOCH (DU)                  (AV),45.74032,4.80507
202000016947,29,1,2020,18,5,69,69149,2,3,1,3,GRANDE RUE                          (GR),45.71795,4.81003
202000016948,24,2,2020,19,2,2A,2A004,2,6,1,3,MEZZAVIA ROUTE DE,41.949955,8.771558
202000016949,24,2,2020,17,1,95,95018,2,1,1,6,DIXMUDE (RUE DE),48.95572,2.2415
202000016950,24,2,2020,9,1,91,91339,2,3,1,2,RN 20,48.617,2.25698
202000016951,22,2,2020,0,3,91,91552,2,1,1,2,RN 20,48.61216,2.25395
202000016952,24,2,2020,8,1,90,90032,2,6,1,3,ANCIEN PONT (RUE DE L'),47.618242,6.851878
202000016953,21,2,2020,7,2,87,87085,2,3,1,3,BRIAND (RUE ARISTIDE),45.84243,1.27194
202000016954,22,2,2020,20,5,87,87085,2,2,1,6,DE GAULLE (AVENUE DU GENERAL),45.83248,1.26462
202000016955,21,2,2020,22,5,87,87085,2,2,1,-1,TOURNY (CARREFOUR),45.83179,1.26246
202000016956,24,2,2020,17,1,86,86041,2,1,1,2,Avenue de la Liberté,46.60879,0.36354
202000016957,22,2,2020,21,3,86,86157,1,1,1,2,Route de Chauvigny,46.5632348,0.4113168
202000016958,21,2,2020,8,2,79,79191,2,9,1,3,Rue du Maréchal Leclerc,46.33644,-0.45082
202000016959,21,2,2020,17,1,78,78362,2,1,1,3,ROUTE DE SAINT GERMAIN,48.9778,1.72381
202000016960,22,2,2020,17,3,77,77053,1,1,2,-1,D. 50,48.6912406,2.607202
202000016961,23,2,2020,8,1,77,77449,2,1,1,6,PAUL SERAMY ( AVENUE ),48.8593,2.79517
202000016962,23,2,2020,8,2,76,76351,2,1,2,6,HUBERT LATHAM,49.53063,0.09657
202000016963,24,2,2020,11,1,69,69256,2,2,1,3,GARIBALDI                           (AV),45.76744,4.93425
202000016964,21,2,2020,22,5,69,69091,2,3,1,3,VICTOR HUGO ( R ),45.58724,4.77128
202000016965,22,2,2020,11,1,67,67482,2,1,1,4,MEINAU (ROUTE DE LA),48.5532166,7.7467913
202000016966,23,2,2020,19,5,66,66136,2,1,1,4,ARGELES SUR MER AVENUE D',42.6811,2.9106
202000016967,21,2,2020,17,1,66,66136,2,1,1,6,GAULLE (AVENUE GENERAL DE),42.69806,2.88673
202000016968,22,2,2020,14,1,66,66136,2,1,1,6,CLEMENCEAU (BOULEVARD),42.69922,2.88853
202000016969,24,2,2020,7,1,64,64445,2,4,5,3,HAUTERIVE,43.32483,-0.35745
202000016970,21,2,2020,11,1,64,64348,2,9,1,6,BLERIOT,43.33463,-0.39326
202000016971,13,2,2020,17,1,62,62895,2,3,8,6,DOLET (R ETIENNE),50.494504,2.858859
202000016972,21,2,2020,13,1,59,59028,2,1,1,6,GAMBETTA (RUE LEON),50.41251,3.05089
202000016973,21,2,2020,17,1,56,56036,1,1,1,4,RN 165,47.78812,-3.32754
202000016974,22,2,2020,19,1,54,54395,2,1,1,6,POINCARE (RUE RAYMOND 1-29-2-30),48.690025,6.1717636
202000016975,22,2,2020,21,5,54,54304,2,2,1,3,MAREVILLE (CHEMIN ET RUE DE),48.6793653,6.1426717
202000016976,23,2,2020,20,5,54,54395,2,3,2,3,VINGT SIXIEME R.I. (BOULEVARD DU 2 A 44),48.6988141,6.1877865
202000016977,22,2,2020,8,1,54,54257,2,1,1,6,GRANDE RUE,48.6527,6.1919
202000016978,20,2,2020,18,2,54,54395,2,2,1,6,VERDUN (rue de),48.6972633,6.1704379
202000016979,18,2,2020,12,1,54,54395,2,1,1,6,DOMBASLE (PLACE),48.6919732,6.1782841
202000016980,21,2,2020,19,1,54,54382,2,2,1,3,METZ (BOULEVARD DE),49.5513,5.785596
202000016981,22,2,2020,13,1,50,50129,2,1,1,-1,VAL DE SAIRE (RUE DU),49.63844,-1.61068
202000016982,28,1,2020,19,2,44,44184,2,1,1,7,Avenue René Coty,47.2742,-2.2024
202000016983,24,2,2020,7,1,44,44162,2,1,2,6,Rue Océane,47.22724,-1.63484
202000016984,24,2,2020,16,1,42,42071,2,9,7,6,Avenue de la Libération,46.02879,4.08428
202000016985,24,2,2020,16,1,37,37122,2,1,1,3,EIFFEL (RUE GUSTAVE),47.3570444,0.6530718
202000016986,24,2,2020,7,2,35,35238,1,1,8,2,PORTE ALMA,48.081576,-1.676696
202000016987,24,2,2020,8,1,34,34172,2,1,1,4,MOULINS (AVENUE DES,43.62843,3.84105
202000016988,7,2,2020,17,1,33,33063,2,3,1,1,AVE DU MAL DE LATTRE DE TASSIGNY CAUD / RUE FALQUET,44.85559,-0.61507
202000016989,4,2,2020,12,1,33,33063,2,1,1,1,Boulevard GEORGE V,44.82418,-0.58732
202000016990,24,2,2020,4,4,33,33281,2,1,1,6,34 AVE DES EYQUEMS,44.82715,-0.6172
202000016991,18,2,2020,15,1,33,33063,2,1,1,6,QUAI DE BACALAN,44.85811,-0.5581
202000016992,24,2,2020,18,5,33,33529,2,6,1,3,D112 / R.Jean De Grailly - VT vient de l'avenue Bisserié,44.62672,-1.14155
202000016993,23,2,2020,17,1,31,31555,2,1,1,2,35 Boulevard de Thibaud,43.54828,1.39981
202000016994,22,2,2020,12,1,31,31555,2,1,1,2,BD LASCROSSES,43.61065,1.43617
202000016995,9,2,2020,19,5,29,29019,2,6,1,6, Rue Anatole France,48.38165,-4.52693
202000016996,22,2,2020,8,1,22,22278,2,3,1,1,LE FLEM (PAUL),48.50674,-2.76894
202000016997,3,2,2020,14,1,22,22278,2,1,1,7,ARAGO (BD),48.5174666,-2.7706254
202000016998,21,2,2020,18,2,19,19031,2,2,1,3,DE MUSSET (AVENUE ALFRED),45.162269,1.526727
202000016999,21,2,2020,16,1,18,18033,2,1,1,4,RN 142,47.071457,2.436189
202000017000,18,2,2020,18,5,15,15014,2,2,1,3,PLOMB DU CANTAL (AVENUE DU),44.91226,2.43682
202000017001,24,2,2020,13,1,14,14557,2,1,1,6,AVENUE MICHEL D'ORNANO,49.33874,0.09184
202000017002,23,2,2020,4,3,13,13103,1,1,1,7,RTE D' EYGUIERES-RD 17,43.650751,5.090877
202000017003,24,2,2020,16,1,13,13214,2,1,1,1,SAINTE MARTHE (chemin),43.3208,5.3901
202000017004,24,2,2020,22,3,13,13098,2,1,1,6,D.51,43.4497769,5.0165263
202000017005,24,2,2020,8,1,12,12202,2,2,1,1,DE LATTRE DE TASSIGNY (BOULEVARD),44.34845,2.56664
202000017006,20,2,2020,17,1,11,11262,2,3,1,3,DELAGE (RUE LOUIS),43.16322,2.98491
202000017007,7,2,2020,10,1,11,11069,1,3,1,6,CAVAYERE -ROUTE DE LA -,43.189912,2.398629
202000017008,24,2,2020,8,1,09,09225,1,1,1,7,BELPECH ROUTE DE,43.13169,1.66645
202000017009,21,2,2020,19,5,05,05061,2,4,1,2,FUSILLES ( RUE DES ),44.5464547,6.0646468
202000017010,22,2,2020,11,1,05,05061,2,1,1,2,EMILE DIDIER ( AV ),44.5664304,6.094746
202000017011,21,2,2020,19,3,05,05061,1,1,1,1,D994,44.54812,6.03766
202000017012,24,2,2020,4,3,75,75117,2,1,2,7,ECHANGEUR MAILLOT,48.878907,2.280171
202000017013,23,2,2020,7,2,75,75117,2,2,1,3,AVENUE DE LA GRANDE ARMEE,48.876323,2.287253
202000017014,22,2,2020,16,1,75,75118,2,1,1,3,PORTE DE LA CHAPELLE,48.901049,2.359169
202000017015,23,2,2020,21,5,75,75119,2,7,2,3,PLACE AUGUSTE BARON,48.900942,2.387373
202000017016,24,2,2020,17,1,75,75118,2,3,1,6,RUE DE CLIGNANCOURT,48.883803,2.34704
202000017017,24,2,2020,15,1,75,75116,2,1,1,3,BOULEVARD DELESSERT,48.858859,2.28616