Num_Acc,jour,mois,an,hr,condition_eclairage,departement,commune,condition_agglomeration,intersection,condition_atmosphere,type_collision,adresse,lattitude,longitude
202000017018,24,2,2020,10,1,75,75116,2,7,1,3,PLACE D IENA,48.864692,2.294143
202000017019,23,2,2020,12,1,75,75116,2,1,1,6,AVENUE FERDINAND BUISSON,48.837721,2.252842
202000017020,24,2,2020,7,2,75,75116,2,3,1,6,RUE D AUTEUIL,48.848063,2.263681
202000017021,23,2,2020,16,1,75,75115,2,7,8,2,PLACE DU MOULIN DE JAVEL,48.840226,2.27199
202000017022,24,2,2020,19,5,75,75113,2,3,1,3,RUE DE SAINTE HELENE,48.819178,2.352878
202000017023,23,2,2020,15,1,75,75112,2,1,1,6,RUE LACUEE,48.849164,2.370554
202000017024,24,2,2020,19,2,75,75111,2,1,1,6,BOULEVARD VOLTAIRE,48.864563,2.368779
202000017025,24,2,2020,19,5,75,75111,2,1,1,-1,BOULEVARD VOLTAIRE,48.854544,2.385595
202000017026,24,2,2020,15,1,75,75111,2,2,8,5,BOULEVARD VOLTAIRE,48.865188,2.367732
202000017027,24,2,2020,13,1,75,75111,2,2,8,6,RUE DU CHEMIN VERT,48.860307,2.378662
202000017028,24,2,2020,18,1,75,75101,2,7,1,6,PLACE DU CARROUSEL,48.861185,2.333838
202000017029,23,2,2020,21,3,94,94078,2,1,2,4,L'APPEL DU DIX-HUIT JUIN 1940 (AV DE),48.758674,2.443293
202000017030,24,2,2020,4,1,94,94016,2,2,2,7,MARCEL BONNET (R),48.796188,2.328973
202000017031,23,2,2020,3,5,94,94028,2,1,1,7,FOCH(AVENUE DU MARECHAL),48.78147,2.43734
202000017032,24,2,2020,0,5,94,94017,2,1,8,6,REPUBLIQUE (AV DE LA),48.81785,2.51166
202000017033,23,2,2020,20,5,94,94071,2,3,2,3,GENERAL LECLERC (R DU),48.7756,2.51115
202000017034,24,2,2020,15,1,93,93073,1,1,1,7,ROISSY (ROUTE DE),48.9826389,2.5551107
202000017035,24,2,2020,9,1,93,93073,1,1,8,7,Rue du Chapitre,49.003424,2.5368129
202000017036,24,2,2020,5,5,93,93051,2,1,2,3,LEVANT (BD),48.83723,2.5477
202000017037,23,2,2020,21,5,93,93051,2,2,2,3,GENERAL DE GAULLE (AVENUE),48.84679,2.5586
202000017038,24,2,2020,18,2,93,93010,2,9,1,6,REPUBLIQUE (CO. DE LA) 1 A 35,48.9006,2.4796
202000017039,24,2,2020,17,1,93,93008,2,2,1,3,GRANDE DENISE (RUE DE LA),48.91267,2.46859
202000017040,24,2,2020,7,2,92,92062,2,1,1,3,DE DION BOUTON (QUAI) DU 29 AU 65,48.87379,2.23637
202000017041,23,2,2020,5,5,92,92050,2,1,1,7,FRACHON BENOIT AVENUE,48.893803,2.188731
202000017042,24,2,2020,9,1,92,92004,2,1,1,2,DOCTEUR DERVAUX  ( QUAI DU ),48.91158,2.29996
202000017043,25,2,2020,7,1,63,63396,2,2,1,6,Chemin de Naja,45.664008,3.091857
202000017044,25,2,2020,11,1,60,60646,1,1,2,1,D149,49.4702017,2.0782239
202000017045,24,2,2020,17,1,87,87002,1,1,1,7,D56,45.93975,1.414812
202000017046,22,2,2020,9,1,43,43040,2,1,7,2,18 Avenue d'Auvergne,45.300936,3.379543
202000017047,24,2,2020,17,1,64,64450,1,2,7,3,Route de Pomps,43.478974,-0.551462
202000017048,25,2,2020,8,1,91,91363,1,4,1,3,intersection D3 route de bel air,48.64687,2.195053
202000017049,24,2,2020,16,1,58,58086,2,1,7,3,rue du 14 juillet,47.411746,2.927138
202000017050,24,2,2020,11,1,80,80318,2,1,1,6,Rue Roger Godard,50.01522,2.080632
202000017051,24,2,2020,11,1,68,68126,2,3,1,3,Rue d'Allschwil,47.558045,7.534502
202000017052,25,2,2020,16,1,44,44015,2,3,2,3,Route du Gâvre,47.484011,-1.75807
202000017053,24,2,2020,19,5,03,03082,2,2,1,6,Rue de la Commune de Paris,46.2999059,2.733972
202000017054,22,2,2020,10,1,05,05074,1,1,1,2,D942,44.471226,6.072661
202000017055,25,2,2020,16,1,64,64405,2,1,3,6,Chemin de Coupete,43.340559,-0.275731
202000017056,24,2,2020,17,1,73,73058,2,4,1,6,D921E - Route du Lac,45.5317368,5.74349
202000017057,23,2,2020,15,1,18,18210,1,1,1,6,Rue de la Jorandière,47.236202,1.9328
202000017058,24,2,2020,9,1,27,27017,1,1,1,2,D6154,48.992402,1.156075
202000017059,24,2,2020,7,1,34,34320,2,3,1,3,Route de Viols le Fort,43.674565,3.719419
202000017060,24,2,2020,16,1,33,33122,1,4,1,5,avenue jean-Moulin,44.76297,-0.68923
202000017061,25,2,2020,14,1,74,74081,2,1,1,6,Avenue Georges Clémenceau,46.067827,6.571487
202000017062,25,2,2020,6,5,06,06088,1,1,1,7,"Autoroute A8, pk185 +800, chaussée Nord",43.668935,7.199736
202000017063,24,2,2020,11,1,987,98712,2,2,1,3,Rue Tamahana,-17.528161,-149.538474
202000017064,24,2,2020,14,1,34,34202,1,1,1,6,D5,43.585847,3.790047
202000017065,25,2,2020,12,1,977,97701,1,1,1,1,Rt 48 - Quartier Petites Salines,17.899933,-62.827034
202000017066,25,2,2020,14,1,77,77277,1,3,1,3,157 Avenue du Général Leclerc - D436,48.7128254,2.8695457
202000017067,24,2,2020,23,3,34,34145,1,1,1,6,Route du Mas Desports,43.655822,4.136943
202000017068,24,2,2020,17,1,83,83133,1,1,1,6,D37,43.573797,6.805876
202000017069,21,2,2020,21,3,25,25043,1,1,1,2,D438,47.484598,6.771376
202000017070,23,2,2020,17,1,88,88135,1,1,8,6,Rue des Fermes,48.137497,6.632255
202000017071,25,2,2020,8,1,17,17021,1,1,2,1,D14,45.757737,-1.123626
202000017072,24,2,2020,10,1,59,59571,2,1,1,3,Place Jean Jaurès,50.185232,3.497348
202000017073,18,2,2020,9,1,59,59009,1,1,1,2,AUTOROUTE A22,50.651598,3.134736
202000017074,7,2,2020,14,1,59,59585,1,1,1,2,AUTOROUTE A1,50.561942,3.069738
202000017075,24,2,2020,11,1,94,94017,1,1,1,3,A4,48.8271791,2.5086857
202000017076,24,2,2020,8,1,94,94042,1,1,1,3,A4,48.8278114,2.4717616
202000017077,24,2,2020,7,1,94,94018,1,1,1,2,A4,48.817451,2.4185959
202000017078,18,2,2020,12,1,988,98818,2,3,1,3,ECHANGEUR BONAPARTE,-22.24202,166.45743
202000017079,24,2,2020,22,5,69,69386,2,1,1,7,VAUBAN                              (R ),45.7648,4.8427
202000017080,23,2,2020,16,1,69,69386,2,3,1,3,MORELLET                            (R ),45.7746,4.8485
202000017081,23,2,2020,16,1,972,97209,1,1,1,4,RD 41 (ROCADE),14.61639,-61.07147
202000017082,23,2,2020,13,1,69,69286,2,1,1,6,JULES MICHELET                      (R ),45.8133,4.89131
202000017083,22,2,2020,18,5,971,97101,2,1,1,3,MORNE VERGAIN,16.25405,-61.52306
202000017084,23,2,2020,17,1,91,91377,2,1,1,3,EUROPE (AVENUE DE L'),48.7267,2.2783
202000017085,23,2,2020,9,1,91,91174,2,2,1,3,Général De Gaulle,48.61362,2.46057
202000017086,13,2,2020,7,5,76,76259,2,1,3,6,REPUBLIQUE ( BOULEVARD DE LA),49.75765,0.38135
202000017087,23,2,2020,15,1,74,74012,2,1,1,4,THONON (ROUTE DE),46.19325,6.25537
202000017088,23,2,2020,14,1,74,74118,2,1,1,5,18 AOUT (RUE DU),46.16633,6.18953
202000017089,9,2,2020,9,1,73,73008,2,3,7,6,2 Che de Corsuet,45.7042044,5.8986537
202000017090,22,2,2020,11,1,65,65286,2,1,1,6,LACADE (RUE ANSELME),43.093503,-0.045383
202000017091,23,2,2020,16,1,64,64445,2,3,1,2,AUGUSTE RENOIR,43.3102,-0.3598
202000017092,23,2,2020,3,5,64,64445,2,1,1,6,CAMI SALIE DU,43.33272,-0.35918
202000017093,20,2,2020,17,1,47,47323,1,1,1,2,ROUTE NATIONALE 21,44.40676,0.74052
202000017094,23,2,2020,18,2,45,45234,2,6,1,6,Boulevard de Verdun,47.9068,1.904
202000017095,22,2,2020,12,1,45,45232,2,1,1,6,Rue d'Artois,47.84507,1.91628
202000017096,22,2,2020,11,1,45,45208,2,2,1,3,R J JAURES - R DU DOCT ROUX,47.992103,2.732174
202000017097,23,2,2020,2,5,42,42187,2,1,1,6,Boulevard Jules Ferry,46.0317714,4.0695753
202000017098,23,2,2020,16,1,37,37261,2,3,1,3,VAILLANT (RUE EDOUARD),47.3823214,0.7047348
202000017099,23,2,2020,20,3,35,35238,1,1,1,4,RN 136,48.13368,-1.70685
202000017100,22,2,2020,10,1,33,33318,2,3,1,6,Avenue de Beutre,44.79969,-0.66865
202000017101,23,2,2020,4,5,33,33009,2,1,1,7,D218,44.65038,-1.18633
202000017102,23,2,2020,16,1,32,32013,1,1,1,2,LAVACANT (CHEMIN DE),43.62334,0.58789
202000017103,23,2,2020,22,5,25,25056,2,1,1,6,DOLE RUE DE (sup 200),47.2192,5.94768
202000017104,23,2,2020,1,5,17,17300,2,1,1,7,SALINES  RUE DU PONT DES,46.158876,-1.121959
202000017105,19,2,2020,18,2,15,15014,2,1,2,6,VIALENC (BOULEVARD DU),44.9201431,2.4282079
202000017106,23,2,2020,23,5,13,13209,2,1,1,2,CAROLINE (ALLEE),43.27315,5.40831
202000017107,23,2,2020,12,1,13,13202,2,2,1,3,DAMES (BOULEVARD DES),43.303098,5.366615
202000017108,23,2,2020,10,1,13,13204,2,3,1,6,PROVENCE (RUE DE),43.30179,5.39748
202000017109,23,2,2020,8,1,13,13208,2,1,1,3,pointe rouge (ave),43.2472378,5.3739772
202000017110,23,2,2020,17,2,06,06088,2,1,1,6,PREFECTURE (R. DE LA),43.7031,7.2661
202000017111,22,2,2020,11,1,75,75120,2,4,1,3,PORTE DE MONTREUIL,48.856188,2.413854
202000017112,21,2,2020,11,1,75,75112,2,4,1,2,PORTE DE CHARENTON,48.830467,2.402284
202000017113,23,2,2020,20,5,75,75118,2,2,2,3,RUE DE LA CHAPELLE,48.897094,2.359217
202000017114,22,2,2020,23,5,75,75118,2,2,1,6,BOULEVARD BARBES,48.888355,2.349593
202000017115,22,2,2020,20,5,75,75114,2,1,1,3,RUE BOULARD,48.833634,2.328742
202000017116,22,2,2020,23,5,75,75113,2,2,1,3,AVENUE DE LA PORTE D ITALIE,48.818886,2.359565
202000017117,23,2,2020,19,5,75,75112,2,1,2,1,AVENUE DE SAINT MAURICE,48.82903,2.419802
202000017118,23,2,2020,18,5,75,75110,2,1,1,6,QUAI DE JEMMAPES,48.870815,2.366085
202000017119,23,2,2020,7,2,75,75110,2,2,1,2,RUE DU FAUBOURG SAINT MARTIN,48.873772,2.358313
202000017120,21,2,2020,21,5,75,75109,2,1,1,3,RUE CADET,48.876124,2.343967
202000017121,23,2,2020,2,5,75,75103,2,2,1,3,BOULEVARD DE SEBASTOPOL,48.861975,2.350158
202000017122,22,2,2020,23,5,94,94078,2,1,1,4,MELUN (AV DE),48.72383,2.44442
202000017123,23,2,2020,2,5,93,93078,2,3,1,6,BALLANGER (BD ROBERT),48.95611,2.54039
202000017124,23,2,2020,5,5,93,93001,2,1,1,-1,R DE LA MOTTE,48.909501,2.396053
202000017125,23,2,2020,1,5,93,93001,2,5,1,1,129 AV VICTOR HUGO / BD FELIX FAURE,48.9086,2.378
202000017126,21,2,2020,20,3,974,97415,1,1,1,3,N1a,-21.019497,55.250437
202000017127,10,9,2020,8,1,77,77186,1,1,1,5,RD 409 panneau ONF à LIBERATION,48.416989,2.609061
202000017128,10,9,2020,7,1,76,76351,1,4,1,6,RD 6015,49.50312,0.19335
202000017129,9,9,2020,18,1,76,76481,1,1,1,1,SAINT BARTHELEMY (ROUTE DE),49.55891,0.14121
202000017130,9,9,2020,16,1,76,76351,1,1,1,6,RD 6382,49.52449,0.16182
202000017131,11,9,2020,14,1,72,72181,2,1,1,3,JAURES JEAN (AV) N° IMP 35 A 179,48.0148,0.17563
202000017132,9,9,2020,17,1,71,71270,2,4,1,3,LECLERC (BOULEVARD GENERAL),46.3018465,4.8196159
202000017133,9,9,2020,16,1,71,71105,2,1,1,1,VOISINET (CHEMIN DU),46.2918221,4.7844131
202000017134,11,9,2020,17,1,71,71153,2,7,1,3,JAURES (RUE JEAN),46.8060521,4.4169949
202000017135,11,9,2020,15,1,69,69256,2,2,1,3,EMILE ZOLA                          (R ),45.77803,4.91747
202000017136,11,9,2020,7,2,69,69029,2,2,1,6,GENAS (DE)                          (RO),45.74839,4.91769
202000017137,10,9,2020,22,5,67,67482,2,3,1,6,SCHIRMECK (ROUTE DE),48.57214,7.7142
202000017138,10,9,2020,20,5,67,67482,2,3,1,3,RATHSAMHAUSEN (RUE DE),48.568847,7.762578
202000017139,10,9,2020,13,1,67,67482,2,3,1,2,ROMAINS (ROUTE DES),48.57968,7.71577
202000017140,11,9,2020,17,1,65,65440,2,1,1,3,HENRI IV (BOULEVARD),43.23345,0.05991
202000017141,11,9,2020,8,1,65,65226,1,1,1,2,PAU (ROUTE DE),43.240688,0.015456
202000017142,11,9,2020,23,5,64,64445,2,1,1,7,PAIX,43.31967,-0.34931
202000017143,11,9,2020,16,1,64,64445,2,1,1,2,DUFAU,43.31104,-0.36313
202000017144,9,9,2020,8,1,64,64122,2,1,1,3,MARCEL DASSAULT (BD),43.46798,-1.53968
202000017145,11,9,2020,10,1,64,64102,2,1,1,7,ALLEES MARINES (ROND POINT DES),43.49673,-1.48332
202000017146,11,9,2020,9,1,64,64102,2,1,1,3,SAINT BERNARD (CHEMIN DE),43.50127,-1.48203
202000017147,11,9,2020,22,3,62,62400,1,1,1,7,HESDIGNEUL ( D' ),50.485535,2.594334
202000017148,10,9,2020,20,1,59,59324,2,9,1,3,GENERAL DE GAULLE (AV DU),50.29602,4.10195
202000017149,11,9,2020,22,5,59,59350,2,2,1,3,MONTEBELLO  METRO,50.6217919,3.0456879
202000017150,10,9,2020,16,1,57,57336,2,1,1,6,STADE (RUE DU),49.1602172,6.7425949
202000017151,11,9,2020,10,1,56,56260,2,6,7,3,MARE(GIRATOIRE DE LA),47.65606,-2.79168
202000017152,11,9,2020,11,1,54,54395,2,2,1,3,PLACIEUX (RUE DU),48.6761739,6.162807
202000017153,9,9,2020,22,5,54,54395,2,1,1,1,VAYRINGE (RUE),48.70646,6.17684
202000017154,10,9,2020,13,1,51,51454,2,1,1,-1,Rue de l’Université,49.2526096,4.0369001
202000017155,10,9,2020,17,1,49,49328,2,1,1,3,ORLEANS (RUE D'),47.25799,-0.0804
202000017156,11,9,2020,12,1,47,47323,1,5,1,3,ROUTE NATIONALE 21,44.39,0.7177
202000017157,10,9,2020,9,1,47,47323,1,1,1,3,ROUTE NATIONALE 21,44.402,0.73965
202000017158,10,9,2020,17,1,45,45004,1,1,1,5,D2060 - 28+620,47.9694449,2.7272092
202000017159,11,9,2020,13,1,42,42095,2,1,1,6,Rue de la République,45.3929442,4.2928167
202000017160,11,9,2020,17,1,38,38421,2,1,1,1,Rue Jules Flandrin,45.18796,5.74794
202000017161,11,9,2020,2,5,38,38185,2,1,1,6,Cours Jean Jaurès,45.18071,5.71675
202000017162,8,9,2020,17,1,37,37261,2,1,1,2,MARECHAL JUIN (BD),47.4050629,0.7028866
202000017163,11,9,2020,18,1,35,35238,2,2,1,3,LORIENT (DE),48.1066,-1.7296
202000017164,11,9,2020,11,1,35,35353,2,1,1,3,LORIENT (DE),48.1049586,-1.7357934
202000017165,11,9,2020,21,5,34,34172,2,2,1,3,BRINGUIER (AVENUE PAUL),43.61622,3.84105
202000017166,11,9,2020,15,1,34,34198,2,1,1,3,BIR HAKEIM,43.57135,3.94231
202000017167,11,9,2020,15,1,34,34003,2,1,1,6,LATTES ( RUE PIERRE),43.303,3.476
202000017168,11,9,2020,11,1,33,33318,2,1,1,2,RUE DU SERPENT,44.79004,-0.63589
202000017169,3,9,2020,7,1,33,33063,2,4,1,1,RUE DELMESTRE / RUE POUJEAU CAUD,44.85255,-0.62451
202000017170,11,9,2020,19,2,33,33529,2,1,1,3,LESCA (RUE ANDRE),44.63754,-1.13511
202000017171,10,9,2020,14,1,22,22113,2,1,1,6,TREGUIER (RUE DE),48.7324314,-3.456187
202000017172,11,9,2020,16,1,14,14118,2,2,1,3,LIBERTE (PLACE DE LA),49.161325,-0.342393
202000017173,11,9,2020,11,1,13,13209,2,7,1,3,CABOT (BOULEVARD),43.2588717,5.4171372
202000017174,10,9,2020,17,1,13,13209,2,1,3,4,CAMILLE BLANC (BOULEVARD),43.2524755,5.4012662
202000017175,11,9,2020,17,1,10,10387,2,2,1,6,CARNOT (RUE),48.29766,4.06609
202000017176,10,9,2020,8,1,06,06069,2,1,1,6,CANNES (ROUTE DE)  -RD 6085-,43.63416,6.95175
202000017177,11,9,2020,16,1,06,06029,2,6,2,1,HUGO (RUE VICTOR)(BOCCA),43.56746,6.96756
202000017178,11,9,2020,10,1,06,06029,2,1,1,2,BACHAGA SAID BOUALAM (AVENUE),43.5537505,7.0148751
202000017179,9,9,2020,13,1,06,06029,2,1,1,2,MIDI (BOULEVARD DU),43.53749,6.95482
202000017180,10,9,2020,18,1,05,05061,2,1,3,2,VEYNES ( AVENUE DE  ),44.5565,6.06149
202000017181,11,9,2020,14,1,75,75114,2,1,1,3,ECHANGEUR VANVES,48.825036,2.303549
202000017182,11,9,2020,12,1,75,75117,2,1,1,3,PORTE D ASNIERES,48.889237,2.296154
202000017183,10,9,2020,16,1,75,75112,2,1,1,3,PORTE DE CHARENTON,48.830807,2.403154
202000017184,11,9,2020,14,1,75,75109,2,3,1,3,BOULEVARD HAUSSMANN,48.873419,2.329698
202000017185,11,9,2020,9,1,75,75105,2,3,1,3,BOULEVARD SAINT MICHEL,48.851831,2.34339
202000017186,11,9,2020,12,1,75,75120,2,2,1,3,RUE PLANCHAT,48.853413,2.398456
202000017187,11,9,2020,11,1,75,75120,2,7,1,3,PORTE DE BAGNOLET,48.864504,2.408507
202000017188,11,9,2020,15,1,75,75119,2,2,1,6,BOULEVARD MACDONALD,48.897616,2.385692
202000017189,11,9,2020,20,2,75,75107,2,4,1,-1,AVENUE DE LA MOTTE PICQUET,48.856057,2.308167
202000017190,11,9,2020,2,5,75,75114,2,3,1,3,RUE FROIDEVAUX,48.836619,2.325832
202000017191,11,9,2020,17,1,75,75106,2,2,1,2,BOULEVARD RASPAIL,48.846743,2.328336
202000017192,11,9,2020,15,1,75,75112,2,3,1,6,RUE DE REUILLY,48.845803,2.388375
202000017193,10,9,2020,22,5,75,75112,2,2,1,7,AVENUE DAUMESNIL,48.834013,2.411292
202000017194,11,9,2020,13,1,75,75111,2,3,1,6,AVENUE PARMENTIER,48.868622,2.372055
202000017195,11,9,2020,9,1,75,75108,2,7,1,6,PLACE DE LA CONCORDE,48.86407,2.320126
202000017196,10,9,2020,22,5,75,75108,2,2,1,3,RUE DE LISBONNE,48.877614,2.312558
202000017197,11,9,2020,1,5,75,75104,2,7,1,6,PLACE DE LA BASTILLE,48.852908,2.368486
202000017198,10,9,2020,11,1,75,75101,2,2,1,3,AVENUE VICTORIA,48.857728,2.347785
202000017199,10,9,2020,5,2,94,94068,2,2,1,3,RABELAIS (BD),48.8065,2.4787
202000017200,11,9,2020,8,1,94,94080,2,1,1,3,REPUBLIQUE (AV DE LA),48.849494,2.433933
202000017201,11,9,2020,21,3,94,94074,2,1,1,2,HENRI BARBUSSE (AV),48.764292,2.442029
202000017202,11,9,2020,15,1,94,94041,2,1,1,7,MAURICE THOREZ (AV),48.81877,2.37489
202000017203,10,9,2020,20,2,94,94041,2,1,1,3,HOCHE (R),48.811,2.374
202000017204,10,9,2020,17,1,94,94011,2,1,1,6,ROSTAND.(RUE JEAN),48.767563,2.486334
202000017205,10,9,2020,17,1,94,94028,2,1,1,4,avenue de la POMPADOUR,48.77397,2.43779
202000017206,10,9,2020,13,1,94,94028,2,1,1,6,LAFERRIERE(AVENUE),48.79953,2.45446
202000017207,11,9,2020,16,1,94,94019,2,3,1,3,CLAIRE (AV),48.8011,2.5444
202000017208,11,9,2020,15,1,94,94071,2,1,1,2,GENERAL LECLERC (R DU),48.777834,2.511629
202000017209,11,9,2020,19,1,93,93073,2,2,1,3,DEBRIS (RUE JACQUES),48.95619,2.57665
202000017210,11,9,2020,15,1,93,93078,2,1,1,2,CLEMENCEAU (AVENUE GEORGES),48.9588672,2.5577423
202000017211,10,9,2020,6,2,93,93066,2,1,1,6,FRANCE ANATOLE (BOULEVARD) NR AUTRES,48.9189384,2.3423825
202000017212,11,9,2020,15,1,93,93064,2,1,1,3,ALSACE-LORRAINE (BOULEVARD),48.88391,2.48828
202000017213,11,9,2020,21,5,93,93062,2,2,1,6,LIVRY (AVENUE DE),48.90133,2.5193
202000017214,11,9,2020,17,1,93,93051,2,1,1,6,UNIVERSITE,48.83716,2.56008
202000017215,11,9,2020,20,5,93,93050,2,1,1,3,JEAN JAURES (AVENUE) COTE VILLE EVRARD,48.8626839,2.5456089
202000017216,11,9,2020,19,1,93,93010,2,1,1,2,AV PASTEUR,48.90511,2.486
202000017217,11,9,2020,18,1,93,93071,2,1,1,3,SALVADOR ALLENDE (AVENUE),48.94727,2.53378
202000017218,11,9,2020,19,5,93,93001,2,9,1,6,WALDECK ROCHET (RUE),48.9117675,2.3676703
202000017219,11,9,2020,10,1,92,92046,2,1,1,6,Charles de gaulle,48.8225268,2.2988507
202000017220,11,9,2020,11,1,92,92063,2,3,1,3,RICHELIEU (BOULEVARD),48.87163,2.18341
202000017221,11,9,2020,13,1,92,92044,2,3,1,3,PDT WILSON(RUE) 2A24 ET 1A21,48.89069,2.29159
202000017222,10,9,2020,10,1,92,92036,2,1,1,3,LOUIS ROCHE (AVENUE) (1/45),48.92685,2.31465
202000017223,11,9,2020,10,1,92,92026,2,2,1,3,JEAN-PIERRE TIMBAUD,48.899728,2.250381
202000017224,11,9,2020,8,1,92,92026,2,1,1,2,ARCHE (AVENUE),48.895346,2.238708
202000017225,11,9,2020,17,1,92,92024,2,3,1,6,JULES VERNE (PLACE),48.90875,2.30732
202000017226,11,9,2020,15,1,92,92023,2,1,1,3,GENERAL DE GAULLE (AVENUE DU),48.7828,2.24511
202000017227,11,9,2020,18,1,92,92032,2,3,1,3,DOLIVET J ET M (AVENUE),48.79461,2.29143
202000017228,11,9,2020,16,1,22,22213,1,1,1,7,Le Boisanne,48.537011,-1.981723
202000017229,11,9,2020,22,5,95,95199,1,1,1,6,D124,49.020267,2.320089
202000017230,12,9,2020,1,5,40,40133,2,6,1,6,15 rue Jacques Choquard,43.578296,-1.435449
202000017231,12,9,2020,18,1,31,31423,1,1,1,6,Route de la Barthe,43.403317,1.072197
202000017232,11,9,2020,23,3,83,83054,1,1,1,2,A57,43.155058,6.042137
202000017233,12,9,2020,11,1,83,83148,1,1,1,3,Dn7,43.405047,6.404364
202000017234,12,9,2020,9,1,42,42176,1,6,1,6,Route de Renaison,46.047312,3.985156
202000017235,12,9,2020,1,4,02,02232,2,1,1,7,Place de la Gare,49.234228,2.98958
202000017236,10,9,2020,17,1,57,57661,1,3,7,3,Route de Wissembourg,49.051349,7.600833
202000017237,11,9,2020,18,1,19,19276,2,1,7,6,Quai Julian Grimau,45.4248385,1.5653481
202000017238,11,9,2020,8,1,19,19248,1,1,1,7,Chemin de Bialet,45.426464,1.526472
202000017239,12,9,2020,11,1,74,74077,2,6,1,3,Chemin du Trembley,46.06323,5.891488
202000017240,12,9,2020,11,1,2B,2B273,1,1,1,2,D506,42.427179,9.401958
202000017241,11,9,2020,18,1,82,82108,1,1,1,3,1166 Route de Lafrancaise,44.101586,1.243614
202000017242,11,9,2020,19,1,82,82002,1,4,1,1,Route du Bac de Cos,44.077674,1.423008
202000017243,11,9,2020,22,3,33,33382,2,4,1,6,Lieu Dit le Jard de Bourdillas,45.19244,-0.45657
202000017244,12,9,2020,8,1,33,33141,1,1,7,6,45 Route de la Brune,44.83557,-0.34207
202000017245,12,9,2020,3,5,81,81128,2,1,1,6,5 Chemin de Pierre,43.663311,2.350283
202000017246,12,9,2020,14,1,81,81037,2,1,1,1,Chemin de la Catalanie,43.631991,2.490608
202000017247,11,9,2020,9,1,89,89309,2,2,1,3,Rue du Guichet,48.287162,3.20171
202000017248,12,9,2020,11,1,63,63276,1,3,1,1,D212,45.8036056,3.4758526
202000017249,12,9,2020,15,1,63,63407,1,1,1,7,Route Departementale 983,45.6030983,2.8254365
202000017250,18,7,2020,7,1,63,63034,1,1,1,3,D2089,45.7938771,3.3010899
202000017251,2,9,2020,18,1,12,12138,1,4,1,5,RD901-Carrefour lieu-dit Campels,44.479881,2.452075
202000017252,12,9,2020,12,1,42,42130,1,1,1,3,Route de Thuragneux,45.676882,4.178302
202000017253,11,9,2020,11,1,47,47144,1,1,1,6,Brideau Haut,44.589122,0.404102
202000017254,11,9,2020,19,1,68,68315,1,1,1,6,Rte 431,47.890946,7.112714
202000017255,12,9,2020,10,1,39,39453,1,1,1,7,,46.430389,5.810663
202000017256,1,9,2020,15,1,35,35068,1,1,1,3,Route de Rennes,48.101789,-1.429635
202000017257,14,8,2020,9,1,35,35299,1,1,1,5,RD76,48.644587,-1.885123
202000017258,11,9,2020,14,1,35,35223,1,1,1,6,N24,47.997618,-2.095535
202000017259,12,9,2020,15,1,31,31574,1,1,1,7,D820,43.431793,1.417108
202000017260,12,9,2020,0,5,38,38397,2,1,1,6,La Bâtie,45.23936,5.84778
202000017261,11,9,2020,17,1,01,01243,2,1,1,1,Route de Lurcy,46.05215,4.770708
202000017262,11,9,2020,18,1,01,01243,1,1,1,5,D933,46.042899,4.759998
202000017263,8,9,2020,13,1,72,72147,1,1,1,1,lieu dit la grande pièce des pâtis,48.100854,0.197904
202000017264,12,9,2020,10,1,06,06068,1,1,1,1,Chemin de Font Leugne,43.720552,6.973062
202000017265,11,9,2020,16,1,05,05040,2,2,1,6,Intersection D3 - bretelle d'accès N94,44.540752,6.280274
202000017266,12,9,2020,11,1,05,05146,1,1,1,2,D1075,44.619708,5.702312
202000017267,12,9,2020,19,1,50,50484,2,2,1,3,Rue de la République,48.577563,-1.09414
202000017268,12,9,2020,3,3,90,90072,1,6,1,6,N1019,47.5448021,6.9482063
202000017269,12,9,2020,18,1,45,45325,1,1,1,3,D2020-PR 1 + 600,48.165168,1.91517
202000017270,11,9,2020,0,3,73,73298,1,1,1,6,N90,45.653757,6.434185
202000017271,11,9,2020,19,2,21,21425,2,1,1,6,8 Rue Georges Loye,47.624483,4.339039
202000017272,12,9,2020,16,1,04,04157,1,1,1,7,RD 953,43.8899871,6.1321209
202000017273,12,9,2020,13,1,85,85128,1,1,1,1,Route de la Roche sur Yon,46.47914,-1.18188
202000017274,11,9,2020,16,1,88,88082,2,3,7,6,9 Rue de la Tournelle,48.454702,6.949879
202000017275,11,9,2020,17,1,35,35210,1,3,1,3,Le Grand Chemin,48.176469,-1.760736
202000017276,11,9,2020,21,5,95,95580,2,6,1,6,RD 16,49.0917367,2.5283516
202000017277,10,8,2020,18,3,987,98729,2,1,1,1,RT 91,-17.527102,-149.775807
202000017278,22,7,2020,16,1,971,97118,2,9,2,6,Chemin de Clede,16.202513,-61.607023
202000017279,7,9,2020,11,1,33,33527,2,6,1,3,Rue de Boulange,44.623293,-1.024486
202000017280,12,9,2020,4,3,30,30253,1,1,1,6,Le Mas Dieu,44.2208247,4.0837671
202000017281,12,9,2020,13,1,84,84144,1,4,1,1,D22,43.926855,5.55346
202000017282,12,9,2020,11,1,05,05139,1,4,1,6,D17,44.678945,5.95636
202000017283,11,9,2020,13,1,71,71360,1,1,1,7,D17e,46.3321629,4.7348433
202000017284,12,9,2020,17,1,21,21294,1,1,1,-1,Rue Humbert de Gillens,47.104826,4.9935728