Num_Acc,jour,mois,an,hr,condition_eclairage,departement,commune,condition_agglomeration,intersection,condition_atmosphere,type_collision,adresse,lattitude,longitude
202000017285,12,9,2020,13,1,74,74281,2,3,1,1,23 Chemin du Clos de Champagne,46.3774812,6.4991266
202000017286,23,7,2020,22,3,44,44114,1,1,1,6,Rue du Petit Bois,47.306659,-1.636856
202000017287,12,9,2020,17,1,01,01104,1,1,1,7,D 991 -  La Rivière,46.243665,5.897292
202000017288,11,9,2020,18,1,32,32200,1,1,1,5,route departementale 943 Pk 5.300,43.621561,0.503086
202000017289,12,9,2020,17,1,85,85019,1,1,1,1,La Voirie,46.798389,-1.412701
202000017290,11,9,2020,22,3,22,22233,1,1,1,6,Route d'Yvias,48.733012,-3.064542
202000017291,11,9,2020,15,1,27,27329,1,2,1,3,1 Rue de Boursonne,49.200691,1.472114
202000017292,11,9,2020,17,1,13,13055,1,1,1,4,A507 sens Marseille - Aubagne,43.3026565,5.4253574
202000017293,11,9,2020,16,1,13,13070,1,1,1,4,Sens Aubagne vers Marseille,43.2853736,5.5153621
202000017294,11,9,2020,14,1,13,13202,1,1,1,4,A55-Sens Martigues vers Marseille,43.319866,5.363774
202000017295,10,9,2020,19,1,13,13203,1,1,2,7,A557-Liaison A7 Marseille-A55 Marseille,43.3183609,5.3654754
202000017296,11,9,2020,11,1,69,69142,1,1,1,4,M7   2.278 A 3.690,45.72757,4.81658
202000017297,28,8,2020,12,1,42,42005,1,1,1,4,A72,45.52586,4.28754
202000017298,11,9,2020,17,1,33,33281,1,1,1,4,ROCADE A 630,44.84505,-0.67124
202000017299,11,9,2020,8,1,33,33122,1,1,1,2,AUTOROUTE A 63,44.75941,-0.68098
202000017300,10,9,2020,3,3,33,33474,1,1,1,6,AUTOROUTE A 62,44.67542,-0.48114
202000017301,10,9,2020,10,1,59,59346,1,1,1,6,AUTOROUTE A27,50.600809,3.133309
202000017302,10,9,2020,8,1,59,59527,1,1,1,3,ROUTE DEPARTEMENTALE 652,50.667301,3.029822
202000017303,11,9,2020,16,1,91,91687,1,1,1,2,AUTOROUTE A6,48.64947,2.38535
202000017304,11,9,2020,9,1,91,91182,1,9,1,3,RN 104,48.61332,2.43112
202000017305,11,9,2020,8,1,92,92036,1,1,1,2,A86,48.9356468,2.2855372
202000017306,10,9,2020,23,3,92,92025,1,1,1,2,A86,48.9325383,2.2486858
202000017307,11,9,2020,9,1,93,93027,1,1,1,7,AUTOROUTE A86,48.92466,2.38985
202000017308,11,9,2020,19,1,77,77169,1,1,1,6,RN104,48.815374,2.624225
202000017309,11,9,2020,7,1,94,94079,1,1,1,3,A4,48.8349,2.5375
202000017310,11,9,2020,2,3,94,94042,1,1,1,-1,A4,48.8275754,2.4705096
202000017311,10,9,2020,21,3,77,77468,1,1,1,6,A4,48.832429,2.663949
202000017312,23,6,2020,10,1,82,82121,2,1,1,6,BRIAND (RUE ARISTIDE),44.01667,1.3453
202000017313,10,9,2020,7,1,988,98818,2,1,1,4,ROUTE EXPRESS DU MONT DORE,-22.23638,166.4862
202000017314,10,9,2020,17,1,973,97302,1,1,1,4,CABASSOU (ROUTE DE),4.9147211,-52.3101998
202000017315,7,9,2020,13,1,973,97302,2,2,1,-1,ROUGET DE L ' ISLE,4.9391673,-52.3271728
202000017316,10,9,2020,23,5,69,69259,2,4,1,6,VIENNE (DE)                         (RO),45.7162869,4.854896
202000017317,10,9,2020,16,1,69,69388,1,1,1,3,MARIUS BERLIET                      (R ),45.73765,4.86804
202000017318,14,6,2020,15,1,66,66172,2,1,1,6,Avenue de Torremila,42.717889,2.857695
202000017319,14,6,2020,4,3,28,28392,1,1,1,2,Autorute A10 dans le sens province vers Paris au PK 61+555,48.239366,1.850767
202000017320,10,6,2020,6,1,971,97128,1,4,1,6,Route de Ffrench,16.244095,-61.369843
202000017321,12,6,2020,8,1,29,29297,1,1,2,1,Rue du Faouët,47.880657,-3.537705
202000017322,14,6,2020,6,2,37,37253,1,1,1,6,,47.2621623,1.0126558
202000017323,14,6,2020,13,1,05,05180,1,1,1,3,D994E,44.827185,6.522907
202000017324,14,6,2020,18,1,52,52001,1,1,1,6,Allee de la Genevroye,48.117309,5.353088
202000017325,14,6,2020,19,1,01,01376,2,3,1,4,Route de Genève,45.829883,4.979773
202000017326,14,6,2020,13,1,69,69054,1,1,1,3,la scierie,46.1719844,4.5045999
202000017327,12,6,2020,16,1,31,31291,1,1,1,6,D 65,43.593105,1.274586
202000017328,13,6,2020,23,3,85,85302,1,1,2,3,La Barboire,46.9180202,-0.961647
202000017329,13,6,2020,20,1,14,14053,1,3,7,3,D63/D148,48.880135,-0.0798157
202000017330,14,6,2020,0,3,22,22176,2,1,2,7,Rue du Menhir,48.441597,-2.746947
202000017331,12,6,2020,4,3,13,13216,1,1,1,2,A55-Sens Marseille vers Martigues,43.345809,5.345807
202000017332,12,6,2020,8,1,13,13055,1,1,1,2,A507 sens Aubagne- Marseille,43.32887,5.41615
202000017333,13,6,2020,13,1,33,33063,1,1,2,4,ROCADE A 630,44.8839,-0.55837
202000017334,13,6,2020,16,1,94,94038,1,1,1,4,AUTOROUTE A6A,48.77981,2.34678
202000017335,12,6,2020,19,1,94,94037,1,1,1,2,AUTOROUTE A6B,48.8138,2.35513
202000017336,13,6,2020,21,1,93,93005,1,1,1,6,AUTOROUTE A3,48.94936,2.47645
202000017337,13,6,2020,14,1,60,60612,1,1,1,7,AUTOROUTE A1,49.18502,2.60531
202000017338,12,6,2020,7,1,95,95365,1,1,2,3,RN 104,49.06665,2.40262
202000017339,12,6,2020,8,1,77,77053,1,1,2,-1,N104,48.6925256,2.5950965
202000017340,13,3,2020,15,1,86,86066,2,1,1,6,Rue Joseph Mergau,46.80298,0.52489
202000017341,11,6,2020,14,1,988,98818,2,3,1,3,RUE DU 18 JUIN/RUE RENE MILLARD,-22.27681,166.46818
202000017342,13,6,2020,1,5,974,97409,2,1,2,6,Rue de Cambuston,-20.93241,55.64621
202000017343,12,6,2020,13,1,974,97409,2,3,1,3,CHEMIN AGENOR,-20.945948,55.683138
202000017344,12,6,2020,23,5,69,69387,2,1,2,3,CLAUDE BERNARD                      (QU),45.750756,4.8361301
202000017345,12,6,2020,15,1,972,97213,2,9,1,3,Z I LA JAMBETTE,14.616,-61.032
202000017346,9,6,2020,11,1,69,69385,2,1,2,6,ROMAIN ROLLAND                      (QU),45.76395,4.82894
202000017347,12,6,2020,18,1,971,97120,2,2,1,3,ZONE INDUSTRIELLE DE BERGEVIN,16.2451,-61.54
202000017348,12,6,2020,22,5,2A,2A004,2,1,1,7,GEORGES POMPIDOU AVENUE,41.9328864,8.7558195
202000017349,11,6,2020,17,1,2A,2A004,2,1,1,3,MONT THABOR RUE DU,41.93457,8.75534
202000017350,12,6,2020,1,5,95,95277,2,1,2,6,DE THEILLEY PIERRE (RUE),48.9881591,2.4479768
202000017351,12,6,2020,20,1,95,95018,2,1,1,6,PERI (AVENUE GABRIEL),48.94368,2.25157
202000017352,11,6,2020,17,1,89,89024,2,1,2,6,MONTOIS (BOULEVARD DE),47.80801,3.55805
202000017353,11,6,2020,17,1,87,87085,2,1,3,6,PERRIN (RUE FRANCOIS),45.82325,1.22113
202000017354,11,6,2020,8,1,87,87085,2,3,1,3,SAGNES (RUE DES),45.87746,1.29284
202000017355,24,2,2020,2,5,87,87085,2,1,1,6,PALAIS (ROUTE DU),45.84816,1.29369
202000017356,12,6,2020,10,1,86,86157,1,1,1,3,N147,46.53272,0.43211
202000017357,25,5,2020,18,1,30,30011,1,4,1,3,ARAMON ROUTE D',43.92632,4.73703
202000017358,12,6,2020,20,1,81,81021,2,3,1,3,TOULOUSE,43.49875,2.36861
202000017359,12,6,2020,0,5,79,79191,2,2,1,3,Avenue de la Rochelle,46.31524,-0.4743
202000017360,30,4,2020,10,1,78,78517,2,9,1,6,AMPERE ANDRE (RUE),48.65336,1.8503
202000017361,11,6,2020,10,1,76,76600,2,2,1,3,HUIT MAI 1945,49.7418,0.368
202000017362,3,6,2020,16,1,73,73008,2,2,1,1,D991D / GRAND PORT (RONDEAU) AVENUE DU,45.7045939,5.8909442
202000017363,12,6,2020,19,1,69,69266,2,1,2,1,CROIX LUIZET  (Pont de),45.78386,4.89525
202000017364,12,6,2020,11,1,69,69264,2,1,2,5,BERTHIER  PIERRE   R,45.98691,4.72335
202000017365,12,6,2020,13,1,67,67482,2,1,1,1,GERSTHEIM (RUE DE),48.5683036,7.7780599
202000017366,12,6,2020,11,1,67,67204,2,1,1,1,ROBERTSAU (IMPASSE DE LA),48.620864,7.761011
202000017367,12,6,2020,5,1,67,67482,2,3,1,3,COMTES (ALLEE DES),48.5804808,7.7152559
202000017368,11,6,2020,18,1,67,67482,2,1,1,2,LEON DACHEUX (AVENUE),48.56425,7.75636
202000017369,5,6,2020,19,1,65,65251,2,1,1,2,PYRENEES  (AV DES),43.2102,0.073
202000017370,11,6,2020,19,1,65,65440,2,2,8,5,CARNOT (RUE),43.224021,0.069802
202000017371,12,6,2020,10,1,64,64445,2,1,1,3,Avenue du Président Kennedy,43.310111,-0.365991
202000017372,12,6,2020,12,1,64,64102,2,1,1,3,PAMPELUNE (AVENUE DE),43.4885,-1.4794
202000017373,7,4,2020,15,1,62,62628,2,3,1,3,LORRAINE (R DE),50.4246316,2.889223
202000017374,11,6,2020,11,1,62,62193,2,9,1,1,SAINT EXUPERY (AVENUE. 325 A ...),50.94668,1.90516
202000017375,10,6,2020,18,1,57,57672,2,3,1,3,ALBERT 1ER (AVENUE) - IMPAIR,49.35987,6.17091
202000017376,11,6,2020,22,5,56,56098,2,6,8,3,LANN-SEVELIN (ROND POINT DE),47.77775,-3.34521
202000017377,12,6,2020,15,1,54,54025,2,1,1,6,Av de la Chartreuse,48.661861,6.251775
202000017378,12,6,2020,14,1,54,54197,1,9,1,2,ERFURT (CHEMIN D'),48.6188391,6.2040192
202000017379,12,6,2020,9,1,54,54395,2,6,8,2,RD 674,48.6772476,6.2064198
202000017380,12,6,2020,8,1,51,51454,2,1,2,7,Allée Claude Thiénot,49.261695,4.0171158
202000017381,11,6,2020,10,1,51,51454,1,1,1,7,Avenue de Champagne,49.2335604,4.0389679
202000017382,12,6,2020,5,3,50,50203,1,1,2,6,INGOUFS (LIEU DIT),49.60494,-1.64199
202000017383,12,6,2020,8,1,45,45234,1,1,2,3,D2020 - PR 37+100,47.832758,1.9181
202000017384,12,6,2020,17,1,42,42044,2,1,3,6,Vallée de Cotatay,45.3903854,4.3488303
202000017385,11,6,2020,9,1,41,41018,2,1,1,6,BRANLY (RUE EDOUARD),47.58787,1.314
202000017386,11,6,2020,15,1,38,38544,2,1,1,6,Rue Henri Jacquier,45.524,4.876
202000017387,12,6,2020,19,1,35,35051,2,1,2,3,48 Cours de la Vilaine,48.1150063,-1.6087117
202000017388,12,6,2020,14,1,35,35238,2,9,1,3,Rue de Lorient,48.10697,-1.72787
202000017389,12,6,2020,3,5,34,34172,2,6,2,6,GRANIER (PLACE ERNEST),43.601733,3.9013173
202000017390,12,6,2020,10,1,33,33075,1,2,1,3,AVE DU MEDOC / ROCADE A630 -E7-,44.87962,-0.62683
202000017391,23,5,2020,22,5,30,30189,2,3,1,3,FRANCAIS LIBRES (BD),43.83031,4.32357
202000017392,11,6,2020,18,1,29,29232,2,1,3,6,Avenue de la Liberation,47.99174,-4.07651
202000017393,12,6,2020,19,1,29,29019,2,9,1,3,Rue Edouard Belin,48.4175365,-4.4605636
202000017394,25,5,2020,8,1,29,29019,2,2,1,1,Rue Charles Filiger,48.4014535,-4.4568207
202000017395,10,6,2020,17,1,29,29019,2,1,1,2,Avenue Maréchal Foch,48.3958899,-4.4886137
202000017396,12,6,2020,7,2,28,28085,2,1,2,7,MERMOZ (RUE JEAN),48.45246,1.52198
202000017397,12,6,2020,1,5,26,26362,2,1,1,7,1 Allée Louis Paufique,44.911973,4.915219
202000017398,12,6,2020,7,2,26,26198,1,1,1,1,1 chemin des Travailleurs,44.55353,4.71052
202000017399,9,6,2020,13,1,22,22278,1,9,1,4,VILLE JOUHA (BD DE LA),48.50448,-2.78401
202000017400,12,6,2020,17,1,17,17300,2,2,8,3,VILLENEUVE   RUE,46.15956,-1.14743
202000017401,12,6,2020,8,1,17,17300,2,1,1,6,SAINT-LOUIS   RUE,46.16078,-1.1458
202000017402,11,6,2020,21,1,13,13108,2,6,1,1,ROI RENE (BOULEVARD),43.80589,4.65501
202000017403,12,6,2020,21,1,13,13215,2,1,1,3,LYON (RUE DE),43.332717,5.364325
202000017404,11,6,2020,5,1,13,13214,2,1,1,7,AYGALADES (AVENUE DES),43.33303,5.36797
202000017405,12,6,2020,12,1,06,06069,2,1,1,2,SIDI BRAHIM (AVENUE),43.649908,6.930348
202000017406,12,6,2020,13,1,06,06123,2,1,1,2,DE GAULLE GENERAL AVENUE,43.667147,7.19254
202000017407,11,6,2020,19,1,06,06004,2,9,1,3,POINCARE BD RAYMOND,43.5719,7.1068
202000017408,12,6,2020,7,1,01,01014,2,1,1,6,CD 31,46.2843,5.66269
202000017409,10,6,2020,6,1,75,75117,2,1,1,3,PORTE DE SAINT OUEN,48.900488,2.322065
202000017410,9,6,2020,15,1,75,75117,2,1,1,2,PORTE D ASNIERES,48.889591,2.297417
202000017411,11,6,2020,2,5,75,75112,2,2,1,3,BOULEVARD DIDEROT,48.848031,2.392847
202000017412,12,6,2020,16,1,75,75119,2,1,1,6,AVENUE JEAN JAURES,48.888137,2.390636
202000017413,12,6,2020,2,5,75,75119,2,2,3,6,AVENUE DE LA PORTE DU PRE SAINT GERVAIS,48.882007,2.402486
202000017414,11,6,2020,23,5,75,75119,2,1,2,3,AVENUE JEAN JAURES,48.889051,2.394005
202000017415,12,6,2020,7,1,75,75117,2,7,2,7,PLACE GENERAL CATROUX,48.882916,2.30904
202000017416,11,6,2020,23,5,75,75117,2,5,3,6,AVENUE DE VILLIERS,48.885633,2.291716
202000017417,10,6,2020,13,1,75,75117,2,3,1,6,AVENUE DE SAINT OUEN,48.895885,2.328417
202000017418,11,6,2020,16,1,75,75116,2,2,1,3,ROUTE DE LA MUETTE A NEUILLY,48.873827,2.26414
202000017419,12,6,2020,18,1,75,75114,2,3,1,3,RUE D ALESIA,48.829836,2.321172
202000017420,12,6,2020,16,1,75,75112,2,2,1,3,AVENUE DAUMESNIL,48.834977,2.419816
202000017421,11,6,2020,18,1,75,75112,2,1,1,3,AVENUE DAUMESNIL,48.835798,2.422139
202000017422,12,6,2020,16,1,75,75108,2,2,1,6,RUE DE COURCELLES,48.875032,2.309211
202000017423,12,6,2020,15,1,75,75108,2,2,1,3,RUE DE ROME,48.882216,2.320349
202000017424,12,6,2020,17,1,75,75103,2,4,1,3,RUE SAINT MARTIN,48.867258,2.354615
202000017425,12,6,2020,9,1,94,94080,2,1,2,6,MIDI (R DU),48.84712,2.43712
202000017426,12,6,2020,18,1,94,94078,2,1,1,4,PARIS (R DE),48.730715,2.446884
202000017427,12,6,2020,15,1,94,94078,2,1,1,2,L'APPEL DU DIX-HUIT JUIN 1940 (AV DE),48.758213,2.443507
202000017428,12,6,2020,19,1,94,94068,2,9,9,6,GAMBETTA (AV),48.797677,2.491676
202000017429,12,6,2020,15,1,94,94003,2,1,1,6,CONVENTION (AV DE LA),48.81,2.33
202000017430,10,6,2020,21,5,94,94022,2,1,1,3,GAMBETTA (AV),48.76347,2.402319
202000017431,12,6,2020,21,1,94,94047,1,1,1,6,FRANCOIS COPPEE (R),48.708271,2.541743
202000017432,12,6,2020,6,1,93,93070,2,1,2,2,MICHELET(AV):N°1AU 103,48.9036794,2.3440203
202000017433,11,6,2020,21,5,93,93053,2,3,3,1,ROSNY (AVENUE DE) N° 56 A 242,48.8932694,2.4706029
202000017434,12,6,2020,14,1,93,93046,2,1,2,6,ROBERT SCHUMANN BOULEVARD,48.9287805,2.5507077
202000017435,11,6,2020,22,5,93,93046,2,5,2,3,BD JEAN JAURES / AV EMILE GERARD,48.92254,2.5243
202000017436,12,6,2020,17,1,93,93045,2,1,1,3,R DE PARIS,48.8784033,2.4112546
202000017437,12,6,2020,18,1,93,93066,2,1,1,6,POTERIE,48.94513,2.34722
202000017438,12,6,2020,8,1,92,92025,2,1,2,3,PRESIDENT SALVADOR ALLENDE (RUE DU),48.922562,2.246101
202000017439,11,6,2020,11,1,92,92025,2,1,1,6,BOURNARD (RUE DU),48.922954,2.255087
202000017440,11,6,2020,17,1,92,92024,2,1,1,1,GENERAL LECLERC (BD DU) (9 A 59)   (4 A,48.90105,2.31561
202000017441,2,6,2020,14,1,92,92024,2,9,1,6,GENERAL LECLERC (BD DU) (9 A 59)   (4 A,48.9010726,2.3155645
202000017442,12,6,2020,19,1,92,92049,2,3,1,2,BROSSOLETTE AVENUE PIERRE,48.812821,2.301596
202000017443,13,6,2020,20,1,01,01333,1,1,2,1,Saint-André-de-Corcy,45.914333,4.942238
202000017444,13,6,2020,17,1,86,86186,1,3,2,3,la Talboterie,46.878499,0.63549
202000017445,13,6,2020,14,1,67,67452,1,1,1,3,Départementale 41,48.65145,7.583367
202000017446,12,6,2020,12,1,48,48140,1,1,3,2,A75,44.819564,3.272552
202000017447,28,5,2020,8,1,30,30202,2,1,1,6,Boulevard Gambetta ,44.2556061,4.647629
202000017448,12,6,2020,12,1,51,51630,1,1,2,7,D36,48.9421921,3.9266433
202000017449,13,6,2020,1,3,56,56087,2,1,1,7,Rue du Dolmen,47.595721,-2.847328
202000017450,12,6,2020,18,1,31,31351,1,1,1,1,Route d'Aussonne,43.673122,1.297658
202000017451,12,6,2020,16,1,80,80024,1,6,1,2,Départementale 1001,49.9363778,2.243212
202000017452,10,6,2020,9,1,80,80212,2,7,1,6,Place Jean Catelas,49.909358,2.508597
202000017453,13,6,2020,2,3,65,65083,1,1,1,4,D8,43.175436,0.102793
202000017454,12,6,2020,18,1,11,11009,1,3,1,5,RD 33 PK 13+500,43.2391389,2.1726747
202000017455,13,6,2020,16,1,61,61486,1,2,1,1,Lieu Dit la Beharie,48.733451,-0.789149
202000017456,30,5,2020,6,1,61,61194,2,2,1,3,Le Bourg (Montgaroult),48.749677,-0.129874
202000017457,12,6,2020,16,1,46,46034,1,2,1,6,D25,44.710253,1.90012
202000017458,12,6,2020,12,1,44,44146,1,1,1,2,D244,47.739958,-1.451011
202000017459,12,6,2020,20,1,31,31374,1,1,7,6,D16,43.417744,1.638712
202000017460,12,6,2020,12,1,02,02179,1,1,1,6,D14,49.257771,3.616642
202000017461,13,6,2020,19,1,72,72083,1,1,1,6,D43,47.948754,-0.215381
202000017462,13,6,2020,10,1,72,72319,1,3,8,3,Lieu Dit les Tuileries,48.125084,0.101259
202000017463,13,6,2020,18,1,05,05004,1,1,8,6,D13,44.622945,6.165991
202000017464,13,6,2020,10,1,60,60641,2,3,1,1,Grande Rue,49.47084,3.008264
202000017465,13,6,2020,12,1,64,64040,1,1,1,-1,D132,43.036368,-0.746856
202000017466,13,6,2020,16,2,64,64147,1,3,1,3,cd 21,43.447491,-1.334409
202000017467,13,6,2020,18,1,10,10063,2,3,1,3,17 Rue Alexandre Hugot,48.373247,4.529767
202000017468,13,6,2020,9,1,28,28082,1,3,1,1,D116,48.696945,1.448184
202000017469,13,6,2020,9,1,28,28350,1,1,1,6,D923,48.443152,1.324067
202000017470,13,6,2020,9,1,87,87104,1,1,1,3,LACOUR,45.719555,1.814429
202000017471,13,6,2020,0,3,30,30003,1,1,1,6,RD 62,43.569633,4.109101
202000017472,13,6,2020,17,1,30,30341,2,2,1,3,78 Avenue Maurice Privat,43.690102,4.274803
202000017473,13,6,2020,2,4,52,52058,2,1,1,6,Rue de la Fontaine,48.20221,5.140683
202000017474,12,6,2020,14,1,08,08305,1,1,2,6,D951,49.628482,4.604597
202000017475,13,6,2020,3,3,13,13051,1,1,1,4,RD113,43.589841,5.116668
202000017476,13,6,2020,15,1,973,97309,2,2,1,3,Route de Rémire,4.907703,-52.272847
202000017477,12,6,2020,13,1,11,11370,1,1,1,2,A9,43.224067,3.097887
202000017478,13,6,2020,9,1,974,97418,2,1,8,7,3 Rue de la Pépinière,-20.898731,55.533469
202000017479,12,6,2020,9,1,971,97129,1,1,1,1,SECTION LÉOTARD,16.304022,-61.702781
202000017480,12,6,2020,14,1,91,91386,2,1,1,6,Rue de Paris,48.572579,2.434158
202000017481,11,6,2020,22,3,84,84092,2,1,1,1,Rue Albert Camus,43.970185,4.863581
202000017482,9,6,2020,23,3,25,25277,1,1,2,6,D50,47.466977,6.380825
202000017483,12,6,2020,19,1,68,68040,1,1,1,7,Rue Joffre,47.821277,7.0749
202000017484,12,6,2020,19,1,68,68331,1,1,1,7,D415,48.047612,7.460751
202000017485,13,6,2020,1,3,73,73248,1,1,1,6,D1006,45.2840172,6.3554802
202000017486,12,6,2020,20,5,69,69143,2,1,3,6,Quai Pasteur,45.875878,4.838533
202000017487,12,6,2020,21,1,85,85003,1,1,2,6,D978,46.76718,-1.61698
202000017488,13,6,2020,2,3,50,50041,1,1,1,7,Rue des Marettes,49.673891,-1.753414
202000017489,13,6,2020,8,1,60,60446,1,1,1,6,D330a,49.1467614,2.7918492
202000017490,13,6,2020,12,1,59,59524,1,1,1,5,Rue du 8 Mai,50.572744,2.897751
202000017491,11,6,2020,11,1,13,13055,1,1,1,3,A507 sens Aubagne- Marseille,43.2931396,5.4242349
202000017492,11,6,2020,17,1,83,83137,1,1,1,2,A50,43.12506,5.90625
202000017493,10,6,2020,15,1,83,83062,1,1,1,2,A57,43.1434,6.0142
202000017494,1,2,2020,17,1,69,69290,1,1,1,2,A43  ,45.7075,4.9559
202000017495,12,6,2020,14,1,91,91216,1,1,1,4,AUTOROUTE A6,48.66832,2.35392
202000017496,12,6,2020,17,1,95,95563,1,1,1,2, A115,49.01039,2.23034
202000017497,12,6,2020,8,1,93,93005,1,1,3,5,AUTOROUTE A3,48.95263,2.47402
202000017498,12,6,2020,5,2,93,93027,1,1,2,6,AUTOROUTE A86,48.92829,2.41225
202000017499,11,6,2020,22,3,93,93066,1,1,3,3,AUTOROUTE A86,48.92208,2.36404
202000017500,11,6,2020,8,1,95,95395,1,1,1,4,RN 104,49.068,2.39458
202000017501,11,6,2020,3,3,95,95582,1,1,1,2, A15,48.966713,2.2560757
202000017502,12,6,2020,6,1,77,77083,1,1,2,5,A4.W,48.8320393,2.6005324
202000017503,10,6,2020,17,2,974,97416,2,1,7,6,HIPPOLYTE  PIOT (RUE),-21.2968,55.45128
202000017504,12,6,2020,0,3,974,97407,2,1,1,7,20 DECEMBRE 1948(AVENUE DU),-20.94339,55.29762
202000017505,11,6,2020,21,2,69,69383,2,2,1,3,SERVIENT                            (R ),45.7604,4.8489
202000017506,11,6,2020,9,1,69,69388,2,1,1,6,11 NOVEMBRE 1918 (DU)               (PL),45.73675,4.86908
202000017507,11,6,2020,9,1,69,69383,2,1,1,2,RICHARD VITTON                      (CO),45.7537,4.8896
202000017508,11,6,2020,15,1,972,97209,2,1,1,2,CLUNY (ROUTE DE),14.62246,-61.07976
202000017509,10,8,2020,7,1,54,54329,2,1,1,6,rd 400,48.59738,6.47514
202000017510,12,8,2020,19,1,51,51454,2,1,1,7,Avenue Edmond Michelet,49.2207992,4.0350354
202000017511,11,8,2020,16,1,50,50218,2,7,1,3,AMERIQUES (BOULEVARD),48.830926,-1.575092
202000017512,11,8,2020,17,1,49,49007,2,1,3,6,BARANGE BOULEVARD,47.46037,-0.57229
202000017513,12,8,2020,7,2,45,45147,2,6,1,2,Rue Fernand et Marcelle Rivière,47.93799,1.89489
202000017514,9,8,2020,15,1,34,34003,2,9,1,-1,POMPIDOU (H12 A 14,43.30659,3.46765
202000017515,12,8,2020,13,1,33,33009,2,3,1,3,DESBIEY (CRS),44.65933,-1.17043
202000017516,11,8,2020,20,1,29,29232,1,1,1,7,D34 - Boulevard Louis le Guennec,47.98542,-4.11121
202000017517,12,8,2020,3,3,29,29039,2,1,1,6,Boulevard Alfred Guillou,47.87505,-3.92862
202000017518,7,8,2020,10,1,27,27528,2,1,1,6,Rue du Bout des Jardins,49.2589,1.20847
202000017519,11,8,2020,12,1,17,17300,2,1,1,7,CIMETIERE   AVENUE DU,46.1652,-1.1202
202000017520,11,8,2020,12,1,13,13203,2,1,1,6,PLACIDE CAFFO (PLACE),43.313063,5.384844
202000017521,4,8,2020,14,1,13,13201,2,1,1,3,LÉON GAMBETTA (ALLEE),43.299,5.3825
202000017522,12,8,2020,12,1,13,13215,2,1,1,4,GARE (BOULEVARD DE LA) ,43.3578,5.3659
202000017523,10,8,2020,10,1,13,13208,2,9,1,3,MICHELET (BOULEVARD),43.262875,5.396739
202000017524,12,8,2020,15,1,13,13047,1,9,8,2,FOS (ROUTE DE) - RN 569,43.48745,4.96393
202000017525,12,8,2020,7,1,13,13005,1,1,1,4,RN 96 (ROUTE NATIONALE ),43.306927,5.5745691
202000017526,11,8,2020,15,1,11,11069,2,1,1,2,MONTREAL -ROUTE DE -,43.212,2.3174
202000017527,12,8,2020,13,1,10,10387,2,4,1,1,LOMBARDS (AVENUE),48.26897,4.08473
202000017528,11,8,2020,20,5,06,06088,2,1,1,6,DELFINO (BD GENERAL),43.704473,7.287742
202000017529,12,8,2020,9,1,75,75116,2,1,1,2,BOULEVARD PERIPHERIQUE,48.863558,2.265761
202000017530,12,8,2020,1,5,75,75116,2,1,1,3,AVENUE DU PRESIDENT WILSON,48.863607,2.289298
202000017531,11,8,2020,13,1,75,75116,2,4,1,2,BOULEVARD PERIPHERIQUE,48.877266,2.27962
202000017532,12,8,2020,14,1,75,75120,2,1,1,3,BOULEVARD DAVOUT,48.85472,2.410485
202000017533,12,8,2020,10,1,75,75117,2,3,1,3,BOULEVARD BESSIERES,48.897613,2.324154
202000017534,12,8,2020,9,1,75,75115,2,1,1,6,RUE PETEL,48.8408,2.299382
202000017535,10,8,2020,9,1,75,75115,2,7,1,2,RUE DE LA CONVENTION,48.835499,2.302392
202000017536,12,8,2020,15,1,75,75107,2,2,1,3,RUE SAINT DOMINIQUE,48.859935,2.310168
202000017537,3,8,2020,13,1,75,75109,2,3,1,6,RUE DE CHATEAUDUN,48.875989,2.33843
202000017538,12,8,2020,12,1,75,75108,2,4,1,3,BOULEVARD MALESHERBES,48.87214,2.321807
202000017539,12,8,2020,15,1,75,75107,2,2,1,3,QUAI ANATOLE FRANCE,48.862589,2.319017
202000017540,11,8,2020,17,2,75,75104,2,1,2,6,RUE DE RIVOLI,48.855394,2.36037
202000017541,12,8,2020,12,1,94,94042,2,2,1,3,JEAN D ESTIENNE D ORVES (AV),48.82126,2.47191
202000017542,12,8,2020,11,1,94,94065,2,1,1,6,avenue de versailles,48.74772,2.3644
202000017543,12,8,2020,13,1,94,94079,2,1,1,2,LEON DAUER (R),48.825501,2.536527
202000017544,12,8,2020,19,1,94,94017,2,7,1,2,STALINGRAD (BD DE),48.8278,2.4939
202000017545,12,8,2020,20,5,93,93005,2,9,8,2,CHARLES DE GAULLE [CD115] (AVENUE),48.9305061,2.4826894
202000017546,12,8,2020,19,1,93,93066,2,1,3,5,"""STALINGRAD (AVENUE), NR 88 A 114 BIS""",48.9474758,2.374423
202000017547,12,8,2020,17,1,93,93053,2,3,1,3,ROSNY (AVENUE DE) N° 56 A 242,48.8941245,2.4706881
202000017548,11,8,2020,20,1,93,93048,2,1,1,6,STALINGRAD (RUE DE),48.8551,2.4464
202000017549,12,8,2020,20,2,92,92062,2,1,1,6,BERGERES (RD-PT DES) DU 117 AU 141,48.8845901,2.2276962
202000017550,12,8,2020,15,1,92,92062,2,1,1,3,DE DION BOUTON (QUAI) DU 29 AU 65,48.886989,2.2529295
202000017551,12,8,2020,12,1,92,92044,2,1,1,7,VIC. HUGO(RUE)115A149 ET 148A178,48.8988673,2.2938401