Num_Acc,jour,mois,an,hr,condition_eclairage,departement,commune,condition_agglomeration,intersection,condition_atmosphere,type_collision,adresse,lattitude,longitude
202000017552,12,8,2020,11,1,92,92012,2,1,1,3,JEAN JAURES (BOULEVARD) 1/61 - COTE IMPA,48.841257,2.239202
202000017553,12,8,2020,16,1,92,92007,2,6,1,3,VAILLANT-COUTURIER (AVENU PAUL),48.79451,2.3165
202000017554,12,8,2020,15,1,92,92007,2,1,1,2,PASTEUR (AVENUE LOUIS) N° 1 A 39 ET 2 A,48.7983017,2.3175808
202000017555,13,8,2020,11,1,2A,2A035,2,1,1,6,Belvédère-Campomoro,41.628873,8.81602
202000017556,13,8,2020,17,1,86,86272,1,1,8,1,Route de Rettel,46.827785,0.484579
202000017557,13,8,2020,7,1,11,11068,1,1,1,3,A61,43.179962,2.562389
202000017558,12,8,2020,18,1,33,33205,1,1,1,1,D109,44.606178,-0.393373
202000017559,10,8,2020,18,2,972,97227,1,1,1,3,N5,14.479088,-60.963312
202000017560,6,8,2020,13,1,972,97226,1,1,1,2,D9,14.438135,-60.876231
202000017561,6,5,2020,22,3,26,26337,1,9,1,7,autoroute du Soleil,44.707223,4.785833
202000017562,13,8,2020,14,1,22,22005,1,1,1,2,4 Kerboll,48.552108,-3.379117
202000017563,11,8,2020,7,1,59,59462,1,1,1,2,D925,50.525466,3.004777
202000017564,13,8,2020,11,1,19,19031,1,1,2,4,A20,45.118872,1.50105
202000017565,13,8,2020,4,3,41,41136,1,1,2,7,A10,47.714762,1.476611
202000017566,30,7,2020,9,1,34,34076,1,1,1,2,A75 - PK 289+000,43.659303,3.443313
202000017567,12,8,2020,15,1,67,67434,2,3,1,3,Route de Sarrebourg,48.9329908,7.0891112
202000017568,11,8,2020,12,1,79,79202,2,6,1,3,Avenue Pierre Mendes-france,46.646188,-0.247804
202000017569,1,8,2020,15,1,79,79066,1,1,1,7,Le Petit Chanteloup,46.507682,-0.366368
202000017570,13,8,2020,14,1,2A,2A085,1,3,1,3,D302,41.911475,8.837299
202000017571,13,8,2020,16,1,71,71561,1,1,2,1,Ligny-en-Brionnais,46.2449737,4.2161409
202000017572,13,8,2020,7,1,61,61297,2,2,1,3,D932,48.6454,0.478055
202000017573,12,8,2020,14,1,12,12069,1,1,6,6,D 999,43.876675,2.70195
202000017574,13,8,2020,0,3,47,47269,1,1,8,1,D215,44.190421,0.763164
202000017575,13,8,2020,14,1,41,41060,2,1,2,6,26 Rue de l'Eglise,47.968566,0.893025
202000017576,13,8,2020,11,1,34,34283,1,1,1,7,D9,43.814247,3.391042
202000017577,13,8,2020,5,2,25,25512,1,1,1,1,LES ALLEMANDS,47.151377,6.69724
202000017578,11,8,2020,18,1,29,29245,1,3,1,5,Carrefour D25 / D59,48.45691,-4.362335
202000017579,12,8,2020,16,1,31,31091,2,1,8,1,3 Avenue de l'Industrie,43.718342,1.395575
202000017580,13,8,2020,11,1,38,38453,2,1,1,3,Route de Valence,45.11683,5.32687
202000017581,12,8,2020,13,1,38,38006,1,1,1,6,Route du Collet d'Allevard,45.39173,6.10139
202000017582,13,8,2020,15,1,03,03157,1,1,1,5,,46.2103884,3.5217316
202000017583,12,8,2020,15,1,06,06163,2,1,1,1,Avenue Jean Medecin,44.056465,7.586746
202000017584,13,8,2020,15,1,50,50417,1,1,1,6,D56,49.586093,-1.328337
202000017585,12,8,2020,16,1,83,83074,1,1,1,-1,2900 Route Napoléon,43.7779874,6.6430353
202000017586,13,8,2020,2,3,60,60471,1,1,1,1,D1032,49.570608,3.021922
202000017587,13,8,2020,12,1,60,60159,1,8,1,1,N31,49.4137404,2.921827
202000017588,11,8,2020,21,5,43,43268,2,6,1,3,Route de Retournac,45.143933,4.118543
202000017589,12,8,2020,17,1,07,07172,1,1,1,1,Route de Picot,45.289226,4.736347
202000017590,13,8,2020,6,1,40,40168,2,4,2,1,32 Avenue du Marensin,43.78257,-1.225507
202000017591,12,8,2020,17,1,23,23008,2,1,8,6,63 Avenue de la République,45.950034,2.158744
202000017592,12,8,2020,14,1,87,87137,1,2,1,3,D85,45.741247,0.802099
202000017593,13,8,2020,8,1,37,37108,1,1,1,6,D31,47.1654165,1.029323
202000017594,13,8,2020,16,1,48,48038,1,1,2,7,D45,44.84665,3.669798
202000017595,13,8,2020,13,1,72,72058,1,1,1,4,A28,47.967543,0.329289
202000017596,12,8,2020,23,3,80,80443,1,1,3,6,A29,49.810663,1.841712
202000017597,10,8,2020,21,5,978,97801,2,3,1,3,N7,18.068792,-63.035745
202000017598,9,10,2020,17,1,14,14244,1,1,1,6,D39,48.91046,-0.136937
202000017599,10,10,2020,8,1,60,60259,1,1,1,7,Fresnoy-en-Thelle,49.20394,2.267572
202000017600,13,8,2020,9,1,01,01425,1,1,1,3,A40,46.103895,5.290786
202000017601,9,10,2020,20,3,59,59139,1,1,1,3,D45,50.105813,3.405097
202000017602,28,7,2020,8,1,67,67234,1,1,1,5,A4,48.9725382,7.0674947
202000017603,12,8,2020,0,5,972,97230,2,1,1,6,31 Rue Joseph Lagrosilliere,14.742237,-60.963322
202000017604,7,10,2020,18,2,83,83137,1,1,1,2,A57,43.12132,5.95331
202000017605,12,8,2020,22,5,06,06099,2,1,1,6,Promenade Lieutenant Rene Maurin,43.954987,6.916225
202000017606,12,8,2020,15,1,39,39389,1,1,1,6,,46.736125,5.876076
202000017607,9,10,2020,19,2,33,33013,1,1,1,2,ROUTE NATIONALE 230,44.86503,-0.50384
202000017608,13,8,2020,10,1,71,71176,2,1,1,6,2 Rue des Acacias,46.4811876,3.9926332
202000017609,8,10,2020,22,4,59,59350,1,1,1,2,AUTOROUTE A25,50.621857,3.021773
202000017610,12,8,2020,18,1,68,68012,1,1,1,3,Rte,47.786879,7.131221
202000017611,9,10,2020,12,1,78,78524,1,1,2,6,A13,48.8389,2.1108
202000017612,8,10,2020,21,5,988,98818,2,1,2,6,VE1 SENS SUD//NORD HT STE LE FROID,-22.24898,166.45408
202000017613,8,10,2020,11,1,974,97411,2,1,1,6,JAURES (BOULEVARD JEAN),-20.89004,55.46448
202000017614,12,8,2020,13,1,57,57144,1,1,1,1,D29,49.134431,6.857325
202000017615,8,10,2020,6,2,974,97411,2,3,2,3,VINH-SAN (BLD 1 DU PRINCE),-20.88632,55.43983
202000017616,12,8,2020,12,1,74,74280,2,1,1,1,Rue de la Saulne,45.882671,6.325765
202000017617,8,10,2020,19,3,973,97302,1,6,1,3,CRIQUE FOUILLEE (ROND POINT),4.8970353,-52.328428
202000017618,11,8,2020,19,1,38,38205,1,1,1,-1,La Chenevarie,45.14339,5.60992
202000017619,12,8,2020,13,1,85,85112,1,1,8,3,D32,46.585869,-1.761954
202000017620,8,10,2020,18,1,69,69383,2,3,1,3,RABELAIS                            (R ),45.76286,4.84718
202000017621,6,8,2020,5,3,50,50224,1,1,1,6,le colombier,48.995731,-0.910975
202000017622,8,10,2020,8,1,69,69387,2,2,1,2,JEAN JAURES                         (AV),45.73608,4.83652
202000017623,12,8,2020,19,2,27,27213,1,3,3,3,Vexin-sur-Epte,49.188025,1.663023
202000017624,8,10,2020,8,1,69,69386,2,2,1,3,TETE D'OR (DE LA)                   (R ),45.7651,4.8532
202000017625,12,8,2020,16,1,33,33013,1,1,1,4,ROUTE NATIONALE 230,44.86589,-0.50388
202000017626,7,10,2020,23,5,69,69383,2,1,1,2,TURBIL                              (R ),45.75578,4.868
202000017627,4,8,2020,22,3,59,59009,1,1,1,2,ROUTE NATIONALE 227,50.625409,3.135424
202000017628,7,10,2020,22,3,972,97213,1,1,1,2,ROUTE NATIONALE 1,14.63223,-60.9799
202000017629,12,8,2020,17,1,94,94038,1,1,1,3,AUTOROUTE A6B,48.79104,2.3447
202000017630,6,10,2020,19,5,972,97213,2,1,1,3,ROUTE NATIONALE 5,14.5962,-60.9925
202000017631,8,10,2020,15,1,95,95491,2,6,1,3,DE GAULLE (RUE CHARLES),49.00118,2.23599
202000017632,12,8,2020,1,4,92,92050,1,1,1,7,A14,48.8937815,2.2323865
202000017633,8,10,2020,22,5,91,91691,2,1,1,6,AUGUSTE RENOIR(RUE),48.71172,2.49117
202000017634,12,8,2020,5,2,95,95151,1,1,1,6,RN 104,49.06484,2.26155
202000017635,6,10,2020,12,1,91,91377,2,4,2,3,MARTYRS DE SOWETO (AVENUE DES),48.7345,2.2705
202000017636,11,8,2020,22,3,93,93001,2,1,1,6,AUTOROUTE A86,48.92089,2.37173
202000017637,8,10,2020,8,2,91,91326,2,1,1,1,GAMBETTA (QUAI),48.68496,2.38503
202000017638,12,8,2020,9,1,94,94046,1,1,1,3,A86 EXT,48.8129273,2.4489558
202000017639,8,10,2020,7,5,87,87085,2,1,2,2,AUTOROUTE A20,45.8457259,1.2773431
202000017640,12,6,2020,7,1,82,82121,2,1,1,6,54 DE GAULLE (AVENUE CHARLES),44.009442,1.368427
202000017641,7,10,2020,16,1,86,86194,2,2,1,2,Rue du Faubourg du Pont Neuf,46.5727372,0.3628925
202000017642,10,8,2020,16,1,974,97407,1,1,1,5,ROUTE NATIONALE N° 1,-20.9551,55.3126
202000017643,7,10,2020,11,1,86,86066,2,6,1,3,RD 161 - ROCADE EST,46.83708,0.54029
202000017644,10,8,2020,20,4,973,97302,2,3,1,3,FELIX EBOUE(ROCADE),4.9275,-52.3192
202000017645,5,10,2020,17,1,84,84087,2,9,8,3,VERDUN (AVENUE DE),44.12804,4.82131
202000017646,10,8,2020,16,1,973,97302,2,1,1,3,BADUEL (ROUTE DE),4.9354,-52.3126
202000017647,7,10,2020,17,1,78,78423,2,1,1,6,ABOUT (AVENUE NICOLAS),48.77856,2.0383
202000017648,11,8,2020,21,2,69,69388,2,2,1,3,ALBERT THOMAS                       (CO),45.74692,4.86712
202000017649,11,8,2020,15,1,69,69387,2,2,1,3,JEAN JAURES                         (AV),45.74817,4.84366
202000017650,10,8,2020,16,1,69,69383,2,2,1,3,LAFAYETTE                           (CO),45.7637,4.843
202000017651,11,8,2020,8,1,69,69383,2,1,1,6,ARMENIE (D')                        (R ),45.75,4.84
202000017652,8,10,2020,7,5,76,76575,2,1,1,1,LENINE. BOULEVARD,49.381677,1.10979
202000017653,11,8,2020,6,1,972,97213,2,1,1,7,ROUTE DEPARTEMENTALE 3,14.6099136,-60.9964371
202000017654,9,8,2020,3,5,69,69382,2,3,1,6,DOCTEUR GAILLETON (DU)              (QU),45.7532477,4.833888
202000017655,7,10,2020,16,1,76,76540,2,3,1,3,MONT RIBOUDET. AVENUE DU,49.44807,1.06671
202000017656,10,8,2020,14,1,90,90010,2,9,1,3,RABIN (PLACE YITZHAK),47.64155,6.85718
202000017657,7,10,2020,8,1,76,76231,2,3,1,6,NEUBOURG. RUE DU (RN 840),49.2800451,1.0075128
202000017658,3,10,2020,20,5,71,71486,2,1,1,6,HENRI BARBUSSE (RUE),46.6437072,4.3779016
202000017659,27,6,2020,11,1,84,84007,1,1,1,5,CAVAILLON (Route de Cavaillon)-MONTFAVET,43.88896,4.9221
202000017660,11,8,2020,15,1,83,83137,2,3,1,3,JUIN (AVE ALPHONSE),43.12027,5.94727
202000017661,8,10,2020,20,2,69,69256,2,1,1,2,PAUL MARCELLIN                      (AV),45.77673,4.93124
202000017662,8,9,2020,8,1,69,69264,2,1,1,6,LECLERC GENERAL  BD,45.9953897,4.7162075
202000017663,10,8,2020,12,1,83,83126,2,3,1,3,CARMILLE ( AV DU GENERAL),43.095192,5.888664
202000017664,7,10,2020,18,2,67,67447,2,1,3,6,BITCHE (RUE DE),48.60986,7.7518
202000017665,8,7,2020,6,1,82,82121,2,6,7,6,LEOJAC (AVENUE DE),44.02181,1.37871
202000017666,9,8,2020,9,1,80,80021,2,1,1,6,CESAR FRANCK (RUE),49.91159,2.30955
202000017667,7,10,2020,23,5,66,66136,2,2,1,3,MERMOZ (AVENUE JEAN),42.6960416,2.9055807
202000017668,10,8,2020,9,1,79,79191,2,1,1,3,Avenue de Sevreau,46.31497,-0.50581
202000017669,7,10,2020,15,1,65,65440,2,1,1,3,AZEREIX (AVENUE D'),43.22359,0.049851
202000017670,10,8,2020,22,5,76,76540,2,1,1,4,VAL D'EAUPLET. RUE DU,49.43266,1.10803
202000017671,8,10,2020,15,1,64,64129,2,2,1,2,BAYONNE DE,43.3023,-0.39648
202000017672,9,8,2020,2,5,76,76681,2,2,1,3,14 JUILLET. AVENUE DU,49.41108,1.07697
202000017673,5,9,2020,14,1,62,62215,2,3,1,3,VIEUX CHATEAU (R DU),50.48145,2.96436
202000017674,11,8,2020,17,1,72,72095,1,1,1,2,BALLON (RTE DE),48.04016,0.21254
202000017675,11,8,2020,17,1,68,68376,2,1,1,6,Rue de l’Ill,47.8021963,7.3403037
202000017676,8,10,2020,13,1,62,62193,2,2,2,-1,LAFAYETTE (BOULEVARD),50.94626,1.85944
202000017677,10,8,2020,13,1,67,67482,2,2,1,3,RHIN (AVENUE DU),48.5725,7.76594
202000017678,7,10,2020,8,1,62,62846,2,6,7,3,CD 943,50.47926,2.73502
202000017679,7,10,2020,18,1,59,59426,2,1,1,2,SCHUMAN (RUE ROBERT),50.7449794,3.1536824
202000017680,10,8,2020,9,1,67,67482,2,1,1,2,THUMENAU (RUE DE LA),48.571711,7.755216
202000017681,8,10,2020,15,1,59,59368,2,2,8,3,DE COUBERTIN PIERRE  BOULEVARD,50.64862,3.0693
202000017682,7,10,2020,10,1,54,54578,2,2,2,6,BAUDRICOURT (BD DE),48.6780902,6.1595549
202000017683,8,10,2020,18,1,51,51454,2,1,1,7,Boulevard Albert 1er,49.2750136,4.0177077
202000017684,8,8,2020,23,5,66,66136,2,2,1,3,DALBIEZ (AVENUE VICTOR),42.689593,2.884419
202000017685,7,10,2020,11,1,51,51108,2,2,1,7,Rue Jean Jaurès,48.954622,4.3525063
202000017686,9,8,2020,16,1,66,66136,1,1,1,2,Départementale  617,42.70883,2.91313
202000017687,7,10,2020,7,4,50,50502,2,1,2,-1,EXODE,49.10548,-1.08714
202000017688,11,8,2020,21,5,65,65440,2,2,1,3,SEPTEMBRE (RUE DU IV),43.2288,0.083
202000017689,7,10,2020,13,1,49,49007,2,1,1,1,CHAUMIN BOULEVARD,47.4502,-0.55865
202000017690,8,10,2020,6,3,45,45232,2,1,2,6,Rue Marcel Belot,47.8396488,1.9141623
202000017691,10,8,2020,17,1,64,64122,2,1,1,7,VERDUN (AVENUE DE),43.4821428,-1.5517684
202000017692,9,8,2020,10,1,64,64125,2,1,1,6,ESPAGNE (AVENUE D'),43.4298341,-1.599898
202000017693,11,8,2020,13,1,64,64024,2,9,1,7,UNION (ROND POINT DE L'),43.485792,-1.503656
202000017694,10,8,2020,16,1,64,64102,2,1,1,4,BASQUE (AVENUE DU GRAND),43.49,-1.4559
202000017695,10,8,2020,16,1,64,64024,2,1,1,7,BAYONNE (AVENUE DE),43.4811,-1.5118
202000017696,27,6,2020,19,1,62,62842,2,1,2,1,GRISON (R JEAN BAPTISTE),50.4599724,2.831199
202000017697,9,8,2020,14,1,59,59375,2,1,1,2,FAUBOURG DE LILLE (RUE DU),50.40875,3.27717
202000017698,8,10,2020,17,1,44,44162,2,1,1,-1,RUE DE L'HOTEL DE VILLE,47.21122,-1.64942
202000017699,10,8,2020,8,1,59,59017,2,3,7,3,FAIDHERBE (BD ),50.681655,2.874061
202000017700,7,10,2020,8,1,41,41212,2,1,2,3,NATIONALE (ROUTE),47.56874,1.36198
202000017701,9,8,2020,10,1,56,56098,2,3,7,1,KESLER DEVILLERS (AVENUE),47.7686,-3.34482
202000017702,8,10,2020,9,1,38,38516,2,1,1,3,Boulevard de la Chantourne,45.1978,5.7454
202000017703,8,8,2020,20,1,56,56098,1,1,1,1,MALACHAPPE (LIEU-DIT),47.78771,-3.32146
202000017704,8,10,2020,8,1,37,37122,2,2,1,-1,PETIT MORON (RUE DU ),47.3304715,0.664181
202000017705,8,8,2020,18,2,56,56083,2,1,7,6,REPUBLIQUE ( AV. DE LA ),47.79863,-3.29465
202000017706,8,10,2020,19,5,33,33063,2,8,1,6,CRS PASTEUR,44.83561,-0.57535
202000017707,1,8,2020,18,1,52,52121,2,1,1,3,ABATTOIR (RUE DE L'),48.120287,5.149793
202000017708,7,10,2020,19,5,33,33063,2,1,1,1,CRS DE L'ARGONNE,44.82989,-0.57323
202000017709,11,8,2020,9,1,51,51474,2,1,1,7,Rue Emile Druart,49.275447,4.0006361
202000017710,8,10,2020,9,1,31,31555,2,1,1,3,BD MATABIAU,43.615,1.44785
202000017711,10,8,2020,17,1,50,50502,2,9,1,1,HUTREL,49.10467,-1.09411
202000017712,8,10,2020,1,5,31,31555,2,1,1,6,CHE DES IZARDS,43.6378507,1.4441818
202000017713,10,8,2020,8,1,50,50218,2,1,1,6,ROGER MARIS (RUE),48.83764,-1.59313
202000017714,7,10,2020,10,1,31,31555,2,1,1,3,BD DE STRASBOURG,43.61059,1.44349
202000017715,10,8,2020,2,4,49,49328,2,1,1,-1,347,47.27945,-0.07075
202000017716,6,10,2020,11,1,31,31555,1,1,2,6,ECHANGEUR ST MARTIN (A624-RD901),43.61729,1.39403
202000017717,10,8,2020,10,1,49,49007,2,2,1,3,CARNOT,47.47536,-0.54857
202000017718,3,10,2020,16,1,31,31555,2,1,3,6,ALL JEAN JAURES,43.6068177,1.4501523
202000017719,11,8,2020,2,5,47,47323,2,1,1,6,CAYREL JEAN-CLAUDE (AVENUE),44.41948,0.70055
202000017720,3,10,2020,15,1,31,31555,1,1,2,2,A621,43.61739,1.39406
202000017721,2,10,2020,20,5,31,31069,2,1,1,3,GRENADE (ROUTE DE),43.647861,1.383289
202000017722,11,8,2020,17,1,45,45338,2,2,1,1,Rue Jean Mermoz - Rue des plantes,47.98108,2.71645
202000017723,8,10,2020,13,1,28,28134,2,1,1,3,MARCHEBEAUX (RUE DES),48.73401,1.36092
202000017724,11,8,2020,13,1,45,45004,2,1,1,2,ANTIBES (AVENUE D'),47.98003,2.73305
202000017725,10,8,2020,11,1,42,42207,2,4,7,1,Rue Marcellin Champagnat,45.44677,4.50492
202000017726,3,10,2020,20,5,26,26362,2,2,2,3,58 Boulevard Maréchal Juin,44.91351,4.89355
202000017727,2,10,2020,9,1,22,22215,2,2,1,3,FONTAINE MORIN (RUE DE LA),48.492487,-2.795361
202000017728,20,7,2020,18,1,40,40281,2,6,1,3,KENNEDY (AV DU PDT. JOHN FIDGERALD),43.86667,-0.48847
202000017729,8,8,2020,15,1,38,38185,2,1,1,6,A480,45.16482,5.70161
202000017730,8,10,2020,9,1,15,15014,2,6,1,3,PREVERT (RUE JACQUES),44.9173001,2.4222627
202000017731,8,8,2020,3,4,38,38179,1,1,1,6,Avenue de la Combe,45.1687,5.79718
202000017732,2,10,2020,7,2,15,15014,2,1,1,6,DOCTEUR CHIBRET (RUE DU),44.93568,2.45293
202000017733,8,10,2020,22,5,13,13213,2,1,1,6,ENJOLRAS (AVENUE),43.33675,5.452217
202000017734,11,8,2020,15,1,33,33069,2,6,1,3,AVE JULES GUESDE,44.86477,-0.5874
202000017735,8,10,2020,14,1,13,13212,2,1,1,3,SAINT PIERRE (RUE),43.29133,5.41699
202000017736,8,10,2020,11,1,13,13203,2,1,1,6,RUFFI (RUE DE),43.30938,5.37271
202000017737,6,8,2020,9,1,33,33318,2,2,1,2,AVE DU BOURGAILH,44.79948,-0.66321
202000017738,8,10,2020,9,1,13,13208,2,1,1,2,GASTON CREMIEUX (RUE),43.27966,5.37911
202000017739,10,8,2020,12,1,33,33529,1,1,1,7,BISCAROSSE (AVE DE) JUSQU'A DUNE,44.56078,-1.23447
202000017740,7,10,2020,15,1,10,10333,2,1,1,4,"AUXERRE (ROUTE),",48.274014,4.058178
202000017741,10,8,2020,21,2,31,31555,2,1,1,-1,AV DES ETATS UNIS,43.633587,1.431383
202000017742,8,10,2020,11,1,09,09122,2,1,1,3,LERIDA (AVENUE DE),42.96277,1.60395
202000017743,7,10,2020,17,1,06,06029,1,1,1,2,BUISSONS ARDENTS,43.5585,6.9675
202000017744,11,8,2020,14,1,25,25056,2,1,1,1,FAURE AVENUE EDGAR,47.244274,6.017949
202000017745,7,10,2020,17,1,02,02722,1,1,1,2,ROUTE NATIONALE 31,49.375,3.29707
202000017746,28,7,2020,14,1,24,24037,2,9,1,3,DE GAULLE (AVENUE DU GENERAL),44.83437,0.44903
202000017747,7,8,2020,20,1,23,23096,1,2,1,3,940 (ROUTE DEPARTEMENTALE),46.139247,1.864436
202000017748,8,10,2020,15,1,75,75119,2,4,1,4,PORTE DE PANTIN,48.887361,2.396807
202000017749,8,10,2020,9,1,75,75116,2,1,1,3,PORTE DAUPHINE,48.869171,2.270687
202000017750,11,8,2020,14,1,17,17306,2,6,1,-1,LAIR  LOUIS (BD),45.6237243,-1.0401186
202000017751,11,8,2020,12,1,14,14137,2,3,1,3,CAUMONT (ROUTE DE ),49.187197,-0.425737
202000017752,7,10,2020,6,5,75,75118,2,1,1,6,PORTE DE LA CHAPELLE,48.900307,2.359196
202000017753,10,8,2020,18,1,13,13206,2,1,1,1,LIEUTAUD (COURS),43.290754,5.383249
202000017754,6,10,2020,17,1,75,75115,2,3,2,6,RUE DE LA CROIX NIVERT,48.846619,2.29966
202000017755,8,10,2020,15,1,75,75118,2,2,8,6,BOULEVARD BARBES,48.888364,2.349597
202000017756,10,8,2020,17,1,13,13047,2,1,1,6,MOURGUETTES ALL‚E DES,43.49188,4.98532
202000017757,8,10,2020,9,1,75,75118,2,5,1,3,RUE CUSTINE,48.888414,2.348027
202000017758,8,8,2020,6,1,11,11262,2,2,1,3,POMPIDOR (AVENUE),43.18278,2.97921
202000017759,8,10,2020,16,1,75,75116,2,1,1,6,RUE DES BELLES FEUILLES,48.869354,2.279801
202000017760,8,10,2020,17,1,75,75114,2,3,1,2,RUE DE LA TOMBE ISSOIRE,48.828936,2.333245
202000017761,27,7,2020,13,1,11,11262,2,1,1,-1,MARCORIGNAN (ROUTE DE),43.19991,2.97124
202000017762,8,10,2020,2,5,75,75114,2,2,1,6,BOULEVARD BRUNE,48.824643,2.319545
202000017763,6,8,2020,8,1,06,06030,2,1,1,6,FERRY (RUE JULES),43.572591,7.003145
202000017764,10,8,2020,11,2,06,06123,2,6,1,3,POMPIDOU GEORGES BOULEVARD,43.666,7.196
202000017765,7,10,2020,20,5,75,75114,2,3,1,3,RUE DIDOT,48.832183,2.320388
202000017766,8,10,2020,15,1,75,75113,2,3,1,7,AVENUE D ITALIE,48.82778,2.356768
202000017767,10,8,2020,17,1,02,02738,2,1,1,2,MAUGER(RUE DU),49.64978,3.31765
202000017768,11,8,2020,17,1,75,75118,2,4,1,4,BOULEVARD PERIPHERIQUE,48.900689,2.344237
202000017769,8,10,2020,8,1,75,75113,2,3,1,3,AVENUE DES GOBELINS,48.833183,2.354388
202000017770,11,8,2020,1,5,75,75117,2,4,1,3,AVENUE DE LA PORTE DE CLICHY,48.896278,2.309998
202000017771,8,10,2020,10,1,75,75112,2,1,1,2,BOULEVARD DIDEROT,48.847839,2.391339
202000017772,11,8,2020,16,1,75,75114,2,4,2,3,AVENUE DE LA PORTE DE CHATILLON,48.822392,2.314373
202000017773,8,10,2020,7,2,75,75112,2,2,1,3,QUAI DE LA RAPEE,48.845842,2.367642
202000017774,11,8,2020,16,1,75,75113,2,2,8,3,QUAI PANHARD ET LEVASSOR,48.828103,2.384871
202000017775,11,8,2020,10,1,75,75113,2,1,1,3,BOULEVARD DE L HOPITAL,48.834973,2.358104
202000017776,8,10,2020,19,2,75,75108,2,7,1,3,PLACE DE L ALMA,48.864729,2.301703
202000017777,11,8,2020,9,1,75,75112,2,3,1,6,AVENUE DAUMESNIL,48.838097,2.399665
202000017778,8,10,2020,7,1,75,75108,2,7,2,3,PLACE DE LA CONCORDE,48.864355,2.320296
202000017779,11,8,2020,16,1,75,75110,2,7,1,3,PLACE FRANZ LISZT,48.877905,2.351607
202000017780,8,10,2020,18,1,75,75103,2,3,1,3,RUE DE BRETAGNE,48.863402,2.361544
202000017781,11,8,2020,13,1,75,75109,2,4,7,7,RUE NOTRE DAME DE LORETTE,48.878989,2.336838
202000017782,11,8,2020,17,1,75,75102,2,1,2,7,RUE MONTORGUEIL,48.865373,2.34695
202000017783,8,10,2020,11,1,75,75102,2,1,8,6,BOULEVARD MONTMARTRE,48.871575,2.342389
202000017784,10,8,2020,9,1,94,94076,2,1,1,3,STALINGRAD (AV DE),48.782,2.36772
202000017785,8,10,2020,9,1,75,75103,2,3,1,3,RUE DE TURENNE,48.859981,2.364557
202000017786,10,8,2020,9,1,94,94028,2,1,1,6,AVET.(RUE PAUL FRANCOIS),48.79567,2.46346
202000017787,11,8,2020,14,1,94,94022,2,1,1,6,ANATOLE FRANCE (AV),48.759664,2.408668
202000017788,7,10,2020,10,1,94,94068,2,6,1,6,GARIBALDI (R),48.79,2.488
202000017789,11,8,2020,15,1,94,94017,2,1,1,6,Rue Louis Talamoni,48.81314,2.51261
202000017790,6,10,2020,19,5,94,94068,2,2,1,3,VERDUN (AV DE),48.801882,2.514303
202000017791,11,8,2020,18,1,93,93078,2,1,2,3,BALLANGER (BD ROBERT),48.9560732,2.5405555
202000017792,8,10,2020,14,1,94,94046,2,1,1,3,PIERRE CURIE (R),48.810728,2.425401
202000017793,11,8,2020,10,1,93,93059,2,1,1,2,Boulevard Jean Mermoz,48.97229,2.36622
202000017794,8,10,2020,14,1,94,94076,2,4,1,-1,PARIS (AV DE),48.80419,2.36449
202000017795,11,8,2020,20,1,93,93015,1,1,2,6,RTE STRATEGIQUE,48.924424,2.574116
202000017796,8,10,2020,17,1,94,94022,2,9,1,6,ROLLIN REGNIER (R),48.768233,2.406371
202000017797,8,10,2020,16,1,94,94022,2,1,1,6,ALLIES (BD DES),48.765362,2.405255
202000017798,10,8,2020,21,5,93,93029,2,2,1,3,R ANATOLE FRANCE / CH LATERAL,48.9335,2.4555
202000017799,8,10,2020,10,1,94,94022,2,2,1,7,NEWBURN (AV DE),48.75489,2.41152
202000017800,11,8,2020,11,1,93,93010,2,3,1,6,VARAGNAT (AVENUE HENRI),48.9131566,2.4822312
202000017801,7,10,2020,16,1,94,94019,2,1,1,2,CHENNEVIERES (RTE DE),48.805631,2.532727
202000017802,10,8,2020,17,1,92,92049,2,2,1,3,GINOUX AVENUE HENRI AUTRES N°,48.8180073,2.3222646
202000017803,10,8,2020,13,1,92,92020,2,1,1,3,LASEGUE RUE N° IMPAIRS,48.80276,2.279094
202000017804,8,10,2020,9,1,94,94004,2,1,1,6,PARIS (R DE),48.752221,2.50885
202000017805,7,10,2020,20,5,93,93031,2,1,1,3,AV DU DIX HUIT JUIN 1940,48.95333,2.3075
202000017806,8,10,2020,9,1,93,93029,2,1,1,2,AV HENRI BARBUSSE,48.92011,2.45186
202000017807,8,10,2020,7,1,93,93029,2,9,1,3,SADI CARNOT,48.9253333,2.4410775
202000017808,8,10,2020,7,1,93,93013,2,1,8,2,LECLERC (AVENU DE LA DIVISION),48.9361837,2.4270859
202000017809,7,10,2020,22,5,93,93014,2,1,1,6,GAGARINE (BOULEVARD),48.90662,2.5376
202000017810,8,10,2020,16,1,92,92075,2,6,8,7,CARREFOUR DE L'INSURRECTION,48.82022,2.29064
202000017811,8,10,2020,20,5,92,92040,2,1,1,7,PDT ROOSEVELT (QUAI DU),48.8298674,2.2608635
202000017812,8,10,2020,6,5,92,92040,2,1,2,3,AUGUSTE GERVAIS,48.8229633,2.2734637
202000017813,7,10,2020,13,1,92,92026,2,3,1,1,MARCEAU,48.90078,2.24456
202000017814,6,10,2020,20,5,92,92025,2,5,8,3,YOURI GAGARINE (RUE),48.925777,2.245262
202000017815,28,9,2020,11,1,92,92024,2,2,1,6,HENRI BARBUSSE (RUE) DE (73 A 139),48.90088,2.30804
202000017816,8,10,2020,18,2,92,92012,2,1,1,6,EDOUARD VAILLANT (AVENUE) 57/FIN - 58/FI,48.8348415,2.2470649
202000017817,8,10,2020,17,1,49,49244,1,1,8,1,D151,47.320585,-0.892746
202000017818,8,10,2020,17,1,971,97133,1,1,1,1,"Route de Mazarin, RD 6",15.958456,-61.70888