Num_Acc,jour,mois,an,hr,condition_eclairage,departement,commune,condition_agglomeration,intersection,condition_atmosphere,type_collision,adresse,lattitude,longitude
202000017819,9,10,2020,14,1,62,62390,2,1,1,6,Route de Berck,50.3879,1.60994
202000017820,12,8,2020,12,1,84,84099,1,2,1,3,Chemin des Mulets,43.856285,5.08343
202000017821,9,10,2020,7,2,87,87107,1,1,1,2,La Poitevine,45.935591,1.189404
202000017822,8,10,2020,7,2,35,35024,1,1,1,2,D 175,48.159373,-1.625719
202000017823,8,10,2020,18,1,56,56185,1,6,1,6,ZAC le Mourillon,47.777057,-3.418892
202000017824,8,10,2020,15,1,76,76443,1,1,2,7,D3 route de clères,49.565883,1.112548
202000017825,9,10,2020,11,1,69,69063,2,1,1,6,Rue de Trèves Pâques,45.816769,4.840137
202000017826,8,10,2020,11,1,32,32125,1,3,1,3,D162,43.776811,0.122813
202000017827,5,10,2020,9,1,61,61342,2,2,2,7,Avenue Bresnard,48.750668,0.581449
202000017828,8,10,2020,20,3,42,42318,1,1,1,4,D104,45.3924649,3.9614075
202000017829,9,10,2020,16,1,68,68259,1,3,1,3,Route de Kiffis,47.467244,7.347374
202000017830,9,10,2020,13,1,25,25321,1,1,1,5,D461,47.059485,6.697304
202000017831,6,10,2020,22,3,25,25271,1,1,1,7,D132,47.052186,6.477127
202000017832,9,10,2020,11,1,25,25594,1,1,1,2,D673,47.199073,5.868931
202000017833,7,10,2020,16,1,29,29184,1,1,1,6,Lieu Dit Lopreden,48.6105167,-3.9852304
202000017834,9,10,2020,17,1,31,31585,1,1,1,6,Prat d'Andre,43.113919,0.67472
202000017835,9,10,2020,14,1,31,31375,1,1,1,3,Route de Lahitere,43.190206,1.222036
202000017836,9,10,2020,15,1,02,02780,1,1,1,5,,49.361533,3.401084
202000017837,9,10,2020,15,1,01,01373,1,1,1,6,Route de la Crozette,46.127649,5.555622
202000017838,9,10,2020,5,3,72,72090,1,1,2,6,Rue de la Jatterie,48.049635,0.483688
202000017839,9,10,2020,17,1,05,05017,1,1,1,2,N94,44.573809,6.17157
202000017840,9,10,2020,6,3,64,64185,2,1,1,1,Le Bourg - RN134,42.932987,-0.58602
202000017841,9,10,2020,18,2,73,73121,2,1,1,6,D201c / 35 Lotissement Prè de la Dame,45.6378255,6.3111458
202000017842,5,10,2020,7,1,30,30116,1,1,1,2,RD 6100,43.939679,4.589764
202000017843,1,10,2020,7,3,80,80160,1,1,2,3,A29,49.851951,2.349556
202000017844,8,10,2020,17,1,978,97801,1,1,1,2,Route nationale 7,18.098794,-63.050264
202000017845,9,10,2020,15,1,95,95678,1,1,1,3,D9,49.075342,2.243571
202000017846,9,10,2020,8,1,06,06018,1,1,1,3,3124 Route de Valbonne,43.634823,7.071383
202000017847,8,10,2020,18,1,86,86297,1,9,8,6,A10,46.554682,0.282883
202000017848,9,10,2020,4,3,51,51015,1,1,2,7,A4,49.0749997,4.8553504
202000017849,9,10,2020,16,1,07,07010,2,6,1,2,D878,45.239296,4.690701
202000017850,6,10,2020,18,2,69,69064,1,1,3,1,D59,45.4881486,4.7566151
202000017851,6,10,2020,18,3,987,98747,1,1,1,1,Faaone PK 45+100,-17.751545,-149.240354
202000017852,9,10,2020,11,1,988,98826,1,1,1,6,VU4,-20.22724,164.07839
202000017853,9,10,2020,17,1,2B,2B042,2,1,1,2,Avenue de Borgo,42.56495,9.440957
202000017854,8,10,2020,10,1,83,83115,1,1,1,3,89 Avenue du Débarquement,43.322754,6.653284
202000017855,9,10,2020,14,1,13,13041,2,1,1,6,Boulevard Paul Cezanne,43.451451,5.471004
202000017856,9,10,2020,14,1,89,89083,1,2,2,5,D89,47.819878,3.452509
202000017857,9,10,2020,10,1,57,57209,1,6,2,3,D910,49.033732,6.596228
202000017858,8,10,2020,11,1,74,74056,2,1,1,7,44 Rue Charlet Straton,45.981617,6.92549
202000017859,16,8,2020,2,3,73,73006,1,1,1,6,D218 Route de Villaroland,45.5571818,6.6355007
202000017860,9,10,2020,18,1,38,38496,1,1,1,7,Route de Bougé,45.3388,4.91147
202000017861,8,10,2020,21,5,38,38344,2,3,1,3,Route de Sablons,45.36036,4.79469
202000017862,8,10,2020,19,5,69,69052,2,1,1,2,2 Route de Lozanne,45.8759968,4.7108067
202000017863,7,10,2020,11,1,33,33243,2,2,1,6,39 Av Anciens Combattants En Afn,44.914975,-0.232521
202000017864,1,10,2020,15,1,29,29058,2,6,3,7,5 Chemin de Ker An Braz,47.8907724,-4.0138806
202000017865,1,10,2020,10,1,27,27165,1,1,8,1,D830 - PK19+100,48.952039,0.912321
202000017866,9,10,2020,17,1,59,59012,2,3,1,1,Rue du Roi Albert 1er,49.9939561,4.1246194
202000017867,8,10,2020,22,5,59,59011,2,3,8,7,55 Rue Leon Boistelle,50.529413,2.924807
202000017868,6,9,2020,21,3,13,13015,1,1,1,6,A51-Sens Marseille vers Aix en Provence,43.4385,5.3962
202000017869,8,10,2020,16,1,13,13071,1,1,1,2,A7-Sens Lyon vers Marseille,43.41552,5.277901
202000017870,8,10,2020,17,1,13,13215,1,1,1,7,A7-Sens Lyon vers Marseille,43.3904762,5.3509762
202000017871,8,10,2020,8,1,13,13215,1,1,1,2,A7-Sens Marseille vers Lyon,43.3317,5.3777
202000017872,3,10,2020,20,3,13,13203,1,1,8,2,A7-Sens Marseille vers Lyon,43.36181,5.36121
202000017873,8,10,2020,16,1,33,33550,1,1,1,4,AUTOROUTE A 62,44.76056,-0.54687
202000017874,6,10,2020,9,1,33,33063,1,1,3,7,ROCADE A 630,44.88399,-0.55861
202000017875,8,10,2020,7,1,92,92036,1,1,1,-1,RN315 W,48.934721,2.3019484
202000017876,8,10,2020,7,3,78,78208,1,1,1,2,RN12 EXT,48.800351,1.973056
202000017877,7,10,2020,17,1,78,78490,1,1,2,4,RN12 EXT,48.799711,1.963783
202000017878,7,10,2020,16,1,92,92036,1,1,1,2,A86,48.9344018,2.2803241
202000017879,7,10,2020,14,1,78,78043,1,1,2,4,A12 Y,48.842223,2.099788
202000017880,7,10,2020,11,1,95,95572,1,1,1,7,A15,49.0321919,2.1118276
202000017881,7,10,2020,19,3,93,93005,1,1,1,2,AUTOROUTE A3,48.95044,2.47763
202000017882,8,10,2020,18,1,77,77169,1,1,1,3,A4.W,48.830536,2.607949
202000017883,8,10,2020,9,1,77,77121,1,1,2,-1,A104,48.8371,2.6648
202000017884,7,10,2020,18,1,77,77058,1,1,1,7,A4,48.82825,2.72631
202000017885,7,10,2020,8,1,94,94069,1,1,2,-1,A4,48.81656,2.45158
202000017886,7,10,2020,20,5,974,97416,1,1,1,7,RECHERCHANT(RUE ADRIEN),-21.2874,55.4825
202000017887,7,10,2020,9,1,973,97302,2,1,1,3,BOULEVARD DES CITES,4.923016,-52.3168302
202000017888,6,10,2020,6,1,973,97302,2,1,1,3,CABASSOU (ROUTE DE),4.9119098,-52.3080647
202000017889,7,10,2020,18,1,69,69383,1,1,1,6,JEAN REVERZY                        (SQ),45.75163,4.87172
202000017890,7,10,2020,17,1,69,69286,2,3,1,3,MERCIERES (DES)                     (R ),45.81569,4.87789
202000017891,6,10,2020,20,5,69,69142,2,1,1,1,GENERAL DE GAULLE                   (AV),45.7271,4.81287
202000017892,7,10,2020,5,1,971,97101,2,1,1,6,Frédéric JALTON,16.27393,-61.50467
202000017893,30,9,2020,15,1,95,95197,2,1,1,6,GARE (RUE DE LA),48.97537,2.33232
202000017894,6,10,2020,20,4,91,91161,2,6,1,3,GRAVIGNY (RUE DE),48.696554,2.306593
202000017895,7,10,2020,14,1,91,91286,2,1,1,2,CARRIERS ITALIENS (RUE DES),48.65564,2.38026
202000017896,21,12,2020,18,3,33,33039,1,1,8,4,A631,44.81228,-0.53379
202000017897,22,12,2020,1,5,31,31555,1,1,1,7,VA007331 A620,43.64939,1.42161
202000017898,20,12,2020,10,1,31,31555,1,1,1,3,VA007331 A620,43.65355,1.42546
202000017899,28,10,2020,19,5,27,27229,2,1,1,6,FOCH (AVENUE DU MARECHAL),49.0235,1.134
202000017900,21,12,2020,15,1,25,25056,2,9,2,3,GAULLE BOULEVARD CHARLES,47.2316,6.0187
202000017901,21,12,2020,11,1,21,21231,2,1,5,3,Quai Nicolas Rolin,47.3181576,5.0205792
202000017902,21,12,2020,10,1,21,21223,1,1,2,2,N274 (LINO),47.3459811,4.9944512
202000017903,22,12,2020,8,2,14,14327,2,2,1,3,FLEMING (RUE ALEXANDER),49.20806,-0.33941
202000017904,22,12,2020,16,1,13,13210,2,7,1,2,POLOGNE (PLACE DE),43.2835076,5.3989461
202000017905,22,12,2020,8,1,13,13211,2,1,1,6,SABLIERE (ROUTE DE LA),43.293726,5.480325
202000017906,22,12,2020,1,5,13,13215,2,1,1,6,HENRI BARNIER (BOULEVARD),43.3721295,5.3489417
202000017907,21,12,2020,17,5,13,13047,2,1,2,4,RADOLFZELL AVENUE DE,43.50009,4.97569
202000017908,8,12,2020,18,5,13,13001,2,1,8,6,VILLEVIELLE JOSEPH (RUE),43.52596,5.44239
202000017909,21,12,2020,15,1,11,11069,2,1,1,3,ALEXANDRO VOLTA -RUE-,43.2054,2.3094
202000017910,21,12,2020,9,1,10,10081,2,1,2,6,JEAN-BAPTISTE COLBERT (RUE),48.310024,4.02582
202000017911,21,12,2020,14,1,05,05061,2,9,1,3,PATAC ( CHEMIN DE ),44.539,6.0646
202000017912,22,12,2020,6,3,01,01451,2,1,2,1,MARBOZ RD 996 ( ROUTE DE ) PAIR,46.2356979,5.2283319
202000017913,21,12,2020,22,5,75,75119,2,1,2,4,BOULEVARD PERIPHERIQUE,48.900615,2.37248
202000017914,22,12,2020,14,1,75,75118,2,4,1,3,BOULEVARD ORNANO,48.895217,2.346596
202000017915,22,12,2020,11,1,75,75118,2,2,2,6,RUE ORDENER,48.893367,2.338255
202000017916,21,12,2020,18,5,75,75117,2,1,1,6,BOULEVARD BESSIERES,48.894814,2.31445
202000017917,21,12,2020,15,1,75,75116,2,1,2,3,AVENUE D IENA,48.866425,2.294919
202000017918,22,12,2020,13,1,75,75114,2,4,2,3,BOULEVARD EDGAR QUINET,48.841534,2.323531
202000017919,21,12,2020,17,5,75,75113,2,3,2,6,BOULEVARD VINCENT AURIOL,48.833845,2.365171
202000017920,22,12,2020,11,1,75,75112,2,1,1,6,RUE DU DOCTEUR GOUJON,48.839969,2.398068
202000017921,22,12,2020,4,5,75,75112,2,1,3,6,QUAI DE BERCY,48.835114,2.380368
202000017922,22,12,2020,8,2,75,75111,2,3,8,3,AVENUE PARMENTIER,48.86903,2.371763
202000017923,22,12,2020,19,5,75,75108,2,1,1,6,RUE DES MATHURINS,48.873344,2.323938
202000017924,22,12,2020,13,1,75,75101,2,3,8,6,RUE PIERRE LESCOT,48.861612,2.348074
202000017925,22,12,2020,19,5,94,94080,2,1,2,3,FONTENAY (R DE),48.848,2.44036
202000017926,22,12,2020,7,3,94,94073,1,1,2,2,RN 186,48.7538,2.37432
202000017927,21,12,2020,9,1,94,94028,2,9,2,3,FOCH(AVENUE DU MARECHAL),48.771942,2.439981
202000017928,22,12,2020,18,5,94,94059,2,1,2,7,Andre Rouy (AV),48.8164924,2.5612824
202000017929,22,12,2020,7,5,94,94079,2,4,2,6,HOTEL DE VILLE (R DE L),48.82576,2.54114
202000017930,22,12,2020,12,1,94,94069,2,1,1,6,MOULIN DES CORBEAUX (ALL DU),48.8153883,2.4552955
202000017931,21,12,2020,15,1,94,94002,2,1,2,6,VAILLANT COUTURIER (R),48.80772,2.41792
202000017932,21,12,2020,22,5,93,93073,2,3,2,3,CHAPIT RE ( RUE DU),48.9805601,2.5554204
202000017933,22,12,2020,9,1,93,93071,2,1,2,6,JOHN F. KENNEDY (AVENUE),48.9384629,2.5132675
202000017934,22,12,2020,21,5,93,93048,2,2,3,7,SOLIDARITE (RUE DE LA),48.8530288,2.4420981
202000017935,22,12,2020,19,5,93,93046,2,1,2,2,LIEGEARD AVENUE,48.9257,2.52947
202000017936,22,12,2020,17,5,93,93079,2,2,1,6,VICTOR HUGO (AV),48.96453,2.34409
202000017937,22,12,2020,12,1,93,93057,2,2,2,6,JAURES (AV. JEAN) 118 A FIN,48.9028352,2.5082561
202000017938,22,12,2020,18,5,93,93005,2,1,1,6,MITRY [CD115] (ROUTE DE),48.94942,2.51919
202000017939,22,12,2020,15,1,93,93001,2,2,2,3,CREVECOEUR  (RUE)  32 =>,48.919105,2.3863043
202000017940,22,12,2020,9,1,92,92075,2,1,2,6,LARMEROUX (RUE),48.81543,2.2788
202000017941,21,12,2020,22,3,92,92062,2,1,2,7,BOULEVARD CIRCULAIRE,48.88743,2.24436
202000017942,22,12,2020,17,3,42,42332,1,2,1,3,Rue de St-Sulpice,45.992236,3.997114
202000017943,23,12,2020,13,1,67,67073,1,1,2,1,RN 59 -PK3,48.282315,7.367717
202000017944,22,12,2020,17,2,69,69283,2,4,1,3,27 Route d'Heyrieux,45.6754181,4.9701487
202000017945,23,12,2020,12,1,62,62207,1,6,1,4,D317,50.440233,1.725106
202000017946,23,12,2020,17,3,76,76726,1,1,8,6,route des Loges,49.708961,0.281771
202000017947,23,12,2020,16,1,79,79063,2,2,7,6,2 Rue du Moulin,47.045982,-0.353718
202000017948,22,12,2020,17,2,89,89464,2,5,8,1,D 272,48.089074,3.286677
202000017949,23,12,2020,1,3,89,89362,1,1,1,6,D.606   PR 119+250,47.586448,3.772473
202000017950,22,12,2020,18,3,12,12052,1,1,5,6,Boulevard Francois Mitterrand,44.56842,2.073455
202000017951,22,12,2020,16,1,46,46016,1,2,1,3,Le pigeon bas,44.90907,1.541121
202000017952,23,12,2020,15,1,41,41241,1,2,1,3,D75,47.337819,1.93133
202000017953,22,12,2020,14,1,34,34178,2,1,1,6,1 Rue Jean Espinasse,43.438828,3.142841
202000017954,22,12,2020,13,1,44,44131,2,1,1,-1,D286,47.1347,-2.109317
202000017955,23,12,2020,11,1,31,31225,1,3,1,3,D 40,43.201645,1.173976
202000017956,22,12,2020,14,1,70,70421,2,1,2,6,61 Rue Francois Mitterrand,47.688257,6.045263
202000017957,23,12,2020,17,2,14,14425,1,1,2,5,d511,49.08465,0.108619
202000017958,22,12,2020,11,1,43,43185,2,1,1,6,Rue du Président,45.397267,3.305565
202000017959,23,12,2020,13,1,10,10204,1,1,2,6,RD 88,48.143296,4.071701
202000017960,23,12,2020,10,1,07,07089,1,9,1,3,Route Départementale 820,45.309922,4.752724
202000017961,17,12,2020,14,1,53,53043,2,1,1,7,rue de St ouen des vallons cd 557 PK 6,48.1504117,-0.5219793
202000017962,22,12,2020,12,1,37,37014,2,1,1,1,11 Route de Langeais,47.2719341,0.424276
202000017963,22,12,2020,10,1,24,24194,2,2,1,6,Le Bourg,44.836998,0.332806
202000017964,21,12,2020,9,1,973,97307,1,1,1,5,N1,4.895704,-52.32964
202000017965,22,12,2020,18,3,91,91159,1,9,8,5,D74,48.529456,2.420909
202000017966,23,12,2020,7,2,44,44103,2,3,8,1,Rue Henri Gautier,47.305884,-2.180588
202000017967,22,12,2020,19,3,06,06149,1,1,1,6,"Autoroute A8, chaussée nord, PK 202+300",43.741615,7.332387
202000017968,22,12,2020,13,1,57,57660,1,1,2,2,A320 Stiring Wendel,49.19612,6.933918
202000017969,21,12,2020,15,1,21,21590,1,1,3,6,A6,47.0582351,4.8208098
202000017970,22,12,2020,19,3,971,97112,1,1,1,6,section siblet,15.931516,-61.312981
202000017971,23,12,2020,9,1,45,45139,1,1,3,7,Route de Puiseaux,48.186973,2.339873
202000017972,23,12,2020,2,3,2B,2B188,1,1,1,6,RD82,42.604285,9.356961
202000017973,22,12,2020,15,1,89,89050,2,1,1,6,8 Route de la Gare,47.926712,3.521061
202000017974,15,12,2020,17,5,54,54063,2,2,1,3,D907,48.844469,5.84117
202000017975,23,12,2020,17,3,38,38215,1,3,1,1,Route de Saint Just Chaleyssin,45.585392,4.97259
202000017976,23,12,2020,19,5,69,69190,2,9,2,3,Rue des Monts,45.771605,4.694198
202000017977,22,12,2020,19,3,31,31384,1,1,1,3,carrefour du RD 16 et du RD 31,43.4753127,1.5803504
202000017978,21,12,2020,8,1,33,33243,2,1,2,6,12 Avenue du Maréchal Foch,44.91957,-0.24213
202000017979,22,12,2020,19,5,72,72154,2,1,3,6,Boulevard de la République,47.696076,-0.070644
202000017980,22,12,2020,17,2,29,29124,2,6,2,2,Boulevard des Freres Lumiere,48.574233,-4.316694
202000017981,22,12,2020,17,5,60,60139,2,1,3,4,11 Rue du 11 Novembre 1918,49.167324,2.250897
202000017982,22,12,2020,10,1,13,13211,1,1,1,2,A50-Sens Marseille vers Aubagne,43.2885243,5.4436012
202000017983,21,12,2020,14,1,13,13070,1,1,1,4,A50-Sens Aubagne vers Marseille,43.28577,5.51295
202000017984,22,12,2020,17,3,69,69290,1,1,1,3,A46,45.69109,4.9665
202000017985,22,12,2020,13,1,69,69297,1,1,1,2,A47 ,45.58839,4.79163
202000017986,17,12,2020,7,3,67,67365,1,1,1,3,Autoroute A.35,48.5384,7.71788
202000017987,22,12,2020,20,3,91,91645,1,1,2,7,RN 385 Extèrieure,48.76003,2.26773
202000017988,22,12,2020,11,1,94,94037,1,1,1,3,AUTOROUTE A6B,48.8079,2.3474
202000017989,22,12,2020,11,1,91,91521,1,1,2,6,RN 449,48.63558,2.40109
202000017990,18,12,2020,16,1,91,91228,1,1,1,2,AUTOROUTE A6,48.617917,2.427779
202000017991,22,12,2020,20,3,78,78126,1,1,2,2,A13,48.837895,2.124426
202000017992,21,12,2020,23,3,92,92048,1,1,1,6,N118,48.808672,2.2121237
202000017993,22,12,2020,19,3,95,95572,1,1,2,2,RN 184,49.03736,2.12222
202000017994,22,12,2020,15,1,93,93007,1,1,2,2,AUTOROUTE A3,48.93449,2.48091
202000017995,22,12,2020,9,1,93,93027,1,1,2,6,AUTOROUTE A86,48.9285522,2.4156886
202000017996,22,12,2020,5,3,93,93078,1,1,2,6,D170,48.97387,2.48944
202000017997,21,12,2020,21,5,93,93008,1,9,2,2,AUTOROUTE A86,48.9098317,2.4451752
202000017998,21,12,2020,14,1,93,93027,1,1,2,6,AUTOROUTE A86,48.92856,2.41467
202000017999,21,12,2020,10,1,93,93027,1,1,3,5,AUTOROUTE A86,48.922639,2.380364
202000018000,22,12,2020,16,2,94,94079,1,1,2,3,A4,48.8336,2.53521
202000018001,22,12,2020,10,1,94,94065,1,1,2,2,A86 EXT,48.7539,2.35163
202000018002,22,12,2020,5,3,94,94073,1,1,3,6,A86 EXT,48.7639305,2.3806453
202000018003,24,5,2020,18,1,67,67152,1,1,1,4,Autoroute A.35,48.5233474,7.6446708
202000018004,20,5,2020,19,1,67,67462,1,1,7,1,RN 422,48.28362,7.45882
202000018005,16,5,2020,8,1,67,67180,1,1,1,1,RD 72,48.87028,7.71164
202000018006,7,9,2020,15,1,38,38185,2,3,1,6,Boulevard Gambetta,45.19019,5.72209
202000018007,2,9,2020,8,1,38,38185,2,1,1,6,Cours Jean Jaurès,45.18926,5.71946
202000018008,23,8,2020,18,1,38,38185,2,2,1,6,Avenue des Jeux Olympiques,45.1734,5.74014
202000018009,26,11,2020,9,1,976,97611,2,1,1,6,kaweni-Rivière (ruelle de la ),-12.7691,45.22411
202000018010,18,12,2020,20,5,974,97416,2,1,1,3,HUBERT DE LISLE(BOULEVARD),-21.3423,55.47353
202000018011,20,12,2020,8,1,974,97416,2,1,1,1,Avenue Président Mitterand,-21.347559,55.494636
202000018012,21,12,2020,17,5,69,69388,2,2,2,6,ST ROMAIN                           (R ),45.7417791,4.8620886
202000018013,20,12,2020,22,5,972,97213,2,1,1,7,AUTOROUTE A1,14.618154,-61.03551
202000018014,20,12,2020,16,1,972,97209,2,6,1,3,BISHOP (Avenue Maurice),14.6044111,-61.0606813
202000018015,21,12,2020,17,5,69,69385,2,2,2,6,CHAMPVERT (DE)                      (R ),45.76361,4.79541
202000018016,20,12,2020,20,5,971,97107,2,1,1,6,PAUL LACAVE ( AVENUE ),16.0429848,-61.5648508
202000018017,21,12,2020,20,5,95,95127,2,3,2,3,HAUTIL (BOULEVARD DE L'),49.03723,2.08582
202000018018,21,12,2020,8,2,91,91027,2,3,2,2,VC QUAI DE L'INDUSTRIE,48.70581,2.4013
202000018019,18,12,2020,17,1,87,87085,2,1,1,2,BRIAND (RUE ARISTIDE),45.8455,1.27713
202000018020,20,12,2020,16,1,81,81257,2,1,1,3,Rue Roger Salengro,43.9438,2.20571
202000018021,20,12,2020,0,3,81,81144,2,1,2,7,Cote de la Dreche,43.97381,2.15905
202000018022,17,12,2020,18,5,80,80001,2,1,1,3,REPUBLIQUE (de la),50.1129896,1.8308941
202000018023,21,12,2020,8,2,78,78133,2,6,3,-1,CHEMIN NEUF (DU),48.90392,2.05448
202000018024,21,12,2020,18,5,78,78440,2,1,2,6,PAUL RAOULT (AVENUE),48.981436,1.912365
202000018025,21,12,2020,20,5,78,78498,2,3,2,3,ROBESPIERRE BD,48.93337,2.04925
202000018026,19,12,2020,16,1,76,76540,2,2,1,3,NANSEN. RUE FRIDTJOF,49.44692,1.06071
202000018027,18,12,2020,18,5,76,76351,2,2,1,2,CAVEE VERTE (RUE DE LA),49.50487,0.11229
202000018028,20,12,2020,4,5,76,76351,2,1,1,6,MARTYRS (DES),49.514754,0.107321
202000018029,7,12,2020,0,5,68,68224,2,9,1,7,ALGER (QUAI D'),47.74898,7.35381
202000018030,19,12,2020,20,5,67,67482,2,1,1,5,JEAN JAURES (AVENUE),48.57131,7.7567
202000018031,18,12,2020,21,5,67,67482,2,1,5,-1,LA FONTAINE (BOULEVARD),48.58986,7.70269
202000018032,16,12,2020,17,5,67,67462,2,3,5,1,FILATURE (RUE DE LA),48.2706189,7.4583575
202000018033,21,12,2020,7,5,64,64024,2,1,8,7,ADOUR (AVENUE DE L'),43.50106,-1.49296
202000018034,20,12,2020,20,5,63,63113,2,2,1,3,BLATIN (RUE),45.77682,3.07868
202000018035,18,12,2020,0,5,62,62041,2,1,2,7,FAIDHERBE ( BOULEVARD ),50.291703,2.782441
202000018036,21,12,2020,18,5,59,59009,2,1,1,5,JAURES JEAN RUE    N°5 AU 99,50.66222,3.13788
202000018037,21,12,2020,15,1,59,59350,2,1,8,6,DUNKERQUE AVENUE DE,50.64569,2.98697
202000018038,18,12,2020,10,1,59,59350,2,1,1,6,CORBUSIER AVENUE LE,50.63769,3.07144
202000018039,18,12,2020,15,1,56,56162,2,7,1,6,Place de Bretagne,47.73389,-3.42852
202000018040,19,12,2020,8,1,54,54329,2,3,1,6,AVENUE VOLTAIRE,48.5916,6.50687
202000018041,21,12,2020,10,1,49,49246,2,1,1,7,CHAUVIN AVENUE,47.43194,-0.535
202000018042,28,11,2020,12,1,47,47323,2,1,1,3,ACACIAS,44.42034,0.71804
202000018043,21,12,2020,6,5,45,45068,2,1,2,3,Rue du Vieux Rang de l’Anglee,48.0212612,2.7230714
202000018044,17,12,2020,15,1,44,44184,2,1,1,3,BASSINS (ROUTE DES),47.2845,-2.2427
202000018045,21,12,2020,17,2,43,43157,2,1,2,1,Pont Layette ,45.05588,3.90141
202000018046,21,12,2020,12,1,41,41295,2,1,3,1,CHAMBORD (ROUTE DE),47.57428,1.39378
202000018047,18,12,2020,16,1,37,37233,1,1,1,-1,LOIRE (LEVEE DE LA),47.4031244,0.7552568
202000018048,21,12,2020,19,3,35,35206,1,1,2,2,RN136,48.08003,-1.68192
202000018049,24,11,2020,17,2,33,33162,2,2,1,-1,AVE DU MEDOC,44.88202,-0.62992
202000018050,21,12,2020,8,1,33,33162,2,3,2,2,Bretelle entrée extérieure éch 7,44.88017,-0.62802
202000018051,4,12,2020,18,5,33,33281,2,6,8,6,AVE DE LA SOMME,44.83045,-0.65845
202000018052,20,12,2020,1,5,31,31555,2,1,1,6,VITET (rue Louis) du 30 au 80,43.591413,1.460651
202000018053,19,12,2020,19,5,31,31557,2,1,1,6,MARQUISAT (AV DU),43.5748724,1.3452941
202000018054,18,12,2020,18,4,31,31149,2,1,1,6,AVENUE GEORGES BRASSENS,43.59717,1.34963
202000018055,18,12,2020,17,5,31,31555,2,1,1,3,NETWILLER (BOULEVARD ANDRE),43.64215,1.46643
202000018056,18,12,2020,16,1,31,31555,1,1,1,4,VA007379 BAYLAC  A624 Sortie 1,43.60779,1.38955
202000018057,18,12,2020,12,1,31,31555,2,1,1,2,RUE DU GEN JEAN COMPANS,43.60683,1.45808
202000018058,21,12,2020,2,5,30,30189,2,6,2,6,GAMEL PIERRE (AVENUE),43.82211,4.36445
202000018059,17,12,2020,16,1,27,27229,2,3,1,6,FAUVILLE (RUE DE),49.023953,1.174197
202000018060,21,12,2020,18,3,26,26198,2,1,9,4,GOURNIER,44.54198,4.730719
202000018061,21,12,2020,21,5,25,25056,2,1,8,1,BRUAND RUE NICOLAS,47.24844,6.02107
202000018062,21,12,2020,13,1,17,17300,2,1,2,6,REMPARTS   CHEMIN DES,46.163,-1.1551
202000018063,21,12,2020,7,5,16,16166,2,1,2,6,Avenue Jean Jaures,45.664492,0.200744
202000018064,16,12,2020,17,3,14,14118,2,9,3,6,SAINT NICOLAS (RUE),49.18,-0.37
202000018065,21,12,2020,8,1,13,13208,2,1,1,6,LANCIER (CHEMIN DU),43.246984,5.396095
202000018066,21,12,2020,6,5,13,13214,2,1,2,7,BASILE BARRELIER (BOULEVARD),43.33954,5.38907
202000018067,21,12,2020,13,1,13,13028,2,6,1,3,LAVAUX (BOULEVARD DE),43.1897815,5.6286706
202000018068,19,12,2020,11,1,10,10387,2,5,1,3,PREMIER RAM (RUE DU),48.2914,4.07099
202000018069,20,12,2020,14,1,08,08480,2,1,1,6,JAURES J. AVENUE,49.7427,4.73896
202000018070,18,12,2020,18,3,07,07316,1,1,2,7,LYON (ROUTE DE),44.9028,4.85289
202000018071,21,12,2020,12,1,06,06088,2,1,1,4,CIMIEZ (BD) A PARTIR DU 16-17,43.714,7.2717
202000018072,21,12,2020,16,1,06,06083,2,9,1,3,ST ROMAN (AVENUE),43.8037,7.48769
202000018073,19,12,2020,11,1,05,05061,2,3,2,3,PRE DE FOIRE ( RUE DU ),44.55496,6.07461
202000018074,18,12,2020,17,3,05,05061,1,3,1,1,RN 85,44.5797243,6.08209
202000018075,21,12,2020,1,5,75,75113,2,4,1,3,BOULEVARD PERIPHERIQUE,48.82578,2.387043
202000018076,20,12,2020,11,1,75,75113,2,1,1,2,BOULEVARD PERIPHERIQUE,48.825357,2.385388
202000018077,19,12,2020,18,5,75,75112,2,1,1,2,BOULEVARD PERIPHERIQUE,48.833099,2.407166
202000018078,21,12,2020,18,5,75,75116,2,5,2,3,ROUTE DE SURESNES,48.865062,2.234445
202000018079,21,12,2020,10,1,75,75115,2,2,2,3,RUE DE LA CONVENTION,48.839249,2.291905
202000018080,21,12,2020,21,5,75,75120,2,1,1,7,RUE DES COURONNES,48.870446,2.387196
202000018081,21,12,2020,15,1,75,75117,2,7,2,7,PLACE DE WAGRAM,48.88722,2.305141
202000018082,21,12,2020,7,5,75,75117,2,3,3,6,BOULEVARD DU BOIS LE PRETRE,48.898902,2.322336
202000018083,21,12,2020,8,1,75,75111,2,2,3,3,RUE GERBIER,48.857535,2.386947
202000018084,21,12,2020,8,5,75,75107,2,3,3,6,AVENUE DE SUFFREN,48.85747,2.291082
202000018085,21,12,2020,16,1,94,94003,2,2,2,3,LAPLACE (AV),48.8076,2.33422
202000018086,21,12,2020,17,5,94,94073,2,3,2,1,Rue du Bas Marin,48.7544,2.3862