Num_Acc,jour,mois,an,hr,condition_eclairage,departement,commune,condition_agglomeration,intersection,condition_atmosphere,type_collision,adresse,lattitude,longitude
202000018087,21,12,2020,16,2,94,94028,2,1,2,4,CHOISY(ROUTE DE),48.777886,2.442051
202000018088,20,12,2020,15,1,94,94002,2,9,1,3,Chemin latéral,48.81469,2.41676
202000018089,19,12,2020,12,1,94,94002,2,2,2,3,CAMELIAS (R DES),48.8022,2.42437
202000018090,15,11,2020,12,1,94,94059,2,1,2,2,MAURICE BERTEAUX (AV),48.80816,2.56977
202000018091,16,11,2020,18,5,93,93066,2,1,1,2,COLONEL FABIEN (AVENUE),48.9454619,2.3511654
202000018092,15,11,2020,20,5,93,93064,2,1,1,6,R DES BERTHAUDS,48.87461,2.4846
202000018093,16,11,2020,13,1,93,93010,2,2,1,3,GROSLAY (CHEM. DE),48.91092,2.47446
202000018094,16,11,2020,11,1,92,92064,2,3,1,3,MONT VALERIEN,48.8524568,2.2162664
202000018095,16,11,2020,11,1,92,92050,2,9,1,6,GRANDS PRES RUE DES,48.9105382,2.2141086
202000018096,15,11,2020,9,1,92,92049,2,1,1,6,REPUBLIQUE AVENUE DE LA N°92 A FIN,48.81511,2.31749
202000018097,16,11,2020,7,2,92,92024,2,1,8,-1,VICTOR HUGO (BD),48.8993404,2.313549
202000018098,16,11,2020,16,1,01,01156,1,1,1,1,D22,45.914993,5.120686
202000018099,17,11,2020,7,1,07,07295,2,3,1,6,la brugière,44.821522,4.584635
202000018100,17,11,2020,17,2,84,84037,1,2,1,1,Route de Sorgues,44.037982,4.854283
202000018101,16,11,2020,19,5,65,65044,2,1,1,1,25 Rue de la Bigorre,43.27237,0.23886
202000018102,18,10,2020,20,3,80,80025,1,1,1,3,D192,50.357016,1.805341
202000018103,17,11,2020,7,2,65,65456,1,1,1,7,D24,43.142417,0.454344
202000018104,16,11,2020,10,1,65,65018,1,1,2,3,D 126,42.975983,-0.285639
202000018105,17,11,2020,10,1,11,11359,1,1,1,6,D625,43.3330055,1.7518795
202000018106,17,11,2020,10,1,71,71442,1,1,1,5,D978,46.8412064,4.6446497
202000018107,16,11,2020,12,1,39,39055,1,1,2,1,Route reliant Billecul à Arsure-Arsurette,46.744904,6.058187
202000018108,15,11,2020,23,3,35,35105,1,1,1,6,lieu dit la touche au rys,48.113506,-1.106143
202000018109,21,8,2020,16,1,29,29158,2,4,1,6,Rue de la Joie,47.815809,-4.373755
202000018110,5,11,2020,10,1,31,31202,2,1,1,6,11 Esplanade de Marcorelle,43.840323,1.388834
202000018111,16,11,2020,22,3,03,03093,1,1,1,7,Lieu dit Chermont,46.18919,3.446027
202000018112,16,11,2020,8,1,28,28405,1,2,2,3,N12,48.746568,1.277933
202000018113,16,11,2020,9,1,78,78561,1,1,2,3,RD 91 la brosse,48.73137,2.004297
202000018114,16,11,2020,16,1,78,78571,2,1,8,6,13 Route de Sainte Gemme,48.86445,2.02654
202000018115,16,11,2020,15,1,44,44073,1,2,1,3,D164,47.444314,-1.58797
202000018116,16,11,2020,8,1,74,74159,2,1,1,6,Rue Nationale,46.020967,6.62106
202000018117,17,11,2020,16,1,986,98613,2,1,1,6,RT1 - Ha'afuasia,-22.280052,166.448649
202000018118,17,11,2020,5,2,974,97417,1,1,2,1,rue de la trinité,-21.355997,55.775566
202000018119,16,11,2020,19,3,26,26358,1,1,1,7,1130 Route de Crest,44.800398,4.993587
202000018120,16,11,2020,13,1,69,69089,2,2,1,3,Avenue de la Table de Pierre,45.747383,4.756216
202000018121,23,10,2020,23,3,33,33449,1,1,2,6,chemin de gamarde,44.893352,-0.683679
202000018122,10,11,2020,16,1,22,22070,2,2,1,1,Rue du General de Gaulle,48.562922,-3.151681
202000018123,17,11,2020,13,1,27,27275,2,1,1,6,Bvd de la verte bonne,49.158765,1.345058
202000018124,16,11,2020,17,5,94,94034,1,1,1,2,AUTOROUTE A86,48.758026,2.3268916
202000018125,16,11,2020,7,5,91,91553,1,1,1,4,RN 104,48.63032,2.48538
202000018126,16,11,2020,3,3,91,91687,1,1,1,2,AUTOROUTE A6,48.6621,2.36886
202000018127,14,11,2020,23,3,91,91363,1,1,1,7,AUTOROUTE A10,48.66852,2.19246
202000018128,16,11,2020,18,3,92,92072,1,1,1,6,N118,48.8220279,2.2218178
202000018129,16,11,2020,13,1,95,95555,1,1,1,6,RD 170,48.97723,2.28474
202000018130,15,11,2020,11,1,69,69383,2,1,1,6,PAUL BERT                           (R ),45.7567641,4.866703
202000018131,15,11,2020,15,1,69,69381,2,3,1,6,PECHERIE (DE LA)                    (QU),45.7659,4.8308
202000018132,12,11,2020,11,1,95,95555,2,1,1,6,ALLENDE (RUE SALVADOR),48.96924,2.28468
202000018133,14,11,2020,21,5,95,95637,2,1,1,4,OISE (BOULEVARD DE L'),49.03754,2.01613
202000018134,14,11,2020,11,1,91,91201,2,1,1,2,BD HENRI BARBUSSE,48.68221,2.4086
202000018135,14,11,2020,16,1,83,83144,1,9,1,3,TERRES ROUGES (CHEMIN DES),43.13956,5.97858
202000018136,15,11,2020,22,3,83,83069,1,6,1,7,PIERREFEU (ROUTE DE) RD 12,43.17195,6.11815
202000018137,15,11,2020,2,3,81,81033,1,1,1,6,RESSEGUIER ( RUE ADRIEN),44.03229,2.13903
202000018138,15,11,2020,19,5,59,59350,2,1,8,6,COURBET GUSTAVE  RUE,50.6086,3.04024
202000018139,14,10,2020,11,1,59,59350,2,1,1,6,DUNKERQUE AVENUE DE,50.64099,3.01853
202000018140,14,11,2020,17,5,45,45285,1,1,1,4,Rue Paul Doumer - Tangentielle,47.9113268,1.8670239
202000018141,15,11,2020,16,2,33,33318,2,6,3,3,AVE ROBERT CLAVE,44.7913,-0.64989
202000018142,15,11,2020,11,1,33,33167,2,6,9,3,AVE DU PDT FRANCOIS MITTERRAND,44.84303,-0.51148
202000018143,10,11,2020,15,1,30,30028,2,1,1,6,GEORGES BESSE (AVENUE),44.15833,4.63185
202000018144,13,11,2020,12,1,26,26058,2,1,1,3,46 Avenue Marc Urtin,44.94352,4.89433
202000018145,15,11,2020,3,5,18,18033,2,1,1,7,VAILLANT (RUE EDOUARD),47.0875,2.39963
202000018146,15,11,2020,21,5,13,13210,2,1,1,7,ALFRED CURTEL (RUE),43.27569,5.40933
202000018147,15,11,2020,18,2,13,13211,2,1,1,6,MILLIERE (BOULEVARD DE LA ),43.28383,5.49357
202000018148,15,11,2020,20,5,06,06088,2,1,8,2,JOLY (CORNICHE ANDRE DE),43.70047,7.29417
202000018149,13,11,2020,13,1,75,75105,2,1,1,3,RUE DES FOSSES SAINT BERNARD,48.847908,2.353947
202000018150,15,11,2020,13,1,75,75118,2,2,3,3,BOULEVARD BARBES,48.883859,2.34947
202000018151,14,11,2020,9,1,75,75116,2,5,1,3,AVENUE KLEBER,48.864987,2.288669
202000018152,15,11,2020,12,1,75,75115,2,1,2,7,AVENUE EMILE ZOLA,48.846351,2.282067
202000018153,15,11,2020,1,5,75,75112,2,1,1,3,BOULEVARD PONIATOWSKI,48.829684,2.391356
202000018154,14,11,2020,23,5,75,75112,2,2,1,3,BOULEVARD DE BERCY,48.838944,2.388117
202000018155,15,11,2020,19,5,94,94081,2,1,2,6,COMMUNE DE PARIS (AV DE LA),48.78249,2.391935
202000018156,15,11,2020,16,1,94,94078,2,1,2,3,JULES JACQUEMARD (R),48.73882,2.454259
202000018157,15,11,2020,2,5,92,92051,2,2,1,3,"BINEAU (BOULEVARD, N°133 A 217 ET 134 A",48.889373,2.272958
202000018158,15,11,2020,20,5,92,92012,2,1,1,7,GALLIENI (RUE) 55/157 - 50/140,48.8363,2.23788
202000018159,16,11,2020,10,1,95,95436,1,1,8,6,D922,49.128256,2.253581
202000018160,2,11,2020,21,3,972,97217,2,1,1,6,La Source,14.474359,-60.860533
202000018161,16,11,2020,7,2,52,52469,1,1,8,6,A 5 (Embranchement d'autoroute),48.039966,5.058614
202000018162,16,11,2020,12,1,50,50615,1,1,1,7,Route Nationale 13 PR 40+500,49.52089,-1.501007
202000018163,13,9,2020,11,1,19,19283,2,1,1,2,Le bourg,45.4872208,2.3946379
202000018164,14,11,2020,19,3,56,56166,1,1,2,6,Malachappe,47.924309,-3.32227
202000018165,15,11,2020,11,1,56,56177,1,1,8,7,D768,47.745889,-3.018193
202000018166,15,11,2020,14,1,63,63185,2,3,1,1,place du foirail,45.474761,3.3327399
202000018167,14,11,2020,16,1,39,39470,1,3,1,5,Carrefour N5 / Route du Génie,46.48499,6.054159
202000018168,15,11,2020,21,5,44,44010,2,1,2,1,Rue Olivier Guichard,47.27848,-2.460923
202000018169,16,11,2020,6,3,29,29010,1,6,8,3,D32 - Bellevue,48.5129477,-4.1151021
202000018170,15,11,2020,20,3,38,38360,1,1,3,7,Route du Maillet,45.184419,5.263138
202000018171,13,11,2020,10,1,70,70117,1,1,1,6,RD619,47.646905,6.774395
202000018172,13,11,2020,18,3,58,58218,2,1,1,6,D977,47.176777,3.327677
202000018173,16,11,2020,15,1,58,58264,1,1,1,1,Lieu Dit le Gravelat - D978A,46.790246,3.151317
202000018174,28,10,2020,13,1,72,72329,2,1,1,3,23 Route de Beaufay,48.083584,0.300322
202000018175,12,11,2020,13,1,40,40312,2,1,1,2,Boulevard Jacques Duclos,43.544612,-1.461033
202000018176,7,11,2020,18,3,24,24414,1,1,3,7,D21,44.941997,0.627369
202000018177,14,11,2020,18,3,85,85022,1,1,1,6,L'Alliere,46.443239,-1.484613
202000018178,16,11,2020,4,3,27,27012,1,1,6,1,départementale 126,49.303972,1.319572
202000018179,15,11,2020,0,5,978,97801,2,1,1,6,Chemin de la Savane,18.098096,-63.065305
202000018180,16,11,2020,6,3,49,49101,1,1,1,3,RD 938,47.648506,-0.072441
202000018181,15,11,2020,20,5,69,69244,2,2,3,1,108 Chemin de l'Aigas,45.758268,4.751771
202000018182,16,11,2020,7,1,01,01049,1,1,1,4,A42 - PK 013.600,45.836349,5.036931
202000018183,15,11,2020,9,1,987,98714,1,1,1,6,faanui,-16.478148,-151.754751
202000018184,15,11,2020,13,1,976,97608,2,1,1,-1,Boulevard des Amoureux,-12.785829,45.279272
202000018185,16,11,2020,5,3,971,97129,1,1,1,5,RN2,16.300153,-61.671141
202000018186,15,11,2020,16,1,972,97228,2,1,1,-1,Rue Ti Citron,14.742762,-61.016921
202000018187,26,9,2020,21,5,972,97230,2,1,1,-1,Rue Joseph Lagrosilliere,14.741968,-60.963264
202000018188,16,11,2020,11,1,29,29071,1,1,1,6,D222 - Lieu Dit Muriou,47.948611,-3.438517
202000018189,16,11,2020,12,1,29,29233,2,6,1,1,D783 - Boulevard de la Gare,47.868156,-3.5518911
202000018190,16,11,2020,1,5,77,77527,1,1,1,6,Les Ancys,48.6857742,3.0244116
202000018191,10,10,2020,11,1,91,91540,1,1,1,6,D132,48.538311,2.136744
202000018192,16,11,2020,14,1,83,83047,2,1,1,3,Avenue Jean MONNET,43.119186,6.072865
202000018193,14,11,2020,14,1,68,68370,1,1,1,7,rue rhin et danube,47.982268,6.957921
202000018194,15,11,2020,16,2,54,54215,2,9,2,6,91 Rue de Metz,48.758091,6.136228
202000018195,16,11,2020,7,1,38,38565,2,1,1,3,Avenue de Juin 1940,45.30273,5.62637
202000018196,15,11,2020,12,1,64,64430,2,1,1,2,Chemin de Pourtaou,43.472138,-0.809185
202000018197,14,11,2020,14,1,22,22225,2,2,1,3,D5,48.553683,-3.12468
202000018198,14,11,2020,15,1,67,67482,1,1,1,2,Autoroute A.35,48.56682,7.73249
202000018199,15,11,2020,1,4,33,33023,1,1,1,6,AUTOROUTE A 62,44.69062,-0.49389
202000018200,15,11,2020,18,3,91,91136,1,1,1,7,AUTOROUTE A10,48.7128,2.2841
202000018201,15,11,2020,16,1,91,91521,1,1,2,7,RN 104,48.6298,2.4003
202000018202,15,11,2020,15,1,94,94038,2,1,2,7,AUTOROUTE A6B,48.78685,2.34577
202000018203,15,11,2020,16,1,93,93005,1,1,3,2,AUTOROUTE A1,48.96104,2.46887
202000018204,14,11,2020,18,3,93,93005,1,1,1,5,AUTOROUTE A3,48.94607,2.47668
202000018205,14,11,2020,20,3,93,93006,1,1,1,3,AUTOROUTE A3,48.86787,2.42726
202000018206,14,11,2020,11,1,77,77373,1,9,1,3,RN104,48.78628,2.61707
202000018207,26,8,2020,12,1,59,59410,2,3,1,6,ZOLA EMILE AVENUE,50.642367,3.09401
202000018208,14,11,2020,15,1,973,97302,1,1,1,2,FELIX EBOUE(ROCADE),4.9248118,-52.323246
202000018209,14,11,2020,10,1,973,97302,1,1,1,2,ROUTE NATIONALE 1,4.8975323,-52.3280525
202000018210,12,11,2020,10,1,973,97302,2,1,1,4,ROUTE NATIONALE 3,4.9053424,-52.3199477
202000018211,14,11,2020,18,5,69,69386,2,2,1,3,JEAN BROQUIN                        (R ),45.76817,4.8632
202000018212,14,11,2020,18,5,972,97213,2,1,1,2,AUTOROUTE A1,14.6184829,-61.0249917
202000018213,13,11,2020,20,5,69,69385,2,2,1,3,CHOULANS (DE)                       (CH),45.7561,4.81546
202000018214,13,11,2020,20,3,69,69286,1,9,1,1,ROUTE DE STRASBOURG D 483           (RO),45.85337,4.9081
202000018215,13,11,2020,9,1,69,69034,2,3,1,3,FRANCOIS PEISSEL                    (R ),45.7932894,4.8391583
202000018216,12,11,2020,10,1,91,91471,1,1,1,3,CHEVREUSE (RUE DE),48.70424,2.17286
202000018217,13,11,2020,17,3,78,78440,1,1,1,7,CD 14,48.979339,1.886691
202000018218,13,11,2020,10,1,76,76540,1,1,1,3,N28,49.43828,1.12209
202000018219,14,11,2020,9,1,71,71306,2,2,1,3,JULES CHAGOT (QUAI),46.6725325,4.3594587
202000018220,14,11,2020,16,1,69,69266,2,1,1,3,LIGNE DE L'EST      (Chemin),45.75743,4.90376
202000018221,13,11,2020,17,5,69,69290,2,2,1,3,Rue Jean Zay,45.7084,4.90876
202000018222,8,11,2020,16,1,68,68066,2,1,1,7,FOIRE AUX VINS (AVENUE DE LA),48.10508,7.3551
202000018223,13,11,2020,18,5,63,63113,2,1,1,6,FRANCE (RUE ANATOLE),45.7792481,3.1142941
202000018224,13,11,2020,17,5,45,45298,2,1,1,6,PONT DE L'EUROPE,47.89333,1.87612
202000018225,13,11,2020,12,1,37,37208,2,3,2,7,ECORCHEVEAU (RUE DE L'),47.3686155,0.7383684
202000018226,13,11,2020,11,1,35,35051,1,1,2,6,A 84,48.14898,-1.59828
202000018227,15,11,2020,1,5,33,33063,2,3,1,2,BACALAN (QUAI DE),44.86236,-0.55101
202000018228,14,11,2020,20,3,29,29232,1,1,2,3,D34 - Route de Benodet,47.97674,-4.09289
202000018229,14,11,2020,9,1,25,25056,2,1,1,2,BELFORT RUE DE (inf144),47.24856,6.0302
202000018230,13,11,2020,21,5,13,13204,2,1,1,6,ALEX. FLEMING (BOULEVARD),43.31655,5.39763
202000018231,14,11,2020,16,1,13,13206,2,1,1,6,LACEDEMONE (RUE),43.28179,5.37735
202000018232,14,11,2020,8,2,13,13215,2,1,1,4,MADRAGUE VILLE (chemin de la),43.3300308,5.3589866
202000018233,13,11,2020,19,2,13,13213,2,1,9,6,LAMBERT (BOULEVARD),43.316321,5.406081
202000018234,14,11,2020,10,1,13,13005,2,1,7,6,CIOTAT (ANCIENNE ROUTE DE LA),43.2855314,5.5813819
202000018235,14,11,2020,17,2,06,06123,2,1,1,3,PROVENCE BOULEVARD DE,43.66876,7.18639
202000018236,13,11,2020,17,1,75,75118,2,1,1,3,BOULEVARD PERIPHERIQUE,48.90082,2.368445
202000018237,13,11,2020,10,1,75,75120,2,1,1,3,PORTE DE MONTREUIL,48.857224,2.414234
202000018238,12,11,2020,9,1,75,75118,2,1,1,4,BOULEVARD PERIPHERIQUE,48.90082,2.368445
202000018239,14,11,2020,14,1,75,75107,2,5,1,3,QUAI D ORSAY,48.862573,2.319008
202000018240,14,11,2020,19,5,75,75105,2,1,1,3,RUE DAUBENTON,48.841496,2.355317
202000018241,14,11,2020,14,1,75,75115,2,2,1,3,PORTE BRANCION,48.825852,2.30028
202000018242,13,11,2020,7,5,75,75115,2,1,1,1,SQUARE BELA BARTOK,48.851087,2.285707
202000018243,14,11,2020,7,5,94,94017,2,3,1,1,MARX DORMOY (AV),48.80816,2.52498
202000018244,14,11,2020,18,3,94,94017,2,1,1,6,Rue Jean Jaurès,48.8152471,2.505929
202000018245,14,11,2020,18,5,93,93039,2,1,1,6,CHATELIER (QUAI DU ),48.9342,2.341
202000018246,14,11,2020,14,1,93,93048,2,4,1,3,ETIENNE MARCEL (RUE),48.8570893,2.4219895
202000018247,14,11,2020,2,5,93,93007,2,1,1,6,LIEGE (AVENUE DE),48.9284,2.47704
202000018248,14,11,2020,21,5,93,93005,2,9,1,3,R DE PIMODAN,48.92677,2.48866
202000018249,14,11,2020,21,5,93,93005,2,9,1,1,LOUISE MICHEL (RUE),48.931748,2.499811
202000018250,14,11,2020,20,5,92,92064,2,1,1,3,DAILLY,48.843524,2.220641
202000018251,14,11,2020,16,5,92,92060,2,1,1,7,DENIS PAPIN (AVENUE),48.7758331,2.2426184
202000018252,14,11,2020,16,1,92,92007,2,1,1,3,TERTRES (RUE DES),48.7876282,2.3081124
202000018253,15,11,2020,16,1,95,95487,2,1,2,6,Avenue de la Gare,49.148524,2.280945
202000018254,15,11,2020,16,1,974,97422,2,1,1,6,Rue du Général de Gaulle,-21.274673,55.518336
202000018255,14,11,2020,18,2,974,97422,2,1,1,3,N3,-21.238217,55.53628
202000018256,14,11,2020,16,1,23,23002,1,1,1,6,D11,46.213992,2.024394
202000018257,31,10,2020,14,1,83,83031,2,1,1,6,Dn7,43.399505,6.370161
202000018258,14,11,2020,20,3,77,77208,1,1,1,7,départementale 1 PK 009.180,48.493537,3.289563
202000018259,14,11,2020,8,1,86,86281,1,1,1,1,D18 Blaslay,46.720965,0.205497
202000018260,12,11,2020,12,1,39,39470,1,1,8,6,,46.492051,6.044294
202000018261,14,11,2020,14,1,02,02050,1,9,1,3,6 Route Nationale,50.023699,3.744283
202000018262,14,11,2020,16,1,45,45018,2,1,1,6,D165 - PR 5 + 300,48.095122,2.464811
202000018263,14,11,2020,17,2,16,16086,1,1,1,6,Lieu dit La Rivière de Vienne,45.861903,0.790833
202000018264,14,11,2020,17,2,21,21255,1,1,1,6,D104,47.404275,4.97921
202000018265,14,11,2020,23,3,30,30233,1,1,1,1,D7,43.925671,4.204545
202000018266,15,11,2020,20,3,52,52347,1,1,8,6,D180,48.57797,5.080748
202000018267,14,11,2020,19,5,987,98725,1,1,1,1,Rue Amoe,-17.519968,-149.474028
202000018268,13,11,2020,7,1,971,97114,1,1,2,1,N1,16.131777,-61.580182
202000018269,15,11,2020,18,3,77,77470,1,1,8,2,Nationale 4,48.728709,2.80956
202000018270,13,11,2020,9,1,67,67130,1,1,1,3,D468,48.412511,7.704935
202000018271,13,11,2020,18,3,13,13056,1,1,1,7,A55-Sens Martigues vers Marseille,43.39854,5.08583
202000018272,10,11,2020,8,2,67,67471,1,1,8,2,Autoroute A.4,48.6383475,7.7279435
202000018273,13,11,2020,8,1,95,95219,1,1,1,6, A115,48.9925804,2.2455454
202000018274,14,9,2020,8,1,82,82121,2,1,7,6,BRIAND (RUE ARISTIDE),44.01668,1.34527
202000018275,5,9,2020,20,5,77,77152,2,1,1,6,LANVIN(RUE MARC),48.52306,2.64236
202000018276,11,9,2020,3,5,40,40192,2,9,1,7,JUIN (V DU MARECHAL),43.90076,-0.48309
202000018277,13,11,2020,12,1,976,97611,2,1,2,2,m'tsapere-Nationale 2 (route),-12.807,45.205
202000018278,2,10,2020,0,3,976,97611,1,1,1,6,tsoundzou-Mangadzia  Tsoundzou 2 (rue ),-12.81884,45.19671
202000018279,30,9,2020,19,5,976,97611,2,1,1,6,vahibe-Departementale 3 ( route ),-12.7845784,45.1761627
202000018280,13,11,2020,18,2,974,97411,2,1,1,2,Route de Bois de Nèfles,-20.90041,55.47631
202000018281,13,11,2020,19,2,69,69387,2,3,1,3,LECLERC                             (AV),45.74704,4.83318
202000018282,13,11,2020,16,1,69,69259,2,1,1,2,JEAN CAGNE                          (AV),45.69552,4.87292
202000018283,13,11,2020,15,1,69,69387,2,2,1,1,CHEVREUL                            (R ),45.74888,4.83911
202000018284,3,5,2020,18,1,37,37045,1,3,1,3,D750,47.0126846,0.6190276
202000018285,2,5,2020,10,1,48,48075,2,7,1,6,Place Jules Laget,44.370288,3.53523
202000018286,4,5,2020,5,4,01,01134,1,3,5,3,parc d'activité de la fontaine,46.280596,4.90384
202000018287,3,5,2020,19,1,13,13038,2,1,1,1,Rue Léo Lelée,43.725755,4.704307
202000018288,10,3,2020,19,5,83,83023,2,1,1,3,861 route de Nice,43.405558,6.079034
202000018289,3,5,2020,22,3,35,35012,1,1,1,6,D42,47.8496477,-1.7124954
202000018290,29,4,2020,21,2,59,59139,2,1,1,6,Boulevard du 8 Mai 1945,50.122438,3.420561
202000018291,1,5,2020,16,1,13,13055,1,1,1,4,A507 sens Marseille - Aubagne,43.332177,5.386051
202000018292,2,5,2020,19,1,974,97407,2,6,1,3,Rond point de l'étoile,-20.936536,55.298653
202000018293,2,5,2020,20,1,78,78486,2,3,1,3,PLANIT (RUE DU),48.68987,1.8592
202000018294,2,5,2020,20,1,72,72181,2,2,2,3,LIEUTENANT DE VAISSEAU PARIS (RUE DU),47.96743,0.20671
202000018295,30,4,2020,15,1,71,71270,2,2,1,6,Rue Mathieu,46.3054454,4.8297726
202000018296,2,5,2020,13,1,59,59599,2,1,1,6,CLOCHE (RUE DE LA),50.722725,3.163248
202000018297,2,5,2020,16,1,54,54257,2,1,1,3,FLEVILLE (ROUTE DE),48.64974,6.20836
202000018298,2,5,2020,11,1,54,54395,2,1,1,6,GLEIZE (IMPASSE HYPPOLYTE),48.698646,6.198839
202000018299,2,5,2020,17,1,27,27351,2,1,1,3,FRINGALE (RUE DE LA),49.23401,1.17041
202000018300,2,5,2020,12,1,16,16113,2,1,1,1,Chemin des Barrets,45.60938,0.08533
202000018301,2,5,2020,20,2,13,13204,2,1,1,2,ALEX. FLEMING (BOULEVARD),43.31653,5.39509
202000018302,1,5,2020,19,1,06,06027,2,9,1,7,PLAGE BOULEVARD DE LA,43.65111,7.15186
202000018303,2,5,2020,14,1,75,75112,2,4,1,6,ECHANGEUR BERCY,48.826725,2.389893
202000018304,30,4,2020,19,1,75,75113,2,1,8,2,PORTE D IVRY,48.818797,2.370567
202000018305,1,5,2020,23,5,94,94081,2,3,1,6,ANTOINE MARIE COLIN (R),48.79023,2.39153
202000018306,2,5,2020,19,1,92,92051,2,1,1,6,SABLONVILLE (RUE DE),48.8805431,2.2799373
202000018307,2,5,2020,8,1,92,92044,2,2,1,3,VIC. HUGO(RUE)069A075 ET 080A088,48.89551,2.29686
202000018308,3,5,2020,18,1,38,38425,2,1,1,1,Rue Jules Guesde,45.385463,4.78536
202000018309,27,4,2020,11,1,33,33076,1,1,3,6,D118,44.55287,-0.38026
202000018310,2,5,2020,15,1,69,69277,2,1,2,2,12 Rue de la Republique,45.7323908,4.9973145
202000018311,3,5,2020,5,3,62,62338,2,1,1,6,Ruelle du Bois Fiéretz,50.645195,2.835878
202000018312,3,5,2020,18,1,47,47120,1,1,1,6,Naussans,44.542201,0.060001
202000018313,3,5,2020,15,1,61,61196,1,1,1,7,La Giromerie,48.411799,0.595429
202000018314,3,5,2020,18,1,29,29284,1,2,1,3,Kervillogan,47.821223,-4.272362
202000018315,2,5,2020,8,1,70,70428,2,1,2,3,D322,47.6433397,6.1439511
202000018316,2,5,2020,22,3,04,04068,1,1,1,7,RD 13,43.90754,5.784001
202000018317,3,5,2020,1,3,17,17439,2,1,2,6,28 Rue du Moulin,46.304208,-0.836828
202000018318,22,4,2020,18,1,35,35208,1,1,1,1,Route Départementale 286,47.98692,-1.659944
202000018319,3,5,2020,13,1,18,18279,1,4,8,6,A71,47.245689,2.066765
202000018320,1,5,2020,18,1,06,06088,1,1,1,6,A8 PK 197+110 SUD,43.733895,7.254109
202000018321,3,5,2020,5,2,38,38565,1,1,2,2,A48,45.26795,5.62822
202000018322,3,5,2020,15,1,2B,2B109,1,1,1,6,D80,42.730862,9.345186
202000018323,2,5,2020,22,3,30,30307,1,1,1,6,RN 106,44.199374,4.046059
202000018324,25,4,2020,3,5,59,59416,2,8,1,6,Rue du Bas Schoubrouck,50.688876,2.521099
202000018325,26,2,2020,15,1,92,92046,2,2,2,3,BROSSOLETTE AVENUE PIERRE/ DORMOY AVENUE MARX N°102 A FIN,48.8120171,2.3007628
202000018326,21,4,2020,6,1,988,98818,2,6,1,-1,VE1/RUE BERTHELOT,-22.26041,166.44446
202000018327,1,5,2020,1,4,78,78401,2,1,1,6,MARECHAL JOFFRE (AVENUE DU),49.007517,1.92695
202000018328,1,5,2020,19,1,71,71445,2,1,1,7,Rue Philippe Flatot,46.7772515,4.8922218
202000018329,18,3,2020,19,2,63,63113,2,2,1,3,CLEMENTEL (BD ETIENNE),45.80962,3.10942
202000018330,16,4,2020,11,1,63,63113,2,1,1,6,Leclerc la Pardieu ,45.76183,3.12788
202000018331,28,4,2020,3,5,63,63113,2,3,3,6,RAMOND (RUE),45.7729074,3.0812676
202000018332,1,5,2020,21,5,33,33032,2,3,2,6,RUE DE LAFONTAINE / RUE DE LA LIBERTE,44.90589,-0.50802
202000018333,1,5,2020,1,5,30,30007,2,1,1,6,MONGE (AVENUE),44.14557,4.10146
202000018334,30,4,2020,13,1,14,14118,2,6,1,3,FORMIGNY (RUE DE),49.17061,-0.33965
202000018335,1,5,2020,20,1,13,13208,2,2,1,3,PRADO (AVENUE DU),43.282,5.3862
202000018336,1,5,2020,21,3,13,13001,2,1,1,3,SISTERON (RTE DE ),43.5653882,5.4645126
202000018337,29,4,2020,0,5,75,75115,2,4,1,3,BD PERIPHERIQUE EXTERIEUR,48.834816,2.274071
202000018338,1,5,2020,20,1,75,75102,2,2,1,3,RUE SAINTE ANNE,48.86888,2.336708
202000018339,1,5,2020,21,5,94,94068,2,2,8,3,ALMA (AV DE L),48.7875424,2.4952527
202000018340,1,5,2020,0,5,94,94041,2,2,1,3,VERDUN (AV DE),48.81725,2.36707
202000018341,1,5,2020,22,5,93,93046,2,2,1,3,LIBERATION PLACE DE LA,48.9221836,2.5432764
202000018342,1,5,2020,19,1,22,22341,1,1,1,7,La Croix des Haies,48.386582,-2.395191
202000018343,2,5,2020,10,1,66,66028,2,1,1,6,Chemin de Saint-gaudérique,42.682704,2.931569
202000018344,1,5,2020,13,1,11,11413,1,1,3,6,d 118 PR 16+500,43.3429517,2.2852467
202000018345,2,5,2020,11,1,89,89200,1,1,1,6,PK 7 - Route départementale 91,47.9315424,3.5875475
202000018346,24,4,2020,8,1,61,61316,1,1,1,6,Rue des 2 Arbres,48.842774,-0.023432
202000018347,1,5,2020,18,1,68,68347,1,1,2,7,D432,47.515534,7.292583
202000018348,1,5,2020,16,1,31,31212,2,1,2,6,D888,43.697863,1.560461
202000018349,2,5,2020,9,1,01,01415,2,1,8,6,Route Valromey-savoie,45.873074,5.704548
202000018350,30,4,2020,9,1,60,60477,2,1,1,6,Route du Vivier Danger,49.4352255,1.9139079
202000018351,27,2,2020,13,1,33,33122,1,3,2,3,D214 (Route de Fourc) / chemin de Marticot,44.753031,-0.685138