Num_Acc,jour,mois,an,hr,condition_eclairage,departement,commune,condition_agglomeration,intersection,condition_atmosphere,type_collision,adresse,lattitude,longitude
202000018352,30,4,2020,13,1,69,69173,1,1,2,6,A89 PK 523+800,45.8755153,4.5420501
202000018353,1,5,2020,14,1,34,34202,1,1,1,7,D5,43.578555,3.765263
202000018354,1,5,2020,8,1,94,94034,1,1,9,7,AUTOROUTE A6A,48.75754,2.33492
202000018355,1,5,2020,3,3,60,60241,1,1,3,6,AUTOROUTE A1,49.15956,2.59484
202000018356,15,2,2020,14,1,28,28085,2,1,1,5,LAENNEC (AVENUE DU DOCTEUR),48.44796,1.53159
202000018357,26,2,2020,11,1,27,27681,2,1,1,2,MENDES FRANCE (AVENUE PIERRE),49.08956,1.48224
202000018358,25,2,2020,22,5,19,19031,2,1,1,6,KOENIG (BOULEVARD GENERAL),45.16009,1.53134
202000018359,25,2,2020,12,1,19,19031,2,1,2,2,BRUNE (BOULEVARD),45.15317,1.53435
202000018360,25,2,2020,7,1,19,19031,2,3,2,3,QUEUILLE (AVENUE HENRI),45.1697899,1.5310215
202000018361,29,4,2020,15,1,971,97107,2,1,1,6,DUMANOIR ( ALLEE ),16.03007,-61.57171
202000018362,30,4,2020,12,1,91,91549,2,9,2,7,JACQUES DUCLOS (AVENUE),48.634788,2.344771
202000018363,30,4,2020,18,1,91,91326,2,3,2,3,AVENIR (RUE DE L'),48.68623,2.38375
202000018364,30,4,2020,20,1,91,91223,1,1,1,6,C.D.836,48.455195,2.094046
202000018365,26,4,2020,17,1,84,84087,2,6,1,3,CINSAULT (RUE),44.11239,4.84935
202000018366,30,4,2020,8,1,69,69256,2,2,3,3,MARIUS GROSSO                       (R ),45.7636,4.9335
202000018367,25,4,2020,18,1,49,49353,2,1,2,7,PASTEUR,47.4455,-0.46996
202000018368,24,4,2020,16,1,49,49007,2,1,1,7,SHAKESPEARE,47.46021,-0.61469
202000018369,29,4,2020,11,1,38,38544,2,1,1,2,Boulevard du Rhône-Nord,45.5413,4.854
202000018370,30,4,2020,19,1,35,35238,2,1,1,3,Rue Saint-hélier,48.10273,-1.66144
202000018371,30,4,2020,10,1,35,35051,2,9,2,2,7 Rue des Mesliers,48.10588,-1.61792
202000018372,30,4,2020,15,1,34,34129,2,6,1,3,FIGUIERES (AVENUE DE),43.5905011,3.9349358
202000018373,30,4,2020,2,5,31,31555,2,1,2,3,CHE DE CROIX BENITE,43.65782,1.435551
202000018374,30,4,2020,11,1,29,29232,1,1,1,7,RN 165,47.98692,-4.0239
202000018375,29,4,2020,15,1,27,27681,2,6,8,6,JAURES (BOULEVARD JAURES),49.093808,1.468547
202000018376,1,5,2020,1,5,17,17415,2,1,1,6,BLAIR PLACE,45.74281,-0.63498
202000018377,30,4,2020,13,1,13,13205,2,1,1,1,SAINT PIERRE (RUE),43.29228,5.401735
202000018378,30,4,2020,11,1,09,09225,2,9,1,1,HISPANO SUIZA IMPASSE,43.108688,1.628073
202000018379,30,4,2020,12,1,75,75119,2,7,1,3,PLACE AUGUSTE BARON,48.900849,2.388951
202000018380,29,4,2020,15,1,75,75113,2,1,2,3,RUE DE TOLBIAC,48.828305,2.372608
202000018381,30,4,2020,16,1,75,75111,2,1,1,3,RUE DU FAUBOURG SAINT ANTOINE,48.849506,2.38853
202000018382,29,4,2020,18,1,75,75111,2,2,2,3,BOULEVARD RICHARD LENOIR,48.863996,2.370669
202000018383,29,4,2020,12,1,75,75111,2,2,1,3,BOULEVARD RICHARD LENOIR,48.863996,2.370669
202000018384,30,4,2020,21,5,94,94028,2,1,2,2,Av du Mal de Lattre de Tassigny,48.796073,2.458074
202000018385,30,4,2020,18,1,94,94028,2,3,1,3,ARCOS.(RUE RENE),48.777692,2.4608387
202000018386,30,4,2020,15,1,94,94017,2,1,2,4,GENERAL DE GAULLE (AV DU),48.82145,2.48946
202000018387,12,4,2020,3,5,93,93070,2,1,1,2,R ALBERT-DHALENNE,48.915522,2.331148
202000018388,29,4,2020,23,4,93,93078,2,1,2,6,AV GEORGES CLEMENCEAU,48.95966,2.55684
202000018389,30,4,2020,20,2,92,92050,2,3,2,3,HOCHE AVENUE,48.9033553,2.1980918
202000018390,30,4,2020,19,2,92,92026,2,9,3,3,LEONARD DE VINCI,48.896926,2.23746
202000018391,29,4,2020,14,1,76,76146,1,1,3,6,A28,49.5771361,1.2754243
202000018392,1,5,2020,1,3,13,13078,1,3,1,6,route départementale 35,43.403138,4.788084
202000018393,30,4,2020,16,1,38,38332,1,1,2,1,D45,45.31609,5.49004
202000018394,30,4,2020,19,1,62,62036,1,1,3,6,Rue d'Heuchin,50.4492006,2.2596832
202000018395,24,4,2020,0,3,51,51380,1,1,1,7,D933,48.8821761,3.5173384
202000018396,1,5,2020,1,3,71,71426,1,1,1,2,N80,46.746319,4.6469595
202000018397,30,4,2020,18,1,42,42149,1,1,1,7,Route de Saint Etienne,45.627237,4.245347
202000018398,30,4,2020,11,1,47,47051,2,1,1,6,Avenue d'Aquitaine,44.176445,0.690918
202000018399,30,4,2020,16,1,68,68201,2,3,2,6,10 Rue du Général de Gaulle,47.7736324,7.0001953
202000018400,30,4,2020,21,1,29,29191,1,1,1,5,D109,48.520271,-3.748913
202000018401,30,4,2020,20,2,03,03314,1,9,1,7,Chante Alouette,46.2955663,2.6229966
202000018402,30,4,2020,17,1,01,01098,1,1,1,6,D1504,45.779885,5.689588
202000018403,30,4,2020,12,1,01,01098,2,3,3,3,26 Impasse des Ecureuils,45.801285,5.682029
202000018404,1,5,2020,7,2,14,14357,1,1,2,6,Monceaux - St Jean Blanc (Saint-Jean-le-Blanc),48.944433,-0.662355
202000018405,28,4,2020,9,1,10,10141,1,1,8,3,Rue de la Gare,48.059152,4.518106
202000018406,30,4,2020,18,1,16,16245,2,1,2,1,Agglo de Fontafie,45.8641815,0.5364704
202000018407,30,4,2020,16,1,53,53229,1,1,1,6,D133,48.127544,-0.768013
202000018408,30,4,2020,17,1,987,98715,1,1,7,1,"PK 4, RT1, face Mairie de FAA'A",-17.553173,-149.599833
202000018409,30,4,2020,22,5,81,81105,2,6,1,6,Route de Realmont,43.764396,2.007515
202000018410,29,4,2020,23,3,91,91589,1,1,2,2,AUTOROUTE A6,48.67665,2.33897
202000018411,29,4,2020,21,3,91,91235,1,1,2,7,RN 104,48.625931,2.355553
202000018412,30,4,2020,16,1,93,93066,1,1,1,6,AUTOROUTE A1,48.92929,2.36163
202000018413,30,4,2020,8,1,93,93053,1,1,1,3,AUTOROUTE A3,48.88561,2.47225
202000018414,29,2,2020,11,1,95,95268,2,1,8,6,AV DU GENERAL DE GAULLE,48.9763,2.3936
202000018415,30,4,2020,6,1,988,98818,2,4,1,3,ECHANGEUR BONAPARTE,-22.24202,166.45744
202000018416,29,4,2020,15,1,69,69383,2,2,1,3,MAZENOD                             (R ),45.759059,4.8499843
202000018417,26,4,2020,11,1,69,69384,2,3,2,6,HENON                               (R ),45.77953,4.82903
202000018418,29,4,2020,7,2,91,91477,2,2,2,3,GRANDE CEINTURE (BOULEVARD),48.72115,2.25138
202000018419,29,4,2020,9,1,81,81004,2,6,1,3,MOISSAN (HENRI),43.9240868,2.1892512
202000018420,27,4,2020,11,1,71,71486,2,1,1,7,Rue Rene Devillard,46.6474353,4.3617895
202000018421,23,4,2020,17,1,68,68066,2,1,1,4,ROUFFACH (ROUTE DE),48.061638,7.338044
202000018422,28,3,2020,16,1,59,59195,2,4,1,6,BRUYERES LES,50.626578,2.955224
202000018423,29,4,2020,10,1,54,54304,2,2,8,3,SAPINIERE (RUE DE LA),48.6932833,6.1281234
202000018424,28,4,2020,16,1,31,31555,2,1,1,6,RUE SAINT ROME,43.603314,1.443422
202000018425,28,4,2020,17,1,13,13210,2,3,1,3,ROMAIN ROLLAND (BOULEVARD),43.2709168,5.4083178
202000018426,28,4,2020,10,1,75,75115,2,2,1,3,RUE LEBLANC,48.837728,2.275192
202000018427,29,4,2020,12,1,75,75114,2,1,1,3,RUE REMY DUMONCEL,48.829723,2.331935
202000018428,29,4,2020,9,1,75,75109,2,7,1,6,RUE D AMSTERDAM,48.883332,2.327163
202000018429,29,4,2020,15,1,94,94075,2,2,2,3, Av du Mal de Lattre de Tassigny & Rue du Lieutenant Dagorno,48.7272487,2.5309949
202000018430,29,4,2020,13,1,47,47169,1,1,1,3,Rn 21,44.162781,0.617638
202000018431,25,4,2020,15,1,49,49127,1,1,1,7,Le Tertre Neuf,47.683827,-0.239393
202000018432,29,4,2020,17,2,974,97422,2,6,1,6,50 Rue du Général de Gaulle,-21.276848,55.521485
202000018433,30,4,2020,8,1,83,83036,2,6,1,2,"Avenue de Saint-raphaël, rond-point des collières",43.182293,6.53863
202000018434,29,4,2020,19,2,58,58086,2,1,2,7,Cosne-Cours-sur-Loire,47.399293,2.915502
202000018435,29,4,2020,15,1,79,79216,1,1,2,1,,46.265411,-0.34393
202000018436,28,4,2020,15,1,79,79109,1,1,1,5,Route de Saint-Maxire,46.388312,-0.432243
202000018437,30,4,2020,10,1,65,65025,2,1,1,6,Route du Stade,43.0055965,-0.0874722
202000018438,29,4,2020,19,1,03,03082,1,1,8,2,Lieu Dit Bazergues,46.2620117,2.7505673
202000018439,29,4,2020,10,1,85,85051,2,6,2,7,Rond-Point de Pierre Brune,46.69858,-1.043496
202000018440,29,4,2020,16,1,72,72376,1,1,3,7,Le Creusat,47.8827,0.509547
202000018441,29,4,2020,20,1,17,17106,1,1,3,6,D731,45.552675,-0.307853
202000018442,29,4,2020,18,1,78,78043,1,1,3,-1,Bailly,48.835007,2.077532
202000018443,15,2,2020,17,1,78,78537,1,1,1,2,A10 PK024+300,48.552424,1.929517
202000018444,19,4,2020,6,1,988,98831,2,2,1,7,RT1/RM46 VOH,-20.96412,164.705787
202000018445,28,4,2020,18,2,971,97110,1,1,1,2,Chemin des Galets,16.296971,-61.090722
202000018446,28,4,2020,21,5,971,97111,2,1,1,6,224 Allée Nouvelle Cité,16.309796,-61.791723
202000018447,29,4,2020,20,5,77,77511,2,1,3,1,Rue de Paris - D401,49.033753,2.63895
202000018448,29,4,2020,10,1,13,13004,1,1,1,7,Chemin de la Dougue,43.657037,4.582779
202000018449,29,4,2020,19,1,89,89257,2,4,2,1,44 Rue du 4 Septembre,47.967909,3.518436
202000018450,29,4,2020,22,5,64,64422,2,3,1,7,Rue Léo Lagrange,43.19028,-0.629691
202000018451,29,4,2020,14,1,14,14328,1,1,3,6,Rue de la Paix,49.217765,-0.241592
202000018452,30,4,2020,12,1,60,60139,2,2,1,1,378 Avenue de Verdun,49.1690073,2.2446866
202000018453,14,2,2020,18,2,13,13202,2,1,1,2,Tunnel Joliette Marseille vers Aubagne,43.293907,5.364165
202000018454,28,4,2020,8,1,13,13028,1,1,2,6,A50,43.19292,5.65186
202000018455,14,4,2020,14,1,54,54312,1,1,1,3,Autoroute A 31,48.93285,6.11185
202000018456,28,4,2020,17,1,59,59043,1,1,1,6,AUTOROUTE A25,50.723381,2.737932
202000018457,29,4,2020,11,1,94,94038,1,1,1,6,AUTOROUTE A6A,48.7759,2.3462
202000018458,29,4,2020,18,1,95,95394,1,1,3,7, A115,49.05088,2.18881
202000018459,12,1,2020,9,1,95,95509,1,1,7,3,D9,49.068567,2.485296
202000018460,26,2,2020,11,1,988,98818,2,1,1,4,N°58 ROUTE DU PORT DESPOINTES,-22.28274,166.45316
202000018461,15,2,2020,18,5,95,95585,2,1,1,6,VALERY (AVEUE PAUL),48.9803,2.37333
202000018462,25,2,2020,20,3,31,31555,1,1,1,2,24 EMPALOT  (PERIPH OUEST A620),43.57472,1.4403
202000018463,27,1,2020,15,1,92,92024,2,1,2,3,MARTRE (RUE) DE (111 A 119)   (122 A 144,48.906003,2.30345
202000018464,28,4,2020,1,3,974,97407,2,1,1,6,COMPAGNIE DES INDES (BD DE LA) ,-20.9373,55.2919
202000018465,28,4,2020,10,1,69,69388,2,2,2,5,BOCAGE (DU)                         (R ),45.73438,4.86616
202000018466,28,4,2020,7,1,972,97213,1,3,1,3,ROUTE DEPARTEMENTALE 3,14.664756,-60.994771
202000018467,27,4,2020,11,1,972,97213,2,1,1,3,ROUTE NATIONALE 1,14.61812,-61.00669
202000018468,28,4,2020,11,1,69,69202,2,1,8,2,LIBERATION (DE LA)                  (RO),45.7287,4.7782
202000018469,27,4,2020,22,5,87,87085,2,1,2,6,BERTHELOT (AVENUE),45.83666,1.2508
202000018470,28,4,2020,12,1,82,82121,2,2,2,3,FORT (RUE DU),44.01985,1.35768
202000018471,26,4,2020,17,1,67,67482,2,1,1,6,50 Rue du Conseil des XV,48.589603,7.782042
202000018472,25,4,2020,19,1,67,67482,2,1,1,3,111 Rue du Schnokeloch,48.5735565,7.7136942
202000018473,24,4,2020,14,1,67,67482,2,3,1,3,10 Rue Paul Reiss,48.576809,7.749738
202000018474,28,4,2020,19,2,59,59343,2,1,1,6,JAURES JEAN RUE,50.58455,3.1026
202000018475,23,1,2020,16,1,06,06085,2,1,1,1,Chemin de la Chapelle,43.595194,7.005832
202000018476,24,1,2020,19,3,31,31004,1,1,1,6,A61,43.4385735,1.614997
202000018477,24,1,2020,7,2,02,02443,1,1,5,6,A4,49.04597,3.264656
202000018478,23,1,2020,16,1,62,62355,1,1,1,1,1 Carrefour de l'Artois,50.331039,2.918705
202000018479,23,1,2020,17,1,45,45273,2,1,1,6,28 AV du Stade,47.872146,2.128647
202000018480,24,1,2020,18,3,77,77095,1,3,5,3,"D54, INTERSECTION ROUTE DE SAINT MESMES",48.977006,2.760208
202000018481,24,1,2020,13,1,77,77010,1,1,1,-1,D619,48.5933359,2.9139618
202000018482,17,1,2020,9,1,13,13110,2,6,1,6,2 Route de Saint-maximin,43.449348,5.689491
202000018483,24,1,2020,13,1,03,03286,1,3,1,2,,46.5237077,3.354082
202000018484,24,1,2020,6,5,74,74154,2,1,1,6,rd 1005,46.405848,6.674409
202000018485,24,1,2020,20,3,26,26088,1,1,1,7,Route du 45e Parallele,44.999464,5.095983
202000018486,23,1,2020,15,1,60,60326,1,1,1,2,Jonquières,49.402694,2.730381
202000018487,24,1,2020,17,2,59,59063,2,1,1,3,106 Rue Victor Watremez,50.144005,3.368421
202000018488,23,1,2020,15,1,13,13055,1,1,1,3,A507 sens Marseille - Aubagne,43.29751,5.42476
202000018489,8,1,2020,8,1,13,13015,1,1,1,2,A51-Sens Marseille vers Aix en Provence,43.4321566,5.3938065
202000018490,22,1,2020,11,1,67,67482,1,9,1,5,Autoroute A.35,48.5902068,7.7327127
202000018491,17,1,2020,17,3,67,67447,1,1,1,2,Autoroute A.4,48.6112299,7.7266884
202000018492,23,1,2020,1,3,33,33162,1,1,1,6,ROCADE A 630,44.87427,-0.63674
202000018493,21,1,2020,8,2,59,59507,1,1,5,4,AUTOROUTE A1,50.6066925,3.0973291
202000018494,23,1,2020,18,3,91,91534,1,1,1,2,RN 118,48.7296,2.166
202000018495,23,1,2020,17,1,91,91534,1,1,1,3,RN 118,48.730898,2.172292
202000018496,23,1,2020,13,1,91,91174,1,1,1,3,RN 104,48.6235,2.4668
202000018497,22,1,2020,17,3,91,91339,1,1,1,4,RN 104,48.6273,2.2586
202000018498,23,1,2020,17,1,78,78466,1,1,1,4,N118,48.932139,1.976147
202000018499,22,1,2020,14,1,93,93008,1,1,1,4,AUTOROUTE A86,48.91273,2.4368
202000018500,21,1,2020,22,3,93,93053,1,1,1,2,AUTOROUTE A3,48.8953,2.4712
202000018501,21,1,2020,18,3,93,93010,1,1,1,2,AUTOROUTE A3,48.90901,2.47407
202000018502,19,1,2020,21,3,93,93066,1,1,1,4,AUTOROUTE A86,48.92231,2.35858
202000018503,22,1,2020,14,1,77,77249,1,1,1,2,RN104,48.7319138,2.6095878
202000018504,22,1,2020,5,5,94,94052,2,1,1,6,A86.EXT,48.8344155,2.4934304
202000018505,22,1,2020,3,5,75,75112,1,1,1,6,A4,48.8209,2.4613
202000018506,21,1,2020,9,1,93,93029,2,1,7,3,AV JEAN JAURES,48.91998,2.4507
202000018507,22,1,2020,15,1,976,97611,1,1,3,2,doujani-Carrière ( route de la ),-12.79739,45.21593
202000018508,22,1,2020,14,1,973,97302,2,1,1,3,BADUEL (ROUTE DE),4.9410379,-52.3209929
202000018509,22,1,2020,9,1,69,69386,2,1,1,-1,TRONCHET                            (R ),45.77016,4.85096
202000018510,22,1,2020,8,1,69,69386,2,1,1,1,CHARMETTES (DES)                    (R ),45.7686,4.8673
202000018511,14,1,2020,6,2,971,97113,1,6,2,6,RN4 - SECTION RIVIERA,16.2075557,-61.4565539
202000018512,22,1,2020,12,1,91,91377,2,6,1,6,PILEU (RUE DU),48.72978,2.24128
202000018513,22,1,2020,16,1,91,91345,2,3,1,6,SOHIER LEONTINE  (RUE),48.69384,2.29747
202000018514,22,1,2020,8,1,91,91103,2,1,1,2,GUYNEMER GEORGES (AVENUE),48.60539,2.30895
202000018515,21,1,2020,9,1,91,91103,2,3,1,7,BOIS DE CHATRES (RUE DU),48.597055,2.282457
202000018516,22,1,2020,17,2,83,83126,2,9,1,3,ANCIENS COMBATANTS D'INDOCHINE (AV DES),43.105166,5.856181
202000018517,16,1,2020,18,2,79,79191,2,2,1,6,144 Avenue Saint Jean d’Angely,46.31576,-0.46566
202000018518,21,1,2020,10,1,78,78517,2,2,1,6,ANGIVILLER (RUE D'),48.64591,1.82102
202000018519,21,1,2020,12,1,78,78517,2,1,1,6,LENOTRE (RUE G.),48.64232,1.82564
202000018520,22,1,2020,10,1,77,77186,1,1,1,2,RD607 de Barbizon à pavé du roi,48.3944396,2.691407
202000018521,21,1,2020,9,1,76,76322,2,1,1,6,DUMONT D'URVILLE. BOULEVARD,49.39992,1.04258
202000018522,21,1,2020,22,5,72,72181,2,2,1,1,DIESEL RODOLPHE (RUE),47.98586,0.22524
202000018523,21,1,2020,13,1,71,71306,2,1,1,3,Rue Antoine Emorine,46.6710666,4.3777876
202000018524,22,1,2020,20,5,69,69266,2,2,1,3,TOLSTOI    (Cours),45.7627,4.8782
202000018525,21,1,2020,17,5,67,67482,2,1,1,6,VOSGES (AVENUE DES),48.588407,7.755604
202000018526,22,1,2020,12,1,66,66136,2,1,3,2,ARGELES SUR MER AVENUE D',42.68191,2.91036
202000018527,22,1,2020,13,1,64,64545,2,1,1,4,RD810,43.3743639,-1.6790843
202000018528,22,1,2020,13,1,64,64102,2,1,2,7,MARINES (AVENUE DES ALLEES),43.499,-1.4886
202000018529,22,1,2020,7,5,64,64140,2,3,1,3,POLITZER (RUE GEORGES),43.51479,-1.48594
202000018530,21,1,2020,17,1,63,63063,2,1,1,3,SIBONY (IMPASSE),45.83508,3.09638
202000018531,21,1,2020,7,5,62,62193,2,3,1,3,ALLIES (BOULEVARD DES),50.96075,1.84971
202000018532,22,1,2020,17,2,60,60159,2,1,1,6,PARIS (DE),49.40982,2.81625
202000018533,22,1,2020,22,5,54,54300,2,9,9,6,GALTIER (RUE LUCIEN),48.6621484,6.2211853
202000018534,22,1,2020,17,1,54,54547,2,3,1,6,GUINGOT (RUE LOUIS),48.6610757,6.1905801
202000018535,22,1,2020,10,1,53,53130,2,1,1,6,BROU ( RUE PROSPER ),48.0814189,-0.7660228
202000018536,22,1,2020,3,5,51,51454,2,1,1,6,31 Rue Courmeaux,49.2576873,4.0372797
202000018537,22,1,2020,15,1,50,50218,2,3,1,3,AMERIQUES (BOULEVARD),48.827708,-1.578951
202000018538,22,1,2020,11,1,50,50129,2,1,1,3,MALAKOFF (RUE),49.63993,-1.61089
202000018539,21,1,2020,18,2,49,49007,2,6,1,-1,DOYENNE BOULEVARD ET PASSAGE,47.48821,-0.5363
202000018540,21,1,2020,15,1,49,49007,2,1,1,5,CHATEAU D'ORGEMONT RUE ET SQU,47.45454,-0.54758
202000018541,21,1,2020,8,3,49,49007,2,1,1,3,BRISSAC,47.46192,-0.54847
202000018542,20,1,2020,12,1,47,47001,2,1,1,1,LECLERC (AV. DU GENERAL),44.18102,0.62375
202000018543,19,1,2020,2,1,44,44162,2,1,1,6,Boulevard Salvador Allende,47.219055,-1.620188
202000018544,3,1,2020,11,1,42,42184,2,1,1,6,Rue du Fuyant,46.0446171,4.0554091
202000018545,22,1,2020,12,1,35,35238,1,1,1,4,RN 136 PORTE DE Beauregard,48.13812,-1.70076
202000018546,22,1,2020,20,5,34,34172,2,2,8,6,CASTELNAU (AVENUE DE),43.62224,3.88311
202000018547,21,1,2020,8,2,34,34172,2,1,2,6,BROUSSONNET (RUE AUGUSTE),43.61744,3.86769
202000018548,22,1,2020,6,3,33,33200,1,6,1,3,AVE DE MAGUDAS / RUE DE VENTEILLE,44.86163,-0.69588
202000018549,22,1,2020,7,2,31,31069,2,2,2,4,DE GAULLE (AV DU GENERAL),43.64168,1.38439
202000018550,22,1,2020,7,4,31,31555,1,1,2,6,AV ALBERT BEDOUCE,43.57973,1.45994
202000018551,20,1,2020,16,1,31,31483,2,1,1,6,PASTEUR (BOULEVARD),43.108322,0.720767
202000018552,22,1,2020,14,1,27,27701,1,1,1,1,RD 6015,49.2602,1.1659
202000018553,22,1,2020,7,5,26,26198,2,1,1,4,JAURES (Avenue Jean),44.5512,4.747705
202000018554,21,1,2020,17,5,21,21231,2,1,1,3,145 Avenue Gustave Eiffel,47.3125514,5.0093633
202000018555,22,1,2020,21,5,13,13209,2,1,1,1,CABOT (BOULEVARD),43.25759,5.41843
202000018556,22,1,2020,14,1,13,13213,2,1,1,4,BERTHE SYLVA (RUE),43.326877,5.419539
202000018557,22,1,2020,12,1,13,13212,2,3,1,5,AIGUILLETTE (RUE DE L'),43.3118,5.4282
202000018558,21,1,2020,7,2,13,13047,1,1,1,1,Cabane Noire (Route de la),43.48208,4.98181
202000018559,21,1,2020,9,1,13,13001,2,9,9,7,REPENTANCE (CH DE),43.54033,5.47864
202000018560,20,1,2020,11,1,12,12174,2,1,1,1,MOULINE (AVENUE DES HAUTS DE LA),44.341317,2.564746
202000018561,22,1,2020,15,1,10,10387,2,1,1,3,EMILE ZOLA (RUE),48.296345,4.074563
202000018562,22,1,2020,8,1,10,10362,2,1,9,6,LAMARTINE (RUE),48.29955,4.04921
202000018563,22,1,2020,17,2,06,06088,2,1,8,6,MAGNAN (BD),43.6932,7.2426
202000018564,21,1,2020,15,1,06,06104,2,1,8,1,FRANCE (AVENUE DE),43.7539,7.44656
202000018565,14,1,2020,13,1,06,06029,2,1,1,6,MAUBERT (RONT POINT GAL),43.55151,7.02993
202000018566,22,1,2020,9,1,06,06027,2,1,1,3,VERDUN AVENUE DE,43.66,7.1875
202000018567,22,1,2020,20,5,75,75118,2,4,1,4,BD PERIPHERIQUE INTERIEUR,48.9006745,2.3649403
202000018568,22,1,2020,8,5,75,75116,2,1,1,-1,BD PERIPHERIQUE INTERIEUR,48.843918,2.254917
202000018569,22,1,2020,9,1,75,75114,2,1,1,3,BD PERIPHERIQUE INTERIEUR,48.822948,2.312951
202000018570,22,1,2020,7,2,75,75108,2,1,1,3,AVENUE WINSTON CHURCHILL,48.8666909,2.3138934
202000018571,22,1,2020,1,5,75,75117,2,2,1,6,AVENUE DES TERNES,48.8801126,2.2879404
202000018572,21,1,2020,15,1,75,75107,2,2,1,6,BOULEVARD RASPAIL,48.8543484,2.3261095
202000018573,22,1,2020,14,1,75,75119,2,3,1,2,AVENUE CORENTIN CARIOU,48.895135,2.382749
202000018574,22,1,2020,18,5,75,75118,2,1,1,6,RUE DE LA CHAPELLE,48.8962358,2.3592791
202000018575,22,1,2020,12,1,75,75118,2,3,1,3,RUE DE LA CHAPELLE,48.892013,2.35985
202000018576,21,1,2020,22,5,75,75117,2,2,1,3,RUE DE COURCELLES,48.881563,2.300708
202000018577,22,1,2020,8,1,75,75116,2,1,1,3,ROUTE DE SEVRES A NEUILLY,48.8541127,2.2373968
202000018578,22,1,2020,4,5,75,75116,2,1,1,6,AVENUE DE VERSAILLES,48.8385745,2.2594667
202000018579,22,1,2020,18,5,75,75113,2,3,1,6,BOULEVARD AUGUSTE BLANQUI,48.8296885,2.3494247
202000018580,21,1,2020,11,1,75,75112,2,3,1,3,AVENUE DAUMESNIL,48.8402922,2.3927477
202000018581,22,1,2020,16,1,75,75111,2,4,1,6,RUE DES BOULETS,48.8517761,2.3893279
202000018582,22,1,2020,13,1,75,75111,2,4,1,3,AVENUE DE LA REPUBLIQUE,48.8664797,2.36814
202000018583,22,1,2020,10,1,75,75111,2,5,1,7,AVENUE DE LA REPUBLIQUE,48.8652864,2.3745435
202000018584,21,1,2020,20,5,75,75108,2,2,1,6,RUE PIERRE CHARRON,48.87052,2.305246
202000018585,21,1,2020,19,5,75,75117,2,3,1,2,AVENUE EMILE ET ARMAND MASSARD,48.888551,2.297226
202000018586,22,1,2020,9,1,75,75107,2,3,1,1,QUAI D ORSAY,48.8626609,2.3190755
202000018587,22,1,2020,14,1,75,75103,2,1,1,7,RUE DES ARCHIVES,48.8609702,2.3578944
202000018588,21,1,2020,18,5,75,75101,2,3,1,4,RUE DE RIVOLI,48.8660294,2.3250475
202000018589,22,1,2020,12,1,94,94065,2,9,1,6,PONT DES HALLES (R DU),48.7608395,2.342729
202000018590,22,1,2020,18,5,94,94079,2,3,1,3,GENERAL GALLIENI (RUE DU),48.8256598,2.5405208
202000018591,22,1,2020,12,1,94,94002,2,3,1,3,JULES GUESDE (R),48.8048,2.4167
202000018592,22,1,2020,18,5,93,93070,2,7,1,6,ANSELME(RUE),48.9103106,2.3342361
202000018593,21,1,2020,11,1,93,93066,2,1,1,6,ARTS ET METIERS (AVENUE),48.91525,2.36183
202000018594,22,1,2020,7,5,93,93064,2,1,1,6,TULIPIERS (ALLEE DES),48.8737589,2.4726716
202000018595,22,1,2020,20,4,93,93015,1,1,1,6,RTE STRATEGIQUE,48.92443,2.56471
202000018596,22,1,2020,6,5,93,93006,2,1,9,6,GAL DE GAULLE AV. DU,48.86395,2.4171
202000018597,22,1,2020,17,2,93,93010,2,1,1,2,R JULES GUESDE,48.9035512,2.4777369
202000018598,21,1,2020,12,1,93,93057,2,1,1,2,AV ARISTIDE BRIAND,48.908608,2.4986296
202000018599,22,1,2020,8,1,92,92051,2,1,1,3,GENERAL KOENIG (BOULEVARD DU),48.88128,2.25218
202000018600,20,1,2020,20,3,92,92050,2,2,1,6,PONS NOEL RUE,48.90398,2.21872
202000018601,22,1,2020,16,1,92,92049,2,1,1,4,PIERRE BROSSOLETTE (AVENUE),48.8205982,2.3117939
202000018602,22,1,2020,13,1,92,92049,2,1,1,1,PERI RUE GABRIEL N°38 A 82,48.8185643,2.3193761
202000018603,20,1,2020,19,5,92,92036,2,2,1,6,JEAN JAURES (RUE) (2)/ PIERRE TIMBAUD (RUE) (1/45),48.93312,2.29413
202000018604,22,1,2020,21,5,86,86165,1,6,9,7,D54,46.405445,0.891959
202000018605,20,1,2020,9,1,08,08331,1,1,8,7,D229,49.659887,4.93775
202000018606,22,1,2020,8,1,51,51262,1,1,1,4,D396,48.70672,4.598288
202000018607,22,1,2020,10,1,31,31547,1,2,3,3,Route de Labastidette,43.488253,1.275433
202000018608,22,1,2020,21,3,51,51153,1,1,1,7,D40A,49.0245848,3.9890108
202000018609,22,1,2020,18,5,74,74267,2,1,1,7,222 Route d'Albertville,45.881423,6.141899
202000018610,23,1,2020,6,3,89,89369,1,1,1,6,D143,48.268683,3.144364
202000018611,23,1,2020,17,2,89,89104,1,1,9,5,D45,47.778213,3.84191
202000018612,23,1,2020,9,1,63,63338,1,2,8,3,D92/D533,46.179039,2.840502
202000018613,23,1,2020,8,5,42,42177,2,2,1,3,Rue de Briennon,46.146057,4.108404
202000018614,22,1,2020,15,1,44,44084,1,1,1,2,Rue de la Gaudine,47.242561,-1.363592
202000018615,22,1,2020,17,5,29,29106,2,1,1,6,Rue de Quilinen,48.086182,-4.064775