Num_Acc,jour,mois,an,hr,condition_eclairage,departement,commune,condition_agglomeration,intersection,condition_atmosphere,type_collision,adresse,lattitude,longitude
202000018616,23,1,2020,8,3,84,84051,1,1,1,7,D900,43.862041,5.284359
202000018617,23,1,2020,8,1,03,03305,1,2,1,3,Les Audevants,46.3982844,2.6837772
202000018618,20,1,2020,9,1,58,58134,2,1,7,3,Avenue Jean Jaurés,46.935378,3.25897
202000018619,23,1,2020,11,1,06,06079,2,9,1,6,Avenue du Marechal Lyautey,43.556855,6.952192
202000018620,20,1,2020,7,3,14,14643,1,1,9,6,Route départementale 13,49.1790306,-0.7803932
202000018621,22,1,2020,18,3,50,50484,1,1,1,7,D977,48.569477,-1.093276
202000018622,23,1,2020,16,1,60,60407,1,1,1,1,D124,49.6504794,1.7800157
202000018623,20,1,2020,16,1,45,45109,1,2,1,3,D2157 - D704,47.932621,1.670775
202000018624,22,1,2020,14,1,18,18103,2,1,1,2,Rue d'Issoudun,47.136709,1.852553
202000018625,22,1,2020,7,3,18,18065,1,1,1,6,D65,46.832541,2.110491
202000018626,18,1,2020,0,3,43,43213,1,1,8,6,D500,45.251507,4.273295
202000018627,23,1,2020,7,2,16,16312,2,1,1,2,Route de Mansle,45.7678927,-0.0299223
202000018628,23,1,2020,16,1,38,38530,1,1,5,2,A43,45.62506,5.17595
202000018629,21,1,2020,21,3,27,27091,1,1,1,3,A13,49.361975,0.856923
202000018630,21,1,2020,11,1,27,27091,1,1,1,7,D91,49.372761,0.851418
202000018631,22,1,2020,11,1,988,98814,1,1,1,3,Hnadro,-21.0035728,167.2225732
202000018632,22,1,2020,20,3,971,97117,1,1,1,6,D123,16.340744,-61.382959
202000018633,1,1,2020,18,2,971,97118,1,1,1,3,Route nationale 01,16.1947013,-61.6060495
202000018634,22,1,2020,3,3,13,13215,2,1,2,6,A7-Sens Lyon vers Marseille,43.37641,5.35899
202000018635,8,1,2020,12,1,13,13215,1,1,1,2,A7-Sens Lyon vers Marseille,43.3769375,5.3587327
202000018636,4,1,2020,5,3,13,13215,1,1,1,3,A7-Sens Lyon vers Marseille,43.363404,5.36072
202000018637,22,1,2020,12,1,94,94037,1,1,1,2,AUTOROUTE A6B,48.8096,2.339
202000018638,22,1,2020,8,1,91,91521,1,1,1,2,RN 449,48.63777,2.39802
202000018639,22,1,2020,8,3,78,78466,1,1,1,3,A13,48.93149,1.97803
202000018640,22,1,2020,7,3,92,92050,1,1,1,2,A86,48.9115137,2.2166923
202000018641,20,1,2020,17,1,93,93066,1,1,1,2,AUTOROUTE A1,48.91936,2.35755
202000018642,20,1,2020,20,3,93,93063,1,1,1,2,AUTOROUTE A3,48.87524,2.44035
202000018643,22,1,2020,17,2,94,94033,1,1,1,5,A86.EXT,48.85176,2.49032
202000018644,22,1,2020,15,1,77,77294,1,1,1,2,A104,48.970578,2.5962944
202000018645,21,1,2020,21,5,69,69259,2,9,1,3,DOCTEUR COBLOD (DU)                 (BD),45.70169,4.89073
202000018646,21,1,2020,13,1,69,69259,2,2,1,1,FRANCIS DE PRESSENSE                (AV),45.7267133,4.862448
202000018647,17,1,2020,13,1,69,69386,2,2,2,6,FELIX JACQUIER                      (R ),45.7737088,4.8473809
202000018648,16,1,2020,16,1,69,69152,2,1,1,6,AUGUSTE CHARLES SIMEANT             (R ),45.69815,4.81468
202000018649,21,1,2020,21,5,2B,2B033,2,1,1,6,DANESI - BLD BENOITE,42.69946,9.44547
202000018650,21,1,2020,16,1,91,91645,2,1,1,6,FOCH (BOULEVARD DU MARECHAL),48.74738,2.27069
202000018651,21,1,2020,13,1,91,91687,2,1,1,2,VICTOR SCHOELCHER (AVENUE),48.6576,2.37213
202000018652,20,1,2020,6,5,91,91326,2,1,1,6,COUR DE FRANCE (AVENUE DE LA),48.69288,2.37092
202000018653,21,1,2020,17,1,91,91201,2,1,1,3,EUGENE DELACROIX(AVENUE),48.676661,2.420309
202000018654,20,1,2020,7,5,91,91657,2,2,8,3,CONCORDE (AVENUE),48.70504,2.42142
202000018655,21,1,2020,8,1,91,91174,2,1,1,6,DAUPHINE (RUE DE LA),48.601971,2.477291
202000018656,21,1,2020,7,5,91,91027,2,1,9,3,FRANCOIS MITTERRAND (AVENUE),48.70884,2.37147
202000018657,17,1,2020,15,1,87,87085,2,1,1,6,QUINET (RUE EDGAR),45.82319,1.24029
202000018658,21,1,2020,17,1,86,86133,1,1,1,2,D611/N10,46.528608,0.281845
202000018659,21,1,2020,17,1,81,81004,2,1,1,2,THOMAS (AV ALBERT),43.9489,2.15287
202000018660,20,1,2020,21,5,80,80021,2,2,1,3,VALLEE (RUE DE LA ),49.8918,2.30961
202000018661,20,1,2020,20,5,80,80021,2,3,1,3,VERDUN (RUE DE ),49.89373,2.31144
202000018662,20,1,2020,8,2,80,80021,2,1,2,6,AMONT (PORT D'),49.89477,2.30908
202000018663,21,1,2020,8,2,78,78551,2,1,1,6,VIDAL (RAYMOND),48.89737,2.079
202000018664,15,1,2020,20,5,78,78498,2,2,1,6,MALADRERIE AV DE LA,48.9204,2.0314
202000018665,14,7,2020,17,1,16,16001,1,1,1,6,,46.095127,0.704514
202000018666,13,7,2020,15,1,24,24451,1,1,7,1,D675,45.509242,0.653059
202000018667,14,7,2020,12,1,04,04053,1,3,1,5,RD 951,44.0999032,5.9482195
202000018668,9,7,2020,17,1,85,85014,2,4,1,1,Le Pont de Bazoges,46.659459,-0.917374
202000018669,14,7,2020,16,1,37,37151,1,1,1,3,295 La Vellerie,47.4491547,0.6085998
202000018670,13,7,2020,21,2,52,52407,1,1,1,6,D674,48.281569,5.474528
202000018671,11,7,2020,10,1,04,04209,1,1,1,2,A 51 bretelle 23,44.2204238,5.9197946
202000018672,14,7,2020,5,1,89,89339,1,1,1,6,Autoroute A6 - Sens PARIS / LYON - PK 202+900,47.5610569,3.9446847
202000018673,13,7,2020,17,1,13,13001,1,1,1,2,122 Avenue Gaston Berger,43.513185,5.437345
202000018674,21,6,2020,4,3,49,49007,1,1,1,6,A11 - PK 261+900,47.490971,-0.53671
202000018675,14,7,2020,9,1,974,97417,1,1,1,2,Rue Leconte de Lisle,-21.3580205,55.7700831
202000018676,12,7,2020,11,1,77,77283,1,1,1,3,D94,49.0777038,3.0397269
202000018677,14,7,2020,12,1,77,77534,1,2,1,1,4 Rue de Paris - D319 - D353,48.6447286,2.7798824
202000018678,12,7,2020,5,1,78,78048,2,1,1,7,9 Route d'Orgerus,48.80567,1.675945
202000018679,13,7,2020,7,1,78,78558,1,1,1,6,D89,48.982991,1.531606
202000018680,13,7,2020,23,3,34,34209,2,1,1,6,Rue Henri Matisse,43.303164,3.343631
202000018681,13,7,2020,15,1,04,04062,1,1,6,3,RD 900,44.449988,6.740971
202000018682,12,7,2020,14,1,70,70455,1,1,1,1,Rue de l'Aérodrome,47.688706,6.5317151
202000018683,13,7,2020,9,1,55,55414,1,1,1,6,Route de Vroil,48.829893,4.914274
202000018684,14,7,2020,16,1,03,03215,1,1,1,7,,46.3040195,3.4497946
202000018685,13,7,2020,15,1,85,85226,2,1,7,3,Avenue de la Rousselotiere,46.72321,-1.948552
202000018686,8,7,2020,20,1,61,61228,1,3,1,6,Pre des Guains,48.512539,-0.025706
202000018687,14,7,2020,16,1,59,59419,2,1,2,5,Route de Douai,50.510415,3.271952
202000018688,9,7,2020,18,1,13,13071,1,1,1,3,A7-Sens Marseille vers Lyon,43.4093861,5.2859832
202000018689,9,7,2020,16,1,13,13071,1,1,1,2,A5501G-Sens Mlle Vieux Port vers A7-Lyon,43.40658,5.2923
202000018690,11,7,2020,23,3,67,67471,1,1,1,4,Autoroute A4,48.63383,7.72457
202000018691,13,7,2020,5,2,94,94034,1,1,1,6,AUTOROUTE A86,48.7574,2.33486
202000018692,13,7,2020,13,1,92,92025,1,1,1,4,A86,48.93314,2.2508565
202000018693,13,7,2020,5,2,78,78322,1,1,1,6,A86 DUPLEX - A86 INT,48.780682,2.172033
202000018694,13,7,2020,7,1,93,93066,1,1,1,7,AUTOROUTE A1,48.91807,2.35736
202000018695,13,7,2020,0,5,93,93027,1,1,1,6,AUTOROUTE A86,48.92351,2.38323
202000018696,13,7,2020,11,1,77,77373,1,1,1,6,RN104,48.7739887,2.6118634
202000018697,13,7,2020,9,1,94,94017,1,1,1,-1,A4,48.82902,2.50081
202000018698,12,7,2020,23,3,77,77372,1,1,1,6,A104,48.8933665,2.6661937
202000018699,11,7,2020,12,1,974,97411,2,2,2,3,HOARAU (RUE MARCEL),-20.91009,55.48713
202000018700,12,7,2020,19,1,69,69383,2,1,1,3,GENAS (DE)                          (RO),45.75426,4.88566
202000018701,12,7,2020,13,1,69,69386,2,2,1,3,EMERAUDES (DES)                     (R ),45.76906,4.86044
202000018702,11,7,2020,19,1,69,69383,2,2,1,3,PAUL BERT                           (R ),45.757,4.86158
202000018703,12,7,2020,9,1,69,69383,2,2,1,3,LACASSAGNE                          (AV),45.7528,4.86951
202000018704,11,7,2020,11,1,972,97213,1,1,1,2,,14.614388,-61.049214
202000018705,12,7,2020,15,1,69,69382,2,2,1,2,VUILLERME                           (R ),45.73563,4.81793
202000018706,12,7,2020,5,2,69,69384,2,1,1,6,HERBOUVILLE (D')                    (CO),45.77417,4.83883
202000018707,12,7,2020,7,1,971,97101,1,1,2,1,ROUTE DE CHAZEAU,16.2813,-61.4938
202000018708,12,7,2020,21,1,95,95539,2,6,1,7,PLANCHETTE  (RUE DE LA),48.99606,2.34679
202000018709,9,7,2020,12,1,91,91692,2,6,1,2,OCEANIE (AVENUE DE L'),48.67633,2.19433
202000018710,10,7,2020,18,1,86,86194,2,1,1,3,D910,46.609116,0.343619
202000018711,12,7,2020,21,1,78,78481,2,1,1,6,CHARLES DE GAULLE (AVENUE),48.89453,2.10519
202000018712,12,7,2020,2,5,78,78643,2,1,1,6,BELLAY RUE JOACHIM DU,48.95355,1.96882
202000018713,11,7,2020,19,1,69,69029,2,1,1,1,GENAS (DE)                          (RO),45.75226,4.9007
202000018714,11,7,2020,20,1,69,69264,2,6,1,3,RIOTTIER  ROUTE DE,45.97931,4.73468
202000018715,12,6,2020,6,1,62,62193,2,1,1,6,RHIN (QUAI DU),50.9538423,1.8476773
202000018716,11,7,2020,17,1,61,61006,2,1,7,6,77 Rue de la République,48.747506,-0.01813
202000018717,12,7,2020,2,5,57,57566,2,1,1,6,PHALSBOURG,48.74394,7.09844
202000018718,12,7,2020,18,1,45,45338,2,6,1,3,Rue de la Pontonnerie,48.0024167,2.7168564
202000018719,12,7,2020,16,1,45,45004,1,1,1,7,Rue de la Léthumière,47.99157,2.82378
202000018720,12,7,2020,17,1,44,44184,2,3,1,6,VERDUN (BOULEVARD DE),47.27119,-2.20349
202000018721,12,7,2020,8,1,42,42184,2,1,1,6,Rue de Saint Andre,46.0354162,4.0417799
202000018722,11,7,2020,11,1,42,42183,2,1,1,6,Rue Gambetta,45.40487,4.36937
202000018723,12,7,2020,19,1,37,37261,2,1,1,2,BERT (QUAI PAUL),47.4024779,0.6952312
202000018724,12,7,2020,0,5,25,25462,2,6,1,3,MORTEAU DE (DU 0 AU 30),46.90585,6.35757
202000018725,11,7,2020,15,1,25,25462,2,1,1,3,BESANCON (DU 72TER A LA FIN),46.91631,6.3447
202000018726,12,7,2020,12,1,14,14137,2,1,1,-1,CAUMONT (ROUTE DE ),49.18404,-0.45846
202000018727,12,7,2020,23,5,13,13208,2,2,1,3,PRADO (AVENUE DU),43.2787,5.38754
202000018728,12,7,2020,18,1,13,13212,2,1,1,-1,LA FOURRAGERE (AVENUE),43.301582,5.431165
202000018729,12,7,2020,8,1,13,13209,1,1,1,6,ANTOINE BOURDELLE (RUE),43.233471,5.433612
202000018730,12,7,2020,5,2,13,13203,2,1,1,6,NATIONAL (BOULEVARD),43.308985,5.380566
202000018731,11,7,2020,8,1,13,13208,2,1,1,5,PRADO (AVENUE DU),43.2644094,5.3786069
202000018732,12,7,2020,12,1,06,06088,2,1,1,5,PESSICART (JUSQU'AU 270-283),43.70948,7.25577
202000018733,11,7,2020,19,1,06,06069,1,1,1,6,DRAGUIGNAN (ROUTE DE) - D2562-,43.645259,6.894996
202000018734,12,7,2020,1,5,06,06004,1,1,1,7,R.N.98 BORD DE MER SIESTA,43.611183,7.12669
202000018735,10,7,2020,17,1,01,01289,1,2,1,3,LENT (ROUTE DE),46.16499,5.22064
202000018736,11,7,2020,20,1,75,75117,2,1,1,2,BOULEVARD PERIPHERIQUE,48.879273,2.281529
202000018737,11,7,2020,19,1,75,75113,2,1,1,3,BOULEVARD PERIPHERIQUE,48.817916,2.352035
202000018738,12,7,2020,19,1,75,75107,2,2,1,3,AVENUE DE VILLARS,48.851754,2.313875
202000018739,11,7,2020,0,5,75,75103,2,2,1,-1,BOULEVARD DES FILLES DU CALVAIRE,48.862472,2.366889
202000018740,12,7,2020,15,1,75,75120,2,3,1,6,RUE DE MENILMONTANT,48.870226,2.397249
202000018741,12,7,2020,14,1,75,75119,2,1,1,1,CANAL DE L OURCQ,48.895452,2.39429
202000018742,12,7,2020,12,1,75,75119,2,1,1,6,RUE DU GENERAL BRUNET,48.882854,2.394275
202000018743,12,7,2020,9,1,75,75119,2,2,1,1,BOULEVARD MACDONALD,48.898852,2.379849
202000018744,12,7,2020,19,1,75,75118,2,4,1,2,ECHANGEUR CLIGNANCOURT,48.901264,2.344135
202000018745,12,7,2020,1,5,75,75113,2,1,1,3,AVENUE DES GOBELINS,48.835244,2.352937
202000018746,12,7,2020,16,1,75,75111,2,2,1,3,RUE DU CHEMIN VERT,48.861573,2.382588
202000018747,12,7,2020,0,5,75,75111,2,2,1,5,RUE TROUSSEAU,48.850701,2.378553
202000018748,12,7,2020,7,1,75,75110,2,3,1,6,QUAI DE JEMMAPES,48.875525,2.364238
202000018749,12,7,2020,16,1,75,75108,2,1,1,7,AVENUE DES CHAMPS ELYSEES,48.868126,2.312763
202000018750,12,7,2020,13,1,75,75107,2,2,1,3,RUE DE SEVRES,48.846846,2.316698
202000018751,12,7,2020,4,5,75,75104,2,3,1,6,RUE BEAUBOURG,48.861208,2.353511
202000018752,11,7,2020,22,5,94,94046,2,2,1,3,REPUBLIQUE (AV DE LA),48.80826,2.44996
202000018753,11,7,2020,18,1,94,94046,2,1,1,2,GENERAL LECLERC (AV DU),48.80547,2.44189
202000018754,12,7,2020,17,1,94,94043,2,4,1,1,CHASTENET DE GERY (BD),48.803308,2.358329
202000018755,12,7,2020,11,1,94,94038,2,2,1,3,MARGUERITES (R DES),48.777432,2.351108
202000018756,12,7,2020,18,1,93,93027,2,2,1,2,CONVENTION (RUE DE LA),48.9280632,2.3905956
202000018757,12,7,2020,20,1,93,93057,2,1,1,6,BROSSOLETTE (AL. PIERRE),48.9023963,2.5019521
202000018758,12,7,2020,21,5,93,93008,2,1,1,6,MARX (AVENUE KARL),48.90524,2.44438
202000018759,12,7,2020,20,1,93,93008,2,3,1,3,FRACHON (RUE BENOIT),48.9005781,2.4288158
202000018760,12,7,2020,21,1,93,93007,2,1,1,6,EMILE PALADHILE (RUE),48.93877,2.47067
202000018761,11,7,2020,9,1,93,93001,2,1,1,6,PRESIDENT ROOSEVELT (AVENUE DU),48.9171929,2.3796556
202000018762,12,7,2020,4,5,92,92051,2,3,1,7,"CHARLES DE GAULLE (AVENUE, N° 18 A 116)",48.8793265,2.2784829
202000018763,12,7,2020,20,1,92,92050,2,2,1,3,CLEMENCEAU GEORGES AVENUE N° PAIR,48.886611,2.206779
202000018764,12,7,2020,20,1,92,92024,2,1,1,3,CLICHY (QUAI DE) DE (104 A 202),48.9131229,2.3140969
202000018765,12,7,2020,7,1,92,92060,2,6,1,3,PAUL LANGEVIN (AVENUE) (RD 2),48.7794424,2.2517215
202000018766,12,7,2020,18,1,92,92012,2,2,1,3,GALLIENI (RUE) 55/157 - 50/140,48.83617,2.23662
202000018767,12,7,2020,12,1,35,35236,2,6,7,3,30 Rue des Noës,47.648358,-2.098061
202000018768,11,7,2020,12,1,35,35236,2,2,1,1,Rue de la Touche,47.662728,-2.063456
202000018769,12,7,2020,20,1,33,33001,1,2,1,3,D17,45.005305,-0.128306
202000018770,15,6,2020,16,1,67,67469,1,3,1,3,D883,48.667704,7.394829
202000018771,12,7,2020,6,2,974,97414,1,1,1,7,route forestière n°11 des Makes,-21.199019,55.428544
202000018772,12,7,2020,13,1,22,22145,1,1,1,1,Forte Terre,48.387804,-2.234768
202000018773,13,7,2020,13,1,62,62130,2,1,1,6,7 Rue de Cocriamont,50.172883,2.622337
202000018774,13,7,2020,18,1,74,74263,1,1,1,6,760 Avenue de Genève,46.327102,6.358708
202000018775,12,7,2020,11,1,83,83031,1,1,1,3,"RD558, PR 2+300",43.379632,6.361921
202000018776,11,7,2020,0,3,57,57580,1,1,1,6,D79b,48.906036,6.629487
202000018777,12,7,2020,18,1,56,56182,2,4,1,1,Rue de Beg Er Lann,48.063436,-3.405612
202000018778,11,7,2020,19,1,56,56164,1,1,1,4,Ploeren,47.661283,-2.87168
202000018779,12,7,2020,5,1,77,77391,1,1,1,2,D204,48.607504,3.294815
202000018780,13,7,2020,14,1,2A,2A130,2,1,1,1,59 Residence a Signoria,41.8875069,8.8141748
202000018781,12,7,2020,22,3,80,80383,1,1,1,7,D34,49.721733,2.762471
202000018782,13,6,2020,20,1,82,82054,1,4,1,6,Sirat Sud,44.085998,0.905948
202000018783,11,7,2020,15,1,32,32128,1,1,1,3,Estipouy,43.55127,0.385208
202000018784,1,7,2020,14,1,61,61375,1,6,1,6,D958,48.687334,0.006738
202000018785,12,7,2020,19,1,49,49370,1,1,1,6,Rue Principale,47.2676091,-0.1908262
202000018786,7,7,2020,17,1,49,49029,1,2,1,3,Le Bois Brincon (Blaison-Gohier),47.384963,-0.395411
202000018787,13,7,2020,11,1,42,42247,1,1,7,6,Chemin de Chavassoux,45.7414929,3.8502834
202000018788,12,7,2020,23,5,68,68291,2,1,1,6,5 Rue du Rhin,47.852485,7.52574
202000018789,13,7,2020,7,1,39,39434,2,1,1,-1,,46.834046,5.70074
202000018790,11,7,2020,22,2,29,29274,2,2,1,3,D782 - Rue du Général de Gaulle,48.020056,-3.720101
202000018791,12,7,2020,19,1,29,29225,1,1,1,6,D40 - Route de Penhors,47.938395,-4.399837
202000018792,9,7,2020,9,1,38,38075,1,1,1,7,Route de la Chartreuse,45.46771,5.97973
202000018793,5,7,2020,10,1,45,45281,1,1,1,6,D37,48.02495,2.994032
202000018794,13,7,2020,11,1,64,64504,1,1,1,6,Route du Col de Saint Ignace,43.324617,-1.600832
202000018795,13,7,2020,12,1,64,64519,2,1,7,6,Route d’Uzein,43.358878,-0.381786
202000018796,12,7,2020,8,1,18,18231,1,1,7,5,D951,46.731279,2.624413
202000018797,13,7,2020,14,1,43,43244,1,2,1,1,Route d'Annonay,45.120931,4.338495
202000018798,12,7,2020,17,1,53,53136,1,1,1,3,Le Richard,47.865011,-0.730591
202000018799,11,7,2020,19,1,53,53007,2,1,1,1,D32 - rue du Maine,48.086379,-0.648773
202000018800,13,7,2020,13,1,24,24320,1,1,1,3,D75,45.397727,1.226563
202000018801,13,7,2020,5,2,24,24390,2,2,1,3,77 Le Bourg,45.123952,0.890064
202000018802,13,7,2020,15,1,04,04159,1,1,1,1,RD 950,44.0580142,5.6210729
202000018803,13,7,2020,15,1,04,04208,1,1,1,7,RD 201,43.949466,5.596118
202000018804,12,7,2020,22,3,04,04144,1,1,1,5,RD 952,43.775099,6.332674
202000018805,11,7,2020,12,1,04,04097,1,1,1,3,RD 900,44.178341,6.355923
202000018806,13,7,2020,17,1,48,48168,1,1,1,7,Saint-Léger-de-Peyre,44.604493,3.28458
202000018807,12,7,2020,15,1,52,52310,2,1,1,1,4 Rue de l'Abbe Adrien,48.277299,5.02418
202000018808,13,7,2020,11,1,08,08408,1,1,1,-1,RD 88,49.852788,4.667065
202000018809,13,7,2020,15,1,88,88465,1,1,1,2,N57,48.249191,6.400882
202000018810,11,7,2020,10,1,67,67388,2,1,1,2,49 Route de Strasbourg,48.921724,7.660024
202000018811,13,7,2020,13,1,68,68082,1,1,1,3,A 35 PK 92+600,47.848303,7.394485
202000018812,13,7,2020,15,1,34,34337,1,1,1,3,Route Départemental 185,43.541559,3.849349
202000018813,12,7,2020,15,1,42,42295,1,1,1,6,Autoroute A89,45.8554503,3.8119819
202000018814,8,7,2020,14,1,35,35275,1,1,1,3,N12,48.162423,-1.858224
202000018815,11,7,2020,13,1,14,14555,1,1,1,5,Autoroute A13,49.3050063,0.2943556
202000018816,12,7,2020,18,1,38,38064,1,1,1,2,A43,45.562689,5.371993
202000018817,12,7,2020,22,5,971,97129,2,1,1,1,Rocade des Nations Unies,16.329008,-61.7041969
202000018818,12,7,2020,12,1,45,45077,1,1,1,6,Route de chateau renard,47.868494,2.8599833
202000018819,13,7,2020,10,1,48,48021,2,1,1,6,Place de l'Eglise,44.591781,3.905666
202000018820,13,7,2020,10,1,30,30027,1,9,1,2,Route d'Ales,44.077554,4.06257
202000018821,12,7,2020,17,1,34,34143,1,1,1,6,Chemin de Villeveyrac,43.462186,3.608322
202000018822,12,7,2020,14,1,05,05079,1,1,1,7,D902,45.060548,6.411209
202000018823,12,7,2020,14,1,13,13074,1,1,1,-1,D96,43.646079,5.571983
202000018824,13,7,2020,13,1,89,89438,1,3,1,3,D965,47.795845,3.654875
202000018825,12,7,2020,8,1,52,52248,1,1,1,6,D417,48.038155,5.408033
202000018826,12,7,2020,11,1,67,67458,2,8,1,3,Rue du Clausenhof,48.8259307,7.7544099
202000018827,13,7,2020,12,1,42,42304,1,1,1,1,D8,45.550978,4.163282
202000018828,10,7,2020,22,3,40,40257,2,1,1,7,416 Allée du Bois de Medoux,44.272937,-1.190935
202000018829,13,7,2020,1,3,56,56069,1,1,1,6,Lieu-dit Kervaillet,47.640808,-3.436543
202000018830,10,7,2020,19,1,13,13215,1,1,1,4,A7-Sens Lyon vers Marseille,43.38135,5.35222
202000018831,10,7,2020,17,1,13,13055,1,1,1,4,A507 sens Aubagne- Marseille,43.3137,5.4236
202000018832,11,7,2020,11,1,13,13070,1,1,1,2,A50-Sens Aubagne vers Marseille,43.28552,5.51439
202000018833,12,7,2020,5,2,38,38336,1,1,1,3,A7,45.4976,4.8392
202000018834,12,7,2020,22,5,33,33397,1,1,1,2,AUTOROUTE A 10,44.9118,-0.48479
202000018835,11,7,2020,16,1,91,91345,1,1,1,5,AUTOROUTE A6,48.66646,2.3262
202000018836,12,7,2020,11,1,78,78073,1,1,1,2,A12 Y,48.800061,2.045341
202000018837,12,7,2020,0,3,78,78402,1,1,1,2,A13,48.96391,1.77588
202000018838,10,7,2020,18,1,93,93027,1,1,1,6,AUTOROUTE A86,48.92706,2.40564
202000018839,12,7,2020,12,1,93,93066,1,1,1,6,AUTOROUTE A1,48.91899,2.3573
202000018840,11,7,2020,23,3,95,95572,1,1,1,6, A15,49.03335,2.10475
202000018841,11,7,2020,14,1,95,95582,1,1,1,2,AUTOROUTE A15,48.9710709,2.2490786
202000018842,12,7,2020,13,1,93,93051,1,1,1,7,A4,48.8357178,2.5652346
202000018843,11,7,2020,18,5,974,97416,2,1,1,3,LAURENT VERGES(AVENUE),-21.29858,55.45636
202000018844,8,7,2020,7,1,974,97416,1,9,1,3,RN1,-21.31823,55.44434
202000018845,11,7,2020,23,5,974,97411,1,1,2,6,RN2/091,-20.8856,55.4964
202000018846,11,7,2020,13,1,974,97411,2,1,1,6,LECONTE DE LISLE (AVENUE),-20.89463,55.4876
202000018847,11,7,2020,9,1,974,97411,1,3,1,6,Route des Bougainvillées,-20.891327,55.420052
202000018848,11,7,2020,19,1,69,69383,2,1,1,6,FREDERIC MISTRAL                    (R ),45.7561,4.876127
202000018849,9,7,2020,11,1,972,97213,1,9,1,3,Z I LES MANGLES,14.6156547,-61.0147476
202000018850,9,7,2020,3,5,972,97213,1,1,1,7,AUTOROUTE A1,14.61779,-61.03022
202000018851,11,7,2020,18,1,972,97209,2,1,1,5,BALATA (ROUTE DE),14.62982,-61.07242
202000018852,11,7,2020,15,1,69,69382,2,1,1,2,DOCTEUR GAILLETON (DU)              (QU),45.75216,4.83283
202000018853,11,7,2020,17,1,91,91161,2,9,9,6,PIERRE BROSSOLETTE (AVENUE),48.70035,2.31809
202000018854,11,7,2020,18,1,78,78350,2,1,1,6,VERSAILLES (ROUTE DE),48.85325,2.10772
202000018855,4,2,2020,16,1,95,95313,2,9,1,7,Place du Patis,49.110816,2.212166
202000018856,24,2,2020,15,1,57,57650,1,1,1,1,D64f,49.457162,6.369206
202000018857,15,2,2020,19,2,22,22020,1,1,6,7,RN 12 PR 09+050,48.305863,-2.235761
202000018858,24,2,2020,14,1,42,42085,1,1,9,7,D76,45.417823,4.563553
202000018859,22,2,2020,10,1,51,51079,2,1,1,7,18 Rue d'Ambonnay,49.078237,4.153723
202000018860,24,2,2020,17,1,55,55406,1,2,1,3,,49.1071104,5.6694174
202000018861,23,2,2020,15,1,34,34160,1,1,1,6,D908,43.567255,2.974366
202000018862,23,2,2020,17,1,29,29241,2,1,2,1,10 ZAD de Dioulan,47.963031,-3.848766
202000018863,23,2,2020,17,1,29,29162,2,7,2,6,11 Place Charles de Gaulle,48.2262953,-3.9694941
202000018864,22,2,2020,17,1,03,03254,1,1,1,3,route de Baruthet,46.2923177,3.2690241
202000018865,23,2,2020,8,1,03,03163,1,1,1,7,,46.0184646,3.4823118
202000018866,23,2,2020,15,1,03,03036,1,2,1,3,,46.5761667,3.0555763
202000018867,23,2,2020,21,5,01,01388,1,1,1,6,791 Route de Pont de Vaux,46.45755,5.067594
202000018868,23,2,2020,21,3,06,06090,2,1,1,6,230 Avenue de Cannes,43.590866,6.933617
202000018869,24,2,2020,9,1,50,50582,1,1,1,-1,La Riffaudiere - Vengeons (Vengeons),48.746282,-0.907021
202000018870,20,2,2020,18,2,90,90005,1,9,1,6,D12,47.729899,6.76554
202000018871,23,2,2020,17,1,64,64447,1,1,1,6,D45,43.516595,-0.50786
202000018872,23,2,2020,21,3,18,18176,1,1,2,6,Route du Stade,47.221718,2.546688
202000018873,23,2,2020,21,3,18,18016,1,2,2,3,96 Lieu Dit Chaumoux,47.218184,2.564621
202000018874,24,2,2020,7,2,10,10323,2,9,1,6,190 Rue Henri Millet,48.521262,3.715121
202000018875,23,2,2020,18,3,10,10177,1,1,1,6,D34,48.163366,3.992414
202000018876,23,2,2020,21,5,53,53194,2,3,2,2,7 Lotissement de l'Esponniere,48.0562662,-0.9524796
202000018877,23,2,2020,19,3,40,40286,1,1,1,2,Route d'Hagetmau,43.644003,-0.517441
202000018878,23,2,2020,3,3,40,40094,1,1,1,6,D140,44.185139,-1.028704
202000018879,23,2,2020,14,1,24,24321,2,1,1,5,Daudevie Nord,45.125901,1.384208
202000018880,21,2,2020,20,4,17,17003,2,3,1,6,D113,46.110392,-0.935812
202000018881,23,2,2020,16,1,87,87146,1,1,1,7,D216,45.6083,1.501066
202000018882,23,2,2020,23,3,31,31104,1,1,1,2,A64,43.344094,1.259565
202000018883,23,2,2020,3,3,31,31476,1,1,1,2,A64,43.277994,1.145346
202000018884,24,2,2020,5,1,988,98821,2,2,1,3,RUE DU CHATEAU SCHIELE/RT1,-22.064741,166.265502
202000018885,23,2,2020,16,1,41,41130,1,2,1,3,D110,47.778018,1.347392
202000018886,24,2,2020,11,1,37,37003,1,1,2,3,Pont Michel Debré,47.4269363,1.0103618