Num_Acc,jour,mois,an,hr,condition_eclairage,departement,commune,condition_agglomeration,intersection,condition_atmosphere,type_collision,adresse,lattitude,longitude
202000018887,23,2,2020,19,3,78,78548,1,1,2,7,D13,48.724511,1.988718
202000018888,20,2,2020,8,1,84,84092,2,2,1,1,1 Avenue du Maréchal de Lattre de Tassigny,43.961702,4.860019
202000018889,23,2,2020,17,1,83,83008,1,1,1,1,D47,43.517062,6.651878
202000018890,24,2,2020,8,1,73,73297,1,1,1,5,D1090,45.633996,6.329702
202000018891,23,2,2020,17,1,07,07018,1,1,1,7,RD 239,44.685764,4.022408
202000018892,24,2,2020,18,1,01,01262,2,1,7,6,Avenue des Platanes,45.8487202,5.059865
202000018893,24,2,2020,0,3,69,69019,1,1,1,2,RD 306,46.090317,4.729099
202000018894,21,2,2020,8,1,33,33519,2,3,1,3,AVE DE SOULAC / AVE DE LA CROIX,44.90531,-0.668975
202000018895,24,2,2020,10,1,72,72154,2,6,8,3,Boulevard du Québec,47.707188,-0.083444
202000018896,24,2,2020,2,3,76,76418,1,1,2,7,D40,49.546436,0.701933
202000018897,19,2,2020,11,1,60,60141,1,1,1,6,8 Rue de Paris,49.1937752,2.4654973
202000018898,23,2,2020,17,1,13,13106,1,1,1,4,A51-Sens Aix en Provence vers Marseille,43.405446,5.360278
202000018899,21,2,2020,19,3,13,13005,1,1,1,4,A501-Sens Pont de l'Etoile vers Aubagne,43.301683,5.566356
202000018900,21,2,2020,21,5,13,13055,1,1,1,7,A507 sens Aubagne- Marseille,43.327018,5.419946
202000018901,21,2,2020,17,1,13,13211,1,1,1,2,A50-Sens Aubagne vers Marseille,43.29348,5.4564
202000018902,22,2,2020,14,1,13,13055,1,1,1,4,A507 sens Marseille - Aubagne,43.3292211,5.4141676
202000018903,22,2,2020,6,3,13,13088,1,1,1,2,A55-Sens Marseille vers Martigues,43.3913,5.2503
202000018904,21,2,2020,17,1,13,13215,1,1,1,2,A7-Sens Marseille vers Lyon,43.3595,5.3622
202000018905,13,2,2020,7,1,69,69277,1,1,1,2,RN 346   ,45.74083,4.98631
202000018906,22,2,2020,15,1,67,67137,1,1,1,6,Route Départementale 1083,48.5058304,7.6955414
202000018907,23,2,2020,17,1,94,94034,1,1,1,2,AUTOROUTE A86,48.75974,2.32199
202000018908,23,2,2020,13,1,77,77251,1,1,1,6,AUTOROUTE A5A,48.6164841,2.559028
202000018909,22,2,2020,20,5,91,91161,2,9,1,6,CARREFOUR RN20 / CD120,48.71532,2.29822
202000018910,23,2,2020,19,3,94,94046,1,1,2,3,A86 EXT_,48.8085629,2.4490579
202000018911,23,2,2020,5,5,94,94017,1,1,1,2,A4,48.82889,2.50031
202000018912,22,2,2020,6,1,974,97407,2,3,1,6,CHERBOURG(RUE),-20.93889,55.29831
202000018913,22,2,2020,14,1,973,97302,2,1,1,1,MADELEINE (ROUTE DE LA),4.9212573,-52.3222173
202000018914,17,2,2020,17,1,973,97302,2,3,1,3,MONTABO (ROUTE DE) 1,4.94181,-52.30411
202000018915,21,2,2020,20,5,69,69202,2,3,1,1,COMMANDANT CHARCOT (DU)             (R ),45.7511902,4.8011434
202000018916,22,2,2020,9,1,69,69149,2,1,1,6,CAMILLE (DE LA)                     (R ),45.7135,4.802
202000018917,22,2,2020,18,5,2B,2B120,1,6,1,3,IMPERIALE (Route) D464 ,42.666,9.4394
202000018918,22,2,2020,0,3,2A,2A004,2,5,1,3,GEORGES POMPIDOU AVENUE,41.93386,8.75307
202000018919,22,2,2020,19,3,91,91421,1,1,1,2,NATIONALE 6 (GLACIERE),48.7124,2.44206
202000018920,22,2,2020,18,1,91,91434,2,2,1,3,ROGER SALENGRO (AVENUE),48.6578,2.3553
202000018921,21,2,2020,13,1,91,91326,2,1,1,6,COUR DE FRANCE (AVENUE DE LA),48.68905,2.37118
202000018922,22,2,2020,9,1,83,83069,2,6,1,3,APPEL DU 18 JUIN ( RD POINT DE L'),43.1065,6.1285
202000018923,21,2,2020,19,3,83,83069,1,1,1,1,NICE (ROUTE DE),43.13063,6.176206
202000018924,22,2,2020,14,1,82,82033,1,9,1,7,MONESTIE VC 6 (CHEMIN DE) ,44.05214,1.09192
202000018925,21,2,2020,23,5,79,79329,2,1,8,6,Rue de la Maison Sèche,46.97451,-0.18371
202000018926,22,2,2020,4,3,76,76217,1,1,1,7,BREAUTE (AVENUE DE )  ,49.911053,1.086348
202000018927,22,2,2020,11,1,71,71306,1,1,1,3,Quai Jules Chagot,46.6770295,4.3633177
202000018928,21,2,2020,20,3,69,69290,2,1,1,6,SAVOIE (DE)                         (R ),45.70617,4.98504
202000018929,22,2,2020,14,1,64,64102,2,2,1,3,PAULMY (AVENUE DES ALLEES),43.49118,-1.48147
202000018930,22,2,2020,15,1,56,56260,2,6,8,2,Rue Edgar Touffreau,47.66187,-2.79516
202000018931,22,2,2020,13,1,51,51454,2,2,1,3,Boulevard de la Paix,49.25144,4.04197
202000018932,22,2,2020,6,3,50,50502,2,1,8,6,NOUVELLE CANEE,49.09419,-1.09227
202000018933,22,2,2020,12,1,45,45285,2,9,1,6,Rue Gambetta,47.9069367,1.878613
202000018934,22,2,2020,20,5,35,35238,2,2,2,7,282 FOUGERES (RUE DE),48.12956,-1.64331
202000018935,22,2,2020,14,1,35,35051,1,1,8,6,RN 136 BEAULIEU (PORTE DE),48.10477,-1.6038
202000018936,23,2,2020,0,5,34,34172,2,4,1,1,Avenue des Apothicaires,43.6449746,3.8427854
202000018937,22,2,2020,14,1,34,34172,2,1,1,3,PENELOPE (BOULEVARD),43.60352,3.91324
202000018938,21,2,2020,18,5,33,33281,2,2,1,3,RUE FRANCISCO FERRER / RUE PROF TIMOTHEE PIECHAUD,44.8265,-0.61355
202000018939,22,2,2020,16,1,32,32013,2,2,1,3,ROUGET DE LISLE,43.64664,0.59175
202000018940,22,2,2020,18,1,29,29232,1,1,2,7,Boulevard de Poulguinan,47.9847444,-4.1132108
202000018941,22,2,2020,10,1,25,25204,1,6,1,3,R-N 57. giratoire des 4 chemins,46.92451,6.33681
202000018942,21,2,2020,13,1,18,18279,2,1,1,3,MOUTON (RUE DU ),47.23071,2.08892
202000018943,22,2,2020,15,1,17,17300,2,2,1,6,LOTI   AVENUE PIERRE,46.1622167,-1.1761836
202000018944,22,2,2020,15,1,13,13215,2,1,1,6,LYON (RUE DE),43.33422,5.36372
202000018945,22,2,2020,8,1,06,06088,2,3,1,6,STALINGRAD (BD DE),43.71,7.28
202000018946,22,2,2020,17,1,06,06027,2,3,7,2,PLAGE BOULEVARD DE LA,43.65276,7.15485
202000018947,21,2,2020,20,3,01,01289,1,1,1,1,LENT ( ROUTE DE ),46.16976,5.22649
202000018948,22,2,2020,17,1,75,75112,2,1,1,2,ECHANGEUR BERCY,48.828999,2.400134
202000018949,22,2,2020,0,5,75,75112,2,2,1,3,RUE CORIOLIS,48.837053,2.390031
202000018950,22,2,2020,17,1,75,75106,2,2,1,6,BOULEVARD SAINT MICHEL,48.851388,2.343167
202000018951,22,2,2020,17,5,75,75120,2,7,1,-1,AVENUE DE LA PORTE DES LILAS,48.877683,2.408265
202000018952,22,2,2020,1,5,75,75119,2,2,1,6,RUE DE BELLEVILLE,48.872853,2.379852
202000018953,21,2,2020,20,5,75,75118,2,7,1,6,BOULEVARD ORNANO,48.896005,2.345984
202000018954,22,2,2020,12,1,75,75117,2,5,1,6,BOULEVARD BESSIERES,48.897445,2.324278
202000018955,22,2,2020,1,5,75,75113,2,2,1,4,BOULEVARD VINCENT AURIOL,48.83621,2.371493
202000018956,22,2,2020,0,5,75,75112,2,1,1,2,QUAI DE BERCY,48.830919,2.385638
202000018957,22,2,2020,20,5,75,75108,2,1,1,3,AVENUE DE WAGRAM,48.876196,2.2968
202000018958,22,2,2020,16,1,75,75107,2,2,1,3,AVENUE DE LA MOTTE PICQUET,48.855959,2.308029
202000018959,22,2,2020,16,1,75,75103,2,3,1,3,BOULEVARD DE SEBASTOPOL,48.867034,2.352975
202000018960,22,2,2020,2,5,75,75103,2,2,1,-1,RUE DES FRANCS BOURGEOIS,48.857244,2.361766
202000018961,21,2,2020,12,1,75,75103,2,1,1,2,BOULEVARD SAINT MARTIN,48.868339,2.359695
202000018962,22,2,2020,1,5,93,93005,2,9,1,3,RTE DE MITRY,48.9494024,2.5196408
202000018963,22,2,2020,15,1,92,92072,2,3,1,2,LECLERC (AVENUE DE LA DIVISION),48.82457,2.22002
202000018964,22,2,2020,10,1,92,92050,2,2,1,3,SURESNES RUE DE,48.88392,2.21503
202000018965,22,2,2020,12,1,92,92020,2,3,1,6,EXUPERY AVENUE SAINT,48.8094553,2.2982638
202000018966,22,2,2020,13,5,92,92040,2,9,1,5,MARCEL SEMBAT,48.8147,2.26458
202000018967,22,2,2020,21,5,92,92062,2,1,1,2,DE DION BOUTON (QUAI) DU 29 AU 65,48.8869,2.25291
202000018968,22,2,2020,8,1,92,92024,2,2,8,7,GENERAL LECLERC (BD DU) (9 A 59)   (4 A,48.89997,2.318032
202000018969,22,2,2020,5,2,47,47044,1,1,1,7,68 les granges,44.669156,0.556526
202000018970,22,2,2020,12,1,62,62212,1,1,2,3,D134,50.350691,1.983494
202000018971,22,2,2020,14,1,22,22206,1,3,1,3,LD la dosse,48.551146,-2.981275
202000018972,21,2,2020,8,2,41,41189,1,1,1,6,37 Rue Nationale,47.464848,1.129028
202000018973,22,2,2020,3,5,972,97205,2,9,1,1,Lotissement la Batterie,14.645915,-61.13876
202000018974,22,2,2020,22,3,60,60395,1,1,1,1,D125,49.2494547,2.1550155
202000018975,22,2,2020,17,1,01,01339,2,3,1,2,Avenue des Hélvètes,45.946155,4.739082
202000018976,23,2,2020,5,3,29,29105,1,1,2,6,N12 - Croix des Maltotiers,48.510535,-4.098973
202000018977,21,2,2020,19,3,83,83017,2,1,1,6,Chemin Departemental 554,43.239935,6.004506
202000018978,22,2,2020,18,3,35,35197,1,1,2,7,Le Chemin Chaussé,48.23125,-1.595235
202000018979,21,2,2020,14,1,56,56140,1,3,1,1,Bodavel,47.896463,-2.839322
202000018980,23,2,2020,17,2,74,74168,1,1,1,7,D1508,46.009243,6.001368
202000018981,23,2,2020,13,1,71,71364,1,1,1,3,Route de Dijon,46.8176208,5.171615
202000018982,22,2,2020,15,1,71,71377,1,1,1,6,Route de Brancion,46.5552596,4.8288903
202000018983,22,2,2020,12,1,63,63231,1,2,1,3,ZI de Racine D2189,45.877685,3.626271
202000018984,22,2,2020,16,1,63,63173,1,1,1,3,Les Pradeaux (Col de montagne),45.526088,3.845266
202000018985,23,2,2020,14,1,47,47218,1,1,1,7,Lestalie,44.599925,0.312939
202000018986,23,2,2020,12,1,39,39156,1,1,1,1,,46.578926,5.755779
202000018987,23,2,2020,17,1,25,25228,2,1,1,6,22 Rue de Dampierre,47.507135,6.870114
202000018988,23,2,2020,10,1,44,44189,1,1,2,6,D33,47.438611,-2.170175
202000018989,22,2,2020,3,3,35,35248,1,3,1,6,RD 576 Sains,48.548362,-1.587675
202000018990,23,2,2020,7,4,29,29172,1,6,2,6,Lieu-dit Kerégat,48.167212,-4.267228
202000018991,21,2,2020,22,3,29,29173,1,6,1,1,Chemin de Kergaben,48.0115662,-4.1973791
202000018992,22,2,2020,18,3,02,02650,1,1,1,3,Rocquigny,50.0182901,3.9650361
202000018993,22,2,2020,17,1,58,58226,1,1,1,6,Le Jarnoy,47.342036,4.12498
202000018994,23,2,2020,17,2,05,05145,2,1,7,6,Route de Saint-jean,44.669935,6.220765
202000018995,23,2,2020,6,3,73,73084,1,1,1,6,D1006 - Chemin du Grand Pre,45.5155963,6.0055999
202000018996,23,2,2020,16,1,43,43162,1,1,1,6,D9 intersection STE REINE,45.2182164,4.0219918
202000018997,22,2,2020,19,3,53,53189,1,1,1,7,D271,48.493473,-0.520606
202000018998,22,2,2020,15,1,21,21272,1,2,7,3,D980 / D103F,47.426069,4.309301
202000018999,21,2,2020,15,1,85,85227,2,1,1,6,Rue de Saint Etienne des Loges,46.47276,-0.67103
202000019000,23,2,2020,3,3,85,85197,1,1,1,7,D763,46.874128,-1.394706
202000019001,23,2,2020,14,1,28,28236,1,1,2,5,4 Ozée,48.345087,0.872265
202000019002,21,2,2020,17,1,13,13051,2,3,1,5,Route de Saint-chamas,43.59009,5.114774
202000019003,15,2,2020,2,5,06,06088,1,4,1,1,"A8, PK 185.500, chaussée nord",43.669206,7.200186
202000019004,22,2,2020,12,1,27,27517,1,1,1,3,A13,49.118771,1.330569
202000019005,23,2,2020,15,1,988,98829,1,1,1,7,RP4 - Creek Jeanne et Marie,-21.714972,166.122165
202000019006,22,2,2020,6,2,971,97116,2,1,1,3,Bosredon,16.315686,-61.481611
202000019007,23,2,2020,10,1,91,91047,2,2,1,3,intersection D191-D831,48.488873,2.353928
202000019008,23,2,2020,20,3,55,55514,1,3,2,7,,48.7449648,5.0495911
202000019009,22,2,2020,17,1,69,69227,1,1,1,1,Route Departementale 34,45.6693422,4.5535327
202000019010,22,2,2020,16,1,69,69178,2,2,1,5,D489,45.7096636,4.4680963
202000019011,22,2,2020,13,1,64,64407,2,1,1,6,Route d'Ibusty,43.484524,-1.43591
202000019012,23,2,2020,12,1,14,14712,1,1,1,6,D37,49.1902726,-0.1952648
202000019013,22,2,2020,18,2,93,93010,1,1,1,2,AUTOROUTE A3,48.91473,2.47762
202000019014,21,2,2020,21,5,94,94018,1,1,1,2,A4,48.8183128,2.4105654
202000019015,20,2,2020,12,1,988,98818,2,1,1,2,RUE DU GENERAL SARRAIL,-22.27962,166.44476
202000019016,21,2,2020,13,1,974,97411,2,9,1,6,LECONTE DE LISLE (AVENUE),-20.89312,55.48432
202000019017,21,2,2020,12,1,69,69386,2,4,1,3,BELGES (DES)                        (BD),45.7733,4.8516
202000019018,20,2,2020,17,1,972,97209,2,2,1,3,NICOLAS GUILLEN (AVENUE),14.60628,-61.04832
202000019019,21,2,2020,16,1,2B,2B037,1,1,1,3,MARANA (ROUTE),42.37275,9.28145
202000019020,21,2,2020,11,1,971,97101,1,1,1,1,AEROPORT POLE CARAIBES,16.27177,-61.52449
202000019021,20,2,2020,19,5,91,91549,2,1,3,6,GABRIEL PERI (AVENUE),48.63333,2.33333
202000019022,20,2,2020,20,5,91,91223,2,6,1,3,VICTOIRE (ROND-POINT DE LA),48.43732,2.16318
202000019023,21,2,2020,11,1,91,91027,2,1,7,4,DUNANT (AVENUE HENRI),48.71302,2.39548
202000019024,20,2,2020,11,1,88,88413,2,3,1,3,Rue de la Prairie,48.28342,6.95292
202000019025,3,2,2020,20,3,88,88383,1,1,2,4,RN 66,48.02623,6.58761
202000019026,20,2,2020,16,1,84,84087,2,1,1,3,LORHO (AVENUE DU GENERAL RAYMOND),44.13288,4.82422
202000019027,14,2,2020,15,1,84,84007,1,1,1,7,MARSEILLE (Route)-MONTFAVET,43.9257,4.8474
202000019028,18,2,2020,13,1,84,84007,2,1,1,2,PIERRE SEMARD (avenue),43.95268,4.81643
202000019029,7,2,2020,12,1,84,84007,2,4,1,2,QUAI SAINT LAZARE (Bd du),43.95268,4.81643
202000019030,20,2,2020,10,1,83,83137,2,1,1,6,1ER BATAILLON DE CHOC (AVE DU),43.1303,5.90978
202000019031,21,2,2020,8,1,83,83129,2,9,1,1,BOUILIBAYE (CHE DE),43.09143,5.8371
202000019032,21,2,2020,17,2,78,78498,2,1,1,6,PAIN RUE AU,48.93039,2.0398
202000019033,6,2,2020,13,1,76,76319,1,1,1,6,RN 138,49.348503,1.020734
202000019034,19,2,2020,11,1,74,74218,1,1,1,1,THONON (AVENUE DE),46.3850428,6.5153813
202000019035,21,2,2020,5,4,69,69275,2,3,1,6,FRANKLIN ROOSEVELT                  (AV),45.7533587,4.9350484
202000019036,20,2,2020,18,2,69,69256,2,1,1,3,FRANKLIN ROOSEVELT                  (R ),45.7466252,4.9330761
202000019037,21,2,2020,12,1,67,67482,2,2,1,3,PIERRE MENDES FRANCE (AVENUE),48.59897,7.75279
202000019038,20,2,2020,18,1,66,66136,2,1,1,-1,BACCHUS ALLEE DE,42.68814,2.88619
202000019039,20,2,2020,13,1,66,66136,2,1,1,-1,SAINT-ROCH (CHEMIN DE),42.6881492,2.9091807
202000019040,7,2,2020,18,5,64,64348,2,1,1,6,JEAN MERMOZ,43.32283,-0.37945
202000019041,5,2,2020,16,1,64,64129,2,1,1,6,BAYONNE DE,43.30484,-0.4011
202000019042,21,2,2020,11,1,64,64024,2,6,1,3,BAYONNE (AVENUE DE),43.4817417,-1.5099217
202000019043,20,2,2020,18,3,63,63300,1,1,1,3,RD 2009,45.8983768,3.1370583
202000019044,21,2,2020,8,1,63,63113,2,3,1,3,REPUBLIQUE (AVENUE DE LA),45.78736,3.10583
202000019045,21,2,2020,12,1,63,63113,2,1,1,-1,TURGOT (PLACE),45.7848744,3.0996595
202000019046,20,2,2020,9,1,63,63113,1,6,1,-1,GARNIER (RUE CHARLES),45.79323,3.09578
202000019047,10,9,2020,14,1,69,69383,2,2,1,3,MARECHAL DE SAXE                    (AV),45.7626886,4.8451538
202000019048,10,9,2020,6,1,972,97209,1,3,1,3,PAUL NARDAL (AVENUE),14.61541,-61.072
202000019049,8,9,2020,18,5,972,97209,2,3,1,3,ENTRAIDE (ROUTE DE L'),14.62209,-61.05563
202000019050,7,9,2020,8,1,972,97209,2,9,1,3,GEORGES GRATIANT (AVENUE),14.61244,-61.04083
202000019051,8,9,2020,11,1,69,69385,2,2,1,6,DOCTEUR ALBERIC PONT (DU)           (R ),45.75419,4.79632
202000019052,9,9,2020,19,1,91,91433,1,9,1,7,R.D. 20,48.45813,2.17693
202000019053,9,9,2020,8,1,91,91103,2,1,1,7,REPUBLIQUE (BOULEVARD DE LA),48.60782,2.30597
202000019054,9,9,2020,9,1,87,87085,2,1,1,6,ARENES (RUE DES),45.82986,1.25308
202000019055,9,9,2020,16,1,78,78646,2,2,1,3,SAINT CLOUD (AVENUE DE),48.80489,2.13093
202000019056,10,9,2020,19,2,78,78126,1,9,1,3,VERSAILLES (ROUTE DE),48.8483,2.109
202000019057,22,8,2020,3,1,76,76245,2,9,1,6,GAMBETTA (AVENUE),49.5513839,1.0427356
202000019058,10,9,2020,0,5,76,76322,2,3,1,3,RAVEL. BOULEVARD MAURICE,49.40983,1.04718
202000019059,9,9,2020,17,1,74,74218,1,3,1,3,THONON (AVENUE DE),46.38658,6.51988
202000019060,9,9,2020,7,1,73,73065,2,2,1,3,LYON (AVENUE DE),45.56294,5.90818
202000019061,9,9,2020,17,1,72,72181,2,3,1,3,DEMORIEUX (BD) ENTRE HUISNE ET RD-POINT,47.9983,0.18869
202000019062,9,9,2020,13,1,71,71040,2,1,1,3,11 NOVEMBRE 1918 (RUE DU),46.6997416,4.3943142
202000019063,8,9,2020,7,1,71,71040,1,1,1,5,RN 70 (ROUTE EXPRESS),46.7005364,4.4081499
202000019064,10,9,2020,13,1,71,71153,2,1,1,6,CAVELL (RUE EDITH),46.7977311,4.4229418
202000019065,10,9,2020,19,1,71,71475,2,6,1,3,GIVRY (ROUTE DE ),46.7738595,4.8289165
202000019066,10,9,2020,15,1,69,69256,2,2,7,3,GARIBALDI                           (AV),45.76709,4.93269
202000019067,9,9,2020,18,1,67,67482,2,1,1,-1,SEBASTOPOL (RUE DE),48.586288,7.742966
202000019068,9,9,2020,16,1,66,66136,2,1,1,6,SAINT-ANDRE (DE),42.6854751,2.9070009
202000019069,9,9,2020,15,1,66,66136,2,1,1,3,BERNARD SABBAH (ROND-POINT),42.7338,2.88963
202000019070,10,9,2020,17,1,64,64348,2,1,1,4,SANTONA DE,43.321805,-0.395567
202000019071,10,9,2020,21,2,64,64140,2,1,1,5,GLIZE (RUE RAYMOND ET MARCEL),43.52783,-1.47434
202000019072,9,9,2020,16,1,63,63124,2,4,1,3,LE CORBUSIER (RUE),45.7337,3.18193
202000019073,8,9,2020,8,1,63,63193,1,4,1,5,RD 769,45.77332,3.21267
202000019074,9,9,2020,14,1,59,59178,2,1,1,-1,GRAND MARAIS (RUE DU),50.40162,3.13065
202000019075,8,9,2020,10,1,54,54431,1,2,1,3,RD 657 CHAMPEY,48.924095,6.065365
202000019076,10,9,2020,17,1,54,54395,2,1,1,2,PINCHARD (AVENUE OMBELLES A LIBE),48.6979,6.1429
202000019077,22,8,2020,23,5,54,54395,2,1,1,2,STANISLAS (RUE),48.6913662,6.1761744
202000019078,4,9,2020,8,1,54,54395,2,2,1,3,JARDINIERS (RUE DES,48.68893,6.19192
202000019079,9,9,2020,22,5,54,54395,2,1,1,6,SAINT GEORGES (RUE),48.6919554,6.1862777
202000019080,9,9,2020,6,2,54,54300,2,1,1,6,GALTIER (RUE LUCIEN),48.6617205,6.2218887
202000019081,10,9,2020,11,1,51,51454,2,1,1,7,Rue Saint Thierry,49.2700519,4.0151185
202000019082,9,9,2020,16,1,50,50165,2,1,1,1,EGLISE (RUE DE L'),48.85501,-1.56885
202000019083,10,9,2020,8,1,50,50129,1,4,1,2,AMIOT (BOULEVARD FELIX),49.64238,-1.61297
202000019084,7,9,2020,8,2,49,49007,2,1,7,3,TROIS PAROISSES CHEMIN,47.44106,-0.5512
202000019085,9,9,2020,18,1,49,49007,1,1,1,6,,47.4751116,-0.504752
202000019086,9,9,2020,20,2,49,49007,2,1,1,3,ESTIENNE D'ORVES BOULEVARD,47.45565,-0.5299
202000019087,8,9,2020,8,1,49,49007,2,1,1,3,auriol,47.49468,-0.56404
202000019088,7,9,2020,14,1,49,49007,1,1,1,6,EPINARD CHEMIN,47.50625,-0.56602
202000019089,7,9,2020,7,1,49,49007,2,1,1,7,Boulevard Robert d’Arbrissel,47.44469,-0.54987
202000019090,10,9,2020,7,1,45,45286,2,3,1,3,DOUFFIAGUES (AVENUE JACQUES),47.89175,1.93099
202000019091,10,9,2020,11,1,44,44162,2,1,1,6,Rue de Saint Nazaire,47.21134,-1.61157
202000019092,9,9,2020,12,1,38,38185,2,2,1,6,Boulevard Maréchal Foch,45.18029,5.71688
202000019093,10,9,2020,10,1,37,37261,2,1,1,4,CHEVALERIE (RUE DE LA),47.4146743,0.687257
202000019094,10,9,2020,8,1,35,35238,2,1,1,3,MANIEZ (AVENUE JULES),48.09849,-1.70364
202000019095,10,9,2020,15,1,34,34172,2,1,1,3,HUIT MAI 1945 (PLACE DU),43.6009095,3.8681102
202000019096,10,9,2020,19,1,33,33063,2,3,1,3,RUE STEHELIN CAUD ,44.85569,-0.62542
202000019097,10,9,2020,15,1,33,33192,2,2,1,2,RUE DE CANTARANNE / RTE DE PESSAC / RUE DE LA MAUGUETTE,44.78187,-0.62361
202000019098,10,9,2020,8,1,33,33063,2,2,1,-1,RUE BECK / RUE DES MARAICHERS,44.82116,-0.55013
202000019099,10,9,2020,7,2,31,31555,2,6,1,3,ROND POINT LALANDE,43.65235,1.42437
202000019100,9,9,2020,14,1,31,31069,1,1,2,4,FIL D'ARIANE (RD902),43.65658,1.3639
202000019101,9,9,2020,11,1,29,29232,1,1,1,2,N165 - Park Poullig,48.03495,-4.08202
202000019102,9,9,2020,7,1,28,28218,2,9,1,1,BEAUCE (RUE DE),48.4338,1.4576
202000019103,10,9,2020,14,1,25,25056,2,1,1,3,BELFORT,47.258696,6.044924
202000019104,8,9,2020,14,1,22,22360,2,1,1,7,SAUTET (RUE CLAUDE),48.4919176,-2.7584106
202000019105,10,9,2020,17,1,14,14333,2,3,1,3,VASES (RUE DES),49.4186334,0.2376274
202000019106,9,9,2020,13,1,13,13077,2,9,1,3,RN 568,43.42129,4.97762
202000019107,9,9,2020,10,1,13,13056,1,1,1,1,VOIE RAPIDE DE LA COTE BLEUE,43.345439,5.075484
202000019108,10,9,2020,9,1,13,13204,2,3,2,2,MARÉCHAL JUIN (BOULEVARD),43.309434,5.402891
202000019109,9,9,2020,9,1,13,13212,2,1,8,2,RAMPAL (AVENUE),43.3178988,5.4457641
202000019110,9,9,2020,10,1,06,06088,2,1,1,2,VOIE RAPIDE,43.693352,7.244876
202000019111,7,9,2020,11,1,05,05023,2,1,1,2,MOULIN (RUE JEAN),44.891067,6.629035
202000019112,10,9,2020,19,1,03,03185,2,2,1,3,Avenue Fournier Sarloveze,46.3279845,2.6059967
202000019113,9,9,2020,10,1,75,75119,2,1,1,4,BDE PERIPHERIQUE EXTERIEUR,48.900479,2.37528
202000019114,9,9,2020,8,1,75,75119,2,1,1,4,PORTE DE LA VILLETTE,48.900425,2.390207
202000019115,10,9,2020,16,1,75,75106,2,5,1,2,RUE VAVIN,48.843985,2.330615
202000019116,10,9,2020,20,1,75,75120,2,2,1,2,BOULEVARD DE CHARONNE,48.858405,2.39001
202000019117,10,9,2020,13,1,75,75120,2,3,1,3,BOULEVARD MORTIER,48.875968,2.407491
202000019118,8,9,2020,17,1,75,75119,2,2,1,3,RUE DE CRIMEE,48.895307,2.372094
202000019119,10,9,2020,8,1,75,75116,2,2,1,3,VOIE GEORGES POMPIDOU,48.855829,2.285487
202000019120,9,9,2020,20,5,75,75115,2,1,1,7,BOULEVARD GENERAL MARTIAL VALIN,48.837999,2.271647
202000019121,9,9,2020,19,2,75,75115,2,5,1,3,BOULEVARD LEFEBVRE,48.829737,2.295647
202000019122,10,9,2020,14,1,75,75114,2,2,1,7,RUE DES PLANTES,48.827596,2.320994
202000019123,5,9,2020,7,1,75,75114,2,1,1,6,BOULEVARD EDGAR QUINET,48.840888,2.326068
202000019124,9,9,2020,14,1,75,75114,2,4,1,7,AVENUE DU MAINE,48.834101,2.324353
202000019125,10,9,2020,18,1,75,75113,2,7,1,6,PLACE DE RUNGIS,48.822465,2.346471
202000019126,10,9,2020,13,1,75,75113,2,2,1,3,RUE DE PATAY,48.824408,2.376409
202000019127,10,9,2020,16,1,75,75112,2,1,1,6,COURS DE VINCENNES,48.847807,2.402461
202000019128,10,9,2020,16,1,75,75111,2,1,1,6,PASSAGE SAINT PIERRE AMELOT,48.862672,2.369874
202000019129,10,9,2020,19,2,75,75108,2,1,1,7,RUE DE VIENNE,48.877652,2.322314
202000019130,8,9,2020,22,5,75,75108,2,2,1,3,RUE D ARTOIS,48.873696,2.306522
202000019131,9,9,2020,22,5,75,75107,2,1,1,3,RUE DE SEVRES,48.851093,2.326334
202000019132,10,9,2020,23,5,75,75101,2,3,1,1,RUE DE RIVOLI,48.859339,2.34568
202000019133,10,9,2020,14,1,75,75102,2,2,1,6,RUE MARIE STUART,48.864962,2.348496
202000019134,10,9,2020,1,5,75,75102,2,5,1,2,RUE DE TURBIGO,48.863856,2.349052
202000019135,8,9,2020,8,1,94,94042,2,9,8,3,GENERAL GALLIENI (AV DU),48.820085,2.476883
202000019136,10,9,2020,11,1,94,94076,2,1,1,3,MAXIME GORKI (BD),48.78888,2.36794
202000019137,10,9,2020,6,5,94,94034,2,1,1,2,PASTEUR (BD),48.758026,2.316705
202000019138,10,9,2020,9,1,94,94075,2,1,1,2,MANDRES (R DE),48.713369,2.53793
202000019139,10,9,2020,12,1,93,93077,2,1,1,4,GRANDE RUE,48.8842128,2.5092572
202000019140,8,9,2020,14,1,93,93029,2,3,1,3,R SADI CARNOT / R RAYMOND LEFEVRE,48.92441,2.44292
202000019141,8,9,2020,7,2,93,93029,2,3,1,3,MARCEAU (AVENUE) N° 29-FIN,48.9303933,2.4308138
202000019142,10,9,2020,19,1,93,93013,2,1,1,5,ROLLAND (RUE DU CDT),48.93347,2.4429
202000019143,10,9,2020,13,1,93,93013,2,1,1,3,LECLERC (AVENU DE LA DIVISION),48.9344312,2.425308
202000019144,9,9,2020,15,1,93,93027,2,3,1,3,AV PAUL VAILLANT COUTURIER / R DE LA BUTTE,48.92959,2.42033
202000019145,10,9,2020,19,1,93,93001,2,1,1,6,AUVRY (RUE),48.902666,2.3905748
202000019146,10,9,2020,13,1,92,92078,2,1,1,3,CHARLES DE GAULLE (BD)(72 AU 308),48.94208,2.320645
202000019147,10,9,2020,11,1,92,92064,1,1,1,6,PARC SAINT CLOUD,48.8369453,2.2037103