Num_Acc,jour,mois,an,hr,condition_eclairage,departement,commune,condition_agglomeration,intersection,condition_atmosphere,type_collision,adresse,lattitude,longitude
202000019148,8,9,2020,13,1,92,92063,2,1,1,6,CORNEILLE (RUE),48.8707112,2.1955102
202000019149,4,9,2020,8,1,92,92062,2,3,1,2,WALLACE (BD RICHARD) DU 17 AU 91 ET DU 3,48.8798112,2.2399617
202000019150,10,9,2020,20,5,92,92040,2,1,1,7,JEAN-PIERRE TIMBAUD,48.819927,2.249788
202000019151,10,9,2020,10,1,92,92075,2,2,1,3,SALVADOR ALLENDE (RUE),48.82051,2.30396
202000019152,10,9,2020,8,1,92,92040,2,1,1,3,DOCTEUR LOMBARD (DU),48.81917,2.25138
202000019153,10,9,2020,22,5,92,92025,2,1,1,3,MARCEAU (BD),48.929987,2.262648
202000019154,10,9,2020,16,1,92,92024,2,1,1,2,CLICHY (QUAI DE) DE (104 A 202),48.9128827,2.313298
202000019155,10,9,2020,20,5,92,92023,2,8,1,3,GENERAL DE GAULLE (AVENUE DU) N°2 A 132,48.7835298,2.2469428
202000019156,9,9,2020,19,1,92,92023,2,1,1,3,GENERAL DE GAULLE (AV DU) N°130 A 340 ET,48.7820738,2.2433171
202000019157,11,9,2020,8,1,63,63345,1,1,7,6,D96,45.6847338,3.0547867
202000019158,25,8,2020,13,1,976,97610,1,1,1,5,Face à zone Vallée III - Longoni,-12.729799,45.180362
202000019159,11,9,2020,6,5,24,24294,2,4,1,1,Avenue André Malraux,45.014123,0.160992
202000019160,11,9,2020,10,1,62,62760,2,1,1,-1,8 Route Nationale,50.609525,2.10488
202000019161,11,9,2020,9,1,38,38157,2,1,7,6,Rue des Potiers,45.491605,4.94718
202000019162,11,9,2020,14,1,91,91390,1,3,1,3,Chemin des Vignes,48.317764,2.106889
202000019163,13,8,2020,8,1,2A,2A308,1,1,1,3,D268,41.6830358,9.0408018
202000019164,10,9,2020,18,1,42,42332,2,1,1,6,142 Route de Villemontais,46.019817,4.046417
202000019165,9,9,2020,16,1,68,68162,1,3,1,1,chemin communal du fechtweg,48.129013,7.3142709
202000019166,10,9,2020,18,1,67,67173,1,1,1,4,D31,48.627307,7.68432
202000019167,10,9,2020,17,1,01,01354,1,1,1,1,D35a,46.258264,6.037187
202000019168,11,9,2020,12,1,01,01033,1,1,1,1,D1084,46.151169,5.791367
202000019169,11,9,2020,15,1,59,59641,1,2,1,1,4574 Route de la Colme,50.988122,2.528095
202000019170,11,9,2020,9,1,44,44137,1,1,1,6,N171,47.358944,-2.044659
202000019171,11,9,2020,9,1,27,27011,1,2,1,3,D81,49.218848,0.934034
202000019172,6,8,2020,14,1,51,51076,1,1,1,2,Hameau Point du Jour,49.0632615,3.8577633
202000019173,10,9,2020,7,2,56,56172,2,1,1,6,11 Rue des Martyrs de la Resistance,47.837944,-2.641912
202000019174,31,8,2020,10,1,56,56137,1,3,1,3,Lieu Dit Guernevé,47.745932,-2.691886
202000019175,4,9,2020,17,1,74,74051,1,1,1,7,route de frangy D2,46.023206,6.035936
202000019176,10,9,2020,17,1,42,42218,2,2,1,3,Rue du Général Leclerc,45.4314,4.3886378
202000019177,10,9,2020,23,3,79,79242,1,1,1,6,La Petite Roulière,46.912692,-0.49741
202000019178,9,9,2020,17,1,80,80199,2,2,1,5,D938,49.958376,2.888228
202000019179,11,9,2020,15,1,80,80566,1,1,1,1,D49,50.0907,2.237837
202000019180,10,9,2020,10,1,80,80800,1,2,1,3,D29,49.856914,1.854056
202000019181,10,9,2020,17,1,65,65373,1,9,1,7,D10,43.307989,0.456533
202000019182,10,9,2020,18,2,81,81064,1,1,1,2,Cante Merle,43.957279,1.858159
202000019183,11,9,2020,9,1,32,32027,2,2,1,3,Chemin de junca,43.699945,-0.232915
202000019184,11,9,2020,9,1,11,11043,1,1,1,1,D101,43.21789,2.439072
202000019185,3,9,2020,16,1,61,61081,2,2,1,2,La Benardiere,48.648891,0.191302
202000019186,3,9,2020,15,1,55,55398,1,2,1,6,RD 36 - PK 12 + 0100,48.683697,5.72421
202000019187,10,9,2020,22,3,49,49180,1,1,1,2,RD347,47.365273,-0.093616
202000019188,11,9,2020,14,1,42,42011,2,2,1,3,2 Rue du 8 Mai,45.8176603,4.1851057
202000019189,11,9,2020,18,1,42,42006,1,1,1,6,Route de Tiranges,45.3746398,3.9957714
202000019190,8,9,2020,14,1,22,22212,1,3,1,3,Keranguere,48.658074,-3.195863
202000019191,10,9,2020,18,1,22,22055,1,4,1,7,La Ville Marqué Etables,48.6203755,-2.8406317
202000019192,9,9,2020,13,1,44,44087,1,3,1,5,RD 95,46.975026,-1.808174
202000019193,10,9,2020,19,1,31,31224,1,1,1,2,Avenue de Luchon,43.063773,0.588546
202000019194,11,9,2020,21,3,31,31232,2,1,1,2,Avenue de Guiraudis,43.770311,1.283716
202000019195,9,9,2020,7,2,02,02668,2,9,1,7,Rue de la Gare,49.830495,3.698391
202000019196,10,9,2020,17,1,02,02012,1,1,7,3,Départementale 6,49.321458,3.428249
202000019197,27,8,2020,16,1,01,01266,2,3,1,3,46 Grande Rue,46.338485,5.128058
202000019198,9,9,2020,14,1,01,01266,2,3,1,3,Grande Rue,46.338492,5.128035
202000019199,11,9,2020,8,1,50,50615,2,1,1,1,3 Avenue du Quesnay,49.500037,-1.470535
202000019200,10,9,2020,11,1,31,31112,1,1,1,2,Ancienne Ligne de Chemin de Fer Boussens - Saint-Girons,43.042006,0.991532
202000019201,11,9,2020,11,1,64,64436,2,1,1,3,Route Departementale 918,43.23301,-1.298771
202000019202,8,9,2020,22,3,64,64190,1,1,1,7,D834,43.512005,-0.313261
202000019203,11,9,2020,17,1,64,64488,1,2,1,3,1 Route de Lourdes,43.39508,-0.210828
202000019204,11,9,2020,12,1,73,73151,2,2,1,2,Chemin de Blardet,45.4956275,5.9903439
202000019205,6,9,2020,17,1,43,43267,1,1,1,7,Lieu dit Chamboulive,45.199367,3.9612579
202000019206,11,9,2020,7,2,16,16028,1,1,1,2,Lieu dit Trop vendu,45.466,-0.182653
202000019207,11,9,2020,18,1,07,07338,1,1,1,6,D21,44.890366,4.6609484
202000019208,5,8,2020,22,5,07,07031,2,6,1,6,Quartier Chagnac,44.374791,4.19545
202000019209,10,9,2020,21,2,40,40110,1,1,1,1,D11,43.630982,-0.363149
202000019210,10,9,2020,16,1,24,24120,1,2,1,1,D5,45.277871,1.105585
202000019211,11,9,2020,11,1,04,04139,1,3,1,3,RD 946 / Basarique,44.1691828,5.8379727
202000019212,5,9,2020,11,1,27,27284,2,2,1,3,rue François Cadennes,49.278154,1.785241
202000019213,9,9,2020,13,1,48,48189,1,1,3,7,D50,44.611391,3.423926
202000019214,28,8,2020,22,3,04,04128,1,3,1,1,RD 907 / RD 956,43.843856,5.688236
202000019215,10,9,2020,19,3,38,38454,1,1,1,6,A49,45.15986,5.36248
202000019216,14,8,2020,14,1,978,97801,1,1,1,3,RN7 - La Savane,18.077963,-63.029051
202000019217,11,9,2020,14,1,42,42243,1,1,1,6,A89,45.8610266,3.9935162
202000019218,9,9,2020,19,3,973,97306,1,1,1,3,D9,5.65216,-53.839574
202000019219,11,9,2020,16,1,33,33199,2,2,1,3,54 Rue Jules Barat / 74 Rue Edmond Daubric,44.640926,-1.064011
202000019220,11,9,2020,8,1,37,37131,2,3,1,6,rue du 8 mai 1945,47.4575942,1.0415565
202000019221,7,9,2020,18,1,91,91315,1,1,1,1,CD 31,48.519674,2.35498
202000019222,10,9,2020,21,3,30,30051,1,1,1,7,D361,44.227396,4.000461
202000019223,10,9,2020,1,5,06,06011,2,1,9,1,Avenue Fernand Dunan,43.703864,7.330906
202000019224,11,9,2020,8,1,13,13076,2,3,1,1,Avenue des Vergers,43.820417,5.014518
202000019225,11,9,2020,8,1,71,71176,2,1,1,6,Rue Louis Queroy,46.476884,3.9917215
202000019226,11,9,2020,18,1,54,54262,1,1,1,-1,Route d'Hoeville,48.70821,6.42889
202000019227,11,9,2020,0,3,57,57415,1,1,1,6,3 Route de Woippy,49.141706,6.107009
202000019228,10,9,2020,17,1,03,03286,1,1,1,7,,46.4874818,3.345428
202000019229,11,9,2020,13,1,74,74220,1,1,1,5,Route d'Annemasse,46.148038,6.261327
202000019230,9,9,2020,16,1,38,38445,1,1,8,6,D113,45.039794,5.782902
202000019231,11,9,2020,16,1,38,38170,2,1,1,1,Route de Lyon,45.248531,5.666574
202000019232,16,8,2020,15,1,26,26116,1,1,1,4,Route Nationale 7,44.453603,4.750278
202000019233,10,9,2020,17,1,01,01262,1,2,1,2,D38,45.865983,4.999927
202000019234,10,9,2020,12,1,81,81038,1,1,1,1,D13,43.895349,1.961124
202000019235,9,9,2020,6,3,33,33392,1,1,1,6,D10,44.584488,-0.26894
202000019236,10,9,2020,21,3,49,49301,1,3,1,3,La Grenouille,47.022365,-1.046966
202000019237,11,9,2020,9,1,50,50531,1,1,1,7,Le Moulin Leveque (Saint-Ovin),48.663435,-1.248204
202000019238,10,9,2020,14,1,14,14720,1,1,1,7,RD43,48.943126,-0.290794
202000019239,16,8,2020,17,1,29,29042,1,1,1,7,Kernaléguen Tréflez Ouest,48.219111,-4.545218
202000019240,10,6,2020,13,1,972,97209,2,1,1,2,RD 41 (ROCADE),14.61157,-61.07936
202000019241,11,6,2020,1,5,95,95582,2,1,2,3,BEL-AIR (BOULEVARD DU),48.983342,2.24294
202000019242,10,6,2020,18,1,91,91477,2,2,1,3,PREMIER MAI (AVENUE DU),48.71364,2.25774
202000019243,11,6,2020,9,1,91,91477,2,1,1,6,DOUMER (RUE PAUL),48.723718,2.248899
202000019244,11,6,2020,15,1,91,91514,2,1,1,3,BOISSY (RUE DE),48.675511,2.535829
202000019245,9,6,2020,16,1,87,87085,1,6,1,6,SCHUMAN (BOULEVARD ROBERT),45.8686,1.2781
202000019246,10,6,2020,18,1,83,83144,1,1,1,3,RN 97,43.143213,6.010074
202000019247,11,6,2020,14,1,81,81163,2,1,1,3,SABATIE (CHARLES),43.4979,2.37377
202000019248,10,6,2020,10,1,80,80021,1,1,1,3,CHATEAUDUN (BOULEVARD DE),49.88401,2.28239
202000019249,11,6,2020,17,1,77,77330,2,3,1,6,VERDIER GASTON (RUE),48.9445,2.88202
202000019250,9,6,2020,17,1,74,74118,1,1,2,3,REIGNIER (ROUTE DE),46.1751923,6.2362166
202000019251,11,6,2020,11,1,74,74010,2,2,1,3,SOMMEILLER,45.9027,6.1281
202000019252,11,6,2020,20,2,69,69266,2,1,2,2,LEON BLUM      (Rue),45.7606,4.9051
202000019253,7,6,2020,19,1,69,69264,2,1,1,6,FERRY JULES  R,45.9818,4.73487
202000019254,9,6,2020,14,1,66,66136,2,1,1,4,Départementale  617,42.69953,2.93444
202000019255,25,5,2020,13,1,66,66136,2,1,1,1,GEORGES CAUSTIER ( AVENUE),42.69336,2.85966
202000019256,11,6,2020,18,1,65,65440,2,1,2,2,DEBUSSY (BOULEVARD CLAUDE),43.220097,0.065787
202000019257,3,6,2020,9,1,59,59560,2,3,1,6,BOUVRY ROGER RUE,50.54765,3.02765
202000019258,5,6,2020,14,1,59,59390,1,1,1,6,MONCHECOURT (ROUTE DE),50.33339,3.20502
202000019259,7,6,2020,21,1,57,57672,2,1,1,3,OCEANIE (CHAUSSEE D'),49.36647,6.15404
202000019260,4,6,2020,9,1,57,57240,2,1,3,3,NATIONALE (RUE),49.151,6.834
202000019261,10,6,2020,17,1,52,52121,2,2,1,3,CHAMARANDES (RUE DE),48.09512,5.15093
202000019262,11,6,2020,17,1,51,51454,2,1,1,1,Boulevard de la Paix,49.2526573,4.0413992
202000019263,11,6,2020,5,2,50,50129,2,2,8,3,Robert LECOUVEY,49.63029,-1.60005
202000019264,8,6,2020,21,1,50,50129,2,2,1,-1,TANNERIES (RUE DES),49.63241,-1.62348
202000019265,11,6,2020,8,1,45,45169,1,1,1,7,RUE DE L'AZONE,47.899971,1.8091598
202000019266,11,6,2020,14,1,42,42187,2,2,1,-1,Rue du General Giraud,46.03251,4.05977
202000019267,11,6,2020,11,1,38,38185,2,1,1,6,Rue de Stalingrad,45.17612,5.72603
202000019268,11,6,2020,16,1,37,37261,2,6,2,-1,MULHEIM (ROND-POINT DE),47.42225,0.67975
202000019269,11,6,2020,17,1,35,35238,1,1,2,6,PORTE D'ANGERS,48.08548,-1.63882
202000019270,11,6,2020,13,1,35,35238,2,1,2,6,PRE PERCHE (DU),48.10683,-1.68104
202000019271,11,6,2020,10,1,35,35238,2,1,3,2,PAYS-BAS (AVENUE DES),48.08466,-1.66083
202000019272,10,6,2020,17,1,34,34172,2,2,1,3,RABELAIS (BOULEVARD),43.60115,3.88162
202000019273,11,6,2020,8,1,33,33013,1,4,2,6,N89 / BRETELLE DE SORTIE N°2,44.8681548,-0.4724721
202000019274,6,6,2020,21,1,33,33529,2,1,1,6,Boulevard de l'Industrie,44.61317,-1.12811
202000019275,10,6,2020,15,1,31,31555,2,6,1,4,RD POINT JEAN BEGUE,43.6172,1.40812
202000019276,10,6,2020,18,1,29,29019,2,2,1,3,Rue du Guelmeur,48.39287,-4.46209
202000019277,9,6,2020,20,1,29,29019,2,6,1,3,Rue du Carpon,48.390003,-4.5036718
202000019278,11,6,2020,9,1,25,25462,2,1,8,3,BESANCON (DU 72TER A LA FIN),46.91799,6.34386
202000019279,8,6,2020,17,1,22,22278,2,1,1,5,RN12,48.5232933,-2.750055
202000019280,10,6,2020,23,5,21,21231,2,6,1,3,DAVOUT (RUE),47.32204,5.05166
202000019281,10,6,2020,17,1,17,17300,2,3,8,7,DELMAS   BOULEVARD EMILE,46.1613,-1.20736
202000019282,10,6,2020,16,1,13,13106,2,1,1,4,BEDOULE (CHEMIN DE LA),43.39209,5.35182
202000019283,11,6,2020,20,2,13,13210,2,1,1,3,MAURIAC (RUE),43.272443,5.421092
202000019284,11,6,2020,10,1,13,13202,2,2,1,-1,PARIS (BOULEVARD DE),43.313775,5.368059
202000019285,10,6,2020,11,1,13,13214,2,9,1,2,ARNAVON (AVENUE),43.330054,5.387666
202000019286,10,6,2020,15,1,13,13209,2,1,1,5,CABOT (BOULEVARD),43.25897,5.417
202000019287,9,6,2020,16,1,13,13004,2,1,1,3,RTE DES SAINTES MARIES,43.67826,4.60747
202000019288,11,6,2020,20,2,06,06088,2,2,1,6,CARNOT (BD),43.69825,7.2871
202000019289,10,6,2020,1,5,06,06088,2,1,2,6,ANGLAIS (DU N° 114 AU N° 263),43.665408,7.2034694
202000019290,9,6,2020,18,1,75,75113,2,4,1,4,BOULEVARD PERIPHERIQUE,48.826635,2.388995
202000019291,9,6,2020,16,1,75,75116,2,1,1,2,PORT D AUTEUIL,48.852422,2.252586
202000019292,10,6,2020,20,1,75,75118,2,3,1,6,RUE ORDENER,48.890245,2.359917
202000019293,11,6,2020,12,1,75,75105,2,4,1,6,BOULEVARD DE L HOPITAL,48.843184,2.36416
202000019294,11,6,2020,17,1,75,75120,2,3,1,3,RUE DE LA MARE,48.873785,2.388318
202000019295,11,6,2020,17,1,75,75117,2,3,1,7,AVENUE DE CLICHY,48.891866,2.317883
202000019296,11,6,2020,21,2,75,75113,2,2,2,3,BOULEVARD DU GENERAL JEAN SIMON,48.827228,2.385704
202000019297,11,6,2020,10,1,75,75113,2,1,1,6,RUE DU CHEVALERET,48.827954,2.376832
202000019298,10,6,2020,21,2,75,75110,2,1,1,3,QUAI DE VALMY,48.869274,2.366573
202000019299,11,6,2020,20,1,75,75108,2,2,1,3,RUE D AMSTERDAM,48.879654,2.327012
202000019300,10,6,2020,20,1,75,75101,2,2,1,3,RUE SAINT HONORE,48.863816,2.334245
202000019301,10,6,2020,7,1,94,94081,2,1,1,1,PAUL VAILLANT COUTURIER (AV),48.79351,2.39598
202000019302,11,6,2020,5,2,94,94068,2,3,1,3,FOCH (AV),48.804177,2.48687
202000019303,9,6,2020,17,1,94,94068,2,2,1,2,MAURICE BERTEAUX (BD),48.811056,2.469428
202000019304,11,6,2020,12,1,94,94038,2,1,1,7,GENERAL DE GAULLE (AV DU),48.782235,2.342581
202000019305,10,6,2020,2,5,94,94054,2,1,1,6,BAS MARIN (R DU),48.74649,2.38302
202000019306,11,6,2020,18,1,94,94079,2,1,1,2,PARIS (R DE),48.82985,2.55748
202000019307,11,6,2020,9,1,94,94017,2,1,1,7,BERNAU (R DE),48.81715,2.52381
202000019308,11,6,2020,7,1,94,94017,2,1,1,3,STALINGRAD (BD DE),48.82159,2.49921
202000019309,11,6,2020,7,2,93,93048,2,2,1,3,CAILLOTS (RUE DES),48.864888,2.439486
202000019310,21,7,2020,22,5,93,93032,2,3,1,3,ALL DE MONTFERMEIL / ALL LAGUILHONIE,48.8993,2.53958
202000019311,10,6,2020,19,1,92,92063,2,3,1,3,DIX-HUIT JUIN 1940 (AVENUE DU) EST,48.8676909,2.1964312
202000019312,10,6,2020,17,1,92,92036,2,1,1,7,JEAN JAURES (RUE) (2),48.930018,2.29506
202000019313,11,6,2020,1,5,92,92023,2,1,1,7,CLAUDE TREBIGNAUD (AVENUE) BOIS S103,48.7884307,2.2530106
202000019314,3,6,2020,18,1,22,22050,2,1,1,-1,10 Residence les Jardins de l'Echapt,48.440519,-2.04807
202000019315,9,6,2020,18,1,17,17183,1,2,1,3,RD 114,45.604836,-0.810413
202000019316,11,6,2020,20,1,68,68146,2,3,1,1,Rue du Cimetière,48.127964,7.378394
202000019317,11,6,2020,18,1,84,84028,2,2,1,3,Chemin de la Gayere,44.227335,4.93681
202000019318,10,6,2020,19,1,57,57428,2,3,1,6,34 Rue du Stade,49.096927,6.751646
202000019319,11,6,2020,15,1,67,67437,1,1,1,4,D1004,48.747007,7.344532
202000019320,11,6,2020,22,5,83,83070,2,1,1,6,7 Quai Baptistin Pins,43.137414,6.374484
202000019321,13,6,2020,9,1,34,34270,1,1,2,1,D132e2,43.588149,3.825249
202000019322,12,6,2020,5,3,80,80622,1,4,1,6,D121,49.924248,2.139931
202000019323,12,6,2020,13,1,80,80443,1,2,3,3,D211,49.851747,1.914078
202000019324,12,6,2020,8,1,69,69033,1,1,2,1,D1,45.860665,4.88173
202000019325,11,6,2020,18,1,63,63055,1,1,2,3,D941 - Pk 24,45.834625,2.842817
202000019326,11,6,2020,22,4,42,42302,2,1,1,6,Rue de la Longeagne,45.4868246,4.4491189
202000019327,12,6,2020,17,1,41,41231,1,1,8,6,D63 PK 51+190,47.512853,1.857591
202000019328,8,6,2020,15,1,86,86083,1,1,1,7,Route Nationale,46.469123,0.16487
202000019329,11,6,2020,12,1,86,86293,1,1,2,1,D4,46.387675,0.286369
202000019330,12,6,2020,7,1,68,68120,2,2,7,3,Rue de Hégenheim,47.540078,7.496581
202000019331,10,6,2020,16,1,44,44139,1,1,2,1,La Garenne,47.468392,-1.956962
202000019332,12,6,2020,19,1,38,38457,2,2,1,3,Grande Rue,45.32931,5.26653
202000019333,11,6,2020,12,1,03,03025,1,1,1,3,Les Simonins,46.4443605,3.4117484
202000019334,12,6,2020,4,3,72,72039,1,1,2,6,Le Petit Parc,48.172937,0.471272
202000019335,11,6,2020,21,2,14,14020,2,1,2,6,Rue Val Es Dunes,49.120582,-0.168507
202000019336,11,6,2020,22,5,88,88520,2,1,1,2,Le Village,48.033445,6.293473
202000019337,11,6,2020,21,3,77,77279,1,1,3,7,Autoroute A5 PK 038.900 sens Province vers Paris,48.3769953,3.0190006
202000019338,10,6,2020,8,1,13,13109,1,1,1,2,A8,43.510444,5.497465
202000019339,11,6,2020,18,1,21,21001,1,1,1,6,A31,47.129447,4.971796
202000019340,11,6,2020,15,1,971,97128,1,1,1,7,N Route Nationale 4,16.234258,-61.370959
202000019341,11,6,2020,19,1,77,77238,1,2,2,-1,D402,48.868692,3.091739
202000019342,24,5,2020,10,1,91,91338,1,2,1,3,Rue d'Orsay,48.661674,2.092639
202000019343,11,6,2020,18,1,83,83107,1,1,1,-1,Route Nd7,43.421635,6.680846
202000019344,11,6,2020,17,1,06,06122,2,1,1,3,361 Route de la Baronne,43.744572,7.177103
202000019345,12,6,2020,12,1,05,05065,1,1,1,1,D902,44.637468,6.66574
202000019346,12,6,2020,14,1,71,71150,2,1,1,2,Rue du Stade,46.2414617,4.7850385
202000019347,12,6,2020,12,1,03,03008,1,2,3,3,Barnaudière,46.0341013,3.5613406
202000019348,12,6,2020,16,1,47,47326,1,3,1,3,D933,44.501544,0.244387
202000019349,3,6,2020,20,2,47,47157,2,1,1,3,Avenue de Lattre de Tassigny,44.501635,0.170655
202000019350,11,6,2020,7,2,44,44052,1,3,3,1,D4,47.3502,-2.102327
202000019351,12,6,2020,19,1,60,60439,2,1,1,6,Rue André Briot,49.3122541,2.317522
202000019352,12,6,2020,14,1,60,60639,1,1,2,7,Rue de Rieux,49.469337,2.101758
202000019353,11,6,2020,15,1,94,94038,1,1,1,4,AUTOROUTE A6A,48.77846,2.34654
202000019354,11,6,2020,8,1,91,91589,1,1,1,4,AUTOROUTE A6,48.6794,2.3338
202000019355,10,6,2020,23,3,78,78208,1,1,2,7,N12W,48.79946,1.98544
202000019356,11,6,2020,20,1,92,92036,1,1,1,-1,AUTOROUTE A15,48.94589,2.28323
202000019357,10,6,2020,18,1,93,93008,1,1,1,3,AUTOROUTE A86,48.90831,2.45079
202000019358,10,6,2020,19,1,92,92078,1,1,1,7,AUTOROUTE A86,48.93741,2.31712
202000019359,10,6,2020,15,1,93,93006,1,1,1,2,AUTOROUTE A3,48.8686,2.42849
202000019360,10,6,2020,15,1,93,93008,1,1,1,3,AUTOROUTE A86,48.914,2.43319
202000019361,10,6,2020,7,1,95,95572,1,1,1,2,RN 184,49.03794,2.12329
202000019362,9,6,2020,19,1,92,92036,1,1,1,2,AUTOROUTE A86,48.93792,2.31476
202000019363,9,6,2020,13,1,93,93066,1,1,1,4,AUTOROUTE A1,48.91486,2.35793
202000019364,11,6,2020,18,1,77,77373,1,1,1,7,RN104,48.7659278,2.6141926
202000019365,11,6,2020,14,1,77,77373,1,1,1,2,RN104,48.7848329,2.6169011
202000019366,11,6,2020,13,1,94,94073,1,1,1,6,A86 EXT,48.7709,2.3875
202000019367,6,6,2020,12,1,77,77258,1,1,1,3,A4.W,48.8322146,2.6519244
202000019368,4,2,2020,7,5,91,91471,2,1,1,6,GARE RER ORSAY VILLE,48.69734,2.18187
202000019369,11,6,2020,8,1,988,98818,2,3,1,3,VE1/AVENUE BONAPARTE,-22.24202,166.4573
202000019370,10,6,2020,15,1,974,97416,1,2,1,3,Allée des Cèdres,-21.306904,55.424679
202000019371,9,6,2020,10,1,974,97416,1,1,1,3,RN1,-21.32633,55.44904
202000019372,9,6,2020,10,1,974,97409,2,1,1,3,MASCAREIGNES (Avenue des),-20.9408,55.6473
202000019373,10,6,2020,9,1,973,97302,2,1,1,-1,REPUBLIQUE (BD DE LA),4.9384511,-52.3211002
202000019374,9,6,2020,11,1,973,97302,2,1,1,3,MADELEINE (ROUTE DE LA),4.9145,-52.3209
202000019375,10,6,2020,17,1,69,69388,2,2,8,3,VIVIANI                             (AV),45.7244084,4.8716574
202000019376,10,6,2020,14,1,69,69386,2,2,1,3,FRANKLIN ROOSEVELT                  (CO),45.7691694,4.848986
202000019377,10,6,2020,15,1,972,97213,1,1,2,4,AUTOROUTE A1,14.615,-61.013
202000019378,10,6,2020,21,5,69,69384,2,1,1,6,BARODET                             (R ),45.77763,4.8265
202000019379,9,6,2020,17,1,91,91103,2,1,1,6,PRES D'AULNAY (RUE DES),48.60754,2.27286
202000019380,9,6,2020,17,1,87,87085,2,1,1,2,ANGUERNAUD (RUE D'),45.87262,1.3013
202000019381,9,6,2020,23,3,77,77487,1,1,1,6,D605,48.53792,2.69255
202000019382,9,6,2020,7,1,76,76231,2,1,1,3,RD 840 (RUE DU NEUBOURG),49.28321,1.00824
202000019383,10,6,2020,2,5,76,76540,2,2,1,3,RICARD. RUE LOUIS,49.448539,1.0997066
202000019384,9,6,2020,16,1,76,76351,2,2,1,6,RAYMOND GUENOT,49.4942,0.1037
202000019385,9,6,2020,17,1,71,71040,1,1,1,2,Rue Joseph Lambert,46.6965201,4.3910704
202000019386,6,6,2020,19,1,69,69275,2,1,1,3,EDOUARD HERRIOT                     (AV),45.77461,4.96435
202000019387,9,6,2020,18,1,67,67482,2,3,2,5,PIERRE CORNEILLE (AVENUE),48.58923,7.70257
202000019388,6,6,2020,11,1,64,64122,2,1,8,7,SABAOU (AVENUE DU),43.4740444,-1.5442604
202000019389,9,6,2020,15,1,64,64024,2,1,1,2,ADOUR (AVENUE DE L'),43.52366,-1.50407
202000019390,13,5,2020,16,1,62,62510,2,6,1,2,MITTERAND (AV FRANCOIS),50.427591,2.788285
202000019391,9,6,2020,20,1,62,62401,2,2,1,3,MARTYRS ( RUE DES ),50.50625,2.80097
202000019392,9,6,2020,16,1,56,56121,2,1,1,3,THOREZ (RUE  MAURICE ),47.74014,-3.39343
202000019393,9,6,2020,18,1,54,54526,2,1,1,2,MILLENAIRE (BOULEVARD DU),48.6807009,6.2139176
202000019394,10,6,2020,8,1,52,52448,1,1,8,4,RN4,48.62552,4.93545
202000019395,10,6,2020,18,1,51,51454,2,1,1,3,Rue Joliot Curie,49.2230997,4.0140899
202000019396,9,6,2020,20,1,49,49007,2,1,1,7,AYRAULT,47.47514,-0.5499
202000019397,9,6,2020,10,1,49,49007,2,1,1,6,JEAN XXIII AVENUE,47.44899,-0.56468
202000019398,9,6,2020,9,1,49,49007,2,1,1,7,LAITERIE IMPASSE ET PLACE,47.47513,-0.56229
202000019399,10,6,2020,8,1,45,45004,2,3,1,2,Rue de Mormant - rue des pinsons,47.9617939,2.7620579
202000019400,2,6,2020,10,1,43,43157,2,1,1,6,60 Avenue Marechal Foch,45.0377,3.8878
202000019401,28,5,2020,15,1,43,43157,2,1,1,2,9 Boulevard Docteur Chantemesse,45.0483,3.8778
202000019402,28,2,2020,16,1,42,42330,2,1,1,4,D201,45.477195,4.346472
202000019403,10,6,2020,20,1,35,35278,1,1,2,6,PORTE DE BEAUREGARD,48.1425,-1.699
202000019404,10,6,2020,17,1,35,35238,2,2,2,3,CLEMENCEAU (52 BD GEORGES),48.094488,-1.6856069
202000019405,10,6,2020,15,1,35,35206,1,9,2,2,RN 136 PORTE DE BREQUIGNY,48.0788658,-1.6926348
202000019406,10,6,2020,17,1,33,33529,2,3,2,1,VULCAIN (401 RUE),44.61435,-1.12165
202000019407,9,6,2020,17,1,31,31069,2,1,2,6,BD DE L'EUROPE,43.653,1.37442
202000019408,9,6,2020,20,1,30,30189,2,1,1,6,SAUVE (ROUTE),43.83726,4.33006
202000019409,9,6,2020,16,1,30,30189,2,3,1,7,MENDES FRANCE PIERRE (AVENUE),43.814325,4.39661
202000019410,10,6,2020,13,1,29,29019,2,2,1,2,Boulevard Léon Blum,48.40738,-4.48507
202000019411,5,6,2020,7,1,22,22106,2,1,1,3,BRETAGNE (RUE DE),48.4905915,-2.7169168
202000019412,10,6,2020,21,3,17,17306,1,1,1,7,RD 25,45.6358418,-1.0159457
202000019413,10,6,2020,14,1,15,15012,2,1,1,7,MILHAUD (AVENUE),44.901596,2.458662
202000019414,10,6,2020,14,1,13,13203,2,4,1,6,CAMILLE PELLETAN (AVENUE),43.307732,5.373882
202000019415,10,6,2020,2,3,13,13213,2,1,1,2,JEAN PAUL SARTRE (AVENUE),43.32227,5.41822
202000019416,10,6,2020,4,5,13,13210,2,1,1,5,CAPELETTE (AVENUE DE LA),43.280891,5.4069
202000019417,10,6,2020,0,5,13,13211,2,3,1,3,SAINT LOUP (BOULEVARD DE),43.28204,5.42977
202000019418,9,6,2020,9,1,11,11262,2,1,1,2,BORDEAUX (AVENUE DE),43.1812,2.97173
202000019419,9,6,2020,19,1,10,10362,2,1,8,7,ROCADE OUEST (RD 610),48.29181,4.0345