Num_Acc,jour,mois,an,hr,condition_eclairage,departement,commune,condition_agglomeration,intersection,condition_atmosphere,type_collision,adresse,lattitude,longitude
202000019420,8,6,2020,12,1,10,10081,2,1,1,3,ROCADE OUEST (RD 610),48.30572,4.02548
202000019421,10,6,2020,18,1,06,06069,2,1,1,6,ROUQUIER (BOULEVARD EMMANUEL),43.6417,6.9424
202000019422,9,6,2020,20,1,06,06029,2,1,1,1,JOURDAN (AVENUE MICHEL),43.557282,6.968525
202000019423,10,6,2020,13,1,75,75117,2,1,1,2,PORTE DE CLICHY,48.893777,2.304534
202000019424,10,6,2020,12,1,75,75118,2,4,1,2,PORTE DE SAINT OUEN,48.900667,2.333785
202000019425,9,6,2020,16,1,75,75118,2,1,1,2,PORTE DE LA CHAPELLE,48.901055,2.353503
202000019426,9,6,2020,13,1,75,75112,2,1,1,4,BOULEVARD PERIPHERIQUE INTERIEUR NORD  ,48.832022,2.404875
202000019427,10,6,2020,14,1,75,75120,2,1,1,7,BOULEVARD DE MENILMONTANT,48.859227,2.389306
202000019428,11,8,2020,3,5,92,92040,2,1,1,7,BERTHELOT,48.8224825,2.2718766
202000019429,9,8,2020,21,2,92,92025,2,2,1,3,PAUL BERT (RUE),48.930972,2.244605
202000019430,10,8,2020,16,1,92,92012,2,2,1,3,JEAN JAURES (BOULEVARD) 217/FIN - 210/FI,48.830365,2.245328
202000019431,11,8,2020,17,1,37,37276,1,3,1,5,D910,47.5395302,0.8515965
202000019432,11,8,2020,18,1,09,09079,1,1,1,6,Monclarou,43.151974,1.394255
202000019433,12,8,2020,6,1,95,95116,1,1,1,6,RD 924,49.159958,2.31966
202000019434,12,8,2020,15,1,07,07346,1,1,1,1,D107,44.4930863,4.6626207
202000019435,10,8,2020,16,1,974,97422,1,3,1,-1,Rue de france,-21.2747985,55.5071354
202000019436,12,8,2020,17,1,60,60395,2,9,1,3,39 Rue Aristide Briand,49.217219,2.128494
202000019437,12,8,2020,8,1,60,60218,2,1,1,6,63 rue des sources,49.2167601,2.1656424
202000019438,12,8,2020,7,1,01,01173,1,2,7,3,187 Route de Mury,46.3178982,6.0613429
202000019439,11,8,2020,15,1,85,85144,1,1,1,3,La Tricherie,46.854105,-1.114318
202000019440,12,8,2020,13,1,12,12145,1,1,1,2,A75,44.096508,3.020865
202000019441,6,8,2020,5,2,62,62499,1,1,1,2,d 901,50.3854707,1.7280119
202000019442,11,8,2020,15,1,62,62297,2,1,1,3,Rue de la Vosmette,50.81082,2.138568
202000019443,10,8,2020,20,1,51,51064,1,1,1,7,D1,49.0474376,4.1000812
202000019444,10,8,2020,16,1,51,51151,2,1,1,7,Route de Sezanne,48.691347,3.7543469
202000019445,11,8,2020,18,1,79,79092,1,1,1,7,Chemin du Bas Bourg,46.509351,-0.212431
202000019446,11,8,2020,16,1,71,71550,2,4,1,7,place de l'étang,46.5029132,4.8861675
202000019447,12,8,2020,8,1,76,76618,2,1,1,3,24 rue du chateau,49.94036,1.142342
202000019448,12,8,2020,10,1,12,12203,2,4,1,1,Carrefour rue de la clinique et avenue de Lauras,43.97814,2.986919
202000019449,12,8,2020,15,1,68,68307,1,1,1,1,D466,47.816051,6.865951
202000019450,11,8,2020,9,1,22,22031,1,2,1,3,Landerc'H,48.382165,-3.542361
202000019451,8,8,2020,10,1,25,25231,1,1,1,7,D27,47.205677,6.435027
202000019452,12,8,2020,9,1,29,29272,1,3,1,3,Loch Ar Raor,47.9596977,-3.9493138
202000019453,12,8,2020,11,1,01,01363,1,1,1,7,D1075,46.039053,5.337129
202000019454,6,8,2020,16,1,01,01369,1,3,1,3,Route de Ceyzériat,46.18887,5.290137
202000019455,10,8,2020,8,1,58,58029,1,1,2,6,Villiers sur Beuvron,47.343686,3.490434
202000019456,10,8,2020,8,2,06,06032,2,1,1,6,3 Avenue du Général de Gaulle,43.723645,7.396041
202000019457,11,8,2020,16,1,14,14287,1,1,1,6,12 Rue des Pinsons,49.139818,-0.240626
202000019458,6,10,2020,22,5,91,91657,2,2,1,3,LIBERTE (RUE DE LA ),48.69585,2.41705
202000019459,29,9,2020,16,1,91,91174,2,3,2,3,08 MAI 1945 (AVENUE),48.61085,2.45079
202000019460,4,8,2020,18,1,05,05098,1,1,1,7,"Grand Vallon, les Ribes",44.5131912,6.5770474
202000019461,3,10,2020,11,1,88,88424,2,1,2,6,AVENUE DU GENERAL DE GAULLE,48.27103,6.97268
202000019462,11,8,2020,18,1,09,09223,2,9,1,1,Hameau de Roquemaurel,42.883232,1.215432
202000019463,9,8,2020,3,3,64,64017,1,1,1,6,route communale 1,43.112221,-0.871884
202000019464,5,10,2020,18,1,88,88209,2,2,3,3,LEON BLUM (AV.),48.2026,6.43755
202000019465,12,8,2020,17,1,10,10288,1,1,1,1,D671,47.999166,4.477726
202000019466,11,8,2020,12,1,16,16070,2,7,1,4,Zone d'Activités Économiques des Chassats,45.881606,0.73808
202000019467,6,9,2020,16,1,87,87114,2,2,1,3,RENE COTY (AVE DU PRESIDENT),45.83641,1.29128
202000019468,6,10,2020,17,1,87,87085,2,1,1,3,MAUVENDIERE (RUE DE LA),45.83247,1.24989
202000019469,11,8,2020,17,1,24,24098,1,1,1,7,1 Lieu Dit le Cirieix,45.234846,0.697948
202000019470,6,10,2020,16,1,87,87075,2,1,2,6,MAISON (RUE PIERRE),45.81325,1.22839
202000019471,6,10,2020,10,1,87,87050,1,1,2,1,BUXEROLLES (ROUTE DE),45.87333,1.25477
202000019472,6,8,2020,8,1,27,27129,1,1,1,5,D131,49.078701,0.560045
202000019473,6,10,2020,16,1,87,87050,2,1,2,7,SEPT CHENES (ROND POINT DES),45.8797,1.23847
202000019474,6,10,2020,12,1,82,82121,2,2,2,3,FONNEUVE (AVENUE DE),44.0354959,1.3704962
202000019475,12,8,2020,19,1,08,08284,1,9,1,1,RD 40E,49.873093,4.599216
202000019476,6,10,2020,21,5,76,76351,1,1,3,7,LOUIS LUMIERE,49.524697,0.12352
202000019477,6,10,2020,11,1,74,74133,2,2,8,5,CHATELET (RUE DU),46.1886,6.21563
202000019478,7,10,2020,17,1,71,71059,1,1,2,6,lieu dit LA VESVRE,46.8200583,4.4738646
202000019479,7,10,2020,17,1,69,69275,2,1,1,2,JEAN JAURES                         (AV),45.77149,4.97998
202000019480,10,8,2020,7,1,67,67205,1,1,1,4,A35,48.6781305,7.7952922
202000019481,7,10,2020,9,1,69,69029,2,2,1,3,FRANKLIN ROOSEVELT                  (AV),45.733674,4.9086215
202000019482,12,8,2020,17,1,09,09239,1,1,1,1,RD 118,42.685977,2.13455
202000019483,6,10,2020,15,1,69,69290,2,1,2,6,GALILEE                             (R ),45.68506,4.95846
202000019484,7,10,2020,16,1,69,69092,2,6,1,2,DES PETITES SOEURS (rond point),45.9946272,4.7071743
202000019485,7,10,2020,12,1,69,69096,2,1,1,6,ARONDIERES (AV),45.6088,4.7796
202000019486,6,8,2020,16,1,01,01049,1,1,1,4,A42,45.835796,5.035944
202000019487,4,10,2020,17,1,68,68149,2,1,1,6,CONCORDE ( RUE DE LA ),47.59361,7.57537
202000019488,6,10,2020,22,5,67,67482,2,8,2,3,RHIN (AVENUE DU),48.57279,7.79458
202000019489,4,8,2020,13,1,89,89341,1,1,1,3,A6,47.7084332,3.7916458
202000019490,6,10,2020,15,1,67,67482,2,1,1,1,MARCEL PROUST (RUE),48.59034,7.71618
202000019491,6,10,2020,18,2,66,66136,2,1,1,2,TORCATIS (AVENUE LOUIS),42.70229,2.88305
202000019492,10,8,2020,13,1,21,21022,1,1,1,7,A36,47.045691,5.012244
202000019493,7,10,2020,15,1,64,64445,2,2,1,3,PAIX,43.32281,-0.37019
202000019494,9,8,2020,18,5,987,98747,2,1,1,1,"RT3 - PK0.600 à coté du restaurant Taumatai, route de Tautira",-17.751545,-149.240354
202000019495,6,10,2020,7,5,64,64445,2,1,1,3,PAIX,43.31419,-0.33323
202000019496,5,8,2020,5,5,987,98733,2,1,1,5,Pk 23950,-17.692706,-149.583568
202000019497,7,10,2020,13,1,64,64102,2,2,1,2,LOEB (AVENUE DE L'INTERNE JACQUES),43.4846003,-1.4827011
202000019498,11,8,2020,18,1,77,77476,1,1,1,7,D 401,49.041188,2.956181
202000019499,7,10,2020,8,1,64,64102,2,1,3,7,LACHEPAILLET (RUE DES REMPARTS),43.49244,-1.47867
202000019500,28,7,2020,17,1,77,77483,2,1,1,2,Rue de l'Eglise - D97,48.9985536,2.9352616
202000019501,30,9,2020,8,1,62,62065,2,4,1,1,PERI (GABRIEL BD),50.4097255,2.8293282
202000019502,10,8,2020,19,1,77,77153,1,4,1,3,D404,49.0457815,2.6777732
202000019503,5,10,2020,23,5,59,59163,2,8,3,6,FLANDRE (AVENUE DE),50.6676,3.15175
202000019504,11,8,2020,12,1,77,77505,1,1,1,7,Route des Brinches,48.93771,2.976152
202000019505,6,10,2020,9,1,56,56121,2,1,1,7,GICQUEL (RUE  EMMANUEL ),47.76099,-3.39297
202000019506,7,10,2020,9,1,54,54395,2,2,2,6,LECLERC (AV. DU GENE,48.676969,6.1779413
202000019507,12,8,2020,19,1,2B,2B311,1,3,1,3,Malacoda,42.350163,9.5325547
202000019508,6,10,2020,18,1,54,54395,2,1,1,3,CUGNOT (QUAI/RUE JOSEPH),48.6781868,6.2021127
202000019509,11,8,2020,23,3,30,30211,1,1,1,1,D163,43.802013,4.538555
202000019510,11,8,2020,12,1,34,34157,2,1,1,6,47 Rue du Port,43.424155,3.60689
202000019511,6,10,2020,16,1,54,54547,2,6,1,2,MIRECOURT (ROUTE DE),48.6675054,6.1914799
202000019512,6,10,2020,10,1,49,49007,2,1,1,3,ALLONNEAU(AUGUSTE) BOULEVARD,47.48728,-0.52774
202000019513,12,8,2020,16,1,84,84065,1,1,1,1,D973,43.748126,5.289767
202000019514,11,8,2020,15,1,84,84081,2,9,1,6,1001 Rue Folard,43.952937,4.902007
202000019515,5,10,2020,18,1,49,49015,1,1,1,3,MEIGNANNE ROUTE DE LA,47.50075,-0.62101
202000019516,2,10,2020,18,2,49,49246,1,1,1,4,A87N,47.42498,-0.50395
202000019517,11,8,2020,18,1,05,05136,1,1,1,5,N94,44.695196,6.61127
202000019518,6,10,2020,7,5,49,49007,2,2,1,1,SAUMUROISE IMPASSE ET RUE,47.45764,-0.53312
202000019519,12,8,2020,1,3,13,13100,1,1,1,6,RD99 PK 19+764,43.797026,4.801111
202000019520,5,10,2020,9,1,49,49007,2,1,1,3,PONTS DE CE,47.45654,-0.54003
202000019521,11,8,2020,19,1,71,71090,2,1,1,6,D906,46.2084181,4.7714515
202000019522,6,10,2020,15,1,49,49007,2,1,1,7,COUBERTIN BOULEVARD,47.46191,-0.53243
202000019523,10,8,2020,18,1,52,52392,1,1,1,7,D120,47.88573,5.494623
202000019524,6,10,2020,16,1,49,49007,2,1,1,7,PRE PIGEON,47.47707,-0.54137
202000019525,11,8,2020,15,1,69,69061,1,1,1,6,D19,45.995836,4.624472
202000019526,5,10,2020,21,3,44,44109,1,1,6,7,Quai de la Fosse,47.208284,-1.569951
202000019527,30,7,2020,11,1,69,69194,2,1,1,6,Place de l'Abbé Boursier,45.810065,4.798193
202000019528,7,10,2020,17,1,41,41212,2,1,1,3,CHAMBORD (ROUTE DE),47.577818,1.366705
202000019529,7,10,2020,19,5,38,38185,2,1,1,3,Avenue Edmond Esmonin,45.15962,5.72375
202000019530,12,8,2020,11,1,16,16078,1,1,1,2,151 Rue de l'Auvent,45.694445,0.185897
202000019531,11,8,2020,21,2,27,27611,1,1,2,6,D316,49.080774,1.259292
202000019532,7,10,2020,17,1,37,37261,2,1,1,2,DANIEL MAYER,47.4188084,0.6987018
202000019533,7,10,2020,12,1,35,35238,2,1,1,6,GASCOGNE (RUE DE),48.1218938,-1.714618
202000019534,7,10,2020,23,5,35,35238,2,6,1,2,Rue Louis Guilloux,48.1091,-1.6976
202000019535,9,8,2020,5,2,13,13081,1,1,1,5,A7-Sens Marseille vers Lyon,43.500856,5.238505
202000019536,5,10,2020,15,1,34,34172,2,2,1,-1,GAMBETTA (COURS),43.6063905,3.8721657
202000019537,8,8,2020,10,1,83,83137,1,1,1,2,A50 Sortie Tunnel Tube Sud,43.12132,5.95331
202000019538,11,8,2020,13,1,33,33550,1,1,1,6,AUTOROUTE A 62,44.77888,-0.55742
202000019539,7,10,2020,16,1,33,33281,2,6,1,4,AVE FRANCOIS MITTERRAND,44.81571,-0.68152
202000019540,11,8,2020,3,5,33,33192,1,1,1,2,ROCADE A 630,44.78659,-0.59628
202000019541,7,10,2020,7,3,33,33063,1,1,1,1,AVE DE LABARDE,44.91009,-0.55766
202000019542,11,8,2020,19,1,91,91363,1,1,2,1,RN 104,48.63922,2.2014
202000019543,28,9,2020,8,1,33,33075,2,1,1,2,AVE D'AQUITAINE,44.87686,-0.60328
202000019544,11,8,2020,18,1,91,91312,1,1,2,1,RD 444,48.73277,2.23403
202000019545,11,8,2020,17,1,78,78322,1,1,2,7,RN12 EXT,48.781302,2.168785
202000019546,7,10,2020,12,1,29,29019,2,2,1,2,D789 - Avenue 1ère D.f.l.,48.3778272,-4.5452456
202000019547,10,8,2020,18,1,92,92036,1,1,1,4,AUTOROUTE A15,48.93792,2.29791
202000019548,10,8,2020,12,1,93,93007,1,1,1,6,AUTOROUTE A1,48.95313,2.45431
202000019549,11,8,2020,16,1,94,94081,1,1,2,7,A86 INT,48.7765,2.4154
202000019550,7,10,2020,22,5,27,27229,2,3,1,3,SAINT LEGER (RUE DU FAUBOURG),49.03358,1.15593
202000019551,18,8,2020,18,1,26,26198,1,1,1,3,19 Rue de Dion Bouton,44.5439,4.7326
202000019552,10,8,2020,14,1,974,97416,2,1,1,6,HIPPOLYTE  PIOT (RUE),-21.29703,55.45143
202000019553,5,10,2020,9,1,22,22278,2,6,1,3,CLEMENCEAU-CHARNER (Rond-point),48.5075,-2.76062
202000019554,10,8,2020,5,5,974,97409,2,1,1,1,Chemin des Limites,-20.970513,55.693679
202000019555,5,10,2020,19,2,15,15014,1,1,2,6,LIEU- DIT VEYRAC (CD117),44.951539,2.465628
202000019556,10,8,2020,10,1,69,69383,2,2,1,6,MONTAIGNE                           (R ),45.743,4.8912
202000019557,7,10,2020,21,5,13,13213,2,9,1,3,ROSE (AVENUE DE LA),43.32836,5.42565
202000019558,10,8,2020,17,1,2B,2B120,2,1,1,3,CHIURLINU (Allée),42.6279238,9.4318303
202000019559,7,10,2020,20,5,13,13210,2,1,1,2,TOULON (AVENUE DE),43.283452,5.396918
202000019560,7,10,2020,14,1,13,13206,2,1,1,6,LIEUTAUD (COURS),43.291351,5.383041
202000019561,9,8,2020,13,1,971,97113,1,1,1,1,RN4 - SECTION RIVIERA,16.2181429,-61.4997107
202000019562,7,10,2020,12,1,13,13211,2,1,1,3,MIREILLE LAUZE (Bd),43.2887881,5.4367036
202000019563,10,8,2020,13,1,2A,2A004,1,6,1,3,T21,41.9085739,8.6863393
202000019564,7,10,2020,10,1,13,13215,2,1,1,6,MIMET (CHEMIN DE),43.37271,5.35643
202000019565,7,10,2020,9,1,13,13205,2,1,1,6,SAKAKINI (BOULEVARD),43.29508,5.40009
202000019566,9,8,2020,11,1,2A,2A004,1,1,1,3,T21,41.92745,8.77842
202000019567,6,10,2020,18,5,13,13208,2,1,1,2,HAIFA (AVENUE),43.251048,5.389775
202000019568,15,7,2020,11,1,84,84007,2,1,1,6,COUBERTIN (AV.Pierre de,43.9309919,4.8426342
202000019569,6,10,2020,16,1,13,13208,2,1,1,3,PRADO (AVENUE DU),43.279,5.38755
202000019570,4,8,2020,16,1,83,83123,2,1,1,6,AVENIR (BD),43.1172,5.8055
202000019571,6,10,2020,17,1,13,13001,2,1,2,7,ISAAC JULES (AV),43.54089,5.4538
202000019572,6,10,2020,13,1,12,12145,1,1,2,1,D911,44.12113,3.06275
202000019573,6,10,2020,0,5,10,10387,2,1,1,1,GODARD PILLAVEINE (RUE),48.29111,4.09637
202000019574,7,10,2020,15,1,09,09122,1,9,1,6,LERIDA (AVENUE DE),42.966339,1.5980279
202000019575,10,8,2020,11,1,78,78498,2,3,1,3,DEVAUX BD,48.9311,2.0459
202000019576,6,10,2020,21,5,03,03101,2,6,1,3,MICHEL FAYE ( RUE) ,46.3700969,2.5850219
202000019577,8,8,2020,19,1,77,77305,2,1,1,5,SEINE (QUAI DE) - D39,48.3896,2.9568
202000019578,7,10,2020,9,1,75,75112,2,1,1,3,PORTE DOREE,48.838695,2.413214
202000019579,7,10,2020,19,2,75,75120,2,2,1,4,RUE DES PYRENEES,48.859152,2.402139
202000019580,8,8,2020,1,5,77,77296,2,3,1,3,14 JUILLET 1789 (PLACE DU),48.6280969,2.5900134
202000019581,7,10,2020,13,1,75,75120,2,4,1,2,RUE DES COURONNES,48.870565,2.388241
202000019582,10,8,2020,5,3,77,77438,1,6,8,3,RENE CASSIN (RUE) - D10P,48.8612,2.6685
202000019583,6,10,2020,10,1,75,75117,2,2,2,3,RUE DE ROME,48.885672,2.316831
202000019584,7,10,2020,21,5,75,75116,2,3,1,3,AVENUE DE VERSAILLES,48.849684,2.276004
202000019585,10,8,2020,18,1,77,77186,1,2,1,3,RD 409 panneau ONF à LIBERATION,48.41362,2.64419
202000019586,6,10,2020,19,2,75,75116,2,4,1,2,BOULEVARD PERIPHERIQUE,48.841007,2.254193
202000019587,9,8,2020,16,1,77,77449,1,1,1,-1,D345 - (PENETRANTE VAL D'EUROPE),48.84058,2.77664
202000019588,7,10,2020,16,1,75,75114,2,4,1,3,RUE D ALESIA,48.827827,2.330119
202000019589,7,10,2020,21,5,75,75113,2,1,1,2,RUE DE LA GLACIERE,48.835224,2.345042
202000019590,7,10,2020,7,5,75,75113,2,3,2,1,BOULEVARD KELLERMANN,48.82105,2.350629
202000019591,10,8,2020,16,1,69,69029,2,1,1,3,UNIVERSITE  (DE L')              (BD),45.72683,4.92765
202000019592,7,10,2020,16,1,75,75112,2,1,1,2,QUAI DE BERCY,48.829295,2.38752
202000019593,7,10,2020,7,2,75,75112,2,1,2,4,AVENUE DE GRAVELLE,48.824079,2.420897
202000019594,10,8,2020,1,5,69,69266,2,2,1,3,4 AOUT 1789    (Rue du),45.76469,4.8844
202000019595,6,10,2020,8,1,75,75112,2,1,2,3,BOULEVARD DE LA GUYANE,48.836175,2.412721
202000019596,10,8,2020,8,1,69,69091,2,9,1,3,SEMARD (PIERRE) ( R ),45.5846,4.76615
202000019597,7,10,2020,16,1,75,75110,2,1,1,7,BOULEVARD DE LA CHAPELLE,48.883769,2.351693
202000019598,9,8,2020,17,1,67,67482,2,1,1,3,ALTENHEIM (ROUTE D ),48.542756,7.76611
202000019599,7,10,2020,18,1,75,75109,2,3,1,6,RUE BERGERE,48.872195,2.346719
202000019600,7,8,2020,3,3,64,64483,2,1,1,6,RD810,43.4134,-1.614
202000019601,7,10,2020,14,1,75,75109,2,1,1,3,RUE BLANCHE,48.881801,2.331697
202000019602,8,8,2020,20,1,64,64024,2,1,1,2,BAYONNE (AVENUE DE),43.480853,-1.51358
202000019603,7,10,2020,10,1,75,75108,2,3,8,6,RUE LA BOETIE,48.87213,2.309035
202000019604,7,10,2020,10,1,75,75114,2,1,8,6,BOULEVARD ARAGO,48.834522,2.335432
202000019605,8,8,2020,17,1,63,63075,2,1,1,6,ROYAT (AVENUE DE),45.77257,3.06029
202000019606,7,10,2020,2,5,75,75104,2,1,2,6,QUAI HENRI IV,48.849393,2.361806
202000019607,7,10,2020,13,1,75,75101,2,1,1,7,QUAI DES TUILERIES,48.863128,2.323463
202000019608,6,8,2020,9,1,60,60159,2,6,1,3,Rue du Port à Bateaux,49.41563,2.81944
202000019609,8,8,2020,8,1,60,60382,2,1,1,2,Avenue Raymond Poincaré,49.42663,2.82983
202000019610,7,10,2020,19,5,94,94081,2,2,1,3,HENRI BARBUSSE (AV),48.79273,2.39133
202000019611,9,8,2020,4,5,59,59350,2,2,1,3,RATISBONNE RUE,50.62973,3.05343
202000019612,7,10,2020,21,5,94,94078,2,1,1,6,FUSILLES (AV DES),48.72859,2.4481
202000019613,6,10,2020,11,1,94,94068,2,1,2,6,CRETEIL (BD DE),48.79808,2.48574
202000019614,8,8,2020,19,1,59,59009,2,1,1,3,PARMENTIER RUE,50.64301,3.13541
202000019615,6,10,2020,6,5,94,94076,2,3,2,3,REPUBLIQUE (AV DE LA),48.7879247,2.3565658
202000019616,7,10,2020,7,2,94,94028,2,2,1,3,REPUBLIQUE(AVENUE DE LA),48.792,2.46634
202000019617,7,8,2020,16,1,56,56098,1,1,1,3,RN 165,47.78049,-3.34381
202000019618,6,10,2020,13,1,94,94079,1,2,1,3,FRIEDBERG (BD DE),48.83504,2.54737
202000019619,7,8,2020,16,1,56,56098,1,1,1,4,165  (ROUTE NATIONALE),47.78003,-3.34503
202000019620,7,10,2020,11,1,94,94018,2,1,1,6,ARCADE (R DE L),48.82199,2.3997
202000019621,10,8,2020,21,2,51,51172,2,4,1,3,Rue Chanzy,49.2242991,4.0517599
202000019622,6,10,2020,9,1,94,94056,1,1,2,6,BRIE COMTE ROBERT (RTE DE),48.696928,2.570227
202000019623,7,8,2020,13,1,50,50218,2,3,1,3,FONTAINE JOLIE (RUE DE LA),48.8337,-1.55659
202000019624,7,10,2020,8,1,93,93078,2,1,8,-1,BALLANGER (BD ROBERT),48.9599139,2.5523259
202000019625,9,8,2020,17,1,49,49328,1,1,1,6,ANGERS (ROUTE D') D 952,47.283,-0.0946
202000019626,7,10,2020,13,1,93,93059,2,1,1,2,JEAN MERMOZ (N°59 AU 185),48.96345,2.36026
202000019627,8,8,2020,13,1,49,49267,2,1,1,7,BEAUFORT ROUTE,47.46702,-0.47619
202000019628,7,10,2020,8,1,93,93070,2,1,2,3,MICHELET(AV):N°1AU 103,48.913277,2.3443093
202000019629,7,8,2020,12,1,49,49267,2,1,1,2,HUIT MAI 1945,47.4612,-0.50155
202000019630,6,10,2020,13,1,93,93066,2,1,1,3,"""POULLAIN AUGUSTE, NR 1 A 51""",48.940794,2.3551694
202000019631,9,8,2020,22,5,44,44172,1,1,1,6,PERIPHERIQUE,47.2388,-1.4848
202000019632,9,8,2020,3,5,44,44020,2,6,1,7,Route de Pornic,47.1877,-1.587
202000019633,7,8,2020,12,1,41,41018,2,2,1,3,VENDOME (AVENUE DE),47.6104,1.308308
202000019634,7,10,2020,21,5,93,93048,2,1,1,-1,ARISTIDE BRIAND (BOULEVARD),48.8735052,2.4540315
202000019635,5,8,2020,19,1,41,41018,2,3,1,3,LATTRE DE TASSIGNY (RUE DU MARECHAL DE),47.58679,1.33709
202000019636,7,10,2020,19,1,93,93061,2,9,1,3,PERI GABRIEL RUE,48.8865189,2.407374
202000019637,8,8,2020,20,1,40,40279,2,1,1,6,RESISTANCE (AVE DE LA),43.72612,-1.07351
202000019638,10,8,2020,10,1,37,37261,2,1,1,6,PONT CHER (AVENUE DE),47.3682618,0.6763548
202000019639,10,8,2020,17,1,35,35238,2,3,1,3,CHATEAUGIRON (DE),48.0951,-1.63787
202000019640,7,10,2020,12,1,93,93014,2,2,8,6,A LL DE GAGNY / ALL HENRI BARBUSSE,48.906584,2.5495104
202000019641,7,10,2020,9,1,93,93047,2,1,2,6,VAUCANSON  (AVENUE),48.9014286,2.5855787
202000019642,10,8,2020,17,1,35,35238,2,2,1,3,CHATEAUGIRON (DE),48.09521,-1.6376
202000019643,7,10,2020,8,1,93,93005,2,2,2,3,BRUNETIERE (RUE),48.935929,2.4846525
202000019644,8,8,2020,20,2,34,34032,2,6,1,3,LOIC CARADEC (RUE),43.36421,3.20919
202000019645,7,10,2020,19,5,92,92073,2,1,8,7,VAL D'OR (RUE DU),48.8597503,2.2157688
202000019646,10,8,2020,19,1,33,33249,2,2,1,3,AVE DU PDT SALVADOR ALLENDE / RUE EDOUARD HERRIOT,44.86688,-0.52056
202000019647,10,8,2020,19,1,33,33529,1,1,1,3,BISCAROSSE (AVE) DUNE VERS BISCA,44.58544,-1.20761
202000019648,10,8,2020,23,5,32,32013,2,1,1,7,PREMIERE ARMEE FRANCAISE (AVENUE DE LA),43.65275,0.57324
202000019649,6,10,2020,21,5,92,92049,2,2,1,3,BARBES RUE,48.8174,2.3268
202000019650,7,8,2020,13,1,31,31555,1,1,1,6,AV DE GRANDE BRETAGNE,43.60527,1.40338
202000019651,9,8,2020,1,5,31,31555,1,1,1,2,VA007331 A620,43.60565,1.40407
202000019652,8,8,2020,23,5,31,31555,2,1,1,6,RTE DE SEYSSES,43.5670966,1.4120167
202000019653,7,8,2020,19,1,31,31555,2,1,1,1,CHE DE TUCAUT,43.5476357,1.3852376
202000019654,7,8,2020,16,1,31,31555,2,1,1,3,LATTRE DE TASSIGNY (AV DU MARECHAL DE) D,43.5774,1.43637
202000019655,7,10,2020,22,5,92,92024,2,3,1,3,VILLENEUVE (RUE) DE (55 A 87BIS),48.90773,2.31729
202000019656,10,8,2020,16,1,30,30189,2,1,1,2,TRIAIRE SERGENT (BOULEVARD),43.8282,4.3596
202000019657,7,10,2020,17,1,92,92060,2,2,1,6,EDOUARD HERRIOT (AVENUE) RD60,48.78235,2.25894
202000019658,10,8,2020,7,1,29,29019,2,6,1,3,D112 - Rd Pt Pen Ar Ch'Leuz,48.4149159,-4.4789842
202000019659,7,10,2020,22,3,60,60371,1,1,8,6,D150,49.594273,1.843235
202000019660,6,10,2020,8,2,28,28075,1,1,1,6,N10,48.045023,1.315192
202000019661,10,8,2020,17,1,28,28085,2,1,1,2,ALLONNES (RUE D'),48.43674,1.50512
202000019662,8,10,2020,15,1,28,28358,1,1,1,6,D906,48.498162,1.500771
202000019663,10,8,2020,23,5,27,27229,2,2,1,3,PASSOT (RUE),49.02642,1.1572
202000019664,8,10,2020,8,1,62,62571,2,1,1,6,252 Avenue de la Plage,50.459888,1.591714
202000019665,8,8,2020,3,4,22,22360,1,6,1,7,ROND POINT DE BREZILLET,48.49349,-2.76165
202000019666,8,8,2020,0,3,14,14557,2,1,1,6,BRIQUETTERIE (CHEMIN DE LA),49.34162,0.09651
202000019667,24,9,2020,17,1,62,62261,2,1,1,2,939,50.509402,1.62486
202000019668,8,10,2020,17,1,37,37233,1,1,1,2,A10,47.3972151,0.7083304
202000019669,4,10,2020,11,1,62,62176,2,1,3,1,100 Route Nationale,50.499431,1.694535
202000019670,6,10,2020,8,1,34,34095,1,1,1,3,D613,43.56088,3.799124
202000019671,8,10,2020,7,2,24,24029,1,1,1,2,A89 -PK73+500 - sesn BORDEAUX/BRIVE,45.007114,0.273832
202000019672,6,10,2020,17,1,35,35173,1,1,1,1,Maubusson,48.225427,-1.656693
202000019673,4,10,2020,5,3,19,19125,1,1,2,6,Maleze,45.277121,1.993847
202000019674,10,8,2020,19,1,13,13215,2,1,1,6,ODETTE JASSE (rue),43.3415493,5.3721049
202000019675,8,10,2020,19,3,74,74314,1,1,1,1,D1206,46.104021,5.956714
202000019676,4,10,2020,18,2,80,80692,2,1,2,6,Rue de Port le Grand,50.177427,1.767023
202000019677,8,10,2020,11,1,61,61473,1,1,2,1,D916,48.690153,-0.161834
202000019678,10,8,2020,17,1,13,13201,2,1,1,6,STALINGRAD (SQUARE),43.2990837,5.3853406
202000019679,9,8,2020,23,5,13,13207,2,1,1,3,CHARLES LIVON (BOULEVARD),43.2922272,5.3644836
202000019680,9,8,2020,18,1,11,11069,2,1,1,6,MELLIES JEAN,43.206124,2.316125
202000019681,8,8,2020,16,1,11,11069,2,4,1,1,LIMOUX -ROUTE DE - JUSQU'A LA ROCADE,43.19927,2.32713
202000019682,10,8,2020,11,1,09,09225,2,1,1,2,CARMES RUE DES,43.11644,1.60891
202000019683,7,10,2020,8,1,47,47052,2,1,2,-1,Route de Marmande,44.3213982,0.0948947
202000019684,9,8,2020,19,1,75,75119,2,1,1,2,BOULEVARD PERIPHERIQUE,48.890069,2.396274
202000019685,10,8,2020,19,1,75,75119,2,2,1,3,BOULEVARD DE LA VILLETTE,48.884296,2.367561
202000019686,10,8,2020,18,1,75,75115,2,2,1,3,RUE SAINT CHARLES,48.848111,2.286801