Num_Acc,jour,mois,an,hr,condition_eclairage,departement,commune,condition_agglomeration,intersection,condition_atmosphere,type_collision,adresse,lattitude,longitude
202000020209,24,4,2020,8,1,11,11262,2,1,1,-1,LAKANAL (RUE),43.1879747,3.0087633
202000020210,28,4,2020,12,1,06,06123,2,1,2,6,AICARD AVENUE,43.6845,7.18402
202000020211,27,4,2020,14,1,75,75117,2,1,1,5,PORTE DE SAINT OUEN,48.900188,2.320781
202000020212,27,4,2020,6,1,75,75119,2,1,1,6,PORTE DE LA VILLETTE,48.900206,2.380637
202000020213,28,4,2020,19,1,75,75119,2,1,1,1,RUE RIQUET,48.88902,2.372226
202000020214,28,4,2020,15,1,75,75119,2,2,1,3,RUE DES BOIS,48.878546,2.400115
202000020215,27,4,2020,9,1,75,75116,2,3,1,6,RUE DE L ASSOMPTION,48.855536,2.266119
202000020216,28,4,2020,19,1,75,75113,2,2,3,3,BOULEVARD AUGUSTE BLANQUI,48.831107,2.344237
202000020217,28,4,2020,14,1,75,75113,2,1,1,3,AVENUE D ITALIE,48.829478,2.356243
202000020218,28,4,2020,11,1,75,75109,2,1,1,6,RUE NOTRE DAME DE LORETTE,48.877028,2.338931
202000020219,26,4,2020,18,1,94,94080,2,1,1,-1,Murs du Parc (Av. des),48.846254,2.455923
202000020220,28,4,2020,15,1,94,94028,2,1,1,6,GAULLE(AVENUE DU GENERAL DE),48.7956656,2.4474985
202000020221,26,4,2020,10,1,94,94052,2,5,1,3,EDOUARD RENARD (R),48.8455,2.48829
202000020222,28,4,2020,21,5,94,94043,2,3,1,3,CHARLES GIDE (AV),48.806625,2.351008
202000020223,27,4,2020,20,1,94,94011,2,1,1,2,SEMARD (RUE PIERRE),48.764875,2.4808535
202000020224,28,4,2020,20,2,93,93078,2,9,2,3,BD ROBERT BALLANGER,48.956277,2.5412804
202000020225,28,4,2020,21,5,93,93071,2,1,1,1,LIVRY (AVENUE DE),48.93269,2.537363
202000020226,27,4,2020,11,1,93,93053,2,1,1,5,BIR HAKEIM (AVENUE),48.8962657,2.4611631
202000020227,28,4,2020,19,1,93,93049,2,3,2,1,DANIELLE CASANOVA (RUE),48.87475,2.454768
202000020228,28,4,2020,14,1,93,93013,2,1,2,2,LECLERC (AVENU DE LA DIVISION),48.93199,2.42262
202000020229,14,4,2020,7,1,92,92078,2,1,1,3,MARECHAL LECLERC (AVENUE) (PAIRS),48.939484,2.323873
202000020230,21,4,2020,19,1,92,92063,2,1,1,1,CHATEAU (RUE DU),48.87443,2.18103
202000020231,29,4,2020,0,3,83,83019,1,1,1,6,Route du Dom,43.20491,6.43595
202000020232,27,4,2020,21,3,61,61466,1,1,2,6,D118,48.730811,-0.519115
202000020233,27,4,2020,17,1,47,47309,1,1,3,6,D667,44.510861,0.449215
202000020234,29,4,2020,8,1,72,72158,1,2,1,1,D302,48.052533,0.685174
202000020235,29,4,2020,11,1,60,60431,2,1,1,3,Rue d'Orroire,49.5659608,3.0265832
202000020236,28,4,2020,21,3,07,07005,1,6,1,6,,44.5676074,4.5914082
202000020237,27,4,2020,19,1,27,27218,2,1,3,-1,Route des Anglais,49.27916,0.439818
202000020238,27,4,2020,13,1,27,27103,2,3,1,3,Rue du Docteur Duvrac,49.356803,0.818235
202000020239,28,4,2020,13,1,30,30029,1,1,1,7,D196,44.313439,4.331188
202000020240,25,4,2020,13,1,987,98715,2,1,1,3,PK 3 RT1,-17.584522,-149.568578
202000020241,29,4,2020,6,1,17,17277,1,1,1,6,A10,45.999303,-0.542864
202000020242,28,4,2020,11,1,2B,2B265,1,1,3,7,D82,42.597829,9.394512
202000020243,23,4,2020,12,1,13,13110,2,2,1,1,Route de Puyloubier,43.457841,5.684266
202000020244,28,4,2020,12,1,13,13043,1,1,2,7,A55-Sens Martigues vers Marseille,43.384561,5.236417
202000020245,28,4,2020,6,3,13,13215,1,1,3,7,A7-Sens Lyon vers Marseille,43.351518,5.366844
202000020246,28,4,2020,7,1,78,78238,1,1,1,2,A13,48.97039,1.873748
202000020247,28,4,2020,14,1,93,93013,1,1,1,5,AUTOROUTE A1,48.94119,2.42784
202000020248,26,2,2020,0,5,972,97213,1,1,1,7,ROUTE NATIONALE 5,14.59336,-60.98385
202000020249,25,2,2020,20,5,54,54184,2,3,1,7,BRIGACHTAL (AVENUE DE),48.700773,6.224585
202000020250,25,2,2020,8,1,54,54184,2,2,2,6,SAUVAGE (rue Catherine),48.70981,6.24127
202000020251,21,2,2020,6,2,44,44184,2,1,1,6,Avenue Antoine Bourdelle,47.2885866,-2.1921206
202000020252,24,2,2020,18,2,22,22106,2,1,1,3,BRETAGNE (RUE DE),48.4897003,-2.7147517
202000020253,26,2,2020,21,5,94,94067,2,1,1,7,FOCH (AV),48.845482,2.419716
202000020254,25,4,2020,9,1,974,97416,2,1,1,6,RECHERCHANT (RUE ADRIEN) (1),-21.28246,55.47473
202000020255,27,4,2020,12,1,2B,2B033,2,3,1,3,ST FLORENT-ANCIENNE RT DE,42.68892,9.43237
202000020256,24,4,2020,17,1,87,87085,2,1,1,6,AUTIER (RUE DE L'),45.87501,1.2943
202000020257,24,4,2020,15,1,87,87085,2,1,1,7,CASSEAUX (AVE DES) (VC),45.8371,1.27907
202000020258,25,4,2020,12,1,83,83129,2,1,1,6,DE LATTRE DE TASSIGNY (AV),43.0938,5.8391
202000020259,27,4,2020,20,2,78,78642,2,1,1,6,NORMANDIE RUE DE,48.98653,1.97229
202000020260,26,4,2020,13,1,76,76540,2,1,1,6,BIHOREL. RUE DE,49.44844,1.10241
202000020261,23,4,2020,12,1,76,76212,2,6,1,3,LONGPAON. RUE DE,49.44904,1.15096
202000020262,24,4,2020,19,1,76,76540,2,1,1,2,JAURES. BOULEVARD JEAN,49.45034,1.06235
202000020263,26,4,2020,16,1,76,76481,2,1,1,6,TOT (CHEMIN DU),49.55414,0.11091
202000020264,24,4,2020,0,5,76,76447,2,1,1,2,PIERRE MENDES FRANCE,49.52801,0.18243
202000020265,27,4,2020,11,1,69,69266,2,3,1,3,ROGER SALENGRO     (Avenue),45.77985,4.88213
202000020266,26,4,2020,20,1,69,69290,1,1,1,6,ST BONNET DE MURE (DE)              (CH),45.69194,4.96682
202000020267,25,4,2020,18,1,64,64122,2,1,1,6,BRAOU (AVENUE DU),43.48012,-1.5555
202000020268,27,4,2020,20,1,60,60057,2,1,1,7,GARBET PIERRE (RUE),49.4422,2.07777
202000020269,27,4,2020,11,1,54,54257,2,2,1,1,SORBIERS (ALLEE DES),48.6456884,6.1923938
202000020270,27,4,2020,13,1,45,45169,2,1,1,1,Avenue Georges Pompidou,47.90224,1.8592
202000020271,27,4,2020,14,1,45,45004,2,9,1,1,D93 - PR 0+400,47.976651,2.73863
202000020272,24,4,2020,13,1,34,34301,2,1,1,6,VERNES JULES (RUE),43.4083,3.67485
202000020273,26,4,2020,1,5,31,31555,2,1,1,7,BARCELONE (ALL DE) DU 16AU 156,43.609805,1.421709
202000020274,24,4,2020,20,2,31,31555,2,1,1,3,SAND (RUE GEORGES),43.583612,1.452304
202000020275,27,4,2020,13,1,29,29232,1,1,1,2,D783 - Route de Concarneau,47.95338,-4.0391
202000020276,26,4,2020,8,1,28,28085,2,1,7,6,GORD A LAUNAY (CHEMIN DU),48.4326,1.4929
202000020277,26,4,2020,22,5,17,17274,2,6,1,7,REPUBLIQUE   ROND-POINT DE LA,46.1543,-1.1124
202000020278,27,4,2020,20,2,13,13215,2,1,1,7,LYON (RUE DE),43.333058,5.364271
202000020279,25,4,2020,11,1,13,13206,2,3,1,3,DIEUDE (RUE),43.3,5.4
202000020280,27,4,2020,18,1,10,10387,2,3,7,6,CHALMEL (RUE),48.294984,4.064431
202000020281,27,4,2020,6,2,75,75117,2,2,1,3,AVENUE DE VILLIERS,48.885142,2.295677
202000020282,27,4,2020,8,1,75,75114,2,7,1,7,PLACE DE CATALOGNE,48.837446,2.318144
202000020283,27,4,2020,14,1,75,75111,2,5,2,6,RUE DE LA ROQUETTE,48.857433,2.379662
202000020284,26,4,2020,22,3,94,94044,2,1,1,3,JEAN MONNET (R),48.75642,2.47254
202000020285,26,4,2020,18,1,94,94080,2,1,1,7,PETIT PARC (AV DU),48.8433,2.4284
202000020286,27,4,2020,12,1,93,93046,2,1,1,1,AV ARISTIDE BRIAND,48.91066,2.51269
202000020287,27,4,2020,22,5,93,93006,2,2,2,1,R DES RIGONDES / AV RASPAIL,48.87351,2.43363
202000020288,27,4,2020,17,1,92,92020,2,2,1,3,PERI RUE GABRIEL/ BROSSOLETTE RUE PIERRE N°3 A 13,48.79979,2.2857
202000020289,28,4,2020,7,1,11,11018,1,1,8,2,A61,43.2079285,2.2389793
202000020290,27,4,2020,13,1,67,67375,1,1,1,6,D64,48.6389359,7.651298
202000020291,27,4,2020,7,2,41,41099,1,1,1,7,RD 59,47.34964,1.610763
202000020292,28,4,2020,10,1,15,15111,1,1,3,3,D130,45.364132,2.452848
202000020293,26,4,2020,21,2,72,72156,1,1,1,6,La Reine Bouviere,48.1015171,0.6876987
202000020294,24,4,2020,23,3,07,07110,1,1,1,6,,44.4659885,4.2285513
202000020295,27,4,2020,8,1,85,85004,1,1,1,3,,46.41972,-1.40458
202000020296,24,4,2020,19,1,27,27181,1,1,1,7,D59,48.799825,1.254759
202000020297,27,4,2020,14,1,30,30147,1,1,1,7,CD 982,44.024487,4.068702
202000020298,18,4,2020,20,3,49,49092,1,2,1,6,Lieu Dit le Plessis (Chanzeaux),47.269508,-0.621342
202000020299,28,4,2020,8,1,973,97309,1,1,2,4,N 3 (rn3),4.901765,-52.303934
202000020300,27,4,2020,18,1,77,77283,2,4,1,3,46 Rue de Soissons - D405/D94,49.074259,3.024223
202000020301,28,4,2020,8,1,91,91630,2,3,1,3,21 rue du village,48.566277,2.068679
202000020302,27,4,2020,17,1,73,73197,2,3,1,6,Rue des Monts d'Argent,45.547026,6.755599
202000020303,27,4,2020,19,1,60,60446,2,1,1,7,D922,49.140181,2.789225
202000020304,25,4,2020,15,1,33,33167,1,1,2,6,ROUTE NATIONALE 230,44.82292,-0.51285
202000020305,26,2,2020,10,1,92,92002,2,2,2,6,JEAN MOULIN (RUE),48.75312,2.30675
202000020306,26,4,2020,16,1,988,98818,2,3,1,7,RUE PIERRE SAUVAN,-22.29801,166.4487
202000020307,25,4,2020,23,5,988,98818,2,1,1,6,VE1 SENS NORD/SUD,-22.25968,166.44495
202000020308,25,4,2020,18,5,988,98818,2,1,1,6,N°8 RUE DU 5 MAI ,-22.2667,166.46185
202000020309,26,4,2020,22,5,976,97611,2,9,1,6,tsoundzou-Kadjifouni ( rue ),-12.8069,45.20785
202000020310,26,4,2020,17,1,69,69259,2,2,1,3,MARTYRS DE LA RESISTANCE (DES)      (AV),45.69077,4.86628
202000020311,24,4,2020,17,1,77,77152,2,1,1,7,CAMUS(AVENUE ALBERT),48.52016,2.64045
202000020312,25,4,2020,17,1,59,59526,2,3,1,3,RUE HENRI DURRE,50.44021,3.4316
202000020313,26,4,2020,9,1,06,06069,2,3,1,3,SAINT MATHIEU (ROUTE ET PLACE),43.657469,6.933417
202000020314,26,4,2020,6,2,75,75120,2,7,1,6,RUE CHARLES ET ROBERT,48.853671,2.413206
202000020315,26,4,2020,12,1,94,94078,2,1,1,7,HUIT MAI 1945 (AV DU),48.72477,2.44493
202000020316,26,4,2020,16,1,93,93066,2,2,1,3,"""STALINGRAND (AV), NR 2-86 ET 1 SUIVANTS",48.9443,2.3573
202000020317,26,4,2020,15,1,93,93006,2,1,1,2,CARNOT RUE SADI,48.867,2.418
202000020318,26,4,2020,18,1,93,93079,2,1,1,3,DIVISION LECLERC (AV),48.9533516,2.3436439
202000020319,26,4,2020,16,1,92,92020,2,1,1,3,BERANGER RUE,48.8061233,2.2817904
202000020320,26,4,2020,14,1,37,37187,2,1,1,6,4 Rue du Coteau,47.0291245,0.5448607
202000020321,26,4,2020,19,1,37,37123,1,1,1,6,Les Coutures,47.3353481,0.3985261
202000020322,27,4,2020,15,1,91,91340,1,1,1,6,Rue de Mennecy,48.591703,2.428719
202000020323,26,4,2020,18,1,33,33332,1,1,1,6,D123,45.02394,9e-06
202000020324,27,4,2020,9,1,06,06161,1,1,1,5,Route Nationale 7,43.627859,7.133766
202000020325,26,4,2020,19,1,79,79150,1,1,1,7,,46.142452,0.214727
202000020326,27,4,2020,13,1,60,60260,2,1,1,6,10 Rue de Villers,49.278549,2.942073
202000020327,25,4,2020,18,1,51,51612,1,1,1,7,D38,48.954342,3.9939145
202000020328,26,4,2020,0,3,56,56061,1,1,1,6,Rue Saint Vincent,47.7568812,-2.1450034
202000020329,27,4,2020,11,1,2B,2B319,2,2,1,2,Figareto,42.415433,9.529663
202000020330,26,4,2020,5,5,01,01263,2,3,2,6,96 Avenue du Marquet,46.0806485,4.7691212
202000020331,25,4,2020,9,1,70,70533,1,1,1,7,29 rue de Vellefrange,47.4282736,5.8314671
202000020332,27,4,2020,9,1,58,58059,2,1,1,6,3 Rue de Gerigny,47.179402,3.025146
202000020333,26,4,2020,14,1,40,40243,2,4,1,6,Avenue Frédéric Bastiat,43.934429,-0.922481
202000020334,26,4,2020,23,3,52,52370,1,1,1,7,"route  communale ""crète haut de guillencourt""",48.5058622,5.2272163
202000020335,27,4,2020,13,1,38,38052,1,1,8,6,D1091,45.1048,6.008
202000020336,27,4,2020,10,1,59,59435,1,9,1,3,4 Route de Tournai,50.497186,3.265691
202000020337,26,4,2020,15,1,13,13055,1,1,1,6,A507 sens Aubagne- Marseille,43.3157928,5.4225308
202000020338,24,4,2020,20,3,78,78423,1,1,1,7,RN12,48.7962,2.0457
202000020339,26,4,2020,20,1,92,92078,1,1,1,7,AUTOROUTE A86,48.92746,2.33353
202000020340,25,2,2020,8,1,95,95680,1,1,1,4,RD 970,49.0099,2.4215
202000020341,25,4,2020,19,3,971,97101,1,1,1,6,ROUTE DE CHAZEAU,16.2959729,-61.4760152
202000020342,25,4,2020,10,1,91,91201,2,1,1,6,HENRI BARBUSSE(BOULEVARD),48.67012,2.41442
202000020343,25,4,2020,15,1,64,64445,2,1,7,3,Bd du Commandant Rene Mouchotte,43.3053109,-0.3285242
202000020344,24,4,2020,12,1,60,60463,2,1,1,6,DEMAGNEZ (RUE),49.2683,2.47
202000020345,25,4,2020,14,1,35,35238,1,7,1,6,Square des Hautes Ourmes,48.08838,-1.64612
202000020346,25,4,2020,17,1,33,33281,2,3,1,3,AVE PIERRE MENDES-FRANCE / PARKING JARDILAND,44.8344,-0.6408
202000020347,25,4,2020,19,1,29,29039,2,2,1,1,D322 - Rue de Trégunc,47.87426,-3.90523
202000020348,25,4,2020,11,1,27,27681,2,3,1,6,SOLEIL (RUE DU),49.09264,1.48489
202000020349,25,4,2020,18,1,10,10325,2,1,1,6,PAUL VALERY (RUE),48.2674,4.0858
202000020350,25,4,2020,12,1,94,94017,2,1,1,2,GABRIEL PERI (BD),48.81856,2.49994
202000020351,25,4,2020,12,1,94,94017,2,3,1,3,MAXIME GORKI (AV),48.81799,2.48602
202000020352,25,4,2020,17,1,93,93005,2,1,1,6,NONNEVILLE (AVENUE DE),48.925221,2.504701
202000020353,24,4,2020,20,2,37,37175,1,1,1,6,D47,47.5522308,0.7869941
202000020354,15,3,2020,16,1,51,51531,1,1,1,7,D216,48.774155,4.900675
202000020355,26,4,2020,17,1,10,10396,1,1,1,1,Route de Troyes,48.228807,3.929983
202000020356,26,4,2020,0,3,57,57226,1,1,1,7,D59a,49.361806,5.957508
202000020357,25,4,2020,3,3,57,57461,1,1,1,1,D44bis,48.658312,7.033562
202000020358,22,4,2020,18,1,56,56097,1,1,1,6,Moulin de Plusquen,47.757236,-3.085234
202000020359,24,4,2020,21,3,71,71161,1,1,1,7,Rue le Chêne,46.5966673,3.9954432
202000020360,26,4,2020,7,2,46,46024,1,1,1,7,Lieu Dit Fontalba,44.889854,1.879672
202000020361,25,4,2020,16,1,25,25213,1,1,1,7,Le Bois Jeunet,47.194612,6.806175
202000020362,25,4,2020,20,1,72,72022,1,1,1,3,L'ARCHE,47.75538,-0.16902
202000020363,24,4,2020,17,1,04,04088,2,1,3,2,RD 16 - Av Claude Delorme,43.962729,5.790202
202000020364,25,4,2020,20,2,23,23217,1,1,3,3,d5,45.931782,1.540747
202000020365,25,4,2020,10,1,87,87110,1,1,1,3,D3,45.944876,1.023096
202000020366,26,4,2020,14,1,52,52423,1,1,1,6,D674,48.261941,5.351157
202000020367,26,4,2020,15,1,08,08502,2,1,1,6,Rue de la Rocaille,49.565748,5.013601
202000020368,25,4,2020,9,1,08,08212,1,1,1,6,route départementale 8043,49.829692,4.565699
202000020369,24,4,2020,18,1,06,06088,1,1,1,1,A8 - PK 186.000 chaussée sud,43.671721,7.201495
202000020370,25,4,2020,18,5,971,97128,1,1,1,6,Route de l'Escale,16.256612,-61.429413
202000020371,26,4,2020,16,1,77,77126,1,1,1,1,D121,49.0137124,2.9488313
202000020372,8,3,2020,13,1,84,84141,2,1,1,2,Allée Louis Montagnat,43.962249,4.899006
202000020373,14,4,2020,8,1,74,74087,2,1,1,3,691 Route d''Annemasse,46.132345,6.337368
202000020374,25,4,2020,23,3,42,42124,1,1,1,6,Route de Sallecroix,45.3737661,4.6900906
202000020375,16,4,2020,18,1,35,35333,1,1,1,6,Lieu Dit l'Epine,47.922813,-1.436194
202000020376,25,4,2020,10,1,33,33192,1,1,1,6,AUTOROUTE A 63,44.78905,-0.6203
202000020377,24,4,2020,17,1,93,93066,1,1,1,2,AUTOROUTE A1,48.91479,2.35765
202000020378,23,4,2020,17,1,988,98818,2,3,1,3,ROUTE DE L'ANSE VATA/RUE THOMY CELIERES,-22.29601,166.44518
202000020379,23,4,2020,16,1,974,97416,1,1,1,6,Route Nationale 3,-21.30355,55.49978
202000020380,23,4,2020,16,1,974,97411,2,2,1,3,LABOURDONNAIS,-20.8766,55.4479
202000020381,23,4,2020,19,3,972,97213,1,1,1,1,DEPARTEMENTALE 28,14.632903,-60.97072
202000020382,24,4,2020,10,1,972,97209,1,1,1,3,CHATEAUBOEUF (ROUTE DE),14.61766,-61.04665
202000020383,24,4,2020,15,1,971,97113,2,1,1,6,AMEDE CLARA,16.2055433,-61.4925438
202000020384,13,4,2020,12,1,95,95555,2,1,1,2,FOCH (BOULEVARD DU MARECHAL),48.964717,2.286477
202000020385,24,4,2020,13,1,91,91549,2,1,1,3,FERMES (RUE DES),48.628185,2.343235
202000020386,23,4,2020,17,1,76,76341,1,1,1,6,RD 6015,49.50478,0.19408
202000020387,24,4,2020,2,5,67,67482,2,3,1,7,40 Rue Mathias Grünewald,48.5664658,7.7203336
202000020388,21,4,2020,18,1,64,64483,2,1,3,1,ASCAIN (ROUTE D'),43.377594,-1.637757
202000020389,23,4,2020,7,2,60,60159,2,2,1,3,AMEDEE BOUQUEREL,49.40745,2.82664
202000020390,22,2,2020,22,5,60,60057,2,1,1,2,WAGE (RUE DU),49.42705,2.09516
202000020391,22,4,2020,12,1,49,49328,1,2,1,3,VERRIE D 161 (ROUTE DE),47.2722,-0.12785
202000020392,23,4,2020,21,5,45,45208,2,1,1,7,Rue du Faubourg de la Chaussee,47.99799,2.74159
202000020393,24,4,2020,8,1,38,38169,2,2,1,3,Rue Engels,45.19863,5.68521
202000020394,24,4,2020,15,1,34,34172,2,3,1,3,LODEVE (ROUTE DE),43.61468,3.82978
202000020395,24,4,2020,15,1,33,33063,1,9,1,6,BD ALIENOR D'AQUITAINE,44.87843,-0.56323
202000020396,13,3,2020,17,1,33,33063,2,3,1,6,RUE D'ARMAGNAC / RUE DU TRI POSTAL,44.82147,-0.55223
202000020397,23,4,2020,16,1,31,31555,2,1,1,4,ZAY (AV JEAN) DU 11AU 49,43.64948,1.43098
202000020398,26,2,2020,10,1,29,29019,2,1,7,6,Avenue Victor le Gorgeu,48.401433,-4.50134
202000020399,21,1,2020,8,2,77,77243,2,1,8,6,CAVALLO PEDUZZI (RUE),48.86971,2.70828
202000020400,20,1,2020,7,1,76,76497,1,1,1,6,VOIE RAPIDE SUD 3 (RN 338),49.3805,1.04845
202000020401,17,1,2020,17,1,76,76575,2,2,1,3,CPAM (RUE LAZARE CARNOT),49.3796394,1.107645
202000020402,20,1,2020,16,1,74,74012,2,1,1,-1,AMOUREUX (RUE DES),46.191,6.236109
202000020403,20,1,2020,18,5,71,71306,2,4,1,1,Rue Jean Didier,46.656247,4.3498119
202000020404,21,1,2020,16,1,69,69275,2,1,1,2,JEAN JAURES                         (AV),45.77189,4.97801
202000020405,20,1,2020,6,5,69,69275,2,3,1,3,CHARLES DE GAULLE                   (BD),45.74726,4.93654
202000020406,20,1,2020,21,3,67,67218,1,1,1,6,RHIN (ROUTE DU),48.50506,7.73129
202000020407,20,1,2020,9,1,67,67482,2,1,1,-1,LIVIO (RUE),48.5522147,7.7403255
202000020408,21,1,2020,9,1,66,66136,2,1,1,4,PRADES (AVENUE DE),42.68956,2.83184
202000020409,18,1,2020,10,1,66,66136,2,2,1,3,THENARD,42.67568,2.84426
202000020410,21,1,2020,21,3,65,65286,1,1,1,6,VIZENS (AVENUE DE),43.10071,-0.072688
202000020411,20,1,2020,18,5,64,64102,2,1,1,3,HENRI DE NAVARRE (AVENUE),43.5117,-1.4402
202000020412,20,1,2020,16,1,64,64102,2,1,1,7,MAUBEC (RUE),43.49701,-1.46836
202000020413,20,1,2020,15,1,63,63113,2,1,1,2,FRANCE (RUE ANATOLE),45.77843,3.10969
202000020414,21,1,2020,15,1,60,60057,2,1,7,6,VERLAINE PAUL (RUE),49.4151264,2.0724946
202000020415,17,1,2020,8,2,59,59512,2,1,1,6,MONTGOLFIER (RUE),50.681,3.18524
202000020416,21,1,2020,19,5,59,59392,2,2,1,6,FRANKLIN ROOSEVELT (AVENUE),50.279105,3.971165
202000020417,17,1,2020,19,5,59,59009,2,1,1,6,FLANDRE AVENUEE DE,50.66442,3.14567
202000020418,17,1,2020,18,5,57,57019,2,1,1,7,ROMAINS (RUE DES),49.26132,6.14217
202000020419,20,1,2020,17,1,56,56121,2,3,1,3,GUIEYSSE (RUE  PAUL ),47.7576828,-3.3728001
202000020420,20,1,2020,14,1,56,56121,2,6,7,6,KERGROISE ( AVE DE ),47.73579,-3.36552
202000020421,20,1,2020,17,2,54,54274,2,2,1,1,OPALINSKA (rue Catherine),48.665925,6.197674
202000020422,20,1,2020,9,1,51,51493,2,1,8,7,Boulevard du Val de Vesle,49.2226571,4.1031969
202000020423,20,1,2020,16,1,49,49020,2,1,1,7,PATTON AVENUE,47.47313,-0.60222
202000020424,20,1,2020,14,1,49,49007,2,1,1,-1,ATLANTIQUE  AVENUE DE L',47.4695,-0.59429
202000020425,20,1,2020,8,1,49,49007,2,1,1,6,DUNANT BOULEVARD,47.48335,-0.52659
202000020426,21,1,2020,8,1,45,45286,2,3,1,3,Rue des Epiceas - Rue de rosette,47.89035,1.94121
202000020427,20,1,2020,12,1,45,45285,2,1,1,2,Rue Charles Beauhaire,47.91394,1.87166
202000020428,20,1,2020,17,5,44,44184,2,1,1,6,BOULEVARD PIERRE DE COUBERTIN,47.2734256,-2.2320333
202000020429,21,1,2020,22,5,44,44109,2,1,1,3,BOULEVARD ROBERT SCHUMAN,47.2360541,-1.5681985
202000020430,17,1,2020,18,2,40,40281,1,1,1,5,ROCADE SUD (RD 824),43.866,-0.50168
202000020431,21,1,2020,21,5,35,35238,2,2,1,3,MAGENTA (BD),48.10692,-1.67438
202000020432,21,1,2020,19,5,35,35238,2,2,1,3,BOURGEOIS (BOULEVARD LEON),48.09807,-1.65561
202000020433,21,1,2020,14,1,35,35238,2,2,1,3,RICHEPIN (JEAN),48.12326,-1.66279
202000020434,21,1,2020,8,4,35,35238,2,1,1,6,CANADA (AVENUE DU),48.08788,-1.68214
202000020435,21,1,2020,17,1,34,34172,2,1,8,6,ANTIGONE (BOULEVARD D'),43.609188,3.888256
202000020436,21,1,2020,13,1,33,33318,2,2,1,3,RUE DE FRANCE / RUE DES GRAVIERES,44.7925,-0.66726
202000020437,21,1,2020,14,1,33,33529,1,6,1,2,RD112 AV ST-EXUPERY / RN 250,44.61698,-1.13819
202000020438,21,1,2020,9,1,27,27681,2,1,1,6,ROUEN (AVENUE DE),49.099703,1.4735
202000020439,20,1,2020,13,1,19,19031,2,6,1,3,DUBAYLE (RUE ANTOINE),45.14277,1.49125
202000020440,20,1,2020,10,1,19,19031,2,2,1,3,JAURES (AVENUE JEAN),45.15414,1.52991
202000020441,20,1,2020,4,5,18,18033,2,5,1,3,SANTOS-DUMONT (BOULEVARD),47.07128,2.38853
202000020442,21,1,2020,7,5,16,16015,2,1,1,6,3 Boulevard Denfert Rochereau,45.649178,0.175071
202000020443,21,1,2020,18,2,14,14341,2,1,1,3,ECHANGEUR N° 12 ( IFS ),49.14702,-0.34838
202000020444,22,1,2020,0,4,13,13214,2,1,1,6,BESSONS (CHEMIN DES),43.3408401,5.391621
202000020445,21,1,2020,19,5,13,13002,2,3,1,3,JEAN GIONO (AVENUE),43.33408,5.48061
202000020446,21,1,2020,19,5,13,13205,2,1,1,3,SAKAKINI (BOULEVARD),43.29271,5.401403
202000020447,21,1,2020,6,5,13,13203,2,9,1,6,KLEBER (RUE),43.30746,5.374606
202000020448,20,1,2020,11,1,13,13212,2,1,1,3,CAILLOLS (AVENUE DES),43.303887,5.436208
202000020449,20,1,2020,23,5,13,13212,2,1,1,6,WILLIAM BOOTH (AVENUE),43.294584,5.443062
202000020450,20,1,2020,15,1,13,13202,2,2,1,3,PEYSONNEL (RUE),43.31538,5.36816
202000020451,20,1,2020,11,1,13,13210,2,7,8,3,GÉNÉRAL FERRIE (PLACE),43.277588,5.399196
202000020452,21,1,2020,15,1,09,09122,2,1,1,7,FAURE (COURS GABRIEL),42.963761,1.60577
202000020453,20,1,2020,9,1,08,08298,2,1,4,3,MABILLE E.,49.79183,4.74137
202000020454,21,1,2020,7,2,06,06088,2,2,8,6,TURIN (RTE DE),43.71439,7.28424
202000020455,21,1,2020,19,5,06,06069,2,1,1,3,DE LATTRE DE TASSIGNY (AVENUE DU MARECHA,43.6479,6.9275
202000020456,21,1,2020,7,2,06,06069,2,3,1,3,POMPIDOU (AVENUE GEORGES) -RD 6085,43.64747,6.93631
202000020457,13,1,2020,8,2,06,06004,2,1,4,6,CISTES RUE ET CARREFOUR DES,43.61151,7.07
202000020458,18,1,2020,1,4,05,05061,2,6,9,6,FRANCOIS MITTERAND (AVENUE),44.5454411,6.062931
202000020459,21,1,2020,11,1,75,75116,2,4,1,2,BD PERIPHERIQUE INTERIEUR,48.8369344,2.2554454
202000020460,20,1,2020,13,1,75,75120,2,1,1,3,BD PERIPHERIQUE EXTERIEUR,48.870563,2.413456
202000020461,21,1,2020,9,1,75,75112,2,1,1,6,QUAI DE BERCY,48.8374545,2.3777396
202000020462,20,1,2020,13,1,75,75114,2,1,1,6,RUE RAYMOND LOSSERAND,48.83334,2.316975
202000020463,21,1,2020,10,1,75,75106,2,7,1,2,PLACE DU DIX HUIT JUIN 1940,48.844036,2.323368
202000020464,21,1,2020,10,1,75,75120,2,2,1,3,RUE PELLEPORT,48.8646848,2.4041377
202000020465,21,1,2020,16,1,75,75119,2,1,1,3,AVENUE DE LA PORTE DE PANTIN,48.890238,2.398002
202000020466,21,1,2020,15,1,75,75117,2,1,1,6,BOULEVARD MALESHERBES,48.88917,2.30417
202000020467,21,1,2020,15,1,75,75117,2,2,1,3,AVENUE DES TERNES,48.879987,2.288396
202000020468,20,1,2020,14,1,75,75117,2,4,1,3,BOULEVARD PERSHING,48.8818462,2.2855653
202000020469,21,1,2020,14,1,75,75116,2,1,1,6,AVENUE FOCH,48.8724496,2.2831044
202000020470,21,1,2020,1,5,75,75116,2,1,1,1,AVENUE KLEBER,48.866092,2.289464
202000020471,21,1,2020,15,1,75,75114,2,7,1,3,PLACE DE CATALOGNE,48.8372487,2.3187624
202000020472,21,1,2020,8,1,75,75112,2,1,1,3,BOULEVARD PONIATOWSKI,48.829062,2.38974
202000020473,20,1,2020,13,1,75,75111,2,1,1,6,RUE DU FAUBOURG SAINT ANTOINE,48.851766,2.374262