Num_Acc,jour,mois,an,hr,condition_eclairage,departement,commune,condition_agglomeration,intersection,condition_atmosphere,type_collision,adresse,lattitude,longitude
202000020474,21,1,2020,10,1,75,75108,2,2,1,3,AVENUE FRANKLIN D ROOSEVELT,48.870541,2.310036
202000020475,21,1,2020,9,1,75,75108,2,3,1,2,RUE DE BERRI,48.8714521,2.3023577
202000020476,21,1,2020,8,2,94,94078,2,1,9,7,CHOISY (AV DE),48.73756,2.4461
202000020477,20,1,2020,17,5,94,94068,2,1,1,1,MARECHAL LYAUTEY (AV DU),48.79091,2.486781
202000020478,21,1,2020,14,1,94,94076,2,1,1,2,VERDUN (R DE),48.79075,2.35325
202000020479,20,1,2020,21,3,94,94076,2,1,1,-1,PARIS (AV DE),48.80608,2.364
202000020480,20,1,2020,7,2,94,94076,2,1,1,6,CHASTENET DE GERY (BD),48.80798,2.357251
202000020481,21,1,2020,9,1,94,94054,2,2,1,3,PAUL VAILLANT COUTURIER (R),48.745,2.4001
202000020482,21,1,2020,12,1,93,93078,2,9,1,6,CLEMENCEAU (AVENUE GEORGES),48.9535419,2.5625991
202000020483,21,1,2020,9,1,93,93073,1,4,1,2,RTE DE LA CROIX AU PLATRE,48.9838,2.54134
202000020484,21,1,2020,17,2,93,93070,2,9,1,3,SEINE (QUAI DE),48.91475,2.31957
202000020485,20,1,2020,13,1,93,93077,2,1,1,3,AV DE ROSNY,48.88524,2.50375
202000020486,21,1,2020,18,5,93,93053,2,3,1,5,PARIS (RUE DE),48.9022338,2.4621472
202000020487,20,1,2020,22,5,93,93051,2,4,1,6,QUATRE SAISONS,48.8474297,2.5491666
202000020488,21,1,2020,17,1,93,93048,2,1,1,6,CLOS FRANCAIS (RUE DES),48.8655,2.4321
202000020489,20,1,2020,8,1,93,93063,2,9,1,6,ARAGO RUE,48.8738188,2.4383268
202000020490,21,1,2020,9,1,93,93031,2,1,1,3,AV DE LA REPUBLIQUE,48.9495766,2.330924
202000020491,21,1,2020,12,1,93,93013,2,3,1,3,ROLLAND (RUE DU CDT),48.93309,2.42842
202000020492,21,1,2020,21,5,93,93007,2,4,1,6,"""PAUL VAILLANT COUTURIER (AVENUE """"DU 13",48.9294062,2.48014
202000020493,20,1,2020,10,1,92,92075,2,1,1,1,LARMEROUX (RUE),48.817,2.2814
202000020494,20,1,2020,18,5,92,92077,2,1,1,2,SEVRES (RUE DE),48.8261,2.1957
202000020495,20,1,2020,13,1,92,92064,2,9,1,6,GEORGES CLEMENCEAU,48.84165,2.221912
202000020496,20,1,2020,12,1,92,92050,2,2,1,3,ACACIAS RUE DES,48.90132,2.19231
202000020497,19,1,2020,22,5,92,92036,2,1,1,2,PRINCIPALE DU PORT (ROUTE) (1/17),48.941159,2.296175
202000020498,20,1,2020,16,1,92,92036,2,2,1,3,HENRI BARBUSSE (RUE) (1/35)/ RUE HENRI BARBUSSE,48.9212,2.29939
202000020499,20,1,2020,19,2,92,92025,2,2,1,3,STALINGRAD (AV DE),48.9357392,2.2606301
202000020500,20,1,2020,17,2,50,50493,1,1,1,6,12 Contour Ambroise Paré,48.83827,-1.462956
202000020501,19,1,2020,17,2,47,47100,1,1,1,1,N21,44.250268,0.650942
202000020502,20,1,2020,9,1,08,08403,2,1,9,1,Rue Georges Hachon,49.494278,4.363202
202000020503,22,1,2020,8,2,31,31022,2,1,2,6,20 Avenue des Pins,43.67447,1.425185
202000020504,21,1,2020,9,1,14,14027,1,1,1,1,Lieu Dit le Petit Hamel,49.0199523,-0.6461763
202000020505,21,1,2020,15,2,51,51486,1,1,7,2,D19,49.1550016,4.4055134
202000020506,11,1,2020,11,1,971,97109,2,3,2,2,80 Route des Marsouins,16.001492,-61.696773
202000020507,20,1,2020,17,1,971,97132,1,4,1,2,Sapotille,15.987755,-61.617873
202000020508,22,1,2020,14,1,72,72058,1,1,1,1,La Poire Tapee,47.959418,0.302795
202000020509,21,1,2020,15,1,34,34077,1,1,1,1,boulevard de l'Auriol RD65,43.650621,3.883544
202000020510,21,1,2020,8,1,81,81120,2,6,1,6,Avenue Francois Mitterrand,43.54026,2.264286
202000020511,22,1,2020,15,1,89,89391,1,1,1,1,D976,48.365716,3.23307
202000020512,21,1,2020,10,1,49,49043,1,1,1,6,D101,47.594096,-0.749828
202000020513,22,1,2020,7,2,49,49331,1,1,8,5,N162,47.704188,-0.709176
202000020514,21,1,2020,17,1,49,49211,1,2,1,1,intersection VC8 et D120,47.189042,-0.526314
202000020515,20,1,2020,7,2,35,35040,1,1,1,2,Route de l'abbaye,48.133673,-1.939564
202000020516,19,1,2020,17,2,29,29160,2,1,7,6,58 Rue Marechal Leclerc,48.506071,-4.420968
202000020517,22,1,2020,7,2,54,54415,1,1,1,4,D952,48.998786,6.035335
202000020518,21,1,2020,23,3,60,60191,1,1,5,1,D1017,49.558998,2.6987453
202000020519,21,1,2020,7,2,40,40046,2,2,1,3,Avenue de la Judée,44.389165,-1.165058
202000020520,21,1,2020,20,3,24,24460,1,1,1,5,Les Bigoussies,45.25122,0.403204
202000020521,22,1,2020,8,2,85,85288,2,1,1,6,403 Avenue de Luçon,46.46499,-1.60668
202000020522,22,1,2020,7,5,27,27056,2,7,1,6,51 Rue Alphonse Assegond,49.087905,0.5923
202000020523,22,1,2020,13,1,28,28236,1,1,1,7,169 La Herperie,48.34677,0.885885
202000020524,21,1,2020,13,1,37,37111,1,1,1,6,Mertier,47.134804,1.0986269
202000020525,21,1,2020,6,3,49,49218,1,1,1,1,RD 752,47.256732,-1.021939
202000020526,22,1,2020,19,3,03,03118,1,1,1,2,A71,46.1083008,3.1383884
202000020527,22,1,2020,11,1,31,31451,1,1,3,3,Route de Castelnaudary,43.44978,1.97181
202000020528,16,1,2020,12,1,74,74081,2,6,1,1,Avenue des Lacs,46.071409,6.556787
202000020529,20,1,2020,16,1,49,49007,1,1,1,5,A11,47.492067,-0.530853
202000020530,21,1,2020,19,3,988,98825,1,1,1,7,Route de la Presqu'ile,-21.120944,164.950474
202000020531,18,1,2020,18,2,973,97304,1,1,1,3,RN1 PK 50+200,5.1100664,-52.6406408
202000020532,22,1,2020,12,1,29,29233,2,1,1,-1,D765 - Rue de Quimper,47.8725512,-3.5467552
202000020533,17,1,2020,8,1,91,91041,1,1,2,2,Route Nationale 20,48.573587,2.235391
202000020534,20,1,2020,23,3,91,91148,2,1,1,6,31 Grande Rue,48.503453,2.168783
202000020535,22,1,2020,9,1,2A,2A247,1,2,1,3,RT 10,41.639886,9.294648
202000020536,22,1,2020,8,1,83,83106,1,9,8,1,Fray Redon,43.316412,6.075402
202000020537,21,1,2020,17,2,52,52269,2,1,1,6,Rue Vernier et Collot,47.844767,5.331615
202000020538,18,1,2020,20,5,73,73213,2,1,1,3,Route de Barby,45.571469,5.960699
202000020539,21,1,2020,10,1,38,38382,2,4,1,3,Rue de la Biolle,45.238779,5.667604
202000020540,21,1,2020,18,5,85,85222,2,1,1,6,31 Quai du Port Fidèle,46.694925,-1.933653
202000020541,6,1,2020,7,3,49,49301,1,3,1,1,Les Douinières,47.12683,-1.038211
202000020542,21,1,2020,21,5,60,60612,2,1,9,6,12 Rue du Moulin Saint-rieul,49.209738,2.586826
202000020543,20,1,2020,9,1,13,13055,2,1,1,2,A507 sens Marseille - Aubagne,43.286017,5.425437
202000020544,13,1,2020,2,5,69,69199,1,1,1,3,A7,45.686949,4.846341
202000020545,17,1,2020,23,3,01,01249,1,1,1,4,A42   6.290 A 8.310,45.815236,4.962277
202000020546,16,1,2020,17,3,69,69297,1,1,1,5,A7   ,45.6075689,4.8026546
202000020547,20,1,2020,6,3,69,69256,1,1,1,2,RN 346 ,45.7961861,4.9445686
202000020548,16,1,2020,13,1,67,67389,1,1,1,2,Autoroute A4,48.6521418,7.7355545
202000020549,21,1,2020,17,2,94,94038,1,1,1,2,AUTOROUTE A6A,48.78765,2.3452
202000020550,21,1,2020,8,1,78,78126,1,1,1,2,A13,48.839355,2.119048
202000020551,21,1,2020,7,3,78,78423,1,1,1,3,RN12,48.794372,2.050056
202000020552,20,1,2020,20,3,92,92036,1,1,1,2,RN315 Y,48.9309388,2.302242
202000020553,18,1,2020,4,5,78,78133,1,1,1,2,A13,48.889,2.01078
202000020554,20,1,2020,7,3,93,93013,1,1,1,4,AUTOROUTE A1,48.94132,2.42695
202000020555,19,1,2020,15,1,93,93005,1,1,1,2,AUTOROUTE A1,48.96056,2.46796
202000020556,19,1,2020,8,1,93,93066,1,1,1,4,AUTOROUTE A1,48.93595,2.37219
202000020557,21,1,2020,10,1,94,94033,1,1,1,3,A86.EXT,48.85423,2.48882
202000020558,21,1,2020,8,1,94,94022,1,1,1,3,A86 INT,48.7763087,2.424266
202000020559,20,1,2020,11,1,77,77055,1,1,1,2,A104.EXT,48.9016285,2.6509328
202000020560,19,1,2020,15,1,94,94034,2,3,1,1,JEAN JAURES (BD),48.75433,2.31451
202000020561,20,1,2020,9,1,974,97411,1,1,8,4,Boulevard Jean Jaures,-20.888522,55.445128
202000020562,20,1,2020,9,1,974,97411,1,1,8,2,JAURES (BOULEVARD JEAN),-20.8872,55.4405
202000020563,20,1,2020,18,1,973,97302,2,1,1,3,MORTIN (CITE),4.9161107,-52.3266041
202000020564,20,1,2020,18,2,69,69383,2,1,2,2,GAMBETTA                            (CO),45.7527972,4.8504156
202000020565,20,1,2020,8,1,69,69387,2,2,1,6,BERTHELOT                           (AV),45.74515,4.84197
202000020566,20,1,2020,8,1,972,97213,2,3,1,1,ROUTE DEPARTEMENTALE 15,14.62625,-61.00792
202000020567,19,1,2020,20,5,972,97213,1,9,1,4,AUTOROUTE A1,14.618,-61.034
202000020568,20,1,2020,0,5,971,97113,1,1,1,1,SECTION DUNOYER,16.2081,-61.4646
202000020569,20,1,2020,8,1,95,95277,2,1,8,3,SOUVENIR FRANCAIS (PLACE DU),48.99269,2.454892
202000020570,20,1,2020,11,1,91,91174,2,1,7,6,Général De Gaulle,48.615497,2.458935
202000020571,20,1,2020,7,1,91,91347,2,2,1,3,TEMPLIERS (ROUTE DES),48.64424,2.2816
202000020572,18,1,2020,2,5,86,86194,2,1,1,1,Voie André Malraux,46.58359,0.35688
202000020573,18,1,2020,21,5,86,86194,2,1,1,7,Pace Jean de Berry,46.59056,0.34044
202000020574,19,1,2020,5,5,84,84007,2,1,1,6,LYON (route de ),43.95304,4.83089
202000020575,19,1,2020,7,3,80,80164,1,1,2,7,CORBIE (ROUTE),49.90121,2.34436
202000020576,17,1,2020,15,1,80,80021,2,1,1,6,AMIRAL LEJEUNE (RUE DE L'),49.89292,2.29121
202000020577,20,1,2020,15,1,77,77513,2,1,1,6,PARIS (CHAUSSEE DE) - D603,48.95558,2.86583
202000020578,16,1,2020,19,5,76,76575,2,1,1,6,"rue de l'universite,MADRILLET. PARC TECHNOLOGIQUE DU",49.38522,1.07483
202000020579,18,1,2020,14,1,76,76351,2,4,1,3,VERDUN (RUE DE),49.5022494,0.1866872
202000020580,11,1,2020,23,5,76,76217,2,2,1,1,REPUBLIQUE (AVENUE DE LA),49.924585,1.103815
202000020581,20,1,2020,13,1,73,73065,2,1,7,6,CLEMENCEAU GEORGES (AVENUE),45.5624864,5.9050764
202000020582,16,1,2020,18,5,71,71153,2,9,1,3,Rue des Prés,46.80551,4.45726
202000020583,19,1,2020,9,1,67,67482,2,1,1,6,HOCHFELDEN (RUE DE),48.59825,7.72572
202000020584,17,1,2020,7,2,67,67482,2,1,1,3,BRUMATH (ROUTE DE),48.597183,7.741111
202000020585,17,1,2020,18,1,66,66136,1,1,1,3,,42.674625,2.864385
202000020586,18,1,2020,14,1,66,66136,2,1,1,-1,SCHMID,42.68263,2.88588
202000020587,20,1,2020,11,1,64,64269,1,6,1,3,TARBES DE,43.2992,-0.3072
202000020588,20,1,2020,12,1,64,64102,2,1,1,3,BARTHES (CHEMIN DES),43.49415,-1.4947
202000020589,20,1,2020,11,1,64,64140,2,1,1,7,BRAMARIE (RUE RAOUL),43.51662,-1.48641
202000020590,20,1,2020,8,1,64,64102,2,1,1,6,ARITXAGUE (BD D'),43.47685,-1.49003
202000020591,19,1,2020,11,1,63,63032,2,2,1,2,EUROPE (AVENUE DE L'),45.7549396,3.0968648
202000020592,17,1,2020,8,1,63,63075,2,1,1,3,CLAUSSAT (AVENUE JOSEPH),45.7827995,3.0629164
202000020593,18,1,2020,21,5,63,63113,2,1,1,2,VERCINGETORIX (AVENUE),45.77355,3.08684
202000020594,11,7,2020,7,1,77,77146,1,9,1,2,SOUBRIARDE (AVENUE DE LA) - D10P,48.8312341,2.64289
202000020595,9,7,2020,12,1,74,74133,2,2,1,3,VIGNES (RUE DES),46.1886,6.21564
202000020596,11,7,2020,16,1,67,67462,2,6,1,3,MAISON ROUGE (CARREFOUR),48.27608,7.46274
202000020597,7,7,2020,8,1,67,67180,1,1,1,4,RD 1340,48.793494,7.7509866
202000020598,12,7,2020,0,5,64,64122,2,1,1,7,IMPERATRICE (AVENUE DE L'),43.48672,-1.55495
202000020599,11,7,2020,13,1,64,64102,2,1,8,3,BASQUE (AVENUE DU GRAND),43.48827,-1.45976
202000020600,11,7,2020,19,1,45,45274,2,3,1,3,Rue de Saint-Denis,47.8787838,1.9551193
202000020601,11,7,2020,14,1,45,45232,2,2,1,3,Rue de Champagne-rue de l'Ardoux,47.84431,1.92006
202000020602,11,7,2020,8,1,44,44109,2,6,1,3,rues de la Bourgeonnière/Henri Picherit,47.25246,-1.5534
202000020603,10,7,2020,21,2,41,41018,2,1,1,7,COLOMBIER (RUE DU),47.57901,1.334
202000020604,11,7,2020,9,1,35,35051,1,1,1,2,RN157,48.1138,-1.55279
202000020605,11,7,2020,17,1,30,30189,1,3,1,2,Route Départementale 135,43.83705,4.43049
202000020606,11,7,2020,11,1,30,30189,2,1,1,6,FONTAINE (QUAI),43.8382,4.3483
202000020607,11,7,2020,15,1,29,29039,1,1,1,2, D783 - Pont du Moros,47.87934,-3.9047
202000020608,11,7,2020,2,5,17,17028,2,1,1,6,BEL AIR   RUE DE,46.137586,-1.126622
202000020609,11,7,2020,12,1,13,13117,2,1,1,1,CUGNOT ( AVENUE JOSEPH ),43.4728314,5.2343691
202000020610,7,7,2020,18,1,13,13204,2,3,1,6,GRANOUX (RUE),43.29872,5.3987
202000020611,10,7,2020,16,1,13,13005,2,1,1,4,RN 8,43.28501,5.55184
202000020612,11,7,2020,8,1,10,10387,2,1,1,2,GENERAL DE GAULLE (RUE DU),48.30058,4.07588
202000020613,11,7,2020,19,1,09,09122,1,1,1,1,RUFFIE,42.959403,1.588414
202000020614,11,7,2020,10,1,07,07316,1,1,1,6,LYON (ROUTE DE),44.90764,4.85354
202000020615,6,7,2020,19,1,03,03185,2,6,1,3,Rue Pierre Semard,46.3330671,2.604057
202000020616,10,7,2020,11,1,75,75105,2,2,8,3,QUAI DE LA TOURNELLE,48.849407,2.356786
202000020617,10,7,2020,20,1,75,75105,2,1,1,3,RUE SAINT JACQUES,48.852168,2.346318
202000020618,11,7,2020,7,1,75,75119,2,1,1,2,AVENUE DE FLANDRE,48.89456,2.381835
202000020619,11,7,2020,0,5,75,75119,2,2,1,3,AVENUE DE LA PORTE DES LILAS,48.877253,2.406794
202000020620,11,7,2020,16,1,75,75118,2,2,1,4,AVENUE DE LA PORTE DE LA CHAPELLE,48.898695,2.359356
202000020621,10,7,2020,23,5,75,75116,2,7,1,2,PLACE DU TROCADERO ET DU 11 NOVEMBRE,48.862964,2.287876
202000020622,11,7,2020,19,1,75,75113,2,5,1,6,RUE BOBILLOT,48.825805,2.350359
202000020623,11,7,2020,13,1,75,75113,2,1,1,2,RUE PIERRE JOSEPH DESAULT,48.821021,2.378473
202000020624,11,7,2020,8,1,75,75112,2,2,7,6,AVENUE DE SAINT MAURICE,48.83498,2.419791
202000020625,10,7,2020,17,1,75,75112,2,4,1,4,QUAI DE BERCY,48.834043,2.381438
202000020626,19,6,2020,15,1,75,75111,2,2,1,3,AVENUE PHILIPPE AUGUSTE,48.853558,2.392706
202000020627,11,7,2020,17,1,75,75108,2,7,1,6,BOULEVARD MALESHERBES,48.874732,2.319966
202000020628,10,7,2020,14,1,75,75108,2,2,1,6,AVENUE DES CHAMPS ELYSEES,48.873131,2.297065
202000020629,10,7,2020,23,5,75,75107,2,1,1,6,QUAI BRANLY,48.858626,2.292893
202000020630,11,7,2020,2,5,75,75101,2,7,1,7,PLACE DU CARROUSEL,48.860105,2.333377
202000020631,11,7,2020,19,1,75,75104,2,1,1,7,QUAI DES CELESTINS,48.852695,2.359518
202000020632,11,7,2020,18,1,94,94058,2,2,1,3,HUIT MAI 1945 (AV DU),48.85135,2.51082
202000020633,11,7,2020,10,1,94,94033,2,9,1,6,ROGER SALENGRO (R),48.8496,2.4898
202000020634,11,7,2020,19,1,94,94028,2,1,1,3,BILLOTTE.(AVE DU GAL PIERRE),48.77519,2.45621
202000020635,11,7,2020,13,1,94,94028,2,9,1,6,avenue de la POMPADOUR,48.77303,2.4349
202000020636,11,7,2020,14,1,94,94022,1,1,1,2,STALINGRAD (BD DE),48.7733,2.4022
202000020637,11,7,2020,19,1,94,94079,2,2,1,1,FRIEDBERG (BD DE),48.83504,2.54728
202000020638,11,7,2020,8,1,94,94017,2,1,1,6,REGARD DES LUATS (R DU),48.81677,2.5335
202000020639,11,7,2020,13,1,94,94070,1,1,1,4,PARIS (RTE DE),48.715824,2.573632
202000020640,11,7,2020,14,1,93,93073,2,3,1,3,PARC (AVENUE DU),48.95186,2.57485
202000020641,11,7,2020,9,1,93,93078,2,2,1,3,CLEMENCEAU (AVENUE GEORGES),48.9536019,2.5627155
202000020642,10,7,2020,23,5,93,93078,2,9,1,1,BD ROBERT BALLANGER,48.95596,2.5404
202000020643,11,7,2020,18,1,93,93046,2,1,1,-1,EUGENE MASSE RUE,48.92331,2.5446
202000020644,11,7,2020,22,5,93,93008,2,9,1,7,VAILLANT COUTURIER (AVENUE PAUL),48.9092805,2.4491143
202000020645,11,7,2020,18,1,93,93001,2,3,1,3,LEOPOLD RECHOSSIERE (RUE)  => 13/50,48.9144,2.38884
202000020646,11,7,2020,1,3,93,93001,2,7,1,6,GUYARD DELALAIN (RUE)  (PAIR),48.910627,2.38736
202000020647,9,7,2020,19,1,92,92044,2,1,1,6,VIC. HUGO(RUE)069A075 ET 080A088,48.8966856,2.2957832
202000020648,11,7,2020,11,1,92,92040,2,2,1,3,MARCEAU,48.8253311,2.27292
202000020649,11,7,2020,13,1,92,92025,2,7,1,1,GENERAL LECLERC (PLACE DU),48.922749,2.25249
202000020650,3,7,2020,12,1,84,84142,1,1,1,3,1963 Route de Velleron,43.944832,5.012255
202000020651,12,7,2020,9,1,28,28088,2,4,1,1,Route de Courtalain,48.068462,1.313623
202000020652,12,7,2020,0,5,28,28088,2,2,1,6,37 bis Rue de la République,48.070589,1.33204
202000020653,12,7,2020,12,1,41,41232,1,1,1,2,A71 - sens 2 - PK 159.500,47.397002,2.038806
202000020654,12,7,2020,13,1,52,52114,1,1,1,6,A5,48.056061,4.957269
202000020655,12,7,2020,11,1,68,68300,1,1,1,4,Rue de la Digue,47.796959,7.362701
202000020656,11,7,2020,14,1,38,38419,1,1,1,1,D1075,44.849875,5.620558
202000020657,11,7,2020,12,1,30,30334,1,1,1,1,D982,44.019631,4.430312
202000020658,12,7,2020,10,1,22,22185,1,1,1,-1,D44,48.383362,-2.475067
202000020659,12,7,2020,9,1,19,19004,1,1,1,7,D921,45.1375431,1.8612546
202000020660,12,7,2020,11,1,74,74282,2,2,1,3,Route du Béné,46.060321,6.226294
202000020661,12,7,2020,11,1,80,80017,1,1,1,1,D43,49.965932,2.950302
202000020662,11,7,2020,17,1,82,82025,1,2,1,3,Route de Finhan,43.946441,1.296422
202000020663,12,7,2020,4,2,89,89368,1,1,1,6,D7,47.653406,3.184533
202000020664,10,7,2020,21,2,89,89158,1,1,1,1,D104,47.495458,3.30976
202000020665,11,7,2020,19,1,49,49367,2,1,1,1,2 Place Saint Paul,47.630663,-0.801964
202000020666,11,7,2020,22,3,44,44096,1,3,1,3,La Cormerie,47.434006,-1.193186
202000020667,11,7,2020,16,1,29,29155,1,1,1,7,D81 - Route du Stiff,48.4658549,-5.077815
202000020668,11,7,2020,17,1,31,31451,1,1,1,6,Chemin de Montrevel,43.474851,1.993262
202000020669,11,7,2020,18,1,15,15050,2,1,1,6,D62,45.1653428,2.7094021
202000020670,12,7,2020,0,3,01,01138,1,6,1,6,Route de Culoz,45.849459,5.798271
202000020671,11,7,2020,22,3,14,14570,1,1,1,1,Route de Saint Cyr du Ronceray,49.0342367,0.3037983
202000020672,12,7,2020,1,5,05,05004,2,1,1,7,D514,44.632383,6.172471
202000020673,11,7,2020,19,1,90,90009,2,3,1,3,Rue des Déportés,47.484849,6.924661
202000020674,12,7,2020,16,1,73,73221,1,1,1,3,D927 - PR 15+965,45.31299,6.264991
202000020675,12,7,2020,7,1,73,73084,1,1,1,6,D1006,45.5209793,5.9971717
202000020676,11,7,2020,13,1,10,10268,2,9,1,3,1 Avenue des Droits de l'Homme,48.500306,3.509316
202000020677,11,7,2020,19,1,10,10255,1,1,1,7,D143,48.216441,4.285961
202000020678,12,7,2020,14,1,04,04135,1,1,1,4,Rte de Sainte Croix,43.84026,6.201197
202000020679,12,7,2020,1,5,28,28423,2,3,1,3,D18,48.555631,1.621519
202000020680,12,7,2020,10,1,17,17337,2,2,1,3,Rue de Chéray,45.984521,-1.373889
202000020681,11,7,2020,11,1,30,30339,2,1,1,1,Rue des Horts,44.080434,3.641288
202000020682,12,7,2020,9,1,49,49092,1,1,1,6,A87,47.2400474,-0.7293968
202000020683,7,7,2020,12,1,35,35275,2,3,1,1,La Janais,48.148336,-1.830071
202000020684,11,7,2020,21,3,973,97309,1,1,1,2,Route de la Matourienne,4.878118,-52.296483
202000020685,11,7,2020,4,3,62,62427,1,9,1,3,autoroute A1,50.397596,2.982734
202000020686,11,7,2020,23,3,33,33005,2,3,1,1,Boulevard du Page,44.762748,-1.06885
202000020687,13,7,2020,1,3,988,98813,1,1,1,7,ROUTE DE OUA TOM POPIDERY,-21.725238,165.807729
202000020688,11,7,2020,15,1,973,97306,1,1,1,1,Avenue Marie Eudore Beauvin,5.5470093,-53.4841759
202000020689,12,7,2020,11,1,77,77104,1,1,7,-1,D144,48.7029131,2.8117179
202000020690,12,7,2020,18,1,77,77478,1,1,1,7,D3E,48.9538746,3.0739832
202000020691,12,7,2020,6,1,34,34289,2,1,1,-1,Ancienne Route de Sète,43.394477,3.418078
202000020692,12,7,2020,2,5,70,70331,2,1,1,6,29 Rue d'Apremont,47.415718,5.53446
202000020693,8,7,2020,1,5,21,21292,2,1,1,3,21 Avenue de Sprendlingen,47.249514,5.224292
202000020694,12,7,2020,17,1,73,73248,1,3,7,3,D926,45.2598275,6.3237614
202000020695,12,7,2020,12,1,38,38252,1,1,1,1,Route Napoléon,45.08341,5.7467
202000020696,11,7,2020,21,5,16,16078,1,1,1,7,Rue des Platanes,45.694344,0.180042
202000020697,22,6,2020,18,1,33,33003,1,3,1,3,Chemin des Montferrand,44.954242,-0.517924
202000020698,10,7,2020,19,1,14,14762,2,1,1,7,Route des Vaux,48.83426,-0.892163
202000020699,10,7,2020,23,3,14,14250,1,1,1,6,Route d'Esquay,49.273144,-0.652396
202000020700,11,7,2020,20,1,35,35041,1,4,1,6,la sancerie,47.934229,-1.558514
202000020701,10,7,2020,19,1,13,13001,1,1,1,3,A51-Sens Marseille vers Aix en Provence,43.502358,5.407841
202000020702,10,7,2020,18,1,13,13085,1,1,1,2,A50-Sens Toulon vers Aubagne,43.2559,5.5938
202000020703,11,7,2020,18,1,91,91589,1,1,1,3,AUTOROUTE A6,48.67932,2.33388
202000020704,11,7,2020,15,1,94,94038,1,1,1,2,AUTOROUTE A6B,48.77793,2.34667
202000020705,11,7,2020,12,1,91,91589,1,1,1,2,AUTOROUTE A6,48.67837,2.33567
202000020706,10,7,2020,17,1,78,78297,1,1,1,4,RN12,48.79154,2.056081
202000020707,10,7,2020,17,1,92,92050,1,1,1,4,A86,48.9133678,2.2186271
202000020708,11,7,2020,15,1,93,93064,1,1,1,4,AUTOROUTE A86,48.87917,2.47633
202000020709,11,7,2020,1,3,93,93005,1,1,1,6,AUTOROUTE A3,48.94805,2.47589
202000020710,10,7,2020,9,1,95,95252,1,1,2,7, A115,48.98768,2.2429
202000020711,10,7,2020,9,1,94,94015,1,1,1,6,A4,48.83333,2.5167
202000020712,10,5,2020,5,2,02,02805,2,1,1,7,Albert CAMUS Rue,49.3783,3.36143
202000020713,9,7,2020,11,1,988,98818,2,1,1,3,RUE BLAISE PASCAL,-22.29914,166.44414
202000020714,9,7,2020,11,1,974,97411,2,1,1,6,MACE (ROUTE GABRIEL),-20.9156,55.4943
202000020715,10,7,2020,22,5,69,69387,2,1,2,7,MARSEILLE (DE)                      (R ),45.74933,4.83848
202000020716,10,7,2020,8,1,69,69387,2,1,1,3,FELIX FAURE                         (AV),45.7522532,4.8478525
202000020717,9,7,2020,16,1,69,69387,2,1,1,3,LECLERC                             (AV),45.7352072,4.8236599
202000020718,10,7,2020,19,5,972,97209,2,1,1,2,ENTRAIDE (ROUTE DE L'),14.62682,-61.05654
202000020719,10,7,2020,14,1,69,69385,2,1,1,3,DOCTEUR EDMOND LOCARD               (R ),45.7599356,4.7975329
202000020720,10,7,2020,8,1,69,69385,2,1,1,3,GARDE (DE LA)                           ,45.76483,4.78845
202000020721,10,7,2020,16,1,95,95585,2,1,1,6,RAVEL (BD MAURICE),48.9733,2.382
202000020722,9,7,2020,19,1,91,91432,2,1,1,1,VAL (AVENUE DU),48.696611,2.322922
202000020723,10,7,2020,20,1,91,91687,2,2,1,3,BOULEAUX (AVENUE DES),48.65445,2.36413
202000020724,10,7,2020,13,1,87,87085,2,1,1,3,BAC (RUE THEODORE),45.83843,1.26259
202000020725,3,7,2020,13,1,84,84007,2,1,1,7,CAMPANE (RUE),43.95106,4.812
202000020726,10,7,2020,10,1,83,83069,1,2,1,3,BERNARD ( RUE MARIO ),43.111,6.121
202000020727,9,7,2020,0,5,83,83034,2,1,1,7,CD559,43.10323,6.05585
202000020728,9,7,2020,12,1,80,80021,2,1,1,6,EUROPE (AVENUE DE L'),49.92322,2.30512
202000020729,10,7,2020,16,1,78,78350,2,3,1,2,MARLY (ROUTE DE),48.8557,2.1073
202000020730,10,7,2020,3,3,78,78551,1,2,9,2,RN 184,48.922013,2.084327
202000020731,2,7,2020,19,1,78,78643,2,3,1,2,TRIEL AVENUE DE,48.977358,1.983975
202000020732,10,7,2020,2,3,77,77186,1,1,1,3,RD 142 Glandée au grand veneur,48.457708,2.669887
202000020733,9,7,2020,10,1,77,77449,1,1,1,2,D231,48.8336094,2.7955237
202000020734,10,7,2020,14,1,76,76561,2,2,1,1,CHURCHILL. RUE WINSTON,49.29734,1.01118
202000020735,2,7,2020,15,1,73,73065,1,1,1,4,N201 VOIE RAPIDE URBAINE,45.59132,5.89827
202000020736,10,7,2020,23,5,69,69264,2,1,8,6,LIBERATION  AV DE LA,45.9851,4.71649
202000020737,10,7,2020,10,1,68,68224,2,1,1,6,BOUCHERS (RUE DES),47.747145,7.337427
202000020738,10,7,2020,11,1,67,67482,2,3,1,3,RHIN TORTU (RUE DU),48.5511283,7.7579402
202000020739,9,7,2020,17,1,67,67482,2,1,1,3,ROMAINS (ROUTE DES),48.58005,7.71892
202000020740,9,7,2020,10,1,67,67482,2,2,7,3,RHIN (AVENUE DU),48.571505,7.770355
202000020741,7,7,2020,15,1,67,67482,2,1,1,4,BELGES (QUAI DES),48.5772802,7.7798312
202000020742,9,7,2020,12,1,66,66136,2,1,1,2,GILLES (AVENUE GENERAL),42.69838,2.92884