Num_Acc,jour,mois,an,hr,condition_eclairage,departement,commune,condition_agglomeration,intersection,condition_atmosphere,type_collision,adresse,lattitude,longitude
202000020743,10,7,2020,14,1,64,64189,2,2,1,3,DELAUNAY GABRIEL  (AVENUE),43.3826,-1.66644
202000020744,10,7,2020,12,1,64,64445,2,1,1,2,CAMI SALIE DU,43.32778,-0.34618
202000020745,5,7,2020,19,1,62,62498,2,1,1,1,ARSONVAL (R D'),50.450509,2.83715
202000020746,10,7,2020,10,1,59,59183,2,2,2,6,VERLEY PAUL - BOULEVARD,51.0412,2.3891
202000020747,8,7,2020,6,1,59,59574,1,1,1,1,CD 957 Bis,50.37521,3.27184
202000020748,9,7,2020,15,1,57,57647,2,1,1,1,FAMECK (RUE DE),49.32127,6.083
202000020749,10,7,2020,13,2,57,57463,2,1,1,6,LEGION ETRANGERE (RUE DE LA ),49.0909922,6.1804578
202000020750,9,7,2020,19,1,56,56098,2,6,8,-1,ALLENDE ( AV. PRESIDENT SALVADOR ),47.75935,-3.32638
202000020751,6,7,2020,18,1,54,54167,2,1,1,3,GENERAL LECLERC (AVENUE),48.672085,5.912927
202000020752,8,7,2020,14,1,54,54395,2,2,1,3,ARC ( RUE JEANNE D'N,48.6834172,6.1734742
202000020753,9,7,2020,10,1,54,54498,2,1,1,2,DE GAULLE (AVENUE DU GENERAL),48.71214,6.25249
202000020754,9,7,2020,7,1,54,54547,2,1,1,2,EUROPE (BOULEVARD DE L'),48.66431,6.16995
202000020755,10,7,2020,2,3,51,51108,1,1,1,7,N44,48.9777872,4.3694664
202000020756,8,7,2020,20,2,50,50129,1,1,2,6,MONTURBET (CHEMIN DE),49.62644,-1.65312
202000020757,9,7,2020,14,1,49,49007,2,1,1,3,CHAMPS ST MARTIN,47.44981,-0.57583
202000020758,10,7,2020,18,1,45,45302,2,3,1,1,Rue Erik Satie-rue Gabriel Deback,47.954316,1.896388
202000020759,10,7,2020,14,1,45,45068,2,1,1,3,SAINT JUST (RUE),48.00677,2.71965
202000020760,9,7,2020,15,1,44,44184,2,1,1,5,Route des Bassins,47.285,-2.244
202000020761,9,7,2020,13,1,44,44114,2,6,1,3,Route de Vannes,47.254279,-1.629485
202000020762,9,7,2020,13,1,42,42123,2,1,1,3,Rue du Stade,45.50483,4.57558
202000020763,10,7,2020,17,1,37,37261,2,1,1,2,SEVIGNE (AVENUE DE),47.3594377,0.6979594
202000020764,9,7,2020,22,3,35,35288,1,1,1,7,route de la Massuère,48.65414,-1.95234
202000020765,9,7,2020,20,1,35,35051,2,6,1,7,FOUGERES (RUE DE),48.13569,-1.62599
202000020766,9,7,2020,15,1,35,35238,2,2,1,3,LEROUX (BD OSCAR),48.09135,-1.6675
202000020767,10,7,2020,22,5,34,34172,2,2,1,3,JUSTICE DE CASTELNAU (AVENUE DE LA),43.62694,3.889673
202000020768,10,7,2020,18,1,34,34172,2,2,1,6,LAVERUNE (ROUTE DE,43.599548,3.843064
202000020769,2,7,2020,7,1,34,34172,2,1,1,-1,ANTONELLI (AVENUE DU PROFESSEUR ETIENNE),43.599476,3.8924593
202000020770,23,6,2020,13,1,34,34172,2,1,1,6,BOLOGNE (RUE DE),43.63067,3.82102
202000020771,10,7,2020,17,1,33,33529,2,1,1,2,EUROPE (960 RUE DE L'),44.61689,-1.11495
202000020772,10,7,2020,2,5,31,31555,2,1,1,7,ALL DE BARCELONE,43.60859,1.42511
202000020773,9,7,2020,22,5,30,30189,2,2,1,3,GAMEL PIERRE (AVENUE),43.82312,4.36432
202000020774,7,7,2020,17,1,28,28404,2,1,7,1,PAGNOL (BOULEVARD MARCEL),48.73572,1.32933
202000020775,10,7,2020,20,2,27,27554,1,1,1,6,D 64,49.09412,1.39513
202000020776,10,7,2020,16,1,27,27229,2,1,1,3,BOIS DES COMMUNES (RUE DU),49.0349297,1.1757902
202000020777,9,7,2020,9,1,27,27229,2,1,1,2,NATIONALE 13 (ROUTE),49.015886,1.16979
202000020778,9,7,2020,7,1,21,21054,2,2,7,6,Boulevard Jules Ferry,47.021673,4.840748
202000020779,10,7,2020,23,5,18,18033,2,1,1,6,Rue Jacques Rimbault,47.0806491,2.3985089
202000020780,9,7,2020,21,1,17,17306,2,2,1,3,PINSONS (DES),45.644701,-1.024685
202000020781,10,7,2020,20,1,17,17300,2,2,1,3,HERAULT DE SECHELLES   RUE,46.153133,-1.123701
202000020782,10,7,2020,8,1,15,15014,2,1,1,3,EGALITE (RUE DE L'),44.93195,2.44189
202000020783,10,7,2020,19,1,14,14437,1,1,1,3,BERTHELOT (RUE MARCELIN),49.16161,-0.29807
202000020784,10,7,2020,9,1,14,14271,2,1,1,3,JAURES (PLACE JEAN),49.1485937,-0.3743268
202000020785,10,7,2020,7,1,14,14118,2,2,1,-1,FALAISE (RUE DE  - 90 PAIR 95 IMPAIR),49.170335,-0.353465
202000020786,10,7,2020,1,3,13,13209,2,1,1,6,COL DE LA GINESTE D559,43.23975,5.45174
202000020787,9,7,2020,22,5,13,13215,2,2,1,3,LE CHATELIER,43.348,5.3625
202000020788,9,7,2020,19,2,13,13211,2,1,1,2,POMME (BOULEVARD DE LA ),43.2931,5.4553
202000020789,18,2,2020,15,1,62,62041,2,1,1,1,DUMETZ ( DU COMMANDANT ),50.284225,2.785756
202000020790,21,2,2020,23,5,59,59350,2,2,1,1,ROYALE RUE,50.642006,3.056489
202000020791,21,2,2020,23,5,59,59178,2,1,1,1,TOURNAI (ROUTE DE),50.3997337,3.1178336
202000020792,18,2,2020,9,1,58,58194,2,3,1,3,COLBERT,46.9936,3.1594
202000020793,21,2,2020,15,1,57,57463,2,2,1,7,LECLERC DE HAUTECLOCQUE (AVENUE ),49.108,6.16942
202000020794,20,2,2020,15,1,56,56121,2,6,1,3,DUGUAY-TROUIN (RUE RENE),47.74299,-3.36592
202000020795,21,2,2020,16,1,54,54395,2,1,1,2,2 Bd Joffre,48.688972,6.176741
202000020796,21,2,2020,10,1,51,51454,2,1,1,7,Rue du Général Sarrail,49.2583903,4.0307818
202000020797,21,2,2020,17,1,50,50218,2,1,1,3,MATIGNON (AV DES),48.83791,-1.57029
202000020798,19,2,2020,7,2,49,49328,2,3,1,6,BEAUREPAIRE (RUE),47.25953,-0.07884
202000020799,20,2,2020,21,5,49,49007,2,1,1,2,FOCH BOULEVARD,47.46815,-0.55718
202000020800,20,2,2020,18,5,49,49007,2,1,8,3,GASNIER AVENUE,47.48686,-0.57291
202000020801,20,2,2020,11,1,49,49007,2,1,1,3,TOUR DES ANGLAIS,47.47931,-0.55564
202000020802,21,2,2020,16,1,45,45068,1,1,1,3,D 2007 - PR 14+950,48.0334197,2.7454774
202000020803,21,2,2020,18,2,44,44143,2,1,2,-1,Rue du Genétais,47.1584345,-1.5565825
202000020804,21,2,2020,14,1,37,37261,2,3,1,-1,GRAMMONT (AVENUE DE),47.3759167,0.6945862
202000020805,20,2,2020,11,1,34,34301,2,1,1,6,RIQUET PAUL (QUAI),43.4104,3.70211
202000020806,21,2,2020,8,1,34,34172,2,2,1,3,BECQUEREL (RUE HENRI),43.6143633,3.9146364
202000020807,20,2,2020,11,1,34,34172,2,1,1,2,ZENITH (ROND POINT DU),43.60805,3.9309
202000020808,22,2,2020,0,5,33,33063,2,1,1,6,20 Rue de la Liberté,44.8410395,-0.6002796
202000020809,21,2,2020,23,5,33,33063,1,1,1,2,Cours Jules Ladoumègue,44.89776,-0.57461
202000020810,21,2,2020,8,1,33,33318,2,3,1,3,AVE JEAN CORDIER / RUE EMILE ZOLA,44.82018,-0.61075
202000020811,15,2,2020,4,4,33,33162,2,1,1,6,AVE DU MEDOC,44.8864,-0.63986
202000020812,21,2,2020,11,1,33,33009,2,1,1,3,52 Boulevard Mestrezat,44.65609,-1.14715
202000020813,20,2,2020,8,1,33,33009,2,6,1,3,PLAGE (BD DE LA) DU 02 AU 194,44.66265,-1.1643
202000020814,21,2,2020,7,2,31,31149,2,1,1,2,MONNET (AVENUE JEAN),43.6317193,1.3463325
202000020815,20,2,2020,22,5,31,31555,2,1,1,3,123 Route de Revel,43.572132,1.49626
202000020816,20,2,2020,14,1,31,31557,2,9,1,3,LARRAMET (CH DE),43.56048,1.35712
202000020817,21,2,2020,0,5,31,31149,2,1,1,6,HUGO (BOULEVARD VICTOR),43.61759,1.31567
202000020818,21,2,2020,13,1,29,29051,2,1,1,3,D15 - Avenue du Rouillen,47.99765,-4.05861
202000020819,21,2,2020,20,5,28,28134,2,9,1,6,CHURCHILL (AVENUE WINSTON),48.74047,1.3869
202000020820,21,2,2020,8,1,27,27229,2,1,1,3,LOMBARDS (RUE DES),49.02833,1.14908
202000020821,21,2,2020,13,1,26,26198,2,1,1,3,2 Avenue Saint Lazare,44.56371,4.75422
202000020822,16,2,2020,6,5,22,22187,2,1,1,6,GOUET (VIEILLE COTE DE),48.52357,-2.76434
202000020823,20,2,2020,7,1,19,19031,2,1,5,3,VERLHAC (BOULEVARD DOCTEUR),45.1680222,1.5348619
202000020824,21,2,2020,8,1,17,17300,2,1,1,1,MOULIN DE LA MOZAY  RUE DU,46.1699,-1.1294
202000020825,21,2,2020,7,1,17,17300,2,2,1,3,SAINT-YON   RUE,46.15989,-1.15141
202000020826,21,2,2020,20,5,13,13103,2,8,1,3,BOULEVARD DENFERT ROCHEREAU,43.65065,5.08324
202000020827,21,2,2020,21,5,13,13214,2,1,1,3,CAPITAINE GEZE (BOULEVARD),43.330189,5.369836
202000020828,21,2,2020,16,1,13,13208,2,9,1,3,DAVID (ROND-POINT),43.26179,5.37478
202000020829,21,2,2020,6,5,13,13211,2,1,1,3,MENARD (PIERRE) (BOULEVARD),43.290105,5.438044
202000020830,20,2,2020,14,1,13,13202,2,6,1,3,TOURETTE (QUAI DE LA),43.296,5.3627
202000020831,21,2,2020,22,5,13,13028,2,2,1,3,CAMUGLI (AVENUE ANTOINE ),43.183041,5.61264
202000020832,20,2,2020,16,1,12,12176,2,1,1,2,ESPALION (ROUTE D'),44.368754,2.589322
202000020833,20,2,2020,16,1,10,10387,2,1,1,6,PASTEUR (RUE),48.30174,4.06384
202000020834,21,2,2020,12,1,06,06088,2,1,1,6,CESSOLE (BD DE) (JUSQU'AU N° 93-110),43.71738,7.25297
202000020835,21,2,2020,8,1,06,06029,2,1,1,3,DELATTRE DE TASSIGNY (RUE),43.5592827,7.0107574
202000020836,21,2,2020,12,1,75,75106,2,3,1,6,RUE DES CANETTES,48.85266,2.333697
202000020837,21,2,2020,17,1,75,75120,2,7,1,6,PLACE GAMBETTA,48.86507,2.398332
202000020838,21,2,2020,7,1,75,75119,2,1,1,-1,RUE D AUBERVILLIERS,48.888079,2.367357
202000020839,21,2,2020,1,5,75,75118,2,1,1,3,BOULEVARD ORNANO,48.896845,2.345309
202000020840,20,2,2020,22,5,75,75116,2,1,8,3,AVENUE DU PRESIDENT KENNEDY,48.853559,2.282224
202000020841,20,2,2020,13,1,75,75116,2,1,1,6,RUE MIRABEAU,48.846983,2.272292
202000020842,20,2,2020,10,1,75,75116,2,7,1,3,PLACE CHARLES DE GAULLE,48.874089,2.294195
202000020843,21,2,2020,15,1,75,75115,2,2,1,6,RUE GASTON DE CAILLAVET,48.849323,2.28386
202000020844,21,2,2020,8,1,75,75115,2,2,1,3,BOULEVARD LEFEBVRE,48.82865,2.301425
202000020845,21,2,2020,19,5,75,75114,2,3,1,6,BOULEVARD DU MONTPARNASSE,48.843538,2.324643
202000020846,21,2,2020,13,1,75,75113,2,4,1,6,RUE DE LA GLACIERE,48.831102,2.344243
202000020847,21,2,2020,2,5,75,75113,2,1,1,6,BOULEVARD KELLERMANN,48.818948,2.358695
202000020848,21,2,2020,18,2,75,75108,2,1,1,3,RUE SAINT LAZARE,48.875423,2.325414
202000020849,21,2,2020,17,1,75,75108,2,7,1,3,PLACE DE LA CONCORDE,48.866759,2.32207
202000020850,21,2,2020,20,5,75,75103,2,5,1,6,RUE SAINT MARTIN,48.864823,2.353274
202000020851,21,2,2020,18,5,75,75103,2,4,1,6,RUE DES VERTUS,48.864362,2.357884
202000020852,20,2,2020,9,1,94,94067,2,1,1,6,GENERAL DE GAULLE (AV DU),48.846,2.4176
202000020853,21,2,2020,12,1,94,94078,2,1,1,6,LION (CAR DU),48.728982,2.44726
202000020854,21,2,2020,15,1,94,94041,2,1,1,3,RASPAIL (R),48.8111,2.3879
202000020855,21,2,2020,8,1,94,94065,2,1,1,6,REPUBLIQUE (AV DE LA),48.75175,2.35417
202000020856,21,2,2020,17,1,94,94070,1,1,1,3,NATIONALE 19,48.726013,2.5553124
202000020857,21,2,2020,16,1,94,94075,2,2,1,3,LIEUTENANT DAGORNO (R DU),48.72748,2.53107
202000020858,21,2,2020,19,5,93,93059,2,1,1,1,AV GENERAL GALLIENI,48.97085,2.36405
202000020859,21,2,2020,10,1,93,93071,2,1,1,6,GABRIEL PERI (RUE),48.9411522,2.5320899
202000020860,21,2,2020,10,1,93,93064,2,4,1,3,R CONRAD ADENAUER,48.880527,2.480412
202000020861,20,2,2020,23,5,93,93053,2,1,1,6,VAILLANT COUTURIER (RUE),48.8923309,2.4425798
202000020862,21,2,2020,13,1,93,93051,2,1,1,3,PAUL PAMBRUN (BOULEVARD),48.8504,2.5534
202000020863,21,2,2020,19,5,93,93046,2,2,1,3,JEAN JAURES BOULEVARD,48.9245988,2.5224811
202000020864,21,2,2020,9,1,93,93046,2,1,1,2,AV WINSTON CHURCHILL,48.914089,2.53629
202000020865,21,2,2020,15,1,93,93006,2,1,1,2,ROBESPIERRE RUE,48.8648,2.4182
202000020866,21,2,2020,20,5,93,93031,2,1,1,3,REPUBLIQUE (AVENUE),48.9498931,2.3295189
202000020867,21,2,2020,16,1,93,93007,2,1,1,4,DE LA REPUBLIQUE (AVENUE),48.93735,2.46324
202000020868,21,2,2020,17,1,93,93005,2,1,1,1,CROIX NOBILLON (RUE DE LA),48.945622,2.508908
202000020869,21,2,2020,22,5,92,92072,2,1,1,2,TROYON (RUE),48.82446,2.228869
202000020870,21,2,2020,9,1,92,92064,2,1,1,3,MARCEL DASSAULT,48.853414,2.222681
202000020871,20,2,2020,7,2,92,92026,2,1,1,3,PRESIDENT KRUGER,48.8983107,2.2552194
202000020872,21,2,2020,12,1,92,92025,2,1,1,6,HENRI BARBUSSE (AV),48.918715,2.25267
202000020873,21,2,2020,20,5,92,92023,2,9,2,2,JEAN JAURES (AVENUE) N°57 A 259 ET 64 A,48.8066629,2.2676225
202000020874,11,2,2020,18,2,47,47048,2,1,8,1,Avenue des Pyrénées,44.528883,0.625926
202000020875,22,2,2020,11,1,41,41157,1,2,1,3,Intersection D144 - D20,47.454783,1.575701
202000020876,22,2,2020,10,1,77,77505,1,1,1,7,A4,48.913218,2.972686
202000020877,21,2,2020,21,3,972,97207,2,1,1,1,Lourdes,14.573361,-60.963789
202000020878,22,2,2020,8,1,972,97232,1,1,1,5,Sigy,14.542566,-60.859687
202000020879,22,2,2020,14,1,12,12079,1,3,1,3,Nadaillac,44.53548,2.732822
202000020880,21,2,2020,19,3,22,22305,1,1,1,1,RN12 - PR 03+900,48.2755009,-2.1846452
202000020881,21,2,2020,19,3,22,22240,1,1,1,7,Domaine de l'Etang,48.236522,-2.264578
202000020882,19,2,2020,9,1,66,66186,2,1,7,7,Rue Aristide Maillol,42.669135,2.991389
202000020883,22,2,2020,7,2,83,83057,1,1,1,2,Dn7 pr 43810,43.383741,6.175346
202000020884,21,2,2020,19,3,51,51176,1,1,1,7,D9,48.7109164,3.9518261
202000020885,21,2,2020,18,3,51,51418,1,1,1,1,49 Route de Dormans,49.2369227,3.9816684
202000020886,22,2,2020,4,5,59,59474,2,1,1,6,Rue du Rejet du Moulin,50.079135,3.765108
202000020887,22,2,2020,0,3,19,19249,1,1,1,6,Les Bournas,45.435476,1.954772
202000020888,19,2,2020,11,1,56,56034,2,6,1,3,10 Avenue Saint Colomban,47.579508,-3.081515
202000020889,22,2,2020,14,1,49,49069,1,9,1,3,D763,47.312046,-1.161954
202000020890,22,2,2020,0,3,49,49284,1,1,1,1,Lieu-dit la violette,47.425924,-0.822328
202000020891,22,2,2020,1,3,39,39333,1,1,1,1,,46.415035,5.718314
202000020892,21,2,2020,19,3,35,35133,1,3,1,1,La Perriere,48.100127,-2.063536
202000020893,21,2,2020,15,1,31,31495,1,1,1,1,lieu dit l'Audol,43.402444,1.542478
202000020894,22,2,2020,15,1,38,38130,1,2,1,1,Route de Beaurepaire,45.39268,5.23884
202000020895,22,2,2020,2,3,02,02524,1,1,1,7,D4,49.084969,3.47507
202000020896,21,2,2020,15,1,03,03217,1,1,1,7,1 rue Roc du Saint,46.340196,2.6506633
202000020897,17,2,2020,19,1,66,66024,1,1,1,1,N320,42.524791,2.8385
202000020898,22,2,2020,4,3,09,09189,1,1,1,6,Route Nationale 20,42.62126,1.822439
202000020899,22,2,2020,11,1,45,45248,2,1,1,6,BD DE VERDUN,48.048025,1.698203
202000020900,22,2,2020,15,1,21,21065,1,1,1,1,D111a,47.077358,4.735439
202000020901,18,2,2020,21,3,85,85288,2,1,1,6,Avenue de la Mine,46.4471,-1.68176
202000020902,21,2,2020,16,1,87,87060,1,1,1,1,Route des Vergnes,45.615718,0.891266
202000020903,22,2,2020,9,1,87,87011,2,9,1,6,11 Rue Aristide Briand,46.12237,1.045386
202000020904,21,2,2020,18,3,52,52332,1,1,1,3,D74 - MONTIGNY LE ROI,47.991824,5.485568
202000020905,21,2,2020,10,1,44,44163,1,1,1,7,Autoroute A11 PK 306.000,47.4205527,-1.066432
202000020906,21,2,2020,19,3,44,44104,1,1,1,7,A11,47.417373,-0.998812
202000020907,8,2,2020,10,1,90,90062,1,1,1,2,A36,47.675242,6.979868
202000020908,21,2,2020,15,1,34,34172,1,1,1,2,A709,43.605381,3.931732
202000020909,21,2,2020,23,3,95,95580,1,6,1,7,D16,49.090956,2.536769
202000020910,22,2,2020,1,5,971,97128,1,2,2,3,Saint Protais,16.278091,-61.375913
202000020911,22,2,2020,5,3,77,77050,1,2,1,7,D43,48.150827,2.816706
202000020912,22,2,2020,13,1,77,77253,1,1,6,7,D471,48.614417,2.694837
202000020913,21,2,2020,16,1,34,34161,2,1,1,6,30 Avenue des Platanes,43.332643,3.122429
202000020914,16,2,2020,19,5,83,83112,2,6,1,6,Route Departementale 559,43.183001,5.685554
202000020915,22,2,2020,12,1,83,83063,1,1,1,7,D558,43.316115,6.47068
202000020916,21,2,2020,18,2,04,04245,2,1,1,2,RD 4096 - Av des Farigoule,43.877785,5.844855
202000020917,22,2,2020,13,1,04,04039,2,6,1,6,RD 4085,43.851369,6.507871
202000020918,22,2,2020,19,3,39,39543,1,1,1,6,,46.782268,5.913607
202000020919,21,2,2020,21,3,71,71371,2,1,1,6,Chemin du Champ de Foire,46.345371,4.7212769
202000020920,22,2,2020,1,3,49,49194,1,2,1,3,D347,47.465541,-0.294681
202000020921,22,2,2020,13,1,14,14530,1,6,6,7,Intersection D223 et D513,49.215964,-0.277094
202000020922,22,2,2020,11,1,60,60612,1,1,1,-1,D1330,49.223373,2.5743882
202000020923,21,2,2020,19,3,59,59558,1,1,1,1,Rue de Villers En Cauchies,50.242752,3.409592
202000020924,19,2,2020,12,1,13,13005,1,1,1,4,A50-Sens Marseille vers Aubagne,43.286781,5.53844
202000020925,20,2,2020,9,1,13,13215,1,1,1,5,A7-Sens Lyon vers Marseille,43.36432,5.3606
202000020926,19,2,2020,19,3,83,83144,1,1,1,2,A57,43.13349,5.98476
202000020927,20,2,2020,18,2,57,57764,1,1,1,4,Autoroute A.31,49.4564951,6.1211251
202000020928,21,2,2020,20,5,33,33397,1,1,1,2,AUTOROUTE A 10,44.8942,-0.49844
202000020929,21,2,2020,17,1,33,33162,1,1,1,4,ROCADE A 630,44.87676,-0.63251
202000020930,21,2,2020,12,1,33,33143,1,1,1,3,AUTOROUTE A 10,44.95648,-0.45117
202000020931,20,2,2020,7,2,33,33249,1,1,1,3,ROUTE NATIONALE 230,44.87805,-0.50909
202000020932,16,2,2020,18,1,62,62193,1,1,2,2,AUTOROUTE A16,50.9355072,1.8641774
202000020933,21,2,2020,15,1,91,91521,1,1,1,2,RN 104,48.63307,2.40548
202000020934,21,2,2020,14,1,91,91589,1,1,1,4,AUTOROUTE A6,48.67393,2.34267
202000020935,21,2,2020,15,1,78,78423,1,1,1,2,RN12,48.796333,2.029338
202000020936,21,2,2020,15,1,78,78242,1,1,1,2,A12 Y,48.80665,2.051754
202000020937,21,2,2020,11,1,78,78133,1,1,1,4,A12 Y,48.894431,2.007611
202000020938,21,2,2020,17,1,93,93066,1,1,1,5,AUTOROUTE A1,48.92444,2.35692
202000020939,20,2,2020,18,2,93,93063,1,1,2,5,AUTOROUTE A3,48.87524,2.44037
202000020940,19,2,2020,10,1,92,92036,1,1,1,4,AUTOROUTE A15,48.94355,2.28737
202000020941,19,2,2020,19,5,987,98735,2,2,1,5,PRINCE HINOI (AVENUE),-17.53484,-149.56353
202000020942,20,2,2020,9,1,974,97416,2,1,1,7,CLAIN (CHEMIN),-21.2909022,55.4663725
202000020943,16,2,2020,18,1,974,97416,2,6,1,5,LEBLOND 1 (RUE MARIUS ET ARY),-21.33373,55.46052
202000020944,19,2,2020,11,1,974,97407,2,1,1,2,Route du Sacre Coeur,-20.95735,55.31523
202000020945,20,2,2020,14,1,973,97302,2,1,1,3,SOURCE DE BADUEL (CHEMIN DE LA),4.9283606,-52.3084831
202000020946,20,2,2020,19,5,69,69386,2,1,1,6,CHARLES DE GAULLE                   (QU),45.78613,4.85759
202000020947,20,2,2020,11,1,69,69383,2,2,1,3,FELIX FAURE                         (AV),45.75453,4.86655
202000020948,20,2,2020,11,1,69,69387,2,1,1,2,MARSEILLE (DE)                      (R ),45.7452,4.842
202000020949,20,2,2020,9,1,69,69386,2,1,1,3,VAUBAN                              (R ),45.76488,4.83
202000020950,20,2,2020,14,1,69,69202,2,1,1,6,CROIX DE PIVORT (DE LA)             (CH),45.7288,4.80588
202000020951,30,1,2020,20,5,69,69382,2,1,1,6,GALLIENI                            (PT),45.74833,4.83193
202000020952,18,2,2020,7,5,69,69385,2,3,1,6,AQUEDUCS (DES)                      (R ),45.759,4.7926
202000020953,20,2,2020,9,1,2A,2A004,2,3,1,3,MORETTI ANGE RUE,41.9347008,8.7434736
202000020954,19,2,2020,9,1,91,91645,2,1,1,6,PARON (RUE DE),48.7461,2.26931
202000020955,20,2,2020,17,2,91,91687,2,3,2,3,BELLAY (AVENUE DU),48.6751,2.3645
202000020956,20,2,2020,9,1,91,91174,2,9,1,6,JEAN JAURES (BOULEVARD),48.61128,2.46192
202000020957,14,2,2020,17,1,91,91027,2,2,1,6,COQUELICOTS (RUE DES),48.70014,2.36764
202000020958,20,2,2020,21,5,88,88519,2,1,2,6,Route de Hurbache,48.34473,6.89425
202000020959,20,2,2020,6,5,88,88160,2,3,8,3,BLUM (AV. LEON),48.18909,6.46261
202000020960,13,2,2020,6,3,86,86194,2,1,1,2,Allée Jacques Coeur,46.567077,0.374405
202000020961,19,2,2020,11,1,85,85194,2,6,2,3,Boulevard du Vendée Globe (Château-d'Olonne),46.49959,-1.75643
202000020962,19,2,2020,16,1,83,83129,2,1,1,6,KENNEDY (AVENUE J.)N°PAIRS 2A2560,43.10775,5.81635
202000020963,22,1,2020,12,1,78,78545,2,6,1,6,FABIEN (AVENUE COLONEL),48.80659,2.06059
202000020964,19,2,2020,19,2,77,77445,2,3,1,2,VC-MOULIN (AVENUE JEAN),48.5933953,2.5837917
202000020965,18,2,2020,18,2,77,77186,2,1,1,6,WINSTON CHURCHILL (BOULEVARD),48.4078,2.68907
202000020966,19,2,2020,19,5,76,76351,2,2,1,3,JULES FERRY (PLACE),49.49218,0.11136
202000020967,20,2,2020,8,1,71,71270,2,6,1,6,Rue de l’Héritan,46.3153758,4.8239149
202000020968,19,2,2020,11,1,71,71153,2,1,1,2,Avenue de Verdun,46.8057248,4.4335741
202000020969,20,2,2020,11,1,71,71076,2,1,1,6,Rue Paul Sabatier,46.8126894,4.8556609
202000020970,20,2,2020,15,1,69,69256,2,2,1,3,REPUBLIQUE (DE LA)                  (R ),45.7857,4.9275
202000020971,20,2,2020,14,1,69,69266,2,1,1,6,EMILE ZOLA     (Cours),45.76571,4.89968
202000020972,18,2,2020,11,1,69,69264,2,3,1,3,SCHUMAN  ROBERT  R,45.9936283,4.7255064
202000020973,19,2,2020,7,2,67,67482,1,3,6,3,LA ROCHELLE (RUE DE),48.5523381,7.7955682
202000020974,19,2,2020,14,1,64,64445,2,1,7,6,ALFRED DE MUSSET,43.29649,-0.36166
202000020975,20,2,2020,8,1,64,64102,2,1,1,3,PAUL PRAS (AVENUE),43.486,-1.47624
202000020976,19,2,2020,17,1,64,64024,2,9,1,1,PLAGES (BOULEVARD DES),43.5212452,-1.5217921
202000020977,20,2,2020,9,1,51,51454,2,1,1,3,Avenue de Champagne,49.2407953,4.0443883
202000020978,19,2,2020,22,5,51,51454,2,2,2,3,Avenue Maurice Plongeron,49.289715,4.006859
202000020979,20,2,2020,15,1,50,50218,2,1,2,6,MARIN MARIE (RUE),48.841452,-1.57155
202000020980,8,9,2020,18,2,60,60360,2,1,1,3,Avenue Albert 1er,49.325591,2.453883
202000020981,11,9,2020,13,1,80,80033,1,1,1,3,A1,49.901366,2.848034
202000020982,9,9,2020,18,1,13,13215,1,1,1,2,A7-Sens Marseille vers Lyon,43.346006,5.3734975
202000020983,2,9,2020,14,1,57,57582,1,1,1,5,Autoroute A31,49.2797,6.17278
202000020984,10,9,2020,16,1,33,33063,1,1,1,5,ROCADE A 630,44.88392,-0.55805
202000020985,4,9,2020,8,1,94,94021,1,1,1,2,AUTOROUTE A6A,48.76866,2.34474
202000020986,10,9,2020,7,1,91,91086,1,1,1,4,RN 104,48.6238,2.3763
202000020987,10,9,2020,18,1,92,92012,1,1,1,2,A13,48.8482424,2.2390392
202000020988,9,9,2020,7,1,78,78297,1,1,1,7,RN12,48.788892,2.06078
202000020989,10,9,2020,18,1,93,93064,1,1,1,2,AUTOROUTE A86,48.8816855,2.4736059
202000020990,10,9,2020,17,1,95,95277,1,1,1,2,RD 170 ,48.975314,2.483498
202000020991,10,9,2020,15,1,93,93001,1,1,1,6,AUTOROUTE A86,48.92165,2.37708
202000020992,10,9,2020,13,1,93,93005,1,1,1,3,AUTOROUTE A3,48.95929,2.47348
202000020993,9,9,2020,17,1,95,95572,1,1,1,2,A15,49.03233,2.11207
202000020994,9,9,2020,17,1,93,93066,1,1,1,3,AUTOROUTE A1,48.93162,2.37061
202000020995,9,9,2020,12,1,95,95277,1,1,1,6,AUTOROUTE A3,48.97098,2.48301
202000020996,10,9,2020,18,1,77,77294,1,1,1,2,A104,48.97354,2.58941
202000020997,10,9,2020,9,1,93,93051,1,1,1,2,A4,48.8354403,2.5706513
202000020998,10,9,2020,9,1,94,94017,1,1,1,3,A4,48.8267112,2.5225883
202000020999,9,9,2020,7,1,94,94069,1,1,1,4,A4,48.81732,2.43807
202000021000,9,9,2020,8,1,988,98818,2,6,1,7,GERVOLINO (RUE ROGER),-22.26063,166.46958
202000021001,7,9,2020,18,5,974,97411,2,3,8,3,JAURES (BOULEVARD JEAN),-20.89187,55.46745
202000021002,9,9,2020,17,1,69,69387,2,1,1,3,CHALLEMEL LACOUR                    (R ),45.7298,4.8313
202000021003,9,9,2020,14,1,69,69383,2,1,1,3,ST MAXIMIN                          (R ),45.7480539,4.8714576
202000021004,7,9,2020,15,1,69,69383,2,2,1,3,ANDRE PHILIP                        (R ),45.75746,4.85121
202000021005,9,9,2020,22,5,69,69384,2,2,1,1,CROIX-ROUSSE (DE LA)                (BD),45.77371,4.8235
202000021006,9,9,2020,17,1,69,69384,2,7,1,3,CROIX-ROUSSE (DE LA)                (BD),45.7743935,4.8323044
202000021007,9,9,2020,13,1,69,69389,2,2,1,3,ST SIMON                            (R ),45.77862,4.79822