Num_Acc,jour,mois,an,hr,condition_eclairage,departement,commune,condition_agglomeration,intersection,condition_atmosphere,type_collision,adresse,lattitude,longitude
202000021008,7,9,2020,12,1,69,69286,2,9,1,6,Avenue du Mont Blanc,45.8110792,4.8954204
202000021009,9,9,2020,17,1,95,95219,2,1,1,3,LECLERC (RUE DU GENERAL),48.9840571,2.272207
202000021010,9,9,2020,7,1,91,91589,2,1,1,4,CD 25,48.67705,2.33792
202000021011,6,9,2020,16,1,91,91433,1,1,1,7,RD207,48.4504,2.1739
202000021012,8,9,2020,22,5,91,91021,2,6,1,7,VERDUN (AVENUE DE),48.58297,2.24333
202000021013,2,9,2020,18,1,91,91347,2,1,1,6,DOCTEUR DARIER (RUE DU),48.64283,2.29239
202000021014,9,9,2020,11,1,87,87085,2,1,1,6,BEAUBREUIL (AVENUE DE),45.87835,1.30049
202000021015,7,9,2020,22,5,87,87085,2,1,1,-1,CHENIEUX (RUE FRANCOIS),45.83609,1.25594
202000021016,9,9,2020,23,5,83,83137,2,1,1,3,ESTIENNE D'ORVES (AVE),43.12733,5.91769
202000021017,8,9,2020,13,1,83,83137,2,1,1,-1,BRIAND (AVE ARISTIDE DE 1 A 1219,43.123794,5.895845
202000021018,7,9,2020,13,1,77,77384,1,2,1,3,D.306,48.59816,2.59132
202000021019,8,9,2020,8,1,77,77180,1,1,1,1,D51E1,48.7296,2.6363
202000021020,8,9,2020,15,1,76,76484,2,1,1,6,SAVOIE. RUE DE,49.3553,1.09527
202000021021,9,9,2020,6,1,74,74118,2,1,1,2,DEPORTES (ROUTE DES ),46.18313,6.23066
202000021022,9,9,2020,19,1,69,69266,2,3,1,3,GENAS    (Route de),45.75161,4.90471
202000021023,8,9,2020,18,1,69,69259,2,1,1,5,LAURENT GERIN                       (BD),45.70136,4.88355
202000021024,8,9,2020,20,2,68,68297,2,2,1,3,Rue de la Paix,47.58391,7.57103
202000021025,8,9,2020,13,1,66,66136,2,1,1,-1,NUNGESSER-ET-COLI (BOULEVARD),42.6867,2.88769
202000021026,9,9,2020,16,1,65,65440,2,1,1,2,MARTINET (BOULEVARD DU),43.2333,0.0865
202000021027,9,9,2020,7,1,64,64445,1,1,1,2,MARTYRS DU PONT LONG DES,43.34026,-0.37981
202000021028,8,9,2020,10,1,64,64445,2,1,1,3,CARNOT,43.3009347,-0.3694957
202000021029,9,9,2020,16,1,64,64024,2,3,7,3,CINQ CANTONS (RUE DES),43.48558,-1.51951
202000021030,9,9,2020,8,1,64,64102,2,3,1,3,Avenue Dubrocq,43.493959,-1.485997
202000021031,4,9,2020,18,1,62,62528,2,3,1,3,HOCHE (R LAZARE),50.4604539,2.7969026
202000021032,9,9,2020,3,5,59,59512,2,3,1,7,JAURES (AVENUE JEAN),50.68029,3.16459
202000021033,8,9,2020,12,1,59,59346,2,1,1,1,CHANZY RUE,50.6128265,3.1219435
202000021034,9,9,2020,10,1,59,59350,2,2,1,-1,BEETHOVEN AVENUE,50.6206351,3.0343961
202000021035,3,9,2020,21,5,59,59410,2,1,1,1,SCHUMAN ROBERT AVENUE,50.6421,3.1107
202000021036,9,9,2020,10,1,57,57463,2,1,1,6,WINSTON CHURCHILL (RUE ),49.11547,6.17373
202000021037,6,9,2020,11,1,56,56260,2,2,1,3,Avenue Victor Hugo,47.66122,-2.75717
202000021038,8,9,2020,20,1,56,56121,2,4,1,7,MARIENNE ( AV CAPITAINE ),47.73951,-3.39336
202000021039,8,9,2020,18,1,56,56036,1,1,1,4,RN 165,47.77472,-3.36722
202000021040,9,9,2020,11,1,51,51454,2,1,1,7,Avenue d’Epernay,49.2394975,4.0136851
202000021041,8,9,2020,22,5,50,50129,2,2,1,3,TANNERIES (RUE DES),49.63221,-1.62342
202000021042,8,9,2020,18,1,49,49328,2,1,1,3,FUSILLES (AVENUE DES) N 147,47.27859,-0.05689
202000021043,8,9,2020,7,2,49,49328,2,3,1,3,Route d'Angers D952,47.26724,-0.07005
202000021044,8,9,2020,14,1,49,49007,2,1,1,6,DESCAZEAUX BOULEVARD,47.47638,-0.56627
202000021045,9,9,2020,7,1,45,45234,2,1,1,6,Rue de Coulmiers,47.90715,1.89324
202000021046,9,9,2020,16,1,42,42183,1,1,1,2,D 201,45.4165714,4.3723467
202000021047,9,9,2020,15,1,35,35051,2,1,1,2,RENNES (RUE DE),48.114,-1.61199
202000021048,9,9,2020,15,1,35,35238,2,1,1,6,LORIENT (DE),48.1053722,-1.7343495
202000021049,9,9,2020,12,1,35,35238,2,6,1,6,SANGNIER (MARC),48.09331,-1.65847
202000021050,9,9,2020,12,1,35,35238,2,3,1,3,3 Avenue Sir Winston Churchill,48.11707,-1.70803
202000021051,9,9,2020,8,1,35,35238,2,3,1,3,29 Rue de Belleville,48.09979,-1.66084
202000021052,9,9,2020,9,1,33,33063,2,3,1,3,Quai de la Souys,44.8282493,-0.5399744
202000021053,9,9,2020,7,2,31,31555,2,1,1,3,BD DE LA MEDITERRANEE,43.58214,1.46305
202000021054,8,9,2020,11,1,31,31555,2,1,1,3,GAUSSENS (rue henry),43.66183,1.43247
202000021055,5,9,2020,14,1,31,31555,1,1,1,2,VA007331 A620,43.56877,1.42071
202000021056,9,9,2020,13,1,30,30189,2,1,2,1,SAUVE (ROUTE),43.8436,4.3078
202000021057,9,9,2020,19,1,29,29051,1,1,1,7,D15 - Avenue de Coray,48.00411,-4.03419
202000021058,9,9,2020,14,1,28,28220,1,9,1,2,ROUTE NATIONALE 123,48.41623,1.47558
202000021059,8,9,2020,21,3,27,27229,2,2,1,2,NORMANDIE (BOULEVARD DE),49.01855,1.1425
202000021060,7,9,2020,11,1,26,26362,2,1,1,6,435 Avenue Victor Hugo,44.91045,4.88409
202000021061,9,9,2020,15,1,25,25056,2,6,1,6,MONTARMOTS,47.260624,6.027465
202000021062,8,9,2020,18,2,25,25056,2,1,7,3,CHALEZEULE,47.2487,6.0452
202000021063,9,9,2020,19,1,17,17200,2,6,1,7,VENDOME   RUE DU MOULIN  DE,46.17795,-1.15266
202000021064,8,9,2020,11,1,14,14366,2,1,1,2,GENERAL LECLERC (RUE DU),49.1540588,0.2233062
202000021065,10,9,2020,1,5,13,13214,2,1,1,6,MAISON BLANCHE (TRAVERSE),43.3294,5.37486
202000021066,9,9,2020,13,1,13,13212,2,1,1,2,PIERRE CHEVALIER (avenue),43.57896,5.55494
202000021067,9,9,2020,7,1,13,13001,1,1,8,7,RD9,43.48565,5.35701
202000021068,8,9,2020,13,1,10,10333,2,1,1,7,ECHENILLY (RUE),48.26507,4.04018
202000021069,8,9,2020,19,2,06,06088,2,1,1,6,STADE DU RAY,43.7,7.25
202000021070,9,9,2020,20,5,06,06083,2,1,1,1,ST ROMAN (AVENUE),43.8069,7.4876
202000021071,8,9,2020,16,1,05,05061,2,6,1,3,CHARLES AUROUZE ( RUE ),44.5637858,6.0785582
202000021072,29,7,2020,14,1,02,02722,2,7,1,2,PORTE CROUY ( RUE ),49.38556,3.33269
202000021073,18,7,2020,14,1,02,02064,1,1,1,4,ROUTE NATIONALE 2,49.36399,3.34468
202000021074,8,9,2020,16,1,75,75112,2,1,1,3,BOULEVARD PERIPHERIQUE,48.833099,2.407166
202000021075,8,9,2020,15,1,75,75119,2,1,1,3,BOULEVARD PERIPHERIQUE,48.900433,2.386158
202000021076,8,9,2020,20,5,75,75113,2,1,1,6,QUAI D IVRY,48.825432,2.388375
202000021077,9,9,2020,15,1,75,75120,2,1,1,3,BOULEVARD DE MENILMONTANT,48.865355,2.384799
202000021078,9,9,2020,12,1,75,75112,2,1,1,4,QUAI DE LA RAPEE,48.842012,2.372572
202000021079,9,9,2020,19,1,75,75117,2,1,1,7,AVENUE STEPHANE MALLARME,48.886807,2.293657
202000021080,9,9,2020,17,1,75,75117,2,1,1,6,RUE JACQUES IBERT,48.887176,2.287025
202000021081,9,9,2020,13,1,75,75117,2,3,1,6,RUE CARDINET,48.891125,2.318021
202000021082,9,9,2020,16,1,75,75116,2,2,1,3,ROUTE DE LA PTE DAUPHINE A LA PTE DES SA,48.874933,2.271094
202000021083,9,9,2020,18,1,75,75114,2,2,1,6,RUE FROIDEVAUX,48.836019,2.327635
202000021084,9,9,2020,9,1,75,75115,2,4,1,3,RUE DE LA CROIX NIVERT,48.834415,2.289942
202000021085,8,9,2020,18,1,75,75115,2,3,1,3,RUE DE VAUGIRARD,48.840608,2.304992
202000021086,9,9,2020,17,1,75,75114,2,3,1,6,AVENUE DU GENERAL LECLERC,48.823971,2.325703
202000021087,9,9,2020,18,1,75,75113,2,1,1,3,QUAI D AUSTERLITZ,48.84299,2.366413
202000021088,9,9,2020,20,5,75,75112,2,2,1,6,ROUTE DE LA FERME,48.826203,2.462712
202000021089,8,9,2020,18,1,75,75120,2,1,1,3,BOULEVARD PERIPHERIQUE,48.852713,2.414464
202000021090,9,9,2020,8,1,75,75112,2,1,1,3,RUE PARROT,48.847056,2.374641
202000021091,8,9,2020,13,1,75,75112,2,1,1,2,RUE DE PICPUS,48.843649,2.396695
202000021092,9,9,2020,18,1,75,75111,2,5,1,3,AVENUE DE LA REPUBLIQUE,48.864012,2.381173
202000021093,9,9,2020,17,1,75,75111,2,2,1,3,RUE DU GRAND PRIEURE,48.866475,2.368203
202000021094,9,9,2020,19,4,75,75108,2,1,1,6,RUE DE MARIGNAN,48.868567,2.30636
202000021095,9,9,2020,14,1,75,75108,2,3,1,3,RUE DE ROME,48.88046,2.321326
202000021096,9,9,2020,8,1,75,75107,2,1,1,2,QUAI D ORSAY,48.862325,2.30676
202000021097,9,9,2020,22,5,75,75102,2,1,1,3,BOULEVARD DE SEBASTOPOL,48.865684,2.352224
202000021098,9,9,2020,20,5,75,75101,2,3,1,3,BOULEVARD DE SEBASTOPOL,48.862937,2.350687
202000021099,9,9,2020,7,1,94,94068,2,1,1,3,BOURDIGNON (R),48.80287,2.476448
202000021100,8,9,2020,15,1,94,94068,2,3,1,1,REVOLUTION FRANCAISE (AV DE LA),48.79401,2.49914
202000021101,9,9,2020,12,1,94,94046,2,2,1,6,GEORGES CLEMENCEAU (AV),48.80824,2.44346
202000021102,8,9,2020,23,5,94,94041,2,1,1,-1,GEORGES GOSNAT (AV),48.812954,2.387525
202000021103,9,9,2020,18,1,94,94078,2,1,1,6,CHARLES DE GAULLE (AV),48.7472,2.454
202000021104,9,9,2020,15,1,94,94054,2,1,1,6,ONZE NOVEMBRE 1918 (R DU),48.7414,2.4029
202000021105,9,9,2020,14,1,93,93078,2,1,1,4,BD ROBERT BALLANGER,48.95638,2.5415
202000021106,9,9,2020,18,1,93,93071,2,1,1,3,WESTINGHOUSE (BOULEVARD),48.9269702,2.5199346
202000021107,9,9,2020,21,5,93,93064,2,2,1,3,ALSACE-LORRAINE (BOULEVARD),48.88391,2.48829
202000021108,9,9,2020,8,1,93,93055,2,1,1,6,ANATOLE FRANCE (AVENUE),48.8951,2.42551
202000021109,9,9,2020,16,1,93,93051,2,1,1,3,MONTAIGNE (AVE),48.84505,2.53883
202000021110,8,9,2020,16,1,93,93051,2,6,1,2,CHAMPY RICHARDETS (BOULEVARD),48.8379,2.5817
202000021111,9,9,2020,9,1,93,93050,2,1,1,6,BD DU MARECHAL FOCH,48.85443,2.52119
202000021112,9,9,2020,16,1,93,93048,2,1,1,2,ROUGET DE L'ISLE (BOULEVARD),48.8590974,2.4379793
202000021113,8,9,2020,20,2,93,93031,2,1,1,6,FELIX MERLIN,48.95529,2.2952
202000021114,9,9,2020,22,5,93,93027,2,1,1,6,CONVENTION (RUE DE LA),48.9279049,2.3910463
202000021115,9,9,2020,17,1,93,93010,2,1,1,3,GUESDES (RUE JULES),48.9035892,2.4774775
202000021116,9,9,2020,11,1,93,93010,2,1,1,2,GALLIENI (AV.) DE 2 A 96,48.9047865,2.4748812
202000021117,8,9,2020,8,1,93,93057,2,1,1,6,BRIAND ( AV. ARISTIDE) 1 A29,48.9078435,2.4934573
202000021118,9,9,2020,20,5,93,93008,2,2,1,6,CALLAS (RUE MARIA),48.9088312,2.4537741
202000021119,9,9,2020,18,1,93,93055,2,1,1,2,JEAN JAURES (AVENUE) (76/128),48.90817,2.39705
202000021120,7,9,2020,22,5,93,93007,2,1,1,6,Avenue du Marechal Foch,48.9275186,2.468088
202000021121,9,9,2020,15,1,93,93005,2,9,1,6,CROIX BLANCHE (AVENUE DE LA),48.924814,2.499514
202000021122,9,9,2020,14,1,93,93005,2,2,1,3,R DE LA CONCORDE / R JULES PRINCET,48.936758,2.49724
202000021123,8,9,2020,12,1,93,93001,2,3,2,-1,REPUBLIQUE (AVE DE LA ) 43/106 =>,48.9043184,2.391459
202000021124,8,9,2020,23,5,92,92075,2,6,1,3,ERNEST LAVAL (RUE),48.8204002,2.2909713
202000021125,9,9,2020,0,5,92,92072,2,2,1,3,GRANDE RUE,48.82645,2.21939
202000021126,9,9,2020,12,1,92,92050,2,1,1,6,POINCARE RAYMOND RUE,48.889462,2.187495
202000021127,9,9,2020,20,5,92,92020,2,1,1,7,VERDUN AVENUE DE AUTRES N°,48.80055,2.28329
202000021128,9,9,2020,15,1,92,92040,2,1,1,7,PDT ROOSEVELT (QUAI DU),48.833084,2.263844
202000021129,9,9,2020,10,1,92,92036,2,2,1,3,MARCEL PAUL (AVENUE) (52/102),48.93682,2.303912
202000021130,8,9,2020,17,1,92,92035,2,1,1,4,VERDUN 1916 (AV),48.906646,2.238068
202000021131,9,9,2020,21,5,92,92062,2,1,1,7,MICHELET (RUE),48.88825,2.24477
202000021132,9,9,2020,13,1,92,92026,2,9,1,3,VICTOR HUGO (DE 01 A 45),48.8929454,2.2550189
202000021133,9,9,2020,15,1,92,92002,2,1,1,1,ARMAND GUILLEBAUD (AVENUE),48.7480797,2.3087095
202000021134,5,9,2020,19,1,92,92002,2,7,1,3,ARISTIDE BRIAND (AVENUE),48.76332,2.30914
202000021135,9,9,2020,19,2,08,08329,1,1,1,7,D3,49.605982,4.464827
202000021136,9,9,2020,12,1,86,86203,1,1,1,6,Voie  communale n°3,46.29505,0.665907
202000021137,9,9,2020,17,1,01,01033,1,1,1,6,A40,46.106293,5.809465
202000021138,9,9,2020,18,1,16,16316,2,1,1,3,Rue de Verrieres,45.577023,-0.299489
202000021139,9,9,2020,14,1,74,74295,1,1,1,5,Le Jotty (Arrêt de bus),46.306987,6.613491
202000021140,9,9,2020,14,1,64,64410,2,6,1,3,Avenue Charles Moureu,43.383187,-0.611157
202000021141,10,9,2020,10,1,62,62769,1,2,1,3,D305,50.90832,1.85846
202000021142,10,9,2020,12,1,42,42032,2,1,1,6,Route de Couttanges,45.5136319,4.5601364
202000021143,9,9,2020,15,1,69,69260,2,1,1,6,791 Chemin des Gaupières,45.650485,4.802435
202000021144,10,9,2020,5,3,57,57465,1,1,1,1,D918,49.323975,6.259546
202000021145,9,9,2020,7,2,57,57414,1,3,7,1,D44bis,48.658981,7.019534
202000021146,10,9,2020,18,1,19,19117,1,1,1,1,,45.0955239,1.4721304
202000021147,9,9,2020,22,3,74,74062,2,1,1,6,1009 Route d'Annecy,45.978445,6.164285
202000021148,10,9,2020,10,1,76,76387,1,2,1,3,cd142,49.705222,0.888519
202000021149,31,8,2020,17,1,76,76728,1,1,1,6,Rue de l'Orme,49.487531,0.983738
202000021150,9,9,2020,8,1,80,80062,1,2,1,3,D1015,49.837149,1.765403
202000021151,10,9,2020,17,1,65,65171,1,2,1,3,D618,42.821076,0.417255
202000021152,10,9,2020,10,1,32,32410,1,1,1,6,D39,43.50841,0.948805
202000021153,10,9,2020,11,1,11,11170,2,1,1,6,Boulevard de la Corderie,43.104815,3.095108
202000021154,9,9,2020,15,1,49,49339,2,3,1,3,4 Chemin du Lavoir,47.577796,-0.546774
202000021155,9,9,2020,17,1,34,34013,2,3,2,1,1 Chemin des Pins,43.563216,3.449074
202000021156,9,9,2020,20,3,39,39099,1,1,1,5,,47.018609,5.380168
202000021157,8,9,2020,16,1,25,25367,2,3,1,3,TEMPLE,47.451279,6.807103
202000021158,10,9,2020,10,1,25,25537,1,1,1,1,PUITS NOIR,47.127876,6.123998
202000021159,9,9,2020,17,1,29,29185,2,2,1,3,4 Boulevard de l'Europe,48.6584096,-4.1683251
202000021160,9,9,2020,20,2,29,29036,1,4,1,6,D17 - 286 Lieu Dit Treflech,48.2918239,-3.7408907
202000021161,9,9,2020,18,1,29,29100,1,2,1,1,Boteden,48.5704762,-4.3925999
202000021162,10,9,2020,12,1,38,38249,1,4,1,3,A41,45.2231,5.821381
202000021163,9,9,2020,16,1,02,02307,2,1,1,3,4 Rue de Meaux,49.175297,3.125954
202000021164,10,9,2020,10,1,15,15187,2,9,1,6,18 Avenue de la République,45.033575,3.1029993
202000021165,10,9,2020,9,1,01,01163,1,2,1,1,D28B,46.371695,5.190611
202000021166,9,9,2020,15,1,66,66222,2,1,1,3,Boulevard Clemenceau,42.547677,2.388897
202000021167,10,9,2020,17,1,06,06079,2,1,1,2,Avenue de Frejus Paul Ricard,43.538017,6.935041
202000021168,10,9,2020,7,1,14,14738,2,3,1,3,1 Rue des Alizés,49.158152,-0.458567
202000021169,10,9,2020,11,1,05,05128,1,1,1,3,Saint-André-d'Embrun,44.566257,6.52162
202000021170,7,9,2020,10,1,05,05040,2,6,1,6,6 Place du Grand Logis,44.547191,6.277614
202000021171,9,9,2020,21,3,90,90084,1,1,1,6,D49,47.651173,7.019631
202000021172,10,6,2020,10,1,75,75119,2,3,1,3,AVENUE JEAN JAURES,48.885171,2.379363
202000021173,10,6,2020,13,1,75,75118,2,1,1,6,BOULEVARD ORNANO,48.896642,2.345439
202000021174,10,6,2020,1,5,75,75116,2,2,1,6,ALLEE DE LONGCHAMP,48.863724,2.240146
202000021175,10,6,2020,7,1,75,75114,2,7,1,6,PLACE DU VINGT CINQ AOUT 1944,48.823039,2.325497
202000021176,10,6,2020,13,1,75,75107,2,1,1,6,QUAI D ORSAY,48.862865,2.314505
202000021177,10,6,2020,17,1,75,75101,2,3,1,6,BOULEVARD DE SEBASTOPOL,48.859531,2.348785
202000021178,9,6,2020,15,1,75,75102,2,4,1,6,AVENUE DE L OPERA,48.867768,2.333564
202000021179,9,6,2020,15,1,75,75104,2,3,1,1,RUE SAINT ANTOINE,48.854636,2.362768
202000021180,9,6,2020,18,1,94,94081,2,2,1,3,BERTHIE ALBRECHT (R),48.79828,2.41174
202000021181,10,6,2020,21,2,94,94003,2,3,1,6,COLONEL FABIEN (R DU),48.80114,2.33679
202000021182,10,6,2020,19,5,94,94076,2,9,8,3,STALINGRAD (AV DE),48.78228,2.36704
202000021183,10,6,2020,18,1,94,94038,2,1,1,7,DIVISION LECLERC (AV),48.77578,2.33034
202000021184,8,6,2020,22,5,94,94028,2,1,1,7,HALPERN.(AVENUE BERNARD),48.7853522,2.4578092
202000021185,10,6,2020,18,1,94,94077,2,2,1,3,ROGER SALENGRO (R),48.737224,2.411072
202000021186,9,6,2020,16,1,94,94022,2,9,1,6,ALLIES (BD DES),48.765477,2.404672
202000021187,10,6,2020,18,1,94,94017,2,1,1,3,GENERAL DE GAULLE (AV DU),48.82729,2.51264
202000021188,9,6,2020,15,1,94,94002,2,1,1,3,LATERAL (CHE),48.80783,2.42355
202000021189,10,6,2020,16,1,93,93078,2,3,1,3,DAMBEL (AVENUE EMILE),48.9524082,2.550472
202000021190,10,6,2020,11,1,93,93051,2,2,1,3,MARECHAL JUIN (AVENUE),48.8418997,2.5687847
202000021191,10,6,2020,12,1,93,93047,2,1,1,6,BARGUE  (BOULEVARD),48.9012521,2.5584483
202000021192,10,6,2020,21,5,93,93007,2,1,1,1,SAINT-PIERRE (ROND-POINT),48.9282453,2.4635475
202000021193,10,6,2020,13,1,93,93001,2,9,1,6,AV VICTOR HUGO ,48.9111308,2.37928
202000021194,8,6,2020,17,1,92,92050,2,5,8,3,HAVRE BOULEVARD DU,48.91882,2.2228
202000021195,10,6,2020,14,1,92,92044,2,2,1,3,ARISTIDE BRIAND(RUE)1A49 ET 2A52,48.8904165,2.2836529
202000021196,12,4,2020,14,1,92,92025,2,2,1,6,GABRIEL PERI (RUE),48.914619,2.229037
202000021197,10,6,2020,18,1,92,92023,2,1,1,6,REAUMUR (AVENUE),48.77963,2.24016
202000021198,10,6,2020,11,1,92,92012,2,1,1,3,ROBERT SCHUMAN (AVENUE),48.841735,2.248367
202000021199,11,6,2020,17,1,51,51352,1,1,3,7,N4,48.714327,4.636445
202000021200,10,6,2020,13,1,24,24139,1,2,1,3,Route de la Petite Morinie,45.121563,0.644283
202000021201,11,6,2020,16,1,06,06161,1,1,1,3,Route du Bord de Mer,43.619594,7.130272
202000021202,11,6,2020,16,1,38,38133,2,3,1,3,Route de Grenoble,45.350675,5.59607
202000021203,11,6,2020,12,1,23,23082,1,1,1,3,41 Le 3 et Demi,46.221359,1.687619
202000021204,11,6,2020,9,1,62,62677,1,1,1,6,D928,50.33116,2.023605
202000021205,10,6,2020,18,1,51,51093,1,2,1,3,D36,49.002273,3.879815
202000021206,7,6,2020,14,1,19,19164,1,1,8,7,Chammet,45.7063453,1.9930182
202000021207,11,6,2020,16,1,80,80656,1,1,1,1,D1029,49.812041,2.064829
202000021208,11,6,2020,21,3,82,82013,1,1,2,6,Route de Vigueron,43.884876,1.016702
202000021209,10,6,2020,21,2,81,81045,1,1,1,6,Rue Charles Liozu,44.076418,1.937081
202000021210,10,6,2020,12,1,61,61196,1,3,1,3,Lieu Dit le Bois Fezedin,48.37724,0.59176
202000021211,10,6,2020,13,1,61,61103,1,2,1,3,D438,48.856682,0.362903
202000021212,11,6,2020,20,1,49,49069,1,1,8,7,D17,47.3069724,-1.2182592
202000021213,8,6,2020,12,1,34,34072,1,1,1,7,D148,43.66791,3.335413
202000021214,9,6,2020,23,3,29,29014,1,1,1,7,Lieu Dit Kerambellec,48.541268,-3.634823
202000021215,11,6,2020,5,2,31,31536,1,1,2,6,D5,43.1677675,0.7464456
202000021216,11,6,2020,17,1,38,38069,1,2,1,3,Route du Contour,45.43595,5.30506
202000021217,10,6,2020,20,2,73,73032,1,1,2,6,N90,45.6244223,6.4461316
202000021218,8,6,2020,8,1,07,07204,1,4,1,-1,D9,45.01876,4.406993
202000021219,11,6,2020,7,1,85,85081,1,1,3,1,La Maison Neuve,46.77123,-1.339817
202000021220,10,6,2020,18,1,08,08222,2,2,1,3,129 Rue Saint-louis,50.00014,4.698222
202000021221,10,6,2020,18,1,33,33199,1,1,8,4,A660,44.6148605,-1.094009
202000021222,13,5,2020,3,3,67,67434,1,1,1,7,A4,48.9378225,7.1072833
202000021223,10,6,2020,15,1,45,45093,1,1,1,2,A10 - PK 84 + 600,48.0282006,1.8405755
202000021224,9,6,2020,17,1,95,95250,2,1,1,5,Avenue de Beaumont,49.10287,2.51655
202000021225,7,6,2020,18,2,971,97125,1,1,1,-1,N4,16.254158,-61.319096
202000021226,9,6,2020,13,1,77,77222,1,1,1,1,NATIONALE 36,48.63131,2.780558
202000021227,9,6,2020,12,1,2B,2B042,2,3,1,1,Lotissement Mare E Monte,42.578076,9.435599
202000021228,10,6,2020,15,1,34,34318,1,1,1,7,Route de Fontanes,43.812636,3.932183
202000021229,11,6,2020,12,1,13,13040,1,2,1,3,1280 Avenue Ferdinand Arnaud,43.440413,5.529294
202000021230,11,6,2020,12,1,74,74056,2,1,1,2,D1506,45.923806,6.875642
202000021231,9,6,2020,16,1,16,16121,1,1,1,6,Ld Les Quatre Journeaux,45.700267,0.006603
202000021232,11,6,2020,6,1,27,27330,2,1,1,6,D19,49.243286,1.263122
202000021233,7,6,2020,2,3,13,13026,1,1,1,-1,A55-Sens Marseille vers Martigues,43.379943,5.16163
202000021234,10,6,2020,21,2,92,92002,1,1,1,3,AUTOROUTE A86,48.760547,2.288336
202000021235,10,6,2020,3,3,94,94034,1,1,1,2,AUTOROUTE A6B,48.7505,2.32862
202000021236,2,6,2020,9,1,93,93053,1,1,1,4,AUTOROUTE A3,48.88419,2.46518
202000021237,10,6,2020,8,1,77,77363,1,1,1,-1,A104,48.9184372,2.6322883
202000021238,9,6,2020,0,4,94,94028,1,1,1,2,A86 EXT,48.7894964,2.4402226
202000021239,29,1,2020,13,1,76,76341,2,2,1,2,ROBERT ANCEL,49.5181129,0.2037496
202000021240,8,6,2020,17,5,988,98818,2,3,1,2,ROUTE DE L'ANSE VATA/RUE BLAISE PASCAL,-22.29909,166.44475
202000021241,9,6,2020,8,1,974,97416,1,1,7,6,MAURICE THOREZ(CHEMIN),-21.2762193,55.4702146
202000021242,9,6,2020,13,1,974,97411,2,2,1,6,PONT (RUE DU),-20.8781,55.4458
202000021243,9,6,2020,20,2,69,69149,2,2,2,7,GRANDE RUE                          (GR),45.7174024,4.8096478
202000021244,9,6,2020,16,1,69,69389,2,1,2,6,FRERE BENOIT (DU)                   (R ),45.76567,4.79487
202000021245,6,6,2020,18,1,69,69149,2,1,1,6,SARRA (DE LA)                       (R ),45.71122,4.80265
202000021246,9,6,2020,6,2,69,69382,2,1,2,7,GALLIENI                            (PT),45.74855,4.83122
202000021247,9,6,2020,10,1,2B,2B037,2,1,1,-1,TOUTES RUES,42.62175,9.43703
202000021248,9,6,2020,17,1,91,91174,2,9,1,1,JOHN KENNEDY (BOULEVARD),48.57954,2.47619
202000021249,6,6,2020,15,1,91,91347,2,2,1,3,PERRAY (RUE DU),48.6604,2.27618
202000021250,8,6,2020,21,2,87,87085,2,1,2,6,GARIBALDI (AVENUE),45.83869,1.25842
202000021251,9,6,2020,7,1,85,85191,2,1,7,1,Rue Jacques Daguerre,46.7037,-1.43039
202000021252,9,6,2020,18,1,83,83137,2,1,1,3,BROSSET (BD GENERAL),43.1281962,5.9057867
202000021253,9,6,2020,15,1,83,83137,2,1,1,3,VINCENT (AVE EMILE),43.1301,5.92676
202000021254,8,6,2020,11,1,83,83137,2,1,1,3,ESCARTEFIGUE (CORNICHE DU 746 A FIN,43.1352574,5.9424338
202000021255,8,6,2020,16,1,76,76540,2,1,1,3,NANSEN. RUE FRIDTJOF,49.44686,1.06082
202000021256,8,6,2020,20,1,76,76481,2,3,1,-1,HIPPOCRATE (RUE),49.52967,0.10701
202000021257,8,6,2020,10,1,72,72181,2,1,1,3,COLLET ROBERT (RUE),47.97513,0.21838
202000021258,8,6,2020,21,2,67,67482,2,8,1,3,VICTOIRE (BOULEVARD DE LA),48.584075,7.75906
202000021259,8,6,2020,8,1,67,67482,2,1,1,-1,ROBERTSAU (ALLEE DE LA),48.59052,7.76851
202000021260,8,6,2020,19,1,66,66136,2,1,1,2,BOURRAT BOULEVARD JEAN,42.70139,2.90041
202000021261,8,6,2020,14,1,64,64445,2,1,1,-1,TOURASSE,43.30916,-0.344
202000021262,9,6,2020,12,1,64,64102,2,1,1,7,JEAN DARRIGRAND (AVENUE),43.4812,-1.4882
202000021263,9,6,2020,5,3,64,64024,2,1,8,1,,43.472757,-1.5348622
202000021264,8,6,2020,9,1,64,64102,2,1,1,2,ALLEES MARINES (ROND POINT DES),43.49826,-1.48736
202000021265,8,6,2020,8,1,64,64024,2,1,3,7,ESPAGNE (AVENUE D'),43.47755,-1.52421
202000021266,9,6,2020,21,2,61,61117,1,3,1,3,RUE DU PONT PERCE,48.4353,0.025357
202000021267,8,6,2020,14,1,56,56121,2,4,1,2,JAURES ( AVE JEAN ),47.74528,-3.37061
202000021268,9,6,2020,16,1,51,51573,2,1,1,3,Route de Dormans,49.2411609,3.9914872
202000021269,8,6,2020,17,1,51,51454,2,1,8,3,Rue du Général Koenig,49.2256662,4.0201274
202000021270,5,6,2020,18,1,49,49246,2,1,1,2,GALLIENI AVENUE,47.43665,-0.51388
202000021271,8,6,2020,11,1,47,47031,1,1,1,3,LAMOTHE MAGNAC (ZI),44.1764653,0.6292731
202000021272,8,6,2020,21,2,44,44184,2,2,1,3,HUGO (BOULEVARD VICTOR),47.2778,-2.2171
202000021273,9,6,2020,0,2,44,44109,1,1,3,6,Rue de Gigant,47.214439,-1.571982
202000021274,9,6,2020,20,1,37,37233,2,3,1,3,FARGES (AVENUE YVES),47.3840405,0.7299993
202000021275,9,6,2020,18,1,35,35238,2,1,1,3,MANIEZ (AVENUE JULES),48.09837,-1.69847
202000021276,9,6,2020,18,1,35,35238,2,9,1,3,LONGS PRES (DES),48.13221,-1.65638