Num_Acc,jour,mois,an,hr,condition_eclairage,departement,commune,condition_agglomeration,intersection,condition_atmosphere,type_collision,adresse,lattitude,longitude
202000021277,9,6,2020,17,1,35,35238,1,9,1,2,N136,48.0834,-1.69826
202000021278,9,6,2020,17,1,35,35055,1,1,1,2,RN136,48.09387,-1.62384
202000021279,9,6,2020,12,1,35,35238,2,1,1,2,ALMA (DE L'),48.1043,-1.6774
202000021280,8,6,2020,11,1,35,35238,2,3,1,1,CARTIER (BD JACQUES),48.097,-1.6847
202000021281,9,6,2020,12,1,33,33318,2,3,1,3,AVE DE NOES / RUE DE LA CROIX DE NOES,44.8121907,-0.6426127
202000021282,2,6,2020,7,1,33,33281,1,1,1,3,AVE DE BEAUDESERT,44.84286,-0.69283
202000021283,9,6,2020,12,1,33,33529,2,9,1,3,DE GAULLE (AVE CHARLES) 02 ET +,44.6375,-1.1253
202000021284,9,6,2020,14,1,31,31555,2,1,3,3,46 Boulevard de Strasbourg,43.609068,1.445207
202000021285,8,6,2020,17,1,21,21231,2,1,1,3,LAFAYETTE (RUE),47.3340108,5.0451214
202000021286,8,6,2020,12,1,18,18033,2,1,1,3,JOFFRE (BOULEVARD DU MARECHAL),47.0754,2.40512
202000021287,9,6,2020,14,1,16,16374,1,1,1,6,Ld La Maison Rouge,45.63224,0.21675
202000021288,9,6,2020,19,1,14,14181,2,1,1,2,ROTHLEIN (ROND POINT DE),49.15004,-0.3233
202000021289,9,6,2020,17,1,13,13211,2,1,1,7,POMME (BOULEVARD DE LA ),43.29259,5.44978
202000021290,9,6,2020,22,5,13,13206,2,1,1,7,VINCENT COURDOUAN (RUE),43.2876314,5.3786663
202000021291,9,6,2020,21,5,13,13214,2,9,1,6,BERTHELOT (RUE),43.335997,5.392147
202000021292,9,6,2020,18,1,13,13211,2,1,1,6,MIREILLE LAUZE (Bd),43.286023,5.419136
202000021293,9,6,2020,15,1,13,13202,2,1,1,6,REPUBLIQUE (RUE DE LA),43.304,5.36776
202000021294,9,6,2020,16,1,13,13205,2,1,1,4,SAINT PIERRE (RUE),43.2915808,5.4105484
202000021295,9,6,2020,13,1,09,09122,1,1,8,3,PERMILHAC,43.002908,1.613704
202000021296,8,6,2020,22,5,06,06027,2,3,1,3,JAURES AVENUE JEAN,43.65795,7.16977
202000021297,9,6,2020,12,1,75,75115,2,1,1,7,PORTE DE SEVRES,48.832469,2.280644
202000021298,7,6,2020,22,5,75,75119,2,1,1,-1,BOULEVARD PERIPHERIQUE,48.88742,2.39702
202000021299,9,6,2020,10,1,75,75114,2,2,1,3,RUE D ALESIA,48.83275,2.31152
202000021300,9,6,2020,15,1,75,75120,2,2,1,3,RUE BELGRAND,48.868304,2.401431
202000021301,9,6,2020,20,2,75,75119,2,1,1,-1,RUE ALEXANDER FLEMING,48.881465,2.403608
202000021302,9,6,2020,17,1,75,75118,2,2,1,6,BOULEVARD BARBES,48.885564,2.349533
202000021303,9,6,2020,17,1,75,75108,2,3,1,3,AVENUE DES CHAMPS ELYSEES,48.871088,2.303493
202000021304,9,6,2020,15,1,75,75117,2,3,1,6,RUE DE SAINT MARCEAUX,48.889242,2.301971
202000021305,9,6,2020,13,1,75,75117,2,3,1,7,AVENUE DE CLICHY,48.890555,2.320258
202000021306,9,6,2020,18,1,75,75116,2,3,1,6,RUE DES SABLONS,48.866854,2.284283
202000021307,8,6,2020,14,1,75,75116,2,3,1,6,RUE DE LA TOUR,48.863148,2.275142
202000021308,9,6,2020,19,1,75,75115,2,2,1,3,BOULEVARD PASTEUR,48.842091,2.312997
202000021309,9,6,2020,8,1,75,75115,2,3,1,3,RUE CAMBRONNE,48.845379,2.302067
202000021310,9,6,2020,19,1,75,75114,2,3,1,3,RUE D ALESIA,48.83024,2.320065
202000021311,8,6,2020,19,1,75,75107,2,2,1,3,RUE DE LILLE,48.860036,2.324589
202000021312,9,6,2020,6,1,75,75113,2,3,1,3,RUE DARMESTETER,48.823407,2.375023
202000021313,9,6,2020,21,1,75,75111,2,3,1,3,AVENUE PARMENTIER,48.862634,2.37648
202000021314,9,6,2020,6,2,75,75111,2,1,1,6,AVENUE DE LA REPUBLIQUE,48.864014,2.381192
202000021315,8,6,2020,19,1,75,75107,2,1,1,2,QUAI D ORSAY,48.862519,2.307772
202000021316,9,6,2020,2,5,75,75107,2,1,1,6,BOULEVARD RASPAIL,48.855378,2.325809
202000021317,9,6,2020,12,1,93,93059,2,3,1,3,JULES VALLES (RUE),48.95934,2.36508
202000021318,9,6,2020,8,1,93,93071,2,1,1,3,WESTINGHOUSE (BOULEVARD),48.9270221,2.5199202
202000021319,8,6,2020,20,2,93,93066,2,9,1,3,FAURE FELIX (BOULEVARD),48.938492,2.356345
202000021320,9,6,2020,19,1,93,93064,2,3,1,3,ALL DE L'ESPERANCE / RTE DE NOISY,48.88312,2.49545
202000021321,9,6,2020,13,1,93,93051,2,1,1,2,MALNOUE (NR 1 A 93),48.8448,2.5642
202000021322,9,6,2020,17,1,93,93048,2,1,1,3,CHANZY (BOULEVARD),48.85849,2.43118
202000021323,9,6,2020,13,1,93,93047,2,1,1,4,GENERAL LECLERC  (RUE DU),48.8977373,2.5752646
202000021324,7,6,2020,23,5,93,93010,2,2,1,2,PONT (CHEM. DU),48.9072712,2.4889921
202000021325,9,6,2020,21,2,92,92051,2,9,1,6,"VICTOR HUGO (BOULEVARD, N° 51 A 75 ET 62",48.8907382,2.2757327
202000021326,9,6,2020,20,1,92,92048,2,9,1,3,VERDUN (AVENUE DE),48.8188,2.2437
202000021327,5,6,2020,18,1,92,92044,2,1,1,2,P.V.COUTURIER(RUE)81A113ET60A100,48.8978533,2.2925266
202000021328,30,5,2020,1,5,92,92044,2,1,1,2,MARJOLIN (RUE)15A45 ET 22A56,48.896205,2.2916096
202000021329,8,6,2020,21,2,92,92036,2,1,1,-1,GALLIENI (BOULEVARD) (2/20),48.924509,2.324507
202000021330,9,6,2020,11,1,92,92026,2,1,1,3,MARCEAU,48.9023554,2.2429909
202000021331,10,6,2020,1,3,84,84088,1,6,1,6,Route d'Avignon,43.981506,5.016578
202000021332,9,6,2020,8,1,972,97232,2,1,1,1,CD5,14.540697,-60.868742
202000021333,9,6,2020,15,1,63,63326,2,1,1,1,Villejacque,45.716113,2.863634
202000021334,9,6,2020,21,2,82,82013,1,1,1,-1,Route de Lavit,43.896439,0.966593
202000021335,9,6,2020,22,3,82,82195,1,1,1,7,3070 Route de Bordeaux,44.083296,1.275895
202000021336,29,5,2020,15,1,35,35327,1,2,1,1,Servon-sur-Vilaine,48.1043424,-1.4651763
202000021337,10,6,2020,15,1,26,26113,1,1,1,6,2055 Route de Ponet,44.769337,5.337929
202000021338,9,6,2020,13,1,50,50359,1,1,2,1,La Brocherie Sud Mortain,48.640147,-0.940506
202000021339,10,6,2020,17,1,83,83032,1,1,1,6,D13,43.456346,6.214657
202000021340,10,6,2020,18,1,60,60129,2,1,1,3,Rue de Verdun,49.50971,3.035772
202000021341,9,6,2020,17,1,64,64152,1,1,1,4,Route de Pau,43.336548,-0.32869
202000021342,10,6,2020,13,1,10,10033,2,9,1,6,Boulevard du 14 Juillet,48.230891,4.710828
202000021343,10,6,2020,11,1,28,28027,1,1,1,3,D927,48.142983,1.018853
202000021344,10,8,2020,11,1,95,95580,2,6,1,6,Rue des Sillons de Boulanger,49.088086,2.571026
202000021345,20,5,2020,16,1,28,28057,1,1,1,7,Rue de Bellevue,48.247904,1.391938
202000021346,10,8,2020,22,3,30,30221,1,1,1,6,A9,44.027837,4.746119
202000021347,10,6,2020,12,1,77,77365,2,3,1,1,2 Rue de l'Eglise - D112E,48.7156123,3.0298534
202000021348,9,8,2020,18,4,987,98753,1,1,1,6,RT 301,-23.361365,-149.43773
202000021349,1,8,2020,15,1,987,98714,1,1,1,7,Anau,-16.495417,-151.738889
202000021350,9,6,2020,8,1,38,38537,1,1,2,5,A43,45.639593,5.149112
202000021351,9,1,2020,19,3,77,77283,1,1,1,3,D405,49.058412,3.00782
202000021352,9,6,2020,15,1,78,78003,1,1,1,6,D168,48.517343,1.854715
202000021353,10,8,2020,19,5,971,97128,1,1,1,3,Grands Fonds,16.256723,-61.429067
202000021354,10,8,2020,10,1,33,33165,1,3,1,3,2 Route de l'Entre 2 Mers,44.804977,-0.441315
202000021355,10,8,2020,14,1,28,28185,1,1,1,5,N12,48.775225,1.561139
202000021356,10,6,2020,14,1,34,34162,1,1,1,7,D 32,43.480328,3.467324
202000021357,7,6,2020,2,3,06,06048,2,1,1,1,Chemin du Destey,43.803891,7.337671
202000021358,10,6,2020,13,1,74,74040,2,1,1,6,122 Route des Alluaz,46.168161,6.320746
202000021359,9,6,2020,22,3,38,38190,1,1,2,2,D65,45.803058,5.286264
202000021360,8,8,2020,19,1,95,95054,1,1,1,6,D43,49.147229,1.886129
202000021361,11,8,2020,19,1,34,34143,2,1,1,3,4 Rue de la Grande Eglise,43.447646,3.615741
202000021362,9,6,2020,23,5,14,14167,2,1,1,6,Rue Francis de Pressensé,49.1952449,-0.2807783
202000021363,10,8,2020,15,1,13,13084,1,2,1,3,D23,43.726111,5.274982
202000021364,11,8,2020,13,1,13,13004,1,1,1,1,Rue d'Arles,43.542762,4.687686
202000021365,11,8,2020,7,1,13,13041,1,3,1,-1,Avenue d'Arménie,43.45584,5.459234
202000021366,10,8,2020,13,1,71,71385,1,1,1,3,D186,46.2442065,4.7566465
202000021367,10,8,2020,21,5,63,63247,2,1,1,7,D996,45.57539,2.94616
202000021368,10,6,2020,13,1,60,60446,1,1,1,6,D330a,49.147854,2.790711
202000021369,11,8,2020,2,4,74,74063,2,1,1,6,Route du Linga,46.260672,6.837959
202000021370,10,6,2020,15,1,60,60346,2,9,1,3,D1016,49.154028,2.444566
202000021371,11,8,2020,17,1,74,74027,1,9,7,4,D909,45.896072,6.274803
202000021372,10,8,2020,23,3,38,38344,1,1,8,2,Route Nationale 7,45.4056,4.81091
202000021373,9,6,2020,18,1,13,13055,1,1,1,4,A507 sens Marseille - Aubagne,43.31043,5.42439
202000021374,11,8,2020,8,1,69,69255,1,1,1,2,D30,45.735122,4.695411
202000021375,11,8,2020,14,1,81,81054,2,1,1,1,60 Route de Soual,43.575849,2.119674
202000021376,10,8,2020,20,1,49,49301,2,2,1,1,Avenue des Primeveres,47.019228,-1.053468
202000021377,9,6,2020,17,1,13,13015,1,1,1,2,A51-Sens Aix en Provence vers Marseille,43.44052,5.39623
202000021378,11,8,2020,12,1,56,56152,1,4,1,1,Route de Bangor,47.340763,-3.158586
202000021379,8,6,2020,18,1,13,13211,1,1,1,4,A50-Sens Marseille vers Aubagne,43.286964,5.436738
202000021380,11,8,2020,17,1,76,76535,1,1,1,6,D915,49.625946,1.487875
202000021381,10,8,2020,18,1,59,59630,2,1,7,7,Rue Anatole France,50.485451,3.041953
202000021382,12,7,2020,21,2,59,59025,1,2,1,3,1 Route de Mailly,50.583925,2.817537
202000021383,9,6,2020,18,1,91,91689,1,4,1,6,AUTOROUTE A6,48.73554,2.317
202000021384,7,8,2020,0,3,42,42097,1,9,1,6,A72,45.52031,4.29371
202000021385,10,8,2020,1,3,54,54483,1,1,1,7,Autoroute A 33,48.61689,6.28159
202000021386,9,6,2020,17,1,77,77251,1,1,1,3,AUTOROUTE A5A,48.6261481,2.5390803
202000021387,10,8,2020,19,1,95,95277,1,1,1,2,AUTOROUTE A3,48.97483,2.4902
202000021388,8,6,2020,10,1,92,92025,1,1,1,3,A86,48.9224664,2.2270148
202000021389,10,8,2020,12,1,94,94073,1,1,1,2,A86 INT,48.75458,2.34791
202000021390,10,8,2020,12,1,94,94065,1,1,1,2,A86 EXT,48.7541,2.3499
202000021391,8,6,2020,16,1,95,95306,1,1,1,2, A15,49.00087,2.17328
202000021392,8,6,2020,14,1,93,93066,1,1,1,2,AUTOROUTE A86,48.92529,2.33953
202000021393,28,7,2020,19,1,04,04086,1,3,1,3,RD 900,44.3913923,6.6725368
202000021394,6,8,2020,19,3,974,97409,2,1,1,6,Rue du parc du colosse,-20.926605,55.661566
202000021395,6,8,2020,19,5,974,97409,2,9,1,3,Avenue Ile de France,-20.951805,55.648841
202000021396,4,8,2020,19,3,974,97409,2,6,1,3,Chemin Lefaguyes,-20.962907,55.658927
202000021397,9,8,2020,14,1,973,97302,2,1,1,3,ZEPHIR (ROCADE),4.9374954,-52.3067413
202000021398,9,8,2020,12,1,69,69383,2,1,1,-1,DOCTEUR REBATEL (DU)                (R ),45.74937,4.87332
202000021399,9,8,2020,6,2,69,69387,2,2,1,3,ANVERS (D')                         (R ),45.7492,4.842
202000021400,9,8,2020,2,5,69,69387,2,2,1,3,CLAUDE BERNARD                      (QU),45.75606,4.84023
202000021401,8,8,2020,19,3,972,97213,2,1,1,1,DUCHESNES 1,14.6401,-60.9741
202000021402,7,8,2020,20,4,972,97213,1,1,1,6,ACAJOU PROLONGEE,14.6241658,-61.0193932
202000021403,9,8,2020,20,2,2A,2A004,2,1,1,6,ILES SANGUINAIRES ROUTE DES,41.90922,8.68765
202000021404,9,8,2020,22,5,95,95268,2,1,1,6,AV DIVISION LECLERC,48.96905,2.39867
202000021405,8,8,2020,19,1,91,91191,2,2,1,3,REPUBLIQUE (AVENUE DE LA),48.71867,2.45603
202000021406,4,8,2020,10,1,83,83126,2,6,1,2,ECHANGEUR D'OLLIOULES,43.12051,5.85231
202000021407,9,8,2020,21,3,83,83069,1,1,1,4,MARAIS (ROUTE DES),43.08165,6.14022
202000021408,8,8,2020,11,1,83,83069,2,1,7,2,ALMANARRE (ROUTE DE L'),43.10247,6.12935
202000021409,2,7,2020,18,1,83,83069,1,1,1,-1,ALMANARRE (ROUTE DE L'),43.0844,6.11174
202000021410,8,8,2020,11,1,77,77058,1,1,7,3,D217BIS,48.8507251,2.7307287
202000021411,6,8,2020,2,5,69,69266,2,1,1,7,8 MAI 1945   (Rue du),45.769596,4.8965379
202000021412,8,8,2020,12,1,69,69290,2,3,1,3,8 MAI 1945 (DU)                     (R ),45.6912588,4.9489329
202000021413,8,8,2020,20,1,64,64260,2,1,1,1,LAURIERS (RUE DES),43.37,-1.78
202000021414,8,8,2020,22,5,62,62160,2,1,1,6,MARGUET (Pont),50.723131,1.600714
202000021415,9,8,2020,3,3,62,62735,1,1,1,7,CD 943,50.495248,2.704396
202000021416,8,8,2020,19,1,62,62108,2,9,1,6,PARIS,50.40353,1.58394
202000021417,9,8,2020,1,5,59,59350,2,2,1,3,HOOVER AVENUE DU PRESIDENT,50.6311269,3.0770034
202000021418,9,8,2020,13,1,51,51454,2,2,1,3,Boulevard Lundy,49.2581128,4.03834
202000021419,8,8,2020,23,3,46,46042,1,1,1,7,DEPARTEMENTALE 911,44.45979,1.48483
202000021420,8,8,2020,3,5,34,34172,2,1,1,6,VIEILLE POSTE (RUE DE LA,43.615063,3.908479
202000021421,9,8,2020,18,1,33,33119,1,1,1,3,BD ENTRE DEUX MERS,44.84434,-0.53109
202000021422,9,8,2020,23,5,33,33529,2,1,1,6,HUTTIERS (AVE DES),44.6400712,-1.1401088
202000021423,9,8,2020,10,1,33,33529,1,4,1,1,BISCAROSSE (AVE) DUNE VERS BISCA,44.57458,-1.21616
202000021424,9,8,2020,11,1,30,30243,1,1,1,3,ANDUZE (VIEILLE ROUTE D'),44.087742,4.062258
202000021425,9,8,2020,12,1,17,17300,1,1,1,3,GUITON   AVENUE JEAN (9-165 et 4),46.15985,-1.16659
202000021426,8,8,2020,10,1,17,17300,2,1,1,3,CHAMP DE MARS   AVENUE DU,46.169399,-1.14881
202000021427,8,8,2020,15,1,13,13043,2,1,1,2,FRANCOIS MITTERAND (AV ),43.3965,5.2451
202000021428,9,8,2020,23,5,13,13208,2,1,1,2,CLOT BEY (AVENUE),43.258954,5.384785
202000021429,8,8,2020,20,1,13,13206,2,2,1,3,PIERRE PUGET (COURS),43.28997,5.37252
202000021430,8,8,2020,6,2,13,13202,2,9,1,3,ROBERT SCHUMANN (AVENUE),43.301764,5.36606
202000021431,8,8,2020,14,1,13,13028,2,1,1,3,RIPERT (AVENUE EMILE),43.18916,5.61657
202000021432,6,8,2020,19,1,12,12145,2,1,1,1,BRASSENS GEORGES (BOULEVARD),44.11519,3.0716
202000021433,8,8,2020,21,5,75,75101,2,1,1,6,RUE SAINTE ANNE,48.865753,2.33526
202000021434,9,8,2020,10,1,75,75120,2,5,1,6,RUE PELLEPORT,48.868312,2.401426
202000021435,9,8,2020,1,5,75,75119,2,3,1,6,AVENUE JEAN JAURES,48.887003,2.386337
202000021436,8,8,2020,22,5,75,75111,2,7,1,4,AVENUE PHILIPPE AUGUSTE,48.849363,2.395305
202000021437,9,8,2020,13,1,75,75110,2,2,1,3,RUE PHILIPPE DE GIRARD,48.881408,2.361866
202000021438,9,8,2020,14,1,75,75109,2,1,1,3,RUE DU FAUBOURG POISSONNIERE,48.874218,2.347925
202000021439,9,8,2020,16,1,75,75107,2,2,1,3,PONT DE LA CONCORDE,48.862588,2.319019
202000021440,9,8,2020,2,5,94,94046,2,5,1,1,EUGENE RENAULT - CAR DE LA RESISTANCE (R,48.815353,2.420566
202000021441,9,8,2020,19,2,94,94043,2,1,1,7,CARNOT (R),48.80924,2.36493
202000021442,9,8,2020,15,1,94,94073,2,1,7,7,ALOUETTES (R DES),48.75285,2.37799
202000021443,9,8,2020,8,1,94,94038,2,3,1,2,GENERAL LECLERC (AV DU),48.77426,2.33158
202000021444,9,8,2020,15,1,94,94022,2,9,1,5,VICTOR HUGO (AV),48.76723,2.41467
202000021445,9,8,2020,15,1,93,93070,2,6,1,2,ALBERT-DHALENNE (RUE),48.91773,2.32978
202000021446,9,8,2020,9,1,93,93066,2,2,1,3,ORNANO (BOULEVARD),48.9181145,2.3442638
202000021447,9,8,2020,15,1,93,93077,2,1,1,2,FOSSE AUX BERGERS (RUE DE LA),48.8864066,2.495177
202000021448,9,8,2020,15,1,93,93051,2,2,1,3,Rue de Verdun,48.84713,2.53293
202000021449,8,8,2020,22,5,93,93010,2,9,1,1,BONDY (PONT DE),48.9050597,2.4702179
202000021450,9,8,2020,16,1,93,93001,2,9,1,1,LANDY (RUE DU) 34/29 =>,48.91547,2.3708
202000021451,9,8,2020,13,1,93,93001,2,1,1,2,REPUBLIQUE (AVE DE LA ) => NO 41/50,48.9100832,2.3857564
202000021452,9,8,2020,11,1,92,92025,2,9,1,3,Boulevard de Valmy,48.928837,2.254378
202000021453,9,8,2020,6,1,92,92044,2,2,8,7,CHARLES PASQUA(QUAI) 2 A 30,48.8970852,2.2741868
202000021454,9,8,2020,22,3,50,50565,1,9,1,2,D973,48.739352,-1.435432
202000021455,10,8,2020,16,1,26,26087,1,1,1,6,chemin des Buis,45.076885,5.119758
202000021456,8,8,2020,18,3,974,97422,2,1,3,3,117 Chemin Neuf,-21.244195,55.512586
202000021457,9,8,2020,15,1,05,05027,1,1,1,1,D902,44.85024,6.725097
202000021458,5,8,2020,18,5,972,97221,2,1,1,7,D8,14.509134,-60.95828
202000021459,6,8,2020,0,3,41,41231,1,1,1,6,A71,47.469457,2.007794
202000021460,10,8,2020,13,1,52,52469,1,1,1,6,A5,48.040906,5.053797
202000021461,9,8,2020,1,3,54,54212,1,1,1,1,D618,49.5070086,5.6628811
202000021462,1,8,2020,14,1,04,04126,1,1,1,7,RD 900,44.41221,6.341525
202000021463,10,8,2020,18,1,79,79253,2,3,1,6,,46.468659,-0.213445
202000021464,9,8,2020,23,5,80,80775,1,2,1,3,1 Rue Pasteur,50.081341,1.634951
202000021465,9,8,2020,3,3,82,82096,1,1,1,6,193 Chemin de  Paillole,44.0434572,1.2553959
202000021466,9,8,2020,12,1,63,63178,2,2,1,3,Avenue Ernest d'Hauterive,45.538767,3.244057
202000021467,13,7,2020,10,1,61,61442,1,1,1,6,D553,48.537572,-0.301437
202000021468,10,8,2020,13,1,12,12104,1,1,7,6,D922,44.481749,2.028222
202000021469,9,8,2020,19,1,68,68362,1,1,1,6,D473,47.554736,7.465553
202000021470,8,8,2020,17,1,68,68062,1,3,1,2,D419,47.629682,7.195358
202000021471,9,8,2020,22,3,22,22250,1,2,1,3,6 Rue Keralmy,48.699225,-3.155437
202000021472,9,8,2020,11,1,39,39497,1,1,1,7,,46.975846,5.934827
202000021473,7,8,2020,7,1,25,25516,2,1,8,6,Rue de Clerval,47.399508,6.555579
202000021474,10,8,2020,10,1,25,25070,1,1,1,6,PRES DITS,46.997217,6.118569
202000021475,5,8,2020,10,1,15,15004,1,1,1,1,D679,45.064504,3.08321
202000021476,10,8,2020,14,1,15,15252,1,1,1,6,D17,44.994866,2.548549
202000021477,9,8,2020,23,3,15,15021,1,1,1,6,lieu dit le teinturier,44.780685,2.295574
202000021478,9,8,2020,9,1,01,01348,2,1,1,6,554 Rue de Crénans,46.177159,4.813958
202000021479,9,8,2020,22,3,72,72276,2,2,1,3,Avenue Eugène Gourdeau,48.273595,0.463328
202000021480,9,8,2020,18,1,14,14528,1,1,1,-1,D675,49.327024,0.296588
202000021481,9,8,2020,19,1,05,05008,1,1,1,2,D329,44.4997,5.730951
202000021482,9,8,2020,16,1,83,83122,1,1,1,1,RD957,43.762044,6.218026
202000021483,10,8,2020,12,1,10,10323,2,1,1,7,7 Rue Jean-jacques Rousseau,48.514106,3.718754
202000021484,25,7,2020,20,1,10,10114,2,1,1,3,chemin du haut villiers,48.510151,3.632585
202000021485,8,8,2020,21,3,16,16104,1,1,1,6,Rejallant,46.015321,0.218295
202000021486,9,8,2020,17,1,87,87104,1,1,1,6,D992,45.721312,1.870208
202000021487,9,8,2020,16,1,08,08363,1,9,1,6,D988,49.924282,4.642727
202000021488,10,8,2020,8,1,49,49323,1,1,1,3,A11,47.500561,-0.487229
202000021489,9,8,2020,8,1,01,01232,1,1,1,3,A39,46.37986,5.269897
202000021490,4,8,2020,21,5,73,73296,2,3,1,3,D87A,45.472301,6.909934
202000021491,10,8,2020,11,1,27,27227,1,1,1,2,A13,49.376097,0.63659
202000021492,9,8,2020,13,1,13,13051,1,1,1,3,"autoroute A7, pk 240+400, sens nord/sud",43.593532,5.174539
202000021493,7,8,2020,21,3,988,98817,1,1,1,7,RP 3 Route de Yaté,-22.199326,166.706457
202000021494,9,8,2020,17,1,974,97420,2,1,1,6,Avenue Pierre Mendès France,-20.90944,55.61021
202000021495,7,8,2020,19,1,45,45332,1,1,1,6,Route de Montargis,47.87074,2.653992
202000021496,8,8,2020,20,2,91,91461,1,1,1,-1,Route de Couard,48.622918,2.220093
202000021497,5,8,2020,21,3,2A,2A247,1,3,1,3,D468,41.631691,9.319048
202000021498,10,8,2020,5,3,83,83068,1,1,1,6,D61,43.264988,6.56269
202000021499,2,8,2020,13,1,13,13007,2,3,1,3,14 Rue Ravel Timothee,43.369059,5.629574
202000021500,10,8,2020,12,1,21,21458,1,1,1,6,2 Impasse Beauvallon,47.199092,5.083505
202000021501,10,8,2020,11,1,68,68001,1,2,7,3,Rue de l'Oberhardt,48.002723,7.551277
202000021502,7,8,2020,16,1,67,67172,1,9,1,6,D127,48.4985655,7.5252649
202000021503,10,8,2020,11,1,67,67101,1,1,7,6,28 Route de Strasbourg,48.5299233,7.4677435
202000021504,6,10,2020,13,1,62,62193,2,2,1,3,COUBERTIN (AVENUE PIERRE DE),50.95426,1.84749
202000021505,6,10,2020,16,1,59,59350,2,9,1,6,BEGHIN CATEL RUE,50.6308,3.04863
202000021506,2,8,2020,0,3,74,74229,2,1,3,7,Route de la Gare,46.225115,6.299967
202000021507,9,8,2020,11,1,73,73040,1,3,1,3,D902,45.3294747,7.0117805
202000021508,6,10,2020,16,1,59,59009,2,1,2,5,PASTEUR RUE,50.62619,3.15242
202000021509,6,10,2020,13,1,59,59378,2,1,8,2,CLEMENCEAU BLVD (N°1-23),50.66147,3.09736
202000021510,9,8,2020,17,1,38,38148,1,3,7,3,Route de Bordenoud,45.615475,5.465169
202000021511,2,10,2020,7,5,59,59527,2,2,2,6,LECLERC RUE DU GENERAL,50.66207,3.05005
202000021512,7,8,2020,9,1,13,13055,1,1,1,6,A507 sens Marseille - Aubagne,43.32424,5.4223
202000021513,7,8,2020,7,1,13,13055,1,1,1,7,A507 sens Aubagne- Marseille,43.3149,5.4228
202000021514,8,8,2020,23,3,01,01275,1,1,1,6,A42   6.180 A 6.290,45.8138654,4.9497753
202000021515,5,10,2020,21,5,56,56121,2,1,2,4,ROUTE DEPARTEMENTALE 465,47.7484,-3.38656
202000021516,7,8,2020,21,3,69,69282,1,1,1,6,RN346   29.300 A 34.350,45.75761,4.98664
202000021517,5,10,2020,13,1,54,54304,2,1,2,3,BOIS GRONEE (AVENUE DU),48.68563,6.13234
202000021518,9,8,2020,7,1,94,94033,1,1,1,7,A86.INT,48.84964,2.49051
202000021519,5,10,2020,8,1,52,52448,2,3,2,6,VERDUN (AVENUE DE) PAIR,48.63987,4.94721
202000021520,8,8,2020,12,1,77,77514,1,1,1,-1,A104,48.952325,2.628509
202000021521,6,10,2020,9,1,51,51454,2,4,3,3,Boulevard Henry Vasnier,49.2407917,4.0531229
202000021522,2,10,2020,16,1,49,49007,2,1,1,6,TABARLY QUAI,47.47093,-0.56473
202000021523,1,10,2020,20,2,49,49007,2,1,1,5,DOYENNE BOULEVARD ET PASSAGE,47.48833,-0.53704
202000021524,8,8,2020,6,1,69,69259,2,2,1,3,JEAN CAGNE                          (AV),45.69398,4.87508
202000021525,6,10,2020,5,5,41,41018,2,3,2,3,CROIX PICHON (RUE DE LA,47.59693,1.30581
202000021526,6,10,2020,18,3,38,38151,2,1,2,3,Rue d'Auvergne,45.15452,5.71621
202000021527,8,8,2020,14,1,95,95268,2,3,1,6,AV DU GENERAL DE GAULLE,48.9705,2.4029
202000021528,6,10,2020,15,1,37,37261,2,1,1,6,VICTOIRE (RUE DE LA),47.3928467,0.6786664
202000021529,7,8,2020,20,1,91,91174,2,9,1,6,MICHEL ( DB GEORGES),48.6069,2.4683
202000021530,6,10,2020,10,1,37,37261,2,2,1,6,BERANGER (BOULEVARD),47.3892572,0.6828301
202000021531,7,8,2020,18,1,77,77152,1,6,1,7,JUSTICE(ROND POINT DE LA) D372 - D142,48.50558,2.60715
202000021532,6,8,2020,20,1,76,76540,2,1,1,2,GRAND MARE. AVENUE DE LA,49.44993,1.1344
202000021533,5,10,2020,12,1,37,37122,1,9,2,7,,47.3423333,0.647449
202000021534,8,8,2020,18,1,76,76026,2,1,1,3,LIBERATION (RUE DE LA),49.87978,1.12799
202000021535,3,10,2020,12,1,35,35093,2,2,2,3,VALLEE (RUE DE LA),48.63056,-2.05832
202000021536,8,8,2020,22,5,69,69266,2,1,1,1,LEON BLUM      (Rue),45.76058,4.90489
202000021537,6,10,2020,10,1,35,35238,2,1,8,4,TROIS CROIX (BD DES),48.12765,-1.68424
202000021538,8,8,2020,20,2,69,69256,2,2,1,3,AUGUSTE BLANQUI                     (R ),45.78644,4.92413
202000021539,5,10,2020,14,1,34,34172,2,1,1,7,LIBERTE (AVENUE DE LA,43.6089386,3.8411808
202000021540,7,8,2020,12,1,69,69266,2,1,1,3,EMILE ZOLA     (Cours),45.77022,4.87523
202000021541,6,10,2020,20,5,33,33075,2,1,2,2,74 Avenue Jean Jaurès,44.87759,-0.59134
202000021542,8,8,2020,15,1,64,64348,2,6,1,2,BOULEVARD DE L'EUROPE,43.330438,-0.3852403
202000021543,18,9,2020,19,1,29,29019,2,2,1,3,Rue Théodore Botrel,48.4071036,-4.5016407
202000021544,8,8,2020,11,1,64,64024,2,2,1,3,BAYONNE (AVENUE DE),43.4819,-1.50918
202000021545,6,10,2020,22,3,27,27229,2,9,1,6,NORMANDIE (BOULEVARD DE),49.02209,1.1356
202000021546,8,8,2020,22,5,59,59599,2,2,1,3,CHOCQUEEL (RUE WINOC),50.7198,3.1738
202000021547,6,10,2020,21,5,13,13215,2,1,2,4,SAINT ANTOINE A SAINT JOSEPH (CHEMIN DE),43.36003,5.36454