Num_Acc,jour,mois,an,hr,condition_eclairage,departement,commune,condition_agglomeration,intersection,condition_atmosphere,type_collision,adresse,lattitude,longitude
202000021548,7,8,2020,7,1,59,59359,2,1,1,7,AVEN (RUE DE L(),51.000023,2.252106
202000021549,6,10,2020,15,1,13,13203,2,1,2,3,ROGER SALENGRO (AVENUE),43.31984,5.36747
202000021550,6,10,2020,17,1,13,13202,2,1,2,3,URFE (RUE D'),43.3086983,5.3686767
202000021551,8,8,2020,21,5,42,42187,2,1,1,1,Avenue de Paris,46.04379,4.0716
202000021552,6,10,2020,17,1,10,10387,2,1,8,6,ISLE (RUE DE),48.299042,4.08504
202000021553,7,8,2020,21,2,42,42187,1,1,1,2,Rocade Est,46.05236,4.08106
202000021554,11,8,2020,14,1,38,38185,2,3,1,3,Avenue Marie Reynoard,45.16401,5.72863
202000021555,5,10,2020,17,1,05,05061,2,3,8,1,CHABANAS (RUE DE ),44.5666,6.06321
202000021556,8,8,2020,21,5,34,34172,2,9,1,5,PAVELET (AVENUE DU COLONEL),43.58215,3.86355
202000021557,30,9,2020,16,1,05,05061,2,3,1,7,PRE DE FOIRE ( RUE DU ),44.554983,6.0745503
202000021558,5,10,2020,11,1,04,04070,2,6,1,3,RP Jean Jaure,44.0720369,6.1800402
202000021559,7,8,2020,18,1,34,34172,2,3,1,-1,DUBOUT (AVENUE ALBERT),43.60193,3.89166
202000021560,6,10,2020,14,1,75,75120,2,1,1,6,BOULEVARD PERIPHERIQUE,48.848316,2.414768
202000021561,8,8,2020,22,5,33,33063,2,3,1,6,RUE MAC CARTHY CAUD,44.84154,-0.61933
202000021562,8,8,2020,7,2,33,33318,2,3,1,6,AVE DU DOCTEUR NANCEL PENARD,44.80909,-0.63383
202000021563,6,10,2020,9,1,75,75116,2,4,1,4,ECHANGEUR DAUPHINE,48.869701,2.271266
202000021564,5,10,2020,18,1,75,75116,2,1,2,2,"PORTE DE PASSY ,",48.857246,2.258489
202000021565,8,8,2020,3,5,33,33063,2,3,1,7,QUAI DE LA SOUYS,44.82604,-0.53674
202000021566,6,10,2020,8,1,75,75120,2,2,2,6,RUE BELGRAND,48.864667,2.40464
202000021567,8,8,2020,16,1,33,33009,2,2,1,6,LAMARQUE PLAISANCE (CRS) 1 ET +,44.66132,-1.17439
202000021568,6,10,2020,18,2,75,75118,2,1,1,6,AVENUE DE CLICHY,48.88397,2.327235
202000021569,6,10,2020,17,1,75,75115,2,3,1,6,RUE OLIVIER DE SERRES,48.831707,2.293016
202000021570,8,8,2020,16,1,30,30189,2,2,1,1,CAPOUCHINE (CHEMIN),43.81692,4.3531
202000021571,7,8,2020,19,1,29,29232,2,6,7,7,Avenue de la Liberation,47.9910494,-4.0740051
202000021572,5,10,2020,12,1,75,75114,2,5,8,6,AVENUE RENE COTY,48.829763,2.333934
202000021573,9,8,2020,0,1,25,25056,2,1,8,7,N57 Montboucons,47.251825,5.985725
202000021574,6,10,2020,14,1,75,75113,2,1,1,6,PASSAGE TRUBERT BELLIER,48.824197,2.351325
202000021575,7,8,2020,15,1,25,25056,2,3,8,3,Boulevard Salvador Allendé,47.219626,5.975436
202000021576,29,7,2020,15,1,18,18033,2,2,1,3,MAZIERES (RUE DE),47.0715618,2.3903463
202000021577,6,10,2020,14,1,75,75112,2,3,2,3,AVENUE DU DOCTEUR ARNOLD NETTER,48.841574,2.404881
202000021578,6,10,2020,14,1,75,75108,2,2,2,4,AVENUE DES CHAMPS ELYSEES,48.87236,2.29949
202000021579,8,8,2020,21,5,13,13206,2,1,1,6,ROUET (RUE DU),43.28528,5.38511
202000021580,8,8,2020,20,1,13,13211,2,1,1,6,MONTRE (TRAVERSE DE LA),43.294459,5.475536
202000021581,6,10,2020,10,1,75,75108,2,5,8,6,RUE DE LIEGE,48.879652,2.327013
202000021582,6,10,2020,8,1,75,75108,2,3,1,4,AVENUE DES CHAMPS ELYSEES,48.871083,2.303489
202000021583,8,8,2020,16,1,13,13207,2,1,1,2,Corniche John Fitzgérald Kennedy,43.286224,5.351208
202000021584,6,10,2020,17,1,75,75107,2,1,1,6,RUE DE L UNIVERSITE,48.860751,2.318603
202000021585,4,8,2020,19,1,13,13202,2,6,1,2,TOURETTE (QUAI DE LA),43.29689,5.36269
202000021586,6,10,2020,7,1,75,75107,2,2,2,3,AVENUE BOSQUET,48.857068,2.304212
202000021587,8,8,2020,13,1,13,13209,2,1,1,2,MARÉCHAL DE LATTRE (AVENUE),43.245,5.414
202000021588,8,8,2020,12,1,13,13204,2,1,1,6,CHARTREUX (AVENUE DES),43.312397,5.40143
202000021589,6,10,2020,1,5,75,75114,2,4,8,4,BOULEVARD PERIPHERIQUE,48.820925,2.321786
202000021590,6,10,2020,11,1,75,75104,2,2,2,3,QUAI DE L HOTEL DE VILLE,48.854048,2.355747
202000021591,8,8,2020,4,5,13,13204,2,9,1,-1,FRANÇOISE DUPARC (BOULEVARD),43.3017428,5.4006547
202000021592,6,10,2020,15,1,94,94076,2,1,2,2,VERDUN (R DE),48.790492,2.353744
202000021593,8,8,2020,21,2,13,13047,2,1,1,6,RAYMOND FILIPPI AVENUE,43.50921,4.98353
202000021594,8,8,2020,12,1,13,13047,1,1,1,6,D5,43.479461,4.996414
202000021595,6,10,2020,8,1,94,94041,2,3,2,3,HOCHE (R),48.81229,2.37195
202000021596,5,8,2020,17,1,13,13098,1,3,1,5,D.51A,43.43751,5.01446
202000021597,5,10,2020,6,5,94,94019,2,1,2,3,PINCE VENT (AV DE),48.79531,2.55748
202000021598,8,8,2020,22,5,13,13001,2,1,1,7,BONAPARTE NAPOLEON(AV),43.5265,5.4448
202000021599,5,10,2020,13,1,94,94004,2,1,2,5,VALENTON (R DE),48.74557,2.50836
202000021600,8,8,2020,17,1,10,10297,2,2,1,1,JULES GUESDE (BDL),48.31806,4.1041
202000021601,6,10,2020,20,5,94,94018,2,1,2,1,REPUBLIQUE (R DE LA),48.8219,2.4155
202000021602,6,10,2020,11,1,94,94002,2,1,1,6,ETIENNE DOLET (R),48.80093,2.42231
202000021603,5,10,2020,19,5,94,94002,2,3,2,3,LOUIS BLANC (R),48.80649,2.41921
202000021604,6,10,2020,10,1,93,93073,1,2,2,3,CHAPIT RE ( RUE DU),49.0027404,2.538709
202000021605,6,10,2020,5,5,93,93072,2,1,2,1,AV DE STALINGRAD,48.95352,2.39139
202000021606,6,10,2020,19,5,93,93071,2,1,1,6,R D'AULNAY,48.9399,2.51697
202000021607,6,10,2020,13,1,93,93066,2,1,1,6,LAMAZE DOCTEUR,48.9369,2.372
202000021608,6,10,2020,15,1,93,93064,2,1,9,6,DE GAULLE (AV DU GENERAL) 0 / 56 - 47,48.87727,2.48002
202000021609,6,10,2020,7,2,93,93064,2,2,2,-1,R JULES FERRY / R DE BRUXELLES,48.8765,2.47603
202000021610,6,10,2020,19,5,93,93050,2,1,8,3,JEAN JAURES (AVENUE) COTE VILLE EVRARD,48.8645628,2.5532595
202000021611,5,10,2020,19,5,93,93079,2,1,2,6,MAURICE GRANDCOING,48.96561,2.34448
202000021612,6,10,2020,18,1,93,93027,2,3,2,3,R RASPAIL / R DES USINES BABCOCK,48.9233,2.3951
202000021613,6,10,2020,19,5,93,93047,2,1,2,6,BARGUE  (BOULEVARD),48.9016825,2.5593634
202000021614,6,10,2020,21,5,93,93057,2,1,2,3,AV ARISTIDE BRIAND,48.90972,2.50656
202000021615,6,10,2020,10,1,93,93001,2,1,2,6,REPUBLIQUE (AVE DE LA ) 43/106 =>,48.908279,2.3874946
202000021616,6,10,2020,10,1,93,93001,2,1,8,3,VICTOR HUGO (AVE)  => N° 129,48.90982,2.37868
202000021617,3,10,2020,14,1,92,92063,2,1,1,-1,BONAPARTE (AVENUE NAPOLEON) NORD,48.87057,2.15929
202000021618,29,9,2020,19,2,92,92063,2,1,1,6,POMPIDOU (AVENUE DU PRESIDENT),48.86764,2.19961
202000021619,6,10,2020,20,5,92,92044,2,1,1,3,DANTON(RUE) 1A73 ET 2A88,48.8925252,2.281589
202000021620,6,10,2020,17,1,92,92035,2,7,3,3,Belgique ( Place de ),48.907283,2.240357
202000021621,6,10,2020,11,1,92,92007,2,1,2,3,BRIAND (AVENUE ARISTIDE) N° 162 A 300,48.7908891,2.3196591
202000021622,2,10,2020,10,1,92,92004,2,1,8,4,AULAGNIER ( QUAI ),48.91331,2.3071
202000021623,6,10,2020,9,1,92,92004,2,1,1,3,DOCTEUR DERVAUX  ( QUAI DU ),48.9059447,2.2893964
202000021624,7,10,2020,13,1,22,22180,1,1,8,7,La Perriere Mallet,48.419062,-2.217479
202000021625,7,10,2020,14,1,25,25479,1,1,3,6,A36,47.415137,6.578794
202000021626,6,10,2020,12,1,62,62261,1,1,3,7,Rue Evariste Dusannier,50.497159,1.63765
202000021627,6,10,2020,15,1,68,68043,2,1,2,2,2 Rue Lafer,47.855614,7.266941
202000021628,6,10,2020,18,5,974,97413,2,1,1,6,103 Rue du General Lambert,-21.166064,55.28758
202000021629,6,10,2020,20,3,34,34032,1,9,1,6,A75,43.361577,3.274763
202000021630,7,10,2020,7,1,71,71002,1,2,8,5,D678,46.7503741,5.0371771
202000021631,5,10,2020,10,1,30,30334,2,1,1,6,Route de Nimes,44.003001,4.416284
202000021632,5,10,2020,14,1,22,22175,2,2,2,3,Rue de Penthièvre,48.448269,-2.387863
202000021633,4,10,2020,16,1,19,19274,1,1,2,7,A.89,45.1886392,1.4895481
202000021634,7,10,2020,18,1,69,69070,1,1,1,1,Lieu Dit Gadran,46.02405,4.390261
202000021635,1,10,2020,17,1,71,71584,2,4,2,4,D15,46.446152,4.865205
202000021636,6,10,2020,8,2,61,61324,1,1,2,6,les genetais,48.528803,-0.746011
202000021637,3,10,2020,23,3,49,49018,1,2,2,3,Brené,47.469414,-0.102053
202000021638,3,10,2020,16,1,42,42156,2,3,8,6,Rue de la Poste,45.902134,4.180743
202000021639,6,10,2020,16,1,68,68240,2,1,2,6,22 Rue Principale,47.573862,7.288485
202000021640,6,10,2020,19,3,39,39209,2,1,8,6,Nantey - Chemin des Pignons,46.407512,5.399904
202000021641,6,10,2020,18,1,39,39061,1,2,2,3,,46.589411,5.730204
202000021642,6,10,2020,8,1,44,44069,2,1,1,3,Avenue de la Brière,47.332377,-2.422088
202000021643,6,10,2020,12,1,35,35207,1,1,3,1,RD 92,48.080231,-1.513027
202000021644,6,10,2020,18,1,29,29182,1,1,1,7,Lieu Dit Corn Ar Vur,48.625682,-3.6928028
202000021645,7,10,2020,15,1,38,38434,1,2,1,3,Route de la Vallée,45.526066,5.552242
202000021646,6,10,2020,12,1,03,03254,2,1,2,7,Boulevard Ledru Rollin,46.3072698,3.2930377
202000021647,5,10,2020,11,1,54,54073,1,1,2,5,RD674,48.644366,5.892363
202000021648,6,10,2020,21,3,72,72358,1,1,2,6,LE GLAND,48.051148,0.518246
202000021649,7,10,2020,14,1,05,05123,1,1,1,6,D994,44.548378,5.981651
202000021650,7,10,2020,13,1,09,09299,1,1,2,7,D618,42.913221,1.194806
202000021651,4,10,2020,20,3,18,18160,1,1,2,6,Route de Saint Amand,46.990217,2.814174
202000021652,6,10,2020,11,1,43,43198,1,4,2,1,Conil,44.970863,3.708937
202000021653,7,10,2020,16,1,10,10231,1,1,1,1,D619,48.501621,3.466272
202000021654,7,10,2020,17,1,27,27467,2,3,1,1,Quai Félix Faure,49.35841,0.50897
202000021655,6,10,2020,11,1,87,87185,1,3,2,7,Les Vignes à Dieu,45.886733,1.014444
202000021656,6,10,2020,13,1,30,30325,2,1,2,1,Route de Ganges,43.977572,3.71502
202000021657,4,10,2020,19,5,978,97801,2,1,1,6,6 Rue d'Orléans,18.069315,-63.035297
202000021658,6,10,2020,15,1,35,35210,2,1,1,1,Rue du Docteur Léon,48.149037,-1.788341
202000021659,7,10,2020,7,2,01,01323,1,1,1,6,D933,46.420052,4.931944
202000021660,7,10,2020,10,1,69,69244,2,9,1,3,2 Rue Clotilde,45.767377,4.761747
202000021661,6,10,2020,17,1,68,68042,1,1,2,4,Autoroute A35,47.619529,7.513103
202000021662,6,10,2020,7,2,51,51507,1,1,3,7,A4,49.0762164,4.9162008
202000021663,7,10,2020,6,3,01,01224,1,1,1,1,Route de Lagnieu,45.783926,5.228398
202000021664,6,10,2020,16,1,987,98740,1,1,1,6,Avatoru,-14.944864,-147.706784
202000021665,6,10,2020,6,1,987,98733,1,1,1,3,RT1,-17.676685,-149.589082
202000021666,10,9,2020,6,1,987,98733,1,9,1,1,vallée de Orofero,-17.688428,-149.578149
202000021667,19,8,2020,23,3,971,97125,1,2,1,3,Belloc,16.295673,-61.301887
202000021668,7,10,2020,4,3,77,77477,1,1,1,6,D152,48.3326152,2.5909688
202000021669,7,10,2020,16,1,77,77091,1,4,1,3,D216,48.7424848,2.8307337
202000021670,6,10,2020,15,1,95,95212,1,1,2,2,D165,49.035111,2.562491
202000021671,7,10,2020,8,1,78,78320,1,1,8,1,D113,49.030606,1.554328
202000021672,6,10,2020,17,1,83,83094,1,1,1,2,D74,43.341254,6.559846
202000021673,7,10,2020,16,1,69,69163,1,1,1,1,Rue de Billy le Jeune,45.9071838,4.7433881
202000021674,6,10,2020,22,3,81,81112,1,1,3,6,D988,43.920437,2.0119573
202000021675,7,10,2020,11,1,14,14068,1,6,1,3,Lieu Dit la Bijude,49.229397,-0.371325
202000021676,6,10,2020,23,3,35,35047,1,1,1,6,RD 177,48.050073,-1.747867
202000021677,7,10,2020,15,1,60,60360,2,1,1,6,31 Rue Victor Hugo,49.328629,2.46265
202000021678,7,10,2020,11,1,60,60090,2,2,1,5,D915,49.1751035,1.9096686
202000021679,7,10,2020,16,1,60,60009,1,2,1,3,D93,49.399573,2.082459
202000021680,7,10,2020,15,1,62,62014,2,1,1,6,1 Avenue Carnot,50.639575,2.402819
202000021681,2,10,2020,17,1,59,59256,1,1,2,1,M 145,50.575388,3.118014
202000021682,6,10,2020,14,1,13,13026,1,1,1,2,A55-Sens Marseille vers Martigues,43.378249,5.170027
202000021683,2,10,2020,9,1,59,59512,1,1,1,2,ROUTE METROPOLITAINE 656,50.7028301,3.1601599
202000021684,2,10,2020,11,1,59,59343,1,1,1,3,ROUTE NATIONALE 227,50.600328,3.130785
202000021685,6,10,2020,9,1,91,91659,1,1,8,7,AUTOROUTE A6,48.593677,2.443759
202000021686,6,10,2020,10,1,91,91687,1,1,1,2,AUTOROUTE A6,48.6649,2.3642
202000021687,6,10,2020,8,1,91,91553,1,1,2,2,RN 104,48.6317,2.4946
202000021688,6,10,2020,6,3,91,91064,1,1,2,6,RN 118,48.74892,2.21432
202000021689,6,10,2020,12,1,92,92064,1,1,2,2,A13,48.8395693,2.2020815
202000021690,6,10,2020,7,3,78,78466,1,1,2,4,A13,48.92669,1.99385
202000021691,6,10,2020,6,3,78,78466,2,1,3,4,A13,48.927492,1.991869
202000021692,5,10,2020,7,2,92,92050,1,1,2,2,A14,48.9000875,2.2094467
202000021693,6,10,2020,16,1,93,93008,1,9,1,3,AUTOROUTE A86,48.9083227,2.4507338
202000021694,6,10,2020,10,1,95,95582,1,1,8,6, A15,48.9641319,2.2632091
202000021695,6,10,2020,9,1,92,92036,1,1,8,3,AUTOROUTE A86,48.938517,2.3000176
202000021696,6,10,2020,10,1,93,93006,1,1,1,5,AUTOROUTE A3,48.8636691,2.4132376
202000021697,5,10,2020,21,3,95,95018,1,1,3,6,A15,48.95669,2.27459
202000021698,6,10,2020,15,1,94,94028,1,1,1,2,RN406.Y,48.7795,2.4406
202000021699,6,10,2020,9,1,93,93051,1,1,1,2,A4,48.836228,2.553139
202000021700,5,10,2020,23,3,77,77169,1,1,2,6,RN104,48.824833,2.615717
202000021701,14,5,2020,10,1,05,05061,2,3,1,6,BONNE (CHEMIN DE),44.5633466,6.0838944
202000021702,14,6,2020,19,1,45,45234,2,1,1,6,Rue du Fil Soie,47.9211,1.93217
202000021703,6,10,2020,8,1,988,98818,2,6,1,3,PROMENADE PIERRE VERNIER/RUE DU PORT DESPOINTES,-22.28676,166.45727
202000021704,5,10,2020,16,1,974,97416,1,1,2,7,RN 01,-21.30944,55.43366
202000021705,5,10,2020,8,1,974,97411,1,1,8,2,LITTORAL (ROUTE 2 DU),-20.8769,55.41429
202000021706,5,10,2020,7,1,973,97302,2,1,1,3,LAFAURIE (CITE),4.9337586,-52.323364
202000021707,5,10,2020,19,5,69,69388,2,2,2,6,JEAN SARRAZIN                       (R ),45.72931,4.86078
202000021708,5,10,2020,12,1,69,69388,2,2,8,3,PAUL SANTY                          (AV),45.73151,4.87388
202000021709,5,10,2020,8,1,69,69383,2,2,1,3,PAUL BERT                           (R ),45.75708,4.86166
202000021710,5,10,2020,7,2,69,69383,2,1,1,3,ANTOINE CHARIAL                     (R ),45.75762,4.8715
202000021711,18,9,2020,16,1,2B,2B120,1,1,1,3,11 - RT,42.65,9.4167
202000021712,4,10,2020,4,1,971,97101,1,1,1,6,RN1 ROCADE DE CHAUVEL,16.2395,-61.523
202000021713,5,10,2020,17,1,2A,2A004,2,1,1,5,CONSTELLATION IMM.AV NOEL FRANCHINI,41.9368788,8.7536776
202000021714,5,10,2020,18,2,95,95539,2,9,3,2,RD 301,49.0094601,2.3528919
202000021715,3,10,2020,10,1,91,91377,2,2,1,3,GALVANI (RUE),48.7246,2.26853
202000021716,5,10,2020,13,1,91,91687,2,1,2,6,SABLONS (AVENUE DES),48.666719,2.364629
202000021717,3,10,2020,16,1,87,87085,2,1,2,6,BASTIAT (RUE FREDERIC),45.88355,1.28886
202000021718,2,10,2020,22,5,87,87085,2,1,3,6,PALAIS (ROUTE DU),45.84069,1.28774
202000021719,3,10,2020,14,1,87,87085,2,1,3,6,PALAIS (ROUTE DU),45.83955,1.28405
202000021720,4,10,2020,12,1,86,86158,1,1,8,7,N149,46.629588,0.264882
202000021721,17,9,2020,20,2,84,84031,2,1,1,6,HUGO AVENUE VICTOR,44.04715,5.04817
202000021722,7,7,2020,0,5,84,84007,2,6,1,3,C.De GAULLE (Rocade),43.92882,4.81248
202000021723,5,10,2020,22,3,83,83069,1,1,1,7,REAL MARTIN (ROUTE DU),43.1713,6.11579
202000021724,5,10,2020,0,5,78,78551,2,9,2,7,FOCH (AVENUE DU MARECHAL),48.90232,2.08568
202000021725,3,10,2020,16,1,77,77146,2,2,1,3,PREMIER MAI (ALLEE DU),48.82603,2.63677
202000021726,2,10,2020,20,5,76,76341,1,6,1,6,BREQUE,49.5042,0.1954
202000021727,3,10,2020,8,2,76,76351,2,1,1,6,ROMAIN ROLLAND (RUE),49.50656,0.10916
202000021728,8,9,2020,7,2,70,70550,2,1,1,7,JARDIN ANGLAIS,47.624,6.16426
202000021729,3,9,2020,16,1,70,70550,1,1,1,5,ROCADE OUEST - RD 457,47.63988,6.14212
202000021730,5,10,2020,8,1,67,67482,2,1,8,6,PETIT RHIN (ROUTE DU),48.574076,7.7846
202000021731,4,10,2020,11,1,67,67482,2,1,8,3,PLAINE DES BOUCHERS (RUE DE LA),48.56342,7.73853
202000021732,3,10,2020,10,1,67,67447,2,1,3,6,BISCHWILLER (ROUTE DE),48.60153,7.74494
202000021733,2,10,2020,23,5,67,67482,2,1,8,2,ALGER (RUE D ),48.58285,7.78684
202000021734,2,10,2020,14,1,67,67365,2,3,8,3,ALFRED KASTLER (RUE),48.54316,7.69728
202000021735,2,10,2020,9,1,67,67482,2,3,8,3,RIBEAUVILLE (RUE DE),48.56357,7.76771
202000021736,5,10,2020,19,1,65,65440,2,3,8,3,DUPARC (RUE HENRI),43.2251,0.05895
202000021737,5,10,2020,7,2,64,64445,2,9,2,3,CONDORCET,43.31459,-0.36341
202000021738,4,10,2020,11,1,64,64024,2,1,2,3,BIARRITZ (AVENUE DE),43.48014,-1.52103
202000021739,5,10,2020,8,1,59,59352,1,2,1,3,QUESNOY (RUE),50.727785,3.052073
202000021740,5,10,2020,7,5,57,57757,2,1,3,6,GRAND'RUE,49.3615968,6.191873
202000021741,2,10,2020,11,1,47,47001,2,2,2,3,LECLERC (AV. DU GENERAL),44.19212,0.6153
202000021742,5,10,2020,8,2,45,45234,2,1,2,6,Chemin du Pont Cotelle,47.868067,1.923503
202000021743,2,10,2020,23,3,44,44184,1,1,6,7,PRÉVOIR (CHEMIN DE),47.28919,-2.227
202000021744,5,10,2020,13,1,35,35238,1,9,1,2,Porte d'Alma,48.08185,-1.67596
202000021745,13,11,2020,5,1,67,67375,1,1,1,7,rue principale RD31,48.6408132,7.671481
202000021746,11,11,2020,18,3,77,77002,1,9,1,6,Amillis,48.747806,3.112682
202000021747,13,11,2020,20,3,30,30135,1,1,2,7,Chemin Departemental 999,43.827128,4.535476
202000021748,13,11,2020,11,1,51,51210,2,3,2,3,Avenue du General Leclerc,49.067936,3.9650713
202000021749,12,11,2020,16,1,76,76367,1,1,1,2,Rue des Longs Vallons,49.501413,1.08108
202000021750,13,11,2020,10,1,80,80827,1,1,8,6,D1925,50.065982,1.552452
202000021751,12,11,2020,9,1,71,71528,1,3,1,2,D971,46.6218327,5.1416196
202000021752,13,11,2020,13,1,55,55543,2,3,8,3,59 Rue de Ligny,48.701091,5.302754
202000021753,12,11,2020,23,3,44,44148,1,1,1,6,6 Rue du Muguet,47.75767,-1.502691
202000021754,10,11,2020,10,1,31,31187,2,1,1,7,Impasse du Gamay,43.535133,1.208239
202000021755,13,11,2020,0,3,26,26106,1,1,1,6,Route Nationale 7,44.63391,4.77062
202000021756,13,11,2020,11,1,72,72191,1,1,1,3,Lieu dit la roche,47.75091,0.258726
202000021757,12,11,2020,15,1,14,14172,1,1,8,6,D514,49.341566,-0.743068
202000021758,12,11,2020,8,1,18,18180,1,3,1,1,La Grande Ruesse,46.984856,2.440172
202000021759,13,11,2020,15,1,43,43077,1,1,1,1,N88,44.885827,3.847404
202000021760,10,11,2020,14,1,53,53257,1,1,1,7,ENTRE LES BASSES MARTINIERES ET LA FOSSE,47.960614,-0.388652
202000021761,11,11,2020,13,1,85,85282,2,1,1,6,L'Étrouflère,46.705612,-0.997041
202000021762,12,11,2020,18,2,30,30223,1,1,1,6,Route des Fumades,44.177882,4.170756
202000021763,12,11,2020,6,3,62,62471,1,1,9,7,A26,50.673121,2.248946
202000021764,13,11,2020,1,3,988,98825,2,1,1,1,Route de Tamaon,-21.120374,164.90809
202000021765,13,11,2020,14,1,973,97305,1,1,1,2,Route Nationale 1,5.068759,-52.540784
202000021766,6,11,2020,16,1,971,97117,2,1,1,1,Chemin des Malangas,16.324299,-61.349185
202000021767,12,11,2020,9,1,77,77272,2,1,7,6,13 Rue de la Croix Blanche,48.558297,3.147835
202000021768,12,11,2020,13,1,77,77005,1,1,1,2,D404,48.932875,2.728112
202000021769,12,11,2020,13,1,30,30203,1,1,1,1,Route Départementale 59,44.246736,4.055972
202000021770,13,11,2020,8,1,67,67254,2,1,1,6,Route de Soultz,48.9334643,7.8602415
202000021771,12,11,2020,10,1,73,73013,1,1,1,6,D80,45.2016675,6.314643
202000021772,13,11,2020,14,1,73,73320,2,2,1,6,Montée des Curiets,45.2615941,6.3769242
202000021773,12,11,2020,14,1,38,38349,2,2,1,3,Route des Alpes,45.31756,4.77874
202000021774,12,11,2020,17,3,09,09002,1,1,1,2,D625,42.990256,1.875572
202000021775,29,10,2020,20,5,31,31395,1,6,1,7,D817,43.481104,1.336406
202000021776,13,11,2020,10,1,60,60395,2,6,2,7,Boulevard de l'Esches,49.214734,2.147682
202000021777,13,11,2020,12,1,62,62751,1,1,2,6,Autoroute A16,50.8754244,1.7495881
202000021778,12,11,2020,10,1,13,13215,1,1,1,7,A7-Sens Marseille vers Lyon,43.34157,5.37667
202000021779,12,11,2020,16,1,94,94034,1,1,1,3,AUTOROUTE A86,48.76167,2.31539
202000021780,12,11,2020,10,1,91,91216,1,1,1,2,AUTOROUTE A6,48.6817,2.33057
202000021781,12,11,2020,12,1,92,92036,1,1,1,2,RN315 Y,48.93146,2.30228
202000021782,12,11,2020,20,3,95,95277,1,1,1,4,RD 170 B5,48.975,2.4841
202000021783,12,11,2020,11,1,95,95582,1,1,1,4, A15,48.96758,2.253543
202000021784,12,11,2020,6,3,93,93005,1,1,1,6,AUTOROUTE A1,48.9631399,2.4719456
202000021785,11,11,2020,19,3,93,93005,1,1,1,2,AUTOROUTE A1,48.95816,2.46304
202000021786,11,11,2020,0,3,95,95252,1,1,1,5,A115,48.98811,2.2432
202000021787,29,10,2020,19,3,77,77438,1,1,1,4,A104,48.85444,2.66342
202000021788,12,11,2020,7,1,94,94018,1,1,1,-1,A4,48.818,2.411
202000021789,6,11,2020,22,5,988,98818,2,3,1,6,PROMENADE ROGER LAROQUE,-22.29975,166.43835
202000021790,7,11,2020,11,1,974,97407,1,9,1,6,XAVIER BOVALO (ALLEE) ,-20.94291,55.30524
202000021791,8,11,2020,17,1,974,97407,2,1,1,6,VERGES(AVENUE),-20.93959,55.30277
202000021792,11,11,2020,17,2,973,97302,2,1,1,3,MANDELA  (BOULEVARD),4.9378739,-52.3260999
202000021793,12,11,2020,2,5,69,69387,2,1,1,7,UNIVERSITE (DE L')                  (R ),45.74903,4.84234
202000021794,11,11,2020,17,5,69,69383,2,2,1,3,PAUL BERT                           (R ),45.75711,4.86163
202000021795,10,11,2020,10,1,972,97209,2,2,1,3,COMMERCE (RUE DU),14.6035,-61.0733
202000021796,10,11,2020,12,1,69,69384,2,1,1,2,CANUTS (DES)                        (BD),45.77972,4.82745
202000021797,10,11,2020,19,5,91,91027,2,3,1,3,RTE NATIONALE 7,48.70859,2.37145
202000021798,10,11,2020,18,5,91,91589,2,1,1,6,RUE VAN GOGH,48.675715,2.339067
202000021799,6,11,2020,15,1,80,80021,2,1,1,6,PAIX (AVENUE DE LA),49.91165,2.30713
202000021800,5,11,2020,22,5,80,80021,2,1,1,6,FEDERES (BOULEVARD DES),49.89529,2.28359
202000021801,7,11,2020,16,1,80,80021,2,1,1,1,PICASSO (RUE),49.91772,2.29979
202000021802,11,11,2020,18,5,78,78005,2,4,1,1,POISSY (AVENUE DE),48.9599,2.06827
202000021803,11,11,2020,12,1,59,59350,2,2,1,3,ARRAS RUE D,50.61667,3.06298
202000021804,11,11,2020,7,2,51,51454,2,6,5,7,Boulevard Charles Arnould,49.2643894,4.0098964
202000021805,11,11,2020,14,1,38,38185,2,1,1,6,Avenue Marcelin Berthelot,45.16974,5.73214
202000021806,11,11,2020,20,5,13,13203,2,1,1,5,ROGER SALENGRO (AVENUE),43.319584,5.36746
202000021807,11,11,2020,19,5,13,13213,2,4,1,3,CHATEAU GOMBERT CHEMIN,43.337864,5.420808
202000021808,11,11,2020,15,1,13,13210,2,1,1,-1,ANDRE BARDON (rue),43.28328,5.42662
202000021809,11,11,2020,15,1,13,13206,2,1,1,2,BRETEUIL (RUE),43.2871,5.377133
202000021810,10,11,2020,20,5,13,13211,2,1,1,3,VALBARELLE (BOULEVARD DE LA ),43.2866057,5.4447624
202000021811,31,10,2020,16,1,04,04070,2,1,7,6,Rue du Docteur Honnorat,44.0929471,6.234819
202000021812,11,11,2020,12,1,75,75118,2,3,1,3,BOULEVARD NEY,48.897887,2.338369
202000021813,10,11,2020,19,5,75,75110,2,1,1,6,RUE DU FAUBOURG SAINT MARTIN,48.877273,2.361259
202000021814,11,11,2020,10,1,75,75117,2,1,1,3,RUE DE COURCELLES,48.882288,2.299969
202000021815,11,11,2020,15,1,75,75110,2,3,8,3,RUE DU FAUBOURG SAINT MARTIN,48.879247,2.362908
202000021816,11,11,2020,16,1,75,75108,2,3,1,7,AVENUE DES CHAMPS ELYSEES,48.867003,2.316009
202000021817,11,11,2020,19,5,75,75104,2,3,1,2,BOULEVARD BOURDON,48.850903,2.367274
202000021818,11,11,2020,11,1,75,75101,2,7,1,6,RUE DE RIVOLI,48.863795,2.331955