Num_Acc,jour,mois,an,hr,condition_eclairage,departement,commune,condition_agglomeration,intersection,condition_atmosphere,type_collision,adresse,lattitude,longitude
202000021819,11,11,2020,23,5,93,93064,2,2,1,3,A103 / BD ALSACE-LORRAINE,48.88302,2.49191
202000021820,11,11,2020,19,5,93,93014,2,1,1,3,MONTFERMEIL (ALLEE DE),48.8991171,2.5428745
202000021821,11,11,2020,0,5,92,92012,2,1,8,7,EST (RUE DE L') 1/FIN - 18/FIN,48.8392769,2.2455358
202000021822,12,11,2020,7,2,38,38107,1,1,5,6,Route de Gerbey,45.4724,4.79305
202000021823,11,11,2020,20,5,974,97404,2,1,1,6,199 Avenue Raymond Barre,-21.260026,55.357463
202000021824,12,11,2020,16,2,63,63278,1,3,1,2,D211,45.926528,3.164878
202000021825,12,11,2020,7,1,22,22228,1,1,1,2,RN 12 PR 110+393 ,48.549001,-3.411255
202000021826,12,11,2020,14,1,76,76244,1,1,1,2,A28,49.702744,1.368892
202000021827,12,11,2020,15,1,38,38383,2,1,8,6,Route de Tolvon,45.378706,5.628911
202000021828,12,11,2020,11,1,44,44137,1,2,1,3,rd204,47.365904,-2.024778
202000021829,11,11,2020,19,3,83,83031,1,1,1,2,La Faisse Noire,43.39871,6.364748
202000021830,11,11,2020,17,2,83,83087,1,1,1,6,D560,43.3960165,5.8004139
202000021831,11,11,2020,1,5,57,57655,2,9,1,6,10 Rue d'Alsace Lorraine,48.967275,6.29725
202000021832,10,11,2020,15,1,74,74104,1,2,1,3,Route de la Plaine,45.777468,6.213133
202000021833,11,11,2020,17,1,63,63030,2,3,1,6,Rue Adélaïde d'Orléans,46.024491,3.301247
202000021834,11,11,2020,2,3,61,61346,1,1,1,6,Lieu Dit l'Hotellerie Faroult,48.893875,0.109213
202000021835,12,11,2020,17,5,55,55063,2,1,1,3,"245, rue de la LIBÉRATION",49.295464,5.738661
202000021836,12,11,2020,8,1,47,47021,1,1,1,6,Route des Martinets,44.162089,0.286396
202000021837,12,11,2020,7,2,02,02294,1,1,1,6,N2,49.522005,3.587637
202000021838,12,11,2020,7,1,06,06038,1,1,1,3,Route de Nice,43.67387,6.989569
202000021839,9,11,2020,16,1,14,14600,1,3,1,1,51 Chemin de la Goujonnerie,49.066415,0.074072
202000021840,11,11,2020,22,3,60,60304,1,4,1,6,rue de blicourt,49.5770655,2.016975
202000021841,10,11,2020,8,2,24,24553,2,6,5,3,Route de Royan,45.254237,0.488452
202000021842,12,11,2020,10,1,978,97801,2,1,1,2,Route nationale 7 - Quartier d'Orléans,18.077963,-63.029051
202000021843,11,11,2020,21,5,13,13112,1,9,1,1,Route Departementale 20,43.519412,5.232657
202000021844,12,11,2020,4,3,42,42212,1,1,1,1,RN 82,45.966026,4.134787
202000021845,6,11,2020,15,1,988,98803,1,1,1,6,RT1 col Aymes,-21.666362,165.543838
202000021846,11,11,2020,17,2,66,66208,1,1,1,6,D914,42.633217,2.941482
202000021847,11,11,2020,16,1,30,30090,2,1,1,6,D315a,44.378271,3.942312
202000021848,10,11,2020,16,1,13,13081,2,1,1,3,9 Boulevard Gerard Philipe,43.487163,5.221617
202000021849,12,11,2020,19,5,71,71555,1,3,1,3,D906,46.711581,4.865066
202000021850,9,11,2020,18,5,88,88367,2,1,1,3,Route d'Autrey,48.338872,6.656862
202000021851,12,11,2020,15,1,55,55389,1,1,1,7,"RD20, PK12+200",49.01575,5.167823
202000021852,12,11,2020,17,2,81,81039,1,1,1,3,D631,43.754059,1.926089
202000021853,12,11,2020,11,1,50,50601,2,2,1,6,Rue de la République,49.035056,-0.978837
202000021854,12,11,2020,9,1,35,35136,2,6,7,6,25 Rue André de Villoutreys,47.96213,-1.501826
202000021855,10,11,2020,22,3,78,78524,1,1,1,3,A13,48.84046,2.11297
202000021856,9,11,2020,0,3,77,77058,1,1,1,3,A4,48.8286901,2.727937
202000021857,30,7,2020,15,1,84,84007,2,2,1,5,MAGNANARELLES (Avenue des)-MONTFAVET,43.92572,4.87723
202000021858,9,11,2020,17,1,987,98735,2,2,8,3,CHEF VAIRAATOA (AVENUE),-17.53191,-149.56104
202000021859,10,11,2020,20,4,69,69387,2,1,1,6,ELIE ROCHETTE                       (R ),45.74834,4.84503
202000021860,10,11,2020,16,1,69,69389,2,1,1,6,PAUL SEDAILLIAN                     (QU),45.79529,4.82523
202000021861,9,11,2020,12,1,69,69034,2,1,1,6,FORTS (DES)                         (MO),45.7931639,4.833971
202000021862,6,11,2020,4,5,971,97107,2,9,1,6,FRONT DE MER ( BOULEVARD),16.049979,-61.5587997
202000021863,9,11,2020,11,1,91,91223,2,1,1,6,GEROFOSSE (RUE DE),48.4265,2.16795
202000021864,9,11,2020,11,1,83,83009,1,9,1,6,MARSEILLE (BD DE),43.14545,5.747973
202000021865,10,11,2020,15,1,79,79191,2,3,1,3,283 Avenue de Paris,46.32987,-0.44237
202000021866,10,11,2020,13,1,71,71270,2,8,1,1,MERMOZ (RUE JEAN),46.2938131,4.8084819
202000021867,10,11,2020,18,5,69,69266,2,1,1,3,EMILE ZOLA     (Cours),45.76782,4.88848
202000021868,9,11,2020,18,5,69,69275,2,1,1,2,FRATERNITE (DE LA)                  (R ),45.77099,4.9588
202000021869,9,11,2020,16,2,67,67482,2,1,1,4,JEAN JAURES (AVENUE),48.56963,7.7626
202000021870,6,11,2020,20,5,67,67482,2,1,1,3,ROBERTSAU (ALLEE DE LA),48.5866865,7.7637676
202000021871,10,11,2020,19,5,64,64445,2,1,8,-1,JEAN MERMOZ,43.31746,-0.37843
202000021872,9,11,2020,18,5,63,63113,2,1,1,6,CLOS NOTRE DAME (RUE DU),45.7821933,3.0733488
202000021873,12,9,2020,18,1,62,62624,2,1,1,1,EGALITE (R DE L'),50.422752,2.987978
202000021874,9,11,2020,12,1,57,57666,2,1,1,2,8 MAI 1945 (RUE DU),49.34436,6.13854
202000021875,9,11,2020,19,2,54,54526,2,1,1,3,MILLENAIRE (BOULEVARD DU),48.68038,6.21315
202000021876,9,11,2020,18,5,54,54159,2,3,1,3,D2,48.62616,6.34833
202000021877,10,11,2020,17,5,51,51454,2,6,2,7,Rue de Courcelles,49.2645677,4.0095244
202000021878,10,11,2020,7,2,50,50532,1,2,8,3,AVRANCHES (ROUTE D'),48.814,-1.5437
202000021879,9,11,2020,16,1,41,41018,2,3,1,1,CABOCHON (RUE DE),47.57782,1.30476
202000021880,8,11,2020,10,1,40,40192,2,6,7,3,HOUGA (AV DU),43.88199,-0.48719
202000021881,10,11,2020,20,3,37,37261,2,2,1,-1,JEMMAPES (RUE),47.4199991,0.6838245
202000021882,10,11,2020,19,5,35,35051,2,1,1,7,FOUGERES (ROUTE DE),48.14639,-1.60667
202000021883,10,11,2020,17,2,34,34172,2,2,1,3,AEROPORT INTERNATIONAL (BOULEVARD DE L'),43.609035,3.89071
202000021884,9,11,2020,23,5,34,34172,2,1,8,6,RIMBAUD (RUE PAUL),43.6200515,3.8502842
202000021885,10,11,2020,9,1,33,33522,2,5,1,3,PEYDAVANT (RUE ),44.8067,-0.5861
202000021886,3,11,2020,18,5,33,33063,2,2,1,6,BD MARECHAL LECLERC,44.82792,-0.59307
202000021887,9,11,2020,19,5,31,31555,2,1,1,2,BOULINGRIN (ROND POINT DU) DU 1AU 4,43.59484,1.45231
202000021888,10,11,2020,19,3,30,30007,2,9,1,-1,ALSACE (ROUTE D'),44.13382,4.0832
202000021889,1,10,2020,18,1,30,30243,2,9,1,3,ROUTE D ALES,44.0925,4.0791
202000021890,9,11,2020,8,1,29,29232,2,1,1,6,Pont Max Jacob,47.9935312,-4.1060865
202000021891,9,11,2020,14,1,29,29039,2,1,1,7,Rue Marguerite Yourcenar,47.8875777,-3.9264497
202000021892,10,11,2020,14,1,26,26057,2,1,1,6,ALPES PROVENCE (BOULEVARD),45.03517,5.05302
202000021893,8,11,2020,13,1,22,22278,2,1,1,7,LIGNERIES (DES),48.52528,-2.73633
202000021894,9,11,2020,6,5,13,13117,2,1,1,1,LONDRES (AVENUE DE),43.43317,5.2428
202000021895,10,11,2020,21,5,13,13215,2,1,1,3,COMMANDANT THOLLON (BOULEVARD DU),43.3689,5.35387
202000021896,10,11,2020,10,1,13,13047,2,1,1,3,RADOLFZELL AVENUE DE,43.499195,4.987728
202000021897,10,11,2020,13,1,13,13047,2,1,1,2,BOLLES AVENUE DES,43.50337,4.99383
202000021898,10,11,2020,13,1,13,13028,2,1,1,3,DULAC (AVENUE GUILLAUME),43.1957792,5.6126264
202000021899,10,11,2020,21,5,10,10387,2,1,8,2,VOULDY (CHAUSSEE DU),48.29428,4.08319
202000021900,9,11,2020,17,1,10,10081,1,9,1,3,ROCADE EST (RD 610),48.30157,4.02573
202000021901,10,11,2020,17,1,06,06029,2,1,1,3,TONNER (AVENUE FRANCIS),43.54959,6.975
202000021902,10,11,2020,13,1,06,06123,2,1,1,3,SAUVAIGO PIERRE AVENUE,43.66339,7.1846
202000021903,10,11,2020,10,1,06,06123,2,3,1,1,DAUDET ALPHONSE RUE,43.68733,7.18133
202000021904,10,11,2020,7,5,75,75120,2,7,2,3,PLACE GAMBETTA,48.865113,2.398332
202000021905,10,11,2020,15,1,75,75119,2,1,1,3,RUE D AUBERVILLIERS,48.892047,2.36923
202000021906,10,11,2020,9,1,75,75118,2,2,2,2,PORTE DE LA CHAPELLE,48.898727,2.358677
202000021907,10,11,2020,9,1,75,75118,2,4,2,2,RUE EUGENE CARRIERE,48.888751,2.331843
202000021908,10,11,2020,14,1,75,75115,2,4,8,7,RUE CAMBRONNE,48.842096,2.303082
202000021909,10,11,2020,16,1,75,75113,2,3,2,6,BOULEVARD AUGUSTE BLANQUI,48.830295,2.347208
202000021910,10,11,2020,9,1,75,75113,2,1,8,3,AVENUE DE LA PORTE DE VITRY,48.823753,2.377269
202000021911,10,11,2020,13,1,75,75110,2,3,2,3,BOULEVARD DE MAGENTA,48.875754,2.356362
202000021912,9,11,2020,19,5,75,75107,2,2,1,3,RUE DE BABYLONE,48.851696,2.319031
202000021913,10,11,2020,15,1,75,75101,2,2,2,3,RUE CAMBON,48.866684,2.325572
202000021914,10,11,2020,15,1,75,75102,2,2,2,5,RUE REAUMUR,48.86624,2.352536
202000021915,10,11,2020,13,1,94,94081,2,9,1,3,EUGENE PELLETAN (AV),48.79416,2.38578
202000021916,10,11,2020,10,1,94,94067,2,1,8,2,GENERAL DE GAULLE (AV DU),48.844445,2.417587
202000021917,10,11,2020,11,1,94,94041,2,1,2,3,REPUBLIQUE (AV DE LA),48.80575,2.39341
202000021918,10,11,2020,16,2,94,94065,2,3,1,3,CHARLES LINDBERGH (AV),48.74502,2.3603
202000021919,9,11,2020,7,1,94,94058,2,1,1,2,GENERAL DE GAULLE (AV DU),48.848796,2.4965403
202000021920,10,11,2020,7,1,94,94077,2,3,2,3,LE FOLL (AV),48.730601,2.426
202000021921,10,11,2020,17,1,93,93072,2,1,1,6,MARCEL CACHIN (AVENUE) COTE N°16 AU 50,48.96018,2.38197
202000021922,10,11,2020,17,5,93,93071,2,9,2,3,ALL DAMREMONT,48.9305156,2.5175894
202000021923,10,11,2020,18,5,93,93070,2,9,8,6,ROSIERS(DES) : APRES 61,48.90466,2.33819
202000021924,10,11,2020,16,1,93,93062,2,1,2,-1,MIDI (BOULEVARD DU),48.8927098,2.519889
202000021925,9,11,2020,8,1,93,93029,2,3,1,3,AV HENRI BARBUSSE / R DU 8 MAI 1945,48.9185,2.44865
202000021926,10,11,2020,8,1,93,93014,2,3,3,6,SEVIGNE (AVENUE DE),48.9131432,2.5483035
202000021927,10,11,2020,16,2,93,93001,2,1,8,2,JEAN JAURES (AVE) 55 A 129,48.9142951,2.4034537
202000021928,10,11,2020,9,1,92,92072,2,1,8,2,TROYON (RUE),48.826863,2.226248
202000021929,9,11,2020,2,5,92,92050,2,2,1,3,HEBERT CELESTIN RUE,48.89725,2.22435
202000021930,9,11,2020,15,1,92,92049,2,1,1,3,BROSSOLETTE AVENUE PIERRE,48.8196258,2.3104638
202000021931,10,11,2020,20,5,92,92023,2,1,8,1,VERSAILLES (RUE DE) N°2 A 14,48.78308,2.24756
202000021932,11,11,2020,16,1,08,08240,1,1,8,1,Rue du Pont d'Azoy,49.612552,4.329793
202000021933,9,11,2020,20,4,28,28006,1,1,1,1,D923,48.436775,1.422215
202000021934,10,11,2020,5,3,44,44057,1,1,1,6,D773,47.593756,-2.043629
202000021935,10,11,2020,19,3,29,29213,1,1,1,7,Lieu Dit Meslein,48.618683,-4.110839
202000021936,11,11,2020,0,3,29,29141,1,1,1,6,D36 - Lieu Dit la Gare,48.327064,-3.850236
202000021937,9,11,2020,9,1,03,03200,2,1,1,2,19 Avenue Edmond Michelet,46.5578576,3.309783
202000021938,11,11,2020,14,1,73,73188,1,1,7,6,D925,45.6332893,6.3509857
202000021939,20,12,2020,13,1,50,50219,1,6,1,3,D44,49.055322,-1.484056
202000021940,20,12,2020,22,5,43,43080,2,1,9,6,Quartier d'Ollias,45.336951,3.841696
202000021941,19,12,2020,21,3,53,53190,1,1,1,7,N12,48.38055,-0.415439
202000021942,20,12,2020,15,1,85,85034,1,1,3,6,D949b,46.645429,-1.122408
202000021943,21,12,2020,15,1,27,27026,1,2,2,3,"RD 6014, authevernes",49.230469,1.622146
202000021944,20,12,2020,16,1,17,17093,2,1,1,6,Avenue d'Antioche,45.887383,-1.211468
202000021945,20,12,2020,16,1,17,17355,2,3,1,1,La Motte,45.530673,-0.366476
202000021946,16,12,2020,10,1,30,30133,1,1,8,2,D62b,43.534759,4.1464
202000021947,20,12,2020,16,1,30,30341,1,3,8,2,Route de Vauvert,43.715876,4.284067
202000021948,21,12,2020,13,1,52,52156,2,3,2,3,grande rue,48.491703,5.13598
202000021949,20,12,2020,17,3,30,30020,1,1,2,7,Chemin des Canaux,43.749381,4.304194
202000021950,20,12,2020,19,3,73,73309,1,1,8,6,A43,45.556883,5.721023
202000021951,19,12,2020,17,2,58,58264,1,1,2,6,N7 PR 092+150,46.802072,3.119613
202000021952,19,12,2020,20,5,988,98827,2,1,1,6,"basse-poya, RT1",-21.320281,165.14009
202000021953,21,12,2020,23,3,988,98821,1,1,1,1,RT1/COL DE LA PIROGUE,-22.080594,166.313626
202000021954,15,12,2020,16,1,978,97801,1,1,1,3,Route de Baie Nettle,18.059803,-63.107786
202000021955,18,12,2020,7,3,77,77273,1,1,1,2,route départementale 401,49.0513538,2.7319908
202000021956,19,12,2020,21,3,11,11295,1,1,1,7,D611a,43.059284,2.907477
202000021957,19,12,2020,18,5,34,34189,2,1,1,6,Avenue d'Homps,43.283209,2.731461
202000021958,19,12,2020,15,1,13,13046,2,1,2,2,Avenue du 8 Mai 1945,43.432081,5.547055
202000021959,19,12,2020,14,1,67,67118,2,2,2,3,Rue d'Oberhausbergen,48.580486,7.687039
202000021960,19,12,2020,15,1,54,54459,2,1,1,3,Rue de Messein,48.5904613,6.1703467
202000021961,19,12,2020,17,3,63,63150,1,1,2,6,Route de Volvic,45.889284,3.071204
202000021962,20,12,2020,11,1,42,42155,1,2,8,3,Route de Saint Germain Laval,45.806475,4.140515
202000021963,20,12,2020,11,1,69,69074,1,1,2,6,200 chemin des tilleuls,46.015901,4.658246
202000021964,14,12,2020,14,1,69,69116,1,1,1,1,351 Chemin de Paisy,45.803446,4.774893
202000021965,20,12,2020,17,2,65,65123,1,1,1,1,D935 Route de Bagnères,43.023608,0.170733
202000021966,19,12,2020,18,3,17,17452,1,1,8,6,Boulevard Roger Letelie,45.773267,-1.130304
202000021967,19,12,2020,19,3,86,86036,1,1,1,1,D347,47.044339,0.045047
202000021968,19,12,2020,16,1,33,33498,1,2,9,1,D3 / route de Hobre,44.584851,-0.888707
202000021969,20,12,2020,6,3,49,49035,2,1,8,6,Route d'Angers,47.455143,-0.596808
202000021970,21,12,2020,8,1,61,61382,2,4,2,2,10 Rue Principale,48.456061,-0.035199
202000021971,20,12,2020,18,5,27,27469,1,6,1,2,D6015,49.295352,1.156493
202000021972,19,12,2020,11,1,13,13211,1,1,8,5,A50-Sens Marseille vers Aubagne,43.29383,5.45773
202000021973,18,12,2020,19,3,13,13005,1,1,1,2,A50-Sens Marseille vers Aubagne,43.28479,5.52377
202000021974,14,12,2020,9,1,13,13055,1,1,1,3,A507 sens Marseille - Aubagne,43.330048,5.390725
202000021975,18,12,2020,18,5,69,69266,1,1,1,2,RD383   1.893 A 2.321,45.7826665,4.8925463
202000021976,19,12,2020,5,3,69,69282,1,1,1,6,RD302   0.400 A 4.620,45.7609,5.03162
202000021977,18,12,2020,16,1,69,69271,1,1,1,7,RN346   ,45.74882,4.98822
202000021978,19,12,2020,14,1,33,33366,1,1,2,4,,44.983007,-0.428743
202000021979,20,12,2020,18,3,92,92002,1,1,1,2,AUTOROUTE A10,48.731221,2.309503
202000021980,20,12,2020,11,1,94,94038,1,1,1,2,AUTOROUTE A6A,48.77892,2.34663
202000021981,20,12,2020,10,1,91,91136,1,1,1,4,RD188 PROVINCE / A10 PROVINCE,48.71404,2.27551
202000021982,19,12,2020,19,3,94,94076,1,1,8,3,AUTOROUTE A6B,48.7897,2.34396
202000021983,19,12,2020,15,1,91,91689,1,1,1,2,AUTOROUTE A6B,48.746569,2.32613
202000021984,19,12,2020,14,1,91,91689,1,1,8,2,AUTOROUTE A6,48.730235,2.314798
202000021985,19,12,2020,14,1,94,94034,1,1,1,2,AUTOROUTE A86,48.7586,2.3253
202000021986,18,12,2020,18,3,94,94065,1,1,1,4,AUTOROUTE A106,48.7526,2.3535
202000021987,18,12,2020,15,1,91,91689,1,1,1,4,AUTOROUTE A6A,48.74552,2.32429
202000021988,20,12,2020,5,3,92,92047,1,1,8,2,A13,48.8348898,2.1731311
202000021989,19,12,2020,13,1,92,92036,1,1,8,2,A86,48.9348625,2.2817878
202000021990,20,12,2020,13,1,92,92078,1,1,1,4,AUTOROUTE A86,48.9273361,2.3333354
202000021991,19,12,2020,16,1,95,95572,1,1,1,2, A15,49.03213,2.11346
202000021992,19,12,2020,15,1,95,95394,1,1,8,6, A115,49.05033,2.18149
202000021993,19,12,2020,13,1,93,93066,1,1,2,2,AUTOROUTE A1,48.90344,2.35858
202000021994,19,12,2020,12,1,93,93005,1,1,2,6,AUTOROUTE A1,48.96824,2.47963
202000021995,20,12,2020,18,3,94,94017,1,1,1,3,A4,48.8264911,2.5189431
202000021996,19,12,2020,14,1,94,94033,1,1,2,2,A86.EXT,48.850193,2.4909375
202000021997,9,10,2020,20,5,53,53130,2,1,1,6,FILATURE ( RUE DE LA ),48.07855,-0.76901
202000021998,17,9,2020,11,1,38,38421,2,1,1,6,Avenue Benoit Frachon,45.18,5.7549
202000021999,24,6,2020,15,1,38,38185,2,2,1,6,Boulevard Joseph Vallier,45.18047,5.71603
202000022000,18,12,2020,8,1,974,97411,2,1,3,3,MONNERVILLE (BOULEVARD GASTON),-20.89416,55.44968
202000022001,16,12,2020,18,1,974,97411,2,1,1,5,Rue Monthyon,-20.887,55.46209
202000022002,18,12,2020,12,1,973,97302,2,1,1,3,MADELEINE (ROUTE DE LA),4.9378526,-52.3260784
202000022003,18,12,2020,21,5,69,69383,2,2,1,1,GENERAL MOUTON DUVERNET (DU)        (R ),45.75393,4.86159
202000022004,18,12,2020,17,5,69,69388,2,1,1,6,PROFESSEUR TAVERNIER (DU)           (R ),45.7261,4.86893
202000022005,17,12,2020,16,1,69,69383,2,1,2,-1,ANTOINE CHARIAL                     (R ),45.7578819,4.868922
202000022006,18,12,2020,15,1,972,97213,2,9,1,3,ROUTE DEPARTEMENTALE 3,14.6215,-60.9882
202000022007,17,12,2020,18,2,972,97209,1,1,1,4,AUTOROUTE (A1),14.6177,-61.0407
202000022008,16,12,2020,17,2,972,97209,2,6,1,2,BISHOP (Avenue Maurice),14.6189526,-61.0037613
202000022009,18,12,2020,8,1,69,69385,2,1,5,4,POINT DU JOUR (DU)                  (AV),45.75627,4.80275
202000022010,17,12,2020,11,1,69,69389,2,2,2,6,MARIETTON                           (R ),45.7759016,4.8007959
202000022011,17,12,2020,11,1,69,69389,2,1,2,-1,SIDOINE APPOLINAIRE                 (AV),45.76847,4.79777
202000022012,17,12,2020,20,3,2B,2B120,2,1,1,2,11 - RT,42.64694,9.44004
202000022013,17,12,2020,18,3,2B,2B033,2,6,1,3,11 - RT,42.66332,9.44203
202000022014,17,12,2020,21,5,971,97113,2,1,2,2,RN4 - SECTION RIVIERA,16.2185,-61.5013
202000022015,15,12,2020,12,1,971,97101,1,1,1,6,HIBISCUS,16.24968,-61.52856
202000022016,18,12,2020,16,2,95,95018,2,1,1,6,JOFFRE (AVENUE DU MARECHAL),48.95901,2.23897
202000022017,28,11,2020,11,1,91,91549,2,7,1,3,LEO LAGRANGE (RUE),48.63462,2.3491
202000022018,18,12,2020,10,1,91,91434,2,1,1,4,CORBEIL (ROUTE DE),48.660404,2.340489
202000022019,17,12,2020,17,1,87,87085,2,2,1,2,BEL AIR (BOULEVARD DE),45.82134,1.24553
202000022020,17,12,2020,12,1,87,87075,2,1,1,7,D20,45.81797,1.17265
202000022021,18,12,2020,17,2,83,83069,1,1,1,1,NICE (ROUTE DE),43.1292,6.1603
202000022022,18,12,2020,14,1,82,82121,2,1,1,2,PARIS (route de),44.0320057,1.3735338
202000022023,17,12,2020,20,5,80,80021,2,2,1,3,RIOLAN (RUE),49.88828,2.31888
202000022024,17,12,2020,15,1,80,80021,1,1,1,6,ALSACE LORRAINE (BOULEVARD D'),49.89442,2.30906
202000022025,17,12,2020,9,1,80,80021,2,1,1,1,LOUIS BLANC (AVENUE),49.90358,2.2717
202000022026,17,12,2020,16,1,78,78545,2,4,1,6,PERI (RUE GABRIEL),48.80278,2.06015
202000022027,18,12,2020,19,5,78,78498,2,2,1,3,RD30,48.9371,2.0549
202000022028,17,12,2020,8,5,77,77122,2,1,8,6,AV JEAN JAURES,48.65528,2.56429
202000022029,17,12,2020,10,1,76,76540,2,1,1,6,BOURSE. QUAI (HAUT) DE LA,49.43858,1.09063
202000022030,17,12,2020,14,1,76,76351,2,1,1,7,REUNION (QUAI DE LA),49.48939,0.13411
202000022031,18,12,2020,16,1,72,72181,2,1,1,6,CLEMENCEAU GEORGES ( BD) N° PAIRS,47.97841,0.21374
202000022032,17,12,2020,21,5,69,69290,2,2,1,3,11 NOVEMBRE 1918 (DU)               (R ),45.7010317,4.9264441
202000022033,18,12,2020,16,1,69,69264,2,1,1,3,BURDEAU BD,45.99756,4.73264
202000022034,17,12,2020,17,5,67,67218,2,3,1,3,PLAINE (RUE DE LA),48.5453297,7.7335112
202000022035,18,12,2020,10,1,66,66136,2,6,1,3,COQUELICOTS (DES),42.7054,2.90168
202000022036,18,12,2020,17,2,65,65440,2,7,1,3,JUIN (BOULEVARD DU MARECHAL),43.23694,0.05615
202000022037,18,12,2020,15,1,64,64445,2,2,1,3,TOURASSE,43.30934,-0.3442
202000022038,18,12,2020,13,1,64,64140,2,2,1,3,2 RUE JOSEPH DUPRAT,43.51483,-1.48605
202000022039,18,12,2020,8,2,64,64024,2,6,1,7,PENA (ROND POINT DE LA),43.49071,-1.49809
202000022040,17,12,2020,13,1,63,63113,2,1,1,3,LAFAYETTE (BD),45.77368,3.08806
202000022041,6,12,2020,19,5,62,62041,2,2,1,3,STRASBOURG ( BOULEVARD DE ),50.28772,2.77926
202000022042,18,12,2020,8,5,60,60159,2,3,1,6,23 Rue Saint-Lazare,49.411,2.83278
202000022043,18,12,2020,9,1,59,59152,2,9,1,1,HURLUPIN (RUE D'),50.764066,3.0099589
202000022044,15,12,2020,16,1,59,59178,2,2,1,3,SAINT WAAST,50.37442,3.07985
202000022045,17,12,2020,9,1,59,59317,2,3,1,2,HUGO  (RUE VICTOR),50.6882,2.89996
202000022046,17,12,2020,16,1,54,54395,2,1,1,6,PIROUX (RUE),48.6904416,6.1744599
202000022047,18,12,2020,7,5,54,54184,2,1,5,2,BRIGACHTAL (AVENUE DE),48.7082383,6.2435791
202000022048,17,12,2020,20,5,54,54547,2,9,1,6,BRUXELLES (RUE DE),48.66599,6.17078
202000022049,18,12,2020,12,1,51,51454,2,3,1,3,Boulevard du Val de Vesle,49.2299766,4.0611635
202000022050,18,12,2020,11,1,51,51454,2,6,1,7,Avenue Robert Schuman,49.2333588,4.0070139
202000022051,17,12,2020,14,1,51,51454,2,1,1,7,Rue Serge Kochman,49.2265195,4.0196957
202000022052,8,12,2020,18,5,50,50147,2,1,3,6,DIVISION LECLERC,49.0602,-1.4351
202000022053,18,12,2020,20,3,49,49015,2,1,9,3,ETANG ROUTE,47.51406,-0.61605
202000022054,18,12,2020,18,2,49,49246,2,1,1,1,GALLIENI AVENUE,47.43741,-0.51294
202000022055,13,12,2020,16,2,49,49007,2,1,1,2,Rue des Lices,47.46878,-0.55353
202000022056,17,12,2020,11,1,49,49007,2,1,1,7,MARIANNE BOULEVARD,47.4523,-0.52491
202000022057,18,12,2020,21,3,45,45302,1,1,1,3,Ancienne Route de Chartres,47.96867,1.86603
202000022058,15,12,2020,19,5,42,42110,2,1,3,6,Avenue Berthelot,45.4882725,4.54721
202000022059,18,12,2020,10,1,42,42095,2,3,1,3,Route de Roche,45.40199,4.29122
202000022060,18,12,2020,18,5,38,38423,2,1,1,1,Chemin de l’Etang,45.2089,5.70282
202000022061,18,12,2020,16,1,38,38185,2,1,1,3,Rue Albert Reynier,45.16646,5.70708
202000022062,18,12,2020,15,1,37,37261,2,1,1,-1,CHURCHILL (BOULEVARD WINSTON),47.3734534,0.6865355
202000022063,17,12,2020,17,5,37,37261,2,1,1,-1,RIMBAUD (RUE ARTHUR),47.426813,0.7114272
202000022064,17,12,2020,17,2,37,37261,2,2,1,-1,MAINE (RUE DU),47.4259451,0.6824917
202000022065,17,12,2020,22,5,37,37261,2,1,1,2,CHURCHILL (BOULEVARD WINSTON),47.3733505,0.6884567
202000022066,16,12,2020,11,1,37,37214,2,1,1,6,BORDIERS (RUE DES),47.4168334,0.67758
202000022067,7,12,2020,12,1,36,36044,2,2,1,6,Rue Georges Courteline,46.8041366,1.7109258
202000022068,18,12,2020,17,3,35,35206,1,6,2,3,RD 837,48.0771,-1.69456
202000022069,18,12,2020,12,1,34,34172,2,3,1,6,ALBERT FERRASSE ( RUE ),43.59053,3.85506
202000022070,18,12,2020,18,5,33,33119,2,3,1,2,Av Jean Jaurès / Rue René Bonnac,44.85748,-0.53159
202000022071,18,12,2020,16,2,33,33063,2,1,1,3,RUE SUFFREN,44.87597,-0.55603
202000022072,17,12,2020,17,1,33,33063,2,1,1,3,WILSON (BD DU PRESIDENT),44.8443,-0.59927
202000022073,18,12,2020,9,1,33,33200,2,4,8,6,RUE DE LOS HEROS / AVE PASTEUR,44.86887,-0.67178
202000022074,18,12,2020,11,1,33,33249,2,9,1,3,AVE CARNOT,44.86581,-0.51914
202000022075,18,12,2020,8,1,33,33318,2,1,1,3,AVE DU DOCTEUR ALBERT SCHWEITZER,44.79932,-0.61896
202000022076,17,12,2020,12,1,33,33075,2,2,1,3,RUE DE LA TOUR DE GASSIES,44.88191,-0.62091
202000022077,17,12,2020,21,4,31,31555,2,1,5,7,109 Chemin du Ramelet Moundi,43.58417,1.38059
202000022078,18,12,2020,8,2,31,31555,2,1,5,-1,RUE DE CAULET,43.605414,1.359633
202000022079,17,12,2020,13,1,31,31555,2,1,1,1,133 Chemin du Ramelet Moundi,43.58306,1.37716
202000022080,18,12,2020,7,5,30,30189,2,1,3,2,CAPOUCHINE (CHEMIN),43.82097,4.35219