Num_Acc,jour,mois,an,hr,condition_eclairage,departement,commune,condition_agglomeration,intersection,condition_atmosphere,type_collision,adresse,lattitude,longitude
202000022081,17,12,2020,15,1,29,29019,2,6,1,2,Rue Georges Kerbrat,48.4011394,-4.5256111
202000022082,8,12,2020,21,5,27,27681,2,1,6,6,INDUSTRIE (RUE DE L'),49.097824,1.468403
202000022083,18,12,2020,15,1,27,27681,2,2,1,3,MONTGOMERY (AVENUE DU MARECHAL),49.08994,1.47549
202000022084,17,12,2020,19,3,27,27681,1,4,1,3,EVREUX (ROUTE D'),49.07675,1.464
202000022085,18,12,2020,17,5,25,25056,2,2,2,3,MONTRAPON AVENUE DE,47.244046,6.012711
202000022086,18,12,2020,7,2,25,25056,2,1,2,3,STRASBOURG QUAI DE,47.24267,6.02544
202000022087,18,12,2020,14,1,23,23096,2,1,1,3,FERRAGUE (RUE),46.16923,1.86817
202000022088,17,12,2020,17,1,17,17306,2,3,1,3,GROTTE (DE LA) (ALLEE),45.61856,-1.0364
202000022089,18,12,2020,20,2,17,17300,2,6,1,3,VERDIER   BOULEVARD ARTHUR,46.16162,-1.13981
202000022090,18,12,2020,15,1,17,17300,2,2,1,6,VIELJEUX   RUE LEONCE,46.15781,-1.15489
202000022091,17,12,2020,3,5,13,13204,2,3,1,1,FRANÇOISE DUPARC (BOULEVARD),43.302,5.4
202000022092,17,12,2020,10,1,13,13206,2,1,1,6,PRADO (AVENUE DU),43.28413,5.38476
202000022093,17,12,2020,8,1,13,13201,2,7,2,6,JULES GUESDE (PLACE),43.3017702,5.374073
202000022094,15,12,2020,17,5,13,13028,2,1,1,-1,ROVARCH (AVENUE PIERRE),43.19201,5.61693
202000022095,17,12,2020,9,1,11,11262,2,1,1,3,SULLY (RUE),43.18294,3.00131
202000022096,18,12,2020,8,1,11,11069,2,1,2,3,CORPS EXPEDIT FRANCAIS D'ITALIE-ROND POI,43.213,2.3718
202000022097,17,12,2020,12,1,10,10387,2,1,8,3,PIERRE BROSSOLETTE (RUE),48.29141,4.07501
202000022098,18,12,2020,21,5,06,06027,2,3,1,2,JUIN BOULEVARD MARECHAL,43.66064,7.15059
202000022099,18,12,2020,14,1,06,06027,2,1,1,6,PASQUALINI RUE J.P.,43.66047,7.14912
202000022100,16,12,2020,8,1,75,75120,2,4,1,2,PORTE DES LILAS,48.8752463,2.4101552
202000022101,18,12,2020,13,1,75,75105,2,1,1,2,BOULEVARD SAINT MICHEL,48.844794,2.339453
202000022102,18,12,2020,9,1,75,75106,2,2,1,3,QUAI DE CONTI,48.856053,2.340486
202000022103,18,12,2020,16,2,75,75119,2,3,1,3,RUE RIQUET,48.88865,2.373371
202000022104,18,12,2020,16,1,75,75118,2,3,1,3,RUE DE LA GOUTTE D OR,48.885137,2.350795
202000022105,18,12,2020,14,1,75,75118,2,2,1,3,RUE RIQUET,48.889922,2.363091
202000022106,18,12,2020,11,1,75,75116,2,1,1,3,QUAI SAINT EXUPERY,48.836099,2.263462
202000022107,18,12,2020,7,2,75,75116,2,2,1,2,ROUTE DE SURESNES,48.865045,2.234454
202000022108,17,12,2020,12,1,75,75116,2,1,1,3,AVENUE D IENA,48.863209,2.292296
202000022109,17,12,2020,21,5,75,75116,2,4,1,3,PORTE DE PASSY,48.858093,2.262092
202000022110,15,12,2020,13,1,75,75116,2,3,1,6,AVENUE RAYMOND POINCARE,48.871481,2.284886
202000022111,18,12,2020,15,1,75,75113,2,2,1,2,AVENUE DE LA PORTE D ITALIE,48.81888,2.35954
202000022112,18,12,2020,15,1,75,75112,2,2,1,6,AVENUE DE LA PORTE DE CHARENTON,48.829705,2.400996
202000022113,18,12,2020,12,1,75,75112,2,4,1,6,RUE ERARD,48.846149,2.385874
202000022114,17,12,2020,18,5,75,75112,2,3,1,3,AVENUE DAUMESNIL,48.838896,2.397452
202000022115,18,12,2020,18,5,75,75108,2,7,1,3,PLACE DE NARVIK,48.876617,2.312891
202000022116,18,12,2020,8,1,75,75107,2,1,8,6,QUAI VOLTAIRE,48.858802,2.331572
202000022117,18,12,2020,9,1,75,75103,2,2,1,3,RUE DU VERTBOIS,48.866952,2.358293
202000022118,18,12,2020,0,5,75,75103,2,2,1,7,BOULEVARD DE SEBASTOPOL,48.864169,2.351372
202000022119,17,12,2020,12,1,94,94041,2,1,2,6,MARCEL HARTMANN (R),48.80651,2.3863
202000022120,18,12,2020,14,1,94,94022,2,1,1,6,GAMBETTA (AV),48.76435,2.40521
202000022121,17,12,2020,14,1,93,93078,2,1,8,4,BD ROBERT BALLANGER,48.95381,2.53377
202000022122,17,12,2020,10,1,93,93078,2,6,8,2,BALLANGER (BD ROBERT),48.9610568,2.5548445
202000022123,18,12,2020,17,5,93,93053,2,9,1,5,BREMENT (RUE DE) 109 A 235 - 110 A ...,48.8867238,2.4716325
202000022124,18,12,2020,13,1,93,93048,2,2,1,3,RESISTANCE (AVENUE DE LA),48.86414,2.43619
202000022125,16,12,2020,20,5,93,93057,2,1,1,6,BRIAND ( AV. ARISTIDE) 31 A 91,48.90867,2.49965
202000022126,18,12,2020,16,1,92,92076,2,1,1,3,JARDY,48.834546,2.1542564
202000022127,20,11,2020,18,1,92,92062,2,1,1,6,BERTHELOT (RUE MARCELIN),48.888707,2.231492
202000022128,18,12,2020,17,2,92,92049,2,1,1,7,VANNE RUE DE LA,48.8160072,2.3286127
202000022129,18,12,2020,14,1,92,92048,2,1,1,1,PIERRE AUX MOINES (RUE DE LA),48.784362,2.228846
202000022130,18,12,2020,19,5,92,92040,2,1,1,3,GOUVERNEUR GAL EBOUE DU 02 AU 64,48.82775,2.27368
202000022131,24,4,2020,17,1,27,27681,1,1,1,3,EVREUX (ROUTE D'),49.0798,1.451
202000022132,23,4,2020,10,1,25,25462,2,3,7,6,REPUBLIQUE DE LA,46.90422,6.35372
202000022133,24,4,2020,15,1,06,06069,1,1,1,1,BRASSAURIE (CHEMIN DE),43.64229,6.96424
202000022134,24,4,2020,18,1,75,75120,2,1,1,6,RUE PIAT,48.872488,2.384313
202000022135,23,4,2020,8,1,75,75115,2,2,1,3,RUE DE LA CONVENTION,48.836755,2.298058
202000022136,24,4,2020,12,1,94,94068,2,3,1,3,CHENNEVIERES (AV DE),48.78916,2.51751
202000022137,24,4,2020,17,1,93,93062,2,1,1,6,COUR DE LA GARE,48.8893983,2.5126
202000022138,24,4,2020,8,1,93,93046,2,5,8,1,AV WINSTON CHURCHILL / AV BENOIT MALON,48.91489,2.53471
202000022139,25,4,2020,15,1,54,54100,2,1,1,6,43 Rue de la Haute Brin,48.78143,6.350698
202000022140,24,4,2020,15,1,42,42331,1,1,1,6,339 Chemin de la Croix Verte,45.9943579,3.950347
202000022141,24,4,2020,18,1,31,31269,1,1,1,-1,Route de Labastidette,43.4853474,1.2687066
202000022142,24,4,2020,7,2,11,11369,1,1,7,1,D1118,43.254588,2.9554939
202000022143,25,4,2020,1,3,41,41221,1,1,1,6,La Vacherie,47.797582,1.367894
202000022144,24,4,2020,16,1,83,83017,2,9,1,-1,Rue du Rayol,43.245949,5.999994
202000022145,25,4,2020,6,2,56,56097,1,1,1,6,Moulin de Plusquen,47.757142,-3.084964
202000022146,25,4,2020,8,1,76,76177,1,2,1,1,Le Thil,49.600302,1.177629
202000022147,24,4,2020,21,3,80,80284,1,1,1,3,D17,49.723245,3.016262
202000022148,25,4,2020,10,1,71,71373,2,1,1,6,Avenue de Katzweiler,46.5030817,5.0643822
202000022149,25,4,2020,12,1,89,89208,1,1,1,7,D11,47.6171561,3.9031525
202000022150,25,4,2020,13,1,12,12253,1,1,1,3,Hameau de JUILIAC,44.167791,2.76503
202000022151,24,4,2020,21,3,41,41110,1,1,1,1,D976,47.289404,1.794548
202000022152,24,4,2020,13,1,15,15120,1,1,1,2,Lieu Dit Serre,45.239107,2.299029
202000022153,25,4,2020,16,1,01,01412,1,3,1,3,D64,46.165554,4.946997
202000022154,20,4,2020,17,1,21,21500,1,1,1,7,PR 50 + 180,47.504093,4.458607
202000022155,24,4,2020,19,1,85,85303,2,1,1,6,104 Rue Georges Clémenceau,46.36083,-0.8547
202000022156,24,4,2020,11,1,27,27130,2,1,1,-1,La Belletiere,49.03357,0.454538
202000022157,25,4,2020,9,1,976,97617,1,1,1,1,CD1,-12.799686,45.128531
202000022158,24,4,2020,17,1,38,38480,1,1,1,3,Route de la Rosière,45.55786,4.96179
202000022159,24,4,2020,18,1,44,44210,1,1,7,6,10 Allée Colette,47.29567,-2.21426
202000022160,24,4,2020,14,1,35,35063,1,1,1,6,Les Lauriers,48.316088,-1.317104
202000022161,23,4,2020,16,1,988,98818,2,3,1,6,RUE JULES GARNIER/RUE DU DOCTEUR MIALARET,-22.28807,166.44435
202000022162,23,4,2020,17,1,974,97407,2,1,1,3,COMMUNE DE PARIS (AVENUE),-20.93668,55.2909
202000022163,23,4,2020,18,2,973,97302,2,9,1,2,CHATENAY (CITE),4.9429779,-52.3119968
202000022164,23,4,2020,14,1,69,69383,2,2,1,3,PAUL BERT                           (R ),45.757,4.8527
202000022165,22,4,2020,20,3,972,97213,2,9,1,7,PLACE D'ARMES,14.61243,-60.99168
202000022166,23,4,2020,21,5,69,69382,2,9,1,3,KITCHENER MARCHAND                  (PT),45.751426,4.8223514
202000022167,23,4,2020,9,1,971,97101,1,3,1,3,AURELIE NANKY - POINTE D'OR (RUE),16.2871825,-61.4963391
202000022168,22,4,2020,18,1,83,83090,1,9,1,6,GAIS COTEAUX (CHEMIN DES),43.13313,5.84225
202000022169,22,4,2020,17,1,78,78361,2,2,1,3,RUE D ALSACE,48.9927,1.70942
202000022170,22,4,2020,17,1,69,69266,2,6,1,6,RICHELIEU     (Rue),45.7603876,4.8775524
202000022171,23,4,2020,22,5,54,54547,2,1,1,6,GAMBETTA (RUE),48.656016,6.167658
202000022172,18,4,2020,19,1,54,54483,2,1,1,1,D 401,48.63392,6.30734
202000022173,22,4,2020,12,1,42,42184,2,1,1,6,Rue Maréchal Foch,46.0403998,4.0366706
202000022174,23,4,2020,2,3,41,41269,2,1,1,6,COURTIRAS (RUE DE),47.80297,1.04484
202000022175,23,4,2020,22,3,35,35281,1,1,1,3,ROCADE 7-8,48.0911,-1.7061
202000022176,22,4,2020,17,1,34,34172,2,3,2,6,ALCO (RUE D',43.61625,3.840972
202000022177,23,4,2020,1,5,33,33063,2,2,8,3,Avenue de la République / Rue Solle (Caudéran),44.83989,-0.60335
202000022178,23,4,2020,9,1,10,10387,2,1,1,6,HAUTE CHARME (RUE),48.30942,4.0578
202000022179,22,4,2020,18,1,08,08105,2,1,1,6,NOUZONVILLE,49.78874,4.72813
202000022180,23,4,2020,9,1,75,75117,2,1,1,3,AVENUE DE WAGRAM,48.882632,2.301492
202000022181,23,4,2020,20,5,75,75112,2,3,1,6,RUE MONTGALLET,48.84243,2.385407
202000022182,23,4,2020,15,1,94,94046,2,1,1,6,GENERAL DE GAULLE (AV DU),48.81027,2.4235
202000022183,23,4,2020,16,1,47,47295,1,2,1,3,D253,44.504102,0.782722
202000022184,23,4,2020,21,5,69,69100,2,6,1,6,D315,45.684601,4.827703
202000022185,23,4,2020,17,1,89,89198,1,8,1,6,Chemin de Néron,47.860091,3.578454
202000022186,23,4,2020,14,1,55,55551,1,1,1,6,RD 908,49.0082451,5.6944937
202000022187,24,4,2020,11,1,46,46273,2,2,1,3,Avenue Charles de Gaulle,44.869169,1.874478
202000022188,23,4,2020,16,1,25,25259,2,1,1,7,Rue du Lhotaud,46.856512,6.162405
202000022189,23,4,2020,20,1,73,73303,2,1,1,7,Rue du Centenaire,45.757067,6.411692
202000022190,20,4,2020,18,2,28,28292,1,1,1,6,Bois de Pijosson,48.696541,1.471353
202000022191,24,4,2020,3,3,28,28351,1,1,1,6,D140,48.583208,1.205755
202000022192,17,4,2020,19,1,68,68278,2,1,1,3,22 Rue de Belgique,47.7469095,7.4133917
202000022193,24,4,2020,5,2,52,52353,2,4,1,6,23 Rue de Verdun,48.026482,5.337548
202000022194,23,4,2020,21,2,09,09236,2,1,1,6,Avenue des Guerilleros,42.923758,1.625953
202000022195,23,4,2020,15,1,62,62355,2,9,1,3,Route Departementale 950,50.334347,2.935503
202000022196,23,4,2020,20,2,91,91661,1,1,1,7,AUTOROUTE A10,48.685622,2.214334
202000022197,23,4,2020,0,5,94,94003,1,1,1,7,AUTOROUTE A6A,48.8086,2.3393
202000022198,23,4,2020,6,2,93,93066,1,1,1,5,AUTOROUTE A1,48.92903,2.35969
202000022199,22,4,2020,19,1,93,93064,1,1,1,4,AUTOROUTE A86,48.88167,2.47431
202000022200,22,4,2020,19,1,93,93029,1,1,1,7,AUTOROUTE A86,48.92526,2.42487
202000022201,22,4,2020,8,1,69,69388,2,2,1,1,AMBROISE PARE                       (BD),45.73587,4.88304
202000022202,22,4,2020,13,1,69,69381,2,1,1,3,MORAND                              (PT),45.76868,4.8393
202000022203,22,4,2020,6,2,69,69389,2,4,1,1,CHAPEAU ROUGE (DU)                  (R ),45.7726287,4.8078444
202000022204,21,4,2020,15,1,87,87085,1,1,1,3,AUTOROUTE A20,45.84666,1.27691
202000022205,21,4,2020,23,1,76,76351,1,6,3,6,r salvador allende,49.504462,0.136108
202000022206,28,2,2020,11,1,76,76351,2,2,1,6,AUGUSTIN NORMAND,49.4859,0.1034
202000022207,22,4,2020,18,1,69,69266,2,1,1,6,JULES GRANDCLEMENT    (Place),45.7585563,4.8864108
202000022208,22,4,2020,14,1,60,60159,2,2,1,3,SCHWEITZER (DU DOCTEUR),49.4005077,2.7989579
202000022209,22,4,2020,15,1,59,59599,2,1,1,2,TIBERGHIEN (RUE SIMON),50.73136,3.16144
202000022210,22,4,2020,22,5,42,42187,2,1,1,6,Rue Pierre Dépierre,46.0318564,4.0763884
202000022211,16,4,2020,5,5,38,38151,2,2,1,6,Avenue Colonel Manhès,45.1466,5.7014
202000022212,7,4,2020,12,1,33,33063,2,2,1,1,Avenue Thiers / Rue de Lauzac,44.8525,-0.54009
202000022213,21,4,2020,11,1,13,13212,2,1,2,1,MONTOLIVET (AVENUE DE),43.317,5.418
202000022214,22,4,2020,16,1,10,10387,2,1,1,1,VOULDY (CHAUSSEE DU),48.2908,4.0889
202000022215,22,4,2020,12,1,75,75105,2,1,1,6,BOULEVARD SAINT MICHEL,48.842581,2.338253
202000022216,22,4,2020,9,1,75,75105,2,2,1,3,BOULEVARD SAINT GERMAIN,48.849429,2.354407
202000022217,22,4,2020,21,5,75,75120,2,5,1,6,BOULEVARD PERIPHERIQUE,48.877591,2.40835
202000022218,22,4,2020,14,1,75,75120,2,3,1,7,RUE DE MENILMONTANT,48.868028,2.387029
202000022219,21,4,2020,22,5,75,75120,2,2,1,3,RUE DE BELLEVILLE,48.876,2.402562
202000022220,21,4,2020,11,1,75,75115,2,1,1,2,RUE LECOURBE,48.841783,2.29986
202000022221,22,4,2020,13,1,75,75113,2,1,1,3,RUE DE TOLBIAC,48.825915,2.352368
202000022222,22,4,2020,18,1,75,75111,2,3,1,7,RUE DE CHARONNE,48.855502,2.389647
202000022223,22,4,2020,10,1,75,75107,2,3,1,6,RUE MONSIEUR,48.84989,2.316655
202000022224,22,4,2020,20,1,75,75101,2,2,1,3,RUE DES LAVANDIERES SAINTE OPPORTUNE,48.859093,2.346433
202000022225,22,4,2020,18,1,94,94067,2,1,1,6,DAUMESNIL (AV),48.83497,2.41977
202000022226,17,4,2020,16,1,94,94033,2,2,1,-1,GALLIENI (BD),48.84874,2.47772
202000022227,22,4,2020,19,1,93,93005,2,9,1,6,NONNEVILLE (AVENUE DE),48.925221,2.504701
202000022228,11,4,2020,10,1,06,06149,1,1,1,6,Route de Laghet,43.74856,7.365925
202000022229,23,4,2020,2,3,55,55338,1,1,1,7,D102,49.400864,5.216591
202000022230,23,4,2020,17,1,25,25351,1,9,7,1,D41 PK5+700,47.170942,6.666427
202000022231,22,4,2020,19,1,25,25240,1,1,1,5,33 Rue du Doubs,47.049957,6.625405
202000022232,23,4,2020,16,1,02,02445,2,1,1,6,2 Rue de Verdun,49.925376,3.963484
202000022233,23,4,2020,12,1,01,01374,1,2,1,3,D1075,46.11863,5.297328
202000022234,23,4,2020,5,3,72,72096,1,2,1,3,Intersection D88 - D357 - RUE DE LA VAUNOISE,48.018592,0.01096
202000022235,22,4,2020,12,1,14,14367,1,1,1,1,Chemin de Balençon,49.235685,-1.035628
202000022236,22,4,2020,18,1,73,73196,2,1,1,7,D104 Route de Bongain,45.683833,6.386227
202000022237,22,4,2020,19,1,10,10353,1,1,7,6,Rue du Prieure,48.441145,3.9175
202000022238,17,4,2020,8,1,16,16062,1,3,1,3,Ld Maison Neuve,45.4285613,-0.0298681
202000022239,22,4,2020,21,3,28,28120,1,1,1,6,D4,48.695776,1.138308
202000022240,22,4,2020,22,3,18,18138,1,1,1,6,A71,47.091075,2.25121
202000022241,22,4,2020,12,1,68,68253,1,1,7,4,A36,47.782812,7.483587
202000022242,23,4,2020,16,1,89,89197,1,1,1,6,"Autoroute A6, dans le sens PARIS-LYON, Point Kilométrique 212+700",47.503493,4.030437
202000022243,22,4,2020,22,3,26,26250,1,1,1,1,1440 Route de Lyon,45.021794,4.86851
202000022244,22,4,2020,20,1,88,88324,2,1,1,6,3 Rue du Pont,48.296481,5.877031
202000022245,23,4,2020,16,1,54,54208,1,1,1,6,RD611,48.7457053,5.9474874
202000022246,22,4,2020,17,1,38,38110,1,1,1,5,Route des Dauphines,45.5844,4.89071
202000022247,20,4,2020,14,1,33,33539,1,1,8,6,D242e6,44.901392,-0.330191
202000022248,23,4,2020,14,1,59,59400,1,1,1,3,Rue de Maroeuil,50.6281959,2.6415645
202000022249,22,4,2020,15,1,13,13215,1,1,2,6,A7-Sens Marseille vers Lyon,43.34007,5.3778
202000022250,22,4,2020,9,1,13,13202,2,1,2,7,A55-Sens Martigues vers Marseille,43.3128,5.3664
202000022251,22,4,2020,3,3,91,91340,1,1,1,6,RN 104,48.60842,2.43727
202000022252,22,4,2020,7,1,78,78321,1,1,1,2,RN12 EXT,48.79886,1.91741
202000022253,21,4,2020,20,2,78,78043,1,1,1,6,A13W,48.845151,2.086685
202000022254,22,4,2020,7,1,92,92036,1,1,1,5,AUTOROUTE A15,48.9458,2.2835
202000022255,21,4,2020,23,3,93,93005,1,1,1,6,AUTOROUTE A3,48.96667,2.47765
202000022256,9,2,2020,11,1,76,76447,2,1,1,6,PRESIDENT WILSON,49.5373,0.178
202000022257,13,1,2020,8,2,76,76305,2,3,1,6,OUDALLE (ROUTE),49.50334,0.2074
202000022258,21,4,2020,21,5,69,69383,2,2,1,3,JULIEN                              (R ),45.7522,4.8867
202000022259,21,4,2020,13,1,69,69387,2,3,1,2,TONY GARNIER                        (AV),45.728,4.8241
202000022260,21,4,2020,8,1,77,77368,1,1,1,6,PARC (AVENUE DU),48.541015,3.2758187
202000022261,19,4,2020,1,5,76,76366,2,1,1,6,11 NOVEMBRE. RUE DU,49.51912,1.03242
202000022262,18,4,2020,9,1,76,76451,2,1,1,3,FOND DU VAL. ALLEE DU,49.45431,1.0729
202000022263,21,4,2020,13,1,72,72181,2,1,1,3,BEAUGE (RUE DE),48.01574,0.14543
202000022264,21,4,2020,16,1,71,71309,1,9,1,6,LA FERME DES GROISONS,46.78984,4.4015104
202000022265,21,4,2020,11,1,71,71153,2,2,1,6,Route de Marmagne,46.8087561,4.394827
202000022266,15,4,2020,20,2,69,69013,2,1,1,1,BERTHELOT (rue),45.9993483,4.7311293
202000022267,21,4,2020,21,5,65,65440,2,2,3,1,ALSACE LORRAINE (AVENUE),43.2473,0.07305
202000022268,14,4,2020,11,1,56,56098,2,1,1,6,KERFREHOUR (RUE DE),47.76429,-3.33362
202000022269,20,4,2020,17,1,34,34172,2,2,2,3,JUSTICE DE CASTELNAU (AVENUE DE LA),43.62606,3.88216
202000022270,21,4,2020,3,3,33,33281,2,9,1,6,AVE FRANCOIS MITTERRAND / ROCADE A630 Sortie 12 -E12-,44.81758,-0.67144
202000022271,21,4,2020,19,1,10,10333,2,1,1,7,FREDERIC MISTRAL (RUE),48.28068,4.04692
202000022272,20,4,2020,18,1,09,09225,1,1,2,6,BELPECH ROUTE DE,43.117134,1.634785
202000022273,15,4,2020,14,1,75,75113,2,5,1,6,RUE DE PATAY,48.827668,2.371371
202000022274,21,4,2020,13,1,75,75114,2,3,1,3,AVENUE DU MAINE,48.839978,2.321682
202000022275,21,4,2020,10,1,75,75111,2,4,1,6,BOULEVARD VOLTAIRE,48.852843,2.388461
202000022276,21,4,2020,10,1,75,75107,2,5,1,3,QUAI D ORSAY,48.862586,2.319017
202000022277,20,4,2020,22,5,94,94033,2,1,1,6,REPUBLIQUE (AV DE LA),48.8526,2.46656
202000022278,21,4,2020,6,1,94,94017,2,3,1,2,AMBROISE CROIZAT (AV),48.8192528,2.5269849
202000022279,21,4,2020,12,1,93,93051,2,1,1,7,NEUILLY (ROUTE),48.8493885,2.537016
202000022280,21,4,2020,15,1,93,93046,2,5,8,1,WINSTON CHURCHILL AVENUE,48.91489,2.53471
202000022281,21,4,2020,17,1,93,93007,2,2,1,3,"""PAUL VAILLANT COUTURIER (AVENUE """"DU 01",48.9294,2.48
202000022282,21,4,2020,9,1,92,92075,2,1,1,3,PAIX (AVENUE DE LA),48.81608,2.27585
202000022283,21,4,2020,11,1,92,92026,2,1,1,6,VERDUN (DE 62 A FIN),48.9023016,2.2588786
202000022284,19,4,2020,19,1,92,92025,2,1,1,-1,GABRIEL PERI (RUE),48.918187,2.238794
202000022285,21,4,2020,17,1,92,92023,2,1,1,6,MOULIN DE PIERRE (RUE DU),48.80823,2.2647
202000022286,21,4,2020,10,1,22,22213,2,1,1,7,rue de la poste,48.527303,-2.004184
202000022287,20,4,2020,22,3,41,41032,1,1,1,7,D173,47.551119,1.297647
202000022288,22,4,2020,16,1,76,76562,2,1,1,3,Rue Claude Groulard,49.869287,1.176589
202000022289,21,4,2020,20,1,56,56186,1,1,1,6,Rue du Vivier,47.4837367,-3.1418374
202000022290,22,4,2020,8,1,79,79012,1,2,1,1,,46.465664,-0.5777
202000022291,22,4,2020,17,1,38,38538,2,1,1,1,Route de Chambéry,45.22363,5.871
202000022292,21,4,2020,18,1,45,45279,1,1,1,6,D163 - PR8+450,47.979495,2.84945
202000022293,22,4,2020,11,1,28,28014,1,1,1,6,D928,48.650639,1.292744
202000022294,22,4,2020,16,1,17,17365,1,3,1,3,RD 910b,45.204097,-0.183999
202000022295,21,4,2020,16,1,69,69069,2,3,1,3,79 Voie Romaine,45.750689,4.740713
202000022296,21,4,2020,14,1,13,13056,1,1,2,7,A55-Sens Martigues vers Marseille,43.39784,5.046271
202000022297,20,4,2020,0,5,91,91549,2,9,1,6,RN 104,48.62822,2.33999
202000022298,11,4,2020,8,1,31,31248,2,1,1,6,Avenue du comminges,43.4538559,1.3926151
202000022299,6,2,2020,17,2,76,76351,2,2,1,6,ANDRE CARRETTE,49.48952,0.11671
202000022300,21,4,2020,5,2,988,98818,2,3,2,3,RUE BETFORT/AVENUE BONAPARTE,-22.23334,166.46681
202000022301,20,4,2020,18,5,988,98818,2,4,1,6,RUE DU 24 SEPTEMBRE,-22.26349,166.45825
202000022302,20,4,2020,19,1,69,69259,2,1,8,2,MONTELIER (DU)                      (R ),45.69913,4.8959
202000022303,16,4,2020,16,1,69,69034,2,1,1,3,SOLDATS (DES)                       (MO),45.79136,4.86074
202000022304,20,4,2020,8,1,91,91421,1,1,1,3,NATIONALE 6 (PARTIE FORET),48.69033,2.45821
202000022305,20,4,2020,18,1,72,72181,1,1,1,1,ROUMANIE (RUE DE),47.9961,0.20763
202000022306,20,4,2020,18,1,69,69029,2,2,1,3,HONORE PETETIN                      (R ),45.73727,4.90841
202000022307,20,4,2020,13,1,69,69256,2,1,1,3,GABRIEL PERI                        (AV),45.77207,4.91096
202000022308,20,4,2020,12,1,69,69256,2,1,1,-1,JEAN MARIE MERLE                    (R ),45.77802,4.9103
202000022309,18,4,2020,20,5,67,67482,2,1,1,6,Allée des Droits de l'Homme,48.59633,7.7757
202000022310,20,4,2020,11,1,66,66136,2,3,2,3,PYRENEES (BOULEVARD DES),42.69479,2.88909
202000022311,17,4,2020,19,1,66,66136,2,1,1,3,DALBIEZ (AVENUE VICTOR),42.69316,2.88781
202000022312,20,4,2020,14,1,35,35238,1,1,2,6,PREVALAYE (CHEMIN DE LA),48.090918,-1.738869
202000022313,26,2,2020,15,2,35,35281,2,9,1,3,MERMOZ (BOULEVARD JEAN),48.09359,-1.70073
202000022314,20,4,2020,16,1,13,13117,1,6,2,3,ROUTE DEPARTEMENTALE 20,43.4519,5.23111
202000022315,20,4,2020,6,5,13,13213,2,2,2,3,VALDONNE (AVENUE DE),43.3222664,5.4124779
202000022316,18,4,2020,17,1,12,12202,2,1,1,6,Avenue de Saint Pierre,44.35465,2.55513
202000022317,20,4,2020,12,1,75,75117,2,4,1,2,RUE LABIE,48.879052,2.287576
202000022318,20,4,2020,19,1,75,75115,2,2,1,3,AVENUE FELIX FAURE,48.840298,2.285895
202000022319,20,4,2020,20,5,75,75111,2,1,1,6,BOULEVARD VOLTAIRE,48.851175,2.391239
202000022320,19,1,2020,2,3,62,62225,1,1,2,6,SAINT-OMER (ROUTE DE...............),50.772697,2.314571
202000022321,19,1,2020,3,3,59,59253,1,1,2,6,D935,50.423636,3.596386
202000022322,18,1,2020,7,5,56,56121,2,6,1,3,TOULLEC (RUE  FRANCOIS ),47.73349,-3.38532
202000022323,20,1,2020,9,1,54,54431,2,1,7,6,BREUIL (ALLEE DU),48.921231,6.059424
202000022324,20,1,2020,16,1,51,51454,2,6,1,3,Place Max Rousseaux,49.26446,4.0097648
202000022325,20,1,2020,16,1,51,51454,2,1,1,7,Rue du Ruisselet,49.2453196,4.0391282
202000022326,19,1,2020,12,1,51,51454,2,6,1,3,Avenue Paul Marchandeau,49.2422159,4.0249383
202000022327,17,1,2020,8,1,51,51230,2,1,3,1,Avenue de Champagne,49.0414191,3.968779
202000022328,19,1,2020,10,1,50,50602,2,2,1,6,LECLERC (RUE DU GENERAL),49.63924,-1.6052
202000022329,18,1,2020,10,1,49,49007,2,1,1,6,CLOUET,47.48068,-0.5664
202000022330,17,1,2020,15,1,49,49007,2,1,1,3,BEAUREPAIRE,47.4745743,-0.5605466
202000022331,20,1,2020,9,2,45,45284,2,3,1,7,Rue de la Godde - Rue du Petit Vomimbert,47.92231,1.97187
202000022332,18,1,2020,17,2,44,44184,2,1,1,2,RN 471,47.2874,-2.2099
202000022333,16,1,2020,8,1,44,44184,2,6,1,6,BERLIOZ (AVENUE HECTOR),47.26731,-2.2338
202000022334,20,1,2020,12,2,44,44109,2,1,1,-1,Boulevard Maréchal Alphonse Juin,47.1980066,-1.5954852
202000022335,20,1,2020,9,1,44,44162,2,1,1,2,Boulevard Charles de Gaulle,47.215263,-1.639323
202000022336,20,1,2020,10,1,42,42044,2,1,1,6,Rue Gambetta,45.3968416,4.3288835
202000022337,20,1,2020,14,1,37,37261,2,6,1,3,POMPIDOU (AVENUE GEORGES),47.3948636,0.7046124
202000022338,20,1,2020,7,3,37,37233,2,1,1,2,JAURES (BOULEVARD JEAN),47.39435,0.725744
202000022339,20,1,2020,13,1,35,35238,2,9,1,3,NITSCH (CARREFOUR GEORGES),48.10192,-1.68423
202000022340,20,1,2020,18,3,33,33122,1,2,8,1,AVE DU GENERAL LECLERC / AVE SALVADOR ALLENDE / RUE DE LA POUDRIERE / AVE DU MARECHAL DE LATTRE DE TASSIGNY (D1250),44.782297,-0.688948
202000022341,14,1,2020,9,1,33,33063,2,1,1,3,54 Boulevard du Président Wilson,44.83886,-0.59908