Num_Acc,jour,mois,an,hr,condition_eclairage,departement,commune,condition_agglomeration,intersection,condition_atmosphere,type_collision,adresse,lattitude,longitude
202000022342,10,1,2020,11,1,33,33281,2,6,1,3,AVE MARCEL DASSAULT / AVE JACQUELINE AURIOL / AVE DE LA GRANGE NOIRE,44.8479283,-0.6796903
202000022343,18,1,2020,22,5,31,31555,2,1,1,2,AV DE REYNERIE,43.5744,1.40535
202000022344,18,1,2020,0,5,31,31555,2,2,1,3,BD PIERRE SEMARD,43.61408,1.45095
202000022345,17,1,2020,19,5,31,31555,1,1,2,5,VA007331 A620,43.60684,1.40691
202000022346,17,1,2020,8,1,31,31555,2,1,1,2,RUE DE PERIOLE,43.61947,1.46676
202000022347,20,1,2020,6,3,29,29232,1,1,1,7,D365 - Avenue du Morbihan,47.97854,-4.05915
202000022348,19,1,2020,11,1,27,27681,2,9,1,6,RIQUIER (RUE),49.0939,1.4824
202000022349,16,1,2020,16,1,22,22360,1,6,3,6,ARMOR (RUE D'),48.4838488,-2.7346887
202000022350,17,1,2020,17,1,22,22278,2,1,1,3,RIBOT (THEODULE),48.51763,-2.77956
202000022351,20,1,2020,17,4,13,13208,2,1,1,6,PRADO (AVENUE DU),43.272086,5.390291
202000022352,19,1,2020,16,2,13,13202,1,2,1,3,URBAIN V (RUE),43.315398,5.368185
202000022353,19,1,2020,19,5,12,12089,2,1,1,6,MIRAMONT,44.554474,2.253372
202000022354,17,1,2020,17,1,10,10387,2,1,1,6,MARIE CURIE (RUE),48.272,4.077
202000022355,20,1,2020,6,5,10,10362,2,2,1,3,CHANTELOUP (CD),48.297157,4.041484
202000022356,19,1,2020,6,3,09,09225,1,1,1,7,ROUTE NATIONALE 20 (VOIE RAPIDE),43.10013,1.6328
202000022357,19,1,2020,17,2,05,05023,2,1,1,7,SYLVESTRE (RUE JOSEPH),44.88506,6.63359
202000022358,18,1,2020,9,1,03,03095,2,1,1,1,,46.1545953,3.4934703
202000022359,20,1,2020,17,1,75,75113,2,4,1,5,BD PERIPHERIQUE INTERIEUR,48.816558,2.364294
202000022360,20,1,2020,15,1,75,75117,2,4,7,6,BD PERIPHERIQUE EXTERIEUR,48.8821587,2.2826512
202000022361,20,1,2020,6,2,75,75120,2,4,1,4,BD PERIPHERIQUE EXTERIEUR,48.8614564,2.4139377
202000022362,20,1,2020,18,5,75,75105,2,1,1,6,RUE MONGE,48.839498,2.351176
202000022363,1,1,2020,18,3,75,75113,2,2,2,-1,RUE DE TOLBIAC,48.8272918,2.3685193
202000022364,20,1,2020,16,1,75,75117,2,2,1,3,RUE DES MOINES,48.8919104,2.3221491
202000022365,20,1,2020,11,1,75,75117,2,3,1,3,BOULEVARD BERTHIER,48.8937705,2.3117799
202000022366,20,1,2020,9,1,75,75117,2,4,1,3,AVENUE MAC MAHON,48.8772978,2.2944375
202000022367,20,1,2020,15,1,75,75116,2,2,1,3,AVENUE MARCEAU,48.8685417,2.2989066
202000022368,20,1,2020,8,1,75,75116,2,1,1,5,ROUTE DE LA MUETTE A NEUILLY,48.873254,2.264324
202000022369,20,1,2020,9,1,75,75116,2,1,1,3,AVENUE GEORGES LAFONT,48.835568,2.255588
202000022370,20,1,2020,16,1,75,75115,2,1,1,6,RUE DE LA CONVENTION,48.8370434,2.2970485
202000022371,20,1,2020,7,1,75,75111,2,2,1,3,AVENUE PHILIPPE AUGUSTE,48.8557552,2.3913181
202000022372,20,1,2020,19,5,75,75110,2,1,1,6,BOULEVARD DE STRASBOURG,48.8711531,2.355295
202000022373,20,1,2020,11,1,75,75110,2,3,1,6,RUE DE DUNKERQUE,48.8802484,2.3536558
202000022374,20,1,2020,18,5,75,75109,2,5,1,6,RUE LA FAYETTE,48.875098,2.340964
202000022375,20,1,2020,16,1,75,75101,2,2,1,6,RUE DE RIVOLI,48.8598842,2.3439942
202000022376,20,1,2020,15,1,75,75103,2,2,1,3,RUE DE TURBIGO,48.8668059,2.3620082
202000022377,20,1,2020,14,1,75,75103,2,1,1,3,RUE VIEILLE DU TEMPLE,48.861071,2.362869
202000022378,20,1,2020,19,5,94,94046,2,1,1,3,REPUBLIQUE (AV DE LA),48.80687,2.44431
202000022379,20,1,2020,14,1,94,94046,2,5,1,6,GENERAL DE GAULLE (AV DU),48.8152,2.4206
202000022380,20,1,2020,17,5,94,94028,2,1,1,3,VERDUN.(AVENUE DE),48.796,2.463
202000022381,20,1,2020,12,1,94,94069,2,2,1,3,MARECHAL DE LATTRE DE TASSIGNY (AV),48.82403,2.42
202000022382,19,1,2020,20,3,94,94017,2,6,1,2,STALINGRAD (BD DE),48.8161417,2.512352
202000022383,20,1,2020,20,4,93,93078,1,1,1,6,NATIONS (AVENUE DES),48.96996,2.5204
202000022384,20,1,2020,9,1,93,93070,2,9,1,6,ALLIANCE (RUE DE L'),48.9102544,2.3364585
202000022385,20,1,2020,8,2,93,93015,2,3,1,3,REMISE CHEMIN DE LA,48.91256,2.578953
202000022386,20,1,2020,16,1,93,93031,2,1,1,2,HENRI WALLON,48.9538028,2.3203341
202000022387,20,1,2020,14,1,93,93005,2,1,1,3,R MARCEL SEMBAT,48.93573,2.48732
202000022388,19,1,2020,17,2,93,93001,2,3,1,5,AV DU PRESIDENT ROOSEVELT / R DES GRANDES MURAILLES,48.9199054,2.3777681
202000022389,20,1,2020,17,2,92,92064,2,2,1,3,REPUBLIQUE,48.849405,2.2137706
202000022390,20,1,2020,8,2,92,92064,2,1,1,6,MARECHAL FOCH,48.8475808,2.2094214
202000022391,18,1,2020,15,1,92,92063,2,1,1,2,HOPITAL STELL (BOULEVARD DE L'),48.8789467,2.1862578
202000022392,20,1,2020,19,5,92,92044,2,1,1,6,HUIT MAI 1945 (PLACE DU),48.89669,2.29838
202000022393,19,1,2020,9,1,92,92036,2,3,1,6,GENERAL DE GAULLE (AVENUE),48.933774,2.313428
202000022394,20,1,2020,8,1,92,92025,2,1,1,6,Rue Gabriel Péri,48.918201,2.238834
202000022395,20,1,2020,10,1,92,92023,2,5,1,6,PICARDIE (RUE DE),48.786502,2.245395
202000022396,20,1,2020,19,2,92,92007,2,3,1,3,BRIAND (AVENUE ARISTIDE) N° 100 A 160,48.7972063,2.3221648
202000022397,18,1,2020,18,2,92,92002,2,1,1,3,DIVISION LECLERC (53 A 217 - 58 A 186),48.74298,2.302901
202000022398,20,1,2020,8,1,22,22259,2,1,1,1,D68,48.461959,-2.071175
202000022399,20,1,2020,17,2,22,22209,2,1,1,7,10 Rue des Ormelets,48.5807,-2.14448
202000022400,21,1,2020,15,1,49,49099,1,1,7,6,Le Grand Noyer,47.098719,-0.831916
202000022401,20,1,2020,16,2,68,68173,1,1,1,1,D11.1,48.114801,7.217124
202000022402,19,1,2020,2,5,972,97201,2,1,1,1,N3,14.831699,-61.103127
202000022403,17,1,2020,7,1,30,30262,1,3,1,3,D982,44.0309,4.4794
202000022404,21,1,2020,7,5,62,62870,2,1,5,5,95 Route Nationale,50.409459,1.724772
202000022405,16,1,2020,19,3,56,56090,2,6,2,6,2 Rue Emile Zola,47.8268169,-3.2496357
202000022406,18,1,2020,19,3,74,74234,1,1,1,3,RD 1508,45.758576,6.316475
202000022407,19,1,2020,14,1,76,76100,1,2,1,3,Gruchy Hameau,49.50083,1.262793
202000022408,21,1,2020,5,3,79,79242,1,1,9,7,,46.916584,-0.56746
202000022409,21,1,2020,12,1,65,65375,2,2,1,1,Rue Labastide de Clairence,43.386946,0.151347
202000022410,21,1,2020,15,1,55,55537,1,1,1,1,Route départementale 112 + PK 009.350,49.205551,5.475497
202000022411,20,1,2020,18,5,68,68068,2,2,1,3,40 Rue de Cernay,47.633544,7.122688
202000022412,18,1,2020,19,3,25,25280,2,1,1,6,35 Route du Jura,47.257897,6.946099
202000022413,19,1,2020,7,2,29,29109,1,1,1,6,D68 - Lieu-dit Saint-Gonvarc'h,48.5118605,-4.725416
202000022414,13,1,2020,22,3,31,31239,2,1,1,1,place du forail,43.380495,0.839024
202000022415,21,1,2020,17,3,01,01389,1,2,1,3,Grand Romanans,46.043298,4.93836
202000022416,21,1,2020,15,1,45,45245,1,1,1,6,R ST MARTIN,47.674198,2.812465
202000022417,15,1,2020,23,3,07,07117,1,1,8,6,D4,44.474121,4.19653
202000022418,8,1,2020,14,1,40,40310,1,3,1,3,Pouyanne,43.791353,-1.333973
202000022419,21,1,2020,11,1,04,04124,2,2,1,3,Ch du Vallon / Ch de Riez,43.782265,6.094826
202000022420,21,1,2020,13,1,85,85008,1,1,1,3,RD 747 - La tignonnière,46.61725,-1.44368
202000022421,14,1,2020,14,1,65,65417,1,1,1,7,A64,43.2156479,0.1180175
202000022422,20,1,2020,8,2,44,44035,1,1,1,3,A11,47.272357,-1.555252
202000022423,20,1,2020,18,3,77,77412,1,1,1,2,N37,48.474297,2.51697
202000022424,17,1,2020,5,3,974,97424,1,1,1,-1,Route Départementale 242,-21.123036,55.455014
202000022425,20,1,2020,0,5,971,97111,2,1,1,6,Ferry,16.272794,-61.805723
202000022426,19,1,2020,18,5,77,77272,2,1,1,6,9 Rue de la Voie Romaine - D209,48.560261,3.148332
202000022427,20,1,2020,0,3,34,34307,2,1,1,6,Route de Montpellier D-54,43.701508,4.007971
202000022428,20,1,2020,14,1,13,13014,2,1,1,6,Cours Mirabeau,43.476348,5.167433
202000022429,20,1,2020,17,2,13,13107,2,1,1,-1,994 Avenue du Général de Gaulle,43.436773,5.425264
202000022430,21,1,2020,14,1,01,01249,2,1,1,6,Rue Joseph Carre,45.826814,4.952967
202000022431,18,1,2020,4,3,53,53094,1,1,1,7,RN 162- PK 31 +200,48.012024,-0.728538
202000022432,19,1,2020,16,2,62,62560,1,1,3,6,A16,50.810084,1.694341
202000022433,21,1,2020,16,1,59,59173,1,9,1,1,Route de Quesnoy,50.726634,2.97359
202000022434,20,1,2020,2,5,69,69296,1,9,1,2,A7  ,45.66058,4.84179
202000022435,20,1,2020,7,5,33,33096,1,1,1,5,AUTOROUTE A 10,44.89004,-0.50324
202000022436,20,1,2020,18,4,91,91377,1,1,1,3,RD 188,48.72036,2.27203
202000022437,20,1,2020,7,3,91,91182,1,1,1,3,RN 104,48.6186,2.4266
202000022438,20,1,2020,1,3,91,91174,1,1,1,6,RN 104,48.61854,2.45762
202000022439,19,1,2020,7,3,92,92047,1,1,1,6,A13,48.8359825,2.1821722
202000022440,18,1,2020,19,3,78,78206,1,1,1,2,A13,48.948,1.94637
202000022441,20,1,2020,12,1,94,94033,1,1,1,3,A86.EXT,48.8491582,2.4907287
202000022442,16,1,2020,12,1,77,77294,1,1,1,2,A104,48.9647927,2.6100694
202000022443,18,1,2020,22,4,987,98735,2,1,1,2,POMARE (BVD),-17.5445063,-149.5783876
202000022444,18,1,2020,21,5,974,97416,2,1,1,6,Rue Leconte Delisle,-21.29137,55.4616
202000022445,18,1,2020,23,5,69,69388,2,1,1,2,PAUL CAZENEUVE                      (R ),45.7314298,4.8598314
202000022446,19,1,2020,20,5,972,97213,1,1,1,4,AUTOROUTE A1,14.618,-61.034
202000022447,18,1,2020,17,5,69,69384,2,2,1,3,PHILIPPE DE LASSALLE                (R ),45.77958,4.82049
202000022448,19,1,2020,14,1,971,97120,2,1,1,6,PAUL LACAVE,16.24421,-61.53231
202000022449,18,1,2020,8,1,971,97113,1,1,1,2,RN4 - SECTION RIVIERA,16.2181635,-61.5096188
202000022450,19,1,2020,6,5,91,91161,2,1,4,1,CHARLES DE GAULLE (AVENUE),48.704848,2.322651
202000022451,18,1,2020,17,5,69,69290,2,1,1,3,ARISTIDE BRIAND         ,45.69617,4.92669
202000022452,19,1,2020,2,5,69,69266,2,2,1,3,ROGER SALENGRO     (Avenue),45.7783938,4.8794371
202000022453,19,1,2020,14,1,64,64284,2,3,1,3,EUGENE PICHON,43.28464,-0.39222
202000022454,19,1,2020,16,1,59,59650,2,9,1,6,GUESDE (RUE JULES),50.7112331,3.2348675
202000022455,19,1,2020,18,5,59,59350,2,1,1,6,CHR OSCAR LAMBRET  METRO,50.6082644,3.0387497
202000022456,13,1,2020,12,1,59,59343,2,1,1,3,FERMES,50.58497,3.12355
202000022457,19,1,2020,13,1,53,53054,1,1,1,1,RD 104 VERS LAVAL,48.09408,-0.78639
202000022458,19,1,2020,20,1,42,42119,2,1,1,6,Le Garet,45.753653,3.971799
202000022459,19,1,2020,19,5,37,37261,2,6,1,2,JEMMAPES (RUE),47.4184706,0.6838621
202000022460,19,1,2020,16,1,37,37261,2,3,1,2,STENDHAL (AVENUE),47.3683967,0.7157863
202000022461,19,1,2020,16,1,34,34172,2,1,1,6,SOPHORAS (ALLEE DES),43.6000742,3.8696337
202000022462,18,1,2020,20,5,33,33075,2,3,2,2,AVE DU GENERAL DE GAULLE / RTE DU MEDOC,44.87353,-0.61714
202000022463,18,1,2020,23,3,32,32013,2,1,1,1,ENGACHIES (ROUTE D'),43.654312,0.6130832
202000022464,16,1,2020,14,1,29,29232,2,6,2,3,Rue Madame de Stael,47.98389,-4.07304
202000022465,19,1,2020,15,1,29,29051,1,3,1,1,D15 - Route de Coray,48.0006865,-4.0487158
202000022466,17,1,2020,11,1,18,18279,2,1,7,1,SOCIETE FRANCAISE (RUE DE LA),47.22611,2.05722
202000022467,20,1,2020,0,3,17,17449,1,1,1,7,Route de Surgères,45.966084,-0.92387
202000022468,19,1,2020,14,1,09,09122,2,9,1,2,RD 919,42.987266,1.615782
202000022469,19,1,2020,11,1,06,06027,2,1,1,6,PLAGE BOULEVARD DE LA,43.65665,7.16372
202000022470,19,1,2020,4,3,06,06123,1,1,1,6,,43.702611,7.18498
202000022471,18,1,2020,3,5,75,75118,2,1,1,6,RUE CAULAINCOURT,48.8885717,2.3342018
202000022472,19,1,2020,18,5,75,75117,2,7,1,3,PLACE GENERAL CATROUX,48.883348,2.3095104
202000022473,18,1,2020,16,1,75,75116,2,1,1,3,CHAUSSEE LA MUETTE,48.8582056,2.2736976
202000022474,19,1,2020,13,1,75,75115,2,2,1,3,RUE DE LA CONVENTION,48.8372327,2.296437
202000022475,19,1,2020,17,5,75,75114,2,7,8,6,AVENUE DU GENERAL LECLERC,48.8277958,2.3267957
202000022476,19,1,2020,12,1,75,75112,2,1,1,6,RUE DE REUILLY,48.8445785,2.3898386
202000022477,19,1,2020,6,2,75,75112,2,1,1,3,BOULEVARD PONIATOWSKI,48.8333956,2.4019134
202000022478,18,1,2020,20,5,75,75112,2,3,1,6,AVENUE DE NOGENT,48.8442841,2.4423416
202000022479,19,1,2020,16,1,75,75107,2,1,1,7,RUE SEDILLOT,48.85901,2.301593
202000022480,18,1,2020,20,5,75,75103,2,2,1,6,RUE REAUMUR,48.8662181,2.3526072
202000022481,19,1,2020,13,1,94,94021,2,9,1,7,JEAN MERMOZ (BD),48.77301,2.33939
202000022482,19,1,2020,6,5,94,94069,2,1,8,6,MARECHAL LECLERC (R DU),48.81826,2.43922
202000022483,19,1,2020,15,1,93,93053,2,1,1,6,REPUBLIQUE (BLD DE LA) N°,48.8956,2.4614
202000022484,18,1,2020,23,3,93,93001,2,1,8,6,R BENGALI ,48.917171,2.368786
202000022485,19,1,2020,2,5,92,92073,2,1,1,2,SELLIER (BOULEVARD HENRI),48.8656062,2.2196299
202000022486,19,1,2020,23,5,92,92051,2,2,1,3,"BINEAU (BOULEVARD, N°133 A 217 ET 134 A",48.8875111,2.2785124
202000022487,19,1,2020,16,1,92,92051,2,1,1,6,SAINTE FOY (AVENUE),48.88544,2.26717
202000022488,19,1,2020,12,1,92,92040,2,6,1,3,ILES (BOULEVARD DES),48.8217472,2.2499844
202000022489,16,1,2020,20,2,974,97418,1,1,1,2,Route Nationale 2,-20.899841,55.525299
202000022490,19,1,2020,19,3,37,37155,2,1,1,6,43 Rue du Commerce,47.6506798,0.8368114
202000022491,11,1,2020,11,1,47,47169,1,1,7,2,Route Nationale 21,44.1560227,0.6273555
202000022492,18,1,2020,15,1,43,43040,1,1,1,6,Rue de la Poudrière,45.2823453,3.3888531
202000022493,14,1,2020,17,3,68,68249,2,4,1,6,12 Rue du Faude,48.127599,7.163287
202000022494,19,1,2020,18,3,972,97210,1,1,1,7,Chemin Casse Cou,14.632996,-60.935135
202000022495,19,1,2020,11,1,22,22339,1,1,1,7,RN 176 PK/PR 011+600,48.469716,-2.058115
202000022496,18,1,2020,13,1,971,97133,1,1,1,1,D6,15.961316,-61.70787
202000022497,20,1,2020,8,1,69,69100,2,1,1,3,Rue d'Yvours,45.69237,4.827553
202000022498,16,1,2020,14,1,51,51549,1,9,1,3,D994,48.9410173,4.7428764
202000022499,19,1,2020,18,3,56,56194,1,1,1,4,D114,47.613603,-2.111757
202000022500,20,1,2020,8,1,77,77321,1,2,1,2,D411,48.4039123,3.2265649
202000022501,20,1,2020,6,3,79,79195,1,1,9,7,,46.918969,-0.57172
202000022502,20,1,2020,7,2,89,89276,2,1,1,6,19 Route de Troyes,48.042838,3.79276
202000022503,20,1,2020,7,2,89,89200,1,1,9,1,Route de Chablis,47.9292482,3.6182597
202000022504,11,1,2020,20,3,49,49046,1,2,1,3,67 Rue de l'Amiral Maillé-brézé,47.180031,-0.06055
202000022505,19,1,2020,4,5,68,68378,2,1,1,6,2a Rue Principale,47.637081,7.112349
202000022506,20,1,2020,8,1,25,25258,1,1,1,1,RD 67,47.232599,5.905424
202000022507,19,1,2020,16,1,29,29201,1,2,1,3,D67 - Lieu Dit Kergounan,48.380514,-4.711967
202000022508,20,1,2020,4,3,54,54205,1,1,1,7,N4,48.670453,5.79232
202000022509,20,1,2020,7,3,14,14305,1,1,1,6,D163,49.292427,-0.010182
202000022510,17,1,2020,19,3,05,05072,1,1,9,7,N85,44.642534,6.08466
202000022511,10,7,2020,9,1,13,13001,2,2,1,3,PONTIER HENRI (AV),43.53297,5.4398
202000022512,10,7,2020,22,5,10,10387,2,9,1,7,JULES GUESDE (RUE),48.2882,4.08104
202000022513,9,7,2020,12,1,10,10357,2,1,1,3,GENERAL DE GAULLE (RUE DU),48.29694,4.12948
202000022514,2,7,2020,20,1,09,09122,2,1,2,1,LAKANAL (AVENUE),42.958578,1.606186
202000022515,10,7,2020,21,5,06,06069,2,9,1,6,RENOIR (AVENUE AUGUSTE),43.681497,6.959738
202000022516,10,7,2020,16,1,06,06123,2,1,1,6,LECLERC GENERAL AVENUE,43.673868,7.189824
202000022517,10,7,2020,8,1,06,06027,2,1,1,3,NICE AVENUE DE (RN7),43.65791,7.159506
202000022518,8,7,2020,9,1,06,06027,2,6,1,3,VERDUN AVENUE DE,43.666965,7.141727
202000022519,2,7,2020,17,1,05,05061,2,6,1,6,CHARLES AUROUZE ( RUE ),44.562064,6.077833
202000022520,9,7,2020,8,1,75,75116,2,1,1,3,BOULEVARD PERIPHERIQUE,48.834928,2.262709
202000022521,30,6,2020,22,5,75,75106,2,1,1,6,BOULEVARD SAINT MICHEL,48.849887,2.342364
202000022522,10,7,2020,10,1,75,75120,2,2,1,3,RUE BELGRAND,48.864681,2.404142
202000022523,10,7,2020,22,5,75,75117,2,3,1,3,RUE DE SAUSSURE,48.890101,2.304927
202000022524,10,7,2020,12,1,75,75108,2,2,1,3,BOULEVARD DES BATIGNOLLES,48.882216,2.320348
202000022525,9,7,2020,9,1,75,75116,2,2,1,3,ROUTE DE SEVRES A NEUILLY,48.862279,2.238304
202000022526,8,7,2020,22,5,75,75116,2,1,1,2,ALLEE DE LONGCHAMP,48.870816,2.259681
202000022527,10,7,2020,16,1,75,75115,2,4,1,6,QUAI D ISSY LES MOULINEAUX,48.836556,2.267939
202000022528,10,7,2020,12,1,75,75115,2,2,1,3,RUE DE LA FEDERATION,48.853798,2.294166
202000022529,9,7,2020,21,5,75,75115,2,1,1,3,QUAI ANDRE CITROEN,48.843858,2.275136
202000022530,10,7,2020,12,1,75,75114,2,1,1,6,AVENUE PIERRE MASSE,48.818087,2.333014
202000022531,9,7,2020,19,1,75,75113,2,2,1,3,AVENUE D ITALIE,48.822207,2.358523
202000022532,9,7,2020,12,1,75,75112,2,1,1,3,AVENUE DE SAINT MANDE,48.844745,2.404882
202000022533,10,7,2020,13,1,75,75111,2,1,1,3,RUE RICHARD LENOIR,48.855205,2.381972
202000022534,10,7,2020,16,1,75,75108,2,4,1,3,AVENUE DE FRIEDLAND,48.874231,2.299546
202000022535,10,7,2020,1,5,75,75108,2,3,1,6,AVENUE DES CHAMPS ELYSEES,48.870092,2.306672
202000022536,10,7,2020,17,1,75,75104,2,3,8,6,RUE DE RIVOLI,48.855229,2.361113
202000022537,10,7,2020,14,1,75,75104,2,7,1,3,RUE DES FRANCS BOURGEOIS,48.8563,2.364939
202000022538,10,7,2020,11,1,94,94078,2,1,1,2,PRESIDENT JOHN FITZGERALD KENNEDY (AV DU,48.737,2.469
202000022539,8,7,2020,11,1,94,94046,2,1,1,7,GABRIEL PERI (R),48.812441,2.437531
202000022540,10,7,2020,18,1,94,94003,2,1,1,3,PAUL VAILLANT COUTURIER (AV),48.800892,2.340831
202000022541,8,7,2020,21,1,94,94016,2,3,1,3,VATIER (AV),48.78895,2.33191
202000022542,10,7,2020,18,1,94,94021,2,1,1,3,STALINGRAD (AV DE),48.77165,2.36773
202000022543,10,7,2020,12,1,94,94028,2,9,1,6,CASALIS.(AVE DU DR PAUL),48.78027,2.47176
202000022544,10,7,2020,10,1,94,94077,2,2,1,2,JARDINS (R DES),48.73815,2.425531
202000022545,10,7,2020,1,4,93,93001,2,6,1,-1,VICTOR HUGO (AVE)  131 A 165,48.9086235,2.3780076
202000022546,8,7,2020,18,1,93,93066,2,1,1,5,"""LANDY RD 20, NR IMPAIRS 1 A 144""",48.9151608,2.3501098
202000022547,10,7,2020,15,1,93,93048,2,1,1,1,CHANZY S3 (BOULEVARD),48.8585839,2.4302421
202000022548,10,7,2020,10,1,93,93048,2,3,8,3,LEON LOISEAU (RUE),48.8708527,2.4384834
202000022549,10,7,2020,0,5,93,93048,2,9,1,1,Rue du Prefet Claude Erignac,48.84948,2.41756
202000022550,10,7,2020,10,1,93,93006,2,1,1,6,CAPSULERIE RUE DE LA,48.8636163,2.4200133
202000022551,10,7,2020,12,1,93,93014,2,2,1,6,AV DE SEVIGNE / ALL MARCEL PAUL,48.911423,2.54942
202000022552,10,7,2020,18,1,93,93005,2,1,1,6,MITRY [CD115] (ROUTE DE),48.9461209,2.5104586
202000022553,9,7,2020,20,1,92,92063,2,1,1,2,BONAPARTE (AVENUE NAPOLEON) NORD,48.875864,2.1698162
202000022554,9,7,2020,19,1,92,92050,2,3,1,3,CHAMPS PIERREUX AVENUE DES,48.8908159,2.215797
202000022555,10,7,2020,13,1,92,92025,2,2,1,3,AUDRA (AV),48.927407,2.247015
202000022556,11,7,2020,14,1,50,50027,1,2,1,3,La Pigousterie,48.687901,-1.438415
202000022557,10,7,2020,15,1,86,86182,1,1,1,7,D757,46.864602,0.321473
202000022558,11,7,2020,3,3,67,67426,1,1,8,7,RD 424 - PK 21+700,48.351005,7.284665
202000022559,10,7,2020,10,1,26,26002,1,4,1,3,1410 Route de Marcoz,45.241207,4.826104
202000022560,7,7,2020,19,1,62,62176,2,3,1,3,D146,50.512471,1.732557
202000022561,10,7,2020,21,1,56,56033,1,1,1,2,Cateneuc,47.819063,-2.121171
202000022562,10,7,2020,18,1,56,56040,1,1,1,5,Lieu-dit Kersalo,47.834041,-3.374482
202000022563,11,7,2020,15,1,74,74109,1,1,1,1,2950 Route d'Annecy,46.090812,5.834105
202000022564,11,7,2020,10,1,74,74068,1,9,1,2,8 Rue du Mont Blanc,46.061488,5.867933
202000022565,11,7,2020,11,1,76,76152,1,1,1,2,D6,49.590903,1.210819
202000022566,10,7,2020,22,5,79,79171,2,2,1,6,20 Rue de la Croix d'Ingand,46.977478,-0.277094
202000022567,11,7,2020,3,3,80,80458,1,1,1,1,D929,49.956787,2.489563
202000022568,10,7,2020,23,3,65,65330,2,1,1,1,14 Route de la Fontaine,43.424009,0.035904
202000022569,11,7,2020,4,3,32,32100,1,1,1,6,D931,43.878129,0.172091
202000022570,10,7,2020,16,1,32,32147,1,1,1,2,Chemin du Pont au Lait,43.625681,0.868853
202000022571,10,7,2020,16,1,11,11124,1,1,1,1,D611,43.009927,2.828786
202000022572,11,7,2020,16,1,89,89456,1,3,1,3,257 Rue du Marchais,48.30228,3.18258
202000022573,10,7,2020,21,2,49,49205,2,3,1,3,4 Place Jean Bourre,47.758328,-0.491349
202000022574,4,7,2020,15,1,49,49088,1,1,1,3,D771,47.7770915,-1.0973027
202000022575,11,7,2020,6,1,49,49060,1,1,1,7,L'Epinay,47.188604,-0.020256
202000022576,10,7,2020,19,1,39,39560,2,1,1,6,,46.361253,5.861265
202000022577,11,7,2020,12,1,39,39526,1,1,1,2,,47.031148,5.405751
202000022578,11,7,2020,10,1,39,39016,2,1,1,6,Arinthod - 8 Rue du Sauvieux,46.396628,5.56772
202000022579,10,7,2020,17,1,25,25321,2,3,1,3,Les Vergers,47.068792,6.678588
202000022580,8,7,2020,18,1,35,35095,2,6,1,3,Place Toullier,48.54947,-1.756536
202000022581,30,6,2020,16,1,35,35284,2,1,1,6,5 Place de l'Eglise,48.5989834,-1.9729578
202000022582,11,7,2020,10,1,29,29004,2,1,1,3,Place de la Liberté (Parking),47.932544,-3.700215
202000022583,8,7,2020,16,1,31,31377,2,1,1,1,Départementale 97,43.431641,1.695516
202000022584,11,7,2020,16,1,02,02550,1,1,1,7,D19,49.473269,3.680356
202000022585,10,7,2020,21,3,84,84072,1,1,1,1,2033 Route de Mormoiron,44.051486,5.154374
202000022586,10,7,2020,21,2,03,03060,2,1,1,1,Route de Saint-pourçain,46.1634837,3.3936174
202000022587,11,7,2020,12,1,03,03025,1,2,1,-1,,46.4592672,3.3678448
202000022588,10,7,2020,21,2,15,15045,1,1,1,6,RD921 PR 10+100,44.8439762,3.0008698
202000022589,11,7,2020,11,1,72,72006,2,9,1,4,Zone Commerciale le Pt Coudray,48.403508,0.091109
202000022590,11,7,2020,0,3,72,72241,2,1,1,6,18 Route de Lombron,48.050076,0.413277
202000022591,10,7,2020,22,3,50,50427,2,1,1,-1,35 Avenue de la Plage,49.476748,-1.247978
202000022592,10,7,2020,17,1,50,50615,2,1,1,6,Place du Gen de Gaulle,49.507144,-1.472064
202000022593,5,7,2020,16,1,45,45258,1,2,1,7,D228,48.217578,2.491252
202000022594,10,7,2020,18,1,73,73114,1,1,1,6,D1212 Route de Megeve,45.820912,6.527134
202000022595,11,7,2020,10,1,21,21549,1,3,1,3,D16,47.752626,4.678288
202000022596,10,7,2020,20,1,27,27550,1,1,7,1,Chemin des Auvrays,49.251893,0.629826
202000022597,10,7,2020,17,1,27,27398,1,1,1,1,L'Ecoucherie,49.0935833,0.6429676
202000022598,10,7,2020,14,1,10,10419,1,1,1,6,A5,48.194424,4.270398
202000022599,10,7,2020,23,3,973,97307,2,1,1,6,rout de la distillerie,4.873459,-52.327087
202000022600,19,6,2020,11,1,68,68021,1,6,1,2,bretelle de sortie A35,47.636449,7.502031
202000022601,11,7,2020,9,1,84,84091,1,1,1,6,A7 - PK 164+020 - sens N/S,44.155408,4.771307
202000022602,10,7,2020,18,1,77,77458,1,1,1,7,Autoroute A77,48.1958173,2.7688315
202000022603,10,7,2020,17,1,69,69119,1,2,1,3,D28,45.496451,4.721675
202000022604,10,7,2020,19,2,69,69119,1,2,8,3,D28,45.496481,4.721632
202000022605,10,7,2020,15,1,13,13103,2,9,1,7,Base aérienne 701 Salon-de-Provence (Aérodrome),43.611332,5.110692
202000022606,10,7,2020,16,1,974,97420,2,3,1,3,66 Cite du Levant - Bel Air,-20.909541,55.595635
202000022607,10,7,2020,17,1,977,97701,2,1,1,3,D212,17.901557,-62.833418
202000022608,11,7,2020,10,1,37,37003,2,3,1,3,Quai du Général de Gaulle,47.4129026,0.9827999