Num_Acc,jour,mois,an,hr,condition_eclairage,departement,commune,condition_agglomeration,intersection,condition_atmosphere,type_collision,adresse,lattitude,longitude
202000022609,10,7,2020,14,1,78,78321,2,1,1,3,32 Route du Pontel,48.804499,1.895487
202000022610,10,7,2020,7,1,2B,2B095,1,1,1,3,D84,42.353739,9.054987
202000022611,11,7,2020,8,1,66,66114,1,1,1,1,D612,42.605788,2.936176
202000022612,8,7,2020,8,1,34,34272,2,1,1,4,240 Chemin des Grillons,43.654452,4.113007
202000022613,10,7,2020,23,3,84,84092,1,6,1,6,2254 Route de Sorgues,43.982972,4.859819
202000022614,7,7,2020,7,1,83,83099,2,1,1,3,Chemin des Aubrèdes,43.459056,6.693217
202000022615,10,7,2020,10,1,05,05101,1,1,1,7,les ribeyrettes,44.882068,6.458411
202000022616,11,7,2020,2,3,74,74087,2,1,1,7,D1205,46.137813,6.332349
202000022617,9,7,2020,16,1,38,38507,2,2,7,3,Chemin des Tournes,45.733887,5.173059
202000022618,11,7,2020,19,1,69,69019,2,6,1,6,Avenue du Port,46.103872,4.758325
202000022619,10,7,2020,9,1,22,22176,2,1,1,6,Rue du Centre,48.445629,-2.746126
202000022620,11,7,2020,12,1,02,02555,1,1,1,3,D11,48.959947,3.329791
202000022621,11,7,2020,2,3,80,80467,1,1,1,2,autoroute A1 pk 98+600 sens Lille vers PARIS,49.670905,2.770228
202000022622,11,7,2020,15,1,59,59523,2,3,1,3,2291 rue de Lille,50.589492,3.156984
202000022623,7,7,2020,2,3,13,13070,1,1,1,4,A50-Sens Marseille vers Aubagne,43.28485,5.51835
202000022624,26,6,2020,1,3,13,13117,1,1,1,6,A7-Sens Lyon vers Marseille,43.446376,5.242689
202000022625,7,7,2020,19,1,38,38544,2,9,1,3,Boulevard Georges Pompidou,45.52223,4.86898
202000022626,9,7,2020,18,1,69,69266,1,1,1,2,RD383   3.750 A 7.640,45.76869,4.90398
202000022627,9,7,2020,18,1,42,42218,1,1,1,4,A72,45.45014,4.42053
202000022628,10,7,2020,10,1,33,33003,1,1,1,4,AUTOROUTE A 10,44.93162,-0.46865
202000022629,10,7,2020,7,1,33,33192,1,1,1,3,ROCADE A 630,44.78867,-0.6016
202000022630,10,7,2020,19,1,91,91645,1,1,1,-1,RN 385 Extèrieure,48.7596892,2.2671423
202000022631,10,7,2020,16,1,91,91689,1,1,1,2,AUTOROUTE A6A,48.747,2.3259
202000022632,10,7,2020,10,1,94,94034,1,1,1,-1,AUTOROUTE A6A,48.7533,2.3313
202000022633,10,7,2020,11,1,92,92019,1,1,1,2,RN 385 INT,48.77648,2.23518
202000022634,10,7,2020,7,1,78,78646,1,1,1,6,RN12,48.792613,2.089058
202000022635,10,7,2020,19,1,93,93010,1,1,1,3,AUTOROUTE A3,48.91456,2.47733
202000022636,10,7,2020,9,1,93,93048,1,1,1,2,AUTOROUTE A3,48.87248,2.43419
202000022637,10,7,2020,8,1,92,92036,1,1,1,2,AUTOROUTE A15,48.9423131,2.2896154
202000022638,10,7,2020,18,1,77,77514,1,1,1,2,A104,48.948627,2.6289112
202000022639,9,7,2020,0,3,93,93051,1,1,1,3,A4,48.8346,2.58077
202000022640,16,3,2020,14,1,87,87085,2,1,1,6,BEAUBREUIL (AVENUE DE),45.88119,1.29412
202000022641,10,2,2020,7,2,87,87114,2,1,1,4,CROIX-FINOR (AVENUE),45.83512,1.31349
202000022642,9,7,2020,12,1,988,98818,2,1,1,3,ROUTE DE L'AQUARIUM - RUE M. LAUBREAU,-22.3023,166.43841
202000022643,9,7,2020,21,5,974,97416,2,1,2,1,PRESIDENT MITTERAND(AVENUE),-21.34322,55.48199
202000022644,9,7,2020,15,1,974,97416,2,1,1,6,PRESIDENT MITTERAND(AVENUE),-21.34148,55.47903
202000022645,9,7,2020,14,1,974,97416,1,1,1,6,Rue Théodore Thomas,-21.32454,55.48355
202000022646,8,7,2020,15,1,974,97416,1,1,1,4,RN1,-21.3021,55.42561
202000022647,9,7,2020,19,5,973,97302,2,1,1,3,MANGO (ROUTE),4.931717,-52.317431
202000022648,8,7,2020,7,1,973,97302,2,2,1,3,PREVOT (ERNEST),4.933,-52.3328
202000022649,5,7,2020,21,5,973,97302,2,1,1,3,FLAMBOYANTS (RUE DES),4.9219899,-52.3218083
202000022650,9,7,2020,21,1,69,69387,2,2,1,3,MARC BLOCH                          (R ),45.74699,4.84564
202000022651,9,7,2020,12,1,69,69383,2,2,1,3,GAMBETTA                            (CO),45.7553032,4.8430689
202000022652,9,7,2020,10,1,69,69259,2,8,1,3,JEAN CAGNE                          (AV),45.69512,4.87349
202000022653,9,7,2020,8,1,69,69388,2,1,1,3,JEAN XXIII                          (BD),45.73994,4.87383
202000022654,8,7,2020,10,1,69,69383,2,2,1,6,ANTOINE CHARIAL                     (R ),45.7582565,4.8659059
202000022655,9,7,2020,14,1,972,97213,2,1,1,3,ROUTE DEPARTEMENTALE 3,14.64915,-60.98884
202000022656,9,7,2020,5,2,69,69381,2,3,1,3,ALGERIE (D')                        (R ),45.7673,4.83074
202000022657,9,7,2020,21,5,2B,2B037,2,1,1,2,TOUTES RUES,42.61942,9.4371
202000022658,9,7,2020,16,1,2B,2B033,2,1,1,4,11 - RT,42.7014,9.4524
202000022659,9,7,2020,17,1,95,95598,2,1,1,6,COURSES   AVENUE DES,48.979545,2.29439
202000022660,9,7,2020,19,1,91,91691,2,2,1,3,RAYMOND POINCARE(RUE),48.70993,2.49895
202000022661,9,7,2020,8,1,91,91521,2,1,1,6,FONTAINE (RUE DE LA),48.65021,2.4077
202000022662,9,7,2020,2,5,91,91479,2,1,1,3,FONTAINEBLEAU (ROUTE DE),48.73,2.3649
202000022663,6,7,2020,15,1,86,86158,1,1,1,2,D30,46.605111,0.306945
202000022664,8,7,2020,16,1,85,85194,2,1,1,7,Rue Elisa Deroche,46.49095,-1.71966
202000022665,8,7,2020,10,1,83,83069,2,2,1,3,GERARD (ALLEE EMILE),43.07304,6.1527
202000022666,9,7,2020,10,1,81,81021,2,2,1,3,MAAST (JACQUES),43.50596,2.36691
202000022667,22,6,2020,15,1,78,78335,2,3,1,1,Boulevard aristide briand,48.998058,1.738974
202000022668,9,7,2020,16,1,72,72181,2,1,1,3,RHIN ET DANUBE (AV) N° PAIRS 2 A 192,47.99612,0.2076
202000022669,8,7,2020,17,1,71,71306,2,2,1,3,CHAVANNES (RUE DES),46.6559668,4.3347636
202000022670,8,7,2020,16,1,71,71059,2,9,1,3,CHARLEVILLE (RUE DE),46.8052114,4.4740555
202000022671,8,7,2020,11,1,71,71153,2,1,1,3,YSER (RUE DE L'),46.8057487,4.438962
202000022672,7,7,2020,9,1,68,68376,2,2,1,3,MINES (RUE DES),47.79854,7.31337
202000022673,6,7,2020,20,2,67,67482,2,1,7,6,ROMAINS (ROUTE DES),48.5789665,7.6997105
202000022674,6,7,2020,20,2,67,67218,2,8,1,3,ALFRED KASTLER (ROUTE),48.5431731,7.7363168
202000022675,8,7,2020,14,1,65,65226,2,1,1,1,OURS (CHEMIN DE L'),43.238305,0.009833
202000022676,9,7,2020,12,1,64,64260,2,1,1,3,LECLERC (BOULEVARD DU GENERAL),43.369039,-1.771292
202000022677,9,7,2020,16,1,64,64445,2,3,1,1,BUROS DE,43.32594,-0.34245
202000022678,8,7,2020,22,5,64,64122,2,1,1,7,COTE DES BASQUES (PERSPECTIVE DE LA,43.48157,-1.56843
202000022679,8,7,2020,15,1,64,64102,2,2,1,3,PELLOT (RUE DU CAPITAINE),43.4927,-1.4646
202000022680,5,7,2020,21,2,62,62744,2,1,1,6,Rue du 8 Mai 1945,50.2991823,2.7533932
202000022681,2,7,2020,0,5,59,59009,2,2,1,3,SCIENCES PONT DES,50.62012,3.13539
202000022682,8,7,2020,21,2,59,59350,2,1,8,3,LEGRAND PIERRE RUE,50.63081,3.09617
202000022683,4,7,2020,14,1,58,58194,2,1,1,7,EMILE BERTHELOT (IMPASSE),46.9867,3.1365
202000022684,8,7,2020,9,1,56,56121,2,6,1,7,KERGUESTENEN (RUE  DE ),47.74845,-3.39626
202000022685,8,7,2020,9,1,56,56083,2,3,1,3,LIBERATION ( AV. DE LA ),47.80448,-3.27731
202000022686,4,7,2020,22,5,54,54528,2,2,1,3,VICTOR HUGO (AVENUE),48.67547,5.88422
202000022687,8,7,2020,10,1,54,54357,2,1,1,4,METZ (ROUTE DE),48.71971,6.17131
202000022688,9,7,2020,15,1,51,51454,2,1,1,7,Rue Géruzez,49.2633277,4.0171711
202000022689,8,7,2020,10,1,51,51454,2,1,1,1,Boulevard Robespierre,49.269798,4.0307063
202000022690,7,7,2020,22,5,50,50129,2,1,1,3,PARIS (AVENUE DE),49.6286,-1.6181
202000022691,8,7,2020,9,1,49,49267,2,1,1,3,BEAUFORT ROUTE,47.4707,-0.45286
202000022692,7,7,2020,15,1,49,49007,2,1,1,3,COPERNIC,47.48203,-0.52232
202000022693,9,7,2020,18,1,45,45338,2,9,1,3,BUISSON (RUE DU),47.9865,2.7121
202000022694,9,7,2020,21,1,44,44109,2,1,1,6,WILSON ( QUAI PRESIDENT ),47.19959,-1.565
202000022695,20,5,2020,2,5,44,44109,2,1,1,6,RUE DE LA SOUILLARDERIE,47.23976,-1.51685
202000022696,8,7,2020,11,1,42,42071,2,1,7,6,Rue Carnot,46.03154,4.08277
202000022697,23,6,2020,17,1,42,42270,1,1,1,1,Route des Gorges,45.39679,4.23553
202000022698,9,7,2020,17,1,37,37122,2,2,1,-1,BRETONNIERES (BOULEVARD DES),47.3423264,0.6223529
202000022699,9,7,2020,18,1,37,37233,2,2,1,3,DESPOUY (RUE RENE),47.3921561,0.7298796
202000022700,8,7,2020,18,1,37,37261,2,1,1,-1,CHOISEUL (PLACE),47.4013394,0.6837112
202000022701,9,7,2020,8,1,37,37122,2,2,1,1,MARTYRS (RUE DES),47.3510916,0.6652023
202000022702,8,7,2020,17,1,37,37208,2,4,1,1,GRAND COUR (RUE DE),47.3641555,0.715496
202000022703,19,2,2020,17,1,49,49007,2,1,8,6,PREFECTURE MAIL,47.46888,-0.55357
202000022704,20,2,2020,9,1,44,44172,1,1,8,6,PERIPHERIQUE,47.23521,-1.47807
202000022705,19,2,2020,12,1,42,42187,2,6,1,3,Avenue de Paris,46.0480595,4.0686254
202000022706,20,2,2020,16,1,41,41018,2,3,1,3,VENDOME (AVENUE DE),47.6,1.31978
202000022707,20,2,2020,11,1,35,35238,2,2,1,3,NEMOURS ( DE),48.10861,-1.68015
202000022708,19,2,2020,15,1,35,35051,1,1,1,6,RN136 Porte des Longs Champs,48.1403572,-1.6286862
202000022709,20,2,2020,21,5,34,34172,2,6,1,3,PRES D'ARENES (ROND-POINT DES),43.5889795,3.8896474
202000022710,19,2,2020,19,2,34,34172,2,1,1,6,GARRATS (AVENUE DES),43.6111137,3.8389385
202000022711,21,2,2020,0,5,33,33063,2,3,2,7,AVE DU DOCTEUR SCHINAZI / RUE EDOUARD FAURE,44.88506,-0.54155
202000022712,20,2,2020,20,5,33,33039,2,2,1,3,BD ALBERT 1ER / RUE LEON BLUM,44.81285,-0.56129
202000022713,20,2,2020,18,5,33,33069,2,3,1,3,AVE VICTOR HUGO / RUE BOILEAU,44.86749,-0.59059
202000022714,20,2,2020,9,1,33,33192,2,6,1,6,BD DE MALARTIC / ALL DE BARTHEZ,44.77108,-0.60045
202000022715,14,2,2020,10,1,33,33318,2,2,1,6,AVE DE MADRAN / AVE DU PONT DE L'ORIENT,44.80555,-0.64923
202000022716,13,2,2020,12,1,33,33063,2,4,1,6,Rue Huguerie / Crs Georges Clémenceau,44.84487,-0.57823
202000022717,20,2,2020,15,1,32,32013,2,2,1,2,PYRENEES (AVENUE DES),43.63523,0.58316
202000022718,19,2,2020,22,5,31,31555,2,3,1,3,RUE CAMBARD,43.62905,1.47633
202000022719,21,1,2020,16,1,29,29019,2,1,1,6,2 Avenue Maréchal Foch,48.3926742,-4.4876052
202000022720,20,2,2020,20,5,28,28134,2,9,2,6,BOIS DES FOSSE (RUE DU),48.7315,1.3696
202000022721,20,2,2020,15,1,27,27681,2,9,8,6,LECLERC (BOULEVARD DU MARECHAL),49.0953,1.4864
202000022722,20,2,2020,14,1,26,26198,2,1,1,6,JAURES (Avenue Jean),44.5514,4.74776
202000022723,19,2,2020,8,1,21,21231,2,3,8,6,STRASBOURG (DE) (BOULEVARD),47.32159,5.053963
202000022724,18,2,2020,8,1,19,19031,2,2,1,3,VOLTAIRE (BOULEVARD),45.15902,1.54055
202000022725,20,2,2020,9,1,17,17415,1,1,5,4,Rn 137 - ROCADE OUEST,45.72513,-0.6429
202000022726,20,2,2020,17,1,17,17300,2,1,1,2,SCIERIE   RUE DE LA,46.148291,-1.153337
202000022727,20,2,2020,17,1,14,14118,2,1,1,6,HAMELIN (QUAI AMIRAL),49.17766,-0.34878
202000022728,20,2,2020,12,1,13,13210,2,1,1,6,PONT DE VIVAUX (BOULEVARD),43.281,5.421
202000022729,20,2,2020,9,1,13,13205,2,1,1,3,BAILLE (BOULEVARD),43.2889,5.39566
202000022730,18,2,2020,16,1,13,13028,2,3,1,3,CD.559,43.1945784,5.5996531
202000022731,18,2,2020,11,1,13,13005,1,3,1,4,NATIONALE 8,43.2848,5.59211
202000022732,19,2,2020,12,1,11,11262,2,1,1,2,BORDEAUX (AVENUE DE),43.1813519,2.9760675
202000022733,20,2,2020,6,5,06,06088,2,3,1,1,LYAUTEY (AV. DU MAL),43.71945,7.28368
202000022734,19,2,2020,17,1,75,75118,2,2,2,6,RUE MYRHA,48.886716,2.350746
202000022735,19,2,2020,18,5,75,75116,2,2,2,6,AVENUE DE MALAKOFF,48.87509,2.283991
202000022736,19,2,2020,1,5,75,75114,2,2,3,3,RUE D ALESIA,48.829299,2.322651
202000022737,20,2,2020,18,5,75,75113,2,1,3,6,RUE DE TOLBIAC,48.826157,2.356792
202000022738,19,2,2020,21,5,75,75108,2,3,2,7,AVENUE DE FRIEDLAND,48.874398,2.301051
202000022739,20,2,2020,11,1,75,75104,2,3,1,3,QUAI DE L HOTEL DE VILLE,48.855002,2.353547
202000022740,19,2,2020,22,5,75,75102,2,5,1,7,AVENUE DE L OPERA,48.868778,2.333106
202000022741,5,2,2020,20,5,75,75101,2,2,1,3,PONT DU CARROUSEL,48.860119,2.333347
202000022742,19,2,2020,10,1,94,94081,2,3,1,3,ABBE ROGER DERRY (AV DE L),48.7907,2.39279
202000022743,19,2,2020,2,3,94,94074,2,1,3,3,HENRI BARBUSSE (AV),48.76906,2.44067
202000022744,20,2,2020,18,3,94,94046,2,1,3,6,CARNOT (R),48.80251,2.43806
202000022745,18,2,2020,13,1,94,94041,2,3,1,3,STALINGRAD (BD DE),48.8015,2.37952
202000022746,20,2,2020,10,1,94,94077,2,1,8,2,LE FOLL (AV),48.728366,2.432796
202000022747,6,2,2020,12,1,94,94077,2,6,1,7,CHARLEMAGNE (PL),48.73785,2.423867
202000022748,20,2,2020,12,1,94,94017,2,1,1,6,STALINGRAD (BD DE),48.82797,2.49402
202000022749,20,2,2020,19,5,93,93061,2,1,3,6,R D'ESTIENNE D'ORVES ,48.88552,2.40314
202000022750,20,2,2020,13,1,93,93047,2,2,1,3,AV DES MYOSOTIS / AV DES CHARMILLES,48.8924,2.54883
202000022751,20,2,2020,19,5,92,92076,2,1,3,6,JARDY,48.8354185,2.1548371
202000022752,19,2,2020,18,5,92,92063,2,3,2,3,EMPEREUR (ROUTE DE L') EST,48.862965,2.182562
202000022753,18,2,2020,11,1,92,92063,2,1,1,6,DIX-HUIT JUIN 1940 (AVENUE DU) EST,48.8679852,2.1936205
202000022754,17,2,2020,18,2,92,92063,2,3,1,6,ALBERT 1ER (AVENUE),48.88115,2.17894
202000022755,20,2,2020,6,5,92,92020,2,1,1,6,VANVES BOULEVARD N° IMPAIRS,48.808791,2.283745
202000022756,20,2,2020,8,1,92,92048,2,4,1,3,JEAN JAURES (AVENUE) N° 8 A 72,48.8098,2.2427
202000022757,20,2,2020,9,1,92,92004,2,1,1,2,LAURENT-CELY  ( AVENUE ),48.916391,2.309156
202000022758,19,2,2020,22,5,22,22213,2,1,2,6,LA CALE DU MOULIN,48.527306,-1.982496
202000022759,18,2,2020,18,2,62,62492,1,1,6,7,D130,50.461462,1.960494
202000022760,20,2,2020,18,1,35,35253,1,9,1,4,A84 Saint-Aubin-du-Cormier,48.266141,-1.40758
202000022761,16,2,2020,8,1,974,97413,2,1,1,7,Rue du General Lambert,-21.16946,55.288063
202000022762,11,1,2020,16,1,72,72231,1,1,1,6,la maison neuve,47.936961,0.392375
202000022763,21,2,2020,17,1,30,30217,1,9,1,2,D26,43.980471,4.722831
202000022764,21,2,2020,15,1,69,69100,2,1,1,6,96 Rue du Marjolet,45.6877,4.8209
202000022765,20,2,2020,18,5,57,57540,2,1,1,2,Route de Sarrebourg,48.767657,7.252886
202000022766,21,2,2020,15,1,19,19261,2,1,1,6,8 Rue Jean Giraudoux,45.664731,2.195592
202000022767,20,2,2020,13,1,74,74099,2,1,1,6,449 Route des Chozeaux,45.868414,6.638082
202000022768,21,2,2020,15,1,76,76017,2,1,1,7,Rue du Calvaire,49.633198,0.237939
202000022769,20,2,2020,17,2,76,76716,1,2,2,3,Route de Criquetot,49.617408,0.239902
202000022770,20,2,2020,20,3,79,79066,1,1,1,2,,46.482011,-0.358063
202000022771,12,2,2020,19,3,24,24030,1,1,1,-1,A89,45.160798,1.222315
202000022772,2,2,2020,16,1,69,69168,2,1,2,-1,Chemin du Train Bleu,45.8392337,4.8342713
202000022773,16,2,2020,14,1,32,32256,2,3,1,3,19 Place d'Astarac,43.514627,0.404423
202000022774,16,2,2020,16,1,11,11263,2,1,1,6,D117,42.896747,2.110231
202000022775,20,2,2020,19,3,11,11288,1,1,1,1,Lotissement Beau Soleil,43.257323,2.256982
202000022776,20,2,2020,19,3,89,89333,1,1,1,7,D954,47.486904,4.064598
202000022777,20,2,2020,20,3,55,55291,2,1,3,6,175 Rue du Général de Gaulle,48.677329,5.325639
202000022778,20,2,2020,3,3,49,49018,1,1,1,6,La Lande d'Alibon (Fougeré),47.54883,-0.137721
202000022779,20,2,2020,18,1,12,12215,1,1,1,7,Lieu-dit Glassac,44.461744,2.394016
202000022780,17,2,2020,15,1,35,35297,2,4,1,2,10 Rue Louison Bobet,48.187284,-2.190984
202000022781,20,2,2020,18,2,29,29090,1,1,1,6,Lieu Dit le Rohou,48.0758932,-4.2518867
202000022782,21,2,2020,18,3,38,38080,1,1,1,3,Rue de Ronceveau,45.53026,5.583236
202000022783,21,2,2020,6,2,70,70408,2,7,1,6,Place des Promenades,47.278887,5.564817
202000022784,20,2,2020,16,1,70,70119,2,2,7,3,1 Rue du Chanois,47.336525,5.907426
202000022785,21,2,2020,16,1,72,72090,1,1,1,2,lieu-dit l'epinay,48.054089,0.480802
202000022786,20,2,2020,18,2,06,06150,1,3,1,1,Route de Laghet,43.747653,7.38874
202000022787,20,2,2020,17,1,14,14449,1,3,1,3,D6,49.123093,-0.629442
202000022788,20,2,2020,20,3,05,05056,1,1,1,7,HAMEAU DE MANSE,44.6317916,6.1342305
202000022789,21,2,2020,7,2,60,60254,1,9,1,3,D1017,49.443613,2.6475672
202000022790,21,2,2020,14,1,18,18138,1,3,1,3,La Petite Riviere,47.107497,2.248147
202000022791,20,2,2020,16,1,43,43152,1,1,1,6,Route de Blanzac,45.073106,3.863669
202000022792,18,2,2020,10,1,16,16362,1,1,1,6,D19,45.3855507,0.2038744
202000022793,21,2,2020,6,3,53,53126,1,1,8,2,D31,48.34698,-0.966797
202000022794,21,2,2020,3,3,49,49177,1,1,1,6,RD763 PR 1.615,47.350687,-1.167528
202000022795,21,2,2020,1,3,10,10213,1,1,1,2,A5,48.173641,4.454269
202000022796,20,2,2020,22,3,01,01355,1,1,1,6,A40,46.273774,5.007113
202000022797,20,2,2020,13,1,06,06085,1,1,1,-1,Route d'Antibes,43.60141,7.033504
202000022798,20,2,2020,20,3,83,83061,1,1,1,-1,Autoroute A8 chaussée nord,43.5215743,6.7740941
202000022799,20,2,2020,16,1,44,44072,1,1,1,1,Route de la Roche Bernard,47.499282,-2.298836
202000022800,21,2,2020,16,1,60,60281,1,1,1,2,A1,49.486751,2.713623
202000022801,17,2,2020,9,1,45,45142,2,2,1,3,D11 PR 17 + 370,47.9294968,2.1387237
202000022802,20,2,2020,19,5,13,13100,2,1,1,6,Boulevard Victor Hugo,43.788364,4.833046
202000022803,21,2,2020,16,1,42,42147,2,6,1,3,Rue de Feurs,45.6117248,4.0677426
202000022804,18,2,2020,18,5,38,38537,2,1,1,6,Rue de la République,45.636123,5.144713
202000022805,20,2,2020,19,5,69,69228,1,1,1,6,Route de Lyon,45.5483901,4.6378935
202000022806,17,2,2020,5,5,69,69273,2,1,1,1,13 Avenue de Montmartin,45.675782,4.922111
202000022807,21,2,2020,16,1,31,31417,1,1,1,1,Route de Cornebarrieu,43.625401,1.288737
202000022808,20,2,2020,5,3,17,17161,1,1,1,6,RD 735 - Route de Saint Martin,46.194493,-1.34759
202000022809,13,2,2020,17,1,33,33366,2,3,1,6,RD1010 / Allée des Fougères,45.00423,-0.43732
202000022810,20,2,2020,14,1,33,33449,2,1,1,6,RUE DU GENERAL NIOX,44.8906645,-0.7706441
202000022811,20,2,2020,19,3,50,50489,1,1,1,1,La Valaiserie,48.732531,-1.34913
202000022812,20,2,2020,16,1,62,62003,2,1,2,3,Rue Roger Marechal,50.382887,2.884231
202000022813,20,2,2020,5,3,13,13005,1,1,1,4,A50-Sens Marseille vers Aubagne,43.2870179,5.5401376
202000022814,20,2,2020,16,1,67,67389,1,1,1,2,Autoroute A.4,48.6493431,7.7342603
202000022815,18,2,2020,16,1,95,95682,1,1,1,2,RN 104,49.06854,2.38626
202000022816,20,2,2020,19,3,77,77294,1,1,2,-1,A104,48.965137,2.608788
202000022817,20,2,2020,17,1,77,77146,1,1,1,2,A4.Y,48.831126,2.640842
202000022818,1,2,2020,22,5,94,94028,1,1,2,2,A86 INT,48.7826937,2.4408609
202000022819,19,2,2020,12,1,973,97302,2,1,2,2,CATAYEE (JUSTIN),4.9407653,-52.3309279
202000022820,19,2,2020,9,1,973,97302,2,1,2,6,RUE DU VIEUX PORT,4.9365699,-52.3371506
202000022821,19,2,2020,18,5,69,69388,2,2,2,3,ETATS UNIS (DES)                    (BD),45.72925,4.8678
202000022822,7,1,2020,17,5,69,69382,2,2,1,3,PERRACHE                            (QU),45.7343575,4.8181827
202000022823,18,2,2020,17,1,69,69385,2,1,1,6,COMMANDANT CHARCOT (DU)             (R ),45.68497,4.93744
202000022824,18,2,2020,20,5,971,97101,1,1,1,1,ROUTE DE BOULIQUI,16.269186,-61.503194
202000022825,18,2,2020,17,1,971,97113,1,1,1,2,RN4-ROND POINT SAINT FELIX,16.2074905,-61.45657
202000022826,17,2,2020,13,1,971,97101,1,1,1,1,ROUTE DE CHAZEAU,16.2827,-61.48578
202000022827,13,2,2020,19,5,95,95268,2,1,8,6,AV DU GENERAL DE GAULLE,48.9705215,2.403085
202000022828,18,2,2020,12,1,91,91345,2,1,1,3,PRESIDENT FRANCOIS MITTERAND,48.69856,2.29557
202000022829,19,2,2020,15,1,91,91027,2,1,8,3,EUROPE (AVENUE DE L'),48.72538,2.41093
202000022830,17,2,2020,9,1,79,79191,2,1,2,7,131 Av du Mal de Lattre de Tassigny,46.33443,-0.47201
202000022831,18,2,2020,16,1,79,79191,2,1,1,6,20 Rue des Fiefs,46.31545,-0.44186
202000022832,18,2,2020,13,1,78,78640,2,1,1,6,EUROPE (AVENUE DE L'),48.779311,2.208662
202000022833,19,2,2020,18,5,78,78440,2,1,2,6,PAUL RAOULT (AVENUE),48.9904048,1.9136374
202000022834,19,2,2020,9,1,77,77294,2,1,1,6,JEAN CAILLE (RUE) - RD139E,48.975147,2.6419658
202000022835,19,2,2020,10,1,77,77294,2,6,1,2,PIERRE CURIE (RUE),48.96047,2.60101
202000022836,18,2,2020,18,2,77,77131,1,6,1,1,REBAIS (AVENUE DE) - D222,48.81536,3.10789
202000022837,17,2,2020,17,1,76,76366,2,2,1,4,DIEPPE. ROUTE DE (EX DE GAULLE),49.50716,1.04001
202000022838,18,2,2020,20,5,76,76351,1,1,1,3,RD 6015,49.5002793,0.1719618
202000022839,18,2,2020,11,1,71,71040,2,1,1,7,Route de Montchanin,46.6981605,4.4008527
202000022840,19,2,2020,18,5,69,69266,2,6,2,6,FRANCOIS GILLET      (Rue),45.7596,4.8754
202000022841,19,2,2020,11,1,69,69266,2,1,2,3,FRANCIS DE PRESSENSE    (Rue),45.76974,4.89151
202000022842,19,2,2020,18,2,69,69264,2,1,2,6,RONCEVAUX R,45.9952682,4.7169868
202000022843,18,2,2020,19,5,67,67482,2,1,1,6,PETITES FERMES (RUE DES),48.580204,7.7136459
202000022844,18,2,2020,19,5,64,64129,2,3,1,1,CLAVERIE,43.3046067,-0.3910403
202000022845,7,2,2020,21,5,59,59009,2,3,1,3,BREUCQ BOULEVARD DU,50.620091,3.135076
202000022846,19,2,2020,15,1,59,59009,2,1,1,6,VENTOUX RUE DU,50.6194,3.1306
202000022847,19,2,2020,7,3,56,56121,1,4,1,6,ROUTE DEPARTEMENTALE 465,47.75879,-3.38438
202000022848,18,2,2020,17,1,56,56121,2,1,1,6,LE COUTALLER ( RUE JEAN ),47.7476,-3.36907
202000022849,18,2,2020,16,1,56,56162,2,4,1,3,ANSE DU STOLE (RUE),47.70696,-3.42111
202000022850,19,2,2020,14,1,54,54395,2,2,1,3,MON DESERT (RUE),48.6840777,6.1765949
202000022851,19,2,2020,14,1,51,51493,1,6,1,2,Chemin de Saint Leonard,49.2248508,4.0967621
202000022852,18,2,2020,19,5,49,49007,2,1,1,1,Jean de la Fontaine,47.45872,-0.55158
202000022853,19,2,2020,11,1,45,45234,2,6,1,6,Boulevard Rocheplatte,47.90747,1.90156
202000022854,18,2,2020,17,1,41,41226,1,3,1,5,PARIS (ROUTE DE),47.8107,1.0738
202000022855,17,2,2020,17,1,40,40088,2,1,1,6,COLLEGE (BOULEVARD DU),43.7057,-1.0593
202000022856,19,2,2020,8,1,38,38563,2,3,2,2,Avenue de Verdun,45.37413,5.58022
202000022857,19,2,2020,20,5,35,35238,2,1,1,6,21 Rue Maréchal Joffre,48.1083,-1.6778
202000022858,19,2,2020,18,5,35,35051,2,1,1,3,BRAY (RUE DE),48.10779,-1.61455
202000022859,14,2,2020,20,3,34,34108,1,4,1,3,MONTPELLIER (ROUTE DE),43.47357,3.77001
202000022860,19,2,2020,19,5,33,33069,2,3,1,6,RUE DU PRESIDENT KENNEDY / RUE LES CEDRES BLEUS,44.86724,-0.61035
202000022861,19,2,2020,13,1,33,33063,2,2,1,3,CRS EDOUARD VAILLANT / RUE JEAN HAMEAU / CRS LOUIS FARGUE,44.86543,-0.56531
202000022862,19,2,2020,11,1,33,33550,2,1,1,3,RUE LOUIS DE FUNES,44.78957,-0.53077
202000022863,12,2,2020,14,1,33,33063,2,1,1,6,12 RUE DOCTEUR JEAN VINCENT,44.87675,-0.56054
202000022864,14,2,2020,21,5,30,30189,2,2,1,3,CITE FOULC (RUE),43.83224,4.36063
202000022865,18,2,2020,10,1,29,29019,2,6,1,6,Rue Yves Collet,48.3943279,-4.4785253
202000022866,19,2,2020,18,3,26,26057,1,9,1,2,RD 538,45.00677,5.03697
202000022867,19,2,2020,8,1,22,22113,2,1,8,6,AIGUILLON (QUAI D'),48.73118,-3.46013
202000022868,19,2,2020,16,1,17,17333,2,2,1,3,LECLERC (DU MARECHAL),45.60459,-0.99904
202000022869,19,2,2020,15,1,17,17306,2,1,1,2,GARNIER (BD FREDERIC),45.62385,-1.03233
202000022870,18,2,2020,18,1,17,17306,2,3,1,3,ROCHEFORT (DE)  (AVENUE),45.642966,-1.024768
202000022871,19,2,2020,8,1,17,17200,2,6,2,3,HUIT MAI 1945   AVENUE DU,46.19031,-1.14727