Num_Acc,jour,mois,an,hr,condition_eclairage,departement,commune,condition_agglomeration,intersection,condition_atmosphere,type_collision,adresse,lattitude,longitude
202000022872,19,2,2020,22,5,13,13203,2,1,1,2,BD FERDINAND DE LESSEPS,43.31928,5.3689
202000022873,19,2,2020,12,1,13,13201,2,2,1,3,LAFAYETTE (RUE),43.301612,5.381657
202000022874,19,2,2020,8,1,13,13215,2,1,9,7,DE SAINT LOUIS AU ROVE (chemin),43.347,5.358
202000022875,19,2,2020,8,1,13,13209,2,1,1,3,SCHLOESING (BOULEVARD),43.2699,5.4028
202000022876,18,2,2020,18,2,13,13002,1,1,1,7,SALVATORE ALLENDE (BOULEVARD),43.35192,5.47726
202000022877,18,2,2020,8,1,13,13202,2,4,1,3,CHEMIN DU LITTORAL (CHEMIN DU),43.331073,5.354888
202000022878,18,2,2020,16,1,13,13063,1,6,1,7,Rue de la Quenouille,43.5883645,4.9940428
202000022879,19,2,2020,21,5,13,13005,2,9,1,3,VERDUN (AVENUE DE),43.2892,5.5725
202000022880,19,2,2020,16,1,06,06029,2,1,1,3,BACHAGA SAID BOUALAM (AVENUE),43.553,7.012
202000022881,19,2,2020,14,1,06,06030,1,1,1,3,NOIRCARME (RUE LIEUTENANT),43.5731,7.0154
202000022882,18,2,2020,9,1,05,05061,2,3,1,3,CLAIR LOGIS (CHEMIN  DU ),44.55557,6.079073
202000022883,15,2,2020,16,1,03,03310,2,1,1,6,Rue Georges Clémenceau,46.125303,3.4226278
202000022884,19,2,2020,9,1,03,03185,2,1,2,1,,46.3460769,2.6039146
202000022885,16,1,2020,16,1,01,01053,2,1,1,6,BAD KREUZNACH  (AVENUE DE - N° PAIRS),46.210957,5.239504
202000022886,19,2,2020,7,1,75,75104,2,3,1,3,QUAI DE LA CORSE,48.855826,2.347745
202000022887,19,2,2020,11,1,75,75105,2,1,1,6,RUE PIERRE BROSSOLETTE,48.841879,2.347574
202000022888,18,2,2020,18,5,75,75116,2,5,1,3,AVENUE KLEBER,48.865038,2.288713
202000022889,18,2,2020,9,1,75,75116,2,1,1,1,VOIE GEORGES POMPIDOU,48.852443,2.281181
202000022890,19,2,2020,9,1,75,75115,2,2,1,6,RUE SAINT CHARLES,48.844762,2.283913
202000022891,19,2,2020,19,5,75,75114,2,3,2,6,RUE D ALESIA,48.82781,2.328966
202000022892,19,2,2020,17,1,75,75112,2,5,2,-1,AVENUE DE SAINT MANDE,48.844658,2.405729
202000022893,19,2,2020,18,3,75,75111,2,2,2,6,BOULEVARD RICHARD LENOIR,48.864713,2.370144
202000022894,19,2,2020,9,1,75,75110,2,1,1,3,RUE D HAUTEVILLE,48.872395,2.350119
202000022895,17,2,2020,17,1,75,75117,2,5,2,3,BOULEVARD BESSIERES,48.897628,2.324139
202000022896,19,2,2020,7,2,94,94074,2,1,1,7,Avenue Julien Duranton,48.7580991,2.4518489
202000022897,9,9,2020,6,2,43,43152,1,3,1,5,RN 102,45.077994,3.83712
202000022898,10,9,2020,12,1,07,07134,1,1,1,3,D104,44.5015049,4.2939913
202000022899,8,9,2020,13,1,53,53147,2,1,1,7,291 Rue de Saint Leonard,48.309827,-0.61547
202000022900,4,9,2020,17,1,37,37117,1,1,1,1,,47.4158026,0.2887465
202000022901,9,9,2020,15,1,30,30325,1,1,1,1,D999,43.992058,3.679937
202000022902,9,9,2020,11,1,67,67326,2,1,1,1,Rue du Depot,48.623818,7.720551
202000022903,10,9,2020,10,1,69,69244,2,1,1,6,49 avenue de la république,45.7639042,4.77928
202000022904,9,9,2020,14,1,971,97115,1,1,1,1,1517 Route de la Lezarde,16.252794,-61.649303
202000022905,9,9,2020,23,3,45,45312,2,1,1,1,D2007-PR27+700,47.9221497,2.7374323
202000022906,18,8,2020,15,1,2B,2B042,2,1,1,2,Avenue de Borgo,42.550496,9.442089
202000022907,1,9,2020,11,1,83,83071,1,1,1,6,Boulevard Louis Bernard,43.122439,6.245444
202000022908,5,9,2020,9,1,13,13016,2,3,1,3,2 Avenue de la Liberation,43.393721,5.594275
202000022909,6,9,2020,5,3,13,13004,1,1,1,3,Rue d'Arles,43.641666,4.714336
202000022910,10,9,2020,13,1,88,88024,2,1,1,6,5 Grande Rue,48.373943,6.211037
202000022911,9,9,2020,12,1,03,03290,1,1,1,7,7 Route de Moulins,46.6258498,3.2856606
202000022912,5,9,2020,13,1,38,38110,1,1,1,6,N7,45.56151,4.860372
202000022913,9,9,2020,19,1,69,69072,1,6,1,1,D77,45.821592,4.726567
202000022914,7,9,2020,7,1,44,44204,1,6,1,3,La Belle Etoile,47.282355,-1.453779
202000022915,9,9,2020,16,1,60,60450,1,1,1,1,D929,49.229033,2.294919
202000022916,10,9,2020,20,3,60,60041,1,1,1,7,D125,49.380071,2.249263
202000022917,9,9,2020,19,1,13,13019,1,1,2,6,A51-Sens Marseille vers Aix en Provence,43.423594,5.374132
202000022918,6,9,2020,5,5,13,13055,1,1,1,2,A507 sens Aubagne- Marseille,43.295665,5.424711
202000022919,6,9,2020,3,3,69,69271,1,1,1,2,RN346   34.850 A 36.215,45.7449431,4.9884394
202000022920,4,9,2020,20,2,54,54115,1,1,1,2,Autoroute A 31,48.72954,6.1617
202000022921,9,9,2020,13,1,33,33065,1,1,1,3,ROUTE NATIONALE 230,44.81138,-0.52235
202000022922,4,9,2020,8,1,59,59350,1,1,9,-1,ROUTE NATIONALE 356,50.6322617,3.0828747
202000022923,2,9,2020,21,2,59,59330,1,1,1,2,AUTOROUTE A23,50.455721,3.315988
202000022924,2,9,2020,13,1,59,59155,1,1,1,6,AUTOROUTE A16,51.013565,2.381615
202000022925,4,9,2020,6,2,59,59288,1,1,1,5,AUTOROUTE A2,50.314489,3.405145
202000022926,9,9,2020,8,1,94,94065,1,1,1,3,AUTOROUTE A86,48.7548,2.3468
202000022927,9,9,2020,6,2,91,91689,1,1,1,2,AUTOROUTE A6,48.7334,2.316
202000022928,9,9,2020,17,1,78,78297,1,1,1,4,RN12,48.789194,2.069099
202000022929,9,9,2020,12,1,93,93053,1,1,1,5,AUTOROUTE A3,48.89454,2.47174
202000022930,14,5,2020,17,1,976,97611,2,1,1,6,m'tsapere-Nationale 2 (route),-12.7888612,45.2245929
202000022931,25,2,2020,22,5,75,75110,2,2,1,3,QUAI DE VALMY,48.870758,2.365405
202000022932,8,3,2020,17,1,92,92044,2,1,2,6,LOUIS ROUQUIER (RUE)113+ ET 106+,48.8928401,2.2920857
202000022933,14,3,2020,11,1,69,69273,1,1,1,2,RD301,45.6674776,4.9180868
202000022934,8,9,2020,6,1,974,97416,2,6,1,6,RECHERCHANT(RUE ADRIEN),-21.28197,55.47418
202000022935,7,9,2020,14,1,974,97411,1,1,3,1,MONTAGNE (ROUTE DE LA),-20.8895879,55.4359604
202000022936,8,9,2020,7,1,973,97302,2,9,1,3,MANGO (ROUTE),4.9304771,-52.3162508
202000022937,8,9,2020,21,5,69,69383,2,2,1,3,JEAN LARRIVE                        (R ),45.7584035,4.8413521
202000022938,8,9,2020,19,1,69,69388,2,2,1,3,ETATS UNIS (DES)                    (BD),45.73715,4.8614
202000022939,8,9,2020,17,1,69,69259,2,6,7,3,LOUISE MICHEL                       (R ),45.7281039,4.8574833
202000022940,8,9,2020,18,1,69,69387,2,3,1,3,JEAN JAURES                         (AV),45.7368,4.8369
202000022941,8,9,2020,6,1,69,69387,2,1,1,7,BERTHELOT                           (AV),45.7439583,4.8455641
202000022942,8,9,2020,7,1,972,97209,2,3,1,1,BEAUSEJOUR JAMBETTE (ROUTE),14.63279,-61.04076
202000022943,8,9,2020,15,1,69,69382,2,2,1,3,CELESTINS (DES)                     (QU),45.75927,4.82953
202000022944,8,9,2020,18,2,971,97101,2,1,1,1,8 MAI 1981 (BOULEVARD DU),16.278263,-61.507509
202000022945,6,9,2020,0,3,971,97101,1,1,1,3,BOZON,16.25458,-61.48032
202000022946,5,9,2020,20,5,971,97101,1,9,1,7,HIBISCUS,16.25798,-61.52688
202000022947,5,9,2020,19,5,971,97101,2,1,1,1,DUGAZON,16.2517824,-61.5192712
202000022948,7,9,2020,19,2,2A,2A004,2,3,1,3,PIETRI FRANCOIS RUE,41.9351377,8.7489173
202000022949,7,9,2020,10,1,95,95219,2,1,1,6,LOUIS SAVOIE (RUE),48.992345,2.257956
202000022950,8,9,2020,11,1,91,91691,2,1,1,6,VILLECRESNES,48.70727,2.52269
202000022951,8,9,2020,17,1,91,91326,2,1,1,6,JEAN DANAUX (RUE),48.68934,2.38653
202000022952,8,9,2020,17,1,91,91174,2,7,1,6,COMBES MARNES(BOULEVARD),48.603684,2.463994
202000022953,8,9,2020,16,1,91,91479,2,3,1,3,ALEXANDRE DUMAS (AVENUE),48.707128,2.358949
202000022954,25,8,2020,16,1,89,89387,2,1,1,6,PIERRE DE COUBERTIN (AVENUE),48.1915539,3.2990527
202000022955,7,9,2020,11,1,88,88160,2,1,1,1,CHIPOTTE (RUE DE LA),48.1791,6.4475
202000022956,7,9,2020,6,1,87,87113,2,3,1,3,BARDYS (ROUTE DES),45.88286,1.34586
202000022957,4,9,2020,23,5,87,87075,2,1,1,1,PERIGUEUX (ROUTE DE),45.79236,1.21996
202000022958,7,9,2020,17,1,86,86194,2,3,1,6,Boulevard René Cassin,46.573,0.381
202000022959,24,8,2020,21,2,30,30351,2,6,1,3,DEVAUX GUY (ROND POINT),43.9708,4.7924
202000022960,7,9,2020,18,1,83,83129,2,1,1,5,CAP NEGRE (ALLEE ET CHE),43.09995,5.81727
202000022961,7,9,2020,8,1,83,83123,1,3,1,-1,LANGE (CHEMIN),43.12487,5.79297
202000022962,5,9,2020,2,3,83,83050,2,1,1,6,GALLIENI( AVENUE DU MARECHAL),43.525384,6.516316
202000022963,7,9,2020,17,1,82,82121,1,2,1,3,AUCH (ROUTE D'),43.9892,1.30892
202000022964,7,9,2020,17,1,80,80021,2,1,1,5,MARIVAUX (RUE),49.90958,2.32566
202000022965,8,9,2020,1,3,78,78238,1,1,1,6,CD 113,48.95983,1.87829
202000022966,7,9,2020,14,1,76,76410,1,4,1,3,DUCLAIR. ROUTE DE (CD 86),49.47308,1.02879
202000022967,5,9,2020,18,1,76,76447,2,1,1,6,BREQUIGNY,49.5472,0.19447
202000022968,2,9,2020,16,1,73,73065,1,6,1,3,D10 LANDIERS (AVENUE DES),45.59374,5.90095
202000022969,7,9,2020,15,1,73,73008,2,4,1,3,ROCHE DU ROI BOULEVARD DE LA,45.6779505,5.9120254
202000022970,7,9,2020,16,1,71,71540,2,9,1,3,HUIT MAI (CARREFOUR DU),46.7859576,4.4330397
202000022971,8,9,2020,21,5,69,69290,2,1,1,6,TEMPS MODERNES (DES)            (AV),45.706015,4.9220812
202000022972,8,9,2020,19,1,68,68056,2,3,1,3,Rue de la Libération,47.71884,7.30998
202000022973,8,9,2020,8,1,68,68066,2,9,1,3,WIMPFELING (RUE),48.068629,7.334502
202000022974,7,9,2020,7,1,67,67482,2,2,1,3,PRESIDENT POINCARE (BOULEVARD DU),48.59005,7.74238
202000022975,4,9,2020,12,1,67,67482,2,1,1,-1,JACQUES KABLE (RUE),48.592915,7.749359
202000022976,7,9,2020,17,1,66,66136,2,1,1,-1,MERMOZ (AVENUE JEAN),42.69204,2.92401
202000022977,7,9,2020,14,1,66,66136,2,3,1,-1,MERMOZ (AVENUE JEAN),42.693121,2.91533
202000022978,7,9,2020,11,1,66,66136,2,1,1,6,PYRENEES (BOULEVARD DES),42.69678,2.88812
202000022979,8,9,2020,16,1,64,64284,2,1,1,1,CHEMIN DES COTEAUX DE GUINDALOS,43.2733864,-0.3807225
202000022980,8,9,2020,7,1,64,64129,2,1,1,3,ENTREPRENEURS DES,43.300631,-0.406358
202000022981,8,9,2020,13,1,64,64102,2,9,7,3,PAUL PRAS (AVENUE),43.48448,-1.47668
202000022982,8,9,2020,8,1,64,64102,2,1,7,6,MARHUM (AVENUE DE),43.4904,-1.485
202000022983,7,9,2020,19,1,64,64024,2,1,1,2,ESPAGNE (AVENUE D'),43.48,-1.5174
202000022984,7,9,2020,11,1,60,60175,2,1,1,6,ACACIAS (RUE DES),49.2538735,2.4710108
202000022985,7,9,2020,12,1,60,60057,2,1,1,6,CARREFOUR D'AMIENS,49.43582,2.08655
202000022986,8,9,2020,16,1,59,59512,2,1,1,6,NATIONS UNIES (AVENUE DES),50.694327,3.172466
202000022987,8,9,2020,21,5,59,59183,2,1,1,-1,NEUF - PONT,51.03673,2.39958
202000022988,7,9,2020,18,1,54,54395,2,2,1,3,AUSTRASIE (BOULEVARD),48.69175,6.20069
202000022989,8,9,2020,19,1,51,51454,2,6,1,3,Rond Point Porte Farman,49.2364916,4.0713624
202000022990,4,9,2020,12,1,50,50129,2,3,1,3,MILLET (AVENUE JEAN-FRANCOIS),49.6338,-1.62165
202000022991,31,8,2020,8,1,49,49099,2,6,1,3,LAENNEC (RUE DU DOCTEUR RENE),47.05745,-0.86759
202000022992,7,9,2020,14,1,45,45208,2,2,1,2,Rue Paul Doumer,48.003739,2.741998
202000022993,8,9,2020,7,1,41,41018,2,1,1,3,SAINT-JEAN (QUAI),47.58982,1.34169
202000022994,8,9,2020,12,1,38,38169,2,3,1,3,Boulevard Paul Langevin,45.18981,5.68257
202000022995,7,9,2020,10,1,37,37233,2,6,1,2,MOULIN (PONT JEAN),47.382305,0.7305208
202000022996,8,9,2020,8,1,35,35238,2,2,1,3,CHATEAUGIRON (DE),48.10192,-1.65624
202000022997,8,9,2020,11,1,34,34172,1,1,1,2,MENDES FRANCE (AVENUE PRESIDENT PIERRE,43.60692,3.93314
202000022998,7,9,2020,23,5,34,34172,2,1,1,2,POMPIGNANE (AVENUE DE LA),43.61311,3.89829
202000022999,8,9,2020,18,1,33,33075,2,6,1,3,BD JACQUES CHABAN-DELMAS / RUE DU LAC,44.88558,-0.58623
202000023000,8,9,2020,13,1,33,33039,2,1,1,2,RUE DENIS PAPIN,44.79127,-0.53197
202000023001,8,9,2020,9,1,33,33119,2,3,1,2,AVE DU PRESIDENT J.F. KENNEDY,44.86759,-0.50679
202000023002,28,8,2020,15,1,33,33281,2,2,1,1,RUE FRANCOIS ARAGO,44.85587,-0.67094
202000023003,8,9,2020,13,1,33,33529,2,3,1,3,MIQUELOTS (BD DES),44.6114,-1.1413
202000023004,7,9,2020,17,1,31,31555,1,1,1,2,VA007473 A62,43.64661,1.46042
202000023005,7,9,2020,14,1,31,31555,2,1,1,6,BD MATABIAU,43.61498,1.44263
202000023006,5,9,2020,12,1,31,31555,2,6,1,3,CHE DES IZARDS,43.64783,1.44313
202000023007,7,9,2020,9,1,27,27701,2,2,1,1,CLOS (VOIE DES),49.27302,1.20462
202000023008,8,9,2020,23,5,25,25056,2,6,1,6,CITADELLE TUNNEL ROUTIER,47.23318,6.03508
202000023009,8,9,2020,1,5,25,25056,2,4,1,6,DOLE RUE DE (inf 82),47.2348,6.0125
202000023010,8,9,2020,9,1,17,17333,2,6,1,-1,DE GAULLE (DU GENERAL),45.61258,-0.99847
202000023011,7,9,2020,17,1,15,15014,2,2,1,3,PUPILLES DE LA NATION (AVENUE DES),44.91961,2.43911
202000023012,8,9,2020,13,1,14,14118,2,2,1,3,MAZURETTES (RUE DES),49.18756,-0.39344
202000023013,7,9,2020,17,1,13,13117,1,3,1,3,CD 9 ESTROUBLANS,43.423238,5.241137
202000023014,5,9,2020,19,1,30,30032,2,6,1,3,NIMES ROUTE DE CD 999,43.815,4.62145
202000023015,5,9,2020,17,1,30,30032,1,3,1,3,FOURQUES ROUTE DE,43.778,4.6218
202000023016,8,9,2020,17,1,13,13214,2,1,1,6,MORETTI (BOULEVARD),43.32516,5.381835
202000023017,7,9,2020,21,5,13,13201,2,1,1,6,BRETEUIL (RUE)  1 A 17,43.292571,5.374894
202000023018,7,9,2020,10,1,13,13047,2,1,1,6,RADOLFZELL AVENUE DE,43.49857,4.97981
202000023019,8,9,2020,12,1,13,13005,2,6,1,3,GEMENOS (ROUTE DE CD2),43.29785,5.58891
202000023020,7,9,2020,17,1,11,11262,1,6,1,6,MOULINS (RUE ET PASSAGE DES TROIS),43.1878,3.0074
202000023021,8,9,2020,17,1,09,09225,2,1,1,6,MILLIANE ESPLANADE DE,43.11926,1.61253
202000023022,8,9,2020,17,1,07,07316,1,1,1,2,NIMES (ROUTE DE),44.88105,4.84963
202000023023,8,9,2020,14,1,06,06088,2,2,1,6,BARBERIS (RUE),43.70477,7.284
202000023024,7,9,2020,9,1,06,06030,2,1,1,3,CAMPELIERES (CHEMIN DES),43.580036,7.005171
202000023025,7,9,2020,7,1,06,06029,2,1,1,3,JOURDAN (AVENUE MICHEL),43.552104,6.977621
202000023026,8,9,2020,17,2,06,06123,2,1,1,-1,ESPLANADE DU LEVANT,43.67687,7.19136
202000023027,2,9,2020,11,1,06,06027,2,3,1,3,NICE AVENUE DE (RN7),43.66049,7.17663
202000023028,5,9,2020,10,1,03,03190,2,3,1,3,Avenue du Général Leclerc,46.5617897,3.3382344
202000023029,8,9,2020,22,5,03,03185,2,1,1,3,Avenue de la Republique,46.3448504,2.5985604
202000023030,8,9,2020,17,1,75,75118,2,1,1,4,BOULEVARD PERIPHERIQUE,48.900868,2.342645
202000023031,6,9,2020,21,5,75,75114,2,1,1,3,PORTE DE CHATILLON,48.821165,2.320514
202000023032,8,9,2020,17,2,75,75120,2,2,1,1,RUE DES COURONNES,48.87021,2.38445
202000023033,8,9,2020,15,1,75,75120,2,1,1,6,RUE D AVRON,48.853259,2.409234
202000023034,8,9,2020,15,1,75,75119,2,1,1,7,RUE CURIAL,48.896133,2.378533
202000023035,8,9,2020,9,1,75,75119,2,2,1,3,AVENUE JEAN JAURES,48.888781,2.393106
202000023036,8,9,2020,19,1,75,75118,2,3,1,6,RUE DOUDEAUVILLE,48.88891,2.358247
202000023037,8,9,2020,16,1,75,75117,2,4,1,3,AVENUE DE CLICHY,48.886287,2.326166
202000023038,8,9,2020,6,5,75,75117,2,2,1,3,RUE POUCHET,48.894245,2.320589
202000023039,7,9,2020,20,5,75,75117,2,3,1,3,RUE DE PONT A MOUSSON,48.898172,2.324006
202000023040,8,9,2020,1,5,75,75117,2,7,1,6,PLACE DU MARECHAL JUIN,48.885025,2.296628
202000023041,8,9,2020,11,1,75,75114,2,2,1,6,BOULEVARD DU MONTPARNASSE,48.843,2.326333
202000023042,7,9,2020,16,1,75,75114,2,1,1,3,AVENUE DU MAINE,48.840861,2.321669
202000023043,8,9,2020,9,1,75,75108,2,2,1,3,AVENUE GEORGE V,48.870067,2.300985
202000023044,8,9,2020,0,5,75,75108,2,3,1,7,BOULEVARD MALESHERBES,48.872141,2.321798
202000023045,8,9,2020,9,1,75,75103,2,2,1,7,RUE DE TURBIGO,48.865771,2.357472
202000023046,7,9,2020,7,1,94,94074,2,2,1,1,SACCO ET VANZETTI (R),48.74205,2.46627
202000023047,8,9,2020,20,5,94,94046,2,1,1,3,REPUBLIQUE (AV DE LA),48.8057543,2.4408601
202000023048,8,9,2020,18,1,93,93070,2,3,1,3,GABRIEL-PERI (AV),48.9013781,2.3303712
202000023049,22,8,2020,2,5,93,93051,2,2,1,3,NEUILLY (ROUTE),48.8480768,2.5389443
202000023050,8,9,2020,17,1,93,93048,2,9,1,3,ROUGET DE L'ISLE (BOULEVARD),48.8601984,2.4391999
202000023051,8,9,2020,19,1,93,93029,2,1,1,6,JACQUELINE QUATREMAIRE,48.9178719,2.4592512
202000023052,8,9,2020,8,1,93,93013,2,1,1,3,JAURES (AVENUE JEAN) DE 28 A 62,48.932666,2.4253928
202000023053,8,9,2020,6,2,93,93010,2,1,1,6,GALLIENI (AV.) DE 188 A 230,48.9071058,2.4892535
202000023054,8,9,2020,19,1,93,93007,2,1,1,6,"""PAUL VAILLANT COUTURIER (AVENUE """"DU 13",48.9291132,2.4788637
202000023055,8,9,2020,13,1,93,93001,2,1,1,2,JEAN JAURES  (AVE)  157 A 213,48.9096489,2.3984671
202000023056,8,9,2020,3,5,92,92075,2,1,1,-1,RAYMOND MARCHERON (RUE),48.819113,2.287456
202000023057,7,9,2020,8,1,92,92063,2,1,1,2,DIX-HUIT JUIN 1940 (AVENUE DU) EST,48.86834,2.19076
202000023058,28,8,2020,14,1,92,92063,2,1,1,6,CHATEAU DE MALMAISON (AVENUE DU),48.87331,2.16895
202000023059,3,9,2020,13,1,92,92062,2,1,1,2,DE DION BOUTON (QUAI) DU 29 AU 65,48.88574,2.25138
202000023060,8,9,2020,10,1,92,92051,2,1,1,2,RICHARD WALLACE (BOULEVARD),48.874766,2.2523797
202000023061,8,9,2020,19,1,92,92040,2,1,1,7,STALINGRAD (QUAI DE),48.822424,2.252176
202000023062,7,9,2020,19,1,92,92040,2,1,1,2,RODIN (BOULEVARD),48.8204201,2.2621635
202000023063,8,9,2020,16,1,92,92012,2,1,1,6,REPUBLIQUE (BOULEVARD DE LA) 5/77BIS - 6,48.832455,2.251183
202000023064,7,9,2020,22,5,92,92002,2,1,1,3,DIVISION LECLERC (53 A 217 - 58 A 186),48.7389,2.3021
202000023065,8,9,2020,13,1,95,95205,2,1,1,6,avenue du connétable,49.025315,2.375128
202000023066,16,8,2020,6,4,52,52258,2,1,1,6,15 Rue de Verdun,48.098804,4.782037
202000023067,9,9,2020,17,1,68,68058,1,9,1,3,D430,47.923662,7.197268
202000023068,8,9,2020,15,1,81,81077,1,1,7,6,lieu dit Sarremejeannes,43.91867,2.523208
202000023069,8,9,2020,17,1,28,28068,1,1,1,1,RD 148,48.5645455,1.4468908
202000023070,9,9,2020,12,1,86,86058,2,4,1,3,3 Route de Saint Claud,46.6553245,0.5728337
202000023071,7,9,2020,20,5,62,62736,2,1,1,6,Rue du Moulin,50.642574,2.787462
202000023072,8,9,2020,21,3,22,22389,1,1,1,4,Yffiniac,48.479806,-2.657275
202000023073,7,9,2020,21,3,59,59162,1,1,1,6,Départementale 52,50.917043,2.382113
202000023074,3,9,2020,12,1,30,30151,1,1,1,6,D406,44.146813,4.379302
202000023075,8,9,2020,17,1,21,21592,1,1,7,7,D16,47.339441,4.753861
202000023076,8,9,2020,22,3,40,40246,1,1,1,6,1274 Route de Mont de Marsan,44.138876,-0.719599
202000023077,8,9,2020,17,1,74,74171,2,2,1,6,D1005,46.318544,6.330732
202000023078,8,9,2020,19,1,74,74180,2,6,1,3,Route de Frize,46.352175,6.299431
202000023079,8,9,2020,18,1,56,56078,1,6,1,2,Rue Capitaine Quillien,47.788278,-3.4806382
202000023080,7,9,2020,17,1,56,56231,2,1,1,6,Rue du Vieux Couvent,47.70152,-2.65117
202000023081,7,9,2020,10,1,74,74104,1,3,1,3,Route d'Albertville,45.780686,6.229221
202000023082,8,9,2020,23,3,76,76101,1,1,1,1,D928,49.901214,1.608553
202000023083,18,8,2020,11,1,2A,2A271,2,1,1,3,Gare de Mezzana,41.9799962,8.8342577
202000023084,3,9,2020,18,1,80,80149,1,4,1,3,Route Nationale,50.154676,1.818468
202000023085,9,9,2020,13,1,89,89018,1,1,1,1,Chemin du Malet,48.0572203,3.2977653
202000023086,8,9,2020,12,1,89,89276,2,1,1,6,48 Route de Saint-florentin,48.036745,3.778637
202000023087,8,9,2020,19,1,63,63080,2,1,7,6,1 Quai du Beaugeix,45.58931,3.130285
202000023088,8,9,2020,16,1,86,86293,2,1,1,6,Avenue Henri Pétonnet,46.425955,0.263484
202000023089,8,9,2020,16,1,68,68087,2,6,1,3,1 Rue de Riespach,47.535921,7.265171
202000023090,9,9,2020,10,1,25,25463,2,1,1,6,DE GAULLE,47.382168,6.771384
202000023091,7,9,2020,16,1,25,25190,2,1,1,3,BEAUCOURT,47.50245,6.914263
202000023092,5,8,2020,17,1,06,06104,1,1,1,1,TURBIE (ROUTE DE LA),43.75856,7.4442
202000023093,8,8,2020,17,1,75,75119,2,2,1,3,AVENUE DE FLANDRE,48.885804,2.370625
202000023094,8,8,2020,11,1,75,75119,2,1,1,6,RUE DE BELLEVILLE,48.873653,2.384409
202000023095,8,8,2020,20,2,75,75118,2,2,1,5,RUE DE LA CHAPELLE,48.89711,2.359228
202000023096,7,8,2020,12,1,75,75117,2,4,1,3,BOULEVARD DU BOIS LE PRETRE,48.898904,2.321983
202000023097,7,8,2020,18,1,75,75117,2,2,1,4,AVENUE DES TERNES,48.880705,2.285284
202000023098,8,8,2020,16,1,75,75115,2,2,1,3,RUE DE SEVRES,48.845343,2.311791
202000023099,8,8,2020,15,1,75,75113,2,3,1,6,BOULEVARD KELLERMANN,48.82065,2.349441
202000023100,7,8,2020,17,1,75,75111,2,2,1,3,AVENUE DE LA REPUBLIQUE,48.866,2.37066
202000023101,8,8,2020,14,1,75,75108,2,2,1,3,RUE DE ROME,48.878755,2.322234
202000023102,7,8,2020,16,1,75,75107,2,1,1,3,QUAI D ORSAY,48.862271,2.303994
202000023103,8,8,2020,13,1,94,94068,2,9,1,3,ALMA - PONT DE BONNEUIL (AV DE L),48.784945,2.495313
202000023104,7,8,2020,19,1,94,94001,2,1,1,5,MAGNE (QU),48.71878,2.41365
202000023105,8,8,2020,10,1,93,93062,2,9,1,6,MONTFERMEIL (ROND POINT DE),48.89557,2.52646
202000023106,8,8,2020,8,1,93,93055,2,1,1,2,NOISY LE SEC (ROUTE DE),48.8954766,2.4262988
202000023107,8,8,2020,16,1,93,93053,2,3,1,3,BREMENT (RUE DE) 109 A 235 - 110 A ...,48.8875981,2.4642256
202000023108,7,8,2020,22,5,93,93051,2,1,1,2,GABRIEL PERI (AVENUE),48.832797,2.5663809
202000023109,8,8,2020,14,1,93,93063,2,1,1,6,REPUBLIQUE RUE DE LA,48.8791,2.4334
202000023110,8,8,2020,19,1,93,93031,2,1,1,3,HALAGE (CHEMIN DU),48.9507592,2.3141427
202000023111,8,8,2020,13,1,92,92026,2,9,1,3,JOFFRE ( DE 52 A FIN ET DE 61 A FIN ),48.9006864,2.2752153
202000023112,8,8,2020,11,1,92,92012,2,1,1,3,GENERAL LECLERC (AVENUE DU) 1/33 - 2/58,48.8319686,2.2385246
202000023113,9,8,2020,11,1,60,60590,1,1,1,1,8 Rue de la Gare,49.540738,1.995645
202000023114,9,8,2020,9,1,65,65407,1,3,1,3,42 Route de Sainte Barbe,43.022357,0.591486
202000023115,8,8,2020,18,1,11,11018,1,1,1,3,A61,43.220189,2.208252
202000023116,9,8,2020,13,1,63,63189,2,1,2,7,le bourg,45.650593,2.731343
202000023117,9,8,2020,18,1,83,83033,1,1,1,1,Chemin de Besse,43.31724,6.186966
202000023118,8,8,2020,22,3,974,97413,1,1,1,6,Chemin Departemental 12 des Colimacons,-21.140008,55.282474
202000023119,8,8,2020,14,1,27,27125,1,1,1,7,Calleville,49.190132,0.768211
202000023120,8,8,2020,23,3,51,51235,2,1,1,6,D373,48.7576749,3.6608975
202000023121,8,8,2020,14,1,19,19121,2,3,1,6,Rue des Ecoles,45.4434945,1.4070811
202000023122,7,8,2020,17,1,56,56101,1,1,1,7,Lieu-dit Mané Coët,47.833353,-3.180628
202000023123,9,8,2020,17,1,76,76592,1,1,1,7,route industrielle,49.5061,0.4962
202000023124,7,8,2020,13,1,2A,2A092,1,1,7,7,T10,41.7286595,9.4015776
202000023125,9,8,2020,6,2,2B,2B286,2,1,1,6,D6,42.475935,9.458145
202000023126,9,8,2020,11,1,80,80192,1,1,2,7,D1,49.935989,2.640324
202000023127,8,8,2020,15,1,80,80308,1,1,1,6,D48 - PK 10+500,50.068283,1.607121
202000023128,9,8,2020,12,1,65,65116,1,1,1,6,Hourquette d'Ancizan (Col de montagne),42.898022,0.313185
202000023129,7,8,2020,15,1,65,65282,1,1,1,6,D725,42.772455,0.412148
202000023130,8,8,2020,18,1,69,69070,1,1,1,3,D504,46.011225,4.374395
202000023131,9,8,2020,10,1,11,11206,2,1,1,7,Avenue Fabre d'Eglantine,43.047036,2.220733
202000023132,8,8,2020,13,1,47,47274,1,3,1,3,D114,44.149357,0.756598
202000023133,8,8,2020,13,1,22,22074,1,3,1,1,bodoguern,48.338316,-3.049994
202000023134,8,8,2020,16,1,22,22232,2,1,1,1,Résidence le Clos de Kérestidet,48.645393,-2.847712
202000023135,8,8,2020,7,1,39,39435,1,1,1,1,,46.575729,5.685181
202000023136,9,8,2020,4,3,44,44155,1,1,1,1,Ruble,47.028808,-1.552071