Num_Acc,jour,mois,an,hr,condition_eclairage,departement,commune,condition_agglomeration,intersection,condition_atmosphere,type_collision,adresse,lattitude,longitude
202000023137,8,8,2020,19,1,29,29133,2,1,1,6,D64 - 54 Nouvelle Côte,48.690971,-3.656189
202000023138,9,8,2020,9,1,29,29027,1,1,1,7,Lieu Dit Kerbiligued,48.180231,-3.859119
202000023139,9,8,2020,12,1,38,38333,1,1,1,6,d531,45.0819931,5.4574243
202000023140,9,8,2020,13,1,38,38147,1,1,1,7,Route de Montrevel,45.49473,5.41001
202000023141,6,8,2020,10,1,02,02330,1,1,1,2,D1029,49.861828,3.221859
202000023142,8,8,2020,18,1,03,03043,1,2,1,5,,46.1999903,3.2887351
202000023143,5,8,2020,21,5,01,01338,2,1,1,6,Rue de Villeneuve,45.708657,5.571779
202000023144,8,8,2020,17,1,26,26360,1,3,1,3,Route de Saint Paul,44.413896,4.806572
202000023145,9,8,2020,5,2,58,58083,1,1,1,6,D958,47.237454,3.66231
202000023146,9,8,2020,2,3,58,58152,1,1,1,6,2 Les Rompés,46.881319,3.130835
202000023147,9,8,2020,10,1,66,66024,2,1,1,6,Avenue Maréchal de Lattre de Tassigny,42.524828,2.831449
202000023148,9,8,2020,11,1,06,06120,1,1,1,1,Rio de Claï,44.215744,6.97111
202000023149,8,8,2020,20,1,14,14371,1,1,1,6,Chemin de Livet,49.016802,0.126316
202000023150,7,8,2020,15,1,50,50151,1,3,1,3,50 Rue du Gué de l'Orme,49.21319,-1.57229
202000023151,9,8,2020,6,2,45,45282,2,1,1,6,1551 Route d'Orléans,47.862398,1.827112
202000023152,8,8,2020,16,1,64,64495,1,3,1,1,intersection D4/D305,43.317076,-1.531541
202000023153,7,8,2020,7,2,40,40272,1,1,1,1,D12,43.591038,-1.270423
202000023154,9,8,2020,1,3,04,04049,2,1,1,1,RD 4096 (21 Bd des Tilleuls),44.0767069,5.9947317
202000023155,9,8,2020,8,1,04,04108,2,1,1,1,RN 85 (Le moulin),44.048185,6.026001
202000023156,8,8,2020,15,1,85,85277,1,1,1,2,D747,46.535772,-1.438748
202000023157,8,8,2020,11,1,28,28240,1,3,7,3,D15,48.473739,1.003082
202000023158,7,8,2020,5,2,30,30102,1,1,1,6,D225,43.909926,4.28665
202000023159,8,8,2020,21,3,08,08164,1,1,1,7,D946,49.391005,4.768324
202000023160,9,8,2020,11,1,88,88361,1,1,1,7,D420,48.331091,7.092748
202000023161,8,8,2020,14,1,973,97307,1,1,1,1,N2,4.8272288,-52.3385722
202000023162,7,8,2020,22,3,973,97307,1,1,1,7,Route de Stoupan,4.785362,-52.348856
202000023163,9,8,2020,11,1,38,38004,1,1,1,6,A49,45.21062,5.46672
202000023164,9,8,2020,9,1,73,73297,1,1,1,6,A430,45.627904,6.32688
202000023165,7,8,2020,20,3,57,57114,1,1,1,7,Brouviller,48.751832,7.17154
202000023166,9,8,2020,5,3,34,34240,1,1,1,1,"Autoroute A9, PK 99+100, direction NIMES",43.645951,3.97881
202000023167,9,8,2020,1,5,988,98821,2,1,1,7,RUE ANTOINE CHERIKA/LOTISSEMENT JULISA,-22.13437,166.35392
202000023168,9,8,2020,20,3,976,97607,1,1,1,1,Route Nationale - Ironi Be,-12.836134,45.18548
202000023169,9,8,2020,22,5,974,97415,2,1,1,7,73 Chemin du Trou de Sable,-21.036389,55.272629
202000023170,8,8,2020,22,3,66,66065,1,1,1,7,D914,42.616623,2.973433
202000023171,9,7,2020,10,1,34,34314,1,1,1,-1,D68,43.725157,3.840427
202000023172,8,8,2020,14,1,13,13116,1,2,1,3,D29,43.837591,4.926488
202000023173,9,8,2020,16,1,13,13100,1,1,1,6,RD99,43.78781,4.843714
202000023174,8,8,2020,9,1,38,38468,1,1,1,6,A7,45.34308,4.80802
202000023175,7,8,2020,15,1,88,88136,1,1,1,2,N57,48.207344,6.461034
202000023176,7,8,2020,17,1,57,57350,1,1,1,6,Chemin d'Auché,49.046638,6.073031
202000023177,8,8,2020,17,1,74,74127,1,1,1,3,Route du Plan Fayet,46.360464,6.523283
202000023178,9,8,2020,11,1,73,73054,1,1,1,6,D902,45.683428,6.737516
202000023179,9,8,2020,9,1,38,38412,1,1,7,6,D520,45.40202,5.74424
202000023180,9,8,2020,14,1,26,26192,1,1,1,6,100 Chemin des Chaux,44.429053,5.030011
202000023181,8,8,2020,8,1,81,81225,2,1,1,-1,Impasse des Saules,43.917989,1.963388
202000023182,8,8,2020,19,1,09,09157,1,1,1,3,Avenue du 11 Novembre 1918 D625,42.9346095,1.8494644
202000023183,7,8,2020,19,1,33,33498,2,2,1,3,Route de Caplanne,44.551797,-0.909752
202000023184,9,8,2020,11,1,85,85092,2,1,1,3,3 Rue Georges Clémenceau,46.466012,-0.805714
202000023185,9,8,2020,17,1,85,85003,1,1,1,1,1 Rue du Ruisseau,46.764115,-1.617533
202000023186,8,8,2020,17,1,22,22093,1,1,1,1,Le Champ Talva St Aaron (Lamballe),48.498891,-2.49557
202000023187,7,8,2020,17,1,62,62052,1,1,7,1,Hameau de Warcove,50.857623,1.675214
202000023188,8,8,2020,11,1,13,13117,1,1,1,2,A7-Sens Lyon vers Marseille,43.4333,5.2566
202000023189,7,8,2020,0,3,13,13216,1,1,1,7,A55-Sens Marseille vers Martigues,43.35823,5.34525
202000023190,7,8,2020,22,3,13,13214,1,1,1,6,A7-Sens Marseille vers Lyon,43.32989,5.37798
202000023191,7,8,2020,21,3,01,01249,1,1,1,6,A42   6.290 A 8.310,45.815877,4.967283
202000023192,4,8,2020,17,1,69,69385,1,1,1,2,M6   453.400 A 455.000,45.75289,4.81989
202000023193,8,8,2020,15,1,33,33167,1,1,1,2,ROUTE NATIONALE 230,44.82167,-0.51656
202000023194,7,8,2020,20,1,78,78490,1,1,1,6,RN12 INT,48.800207,1.981806
202000023195,8,8,2020,6,1,92,92036,1,1,1,6,AUTOROUTE A15,48.94364,2.28774
202000023196,8,8,2020,3,5,93,93066,1,1,1,2,AUTOROUTE A1,48.91037,2.35826
202000023197,7,8,2020,18,1,93,93007,1,1,1,2,AUTOROUTE A1,48.95203,2.45229
202000023198,7,8,2020,16,1,93,93007,1,1,1,3,AUTOROUTE A1,48.95202,2.45229
202000023199,7,8,2020,8,1,974,97411,2,1,1,6,SAVOIE (RUE DE LA),-20.90597,55.48195
202000023200,7,8,2020,8,1,974,97411,2,3,1,3,Route de la Rivière des Pluies,-20.90035,55.499513
202000023201,7,8,2020,18,1,69,69387,2,2,1,3,GAMBETTA                            (CO),45.75442,4.84548
202000023202,7,8,2020,17,1,69,69386,2,2,1,6,EMERAUDES (DES)                     (R ),45.76903,4.86037
202000023203,7,8,2020,15,1,69,69383,2,1,1,3,BONNEL (DE)                         (R ),45.7613482,4.8417648
202000023204,7,8,2020,11,1,69,69259,2,1,1,1,ALBERT EINSTEIN                     (R ),45.699,4.87694
202000023205,7,8,2020,14,1,972,97213,2,1,1,3,ROUTE DEPARTEMENTALE 3,14.667,-60.9951
202000023206,7,8,2020,21,5,69,69389,2,1,1,1,ARLOING                             (QU),45.7731397,4.8100255
202000023207,6,8,2020,13,1,971,97101,2,1,1,4,Frédéric JALTON,16.27839,-61.49901
202000023208,7,8,2020,18,1,95,95539,2,6,1,3,CD 125,48.992365,2.358591
202000023209,7,8,2020,7,1,95,95063,1,1,1,3,QUAI VOLTAIRE,48.927565,2.229282
202000023210,6,8,2020,12,1,91,91657,2,1,1,6,HENRI BARBUSSE (AVENUE),48.70169,2.42505
202000023211,7,8,2020,11,1,91,91114,2,6,1,3,PIERRE PROST (AVENUE),48.69658,2.49832
202000023212,6,8,2020,16,1,87,87085,2,1,1,1,BASTIAT (RUE FREDERIC),45.88291,1.28776
202000023213,6,8,2020,11,1,86,86194,2,1,1,2,Rue de la Milètrie,46.56211,0.37983
202000023214,7,8,2020,19,2,83,83144,2,1,1,3,LIBERATION (AVE DE LA),43.143018,5.991893
202000023215,8,8,2020,1,3,83,83069,2,1,1,7,DECUGIS (AVENUE ALFRED),43.11301,6.16144
202000023216,6,8,2020,18,1,83,83069,2,2,7,3,TOULON (VIEUX CHEMIN DE),43.12173,6.10987
202000023217,6,8,2020,18,1,81,81144,1,2,7,3,VIEILLE COTE DE LA DRECHE,43.96915,2.1576
202000023218,7,8,2020,8,1,78,78403,2,1,7,6,CHATEAUBRIAND (AVENUE),48.99425,1.868608
202000023219,7,8,2020,7,2,78,78498,2,2,1,3,VILLIERS RUE DE,48.9224,2.0358
202000023220,8,8,2020,1,5,69,69266,2,3,1,1,EMILE ZOLA     (Cours),45.76917,4.88136
202000023221,6,8,2020,21,5,69,69264,2,1,1,2,KALARACH  RUE DE,45.99518,4.731
202000023222,8,6,2020,7,1,93,93027,1,1,1,5,AUTOROUTE A86,48.9244,2.38841
202000023223,8,6,2020,11,1,94,94069,1,9,1,2,A4,48.8176057,2.4212441
202000023224,14,1,2020,8,2,35,35238,2,1,2,6,HAUTES-OURMES (BD DES),48.087595,-1.646411
202000023225,8,6,2020,7,1,974,97411,2,4,7,6,montgaillard (route de),-20.89863,55.46878
202000023226,8,6,2020,22,5,69,69387,2,9,2,6,Rue du Repos,45.7464041,4.8500402
202000023227,8,6,2020,20,1,69,69259,2,1,2,-1,FRANCIS DE PRESSENSE                (AV),45.7221,4.8662
202000023228,8,6,2020,7,2,69,69386,2,2,7,3,DUGUESCLIN                          (R ),45.76707,4.84764
202000023229,8,6,2020,9,1,972,97213,2,7,1,2,PIERRE ZOBDA QUITMAN (RUE),14.60982,-61.00075
202000023230,6,8,2020,9,1,66,66136,2,3,1,3,WILSON (BOULEVARD THOMAS),42.70192,2.89571
202000023231,7,6,2020,12,1,972,97213,2,1,1,3,ROUTE DEPARTEMENTALE 15,14.63785,-61.00981
202000023232,7,6,2020,11,1,2B,2B033,2,1,1,5,ROUTE ROYALE,42.67668,9.44275
202000023233,7,6,2020,6,1,971,97113,1,1,1,1,RN4 - SECTION RIVIERA,16.21793,-61.49771
202000023234,7,6,2020,3,3,971,97113,1,1,2,3,PETIT HAVRE (SECTEUR),16.2160757,-61.4295387
202000023235,5,8,2020,20,1,66,66136,2,1,1,1,TORREILLES (AV DU DOCTEUR JEAN-LOUIS),42.6834733,2.8758996
202000023236,8,6,2020,9,1,91,91589,2,3,1,3,DE LESSEPS (AVENUE FERDINAND),48.7037,2.34
202000023237,8,6,2020,8,1,91,91216,2,1,7,6,GRAND VAUX (RUE DE),48.673171,2.335403
202000023238,6,8,2020,19,1,64,64024,2,1,1,3,BAYONNE (AVENUE DE),43.4807,-1.5138
202000023239,6,6,2020,18,1,91,91182,2,1,1,-1,VERSAILLES (ROUTE DE),48.61846,2.40398
202000023240,6,8,2020,19,1,64,64024,2,1,1,3,BAB (BOULEVARD DU),43.4939549,-1.5251101
202000023241,8,6,2020,17,1,91,91631,2,1,8,6,MANDRES (RUE DE),48.6807,2.5585
202000023242,5,8,2020,19,1,63,63113,2,1,1,2,LAGARLAYE (RUE DE),45.7736986,3.0815784
202000023243,6,6,2020,9,1,91,91552,2,3,1,2,CHANTELOUP (RUE DE),48.596661,2.25011
202000023244,6,8,2020,20,2,62,62119,2,1,1,3,SAINT OMER (  RUE DE ),50.517029,2.63688
202000023245,8,6,2020,8,1,87,87085,1,3,1,3,Avenue Georges Guingouin,45.90277,1.29631
202000023246,27,7,2020,18,1,60,60159,2,3,1,3,Rue du Docteur Calmette,49.4000566,2.7934851
202000023247,6,6,2020,9,1,87,87085,1,1,1,6,Rue Georges Briquet,45.90277,1.29631
202000023248,7,8,2020,17,1,60,60057,2,1,1,6,Avenue du 8 Mai 1945,49.4409007,2.0964197
202000023249,5,6,2020,15,1,87,87085,1,3,1,3,Georges GUINGOUIN(rue),45.90277,1.29631
202000023250,6,6,2020,18,1,85,85194,2,1,1,6,Promenade Georges V,46.49589,-1.79623
202000023251,6,8,2020,14,1,58,58194,2,1,1,2,MARECHAL JUIN,47.00445,3.15384
202000023252,5,6,2020,21,2,85,85194,2,1,1,6,Allée des Cèdres,46.50613,-1.76858
202000023253,7,8,2020,12,1,57,57221,2,2,1,3,NATIONALE (RUE),49.31772,6.11316
202000023254,20,5,2020,10,1,85,85194,2,1,1,6,Rue Ernest Landrieau,46.5077,-1.75354
202000023255,23,7,2020,11,1,57,57606,2,1,1,-1,ALTMAYER (RUE DES GENERAUX),49.1250834,6.7248012
202000023256,8,6,2020,7,1,83,83062,2,3,1,3,FABRI DE PEIRESC (AVENUE),43.140851,6.029891
202000023257,6,8,2020,11,1,56,56260,2,1,1,3,AOUT 1944(RUE DU 4),47.67474,-2.75928
202000023258,7,6,2020,2,5,83,83069,2,1,1,1,MEDITERRANEE (AVENUE DE LA),43.07617,6.15374
202000023259,6,8,2020,12,1,54,54395,2,1,1,6,POINCARE (RUE RAYMOND 1-29-2-30),48.690025,6.1717636
202000023260,7,6,2020,18,1,81,81163,2,3,1,3,TASSIGNY (DE LATTRE DE),43.48952,2.37063
202000023261,5,8,2020,21,5,54,54329,2,1,1,2,RD31,48.58188,6.50416
202000023262,5,6,2020,17,1,80,80261,1,1,1,4,RD 1001,49.86177,2.26935
202000023263,6,6,2020,13,1,76,76108,2,1,1,3,rue de verdun,49.47557,1.12363
202000023264,6,8,2020,18,1,52,52448,2,9,1,3,BLUM (RUE LEON),48.64231,4.96875
202000023265,7,6,2020,15,1,76,76341,2,1,1,-1,RD 6382,49.51108,0.19933
202000023266,6,8,2020,16,1,50,50203,1,1,1,7,VENTE (ROUTE DE LA),49.59743,-1.58999
202000023267,7,8,2020,17,1,45,45004,2,1,1,3,PONTS (RUE DES),47.96754,2.77197
202000023268,5,6,2020,13,1,67,67482,2,3,8,3,MITTELHAUSBERGEN (ROUTE DE),48.602347,7.708487
202000023269,5,6,2020,11,1,67,67482,2,3,8,6,GENERAL KOENIG (QUAI DU),48.575363,7.754431
202000023270,6,8,2020,22,3,44,44184,1,1,1,1,RD 492 DU PONT BD HÔPITAL A ÉCHANGEUR CR,47.27409,-2.24849
202000023271,8,6,2020,14,1,66,66136,1,1,1,2,Départementale 914,42.66559,2.91867
202000023272,28,5,2020,19,1,64,64445,2,1,1,7,NOLIVOS DE,43.30408,-0.37659
202000023273,8,6,2020,8,1,64,64024,2,1,2,6,PITOYS (ROUTE DE),43.46442,-1.50138
202000023274,6,8,2020,11,1,42,42184,2,4,1,3,Rue Pierre Dubreuil,46.0547236,4.0426858
202000023275,3,6,2020,19,1,62,62178,1,3,1,-1,AIRE ( D'),50.494391,2.544006
202000023276,5,6,2020,11,1,57,57672,2,1,1,6,VERDUN (RUE DE),49.35016,6.15857
202000023277,27,7,2020,17,1,38,38053,2,1,1,3,Route de Lyon,45.58584,5.25692
202000023278,6,6,2020,13,1,56,56121,2,1,1,3,FREBAULT (RUE  DU GENERAL ),47.74035,-3.37455
202000023279,7,8,2020,16,1,37,37233,2,2,1,3,LENINE (AVENUE),47.3941006,0.738317
202000023280,5,6,2020,10,1,56,56098,2,3,1,3,JAURES (RUE  JEAN ),47.76907,-3.35208
202000023281,7,8,2020,18,1,35,35206,1,1,1,2,RN136,48.07905,-1.69015
202000023282,8,6,2020,11,1,54,54395,2,9,1,2,MARIN (VIADUC LOUIS),48.7000321,6.1837086
202000023283,5,6,2020,17,1,54,54547,2,2,2,6,LISBONNE (RUE DE),48.6614397,6.1690646
202000023284,5,8,2020,14,1,35,35115,2,1,1,6,10 Place de la République,48.3493352,-1.1953553
202000023285,7,8,2020,18,1,34,34172,2,1,1,6,TOULOUSE (AVENUE DE,43.593949,3.860404
202000023286,6,6,2020,14,1,52,52448,2,1,1,3,TARTELOTTES (CHEMIN DES),48.63612,4.91855
202000023287,8,6,2020,17,1,51,51454,2,3,1,3,Boulevard Pasteur,49.2504471,4.042417
202000023288,6,8,2020,22,3,34,34198,1,1,1,6,D66  VOIE RAPIDE,43.55768,3.96439
202000023289,7,6,2020,11,1,49,49007,2,1,1,3,LARREY,47.47934,-0.55564
202000023290,8,6,2020,16,1,37,37261,2,2,1,-1,MARCEAU (RUE),47.3935496,0.6850364
202000023291,8,6,2020,13,1,37,37261,2,1,2,2,NAPOLEON (PONT),47.3966145,0.6767601
202000023292,7,8,2020,16,1,33,33063,2,3,1,1,RUE ROBERT SCHUMAN / PCE DE L'EUROPE,44.85918,-0.58242
202000023293,8,6,2020,13,1,35,35238,2,9,1,3,Rue du Bosphore,48.0845,-1.6768
202000023294,7,8,2020,14,1,33,33063,2,2,1,1,AVE DU MARECHAL DE LATTRE DE TASSIGNY / RUE SOUBIRAS,44.85704,-0.6198928
202000023295,8,8,2020,2,5,33,33529,1,6,1,6,Chemin de Camicas,44.6467,-1.15831
202000023296,8,6,2020,16,1,33,33318,2,3,1,3,AVE JEANNE D'ARC / ALL DES GERANIUMS,44.81427,-0.63823
202000023297,24,5,2020,19,1,33,33063,2,1,1,2,PONT Jacques CHABAN-DELMAS,44.85989,-0.55328
202000023298,4,8,2020,16,1,29,29254,2,6,1,3,Route de Sainte-Sève,48.57203,-3.84898
202000023299,7,6,2020,11,1,33,33529,1,1,1,1,BISCAROSSE (AVE) DUNE VERS BISCA,44.59641,-1.19594
202000023300,7,8,2020,4,3,29,29039,1,1,1,7,D122 - Rue Yves Trichard,47.8785693,-3.8537638
202000023301,8,6,2020,9,1,33,33529,2,1,1,5,BISCAROSSE (AVE DE) JUSQU'A DUNE,44.60606,-1.2025
202000023302,6,6,2020,22,5,31,31557,2,1,3,7,PEYRETTE (CH DE LA),43.58665,1.31883
202000023303,7,8,2020,19,1,29,29019,2,4,1,3,Boulevard Léon Blum,48.4014,-4.48397
202000023304,5,6,2020,21,5,31,31555,2,1,1,6,CHE DE LA GARONNE,43.6209469,1.4040562
202000023305,7,8,2020,7,1,27,27681,2,1,1,6,POTARD (RUE),49.09436,1.48458
202000023306,8,6,2020,17,1,17,17300,2,1,1,6,CARNOT   AVENUE,46.16535,-1.186342
202000023307,8,6,2020,12,1,17,17300,2,6,1,3,DOMPIERRE   RUE DE,46.1635,-1.13856
202000023308,7,6,2020,19,1,14,14118,2,1,1,1,MASSE (RUE DE LA),49.18758,-0.34526
202000023309,1,8,2020,9,1,18,18033,1,4,1,1,,47.07448,2.34754
202000023310,8,6,2020,21,2,13,13215,2,1,1,5,LYON (RUE DE),43.3404784,5.3611151
202000023311,8,6,2020,12,1,13,13201,2,1,1,3,GRIGNAN (RUE)     12 A FIN,43.2917,5.37497
202000023312,7,8,2020,11,1,13,13202,2,1,1,3,ARENC (QUAI D'),43.3152627,5.3651502
202000023313,7,6,2020,1,5,13,13201,2,1,1,-1,CANEBIERE     70 A FIN,43.2977,5.3813
202000023314,7,8,2020,20,2,13,13047,1,1,1,7,D.10,43.59297,4.96721
202000023315,6,6,2020,19,1,13,13201,2,1,1,3,BRETEUIL (RUE)    2 A 18,43.292191,5.375039
202000023316,6,8,2020,19,1,13,13047,2,1,1,2,RADOLFZELL AVENUE DE,43.500957,4.992508
202000023317,8,6,2020,17,1,13,13047,2,1,1,1,LAVALDUC CHEMIN DE,43.480805,4.964918
202000023318,7,8,2020,20,2,13,13001,2,1,1,7,MARSEILLE (ROUTE DE ),43.472598,5.409244
202000023319,8,6,2020,15,1,06,06027,2,9,8,2,CAMPANETTE CHEMIN DE LA,43.671,7.164
202000023320,7,8,2020,19,1,12,12176,1,1,1,7,ROUTE DES HAUTS D' ONET,44.37672,2.55208
202000023321,7,6,2020,20,1,05,05061,2,3,1,3,VOLTAIRE ( SQUARE ),44.55715,6.07702
202000023322,7,8,2020,22,5,10,10387,2,1,1,7,BEAUREGARD (CHEMIN),48.28539,4.07975
202000023323,5,6,2020,11,1,05,05061,2,1,1,7,EYSSAGNIERES ( ROUTE DES ),44.53794,6.05165
202000023324,8,6,2020,15,1,75,75120,2,1,8,2,PORTE DE MONTREUIL,48.859033,2.41411
202000023325,7,8,2020,10,1,10,10387,2,2,1,-1,VEON A L'ANE (RUE),48.2911,4.1033
202000023326,7,6,2020,14,1,75,75114,2,4,1,3,BOULEVARD PERIPHERIQUE,48.81658,2.342636
202000023327,6,8,2020,23,5,10,10333,2,9,1,6,ANDRE MAUGOUT (RUE),48.28398,4.05961
202000023328,7,6,2020,12,1,75,75106,2,7,1,6,PLACE EDMOND ROSTAND,48.847248,2.34079
202000023329,7,6,2020,23,5,75,75118,2,2,1,3,BOULEVARD BARBES,48.883849,2.349476
202000023330,6,8,2020,16,1,10,10387,2,2,7,4,ANDRE MALRAUX (RUE),48.31205,4.08321
202000023331,8,6,2020,17,1,75,75115,2,2,1,6,RUE DU THEATRE,48.846175,2.295174
202000023332,7,8,2020,12,1,06,06088,2,2,1,3,RIQUIER (BD DE),43.703772,7.289909
202000023333,8,6,2020,16,1,75,75113,2,3,1,2,AVENUE D ITALIE,48.820424,2.359065
202000023334,7,8,2020,23,5,06,06083,2,3,1,3,"SOSPEL (AVENUE DE, N° 1 A 55)",43.779328,7.493586
202000023335,7,8,2020,7,1,06,06069,1,1,1,3,PEGOMAS (ROUTE DE),43.625135,6.927388
202000023336,8,6,2020,17,1,75,75111,2,3,1,3,RUE DE CRUSSOL,48.863861,2.366945
202000023337,8,6,2020,13,1,75,75111,2,2,1,6,AVENUE DE LA REPUBLIQUE,48.866002,2.370661
202000023338,7,8,2020,20,5,06,06123,2,3,1,3,DE GAULLE GENERAL AVENUE,43.6649,7.1934
202000023339,8,6,2020,9,1,75,75111,2,4,8,1,RUE SAINT MAUR,48.859435,2.382755
202000023340,5,8,2020,19,1,03,03310,2,3,7,6,Avenue Thermale,46.1264113,3.4198965
202000023341,8,6,2020,10,1,75,75109,2,1,1,6,RUE GODOT DE MAUROY,48.871979,2.327315
202000023342,7,8,2020,12,1,01,01053,2,3,1,3,HERRIOT ( BOULEVARD EDOUARD COTE IMPAIR),46.212957,5.218308
202000023343,8,6,2020,15,1,75,75107,2,4,1,3,RUE DE LUYNES,48.854719,2.325997
202000023344,8,6,2020,15,1,75,75104,2,3,1,7,RUE DE RIVOLI,48.855065,2.361677
202000023345,5,8,2020,16,1,01,01289,1,2,1,3,DOMBES (AVENUE DE LA),46.1804,5.1949
202000023346,8,6,2020,12,1,75,75103,2,4,1,3,RUE DE TURBIGO,48.8668,2.362002
202000023347,7,8,2020,8,1,75,75106,2,1,1,1,QUAI DE CONTI,48.857687,2.337173
202000023348,8,6,2020,12,1,75,75104,2,3,1,2,RUE DES ARCHIVES,48.85897,2.355729
202000023349,7,8,2020,17,1,75,75120,2,2,1,3,RUE BELGRAND,48.864686,2.404123
202000023350,8,6,2020,19,1,94,94074,2,1,1,6,JULIEN DURANTON (avenue),48.7655,2.44764
202000023351,6,8,2020,12,1,75,75115,2,2,1,7,RUE DESAIX,48.853794,2.294161
202000023352,8,6,2020,19,1,94,94041,2,3,1,3,LOUIS BERTRAND (R),48.81682,2.37864
202000023353,7,8,2020,13,1,75,75114,2,2,1,7,RUE MOUTON DUVERNET,48.831999,2.327419
202000023354,8,6,2020,10,1,94,94001,2,1,1,6,SAINT GEORGES (R),48.7222,2.4185
202000023355,6,6,2020,15,1,94,94079,2,1,1,6,MAURICE DUDRAGNE (R),48.831881,2.54955
202000023356,7,8,2020,8,1,75,75113,2,3,1,6,BOULEVARD AUGUSTE BLANQUI,48.830286,2.347201
202000023357,5,8,2020,1,5,75,75112,2,7,1,6,AVENUE DAUMESNIL,48.834965,2.408168
202000023358,8,6,2020,18,1,93,93072,2,1,1,2,MARCEL CACHIN (AVENUE) DES N°1 AU 17,48.95747,2.38265
202000023359,8,6,2020,7,1,93,93070,2,1,1,6,VICTOR-HUGO (BD),48.905837,2.3240997
202000023360,7,8,2020,16,1,75,75111,2,2,1,3,AVENUE DE LA REPUBLIQUE,48.864004,2.381204
202000023361,7,6,2020,18,1,93,93070,2,7,1,3,VICTOR-HUGO (BD),48.9058735,2.3240865
202000023362,7,8,2020,17,1,75,75108,2,2,7,6,AVENUE PERCIER,48.873686,2.314475
202000023363,8,6,2020,11,1,93,93066,2,1,1,3,"""LANDY RD 20, NR IMPAIRS 146 A 254""",48.91461,2.34806
202000023364,5,6,2020,15,1,93,93066,2,1,8,6,BD ANATOLE FRANCE,48.9272422,2.352865
202000023365,8,6,2020,12,1,93,93014,2,1,1,2,POSTES (CHEMIN DES),48.908627,2.535196
202000023366,8,6,2020,17,1,93,93001,2,3,8,5,AV DU PRESIDENT ROOSEVELT / R EDGARD QUINET,48.9164196,2.3801305
202000023367,7,8,2020,16,1,75,75108,2,7,1,3,PLACE DE LA CONCORDE,48.864066,2.320117
202000023368,5,6,2020,17,1,92,92063,2,6,1,3,HUIT MAI 1945 (PLACE DU),48.8714449,2.2032282
202000023369,8,6,2020,19,2,92,92044,2,2,1,3,BARBES (RUE),48.89034,2.28176
202000023370,7,3,2020,8,2,75,75108,2,2,1,6,AVENUE PIERRE 1ER DE SERBIE,48.8683847,2.3011154
202000023371,6,6,2020,0,5,92,92036,2,2,1,2,LAURENT CELY (AVENUE) (145/329),48.930691,2.301795
202000023372,6,8,2020,23,5,75,75114,2,1,1,3,RUE FRIANT,48.825764,2.324342
202000023373,9,6,2020,21,2,24,24010,2,6,1,2,D3,45.172629,0.592318
202000023374,7,8,2020,18,1,75,75103,2,1,1,7,RUE REAUMUR,48.865736,2.354943
202000023375,9,6,2020,17,1,25,25055,1,1,1,2,A36,47.19346,5.7775
202000023376,7,8,2020,19,1,93,93059,2,1,1,6,PL DU GENERAL LECLERC,48.96412,2.37166
202000023377,8,6,2020,7,1,73,73330,2,1,8,3,D44 Bas Somont,45.712682,5.79016
202000023378,8,6,2020,17,1,974,97422,1,1,1,6,49 Rue Georges Pompidou,-21.265233,55.522909
202000023379,6,8,2020,9,1,93,93066,2,2,1,6,"""LANDY RD 20, NR IMPAIRS 1 A 144""",48.9155193,2.3575515
202000023380,9,6,2020,15,1,67,67089,1,1,1,1,D421,48.750219,7.452829
202000023381,7,8,2020,8,1,93,93064,2,1,1,6,CAVARE (RUE PAUL),48.8730272,2.4851632
202000023382,8,6,2020,17,1,51,51612,1,1,1,3,D36,48.917057,3.981965
202000023383,8,6,2020,20,1,56,56078,2,1,1,6,11 Rue Herbert Clémens,47.776979,-3.516034
202000023384,31,5,2020,4,3,76,76419,1,1,1,7,Rue du Village,49.397387,0.883015
202000023385,7,6,2020,18,1,65,65362,2,3,8,6,rue saint vincent,42.963061,-0.072436
202000023386,9,6,2020,16,1,61,61329,1,2,1,3,La Hulberdiere,48.446404,0.517441
202000023387,9,6,2020,1,4,41,41231,2,1,8,6,Rue de la Ferte-beauharnais,47.524464,1.926025
202000023388,18,5,2020,20,2,86,86281,2,1,1,6,20 Rue des Ormeaux,46.693852,0.213352
202000023389,9,6,2020,11,1,22,22135,1,1,1,1,Keranfiol,48.593857,-3.359161
202000023390,15,5,2020,16,1,44,44152,1,4,1,3,Rue de l'Étang,47.456427,-2.005182
202000023391,8,6,2020,11,1,44,44069,1,3,1,2,D774,47.310547,-2.429668
202000023392,4,6,2020,17,1,44,44084,2,2,1,3,Rue Louis Retailleau,47.236966,-1.353443
202000023393,9,6,2020,13,1,31,31037,1,1,1,6,Piqueraisin,43.361025,1.775068
202000023394,7,6,2020,15,1,03,03303,2,1,1,7,,46.4898856,2.7397301
202000023395,7,6,2020,1,4,15,15127,1,1,1,6,D21,45.250301,3.147808
202000023396,9,6,2020,11,1,26,26165,1,1,2,6,100 chemin du Chamialoux ,44.77837,4.813246
202000023397,9,6,2020,17,1,66,66015,1,1,1,6,D 900,42.578903,2.85037
202000023398,9,6,2020,21,2,90,90056,1,1,2,7,Rue d'Alsace,47.538717,7.008162
202000023399,6,6,2020,8,1,09,09326,2,1,2,5,Le Coche La Remise,42.771617,1.717896
202000023400,8,6,2020,2,3,18,18242,1,1,1,6,Route de Véreaux,46.844265,2.912316
202000023401,9,6,2020,19,2,16,16028,2,3,1,1,,45.475372,-0.158027
202000023402,8,6,2020,10,1,07,07304,1,1,1,7,Départementale 579,44.392488,4.378052
202000023403,7,6,2020,18,1,07,07280,2,3,1,-1,Rue Gaston Roussel,44.34021,4.15185
202000023404,9,6,2020,10,1,21,21023,1,3,8,3,D906,47.138476,4.463861