Num_Acc,jour,mois,an,hr,condition_eclairage,departement,commune,condition_agglomeration,intersection,condition_atmosphere,type_collision,adresse,lattitude,longitude
202000023405,7,6,2020,20,1,40,40240,1,1,1,6,1345 Route de Grenade,43.759328,-0.364292
202000023406,9,6,2020,11,1,27,27056,2,6,1,6,Place de Verdun,49.08755,0.59256
202000023407,8,6,2020,16,1,28,28418,1,2,1,3,D127,48.137669,1.503646
202000023408,7,6,2020,18,5,974,97420,1,1,1,6,21 Avenue Mahatma Gandhi,-20.926996,55.631456
202000023409,9,6,2020,8,1,971,97115,1,1,1,3,Routa,16.260658,-61.631874
202000023410,8,6,2020,15,1,78,78460,1,1,1,7,chemin des fossés,49.020816,1.851711
202000023411,8,6,2020,19,1,30,30042,1,1,1,3,Route d'Anduze,44.048856,4.014537
202000023412,3,6,2020,15,1,34,34056,1,1,1,1,D161,43.43131,3.44401
202000023413,9,6,2020,14,1,83,83112,2,9,1,3,Route de la Ciotat,43.180197,5.674937
202000023414,8,6,2020,9,1,54,54397,2,1,1,3,Rue Louis Lumiere,48.615381,6.089891
202000023415,7,6,2020,6,2,74,74226,1,1,3,6,1455 Route Santadrionne,46.191552,6.383572
202000023416,6,6,2020,16,1,01,01049,1,1,1,3,Route de Thil,45.846745,5.046467
202000023417,2,6,2020,14,1,14,14712,1,1,1,1,D675,49.1790829,-0.2044779
202000023418,28,4,2020,10,1,60,60282,2,3,1,6,Rue de la Source,49.191728,2.4585729
202000023419,8,6,2020,18,1,13,13211,1,1,1,2,A50-Sens Aubagne vers Marseille,43.2877,5.503
202000023420,6,6,2020,19,1,83,83062,1,1,1,3,A57,43.1437632,6.0231203
202000023421,5,6,2020,19,1,67,67218,1,1,8,3,Autoroute A35,48.543628,7.724398
202000023422,8,6,2020,18,1,91,91661,1,1,1,3,AUTOROUTE A10,48.705144,2.249541
202000023423,8,6,2020,10,1,91,91363,1,1,1,6,RN 104,48.64291,2.19807
202000023424,8,6,2020,10,1,91,91340,1,1,1,5,RN 104,48.6104,2.4345
202000023425,6,6,2020,21,1,93,93066,1,1,1,4,AUTOROUTE A1,48.91807,2.35736
202000023426,6,6,2020,19,1,95,95572,1,1,1,2, A15,49.02938,2.12629
202000023427,8,6,2020,12,1,77,77495,1,1,1,-1,A5b,48.5827,2.6375
202000023428,22,2,2020,12,1,64,64024,2,3,1,3,DOUS BOS (RUE DE),43.48919,-1.5006
202000023429,7,3,2020,19,5,93,93077,2,4,1,1,AV DU GENERAL GALLIENI / R CHARLES HILDEVERT,48.8921,2.50552
202000023430,11,3,2020,6,2,93,93001,2,2,1,3,HENRI BARBUSSE (RUE)  111 =>,48.90884,2.39058
202000023431,16,3,2020,17,1,37,37050,2,1,8,1,Rue Philippe Maupas,47.336582,0.6936676
202000023432,6,6,2020,21,5,974,97416,2,1,8,6,BONS ENFANTS (RUE DES),-21.33967,55.47403
202000023433,6,6,2020,23,4,973,97302,2,2,1,3,LALLOUETTE(RUE),4.9397453,-52.3333008
202000023434,7,6,2020,10,1,69,69386,2,1,1,3,CHARLES DE GAULLE                   (QU),45.77912,4.8452
202000023435,6,6,2020,20,5,69,69382,2,3,1,-1,GASPARIN                            (R ),45.75947,4.83337
202000023436,7,6,2020,5,2,69,69034,2,1,8,6,COSTE                               (R ),45.78854,4.83484
202000023437,6,6,2020,9,1,69,69389,2,1,1,1,PIERRE SCIZE                        (QU),45.7670701,4.8152067
202000023438,6,6,2020,21,2,2B,2B033,2,6,1,3,GIACCOBBI - AV PAUL,42.6715,9.4425
202000023439,7,6,2020,4,2,95,95598,2,6,1,6,DOCTEUR SCHWEITZER  RUE DU,48.9954,2.3026
202000023440,7,6,2020,17,1,69,69256,2,1,1,3,FERME (DE LA)                       (CH),45.78714,4.91344
202000023441,6,6,2020,9,1,69,69029,2,2,1,3,MARECHAL DE LATTRE DE TASSIGNY      (R ),45.7315836,4.9177654
202000023442,6,6,2020,15,1,69,69266,2,1,8,6,LOUIS GUERIN     (Rue),45.7757418,4.8600829
202000023443,7,6,2020,23,5,65,65440,2,2,2,3,MAQUIS DE SOMBRUN (RUE DU),43.24318,0.06159
202000023444,7,6,2020,17,1,62,62160,2,9,1,6,SANDETTIE (Rue du),50.73602,1.60212
202000023445,7,6,2020,16,1,62,62328,2,3,1,3,BRUNEHAUT (CHAUSSEE),50.52029,2.42236
202000023446,6,6,2020,12,1,50,50147,2,3,1,3,DIVISION LECLERC,49.0561,-1.43863
202000023447,6,6,2020,20,1,44,44055,1,1,1,2,Route de la Saudraie,47.301387,-2.358188
202000023448,6,6,2020,20,1,37,37261,2,1,1,1,ROYER (BD JEAN),47.3806238,0.6873233
202000023449,7,6,2020,17,1,29,29051,1,2,1,3,Route de Coray ,48.0049,-4.03275
202000023450,2,6,2020,18,1,14,14118,2,3,1,6,SAINT JEAN (RUE (DE 33 ET + ET 38 ET +),49.18025,-0.35804
202000023451,7,6,2020,23,5,13,13208,2,2,1,3,PRADO (contre allée),43.275032,5.389538
202000023452,7,6,2020,21,5,13,13201,2,9,1,7,CANEBIERE     70 A FIN,43.2977,5.3816
202000023453,7,6,2020,18,1,13,13207,2,1,1,6,Corniche John Fitzgérald Kennedy,43.27892,5.35412
202000023454,7,6,2020,10,1,13,13211,2,1,2,6,PARETTE (PLACE DE LA),43.291773,5.41991
202000023455,6,6,2020,20,2,13,13208,2,1,1,3,PRADO (AVENUE DU),43.16184,5.23253
202000023456,6,6,2020,20,1,13,13205,2,2,1,3,SAKAKINI (BOULEVARD),43.299944,5.400747
202000023457,6,6,2020,16,1,02,02738,2,1,1,6,BOULLOCHE (AVENUE),49.65774,3.31684
202000023458,7,6,2020,5,2,75,75119,2,1,1,4,BOULEVARD PERIPHERIQUE,48.895385,2.394802
202000023459,7,6,2020,13,1,75,75118,2,1,1,-1,BOULEVARD PERIPHERIQUE,48.900682,2.367073
202000023460,7,6,2020,19,2,75,75120,2,7,1,5,BOULEVARD MORTIER,48.864673,2.408623
202000023461,7,6,2020,12,1,75,75120,2,2,1,6,RUE DES PYRENEES,48.857629,2.403916
202000023462,7,6,2020,17,1,75,75119,2,1,1,6,AVENUE DE FLANDRE,48.893278,2.380001
202000023463,7,6,2020,19,1,75,75118,2,4,1,3,RUE LAMARCK,48.889684,2.339795
202000023464,7,6,2020,2,5,75,75118,2,3,1,3,RUE DE LA CHAPELLE,48.893322,2.359633
202000023465,7,6,2020,1,5,75,75117,2,4,1,3,AVENUE DE LA GRANDE ARMEE,48.876991,2.285601
202000023466,6,6,2020,22,5,75,75112,2,2,1,3,BOULEVARD DIDEROT,48.847589,2.389097
202000023467,7,6,2020,1,5,75,75108,2,4,1,3,RUE DE COURCELLES,48.877352,2.306695
202000023468,6,6,2020,11,1,75,75108,2,3,1,2,AVENUE DES CHAMPS ELYSEES,48.871376,2.302599
202000023469,7,6,2020,14,1,75,75107,2,2,1,6,BOULEVARD SAINT GERMAIN,48.858509,2.323106
202000023470,6,6,2020,13,1,75,75103,2,2,1,6,RUE REAUMUR,48.865552,2.355674
202000023471,7,6,2020,7,1,94,94042,2,3,1,-1,PIERRE BROSSOLETTE (QU),48.8201297,2.4671233
202000023472,7,6,2020,21,1,93,93064,2,1,1,2,VOLTAIRE (RUE),48.8796151,2.4897502
202000023473,7,6,2020,14,1,93,93031,2,1,1,6,MARSEILLE (RUE DE),48.9590707,2.2937146
202000023474,7,6,2020,15,1,93,93027,2,1,1,6,SALENGRO (AVENUE ROGER),48.93005,2.38598
202000023475,7,6,2020,11,1,92,92049,2,3,1,6,GINOUX AVENUE HENRI AUTRES N°,48.81711,2.32163
202000023476,7,6,2020,11,1,86,86092,1,1,1,3,18 route de Buxière,46.958142,0.60302
202000023477,5,10,2020,21,5,33,33063,2,2,1,3,CRS DU MEDOC / CRS BALGUERIE STUTTENBERG,44.85827,-0.56692
202000023478,5,10,2020,9,1,33,33281,2,6,7,3,AVE RENE CASSIN,44.83274,-0.67855
202000023479,5,10,2020,10,1,33,33529,2,9,2,6,HAMEAU (PL. JEAN),44.63303,-1.14567
202000023480,3,10,2020,10,1,32,32013,2,2,1,3,CORPS FRANC POMMIES (AVENUE DU),43.62909,0.5798
202000023481,5,10,2020,11,1,30,30007,2,1,8,6,BOISSIER DE SAUVAGE (quai),44.12672,4.0738
202000023482,1,10,2020,21,5,22,22278,2,1,3,2,GOUEDIC (DE),48.5096,-2.75515
202000023483,5,10,2020,18,1,17,17300,2,2,1,3,REPUBLIQUE   BOULEVARD DE LA,46.141024,-1.141258
202000023484,10,11,2020,16,1,87,87141,1,1,1,6,D21,45.806741,0.961883
202000023485,4,10,2020,19,5,14,14341,2,1,3,7,HUGO (BD VICTOR),49.15176,-0.354
202000023486,10,11,2020,19,3,76,76319,1,1,1,2,A13,49.33849,0.981635
202000023487,5,10,2020,8,1,13,13213,2,1,1,3,LAVERAN (BOULEVARD DU),43.327197,5.413693
202000023488,7,11,2020,16,1,987,98725,2,1,1,3,RT 02 face école maternelle Hitimahana,-17.562591,-149.476051
202000023489,5,10,2020,12,1,13,13005,2,1,1,3,BEAUDINARD (ROUTE DE),43.31091,5.58448
202000023490,10,11,2020,19,3,988,98814,1,1,1,7,tribu de HNACAOM,-20.761371,167.190285
202000023491,3,10,2020,21,5,11,11069,2,1,2,7,PALAIS,43.2135,2.356
202000023492,11,11,2020,8,1,988,98808,1,3,2,3,Tribu de Meomo,-21.227063,165.596495
202000023493,5,10,2020,12,1,06,06088,1,3,1,3,GARNIER (BD JOSEPH),43.71,7.2563
202000023494,5,10,2020,10,1,06,06069,2,1,1,-1,ROUQUIER (BOULEVARD EMMANUEL),43.633164,6.939307
202000023495,10,11,2020,18,5,78,78147,2,2,1,3,route departemementale 113,49.019367,1.484125
202000023496,4,10,2020,13,1,06,06029,2,1,2,1,AURELIENNE (RUE),43.5513,6.9742
202000023497,10,11,2020,11,1,54,54397,2,2,1,3,RD974,48.608084,6.100384
202000023498,4,10,2020,19,2,75,75114,2,1,1,6,PORTE D ORLEANS,48.819517,2.328314
202000023499,5,10,2020,21,5,75,75119,2,1,9,-1,RUE MANIN,48.885036,2.392688
202000023500,7,11,2020,15,2,14,14407,2,1,8,2,3 Résidence des Buissons,49.258843,-0.374356
202000023501,5,10,2020,11,1,75,75119,2,3,2,6,AVENUE CORENTIN CARIOU,48.895136,2.38274
202000023502,5,10,2020,19,5,75,75116,2,3,2,6,AVENUE VICTOR HUGO,48.872491,2.291999
202000023503,5,10,2020,18,5,75,75117,2,1,2,1,BOULEVARD MALESHERBES,48.887907,2.304557
202000023504,10,11,2020,8,1,13,13215,1,1,1,2,A7-Sens Lyon vers Marseille,43.3568528,5.3629715
202000023505,5,10,2020,9,1,75,75117,2,3,2,7,BOULEVARD BERTHIER,48.888865,2.301303
202000023506,10,11,2020,8,1,69,69382,1,1,1,7,M7   0.000 A 2.278,45.74636,4.82869
202000023507,5,10,2020,8,1,75,75113,2,2,8,6,BOULEVARD KELLERMANN,48.820816,2.350925
202000023508,10,11,2020,8,1,33,33013,1,1,1,5,ROUTE NATIONALE 230,44.8668,-0.50407
202000023509,5,10,2020,20,5,75,75110,2,2,2,3,RUE DU CHATEAU D EAU,48.870495,2.359537
202000023510,10,11,2020,6,3,91,91471,1,1,3,-1,RN 118,48.71544,2.17344
202000023511,5,10,2020,12,1,75,75109,2,5,2,2,RUE DE MAUBEUGE,48.879375,2.348489
202000023512,10,11,2020,9,1,92,92064,1,1,1,6,A13,48.839545,2.2033801
202000023513,10,11,2020,18,3,93,93007,1,1,1,3,AUTOROUTE A3,48.9253076,2.4811167
202000023514,10,11,2020,18,3,93,93010,1,1,1,3,AUTOROUTE A3,48.902076,2.4704123
202000023515,5,10,2020,10,1,75,75108,2,1,1,2,AVENUE GEORGE V,48.869116,2.301061
202000023516,10,11,2020,12,1,95,95241,1,1,1,2,RN 104,49.04659,2.43851
202000023517,5,10,2020,9,1,75,75108,2,1,2,7,AVENUE DES CHAMPS ELYSEES,48.871066,2.303798
202000023518,10,11,2020,10,1,93,93078,1,1,2,7,AUTOROUTE A104,48.96361,2.52151
202000023519,10,11,2020,8,1,95,95154,1,9,3,6, A1,49.03518,2.54102
202000023520,4,10,2020,23,5,75,75116,2,2,2,6,ROUTE DE LA PTE DES SABLONS A LA PTE MAI,48.87725,2.270501
202000023521,9,11,2020,18,3,93,93010,1,1,1,4,AUTOROUTE A3,48.90841,2.47334
202000023522,4,10,2020,21,5,75,75108,2,1,2,2,BOULEVARD MALESHERBES,48.877032,2.317205
202000023523,9,11,2020,8,5,93,93066,1,1,1,3,AUTOROUTE A1,48.91628,2.3576
202000023524,5,10,2020,2,3,75,75108,2,4,2,6,AVENUE DES CHAMPS ELYSEES,48.872012,2.300963
202000023525,5,10,2020,21,5,75,75102,2,1,2,6,BOULEVARD DE SEBASTOPOL,48.868409,2.353617
202000023526,9,11,2020,7,2,93,93073,1,1,1,2,AUTOROUTE A104,48.96825,2.56538
202000023527,5,10,2020,10,1,94,94081,2,4,8,3,GROUPE MANOUCHIAN (AV DU),48.794426,2.402379
202000023528,10,11,2020,20,3,94,94069,1,1,2,7,A4,48.8173924,2.4362247
202000023529,4,10,2020,15,1,94,94037,2,3,2,1,RAYMOND LEFEBVRE (R),48.81446,2.34466
202000023530,10,9,2020,8,1,66,66136,2,1,1,6,MERCADER (BOULEVARD FELIX),42.693789,2.890386
202000023531,5,10,2020,8,1,94,94038,2,9,2,6,PASTEUR (R),48.7755,2.34462
202000023532,8,9,2020,19,1,35,35238,2,1,1,3,PIAF (ALLEE EDITH),48.0997,-1.63985
202000023533,4,10,2020,7,5,94,94033,2,1,2,6,MAUCONSEIL (R),48.84729,2.46861
202000023534,9,11,2020,12,1,974,97411,2,2,1,6,VICTOIRE (AVENUE DE LA),-20.88634,55.45234
202000023535,5,10,2020,10,1,94,94042,2,1,8,3,GENERAL GALLIENI (AV DU),48.8200045,2.4809361
202000023536,7,11,2020,13,1,974,97409,2,1,1,1,BRAS MOUSSELINE (chemin du),-20.971772,55.607817
202000023537,5,10,2020,17,2,94,94017,2,1,3,6,BERNAU (R DE),48.817284,2.525226
202000023538,9,11,2020,15,1,972,97213,2,1,1,2,ROUTE DEPARTEMENTALE 15,14.6130835,-61.0048056
202000023539,9,11,2020,1,5,972,97209,2,1,2,6,BEAUSEJOUR JAMBETTE (ROUTE),14.64343,-61.04376
202000023540,5,10,2020,18,2,93,93072,2,2,3,3,RD28P / RUE DU COLONEL ROL-TANGUY,48.95815,2.36765
202000023541,7,10,2020,23,5,69,69286,2,1,1,6,BIEVRE (DE LA)                      (R ),45.8251149,4.8910289
202000023542,5,10,2020,6,5,93,93066,2,1,2,2,R DU FORT DE LA BRICHE,48.9443,2.34223
202000023543,6,11,2020,13,1,69,69382,2,2,1,3,CONDE (DE)                          (R ),45.752145,4.8264043
202000023544,9,11,2020,7,2,69,69389,2,9,2,4,JOANNES CARRET                      (R ),45.7893,4.81273
202000023545,8,11,2020,18,5,2B,2B033,2,1,1,3,ROUTE ROYALE,42.67708,9.43461
202000023546,9,11,2020,18,5,95,95585,2,1,9,3,DIVISION LECLERC (AVENUE DE LA),48.9864739,2.3719541
202000023547,5,10,2020,0,5,93,93064,2,1,2,6,REPUBLIQUE (AVENUE DE LA),48.86444,2.48315
202000023548,7,11,2020,18,5,87,87085,2,2,1,6,RD941 (OUEST),45.83459,1.22589
202000023549,5,10,2020,19,5,93,93048,2,9,2,1,THEOPHILE SUEUR (BOULEVARD),48.8659717,2.4692312
202000023550,6,11,2020,15,1,87,87085,2,3,1,3,DUTREIX (RUE ARMAND),45.8337,1.22998
202000023551,4,10,2020,18,1,93,93061,2,1,2,3,FERRER AVENUE FRANCISCO,48.8872237,2.4069313
202000023552,4,10,2020,15,1,93,93006,2,1,1,2,R DESCARTES,48.8699,2.42622
202000023553,9,11,2020,10,1,78,78358,2,1,1,3,GENERAL DE GAULLE (AVENUE DU ),48.94396,2.13574
202000023554,9,11,2020,14,1,78,78551,2,1,1,2,PEREIRE,48.90146,2.07355
202000023555,5,10,2020,19,5,93,93031,2,3,2,3,159 RTE DE SAINT LEU / R DE L'YSER,48.95426,2.33489
202000023556,9,11,2020,8,1,78,78440,2,2,1,3,MOLIERE (RUE),48.983815,1.915328
202000023557,5,10,2020,9,1,93,93014,2,1,2,6,EMILE ZOLA (BOULEVARD),48.9061455,2.5528416
202000023558,5,10,2020,20,5,93,93001,2,1,2,6,REPUBLIQUE (AVE DE LA ) 43/106 =>,48.9084,2.3874
202000023559,6,11,2020,12,1,76,76498,2,2,1,3,11 NOVEMBRE. BOULEVARD DU,49.41668,1.07031
202000023560,5,10,2020,16,1,93,93001,2,1,2,3,ANATOLE FRANCE (BLD) PAIR,48.9176454,2.3820125
202000023561,4,11,2020,14,1,59,59392,2,1,1,6,FRANCE (AVENUE DE),50.27587,3.9732
202000023562,5,10,2020,0,5,93,93001,2,1,1,6,JEAN JAURES  (AVE)  157 A 213,48.9096299,2.3984638
202000023563,5,10,2020,15,1,92,92064,2,1,2,2,GARCHES,48.8434979,2.2023511
202000023564,9,11,2020,13,1,59,59009,2,1,1,6,BOUDERIEZ MARCEL RUE,50.620623,3.150222
202000023565,20,10,2020,18,2,54,54395,2,3,1,6,LECLERC (AV. DU GENERAL)174 A 290-101 A,48.6751218,6.1758801
202000023566,4,10,2020,13,1,92,92060,2,3,1,3,ARISTIDE BRIAND (AVENUE) N°1 A 15 ET 2 A,48.7804692,2.2571162
202000023567,9,11,2020,17,5,51,51454,2,1,1,7,Rue Jules Guichard,49.2664497,4.0221396
202000023568,26,9,2020,15,1,92,92009,2,1,1,3,BOURGUIGNONS ( RUE 01 A 31),48.912947,2.2725096
202000023569,6,11,2020,13,1,49,49328,1,1,1,3,PELOUSE (CHEMIN DE LA),47.28066,-0.04144
202000023570,5,10,2020,17,1,38,38353,1,1,1,6,Chemin des Vernets,45.41625,4.76318
202000023571,4,11,2020,16,1,49,49007,2,1,1,6,SANGNIER,47.4473,-0.567
202000023572,4,10,2020,2,3,06,06060,2,3,1,3,Route du Mont-chauve,43.752537,7.266582
202000023573,6,11,2020,12,1,49,49007,2,1,1,1,Rue Boreau,47.47501,-0.5462
202000023574,9,11,2020,7,2,37,37122,2,1,1,-1,MARTYRS (RUE DES),47.353449,0.6658638
202000023575,5,10,2020,17,1,17,17015,1,1,8,1,Rue des Fauberts,45.558787,-0.860029
202000023576,9,11,2020,7,4,37,37208,2,1,1,6,LAC (AVENUE DU),47.3656929,0.7159145
202000023577,27,8,2020,5,5,69,69285,2,1,1,-1,105 Route Nationale,45.758002,5.067401
202000023578,6,11,2020,17,2,37,37261,2,2,1,-1,GIRAUDEAU (RUE),47.3860976,0.6766601
202000023579,5,10,2020,14,1,972,97231,1,1,1,1,Départementale 7,14.529377,-61.020148
202000023580,9,11,2020,21,5,33,33063,2,7,1,3,PCE DE LA VICTOIRE,44.83044,-0.57274
202000023581,6,10,2020,8,1,76,76238,2,9,9,6,Rue Aristide Briand,49.558186,0.213374
202000023582,9,11,2020,17,1,33,33318,2,2,1,1,AVE JEAN CORDIER,44.81143,-0.62462
202000023583,5,10,2020,15,1,83,83048,2,1,1,3,Boulevard Saint Raphael,43.208476,6.569261
202000023584,5,10,2020,7,3,35,35066,1,9,8,3,Chartres-de-Bretagne,48.039412,-1.686169
202000023585,9,11,2020,14,1,33,33069,2,1,1,6,AVE DE TIVOLI,44.86984,-0.59753
202000023586,1,10,2020,20,3,59,59266,1,1,2,7,D147,50.536537,2.973823
202000023587,28,10,2020,20,5,33,33550,2,6,1,3,RTE DE LEOGNAN,44.77271,-0.57658
202000023588,6,10,2020,12,1,41,41288,1,1,1,2,Autoroute A10,47.654476,1.378055
202000023589,9,11,2020,7,1,33,33281,2,1,1,2,AVE MARCEL DASSAULT,44.8442,-0.6741
202000023590,7,11,2020,0,5,31,31555,2,1,6,6,RUE DES AMIDONNIERS,43.60629,1.42528
202000023591,30,8,2020,12,1,971,97132,1,1,2,1,La Regrettée,15.993799,-61.651964
202000023592,5,10,2020,15,3,19,19150,1,1,2,6,D1089,45.0762785,1.6054845
202000023593,5,10,2020,15,1,19,19118,1,1,3,6,18 La Tronche,45.470515,1.755495
202000023594,6,10,2020,13,1,82,82018,1,1,2,6,Route de Caussade,44.1020781,1.5373228
202000023595,9,11,2020,18,3,29,29232,1,1,2,2,D20 - Route de Plomelin,47.9700888,-4.1272921
202000023596,5,10,2020,20,3,11,11261,1,1,1,6,CD 2113,43.179285,2.666931
202000023597,8,11,2020,20,5,29,29019,2,6,1,3,Rue de Maissin,48.3900032,-4.5036956
202000023598,1,10,2020,18,1,49,49283,1,1,8,3,Le Petit Rochefou,47.430232,-0.7705105
202000023599,6,10,2020,10,1,12,12052,1,1,2,3,Lieu Dit Marcilhac,44.5734803,2.0947132
202000023600,6,11,2020,19,5,26,26198,2,6,1,3,Rond Point des Présidents,44.530894,4.745591
202000023601,3,10,2020,3,3,35,35338,2,1,1,6,RN 157,48.075276,-1.27056
202000023602,16,7,2020,16,1,29,29293,1,1,1,2,Kergunus,47.8635287,-3.8434505
202000023603,9,11,2020,12,1,25,25056,2,1,1,2,DIDEROT BOULEVARD,47.24631,6.03579
202000023604,5,10,2020,19,3,31,31037,1,1,1,6,Berseille,43.394828,1.733512
202000023605,22,10,2020,10,1,22,22113,2,9,1,1,FRERES LAGADEC (RUE DES),48.7260083,-3.4697388
202000023606,10,11,2020,0,5,18,18033,2,1,1,6,FOCH (BOULEVARD DU MARECHAL),47.07896,2.40914
202000023607,9,11,2020,15,1,13,13117,2,1,1,6,SALYENS ( AVENUE DES ),43.4424,5.25269
202000023608,6,10,2020,5,3,31,31080,1,1,1,6,Route de Gensac,43.285813,0.630743
202000023609,9,11,2020,14,1,13,13214,2,1,1,3,PARTY (TRAVERSE DE),43.348535,5.41162
202000023610,5,10,2020,21,3,84,84014,1,1,1,6,D996,43.714046,5.717375
202000023611,9,11,2020,12,1,13,13202,2,1,1,3,LA MADRAGUEVIL (CHEMIN DE LA),43.327252,5.360398
202000023612,5,10,2020,18,1,03,03030,1,1,1,1,,46.070168,3.3072467
202000023613,9,11,2020,6,5,13,13209,2,9,1,3,CABOT (BOULEVARD),43.26017,5.41583
202000023614,9,11,2020,7,1,10,10333,2,9,1,-1,AUXERRE (ROUTE),48.27091,4.05228
202000023615,9,11,2020,9,1,07,07281,2,6,2,3,Carrefour de la LIBERATION,44.94589,4.8471
202000023616,6,10,2020,8,1,50,50639,1,4,2,3,village du guériant,48.832958,-1.205637
202000023617,27,9,2020,15,1,06,06083,2,6,1,3,CARNOT (AVENUE),43.77295,7.49854
202000023618,5,10,2020,7,1,43,43227,1,1,1,5,Lieu-dit Trève,45.304067,4.3178737
202000023619,6,10,2020,11,1,27,27467,1,1,2,6,Route de Quillebeuf,49.36172,0.51185
202000023620,9,11,2020,8,1,06,06069,2,1,1,1,Route de Saint Mathieu,43.659715,6.951717
202000023621,6,10,2020,11,1,17,17243,1,1,3,4,N10,45.219216,-0.289121
202000023622,6,11,2020,12,1,05,05061,2,3,1,2,EYSSAGNIERES ( ROUTE DES ),44.5457443,6.0534642
202000023623,5,10,2020,18,1,87,87033,1,1,2,3,Taillac,45.9883847,1.1555399
202000023624,1,10,2020,20,5,37,37059,1,1,1,6,,47.4652136,0.6209126
202000023625,9,11,2020,13,1,75,75116,2,1,1,5,PORTE DAUPHINE,48.870483,2.272529
202000023626,9,11,2020,11,1,75,75119,2,1,1,3,PORTE D AUBERVILLIERS,48.900359,2.376642
202000023627,5,10,2020,21,3,77,77453,1,9,2,5,autoroute 5 PK 13+900,48.540755,2.79316
202000023628,9,11,2020,8,1,75,75118,2,1,1,5,PORTE DE SAINT OUEN,48.900847,2.334437
202000023629,9,11,2020,9,1,75,75116,2,7,1,6,RUE BOISSIERE,48.865674,2.292672
202000023630,30,9,2020,17,1,74,74014,1,9,1,7,Col de Pierre Carrée (Col de montagne),46.0198037,6.6612017
202000023631,9,11,2020,8,1,75,75105,2,1,1,3,RUE BUFFON,48.842199,2.35993
202000023632,9,11,2020,7,5,75,75120,2,7,1,3,PLACE GAMBETTA,48.865068,2.398583
202000023633,4,10,2020,16,1,91,91207,2,1,1,6,Avenue de Verdun,48.578634,2.239945
202000023634,3,10,2020,21,3,987,98729,1,1,1,6,PK 21 VAEANAE,-17.533189,-149.838611
202000023635,9,11,2020,13,1,75,75119,2,3,1,2,RUE DE CAMBRAI,48.897413,2.380653
202000023636,27,9,2020,11,1,974,97421,1,1,1,6,rd 48 pk 23+900,-21.058265,55.524782
202000023637,6,10,2020,17,1,973,97311,2,1,1,6,Rue du Lt Colonel Tourtet,5.5020909,-54.0278283
202000023638,9,11,2020,8,1,75,75119,2,3,1,2,AVENUE DE LA PORTE DE LA VILLETTE,48.898259,2.386244
202000023639,5,10,2020,21,3,45,45316,1,1,2,6,13 Rue du Pont des Besniers,47.950501,2.377274
202000023640,9,11,2020,7,1,75,75112,2,2,1,3,RUE DE PICPUS,48.84804,2.392859
202000023641,9,11,2020,8,1,75,75110,2,2,1,6,BOULEVARD DE MAGENTA,48.870546,2.361196
202000023642,5,10,2020,18,1,13,13004,1,3,1,1,Route d'Eyguières,43.663797,4.711161
202000023643,9,11,2020,16,1,94,94058,2,1,1,3,PIERRE BROSSOLETTE (AV),48.834815,2.506211
202000023644,5,10,2020,13,1,13,13041,2,2,1,3,Rue Thiers,43.455547,5.472205
202000023645,24,9,2020,14,1,56,56185,1,1,2,7,Lieu-dit le Rustic,47.779194,-3.433635
202000023646,9,11,2020,11,1,94,94041,2,3,8,2,GENERAL DE GAULLE (AV DU),48.818109,2.39798
202000023647,9,11,2020,12,1,94,94041,2,1,1,6,MARCEL BOYER (QU),48.82199,2.39321
202000023648,6,10,2020,7,1,89,89257,2,4,2,1,Avenue du Port,47.95945,3.504944
202000023649,9,11,2020,13,1,94,94077,2,1,1,1,SADI CARNOT (AV),48.73773,2.40943
202000023650,4,10,2020,20,3,67,67348,1,1,1,1,Rue du Coteau,48.452862,7.47787
202000023651,9,11,2020,8,1,94,94017,2,1,8,6,COEUILLY (AV DE),48.81242,2.52534
202000023652,17,9,2020,19,1,42,42122,2,1,1,1,Rue de la Conche,45.56736,4.060123
202000023653,6,10,2020,0,3,01,01424,1,1,1,6,Route de la Boisse,45.875048,4.981774
202000023654,9,11,2020,11,1,93,93077,2,2,7,6,RAINCY (AVENUE DU),48.88662,2.50896
202000023655,5,10,2020,9,1,79,79049,1,6,2,7,,46.845282,-0.530133
202000023656,9,11,2020,17,5,93,93050,2,2,1,6,HUIT MAI 1945,48.8678239,2.5339523
202000023657,9,11,2020,13,1,93,93048,2,1,1,6,R EDOUARD VAILLANT,48.8517,2.4311
202000023658,9,11,2020,14,1,93,93046,2,5,1,6,AV JULES GUESDES / AV ARISTIDE BRIAND,48.9106365,2.5122529
202000023659,9,11,2020,10,1,93,93045,2,1,1,3,JUIN AVENUE DU MARECHAL,48.8802939,2.4219288
202000023660,6,10,2020,7,2,33,33051,2,3,2,3,Avenue de la Côte d'Argent,44.631047,-0.983126
202000023661,9,11,2020,6,2,93,93032,2,1,1,3,PAUL VAILLANT COUTURIER (RUE),48.87613,2.54978
202000023662,5,10,2020,8,2,50,50502,1,1,2,2,N174,49.098923,-1.112999
202000023663,9,11,2020,12,1,93,93010,2,3,1,6,R ROGER SALENGRO / R LOUIS AUGUSTE BLANQUI,48.90036,2.47864
202000023664,3,10,2020,10,1,29,29046,2,1,6,6,1 Allee Sainte Croix,48.0861551,-4.31923
202000023665,5,10,2020,8,1,13,13215,1,1,1,2,A7-Sens Lyon vers Marseille,43.36655,5.36068
202000023666,9,11,2020,17,1,93,93008,2,1,1,6,VAILLANT COUTURIER (AVENUE PAUL),48.9089345,2.4500458
202000023667,4,10,2020,20,5,13,13203,1,1,2,7,A7-Sens Marseille vers Lyon,43.30785,5.375646