Num_Acc,jour,mois,an,hr,condition_eclairage,departement,commune,condition_agglomeration,intersection,condition_atmosphere,type_collision,adresse,lattitude,longitude
202000023668,9,11,2020,21,3,92,92026,2,1,1,-1,ABREUVOIR,48.89097,2.25519
202000023669,3,10,2020,15,1,83,83144,1,1,1,5,A57,43.1351527,5.9904581
202000023670,9,11,2020,15,1,92,92012,2,2,1,6,ROBERT SCHUMAN (AVENUE),48.84418,2.24983
202000023671,10,11,2020,14,1,60,60403,1,1,1,6,D615,49.5154398,2.0003657
202000023672,18,9,2020,17,1,69,69266,1,1,1,2,RD383   3.750 A 7.640,45.7532955,4.9083247
202000023673,5,10,2020,21,3,33,33080,1,1,1,6,AUTOROUTE A 62,44.75114,-0.54199
202000023674,5,10,2020,18,1,33,33397,1,1,1,4,AUTOROUTE A 10,44.91751,-0.47697
202000023675,5,10,2020,16,1,33,33013,1,1,2,4,ROUTE NATIONALE 230,44.86071,-0.50403
202000023676,9,11,2020,10,1,37,37010,1,2,1,1,,47.548991,0.9773611
202000023677,5,10,2020,18,1,91,91689,1,1,1,2,AUTOROUTE A6A,48.74813,2.32687
202000023678,4,11,2020,14,1,47,47133,1,3,1,1,D41,44.058757,0.561805
202000023679,5,10,2020,16,1,91,91659,1,1,2,5,AUTOROUTE A6,48.57813,2.46333
202000023680,5,10,2020,13,1,77,77251,1,1,2,6,AUTOROUTE A5A,48.62381,2.54191
202000023681,5,10,2020,10,1,91,91064,1,1,2,3,RN 118,48.75,2.20286
202000023682,10,11,2020,7,2,35,35014,1,3,1,3,le bas mesnil,47.971601,-1.32499
202000023683,5,10,2020,10,1,94,94037,1,1,1,7,AUTOROUTE A6B,48.81574,2.35639
202000023684,5,10,2020,10,1,94,94034,1,1,1,7,AUTOROUTE A86,48.75631,2.3353417
202000023685,5,10,2020,13,1,92,92072,1,1,8,6,N118,48.8129909,2.2140024
202000023686,5,10,2020,11,1,78,78402,1,1,1,2,A13,48.964065,1.781833
202000023687,5,10,2020,6,5,78,78090,1,1,3,5,A13,48.970224,1.908137
202000023688,9,11,2020,17,5,06,06095,2,9,1,1,96 Avenue de Boutiny,43.645705,6.887088
202000023689,5,10,2020,2,5,92,92064,1,1,2,6,A13,48.8395625,2.1999478
202000023690,10,11,2020,7,2,83,83073,2,1,1,7,Rue de l'Ormeau,43.3836435,6.307869
202000023691,2,10,2020,13,1,30,30034,1,1,2,1,D6113,43.770571,4.472761
202000023692,5,10,2020,9,1,95,95424,1,1,2,4,A15,48.9945664,2.1840328
202000023693,5,10,2020,9,1,95,95365,1,1,2,2,RN 104,49.061084,2.416769
202000023694,10,11,2020,7,1,51,51439,1,1,1,3,D20a PR 002.500,49.3416369,4.1735109
202000023695,5,10,2020,8,1,93,93053,1,1,2,3,AUTOROUTE A103,48.8870641,2.4753472
202000023696,10,11,2020,9,1,74,74137,1,9,1,3,Route d'Annecy,45.998616,6.178586
202000023697,5,10,2020,7,2,77,77363,1,1,2,-1,A4,48.916292,2.633688
202000023698,9,11,2020,18,3,32,32147,1,1,1,1,N124,43.631319,0.858162
202000023699,4,10,2020,22,3,77,77249,1,1,1,6,RN104,48.741022,2.6123
202000023700,9,11,2020,7,2,29,29024,2,6,1,3,Avenue victor hugo,48.277088,-3.559383
202000023701,10,11,2020,18,5,29,29037,2,3,1,7,Hent Kerbohis,47.887046,-4.155815
202000023702,3,10,2020,13,1,988,98818,2,3,1,3,AVENUE JAMES COOK/RUE DU CAPITAINE BOIS,-22.26822,166.42626
202000023703,9,11,2020,13,1,70,70063,1,1,1,6,D486,47.757861,6.605034
202000023704,4,10,2020,8,1,976,97611,2,1,1,1,tsoundzou-Cadjifouteni ( rue ),-12.80693,45.20783
202000023705,4,10,2020,15,1,974,97407,2,1,1,3,Rue Jacques Duclos,-20.95851,55.31442
202000023706,4,10,2020,20,5,69,69383,2,1,1,2,LACASSAGNE                          (AV),45.75703,4.86221
202000023707,4,10,2020,6,5,69,69388,2,1,1,6,MARYSE BASTIE                       (R ),45.73928,4.87405
202000023708,30,10,2020,20,3,45,45314,1,1,2,6,Route de Fay,47.971953,2.173941
202000023709,4,10,2020,6,1,972,97213,1,1,2,7,ROUTE NATIONALE 5,14.59426,-60.98424
202000023710,9,11,2020,8,1,45,45130,1,3,1,2,D951 - rue de villecante,47.8021655,1.7323397
202000023711,4,10,2020,15,-1,83,83069,2,1,-1,7,MOULIN (AVENUE JEAN),43.11288,6.12974
202000023712,3,11,2020,6,5,53,53097,2,6,9,3,Boulevard du Maréchal de Lattre de Tassigny,48.147806,-0.412749
202000023713,3,10,2020,19,2,83,83069,1,1,8,7,BRANLY (RUE),43.113256,6.1361622
202000023714,9,11,2020,22,3,85,85051,1,1,1,6,les Aveneaux,46.6709,-1.08691
202000023715,3,10,2020,18,1,80,80001,2,3,1,7,JEAN MENNESSON,50.11594,1.82765
202000023716,10,11,2020,8,1,978,97801,1,1,3,3,35 Chemin de la Savane,18.089845,-63.066013
202000023717,26,9,2020,11,1,69,69264,2,1,2,-1,AMPERE  (rue),45.98795,4.7246
202000023718,4,10,2020,11,1,59,59599,2,1,8,6,LORIDANT (RUE HENRI),50.6972,3.14726
202000023719,10,11,2020,11,1,988,98805,1,1,1,1,R.T.1 Katiramona,-22.145992,166.438875
202000023720,3,10,2020,19,1,37,37179,2,6,2,7,ROSTAND (CARREFOUR JEAN),47.4373414,0.7096835
202000023721,24,10,2020,16,1,67,67049,2,1,1,-1,2 Rue du Marechal Foch,48.5044444,7.6027826
202000023722,11,10,2020,14,1,13,13058,2,2,1,3,Avenue de la Vallée des Baux,43.720346,4.80757
202000023723,4,10,2020,16,1,35,35238,2,2,1,3,FREVILLE (AVENUE HENRI),48.08376,-1.67512
202000023724,10,11,2020,6,2,988,98813,1,3,1,3,RT1/VU3 FOCOLA,-21.693261,165.780703
202000023725,9,11,2020,22,3,77,77377,1,1,8,6,D10,48.720216,2.757654
202000023726,4,10,2020,11,1,33,33063,2,3,3,7,RUE DE BEGLES / RUE VIDEAU,44.82847,-0.56785
202000023727,9,11,2020,20,3,34,34272,2,6,1,7,route de Lunel,43.658519,4.115689
202000023728,12,7,2020,13,1,13,13004,1,9,1,3,N568,43.5842224,4.7654
202000023729,27,10,2020,14,1,38,38382,2,2,1,3,Route de Lyon,45.242749,5.670699
202000023730,4,10,2020,18,1,27,27681,2,1,8,2,Av du Maréchal de Lattre de Tassigny,49.084,1.46333
202000023731,9,11,2020,19,3,69,69141,1,1,1,1,D34,45.610305,4.677372
202000023732,30,7,2020,10,1,13,13202,2,1,1,3,SAINT JEAN (AVENUE),43.29644,5.36609
202000023733,9,11,2020,22,5,69,69163,2,1,1,6,874 Route de Varennes,45.92791,4.775967
202000023734,30,9,2020,13,1,13,13211,2,1,1,6,POMME (BOULEVARD DE LA ),43.29144,5.44464
202000023735,10,11,2020,17,1,22,22376,1,1,1,6,Le Bois d'Uzel,48.233406,-2.765658
202000023736,4,10,2020,17,1,13,13063,2,3,8,3,STEPHENSON RUE,43.58363,4.99939
202000023737,9,11,2020,6,3,69,69297,1,1,5,7,A7   15.770 A 20.110,45.61498,4.80987
202000023738,2,10,2020,17,1,13,13047,2,1,3,1,EDOUARD GUIZONNIER BOULEVARD,43.51,4.9888
202000023739,9,11,2020,9,1,93,93066,1,1,1,4,AUTOROUTE A86,48.92176,2.36731
202000023740,9,11,2020,10,1,94,94018,1,1,1,2,A4,48.81767,2.41481
202000023741,3,10,2020,19,2,13,13001,2,3,8,3,VERDIERE (RUE DE LA),43.5235,5.4167
202000023742,7,11,2020,0,3,94,94046,1,9,1,2,A86 EXT,48.812276,2.449104
202000023743,4,10,2020,17,1,12,12202,2,1,1,6,MARECHAL JOFFRE (AVENUE DU),44.3619,2.5819
202000023744,3,10,2020,7,1,10,10333,2,2,2,3,CHARLES MORET (RUE),48.27992,4.0677
202000023745,3,10,2020,13,1,75,75119,2,4,8,2,PORTE DE PANTIN,48.888593,2.396665
202000023746,1,4,2020,9,1,33,33138,2,3,1,6,Rue Pierre Sémard,45.036895,-0.13151
202000023747,2,10,2020,9,1,75,75117,2,4,2,-1,PORTE MAILLOT,48.882763,2.283392
202000023748,7,11,2020,8,1,973,97302,2,3,1,3,ROUTE NATIONALE 3,4.9055413,-52.3202599
202000023749,4,10,2020,2,5,75,75112,2,7,2,6,PLACE EDOUARD RENARD,48.834955,2.408175
202000023750,6,11,2020,13,1,973,97302,2,3,1,3,MONTABO (ROUTE DE) 1,4.93529,-52.29456
202000023751,7,11,2020,19,5,69,69259,2,1,1,2,CHARLES DE GAULLE                   (AV),45.71297,4.89878
202000023752,4,10,2020,11,1,75,75105,2,2,8,5,BOULEVARD SAINT GERMAIN,48.849374,2.356054
202000023753,8,11,2020,17,5,69,69034,2,1,8,7,PERIPHERIQUE NORD                   (BD),45.79169,4.8708
202000023754,2,10,2020,18,1,75,75106,2,1,2,6,RUE DE RENNES,48.846201,2.32613
202000023755,8,11,2020,8,1,69,69286,2,3,8,3,EUROPE (DE L')                      (AV),45.81327,4.89344
202000023756,4,11,2020,20,5,69,69034,2,1,1,6,RAYMOND POINCARE                    (PT),45.78973,4.86056
202000023757,4,10,2020,21,5,75,75120,2,2,1,3,RUE BELGRAND,48.864566,2.407201
202000023758,8,11,2020,19,3,91,91434,2,1,1,2,SALVADOR ALLENDE (RUE),48.659052,2.348783
202000023759,4,10,2020,2,5,75,75118,2,1,2,5,BOULEVARD ORNANO,48.896984,2.345162
202000023760,4,10,2020,5,5,75,75117,2,2,2,3,BOULEVARD D AURELLE DE PALADINES,48.882594,2.282766
202000023761,7,11,2020,11,1,77,77243,2,3,1,3,GEORGES POMPIDOU (BOULEVARD),48.8654,2.70537
202000023762,4,10,2020,21,5,75,75114,2,2,9,3,BOULEVARD BRUNE,48.82381,2.323237
202000023763,7,11,2020,19,5,69,69266,2,1,1,4,GENAS    (Route de),45.7498784,4.9123814
202000023764,4,10,2020,2,5,75,75113,2,2,2,2,AVENUE DES GOBELINS,48.83584,2.352518
202000023765,7,11,2020,11,1,69,69029,2,2,1,3,PAUL GAUGUIN                            ,45.7354385,4.9170465
202000023766,4,10,2020,15,1,75,75112,2,1,1,7,BOULEVARD DE BERCY,48.84002,2.381873
202000023767,14,10,2020,16,1,62,62516,2,1,1,1,FAUBOURG D AVAL - RUE DU -,50.565215,2.485409
202000023768,4,10,2020,19,5,75,75111,2,1,8,3,AVENUE DE LA REPUBLIQUE,48.86482,2.376982
202000023769,7,11,2020,17,5,45,45234,2,1,1,6,Rue Jean d’Aulon,47.837083,1.930698
202000023770,4,10,2020,17,1,75,75111,2,1,2,3,RUE DE LA FOLIE REGNAULT,48.857688,2.387532
202000023771,4,10,2020,17,1,75,75111,2,1,3,6,BOULEVARD RICHARD LENOIR,48.863014,2.372136
202000023772,8,11,2020,23,1,44,44109,2,1,1,-1,LUCE ( RTE DE SAINTE ),47.22947,-1.5249
202000023773,4,10,2020,11,1,75,75112,2,2,1,6,RUE DE CHARENTON,48.848353,2.376003
202000023774,8,11,2020,17,1,35,35238,2,1,1,6,GINGUENE,48.0992276,-1.6784739
202000023775,6,11,2020,17,5,34,34129,1,2,1,3,EUROPE (AVENUE DE L'),43.57163,3.89574
202000023776,3,10,2020,22,5,75,75111,2,2,2,-1,AVENUE PARMENTIER,48.870008,2.371065
202000023777,4,10,2020,10,1,75,75110,2,1,8,3,RUE LOUIS BLANC,48.879197,2.368597
202000023778,8,11,2020,22,5,13,13211,2,1,1,3,ELLEON (AVENUE),43.285367,5.442212
202000023779,4,10,2020,14,1,94,94081,2,1,2,6,PAUL VAILLANT COUTURIER (AV),48.79991,2.40129
202000023780,8,11,2020,16,1,13,13215,2,7,1,3,VISTE (AVENUE DE LA),43.35881,5.35763
202000023781,4,10,2020,1,5,94,94073,2,9,1,-1,FONTAINEBLEAU (AV DE),48.7598103,2.3685704
202000023782,8,11,2020,15,1,13,13005,1,1,1,1,NATIONALE 8 DE PARIS A TOULON (ROUTE),43.2834773,5.5955547
202000023783,3,10,2020,19,2,94,94069,2,2,8,3,CANADIENS (AV DES),48.81702,2.45769
202000023784,4,10,2020,20,5,93,93066,2,2,2,3,WILSON (AVENUE DU PRESIDENT),48.90658,2.35875
202000023785,6,11,2020,14,1,07,07281,2,3,1,3,BOUVAT (AVENUE MARC),44.94716,4.85082
202000023786,4,10,2020,21,3,93,93051,2,1,2,6,MONT D'EST (BD),48.84072,2.54193
202000023787,8,11,2020,17,5,06,06088,2,2,1,3,CLEMENCEAU (AV. GEORGES),43.70182,7.26081
202000023788,6,11,2020,10,1,75,75112,2,4,1,6,BOULEVARD PERIPHERIQUE,48.827903,2.394553
202000023789,4,10,2020,14,1,93,93046,2,3,2,3,JEAN JAURES BOULEVARD,48.9197002,2.5270241
202000023790,7,11,2020,13,1,75,75119,2,7,1,3,PLACE AUGUSTE BARON,48.900938,2.388215
202000023791,4,10,2020,19,2,93,93013,2,1,2,3,AV DE LA DIVISION LECLERC,48.9299322,2.420648
202000023792,8,11,2020,19,5,75,75115,2,2,1,1,QUAI BRANLY,48.854665,2.288919
202000023793,3,10,2020,23,5,92,92024,2,1,8,3,MARTRE (RUE) DE (59 A 109)   (58 A 120),48.9029258,2.3063058
202000023794,8,11,2020,9,1,75,75110,2,4,1,7,BOULEVARD DE MAGENTA,48.881408,2.351416
202000023795,8,11,2020,9,1,94,94076,2,9,1,6,KARL MARX (AV),48.78438,2.3624
202000023796,3,10,2020,17,1,38,38459,2,1,8,1,Route des Charbonnières,45.489464,4.931499
202000023797,8,11,2020,20,5,94,94041,2,1,1,6,FRANCOIS MITTERAND,48.8,2.38
202000023798,4,10,2020,19,2,86,86183,2,4,2,6,Rue de Bois Pouzin,46.972822,0.614093
202000023799,8,11,2020,11,1,94,94041,2,9,1,3,MAURICE THOREZ (AV),48.81902,2.37408
202000023800,4,10,2020,4,3,86,86241,1,1,2,7,17 Le Port de Rives,46.941143,0.702733
202000023801,8,11,2020,21,5,93,93073,2,3,1,3,Onzieme Avenue,48.96396,2.57227
202000023802,7,11,2020,20,5,93,93046,2,2,1,2,AV LUCIE AUBRAC / AV MAUROUARD,48.93144,2.54565
202000023803,8,11,2020,19,5,93,93031,2,2,1,3,FELIX MERLIN,48.9552992,2.2902042
202000023804,24,8,2020,7,1,71,71222,1,1,1,6,D980,46.6505457,4.4243088
202000023805,8,11,2020,11,1,92,92046,2,3,1,3,PIERRE LAROUSSE (AVENUE),48.82193,2.30401
202000023806,7,11,2020,22,5,92,92033,2,1,1,6,GENERAL DE GAULLE,48.8410426,2.1961399
202000023807,29,9,2020,14,1,76,76562,1,1,1,-1,Rue Edmond Manoury,49.868322,1.198046
202000023808,8,11,2020,20,5,24,24350,1,1,1,2,D6089,45.159572,0.593884
202000023809,9,11,2020,16,1,988,98810,1,3,1,3,RT1/RM23,-20.68845,164.42224
202000023810,8,11,2020,9,1,23,23193,1,9,1,7,rond pointdes combattants volontaires de la résistance,46.161854,1.910586
202000023811,5,10,2020,8,1,63,63189,1,1,3,1,D922,45.641768,2.724652
202000023812,7,11,2020,17,1,974,97410,2,1,1,2,N 2 Riviere des Roches,-21.007088,55.697621
202000023813,9,11,2020,1,4,974,97414,2,1,1,6,71 Rue de la Palissade,-21.280652,55.418901
202000023814,19,10,2020,8,1,2A,2A032,1,1,1,2,T40,41.913847,8.82332
202000023815,5,10,2020,15,1,41,41256,1,1,2,4,A71,47.279023,2.04313
202000023816,6,11,2020,18,3,29,29165,1,1,1,6,Lieu dit LHent Mahat,47.810921,-4.238706
202000023817,9,11,2020,20,3,60,60249,1,1,1,6,Route de Balagny,49.279405,2.320639
202000023818,4,10,2020,13,1,12,12194,1,1,2,6,N88,44.241132,2.410474
202000023819,9,11,2020,7,2,07,07104,1,9,2,2,LA BLACHE,44.780822,4.501637
202000023820,30,9,2020,17,1,30,30334,1,1,1,1,Chemin du Mas des Tailles,44.019465,4.401824
202000023821,9,11,2020,9,1,27,27467,2,1,1,6,intersection Rue Jean jaures et rue Stanislas Delaquaize,49.354009,0.516158
202000023822,21,9,2020,14,1,62,62784,1,2,1,3,La Grimpette,50.196112,2.514582
202000023823,9,11,2020,7,1,17,17337,1,1,1,2,D734,45.991073,-1.361167
202000023824,5,10,2020,17,1,62,62733,1,1,2,6,D3,50.13007,2.608094
202000023825,30,9,2020,3,3,19,19066,1,1,5,6,RD 147,45.1423528,1.3385356
202000023826,29,10,2020,18,2,17,17127,2,2,1,3,Route de Ferrières,46.240796,-0.817843
202000023827,4,10,2020,17,1,32,32408,1,2,2,3,D33,43.810836,-0.03636
202000023828,9,11,2020,7,1,973,97309,2,1,1,3,Route de Montjoly (rd1),4.91315,-52.273099
202000023829,5,10,2020,9,1,71,71230,2,1,8,6,14 Rue Jean Bouveri,46.5999626,4.0571735
202000023830,8,8,2020,16,1,988,98802,1,1,1,4,ROUTE TERRITORIALE N°1,-21.898401,166.101614
202000023831,5,10,2020,6,3,71,71221,1,2,2,7,Rue de Fontaine Couverte,46.7770865,4.7578429
202000023832,9,11,2020,7,1,976,97615,2,1,2,1,route nationale 4,-12.795983,45.274073
202000023833,5,10,2020,12,1,71,71135,2,2,2,1,Route de Quintaine,46.4335752,4.8307936
202000023834,8,11,2020,13,1,971,97119,1,1,1,7,D120,16.415349,-61.425344
202000023835,2,10,2020,7,3,61,61215,1,1,1,6,Lieu Dit Malnoe,48.51641,0.375712
202000023836,8,11,2020,19,3,37,37072,1,6,1,6,,47.1752184,0.2019157
202000023837,2,10,2020,18,1,47,47142,1,2,1,3,379 Piece de Moise,44.635834,0.477948
202000023838,9,11,2020,18,5,83,83115,2,1,1,6,95 Av du Croiseur Leger le Malin,43.339123,6.678003
202000023839,5,10,2020,16,1,22,22137,1,1,8,1,Rundeunic,48.319035,-3.431318
202000023840,4,10,2020,14,1,38,38384,1,1,2,2,D119,45.355636,5.328889
202000023841,6,11,2020,12,1,83,83023,1,1,1,5,D12 pk 2+500,43.395911,6.091097
202000023842,4,10,2020,21,3,02,02386,1,1,1,1,D946,49.957543,3.642483
202000023843,8,11,2020,6,3,88,88315,1,1,1,7,D50,48.266905,6.725789
202000023844,4,10,2020,20,3,03,03221,1,1,1,7,route d'Ainay le Château,46.6759908,2.6928947
202000023845,5,10,2020,10,1,15,15079,1,1,2,6,plaine de jaleyrac,45.270383,2.364941
202000023846,9,11,2020,10,1,73,73006,2,1,1,1,Montee de Saint Sigismond,45.559673,6.652511
202000023847,9,11,2020,1,3,42,42094,2,1,1,6,Rue de la Loire,45.742775,4.207474
202000023848,8,11,2020,17,1,09,09164,1,1,1,3,Lort,42.992987,1.22173
202000023849,9,11,2020,16,1,09,09221,1,1,1,5,N 20,42.818495,1.623005
202000023850,8,11,2020,9,1,87,87161,2,1,9,3,Avenue du Général de Gaulle,45.834996,1.489356
202000023851,8,11,2020,21,3,61,61074,1,1,1,6,D2,48.579503,-0.134668
202000023852,9,11,2020,10,1,80,80685,1,1,1,3,A1,49.711445,2.772814
202000023853,8,11,2020,15,1,69,69256,1,9,2,6,A42     0.560 A 4.020,45.80441,4.92606
202000023854,7,11,2020,13,1,93,93064,1,1,1,3,AUTOROUTE A86,48.863015,2.482871
202000023855,8,11,2020,13,1,94,94052,1,1,1,6,A86 INT,48.8421989,2.4927536
202000023856,17,9,2020,22,3,33,33374,1,3,1,3,RD137 / route du Palais du Roy,45.24838,-0.56775
202000023857,6,11,2020,16,1,988,98818,2,1,1,3,VICTOIRE-HENRI LAFLEUR (AVENUE DE LA),-22.27443,166.44678
202000023858,18,12,2020,13,1,92,92036,2,2,1,3,CHANDON (AVENUE) (1/63),48.921937,2.299834
202000023859,18,12,2020,14,1,92,92026,2,1,1,2,PAIX (RUE DE LA),48.9031,2.2667
202000023860,18,12,2020,12,1,92,92025,2,4,1,1,VALMY (BD DE),48.92476,2.252725
202000023861,18,12,2020,18,5,92,92007,2,1,1,-1,BARBUSSE (AVENUE HENRI) N° 1 A 43 ET 2 A,48.8016935,2.315894
202000023862,18,12,2020,16,2,92,92004,1,1,1,-1,DOCTEUR DERVAUX  ( QUAI DU ),48.9092659,2.2936429
202000023863,14,12,2020,23,4,92,92004,2,1,3,6,INTERCOMMUNAL (B),48.93408,2.28108
202000023864,7,12,2020,15,1,01,01449,1,2,1,3,D93,46.004409,5.233365
202000023865,19,12,2020,7,2,17,17413,2,1,2,1,Route de Chatelaillon - Départmentale 113,46.079622,-1.054261
202000023866,19,12,2020,17,2,41,41150,1,1,1,1,D765,47.532661,1.420187
202000023867,17,12,2020,15,1,71,71105,1,1,1,4,A6 pk 391+700 sens LYON/PARIS,46.3024254,4.7930852
202000023868,19,12,2020,6,2,972,97221,1,1,1,1,Route de Riviere Pilote,14.509015,-60.949118
202000023869,18,12,2020,20,3,28,28024,1,1,1,2,N123,48.415851,1.483283
202000023870,18,12,2020,20,3,974,97410,1,1,2,7,N 3 Pont Payet,-21.097917,55.673734
202000023871,18,12,2020,10,1,14,14378,1,1,1,6,RN 13 PK 114+000,49.343835,-0.956067
202000023872,17,12,2020,23,3,974,97413,2,1,1,6,Chemin Dubuisson,-21.173047,55.296067
202000023873,19,12,2020,1,3,57,57188,1,1,1,6,route forestière Erbsenthal,49.034267,7.556791
202000023874,18,12,2020,18,3,19,19285,1,1,1,1,Le Grand Brugeron,45.401493,1.50429
202000023875,18,12,2020,18,3,82,82161,1,1,5,6,2721 Vieille Route de Montauban,44.050576,1.439692
202000023876,17,12,2020,14,1,33,33123,1,2,1,3,Rue des Pensees,45.093747,-0.439051
202000023877,18,12,2020,16,1,61,61230,1,1,8,7,La Véronnière,48.570644,0.758743
202000023878,19,12,2020,13,1,42,42029,1,1,1,6,D1,45.847538,4.276922
202000023879,19,12,2020,16,1,47,47318,1,1,2,1,lieu dit grange,44.192913,0.326586
202000023880,18,12,2020,10,1,41,41231,1,2,1,3,D121,47.468141,1.938711
202000023881,30,11,2020,12,1,41,41164,1,2,7,3,Les Martinières,47.273655,1.440207
202000023882,18,12,2020,18,3,25,25519,1,1,5,7,Rue du Dessoubre,47.297295,6.790769
202000023883,18,12,2020,19,3,44,44158,1,1,1,1,D17 PK 38,47.283105,-1.803882
202000023884,19,12,2020,18,5,15,15103,1,1,2,6,D28,44.781706,2.526737
202000023885,17,12,2020,17,1,72,72180,2,1,1,6,55 Place Carnot,48.35065,0.368924
202000023886,18,12,2020,16,1,45,45160,2,1,1,6,Rue de la Gare,48.193408,2.113479
202000023887,18,12,2020,18,3,18,18127,1,1,8,6,D940,46.780329,2.232349
202000023888,19,12,2020,16,1,07,07142,1,1,2,7,D392,44.722543,3.869591
202000023889,18,12,2020,15,1,24,24196,1,1,1,1,D4 - 70+150,45.351338,1.143072
202000023890,19,12,2020,14,1,85,85234,1,1,1,7,Chemin de la Baude,46.814482,-2.021039
202000023891,10,12,2020,7,5,27,27414,2,1,2,3,rue grande,48.939444,0.480866
202000023892,18,12,2020,4,3,37,37050,1,1,5,6,Rue des Barillers,47.332969,0.7382904
202000023893,18,12,2020,19,5,30,30184,2,4,1,1,RD982,43.980267,4.230037
202000023894,18,12,2020,19,3,78,78043,1,1,1,1,Route de Fontenay,48.83447,2.071706
202000023895,15,12,2020,2,5,78,78455,1,6,2,6,Route Nationale 307,48.843523,2.056911
202000023896,19,12,2020,1,3,06,06067,1,1,1,6,"A8, PK 217.700 chaussée nord",43.785022,7.45991
202000023897,18,12,2020,7,1,988,98803,1,9,1,6,Sortie nord de Bourail,-21.552036,165.47932
202000023898,18,12,2020,23,3,974,97415,2,1,1,3,115 Chemin Creve Coeur,-21.017228,55.287238
202000023899,19,12,2020,14,1,77,77196,1,1,1,2,Route Nationale 3,48.948154,2.742805
202000023900,16,12,2020,7,2,30,30211,2,3,1,3,Avenue de Provence,43.83119,4.497086
202000023901,18,12,2020,15,1,05,05151,1,1,1,1,RN 94,44.812166,6.57506
202000023902,19,12,2020,14,1,38,38148,2,1,1,6,Route de la Frette,45.616405,5.480053
202000023903,18,12,2020,14,1,69,69287,2,1,1,2,"D306, rond point intermarché",45.6978896,5.0143164
202000023904,18,12,2020,9,1,81,81187,1,1,1,6,D84,43.7109864,2.0079095
202000023905,19,12,2020,4,2,17,17058,1,1,2,6,Prise de Vignaud,45.851193,-1.10992
202000023906,18,12,2020,16,1,33,33456,1,1,1,6,D137,45.305505,-0.57494
202000023907,18,12,2020,16,2,29,29179,2,3,2,7,Rue du Général de Gaulle,48.534894,-4.311646
202000023908,18,12,2020,17,2,35,35121,1,1,2,1,D812,48.236658,-1.465484
202000023909,18,12,2020,7,3,13,13216,1,1,1,2,A55-Sens Marseille vers Martigues,43.36613,5.33505
202000023910,18,12,2020,17,3,33,33080,1,1,1,4,AUTOROUTE A 62,44.7484,-0.540391
202000023911,18,12,2020,14,1,91,91161,1,1,1,2,AUTOROUTE A6,48.71636,2.31
202000023912,18,12,2020,6,3,91,91161,1,1,1,7,AUTOROUTE A6,48.71388,2.30876
202000023913,18,12,2020,18,3,78,78672,1,1,1,5,A13,48.929225,1.98667
202000023914,17,12,2020,15,1,92,92050,1,1,1,2,A86,48.903965,2.2066037
202000023915,17,12,2020,6,3,78,78117,1,1,2,2,RN12,48.787457,2.146814
202000023916,16,12,2020,17,2,78,78455,1,1,1,5,A13,48.851863,2.065458
202000023917,18,12,2020,6,3,95,95394,1,1,1,6,RN 184,49.05236,2.18446
202000023918,18,12,2020,2,3,93,93064,1,1,1,7,AUTOROUTE A103,48.88786,2.4725
202000023919,17,12,2020,22,3,95,95572,1,1,1,6,RN 184,49.03958,2.12669
202000023920,16,12,2020,18,3,95,95351,1,1,1,3,RN 104,49.032114,2.491933
202000023921,18,12,2020,15,1,94,94017,1,1,1,-1,A4,48.82967,2.49836
202000023922,16,8,2020,23,5,84,84007,2,1,1,6,PIERRE SEMARD (avenue),43.93967,4.82091
202000023923,6,10,2020,22,5,19,19275,1,1,8,6,R.D. 982 NORD,45.56717,2.29833
202000023924,17,12,2020,20,5,988,98818,2,2,1,3,RUE JACQUES IEKAWE/RUE ARMAND OHLEN,-22.24839,166.46379
202000023925,17,12,2020,0,5,988,98818,2,3,1,7,ROUTE DE L'ANSE VATA/RUE MARCELLIN LACABANNE,-22.29335,166.4466
202000023926,17,12,2020,14,1,973,97302,2,1,1,3,GALMOT (AVENUE),4.93239,-52.32706
202000023927,17,12,2020,12,1,973,97302,1,2,1,3,DIGUE LEBLOND,4.92145,-52.32966
202000023928,17,12,2020,12,1,973,97302,2,1,8,-1,VOLTAIRE(AVENUE),4.942064,-52.3235893
202000023929,18,12,2020,0,5,69,69199,2,1,1,6,MARCEL SEMBAT                       (R ),45.71067,4.84684
202000023930,17,12,2020,18,5,69,69199,2,1,2,2,YVES FARGE                          (BD),45.69789,4.85786
202000023931,16,12,2020,10,1,69,69259,2,1,1,4,PIERRE SEMARD                       (AV),45.70869,4.87614
202000023932,17,12,2020,15,1,972,97213,2,9,1,4,ROUTE DEPARTEMENTALE 15 A,14.61075,-61.0018
202000023933,16,12,2020,5,2,972,97209,1,1,1,2,AVE CAMILLE DARSIERES,14.60271,-61.04426
202000023934,17,12,2020,8,1,69,69389,2,4,1,1,JOANNES CARRET                      (R ),45.78921,4.81257
202000023935,26,11,2020,15,1,95,95585,2,1,1,6,BROSSELETTE (RUE PIERRE),48.99258,2.37572