Num_Acc,jour,mois,an,hr,condition_eclairage,departement,commune,condition_agglomeration,intersection,condition_atmosphere,type_collision,adresse,lattitude,longitude
202000023936,17,12,2020,6,5,91,91326,2,3,1,1,COUR DE FRANCE (AVENUE DE LA),48.698,2.37196
202000023937,12,12,2020,11,1,88,88519,1,1,1,2,RN 59,48.34819,6.88673
202000023938,17,12,2020,11,1,87,87085,2,2,1,3,CARMES (PLACE DES),45.83017,1.25033
202000023939,16,12,2020,16,1,86,86194,2,3,1,3,Avenue de Nantes,46.589698,0.329662
202000023940,17,12,2020,18,5,82,82121,2,3,1,3,DOUMERC (BOULEVARD BLAISE),44.01234,1.36304
202000023941,17,12,2020,14,1,79,79329,2,1,1,-1,Boulevard de l'Europe,46.974499,-0.20038
202000023942,12,12,2020,13,1,78,78586,2,3,1,-1,VILLOING (ROBERT) N°1 A 97,48.93967,2.18654
202000023943,16,12,2020,19,5,76,76351,2,5,2,6,GUSTAVE NICOLLE,49.4925,0.14843
202000023944,17,12,2020,19,5,73,73065,2,6,2,2,CAFFE (PLACE),45.563741,5.919501
202000023945,13,12,2020,15,1,71,71105,1,1,1,7,DAVAYE (ROUTE DE),46.2993225,4.7801055
202000023946,17,12,2020,14,1,71,71540,1,1,1,6,PERIGAS (CHEMIN DE),46.7729426,4.4262394
202000023947,16,12,2020,15,1,69,69290,2,2,1,3,LYON (DE) (D 518)                   (RO),45.70753,4.9077
202000023948,17,12,2020,7,2,67,67482,2,3,1,3,RHIN (AVENUE DU),48.57081,7.78651
202000023949,16,12,2020,15,1,67,67482,2,4,1,3,Rue Arthur Rimbaud,48.58888,7.71403
202000023950,17,12,2020,13,1,64,64284,1,1,1,1,D 802,43.28069,-0.39109
202000023951,17,12,2020,11,1,64,64445,2,6,1,3,RONSARD,43.31805,-0.35638
202000023952,17,11,2020,11,1,64,64237,2,3,1,6,LOUIS BARTHOU,43.28319,-0.37235
202000023953,16,12,2020,7,5,63,63063,1,3,1,3,VERTE (RUE),45.8405399,3.1174379
202000023954,26,11,2020,19,4,58,58194,2,3,2,3,MADEMOISELLE BOURGEOIS,46.999,3.1739
202000023955,16,12,2020,9,1,56,56098,2,1,1,5,D194,47.76763,-3.32166
202000023956,23,10,2020,23,5,53,53130,2,1,1,7,MAYENNE ( AVENUE DE ),48.06941,-0.77176
202000023957,16,12,2020,19,5,51,51454,2,4,1,2,Boulevard Dauphinot,49.2626367,4.0569147
202000023958,17,12,2020,14,1,50,50129,2,1,1,2,MENDES FRANCE (BOULEVARD),49.6351,-1.62918
202000023959,16,12,2020,8,5,49,49007,2,1,1,6,BEDIER BOULEVARD,47.45181,-0.54512
202000023960,16,12,2020,14,1,49,49007,2,1,1,3,GAIN ( LOUIS),47.469487,-0.541516
202000023961,17,12,2020,15,1,45,45285,2,1,1,2,Rue Charles Beauhaire,47.90998,1.88143
202000023962,17,12,2020,8,2,45,45234,2,1,1,3,Avenue Dauphine,47.8926,1.90473
202000023963,16,12,2020,10,1,37,37122,2,6,1,3,Route de Monts,47.32317,0.6619001
202000023964,16,12,2020,7,5,37,37261,2,3,1,-1,FROMENTEL (RUE),47.3762646,0.6777758
202000023965,17,12,2020,14,1,35,35238,1,1,1,2,PORTE DE CLEUNAY,48.10533,-1.716756
202000023966,17,12,2020,13,1,35,35055,1,6,1,3,RD 173,48.08254,-1.64041
202000023967,16,12,2020,22,5,35,35238,2,1,2,7,SAINT-MALO (RUE DE),48.11572,-1.6809
202000023968,17,12,2020,19,5,33,33281,2,4,9,5,AVE PRESIDENT J.F. KENNEDY,44.83454,-0.6714
202000023969,17,12,2020,8,1,33,33550,2,3,8,3,AVE DES PYRENEES / RUE VICTOR SCHOELCHER,44.76068,-0.55718
202000023970,13,11,2020,12,1,31,31555,2,1,1,3,RUE DU FAUBOURG BONNEFOY,43.62007,1.45729
202000023971,17,12,2020,0,5,30,30189,2,9,1,3,REPUBLIQUE (RUE),43.8297,4.3558
202000023972,16,12,2020,16,1,30,30007,2,1,9,3,CROUPILLAC (AVE DE),44.13869,4.10458
202000023973,29,11,2020,9,1,29,29039,1,1,1,6,D122 - Rue Yves Trichard,47.87879,-3.87366
202000023974,16,12,2020,21,5,29,29019,2,2,1,3,Rue Duperré,48.396847,-4.483014
202000023975,17,12,2020,13,1,27,27528,2,6,1,6,CHAUSSE DU VEXIN,49.253,1.19428
202000023976,23,11,2020,15,1,26,26198,2,1,1,6,2 q Chemin des Combes,44.551887,4.741711
202000023977,16,12,2020,11,1,22,22215,2,1,1,6,rOND point de la villette,48.5014101,-2.7800399
202000023978,16,12,2020,8,1,15,15014,2,1,7,6,POMPIDOU (AVENUE GEORGES),44.91149,2.44891
202000023979,17,12,2020,17,1,14,14118,2,1,1,6,FALAISE (RUE DE -144),49.1599244,-0.3401074
202000023980,17,12,2020,10,1,14,14118,2,1,1,6,ORATOIRE (RUE DE L'),49.18047,-0.36077
202000023981,9,12,2020,19,3,13,13108,1,1,1,1,VALLABREGUES ( RD 81 ROUTE DE),43.819843,4.651756
202000023982,17,12,2020,13,1,13,13209,2,1,1,6,MAZARGUES (AVENUE DE),43.25,5.396
202000023983,17,12,2020,13,1,13,13204,2,1,1,6,FRANÇOISE DUPARC (BOULEVARD),43.3081,5.40207
202000023984,17,12,2020,7,5,10,10387,2,1,8,4,ANATOLE FRANCE (RUE),48.2832,4.07501
202000023985,17,12,2020,7,3,07,07019,1,1,1,4,D 104 (DEVIATION ST PRIVAS),44.61456,4.40857
202000023986,16,12,2020,10,1,06,06069,2,1,8,6,SEMARD (AVENUE PIERRE),43.656211,6.925372
202000023987,17,12,2020,13,1,05,05023,2,1,7,6,BOSCO (CHEMIN JEAN ),44.89763,6.64068
202000023988,16,12,2020,12,1,03,03185,2,3,1,3,Rue d’Ulm,46.3555341,2.5891675
202000023989,16,12,2020,17,5,01,01053,2,1,1,1,Chemin de la Chagne,46.20778,5.26069
202000023990,17,12,2020,18,5,75,75118,2,1,1,2,PORTE D AUBERVILLIERS,48.900672,2.368433
202000023991,16,12,2020,20,5,75,75120,2,1,1,2,PORTE DE BAGNOLET,48.866049,2.413204
202000023992,15,12,2020,14,1,75,75115,2,1,1,3,BOULEVARD PERIPHERIQUE,48.828461,2.289694
202000023993,16,12,2020,13,1,75,75120,2,1,1,5,BOULEVARD MORTIER,48.876624,2.407156
202000023994,17,12,2020,15,1,75,75115,2,1,1,3,AVENUE DE LA PORTE DE SEVRES,48.835183,2.277708
202000023995,17,12,2020,9,1,75,75115,2,2,1,3,RUE DE VAUGIRARD,48.837926,2.297718
202000023996,17,12,2020,17,5,75,75114,2,1,1,6,AVENUE DU GENERAL LECLERC,48.831709,2.330234
202000023997,17,12,2020,18,5,75,75113,2,2,1,6,RUE REGNAULT,48.824414,2.376418
202000023998,17,12,2020,16,1,75,75111,2,3,1,3,RUE DE MONTREUIL,48.850964,2.396466
202000023999,17,12,2020,15,1,75,75109,2,5,1,3,BOULEVARD HAUSSMANN,48.872948,2.333247
202000024000,17,12,2020,14,1,75,75108,2,7,1,3,PLACE DE LA CONCORDE,48.864076,2.320127
202000024001,17,12,2020,12,1,75,75108,2,2,1,7,AVENUE FRANKLIN D ROOSEVELT,48.866832,2.310255
202000024002,17,12,2020,8,1,75,75108,2,2,1,7,COURS LA REINE,48.864683,2.313652
202000024003,16,12,2020,8,1,75,75108,2,2,1,3,RUE LA BOETIE,48.873696,2.314473
202000024004,17,12,2020,11,1,75,75104,2,3,8,6,RUE SAINT ANTOINE,48.854767,2.362433
202000024005,17,12,2020,13,1,94,94081,2,3,2,3,Rue de la Baignade,48.80839,2.40773
202000024006,17,12,2020,12,1,94,94081,2,1,2,6,CONCORDE (R DE LA),48.79947,2.38516
202000024007,15,12,2020,18,5,94,94068,2,1,1,2,FOCH (AV),48.80321,2.48945
202000024008,17,12,2020,13,1,94,94046,2,3,2,3,MARECHAL JUIN (R DU),48.81553,2.42763
202000024009,17,12,2020,12,1,94,94043,2,1,1,6,VERDUN (R DE),48.80955,2.35895
202000024010,15,12,2020,16,1,94,94041,2,2,1,3,VICTOR HUGO (R),48.82141,2.39033
202000024011,17,12,2020,16,1,94,94069,2,1,1,3,SAINT MAURICE DU VALAIS (AV),48.81492,2.46324
202000024012,16,12,2020,11,1,94,94002,2,9,1,3,BLANQUI (QU),48.7982,2.42036
202000024013,17,12,2020,9,1,93,93066,2,1,8,6,"""STALINGRAD (AVENUE), NR 88 A 114 BIS""",48.9441805,2.3577721
202000024014,16,12,2020,13,1,93,93066,2,1,1,3,FRANCE ANATOLE (BOULEVARD) NR AUTRES,48.9273,2.3525
202000024015,17,12,2020,22,5,93,93053,2,7,1,3,PARIS (RUE DE),48.903788,2.4692529
202000024016,17,12,2020,13,1,93,93010,2,2,2,3,GALLIENI (AV.) DE 1 A 109,48.9060323,2.4802808
202000024017,17,12,2020,12,1,93,93005,2,6,2,3,LEFEVRE (BOULEVARD),48.938854,2.4890616
202000024018,17,12,2020,19,4,93,93001,2,2,1,3,REPUBLIQUE (AVE DE LA ) 43/106 =>,48.9060405,2.3897254
202000024019,16,12,2020,11,1,92,92078,2,2,1,3,GALLIENI (BD) (1 A 79 ET 22 A 102),48.9249425,2.3254631
202000024020,14,12,2020,14,1,92,92063,2,1,2,2,BUZENVAL (AVENUE DE),48.86885,2.186462
202000024021,16,12,2020,23,4,92,92048,2,1,2,7,TRIVAUX (AVENUE DE) N° 9,48.7912409,2.2322698
202000024022,6,12,2020,18,5,92,92004,2,1,1,3,VOLTAIRE  ( BD 01 A 15 ),48.9169072,2.2879333
202000024023,17,12,2020,11,1,47,47100,2,1,1,6,avenue de paris,44.260503,0.670542
202000024024,17,12,2020,19,3,51,51433,1,2,1,3,D995,48.7433745,4.6731614
202000024025,18,12,2020,19,3,60,60366,1,9,1,2,route nationale 31,49.4110672,2.3294406
202000024026,16,12,2020,15,1,41,41194,2,3,1,2,65 Avenue de Paris,47.375757,1.736645
202000024027,17,11,2020,17,1,33,33352,1,1,7,1,Chemin de Peyreffite,44.592564,-0.037916
202000024028,1,12,2020,17,2,81,81209,2,2,2,6,Avenue de Castres,43.520548,2.368753
202000024029,15,12,2020,15,1,01,01354,1,3,2,5,D35,46.248235,6.041536
202000024030,18,12,2020,19,2,974,97414,2,1,1,1,12 Rue de la Pépinière,-21.208929,55.406182
202000024031,18,12,2020,12,1,72,72058,1,1,1,-1,RD 323,47.983818,0.274379
202000024032,29,10,2020,16,1,72,72047,2,1,1,6,Square des Chardonnerets,47.914725,0.332876
202000024033,17,12,2020,15,1,34,34051,1,1,1,-1,Autoroute A75,43.59481,3.464934
202000024034,18,12,2020,18,3,63,63404,1,1,8,3,A75 - PK 025.250 - Sens Nord / Sud,45.5879887,3.2463266
202000024035,17,12,2020,9,1,62,62819,1,1,1,4,rd 943,50.770719,2.198853
202000024036,18,12,2020,15,1,74,74303,1,1,1,1,1903 Rte de la Filiere,45.955808,6.172358
202000024037,17,12,2020,17,5,76,76752,2,1,1,6,Place du General Leclerc,49.668469,0.897334
202000024038,17,12,2020,13,1,80,80688,1,1,1,2,route departementale 32,50.2636704,1.6935575
202000024039,18,12,2020,19,3,33,33348,1,1,1,1,D102e2,45.371071,-0.968222
202000024040,18,12,2020,11,1,32,32107,1,1,1,7,D41 lieu dit  bouhebent,43.971708,0.41894
202000024041,17,12,2020,7,3,71,71310,1,6,1,1,Rond Point du Pont Jeanne Rose,46.7486337,4.4932413
202000024042,18,12,2020,11,1,29,29160,2,6,8,6,Route du Narret,48.4940665,-4.4336215
202000024043,18,12,2020,17,3,29,29235,2,1,2,6,3 Rue Lamartine,48.399001,-4.418835
202000024044,17,12,2020,17,5,02,02554,1,2,1,3,D1,49.027619,3.409377
202000024045,17,12,2020,15,1,03,03267,1,1,1,3,,46.3359451,3.2855833
202000024046,18,12,2020,17,1,15,15234,1,1,1,7,D32,44.836761,2.514431
202000024047,17,12,2020,17,4,01,01304,2,1,2,6,41 Rue Antoine de Saint Exupery,46.052261,5.335271
202000024048,18,12,2020,7,2,70,70292,1,1,5,7,D3,47.841126,5.897177
202000024049,17,12,2020,21,3,54,54557,1,1,1,1,A31,48.688297,6.011496
202000024050,20,4,2020,10,1,75,75110,2,1,1,2,RUE LA FAYETTE,48.880881,2.363004
202000024051,19,4,2020,22,5,94,94046,2,1,1,7,GENERAL DE GAULLE (AV DU),48.8013,2.43115
202000024052,20,4,2020,16,1,94,94077,2,1,7,2,REPUBLIQUE (AV DE LA),48.73114,2.42031
202000024053,20,4,2020,13,1,93,93053,2,1,1,3,PARIS (RUE DE),48.90264,2.46326
202000024054,20,4,2020,19,1,93,93029,2,1,1,1,HENRI LANGLOIS,48.9139,2.4481
202000024055,20,4,2020,11,1,93,93008,2,3,1,1,CHE DE GROSLAY / R ANDRE JAOUEN,48.911934,2.475346
202000024056,21,4,2020,8,1,22,22197,1,1,1,7,D29,48.535583,-1.938207
202000024057,27,2,2020,4,3,01,01089,1,1,1,7,Route de Saint Maurice,45.960301,5.316408
202000024058,21,4,2020,14,1,59,59202,2,6,1,2,812 Rue du Bac,50.675328,2.834086
202000024059,20,4,2020,17,1,62,62566,2,1,1,6,rd 202,50.668858,1.859372
202000024060,20,4,2020,17,1,80,80606,1,1,1,3,D29,49.9454339,1.777477
202000024061,20,4,2020,20,3,82,82155,1,3,2,6,D75,44.16692,1.78612
202000024062,20,4,2020,18,1,76,76562,2,1,1,7,Route de Dieppe,49.869287,1.176589
202000024063,19,4,2020,22,5,38,38229,2,1,1,7,Allee de la Praly,45.221132,5.790401
202000024064,21,4,2020,6,2,26,26086,1,1,2,7,RD539,44.684912,5.453933
202000024065,21,4,2020,17,1,05,05104,1,1,1,7,LES BASSES BARRAQUES,44.706223,6.041864
202000024066,20,4,2020,9,1,50,50158,1,3,1,-1,37 Route du Séminaire,48.722517,-1.140286
202000024067,21,4,2020,5,3,45,45272,1,1,1,6,D226 - PR 2+980,47.821822,1.975233
202000024068,20,4,2020,17,1,18,18018,2,1,1,6,8 Rue des Acacias,47.038492,2.648516
202000024069,19,4,2020,17,1,87,87110,1,1,8,6,Rue de la Malaise,45.911209,0.995448
202000024070,20,4,2020,22,5,49,49092,2,3,1,3,Avenue du Général de Gaulle (PR 034.000),47.216048,-0.724192
202000024071,20,4,2020,19,2,30,30344,1,1,2,1,D1,43.749936,4.207737
202000024072,20,4,2020,18,1,95,95604,2,1,1,7,RD 317,49.1053123,2.5319892
202000024073,20,4,2020,20,1,37,37158,1,1,1,6,D75,47.4995961,0.9287431
202000024074,20,4,2020,20,2,30,30130,1,9,2,6,Belle Poelle,44.328192,3.968017
202000024075,11,4,2020,21,3,71,71258,1,1,1,7,vers la croix,46.2605135,4.7396681
202000024076,20,4,2020,18,1,52,52125,1,1,1,6,D417,48.102703,5.21872
202000024077,21,4,2020,8,3,74,74027,1,1,1,6,Impasse du Moulin,45.897154,6.253624
202000024078,17,4,2020,9,1,42,42147,2,1,1,6,Place Eugene Beaune,45.607448,4.062402
202000024079,21,4,2020,14,1,38,38247,2,1,1,2,151 Grande Rue,45.810667,5.402924
202000024080,20,4,2020,17,1,60,60462,2,2,1,7,100 Rue de Paris,49.323431,2.201636
202000024081,20,4,2020,8,1,13,13085,1,1,2,6,A50-Sens Aubagne vers Toulon,43.261596,5.590838
202000024082,2,6,2020,2,3,54,54150,1,1,1,2,Autoroute A 31,48.78809,6.14234
202000024083,19,4,2020,23,5,78,78140,1,1,1,5,A13,48.96398,1.92597
202000024084,20,4,2020,8,1,988,98818,2,1,3,6,ROUTE DE L'ANSE VATA,-22.30085,166.44495
202000024085,19,4,2020,11,1,69,69386,2,2,1,3,VAUBAN                              (R ),45.7653,4.8479
202000024086,18,4,2020,11,1,972,97213,2,9,1,1,ROUTE DEPARTEMENTALE 14,14.6227,-61.017
202000024087,17,4,2020,20,3,972,97213,2,9,1,7,VIEUX PONT (CHEMIN DU,14.6154,-61.0047
202000024088,16,4,2020,13,1,83,83129,1,9,1,3,TALIAN (RUE DE),43.1,5.85
202000024089,17,4,2020,11,1,74,74010,2,1,1,6,ROBERT SCHUMAN,45.9034,6.1229
202000024090,19,4,2020,16,1,59,59599,2,1,1,1,PIATS (RUE DES),50.7234352,3.1720621
202000024091,17,4,2020,15,1,19,19272,2,1,1,6,Louis Aragon (Rue),45.28002,1.76691
202000024092,19,4,2020,18,1,13,13215,2,3,2,3,GAFFAREL (RUE),43.348292,5.362383
202000024093,18,4,2020,15,1,13,13207,2,1,1,6,VALLON DES (RUE),43.285092,5.354043
202000024094,17,4,2020,11,1,13,13005,2,2,1,3,RN 8,43.28467,5.54846
202000024095,19,4,2020,19,2,06,06069,2,1,5,6,CLEMENCEAU (BOULEVARD GEORGES),43.660472,6.918639
202000024096,16,4,2020,9,1,75,75116,2,1,1,2,BOULEVARD PERIPHERIQUE INTERIEUR OUEST,48.860995,2.264042
202000024097,19,4,2020,17,1,93,93010,2,3,1,3,AV DES SCIENCES / ALL DES ALOUETTES,48.8928,2.4959
202000024098,15,4,2020,14,1,33,33138,1,1,1,1,D17,45.04958,-0.13881
202000024099,19,4,2020,21,5,57,57098,1,1,1,1,D22,48.86945,6.76716
202000024100,10,3,2020,7,1,21,21559,1,1,2,1,D33,47.298529,4.804158
202000024101,19,4,2020,18,1,74,74208,1,1,1,2,Avenue Joseph Thoret,45.912827,6.699461
202000024102,22,3,2020,2,4,46,46160,2,1,1,6,D653,44.80208,2.074152
202000024103,20,4,2020,8,1,34,34149,1,2,2,3,Lieu dit le cigalas,43.496128,3.2985223
202000024104,20,4,2020,7,1,25,25256,2,1,1,6,D437,47.215352,6.765819
202000024105,19,4,2020,8,1,60,60622,1,1,1,6,Cite de la Briqueterie,49.6717043,1.9628027
202000024106,18,4,2020,18,1,16,16346,1,1,1,6,Route de Biroche,45.232115,0.059025
202000024107,19,4,2020,23,3,37,37245,1,1,8,7,D48,47.471822,0.542268
202000024108,18,4,2020,9,1,01,01224,2,1,1,3,14 Rue du Bugey,45.774187,5.205658
202000024109,16,3,2020,19,3,13,13100,1,1,1,1,D30A,43.820967,4.880796
202000024110,20,4,2020,12,1,67,67137,2,3,1,-1,38 Rue des Platanes,48.495699,7.691363
202000024111,14,4,2020,17,1,33,33323,1,2,1,3,RD672E4/Chemin des Sables,44.572249,-0.214899
202000024112,19,4,2020,15,1,14,14530,1,1,1,7,D514,49.240648,-0.268232
202000024113,19,4,2020,17,1,93,93066,1,1,1,6,AUTOROUTE A1,48.9304,2.3663
202000024114,15,2,2020,6,5,34,34301,2,3,1,6,VERDUN (BOULEVARD DE),43.4110335,3.6791378
202000024115,17,4,2020,16,1,988,98818,2,3,1,6,VDE/RUE CHARLEROI,-22.279,166.4626
202000024116,18,4,2020,15,1,69,69383,2,1,8,3,VILLETTE (DE LA)                    (R ),45.7599,4.8618
202000024117,18,4,2020,17,1,95,95539,2,1,1,3,PARIS   (RUE DE),48.99798,2.35637
202000024118,17,4,2020,19,1,91,91692,2,1,1,2,CEVENNES (RUE DES),48.68207,2.17309
202000024119,17,4,2020,12,1,91,91477,2,1,1,3,PASTEUR (RUE),48.71612,2.25059
202000024120,17,4,2020,4,5,77,77016,2,1,1,7,GLANDELLES  (ROUTE DE) RD.607,48.21773,2.71386
202000024121,17,4,2020,16,1,59,59526,1,1,1,7,RUE DU CORBEAU,50.4598844,3.429392
202000024122,18,4,2020,18,1,51,51573,2,6,1,-1,Place Charles de Gaulle,49.2472868,3.9992586
202000024123,17,4,2020,11,1,51,51454,2,6,1,3,Route de Dormans,49.2390928,3.9963376
202000024124,19,4,2020,2,5,33,33063,2,4,8,6,RUE LAJAUNIE / RUE DES QUEYRIES / RUE GASTON LEROUX,44.85396,-0.54319
202000024125,13,3,2020,10,1,29,29039,2,1,1,6,Avenue du Cabellou,47.86103,-3.8916
202000024126,18,4,2020,0,5,75,75115,2,1,1,6,PORTE DE VANVES,48.825623,2.300965
202000024127,17,4,2020,16,1,75,75103,2,2,1,3,BOULEVARD DE SEBASTOPOL,48.869315,2.354254
202000024128,18,4,2020,19,1,75,75117,2,2,7,3,AVENUE DE VILLIERS,48.885639,2.291727
202000024129,17,4,2020,18,1,75,75106,2,2,1,3,RUE DU CHERCHE MIDI,48.845522,2.319145
202000024130,17,4,2020,20,2,75,75108,2,1,1,7,COURS LA REINE,48.864645,2.311896
202000024131,18,4,2020,13,1,93,93051,2,2,1,3,MEDERIC (AVENUE),48.83034,2.5849
202000024132,18,4,2020,21,5,93,93031,2,1,1,6,AV DU 18 JUIN 1940,48.95449,2.30795
202000024133,14,4,2020,10,1,83,83072,1,1,1,6,2930 Route de Draguignan,43.496211,6.40007
202000024134,18,4,2020,17,1,972,97229,2,6,1,3,rond point de la SOMAREC,14.609561,-61.097106
202000024135,18,4,2020,5,3,22,22180,1,1,1,7,RN 176 PK/PR 026+100,48.427501,-2.228057
202000024136,18,4,2020,19,3,974,97414,2,1,1,7,Rue Valmy,-21.292161,55.398002
202000024137,18,4,2020,19,1,30,30342,1,1,1,1,D148,44.206343,4.672472
202000024138,17,4,2020,18,1,59,59118,2,3,1,3,Rue des Frères Desjardin,50.046323,3.468858
202000024139,18,4,2020,20,2,71,71295,1,1,1,6,Route de Chalon,46.8081484,5.1423347
202000024140,18,4,2020,20,2,22,22303,2,1,1,7,la chapelle,48.282211,-2.484713
202000024141,19,4,2020,2,5,01,01367,2,1,1,6,D975,46.4005328,5.1130485
202000024142,18,4,2020,19,1,60,60082,1,1,1,6,D34,49.6853559,2.2327264
202000024143,18,4,2020,19,1,40,40228,1,1,1,7,Avenue du Béarn,43.628985,-0.821716
202000024144,18,4,2020,19,1,17,17272,1,1,1,6,Rue des Brandes,46.081574,-0.817028
202000024145,18,4,2020,16,1,57,57693,1,1,1,7,A314,49.125511,6.238453
202000024146,1,3,2020,2,3,34,34022,1,9,1,6,A709,43.653266,3.991473
202000024147,18,4,2020,23,5,33,33333,2,1,1,6,8 Route des Lacs,44.875701,-1.089587
202000024148,19,4,2020,12,1,64,64496,2,1,1,6,Avenue de la Basse Navarre,43.473518,-1.451815
202000024149,18,4,2020,19,1,80,80127,1,1,1,7,Route de Dargnies,50.032501,1.503842
202000024150,18,4,2020,13,1,33,33487,1,1,1,2,AUTOROUTE A 10,44.94047,-0.46667
202000024151,17,4,2020,12,1,91,91339,1,1,1,7,RN 104,48.6284,2.2572
202000024152,17,4,2020,17,1,94,94074,1,1,1,7,RN406.Y,48.7633004,2.4655786
202000024153,16,4,2020,16,1,91,91477,2,1,1,6,BERTEAUX (RUE MAURICE),48.71717,2.23986
202000024154,16,4,2020,18,1,91,91657,2,1,1,3,HENRI CHARON (AVENUE),48.706548,2.421767
202000024155,17,4,2020,11,1,83,83137,2,1,1,6,STRASBOURG (BD DE ),43.12497,5.9323
202000024156,16,4,2020,17,1,78,78586,2,2,1,3,EUROPE,48.944345,2.202064
202000024157,16,4,2020,6,5,76,76305,1,1,1,7,ESTUAIRE,49.45562,0.23558
202000024158,17,4,2020,18,1,72,72181,2,1,1,4,ESTIENNE D'ORVES (BD D'),47.97944,0.19705
202000024159,16,4,2020,12,1,45,45338,2,1,1,6,Rue George Sand,47.984201,2.710842
202000024160,16,4,2020,19,1,32,32307,1,1,1,7,NOURRIC (CHEMIN DE),43.61914,0.61488
202000024161,15,4,2020,21,3,29,29039,1,1,1,2,D70 - Rue de Colguen,47.919,-3.90331
202000024162,17,4,2020,16,1,13,13043,2,1,1,7,GEORGES POMPIDOU (AV ),43.3938923,5.2032226
202000024163,17,4,2020,16,1,13,13213,2,1,1,-1,NICOLAS APPERT (RUE),43.34002,5.416857
202000024164,4,4,2020,15,1,12,12083,2,1,1,1,Rue GUESDE JULES,44.527098,2.269759
202000024165,17,4,2020,18,1,06,06027,2,1,1,3,CHENES AVENUE DES,43.66089,7.16233
202000024166,16,4,2020,7,1,75,75120,2,1,1,2,PORTE DE BAGNOLET,48.860823,2.413832
202000024167,17,4,2020,1,5,75,75114,2,3,1,7,RUE DELAMBRE,48.84158,2.327229
202000024168,17,4,2020,11,1,94,94041,2,1,1,3,MOLIERE (R),48.81306,2.39622
202000024169,17,4,2020,19,1,93,93008,2,2,1,3,RENAUD (RUE MATHURIN),48.90829,2.45511
202000024170,7,3,2020,14,1,93,93007,2,1,1,3,HENRI BARBUSSE (AVENUE),48.9424204,2.465024
202000024171,17,4,2020,18,1,92,92063,2,1,1,-1,DIX-HUIT JUIN 1940 (AVENUE DU) SUD,48.86641,2.20156
202000024172,17,4,2020,12,1,92,92062,2,3,1,6,VERDUN (RUE DE) N° 78 A 164,48.8773221,2.2336906
202000024173,9,4,2020,14,1,09,09167,2,1,1,6,Route de Carbonne,43.27383,1.340764
202000024174,17,4,2020,18,1,22,22190,2,1,1,2,Route de Langrolay,48.539107,-2.048167
202000024175,17,4,2020,20,2,62,62491,1,3,2,3,103 Rue Martin Meaux,50.604051,2.753513
202000024176,17,4,2020,14,1,79,79083,2,1,1,1,1 Rue Hippolyte Hairaud,46.110816,-0.06827
202000024177,17,4,2020,22,3,57,57385,1,3,1,7,21 Route de Pange,49.075314,6.340989
202000024178,17,4,2020,4,5,19,19123,2,6,1,6,Avenue du Progrès,45.171271,1.573014
202000024179,17,4,2020,21,3,71,71213,1,1,1,7,Lieu Dit la Bouchatiere,46.5489991,5.042818
202000024180,17,4,2020,7,2,55,55494,1,1,1,6,D635,48.687948,5.0378752
202000024181,18,4,2020,15,1,29,29146,1,1,1,6,Melgven,47.895053,-3.811237
202000024182,17,4,2020,16,1,29,29185,2,4,1,3,D10 - Lieu Dit Kerchapalain,48.6516223,-4.1859303
202000024183,18,4,2020,2,3,29,29110,2,6,5,6,Route de Quimper,48.069326,-3.920655
202000024184,17,4,2020,22,3,50,50391,1,1,1,6,Le Pointon,48.601825,-1.057718
202000024185,17,4,2020,18,1,78,78233,1,1,1,1,D30,48.863275,1.969728
202000024186,17,4,2020,16,1,55,55312,1,1,1,1,D964,48.9110483,5.5325809
202000024187,8,4,2020,14,1,987,98722,1,1,1,6,RT 2 pk 24 TIAREI  HAAPOPONI,-17.591429,-149.382126
202000024188,17,4,2020,17,1,38,38565,2,1,1,6,D3,45.29494,5.62779
202000024189,17,4,2020,23,5,44,44210,2,9,1,6,50 ter Rue Léo Lagrange,47.30028,-2.19588
202000024190,17,4,2020,19,1,92,92062,1,1,1,6,A14,48.8926795,2.23481
202000024191,16,4,2020,12,1,69,69383,2,1,1,6,PAUL BERT                           (R ),45.75675,4.86686
202000024192,16,4,2020,20,1,77,77186,2,1,1,6,GRANDE (RUE),48.406218,2.7023229
202000024193,15,4,2020,16,1,76,76575,2,3,1,3,VAL L'ABBE. RUE DU,49.38122,1.10014
202000024194,8,4,2020,2,5,76,76351,2,4,1,6,PIERRE LOTI,49.50972,0.15138
202000024195,7,4,2020,16,1,76,76351,2,1,1,3,CAMILLE DESMOULINS,49.47802,0.14121
202000024196,30,3,2020,22,5,76,76351,2,2,1,3,GERANIUMS (DES),49.50535,0.16537
202000024197,25,3,2020,10,1,59,59636,2,6,1,3,LINSELLES ROUTE DE,50.693775,3.052971
202000024198,14,4,2020,23,5,45,45004,2,2,1,6,Rue des Basses Varennes - Rue P Semart,47.98968,2.749404
202000024199,9,4,2020,16,1,45,45068,2,1,1,6,Rue Saint-just,48.00876,2.72067
202000024200,16,4,2020,17,1,37,37261,2,1,1,7,NATIONALE (RUE),47.3915374,0.6883221
202000024201,16,4,2020,16,1,34,34172,2,2,1,3,ALCO (RUE D',43.62238,3.83533
202000024202,16,4,2020,22,3,29,29232,1,1,1,6,RN 165,48.02707,-4.08631