Num_Acc,jour,mois,an,hr,condition_eclairage,departement,commune,condition_agglomeration,intersection,condition_atmosphere,type_collision,adresse,lattitude,longitude
202000024203,16,2,2020,5,5,22,22278,2,1,2,6,LE GOFF (DES TROIS FRERES),48.51559,-2.76367
202000024204,16,4,2020,8,1,05,05061,1,3,1,3,ALPHONSE DAUDET,44.54871,6.06694
202000024205,16,4,2020,16,1,75,75119,2,2,1,6,RUE D AUBERVILLIERS,48.8953,2.372092
202000024206,16,4,2020,10,1,75,75117,2,2,1,3,BOULEVARD BESSIERES,48.897616,2.324132
202000024207,15,4,2020,13,1,75,75115,2,3,1,7,PLACE CAMBRONNE,48.848014,2.301748
202000024208,16,4,2020,18,1,75,75104,2,3,1,6,RUE DE RIVOLI,48.855218,2.361122
202000024209,16,4,2020,19,1,94,94075,2,1,1,2,MANDRES (R DE),48.715386,2.537257
202000024210,16,4,2020,18,1,47,47034,1,1,1,6,D933,44.393116,0.111365
202000024211,17,4,2020,15,1,83,83057,1,1,1,7,D13,43.381273,6.210022
202000024212,16,4,2020,23,3,33,33141,1,1,1,7,11 Route de Créon,44.83056,-0.33869
202000024213,17,4,2020,10,1,71,71208,2,3,1,-1,Rue de la Chartelle,46.9135717,5.1583835
202000024214,15,4,2020,23,3,61,61463,1,1,1,6,Route de l'Etang de la Forge,48.605631,-0.42491
202000024215,16,4,2020,20,1,49,49183,1,1,1,6,D103,47.52959,-0.8426
202000024216,16,4,2020,18,1,01,01084,1,3,1,2,Route du Peloux,46.1691018,5.0333487
202000024217,17,4,2020,16,1,72,72380,1,9,1,1,Rue de Beaulieu,48.232386,0.148184
202000024218,15,4,2020,11,1,43,43268,2,3,1,1,Rue d'Ard'Huy (Pont),45.146441,4.134507
202000024219,16,4,2020,23,3,10,10288,1,1,1,6,RD671,48.008071,4.472809
202000024220,16,4,2020,21,3,30,30112,1,9,1,6,D1,43.901383,4.191944
202000024221,16,4,2020,18,1,68,68375,1,1,1,3,N66,47.773159,7.223972
202000024222,14,4,2020,17,1,971,97128,1,1,1,6,D102,16.26297,-61.380985
202000024223,17,4,2020,19,1,62,62014,2,1,1,6,Chemin du Widdebrouck,50.646539,2.411928
202000024224,16,4,2020,0,5,13,13055,1,1,1,7,A507 sens Aubagne- Marseille,43.33014,5.3985
202000024225,16,4,2020,21,3,91,91174,1,1,1,6,RN 104,48.61949,2.45923
202000024226,16,4,2020,14,1,91,91689,1,1,1,3,AUTOROUTE A6B,48.7415,2.3215
202000024227,16,4,2020,8,1,77,77495,1,1,1,3,A105,48.5805353,2.6378671
202000024228,29,1,2020,9,1,14,14258,2,3,1,-1,Route de Caen,48.898207,-0.200152
202000024229,28,1,2020,15,1,76,76351,2,1,1,6,BOIS AU COQ (AVENUE),49.51568,0.12118
202000024230,15,4,2020,9,1,988,98818,2,1,1,7,VALBONNE (RUE DE LA),-22.27486,166.44818
202000024231,15,4,2020,9,1,69,69259,2,9,1,3,EMILE ZOLA                          (R ),45.70283,4.88645
202000024232,15,4,2020,22,3,69,69149,2,6,1,6,RD 342 BRIGNAIS (DE) (RO),45.72292,4.78037
202000024233,14,4,2020,18,1,79,79191,2,3,1,3,20 Avenue Charles de Gaulle,46.31764,-0.45711
202000024234,15,4,2020,22,3,78,78551,1,9,9,6,RN 184,48.94765,2.09516
202000024235,10,4,2020,13,1,74,74012,2,1,1,6,BELLEVUE (RUE),46.1917,6.22622
202000024236,15,4,2020,19,1,69,69256,2,1,1,3,GASTON MONMOUSSEAU                  (AV),45.7783935,4.9126115
202000024237,14,4,2020,10,1,67,67482,2,3,7,3,62 Boulevard de la Marne,48.58706,7.77688
202000024238,11,4,2020,19,2,67,67043,2,1,7,6,16 Rue du Passage,48.614368,7.742169
202000024239,14,4,2020,10,1,57,57463,2,1,7,6,PETIT CLOU (RUE DU ),49.0753,6.1852
202000024240,14,4,2020,13,1,56,56098,2,6,1,7,MITTERAND ( AV. FRANCOIS ),47.76593,-3.32941
202000024241,20,1,2020,4,4,05,05145,1,1,1,7,D944,44.669169,6.234558
202000024242,19,1,2020,10,1,50,50182,1,1,9,-1,Rue de la Mer,49.172906,-1.491119
202000024243,20,1,2020,7,3,50,50407,1,1,1,1,D976,48.621872,-1.313951
202000024244,19,1,2020,17,2,90,90012,1,1,1,7,D31,47.653201,6.94961
202000024245,20,1,2020,18,2,60,60471,2,6,1,6,Boulevard Carnot,49.578389,3.00479
202000024246,20,1,2020,6,3,60,60035,1,1,5,1,RD 934,49.6540952,2.8779974
202000024247,18,1,2020,19,3,07,07212,1,1,1,1,D9,45.126376,4.416767
202000024248,13,1,2020,16,1,21,21210,2,1,1,3,Pré Raby,47.2516916,4.5737403
202000024249,19,1,2020,16,2,40,40172,1,1,7,6,D173 - Route de samadet,43.586297,-0.502785
202000024250,20,1,2020,17,2,24,24188,1,1,1,6,Les Rouvelades,45.130167,1.004125
202000024251,14,1,2020,7,3,17,17188,1,1,2,4,D739 - PK 12 + 200,45.871456,-0.275766
202000024252,17,1,2020,5,3,17,17026,1,1,2,6,D129,45.866807,-0.446128
202000024253,20,1,2020,7,2,48,48018,1,3,1,1,N88,44.501316,3.405523
202000024254,17,1,2020,20,3,60,60139,1,1,1,6,D1001,49.173301,2.231129
202000024255,18,1,2020,5,3,35,35189,1,1,1,2,RD 137 Montgermont,48.155589,-1.702812
202000024256,20,1,2020,11,1,89,89197,1,1,1,4,A6,47.503436,4.029718
202000024257,16,1,2020,18,3,64,64300,1,1,1,2,A64 - PK 078.000,43.424747,-0.615316
202000024258,19,1,2020,18,3,69,69019,1,1,1,3,Belleville-en-Beaujolais,46.086985,4.743016
202000024259,18,1,2020,17,1,987,98725,2,1,2,3,PK 10 POiNTE VENUS,-17.562591,-149.476051
202000024260,19,1,2020,3,3,974,97419,2,1,1,6,328 - Route Nationale 2,-21.153262,55.821624
202000024261,19,1,2020,6,1,971,97129,1,1,2,6,cluny,16.304022,-61.702781
202000024262,20,1,2020,19,5,29,29233,2,1,1,6,Boulevard de la Gare,47.870652,-3.552766
202000024263,19,1,2020,17,1,29,29230,1,1,1,6,D790 - Villeneuve Combout,47.966729,-3.495185
202000024264,15,1,2020,16,1,66,66180,2,1,1,7,16 Avenue de la Côte Vermeille,42.77418,2.993501
202000024265,20,1,2020,7,2,71,71588,1,1,1,6,Rue de la Croisette,46.4549274,4.0592686
202000024266,19,1,2020,6,3,55,55509,1,1,5,6,D643,49.578618,5.339412
202000024267,20,1,2020,7,2,57,57206,2,1,1,6,Avenue de Metz,49.306072,6.111381
202000024268,20,1,2020,8,1,03,03243,1,1,1,4,,46.3201911,3.0255824
202000024269,20,1,2020,9,1,63,63092,1,1,1,1,D138,45.908085,2.983836
202000024270,19,1,2020,9,1,73,73243,1,1,1,6,D206 Route du Col des Prés,45.5916684,6.0210526
202000024271,20,1,2020,13,1,38,38565,2,6,1,6,Avenue de Juin 1940,45.29573,5.62848
202000024272,19,1,2020,10,1,09,09259,1,1,1,1,chemin de Tounet La Pujolle,43.119665,1.740372
202000024273,18,1,2020,10,1,17,17204,1,1,1,1,D142,45.367742,-0.323025
202000024274,18,1,2020,14,1,72,72154,2,6,1,3,rond-point des médaillées miliatires,47.693547,-0.065073
202000024275,19,1,2020,14,1,22,22161,1,3,1,6,Chemin du Rucaer,48.570136,-3.151159
202000024276,20,1,2020,7,2,27,27448,1,1,8,3,Route Nationale 13,49.01155,1.339091
202000024277,17,1,2020,18,5,13,13215,1,1,2,4,A7-Sens Marseille vers Lyon,43.36786,5.36091
202000024278,19,1,2020,13,1,13,13005,1,9,1,2,A50-Sens Aubagne vers Marseille,43.28927,5.55058
202000024279,18,1,2020,18,1,13,13055,2,1,1,2,A507 sens Marseille - Aubagne,43.3312652,5.3871471
202000024280,19,1,2020,5,3,13,13026,1,1,1,2,A55-Sens Marseille vers Martigues,43.38101,5.15889
202000024281,19,1,2020,6,3,13,13216,1,1,1,2,A55-Sens Martigues vers Marseille,43.36097,5.3427
202000024282,18,1,2020,8,2,13,13117,1,1,1,2,A7-Sens Marseille vers Lyon,43.42743,5.26243
202000024283,17,1,2020,18,3,13,13203,2,1,1,4,A7-Sens Marseille vers Lyon,43.3150226,5.3769439
202000024284,18,1,2020,16,1,13,13106,1,1,1,7,A517 D- Liaison A51 vers A7,43.4019712,5.347102
202000024285,13,1,2020,20,5,69,69029,1,1,1,4,RD 383   ,45.7338,4.9005
202000024286,19,1,2020,3,3,91,91064,2,1,1,1,RN 118,48.75401,2.21537
202000024287,18,1,2020,22,3,78,78029,1,1,1,2,A13Y,48.964523,1.845769
202000024288,18,1,2020,4,3,78,78140,1,1,1,2,A13,48.9593,1.9327
202000024289,19,1,2020,18,3,94,94017,1,1,1,3,A4,48.8295389,2.4980603
202000024290,18,1,2020,22,5,974,97416,1,3,1,3,Rue Augustin Archambaud,-21.32413,55.48674
202000024291,18,1,2020,16,1,974,97411,2,1,1,6,HOARAU (RUE MARCEL),-20.90131,55.49212
202000024292,17,1,2020,18,1,974,97409,2,9,1,3,Avenue des mascareignes,-20.9421,55.6478
202000024293,17,1,2020,9,1,973,97302,2,4,1,3,MANDELA  (BOULEVARD),4.9419304,-52.3271298
202000024294,18,1,2020,9,1,69,69259,2,1,1,3,JEAN MACE                           (R ),45.6984011,4.8844909
202000024295,19,1,2020,0,5,2B,2B033,2,1,1,3,MACCHIONE - CHEMIN DU,42.4102,9.2616
202000024296,18,1,2020,2,5,2B,2B120,2,6,1,6,11 - RT,42.4025,9.2649
202000024297,17,1,2020,20,3,971,97113,1,1,2,3,SECTION MATHURIN,16.2224336,-61.5056276
202000024298,17,1,2020,23,4,91,91377,2,3,1,6,21 Rue du Pérou,48.72351,2.30292
202000024299,18,1,2020,13,1,91,91223,2,1,1,6,SAINT MARTIN (RUE),48.42686,2.14175
202000024300,18,1,2020,21,5,78,78146,2,3,1,3,PONT DE CHATOU,48.888417,2.16237
202000024301,19,1,2020,0,5,76,76217,2,1,1,6,MONTIGNY,49.91689,1.07056
202000024302,18,1,2020,8,1,69,69271,1,1,1,6,MEYZIEU (DE)                            ,45.7519,4.983
202000024303,18,1,2020,13,1,69,69091,2,9,1,3,JEAN LIGONNET ( R ),45.5915,4.7703
202000024304,17,1,2020,12,1,64,64102,2,1,3,3,CAZENAVE (CHEMIN),43.51157,-1.43483
202000024305,17,1,2020,15,1,59,59295,1,1,1,3,DU PONT BELGE,50.7214142,2.5660345
202000024306,18,1,2020,12,1,54,54395,2,1,1,2,MICHOTTES (RUE DES),48.692777,6.178722
202000024307,17,1,2020,14,1,53,53201,1,1,1,5,RD 57 VERS LAVAL,48.07157,-0.89101
202000024308,17,1,2020,10,1,51,51454,2,1,2,3,Boulevard de la Paix,49.2537498,4.0408831
202000024309,17,1,2020,17,2,45,45004,1,9,1,3,D 2060 - PR 24+850,48.000418,2.780406
202000024310,17,1,2020,17,5,38,38544,2,3,2,3,Quai Claude Bernard,45.53969,4.86135
202000024311,18,1,2020,15,1,37,37233,2,1,1,5,POMPIDOU (AVENUE GEORGES),47.3842653,0.7106448
202000024312,12,1,2020,22,5,35,35238,2,2,2,6,LICES (PLACE DES),48.112658,-1.684709
202000024313,18,1,2020,18,5,35,35238,2,1,1,1,VILLEBOIS MAREUIL (BD),48.10658,-1.65088
202000024314,13,1,2020,17,5,25,25031,2,1,1,6,20 RUE DE DASLE,47.47953,6.84769
202000024315,18,1,2020,10,1,18,18033,2,3,1,6,ROUSSEAU (RUE JEAN-JACQUES),47.078227,2.388254
202000024316,18,1,2020,16,1,15,15014,2,2,1,3,VERDUN (BOULEVARD DE),44.91249,2.43494
202000024317,18,1,2020,21,5,13,13206,2,1,1,3,VINCENT DELPUECH (BOULEVARD),43.283,5.3902
202000024318,18,1,2020,18,2,13,13212,2,1,1,6,PEINTRES ROUX (AVENUE DES),43.30384,5.47293
202000024319,18,1,2020,15,1,13,13203,2,1,1,3,PLOMBIERES (BOULEVARD DES),43.317535,5.381225
202000024320,18,1,2020,14,1,13,13211,2,3,1,3,JEAN LOMBARD (AVENUE),43.289132,5.427809
202000024321,18,1,2020,12,1,13,13215,2,1,1,6,HENRI BARNIER (BOULEVARD),43.373,5.3511
202000024322,18,1,2020,6,5,13,13211,2,1,1,6,154 SAINT LOUP (BOULEVARD DE),43.283686,5.43467
202000024323,18,1,2020,2,5,13,13206,2,2,1,3,ABBÉ FERAUD (RUE),43.285217,5.39086
202000024324,17,1,2020,21,5,12,12202,1,1,1,1,Route de Moyrazes,44.35146,2.55426
202000024325,15,1,2020,18,5,12,12145,2,1,1,4,DE GAULLE CHARLES (AVENUE),44.10474,3.07557
202000024326,18,1,2020,18,5,10,10387,2,1,1,6,VOULDY (CHAUSSEE DU),48.2936,4.0835
202000024327,18,1,2020,20,5,09,09122,2,1,8,7,D17,42.964382,1.598642
202000024328,18,1,2020,7,5,06,06069,2,1,1,3,CHENES (CHEMIN DES),43.64085,6.91168
202000024329,18,1,2020,2,5,01,01053,2,4,1,6,MAGINOT AVENUE ) DE 43 A FIN,46.214909,5.227475
202000024330,18,1,2020,8,1,75,75119,2,4,1,3,BD PERIPHERIQUE EXTERIEUR,48.8858206,2.3976012
202000024331,17,1,2020,18,3,75,75120,2,1,2,3,BD PERIPHERIQUE INTERIEUR,48.873965,2.411229
202000024332,17,1,2020,8,2,75,75117,2,1,1,2,BD PERIPHERIQUE EXTERIEUR,48.897921,2.313441
202000024333,18,1,2020,15,1,75,75103,2,1,1,5,BOULEVARD SAINT MARTIN,48.8686729,2.3574901
202000024334,18,1,2020,19,5,75,75106,2,2,1,6,BOULEVARD SAINT GERMAIN,48.8520935,2.340311
202000024335,18,1,2020,19,5,75,75120,2,3,1,3,BOULEVARD DE BELLEVILLE,48.8695724,2.379979
202000024336,18,1,2020,0,5,75,75120,2,2,1,3,BOULEVARD DE BELLEVILLE,48.8671073,2.3832808
202000024337,18,1,2020,20,5,75,75119,2,1,1,6,BOULEVARD DE LA VILLETTE,48.872553,2.376535
202000024338,18,1,2020,10,1,75,75119,2,1,1,3,RUE MANIN,48.883675,2.389632
202000024339,18,1,2020,2,5,75,75119,2,7,1,6,PLACE DE LA BATAILLE DE STALINGRAD,48.8830495,2.369631
202000024340,17,1,2020,5,5,75,75119,2,2,2,6,RUE ALEXANDER FLEMING,48.881996,2.402498
202000024341,18,1,2020,18,5,75,75117,2,2,1,6,AVENUE DE CLICHY,48.8891101,2.322734
202000024342,15,1,2020,21,5,75,75117,2,1,1,3,RUE DE COURCELLES,48.8894053,2.2928843
202000024343,18,1,2020,20,5,75,75115,2,2,1,6,RUE DE LA CONVENTION,48.8372293,2.2964315
202000024344,18,1,2020,19,3,75,75113,2,4,1,3,RUE BARRAULT,48.8263383,2.3465564
202000024345,18,1,2020,15,1,75,75112,2,1,1,3,AVENUE DE SAINT MAURICE,48.832412,2.420429
202000024346,18,1,2020,14,1,75,75111,2,2,1,3,BOULEVARD RICHARD LENOIR,48.8629138,2.371518
202000024347,17,1,2020,18,5,75,75109,2,2,1,6,BOULEVARD MONTMARTRE,48.87169,2.34189
202000024348,18,1,2020,20,5,75,75108,2,7,1,3,PLACE DE LA CONCORDE,48.865878,2.32203
202000024349,18,1,2020,14,1,75,75108,2,2,1,3,RUE DU FAUBOURG SAINT HONORE,48.8728237,2.3107568
202000024350,18,1,2020,1,5,75,75104,2,2,1,6,QUAI DES CELESTINS,48.8508303,2.3614319
202000024351,17,1,2020,13,1,75,75102,2,2,1,6,BOULEVARD DE SEBASTOPOL,48.8693237,2.3542529
202000024352,18,1,2020,13,1,94,94078,2,1,1,2,PARIS (R DE),48.7359219,2.4466952
202000024353,18,1,2020,4,5,94,94068,2,1,1,7,PONT DE CRETEIL (R DU),48.804,2.4715
202000024354,18,1,2020,15,1,94,94028,2,9,1,3,Av du Mal de Lattre de Tassigny,48.7978134,2.4559762
202000024355,18,1,2020,14,1,94,94011,2,9,1,2,BOISSY.(AVENUE DE),48.7685,2.4884
202000024356,18,1,2020,10,1,94,94011,2,1,1,6,MOULIN(RUE JEAN),48.76902,2.48193
202000024357,18,1,2020,14,1,93,93078,1,9,1,3,PARC EXPO,48.9703,2.52633
202000024358,18,1,2020,14,1,93,93073,1,9,1,2,CIRCUIT CAROLE,48.97948,2.52596
202000024359,18,1,2020,16,1,93,93039,2,1,1,5,Boulevard Marcel Paul,48.919857,2.326992
202000024360,17,1,2020,17,5,93,93066,2,1,8,1,R DU LANDY,48.91438,2.34718
202000024361,17,1,2020,22,5,93,93077,2,2,1,3,BD CARNOT / AV DETOUCHE,48.88716,2.51677
202000024362,18,1,2020,15,1,93,93050,2,1,1,2,AV DU 8 MAI 1945,48.8651,2.53477
202000024363,18,1,2020,14,1,93,93031,2,9,1,3,RTE DE SAINT LEU,48.9519005,2.3381851
202000024364,18,1,2020,13,1,92,92062,2,3,1,5,WALLACE (BD RICHARD) DU 17 AU 91 ET DU 3,48.8798149,2.2399659
202000024365,16,1,2020,8,2,92,92050,2,6,1,3,PLACE DE LA BOULE/ CLEMENCEAU GEORGES AVENUE N° PAIR,48.887223,2.200667
202000024366,18,1,2020,9,1,92,92012,2,1,1,2,REPUBLIQUE (BOULEVARD DE LA) 79/FIN - 76,48.8331478,2.2456634
202000024367,19,1,2020,17,1,60,60242,1,2,1,3,D7,49.591389,1.939178
202000024368,17,1,2020,18,3,62,62067,2,1,6,6,1 Rue Principale,50.629196,2.137662
202000024369,18,1,2020,16,1,49,49017,1,1,1,3,D68,47.64168,-0.346883
202000024370,19,1,2020,0,3,35,35124,1,1,1,7,RN137,47.720687,-1.709884
202000024371,18,1,2020,22,3,22,22193,1,1,1,2,Plestan,48.419824,-2.446325
202000024372,18,1,2020,12,1,95,95652,2,1,7,6,70 Rue de Paris,49.127006,2.37026
202000024373,19,1,2020,16,1,56,56006,1,1,1,7,La Ville Voisin,47.899663,-2.270807
202000024374,18,1,2020,18,5,76,76034,2,1,2,1,Rue Roger Fossé,49.718545,1.099894
202000024375,18,1,2020,20,5,82,82112,2,1,1,6,16 Avenue Jean Jaurès,44.105368,1.093915
202000024376,18,1,2020,21,3,11,11410,1,3,1,7,D201,43.247467,2.397334
202000024377,16,1,2020,14,1,15,15250,1,2,1,3,Route départementale 3,45.357042,2.508034
202000024378,17,1,2020,20,5,01,01452,2,1,1,6,Route de Lyon,45.845424,5.647169
202000024379,19,1,2020,3,3,26,26166,1,1,1,6,D104N,44.755617,4.782293
202000024380,18,1,2020,20,3,72,72382,1,1,1,1,Le Grand Gruet,47.926679,0.453444
202000024381,19,1,2020,7,2,60,60245,2,1,9,6,Rue de Bonnemare,49.655604,1.723431
202000024382,5,1,2020,15,1,64,64317,1,3,1,1,D932,43.366569,-1.424762
202000024383,19,1,2020,6,3,10,10420,1,1,1,6,D 951,48.596651,3.559929
202000024384,19,1,2020,10,1,36,36200,1,1,1,5,,46.618873,1.52646
202000024385,18,1,2020,20,3,36,36168,1,1,1,6,Tuilerie de la Luzeraize,46.533088,1.249097
202000024386,17,1,2020,17,2,16,16178,1,1,4,6,,45.5100577,-0.219054
202000024387,19,1,2020,16,1,07,07096,1,1,1,1,D120,44.85994,4.562244
202000024388,18,1,2020,17,2,37,37038,1,3,1,3,D16,47.2825613,0.3320201
202000024389,19,1,2020,12,1,06,06085,2,3,1,3,Avenue Notre-dame de Vie,43.599765,7.003151
202000024390,19,1,2020,10,1,49,49020,1,1,1,3,A11,47.494158,-0.622789
202000024391,19,1,2020,0,3,988,98807,1,1,1,7,Tribu de Poindjap,-20.731191,164.904254
202000024392,18,1,2020,20,3,78,78030,1,1,1,7,Rue de Vieille-eglise,48.673408,1.895077
202000024393,17,1,2020,17,3,05,05052,1,1,4,7,la Font,44.6760797,6.6405008
202000024394,18,1,2020,23,3,26,26002,1,1,1,6,A7,45.238664,4.845669
202000024395,19,1,2020,5,3,08,08110,1,1,9,7,Le Châtelet-sur-Sormonne,49.863561,4.510156
202000024396,19,1,2020,3,3,69,69246,1,1,1,6,D 96,45.9485201,4.5990541
202000024397,19,1,2020,5,5,69,69003,2,1,1,6,1 Quai Général de Gaulle,45.8760825,4.8353536
202000024398,18,1,2020,18,5,69,69089,2,1,1,1,22 Chemin du Fort,45.7313,4.7414
202000024399,18,1,2020,15,1,81,81099,2,1,1,2,53 Avenue Saint Exupery,43.8993598,1.8872959
202000024400,18,1,2020,19,5,81,81105,2,1,1,2,63 Avenue Victor Hugo,43.760107,1.993674
202000024401,18,1,2020,12,1,33,33243,2,3,1,6,2 cours des girondins,44.912657,-0.247554
202000024402,18,1,2020,17,1,50,50643,1,1,1,1,Le Cafe Cochon,49.577783,-1.708164
202000024403,19,1,2020,7,2,59,59044,2,2,1,6,123 Rue Louis Deffontaines,50.618513,3.233465
202000024404,18,1,2020,15,1,13,13026,1,1,1,2,A55-Sens Marseille vers Martigues,43.4026854,5.1142161
202000024405,18,1,2020,7,3,54,54528,1,1,1,1,Autoroute A 31,48.68155,5.91348
202000024406,18,1,2020,11,1,91,91617,1,1,1,7,RN 104,48.6394,2.535
202000024407,18,1,2020,19,3,93,93053,1,1,1,3,AUTOROUTE A3,48.88342,2.45855
202000024408,18,1,2020,17,1,93,93066,1,1,1,5,AUTOROUTE A1,48.92924,2.36169
202000024409,17,1,2020,21,3,95,95241,1,1,1,6,RN 104,49.04575,2.45102
202000024410,17,1,2020,9,1,93,93064,1,1,2,2,AUTOROUTE A86,48.87583,2.47842
202000024411,17,1,2020,12,1,93,93078,1,1,1,2,AUTOROUTE A104,48.96165,2.54515
202000024412,17,1,2020,9,2,94,94028,1,1,2,2,A86 INT,48.7941122,2.4417939
202000024413,16,1,2020,18,1,988,98818,2,1,1,3,RUE JACQUES IEKAWE,-22.24702,166.46114
202000024414,17,1,2020,21,5,69,69383,2,7,1,6,FELIX FAURE                         (AV),45.7531,4.8548
202000024415,17,1,2020,17,2,69,69383,2,2,2,6,AUBIGNY (D')                        (R ),45.76128,4.86656
202000024416,17,1,2020,10,1,69,69383,2,1,2,6,GENAS (DE)                          (RO),45.7545523,4.8815269
202000024417,17,1,2020,21,5,69,69149,2,2,1,3,CLAUDE MICHEL                       (R ),45.71816,4.8033
202000024418,11,1,2020,12,1,69,69382,2,8,1,3,CHARLEMAGNE                         (CO),45.74263,4.82076
202000024419,17,1,2020,5,5,69,69382,2,9,1,3,Rue Président Edouard Herriot,45.76487,4.83429
202000024420,17,1,2020,19,3,95,95019,2,6,2,2,VAILLANT CHARLES (AVENUE),48.98593,2.41097
202000024421,17,1,2020,15,1,95,95277,1,1,1,1,route deparementale 370,48.971,2.46327
202000024422,17,1,2020,21,5,91,91421,2,6,1,3,ANCOLIES (ALLEE DES),48.70307,2.43998
202000024423,16,1,2020,18,5,90,90032,2,9,1,1,,47.6249252,6.8607414
202000024424,17,1,2020,7,5,87,87085,2,1,1,6,278 PERRIN (RUE FRANCOIS),45.82482,1.2291
202000024425,16,1,2020,8,5,86,86194,2,1,1,6,Rue de la Roche,46.5877,0.3304
202000024426,16,1,2020,14,1,83,83069,2,9,1,3,DECUGIS (AVENUE ALFRED),43.10555,6.17588
202000024427,9,7,2020,15,1,34,34172,2,1,1,3,MARES (AVENUE HENRI),43.62006,3.85203
202000024428,9,7,2020,2,5,34,34172,2,1,1,6,BERTHELOT (BOULEVARD),43.60042,3.87088
202000024429,8,7,2020,18,1,33,33281,2,3,1,4,94 Avenue de Saint-Médard / Rue de la Renaissance,44.86256,-0.64774
202000024430,9,7,2020,18,1,33,33119,2,3,1,3,BD ENTRE-DEUX-MERS / RUE ANATOLE FRANCE,44.84613,-0.53507
202000024431,8,7,2020,0,5,33,33063,1,1,1,2,QUAI LOUIS XVIII,44.84794,-0.57056
202000024432,9,7,2020,11,1,33,33529,1,1,1,3,LIGNON (BD LOUIS),44.63345,-1.17584
202000024433,9,7,2020,11,1,33,33529,2,1,1,1,LAGRUA (RUE),44.63911,-1.15439
202000024434,8,7,2020,21,5,31,31555,2,1,1,6,ALLEE MAGINOT,43.5718564,1.4028858
202000024435,7,7,2020,13,1,22,22278,2,2,1,3,FERRY (JULES),48.50162,-2.76932
202000024436,8,7,2020,22,2,18,18033,2,2,1,3,Rue de Turly,47.0974,2.4134
202000024437,9,7,2020,13,1,13,13206,2,1,1,6,PIERRE PUGET (COURS),43.29011,5.37483
202000024438,9,7,2020,8,1,13,13203,2,2,1,-1,ROGER SALENGRO (AVENUE),43.319081,5.367645
202000024439,9,7,2020,8,1,13,13208,2,1,1,6,HAMBOURG (BOULEVARD),43.25,5.3894
202000024440,9,7,2020,7,1,13,13207,2,4,1,2,CORDERIE (BOULEVARD DE LA),43.29045,5.37029
202000024441,9,7,2020,2,5,13,13208,2,1,1,6,MENDES FRANCE (AVENUE),43.2515,5.3758
202000024442,9,7,2020,0,5,13,13207,2,1,1,2,Corniche John Fitzgérald Kennedy,43.26893,5.36966
202000024443,8,7,2020,16,1,13,13203,2,2,1,3,LEVAT (RUE),43.3103055,5.3853916
202000024444,8,7,2020,6,1,10,10387,2,1,7,3,FRANCOIS SERQUEIL (RUE),48.307,4.0805
202000024445,9,7,2020,11,1,06,06027,2,1,1,6,CANNES AVENUE DE (RN7),43.6492,7.14049
202000024446,9,7,2020,9,1,06,06027,2,2,1,6,FRENES RUE DES,43.659457,7.150817
202000024447,8,7,2020,9,1,02,02243,2,1,1,6,Maurice DUPUIS (Rue),49.40184,3.35121
202000024448,9,7,2020,9,1,75,75120,2,4,1,2,BOULEVARD PERIPHERIQUE,48.875298,2.410363
202000024449,8,7,2020,1,5,75,75113,2,4,1,3,PORTE D ITALIE,48.81662,2.364464
202000024450,9,7,2020,12,1,75,75107,2,3,1,6,RUE DE SEVRES,48.847739,2.319106
202000024451,9,7,2020,11,1,75,75106,2,2,1,6,RUE DE L ABBE GREGOIRE,48.848536,2.324601
202000024452,9,7,2020,10,1,75,75120,2,3,1,6,RUE DE MENILMONTANT,48.868667,2.389649
202000024453,9,7,2020,16,1,75,75119,2,1,1,7,RUE DE MOUZAIA,48.880083,2.390956
202000024454,9,7,2020,21,2,75,75118,2,3,1,3,RUE ORDENER,48.890403,2.355827
202000024455,9,7,2020,21,1,75,75117,2,2,1,-1,RUE DE ROME,48.884009,2.318513
202000024456,9,7,2020,17,1,75,75116,2,2,1,3,AVENUE FOCH,48.873162,2.284453
202000024457,8,7,2020,18,1,75,75116,2,2,1,3,AVENUE DE L HIPPODROME,48.858564,2.244883
202000024458,9,7,2020,14,1,75,75115,2,1,1,1,RUE TIPHAINE,48.848885,2.296215
202000024459,9,7,2020,22,5,75,75114,2,3,1,3,RUE JEAN ZAY,48.837561,2.322393
202000024460,9,7,2020,16,1,75,75114,2,2,1,3,RUE MONTBRUN,48.828887,2.330063
202000024461,9,7,2020,12,1,75,75114,2,1,1,2,BOULEVARD JOURDAN,48.820633,2.337783
202000024462,8,7,2020,23,3,75,75113,2,1,1,3,BOULEVARD ARAGO,48.834881,2.34307
202000024463,9,7,2020,13,1,75,75112,2,2,1,3,BOULEVARD DIDEROT,48.846445,2.378947
202000024464,9,7,2020,7,1,75,75111,2,2,7,3,BOULEVARD VOLTAIRE,48.854685,2.38533
202000024465,9,7,2020,17,1,75,75110,2,3,1,6,RUE DU CHATEAU LANDON,48.883783,2.364317
202000024466,9,7,2020,14,1,75,75110,2,1,1,3,AVENUE CLAUDE VELLEFAUX,48.876706,2.370305
202000024467,9,7,2020,10,1,75,75110,2,1,1,3,BOULEVARD DE LA VILLETTE,48.879207,2.370096
202000024468,8,7,2020,16,1,75,75109,2,2,1,3,BOULEVARD DE CLICHY,48.881935,2.339636
202000024469,9,7,2020,22,2,75,75108,2,1,1,3,RUE DU FAUBOURG SAINT HONORE,48.873317,2.309535