Num_Acc,jour,mois,an,hr,condition_eclairage,departement,commune,condition_agglomeration,intersection,condition_atmosphere,type_collision,adresse,lattitude,longitude
202000024470,8,7,2020,9,1,75,75107,2,3,1,3,BOULEVARD SAINT GERMAIN,48.861153,2.320671
202000024471,9,7,2020,16,1,94,94076,2,1,1,2,MAXIME GORKI (BD),48.78885,2.36848
202000024472,8,7,2020,7,1,94,94076,2,2,1,3,PARIS (AV DE),48.805709,2.363703
202000024473,9,7,2020,21,1,94,94034,2,1,1,6,DIVISION LECLERC (AV DE LA),48.7591,2.3247
202000024474,9,7,2020,5,3,94,94028,2,1,1,7,avenue de la POMPADOUR,48.7736,2.4367
202000024475,8,7,2020,2,5,94,94054,2,3,1,3,CHARLES TILLON (route),48.7463219,2.3774618
202000024476,9,7,2020,18,1,94,94017,2,3,1,3,SONIA DE LAUNAY (VOI),48.81219,2.53402
202000024477,9,7,2020,0,5,94,94017,2,1,1,2,GENERAL DE GAULLE (AV DU),48.824919,2.500891
202000024478,8,7,2020,11,1,94,94002,2,2,1,3,PAQUERETTES (R DES),48.7977545,2.4258548
202000024479,9,7,2020,0,5,93,93066,2,9,1,1,WILSON (AVENUE DU PRESIDENT),48.91661,2.35732
202000024480,7,7,2020,9,1,93,93005,2,1,1,2,JACQUES DUCLOS [CD44] (RUE),48.9427607,2.4968185
202000024481,9,7,2020,20,1,93,93070,2,1,1,1,CAPITAINE-GLARNER (AV),48.9040728,2.3290492
202000024482,9,7,2020,21,1,93,93077,2,9,1,-1,NOISY (ROUTE DE) JUSQU'AU 45 ET 50,48.8832344,2.4973023
202000024483,9,7,2020,7,1,93,93050,2,2,1,3,PAUL ET CAMILLE THOMOUX (RUE) COTE PAIR,48.8652949,2.529432
202000024484,9,7,2020,14,1,93,93014,2,5,1,3,POSTES (CHEMIN DES),48.908294,2.533197
202000024485,3,7,2020,22,5,93,93008,2,1,1,6,PARIS (RUE DE),48.9015721,2.4577029
202000024486,9,7,2020,12,1,93,93001,2,1,1,3,HAIE COQ (RUE DE LA ) => 91/92,48.9045282,2.3723623
202000024487,9,7,2020,19,1,92,92046,2,1,1,6,GABRIEL PERI,48.81921,2.30078
202000024488,9,7,2020,8,1,92,92033,2,3,1,3,HENRI REGNAULT,48.8464286,2.1893233
202000024489,3,3,2020,16,1,92,92044,2,1,1,3,RIVAY(RUE)97A107 ET 96A108,48.9003817,2.2847378
202000024490,8,7,2020,7,1,92,92036,2,2,1,6,MARCEL PAUL (AVENUE) (2/50),48.936805,2.30405
202000024491,8,7,2020,23,5,92,92026,2,3,1,3,MARECHAL JOFFRE (QUAI DU),48.9007,2.27514
202000024492,29,6,2020,15,1,92,92012,2,1,1,3,CHATEAU (RUE DU) 127/FIN - 133/FIN,48.841829,2.237973
202000024493,7,3,2020,2,5,92,92004,2,1,2,7,ARGENTEUIL AV D',48.91382,2.28356
202000024494,8,7,2020,19,1,35,35328,1,1,1,7,Tregaret,47.767964,-2.106342
202000024495,9,7,2020,19,1,26,26031,1,1,1,3,1175 Route de Puygiron,44.547711,4.84688
202000024496,8,7,2020,20,2,67,67371,1,1,1,6,D178,48.845231,7.317796
202000024497,8,7,2020,5,2,06,06149,2,1,1,3,149 Route de Laghet,43.74768,7.333079
202000024498,10,7,2020,17,1,43,43080,2,1,1,6,42 Faubourg Constant,45.331203,3.846197
202000024499,7,7,2020,18,1,84,84116,1,1,1,7,D938,44.262132,5.10043
202000024500,10,7,2020,0,3,81,81139,1,1,1,6,Route de Castres,43.713247,2.116724
202000024501,6,7,2020,16,1,67,67430,1,1,1,7,D253,48.3304393,7.3737456
202000024502,9,7,2020,9,1,972,97232,2,9,1,6,47 Rue Victor Hugo,14.544119,-60.843707
202000024503,9,7,2020,23,3,46,46263,1,1,1,6,D653,44.359895,1.242441
202000024504,9,7,2020,19,1,01,01354,1,6,1,3,Route de Meyrin,46.239313,6.034832
202000024505,10,7,2020,18,1,59,59579,2,1,1,6,55 Rue de la Mairie,50.951807,2.370831
202000024506,10,7,2020,3,5,62,62817,1,1,2,3,"Zone Industrielle Est, avenue d'Immercourt",50.286856,2.809694
202000024507,9,7,2020,18,1,89,89461,2,3,1,1,D660,48.236787,3.552436
202000024508,9,7,2020,18,1,56,56185,2,6,1,3,Rue de Gestel,47.789567,-3.421313
202000024509,9,7,2020,15,1,79,79179,1,1,1,6,,46.703414,-0.60015
202000024510,9,7,2020,21,1,79,79249,1,2,1,3,Route de Niort,46.364418,-0.408876
202000024511,10,7,2020,13,1,2B,2B305,2,1,1,3,Route du Cap,42.726232,9.457775
202000024512,9,7,2020,9,1,81,81130,2,3,1,3,2 Avenue de Mazamet,43.5804165,2.2767451
202000024513,8,7,2020,19,1,71,71292,2,2,1,3,1031 Rue du Moulin,46.8102531,4.7406092
202000024514,9,7,2020,18,1,89,89464,2,1,1,1,1 Quai du Port au Bois,48.082587,3.291521
202000024515,9,7,2020,22,3,61,61206,1,1,1,7,4 Lieu Dit la Rangee Bourdon,48.59116,0.717174
202000024516,9,7,2020,12,1,49,49050,1,1,1,6,D751,47.389372,-0.424111
202000024517,8,7,2020,15,1,46,46021,1,1,1,2,D19,44.570186,1.913917
202000024518,8,7,2020,9,1,46,46133,1,1,1,7,Mas de Boudre,44.688,1.911042
202000024519,6,7,2020,8,1,68,68286,2,1,1,6,3 Rue du Moulin,47.639536,7.534626
202000024520,9,7,2020,22,3,02,02477,1,1,1,6,N31,49.38099,3.282337
202000024521,10,7,2020,17,1,70,70421,2,1,1,5,chemin du pré aux oies,47.681187,6.035829
202000024522,9,7,2020,16,1,26,26124,1,1,1,1,RN7,44.845707,4.855614
202000024523,10,7,2020,19,1,54,54073,1,1,1,1,Rue Bicquilley,48.649866,5.892448
202000024524,10,7,2020,11,1,64,64279,2,9,1,6,D932,43.350486,-1.415791
202000024525,20,6,2020,11,1,16,16406,1,1,1,2,Rue Etroite,45.700505,0.413492
202000024526,8,7,2020,19,1,53,53127,1,1,1,6,la pesière,48.429101,-0.4659
202000024527,10,7,2020,8,1,53,53107,2,2,8,3,Route d'Ernee,48.41,-0.820198
202000024528,9,7,2020,19,1,21,21389,1,1,1,6,905,47.617229,4.375477
202000024529,9,7,2020,14,1,85,85234,1,1,1,7,Route de la Gorlière,46.810506,-2.050114
202000024530,10,7,2020,19,1,85,85213,1,2,1,3,Le Moulin de Badiole,46.63497,-1.353722
202000024531,9,7,2020,14,1,48,48111,1,1,1,7,RN 88 PR 40 +725,44.537663,3.583131
202000024532,10,7,2020,15,1,88,88372,2,3,1,3,Rue Pasteur / Rue Jean Jaurès,48.40358,6.837882
202000024533,11,6,2020,8,1,49,49022,1,1,8,2,A87,47.313537,-0.606952
202000024534,9,7,2020,16,1,24,24370,1,1,1,7,D936 la tremonde,44.847502,0.131578
202000024535,29,6,2020,11,1,33,33284,1,1,1,6,A63,44.671436,-0.807398
202000024536,26,6,2020,18,1,76,76457,1,1,1,3,A13,49.339015,0.963246
202000024537,8,7,2020,8,1,78,78349,1,1,1,2,A10,48.579446,2.011528
202000024538,8,7,2020,18,3,988,98819,1,1,1,5,Lieu dit Manghine haut,-20.39525,164.41229
202000024539,9,7,2020,15,1,95,95641,2,1,1,6,Rue Rouget de Lisle,49.064995,2.570457
202000024540,9,7,2020,16,1,95,95271,1,1,1,3,RD 915,49.098733,2.046129
202000024541,10,7,2020,11,1,2B,2B169,2,1,1,3,"route territoriale 20, Ponte-Leccia",42.466316,9.208474
202000024542,10,7,2020,7,1,34,34299,1,1,1,3,D37,43.281341,3.290389
202000024543,10,7,2020,18,1,34,34145,1,1,1,3,D34,43.698845,4.128799
202000024544,10,7,2020,16,1,34,34294,1,2,1,3,D34,43.708311,4.117422
202000024545,10,7,2020,16,1,05,05014,1,9,1,7,D942,44.265501,5.76426
202000024546,10,7,2020,5,2,71,71176,1,1,1,6,N79,46.469958,4.010063
202000024547,10,7,2020,12,1,55,55170,2,1,1,3,57 Rue du Cygne,49.362613,5.34634
202000024548,9,7,2020,18,1,55,55569,1,1,1,6,D902,48.893566,5.100714
202000024549,10,7,2020,19,1,54,54150,2,4,1,6,25 Rue du Général Leclerc,48.7919449,6.1428541
202000024550,10,7,2020,14,1,38,38557,1,1,1,1,D124z,45.77127,5.12588
202000024551,9,7,2020,9,1,38,38067,1,2,1,3,Route de Jameyzieu,45.70507,5.171363
202000024552,8,7,2020,19,1,07,07200,1,1,7,6,cd 536,44.717709,4.164591
202000024553,9,7,2020,9,1,69,69121,2,1,1,-1,Route de Lentilly,45.8512257,4.6848877
202000024554,6,7,2020,18,1,69,69136,2,1,1,6,735 Montee du Baconnet,45.618972,4.763936
202000024555,8,7,2020,10,1,27,27016,1,1,1,6,D1,49.223554,1.444681
202000024556,9,7,2020,19,1,76,76276,2,2,1,6,15 Rue de Neufchatel,49.612874,1.54569
202000024557,9,7,2020,22,3,59,59400,1,1,1,6,Rue de Maroeuil,50.6282084,2.6416612
202000024558,8,7,2020,9,1,59,59256,1,1,2,1,Boulevard du Petit Quinquin,50.575269,3.118159
202000024559,8,7,2020,6,1,69,69204,1,1,1,4,A450   1.740 A 5.100,45.68339,4.80292
202000024560,8,7,2020,13,1,33,33192,1,1,1,4,ROCADE A 630,44.78521,-0.59275
202000024561,9,7,2020,18,1,94,94021,1,1,1,2,AUTOROUTE A6A,48.7658519,2.3431751
202000024562,9,7,2020,17,1,91,91689,1,1,1,2,AUTOROUTE A6,48.72958,2.31458
202000024563,8,7,2020,9,1,91,91689,1,1,1,2,AUTOROUTE A6B,48.7424,2.3218
202000024564,9,7,2020,8,1,92,92050,1,9,1,3,A86,48.9065056,2.2108738
202000024565,8,7,2020,12,1,78,78431,1,1,1,6,A13,48.940309,1.954336
202000024566,8,7,2020,4,3,78,78090,1,1,1,2,A13,48.970234,1.908192
202000024567,9,7,2020,18,1,93,93005,1,1,1,4,AUTOROUTE A3,48.94731,2.47583
202000024568,9,7,2020,18,1,93,93078,1,1,1,2,AUTOROUTE A104,48.96436,2.55335
202000024569,9,7,2020,15,1,93,93078,1,1,1,3,AUTOROUTE A104,48.96126,2.54388
202000024570,9,7,2020,9,1,92,92036,1,1,1,3,AUTOROUTE A15,48.94531,2.28427
202000024571,9,7,2020,10,1,93,93027,1,1,1,5,AUTOROUTE A1,48.93628,2.40592
202000024572,9,7,2020,3,3,95,95572,1,1,1,2, A15,49.0322008,2.1129791
202000024573,8,7,2020,21,1,95,95607,1,1,1,7,AUTOROUTE A115,49.0244311,2.2088279
202000024574,8,7,2020,18,1,93,93053,1,1,1,4,AUTOROUTE A3,48.89796,2.46937
202000024575,8,7,2020,19,1,93,93053,1,1,1,5,AUTOROUTE A3,48.89422,2.47196
202000024576,8,7,2020,17,1,93,93007,1,1,2,2,AUTOROUTE A1,48.94358,2.43603
202000024577,9,7,2020,10,1,94,94017,1,1,1,2,A4,48.8267112,2.5225883
202000024578,9,7,2020,8,1,77,77237,1,1,1,2,A4,48.8320034,2.775389
202000024579,8,7,2020,17,1,94,94079,1,1,1,4,A4,48.8346,2.5374
202000024580,4,7,2020,13,1,974,97407,1,9,1,6,JEAN GIONO (RUE) - RIV. DES GALETS,-20.957,55.312
202000024581,8,7,2020,18,1,69,69259,2,2,1,6,ERNEST RENAN                        (R ),45.72672,4.86252
202000024582,8,7,2020,15,1,69,69199,2,1,1,2,LOUIS GIRARDET                      (R ),45.7059,4.8553
202000024583,8,7,2020,10,1,69,69276,2,1,1,2,LYON (DE)                               ,45.680455,4.8612156
202000024584,7,7,2020,12,1,69,69387,2,2,1,5,UNIVERSITE (DE L')                  (PT),45.75193,4.83688
202000024585,8,7,2020,5,3,972,97213,1,1,2,6,ROUTE DEPARTEMENTALE 3,14.6353271,-60.9917164
202000024586,8,7,2020,14,1,972,97209,2,3,1,3,ROBESPIERRE (RUE),14.61059,-61.07006
202000024587,7,7,2020,23,5,972,97209,2,6,1,7,BISHOP (Avenue Maurice),14.61266,-61.05324
202000024588,8,7,2020,18,1,69,69142,2,1,1,6,PIERRE SEMARD                       (QU),45.72603,4.81657
202000024589,8,7,2020,8,1,69,69034,2,9,1,6,PIERRE TERRASSE                     (AV),45.79866,4.84922
202000024590,7,7,2020,19,1,69,69286,2,1,1,1,MAURICE RAVEL                       (AV),45.8167,4.89792
202000024591,8,7,2020,7,1,95,95268,2,2,1,3,AV FRANCOIS MITTERRAND,48.9731633,2.3978917
202000024592,8,7,2020,18,1,91,91377,2,3,1,6,MAZARIK (RUE THOMAS),48.7368,2.2611
202000024593,8,7,2020,15,1,91,91687,2,9,1,6,GENERAL DE GAULLE (AVENUE DU),48.6807,2.37971
202000024594,7,7,2020,3,5,91,91333,2,1,1,6,CLEMENCEAU GEORGES (RUE),48.61948,2.26708
202000024595,5,7,2020,20,1,91,91347,2,1,1,6,ROBINEAUX (CHEMIN DES),48.62739,2.28955
202000024596,4,7,2020,21,1,91,91339,2,1,1,2,RN 20,48.62027,2.2594
202000024597,7,7,2020,12,1,88,88160,2,7,1,-1,ENTRE-LES-DEUX-PORTES (RUE D'),48.17614,6.45124
202000024598,8,7,2020,20,1,83,83034,1,1,1,6,ROUTE DE LA BENOITE,43.105,6.081
202000024599,7,7,2020,20,1,80,80021,2,1,1,-1,DEUXIEME DB (RUE DE LA),49.89258,2.29238
202000024600,7,7,2020,15,1,80,80021,2,1,1,2,MAIGNAN LARIVIERE (BOULEVARD),49.89016,2.29125
202000024601,8,7,2020,14,1,78,78440,2,2,1,5,GAMBETTA (RUE),48.990919,1.915581
202000024602,8,7,2020,10,1,76,76157,2,6,1,7,CD 982 (RUE DE DUCLAIR),49.44501,1.01247
202000024603,7,7,2020,12,1,76,76351,2,1,1,6,VALLEE (RUE DE LA),49.49513,0.15525
202000024604,8,7,2020,15,1,69,69266,2,1,1,6,ROGER SALENGRO     (Avenue),45.77636,4.87208
202000024605,8,7,2020,16,1,69,69029,2,1,1,3,GENAS (DE)                          (RO),45.7485188,4.9193591
202000024606,8,7,2020,16,1,69,69271,2,1,1,3,ANDRE AMPERE                            ,45.73163,4.97217
202000024607,8,7,2020,9,1,69,69266,2,2,7,6,MAGENTA     (Rue),45.7653,4.8716
202000024608,5,7,2020,21,2,67,67482,2,9,1,3,ADRIEN ZELLER (PLACE),48.595221,7.758605
202000024609,8,7,2020,1,5,64,64445,2,1,1,6,NORMAN PRINCE,43.30476,-0.34699
202000024610,7,7,2020,18,1,64,64024,2,1,1,6,BAB (BOULEVARD DU),43.493789,-1.523638
202000024611,6,7,2020,8,1,62,62224,1,3,1,3,RD 943,50.53748,2.57664
202000024612,6,7,2020,11,1,59,59350,2,1,1,6,349 AV. DE DUNKERQUE,50.640816,3.018639
202000024613,7,7,2020,18,1,54,54395,2,1,1,7,JOFFRE (Boulevard),48.6889631,6.176843
202000024614,7,7,2020,12,1,54,54395,2,1,1,3,STRASBOURG (AVENUE DE),48.680696,6.194019
202000024615,7,7,2020,22,5,51,51454,2,2,1,3,Avenue Paul Marchandeau,49.24415,4.027505
202000024616,19,2,2020,22,5,94,94043,2,1,2,3,CARNOT (R),48.80955,2.3637
202000024617,19,2,2020,19,5,94,94076,2,2,2,3,STALINGRAD (AV DE),48.78471,2.36696
202000024618,19,2,2020,2,3,94,94074,1,1,3,3,HENRI BARBUSSE (AV),48.76906,2.44067
202000024619,17,2,2020,20,5,94,94011,2,9,8,3,RHIN ET DANUBE(RUE DU),48.77303,2.49082
202000024620,18,2,2020,10,1,94,94079,2,1,1,2,JEAN MONNET (BD),48.8348427,2.5391767
202000024621,19,2,2020,19,5,94,94017,2,1,2,6,DANIELLE CASANOVA (R),48.824994,2.512485
202000024622,18,2,2020,16,1,94,94017,2,1,1,6,ROGER SALENGRO (AV),48.8198,2.4855
202000024623,18,2,2020,21,5,93,93066,2,1,1,6,Boulevard de la Libération,48.92546,2.34202
202000024624,17,2,2020,17,1,93,93066,2,9,2,3,PROUDHON,48.9064251,2.365426
202000024625,19,2,2020,13,1,93,93051,2,3,1,3,MONT D'EST (BD),48.8421492,2.5429148
202000024626,19,2,2020,8,1,93,93048,2,1,1,6,BD ROUGET DE L'ISLE,48.85981,2.43874
202000024627,19,2,2020,9,1,93,93031,2,1,1,3,SAINT GRATIEN (RUE DE),48.9619907,2.3001286
202000024628,19,2,2020,16,1,93,93010,2,2,2,3,VERDUN (AV. DE) 1 A 33,48.9067977,2.4885021
202000024629,18,2,2020,20,4,93,93001,2,1,1,3,R CHARLES TILLON,48.9178601,2.3933181
202000024630,18,2,2020,13,1,92,92051,2,9,1,-1,"CHARLES DE GAULLE (AVENUE,N°118 A 192 +",48.882804,2.267477
202000024631,18,2,2020,14,1,92,92044,2,3,1,6,PDT WILSON(RUE) 2A24 ET 1A21,48.8931693,2.2893633
202000024632,19,2,2020,20,5,92,92023,2,1,2,1,JEAN BAPTISTE CLEMENT (AVENUE),48.79518,2.26674
202000024633,18,2,2020,14,1,92,92012,2,2,1,3,ANDRE MORIZET (AVENUE) 1/47 - 2/52,48.835034,2.241291
202000024634,13,2,2020,12,1,92,92009,2,1,1,6,GENERAL LECLERC ( RUE DU ),48.9153168,2.2696975
202000024635,14,2,2020,7,2,92,92004,2,1,1,3,ARGENTEUIL AV D',48.9217435,2.2777768
202000024636,18,2,2020,20,5,92,92004,2,1,1,3,ARGENTEUIL AV D',48.91667,2.28209
202000024637,17,2,2020,15,1,92,92014,2,2,1,-1,GENERAL LECLERC (AV.) (57 A 135 - 50 A 1/ BIEVRE (RUE DE LA),48.7823691,2.3165703
202000024638,20,2,2020,7,1,974,97415,2,1,1,2,Rue Terre des hommes,-20.98958,55.330313
202000024639,20,2,2020,10,1,43,43110,1,1,1,3,Route d'Auzon,45.322552,3.410182
202000024640,20,2,2020,15,1,06,06161,2,1,1,3,1670 Route Nationale,43.634367,7.133809
202000024641,19,2,2020,9,1,51,51007,2,2,1,3,12 Rue de Vaudemanges,49.0759781,4.1769076
202000024642,28,1,2020,10,1,33,33140,2,1,8,2,Avenue de l'Entre 2 Mers,44.772098,-0.343602
202000024643,20,2,2020,16,1,11,11262,1,1,1,1,D168,43.169583,3.126018
202000024644,20,2,2020,15,1,71,71014,2,1,1,6,Rue de Parpas,46.9518312,4.2920041
202000024645,18,2,2020,19,4,47,47168,2,3,1,3,Boulevard Aristide Briand,44.602821,0.3597
202000024646,20,2,2020,8,2,41,41176,1,1,1,6,D55,47.497568,2.12662
202000024647,20,2,2020,8,1,34,34293,1,1,1,6,D907 - PR 15,43.57858,2.708827
202000024648,18,2,2020,19,3,38,38466,1,3,1,3,Route du Grésivaudan,45.367648,5.957658
202000024649,19,2,2020,21,3,01,01320,1,1,1,1,Rue de la Prairie,46.313264,4.861407
202000024650,19,2,2020,14,1,01,01046,1,4,8,1,Route de Péroux,46.231146,4.958053
202000024651,4,2,2020,17,1,06,06090,2,3,1,3,623 Avenue de Grasse,43.597356,6.925074
202000024652,19,2,2020,10,1,05,05098,1,1,1,1,RD 40,44.512038,6.568963
202000024653,20,2,2020,15,1,28,28378,1,1,8,6,D9,48.258306,0.856612
202000024654,20,2,2020,17,2,48,48080,2,3,7,6,10 avenue jean moulin,44.723404,3.860064
202000024655,20,2,2020,3,4,52,52058,2,1,1,6,Rue de la Fontaine,48.203962,5.14423
202000024656,20,2,2020,8,1,80,80058,1,1,1,2,A29,49.8535592,2.6307443
202000024657,19,2,2020,21,3,26,26057,1,1,1,7,Autoroute A49 - point kilométrique 059.0500,45.021271,5.055661
202000024658,20,2,2020,7,2,33,33122,1,1,1,5,D211,44.713425,-0.729282
202000024659,19,2,2020,11,1,17,17240,1,1,1,1,D730,45.279794,-0.388126
202000024660,20,2,2020,15,1,13,13103,1,1,1,7,"Autoroute A7, PK 230+700, sens nord/sud",43.667127,5.097141
202000024661,17,2,2020,7,1,83,83104,1,1,1,1,La Goye,43.6398334,5.8051559
202000024662,20,2,2020,7,1,33,33056,2,1,5,5,AVE DU ONZE NOVEMBRE,44.927035,-0.622669
202000024663,19,2,2020,20,3,61,61341,1,1,1,6,Champ-fosse,48.510684,0.130494
202000024664,5,2,2020,10,1,50,50099,2,1,1,1,6 Rue de la Guinguette,49.303136,-1.251569
202000024665,18,2,2020,16,1,83,83137,1,1,1,3,A57,43.12132,5.95331
202000024666,19,2,2020,17,2,33,33096,1,1,1,6,AUTOROUTE A 10,44.88996,-0.50344
202000024667,19,2,2020,11,1,33,33249,1,1,1,2,ROUTE NATIONALE 230,44.87892,-0.50955
202000024668,18,2,2020,16,1,59,59328,1,1,1,6,ROUTE METROPOLITAINE 652,50.660545,3.020312
202000024669,17,2,2020,5,3,59,59609,1,1,1,2,AUTOROUTE A1,50.5726916,3.0802515
202000024670,19,2,2020,5,3,91,91377,1,1,1,7,RD 444,48.72805,2.24392
202000024671,18,2,2020,22,3,91,91347,1,1,1,3,RN 104,48.62283,2.29175
202000024672,19,2,2020,12,1,78,78423,1,1,8,7,N12W,48.798808,1.995782
202000024673,17,2,2020,19,3,93,93078,1,1,2,4,AUTOROUTE A104,48.96364,2.55128
202000024674,19,2,2020,20,5,94,94069,1,1,1,5,A4,48.8170338,2.4435317
202000024675,19,2,2020,19,5,94,94017,1,1,2,4,A4,48.8266487,2.5137924
202000024676,18,2,2020,11,1,988,98818,2,3,1,7,PROMENADE ROGER LAROQUE/RTE DE L AQUARIUM,-22.30278,166.4385
202000024677,16,2,2020,2,4,987,98736,2,1,1,2,CHARLES DE GAULLE (AV),-17.53101,-149.55319
202000024678,18,2,2020,7,1,974,97416,1,1,1,2,BADAMIER(CHEMIN),-21.3115,55.45885
202000024679,17,2,2020,11,1,974,97416,2,9,1,2,RECHERCHANT(RUE ADRIEN),-21.2871,55.48172
202000024680,18,2,2020,17,1,974,97411,2,1,1,1,Rue Lory les bas,-20.887797,55.482293
202000024681,17,2,2020,12,1,974,97411,2,1,1,2,JAURES (BOULEVARD JEAN),-20.90249,55.50208
202000024682,13,2,2020,12,1,974,97411,1,1,1,2,Route de la Montagne,-20.885413,55.43896
202000024683,11,2,2020,7,1,974,97411,2,1,1,2,JAURES (BLD 1 JEAN),-20.8887555,55.4475367
202000024684,10,2,2020,16,1,974,97411,2,1,1,4,Boulevard Jean Jaures,-20.89962,55.48001
202000024685,17,2,2020,16,1,974,97407,2,3,1,1,BANVILLE(RUELLE),-20.93997,55.29617
202000024686,14,2,2020,21,5,973,97302,2,6,1,3,KET TAI (CARREFOUR),4.9371471,-52.3260677
202000024687,13,2,2020,15,1,973,97302,2,1,1,3,MADELEINE (ROUTE DE LA),4.9356506,-52.3259497
202000024688,10,2,2020,7,1,973,97302,1,9,1,3,MONTABO (ROUTE DE) 2,4.931717,-52.2905231
202000024689,10,2,2020,6,1,973,97302,2,1,1,2,CATAYEE (JUSTIN),4.9393864,-52.330606
202000024690,18,2,2020,20,3,69,69387,2,1,1,6,BERGES DU RHONE,45.7388,4.8251
202000024691,18,2,2020,16,1,69,69387,2,1,1,-1,JACQUES MONOD                       (R ),45.73055,4.82883
202000024692,18,2,2020,17,2,69,69383,2,1,1,6,FELIX FAURE                         (AV),45.753864,4.8611498
202000024693,18,2,2020,8,1,69,69388,2,1,8,3,JEAN CHEVALIER                      (R ),45.73475,4.86152
202000024694,17,2,2020,14,1,69,69259,2,2,2,3,IRENE JOLIOT CURIE                  (BD),45.7143,4.8794
202000024695,17,2,2020,8,1,69,69387,2,1,1,6,JEAN MACE                           (PL),45.74604,4.84175
202000024696,17,2,2020,8,2,69,69383,2,2,1,1,VILLETTE (DE LA)                    (R ),45.7607,4.8616
202000024697,10,2,2020,10,1,69,69388,2,3,8,2,GENERAL FRERE (DU)                  (AV),45.72695,4.88506
202000024698,17,2,2020,21,3,972,97213,2,1,1,6,ROUTE DEPARTEMENTALE 3,14.623663,-60.989155
202000024699,16,2,2020,8,1,972,97213,2,9,1,3,NELSON MANDELA,14.613,-60.998
202000024700,16,2,2020,0,5,972,97213,1,1,1,1,ROUTE DEPARTEMENTALE 3,14.6718,-60.991363
202000024701,15,2,2020,21,5,972,97209,1,1,1,3,FONTAINE DIDIER (RUE DE LA),14.62803,-61.0795
202000024702,8,2,2020,15,1,972,97209,2,4,1,3,CHATEAUBOEUF (ROUTE DE),14.617,-61.0478
202000024703,14,1,2020,22,5,972,97209,2,1,1,2,AVE CAMILLE DARSIERES,14.610633,-61.042571
202000024704,18,2,2020,18,5,69,69034,2,1,1,7,CLOS COLLINOT (DU)                  (CH),45.7959,4.8538
202000024705,18,2,2020,8,1,69,69034,2,1,1,2,GENERAL DE GAULLE                   (AV),45.80575,4.85388
202000024706,18,2,2020,7,1,69,69385,2,1,1,7,CHEMIN NEUF (DU)                    (MO),45.75908,4.82405
202000024707,16,2,2020,3,5,69,69381,2,3,1,3,JEAN MOULIN                         (QU),45.7662,4.8381
202000024708,5,2,2020,11,1,69,69034,2,1,1,6,GUTENBERG                           (PL),45.79519,4.8487
202000024709,8,2,2020,15,1,69,69034,2,1,1,7,ARISTIDE BRIAND                     (CO),45.7828,4.8441
202000024710,18,1,2020,11,1,69,69034,2,1,1,6,DOCTEUR ZAMENHOF (DU)               (AL),45.7971004,4.8505473
202000024711,17,2,2020,0,5,971,97101,1,1,1,4,LE RAIZET(SECTEUR),16.251957,-61.530752
202000024712,16,2,2020,11,1,971,97107,2,1,2,6,PAUL LACAVE ( AVENUE ),16.0430673,-61.5647167
202000024713,11,2,2020,18,5,2A,2A004,2,1,1,6,MEZZAVIA ROUTE DE,41.9523152,8.7802246
202000024714,11,2,2020,18,5,2A,2A004,2,3,1,5,CONFINA 1 LOT,41.952566,8.784557
202000024715,10,2,2020,10,1,91,91549,2,1,1,6,CORBEIL (ROUTE DE),48.63829,2.33263
202000024716,18,2,2020,18,1,91,91691,2,1,1,6,PAUL DOUMER(RUE),48.71706,2.50827
202000024717,11,2,2020,19,5,91,91687,2,1,1,1,VICTOR SCHOELCHER (AVENUE),48.65624,2.37186
202000024718,17,2,2020,8,1,91,91228,2,3,2,3,MARECHAL LECLERC (BD),48.63206,2.43916
202000024719,10,2,2020,14,1,91,91657,2,3,2,3,TOURELLE (AVENUE DE LA ),48.69031,2.43915
202000024720,18,2,2020,11,1,91,91027,2,1,1,5,PASTEUR (AVENUE),48.70604,2.36759
202000024721,16,2,2020,5,5,91,91347,2,2,1,6,MONTLHERY (ROUTE DE),48.634522,2.289856
202000024722,15,2,2020,14,1,91,91457,2,9,1,3,PASTEUR (RUE),48.58695,2.25955
202000024723,12,2,2020,7,5,89,89387,2,2,1,6,bd Verdun angle rue Matignon,48.20293,3.29608
202000024724,8,2,2020,4,5,89,89024,2,1,1,6,FOCH (AVENUE) N° PAIRS,47.7964055,3.5613518
202000024725,16,2,2020,9,1,88,88413,2,2,1,6,THIERS (RUE),48.28706,6.94952
202000024726,15,2,2020,13,1,87,87085,2,2,1,3,CARMES (PLACE DES),45.83017,1.25033
202000024727,15,2,2020,8,1,87,87085,2,1,1,2,LATTRE-DE-TASSIGNY (AVENUE DU MARECHAL),45.82501,1.27401
202000024728,14,2,2020,15,1,87,87085,2,1,1,2,SCHUMAN (BOULEVARD ROBERT),45.85566,1.26716
202000024729,11,2,2020,15,1,87,87085,2,1,1,6,POMPIDOU (AVENUE GEORGES),45.81523,1.2693
202000024730,10,2,2020,14,1,87,87085,2,3,1,6,VIGENAL (BOULEVARD DU),45.84822,1.24578
202000024731,10,2,2020,20,5,86,86194,2,1,8,2,Boulevard Bajon,46.582168,0.35257
202000024732,16,2,2020,10,1,85,85194,2,2,1,3,Avenue d'Aquitaine,46.49242,-1.7597
202000024733,18,2,2020,15,1,83,83137,2,1,1,6,BOURGEOIS (BD LEON),43.1225,5.9481