Num_Acc,jour,mois,an,hr,condition_eclairage,departement,commune,condition_agglomeration,intersection,condition_atmosphere,type_collision,adresse,lattitude,longitude
202000024734,17,2,2020,14,1,83,83137,2,1,2,6,PICON (BD LOUIS),43.13577,5.91183
202000024735,17,2,2020,14,1,83,83069,1,1,2,2,PIERREFEU (ROUTE DE) RD 12,43.16769,6.1093
202000024736,16,2,2020,6,3,81,81021,1,1,6,6,CD 612,43.5137,2.37352
202000024737,13,2,2020,17,1,80,80021,1,1,2,1,ROCADE NORD EST RN 25,49.92676,2.30984
202000024738,15,2,2020,13,1,80,80021,2,1,1,3,ALSACE LORRAINE (BOULEVARD D'),49.89244,2.30744
202000024739,14,2,2020,0,3,80,80724,1,1,1,7,CHEMIN RURAL DE SALEUX A AMIENS,49.86023,2.21068
202000024740,10,2,2020,7,2,80,80021,2,1,1,6,ABBE DUMONT (RUE DE ),49.90882,2.31065
202000024741,15,2,2020,9,1,79,79191,2,3,2,7,5 Boulevard de la Liberté,46.31036,-0.46476
202000024742,14,2,2020,17,1,79,79191,2,1,1,3,Boulevard Pierre Mendès-France,46.32752,-0.41383
202000024743,14,2,2020,20,5,79,79191,2,1,1,1,343 Avenue Saint-Jean-d'Angély,46.301141,-0.46579
202000024744,1,2,2020,19,5,78,78126,2,1,2,6,MOULIN JEAN (AVENUE),48.854712,2.137584
202000024745,4,2,2020,20,5,78,78092,2,1,1,3,DRIONNE (AVENUE DE LA),48.86458,2.13864
202000024746,18,2,2020,12,1,78,78502,2,3,1,3,VERSAILLES (ROUTE DE),48.875229,2.102933
202000024747,18,2,2020,19,5,78,78220,2,2,1,3,FOUR A BRIQUES (RUE DU),48.720303,1.896762
202000024748,27,1,2020,9,1,78,78517,1,1,8,2,RN 10,48.64007,1.83952
202000024749,14,2,2020,14,1,78,78490,2,9,1,6,VICOMTES (RUE DES),48.82972,1.95965
202000024750,16,2,2020,0,3,77,77296,1,1,1,1,D 306,48.6228525,2.5624879
202000024751,14,2,2020,13,1,77,77410,1,1,1,1,D.57,48.59382,2.71425
202000024752,15,2,2020,12,1,77,77284,2,2,1,3,BUREAU (RUE JEAN) - D360,48.9564,2.87753
202000024753,16,2,2020,7,5,76,76540,2,2,1,3,DUFAY. RUE,49.42214,1.08001
202000024754,14,2,2020,8,1,76,76157,1,1,1,1,SAHURS. ROUTE DE (CD 351),49.42543,1.01192
202000024755,14,2,2020,7,5,76,76540,2,3,1,3,NEUFCHATEL. ROUTE DE,49.4518,1.09817
202000024756,14,2,2020,14,1,76,76319,1,1,1,2,RN 138,49.3469752,1.0182115
202000024757,10,2,2020,19,5,76,76540,2,2,3,7,GAMBETTA. BOULEVARD LEON,49.43678,1.10233
202000024758,1,2,2020,11,1,76,76216,2,3,1,-1,PETIT AULNAY. RUE DU,49.46336,1.04616
202000024759,8,2,2020,7,2,76,76351,2,1,2,6,GENERAL FERRIE (AVENUE),49.50898,0.17463
202000024760,24,1,2020,13,1,76,76351,2,1,1,6,FELIX FAURE,49.50168,0.114
202000024761,7,2,2020,22,5,76,76217,2,2,1,6,FAUBOURG DE LA BARRE (DE),49.9222079,1.0701585
202000024762,18,2,2020,8,1,74,74012,2,3,1,1,COMBES (RUE DES),46.18286,6.237819
202000024763,17,2,2020,13,1,74,74012,2,2,2,3,BEULET (RUE DU),46.19115,6.243279
202000024764,16,2,2020,19,5,72,72181,2,1,2,6,Robert Jarry (Bd),47.9978,0.1889
202000024765,11,2,2020,17,1,69,69256,2,2,8,3,GARIBALDI                           (AV),45.76702,4.93263
202000024766,10,2,2020,17,2,69,69264,2,7,1,3,FRANS ROUTE DE,45.984,4.7404
202000024767,14,2,2020,20,5,67,67447,2,1,1,6,PRINCIPALE (RUE),48.6042314,7.7504177
202000024768,10,2,2020,12,1,67,67447,2,3,6,-1,PIERRE MENDES FRANCE (AVENUE),48.609045,7.764366
202000024769,18,2,2020,9,1,66,66136,2,1,1,2,PAYRA (JEAN),42.7019056,2.8933113
202000024770,8,2,2020,21,5,66,66136,2,2,1,3,DALBIEZ (AVENUE VICTOR),42.68464,2.88207
202000024771,11,2,2020,11,1,66,66136,2,1,1,3,BOURRAT BOULEVARD JEAN,42.69921,2.90384
202000024772,15,2,2020,10,1,65,65226,1,1,1,5,AVENUE DU POUEY,43.24025,0.02021
202000024773,9,2,2020,11,1,65,65286,2,9,1,2,MARQUI (AVENUE ALEXANDRE),43.102182,-0.043746
202000024774,18,2,2020,20,5,64,64445,2,6,1,1,MARTYRS DU PONT LONG DES,43.33898,-0.37979
202000024775,18,2,2020,17,1,64,64445,2,3,1,5,ALFRED NOBEL,43.31775,-0.30998
202000024776,17,2,2020,17,1,64,64129,2,1,2,-1,BAYONNE DE,43.30043,-0.39317
202000024777,3,2,2020,20,5,64,64445,2,3,1,3,HENRI FAISANS,43.3005,-0.3604
202000024778,18,2,2020,7,5,64,64122,2,1,1,2,LUIS MARIANO ( RUE-ROND POINT)),43.45844,-1.54736
202000024779,15,2,2020,19,2,64,64122,2,1,1,1,PITCHOT (RUE DE),43.46696,-1.53851
202000024780,17,2,2020,12,1,64,64024,2,1,3,7,MOULIN DE BRINDOS (ROND POINT DU),43.46324,-1.51805
202000024781,11,2,2020,17,2,64,64024,2,1,8,7,CINQ CANTONS (RUE DES),43.48607,-1.52026
202000024782,11,2,2020,13,1,64,64024,2,1,2,2,CHASSIN (RUE DE),43.49231,-1.5289
202000024783,15,2,2020,16,1,63,63063,2,1,1,7,BLANZAT (RUE DE),45.83144,3.09087
202000024784,15,2,2020,11,1,63,63113,2,1,1,2,PAULINES (AVENUE DES),45.77439,3.09412
202000024785,15,2,2020,15,1,63,63113,2,5,1,-1,AURIOL (BOULEBARD VINCENT),45.79216,3.118
202000024786,14,2,2020,18,1,63,63014,2,2,1,-1,NOELLET (AVENUE JEAN),45.75228,3.10793
202000024787,14,2,2020,9,1,63,63113,2,1,1,2,PELISSIER (RUE),45.7853172,3.1037927
202000024788,10,2,2020,14,1,63,63113,2,1,6,6,REPUBLIQUE (AVENUE DE LA),45.7895449,3.1097691
202000024789,25,1,2020,21,5,62,62386,2,2,2,3,BEUGNET (R CASIMIR),50.446444,2.739694
202000024790,12,2,2020,16,1,62,62497,2,1,1,7,EGALITE (R DE L'),50.446173,3.068685
202000024791,9,2,2020,0,5,62,62498,2,2,1,3,MAES (AV. ALFRED ),50.42724,2.80942
202000024792,31,1,2020,23,5,62,62847,2,1,1,3,RUE GUY MOLLET,50.50374,2.66735
202000024793,4,2,2020,18,5,60,60175,2,1,1,6,CHANTILLY (ROUTE DE),49.24983,2.4764214
202000024794,15,2,2020,20,3,59,59491,2,1,1,5,RD 169 DURRE (RUE HENRI),50.3795,3.495
202000024795,16,1,2020,15,1,59,59606,2,1,1,3,VAUBAN (AVENUE),50.361611,3.510667
202000024796,18,2,2020,18,5,59,59599,2,2,1,6,TIBERGHIEN (RUE SIMON),50.7318648,3.1602216
202000024797,11,2,2020,21,5,59,59152,2,1,1,6,PROCESSIONS (RUE DES),50.760251,3.009082
202000024798,11,2,2020,17,1,59,59599,2,2,1,3,MOUVAUX (RUE DE),50.69501,3.14743
202000024799,17,2,2020,9,1,59,59009,2,1,1,6,JAURES JEAN RUE    N°5 AU 99,50.66254,3.13824
202000024800,17,2,2020,8,1,59,59410,2,6,1,2,LECLERC BOULEVARD DU GENERAL,50.637319,3.101368
202000024801,11,2,2020,16,1,59,59131,2,1,1,6,HOOGHE-PORTE,50.99447,2.36649
202000024802,14,2,2020,9,1,59,59170,2,2,1,3,BARBUSSE (RUE HENRI),50.34753,3.12499
202000024803,28,1,2020,18,2,58,58194,2,3,1,2,MONTOTS,46.9896,3.134
202000024804,16,2,2020,20,5,57,57672,2,1,1,6,MARCHAL (QUAI),49.35885,6.17018
202000024805,16,2,2020,14,1,56,56098,2,2,2,3,CURIE (RUE  PIERRE ET MARIE ),47.75604,-3.34309
202000024806,14,2,2020,20,5,56,56162,2,1,1,6,GRAZU (RUE DU),47.70308,-3.43189
202000024807,31,1,2020,16,1,54,54339,2,1,2,6,DRIANT (RUE DU COLONEL),48.708017,6.188612
202000024808,11,2,2020,12,1,51,51454,2,1,1,7,Avenue Jean Jaurès,49.2642821,4.0580632
202000024809,11,2,2020,8,1,51,51454,2,1,1,3,Rue de Venise,49.2469992,4.0327413
202000024810,5,8,2020,19,1,44,44068,1,1,7,3,D2,47.521454,-2.004282
202000024811,8,9,2020,16,1,44,44072,1,2,1,3,La Baronnerie,47.421424,-2.322353
202000024812,9,9,2020,13,1,72,72089,2,1,1,2,7 Rue de Neuvy,48.121553,-0.017343
202000024813,8,9,2020,17,1,50,50178,1,2,1,4,49 Village le Tot de Bas,49.692807,-1.431452
202000024814,9,9,2020,12,1,60,60440,2,2,1,3,Rue Eugène Boullenger,49.491594,2.629734
202000024815,9,9,2020,15,1,64,64495,1,3,1,2,Cherchebruit,43.323773,-1.549319
202000024816,9,10,2020,10,1,18,18138,1,1,1,7,D107,47.102015,2.248871
202000024817,20,8,2020,17,1,18,18145,2,1,1,6,Rue de Fontbertrange,47.228057,2.486086
202000024818,8,9,2020,16,1,53,53164,1,1,1,1,D244,48.498363,-0.332028
202000024819,9,9,2020,14,1,53,53144,1,3,1,1,Rue des Tuileries,48.311126,-0.498443
202000024820,9,9,2020,15,1,04,04202,1,1,1,1,RD 2202,43.9978827,6.7771958
202000024821,8,9,2020,8,1,87,87066,1,1,1,2,N21,45.7198246,1.0217304
202000024822,9,9,2020,6,5,48,48080,2,1,1,6,Quartier du Pont d'Allier,44.735497,3.858449
202000024823,9,9,2020,15,1,08,08486,2,1,1,7,74 Rue Carnot,50.087724,4.716585
202000024824,5,9,2020,17,1,68,68300,1,1,1,6,A36,47.773325,7.380753
202000024825,17,8,2020,14,1,06,06079,1,1,1,2,Autoroute A8 PK 157.220 chaussée nord,43.544465,6.93991
202000024826,8,9,2020,15,1,86,86123,1,9,7,2,Boivre-la-Vallée,46.5098568,0.1312997
202000024827,9,9,2020,16,1,95,95580,1,1,1,1,Pres Moulins de Survillier,49.084646,2.551961
202000024828,7,9,2020,17,1,68,68118,2,3,1,3,2 Rue du Vorbourg,47.731559,7.416828
202000024829,9,9,2020,12,1,69,69119,1,2,1,3,D28,45.496466,4.721675
202000024830,9,9,2020,6,1,986,98613,2,1,1,3,Utufua,-13.3179705,-176.2325524
202000024831,20,7,2020,2,3,974,97415,1,1,1,6,Route du Théâtre,-21.039353,55.222336
202000024832,5,9,2020,13,1,974,97406,2,3,1,3,Rue de la République,-21.147858,55.615955
202000024833,8,9,2020,20,3,971,97107,1,1,1,1,N1,16.065589,-61.567587
202000024834,8,9,2020,18,1,2B,2B265,1,1,1,1,D305,42.596439,9.370694
202000024835,8,9,2020,22,3,84,84026,1,1,1,6,Ancien chemin d'ansouis,43.757341,5.387367
202000024836,5,9,2020,15,1,04,04062,1,1,1,7,RD 900,44.447794,6.74022
202000024837,7,9,2020,13,1,13,13086,1,1,1,3,D96,43.354938,5.608199
202000024838,8,9,2020,11,1,68,68117,2,1,1,6,9 Rue du Docteur Albert Schweitzer,48.047262,7.176787
202000024839,8,9,2020,17,1,67,67046,2,2,1,6,Intersection Rue du Rhin avec Rue du Luhberg,48.765291,7.862933
202000024840,9,9,2020,7,2,88,88388,1,1,7,5,Route de Bains,48.136924,6.389998
202000024841,9,9,2020,9,1,38,38455,1,3,1,3,Route des Gravières,45.622971,5.331143
202000024842,8,9,2020,11,1,46,46102,2,1,1,6,Avenue Fernand Pezet,44.608863,2.029504
202000024843,6,9,2020,3,3,44,44168,1,1,1,6,D16,47.390842,-2.197024
202000024844,8,9,2020,10,1,29,29169,1,3,1,3,Chemin de Ty Hor,48.053393,-4.134008
202000024845,8,9,2020,21,3,35,35088,1,2,1,3,La Houzaie,47.975555,-1.543418
202000024846,8,9,2020,15,1,13,13055,2,1,1,4,A507 sens Marseille - Aubagne,43.29584,5.42437
202000024847,8,9,2020,2,5,13,13207,1,1,1,6,Tunnel Prado Carénage,43.291015,5.3657353
202000024848,7,9,2020,19,1,13,13215,1,1,1,4,A7-Sens Lyon vers Marseille,43.379104,5.354557
202000024849,7,9,2020,8,1,69,69029,1,1,1,4,RD383   7.640 A 11.044,45.7299056,4.8985757
202000024850,4,9,2020,17,1,57,57474,1,1,1,4,Autoroute A31,49.26594,6.17628
202000024851,8,9,2020,8,1,57,57582,1,1,1,2,Autoroute A31,49.26792,6.17666
202000024852,8,9,2020,17,1,33,33281,1,1,1,3,ROCADE A 630,44.85372,-0.66499
202000024853,8,9,2020,9,1,33,33065,1,1,1,3,ROUTE NATIONALE 230,44.81197,-0.52183
202000024854,8,9,2020,18,1,94,94003,1,1,1,4,AUTOROUTE A6A,48.81157,2.33722
202000024855,8,9,2020,18,1,91,91161,1,1,1,3,AUTOROUTE A126,48.70807,2.30688
202000024856,8,9,2020,16,1,91,91377,1,1,1,2,AUTOROUTE A10,48.71334,2.27767
202000024857,8,9,2020,8,1,91,91339,1,1,1,3,RN 104,48.63096,2.23932
202000024858,8,9,2020,8,1,94,94038,1,1,1,2,AUTOROUTE A6A,48.7778,2.3465
202000024859,8,9,2020,18,1,92,92050,1,1,1,2,A86,48.90719,2.21195
202000024860,8,9,2020,17,1,92,92050,1,1,1,4,A14,48.8994409,2.2132296
202000024861,8,9,2020,17,1,93,93027,1,1,1,4,AUTOROUTE A86,48.92292,2.38014
202000024862,8,9,2020,16,1,93,93006,1,1,1,2,AUTOROUTE A3,48.86992,2.43038
202000024863,8,9,2020,13,1,95,95527,1,1,1,7,AUTOROUTE A3,48.9971,2.5158
202000024864,8,9,2020,9,1,93,93066,1,1,1,4,AUTOROUTE A86,48.92245,2.35316
202000024865,8,9,2020,20,5,77,77121,1,1,1,6,A104,48.838479,2.664608
202000024866,8,9,2020,18,1,94,94073,1,1,1,3,A86 INT,48.7533,2.3757
202000024867,8,9,2020,14,1,93,93051,1,1,1,3,A4,48.83567,2.56316
202000024868,8,9,2020,10,1,94,94028,1,1,1,4,RN406.W,48.7767125,2.4430892
202000024869,8,9,2020,7,1,94,94028,1,1,1,7,A86 EXT,48.7860659,2.440297
202000024870,6,9,2020,18,5,974,97416,1,1,2,6,POUDRIERE (RUE DE LA),-21.33814,55.45811
202000024871,7,9,2020,8,1,974,97411,2,1,2,1,MAHY (FRANCOIS DE),-20.89805,55.48475
202000024872,7,9,2020,17,1,973,97302,2,1,1,6,FELIX EBOUE(ROCADE),4.9404179,-52.3048997
202000024873,7,9,2020,12,1,69,69383,2,1,1,7,MARECHAL DE SAXE                    (AV),45.7542041,4.8469624
202000024874,7,9,2020,8,1,69,69388,2,1,1,6,ETATS UNIS (DES)                    (BD),45.72882,4.8681
202000024875,7,9,2020,7,1,69,69199,2,1,1,4,JEAN JAURES                         (AV),45.71127,4.8551
202000024876,5,9,2020,2,3,972,97213,1,1,1,4,Autoroute,14.6180214,-61.0298762
202000024877,7,9,2020,16,1,2B,2B120,2,1,1,2,11 - RT,42.65739,9.44148
202000024878,7,9,2020,17,1,971,97113,2,1,1,6,Section Port Blanc,16.24387,-61.46179
202000024879,7,9,2020,1,4,91,91064,2,1,1,6,Léon MIGNOTTE (rue),48.75554,2.21297
202000024880,6,9,2020,15,1,91,91109,1,1,1,7,ETAMPES (ROUTE D')    RD 207,48.4589,2.13607
202000024881,4,9,2020,17,1,91,91223,2,9,1,6,LYS (RUE DES),48.430116,2.136693
202000024882,7,9,2020,11,1,91,91174,2,3,7,3,MAURICE RIQUIEZ (QUAI),48.612065,2.487749
202000024883,6,9,2020,15,1,87,87085,2,2,1,3,RUBEN (AVENUE ERNEST),45.82354,1.25115
202000024884,6,9,2020,10,1,87,87085,2,1,1,3,VIENNE (RUE JEAN DE),45.83828,1.19684
202000024885,2,9,2020,18,1,83,83123,2,1,1,6,EUROPE UNIE (AVENUE),43.11696,5.80652
202000024886,4,9,2020,20,2,80,80021,2,1,1,1,JEAN RACINE (RUE),49.86403,2.33883
202000024887,3,9,2020,13,1,80,80021,2,1,1,6,FRANCS MURIERS (RUE DES),49.89677,2.30025
202000024888,3,9,2020,18,1,80,80021,2,1,1,5,FEDERES (BOULEVARD DES),49.89541,2.28342
202000024889,8,9,2020,1,3,78,78551,1,2,1,2,RD 308,48.939436,2.076063
202000024890,7,9,2020,16,1,77,77337,2,6,1,6,SALVADOR ALLENDE (BOULEVARD),48.85112,2.62112
202000024891,5,9,2020,9,1,76,76540,2,3,1,3,AMIENS. RUE D',49.44019,1.10272
202000024892,6,9,2020,4,5,76,76351,2,2,1,2,MARECHAL JOFFRE (RUE),49.4996,0.12274
202000024893,6,9,2020,0,5,76,76351,2,2,1,7,REPUBLIQUE (COURS DE LA),49.5,0.1298
202000024894,6,9,2020,13,1,74,74012,2,6,1,3,ROMAGNY (RUE DE),46.195367,6.243642
202000024895,3,9,2020,11,1,73,73008,2,3,1,3,LEPIC BOULEVARD,45.678234,5.904671
202000024896,7,9,2020,13,1,72,72181,2,3,1,3,VAL DE LOIR (RUE DU),47.97275,0.20456
202000024897,7,9,2020,8,1,72,72181,2,2,1,3,COPERNIC (RUE),48.0148,0.17563
202000024898,7,9,2020,7,2,72,72181,2,1,1,3,LIBERATION (AV DE LA) N° PAIRS 2 A 122,48.0148,0.17563
202000024899,7,9,2020,7,1,69,69266,2,2,1,3,4 AOUT 1789    (Rue du),45.76476,4.88304
202000024900,6,9,2020,1,5,69,69266,2,1,1,6,EUGENE REGUILLON     (Boulevard),45.7626,4.89951
202000024901,4,9,2020,18,1,66,66136,2,1,1,3,JOFFRE (AVENUE DU MARECHAL CD 88),42.71812,2.88724
202000024902,7,9,2020,18,1,64,64102,2,1,1,2,SOULT (AVENUE MARECHAL),43.48522,-1.4935
202000024903,7,9,2020,10,1,63,63113,2,4,1,4,AGRICULTURE (AVENUE DE L'),45.7788,3.12649
202000024904,5,9,2020,17,1,63,63113,2,1,1,-1,SARDOU (RUE VICTORIEN),45.81012,3.1231
202000024905,5,9,2020,20,1,56,56162,1,6,1,7,KERSCOUET,47.70967,-3.43872
202000024906,5,9,2020,11,1,56,56098,2,6,1,2,Rue Andreï Sakharov,47.77747,-3.3442
202000024907,5,9,2020,8,1,56,56121,2,3,1,3,MULLER ( DU COLONEL JEAN ),47.76234,-3.39075
202000024908,7,9,2020,8,1,54,54578,2,1,1,6,MULLER (AVENUE PAUL),48.6586,6.11773
202000024909,5,9,2020,20,2,54,54526,2,6,1,3,FRATERNITE (RUE DE LA),48.69342,6.21193
202000024910,4,9,2020,18,1,51,51172,2,6,1,7,Boulevard d’Alsace Lorraine,49.2175379,4.0458165
202000024911,5,9,2020,9,1,50,50602,2,2,1,3,NORTHEIM (AVENUE DE),49.644,-1.58113
202000024912,5,9,2020,4,3,49,49015,1,1,1,6,MEIGNANNE ROUTE DE LA,47.49933,-0.61973
202000024913,5,9,2020,19,1,49,49007,2,6,1,2,CHAMBRE AUX DENIERS RUE ET CHEM,47.46571,-0.60239
202000024914,7,9,2020,13,1,45,45075,2,6,1,7,Route d’Orléans,47.89164,1.8429
202000024915,4,9,2020,9,1,44,44184,2,6,1,3,EUROPE (BOULEVARD DE L'),47.28199,-2.20384
202000024916,3,9,2020,17,1,44,44184,2,9,1,3,COMMANDIERES (CHEMIN DES),47.28783,-2.25534
202000024917,7,9,2020,11,1,42,42187,2,6,1,3,Rue Pierre Dépierre,46.03166,4.07617
202000024918,4,9,2020,22,5,41,41018,2,1,1,2,SAINT-JEAN (QUAI),47.58976,1.34164
202000024919,7,9,2020,22,5,37,37261,2,2,1,3,TONNELLE (BOULEVARD),47.3836741,0.6682866
202000024920,7,9,2020,8,1,37,37261,2,1,1,3,JEMMAPES (RUE),47.4182324,0.683728
202000024921,7,9,2020,18,1,35,35238,2,3,1,1,LORIENT (DE),48.10865,-1.69917
202000024922,7,9,2020,18,1,35,35238,2,2,1,6,21 Boulevard de la Tour d'Auvergne,48.105359,-1.6844526
202000024923,7,9,2020,16,1,35,35278,2,6,1,6,AUGE DE PIERRE (ROND POINT DE L'),48.13631,-1.69202
202000024924,31,8,2020,19,1,33,33063,2,3,1,6,AVE DE LA REPUBLIQUE CAUD,44.84004,-0.60167
202000024925,28,8,2020,18,1,33,33063,2,3,1,3,RUE DE L'ECOLE NORMALE CAUD,44.84776,-0.60193
202000024926,7,9,2020,11,1,31,31555,2,1,1,1,AV DE FRONTON,43.6365,1.4333
202000024927,5,9,2020,15,1,31,31555,2,1,1,3,AV ETIENNE BILLIERES,43.59661,1.42415
202000024928,4,9,2020,18,1,31,31555,2,1,1,6,AV FRANCOIS COLLIGNON,43.6174,1.44491
202000024929,4,9,2020,16,1,31,31555,2,1,1,2,RTE DE BAYONNE,43.60787,1.39479
202000024930,7,9,2020,13,1,30,30189,1,1,1,2,POULX (ROUTE DE),43.86783,4.40575
202000024931,7,9,2020,18,1,29,29232,2,6,9,6,Rue de Pont-l'Abbe,47.9913,-4.11719
202000024932,7,9,2020,8,1,28,28085,1,9,7,6,EIFFEL (RUE GUSTAVE),48.4466,1.5372
202000024933,7,9,2020,17,1,27,27375,2,3,1,1,PACY (ROUTE DE),49.20096,1.18579
202000024934,7,9,2020,4,5,27,27375,2,6,8,6,SAINT PIERRE (ROUTE DE),49.2238,1.18117
202000024935,7,9,2020,17,1,25,25056,2,1,1,3,Rue de la Grette,47.22745,6.00815
202000024936,6,9,2020,12,1,17,17333,2,1,1,4,SUZAC (AVENUE DE),45.58909,-0.9866
202000024937,7,9,2020,7,1,17,17274,2,1,1,-1,GRANDE RUE   RUE,46.152219,-1.10298
202000024938,6,9,2020,10,1,14,14366,2,1,1,3,GUIZOT (RUE),49.1470164,0.2093851
202000024939,5,9,2020,18,1,14,14366,2,1,1,6,PAUL CORNU ( RD48 RUE),49.1585916,0.2220029
202000024940,7,9,2020,12,1,14,14118,2,1,1,6,CHERON (AVENUE HENRI),49.172379,-0.395862
202000024941,5,9,2020,20,5,13,13054,2,9,1,6,8 MAI 1945 (AV DU ),43.410934,5.210233
202000024942,7,9,2020,16,1,13,13213,2,2,1,3,FRAIS VALLON (AVENUE),43.3251,5.4233
202000024943,7,9,2020,19,1,13,13063,2,9,1,6,LITTORAL RUE DU,43.5741,5.0052
202000024944,29,8,2020,23,5,11,11262,2,3,1,3,FABRE (RUE D'EGLANTINE),43.18081,3.0099
202000024945,5,9,2020,15,1,08,08105,2,1,1,6,NIVELET E.,49.78,4.7
202000024946,7,9,2020,8,1,06,06069,2,1,1,2,LIBERATION (AVENUE DE LA),43.647405,6.913262
202000024947,7,9,2020,5,5,06,06027,2,1,1,-1,OUVEA ROND POINT DES GENDARMES D',43.670293,7.125267
202000024948,5,9,2020,10,1,05,05061,2,6,1,6,FOREST D'ENTRAIS ( RUE  DU ),44.56385,6.08414
202000024949,2,9,2020,15,1,02,02691,2,1,1,6,SCHUMAN (AV. ROBERT),49.85903,3.29182
202000024950,7,9,2020,15,1,75,75120,2,1,1,3,PORTE DES LILAS,48.875556,2.409953
202000024951,6,9,2020,18,1,75,75115,2,1,1,7,PORTE DE VERSAILLES,48.830488,2.285177
202000024952,5,9,2020,15,1,75,75118,2,1,1,3,PORTE DE CLIGNANCOURT,48.900815,2.339917
202000024953,5,9,2020,14,1,75,75113,2,1,1,3,PORTE DE GENTILLY,48.816368,2.34441
202000024954,7,9,2020,18,1,75,75119,2,1,1,6,RUE RIQUET,48.88882,2.372847
202000024955,7,9,2020,18,1,75,75118,2,3,8,6,BOULEVARD DE CLICHY,48.882642,2.336907
202000024956,7,9,2020,17,1,75,75118,2,1,1,-1,RUE LEIBNIZ,48.895806,2.329409
202000024957,6,9,2020,15,1,75,75118,2,2,1,6,BOULEVARD BARBES,48.888351,2.349583
202000024958,7,9,2020,10,1,75,75117,2,7,1,3,PLACE DE CLICHY,48.88347,2.32716
202000024959,7,9,2020,14,1,75,75116,2,3,1,3,AVENUE DE NEW YORK,48.864194,2.300128
202000024960,7,9,2020,17,1,75,75113,2,2,1,3,BOULEVARD DE L HOPITAL,48.833174,2.356679
202000024961,7,9,2020,11,1,75,75113,2,2,1,6,BOULEVARD SAINT MARCEL,48.838419,2.357049
202000024962,7,9,2020,9,1,75,75112,2,1,1,3,AVENUE DE SAINT MANDE,48.84478,2.404508
202000024963,7,9,2020,21,5,75,75110,2,5,1,-1,RUE DU HUIT MAI 1945,48.876199,2.357888
202000024964,7,9,2020,18,1,75,75110,2,2,1,3,BOULEVARD DE MAGENTA,48.870528,2.361196
202000024965,7,9,2020,3,5,75,75109,2,7,1,3,PLACE DU HAVRE,48.875581,2.326597
202000024966,7,9,2020,19,1,75,75102,2,3,1,3,BOULEVARD POISSONNIERE,48.870865,2.346723
202000024967,6,9,2020,19,2,75,75104,2,2,1,3,RUE MORNAY,48.849509,2.365625
202000024968,4,9,2020,11,1,94,94043,2,1,1,-1,FONTAINEBLEAU (AV DE),48.81364,2.36144
202000024969,7,9,2020,9,1,94,94065,1,1,1,1,JUMEAUX (VOI DES),48.7412,2.341066
202000024970,7,9,2020,11,1,94,94060,2,1,1,6,MARECHAL HORTIER (AV DU),48.79048,2.57596
202000024971,7,9,2020,18,1,94,94018,2,1,1,3,MARIUS DELCHER (R),48.82847,2.39937
202000024972,7,9,2020,16,1,94,94018,2,1,1,5,CARRIERES (QU DES),48.81928,2.40735
202000024973,7,9,2020,20,5,94,94017,2,1,1,3,STALINGRAD (BD DE),48.817,2.5095
202000024974,5,9,2020,2,3,94,94004,2,1,1,1,AV DU GENERAL LECLERC,48.74261,2.51311
202000024975,7,9,2020,17,1,93,93064,2,3,1,3,KENNEDY (AVENUE DU PRESIDENT),48.87859,2.48972
202000024976,7,9,2020,6,5,93,93055,2,1,1,6,GENERAL LECLERC(AVE DU)(43/87 ET 78/120),48.8969315,2.4033589
202000024977,7,9,2020,15,1,93,93008,2,1,1,3,VAILLANT COUTURIER (AVENUE PAUL),48.90882,2.45039
202000024978,7,9,2020,15,1,93,93046,2,3,1,3,CHARLES DE GAULLE AVENUE,48.9165,2.53155
202000024979,1,9,2020,18,1,93,93008,2,1,1,6,VAILLANT COUTURIER (AVENUE PAUL),48.9105133,2.442205
202000024980,7,9,2020,17,1,93,93005,2,1,1,2,LEON JOUHAUX (RUE),48.9534431,2.4829688
202000024981,7,9,2020,6,2,93,93001,2,3,1,3,LUCIEN LEFRANC (QUAI),48.91174,2.37339
202000024982,7,9,2020,6,1,92,92048,2,1,1,3,VERDUN (AVENUE DE),48.818081,2.247811
202000024983,5,9,2020,17,1,92,92036,2,3,1,3,FOSSE BLANC (RUE DU) (1/145),48.922192,2.306136
202000024984,7,9,2020,12,1,92,92035,2,7,1,2,Verdun 1916 ( avenue de ),48.90671,2.23836
202000024985,7,9,2020,8,1,92,92036,2,1,1,-1,avenue d'Argenteuil,48.9365432,2.259627
202000024986,7,9,2020,7,1,92,92024,2,1,1,3,JEAN JAURES (BD) DE 47 A 109)   (56 A 14,48.9039906,2.3029822
202000024987,4,9,2020,19,1,92,92004,2,1,1,1,HENRI POINCARE,48.9321212,2.2746353
202000024988,4,9,2020,19,1,92,92009,2,1,1,6,CHARLES CHEFSON ( RUE ),48.9197861,2.2715975
202000024989,7,9,2020,7,1,22,22050,2,1,1,7,Rue Thiers,48.455598,-2.04924
202000024990,8,9,2020,9,1,37,37074,2,2,7,2,Rue des Ecoles,47.2462871,0.1625377
202000024991,5,8,2020,20,1,68,68249,1,1,1,6,Route des Basses Huttes,48.117585,7.143853
202000024992,7,9,2020,14,1,51,51298,1,1,1,1,D18,49.0234684,3.7011711
202000024993,7,9,2020,16,1,972,97232,2,1,1,3,N6,14.54187,-60.843149
202000024994,15,8,2020,16,1,67,67179,1,1,1,7,D102,48.707237,7.3473372
202000024995,5,9,2020,20,2,14,14732,1,1,1,6,D153,49.322811,-0.723665
202000024996,8,9,2020,8,1,77,77162,1,2,1,2,Chemin Departemental de la Ferte sous Jouarre,48.876429,3.192
202000024997,5,9,2020,12,1,51,51380,2,1,1,1,Avenue Charles de Gaulle,48.8727422,3.5336315
202000024998,8,9,2020,16,1,56,56119,1,1,1,6,ZI de Poulvern,47.726429,-3.08102
202000024999,7,8,2020,13,1,93,93057,2,1,1,2,BRIAND (AV. ARISTIDE) 2 A 132,48.9084771,2.4988487
202000025000,7,8,2020,17,1,93,93007,2,2,1,3,AV PAUL VAILLANT COUTURIER,48.92948,2.48079
202000025001,7,8,2020,9,1,93,93001,2,1,1,3,HENRI BARBUSSE (RUE) => 95/102,48.9087168,2.3905089