Num_Acc,jour,mois,an,hr,condition_eclairage,departement,commune,condition_agglomeration,intersection,condition_atmosphere,type_collision,adresse,lattitude,longitude
202000025002,7,8,2020,7,1,93,93001,2,2,1,3,MOUTIER (RUE DU)  => 15/36,48.9152985,2.3788048
202000025003,7,8,2020,11,1,92,92073,2,1,1,2,PONT DE SURESNES,48.86717,2.22844
202000025004,7,8,2020,19,1,92,92051,2,1,1,3,"BINEAU (BOULEVARD, N°133 A 217 ET 134 A",48.8924173,2.2688311
202000025005,7,8,2020,3,5,92,92040,2,1,1,7,VOLTAIRE,48.8262216,2.280121
202000025006,21,7,2020,17,1,92,92025,2,1,1,7,AGENT SARRE (AV DE L'),48.9240174,2.2616031
202000025007,7,8,2020,19,1,92,92019,2,1,1,6,DE VINCI LEONARD (AVENUE),48.76598,2.25054
202000025008,7,8,2020,19,1,54,54109,1,1,1,7,RN57 sens EPINAL-NANCY PK53,48.548504,6.196976
202000025009,6,7,2020,18,1,87,87178,2,3,7,3,1 Chemin des Contamines,45.887116,1.394083
202000025010,8,8,2020,2,4,22,22094,2,1,1,7,Rue de la Mettrie,48.591319,-2.147387
202000025011,8,8,2020,15,1,76,76628,1,9,1,7,A29,49.640884,1.021471
202000025012,8,8,2020,9,1,71,71543,1,1,1,5,"Autoroute A6, PK 359+200, sens Paris-Lyon",46.5500708,4.9096656
202000025013,7,8,2020,17,1,972,97220,1,1,1,1,Préfontaine,14.51224,-60.907055
202000025014,8,8,2020,18,1,01,01153,1,1,1,5,D984c,46.30065,6.045227
202000025015,29,7,2020,7,1,83,83087,1,1,1,-1,d560,43.3755,5.781953
202000025016,7,8,2020,16,1,56,56078,1,2,7,3,Rue de Saint-maurice,47.794923,-3.508978
202000025017,8,8,2020,1,4,74,74103,1,1,1,7,Route du Fayet,45.90985,6.658713
202000025018,8,8,2020,10,1,76,76755,1,3,7,3,D926,49.688389,0.545073
202000025019,6,8,2020,10,1,80,80013,2,1,1,6,2 Avenue du General Leclerc,49.965142,1.942912
202000025020,7,8,2020,23,5,82,82187,1,1,1,3,senils,44.16292,1.901321
202000025021,8,8,2020,3,3,33,33261,2,1,1,6,Malydure,44.967956,-0.104048
202000025022,8,8,2020,10,1,71,71178,2,1,1,6,Grande Rue,46.360814,4.4822849
202000025023,8,8,2020,15,1,89,89201,1,1,1,1,D203,47.8769736,3.6301684
202000025024,29,7,2020,23,3,61,61402,1,1,1,6,D924,48.715027,-0.291953
202000025025,7,8,2020,21,3,61,61314,1,1,1,1,D958,48.768463,-0.054776
202000025026,7,8,2020,21,2,49,49086,1,9,1,7,la tannerie,47.224989,-0.422931
202000025027,8,8,2020,8,1,42,42149,1,2,1,6,Route de Saint Etienne,45.628111,4.244612
202000025028,7,8,2020,18,1,86,86148,1,1,7,5,D4,46.362774,0.31354
202000025029,7,8,2020,20,2,39,39124,1,1,1,6,,46.830021,5.463354
202000025030,8,8,2020,12,1,39,39381,1,3,1,2,,46.772805,5.967586
202000025031,6,8,2020,21,2,44,44014,1,1,7,2,"route Départementale 137 lieu-dit ""toufou""",47.124049,-1.496678
202000025032,6,8,2020,1,3,31,31324,1,1,1,6,D817,43.1880077,0.9854821
202000025033,8,8,2020,17,1,01,01068,1,1,1,2,Départementale 1084,46.078083,5.47617
202000025034,7,8,2020,17,1,66,66049,2,1,1,2,1 Boulevard Jean Moulin,42.489659,2.752245
202000025035,8,8,2020,18,2,06,06138,1,1,1,3,Avenue de la Cote d'Azur,43.494974,6.945065
202000025036,7,8,2020,13,1,05,05182,1,1,1,6,D985a,44.825431,6.139335
202000025037,8,8,2020,16,1,05,05068,1,3,1,3,D900b,44.491439,6.079988
202000025038,7,8,2020,17,1,50,50419,1,1,1,3,D971,48.989905,-1.468391
202000025039,8,8,2020,0,3,60,60155,1,1,1,7,Rue de Maysel,49.261223,2.353907
202000025040,3,8,2020,19,1,45,45200,1,2,1,6,D108 PR 13 + 150,47.719348,2.020218
202000025041,7,8,2020,17,1,64,64035,1,3,1,1,Route de Saint Pee,43.436867,-1.551052
202000025042,7,8,2020,18,1,43,43204,1,1,1,6,RD 18,45.179919,4.449549
202000025043,24,7,2020,16,1,36,36035,1,1,1,6,La Maison Neuve,46.4512375,1.2921617
202000025044,7,8,2020,21,2,36,36069,1,1,1,6,La Bremaudiere,47.081984,1.325864
202000025045,8,8,2020,5,3,16,16164,1,1,1,6,Lieu dit Les Landes,46.070576,0.594031
202000025046,6,8,2020,11,1,40,40046,2,9,1,6,avenue Alphonse Daudet,44.398827,-1.162791
202000025047,8,8,2020,7,1,24,24229,2,1,1,3,11 Avenue de Brive,45.129299,1.227325
202000025048,7,8,2020,20,1,85,85182,2,1,1,6,53 Avenue des Moulins,46.783634,-0.841815
202000025049,27,7,2020,15,1,27,27470,2,3,1,3,Grande Rue,49.334201,1.273593
202000025050,8,8,2020,4,3,30,30006,1,1,1,3,RN113,43.696766,4.172745
202000025051,6,8,2020,7,1,48,48107,1,1,1,1,D808,44.520025,3.305731
202000025052,6,8,2020,7,1,06,06085,1,1,1,6,1024 Avenue du Général de Gaulle,43.611141,7.008151
202000025053,4,8,2020,1,3,33,33284,1,1,1,6,A660,44.62322,-0.865989
202000025054,7,8,2020,17,1,51,51507,1,1,7,2,A4,49.0725306,4.880039
202000025055,7,8,2020,18,1,21,21606,1,1,1,2,A31,47.053005,4.902284
202000025056,8,8,2020,3,3,34,34321,1,1,1,6,A9 PK 84+761,43.6809126,4.0410719
202000025057,7,8,2020,19,1,45,45028,2,1,7,2,D925 PR 10 + 720,47.780852,1.634302
202000025058,7,8,2020,19,1,95,95308,1,1,7,3,D927,49.099934,2.124846
202000025059,7,8,2020,16,1,66,66065,2,1,1,7,20 Route de Latour-bas-elne,42.602443,2.977829
202000025060,8,8,2020,8,1,83,83115,1,1,1,5,D25,43.403598,6.57926
202000025061,8,8,2020,16,1,05,05181,1,1,1,3,D1091,45.045802,6.331789
202000025062,8,8,2020,10,1,26,26325,1,1,1,4,Autoroute du Soleil,45.27583,4.828051
202000025063,7,8,2020,23,3,25,25009,1,1,1,6,LES PÂQUIERS,47.257383,6.326333
202000025064,7,8,2020,17,1,71,71339,1,2,1,1,D25,46.38517,4.32702
202000025065,8,8,2020,11,1,38,38412,1,1,1,6,RD 520 B,45.35786,5.756536
202000025066,6,8,2020,9,1,26,26037,1,3,1,5,Route de Crest,44.898478,4.940742
202000025067,4,8,2020,17,1,69,69069,2,1,1,3,Voie Romaine,45.750689,4.740724
202000025068,7,8,2020,15,1,09,09002,1,1,1,6,D625,43.012179,1.88776
202000025069,8,8,2020,6,2,79,79088,2,1,1,6,Rue du Soleil Levant,46.805075,-0.352947
202000025070,7,8,2020,17,1,49,49301,1,1,7,7,,47.111232,-1.048465
202000025071,31,7,2020,17,1,14,14577,1,1,1,7,D35,49.274245,-0.580451
202000025072,8,8,2020,12,1,29,29181,1,1,1,1,D770 - Route de Quimper,48.470762,-4.278848
202000025073,7,8,2020,15,1,22,22277,1,1,1,1,le foyer,48.3635055,-2.8360193
202000025074,8,8,2020,9,1,02,02791,1,9,1,3,D1044,49.536641,3.748484
202000025075,8,8,2020,8,1,59,59011,2,2,7,6,Rue Roger Salengro,50.5280051,2.9333516
202000025076,7,8,2020,15,1,13,13071,1,1,1,-1,A7-Sens Marseille vers Lyon,43.408841,5.286787
202000025077,6,8,2020,19,1,13,13211,1,1,1,4,A50-Sens Aubagne vers Marseille,43.28727,5.50391
202000025078,2,8,2020,18,1,13,13033,1,1,1,2,A55-Sens Martigues vers Marseille,43.37417,5.19674
202000025079,7,8,2020,12,1,33,33167,1,1,1,5,ROUTE NATIONALE 230,44.83978,-0.50145
202000025080,6,8,2020,18,1,59,59599,1,1,1,6,A22,50.729053,3.125281
202000025081,7,8,2020,3,3,78,78646,1,1,1,2,RN12,48.78983,2.1249
202000025082,6,8,2020,19,5,974,97416,2,3,1,3,LEBLOND 1 (RUE MARIUS ET ARY),-21.33775,55.47483
202000025083,6,8,2020,14,1,974,97416,1,1,1,7,GAGARINE (RUE YOURI),-21.32711,55.47864
202000025084,6,8,2020,21,5,974,97409,2,1,1,6,ILE DE FRANCE(AVENUE),-20.95907,55.6504
202000025085,6,8,2020,17,1,69,69386,2,1,1,3,GRANDE BRETAGNE (DE)                (AV),45.77521,4.8429
202000025086,6,8,2020,11,1,69,69387,2,1,1,3,TONY GARNIER                        (AV),45.7266496,4.8317635
202000025087,6,8,2020,8,1,69,69388,2,1,1,2,FRERES LUMIERE (DES)                (AV),45.7446143,4.8682845
202000025088,6,8,2020,15,1,972,97213,2,1,1,3,ALBERT CAMUS (RUE),14.61808,-60.99189
202000025089,6,8,2020,10,1,972,97213,2,1,1,4,ROUTE DEPARTEMENTALE 3,14.6294861,-60.9901428
202000025090,6,8,2020,6,1,972,97213,2,1,2,6,BOIS CARRE (RUE DU),14.6329464,-60.9941483
202000025091,6,8,2020,21,5,69,69286,2,9,1,1,NATIONS (DES)                       (AV),45.8212,4.9072
202000025092,6,8,2020,13,1,69,69381,2,3,1,3,GENERAL GIRAUD (DU)                 (CO),45.7709254,4.8167816
202000025093,6,8,2020,0,5,69,69389,2,1,1,6,JAYR                                (QU),45.774015,4.808905
202000025094,6,8,2020,18,1,2A,2A004,2,1,1,2,SARTENE ANCIENNE ROUTE,41.929735,8.7647565
202000025095,6,8,2020,15,1,95,95555,2,3,1,1,LECLERC (RUE DU GENERAL),48.966275,2.292025
202000025096,6,8,2020,20,1,91,91286,1,1,1,2,TUILERIES (AVENUE DES),48.65207,2.39756
202000025097,29,7,2020,20,2,91,91114,2,1,1,6,BRIE (ROUTE DE),48.70721,2.52363
202000025098,5,8,2020,23,5,87,87085,2,3,1,3,DUMAS (AVENUE GEORGES),45.82603,1.26805
202000025099,31,7,2020,23,5,86,86194,2,1,1,1,Chemin de Tison,46.574981,0.338886
202000025100,5,8,2020,13,1,85,85194,2,2,1,3,Boulevard de Castelnau,46.49538,-1.77668
202000025101,1,8,2020,13,1,83,83137,2,1,1,6,15EME CORPS (AVE DU),43.12794,5.91711
202000025102,6,8,2020,4,5,76,76217,2,1,1,6,GAMBETTA (AVENUE),49.92199,1.07322
202000025103,6,8,2020,8,1,72,72181,2,1,1,2,WASHINGTON GEORGES (PL),47.99526,0.20295
202000025104,7,11,2020,22,1,974,97407,2,1,1,3,JACQUES DUCLOS (RUE) - RIVIERE DES GAL  ,-20.9615,55.31706
202000025105,4,8,2020,19,1,72,72181,2,2,1,3,SEMARD PIERRE (RUE),47.97244,0.20208
202000025106,7,11,2020,19,4,973,97302,2,6,1,3,FELIX EBOUE(ROCADE),4.92465,-52.32321
202000025107,5,8,2020,13,1,71,71309,1,1,1,1,D680,46.7971762,4.3929559
202000025108,7,11,2020,10,1,973,97302,2,3,1,3,HENRI QUINTRIE(RUE),4.9320003,-52.3337281
202000025109,6,8,2020,15,1,69,69266,2,2,1,3,REPUBLIQUE   (Cours de la),45.76732,4.87381
202000025110,7,11,2020,7,1,973,97302,2,1,1,3,CATAYEE (JUSTIN),4.9380556,-52.3302841
202000025111,7,11,2020,11,1,69,69387,2,1,1,3,GERLAND (DE)                        (R ),45.73212,4.83891
202000025112,6,8,2020,12,1,69,69029,2,2,1,3,GENAS (DE)                          (RO),45.7484467,4.9176011
202000025113,7,11,2020,15,1,972,97209,2,4,1,3,RAOUL FOLLEREAU (AVENUE),14.61173,-61.04543
202000025114,29,7,2020,16,1,69,69264,2,3,1,3,MONPLAISIR,45.9937,4.72312
202000025115,6,11,2020,13,1,95,95585,2,1,1,2,DIVISION LECLERC (AVENUE DE LA),48.982625,2.370462
202000025116,3,8,2020,9,1,69,69091,2,3,1,3,HONORE PETETIN ( R ),45.59079,4.77328
202000025117,2,11,2020,16,1,91,91421,2,1,2,5,NATIONALE 6 (CES POMPIDOU),48.69369,2.4481
202000025118,6,8,2020,13,1,67,67482,2,1,1,2,HOPITAL (ROUTE DE L ),48.572768,7.750353
202000025119,7,11,2020,19,5,91,91687,2,2,1,6,HUSSON (BOULEVARD),48.678523,2.382214
202000025120,6,8,2020,11,1,67,67482,2,1,1,5,RHIN (AVENUE DU),48.571825,7.7498658
202000025121,5,8,2020,11,1,67,67482,2,1,1,3,PRESIDENT WILSON (BOULEVARD),48.5891,7.7405
202000025122,6,6,2020,12,1,09,09167,2,7,1,6,14 Avenue de Toulouse,43.278771,1.347349
202000025123,3,11,2020,19,5,80,80001,2,1,3,6,REPUBLIQUE (de la),50.11139,1.83695
202000025124,5,8,2020,17,1,66,66136,2,1,1,2,Départementale 914,42.66451,2.90614
202000025125,6,11,2020,19,3,79,79081,2,1,1,2,Route de Paris,46.34277,-0.38115
202000025126,7,6,2020,16,1,60,60464,2,2,8,3,route de la Jacquerie,49.377599,2.480775
202000025127,4,8,2020,17,1,64,64024,2,2,1,3,BAB (BOULEVARD DU),43.487353,-1.5364774
202000025128,6,11,2020,20,5,71,71270,2,2,1,3,INTERSECTION RUE DE SOLUTRE- AV P DENAVE,46.3011769,4.8182808
202000025129,7,6,2020,10,1,31,31022,2,1,1,3,46 Route de Fronton,43.671127,1.427289
202000025130,6,8,2020,0,5,62,62193,2,1,1,1,CHEVAL GRIS (RUE DU),50.9386,1.85257
202000025131,6,6,2020,2,3,31,31189,1,1,1,6,D28,43.431072,1.062021
202000025132,5,8,2020,3,3,60,60175,2,1,1,6,,49.2673,2.4848
202000025133,7,11,2020,11,1,68,68376,2,1,7,3,Rue d’Ensisheim,47.82247,7.33995
202000025134,31,7,2020,14,1,59,59328,1,1,1,6,LILLE RUE DE,50.6489,3.04634
202000025135,7,6,2020,13,1,972,97214,2,1,1,6,Macédoine,14.810131,-61.072655
202000025136,4,11,2020,16,1,62,62667,2,9,1,6,HUGUET ( Rue Auguste ),50.722808,1.587782
202000025137,5,8,2020,22,5,59,59574,2,1,1,6,SALENGRO ROGER(RUE),50.37169,3.28021
202000025138,6,6,2020,19,5,972,97207,2,1,1,1,Lourdes,14.572645,-60.964481
202000025139,2,8,2020,12,1,57,57672,2,2,1,6,GUENTRANGE (ROUTE DE) 1 A 93,49.36018,6.15711
202000025140,7,11,2020,13,1,60,60463,1,9,1,7,RD 1016 PIERRE BLANCHE,49.27586,2.48554
202000025141,7,6,2020,9,1,972,97227,1,1,1,2,"RN5, Quartier Desert",14.47056,-60.946832
202000025142,4,8,2020,13,1,56,56162,1,4,1,3,Boulevard de l'Atlantique,47.723304,-3.4846
202000025143,7,11,2020,15,1,60,60057,2,2,1,3,PICARDIE (AVENUE DE),49.44308,2.0854
202000025144,27,5,2020,17,1,51,51476,1,1,1,7,D977,49.024413,4.4131738
202000025145,7,11,2020,18,5,59,59599,2,1,1,6,GAND (RUE DE),50.733338,3.16112
202000025146,6,8,2020,10,1,54,54395,2,1,1,4,ARC (RUE JEANNE D' N°53 A 189-60 A 175),48.6810075,6.1751559
202000025147,7,6,2020,15,1,58,58086,2,1,1,7,Rue du Colonel Rabier,47.404043,2.92293
202000025148,25,10,2020,12,1,53,53130,2,1,3,6,GRENOUX ( RUE DE ),48.07744,-0.78986
202000025149,7,6,2020,20,1,83,83043,1,1,1,-1,Route des Maures,43.230759,6.255662
202000025150,8,6,2020,7,2,62,62677,1,1,2,6,D928,50.3361731,2.0266825
202000025151,7,11,2020,16,1,45,45208,2,1,1,6,COCHERY (RUE ADOLPHE),48.0,2.74
202000025152,4,8,2020,18,1,54,54116,2,3,1,2,RD400,48.59121,6.53326
202000025153,31,5,2020,16,1,62,62908,1,1,7,2,N42,50.732734,1.724296
202000025154,7,11,2020,16,1,37,37261,2,1,1,7,BORDIERS (RUE DES),47.4130338,0.6799159
202000025155,6,8,2020,11,1,51,51454,2,6,1,7,Rue André Chaillot,49.2879235,4.0244312
202000025156,3,6,2020,16,1,78,78465,2,1,1,3,12 Place des Halles,48.838801,1.701231
202000025157,6,8,2020,11,1,51,51454,2,1,1,2,Avenue General Bonaparte,49.2298828,4.0073478
202000025158,7,11,2020,19,3,34,34172,2,1,2,5,TOULOUSE (AVENUE DE,43.58523,3.8512
202000025159,6,11,2020,21,3,34,34129,2,1,2,-1,MAUGUIO (ROUTE DE),43.574452,3.922339
202000025160,6,6,2020,19,1,78,78465,2,4,1,3,1 Grande Rue,48.835923,1.701945
202000025161,6,8,2020,7,1,51,51454,2,1,1,2,Avenue Nationale,49.284094,4.0101774
202000025162,7,11,2020,18,5,33,33063,2,1,1,5,RUE DOMION CAUD,44.85671,-0.62464
202000025163,8,6,2020,12,1,2B,2B077,1,1,3,5,T10,42.473213,9.485455
202000025164,6,11,2020,12,1,21,21054,2,1,1,3,17 Rue Colbert,47.025964,4.846642
202000025165,5,8,2020,19,1,51,51454,2,1,1,4,Boulevard Paul Doumer,49.2516759,4.0214363
202000025166,7,6,2020,16,1,65,65107,2,1,8,7,CHEMIN DU BAYET,43.1082359,-0.0020195
202000025167,7,11,2020,16,2,13,13214,2,1,2,6,PLOMBIERES (BOULEVARD DES),43.317733,5.380967
202000025168,7,11,2020,16,2,13,13209,2,1,1,6,ROMAIN ROLLAND (BOULEVARD),43.272668,5.411568
202000025169,5,8,2020,19,1,49,49328,2,1,1,3,DOLMEN (ROND-POINT DU),47.24659,-0.0936
202000025170,7,6,2020,12,1,33,33071,2,1,1,1,Route de Cabara,44.83234,-0.176849
202000025171,7,11,2020,13,1,11,11069,2,1,2,6,VERGES MICHEL,43.2288,2.34157
202000025172,5,8,2020,12,1,49,49007,2,1,1,3,MAIL,47.47258,-0.55742
202000025173,6,6,2020,21,3,63,63453,1,1,1,6,D340,45.7608723,3.2703088
202000025174,6,8,2020,9,1,40,40088,2,1,1,6,CROIX BLANCHE (RUE DE LA),43.7058,-1.03729
202000025175,5,8,2020,20,1,38,38185,2,1,1,6,Avenue la Bruyère,45.16722,5.74062
202000025176,6,8,2020,16,1,37,37261,2,1,1,6,HEURTELOUP (BOULEVARD),47.3936488,0.7026999
202000025177,6,8,2020,14,1,35,35238,2,9,1,3,BULGARIE (BD DE),48.0845,-1.6508
202000025178,7,11,2020,17,5,75,75120,2,2,1,3,RUE BELGRAND,48.864795,2.401317
202000025179,6,8,2020,0,3,35,35281,2,3,1,6,162 Rue de la Pilate,48.0875,-1.7004
202000025180,7,11,2020,21,5,75,75119,2,2,1,2,RUE ARCHEREAU,48.891082,2.373738
202000025181,6,8,2020,6,1,34,34172,2,1,1,2,LIBERTE (AVENUE DE LA,43.6089153,3.8531937
202000025182,7,11,2020,17,3,75,75115,2,1,1,7,SOUTERRAIN CITROEN CEVENNES,48.845098,2.276335
202000025183,6,8,2020,16,1,33,33200,2,6,1,3,RUE DE LA MORANDIERE,44.85857,-0.6775
202000025184,6,8,2020,8,1,33,33167,2,1,1,6,221 Avenue Pasteur - Arrêt de Bus Rosa Park ,44.84152,-0.53062
202000025185,6,8,2020,20,1,33,33009,2,1,1,7,GOELANDS (AVE DES),44.65727,-1.19411
202000025186,5,8,2020,21,5,31,31555,1,1,1,5,VA007306 A64,43.5626,1.4177
202000025187,5,8,2020,13,1,31,31555,2,1,1,6,RUE DES FRERES LION,43.5967,1.45273
202000025188,7,11,2020,20,5,75,75110,2,3,1,6,RUE DE METZ,48.870612,2.354969
202000025189,7,6,2020,16,1,46,46240,1,1,1,6,Rocamadour,44.8075638,1.6211486
202000025190,6,8,2020,3,5,29,29039,2,1,5,7,Rue Vauban,47.8718623,-3.9160619
202000025191,6,11,2020,19,5,75,75109,2,2,1,3,BOULEVARD HAUSSMANN,48.872378,2.337429
202000025192,23,6,2020,14,1,26,26198,2,1,1,6,12 Rue Saint Gaucher,44.5602,4.7482
202000025193,30,5,2020,20,1,46,46037,1,1,1,6,D41,44.481504,1.650202
202000025194,7,11,2020,21,5,75,75101,2,1,1,7,RUE DE RIVOLI,48.865086,2.328023
202000025195,6,6,2020,20,2,68,68017,1,1,2,1,D419,47.627107,7.175961
202000025196,7,11,2020,16,1,93,93007,2,2,1,1,"""PAUL VAILLANT COUTURIER (AVENUE """"DU 01",48.9279294,2.4743996
202000025197,30,7,2020,8,1,24,24145,1,9,1,2,N1021 (rocade RN21-D660),44.85621,0.53724
202000025198,3,6,2020,12,1,31,31045,1,6,2,3,Rn125,43.028134,0.611007
202000025199,7,6,2020,6,2,38,38100,1,1,3,6,D78a,45.38227,6.0035
202000025200,7,11,2020,18,5,92,92073,2,3,1,2,ROOSVELT (AVENUE FRANKLIN),48.8742058,2.2211385
202000025201,29,7,2020,17,1,22,22278,2,6,1,2,ABERYSTWYTH (RD-PT),48.498,-2.75298
202000025202,8,6,2020,17,1,72,72248,2,1,1,-1,Impasse des Coemonts,47.837617,0.431329
202000025203,5,8,2020,15,1,22,22278,2,1,1,5,MER (BD DE LA),48.521,-2.744
202000025204,5,6,2020,2,3,14,14621,1,1,8,6,D272,49.0531986,0.3435943
202000025205,7,11,2020,10,1,92,92023,2,1,1,7,JEAN JAURES (AVENUE) N°57 A 259 ET 64 A,48.8103835,2.2696653
202000025206,5,8,2020,19,1,22,22187,1,2,7,3,ROSAIRES  AVE,48.55629,-2.76489
202000025207,7,11,2020,0,5,92,92019,2,1,1,7,SALENGRO ROGER (RUE),48.7740345,2.2769229
202000025208,8,6,2020,7,1,64,64448,1,6,1,6,D817 - PR 40,43.34642,-0.477587
202000025209,6,8,2020,10,1,17,17415,2,3,1,3,JOURDAN AVENUE,45.745313,-0.613478
202000025210,6,11,2020,13,1,35,35120,1,1,1,3,La Justice,48.212368,-1.766918
202000025211,7,6,2020,17,1,43,43132,1,1,1,1,Le Treuil,45.107734,3.520571
202000025212,6,8,2020,18,1,17,17306,2,2,1,3,ROCHEFORT (DE)  (AVENUE),45.63144,-1.02969
202000025213,8,6,2020,12,1,10,10051,1,3,1,1,Rue de l'Hotel de Ville,48.186247,4.005648
202000025214,7,11,2020,9,1,95,95487,2,1,1,6,77 Avenue Gaston Vermeire,49.151731,2.274862
202000025215,7,8,2020,0,5,13,13212,2,2,1,3,COMTESSE (BOULEVARD DE LA),43.315132,5.447404
202000025216,8,11,2020,8,1,45,45239,1,1,1,7,Le Bois des Noues ,47.892572,2.631848
202000025217,7,8,2020,0,5,13,13208,2,1,1,7,JOSEPH VIDAL (AVENUE),43.2528,5.38
202000025218,6,8,2020,19,1,13,13203,2,1,1,6,HOCHE (RUE),43.30914,5.37484
202000025219,7,6,2020,14,1,21,21646,1,5,1,3,D16,47.381112,4.772701
202000025220,7,11,2020,21,3,34,34199,2,6,1,-1,A75,43.444284,3.417145
202000025221,6,8,2020,14,1,13,13208,2,1,1,3,PRADO (AVENUE DU),43.268617,5.385319
202000025222,20,5,2020,19,1,40,40022,1,2,1,1,D2,43.669757,-0.331934
202000025223,7,11,2020,18,5,30,30141,2,1,2,7,Rue de Boulogne,44.10068,4.648676
202000025224,5,8,2020,16,1,13,13204,2,3,1,1,MARX DORMOY (RUE),43.30093,5.396357
202000025225,7,11,2020,19,3,51,51535,1,1,1,3,N4,48.7201995,3.7649363
202000025226,7,6,2020,17,1,04,04081,1,1,1,4,RD 315,43.760882,5.955641
202000025227,6,8,2020,19,1,13,13028,2,3,1,3,CROZET (AVENUE LOUIS ),43.177026,5.602384
202000025228,7,6,2020,18,1,85,85234,2,3,1,2,120 Rue des Sables,46.79002,-2.03702
202000025229,5,8,2020,12,1,12,12202,2,1,1,1,GARE (RUE DE LA),44.36149,2.58036
202000025230,7,6,2020,17,1,85,85297,2,9,1,6,Rue des Anciens Combattants,46.393233,-1.201351
202000025231,8,11,2020,14,1,55,55124,2,2,1,3,D964,49.287507,5.286973
202000025232,6,8,2020,22,5,12,12145,2,3,1,3,PONT LEROUGE (AVENUE DU),44.0934252,3.0747739
202000025233,7,11,2020,20,3,34,34051,1,1,1,6,D2,43.604852,3.477902
202000025234,8,11,2020,19,5,25,25127,2,1,1,1,6 Place de l'Hotel de Ville,47.213068,6.824039
202000025235,8,6,2020,17,1,27,27174,1,1,1,1,Avenue Robert Planquette,49.3450097,0.579192
202000025236,5,8,2020,9,1,11,11069,2,1,1,6,Avenue du Président Franklin Roosevelt ,43.22482,2.3334
202000025237,5,8,2020,19,1,10,10060,2,1,1,1,CHASSE ST MARTIN (RUE),48.25693,4.09531
202000025238,7,6,2020,10,1,17,17101,1,1,1,4,rd  121,45.984528,-0.341005
202000025239,4,11,2020,20,5,31,31135,2,1,1,3,Rue du Docteur Vaillant,43.204511,1.077744
202000025240,5,8,2020,18,1,10,10387,2,6,1,3,WOOD ET WEST (RUE),48.3,4.08333
202000025241,5,8,2020,7,1,09,09122,2,1,1,6,20 (R.N.) COTE NORD DU TUNNEL,43.004124,1.614069
202000025242,5,8,2020,12,1,04,04112,2,6,1,3,RP av Jean Moulin / av des Savels,43.82718,5.78137
202000025243,5,6,2020,16,1,17,17024,1,1,2,7,Chante Oiseau,46.049363,-0.370381
202000025244,8,11,2020,3,3,31,31375,1,1,1,6,La Terrasse,43.191798,1.220335
202000025245,7,11,2020,18,2,31,31091,1,1,1,-1,D63g,43.719199,1.4033
202000025246,2,8,2020,12,1,03,03185,2,2,1,3,Avenue Général de Gaulle,46.3459668,2.6089849
202000025247,6,11,2020,13,1,58,58204,1,1,1,1,Champaudon,47.076938,3.253842
202000025248,6,8,2020,16,1,75,75106,2,7,1,3,PLACE SAINT MICHEL,48.853754,2.344281
202000025249,8,11,2020,11,1,83,83135,1,1,2,2,D554,43.585398,6.015181
202000025250,6,8,2020,13,1,75,75118,2,2,7,1,RUE CUSTINE,48.888816,2.34657
202000025251,8,11,2020,2,5,45,45015,2,1,1,6,Route de Boissy le Girard,48.274907,2.131287
202000025252,6,8,2020,17,1,75,75117,2,1,1,3,RUE DE ROME,48.886526,2.315789
202000025253,7,11,2020,22,3,18,18140,1,1,1,6,D75,47.163203,1.97929
202000025254,5,8,2020,23,5,75,75113,2,2,1,3,BOULEVARD MASSENA,48.824039,2.377007
202000025255,6,8,2020,10,1,75,75112,2,1,1,6,RUE VILLIOT,48.841105,2.374422
202000025256,6,8,2020,14,1,75,75111,2,1,1,6,RUE MORAND,48.869433,2.375824
202000025257,8,11,2020,16,1,10,10316,1,1,1,6,départementale 441,48.527207,3.999882
202000025258,7,6,2020,14,1,88,88182,2,1,8,1,12 Route de Beulay,48.296021,7.0682
202000025259,6,8,2020,10,1,75,75111,2,4,1,6,BOULEVARD VOLTAIRE,48.865053,2.367965
202000025260,6,8,2020,20,1,75,75110,2,1,1,3,RUE DE L AQUEDUC,48.883378,2.366045
202000025261,6,8,2020,8,1,75,75107,2,1,1,6,PORT DES INVALIDES,48.863135,2.314315
202000025262,6,8,2020,11,1,75,75104,2,2,1,7,PONT AU CHANGE,48.857237,2.34711
202000025263,7,6,2020,15,1,18,18005,1,1,1,7,A71,47.17396,2.178879
202000025264,6,8,2020,21,5,94,94017,2,1,1,2,REPUBLIQUE (AV DE LA),48.82266,2.510513
202000025265,8,6,2020,9,1,01,01089,2,1,1,2,550 Rue Jean Mermoz,45.976745,5.318649
202000025266,7,11,2020,8,1,07,07031,1,9,1,3,,44.368519,4.205175
202000025267,6,8,2020,17,1,94,94004,2,2,1,3,SABLONS (R DES),48.763,2.49972
202000025268,7,11,2020,15,1,30,30008,1,1,8,6,D7,44.187018,4.235449
202000025269,8,11,2020,13,1,71,71063,2,3,1,3,15 Route d'Autun,46.8669992,4.2948166
202000025270,7,11,2020,17,2,69,69241,1,3,1,2,3080 Route de Ravel,45.62657,4.72189
202000025271,6,8,2020,12,1,93,93078,2,2,1,3,NATIONS (AVENUE DES),48.9727021,2.51233
202000025272,8,11,2020,10,1,33,33262,1,2,7,1,Avenue de la Liberation,44.993902,-0.610412