Num_Acc,jour,mois,an,hr,condition_eclairage,departement,commune,condition_agglomeration,intersection,condition_atmosphere,type_collision,adresse,lattitude,longitude
202000025273,6,8,2020,18,1,93,93078,2,1,1,3,VAILLANT-COUTURIER (AVENUE PAUL),48.9572974,2.5341371
202000025274,6,8,2020,9,1,93,93048,2,1,1,3,BD CHANZY,48.85846,2.43284
202000025275,5,6,2020,20,1,76,76484,1,1,1,6,A139,49.352749,1.033573
202000025276,18,10,2020,20,3,56,56023,1,1,1,6,Rue du Manoir,47.714971,-3.016528
202000025277,6,8,2020,20,1,93,93071,2,3,1,6,ROGER LE MANER (RUE),48.9379059,2.5297649
202000025278,6,8,2020,16,1,93,93046,2,1,1,4,LUCIE AUBRAC AVENUE,48.9309567,2.5463044
202000025279,6,8,2020,7,1,93,93032,2,1,7,6,AV JEAN JAURES,48.8828,2.5261
202000025280,6,8,2020,11,1,93,93057,2,3,1,3,JAURES (AV. JEAN) 1 A 123,48.9058588,2.5007444
202000025281,5,8,2020,6,2,93,93008,2,1,1,2,VAILLANT COUTURIER (AVENUE PAUL),48.9086348,2.4509953
202000025282,6,8,2020,17,1,93,93005,2,1,1,2,JULES PRINCET [CD115] (RUE),48.9369,2.49763
202000025283,5,8,2020,22,1,92,92072,2,1,1,3,VERDUN (AVENUE) (PAIRS 2 A 38),48.8115605,2.2112507
202000025284,4,6,2020,17,1,974,97402,2,3,1,3,Rue des Letchis,-21.001239,55.680433
202000025285,6,8,2020,17,1,92,92051,2,1,1,2,"CHARLES DE GAULLE (AVENUE, N° 18 A 116)",48.8800852,2.2749735
202000025286,8,11,2020,11,1,80,80467,1,1,1,7,A1,49.674266,2.771602
202000025287,4,6,2020,19,5,973,97305,1,1,1,3,N1,4.93238,-52.400601
202000025288,5,8,2020,11,1,92,92049,2,2,1,3,ARNOUX AVENUE MAURICE AUTRES N°,48.810692,2.3078974
202000025289,7,8,2020,0,3,50,50496,1,1,1,6,Chemin d'Obrey,48.722212,-1.512487
202000025290,2,8,2020,18,2,43,43073,1,1,1,6,lieu dit gris,45.337109,3.646796
202000025291,8,6,2020,15,1,95,95446,1,4,1,3,ROUTE DE PONTOISE,49.126366,2.171284
202000025292,7,8,2020,7,2,43,43110,1,6,7,3,Rond point de Lamothe,45.303388,3.407049
202000025293,8,6,2020,18,1,95,95008,1,1,1,1,D983,49.071428,1.780698
202000025294,29,10,2020,9,1,13,13071,1,1,1,7,A7-Sens Lyon vers Marseille,43.40569,5.32168
202000025295,6,8,2020,19,1,05,05093,2,1,1,3,Roubion,45.017562,6.632127
202000025296,4,6,2020,17,1,78,78503,2,9,1,1,11 Route Nationale 15,49.072404,1.514877
202000025297,8,6,2020,0,5,2B,2B042,1,1,8,6,T11,42.58698,9.439529
202000025298,7,11,2020,22,3,33,33122,1,1,2,6,AUTOROUTE A 63,44.73959,-0.71264
202000025299,8,6,2020,8,1,30,30156,2,2,1,3,Av de Paris Charles de Gaulle,43.863391,4.444678
202000025300,7,11,2020,12,1,91,91377,1,1,1,4,RD 188,48.72315,2.27698
202000025301,7,11,2020,10,1,92,92036,1,1,1,6,AUTOROUTE A15,48.9378879,2.2976661
202000025302,7,6,2020,22,3,84,84054,1,1,1,1,Route de Carpentras,43.93726,5.062107
202000025303,7,11,2020,7,3,93,93005,1,1,1,7,AUTOROUTE A3,48.9631778,2.4743679
202000025304,8,6,2020,11,1,83,83063,2,1,1,3,D558,43.312626,6.471226
202000025305,6,11,2020,15,1,988,98818,2,2,1,3,RUE GEORGES CLEMENCEAURUE AUGUSTE BRUN,-22.2767,166.44215
202000025306,7,6,2020,13,1,38,38344,1,1,1,2,autoroute A7 pk 14+400 sens Nord/Sud,45.402518,4.815059
202000025307,31,10,2020,20,5,987,98736,2,9,1,3,CHARLES DE GAULLE (AV),-17.525445,-149.541253
202000025308,8,6,2020,14,1,79,79049,2,1,1,2,56 Boulevard de Poitiers,46.838924,-0.484962
202000025309,7,6,2020,13,1,17,17225,2,1,1,1,Zoo de la Palmyre,45.683848,-1.163821
202000025310,6,11,2020,7,2,973,97302,2,6,1,3,BADUEL (ROND POINT DE),4.93325,-52.30959
202000025311,7,6,2020,17,1,86,86242,1,1,1,6,Chemin communal la Gouinerie,46.222788,0.386683
202000025312,6,11,2020,17,4,69,69259,2,1,1,2,YVES FARGE                          (R ),45.70238,4.87918
202000025313,7,6,2020,23,3,76,76473,1,2,1,2,D490,49.486115,0.757479
202000025314,6,11,2020,8,1,972,97213,2,1,1,6,PLACE D'ARMES,14.615,-60.994
202000025315,6,6,2020,11,1,13,13211,1,1,1,5,A50-Sens Marseille vers Aubagne,43.2872874,5.4387107
202000025316,6,11,2020,8,1,972,97209,2,9,1,3,SIMON BOLIVAR (RUE),14.60907,-61.06877
202000025317,7,6,2020,1,3,91,91340,1,1,1,2,AUTOROUTE A6,48.5998,2.43955
202000025318,5,11,2020,15,1,972,97209,2,1,1,5,Bretelle sortie A1,14.61453,-61.05036
202000025319,7,6,2020,19,1,95,95277,1,1,1,2, A3,48.96971,2.48115
202000025320,4,11,2020,8,1,972,97209,2,1,1,2,BISHOP (Avenue Maurice),14.6038,-61.0617
202000025321,23,2,2020,4,5,06,06123,2,9,1,6,BORD DE MER RN 98,43.6583,7.1862
202000025322,6,11,2020,16,1,69,69381,2,1,1,6,ST SEBASTIEN                        (MO),45.77155,4.83568
202000025323,6,11,2020,6,2,69,69081,2,1,1,2,VALVERT                                 ,45.76678,4.78135
202000025324,17,2,2020,11,1,27,27229,2,1,1,6,PASTEUR (BOULEVARD),49.0282,1.1601
202000025325,6,11,2020,16,1,2B,2B120,1,1,1,1,CANALE (Chemin de),42.65,9.4167
202000025326,5,11,2020,7,2,2B,2B033,2,1,1,3,LECLERC - ROND POINT,42.66606,9.43931
202000025327,6,6,2020,18,1,69,69383,2,3,1,3,COMMANDANT DUBOIS (DU)              (R ),45.76002,4.84299
202000025328,5,11,2020,16,2,971,97107,2,1,1,1,GALBAS (CHEMIN DES ),16.04814,-61.57012
202000025329,6,11,2020,16,1,95,95680,2,1,1,6,ERABLES (AVENUE DES),49.0011014,2.3982972
202000025330,5,6,2020,22,5,972,97213,1,3,1,3,AEROPORT (ROND POINT DE L'),14.5952,-60.9831
202000025331,6,11,2020,20,5,95,95555,2,1,1,2,PASTEUR (BOULEVARD),48.96702,2.27436
202000025332,3,11,2020,17,2,87,87085,2,1,1,-1,BEL AIR (BOULEVARD DE),45.8181,1.25227
202000025333,4,11,2020,12,1,87,87085,2,1,1,6,CHURCHILL WINSTON (PLACE),45.83109,1.25399
202000025334,6,11,2020,17,1,85,85191,2,6,1,3,POMPIDOU RUE GEORGES,46.67098,-1.41829
202000025335,6,6,2020,11,1,69,69149,2,1,8,3,GRANDE RUE                          (GR),45.7126721,4.8038271
202000025336,6,6,2020,9,1,69,69382,2,1,1,6,BARRE (DE LA)                       (R ),45.7576655,4.8352128
202000025337,5,11,2020,14,1,84,84080,2,1,1,3,CARPENTRAS ROUTE DE,44.03911,5.01672
202000025338,6,6,2020,18,5,971,97113,2,9,2,7,GRAND BAIE ( RN4),16.22142,-61.52201
202000025339,5,11,2020,9,1,80,80021,2,1,1,3,IRLANDE (AVENUE D'),49.87086,2.29512
202000025340,6,6,2020,10,1,971,97113,1,1,3,3,RN4 - SECTION RIVIERA,16.2188705,-61.5023951
202000025341,4,11,2020,9,1,80,80021,2,1,1,3,EUROPE (AVENUE DE L'),49.9226,2.30341
202000025342,6,6,2020,4,2,971,97113,2,1,1,6,AMEDE CLARA,16.2054,-61.4892
202000025343,5,11,2020,11,1,77,77307,2,2,1,6,AVENUE GEORGES POMPIDOU,48.860205,2.753481
202000025344,5,6,2020,17,1,971,97113,1,1,1,1,SECTION PLIANE,16.21716,-61.46139
202000025345,6,11,2020,7,1,76,76540,2,1,1,3,NEUFCHATEL. ROUTE DE,49.45303,1.09866
202000025346,6,6,2020,15,1,2A,2A004,2,2,1,-1,NAPOLEON COURS APRES BEVERINI,41.92495,8.7380355
202000025347,6,6,2020,9,1,95,95426,2,1,1,6,PARIS (ROUTE DE),49.01159,2.28573
202000025348,5,11,2020,21,5,76,76351,2,2,1,3,MARECHAL JOFFRE (RUE),49.498931,0.119875
202000025349,6,11,2020,12,1,74,74010,2,1,1,3,RHONE (AVENUE DU),45.897969,6.115536
202000025350,6,6,2020,14,1,91,91174,2,1,1,6,strathkelvin (avenue de ),48.620127,2.462068
202000025351,6,6,2020,19,2,81,81004,2,1,1,3,FONTANELLE (LIEU DIT),43.94341,2.13667
202000025352,20,10,2020,12,1,73,73065,2,2,1,6,GAULLE (AVENUE GENERAL DE),45.56733,5.9218
202000025353,6,6,2020,23,3,67,67462,1,1,2,7,RD1083,48.2380926,7.4252026
202000025354,5,11,2020,15,1,68,68066,1,1,1,3,BALE ( ROUTE DE),48.049849,7.367965
202000025355,6,6,2020,9,1,64,64483,1,3,2,3,ERROMARDIE (CHEMIN D'),43.40649,-1.64136
202000025356,6,11,2020,11,1,67,67482,2,1,1,3,SCHWEIGHAEUSER (RUE),48.5875831,7.767329
202000025357,4,11,2020,15,1,67,67482,2,1,1,6,MITTELHAUSBERGEN (ROUTE DE),48.5986171,7.7137147
202000025358,7,6,2020,23,5,64,64445,2,2,3,3,HAUTERIVE,43.3248,-0.3573
202000025359,31,10,2020,21,5,67,67180,2,2,1,3,COLONEL JEAN DE BENOIST (RUE DU),48.8075349,7.7925647
202000025360,2,6,2020,9,1,62,62753,2,6,1,6,RD 260,50.292801,2.793231
202000025361,5,11,2020,16,1,66,66136,2,1,1,6,PERVENCHES (AVENUE DES),42.70136,2.90476
202000025362,6,6,2020,16,1,54,54547,2,6,1,2,LECLERC (AV DU GENERAL) 292 A FIN ET 227,48.6667246,6.1662005
202000025363,6,11,2020,18,3,64,64445,1,1,1,3,HENRI FAISANS,43.3001375,-0.3610571
202000025364,6,11,2020,8,1,64,64445,2,2,1,3,JEAN GENEZE,43.31932,-0.37121
202000025365,6,6,2020,22,5,45,45068,2,1,1,4,Rue du Vieux Rang de l'Anglee,48.0212705,2.7233631
202000025366,3,11,2020,7,2,64,64445,2,1,3,6,JEAN MERMOZ,43.312391,-0.377413
202000025367,29,10,2020,10,1,64,64348,2,1,1,6,NORD SUD VOIE,43.3008115,-0.4102847
202000025368,6,6,2020,17,1,38,38185,2,1,1,3,Avenue Jean Perrot,45.16762,5.74151
202000025369,6,6,2020,20,1,35,35238,2,9,1,3,HAUTES-OURMES (BD DES),48.0874,-1.6464
202000025370,6,6,2020,14,1,35,35238,2,1,1,3,ISLY (RUE D'),48.10561,-1.67753
202000025371,6,11,2020,10,1,64,64102,2,6,8,2,PONTOTS (GIRATOIRE LES),43.48848,-1.4913
202000025372,4,11,2020,18,5,64,64024,2,1,1,7,BAYONNE (AVENUE DE),43.48108,-1.51161
202000025373,6,6,2020,15,1,33,33009,2,2,1,6,HERICART DE THURY (CRS),44.66074,-1.16613
202000025374,5,11,2020,7,5,63,63113,2,1,1,3,ORADOU (RUE DE L'),45.767894,3.1187687
202000025375,6,6,2020,8,1,28,28110,1,9,1,1,VOVES (RUE DE) (D29),48.41473,1.50539
202000025376,3,11,2020,8,1,59,59569,2,1,1,6,VERDUN (RUE DE),50.363,3.11439
202000025377,7,6,2020,0,5,17,17300,2,1,1,1,GRASSET   AVENUE EDMOND (61-85B),46.16338,-1.16729
202000025378,5,11,2020,15,1,56,56083,2,6,1,3,PARCO ( R-P DU ),47.7931,-3.26554
202000025379,5,11,2020,7,2,56,56083,2,4,1,2,PASTEUR ( AVENUE ),47.80528,-3.28698
202000025380,6,6,2020,11,1,17,17200,2,6,1,2,MOISY   AVENUE DU RECTEUR PIERR,46.17357,-1.16776
202000025381,6,6,2020,9,1,15,15014,2,1,2,6,BLUM (RUE LEON),44.910905,2.434015
202000025382,6,11,2020,20,5,54,54395,2,3,1,2,FOUCAULD (RUE CHARLES DE),48.7020377,6.1824839
202000025383,5,11,2020,15,1,54,54184,2,2,7,3,BRIGACHTAL (AVENUE DE),48.700768,6.2245599
202000025384,5,11,2020,13,1,50,50129,2,1,1,6,BOUGAINVILLE (RUE DE),49.64035,-1.64365
202000025385,6,11,2020,12,1,49,49328,2,6,1,1,CARROUSEL (ROND-POINT DU),47.26569,-0.09451
202000025386,6,6,2020,10,1,14,14242,2,3,8,3,GRACE DE DIEU (RUE DE LA ),49.22024,-0.3711
202000025387,6,11,2020,9,1,49,49007,2,1,1,2,ROI RENE BOULEVARD,47.46899,-0.55949
202000025388,2,6,2020,23,5,14,14118,2,1,1,6,VENDEUVRE (QUAI),49.18306,-0.35589
202000025389,6,11,2020,16,1,44,44109,2,2,1,3,RUE ROMAIN ROLLAND,47.2054066,-1.6065769
202000025390,6,6,2020,22,5,13,13209,2,1,1,6,MORGIOU (chemin de ),43.22173,5.42425
202000025391,6,11,2020,15,1,38,38185,2,2,1,1,Rue des Eaux Claires,45.175,5.70859
202000025392,6,6,2020,22,5,13,13213,2,1,1,6,CROIX ROUGE (AVENUE),43.33338,5.4398
202000025393,6,11,2020,20,5,35,35238,2,1,1,3,ARMORIQUE (BD D'),48.13129,-1.67327
202000025394,6,6,2020,18,1,13,13203,2,1,1,6,NATIONAL (BOULEVARD),43.30846,5.38099
202000025395,6,6,2020,8,1,13,13203,2,2,7,6,PLOMBIERES (BOULEVARD DES),43.31483,5.38928
202000025396,6,6,2020,2,5,13,13203,2,1,1,2,FÉLIX PYAT (RUE),43.3207,5.3747
202000025397,6,6,2020,22,2,11,11069,2,9,1,2,DAUMIER HONORE,43.2115315,2.3316319
202000025398,6,11,2020,19,3,35,35238,2,2,1,3,PORTUGAL (BD DU),48.083718,-1.67482
202000025399,6,6,2020,6,2,09,09122,2,1,1,6,CROS (cours Irénée),42.966926,1.608877
202000025400,6,11,2020,12,1,35,35238,2,9,1,3,NITSCH (CARREFOUR GEORGES),48.10179,-1.6842
202000025401,6,11,2020,8,1,35,35238,2,9,1,3,ALMA (DE L'),48.1016,-1.67644
202000025402,3,11,2020,12,1,33,33063,2,2,1,3,RUE JUDAIQUE,44.84079,-0.59226
202000025403,6,6,2020,23,5,06,06123,2,9,1,3,FAHNESTOCK G. CORNICHE,43.67,7.18
202000025404,6,6,2020,18,1,05,05023,2,1,1,6,ALPHAND (RUE),44.89556,6.63456
202000025405,22,10,2020,19,3,33,33063,2,2,2,1,AVE ALSACE LORRAINE CAUD,44.84657,-0.60522
202000025406,3,6,2020,8,1,75,75116,2,1,1,2,ECHANGEUR MUETTE,48.865767,2.268076
202000025407,20,10,2020,15,1,33,33522,2,8,2,1,CRS DE LA LIBERATION,44.8079,-0.5915
202000025408,3,6,2020,8,1,75,75116,2,1,1,3,PORTE MAILLOT,48.875228,2.276512
202000025409,6,11,2020,13,1,31,31557,2,1,1,3,NEOUVIELLE (RUE DU),43.57955,1.31499
202000025410,5,11,2020,17,2,30,30007,2,1,1,6,GRAMME (RUE),44.14069,4.1045
202000025411,6,6,2020,8,1,75,75113,2,2,8,3,QUAI FRANCOIS MAURIAC,48.832234,2.379768
202000025412,6,11,2020,8,1,28,28085,2,3,1,6,FOCH (BOULEVARD DU MARECHAL),48.44872,1.49261
202000025413,6,6,2020,17,1,75,75119,2,2,1,6,RUE DE BELLEVILLE,48.872868,2.379848
202000025414,6,6,2020,13,1,75,75119,2,1,1,2,RUE DE CRIMEE,48.878415,2.390824
202000025415,7,10,2020,16,1,27,27229,2,1,1,6,QUATORZE JUILLET (BOULEVARD),49.014965,1.17
202000025416,6,6,2020,18,1,75,75118,2,2,1,-1,RUE MARX DORMOY,48.890229,2.359984
202000025417,2,11,2020,18,5,14,14118,2,1,2,3,MONTALIVET (COURS),49.17944,-0.33811
202000025418,6,11,2020,10,1,13,13019,2,9,1,1,CD6,43.421213,5.3673156
202000025419,5,6,2020,20,2,75,75118,2,5,1,6,RUE DU POTEAU,48.89723,2.337967
202000025420,1,8,2020,2,5,13,13215,2,1,1,1,SAINT JOSEPH A SAINT ANTOINE (CHEMIN DE),43.3592912,5.3648633
202000025421,6,11,2020,13,1,13,13215,2,1,1,6,CAP PINEDE (Avenue),43.328164,5.363792
202000025422,6,11,2020,13,1,13,13203,2,2,1,3,PARIS (BOULEVARD DE),43.30728,5.37183
202000025423,6,6,2020,20,1,75,75118,2,3,1,3,AVENUE DE CLICHY,48.885305,2.326607
202000025424,6,6,2020,22,5,75,75112,2,1,1,6,AVENUE DU DOCTEUR ARNOLD NETTER,48.846772,2.406157
202000025425,5,11,2020,9,1,13,13205,2,3,1,3,SAINT PIERRE (RUE),43.2915773,5.4100156
202000025426,4,10,2020,22,3,14,14120,1,1,3,6,Loterot,49.077029,-0.785104
202000025427,6,6,2020,19,1,75,75112,2,2,1,3,RUE LOUIS BRAILLE,48.839708,2.402512
202000025428,5,11,2020,13,1,10,10387,2,2,1,3,PIERRE BROSSOLETTE (RUE),48.287,4.0771
202000025429,5,10,2020,8,1,07,07055,2,1,8,3,Avenue de Provence,44.862215,4.834483
202000025430,6,11,2020,8,1,06,06069,2,1,1,2,POISSONNIERS (CHEMIN DES),43.654562,6.938899
202000025431,30,9,2020,7,5,40,40261,2,6,8,2,Route de Dax,43.687573,-1.229326
202000025432,3,6,2020,18,1,75,75112,2,2,1,3,RUE JOSEPH KESSEL,48.8349089,2.3846374
202000025433,6,11,2020,15,1,06,06027,2,9,1,2,GRASSE AVENUE DE,43.6601,7.130738
202000025434,4,11,2020,16,1,75,75120,2,1,1,7,PORTE DE MONTREUIL,48.857224,2.414234
202000025435,2,10,2020,22,3,24,24422,1,1,3,1,D4,45.00972,0.524125
202000025436,6,11,2020,8,1,75,75116,2,1,1,6,ECHANGEUR AUTEUIL,48.849794,2.252641
202000025437,5,10,2020,9,1,04,04209,2,1,1,6,RD 53 (11 Av Paul Arène),44.195278,5.94265
202000025438,6,11,2020,17,2,75,75120,2,1,1,3,RUE DES PYRENEES,48.858714,2.402666
202000025439,6,6,2020,15,1,75,75111,2,1,1,3,AVENUE PHILIPPE AUGUSTE,48.851345,2.394095
202000025440,6,6,2020,17,1,75,75104,2,3,1,6,RUE DE RIVOLI,48.855223,2.361107
202000025441,4,10,2020,13,1,04,04122,1,1,1,3,RN 85,44.041098,6.070762
202000025442,6,6,2020,10,1,75,75104,2,2,1,7,QUAI DE GESVRES,48.856046,2.350704
202000025443,26,9,2020,20,5,17,17337,2,1,1,3,291 Rue de la Couarde,45.968374,-1.291282
202000025444,6,11,2020,16,1,75,75120,2,2,1,6,RUE DE BELLEVILLE,48.875463,2.397922
202000025445,3,10,2020,18,1,37,37226,1,1,2,6,Les Archambaults,47.101215,0.6006455
202000025446,6,6,2020,20,1,94,94067,2,1,1,6,Avenue du Général de Gaulle,48.8444456,2.417587
202000025447,6,11,2020,18,2,75,75119,2,1,1,6,SOUTERRAIN VILLETTE CHAUMONT,48.887411,2.396199
202000025448,5,10,2020,8,1,52,52060,1,1,2,3,D460,47.9347,5.766355
202000025449,6,11,2020,12,1,75,75119,2,3,1,6,AVENUE JEAN JAURES,48.888469,2.391948
202000025450,6,6,2020,9,1,94,94059,2,2,1,3,JEAN KIFFER (AV),48.80685,2.57102
202000025451,5,10,2020,16,1,08,08038,1,1,1,7,D26,49.488869,4.241924
202000025452,6,11,2020,10,1,75,75119,2,1,1,3,AVENUE JEAN JAURES,48.886475,2.384308
202000025453,6,6,2020,19,1,93,93029,2,2,1,3,R HOCHE / R LAMARTINE,48.927,2.434
202000025454,4,10,2020,21,5,88,88327,2,2,1,3,Rue de Lorraine,48.308832,6.380584
202000025455,6,11,2020,13,1,75,75110,2,3,1,3,QUAI DE VALMY,48.87924,2.366744
202000025456,2,10,2020,17,1,67,67340,2,3,8,6,Place du Couvent,48.942622,7.611283
202000025457,2,10,2020,15,1,49,49101,1,1,1,1,d138,47.625112,-0.043087
202000025458,6,11,2020,10,1,75,75103,2,4,1,7,RUE DE TURBIGO,48.866803,2.361993
202000025459,6,6,2020,13,1,92,92024,2,4,8,3,MARTRE (RUE) DE (111 A 119)   (122 A 144,48.90759,2.30142
202000025460,6,6,2020,12,1,92,92051,2,1,1,2,Avenue Charles de Gaulle,48.88189,2.2687201
202000025461,5,11,2020,20,5,75,75104,2,2,1,3,PONT NOTRE DAME,48.855655,2.34833
202000025462,21,9,2020,17,1,973,97309,2,1,1,3,D'1 (rd1),4.893983,-52.258176
202000025463,6,6,2020,16,1,92,92035,2,1,1,6,Sartoris ( rue ),48.9075083,2.2464406
202000025464,6,11,2020,18,5,94,94081,2,3,1,3,GABRIEL PERI (R),48.79209,2.4016
202000025465,4,10,2020,21,5,06,06085,2,1,2,6,Chemin de Carimail,43.575498,6.989327
202000025466,6,11,2020,16,1,94,94046,2,2,1,3,Avenue de la République,48.80965,2.45467
202000025467,30,9,2020,22,3,68,68135,1,1,1,6,Bretelle autoroute A35,47.589566,7.547393
202000025468,7,6,2020,0,3,49,49163,1,2,1,3,la crilousière,47.605613,-0.268586
202000025469,6,11,2020,18,5,94,94011,2,1,1,4,RHIN ET DANUBE(RUE DU),48.76844,2.48844
202000025470,1,10,2020,21,3,33,33527,1,1,2,2,A660,44.61158,-1.02079
202000025471,6,11,2020,13,1,94,94011,2,9,1,7,MOULIN BATEAU.(RUE DU),48.780848,2.505119
202000025472,7,6,2020,11,1,67,67317,1,1,2,7,D697,48.303701,7.347161
202000025473,4,10,2020,16,1,64,64102,1,1,3,7,A63,43.488611,-1.449181
202000025474,5,11,2020,12,1,94,94022,2,1,1,3,VINGT CINQ AOUT 1944 (AV DU),48.7624,2.4021
202000025475,17,2,2020,8,1,62,62645,2,1,7,6,Route du Pont d'Oye,50.977183,2.039554
202000025476,4,10,2020,19,2,22,22062,1,1,8,7,N164 PK21+0500,48.196345,-2.50184
202000025477,6,11,2020,18,2,94,94079,2,2,1,3,MONTRICHARD (AV),48.83075,2.54851
202000025478,6,6,2020,4,3,27,27278,1,1,8,6,D59,48.9011109,1.4286168
202000025479,3,11,2020,14,1,94,94017,2,2,1,3,MARX DORMOY (AV),48.806326,2.530053
202000025480,4,10,2020,20,5,987,98714,2,1,1,6,RT 101,-16.541142,-151.737242
202000025481,2,10,2020,11,1,987,98747,2,1,1,3,ROUTE DE TARAVAO,-17.734243,-149.302874
202000025482,6,11,2020,17,2,93,93073,2,1,1,1,AV DE LA SOMME,48.93942,2.59248
202000025483,5,6,2020,16,1,38,38332,1,2,1,3,Chemin des Bruyéres,45.336021,5.508844
202000025484,5,10,2020,18,1,33,33203,1,3,1,6,Route de Carcans,45.127411,-1.04534
202000025485,5,11,2020,10,1,93,93066,2,9,1,1,LIBERATION RD14 (BOULEVARD),48.9280701,2.3412906
202000025486,6,11,2020,9,1,93,93033,2,6,1,6,Place Franklin Roosevelt,48.86154,2.57927
202000025487,4,10,2020,20,3,34,34289,1,1,8,1,D18,43.38686,3.384079
202000025488,6,6,2020,16,1,971,97132,1,1,2,3,N1,15.988271,-61.618302
202000025489,6,11,2020,11,1,93,93048,2,1,1,6,BD CHANZY,48.85828,2.43493
202000025490,5,10,2020,7,1,89,89257,2,1,2,6,6 Rue Claude Debussy,47.96917,3.504735
202000025491,5,11,2020,22,5,93,93048,2,5,1,3,ARISTIDE BRIAND (BOULEVARD),48.8781,2.45747
202000025492,6,11,2020,14,1,93,93074,2,1,1,6,R DE MEAUX,48.93498,2.56831
202000025493,4,10,2020,13,1,26,26168,1,1,2,5,D1075,44.714576,5.676756
202000025494,6,11,2020,14,1,93,93014,2,9,1,6,MAURICE AUDIN (ALLEE),48.9086214,2.5428425
202000025495,4,10,2020,18,2,07,07217,1,1,8,1,RD534,45.0485398,4.7478365
202000025496,5,11,2020,13,1,93,93007,2,9,1,7,PASTEUR (AVENUE),48.9416201,2.4685339
202000025497,4,10,2020,18,1,49,49023,2,2,1,3,Avenue de l’Europe (beaupréau),47.2035345,-0.9981948
202000025498,6,11,2020,16,1,93,93001,2,9,1,3,REPUBLIQUE (AVE DE LA ) DE 52 A 104,48.91225,2.38404
202000025499,3,10,2020,11,1,60,60103,2,1,1,3,Rue du General de Gaulle,49.409106,2.251076
202000025500,7,6,2020,14,1,67,67377,2,3,1,1,D1420,48.4216644,7.1837034
202000025501,6,6,2020,17,1,76,76488,1,1,6,7,Rue de Maldestour,49.7839,0.5923
202000025502,5,10,2020,13,1,59,59256,2,1,1,2,rue du chemin vert,50.5751761,3.135214
202000025503,5,6,2020,18,1,2A,2A209,2,4,1,3,T20,42.0102197,8.8672424
202000025504,3,10,2020,17,1,13,13106,1,1,1,4,A51-Sens Marseille vers Aix en Provence,43.404024,5.358351
202000025505,7,6,2020,3,3,82,82018,1,1,2,6,Route de Caussade,44.090231,1.534942
202000025506,6,11,2020,13,1,92,92040,2,1,1,3,ARISTIDE BRIAND,48.821307,2.254613
202000025507,3,10,2020,3,3,13,13005,1,1,2,6,A50 - Sens Aubagne vers Marseille,43.289946,5.554229
202000025508,6,11,2020,16,2,92,92026,2,1,1,2,SAINT-DENIS BD (120 A 174 / DE 199 A 315,48.899894,2.268373
202000025509,2,10,2020,10,1,67,67218,1,1,1,4,R.N. 353,48.4964893,7.7502751
202000025510,7,6,2020,13,1,32,32107,1,1,1,6,D7,43.950826,0.403973
202000025511,7,6,2020,11,1,49,49279,1,1,1,7,22 Lieu Dit la Roche,47.365034,-0.296942
202000025512,4,10,2020,12,1,33,33474,1,1,3,6,AUTOROUTE A 62,44.6759,-0.48216
202000025513,4,10,2020,22,3,91,91064,1,1,2,6,RN 118,48.74899,2.2189
202000025514,7,6,2020,6,1,38,38015,1,1,2,7,Route du Revollet,45.536581,5.134478
202000025515,6,11,2020,11,1,92,92026,2,9,1,7,SAINT-DENIS BD (120 A 174 / DE 199 A 315,48.9004156,2.2696141
202000025516,4,10,2020,6,3,91,91687,1,1,1,2,AUTOROUTE A6,48.6611,2.3701
202000025517,4,10,2020,17,1,92,92050,1,1,8,6,A14,48.8926795,2.23481
202000025518,6,11,2020,15,1,92,92012,2,6,1,2,RHIN ET DANUBE (ROND POINT),48.8408087,2.2281647
202000025519,6,11,2020,11,1,92,92012,2,1,1,6,PARIS (RUE DE) 97BIS/FIN - 116/FIN,48.841564,2.233847
202000025520,7,6,2020,12,1,03,03250,1,1,1,1,Lieu Dit la Croix Goyard,46.1850064,3.7899722
202000025521,4,10,2020,20,5,93,93066,1,1,1,5,AUTOROUTE A1,48.9138803,2.3579979
202000025522,5,11,2020,20,3,86,86034,1,1,1,7,D727,46.35243,0.603192
202000025523,6,6,2020,19,1,70,70477,1,1,3,6,D9,47.562106,6.609703
202000025524,4,10,2020,20,4,93,93006,1,1,2,3,AUTOROUTE A3,48.8689637,2.4289177
202000025525,7,11,2020,11,1,26,26323,1,2,1,6,Route du Patas,45.06955,5.145598
202000025526,4,10,2020,14,1,93,93053,1,1,1,7,AUTOROUTE A86,48.9007432,2.4692922
202000025527,4,10,2020,4,5,93,93008,1,1,1,6,AUTOROUTE A86,48.918751,2.4284666
202000025528,4,10,2020,23,4,94,94073,1,1,2,6,A86 INT,48.76986,2.38036
202000025529,3,10,2020,22,5,974,97411,2,3,1,6,JACQUES (SAINT),-20.88303,55.45906
202000025530,6,6,2020,18,1,70,70248,1,1,3,2,4 Rue de Champagney,47.672237,6.7385029
202000025531,7,6,2020,8,1,09,09139,1,1,2,6,Pic de Querfour et Autres,42.580973,1.794784
202000025532,7,11,2020,4,3,16,16340,2,1,1,6,Lieu dit les journaux,45.6487902,-0.1364065
202000025533,3,10,2020,5,1,974,97416,1,2,2,3,Chemin Ringuin,-21.326512,55.497737
202000025534,6,11,2020,19,5,10,10266,2,1,8,6,23 Route de Saint Mards En Othe,48.146367,3.80428
202000025535,3,6,2020,8,1,43,43190,1,3,1,1,D150,45.052064,3.951885
202000025536,2,10,2020,17,1,974,97407,1,6,1,2,ROUTE NATIONALE N° 1,-20.9562,55.31143
202000025537,6,6,2020,15,1,04,04144,1,1,1,7,RD 952,43.779956,6.280489
202000025538,7,6,2020,6,2,27,27389,1,1,1,7,7 Route de Louviers,49.1509748,0.9753875