Num_Acc,jour,mois,an,hr,condition_eclairage,departement,commune,condition_agglomeration,intersection,condition_atmosphere,type_collision,adresse,lattitude,longitude
202000025539,3,10,2020,12,1,973,97302,2,2,1,3,DIGUE RONJON,4.933299,-52.3316896
202000025540,7,6,2020,17,1,17,17378,1,3,1,1,Lieu dit Le crut,45.262767,-0.21035
202000025541,3,10,2020,12,1,69,69388,2,1,6,6,EUROPE (DE L')                      (AV),45.74035,4.85914
202000025542,6,6,2020,17,1,80,80021,1,1,1,6,A16,49.9223967,2.2457553
202000025543,30,10,2020,6,2,33,33505,1,3,1,3,Route de Fauquey,44.772148,-0.322106
202000025544,29,10,2020,18,3,11,11042,1,1,2,6,D610,43.210556,2.58522
202000025545,7,11,2020,16,2,12,12076,1,1,2,7,La carrière,44.551352,2.42472
202000025546,3,10,2020,15,1,69,69286,2,1,1,2,ROUTE DE STRASBOURG D 483           (RO),45.8211,4.89826
202000025547,5,11,2020,17,1,31,31528,2,2,1,3,D5,43.237829,0.739914
202000025548,3,10,2020,9,1,95,95539,2,1,1,4,PARIS   (RUE DE),49.0000275,2.3556373
202000025549,6,11,2020,23,3,03,03033,1,1,1,6,,46.171504,3.5018175
202000025550,2,10,2020,12,1,91,91687,2,9,2,2,GENERAL DE GAULLE (AVENUE DU),48.67398,2.38782
202000025551,6,11,2020,20,3,50,50511,1,1,1,6,D.25,49.532287,-1.370813
202000025552,4,11,2020,18,3,36,36158,1,1,8,6,,46.531941,1.590657
202000025553,7,6,2020,7,2,978,97801,1,1,1,6,mont vernon RN7,18.077963,-63.029051
202000025554,7,11,2020,15,1,85,85121,1,3,2,1,D30,46.45469,-0.93277
202000025555,7,11,2020,0,3,27,27679,1,1,5,7,Avenue du Général Leclerc,48.748832,0.936692
202000025556,7,11,2020,10,1,978,97801,2,9,1,1,Chemin de la Savane,18.098907,-63.064152
202000025557,7,11,2020,5,3,33,33122,1,2,1,3,Route de Saucats,44.718396,-0.73926
202000025558,2,10,2020,19,2,91,91027,2,2,2,3,BARBUSSE (RUE HENRI),48.70074,2.36209
202000025559,6,11,2020,19,3,53,53054,1,1,1,2,A81,48.106056,-0.836034
202000025560,2,10,2020,17,1,83,83090,2,1,1,4,RDN8,43.13773,5.85051
202000025561,6,11,2020,22,5,971,97128,2,1,1,3,Avenue Hegesippe Ibene,16.223802,-61.387374
202000025562,6,11,2020,17,3,978,97801,2,1,1,2,95 rue Lady Fish,18.059456,-63.100593
202000025563,4,10,2020,0,5,83,83126,2,1,1,6,Ytzhak RABIN - D63,43.1152,5.8729
202000025564,6,11,2020,17,2,77,77060,2,1,1,7,9 rue des roches,48.287646,2.430435
202000025565,3,10,2020,9,1,81,81060,2,1,2,6,DE GAULLE (BD CHARLES),44.0487,2.1617
202000025566,2,10,2020,18,1,81,81033,1,1,2,1,GUIGNERETTE ( COTE DE LA ),44.041913,2.124099
202000025567,6,6,2020,18,1,74,74159,2,3,2,1,423 Route de Saxel,45.991532,6.623393
202000025568,3,10,2020,12,1,78,78133,2,3,1,3,VIEUX CHEMIN DE MANTES,48.91003,2.03907
202000025569,7,11,2020,9,1,91,91495,1,1,1,1,D191,48.45261,2.010509
202000025570,6,6,2020,16,1,976,97606,2,1,1,6,CC5 Village de MrAMADOUDOU,-12.927513,45.153594
202000025571,2,10,2020,11,1,78,78350,2,1,2,2,VERSAILLES (ROUTE DE),48.85558,2.10739
202000025572,2,11,2020,10,1,33,33056,2,2,1,3,1 Rue de Belair,44.941018,-0.632578
202000025573,6,6,2020,14,1,83,83023,1,1,1,-1,A8,43.419887,6.01819
202000025574,3,10,2020,13,1,78,78440,2,1,8,6,PAUL RAOULT (AVENUE),48.989418,1.913281
202000025575,6,6,2020,14,1,77,77431,1,9,1,6,A6,48.2878173,2.6886704
202000025576,2,10,2020,20,3,76,76095,2,1,2,5,RN 28 (ROUTE DE NEUFCHATEL),49.45752,1.10809
202000025577,6,6,2020,11,1,51,51312,1,1,1,7,Chemin du Champ la forge,49.0165864,4.3011139
202000025578,3,10,2020,14,1,64,64545,2,1,3,3,PAUL GELOS (RUE),43.37611,-1.67666
202000025579,6,6,2020,12,1,18,18207,2,1,1,5,90 Rue Roger Salengro,46.984376,2.244222
202000025580,3,10,2020,20,5,64,64102,2,6,2,2,GRENET (AVENUE HENRI),43.50198,-1.47861
202000025581,6,6,2020,19,1,2A,2A300,2,1,1,1,D559,41.6550442,9.2805245
202000025582,29,9,2020,20,3,62,62178,1,1,1,-1,D 188,50.493991,2.580269
202000025583,6,6,2020,12,1,2A,2A247,2,1,1,1,Avenue Georges Pompidou,41.596482,9.279816
202000025584,3,10,2020,14,1,59,59599,2,3,8,3,HOUPLINE (RUE DU CHÊNE),50.729352,3.170409
202000025585,6,6,2020,11,1,34,34024,1,3,1,5,D600,43.467466,3.691278
202000025586,7,11,2020,6,3,60,60542,1,1,5,3,route nationale 31,49.4136944,2.1872675
202000025587,3,10,2020,13,1,54,54395,2,1,1,2,HAUSSONVILLE (BD D'),48.671206,6.16651
202000025588,7,11,2020,13,1,59,59075,1,1,1,1,D45,50.146863,3.422499
202000025589,3,10,2020,23,5,51,51454,2,6,2,7,Boulevard du Val de Vesle,49.2248998,4.0965612
202000025590,6,11,2020,15,1,13,13071,1,1,1,2,A7-Sens Marseille vers Lyon,43.40803,5.2884
202000025591,3,10,2020,14,1,51,51454,2,3,1,6,Avenue General Bonaparte,49.2314825,4.0066265
202000025592,6,11,2020,19,3,91,91340,1,1,1,3,AUTOROUTE A6,48.60462,2.43641
202000025593,6,6,2020,21,5,84,84141,2,1,1,2,Avenue Alphonse Daudet,43.973874,4.90694
202000025594,6,11,2020,0,3,91,91286,1,1,1,6,AUTOROUTE A6,48.6573,2.3771
202000025595,3,10,2020,13,1,51,51454,2,1,1,2,Quai du Pré aux Moines,49.2331553,4.0481442
202000025596,7,6,2020,8,1,71,71525,1,1,1,3,D17,46.3627149,4.6937799
202000025597,3,10,2020,3,5,51,51454,2,7,2,7,Place Colin,49.2503802,4.0200839
202000025598,7,6,2020,6,2,38,38405,1,1,3,7,D520,45.373316,5.695751
202000025599,2,10,2020,10,1,51,51172,2,9,3,7,Rue des Laps,49.2148491,4.0464841
202000025600,2,10,2020,17,1,45,45285,2,1,2,6,Avenue Pierre Mendes France,47.90266,1.86077
202000025601,2,10,2020,17,1,45,45284,2,2,2,4,Avenue de Verdun - rue du petit bois,47.9193257,1.9835406
202000025602,6,6,2020,16,1,33,33016,1,1,1,6,2705 Route de Cubzac,44.94233,-0.43946
202000025603,3,10,2020,14,1,37,37261,2,1,2,4,RN 76 - Route de St Avertin,47.3651375,0.7108677
202000025604,7,6,2020,5,2,85,85151,1,1,1,6,La Goujonnière,46.976137,-0.892226
202000025605,3,10,2020,15,1,37,37233,2,1,3,2,DUCLOS (AVENUE JACQUES),47.3777429,0.7167473
202000025606,6,6,2020,22,5,14,14762,2,1,1,6,8 Rue de Normandie,48.852119,-0.8780396
202000025607,3,10,2020,12,1,37,37261,2,2,1,-1,HALLES (RUE DES),47.3936839,0.6861343
202000025608,7,6,2020,15,1,27,27400,2,1,1,3,2 Rue de Pacy,48.9615569,1.4084708
202000025609,6,6,2020,20,2,80,80399,1,1,1,7,Rue de la Vallée,49.877495,2.1547677
202000025610,3,10,2020,15,1,35,35238,2,2,1,3,ROCHESTER (AVENUE DE),48.1283679,-1.6642134
202000025611,4,10,2020,0,3,30,30189,2,1,1,2,MONTPELLIER (ROUTE DE),43.80207,4.31883
202000025612,6,6,2020,15,1,13,13216,1,1,1,7,A55-Sens Martigues vers Marseille,43.3467,5.3451
202000025613,6,6,2020,13,1,91,91570,1,1,1,2,RN 104,48.6249,2.2975
202000025614,3,10,2020,2,5,30,30189,2,2,2,-1,TRIAIRE SERGENT (BOULEVARD),43.8284,4.3599
202000025615,6,6,2020,0,3,78,78217,1,1,1,6,A13,48.96353,1.83011
202000025616,3,10,2020,10,1,29,29232,1,1,2,6,D785 - Boulevard de Poulguinan,47.97991,-4.12104
202000025617,2,10,2020,18,1,29,29019,2,1,6,6,Rue de Quimper,48.39817,-4.43915
202000025618,5,6,2020,19,1,93,93063,1,1,2,3,AUTOROUTE A3,48.87418,2.43815
202000025619,2,10,2020,17,1,29,29019,2,1,6,6,25 Rue Victor Hugo,48.3913446,-4.4800267
202000025620,6,6,2020,8,1,95,95277,1,1,1,6, A104,48.97195,2.48563
202000025621,2,10,2020,13,1,29,29019,2,6,6,-1,Rampe d'accès au Port,48.3829982,-4.487916
202000025622,5,6,2020,23,3,93,93078,1,1,1,2,AUTOROUTE A104,48.97171,2.49732
202000025623,2,10,2020,18,2,25,25056,2,1,2,4,DOLE RUE DE (sup 200),47.218047,5.944633
202000025624,29,2,2020,17,1,91,91228,2,1,2,6,YERRES (BD),48.61988,2.427496
202000025625,3,10,2020,11,1,17,17306,2,1,3,6,KERIMEL DE KERVENO (ES.FM)),45.62378,-1.0267
202000025626,3,10,2020,19,1,14,14118,2,3,1,2,DELIVRANDE (RUE DE LA),49.205,-0.3616
202000025627,3,10,2020,17,1,14,14118,2,1,1,2,RETHEL (BOULEVARD DE),49.17063,-0.33303
202000025628,3,10,2020,13,1,14,14437,2,1,1,1,RD N° 613,49.1629,-0.30325
202000025629,3,7,2020,19,1,13,13210,2,1,1,3,GASTON BERGER  (RUE),43.27044,5.41436
202000025630,6,6,2020,4,5,988,98818,2,2,1,3,RUE DE LA REPUBLIQUE/AVENUE DU MARECHAL FOCH,-22.26866,166.44233
202000025631,3,10,2020,13,1,13,13211,2,2,1,4,SABLIERE (ROUTE DE LA),43.2931456,5.4799945
202000025632,6,6,2020,4,5,988,98818,2,1,1,6,ANSE-VATA (ROUTE DE L'),-22.28878,166.448
202000025633,3,10,2020,12,1,13,13206,2,1,1,3,BAILLE (BOULEVARD),43.28861,5.39375
202000025634,6,6,2020,1,5,988,98818,2,1,1,6,PROMENADE ROGER LAROQUE,-22.30332,166.43481
202000025635,2,10,2020,21,5,13,13075,2,1,2,7,L'ENJOLRAS (AVE DE),43.340076,5.456272
202000025636,3,10,2020,16,1,13,13047,1,1,1,6,RD 569,43.5501811,4.97347
202000025637,5,6,2020,21,3,974,97416,2,1,8,6,ANCIENNE RN 1,-21.3145,55.4396
202000025638,3,10,2020,18,1,10,10387,2,6,3,3,GEORGES POMPIDOU (RUE),48.288041,4.081416
202000025639,3,10,2020,10,1,10,10387,2,1,1,6,RAYMOND POINCARE (RUE),48.29575,4.0796
202000025640,5,6,2020,10,1,973,97302,2,2,1,-1,EBOUE (ROCADE FELIX),4.9310222,-52.3132789
202000025641,2,10,2020,21,5,07,07340,2,4,3,6,RD 104,44.72938,4.56849
202000025642,5,6,2020,7,1,69,69387,2,2,8,3,GERLAND (DE)                        (R ),45.73682,4.83975
202000025643,5,6,2020,1,5,972,97213,1,1,2,7,MORNE PITAULT (ROUTE DE),14.6251,-60.9704
202000025644,5,6,2020,10,1,972,97209,2,2,1,2,ABBE LAVIGNE (AVENUE),14.61228,-61.07167
202000025645,5,6,2020,16,1,91,91589,2,1,1,2,JENNER (RUE),48.68892,2.34036
202000025646,4,6,2020,11,1,91,91339,1,1,2,3,RN 20,48.6242,2.26138
202000025647,3,10,2020,10,1,07,07102,1,6,8,7,BEAUCAIRE (AVENUE DE),44.924106,4.856929
202000025648,3,10,2020,6,5,75,75112,2,1,1,6,ROUTE DE LA TOURELLE,48.820344,2.447678
202000025649,4,6,2020,8,1,88,88160,2,4,1,1,ROUX (RUE DU PROFESSEUR-),48.18371,6.43786
202000025650,2,10,2020,8,1,75,75107,2,3,1,1,AVENUE DE LA MOTTE PICQUET,48.856044,2.308121
202000025651,5,6,2020,13,1,87,87085,2,1,1,3,CRUVEILHER (RUE),45.83627,1.25822
202000025652,2,10,2020,9,1,75,75120,2,3,2,-1,RUE DE BELLEVILLE,48.8734,2.382608
202000025653,2,6,2020,23,5,87,87085,2,1,1,5,PRESSEMANE  (RUE ADRIEN),45.83477,1.26969
202000025654,3,10,2020,16,1,75,75118,2,1,8,6,RUE LEPIC,48.885183,2.334111
202000025655,3,10,2020,9,1,75,75118,2,4,1,-1,RUE DU POTEAU,48.89723,2.33798
202000025656,3,10,2020,17,1,75,75116,2,2,1,3,BOULEVARD LANNES,48.868676,2.273359
202000025657,5,6,2020,8,1,80,80632,2,1,1,3,Bernard RISBOURG,49.87674,2.2555
202000025658,3,10,2020,12,1,75,75116,2,7,1,-1,PLACE CHARLES DE GAULLE,48.873724,2.294088
202000025659,4,6,2020,11,1,78,78358,2,3,1,3,GENERAL DE GAULLE (AVENUE DU ),48.94357,2.1307
202000025660,3,10,2020,3,3,75,75116,2,4,8,2,ROUTE D AUTEUIL AUX LACS,48.852236,2.254193
202000025661,4,6,2020,19,1,78,78220,1,1,2,5,RN 10,48.72684,1.89397
202000025662,2,10,2020,8,1,75,75116,2,1,3,3,ALLEE DU BORD DE L EAU,48.864485,2.230486
202000025663,5,6,2020,15,1,76,76217,2,1,1,6,BOURSE (ARCADES DE LA),49.92676,1.07947
202000025664,3,10,2020,12,1,75,75114,2,3,1,3,AVENUE DU GENERAL LECLERC,48.824695,2.326064
202000025665,2,6,2020,12,1,73,73011,2,1,1,6,Av Joseph Fontanet,45.6622079,6.3723867
202000025666,3,10,2020,18,1,75,75112,2,1,1,6,AVENUE DE SAINT MANDE,48.844787,2.404502
202000025667,4,6,2020,17,1,72,72181,2,1,1,6,SCHUMAN ROBERT ( BD),47.99115,0.22927
202000025668,3,10,2020,14,1,75,75112,2,1,1,5,QUAI DE BERCY,48.834465,2.381583
202000025669,4,6,2020,8,1,71,71306,2,1,1,7,,46.670697,4.3433936
202000025670,3,10,2020,0,5,75,75111,2,2,2,-1,RUE DE LA ROQUETTE,48.858537,2.383702
202000025671,31,5,2020,14,1,71,71105,1,2,1,3,BIOUX (ROUTE DE),46.3032713,4.8068529
202000025672,3,10,2020,0,5,75,75111,2,2,2,1,RUE DU FAUBOURG SAINT ANTOINE,48.849688,2.387322
202000025673,3,10,2020,15,1,75,75103,2,3,1,6,RUE DU PARC ROYAL,48.858335,2.363854
202000025674,5,6,2020,0,5,69,69266,2,1,2,1,RAYMOND POINCARE    (Pont),45.78526,4.8602
202000025675,3,10,2020,14,1,75,75103,2,3,8,-1,PLACE DE LA REPUBLIQUE,48.86733,2.363329
202000025676,3,6,2020,12,2,69,69264,2,1,3,6,SAVIGNY JEAN-MICHEL,45.98218,4.71512
202000025677,2,10,2020,20,5,75,75101,2,3,2,3,RUE DU LOUVRE,48.863046,2.341877
202000025678,3,10,2020,17,1,94,94081,2,6,1,3,PRESIDENT SALVADOR ALLENDE (AV DU),48.79625,2.41648
202000025679,3,10,2020,10,1,94,94046,2,1,1,2,GENERAL LECLERC - CAR DE LA RESISTANCE (,48.81094,2.43183
202000025680,3,6,2020,5,1,68,68297,2,3,7,3,PAIX ( RUE DE LA ),47.57927,7.57204
202000025681,3,10,2020,9,1,94,94016,2,9,1,2,CAMILLE DESMOULINS (R),48.7928,2.33313
202000025682,4,6,2020,13,1,67,67482,2,1,8,3,COLMAR (AVENUE DE),48.56875,7.75309
202000025683,3,10,2020,10,1,94,94076,2,1,1,3,PARIS (AV DE),48.8011,2.3652
202000025684,4,6,2020,0,5,67,67482,2,1,1,6,SELESTAT (RUE DE),48.56481,7.76535
202000025685,3,10,2020,14,1,94,94041,2,1,1,6,GEORGES GOSNAT (AV),48.8114,2.38447
202000025686,3,10,2020,13,1,94,94071,2,1,1,5,VILLENEUVE (R DE),48.765648,2.510012
202000025687,3,10,2020,12,1,93,93070,2,2,1,1,CHARLES SCHMIDT(RUE) : APRES 49,48.90153,2.33489
202000025688,3,10,2020,5,5,93,93077,2,2,1,3,R DE LA FOSSE AUX BERGERS / RTE DE NOISY,48.8832,2.49714
202000025689,3,10,2020,16,1,93,93051,2,2,1,3,RU DE NESLE (BOULEVARD),48.84845,2.57844
202000025690,3,10,2020,16,1,93,93050,2,3,1,3,PAUL ET CAMILLE THOMOUX (RUE) COTE PAIR,48.8594276,2.5308775
202000025691,2,10,2020,9,1,93,93048,2,2,3,3,RAPATEL (RUE),48.85499,2.44299
202000025692,3,10,2020,17,1,93,93006,2,2,8,3,AV DU GAL LECLERC / AV HENRIETTE,48.86716,2.41891
202000025693,3,10,2020,17,1,92,92051,2,1,8,3,"BINEAU (BOULEVARD, N°133 A 217 ET 134 A",48.8894236,2.2728825
202000025694,2,10,2020,12,1,92,92050,2,1,1,3,JOLIOT CURIE F. ET IRENE AVENUE  N°PAIRS,48.8879375,2.2017074
202000025695,3,10,2020,14,1,92,92020,2,9,1,6,PARIS AVENUE DE N°84 A FIN,48.806868,2.293347
202000025696,3,10,2020,0,5,92,92049,2,1,2,7,ARNOUX AVENUE MAURICE AUTRES N°,48.81595,2.31133
202000025697,3,10,2020,11,1,92,92025,2,2,1,6,STALINGRAD (AV DE),48.9287895,2.2688798
202000025698,3,10,2020,3,5,92,92024,2,1,2,4,GENERAL ROGUET (RUE DU) DE (1 A 57)   (2,48.90552,2.31294
202000025699,2,10,2020,12,1,92,92019,2,1,8,2,DIVISION LECLERC (AVENUE DE LA),48.76835,2.2514
202000025700,3,10,2020,20,5,92,92012,2,6,2,2,EDOUARD VAILLANT (AVENUE) 57/FIN - 58/FI,48.833714,2.243741
202000025701,3,10,2020,19,2,92,92012,2,1,2,3,REINE (ROUTE DE LA) 1/37- 6/80,48.8388,2.25
202000025702,4,10,2020,15,1,12,12300,1,1,2,3,D 911,44.34156,2.043865
202000025703,4,10,2020,15,1,95,95313,2,1,1,6,RD 64,49.1081485,2.2338917
202000025704,2,10,2020,13,1,69,69132,1,1,3,7,D389,45.672461,4.400593
202000025705,29,9,2020,9,1,33,33327,2,2,1,6,2 Cours du Marechal Joffre,44.649558,-0.354259
202000025706,15,8,2020,16,1,77,77401,1,1,1,5,A4,49.009839,3.145469
202000025707,3,10,2020,13,1,974,97422,1,3,1,3,Chemin Geranium,-21.251267,55.545459
202000025708,4,10,2020,1,3,972,97222,1,1,2,2,Nationale 1,14.697789,-60.94172
202000025709,3,10,2020,20,5,86,86165,2,1,6,7,62 Route de Lussac,46.420105,0.85857
202000025710,1,10,2020,15,1,974,97414,2,2,1,3,188 Rue Saint Jean XXIII,-21.276403,55.415758
202000025711,3,10,2020,17,1,68,68043,2,1,1,6,17 Rue des Rossignols,47.850045,7.262768
202000025712,4,10,2020,12,1,08,08435,1,1,1,7,RN51,49.44211,4.280987
202000025713,4,10,2020,20,3,62,62582,1,3,6,3,D939,50.262148,2.885352
202000025714,4,10,2020,14,1,83,83096,1,1,1,6,RDN7,43.462611,5.805298
202000025715,3,10,2020,16,1,31,31157,2,1,3,7,Avenue de la Résistance,43.543688,1.344076
202000025716,4,10,2020,9,1,62,62773,1,1,3,6,Route de Boulogne,50.645515,1.727815
202000025717,15,8,2020,18,1,56,56022,1,1,1,3,Ménétavy,47.757502,-2.928715
202000025718,2,10,2020,7,2,80,80620,2,9,2,1,9 Avenue de l'Europe,49.938357,2.925764
202000025719,3,10,2020,18,1,65,65129,1,1,6,6,D929,43.30893,0.52184
202000025720,3,10,2020,13,1,61,61402,1,3,1,6,D51,48.693,-0.32105
202000025721,3,10,2020,17,1,41,41094,2,1,3,6,Rue de Fougères,47.434891,1.411928
202000025722,3,10,2020,19,1,25,25532,1,1,8,3,N57,47.206567,6.122582
202000025723,3,10,2020,20,3,44,44187,1,1,8,3,D78,47.197287,-2.076126
202000025724,3,10,2020,10,1,02,02313,1,1,1,1,D 462,49.902568,3.646045
202000025725,2,10,2020,7,2,58,58264,2,1,3,6,avenue du 11 novembre,46.791178,3.118272
202000025726,4,10,2020,5,3,14,14481,1,1,8,7,RD11,49.275099,-1.05413
202000025727,4,10,2020,16,1,60,60233,2,1,1,7,Chemin Bourdon,49.649553,1.840847
202000025728,3,10,2020,2,3,43,43200,1,1,2,6,D15,45.0276481,4.0919673
202000025729,4,10,2020,14,1,53,53103,1,1,1,7,D115,48.111558,-0.92062
202000025730,3,10,2020,20,3,53,53015,1,1,3,6,"RD 123, PK 8+700",48.188607,-0.861354
202000025731,2,10,2020,12,1,37,37047,1,1,8,1,Rue des Commailleres,47.502873,0.6824261
202000025732,27,9,2020,17,1,08,08327,2,1,1,7,23 Route du Triage,49.712376,4.776914
202000025733,3,10,2020,9,1,05,05162,1,1,2,6,A51,44.439135,6.029434
202000025734,2,10,2020,21,4,69,69112,1,9,3,3,A89 PK 538.000,45.823985,4.686377
202000025735,3,10,2020,23,3,06,06027,1,1,1,-1,Autoroute A8 - PK 180.900 Sud,43.658589,7.148795
202000025736,4,10,2020,12,1,14,14119,1,1,1,6,A13,49.168233,-0.261301
202000025737,3,10,2020,16,1,28,28367,1,1,8,6,A10 PK 71,48.147563,1.855874
202000025738,4,10,2020,3,3,988,98825,1,1,1,6,RT1,-21.27393,164.96953
202000025739,3,10,2020,18,3,976,97607,2,1,1,7,Ongojou,-12.837878,45.158613
202000025740,2,10,2020,19,3,971,97117,1,4,2,3,D114,16.314229,-61.364227
202000025741,4,10,2020,5,3,2B,2B029,1,1,1,6,D81,42.693634,9.374728
202000025742,3,10,2020,16,1,2A,2A114,2,1,1,1,D859,41.486206,9.12436
202000025743,4,10,2020,14,1,66,66230,1,1,1,2,La Llentilla,42.645718,2.51154
202000025744,3,10,2020,10,1,84,84103,1,1,2,6,D22,43.916011,5.46285
202000025745,4,10,2020,11,1,89,89080,1,1,2,7,La Chapelle-sur-Oreuse,48.268426,3.297315
202000025746,3,10,2020,9,1,52,52269,2,1,2,1,D283,47.869855,5.340128
202000025747,3,10,2020,19,2,38,38087,2,9,2,6,Chemin Laurent Devalors,45.57514,4.81164
202000025748,4,10,2020,2,3,22,22214,1,1,1,7,8 Keristan,48.720343,-3.014202
202000025749,2,10,2020,15,1,02,02684,2,9,2,3,Rue Edmond Dormoy,49.91944,4.123188
202000025750,3,10,2020,20,3,59,59586,1,9,1,3,2 Rue Haute Rue,50.517411,3.144321
202000025751,3,10,2020,5,5,13,13203,1,1,8,6,A557-Liaison A7 Marseille-A55 Marseille,43.33155,5.37703
202000025752,2,10,2020,15,1,13,13055,1,1,2,6,A507 sens Marseille - Aubagne,43.3385,5.37671
202000025753,3,10,2020,17,1,33,33063,1,1,3,6,ROCADE A 630,44.88389,-0.55835
202000025754,3,10,2020,10,1,33,33063,1,1,2,6,ROCADE A 630,44.88444,-0.55915
202000025755,3,10,2020,10,1,91,91617,1,1,1,-1,RN6 PROVINCE / RN104 INT,48.63516,2.53558
202000025756,3,10,2020,9,1,91,91471,1,1,2,2,RN 118,48.712,2.1843
202000025757,3,10,2020,7,1,91,91340,1,1,1,6,RN 104,48.6088,2.4352
202000025758,3,10,2020,3,3,91,91340,1,1,2,6,RN 104,48.608974,2.438315
202000025759,3,10,2020,9,1,92,92025,1,1,1,6,A86,48.9350045,2.2592929
202000025760,2,10,2020,20,3,78,78206,1,1,2,2,A13,48.9521,1.9418
202000025761,2,10,2020,19,5,78,78640,1,1,2,2,A86 INT,48.777654,2.221027
202000025762,2,10,2020,16,1,78,78126,1,1,2,3,A13,48.839939,2.116687
202000025763,3,10,2020,20,3,95,95151,1,1,2,2,RN 104,49.06347,2.27134
202000025764,2,10,2020,19,3,95,95394,1,1,2,6,RN 184,49.0507,2.18163
202000025765,15,4,2020,19,1,54,54395,2,1,1,6,MAILLARD (Rue Louis Camille),48.705932,6.153284
202000025766,12,2,2020,8,1,41,41269,2,1,1,6,FATON (RUE DU DOCTEUR),47.79449,1.0725
202000025767,15,4,2020,17,1,37,37261,2,1,1,7,LOUIS XI (BOULEVARD),47.3743044,0.6731637
202000025768,15,4,2020,7,1,26,26281,2,1,1,3,25 Rue Marie Curie,45.04423,5.08598
202000025769,15,4,2020,0,3,17,17028,1,1,1,6,RN137,46.1227,-1.1099
202000025770,14,4,2020,10,1,05,05061,2,6,1,3,VEYNES ( ROUTE DE ),44.5579045,6.0687958
202000025771,15,4,2020,11,1,75,75118,2,2,1,6,RUE ORDENER,48.891195,2.351622
202000025772,15,4,2020,10,1,75,75116,2,1,1,3,RUE DE L YVETTE,48.853563,2.266225
202000025773,15,4,2020,13,1,75,75109,2,1,1,6,RUE DU FAUBOURG POISSONNIERE,48.875205,2.348112
202000025774,15,4,2020,6,2,94,94078,2,1,1,6,VICTOR DURUY (R),48.72776,2.44777
202000025775,14,4,2020,12,1,94,94068,2,2,1,3,HENRI MARTIN (AV),48.798,2.488
202000025776,15,4,2020,20,5,93,93048,2,2,1,6,R DE PARIS / R DESIRE PREAUX,48.85725,2.43157
202000025777,15,4,2020,18,1,93,93008,2,3,1,3,R DE LA REPUBLIQUE / R ALBERT EINSTEIN,48.90705,2.42954
202000025778,15,4,2020,20,1,92,92049,2,3,1,6,BROSSOLETTE AVENUE PIERRE/ DORMOY AVENUE MARX N°102 A FIN,48.812007,2.300818
202000025779,15,4,2020,8,1,92,92025,2,2,1,3,VERDUN (RUE DE),48.9240124,2.252574
202000025780,9,4,2020,12,1,02,02765,2,9,1,3,D65,49.518841,3.554047
202000025781,13,3,2020,1,5,01,01244,2,3,1,3,17 Rue du Puits Volant,45.909225,5.194779
202000025782,15,4,2020,11,1,16,16136,1,1,1,6,Ld Les Plans,46.0073816,0.1677318
202000025783,15,4,2020,14,1,69,69277,1,9,1,-1,D147,45.721739,5.02367
202000025784,16,4,2020,9,1,63,63178,2,9,1,6,2 Boulevard Georges Hainl,45.54153,3.249344
202000025785,10,4,2020,17,1,61,61214,1,1,1,6,D13,48.776382,0.577775
202000025786,14,4,2020,18,1,47,47250,1,2,1,3,D8,44.289698,0.311834
202000025787,16,4,2020,8,1,44,44079,1,1,1,6,Le Moulin Guillet,47.2143505,-1.2899542
202000025788,15,3,2020,17,1,44,44115,2,1,1,2,RD 751C,47.345875,-1.285406
202000025789,16,4,2020,1,3,29,29152,2,1,1,6,Port de Carhaix,48.239888,-3.5994057
202000025790,15,4,2020,17,1,38,38416,2,1,1,1,Rue des Recollets,45.15677,5.32129
202000025791,16,4,2020,15,1,03,03280,1,1,1,6,,46.2115031,2.6125817
202000025792,15,4,2020,7,1,01,01183,2,3,1,3,212 Route de Thoissey,46.110701,4.780523
202000025793,16,4,2020,0,3,01,01022,2,3,1,6,1 Rue de la Côte d'Yon,45.8719047,5.6912267
202000025794,15,4,2020,7,1,26,26011,1,1,1,6,Route de Die,44.714351,5.0467952
202000025795,15,4,2020,19,2,64,64045,2,1,1,1,LARRONDOKO BIDEA,43.253768,-1.030977
202000025796,15,4,2020,9,1,37,37054,1,1,7,7,Avantigny,47.4745821,0.6632863
202000025797,15,4,2020,11,1,53,53046,1,3,1,3,D21,47.93727,-0.509132
202000025798,15,4,2020,21,3,66,66017,1,1,1,7,D83,42.796007,3.026613
202000025799,16,4,2020,11,1,38,38556,1,2,1,5,Chemin de la Sanne,45.36719,4.83712
202000025800,16,4,2020,4,5,79,79049,2,4,1,1,Boulevard du Marechal Foch,46.835965,-0.497968
202000025801,15,4,2020,10,1,72,72264,1,8,1,1,Lieu-dit L'asnière,47.844796,-0.378237
202000025802,15,4,2020,13,1,22,22272,2,6,1,7,44 Rue de la Métairie Neuve,48.560782,-3.129752
202000025803,16,4,2020,20,2,60,60612,2,1,1,6,Route de Saint-léonard,49.196043,2.567582
202000025804,14,4,2020,20,2,59,59350,1,1,1,2,ROUTE NATIONALE 356,50.618513,3.080925
202000025805,15,4,2020,18,1,92,92019,1,1,1,3,RN 385 INT,48.7718822,2.2433127
202000025806,15,4,2020,1,3,93,93053,1,1,1,6,AUTOROUTE A86,48.90119,2.46927
202000025807,29,1,2020,7,2,59,59378,1,1,1,6,ROUTE NATIONALE 356,50.657253,3.111465
202000025808,13,4,2020,19,3,988,98818,2,1,1,1,GERVOLINO (RUE ROGER),-22.26222,166.47178
202000025809,14,4,2020,14,1,973,97302,2,2,1,3,BASSIERE (LEON) CITE THEMIRE,4.9341755,-52.3204136