Num_Acc,jour,mois,an,hr,condition_eclairage,departement,commune,condition_agglomeration,intersection,condition_atmosphere,type_collision,adresse,lattitude,longitude
202000025810,14,4,2020,9,1,69,69387,2,3,1,3,DOMER                               (R ),45.74665,4.84414
202000025811,14,4,2020,4,3,95,95539,1,1,1,6,RD 301,49.00744,2.35398
202000025812,14,4,2020,10,1,91,91549,2,9,1,3,RD 117,48.62588,2.3421
202000025813,14,4,2020,15,1,91,91223,1,1,1,2,R.N.20,48.4407,2.17405
202000025814,8,4,2020,3,3,83,83034,1,1,1,6,ROUTE DE LA MOUTONNE,43.11334,6.05488
202000025815,14,4,2020,19,1,57,57487,2,1,1,1,VERDUN (RUE DE ),49.1073222,6.1070077
202000025816,13,4,2020,21,5,56,56121,2,6,1,2,KERVARIC (ROND POINT DE ),47.74796,-3.38847
202000025817,12,4,2020,10,1,56,56098,2,1,1,7,PEN MANE (RUE DE),47.75952,-3.32544
202000025818,9,4,2020,4,3,54,54149,1,1,1,6,D521,49.4373,5.9252
202000025819,8,4,2020,10,1,54,54323,2,1,1,1,MERCY (RUE),49.5284,5.7633
202000025820,14,4,2020,9,1,45,45169,2,1,1,6,71 Rue du Chateau d'Eau,47.926761,1.831524
202000025821,14,4,2020,8,1,45,45234,2,1,1,5,Avenue des Droits de l'Homme,47.9237291,1.9351703
202000025822,14,4,2020,20,5,37,37261,2,1,1,1,LAPONNERAYE (RUE),47.3831222,0.6894884
202000025823,10,4,2020,22,5,35,35238,2,1,1,7,31 Avenue Jean Janvier,48.106377,-1.672958
202000025824,14,4,2020,11,1,13,13206,2,2,1,3,PARADIS (RUE),43.2832,5.38109
202000025825,14,4,2020,9,1,06,06069,2,1,1,6,DE LATTRE DE TASSIGNY (AVENUE DU MARECHA,43.650139,6.922619
202000025826,14,4,2020,17,1,75,75114,2,1,1,3,PORTE D ORLEANS,48.819417,2.32829
202000025827,14,4,2020,19,1,75,75115,2,2,1,2,RUE DE LA CONVENTION,48.841098,2.287904
202000025828,13,4,2020,11,1,75,75112,2,3,1,6,RUE DE FECAMP,48.838187,2.399415
202000025829,14,4,2020,16,1,75,75111,2,1,1,6,CITE DES TROIS BORNES,48.866826,2.372127
202000025830,14,4,2020,14,1,75,75111,2,1,1,2,BOULEVARD DE MENILMONTANT,48.860238,2.388559
202000025831,14,4,2020,16,1,75,75110,2,2,1,3,RUE DES VINAIGRIERS,48.87317,2.361484
202000025832,14,4,2020,18,1,94,94081,2,1,1,6,GERMAIN PINSON (R),48.7963,2.3843
202000025833,14,4,2020,19,1,94,94017,2,1,1,6,MAURICE THOREZ (AV),48.81042,2.53677
202000025834,14,4,2020,17,1,93,93064,2,1,1,3,DE GAULLE (AV DU GENERAL) 58/49 - FIN,48.877702,2.479607
202000025835,11,4,2020,16,1,92,92063,2,3,1,2,GALLIENI (RUE),48.874798,2.200994
202000025836,14,4,2020,17,1,972,97222,2,1,1,1,Route de Chere Epice,14.695485,-60.970109
202000025837,14,4,2020,10,1,972,97229,2,1,1,3,Boulevard du General de Gaulle,14.608907,-61.092342
202000025838,15,4,2020,0,5,91,91553,2,1,1,6,Route de Maupertuis,48.630863,2.497061
202000025839,14,4,2020,17,1,46,46083,1,4,1,3,Cressensac-Sarrazac,45.009912,1.577059
202000025840,15,4,2020,13,1,60,60515,1,1,1,6,D36,49.4791955,2.5288068
202000025841,14,4,2020,17,1,16,16134,1,1,1,6,Ld Chantegrolle,45.8719062,0.6621208
202000025842,14,4,2020,8,1,87,87012,1,1,7,7,Route nationale 147,46.061488,1.115085
202000025843,14,4,2020,11,1,35,35352,2,6,1,3,Avenue de la Chalotais,48.045167,-1.604658
202000025844,10,4,2020,11,1,69,69115,1,1,1,6,A6,45.976267,4.734271
202000025845,14,4,2020,20,5,2A,2A300,1,1,1,7,T10,41.656517,9.3029585
202000025846,14,4,2020,17,1,14,14015,1,1,1,1,D79,49.249869,-0.40224
202000025847,14,4,2020,16,1,13,13202,1,1,1,7,TVPCD-Sens Les Ports vers Saint Victor,43.2940509,5.3639865
202000025848,9,4,2020,20,2,59,59646,1,1,1,6,AUTOROUTE A22,50.683346,3.112032
202000025849,13,4,2020,20,1,78,78217,1,9,1,7,A13,48.965759,1.809266
202000025850,14,4,2020,15,1,77,77372,1,1,1,2,A104,48.87561,2.668986
202000025851,13,4,2020,19,5,973,97302,2,1,1,3,MADELEINE (ROUTE DE LA),4.9335128,-52.3263681
202000025852,13,4,2020,14,1,69,69386,2,2,1,3,VIABERT (DE LA)                     (R ),45.7663769,4.8672259
202000025853,12,4,2020,11,1,45,45068,2,1,1,6,Rue Roger Salengro,48.01963,2.71527
202000025854,13,4,2020,21,3,07,07316,1,1,1,6,RHONE (CHEMIN DU),44.886064,4.854203
202000025855,13,4,2020,20,2,75,75120,2,1,1,6,RUE LOUIS LUMIERE,48.862207,2.41097
202000025856,13,4,2020,16,1,75,75119,2,2,1,3,AVENUE JEAN JAURES,48.882809,2.37028
202000025857,12,4,2020,11,1,75,75112,2,2,1,3,BOULEVARD PONIATOWSKI,48.831825,2.397662
202000025858,13,4,2020,19,1,93,93078,2,1,1,6,BD ROBERT BALLANGER,48.956281,2.541234
202000025859,13,4,2020,22,3,54,54070,1,1,1,6,D70,48.796617,6.350291
202000025860,14,4,2020,16,1,10,10290,1,1,1,7,D211,48.259331,3.653818
202000025861,14,4,2020,7,1,67,67445,2,3,7,1,14 Rue de la Gare,48.2879181,7.4276447
202000025862,14,4,2020,16,1,12,12267,1,1,7,1,D902,44.066224,2.51589
202000025863,14,4,2020,8,1,86,86226,2,1,7,6,Rue de Poitiers,46.558828,0.507697
202000025864,14,4,2020,6,3,974,97410,2,1,1,6,Route Nationale 2,-21.074139,55.739983
202000025865,14,4,2020,9,1,26,26333,2,1,1,7,Quai Sarrère,45.180363,4.813983
202000025866,14,4,2020,8,1,62,62123,1,1,1,6,D148,50.574039,1.822388
202000025867,14,4,2020,14,1,44,44069,1,2,1,1,Route de Cogea,47.344586,-2.352756
202000025868,12,4,2020,11,1,35,35243,1,1,1,7,La Basse Moriere,48.3615024,-1.2804077
202000025869,14,4,2020,14,1,03,03082,2,2,1,1,16 Rue de la République,46.2878708,2.7399411
202000025870,14,4,2020,16,1,03,03084,2,9,1,7,Route d’Herisson,46.4741217,2.8234217
202000025871,13,4,2020,21,3,01,01269,1,1,1,6,D1084,46.162634,5.596177
202000025872,14,4,2020,13,1,38,38351,1,1,1,5,D522,45.53591,5.2276
202000025873,9,4,2020,0,5,973,97312,2,1,1,3,Rue Léonel Dréan,5.3795824,-52.9578495
202000025874,13,4,2020,19,1,28,28355,2,1,1,6,89 Place des Tilleuls,48.856174,1.531289
202000025875,4,4,2020,11,1,83,83071,2,1,1,6,Avenue Albert Roux,43.137332,6.232869
202000025876,13,4,2020,15,1,33,33498,1,1,7,6,67 Route de Compostelle,44.586965,-0.775797
202000025877,13,4,2020,18,1,85,85129,1,1,1,6,Constantine,46.838563,-1.466932
202000025878,12,4,2020,17,5,974,97411,2,1,2,2,PITON (ROUTE DU BOIS DE NEFLES),-20.926,55.4736
202000025879,11,4,2020,9,1,974,97411,2,1,2,1,Route de Domenjod,-20.912273,55.506596
202000025880,12,4,2020,20,3,973,97302,1,1,1,7,MARINGOUINS (ROND-POINT),4.9075,-52.322
202000025881,12,4,2020,17,1,972,97213,2,1,1,7,MORNE PITAULT (ROUTE DE),14.6208,-60.9488
202000025882,11,4,2020,21,3,972,97209,1,1,1,6,RN9,14.61516,-61.04078
202000025883,12,4,2020,16,1,91,91174,2,1,-1,6,René Pierre (rue),48.5987,2.47632
202000025884,12,4,2020,17,1,83,83137,2,1,1,7,LAFONTAN (QUAI),43.11862,5.93596
202000025885,12,4,2020,10,1,60,60057,2,1,1,6,MONTIER (RUE DU),49.4313393,2.1081884
202000025886,11,4,2020,20,1,44,44109,1,1,1,7,PONT DE CHEVIRE,47.19324,-1.61364
202000025887,8,4,2020,20,3,35,35278,1,1,1,6,BERTAICHE  (11 LIEU DIT),48.16398,-1.68247
202000025888,12,4,2020,20,2,35,35238,1,9,1,7,RN 136 PORTE DE CLEUNAY,48.10099,-1.71452
202000025889,12,4,2020,14,1,30,30007,2,1,1,7,ROYALE (ROUTE DE LA ),44.144966,4.072685
202000025890,11,4,2020,9,1,29,29039,2,6,1,3,Rond Point de Keriolet,47.88839,-3.91887
202000025891,11,4,2020,17,1,14,14069,1,1,1,6,SAP (ROUTE DU),49.12885,0.247367
202000025892,12,4,2020,23,5,06,06069,2,1,1,6,PEGOMAS (ROUTE DE),43.642336,6.937899
202000025893,11,4,2020,21,5,75,75116,2,2,1,6,RUE DE LA POMPE,48.86396,2.277388
202000025894,12,4,2020,21,5,93,93070,2,2,1,3,AV MICHELET / R GODILLOT,48.9105,2.3441
202000025895,12,4,2020,18,1,95,95205,2,1,1,6,22 Rue Jean Jaurès,49.034604,2.372651
202000025896,11,4,2020,12,1,58,58086,1,1,1,7,Rue de Montchevreau,47.389859,2.939776
202000025897,12,4,2020,23,3,62,62439,2,1,1,6,Route de ventu,50.798056,1.875862
202000025898,12,4,2020,16,1,62,62859,2,2,1,3,22 Rue de Wavans,50.228931,2.209239
202000025899,12,4,2020,21,5,47,47106,2,1,1,6,90 Avenue Gambetta,44.497117,0.989517
202000025900,12,4,2020,9,1,01,01258,1,1,1,6,1 Route de Francheleins,46.096801,4.77378
202000025901,12,4,2020,21,3,50,50425,1,1,1,7,23 Hameau Delay,49.529122,-1.652718
202000025902,12,4,2020,20,2,28,28147,1,1,1,1,D23,48.535615,1.240752
202000025903,12,4,2020,15,1,17,17463,1,1,1,7,Chemin de l'Aire de Loisirs,45.973531,-0.98922
202000025904,13,4,2020,10,1,84,84054,2,1,1,6,Route de Robion,43.913252,5.053314
202000025905,9,4,2020,21,3,35,35089,1,2,1,3,le pas RD 163,47.8820726,-1.4942728
202000025906,12,4,2020,9,1,13,13005,1,1,1,7,A50-Sens Marseille vers Aubagne,43.2890685,5.5596029
202000025907,12,4,2020,0,3,33,33075,1,1,1,2,ROCADE A 630,44.88689,-0.62101
202000025908,12,4,2020,4,3,91,91286,1,1,1,6,AUTOROUTE A6,48.657684,2.376288
202000025909,11,4,2020,17,1,988,98818,2,3,1,5,RUE PELATAN/RUE AMPERE,-22.23099,166.44964
202000025910,9,4,2020,2,5,972,97213,1,1,1,6,VIEUX CHEMIN CALIFORNIE (RUE DU),14.6225,-61.02388
202000025911,10,4,2020,19,5,972,97209,1,1,1,3,REDOUTE (ROUTE DE LA),14.6187,-61.0609
202000025912,10,4,2020,21,5,91,91201,2,3,1,6,PIERRE BROSSOLETTE (RUE),48.6793,2.41275
202000025913,10,4,2020,17,1,77,77294,1,3,1,6,D9,48.9843408,2.6229858
202000025914,11,4,2020,15,1,37,37261,2,1,1,6,DE GAULLE (AVENUE DU GENERAL),47.3817806,0.7045778
202000025915,10,4,2020,17,1,34,34172,2,8,1,2,MOULINS (AVENUE DES,43.63053,3.84177
202000025916,10,4,2020,21,5,75,75111,2,3,1,2,AVENUE PARMENTIER,48.860648,2.378328
202000025917,10,4,2020,21,5,75,75107,2,7,1,6,PLACE ANDRE TARDIEU,48.851427,2.314467
202000025918,11,4,2020,18,1,93,93032,2,1,1,6,R MOLIERE,48.8687866,2.5680114
202000025919,11,4,2020,15,1,92,92025,2,1,1,3,VALMY (BD DE),48.928773,2.254369
202000025920,11,4,2020,2,5,92,92023,2,6,1,7,VILLACOUBLAY (AVENUE DE),48.784397,2.234691
202000025921,11,4,2020,18,1,28,28196,1,1,1,7,Vallière,48.28134,1.251599
202000025922,11,4,2020,15,1,972,97223,1,1,1,6,1001 Chemin de Vieille Citerne,14.549929,-60.899813
202000025923,11,4,2020,17,1,78,78104,1,9,1,6,Chemin de l'Epine,48.950792,1.718481
202000025924,11,4,2020,19,1,10,10416,1,3,1,7,D85,48.202846,4.104
202000025925,12,4,2020,13,1,49,49244,1,1,1,6,D151,47.341731,-0.869293
202000025926,12,4,2020,1,4,77,77529,2,1,1,7,Rue de Villiers,48.849616,2.895021
202000025927,11,4,2020,9,1,78,78442,2,2,1,3,2 Rue des Soupirs,48.81542,1.899943
202000025928,12,4,2020,3,3,38,38412,1,1,1,1,RD520,45.38303,5.70953
202000025929,12,4,2020,2,3,26,26197,1,1,1,6,Avenue de Provence,44.94116,5.028627
202000025930,10,4,2020,21,3,59,59308,1,2,1,3,La Longue Croix,50.752744,2.474314
202000025931,11,4,2020,14,1,92,92050,1,1,1,7,A14,48.9012352,2.2056274
202000025932,11,4,2020,16,1,93,93027,1,1,1,6,BDL,48.9271,2.40347
202000025933,10,4,2020,22,5,93,93066,1,1,1,6,AUTOROUTE A1,48.92811,2.35803
202000025934,10,4,2020,17,1,94,94052,1,1,1,2,A4,48.82696,2.46818
202000025935,10,4,2020,6,1,988,98818,2,2,1,3,ECHANGEUR BONAPARTE,-22.2420783,166.4574211
202000025936,11,4,2020,3,5,974,97407,1,1,1,6,ROUTE NATIONALE N° 1,-20.9555,55.31199
202000025937,10,4,2020,18,2,973,97302,2,1,1,-1,ILET MALOUIN,4.9294135,-52.3327571
202000025938,10,4,2020,8,1,973,97302,2,2,1,3,LALLOUETTE(RUE),4.9394973,-52.3343664
202000025939,9,4,2020,11,1,973,97302,2,9,1,3,RABAN (ROUTE DE),4.9234529,-52.3125137
202000025940,10,4,2020,15,1,972,97209,2,1,1,1,CHATEAUBOEUF (ROUTE DE),14.6195,-61.0438
202000025941,10,4,2020,15,1,91,91692,2,6,1,3,DORDOGNE (AVENUE DE),48.67655,2.16695
202000025942,9,4,2020,17,1,78,78335,1,1,1,1,RD983,48.985,1.72787
202000025943,9,4,2020,23,5,76,76319,1,1,1,7,ESSARTS. RUE DES (CD 13),49.3382604,1.014042
202000025944,9,4,2020,15,1,64,64122,2,1,1,6,16 Avenue Henri Haget,43.481119,-1.537627
202000025945,10,4,2020,10,1,59,59648,2,2,1,3,14 JUILLET AVENUE DU,50.58481,3.04329
202000025946,10,4,2020,15,1,56,56260,2,1,1,1,CHARCOT(RUE DU COMMANDANT),47.651,-2.7829
202000025947,9,4,2020,13,1,56,56098,2,6,1,3,LE COUTALLER (RUE  JEAN ),47.75975,-3.33095
202000025948,10,4,2020,14,1,45,45234,2,1,1,1,Boulevard de Verdun,47.90697,1.9039
202000025949,10,4,2020,23,5,38,38421,1,1,1,6,Boulevard Dulcie September,45.1666,5.7575
202000025950,10,4,2020,17,1,35,35051,1,1,1,-1,Rocade 17-2,48.13726,-1.57757
202000025951,10,4,2020,20,5,34,34172,2,1,1,1,FIGAIRASSE (RUE DE LA),43.60425,3.85802
202000025952,10,4,2020,21,5,33,33063,2,1,1,6,Cours Saint Louis,44.85802,-0.56992
202000025953,9,4,2020,19,2,31,31555,1,1,1,6,VA007331 A620,43.5755838,1.4414885
202000025954,9,4,2020,14,1,31,31149,2,3,1,3,CHE DEL PEY,43.60387,1.31384
202000025955,18,12,2020,11,1,72,72054,1,6,1,3,Saint Hubert des Rochers,48.007611,0.338173
202000025956,17,12,2020,17,5,06,06010,2,1,9,3,630 Avenue Amiral de Grasse,43.698435,6.986053
202000025957,18,12,2020,1,3,14,14576,1,1,1,6,579,48.964836,0.170674
202000025958,17,12,2020,12,1,64,64259,1,1,8,1,CD 22 - PK39.100 CROISSANT,43.28443,-1.237029
202000025959,18,12,2020,18,3,64,64371,1,1,1,1,Départementale 11,43.232212,-0.87779
202000025960,17,12,2020,17,3,18,18124,1,1,1,2,D20,47.09575,2.09208
202000025961,18,12,2020,7,3,10,10194,1,1,1,6,"La Fringale, D384",48.296956,4.727983
202000025962,17,12,2020,17,5,07,07319,2,1,3,6,33 Boulevard Jean JAURES,44.548368,4.68157
202000025963,18,12,2020,8,5,85,85047,2,1,8,6,Route de Cholet,46.848467,-1.872396
202000025964,6,12,2020,2,3,28,28236,2,1,2,2,D110.8,48.324451,0.831965
202000025965,18,12,2020,17,5,48,48080,2,1,2,6,Avenue Jean Jaurès,44.7289,3.859232
202000025966,18,12,2020,10,1,10,10380,1,1,1,7,A26,48.514703,4.174299
202000025967,18,12,2020,15,1,38,38545,1,1,1,2,A51,45.05333,5.68619
202000025968,16,12,2020,6,3,40,40291,1,1,1,4,Autoroute 63 - PR 148+700 N/S,43.662097,-1.326299
202000025969,18,12,2020,14,1,49,49323,2,2,1,3,Rue de la Bataillère,47.519606,-0.436111
202000025970,17,12,2020,20,3,88,88390,1,1,5,2,A31 - P 161+350 sens DIJON - NANCY,48.1401365,5.6816483
202000025971,17,12,2020,20,5,06,06085,1,1,1,1,Chemin de Carimail,43.575471,6.977649
202000025972,8,11,2020,11,1,69,69112,1,9,2,-1,A89 pk 538.200,45.823753,4.686517
202000025973,16,12,2020,19,3,987,98724,1,1,1,1,RT 111 District de PAREA au niveau du magasin HINE,-16.727384,-151.01125
202000025974,17,12,2020,18,5,988,98817,2,6,1,7,rond point du collège de Plum,-22.27619,166.636934
202000025975,18,12,2020,17,1,974,97418,1,1,1,2,Route Nationale 2,-20.897867,55.576658
202000025976,17,12,2020,19,3,973,97311,1,1,2,7,PK9,5.4297436,-54.0401173
202000025977,19,11,2020,7,1,971,97117,1,2,1,3,Route de Bellevue,16.326912,-61.366249
202000025978,18,12,2020,15,1,978,97801,1,1,1,1,RN7 - Friar's Bay,18.080672,-63.074505
202000025979,17,12,2020,10,1,41,41206,1,1,8,1,D50,47.634974,1.358099
202000025980,18,12,2020,17,3,77,77328,1,1,1,7,D152,48.305114,2.437334
202000025981,18,12,2020,14,1,95,95355,2,1,1,3,6 Rue Eugène Blouin,49.154791,1.791072
202000025982,17,12,2020,19,5,91,91136,2,1,8,1,112 Route de Versailles,48.70445,2.279906
202000025983,17,12,2020,11,1,66,66210,2,6,8,3,Rue des Freres Mach,42.628081,2.756753
202000025984,17,12,2020,12,1,34,34151,1,9,8,1,Saint Roman,43.613739,4.143498
202000025985,17,12,2020,10,1,34,34145,1,1,2,5,D61 Route de la Mer,43.677595,4.150718
202000025986,18,12,2020,18,5,13,13015,2,1,1,6,Avenue de Violesi,43.444148,5.397592
202000025987,18,12,2020,14,1,27,27439,1,1,1,1,Rue de l'Iton,49.06456,1.163864
202000025988,18,12,2020,15,1,62,62589,1,1,7,1,D341,50.349906,2.686193
202000025989,18,12,2020,11,1,59,59249,2,4,7,6,54 Rue Berthelot,50.017988,4.048065
202000025990,17,12,2020,16,1,13,13215,1,1,1,4,A7-Sens Marseille vers Lyon,43.35296,5.36548
202000025991,16,12,2020,18,5,13,13211,1,1,1,4,A50-Sens Marseille vers Aubagne,43.28693,5.43622
202000025992,16,12,2020,8,1,13,13055,1,1,1,4,A507 sens Marseille - Aubagne,43.2883775,5.4245492
202000025993,17,12,2020,8,1,83,83129,1,1,1,5,A50,43.12038,5.84492
202000025994,16,12,2020,8,1,33,33167,1,1,1,5,ROUTE NATIONALE 230,44.84582,-0.50239
202000025995,17,12,2020,8,2,91,91377,1,1,1,3,AUTOROUTE A10,48.72756,2.30396
202000025996,17,12,2020,9,1,94,94003,1,1,2,2,AUTOROUTE A6B,48.79903,2.34373
202000025997,17,12,2020,8,2,91,91432,1,1,8,4,AUTOROUTE A6,48.6937,2.3201
202000025998,17,12,2020,8,4,91,91136,1,1,1,6,AUTOROUTE A10,48.7129,2.2832
202000025999,16,12,2020,19,4,94,94021,1,1,1,4,AUTOROUTE A6A,48.76,2.3383
202000026000,16,12,2020,12,1,91,91589,1,1,1,5,AUTOROUTE A6,48.67741,2.33792
202000026001,16,12,2020,18,5,92,92026,1,1,1,2,RN1014 Y,48.8876452,2.2517413
202000026002,17,12,2020,8,1,92,92050,1,1,2,6,A86,48.9181388,2.2227647
202000026003,17,12,2020,8,5,93,93010,1,1,1,7,AUTOROUTE A3,48.89202,2.47319
202000026004,16,12,2020,18,4,95,95582,1,1,1,4, A15,48.96574,2.25929
202000026005,16,12,2020,18,3,95,95018,1,1,1,2, A15,48.95659,2.27708
202000026006,17,12,2020,18,5,75,75112,1,1,8,3,A4,48.82001,2.46
202000026007,26,7,2020,2,3,02,02738,1,1,2,6,CD1,49.66477,3.27234
202000026008,16,12,2020,17,1,974,97416,1,1,1,3,RN1 (ROUTE NATIONALE),-21.30216,55.42565
202000026009,16,12,2020,16,1,974,97411,2,1,1,3,Rue Maurice Tomi,-20.90765,55.50047
202000026010,16,12,2020,19,4,973,97302,2,9,1,2,FLAMBOYANTS (RUE DES),4.9236467,-52.319743
202000026011,16,12,2020,6,5,973,97302,2,1,1,6,MADELEINE (ROUTE DE LA),4.9366768,-52.3259497
202000026012,16,12,2020,17,5,69,69388,2,1,1,2,JEAN MERMOZ                         (AV),45.73395,4.87684
202000026013,16,12,2020,12,1,69,69383,2,1,1,3,MARIUS VIVIER MERLE                 (BD),45.75939,4.8583
202000026014,16,12,2020,6,5,69,69387,2,2,1,3,JEAN JAURES                         (AV),45.751594,4.84566
202000026015,13,12,2020,4,5,69,69387,2,1,1,7,GABRIEL PERI                        (PL),45.75515,4.84255
202000026016,16,12,2020,15,1,972,97213,1,1,1,4,ROUTE NATIONALE 5,14.5961052,-60.989399
202000026017,15,12,2020,17,1,972,97213,1,1,2,3,MORNE PITAULT (ROUTE DE),14.62503,-60.9761
202000026018,16,12,2020,9,1,972,97209,1,1,1,1,BALATA (ROUTE DE),14.62302,-61.07218
202000026019,16,12,2020,7,1,971,97101,1,9,1,3,ROUTE DE BOULIQUI,16.25261,-61.44476
202000026020,15,12,2020,22,5,91,91021,2,6,1,6,RTE DE LIMOURS,48.59877,2.24512
202000026021,12,12,2020,12,1,91,91021,2,6,1,7,AV DIVISION LECLERC,48.598,2.24561
202000026022,16,12,2020,11,1,91,91691,2,1,1,2,MARC SANGNIERI(RUE),48.71541,2.49018
202000026023,16,12,2020,5,3,91,91223,1,9,5,6,R.D.20,48.434427,2.169728
202000026024,11,12,2020,18,2,87,87085,2,3,2,3,LIBERATION (AVENUE DE LA),45.8334,1.25748
202000026025,15,12,2020,12,1,80,80021,2,1,1,3,MONTESQUIEU (RUE),49.9038,2.295064
202000026026,14,12,2020,17,3,80,80021,2,1,2,3,JULES BARNI (RUE),49.88539,2.32015
202000026027,30,11,2020,19,3,79,79191,2,2,1,3,130 Avenue de Nantes,46.34086,-0.48918
202000026028,15,12,2020,18,5,76,76540,2,1,1,2,CANADIENS. AVENUE DES,49.45891,1.12897
202000026029,16,12,2020,18,5,73,73065,2,6,1,1,MOTTE SERVOLEX (AVENUE DE LA),45.58188,5.88741
202000026030,15,12,2020,18,5,71,71040,2,1,3,6,MACON (ROUTE DE),46.6863598,4.3905374
202000026031,16,12,2020,17,2,71,71153,2,1,8,6,CHANZY (RUE DE),46.7952538,4.4426853
202000026032,3,12,2020,17,5,69,69013,2,1,2,4,JOUX (avenue de),46.01418,4.72534
202000026033,15,12,2020,17,5,69,69013,2,4,2,3,LONGSARD (route de),46.0134363,4.7075381
202000026034,14,12,2020,18,5,66,66136,2,1,1,3,LANGUEDOC (AVENUE DU CD 88),42.73469,2.89015
202000026035,14,12,2020,8,5,66,66037,2,1,1,4,Départementale  617,42.7063924,2.990325
202000026036,16,12,2020,17,5,64,64445,2,1,1,3,EMILE GARET,43.299,-0.36367
202000026037,15,12,2020,10,1,64,64024,2,9,1,3,BAYONNE (AVENUE DE),43.4815049,-1.5104089
202000026038,14,12,2020,12,1,64,64102,2,1,1,2,MARAIS (ROND POINT DES),43.49098,-1.49504
202000026039,15,12,2020,19,5,63,63075,2,1,1,6,ROYAT (AVENUE DE),45.771793,3.0596537
202000026040,15,12,2020,7,5,63,63113,2,4,1,6,LAFAYETTE (BD),45.7720326,3.0986513
202000026041,14,12,2020,6,5,63,63113,2,5,1,2,COTE BLATIN (BD),45.7693731,3.090911
202000026042,16,12,2020,22,3,59,59560,2,1,2,3,CD 925,50.54063,3.04199
202000026043,5,12,2020,12,1,58,58194,2,6,1,6,TREIZIEME DE LIGNE,46.99409,3.13638
202000026044,15,12,2020,17,4,56,56098,1,1,2,4,RN 165 bretelle échangeur,47.77837,-3.35191
202000026045,15,12,2020,9,1,56,56083,2,6,2,3,ALLENDE ( AV. PRES. SALVADOR ),47.81548,-3.24395
202000026046,14,12,2020,13,1,50,50129,2,2,1,3,POLLE (RUE DE LA),49.63911,-1.63793
202000026047,14,12,2020,8,2,49,49007,2,1,1,3,DESCAZEAUX BOULEVARD,47.47565,-0.56395
202000026048,15,12,2020,20,5,49,49007,2,1,1,7,KENNEDY PLACE,47.4692664,-0.5580658
202000026049,15,12,2020,17,1,49,49267,1,1,1,2,A87N,47.48642,-0.49761
202000026050,15,12,2020,15,1,49,49007,2,1,1,2,COUBERTIN BOULEVARD,47.4629,-0.5323
202000026051,15,12,2020,8,5,44,44184,2,6,8,6,FAURÉ (RUE GABRIEL),47.26996,-2.23904
202000026052,16,12,2020,17,5,42,42071,2,2,1,1,Route de Commelle,46.022154,4.0840347
202000026053,16,12,2020,16,1,42,42071,2,2,1,5,Boulevard des Etines,46.02167,4.09212
202000026054,15,12,2020,12,1,37,37195,2,1,1,-1,MELIES (RUE GEORGES),47.3897708,0.6550162
202000026055,16,12,2020,19,3,35,35055,2,3,1,3,LOGES (RUE DES),48.086393,-1.626656
202000026056,15,12,2020,16,1,33,33162,2,2,9,6,RUE DU 19 MARS 1962,44.87704,-0.64251
202000026057,1,12,2020,18,5,33,33063,2,2,1,3,RUE POMME D'OR,44.85469,-0.56983
202000026058,10,12,2020,17,5,33,33119,2,1,2,6,AVE ROGER SCHWOB,44.85512,-0.51859
202000026059,7,12,2020,8,2,33,33063,2,1,3,6,AVE MARCEL DASSAULT,44.87785,-0.57533
202000026060,16,12,2020,20,3,27,27681,1,1,1,7,D64E (voie nouvelle),49.07606,1.43776
202000026061,15,12,2020,16,1,17,17306,2,7,1,6,Place de la Gare,45.62595,-1.01782
202000026062,16,12,2020,18,5,17,17300,2,2,2,3,JOFFRE   BOULEVARD (79 et 18),46.15799,-1.14219
202000026063,9,12,2020,12,1,16,16015,2,1,1,6,Rue du Capitaine Favre,45.633758,0.165195
202000026064,16,12,2020,9,1,14,14271,2,1,1,2,RN814,49.13601,-0.3761
202000026065,16,12,2020,16,1,13,13209,2,1,1,1,SAINTE MARGUERITE (BOULEVARD),43.2623213,5.4134633
202000026066,16,12,2020,13,1,13,13203,2,3,1,3,ROGER SALENGRO (AVENUE),43.318939,5.367721
202000026067,16,12,2020,7,5,13,13215,2,3,1,6,VISTE (AVENUE DE LA),43.357552,5.357532
202000026068,15,12,2020,17,5,13,13208,2,1,1,3,HAMBOURG (BOULEVARD),43.25433,5.38249
202000026069,15,12,2020,19,5,13,13215,2,2,1,5,VISTE (AVENUE DE LA),43.36044,5.35751
202000026070,15,12,2020,18,3,13,13002,1,1,8,6,DES TERMES (ROUTE) RD 908,43.36772,5.52543
202000026071,15,12,2020,17,2,06,06027,2,1,1,3,NICE AVENUE DE (RN7),43.6561,7.15477
202000026072,16,12,2020,14,1,75,75106,2,2,1,3,RUE SAINT SULPICE,48.851477,2.33707
202000026073,16,12,2020,11,1,75,75105,2,2,1,2,RUE MONGE,48.844479,2.352404
202000026074,16,10,2020,13,1,75,75119,2,3,1,6,AVENUE DE FLANDRE,48.891135,2.377556
202000026075,16,12,2020,17,5,75,75116,2,2,1,6,AVENUE DU PRESIDENT WILSON,48.865107,2.298894
202000026076,15,12,2020,6,5,75,75116,2,3,2,6,RUE DE PASSY,48.85801,2.276868