Num_Acc,jour,mois,an,hr,condition_eclairage,departement,commune,condition_agglomeration,intersection,condition_atmosphere,type_collision,adresse,lattitude,longitude
202000026077,16,12,2020,19,5,75,75115,2,3,1,3,RUE DE VAUGIRARD,48.835966,2.293689
202000026078,16,12,2020,18,5,75,75115,2,2,1,6,RUE DE LA CONVENTION,48.842159,2.285545
202000026079,14,12,2020,18,5,75,75115,2,1,8,6,RUE DE LA CONVENTION,48.836622,2.298559
202000026080,16,12,2020,7,5,75,75114,2,1,1,3,AVENUE PAUL VAILLANT COUTURIER,48.816761,2.333971
202000026081,16,12,2020,19,5,75,75112,2,1,1,7,RUE TAINE,48.838704,2.393395
202000026082,16,12,2020,14,1,75,75111,2,1,1,3,BOULEVARD DE CHARONNE,48.854808,2.39553
202000026083,15,12,2020,11,1,75,75108,2,7,1,7,PLACE DE LA CONCORDE,48.866827,2.322117
202000026084,16,12,2020,8,1,75,75107,2,1,1,3,BOULEVARD DES INVALIDES,48.854673,2.31485
202000026085,16,12,2020,11,1,75,75103,2,1,1,7,RUE DE POITOU,48.861593,2.362691
202000026086,15,12,2020,17,5,75,75104,2,3,1,6,RUE DE RIVOLI,48.85522,2.361148
202000026087,15,12,2020,16,1,75,75102,2,7,1,3,BOULEVARD DES CAPUCINES,48.870611,2.332055
202000026088,16,12,2020,14,1,94,94058,2,1,1,3,PIERRE BROSSOLETTE (AV),48.8352026,2.4994637
202000026089,16,12,2020,17,5,94,94037,2,1,1,6,VICTOIRE DU HUIT MAI 1945 (PL DE LA),48.816501,2.351221
202000026090,16,12,2020,12,1,94,94076,2,1,1,7,CHEVILLY (R DE),48.78162,2.3557
202000026091,16,12,2020,13,1,94,94021,2,6,1,6,Avenue du Général de Gaulle,48.771564,2.34714
202000026092,16,12,2020,8,1,94,94038,2,1,8,2,JULES GRAVEREAUX (AV),48.777172,2.330732
202000026093,16,12,2020,6,5,94,94017,2,1,5,6,REPUBLIQUE (AV DE LA),48.8188,2.51145
202000026094,15,12,2020,9,1,94,94002,2,3,3,1,CARNOT (BD),48.79583,2.42594
202000026095,15,12,2020,13,1,93,93073,1,9,1,6,CHAPIT RE ( RUE DU),49.0034427,2.536768
202000026096,15,12,2020,11,1,93,93073,2,1,8,2,CHAPIT RE ( RUE DU),49.0035836,2.5367561
202000026097,15,12,2020,19,5,93,93001,2,1,1,6,ANATOLE FRANCE (BLD) PAIR,48.917,2.38187
202000026098,15,12,2020,19,3,93,93070,2,1,1,3,BD VICTOR-HUGO,48.909,2.32923
202000026099,15,12,2020,20,5,93,93066,2,9,1,3,MITERRAND FRANCOIS (AVENUE),48.9181772,2.3538922
202000026100,16,12,2020,11,1,93,93048,2,1,1,6,GABRIEL PERI (AVENUE),48.8573094,2.4406891
202000026101,16,12,2020,19,5,93,93074,2,3,1,3,BOUCHER RUE ALEXANDRE,48.9323883,2.5673384
202000026102,16,12,2020,18,5,93,93079,2,1,1,3,FREDERIC OZAMAN,48.9482061,2.3459738
202000026103,15,12,2020,19,5,93,93029,2,1,1,6,R D'ESTIENNE D'ORVES,48.92029,2.41902
202000026104,15,12,2020,7,5,93,93047,2,6,1,6,PL JEAN MERMOZ,48.9014,2.57
202000026105,16,12,2020,9,1,92,92072,2,6,8,3,GRANDE RUE,48.8253211,2.2159672
202000026106,2,12,2020,17,5,92,92063,2,1,1,6,GALLIENI (RUE),48.8723,2.2027
202000026107,16,12,2020,5,5,92,92036,2,1,5,7,PIERRE DE COUBERTIN (BOULEVARD) (G.SAND,48.9261166,2.2847948
202000026108,15,12,2020,21,5,92,92036,2,1,1,7,LOUIS ROCHE (AVENUE) (1/45),48.927287,2.3138406
202000026109,16,12,2020,18,5,92,92026,2,9,1,3,MARCEAU,48.8993947,2.2459347
202000026110,16,12,2020,15,1,92,92012,2,1,1,7,GALLIENI (RUE) 55/157 - 50/140,48.8367705,2.2415677
202000026111,16,12,2020,21,3,35,35126,1,3,1,2,Sainte Reine,47.953544,-1.779415
202000026112,17,12,2020,7,3,80,80547,1,1,1,1,D929,49.9900012,2.6083517
202000026113,16,12,2020,16,2,74,74101,1,1,5,1,A40,46.087318,5.937123
202000026114,15,12,2020,12,1,06,06161,2,3,1,3,1682 Route Departementale 6007,43.634959,7.133739
202000026115,16,12,2020,12,1,81,81286,2,1,1,7,route departementale 14,43.658162,2.031269
202000026116,16,12,2020,17,3,41,41256,1,1,1,2,A71 - PK 164+000 - Sens VIERZON/ORLÉANS,47.35419,2.050871
202000026117,16,12,2020,12,1,14,14543,1,1,1,6,N13,49.200647,-0.486791
202000026118,17,12,2020,18,3,71,71336,1,3,1,1,Route de Louhans,46.7065172,4.9677392
202000026119,17,12,2020,10,1,83,83018,1,1,1,1,"RD13, PR 53+500",43.358823,6.198177
202000026120,16,12,2020,18,3,51,51384,1,1,1,5,D951,48.962493,3.858401
202000026121,17,12,2020,8,3,56,56251,1,2,2,6,Kerboura,47.652351,-2.631269
202000026122,16,12,2020,14,1,80,80620,2,1,1,-1,Rue Dehaussy,49.931793,2.941326
202000026123,15,12,2020,21,5,80,80093,2,1,5,2,Rue Eugène Létocart,50.046061,2.150992
202000026124,16,12,2020,13,1,71,71378,1,2,1,3,D981- pk 3+300,46.8752329,4.7523834
202000026125,17,12,2020,7,3,61,61307,1,1,1,1,Lieu Dit les Burets,48.851938,0.256612
202000026126,17,12,2020,17,3,49,49304,1,1,1,1,D952,47.318389,-0.155654
202000026127,16,12,2020,9,1,39,39470,1,1,8,5,,46.48209,6.04571
202000026128,17,12,2020,7,3,25,25196,1,1,5,5,D480,47.488081,6.901093
202000026129,16,12,2020,9,1,35,35105,1,8,1,5,La Grande Raveniere,48.111937,-1.124939
202000026130,17,12,2020,8,2,29,29075,2,3,1,6,41 Rue Amiral Guépratte,48.4343545,-4.3978734
202000026131,17,12,2020,15,1,01,01304,2,3,2,3,Avenue de l'Oiselon,46.046165,5.337816
202000026132,16,12,2020,18,5,72,72180,2,9,2,3,Rue du Docteur Godard,48.350699,0.368358
202000026133,17,12,2020,15,1,50,50003,1,3,1,3,Rue de la Mare à Jorre,49.060377,-1.597894
202000026134,17,12,2020,9,1,50,50615,2,1,1,6,Boulevard Felix Buhot,49.51017,-1.474469
202000026135,16,12,2020,18,3,73,73229,1,1,1,5,D1006 Route de Chambéry,45.4545071,5.771368
202000026136,17,12,2020,15,2,53,53266,1,1,1,2,La Nivelaie,48.295414,-0.28676
202000026137,16,12,2020,17,3,28,28199,1,3,1,1,D927,48.209599,1.861014
202000026138,17,12,2020,19,5,88,88081,2,3,1,1,18 Rue d'Alsace,47.886436,6.856863
202000026139,16,12,2020,12,1,06,06088,1,1,8,-1,A8 pk 185+400 NORD,43.668566,7.198437
202000026140,15,12,2020,22,3,86,86174,1,9,1,6,autoroute 10,46.77533,0.49194
202000026141,14,12,2020,15,1,987,98748,1,1,1,6,PK 2+700,-17.827213,-149.242395
202000026142,16,12,2020,15,1,971,97116,1,1,1,6,Rue du Moule,16.323084,-61.41542
202000026143,16,12,2020,18,3,45,45191,1,1,8,6,D24 - PK 4 + 500,48.294579,2.33776
202000026144,17,12,2020,14,1,78,78478,1,1,1,7,Route Nationale 191,48.475616,1.853798
202000026145,17,12,2020,8,1,2B,2B042,2,3,7,6,Avenue de Borgo,42.563532,9.441059
202000026146,17,12,2020,18,3,34,34024,1,1,1,1,D600,43.461345,3.693627
202000026147,17,12,2020,12,1,88,88084,1,1,8,7,RD 09,48.398437,6.281948
202000026148,16,12,2020,18,5,74,74007,2,3,5,1,Rte de Cornier,46.077819,6.324906
202000026149,17,12,2020,7,2,26,26119,2,1,1,6,645 Route Nationale 7,45.118533,4.821167
202000026150,16,1,2020,13,1,80,80021,1,2,1,3,QUATRE LEMAIRE (RUE DES),49.8816,2.275
202000026151,16,1,2020,12,1,80,80164,1,1,1,1,CROISETTES (RUE DES ),49.91883,2.368
202000026152,17,1,2020,8,1,77,77487,2,6,2,3,SAINT JUST (AVENUE) - RD82E2,48.53421,2.6839
202000026153,16,1,2020,19,4,76,76165,2,1,1,-1,CHENNEVIERE. RUE,49.28991,1.02625
202000026154,16,1,2020,18,5,76,76351,2,1,1,-1,FRISSARD (QUAI),49.49038,0.12756
202000026155,17,1,2020,21,5,74,74012,2,1,2,6,FAUCIGNY (RUE DU),46.1942,6.23933
202000026156,16,1,2020,21,5,72,72181,2,1,1,2,LEFAUCHEUX PIERRE (BD),47.9709417,0.1745099
202000026157,16,1,2020,19,4,66,66136,1,1,1,-1,Départementale 914,42.664518,2.906125
202000026158,17,1,2020,18,5,64,64445,2,1,2,3,LUCIEN FAVRE,43.3189,-0.3612
202000026159,17,1,2020,8,2,64,64348,2,1,1,3,NORD SUD VOIE,43.33626,-0.38484
202000026160,16,1,2020,16,1,64,64284,2,3,7,3,GENERAL LECLERC DU,43.28793,-0.38987
202000026161,16,1,2020,8,1,64,64024,2,3,1,3,BIARRITZ (AVENUE DE),43.4811,-1.53337
202000026162,17,1,2020,7,4,59,59271,2,1,2,6,BABEUF,50.999382,2.3055296
202000026163,16,1,2020,18,5,56,56162,2,3,3,6,DE GAULLE (BD DU GENERAL),47.73402,-3.42054
202000026164,16,1,2020,13,1,54,54395,2,2,1,5,POINCARE (RUE RAYMOND 1-29-2-30),48.6893987,6.1697372
202000026165,16,1,2020,15,1,54,54395,2,1,1,1,FOLLER (RUE),48.6864488,6.1940186
202000026166,15,1,2020,18,5,50,50129,2,2,2,6,BRIAND (AVENUE),49.63953,-1.61625
202000026167,16,1,2020,11,1,50,50173,2,6,1,3,BRECOURT (rond point de ),49.65361,-1.67631
202000026168,13,1,2020,18,5,50,50203,1,3,2,2,de la Banque à Genets (Avenue),49.61053,-1.61698
202000026169,17,1,2020,16,1,45,45298,2,1,1,6,AV DU TRAITE DE ROME,47.8816,1.86467
202000026170,16,1,2020,11,1,45,45068,2,1,1,6,AV JEAN JAURES,48.012864,2.735814
202000026171,18,1,2020,0,5,37,37261,2,2,1,1,REPUBLIQUE (AVENUE DE LA),47.4113079,0.6913081
202000026172,17,1,2020,22,5,37,37122,2,1,1,2,BORDEAUX (AVENUE DE),47.3559738,0.6986179
202000026173,16,1,2020,14,1,37,37261,2,2,1,6,SEMARD (RUE PIERRE),47.3867944,0.7083877
202000026174,17,1,2020,14,1,34,34172,2,2,1,6,VANIERES (AVENUE DE),43.5966128,3.8449144
202000026175,17,1,2020,22,5,33,33550,2,2,1,1,RUE PIERRE CURIE / RUE RAYMOND POINCARE / RUE CLAUDE DEBUSSY,44.76193,-0.57073
202000026176,17,1,2020,20,5,33,33039,2,2,2,2,RUE PIERRE ET MARIE CURIE / AVE LUCIEN LEROUSSEAU / PL DE LA LIBERTE,44.80777,-0.55381
202000026177,5,1,2020,13,1,33,33281,2,1,1,2,Avenue du Président John Fitzgerald Kennedy,44.83411,-0.66921
202000026178,17,1,2020,11,1,33,33192,2,2,2,6,CRS DU GENERAL DE GAULLE  / RUE DES ERABLES / PL BERNARD ROUMEGOUX,44.77391,-0.61329
202000026179,17,1,2020,8,1,33,33063,2,2,2,1,CRS DU RACCORDEMENT / CRS EDOUARD VAILLANT,44.86461,-0.56379
202000026180,17,1,2020,7,2,33,33281,2,6,2,3,AVE FRANCOIS MITTERRAND / AVE ROLAND GARROS / RUE DE LA PRINCESSE,44.8162,-0.68051
202000026181,5,1,2020,15,1,33,33281,2,6,1,1,AVE DE L'ALOUETTE / AVE DE KAOLACK,44.82493,-0.66285
202000026182,8,1,2020,16,1,33,33281,2,2,1,3,AVE MARCEL DASSAULT / Rocade  A630 (E10) (Entrée bretelle),44.84352,-0.67294
202000026183,7,1,2020,13,1,33,33039,2,1,1,6,Rue Ferdinand Buisson,44.79893,-0.55751
202000026184,17,1,2020,18,5,32,32013,2,1,2,2,AGEN (ROUTE D'),43.65986,0.59911
202000026185,17,1,2020,8,1,31,31555,2,1,1,4,RTE DE LAUNAGUET,43.64362,1.4391
202000026186,17,1,2020,7,4,31,31157,2,1,1,1,CHE DE VILLENOUVELLE,43.553,1.37464
202000026187,16,1,2020,19,3,31,31555,1,1,1,4,VA008482 A624,43.605105,1.396873
202000026188,16,1,2020,18,5,31,31555,2,1,1,-1,BILLIERES (AV ETIENNE) DU 1AU 78,43.59697,1.425664
202000026189,16,1,2020,6,2,30,30189,2,2,1,3,SAINTE ANNE (RUE),43.8344,4.3509
202000026190,16,1,2020,10,1,29,29019,2,3,1,1,Rue Voltaire,48.3846209,-4.48745
202000026191,11,1,2020,10,1,27,27375,2,1,1,2,ONZE NOVEMBRE 1918 (RUE DU),49.218201,1.166812
202000026192,13,1,2020,18,2,26,26198,2,1,1,6,TEIL (Avenue du),44.558301,4.742843
202000026193,16,1,2020,16,1,19,19031,2,1,1,2,ALVITRE (AVENUE ABBE),45.15178,1.5026
202000026194,17,1,2020,21,5,17,17300,2,1,2,7,EVANGILE   RUE BASTION DE L',46.164699,-1.159415
202000026195,17,1,2020,16,1,17,17299,2,1,2,2,DENFERT ROCHEREAU RUE,45.94031,-0.96546
202000026196,16,1,2020,10,1,15,15014,2,1,1,6,COLLET (ROUTE DU),44.910901,2.421173
202000026197,17,1,2020,22,5,14,14366,2,1,1,6,FOURNET (PLACE),49.14027,0.2272
202000026198,17,1,2020,13,1,14,14118,2,2,2,1,POINCARE (BOULEVARD RAYMOND),49.16338,-0.34909
202000026199,17,1,2020,20,3,13,13117,1,1,8,4,ROUTE NATIONALE 113 - CADESTEAUX,43.469533,5.23191
202000026200,17,1,2020,14,1,13,13102,2,3,2,3,MARECHAL JUIN (AV ),43.421376,5.2295187
202000026201,17,1,2020,19,3,13,13212,2,1,2,6,GAROUTTE (BOULEVARD),43.30595,5.41297
202000026202,17,1,2020,22,5,13,13211,2,1,1,6,SAINT LOUP (BOULEVARD DE),43.283878,5.435174
202000026203,17,1,2020,17,5,13,13209,2,1,2,6,MICHELET (BOULEVARD),43.2620343,5.3971249
202000026204,17,1,2020,14,1,13,13205,2,9,2,3,HORACE BERTIN (RUE),43.2959,5.39365
202000026205,12,1,2020,14,1,13,13215,2,1,1,4,HENRI BARNIER (BOULEVARD),43.3583,5.34285
202000026206,16,1,2020,18,5,13,13002,2,1,1,3,7 RMENT DE TIRAILLEURS ALGERIENS (AVENUE,43.337803,5.472476
202000026207,17,1,2020,8,1,13,13001,1,3,1,3,FERRINI FORTUNE (AV),43.487478,5.422981
202000026208,14,1,2020,11,1,12,12176,1,1,1,3,RN88,44.37337,2.58847
202000026209,16,1,2020,16,2,11,11069,2,1,1,7,COMTE AUGUSTE N° PAIRS,43.2054,2.3511
202000026210,16,1,2020,19,2,11,11069,2,1,1,7,COMTE AUGUSTE N° PAIRS,43.212177,2.371018
202000026211,17,1,2020,21,5,10,10333,2,1,1,6,CHARLES MORET (RUE),48.27863,4.06622
202000026212,15,1,2020,10,1,10,10387,2,1,7,6,Avenue Pasteur,48.300758,4.064689
202000026213,17,1,2020,21,5,06,06069,2,6,8,6,PROVENCE (AVENUE DE),43.656,6.9247
202000026214,17,1,2020,14,1,06,06069,2,6,2,3,PROVENCE (AVENUE DE),43.65612,6.92482
202000026215,17,1,2020,23,5,06,06004,1,1,2,5,,43.601903,7.079233
202000026216,16,1,2020,7,5,75,75117,2,2,1,3,BOULEVARD DE DOUAUMONT,48.8966753,2.3095669
202000026217,17,1,2020,8,2,75,75119,2,2,2,2,AVENUE DE FLANDRE,48.884473,2.368973
202000026218,17,1,2020,5,5,75,75119,2,2,2,3,RUE DE BELLEVILLE,48.875461,2.397924
202000026219,17,1,2020,20,5,75,75118,2,2,2,3,RUE VERSIGNY,48.8943243,2.3453531
202000026220,16,1,2020,19,5,75,75117,2,3,1,3,AVENUE DE CLICHY,48.888023,2.324616
202000026221,15,1,2020,12,1,75,75117,2,1,1,3,AVENUE DE VILLIERS,48.885268,2.2946881
202000026222,17,1,2020,9,1,75,75116,2,1,2,-1,CHAUSSEE LA MUETTE,48.858309,2.27152
202000026223,17,1,2020,7,3,75,75114,2,2,2,3,RUE CLAUDE GARAMOND,48.825448,2.302314
202000026224,16,1,2020,13,1,75,75115,2,2,1,3,RUE DE VAUGIRARD,48.841486,2.307941
202000026225,17,1,2020,15,1,75,75113,2,3,8,3,BOULEVARD ARAGO,48.836049,2.349533
202000026226,17,1,2020,19,5,75,75112,2,1,1,3,SOUTERRAIN QUAI DE BERCY,48.8313377,2.385039
202000026227,17,1,2020,1,5,75,75111,2,2,1,2,RUE DES TROIS BORNES,48.866876,2.373362
202000026228,17,1,2020,17,5,75,75108,2,3,1,6,RUE DE ROME,48.8739118,2.3260855
202000026229,17,1,2020,11,1,75,75108,2,2,1,3,PONT ALEXANDRE III,48.864674,2.313652
202000026230,17,1,2020,9,1,75,75108,2,1,1,7,AVENUE GEORGE V,48.868802,2.3011147
202000026231,16,1,2020,20,5,75,75101,2,1,1,7,PONT DES ARTS,48.859045,2.337875
202000026232,16,1,2020,13,1,75,75101,2,7,1,3,PLACE DES PYRAMIDES,48.8637888,2.3319812
202000026233,16,1,2020,13,1,75,75101,2,3,1,3,QUAI FRANCOIS MITTERRAND,48.860847,2.3301425
202000026234,16,1,2020,13,1,75,75102,2,5,1,6,RUE DANIELLE CASANOVA,48.8675058,2.3336601
202000026235,17,1,2020,9,1,94,94068,2,1,2,2,BEAUBOURG (QU),48.8130246,2.4795198
202000026236,16,1,2020,13,1,94,94068,2,2,1,3,GENERAL LECLERC (AV DU),48.80763,2.50589
202000026237,16,1,2020,13,1,94,94068,2,1,1,6,JEAN JAURES (AV),48.78769,2.48249
202000026238,16,1,2020,10,1,94,94068,2,2,1,3,BOURDIGNON (R),48.8038,2.47703
202000026239,16,1,2020,11,1,94,94041,2,1,1,6,SAINT JUST (R),48.809852,2.387531
202000026240,17,1,2020,19,5,94,94069,2,1,1,6,MOULIN DES CORBEAUX (ALL DU),48.81479,2.45677
202000026241,17,1,2020,13,1,94,94079,2,1,1,6,FRIEDBERG (BD DE),48.832,2.54214
202000026242,17,1,2020,8,2,94,94079,2,3,2,2,JEAN JAURES (R),48.8272318,2.5334591
202000026243,17,1,2020,20,5,94,94017,2,3,1,3,PLESSIS TREVISE (R DU),48.81144,2.55329
202000026244,17,1,2020,13,1,94,94048,1,1,1,3,R DU GUÉ,48.727589,2.542982
202000026245,17,1,2020,15,1,94,94002,2,3,1,7,EUROPE (PL DE L),48.7885,2.4287
202000026246,17,1,2020,16,1,93,93073,2,1,1,1,AV DU PARC,48.95275,2.57443
202000026247,17,1,2020,7,2,93,93072,2,1,2,2,ARISTIDE BRIAND (AVENUE) COTE DES N°1A87,48.96099,2.38141
202000026248,13,1,2020,16,1,93,93027,2,5,1,3,R NUNGESSER / R ANIZAN CAVILLON,48.9328,2.41272
202000026249,17,1,2020,10,1,93,93051,2,2,2,3,CHAPELLE,48.8307503,2.5728786
202000026250,17,1,2020,8,4,93,93051,2,1,3,6,GABRIEL PERI (AVENUE),48.8340878,2.5659364
202000026251,17,1,2020,6,4,93,93051,2,1,3,2,HAUTS CHATEAUX,48.8427885,2.5768438
202000026252,17,1,2020,14,1,93,93050,2,1,1,6,R LOUIS VANNINI,48.8663,2.52607
202000026253,17,1,2020,7,5,93,93046,2,2,2,3,AV WINSTON CHURCHILL / AV JEAN ZAY,48.91399,2.53648
202000026254,17,1,2020,21,5,93,93029,2,2,8,3,EDOUARD VAILLANT N° 99-FIN,48.9285,2.4305
202000026255,17,1,2020,7,5,93,93013,2,1,2,6,JAURES (AVENUE JEAN) DE 28 A 62,48.93133,2.42867
202000026256,17,1,2020,7,5,93,93057,2,1,2,2,214 à  236 AV ARISTIDE BRIAND,48.91012,2.5103
202000026257,17,1,2020,7,5,93,93001,2,1,2,7,PONT BLANC / R CHARLES TILLON,48.916518,2.392084
202000026258,14,1,2020,10,1,92,92064,2,7,1,2,GEORGES CLEMENCEAU,48.8414953,2.2218854
202000026259,16,1,2020,18,5,92,92063,2,1,1,6,RICHELIEU (BOULEVARD),48.87282,2.18262
202000026260,17,1,2020,8,2,92,92020,2,1,2,3,PARIS AVENUE DE N° IMPAIRS,48.80816,2.29571
202000026261,15,1,2020,20,5,92,92036,2,1,1,2,GENEAL DE GAULLE (AVENUE) (1/41),48.9344383,2.3204106
202000026262,15,1,2020,16,1,92,92036,2,1,1,6,INDUSTRIE (RUE DE L'),48.932045,2.3107445
202000026263,17,1,2020,15,1,92,92026,2,3,1,6,SAINT DENIS BD (120 A 174 / 199 A 315),48.9006627,2.2701896
202000026264,17,1,2020,8,1,92,92025,2,9,2,3,CHARLES DE GAULLE (BD),48.9185,2.22404
202000026265,17,1,2020,21,5,92,92002,2,1,1,3,ARISTIDE BRIAND (AVENUE),48.7541,2.3053
202000026266,18,1,2020,16,2,34,34225,1,1,1,3,D134,43.40342,3.034187
202000026267,18,1,2020,15,1,81,81139,1,1,1,6,D83,43.686744,2.15087
202000026268,17,1,2020,21,3,972,97222,1,1,1,2,Route nationale 1,14.695542,-60.941315
202000026269,17,1,2020,22,3,972,97202,1,1,1,6,Quartier Mapou,14.494389,-61.0755
202000026270,18,1,2020,14,1,11,11203,2,3,1,3,Avenue Maréchal gallieni,43.202776,2.765037
202000026271,17,1,2020,11,1,35,35235,1,1,1,6,608 Lieu Dit la Hairie,47.933259,-1.218452
202000026272,18,1,2020,2,3,71,71204,1,1,1,2,A6,46.8467004,4.8299986
202000026273,18,1,2020,3,3,14,14132,1,1,8,6,D204,49.3413446,-0.9799212
202000026274,1,1,2020,4,5,971,97109,2,1,1,1,Champfleury,15.9800025,-61.6807439
202000026275,16,1,2020,14,1,26,26333,2,1,1,3,RD 51,45.173362,4.824477
202000026276,18,1,2020,15,1,60,60203,1,2,1,3,D1324,49.2340676,2.8425032
202000026277,17,1,2020,13,1,2B,2B347,1,1,1,6,D243,42.179663,9.24283
202000026278,17,1,2020,11,1,83,83054,2,1,1,3,Avenue de la République,43.1657775,6.0427235
202000026279,17,1,2020,19,3,51,51278,1,1,1,3,D944,49.0687048,4.2952604
202000026280,18,1,2020,13,1,65,65258,1,1,1,6,Quartier des Barraques,43.143223,0.391945
202000026281,17,1,2020,15,1,81,81070,1,1,1,7,Chemin de l'Europe,43.80597,1.751884
202000026282,18,1,2020,15,1,12,12254,1,1,1,6,Route du pont de Coursavy,44.451149,2.475712
202000026283,18,1,2020,15,1,34,34300,1,1,1,7,D18,43.411558,3.326806
202000026284,17,1,2020,7,2,25,25328,1,1,1,1,N83,47.18785,5.966106
202000026285,17,1,2020,6,3,29,29015,1,1,2,1,D13 - Lieu-dit Menez Bihan,48.518011,-4.500651
202000026286,16,1,2020,21,3,03,03118,1,1,1,7,,46.0976174,3.1774794
202000026287,17,1,2020,19,5,01,01024,1,2,1,2,Route de Bourg,46.279684,5.164229
202000026288,18,1,2020,13,1,26,26126,1,1,1,6,D542,44.220953,5.583388
202000026289,17,1,2020,15,1,05,05098,2,1,4,-1,Pra Mouton,44.496766,6.554563
202000026290,18,1,2020,10,1,05,05170,1,1,9,2,route nationale 85,44.447324,6.032223
202000026291,18,1,2020,8,1,48,48092,1,1,9,6,D809,44.5773088,3.2856631
202000026292,18,1,2020,8,1,13,13050,2,9,7,6,Avenue d'Aix En Provence,43.648722,5.264884
202000026293,18,1,2020,9,1,988,98805,1,1,3,1,RT 1 - Mairie de Dumbéa,-22.166413,166.456016
202000026294,17,1,2020,16,1,18,18034,1,1,2,6,A71,46.700878,2.462397
202000026295,17,1,2020,13,1,971,97115,2,3,8,3,Route de Brefort,16.263334,-61.643883
202000026296,17,1,2020,18,3,10,10004,1,1,2,1,D10,48.57984,4.113022
202000026297,15,1,2020,18,5,01,01142,2,1,1,1,Rue de Genève,45.850655,5.07377
202000026298,17,1,2020,17,2,62,62170,2,1,1,2,43 Rue de la Colline,50.421355,2.658354
202000026299,17,1,2020,9,1,13,13055,1,1,1,4,A507 sens Aubagne- Marseille,43.3310327,5.3876113
202000026300,16,1,2020,14,1,13,13106,1,1,1,4,A7-Sens Lyon vers Marseille,43.3935,5.351
202000026301,16,1,2020,10,1,83,83035,1,1,1,6,A50,43.17871,5.76961
202000026302,12,1,2020,13,1,69,69266,1,1,1,2,RD 383   ,45.76521,4.9072
202000026303,17,1,2020,16,1,94,94038,1,1,1,4,AUTOROUTE A6A,48.7814,2.3467
202000026304,17,1,2020,9,1,94,94016,1,1,1,5,AUTOROUTE A6A,48.797,2.34431
202000026305,17,1,2020,8,5,94,94034,1,1,2,4,AUTOROUTE A86,48.7605718,2.3191917
202000026306,17,1,2020,6,5,94,94037,1,1,1,7,AUTOROUTE A6B,48.8144,2.3553
202000026307,17,1,2020,9,1,92,92063,1,1,8,2,A86,48.87118,2.15853
202000026308,17,1,2020,9,1,92,92036,1,1,2,7,A86,48.9353634,2.2852235
202000026309,17,1,2020,6,2,78,78640,1,1,2,1,A86 EXT,48.77939,2.194332
202000026310,16,1,2020,15,1,92,92047,1,1,1,6,A13,48.8357009,2.1809138
202000026311,16,1,2020,15,1,78,78140,1,1,1,4,A13,48.963713,1.926665
202000026312,16,1,2020,8,1,78,78490,1,1,1,5,RN12 EXT,48.801146,1.941588
202000026313,17,1,2020,20,3,93,93010,1,1,2,7,AUTOROUTE A3,48.90362,2.4714
202000026314,17,1,2020,17,1,93,93007,1,1,1,5,AUTOROUTE A3,48.94215,2.47817
202000026315,17,1,2020,11,1,93,93027,1,1,1,2,AUTOROUTE A86,48.92568,2.39793
202000026316,17,1,2020,11,1,93,93006,1,1,2,2,AUTOROUTE A3,48.86558,2.41883
202000026317,17,1,2020,8,1,95,95018,1,1,2,2,AUTOROUTE A15,48.95406,2.2788
202000026318,17,1,2020,5,3,92,92036,1,1,2,5,AUTOROUTE A15,48.9436474,2.2877566
202000026319,17,1,2020,0,3,93,93066,1,1,1,2,AUTOROUTE A1,48.92995,2.36417
202000026320,16,1,2020,18,3,95,95675,1,1,1,4, A1,49.05361,2.5485
202000026321,15,1,2020,13,1,93,93027,1,1,1,7,AUTOROUTE A86,48.92848,2.41629
202000026322,14,1,2020,19,5,94,94068,2,2,1,3,VASSAL (R),48.793,2.477
202000026323,16,1,2020,14,1,988,98818,2,1,1,7,RUE ARNOLD DALY,-22.28373,166.46792
202000026324,15,1,2020,9,1,974,97416,1,1,1,3,RN3 (1),-21.32721,55.48307
202000026325,16,1,2020,9,1,69,69387,2,2,1,6,MARSEILLE (DE)                      (R ),45.7507,4.8394
202000026326,15,1,2020,17,1,972,97209,1,1,8,1,ZOBDA QUITMAN (AVENUE),14.63037,-61.03973
202000026327,13,1,2020,5,4,972,97209,2,1,2,7,BISHOP (Avenue Maurice),14.60464,-61.06026
202000026328,16,1,2020,16,1,69,69382,2,1,1,2,TREMIE N°3,45.75033,4.82496
202000026329,16,1,2020,14,1,69,69384,2,2,1,6,HENRI GORJUS                        (R ),45.7796,4.8235
202000026330,12,1,2020,2,5,2B,2B037,1,6,1,6,TOUTES RUES,42.59412,9.4387
202000026331,16,1,2020,13,1,2B,2B033,1,1,1,5,ST FLORENT-ANCIENNE RT DE,42.68097,9.40099
202000026332,16,1,2020,16,1,95,95088,2,1,1,1,DUGNY (RUE DE),48.9735975,2.4310791
202000026333,16,1,2020,13,1,91,91027,2,1,1,2,MITTERAND (AVENUE FRANCOIS) N° 112 A 188,48.70602,2.37144
202000026334,11,1,2020,20,3,83,83069,2,1,1,1,DECUGIS (AVENUE ALFRED),43.11067,6.16891
202000026335,5,1,2020,12,1,83,83118,2,1,7,3,BOULEVARD DE LA BAUMETTE,43.4284347,6.8715459
202000026336,16,1,2020,7,2,81,81065,2,1,1,6,TOULOUSE RN 126 (RTE DE),43.593195,2.217
202000026337,15,1,2020,13,1,77,77251,2,6,1,-1,CORBEIL (AVENUE DE),48.6265495,2.5532061
202000026338,15,1,2020,8,5,76,76540,2,1,1,6,MONT RIBOUDET. AVENUE DU,49.44637,1.07089
202000026339,15,1,2020,9,1,76,76351,2,1,1,6,PIERRE FARCIS,49.51681,0.1011
202000026340,10,1,2020,12,1,76,76351,2,2,1,3,LOUIS BRINDEAU,49.49122,0.10336