Num_Acc,jour,mois,an,hr,condition_eclairage,departement,commune,condition_agglomeration,intersection,condition_atmosphere,type_collision,adresse,lattitude,longitude
202000026341,16,1,2020,17,1,71,71540,1,9,1,3,Route Centre à Centre,46.7453543,4.443349
202000026342,16,1,2020,12,1,69,69266,2,2,1,3,EMILE ZOLA     (Cours),45.7702298,4.8756688
202000026343,15,1,2020,11,1,69,69266,2,2,1,1,LEON BLUM      (Rue),45.76058,4.90552
202000026344,16,1,2020,17,2,69,69264,2,1,1,3,SAVIGNY JEAN-MICHEL,45.98195,4.71489
202000026345,15,1,2020,14,1,67,67482,2,1,1,3,ALTKIRCH (RUE D ),48.562039,7.77216
202000026346,15,1,2020,16,1,66,66136,2,1,1,3,TORCATIS (AVENUE LOUIS),42.70392,2.89059
202000026347,8,7,2020,2,3,49,49267,2,1,1,7,Route d'ANGERS,47.46858,-0.50713
202000026348,8,7,2020,18,1,45,45234,2,1,1,3,Rue du Faubourg de Bourgogne,47.9010575,1.9204845
202000026349,8,7,2020,11,1,45,45302,2,6,1,-1,D2020 PR 22 + 823,47.95695,1.89027
202000026350,25,5,2020,11,1,38,38185,2,1,1,6,Avenue Jean Perrot,45.18051,5.73508
202000026351,8,7,2020,12,1,37,37122,2,3,1,-1,CHANTEPIE (RUE DE),47.3482281,0.6534729
202000026352,6,7,2020,19,1,37,37261,2,1,1,-1,DANIEL MAYER,47.4188525,0.6989363
202000026353,8,7,2020,7,2,35,35238,2,1,1,1,ALMA (DE L'),48.10186,-1.67628
202000026354,8,7,2020,1,3,33,33522,2,1,1,5,PCE CHARLES DE GAULLE,44.79143,-0.58701
202000026355,8,7,2020,3,5,33,33009,2,3,1,7,Boulevard de la Plage,44.66267,-1.16372
202000026356,5,7,2020,19,1,33,33009,2,6,1,2,ABATILLES (AVE),44.64863,-1.18646
202000026357,6,6,2020,13,1,33,33009,2,7,8,6,GRACIA (PL. LUCIEN DE),44.66143,-1.1701
202000026358,7,7,2020,18,1,31,31555,2,1,1,3,296 Route de Seysses,43.57398,1.41966
202000026359,6,7,2020,17,1,29,29232,2,4,1,1,Rue Paul Borrossi,47.98751,-4.12666
202000026360,7,7,2020,11,1,27,27375,2,1,1,7,LECLERC (AVENUE DU ML),49.2080179,1.153486
202000026361,7,7,2020,18,2,18,18033,2,1,1,3,TURLY (RUE DE),47.0974,2.4134
202000026362,7,7,2020,22,5,14,14341,2,1,1,6,ECHANGEUR N° 12 ( IFS ),49.14768,-0.35424
202000026363,8,7,2020,18,1,13,13210,2,1,1,6,TIMONE (AVENUE DE LA),43.286923,5.411786
202000026364,8,7,2020,17,1,13,13203,2,1,1,6,DOCTEUR LÉON PERRIN (RUE),43.3141,5.3871
202000026365,8,7,2020,11,1,13,13210,2,1,1,3,FLORIAN ( ROND POINT),43.2833107,5.4270651
202000026366,7,7,2020,23,5,13,13216,2,9,1,1,LITTORAL (CHEMIN DU),43.3505917,5.3413515
202000026367,7,7,2020,13,1,13,13206,2,2,1,3,ITALIE (RUE D'),43.28956,5.38239
202000026368,7,7,2020,8,1,13,13210,2,2,1,3,FLORIAN (AVENUE),43.281641,5.427525
202000026369,7,7,2020,16,1,11,11262,2,1,1,2,CAP DE PLA (CHEMIN DE),43.18041,2.97219
202000026370,7,7,2020,20,1,11,11069,2,3,1,3,ETUDES -DES-,43.21342,2.34833
202000026371,8,7,2020,19,1,06,06069,1,1,1,-1,DRAGUIGNAN (ROUTE DE) - D2562-,43.644928,6.893808
202000026372,6,7,2020,19,1,06,06029,2,1,7,6,LEADER (BOULEVARD),43.54969,6.99379
202000026373,8,7,2020,10,1,01,01451,2,1,1,5,PARIS (ROUTE DE),46.219195,5.211481
202000026374,8,7,2020,11,1,75,75114,2,1,1,4,PORTE DE CHATILLON,48.82324,2.31165
202000026375,7,7,2020,12,1,75,75114,2,1,1,3,PORTE DE CHATILLON,48.823425,2.310274
202000026376,7,7,2020,9,1,75,75117,2,1,1,3,PORTE DE CLICHY,48.895158,2.30641
202000026377,8,7,2020,14,1,75,75104,2,3,1,6,AVENUE VICTORIA,48.856813,2.35106
202000026378,8,7,2020,7,1,75,75120,2,1,1,7,RUE DES COURONNES,48.87107,2.388612
202000026379,8,7,2020,11,1,75,75119,2,3,1,6,RUE COMPANS,48.877502,2.393842
202000026380,8,7,2020,11,1,75,75119,2,1,1,3,RUE MANIN,48.883525,2.389282
202000026381,7,7,2020,23,5,75,75117,2,3,1,2,AVENUE DE CLICHY,48.886748,2.325937
202000026382,7,7,2020,18,1,75,75117,2,2,1,1,RUE FOURCROY,48.880451,2.296452
202000026383,8,7,2020,21,1,75,75116,2,2,1,3,AVENUE DU PRESIDENT WILSON,48.865167,2.299846
202000026384,8,7,2020,16,1,75,75116,2,1,1,3,VOIE GEORGES POMPIDOU,48.856924,2.287281
202000026385,8,7,2020,15,1,75,75116,2,1,1,4,AVENUE DE NEW YORK,48.861682,2.29283
202000026386,8,7,2020,18,1,75,75116,2,7,1,3,AVENUE FOCH,48.873755,2.294104
202000026387,7,7,2020,22,5,75,75116,2,2,1,6,RUE DE L ASSOMPTION,48.854688,2.269354
202000026388,8,7,2020,14,1,75,75115,2,2,1,-1,RUE CAMBRONNE,48.842617,2.302706
202000026389,8,7,2020,12,1,75,75115,2,1,1,6,RUE JEAN FORMIGE,48.841773,2.297897
202000026390,8,7,2020,9,1,75,75115,2,7,1,-1,PLACE DES INSURGES DE VARSOVIE,48.827696,2.292265
202000026391,7,7,2020,21,1,75,75115,2,2,1,3,BOULEVARD DE GRENELLE,48.849144,2.298044
202000026392,6,7,2020,21,2,75,75115,2,2,1,3,BOULEVARD LEFEBVRE,48.828488,2.301382
202000026393,8,7,2020,12,1,75,75112,2,6,1,4,ROUTE DE LA PYRAMIDE,48.833858,2.445082
202000026394,8,7,2020,8,1,75,75112,2,2,1,3,RUE DE BERCY,48.845851,2.370836
202000026395,7,7,2020,23,5,75,75112,2,1,1,6,AVENUE DAUMESNIL,48.845016,2.380056
202000026396,8,7,2020,19,1,75,75108,2,1,7,6,BOULEVARD HAUSSMANN,48.874032,2.325332
202000026397,8,7,2020,19,1,75,75107,2,1,1,3,PONT DE L ALMA,48.863169,2.301738
202000026398,8,7,2020,12,1,94,94067,2,1,1,6,PARIS (av. de),48.845677,2.426094
202000026399,8,7,2020,0,5,94,94076,2,2,1,3,STALINGRAD (AV DE),48.78456,2.36723
202000026400,7,7,2020,21,1,94,94043,2,1,1,6,FONTAINEBLEAU (AV DE),48.81319,2.36125
202000026401,6,7,2020,8,1,94,94033,2,3,1,2,MOREAU DAVID (PL),48.84345,2.4658
202000026402,8,7,2020,20,1,94,94028,2,9,1,3,VERDUN.(AVENUE DE),48.79579,2.46335
202000026403,8,7,2020,17,1,94,94011,2,1,1,7,STAINS(ROUTE DE),48.778303,2.491305
202000026404,8,7,2020,20,2,94,94069,2,1,1,6,MOULIN DES CORBEAUX (ALL DU),48.81662,2.44241
202000026405,8,7,2020,19,1,93,93073,2,2,1,3,SALENGRO (AVENUE ROGER),48.94171,2.57239
202000026406,8,7,2020,20,1,93,93053,2,3,7,1,BREMENT (RUE DE) 109 A 235 - 110 A ...,48.88765,2.46351
202000026407,8,7,2020,9,1,93,93051,2,9,1,1,MONT D'EST (BD),48.8426418,2.5485471
202000026408,8,7,2020,10,1,93,93048,2,9,1,3,GABRIEL PERI (AVENUE),48.8570146,2.4422109
202000026409,8,7,2020,8,1,93,93046,2,5,1,1,GARE DE GARGAN AVENUE DE LA,48.9075807,2.5179112
202000026410,8,7,2020,9,1,93,93006,2,1,1,3,AV GAMBETTA,48.8726,2.4193
202000026411,8,7,2020,9,1,93,93001,1,1,1,6,JEAN MARIE TJIBAOU (QUAI),48.9166708,2.3712885
202000026412,7,7,2020,13,1,93,93001,2,1,1,2,HENRI BARBUSSE (RUE) => 95/102,48.90681,2.39002
202000026413,8,7,2020,19,1,92,92048,2,1,1,4,COLONEL MORAINE (ROUTE DU),48.794596,2.218684
202000026414,8,7,2020,15,1,92,92026,2,3,1,3,KILFORD,48.90188,2.25616
202000026415,7,7,2020,23,5,92,92024,2,1,1,7,OLAF PALME (RUE),48.9073622,2.3176405
202000026416,5,7,2020,18,1,92,92004,2,2,1,6,VOLTAIRE  ( PLACE ),48.91275,2.29628
202000026417,7,7,2020,9,1,974,97415,1,1,1,6,N1,-20.969069,55.298765
202000026418,8,7,2020,8,1,41,41262,1,1,1,6,93 Route de Bracieux,47.52429,1.480531
202000026419,9,7,2020,9,1,28,28088,2,6,1,6,6 Boulevard des Frères Bouliveau,48.084561,1.34503
202000026420,7,5,2020,19,3,972,97207,2,1,1,1,Lotissement Vaudrancourt - RN8,14.572182,-60.96513
202000026421,2,7,2020,4,2,67,67437,1,1,1,7,D41,48.7354052,7.3950574
202000026422,8,7,2020,14,1,35,35231,1,1,1,7,RN 137,47.884017,-1.689856
202000026423,9,7,2020,7,1,74,74272,1,3,1,3,31 Route de la Corbette,45.950247,6.044422
202000026424,8,7,2020,19,1,38,38373,2,1,1,1,D12,45.359737,5.55022
202000026425,8,7,2020,10,1,62,62198,1,1,2,2,D341,50.391393,2.618952
202000026426,7,7,2020,6,1,62,62610,1,1,1,1,D126,50.479845,1.770317
202000026427,5,7,2020,0,3,51,51662,1,1,1,7,A34,49.2964891,4.131295
202000026428,8,7,2020,17,1,19,19121,1,1,1,1,le grand pré,45.468453,1.422558
202000026429,9,7,2020,18,1,77,77452,1,2,1,1,D403,48.4758002,3.1459087
202000026430,8,7,2020,10,1,77,77101,1,1,1,3,D75,48.4023357,3.0967444
202000026431,8,7,2020,0,3,80,80442,1,1,1,7,D930,49.742689,3.012314
202000026432,5,7,2020,16,1,80,80058,1,1,1,1,D1029,49.8720499,2.6125935
202000026433,8,7,2020,20,1,82,82112,1,1,1,6,Route de Laujol,44.121002,1.102983
202000026434,7,7,2020,22,2,33,33236,1,1,1,1,Route Forestière du Truc Vert,44.705777,-1.245334
202000026435,8,7,2020,10,1,81,81145,2,1,7,6,Route des Barrières,43.860788,1.804869
202000026436,9,7,2020,1,5,32,32096,1,1,1,3,Boulevard Paul Daude,43.947141,-0.044337
202000026437,8,7,2020,17,1,68,68258,2,1,1,6,1 Impasse des Trois Roses,47.839322,7.311148
202000026438,8,7,2020,20,1,39,39407,1,1,7,6,,46.798275,5.624643
202000026439,8,7,2020,13,1,44,44072,1,6,7,2,Le Rhodoir,47.511657,-2.285816
202000026440,8,7,2020,23,3,38,38144,1,1,1,6,Les Biesses,45.604611,5.085039
202000026441,8,7,2020,18,1,38,38150,1,6,1,3,Rond point Jean Moulin,45.210196,5.831804
202000026442,8,7,2020,17,1,38,38229,2,3,1,3,23 Chemin du Vieux Chêne,45.208008,5.790006
202000026443,9,7,2020,20,1,03,03029,1,1,1,6,,46.2326359,3.432136
202000026444,9,7,2020,12,1,01,01034,2,1,1,6,4 Rue Sainte Marie,45.7595268,5.6921786
202000026445,4,7,2020,22,2,54,54208,1,1,1,6,D103,48.749274,5.919721
202000026446,9,7,2020,12,1,14,14316,1,1,1,5,Route départementale 27,49.255398,-0.061315
202000026447,8,7,2020,17,1,45,45040,1,3,1,3,D2007,47.592707,2.799969
202000026448,8,7,2020,23,3,64,64399,1,1,1,6,11 Chemin de Pau,43.365485,-0.356307
202000026449,9,7,2020,18,1,73,73151,1,2,7,3,D1006 / Rte du coteau de Torméry,45.5072894,6.0236449
202000026450,8,7,2020,23,5,40,40243,2,4,1,6,22 Rue de la Bruqueyre,43.92431,-0.920039
202000026451,8,7,2020,17,1,04,04209,1,3,1,3,RD 4085 / Ch de la Bousquette,44.217305,5.921271
202000026452,9,7,2020,0,3,04,04189,1,1,1,7,RD 952,43.776982,5.974116
202000026453,9,7,2020,7,1,17,17337,2,1,1,7,22 Rue des Dames,45.979062,-1.332065
202000026454,9,7,2020,1,3,30,30341,1,1,1,7,Route Départementale 58,43.6353717,4.3011626
202000026455,8,7,2020,11,1,30,30006,1,1,1,3,D6572,43.689055,4.189584
202000026456,9,7,2020,2,3,978,97801,1,3,1,3,RN7 Route de Griselle,18.091564,-63.029712
202000026457,9,7,2020,3,4,68,68297,1,1,1,2,autoroute A35,47.579196,7.556652
202000026458,2,7,2020,23,3,68,68195,1,1,1,5,A36,47.745795,7.269894
202000026459,9,7,2020,16,1,38,38289,1,4,1,3,Allemond,45.127986,6.045399
202000026460,9,7,2020,1,3,38,38257,1,9,1,2,A48,45.4835,5.39832
202000026461,9,7,2020,14,1,95,95250,2,9,1,3,RD922,49.097089,2.479198
202000026462,8,7,2020,9,1,38,38295,1,1,1,3,D52C,45.833744,5.331995
202000026463,5,7,2020,4,3,987,98714,1,1,3,1,RT 101 - FA'ATAHI,-16.495417,-151.738889
202000026464,8,7,2020,16,1,971,97116,1,4,1,1,Chemin de Brion Lebraire,16.32052,-61.460567
202000026465,9,7,2020,10,1,84,84019,2,1,1,-1,Avenue Jean moulin,44.290393,4.753266
202000026466,9,7,2020,17,1,06,06157,2,6,1,2,Route de Cagnes,43.700974,7.131608
202000026467,8,7,2020,17,1,06,06128,1,6,1,7,Route de Cagnes,43.686386,7.130245
202000026468,9,7,2020,17,1,71,71342,2,2,1,3,Route de Saint-yan,46.4505628,4.1104095
202000026469,9,7,2020,10,1,88,88095,2,1,1,6,19 Rue de Lorraine,48.302207,5.834993
202000026470,9,7,2020,17,1,57,57659,2,1,7,6,D603,49.203618,6.952849
202000026471,8,7,2020,20,2,73,73132,1,1,1,7,D218B Route des Saisies,45.7432612,6.571176
202000026472,8,7,2020,17,1,42,42299,2,1,1,1,Allée du Bicêtre,45.612409,4.079849
202000026473,3,7,2020,23,5,38,38298,2,1,1,2,Rue de la République,45.374919,4.798345
202000026474,8,7,2020,16,1,69,69151,2,9,1,3,D88,46.0628993,4.6014307
202000026475,9,7,2020,17,1,69,69094,2,3,1,2,Avenue Benoit Launay,45.743715,4.689912
202000026476,8,7,2020,18,1,69,69028,1,1,1,1,6 Chemin de la Gde Pierre,45.714855,4.693222
202000026477,9,7,2020,13,1,09,09280,1,1,1,3,Lieu Dit Matet de Maury,42.887702,1.488841
202000026478,7,7,2020,10,1,85,85035,1,1,1,2,Route de la Chaize,46.63111,-1.842517
202000026479,8,7,2020,20,1,59,59280,2,1,1,1,17 Allee des Bruyeres,50.2810357,3.0570504
202000026480,8,7,2020,8,1,13,13001,1,1,1,6,A51-Sens Aix en Provence vers Marseille,43.52469,5.4255
202000026481,4,7,2020,23,3,13,13215,1,1,1,2,A7-Sens Marseille vers Lyon,43.347831,5.371323
202000026482,7,7,2020,10,1,83,83027,1,1,1,7,A50,43.1965729,5.7617068
202000026483,5,7,2020,7,1,69,69199,1,1,1,3,RD 383  ,45.69371,4.8432
202000026484,19,5,2020,15,1,69,69259,1,1,1,2,BUS (RD301)  2.800 A 4.470,45.68143,4.88961
202000026485,5,7,2020,4,4,69,69297,1,1,1,2,A7   15.770 A 20.110,45.6061,4.8007
202000026486,8,7,2020,17,1,33,33075,1,1,1,4,ROCADE A 630,44.88144,-0.62496
202000026487,8,7,2020,17,1,91,91340,1,1,1,2,AUTOROUTE A6,48.6089369,2.4335667
202000026488,8,7,2020,13,1,91,91161,1,1,1,2,AUTOROUTE A6,48.6968,2.3158
202000026489,8,7,2020,10,1,91,91434,1,1,1,2,AUTOROUTE A6,48.6659,2.3622
202000026490,8,7,2020,1,5,91,91471,2,1,1,6,RN 118,48.69355,2.18181
202000026491,8,7,2020,9,1,78,78007,1,1,1,2,A13W,48.895282,2.007339
202000026492,7,7,2020,22,3,92,92036,1,1,1,6,RN315 Y,48.935,2.302
202000026493,8,7,2020,10,1,77,77175,1,1,1,6,RN104,48.670183,2.6117938
202000026494,8,7,2020,9,1,94,94079,1,1,1,2,A4,48.8352511,2.5387158
202000026495,8,7,2020,7,2,94,94073,1,1,1,2,A86 EXT,48.7609889,2.3826099
202000026496,7,7,2020,17,1,974,97416,2,1,2,3,PRESIDENT MITTERAND(AVENUE),-21.34691,55.48923
202000026497,6,7,2020,12,1,974,97416,1,1,2,6,BADAMIER(CHEMIN),-21.31408,55.45769
202000026498,7,7,2020,8,1,69,69386,2,1,1,2,BELGES (DES)                        (BD),45.7743788,4.8491051
202000026499,7,7,2020,19,3,972,97209,2,1,1,7,ESCALADE (RUE DE L'),14.6154817,-61.0698428
202000026500,7,7,2020,18,1,69,69081,2,2,1,1,SOURCES (DES)                           ,45.7887294,4.7858528
202000026501,7,7,2020,7,1,2A,2A004,2,1,1,3,MEZZAVIA ROUTE DE,41.9478495,8.7643899
202000026502,7,7,2020,13,1,91,91421,2,9,1,6,ZONE INDUSTRIELLE DU BAC D'ABLON,48.71685,2.43796
202000026503,24,6,2020,16,1,91,91691,2,1,1,6,GARE (RUE DE LA),48.70693,2.48498
202000026504,7,7,2020,12,1,87,87085,2,1,1,6,NAZARETH (RUE DE),45.82269,1.24825
202000026505,3,7,2020,15,1,87,87085,1,1,1,6,BEAUBREUIL (AVENUE DE),45.87634,1.30043
202000026506,5,7,2020,6,1,83,83126,1,1,1,6,CARMILLE ( AV DU GENERAL),43.09408,5.889
202000026507,6,7,2020,19,1,83,83009,1,1,1,1,BEAUSSET (ROUTE DU),43.15569,5.76402
202000026508,7,7,2020,14,1,83,83069,2,1,1,3,ALMANARRE (ROUTE DE L'),43.08475,6.11169
202000026509,7,7,2020,8,1,82,82121,2,6,7,3,boulevard d' Occitanie,44.04448,1.37891
202000026510,2,7,2020,19,1,78,78640,2,1,1,3,MORANE-SAULNIER (AVENUE),48.783569,2.214934
202000026511,2,7,2020,14,1,78,78586,2,2,1,6,MOLIERE,48.94157,2.16873
202000026512,6,7,2020,16,1,77,77445,2,7,1,6,DESPHELIPON (PLACE),48.58181,2.58332
202000026513,29,6,2020,18,1,74,74012,2,3,1,6,rue du beulet,46.19122,6.24309
202000026514,3,7,2020,17,1,74,74012,2,1,1,3,GENEVE (RUE DE),46.19274,6.22986
202000026515,6,7,2020,11,1,73,73065,1,2,1,3,D10 LANDIERS (AVENUE DES),45.5911967,5.9033932
202000026516,7,7,2020,16,1,71,71270,2,1,1,2,Rue de Flacé,46.3147057,4.8260721
202000026517,7,7,2020,22,5,69,69266,2,2,1,3,COLIN     (Rue),45.77473,4.87408
202000026518,7,7,2020,16,1,69,69266,2,2,1,1,ANTONIN PERRIN     (Rue),45.7581617,4.8851713
202000026519,4,7,2020,15,1,67,67482,2,1,1,1,BASSIN DE L ILL (QUAI DU),48.5961841,7.7709684
202000026520,4,7,2020,13,1,67,67218,2,1,1,3,STRASBOURG (AVENUE DE),48.546403,7.7390162
202000026521,7,7,2020,18,1,64,64348,2,1,1,4,14 Avenue des Martyrs du Pont-Long,43.3410311,-0.3798196
202000026522,7,7,2020,9,1,60,60057,2,1,1,6,MANDELA NELSON (AVENUE),49.43114,2.0714
202000026523,3,7,2020,16,1,59,59375,2,1,1,7,ELPRET(RUE),50.41015,3.29117
202000026524,30,6,2020,17,1,58,58194,2,1,1,3,CHAMP DE FOIRE (PLACE),46.9876,3.1659
202000026525,5,7,2020,16,1,56,56260,2,6,1,1,Route de Plescop RD779E,47.66708,-2.79574
202000026526,5,7,2020,16,1,54,54528,2,9,1,7,GEORGES CLEMENCEAU (AVENUE),48.679694,5.879101
202000026527,5,7,2020,16,1,54,54184,2,3,1,4,BRIGACHTAL (AVENUE DE),48.7029502,6.227962
202000026528,6,7,2020,12,1,50,50502,2,1,1,3,MARNE,49.11353,-1.09004
202000026529,3,7,2020,9,1,49,49007,2,1,1,6,BRISSET SQUARE,47.47466,-0.58386
202000026530,6,7,2020,16,1,49,49007,2,1,1,7,ROI RENE BOULEVARD,47.4695,-0.56083
202000026531,1,7,2020,9,1,44,44109,2,6,1,6,BOULEVARD DE LONGCHAMP,47.23834,-1.57037
202000026532,7,7,2020,18,1,38,38516,2,1,1,2,Boulevard de la Chantourne,45.19681,5.7506
202000026533,7,7,2020,16,1,37,37261,2,1,1,-1,SATIE (RUE ERIK),47.4334517,0.7018597
202000026534,6,7,2020,15,1,37,37261,2,9,1,3,EIFFEL (AVENUE GUSTAVE),47.427004,0.696854
202000026535,6,7,2020,10,1,37,37208,2,1,1,4,CORMERY (RUE DE),47.3658507,0.7268261
202000026536,7,7,2020,7,1,35,35281,2,1,1,2,HAIE-DES-COGNETS (BOUL DE LA),48.0807836,-1.7366123
202000026537,7,7,2020,16,1,33,33529,1,1,1,5,PISTE 214,44.57696,-1.19819
202000026538,6,7,2020,19,1,28,28404,2,1,1,6,Rue du Général Delestraint,48.73051,1.33376
202000026539,5,7,2020,17,1,27,27229,2,6,1,3,COCHEREL (RUE DE),49.0154,1.1875
202000026540,7,7,2020,15,1,14,14715,2,3,1,1,RENE SUZANNE (RUE),49.35911,0.09285
202000026541,17,2,2020,22,5,51,51108,2,1,1,3,Parking Carrefour Croix Dampière,48.9432465,4.3857693
202000026542,18,2,2020,13,1,50,50532,1,6,1,3,LANDE (ROUTE),48.8082,-1.54011
202000026543,14,2,2020,15,1,50,50602,2,6,1,6,FLAMANDS (ROND POINT),49.65329,-1.57839
202000026544,17,2,2020,15,1,49,49007,2,1,1,2,BLANCHOIN BOULEVARD,47.44827,-0.53893
202000026545,11,2,2020,8,2,49,49267,2,1,1,4,A87N,47.4815,-0.49887
202000026546,10,2,2020,18,2,49,49007,2,1,1,3,JOACHIM DU BELLAY,47.46679,-0.54276
202000026547,8,2,2020,19,5,49,49007,2,1,2,3,PASTEUR AVENUE,47.48143,-0.52348
202000026548,9,2,2020,17,1,49,49007,2,1,2,7,MONTAIGNE AVENUE,47.46579,-0.51982
202000026549,17,2,2020,19,5,45,45286,2,3,1,1,68 Rue du General de Gaulle - parking,47.89054,1.92206
202000026550,11,2,2020,13,1,45,45234,2,9,8,4,Pont du Marechal Joffre,47.8982,1.8953
202000026551,11,2,2020,8,1,45,45147,1,1,8,3,333 Rue Marcelin Berthelot,47.94493,1.921
202000026552,18,2,2020,7,2,44,44162,2,1,2,6,Boulevard Salvador Allende,47.22226,-1.63879
202000026553,14,2,2020,16,1,40,40192,2,1,1,5,PANAY (AVENUE DAVID),43.9003,-0.5115
202000026554,17,2,2020,7,1,38,38563,1,3,1,3,Rue du Rousset,45.39339,5.58107
202000026555,18,2,2020,19,5,38,38544,2,3,1,3,Rue Victor Faugier,45.52834,4.87396
202000026556,18,2,2020,19,5,37,37233,2,3,1,6,POMPIDOU (AVENUE GEORGES),47.3849475,0.7102512
202000026557,17,2,2020,12,1,37,37261,2,1,1,3,PONT CHER (AVENUE DE),47.3659285,0.6753085
202000026558,17,2,2020,17,1,37,37261,2,6,1,3,PORTILLON (QUAI DE),47.4004116,0.6789153
202000026559,11,2,2020,19,5,37,37233,2,1,8,7,BONNIN (AVENUE JEAN),47.3958825,0.7081915
202000026560,11,2,2020,9,1,37,37261,2,1,1,7,MICHELIN (AVENUE EDOUARD),47.3677263,0.6816957
202000026561,18,2,2020,17,1,35,35238,2,1,1,1,CONNECTE (THOMAS),48.1035492,-1.6959888
202000026562,17,2,2020,13,1,35,35238,1,1,1,4,RN 136 Porte de Lorient,48.10674,-1.71707
202000026563,11,2,2020,18,5,35,35238,2,1,1,6,LEROUX (BD OSCAR),48.09144,-1.66943
202000026564,11,2,2020,12,1,35,35353,2,2,1,6,LORIENT (Rue DE),48.10491,-1.73993
202000026565,11,2,2020,6,3,35,35150,1,1,8,1,RN12,48.3410951,-1.2175828
202000026566,15,2,2020,9,1,34,34172,2,1,1,3,LIBERTE (AVENUE DE LA,43.60693,3.86414
202000026567,16,2,2020,20,5,34,34172,2,1,2,4,DUNANT (RUE HENRI),43.62667,3.86774
202000026568,23,1,2020,18,5,34,34172,2,3,8,3,DUNANT (RUE HENRI),43.6266202,3.8670567
202000026569,5,1,2020,20,5,34,34172,2,2,1,3,GRASSET (AVENUE DU PROFESSEUR),43.62162,3.86866
202000026570,18,2,2020,7,2,33,33550,2,2,1,2,CHEM DE COUHINS / IMP DES PALMIERS,44.75826,-0.56988
202000026571,17,2,2020,21,5,33,33063,2,2,1,3,RUE LUCIEN FAURE / CRS BALGUERIE STUTTENBERG,44.86419,-0.55832
202000026572,4,2,2020,7,2,33,33075,2,2,1,1,RTE DU MEDOC / bretelle échangeur 7,44.87964,-0.62682
202000026573,17,2,2020,7,5,33,33318,2,3,2,1,AVE PASTEUR / RUE ANTONIN ANTOUNE,44.80243,-0.64871
202000026574,16,2,2020,20,5,33,33063,2,1,1,5,BD DES FRERES MOGA,44.82277,-0.54194
202000026575,11,2,2020,20,3,33,33013,1,1,8,2,ROUTE NATIONALE 89,44.86633,-0.48569
202000026576,11,2,2020,15,1,33,33075,1,1,8,-1,AVE DE LA JALLE NOIRE,44.8918,-0.61478
202000026577,9,2,2020,18,3,33,33162,2,3,1,1,AVE DE SAINT-MEDARD / RUE SAINT-EXUPERY,44.86387,-0.66023
202000026578,3,2,2020,7,5,33,33069,2,3,1,6,ALL DE BOUTAUT,44.86743,-0.57599
202000026579,10,1,2020,20,5,33,33063,2,2,1,3,RUE DE PESSAC / CRS DU MARECHAL GALLIENI / BD GEORGE V,44.8254,-0.58925
202000026580,17,2,2020,18,2,32,32013,1,1,2,1,TOULOUSE (ROUTE DE),43.65624,0.6259
202000026581,15,2,2020,4,5,31,31555,2,1,1,2,344 Avenue des Etats Unis,43.65825,1.41964
202000026582,11,2,2020,8,2,31,31555,2,1,2,6,10 Rue des Cheminots,43.61474,1.45399
202000026583,10,2,2020,13,1,31,31069,2,1,1,6,DALI (AV SALVADOR),43.64296,1.37495
202000026584,18,2,2020,20,5,30,30007,2,1,1,1,PRES RASCLAUX (QUAI),44.12212,4.07258
202000026585,11,2,2020,13,1,29,29232,1,1,2,6,D765 - Route de Douarnenez,47.999,-4.13109
202000026586,4,2,2020,14,1,28,28085,2,2,1,6,QUATORZE JUILLET (RUE DU),48.44296,1.47971
202000026587,14,2,2020,11,1,26,26313,1,1,1,6,LACRA RN532,44.98395,4.97612
202000026588,13,2,2020,17,2,26,26362,2,4,2,1,BONNET RUE GEORGES (102),44.93548,4.909553
202000026589,8,2,2020,20,5,26,26058,1,2,1,3,RD2007,44.945,4.886486
202000026590,6,2,2020,7,5,22,22187,2,1,1,3,CHANOINE GUINARD (QUAI DU),48.52372,-2.75126
202000026591,15,2,2020,20,5,22,22278,2,1,6,6,DU GUESCLIN (PL),48.51109,-2.75877
202000026592,11,2,2020,11,1,17,17415,2,2,1,2,JEAN RUE DU DOCTEUR,45.73798,-0.61649
202000026593,18,2,2020,12,1,17,17028,1,1,1,1,GRASSET   AVENUE EDMOND,46.13053,-1.0886
202000026594,17,2,2020,17,1,17,17300,2,6,2,6,RAVEL   RUE MAURICE,46.16408,-1.12569
202000026595,14,2,2020,11,1,16,16102,2,1,1,6,Bd DENFERT ROCHEREAU ,45.694552,-0.325547
202000026596,9,2,2020,17,5,16,16102,2,3,1,3,Av Victor HUGO,45.690628,-0.321508
202000026597,17,2,2020,7,2,14,14271,2,1,8,2,HARCOURT (ROUTE D'),49.15393,-0.37152
202000026598,15,2,2020,21,5,14,14167,2,1,1,6,Z.I DU MARTRAY (QUARTIER),49.18936,-0.29807
202000026599,18,2,2020,16,1,13,13206,2,3,1,3,VAUBAN (BOULEVARD),43.2827,5.37424
202000026600,17,2,2020,20,5,13,13212,2,1,2,2,ALFRED BLACHERE (AVENUE),43.319836,5.46848
202000026601,17,2,2020,14,1,13,13211,2,1,2,4,CESAR BOY (AVENUE),43.296332,5.482881
202000026602,17,2,2020,16,1,13,13211,1,1,2,2,BARASSE,43.284765,5.483816
202000026603,17,2,2020,10,1,13,13208,2,1,1,6,JEAN MERMOZ (RUE),43.2719,5.3869
202000026604,17,2,2020,7,2,13,13214,2,1,2,6,MERIMEE,43.3291,5.4008
202000026605,11,2,2020,22,5,13,13209,2,1,1,6,JEAN BOUIN (AVENUE),43.3,5.4
202000026606,11,2,2020,12,1,13,13202,2,1,1,2,JULES GUESDE (PLACE),43.301718,5.374191
202000026607,10,2,2020,17,2,13,13211,2,1,1,1,TREILLE (ROUTE DE LA),43.306513,5.506893
202000026608,10,2,2020,9,1,13,13201,2,1,1,6,BELGES (QUAI DES),43.295325,5.374317