Num_Acc,jour,mois,an,hr,condition_eclairage,departement,commune,condition_agglomeration,intersection,condition_atmosphere,type_collision,adresse,lattitude,longitude
202000026609,17,2,2020,18,3,13,13047,2,1,1,4,RN 1569,43.5208,4.9631
202000026610,17,2,2020,13,1,13,13005,2,1,2,2,GOUMS (AVENUE DES),43.28968,5.55859
202000026611,12,2,2020,13,1,13,13001,2,1,1,3,FONTENAILLE JEAN ET  MARCEL(AV),43.5339427,5.4610902
202000026612,31,1,2020,12,1,13,13001,2,9,1,6,Pont de l'Arc,43.510504,5.442216
202000026613,13,2,2020,16,1,12,12013,1,1,3,7,TOULOUSE-LAUTREC (AVENUE),44.54442,2.24821
202000026614,15,2,2020,15,1,11,11262,2,3,1,3,POMPIDOR (AVENUE),43.182833,2.979206
202000026615,15,2,2020,17,1,11,11262,2,1,1,6,MAYOLLE (BOULEVARD DE LA),43.175,3.0089
202000026616,15,2,2020,4,3,11,11262,2,1,1,6,Rue Alfred Chauchard,43.176885,3.0296639
202000026617,10,2,2020,13,1,11,11262,2,1,1,5,COLONNES (GIRATOIRES DES),43.18137,3.03011
202000026618,18,2,2020,22,3,11,11069,1,1,1,6,MONTREAL -ROUTE DE -,43.21299,2.27281
202000026619,18,2,2020,14,1,11,11069,2,3,1,3,TROIS COURONNES,43.2105,2.3553
202000026620,17,2,2020,16,1,10,10387,2,6,2,3,DANTON (RUE),48.3017,4.0748
202000026621,17,2,2020,9,1,10,10387,2,2,2,3,GEORGES POMPIDOU (RUE),48.28901,4.08413
202000026622,10,2,2020,7,2,10,10325,2,1,2,6,PASTEUR (RUE),48.2636,4.0821
202000026623,11,2,2020,18,1,09,09122,2,1,1,6,LECLERC (AVENUE DU GENERAL),42.969826,1.608076
202000026624,11,2,2020,11,1,09,09122,2,9,2,7,MITTERAND (BOULEVARD FRANCOIS),42.958829,1.611941
202000026625,17,2,2020,7,1,06,06088,2,9,2,1,DIGUE DES FRANCAIS (TRAV. DE LA),43.6772,7.2032
202000026626,11,2,2020,11,1,06,06088,2,2,8,6,Boulevard de la Madeleine,43.7143,7.2249
202000026627,11,2,2020,9,1,06,06088,1,1,1,7,MERCANTOUR (BD),43.7201,7.1861
202000026628,18,2,2020,8,1,06,06069,2,1,1,6,CARNOT (BOULEVARD ET TRAVERSE),43.654878,6.921438
202000026629,19,2,2020,15,1,06,06069,2,1,1,3,NAPOLEON (ROUTE),43.66454,6.91938
202000026630,17,2,2020,12,1,06,06069,2,1,1,2,CANNES (ROUTE DE)  -RD 6085-,43.6329,6.9542
202000026631,18,2,2020,9,1,06,06029,2,1,1,6,MIDI (BOULEVARD DU),43.54892,7.00604
202000026632,17,2,2020,8,1,06,06123,2,1,8,4,PEINTRES ALLEE DES,43.68382,7.18738
202000026633,16,2,2020,20,5,06,06155,2,1,1,6,ROUVIER BD MAURICE,43.579663,7.053937
202000026634,14,1,2020,7,2,06,06004,2,1,1,6,GREC AV.JULES,43.589478,7.117853
202000026635,17,2,2020,13,1,04,04112,2,1,8,6,Bd des cougourdelles,43.836793,5.785623
202000026636,8,1,2020,10,1,03,03190,2,1,1,6,rue des Bouchers,46.5650358,3.3309552
202000026637,18,2,2020,16,1,01,01289,1,2,1,3,SAINT ANDRE SUR VIEUX JONC (ALLEE DE),46.169805,5.1907339
202000026638,11,2,2020,9,1,01,01053,2,1,1,3,HERRIOT ( BOULEVARD EDOUARD COTE PAIR),46.210204,5.22138
202000026639,13,2,2020,1,5,75,75109,2,3,1,6,BOULEVARD HAUSSMANN,48.872113,2.339216
202000026640,18,2,2020,9,1,75,75117,2,1,1,7,AVENUE DE LA GRANDE ARMEE,48.875393,2.290565
202000026641,18,2,2020,8,1,75,75117,2,2,1,3,BOULEVARD BERTHIER,48.890127,2.303829
202000026642,17,2,2020,8,1,75,75117,2,5,1,3,AVENUE DE VILLIERS,48.883832,2.304793
202000026643,17,2,2020,15,1,75,75115,2,2,1,6,RUE OLIVIER DE SERRES,48.834491,2.295672
202000026644,18,2,2020,10,1,75,75114,2,1,1,3,RUE D ALESIA,48.827581,2.334124
202000026645,18,2,2020,15,1,75,75113,2,3,1,3,QUAI FRANCOIS MAURIAC,48.832962,2.378745
202000026646,18,2,2020,14,1,75,75112,2,2,1,6,QUAI DE BERCY,48.833524,2.382121
202000026647,18,2,2020,11,1,75,75111,2,3,1,6,BOULEVARD DU TEMPLE,48.863739,2.366458
202000026648,18,2,2020,17,1,75,75110,2,2,1,6,RUE DE PARADIS,48.875328,2.350922
202000026649,18,2,2020,10,1,75,75107,2,1,1,6,BOULEVARD DES INVALIDES,48.855313,2.314912
202000026650,18,2,2020,15,1,75,75103,2,1,1,3,RUE CHARLOT,48.863596,2.3634
202000026651,18,2,2020,13,1,75,75103,2,2,1,3,RUE DE TURBIGO,48.865918,2.358104
202000026652,18,2,2020,14,1,94,94052,2,5,1,6,STRASBOURG (BD DE),48.8413,2.4828
202000026653,17,2,2020,23,5,94,94043,2,1,1,6,FONTAINEBLEAU (AV DE),48.8093,2.36245
202000026654,18,2,2020,12,1,94,94065,2,2,1,5,RUE DU VIADUC,48.76117,2.35063
202000026655,18,2,2020,15,1,94,94017,2,1,8,1,GENERAL DE GAULLE (AV DU),48.82081,2.48697
202000026656,18,2,2020,14,1,94,94017,2,1,1,5,GENERAL DE GAULLE (AV DU),48.82711,2.51793
202000026657,19,2,2020,0,5,93,93071,2,1,1,6,RAOUL DAUTRY (AVENUE),48.9491066,2.5248752
202000026658,17,2,2020,23,5,93,93071,2,5,1,3,VILLENAUT (ALLEE DE),48.9307,2.5162
202000026659,17,2,2020,13,1,93,93066,2,3,1,6,VAILLANT COUTURIER PAUL (AV) NR 2 A 110,48.9322923,2.3653861
202000026660,18,2,2020,15,1,93,93064,2,1,8,6,JAURES (AVENUE JEAN),48.8663219,2.4870873
202000026661,18,2,2020,9,1,93,93062,2,2,1,3,ALL DU CHATEAU D'EAU / ALL DE CHELLES,48.89555,2.52879
202000026662,18,2,2020,19,5,93,93051,2,1,1,3,AV EMILE COSSONNEAU,48.8498,2.5745
202000026663,18,2,2020,10,1,93,93049,2,7,1,2,VICTOR HUGO (RUE) EGL ST HENRI->PASTEUR,48.857176,2.508208
202000026664,6,2,2020,7,1,93,93063,2,1,1,6,BD HENRI BARBUSSE,48.88022,2.44114
202000026665,18,2,2020,11,1,93,93031,2,9,8,6,FELIX MERLIN,48.955803,2.2986306
202000026666,18,2,2020,18,5,93,93010,2,1,1,2,VERDUN (AV. DE) 35 A FIN,48.9029599,2.4928555
202000026667,18,2,2020,9,1,93,93007,2,1,1,6,"""HENRI BARBUSSE (AVENUE """"DU 01 AU 80"""")",48.9365703,2.4581803
202000026668,18,2,2020,12,1,93,93001,2,9,1,6,R EMILE AUGIER ,48.9178,2.367
202000026669,18,2,2020,8,1,93,93001,2,1,1,3,AV DE LA REPUBLIQUE,48.90678,2.389
202000026670,14,2,2020,17,1,92,92063,2,1,1,2,CHATOU (PONT DE),48.88796,2.16474
202000026671,17,2,2020,20,5,92,92036,2,2,1,3,LOUIS ROCHE (AVENUE) (1/45)/ MOULIN DE CAGE (QUAI DU),48.921196,2.325037
202000026672,17,2,2020,14,1,92,92036,2,1,1,7,BASSIN N°6 (ROUTE ANNEXE DU),48.947484,2.290612
202000026673,8,2,2020,1,5,92,92036,2,1,1,7,BAS (RUE DES) (78   +),48.919295,2.290017
202000026674,18,2,2020,16,1,92,92007,2,3,1,6,SEMARD (RUE PIERRE),48.7959114,2.2938015
202000026675,18,2,2020,9,1,92,92024,2,1,1,3,RUE HENRI BARBUSSE,48.8990824,2.3041034
202000026676,14,2,2020,12,1,60,60157,2,2,1,3,avenue gambetta,49.382949,2.402685
202000026677,19,2,2020,15,1,22,22014,1,2,1,3,D792,48.445372,-2.282324
202000026678,18,2,2020,16,1,21,21183,1,1,1,2,A39,47.230577,5.276603
202000026679,19,2,2020,13,1,28,28006,1,1,8,6,D923,48.436348,1.392066
202000026680,19,2,2020,9,1,22,22389,1,1,1,2,RN 12 PR 51+100,48.482192,-2.686726
202000026681,18,2,2020,12,1,22,22339,1,1,1,7,Rn 176 PR 007.200,48.504644,-2.0392119
202000026682,9,2,2020,5,5,37,37261,1,1,1,2,,47.3846368,0.7099453
202000026683,18,2,2020,18,2,62,62289,1,1,2,1,Cavee Christophe,50.455373,1.76411
202000026684,19,2,2020,9,1,62,62568,2,1,7,6,10 Rue de l'Etoile,50.235778,2.794841
202000026685,19,2,2020,19,5,69,69260,2,3,2,-1,route de Lyon,45.65168,4.813229
202000026686,18,2,2020,20,3,57,57106,1,1,8,6,D 918,49.296472,6.574373
202000026687,19,2,2020,8,2,57,57251,1,1,6,1,1 Rue Principale,48.986357,6.19814
202000026688,18,2,2020,8,1,79,79343,2,9,1,1,,46.153497,-0.247691
202000026689,14,2,2020,17,1,80,80271,1,1,8,7,Chemin vert,49.997616,3.123078
202000026690,18,2,2020,20,3,69,69066,1,1,1,1,Route de la Buche,46.1064013,4.3307168
202000026691,19,2,2020,18,3,71,71230,1,1,1,6,Route de Bourbon-lancy,46.5959105,4.0368381
202000026692,9,2,2020,19,3,61,61244,1,1,6,6,Lieu Dit Tertre,48.662963,0.461876
202000026693,19,2,2020,7,3,49,49008,1,1,1,2,D923,47.57704,-1.016262
202000026694,16,2,2020,7,3,49,49069,1,1,6,7,D252,47.33113,-1.107624
202000026695,17,2,2020,18,2,49,49026,1,1,7,-1,Bécon-les-Granits,47.507806,-0.794996
202000026696,18,2,2020,12,1,12,12161,1,1,1,1,Lieu-dit Les Gastouilières,44.538879,2.554064
202000026697,18,2,2020,17,1,42,42092,2,1,1,6,Rue de la Résistance,45.485899,4.379554
202000026698,19,2,2020,9,1,29,29189,2,1,2,6,4 Route de Loperhet,48.381872,-4.355017
202000026699,19,2,2020,6,3,39,39520,1,1,2,6,,46.965464,5.559125
202000026700,19,2,2020,7,2,25,25478,1,1,2,6,D464,47.311362,6.531265
202000026701,18,2,2020,19,3,29,29293,1,1,8,7,Rte de Nevez - Lannénoret,47.8399334,-3.8230673
202000026702,19,2,2020,2,3,02,02746,1,1,2,7,D1044,49.693602,3.353877
202000026703,18,2,2020,15,1,84,84082,1,1,1,2,Route de Villes sur Auzon,44.058727,5.189633
202000026704,19,2,2020,14,1,15,15001,1,1,2,6,D 9,45.247647,2.969881
202000026705,18,2,2020,14,1,70,70312,1,1,1,7,voie verte,47.58654,6.737129
202000026706,19,2,2020,15,1,70,70526,1,1,1,7,D50,47.9099559,6.108227
202000026707,19,2,2020,11,1,06,06105,1,1,1,3,Route de la Colle sur Loup,43.687538,7.070331
202000026708,19,2,2020,4,3,05,05145,1,1,1,6,D944,44.670354,6.239237
202000026709,19,2,2020,6,5,90,90026,2,6,2,6,Rue du Stratégique,47.633311,6.915368
202000026710,17,2,2020,14,1,18,18088,1,1,1,3,D940,47.446157,2.436111
202000026711,19,2,2020,14,1,21,21527,1,4,1,3,D906,46.936591,4.666754
202000026712,18,2,2020,21,5,973,97307,2,3,1,3,Route Nationale 2,4.885987,-52.335284
202000026713,18,2,2020,15,1,31,31490,1,1,1,1,ROUTE DE PARIS,43.751993,1.364622
202000026714,19,2,2020,10,1,38,38565,1,1,1,6,A48,45.28321,5.62199
202000026715,18,2,2020,18,1,34,34163,2,1,1,1,483 Avenue Lucie Aubrac,43.6436475,3.7010472
202000026716,18,2,2020,19,3,973,97306,1,1,1,1,N1,5.392275,-53.638322
202000026717,19,2,2020,18,5,77,77382,2,1,2,6,Avenue du Marechal Foch - D436,48.897206,2.863019
202000026718,18,2,2020,15,1,34,34145,1,1,1,1,Route de Marsillargues,43.667887,4.157424
202000026719,18,2,2020,16,1,83,83016,2,6,1,6,Route de Marseille,43.195474,5.806645
202000026720,15,2,2020,10,1,21,21353,2,1,1,6,2 Rue du Château,47.197054,5.152089
202000026721,19,2,2020,1,3,57,57683,2,9,2,6,22 Rue de la Gare,49.303871,6.156354
202000026722,18,2,2020,18,3,01,01249,1,9,1,2,Route de Strasbourg,45.857846,4.910505
202000026723,14,2,2020,16,1,17,17219,1,2,1,3,D728,45.830952,-1.114898
202000026724,19,2,2020,8,2,59,59029,2,1,7,5,D549,50.486185,3.201958
202000026725,18,2,2020,20,3,13,13215,1,1,1,4,A7-Sens Lyon vers Marseille,43.37713,5.35811
202000026726,18,2,2020,5,5,13,13055,1,1,1,3,A507 sens Aubagne- Marseille,43.328685,5.416799
202000026727,17,2,2020,18,5,13,13211,1,1,2,4,A50-Sens Marseille vers Aubagne,43.287329,5.439042
202000026728,17,2,2020,11,1,13,13085,1,1,2,6,A50-Sens Toulon vers Aubagne,43.246408,5.596344
202000026729,18,2,2020,9,1,33,33550,1,1,1,2,ROCADE A 630,44.7789,-0.55317
202000026730,17,2,2020,4,5,33,33063,1,1,1,1,ROCADE A 630,44.88309,-0.55329
202000026731,18,2,2020,9,1,92,92072,1,1,1,4,N118,48.816304,2.215223
202000026732,17,2,2020,18,3,93,93008,1,1,2,4,AUTOROUTE A86,48.91373,2.43304
202000026733,16,2,2020,13,1,95,95176,1,1,1,4,AUTOROUTE A15,48.98878,2.20301
202000026734,3,2,2020,7,3,95,95151,1,1,2,2,RN 104,49.06406,2.26401
202000026735,18,2,2020,17,2,77,77372,1,1,1,-1,A104,48.8832379,2.6679169
202000026736,8,9,2020,8,1,11,11206,2,2,1,3,4 Route de Carcassonne - D118,43.0617679,2.2148284
202000026737,7,9,2020,8,1,76,76155,2,1,7,3,153 Rue des Potiers,49.984535,1.353668
202000026738,8,9,2020,6,2,39,39128,1,1,1,6,,46.978666,5.376588
202000026739,8,9,2020,6,2,29,29209,1,1,1,7,Lieu-dit Minihy,48.520143,-4.455171
202000026740,8,9,2020,17,1,29,29220,1,1,1,2,D240 - Rue de Tréméoc,47.881826,-4.214941
202000026741,7,9,2020,16,1,38,38347,1,1,1,6,Rte de la Croix de Toutes Aures,45.260729,5.270648
202000026742,8,9,2020,8,1,38,38410,1,1,1,2,Route de Saint Marcellin,45.085066,5.199612
202000026743,7,9,2020,17,1,38,38181,1,1,1,5,Route des Iles,45.346573,5.970039
202000026744,8,9,2020,3,3,38,38315,2,1,1,6,Route de la Barreliere,45.543686,5.663608
202000026745,8,9,2020,15,1,01,01151,1,1,1,3,D1075,46.074913,5.322855
202000026746,8,9,2020,8,1,01,01199,2,6,1,3,17 Chemin du Riez,46.034942,5.403455
202000026747,7,9,2020,13,1,70,70122,2,4,1,3,14 Rue du Cornot,47.678984,5.561013
202000026748,6,9,2020,16,1,26,26069,1,1,1,6,D 518,44.832984,5.392984
202000026749,8,9,2020,16,1,72,72050,2,1,1,6,8 Chemin des Rochers,47.960258,-0.229238
202000026750,7,9,2020,18,1,14,14738,2,1,1,2,47 Avenue des Coteaux,49.156334,-0.442727
202000026751,16,8,2020,6,2,50,50236,1,1,3,6,Les Monts,49.272793,-1.537568
202000026752,16,8,2020,4,3,60,60670,1,1,1,6,Rue Jean Jacques Fussien,49.258479,2.553892
202000026753,3,8,2020,19,1,45,45053,2,1,7,3,15 Quai du Baraban,47.639333,2.731744
202000026754,4,9,2020,14,1,45,45296,1,3,1,3,D955-Lieu Dit Chesne,47.994775,1.714468
202000026755,7,9,2020,20,3,43,43137,2,1,1,7,D44,45.275732,4.182487
202000026756,6,9,2020,16,1,07,07129,1,1,1,6,Bacon,44.985582,4.601179
202000026757,7,9,2020,9,1,27,27218,1,2,1,5,Route de Beuzeville,49.281552,0.425516
202000026758,8,9,2020,10,1,17,17241,1,2,1,1,Cottieres Sud,45.20669,-0.157765
202000026759,8,9,2020,9,1,48,48009,1,3,1,3,D809 PK18+200,44.741734,3.287691
202000026760,6,9,2020,18,1,08,08137,1,1,1,1,RD 309 -PR 2,49.783813,4.661593
202000026761,7,9,2020,14,1,88,88520,1,1,1,3,1501 Moulin Rouge,48.048782,6.294383
202000026762,7,9,2020,19,3,978,97801,2,1,1,5,Le Cul-de-sac,18.097463,-63.036182
202000026763,6,8,2020,12,1,03,03277,1,1,1,2,,46.2744038,3.0548384
202000026764,4,9,2020,9,1,78,78455,2,2,1,6,4 Rue André le Bourblanc,48.842467,2.066669
202000026765,5,9,2020,13,1,74,74010,1,1,1,4,Avenue d'Aix-les-bains (Seynod),45.8935914,6.1112336
202000026766,7,9,2020,15,1,33,33122,2,3,1,1,Avenue Salvador Allende,44.781506,-0.688035
202000026767,8,9,2020,7,1,13,13001,1,1,1,4,300 Chemin de la Beauvalle,43.513707,5.436709
202000026768,8,9,2020,12,1,77,77032,1,2,1,3,N4,48.699204,3.267875
202000026769,7,9,2020,18,1,38,38052,1,1,1,7,Rue du Martinet,45.07297,6.0129
202000026770,8,9,2020,11,1,13,13049,1,1,1,6,A7,43.711329,5.094159
202000026771,8,9,2020,17,1,976,97615,2,1,1,2,47 Boulevard du General de Gaulle,-12.797518,45.283851
202000026772,7,9,2020,15,1,13,13025,1,1,1,1,10 Lotissement Campagne Montaigu,43.490487,5.574108
202000026773,7,9,2020,20,2,77,77183,2,1,1,3,Rue de Jouarre - D402,48.940825,3.120729
202000026774,8,9,2020,11,1,34,34327,1,1,1,2,D613,43.64394,3.950121
202000026775,7,9,2020,9,1,04,04039,1,1,1,7,RD 955,43.875273,6.529257
202000026776,7,9,2020,23,3,89,89013,2,1,1,6,Quai de Regennes,47.879156,3.534407
202000026777,7,9,2020,7,1,68,68269,2,1,7,6,6 Rue Pierre de Coubertin,48.193224,7.332666
202000026778,6,9,2020,23,3,88,88321,1,1,1,6,Route de Frebecourt,48.369864,5.679905
202000026779,8,9,2020,19,2,54,54057,1,3,1,7,D28e,48.8544992,5.7937244
202000026780,8,9,2020,7,1,42,42005,2,1,1,6,28 Rue Moliere,45.529471,4.268151
202000026781,6,9,2020,16,1,38,38076,1,1,1,1,Montée de la Chapelle,45.573457,5.457609
202000026782,3,9,2020,17,1,07,07145,2,9,1,3,D224 au niveau de cave vinicole,44.609199,4.473072
202000026783,8,9,2020,10,1,09,09282,2,1,1,3,D927,43.240455,1.572107
202000026784,3,9,2020,19,2,35,35212,1,2,1,3,RD 247,47.903282,-1.647735
202000026785,7,9,2020,11,1,60,60103,2,1,1,2,35 Avenue de la Libération,49.401123,2.252911
202000026786,4,9,2020,18,1,83,83129,1,1,1,5,A50,43.12038,5.84492
202000026787,7,9,2020,18,1,33,33192,1,1,1,2,AUTOROUTE A 63,44.78334,-0.63175
202000026788,7,9,2020,16,1,33,33122,1,1,1,2,AUTOROUTE A 63,44.74346,-0.70642
202000026789,7,9,2020,16,1,91,91661,1,1,1,7,AUTOROUTE A10,48.68507,2.21491
202000026790,7,9,2020,8,1,78,78126,1,1,1,2,A13,48.839224,2.120229
202000026791,7,9,2020,7,1,78,78466,1,1,1,3,A13,48.9252,1.997
202000026792,7,9,2020,18,1,93,93007,1,1,1,2,AUTOROUTE A1,48.95483,2.45749
202000026793,7,9,2020,16,1,93,93008,1,1,1,3,A86,48.9127331,2.4368111
202000026794,7,9,2020,11,1,93,93008,1,1,1,4,AUTOROUTE A86,48.90634,2.45973
202000026795,7,9,2020,9,1,93,93053,1,1,1,2,AUTOROUTE A3,48.88184,2.45456
202000026796,6,9,2020,23,4,93,93013,1,1,1,2,AUTOROUTE A1,48.93873,2.4162
202000026797,7,9,2020,8,1,93,93051,1,1,1,2,A4,48.8364292,2.5518916
202000026798,6,9,2020,22,3,77,77373,1,1,1,-1,RN104,48.797832,2.623029
202000026799,10,3,2020,9,1,95,95252,2,1,2,6,JULES CESAR (CHAUSSEE),48.9954643,2.2395533
202000026800,10,9,2020,23,5,988,98818,1,1,2,6,VE1 SENS SUD/NORD,-22.23017,166.45762
202000026801,6,9,2020,4,5,988,98818,2,1,1,7,VE1 SENS NORD/SUD,-22.24607,166.4578
202000026802,4,9,2020,11,1,988,98818,2,2,1,3,RUE EDOUARD UNGER,-22.25981,166.44654
202000026803,6,9,2020,1,5,974,97416,2,1,2,6,PRESIDENT MITTERAND(AVENUE),-21.34694,55.48936
202000026804,5,9,2020,11,1,973,97302,2,3,1,3,BADUEL (ROUTE DE),4.9375853,-52.3159182
202000026805,7,9,2020,0,3,69,69383,2,1,1,7,VILLETTE (DE LA)                    (R ),45.7619169,4.861887
202000026806,6,9,2020,3,5,69,69199,2,9,1,6,MARCEL SEMBAT                       (R ),45.71166,4.84258
202000026807,6,9,2020,12,1,972,97213,1,1,1,7,DUCHESNES 1,14.64663,-60.95478
202000026808,6,9,2020,8,1,972,97213,1,1,1,6,ROUTE DEPARTEMENTALE 3,14.66807,-60.99311
202000026809,6,9,2020,3,5,2B,2B033,1,1,1,2,11 - RT,42.67809,9.44601
202000026810,6,9,2020,2,4,2A,2A004,2,6,1,6,T21,41.9299113,8.7612591
202000026811,6,9,2020,22,5,91,91345,2,2,1,3,CHILLY (RUE DE),48.6977,2.299
202000026812,5,9,2020,17,1,83,83137,2,1,1,1,FORGENTIER (CHEMIN DE),43.13687,5.8978
202000026813,6,9,2020,17,1,81,81065,2,2,1,3,JOFFRE (BD MARECHAL),43.6103,2.25801
202000026814,6,9,2020,21,5,69,69256,2,2,1,3,GABRIEL PERI                        (AV),45.77266,4.91247
202000026815,6,9,2020,0,5,69,69266,2,1,1,1,FREDERIC MISTRAL    (Rue ),45.7559281,4.8761728
202000026816,5,9,2020,18,1,64,64545,1,1,1,4,CORNICHE (ROUTE DE LA),43.38621,-1.71572
202000026817,5,9,2020,2,5,59,59421,2,1,1,7,MIRABEAU (RUE),50.7055349,3.1305289
202000026818,15,7,2020,22,5,59,59350,2,6,1,3,PORTE D'ARRAS  METRO,50.617446,3.06141
202000026819,6,9,2020,17,1,50,50147,2,6,1,5,ROUTE DE GAVRAY,49.03632,-1.44423
202000026820,6,9,2020,16,1,37,37261,2,2,1,-1,JAURES (PLACE JEAN),47.3902968,0.6888279
202000026821,5,9,2020,11,1,37,37233,2,1,1,6,ERIDENCE (RUE DE L'),47.3927527,0.7213964
202000026822,6,9,2020,4,5,35,35238,2,1,1,6,17 Rue de Châteaugiron,48.102086,-1.65792
202000026823,6,9,2020,7,5,33,33119,2,1,1,6,CHEM DES BORIES,44.84844,-0.51528
202000026824,5,9,2020,19,1,33,33063,2,5,1,2,CRS PORTAL / CRS SAINT-LOUIS,44.85486,-0.57194
202000026825,6,9,2020,4,5,33,33529,2,3,1,3,CARNOT (RUE DU PRESIDENT),44.6273,-1.1427
202000026826,5,9,2020,17,1,29,29232,2,1,1,7,D765 - Route de Douarnenez,47.99909,-4.13402
202000026827,6,9,2020,15,1,29,29039,1,2,1,3,D44 - Chemin de Kerampennec,47.920612,-3.9286059
202000026828,6,9,2020,0,5,13,13056,2,1,1,6,RIMBAUD ARTHUR,43.41654,5.0584
202000026829,6,9,2020,23,5,13,13208,2,6,1,-1,BONNEVEINE (AVENUE),43.254724,5.376156
202000026830,6,9,2020,21,5,13,13206,2,1,1,3,ROME (PLACE DE),43.29117,5.38076
202000026831,6,9,2020,15,1,13,13215,2,1,1,3,VISTE (AVENUE DE LA),43.3602,5.357571
202000026832,6,9,2020,7,2,13,13202,2,2,1,3,CARGO RHIN FIDELI (RUE),43.327,5.35814
202000026833,5,9,2020,11,1,13,13207,2,1,1,3,CORSE (AVENUE DE LA),43.28887,5.36122
202000026834,6,9,2020,10,1,03,03321,2,6,1,2,rond point Liberté,46.5535121,3.3639192
202000026835,6,9,2020,9,1,75,75118,2,1,1,3,PORTE DE CLIGNANCOURT,48.901134,2.348011
202000026836,5,9,2020,22,5,75,75117,2,1,1,4,PORTE DE CHAMPERRET,48.885193,2.287302
202000026837,5,9,2020,1,5,75,75120,2,1,1,6,ECHANGEUR BAGNOLET,48.864274,2.413499
202000026838,5,9,2020,13,1,75,75104,2,3,1,2,QUAI DE LA CORSE,48.85591,2.347467
202000026839,6,9,2020,15,1,75,75120,2,7,1,6,ECHANGEUR MONTREUIL,48.853748,2.414566
202000026840,6,9,2020,11,1,75,75118,2,2,1,3,BOULEVARD DE LA CHAPELLE,48.884475,2.364803
202000026841,6,9,2020,13,1,75,75113,2,2,8,3,AVENUE D ITALIE,48.822207,2.35853
202000026842,6,9,2020,13,1,75,75113,2,2,2,7,BOULEVARD VINCENT AURIOL,48.833852,2.365134
202000026843,6,9,2020,11,1,75,75113,2,3,1,3,AVENUE D ITALIE,48.82302,2.358263
202000026844,6,9,2020,3,5,75,75112,2,1,1,6,QUAI DE LA RAPEE,48.828315,2.38831
202000026845,6,9,2020,16,1,75,75107,2,7,1,1,PLACE HENRY DE MONTHERLANT,48.860777,2.325329
202000026846,6,9,2020,9,1,75,75107,2,2,1,3,BOULEVARD DES INVALIDES,48.851812,2.314519
202000026847,6,9,2020,17,1,75,75101,2,4,1,3,RUE DE RIVOLI,48.860484,2.342138
202000026848,6,9,2020,16,1,75,75103,2,2,8,3,RUE BEAUBOURG,48.863746,2.354889
202000026849,6,9,2020,12,1,94,94067,2,1,8,6,GENERAL DE GAULLE (AV DU),48.844949,2.41758
202000026850,5,9,2020,22,5,94,94074,2,9,1,3,CHAMP SAINT-JULIEN (AV DU),48.748326,2.457728
202000026851,6,9,2020,14,1,94,94056,2,1,1,1,BRIE (R DE),48.69713,2.55231
202000026852,6,9,2020,0,5,93,93048,2,5,1,3,BD ROUGET DE L'ISLE / R VICTOR HUGO,48.86044,2.43945
202000026853,6,9,2020,9,1,93,93057,2,5,1,3,MONTYON (AL.) 1 A 74,48.9128396,2.5068391
202000026854,6,9,2020,21,5,93,93001,2,1,8,3,ANATOLE FRANCE  (BLD) IMPAIR,48.9175551,2.3820296
202000026855,6,9,2020,14,1,92,92007,2,1,1,2,CHARLES-MICHELS (RUE),48.79742,2.320843
202000026856,7,9,2020,9,1,22,22050,2,3,9,6,17 Grand Rue,48.454389,-2.045496
202000026857,5,8,2020,20,1,22,22050,2,1,1,1,Boulevard André Aubert,48.46398,-2.042738
202000026858,7,9,2020,6,1,976,97610,1,1,1,6,RN1 - carrière de KOUNGOU,-12.73917,45.194603
202000026859,7,9,2020,17,1,86,86096,1,1,1,7,D20,46.8261306,0.3126185
202000026860,3,9,2020,14,1,67,67371,1,1,1,6,RD 135 PK 002.700,48.885954,7.327044
202000026861,3,9,2020,17,1,67,67265,1,1,1,7,D198,48.932801,7.494609
202000026862,6,9,2020,16,1,74,74034,1,4,1,3,pont de gys,46.283043,6.616666
202000026863,6,9,2020,21,3,28,28219,1,1,1,2,A11,48.228103,0.998227
202000026864,6,9,2020,20,3,974,97404,1,9,9,6,N1,-21.281217,55.348177
202000026865,4,9,2020,7,2,35,35124,1,1,5,6,La Bardouillère,47.75303,-1.720664
202000026866,4,9,2020,21,3,19,19178,1,1,1,2,A20,45.262092,1.545564
202000026867,7,9,2020,13,1,974,97410,1,1,2,3,3 Chemin Creole,-21.084796,55.74847
202000026868,5,9,2020,7,1,974,97410,1,1,1,2,RN2,-21.039195,55.708821
202000026869,7,9,2020,19,1,06,06069,1,1,1,1,Route Napoléon,43.678553,6.902582
202000026870,5,8,2020,17,1,83,83070,2,1,1,3,Avenue Lou Mistraou,43.1394056,6.3584616
202000026871,7,9,2020,12,1,37,37075,1,1,1,6,,47.2921079,0.9571339
202000026872,5,9,2020,17,1,30,30047,2,1,1,2,rue arnaud beltrame,43.79147,4.432077
202000026873,7,9,2020,9,1,57,57317,1,1,1,2,D38,48.775396,7.15983
202000026874,7,9,2020,8,1,57,57249,1,3,1,3,D954,49.149545,6.335785
202000026875,7,9,2020,12,1,04,04161,1,1,1,1,RD 900,44.400755,6.517948
202000026876,6,9,2020,19,1,51,51030,2,6,1,7,Route d'Epernay,49.0468936,4.0858889
202000026877,6,9,2020,8,1,51,51359,1,1,1,7,D375,48.8280198,3.5478179
202000026878,6,9,2020,10,1,56,56032,1,1,1,6,La Motte,47.962141,-2.27099
202000026879,5,9,2020,5,3,56,56135,1,1,1,6,La Muterne,47.732111,-2.418054
202000026880,6,9,2020,15,1,76,76637,1,1,1,7,D79,49.812498,0.512125