Num_Acc,jour,mois,an,hr,condition_eclairage,departement,commune,condition_agglomeration,intersection,condition_atmosphere,type_collision,adresse,lattitude,longitude
202000026881,7,9,2020,6,3,79,79145,1,1,1,6,,46.738095,-0.275637
202000026882,13,8,2020,20,2,2A,2A269,1,1,1,3,T10,41.8518014,9.3998794
202000026883,6,9,2020,18,1,11,11431,1,1,1,6,D611,42.933773,2.755165
202000026884,7,9,2020,17,1,71,71014,2,1,1,2,Rue de Paris,46.9578139,4.2972898
202000026885,6,9,2020,1,3,49,49261,2,1,1,6,Rue des Fiefs Vaslins,47.340708,-0.240263
202000026886,7,9,2020,14,1,42,42152,1,1,1,6,Route de Villers,46.093636,4.156394
202000026887,6,9,2020,17,1,29,29078,1,9,1,3,Lieu-dit Pontaol,48.311377,-4.202735
202000026888,5,8,2020,11,1,29,29078,1,2,1,3,Lieu-dit Kervezennec,48.333901,-4.130473
202000026889,4,9,2020,16,1,68,68195,2,1,1,2,Rue du Général de Gaulle,47.758505,7.292165
202000026890,5,9,2020,20,1,39,39022,1,1,1,7,,46.934002,5.429059
202000026891,6,9,2020,13,1,29,29206,1,1,1,6,D30 - Petit Moulin,48.6477284,-4.1717334
202000026892,6,9,2020,22,3,29,29205,1,1,1,1,D54 - Lieu Dit Kernevez,48.322695,-3.57929
202000026893,6,9,2020,17,1,29,29158,1,2,1,3,Rue de la Madeleine,47.824476,-4.321908
202000026894,7,9,2020,2,3,03,03136,1,1,1,6,,46.2958854,2.4292926
202000026895,7,9,2020,15,1,15,15055,2,1,1,1,Rue Font de Vie,45.073062,3.10611
202000026896,6,8,2020,16,1,54,54427,1,1,7,6,Route Départementale 182A,48.453229,6.924348
202000026897,6,9,2020,14,1,06,06119,1,1,1,7,M2205,44.334409,6.8259
202000026898,7,9,2020,13,1,06,06163,2,1,1,6,Avenue Jean Medecin,44.060877,7.587944
202000026899,7,9,2020,8,1,60,60584,2,1,7,6,Rue de la Libération,49.2157892,2.4162028
202000026900,4,9,2020,10,1,07,07349,2,1,1,6,Rue Valentin,44.8013137,4.7811811
202000026901,7,9,2020,8,2,21,21545,2,1,1,6,6 Rue de Montchemin,47.873216,4.538287
202000026902,6,9,2020,21,3,21,21425,2,1,1,6,45 Rue Benjamin Guérard,47.623846,4.330968
202000026903,6,9,2020,18,1,21,21715,1,1,1,6,D981,47.105715,4.406177
202000026904,7,9,2020,5,3,21,21534,1,1,1,6,D20,47.040792,4.921436
202000026905,6,9,2020,19,1,85,85029,1,1,1,1,Les Trois Ormeaux,46.957531,-2.014259
202000026906,1,9,2020,20,2,23,23127,1,1,1,6,D25,45.93593,2.379034
202000026907,6,9,2020,2,3,74,74236,1,1,1,7,Avenue de Miage,45.865793,6.725349
202000026908,5,9,2020,13,1,973,97307,1,1,2,6,Route de Stoupan,4.774387,-52.338733
202000026909,6,9,2020,13,1,31,31576,1,1,1,3,A61,43.414958,1.661628
202000026910,5,9,2020,10,1,63,63430,2,7,1,6,Place Antonin Chastel,45.855282,3.548332
202000026911,6,9,2020,20,3,83,83001,1,1,1,2,A8 NORD PK 148+100,43.54202,6.836463
202000026912,7,9,2020,13,1,95,95580,1,1,1,7,D10,49.079755,2.533185
202000026913,4,7,2020,18,1,69,69115,1,9,1,-1,A6,45.970475,4.729201
202000026914,5,9,2020,23,3,13,13103,1,1,1,6,A7,43.675337,5.095757
202000026915,6,9,2020,10,1,974,97418,1,1,1,2,Rue Adolphe Pegoud,-20.897596,55.517526
202000026916,6,9,2020,22,5,971,97102,2,1,2,7,19 Rue Gerville Reache,16.473122,-61.506255
202000026917,5,9,2020,23,5,971,97117,2,2,1,3,Rue Hubert Marignan,16.325607,-61.34771
202000026918,6,9,2020,14,1,06,06075,2,1,1,1,457 Avenue Porte des Alpes,43.855918,7.196922
202000026919,6,8,2020,15,1,05,05169,1,1,1,7,Col de Flachière (Col de montagne),44.356659,5.569983
202000026920,13,8,2020,3,5,67,67256,2,9,1,7,1 rue des ALIZIERS,48.6485775,7.6855201
202000026921,5,9,2020,14,1,57,57724,1,1,1,6,N52,49.263353,6.108822
202000026922,7,9,2020,17,1,74,74094,1,1,1,5,Route de Taninges,46.179537,6.294174
202000026923,7,9,2020,9,1,74,74220,1,1,1,1,Route de l'Eculaz,46.128616,6.301807
202000026924,6,9,2020,15,1,73,73256,1,1,1,1,D902,45.1979377,6.4642718
202000026925,6,9,2020,11,1,73,73050,1,1,1,2,D1504 Route du Tunnel,45.68399,5.851593
202000026926,6,9,2020,21,3,81,81038,1,1,1,1,rd968,43.885986,1.893339
202000026927,6,9,2020,18,1,33,33535,1,1,1,7,Avenue de Branne,44.840485,-0.493628
202000026928,7,8,2020,16,1,974,97412,1,1,1,6,Chemin aimé Lucas,-21.3699592,55.6025804
202000026929,6,8,2020,19,1,27,27507,1,1,1,3,D141,48.926334,1.288244
202000026930,7,8,2020,11,1,30,30221,1,1,1,1,N580,44.036146,4.730237
202000026931,6,8,2020,17,1,56,56169,1,1,1,6,Route Militaire,47.688908,-3.296757
202000026932,6,8,2020,15,1,59,59454,1,1,7,6,D138,50.759373,2.471709
202000026933,3,8,2020,17,1,80,80620,2,1,1,2,Route de Paris,49.904344,2.928629
202000026934,6,8,2020,5,2,80,80718,1,2,1,-1,Route de Villers Bocage,49.945983,2.22279
202000026935,7,8,2020,6,2,65,65401,2,1,1,3,57 Route de Bagneres,43.1835009,0.1020067
202000026936,7,8,2020,14,1,71,71263,2,1,1,6,66 Rue du Guidon,46.6380175,5.2135329
202000026937,5,8,2020,20,2,63,63380,1,1,1,7,D639,45.613572,3.007443
202000026938,5,8,2020,9,1,29,29191,1,1,1,7,Lieu Dit Trevern,48.502549,-3.738532
202000026939,7,8,2020,11,1,38,38144,1,1,1,7,D36,45.592255,5.083516
202000026940,6,8,2020,17,1,02,02506,1,1,1,-1,Route Nationale 2,49.295408,3.182516
202000026941,7,8,2020,19,1,84,84057,1,3,1,1,D102,43.923747,5.257784
202000026942,5,8,2020,15,1,03,03246,1,1,1,7,Moulin de Bartillat,46.3287363,2.4293249
202000026943,6,8,2020,10,1,85,85302,1,1,1,3,D111 ,46.967611,-1.005606
202000026944,7,8,2020,4,3,26,26005,1,1,1,7,Route d'Espeluche,44.506327,4.79514
202000026945,6,8,2020,19,1,58,58294,1,2,7,5,les quatres vents,46.725716,3.257934
202000026946,7,8,2020,10,1,72,72039,2,1,1,6,avenue du 8 mai 1945,48.183888,0.452992
202000026947,7,8,2020,1,3,50,50410,1,1,1,6,L'Ile Pontorson (Pontorson),48.56151,-1.501892
202000026948,7,8,2020,13,1,83,83046,2,1,1,1,D13,43.529217,6.153175
202000026949,5,8,2020,22,3,07,07139,1,1,1,7,D578,44.779246,4.343827
202000026950,5,8,2020,19,1,07,07181,2,6,1,4,,44.747354,4.745555
202000026951,4,8,2020,18,1,21,21154,2,1,1,2,13 Avenue de la Gare,47.868183,4.572747
202000026952,6,8,2020,17,1,24,24214,1,1,1,1,209 Pont de la Doue,45.559,0.57338
202000026953,6,8,2020,17,1,85,85008,1,1,1,6,La Charrie,46.58563,-1.45835
202000026954,2,8,2020,18,1,27,27518,1,2,1,7,D103,49.457002,0.526185
202000026955,4,8,2020,23,3,28,28165,1,1,1,6,D5,48.375722,0.958128
202000026956,7,8,2020,11,1,48,48018,2,1,1,7,Rue de la Gineze,44.506335,3.411384
202000026957,1,8,2020,15,1,24,24278,1,1,1,7,D21,44.772498,0.613968
202000026958,6,8,2020,9,1,13,13091,2,1,1,3,Avenue henri barbusse,43.625662,5.292631
202000026959,5,8,2020,15,1,77,77354,1,9,1,3,A5,48.468397,2.878032
202000026960,2,8,2020,3,3,06,06088,1,1,1,6,"A8, bretelle d'entrée ST AUGUSTIN, chaussée nord, PK 186.61",43.674771,7.197279
202000026961,5,8,2020,16,1,63,63021,1,1,1,2,A75 PK 016+850 Nord/sud,45.6372988,3.1873817
202000026962,19,7,2020,20,5,987,98712,2,1,1,4,"RT2, PK 5.9 C/mer",-17.52325,-149.513682
202000026963,5,8,2020,19,3,988,98822,1,1,1,1,Tribu de Tieti,-20.925087,165.316966
202000026964,2,8,2020,7,1,971,97116,1,1,7,4,Rue du Moule - RN5,16.315279,-61.482797
202000026965,6,8,2020,13,1,971,97117,2,1,1,7,14 Rue Duchassaing,16.331424,-61.347151
202000026966,6,8,2020,23,3,971,97115,1,4,1,5,Impasse de Vincent N 1,16.27278,-61.65633
202000026967,5,8,2020,23,5,78,78160,2,1,1,7,89 Rue de Dampierre,48.703889,2.027431
202000026968,7,8,2020,20,2,66,66008,1,1,1,2,Argelès-sur-Mer,42.533805,3.060443
202000026969,5,8,2020,8,1,83,83107,1,6,7,3,Route Departementale N7,43.463168,6.635793
202000026970,6,8,2020,16,1,05,05052,1,3,1,3,N94,44.678396,6.616119
202000026971,15,6,2020,20,1,04,04197,1,1,1,3,RD 4096,43.7959499,5.775107
202000026972,6,8,2020,19,1,68,68185,2,3,1,4,Grand Breuil,48.2690507,7.2912253
202000026973,6,8,2020,17,1,67,67156,2,1,1,6,1 Rue de la Montee,48.72315,7.757565
202000026974,6,8,2020,22,5,57,57206,2,1,1,7,81 Rue des Ducs de Bar,49.292673,6.104279
202000026975,7,8,2020,16,1,74,74290,1,3,1,3,D1506,46.006099,6.923286
202000026976,5,8,2020,18,1,73,73215,2,2,1,4,D925 - 4 Avenue des Alpes,45.463667,6.116949
202000026977,5,8,2020,18,1,38,38344,2,1,1,3,Rue Fernand Léger,45.37305,4.81287
202000026978,7,8,2020,7,1,38,38565,1,1,1,1,Rue Louis Neel,45.30826,5.61237
202000026979,29,7,2020,13,1,26,26071,1,1,1,4,D532,45.053862,4.919556
202000026980,6,8,2020,10,1,26,26064,1,1,1,2,Route de Crest,44.891056,5.016704
202000026981,7,8,2020,13,1,09,09047,1,1,1,1,Darre Notre-dame,42.909323,1.941447
202000026982,6,8,2020,16,1,33,33227,2,1,1,6,37 Cours Gambetta,44.554107,-0.253637
202000026983,6,8,2020,19,1,85,85226,2,1,1,6,84 Avenue de la Pège,46.74312,-2.00815
202000026984,29,7,2020,17,1,49,49194,2,9,1,3,13 Chemin des Arches,47.457736,-0.262953
202000026985,4,8,2020,18,1,22,22343,2,3,1,3,Rue de Trozoul,48.7721966,-3.5783216
202000026986,7,8,2020,0,3,35,35037,1,1,1,6,La Touche Besnard,48.036458,-1.834119
202000026987,6,8,2020,7,1,60,60575,2,6,1,1,130 Route Nationale,49.2904595,2.2003264
202000026988,7,8,2020,8,1,80,80224,1,1,1,1,rue de nesle,49.727295,2.916226
202000026989,6,8,2020,14,1,13,13202,2,1,1,7,TVPCM-Sens Saint Victor vers Les Ports,43.2913,5.3656
202000026990,5,8,2020,18,1,13,13071,1,1,1,4,A51-Sens Aix en Provence vers Marseille,43.41354,5.36441
202000026991,6,8,2020,0,3,13,13005,1,1,1,-1,A50-Sens Aubagne vers Marseille,43.2919299,5.5690044
202000026992,6,8,2020,14,1,38,38336,1,1,1,4,A7,45.49103,4.83282
202000026993,10,4,2020,12,1,16,16089,2,1,1,1,RN 141,45.6773243,-0.3179494
202000026994,5,8,2020,3,3,69,69199,1,1,1,2,A7   7.000 A 8.630,45.6943456,4.8426456
202000026995,10,4,2020,14,1,13,13205,2,1,1,6,SAINT PIERRE (RUE),43.29149,5.4048
202000026996,9,4,2020,15,1,13,13202,2,2,1,2,MIRES (RUE),43.31105,5.36956
202000026997,1,8,2020,11,1,67,67482,1,1,1,4,Autoroute A.35,48.580796,7.723879
202000026998,10,4,2020,19,1,06,06088,2,1,1,2,MONTREAL (BD DE),43.68503,7.223
202000026999,6,8,2020,9,1,33,33090,1,1,1,2,AUTOROUTE A 63,44.76662,-0.66935
202000027000,10,4,2020,17,1,75,75114,2,1,1,7,PORTE D ORLEANS,48.820562,2.323112
202000027001,6,11,2020,13,1,78,78117,1,1,1,2,RN12,48.787929,2.143641
202000027002,10,4,2020,13,1,75,75112,2,3,1,3,BOULEVARD PONIATOWSKI,48.82925,2.390383
202000027003,5,8,2020,12,1,62,62498,1,1,1,4,AUTOROUTE A21,50.447298,2.838035
202000027004,10,4,2020,14,1,75,75119,2,1,1,3,BOULEVARD MACDONALD,48.898923,2.382868
202000027005,6,11,2020,17,2,95,95306,1,1,1,3, A15,48.9965,2.1808
202000027006,5,8,2020,22,3,91,91689,1,1,1,3,AUTOROUTE A6,48.73299,2.3167
202000027007,10,4,2020,9,1,75,75119,2,3,1,6,AVENUE JEAN JAURES,48.887228,2.387166
202000027008,6,11,2020,8,1,77,77059,1,1,1,-1,A104,48.84644,2.6626
202000027009,6,8,2020,7,1,78,78545,1,1,1,3,A12 Y,48.808315,2.053345
202000027010,9,4,2020,23,5,75,75116,2,1,1,6,QUAI LOUIS BLERIOT,48.841366,2.268862
202000027011,6,8,2020,6,1,92,92050,1,1,1,6,A14,48.9000875,2.2094467
202000027012,10,4,2020,11,1,75,75114,2,3,1,3,RUE D ALESIA,48.831128,2.317157
202000027013,5,11,2020,21,5,94,94069,1,1,1,5,A4,48.8173109,2.4424372
202000027014,6,8,2020,21,5,93,93006,1,1,1,7,AUTOROUTE A3,48.8685,2.4287
202000027015,9,4,2020,22,3,75,75115,2,1,1,6,BOULEVARD PASTEUR,48.839373,2.316173
202000027016,5,11,2020,14,1,974,97416,2,3,1,3,HIPPOLYTE  PIOT (RUE),-21.29863,55.45388
202000027017,6,8,2020,13,1,95,95277,1,1,1,2,AUTOROUTE A3,48.97271,2.4858
202000027018,5,4,2020,18,1,93,93006,2,3,1,-1,DESCARTES RUE,48.8705961,2.4259939
202000027019,5,8,2020,19,1,93,93010,1,1,1,5,AUTOROUTE A3,48.89246,2.47273
202000027020,4,11,2020,12,1,974,97416,1,1,1,2,RN03,-21.32879,55.45278
202000027021,5,8,2020,22,3,95,95563,1,1,1,2,AUTOROUTE A115,49.01039,2.23021
202000027022,10,4,2020,15,1,93,93010,2,6,1,6,R AUGUSTE POLISSARD / R JULES GUESDE,48.9033324,2.4802855
202000027023,5,8,2020,17,1,95,95678,1,1,1,-1,RN 184,49.06017,2.21149
202000027024,10,4,2020,15,1,92,92049,2,7,1,3,JAURES PLACE JEAN,48.8161427,2.3114285
202000027025,5,11,2020,10,1,973,97302,2,2,1,3,MOLE,4.93782,-52.33282
202000027026,24,2,2020,19,5,02,02691,2,1,2,3,PARIS DE 1 A 187-210 (RUE DE),49.83784,3.27098
202000027027,5,8,2020,20,5,974,97409,2,9,1,3,Avenue Ile de France,-20.951805,55.648841
202000027028,10,4,2020,20,2,92,92007,2,1,1,3,RAVERA (AVENUE HENRI) N° 111 A 217 ET 10,48.802376,2.3111241
202000027029,5,11,2020,19,5,69,69387,2,2,1,6,PASTEUR                             (R ),45.7548206,4.8411716
202000027030,5,8,2020,13,1,973,97302,2,1,1,2,MONTABO (ROUTE DE) 3,4.9351482,-52.2936183
202000027031,11,4,2020,1,5,22,22050,2,1,1,7,Rue General de Gaulle,48.4505125,-2.0418692
202000027032,5,8,2020,8,1,69,69199,2,1,1,6,CHARLES PLASSE                      (R ),45.70904,4.85329
202000027033,10,4,2020,15,1,01,01333,1,1,1,1,Départementale 1083,45.921617,4.94764
202000027034,4,11,2020,16,1,95,95252,2,1,1,6,MARAIS (AVENUE DES),48.99032,2.22231
202000027035,1,8,2020,3,5,972,97209,2,1,1,7,LIBERTE (RUE DE LA),14.60311,-61.06889
202000027036,11,4,2020,16,2,59,59605,1,1,7,6,3 Rue Albert Poidevin,51.025374,2.497241
202000027037,5,8,2020,8,1,2A,2A004,2,1,1,2,LAETIZIA RCE RUE HENRI MAILLOT,41.92404,8.73005
202000027038,4,11,2020,14,1,95,95176,2,1,1,1,CLEMENCEAU (BOULEVARD GEORGES),48.97015,2.19386
202000027039,10,4,2020,22,3,32,32256,1,1,1,1,N21,43.530318,0.417309
202000027040,9,4,2020,19,1,55,55027,2,2,1,3,Rue du Milieu,48.958212,5.499135
202000027041,5,11,2020,12,1,91,91432,2,3,1,3,AV BLAISE PASCAL,48.69675,2.33277
202000027042,11,4,2020,10,1,35,35097,1,1,1,6,La Brétinière,47.9908146,-1.2319703
202000027043,3,8,2020,18,1,87,87085,2,1,1,3,MONTEGUT (RUE EMILE),45.82516,1.24179
202000027044,4,11,2020,8,1,91,91027,2,1,1,3,RUE EDOUARD VAILLANT,48.70854,2.39838
202000027045,7,4,2020,8,1,01,01039,1,1,7,6,D904,45.852426,5.75543
202000027046,4,8,2020,16,1,86,86194,2,1,1,6,Avenue John Kennedy,46.585198,0.366274
202000027047,11,4,2020,5,3,58,58168,1,1,1,6,D985,46.826434,3.953721
202000027048,4,11,2020,9,1,86,86194,2,6,1,3,Route de Nouaille,46.5637633,0.365227
202000027049,4,8,2020,13,1,85,85194,1,1,1,5,RD 160,46.51623,-1.75418
202000027050,10,4,2020,14,1,09,09247,1,1,1,6,D33a,42.9571319,1.2554397
202000027051,5,11,2020,18,2,86,86066,2,1,1,2,Route de Nonnes,46.792659,0.537225
202000027052,5,8,2020,19,1,83,83069,2,1,1,6,DENIS (AVENUE ALPHONSE),43.12105,6.13505
202000027053,11,4,2020,14,1,60,60584,1,1,1,7,D12,49.2314224,2.4121136
202000027054,10,4,2020,16,1,18,18221,1,1,1,6,Rousson,46.824048,2.350017
202000027055,5,11,2020,6,5,85,85191,2,2,1,3,Boulevard Jean Yole,46.6804,-1.43012
202000027056,3,8,2020,19,1,83,83069,2,1,7,1,LOUBES (ROUTE DES),43.11026,6.1186
202000027057,10,4,2020,21,3,07,07240,1,9,1,6,Route de Pierremale,44.8703818,4.8090887
202000027058,16,10,2020,19,5,83,83137,2,1,1,1,MOULINS (AVE DES DE 328 A FIN,43.139937,5.913096
202000027059,4,8,2020,11,1,80,80021,2,2,1,3,PAUL SAUTAI (RUE),49.885751,2.30248
202000027060,11,4,2020,9,1,74,74268,1,3,1,3,avenue d'aix les bains,45.870949,6.07467
202000027061,4,8,2020,14,1,80,80021,2,1,1,6,JEAN CATELAS (RUE),49.89539,2.29076
202000027062,3,11,2020,11,1,77,77059,2,6,1,3,AVENUE DE L'EUROPE,48.84094,2.65921
202000027063,10,4,2020,16,1,84,84003,2,4,1,6,Cours Lauze de Perret,43.873755,5.397522
202000027064,5,8,2020,16,1,78,78350,2,9,1,6,GENERAL LECLERC (RUE DU),48.8588,2.1193
202000027065,23,10,2020,7,3,77,77216,1,9,3,-1,D 607,48.2967,2.67969
202000027066,10,4,2020,17,1,50,50601,2,5,1,-1,1 Rue Victor Hugo,49.034967,-0.97891
202000027067,5,11,2020,4,5,76,76681,2,1,9,3,14 JUILLET. AVENUE DU,49.40787,1.09049
202000027068,11,4,2020,16,1,14,14384,2,1,1,7,46 Avenue Pierre Laurent,49.313988,-0.352496
202000027069,4,11,2020,17,1,76,76351,2,3,1,2,PAUL BERT (AVENUE).,49.50799,0.16824
202000027070,10,4,2020,12,1,02,02684,2,9,1,6,36 Rue Léon Blum,49.917426,4.132533
202000027071,7,4,2020,4,5,13,13055,2,1,1,6,A507 sens Marseille - Aubagne,43.33006,5.389398
202000027072,4,8,2020,15,1,74,74012,2,1,1,6,VETERANS (RUE DES),46.19377,6.234412
202000027073,4,11,2020,9,1,76,76351,2,3,1,6,ALBERT SAMAIN,49.51673,0.09296
202000027074,10,4,2020,20,2,94,94043,1,1,1,7,AUTOROUTE A6B,48.8157,2.3564
202000027075,10,4,2020,19,1,91,91377,1,1,1,6,RD 444,48.731124,2.239608
202000027076,5,11,2020,20,5,72,72181,2,9,1,3,DURAND GEORGES (AV) N° IMP 313 ET plus,47.96344,0.22125
202000027077,4,8,2020,19,1,69,69282,2,1,1,-1,REPUBLIQUE (DE)                     (R ),45.76676,4.99999
202000027078,10,4,2020,15,1,91,91521,1,1,1,7,RN 440,48.63287,2.40269
202000027079,15,1,2020,19,5,86,86194,2,1,1,3,Avenue de l’Europe,46.5912884,0.3519166
202000027080,5,8,2020,14,1,68,68256,1,1,1,6,,47.75734,7.30444
202000027081,5,11,2020,13,1,71,71153,2,3,1,6,MOINEAUX (RUE DES),46.803698,4.4186234
202000027082,5,2,2020,16,1,34,34032,2,1,1,7,PEZENAS (ROUTE DE),43.35785,3.2433
202000027083,5,11,2020,12,1,67,67482,2,1,1,6,ROME (RUE DE),48.5772935,7.7669046
202000027084,9,4,2020,9,1,974,97411,2,1,1,6,Rue Lory les Hauts,-20.8937028,55.4818299
202000027085,9,4,2020,1,5,76,76319,2,1,1,7,ESSARTS. RUE DES (CD 13),49.35287,1.01308
202000027086,8,4,2020,9,1,69,69264,2,1,1,6,BENDER  EMILE (rue),45.98007,4.73847
202000027087,6,4,2020,1,3,59,59375,2,1,1,7,HEIN LOUIS(RUE),50.40678,3.27929
202000027088,5,8,2020,1,4,67,67204,2,3,1,1,REPUBLIQUE (RUE DE LA),48.6213979,7.7552301
202000027089,9,4,2020,13,1,59,59122,2,3,1,3,SOLESMES (RUE DE),50.1787,3.24833
202000027090,8,4,2020,17,1,34,34172,2,1,1,6,BARCELONE (AVENUE DE),43.625051,3.817419
202000027091,5,11,2020,8,2,67,67482,2,1,1,1,LYON (BOULEVARD DE),48.5748547,7.735105
202000027092,4,8,2020,10,1,67,67482,2,1,8,2,SCHIRMECK (ROUTE DE),48.5694,7.71063
202000027093,9,4,2020,23,5,29,29019,2,6,1,6,Rue de Maissin,48.3908,-4.5035
202000027094,1,8,2020,12,1,66,66136,2,1,1,2,JOFFRE (AVENUE DU MARECHAL CD 88),42.71276,2.88934
202000027095,5,8,2020,18,1,64,64483,2,3,1,3,ITHURRALDE ANDRE (AVENUE),43.3923989,-1.6530534
202000027096,5,11,2020,8,1,59,59648,2,2,1,1,CLEMENCEAU RUE,50.59958,3.05328
202000027097,5,8,2020,11,1,64,64260,2,1,1,3,MER (BOULEVARD DE LA),43.37467,-1.76647
202000027098,29,10,2020,13,1,58,58194,2,1,1,4,DOCKS,46.9954,3.1482
202000027099,5,8,2020,15,1,64,64237,1,1,7,4,route des fontaines,43.278151,-0.366495
202000027100,5,8,2020,9,1,64,64024,2,6,1,2,BAB (BOULEVARD DU),43.49674,-1.50976
202000027101,4,8,2020,14,1,63,63164,2,1,1,7,BARDIN (IMPASSE CLAUDIUS),45.8359407,3.147486
202000027102,4,8,2020,16,1,59,59350,2,1,1,6,ARTS RUE DES           N°39 A FIN,50.63841,3.06639
202000027103,4,11,2020,19,5,57,57306,2,3,1,3,SAINT-JEAN (AVENUE),49.35439,6.06324
202000027104,5,8,2020,14,1,59,59043,2,2,1,3,PHILIPPE VAN TIEGHEM (RUE),50.73187,2.72771
202000027105,5,8,2020,13,1,51,51454,2,1,1,2,Boulevard Paul Doumer,49.2498215,4.0252414
202000027106,4,11,2020,17,1,56,56107,2,6,7,6,KERHOAS (RUE DE),47.72474,-3.38635
202000027107,8,4,2020,19,1,19,19275,1,1,1,1,PONTY (ROUTE DE),45.5496844,2.2787176
202000027108,4,11,2020,18,5,55,55545,2,1,1,6,LUXEMBOURG ( AVENUE DU ),49.16749,5.38689
202000027109,4,8,2020,16,1,50,50647,2,1,1,2,EUROPE (AVENUE DE L'),48.83889,-1.55984
202000027110,9,4,2020,14,1,13,13056,1,1,1,2,ROUTE DU PORT DE LAVERA,43.39475,5.01101
202000027111,4,8,2020,15,1,49,49007,1,1,1,1,ATLANTIQUE  AVENUE DE L',47.464671,-0.5744
202000027112,5,11,2020,11,1,51,51454,2,2,1,7,Place du Forum,49.2561708,4.033451
202000027113,4,8,2020,17,1,41,41018,2,2,1,-1,MAUNOURY (AVENUE DE MARECHAL),47.603154,1.349583
202000027114,5,8,2020,22,5,37,37261,2,1,1,6,FEBVOTTE (RUE),47.3789727,0.6913369
202000027115,5,8,2020,17,1,35,35238,2,1,1,2,159 rue de Lorient,48.10687,-1.72757
202000027116,9,4,2020,12,1,75,75114,2,2,1,2,AVENUE DU GENERAL LECLERC,48.82959,2.328415
202000027117,5,11,2020,8,1,51,51573,2,3,1,-1,Chemin des Femmes,49.2428462,3.9896173
202000027118,5,8,2020,22,5,34,34172,2,1,1,3,LIBERTE (AVENUE DE LA,43.59756,3.87505
202000027119,5,8,2020,10,1,34,34129,1,1,1,6,PALAVAS D986 (ROUTE DE),43.56604,3.89475
202000027120,3,8,2020,17,1,34,34032,2,9,1,2,ROUTE DEPARTEMENTALE 612,43.3658,3.22632
202000027121,5,11,2020,21,5,44,44109,2,1,1,7,Rue de la Bastille,47.21958,-1.57151
202000027122,5,8,2020,8,1,33,33281,2,4,1,3,AVE PRESIDENT J.F. KEN/NEDY / AVE JEAN PERRIN,44.83448,-0.67115
202000027123,4,11,2020,9,1,41,41295,1,4,5,1,AVENUE DES NOELS,47.59669,1.37911
202000027124,8,4,2020,22,5,75,75115,2,2,1,6,RUE DE DANTZIG,48.833504,2.298692
202000027125,4,11,2020,19,5,37,37261,2,1,1,6,MARECHAL JUIN (BD),47.4126286,0.7030307
202000027126,9,4,2020,19,1,75,75118,2,1,1,6,RUE PHILIPPE DE GIRARD,48.885263,2.361294
202000027127,3,11,2020,16,1,37,37261,2,1,1,6,BELLINI (RUE),47.3669421,0.710189
202000027128,5,11,2020,20,5,35,35051,2,1,1,6,RENNES (RUE DE),48.11411,-1.62659
202000027129,8,4,2020,22,5,94,94081,2,2,1,3,PAUL VAILLANT COUTURIER (AV),48.7875,2.39058
202000027130,8,4,2020,18,1,94,94078,2,1,1,7,REPUBLIQUE (AV DE LA),48.729319,2.44986
202000027131,9,4,2020,9,1,93,93066,2,1,1,3,BD DE LA LIBERATION,48.9242243,2.3425071
202000027132,5,8,2020,9,1,33,33529,2,1,1,1,112 Boulevard de l'Ocean,44.62764,-1.20241
202000027133,5,11,2020,7,1,34,34172,2,1,1,3,DUBOUT (AVENUE ALBERT),43.5969625,3.8834189
202000027134,9,3,2020,16,2,92,92012,2,2,1,2,PONT DE SEVRES (ROND POINT DU),48.832093,2.253057
202000027135,10,3,2020,9,1,974,97415,2,1,1,1,22 Chemin Labbe,-21.066155,55.280365
202000027136,4,8,2020,22,2,28,28134,2,1,1,6,DUNANT (RUE HENRI),48.73767,1.39121
202000027137,4,8,2020,17,1,31,31555,2,1,1,7,AV DE LA GARONNETTE,43.59841,1.4407
202000027138,5,8,2020,2,3,29,29232,1,1,1,7,D100 - Bld Pointe du Van,48.0028771,-4.1395605
202000027139,5,11,2020,8,1,27,27701,1,1,8,5,SAINT PIERRE DU VAUVRAY (ANC CHEMIN,49.24021,1.192979
202000027140,6,11,2020,0,5,14,14117,2,2,1,3,ALBERT SERGENT (AVENUE),49.29151,-0.12279
202000027141,9,4,2020,12,1,22,22370,1,1,1,7,D7,48.670276,-3.023279
202000027142,5,8,2020,15,1,27,27229,2,1,1,2,ROOSEVELT (RUE FRANKLIN DELANO),49.0221,1.152
202000027143,5,8,2020,17,1,24,24322,2,1,1,3,BOULEVARD GEORGESSAUMANDE,45.18813,0.72991
202000027144,2,8,2020,17,1,22,22215,1,1,1,7,BOIS JOLI (RUE DU),48.47013,-2.80367
202000027145,10,4,2020,11,1,38,38226,2,9,1,7,Chemin du Serre Bertras,44.81,5.74237
202000027146,31,7,2020,15,1,17,17333,2,1,1,6,JUIN (AVENUE MARECHAL),45.61203,-0.99077
202000027147,5,11,2020,20,5,13,13213,2,1,1,3,OLIVES (AVENUE DES),43.32816,5.43438
202000027148,4,8,2020,10,1,14,14366,2,2,1,6,SAINTE ANNE (BOULEVARD),49.14288,0.22535
202000027149,10,4,2020,4,3,59,59213,1,1,1,7,D643,50.153236,3.328643
202000027150,5,11,2020,17,2,13,13207,2,2,1,1,CORSE (AVENUE DE LA),43.28929,5.35757
202000027151,5,11,2020,15,1,13,13205,2,1,1,1,SAINT PIERRE (RUE),43.29066,5.42025
202000027152,9,4,2020,22,3,49,49228,1,1,1,6,La Petite Beauce (Meigné-le-Vicomte),47.511715,0.101135