Num_Acc,jour,mois,an,hr,condition_eclairage,departement,commune,condition_agglomeration,intersection,condition_atmosphere,type_collision,adresse,lattitude,longitude
202000027153,5,11,2020,14,1,13,13207,2,1,1,6,TELLENE (BOULEVARD),43.28501,5.3683
202000027154,8,4,2020,19,1,12,12142,1,1,1,1,D994,44.4024339,2.3551983
202000027155,3,11,2020,9,1,08,08105,2,1,1,6,THEATRE RUE,49.773713,4.718788
202000027156,10,4,2020,17,1,41,41176,1,1,1,6,D122,47.517452,2.131981
202000027157,5,11,2020,18,5,75,75112,2,1,1,3,BOULEVARD PERIPHERIQUE,48.828471,2.397418
202000027158,8,4,2020,19,1,29,29271,1,1,1,6,lieu dit kerscouejou,48.5651438,-4.148376
202000027159,5,11,2020,8,1,75,75117,2,1,1,4,BOULEVARD PERIPHERIQUE,48.900673,2.326149
202000027160,8,4,2020,18,1,29,29063,1,1,7,7,Lieu Dit Mespirit,48.0543934,-4.5715651
202000027161,5,11,2020,9,1,75,75106,2,3,1,-1,IMPASSE DE CONTI,48.85717,2.338596
202000027162,5,8,2020,16,1,14,14118,2,2,1,3,HAMELIN (QUAI AMIRAL),49.17924,-0.34885
202000027163,5,11,2020,13,1,75,75119,2,2,1,6,RUE PETIT,48.88524,2.384605
202000027164,10,4,2020,0,4,03,03033,2,2,1,6,1 Route des Etangs,46.1852823,3.4884755
202000027165,5,8,2020,16,1,13,13208,2,1,1,6,DOCTEUR BERTRAND (RUE),43.246572,5.381482
202000027166,10,4,2020,6,1,05,05017,1,3,1,3,Chemin du Torrent des Tours,44.574519,6.169655
202000027167,5,8,2020,9,1,13,13207,2,1,1,6,RAMPE SAINT MAURICE,43.29086,5.36359
202000027168,10,4,2020,9,1,37,37050,2,1,1,7,rue James Joule,47.3380897,0.7037777
202000027169,9,4,2020,13,1,978,97801,2,1,7,1,RN7,18.069294,-63.035318
202000027170,5,8,2020,1,5,13,13208,2,1,1,2,MENDES FRANCE (AVENUE),43.25402,5.3762
202000027171,19,2,2020,7,2,83,83116,1,1,1,2,A8,43.463791,5.855069
202000027172,5,11,2020,9,1,75,75119,2,2,1,3,RUE SIGMUND FREUD,48.882005,2.402498
202000027173,4,8,2020,17,1,13,13209,2,9,1,3,REDON (BOULEVARD DU),43.24967,5.42267
202000027174,5,11,2020,7,2,75,75118,2,3,1,6,BOULEVARD NEY,48.898701,2.368367
202000027175,5,8,2020,10,1,13,13028,2,9,1,-1,CD.559,43.192081,5.607261
202000027176,28,3,2020,7,1,971,97124,2,1,1,6,Rue des Boutons d'Or,16.020236,-61.712882
202000027177,3,8,2020,20,1,13,13028,2,1,6,2,Rond-point de la locomotive,43.192073,5.604819
202000027178,5,11,2020,11,1,75,75117,2,1,1,3,AVENUE DE VILLIERS,48.885262,2.294794
202000027179,10,4,2020,14,1,45,45311,2,2,1,1,RD11 - PR4+970,47.8366601,2.2255562
202000027180,4,8,2020,17,1,10,10387,2,6,1,2,CHOMEDEY DE MAISONNEUVE (AVE),48.31509,4.06346
202000027181,5,11,2020,19,5,75,75115,2,3,1,3,RUE LECOURBE,48.844514,2.30918
202000027182,29,3,2020,15,1,91,91461,1,1,1,6,route de limours,48.603517,2.211084
202000027183,4,8,2020,17,1,10,10387,2,1,1,6,JUMELAGES (RUE DES),48.30347,4.09477
202000027184,5,11,2020,12,1,75,75115,2,1,1,3,RUE ROUELLE,48.84919,2.290434
202000027185,5,11,2020,9,1,75,75113,2,1,1,3,RUE DE TOLBIAC,48.826174,2.35792
202000027186,5,11,2020,15,1,75,75112,2,3,1,6,BOULEVARD DIDEROT,48.84715,2.385007
202000027187,24,3,2020,11,1,34,34154,1,1,1,3,D189,43.617639,3.983102
202000027188,5,8,2020,21,2,06,06069,2,1,1,3,SAINT LAURENT (AVENUE),43.679994,6.955919
202000027189,5,11,2020,6,5,75,75104,2,1,1,6,BOULEVARD BEAUMARCHAIS,48.854545,2.368808
202000027190,9,4,2020,13,1,57,57288,2,1,1,2,D73,49.18232,6.660385
202000027191,5,8,2020,16,2,06,06069,2,1,1,7,CAUVIN (AVENUE LOUIS),43.64203,6.95931
202000027192,4,11,2020,12,1,94,94068,2,2,1,6,RABELAIS (BD),48.80654,2.47875
202000027193,5,4,2020,4,3,07,07042,2,1,1,6,Avenue Albertine Maurin,44.3706488,4.6384991
202000027194,5,11,2020,20,5,94,94018,2,1,1,3,4 R DU PONT,48.81785,2.41977
202000027195,5,8,2020,8,1,06,06069,2,1,1,3,RIOU (CHEMIN DU),43.666614,6.936449
202000027196,9,4,2020,9,1,94,94038,1,1,1,6,AUTOROUTE A6B,48.77288,2.34554
202000027197,8,4,2020,13,1,93,93073,1,1,1,6,AUTOROUTE A104,48.96689,2.56063
202000027198,5,11,2020,17,5,94,94076,2,3,1,7,MAXIME GORKI (BD),48.791586,2.369437
202000027199,4,8,2020,16,1,06,06027,1,1,1,1,GAUDE AVENUE DE LA,43.682441,7.149468
202000027200,9,4,2020,14,1,94,94073,1,1,1,7,A86 EXT,48.7683,2.37887
202000027201,5,11,2020,17,5,94,94037,2,1,1,1,GABRIEL PERI (R),48.807293,2.346709
202000027202,3,10,2020,9,1,93,93027,1,1,1,6,AUTOROUTE A86,48.92853,2.41356
202000027203,31,1,2020,7,2,45,45208,2,1,2,1,RUE DU CHATEAU,47.998951,2.729041
202000027204,5,8,2020,9,1,75,75112,2,4,1,2,ECHANGEUR BERCY,48.827727,2.394626
202000027205,5,11,2020,8,1,94,94073,2,1,1,6,REPUBLIQUE (AV DE LA),48.7678,2.39445
202000027206,21,1,2020,8,1,74,74305,2,1,1,2,VOIRONS (RUE DES),46.20235,6.25676
202000027207,2,10,2020,19,3,95,95042,1,1,2,2,RN 104,49.061926,2.318664
202000027208,4,11,2020,23,5,94,94017,2,1,1,6,61 Avenue Marx Dormoy,48.808252,2.525088
202000027209,3,8,2020,9,1,75,75120,2,1,1,2,BOULEVARD PERIPHERIQUE,48.851873,2.414958
202000027210,4,11,2020,13,1,94,94002,2,1,1,1,JEAN BAPTISTE CLEMENT (QU),48.79611,2.42208
202000027211,3,10,2020,8,1,93,93078,1,1,1,6,AUTOROUTE A104,48.9633673,2.5213299
202000027212,4,11,2020,8,1,93,93066,2,9,1,6,LENINE (AVENUE) NR 2 A 26,48.9419,2.36565
202000027213,4,8,2020,23,5,75,75116,2,2,1,6,AVENUE HENRI MARTIN,48.863867,2.271978
202000027214,8,4,2020,14,1,91,91589,2,3,1,3,DUNANT (RUE HENRI),48.679927,2.342266
202000027215,3,10,2020,5,3,92,92036,1,1,1,2,AUTOROUTE A15,48.9494783,2.2805791
202000027216,5,8,2020,9,1,75,75119,2,1,1,6,RUE DE BELLEVILLE,48.873538,2.38354
202000027217,5,11,2020,8,1,93,93077,2,9,1,3,TOUR (ALLEE DE LA),48.8968554,2.5041457
202000027218,5,11,2020,14,1,93,93053,2,3,1,4,JULES FERRY (RUE),48.8941263,2.4706917
202000027219,8,4,2020,4,5,91,91223,2,6,1,3,VICTOIRE (ROND-POINT DE LA),48.437203,2.163447
202000027220,3,10,2020,5,3,95,95572,1,1,2,-1, A15,49.0328358,2.1080398
202000027221,5,11,2020,12,1,93,93001,2,1,1,6,AV DE LA REPUBLIQUE,48.91434,2.38172
202000027222,5,8,2020,19,1,75,75118,2,2,1,3,AVENUE DE LA PORTE DE LA CHAPELLE,48.898707,2.359361
202000027223,2,10,2020,23,4,95,95394,1,1,2,6, A115,49.0489059,2.1820867
202000027224,7,4,2020,17,1,86,86194,2,3,1,3,Rue Olivier de Serres,46.596255,0.329731
202000027225,4,11,2020,13,5,92,92019,2,1,1,-1,SALENGRO ROGER (AVENUE),48.7740345,2.2769229
202000027226,5,11,2020,13,1,92,92020,2,1,1,6,PARIS AVENUE DE N°84 A FIN,48.806723,2.293424
202000027227,5,8,2020,19,1,75,75117,2,2,1,6,BOULEVARD PEREIRE,48.877385,2.284052
202000027228,8,4,2020,12,1,83,83137,2,2,1,3,ILES D'OR (AVE DES),43.1302,5.9764
202000027229,2,10,2020,18,1,93,93005,1,1,2,3,AUTOROUTE A3,48.924297,2.4808533
202000027230,5,11,2020,18,5,92,92040,2,1,1,1,GENERAL DE GAULLE (AVE DU) 87 A 127,48.818245,2.277231
202000027231,3,4,2020,22,5,83,83069,2,1,1,7,BELLEVUE (CHEMIN DE ),43.12666,6.14682
202000027232,3,8,2020,17,1,75,75116,2,2,1,3,BOULEVARD MURAT,48.845321,2.257552
202000027233,5,11,2020,10,1,92,92040,2,9,1,7,MAXIMILIEN ROBESPIERRE,48.8205213,2.2690952
202000027234,7,4,2020,14,1,71,71153,2,9,1,3,Rue Baptiste Marcet,46.7975706,4.4333251
202000027235,2,10,2020,12,1,93,93053,1,1,2,4,AUTOROUTE A103,48.8842,2.4711
202000027236,5,11,2020,9,1,92,92040,2,1,1,6,VICTOR HUGO,48.8281643,2.2735403
202000027237,5,8,2020,2,5,75,75114,2,3,1,3,RUE RAYMOND LOSSERAND,48.833432,2.31716
202000027238,8,4,2020,13,1,69,69266,2,3,1,3,EMILE ZOLA     (Cours),45.7681717,4.8869565
202000027239,2,10,2020,11,1,93,93008,1,1,2,3,AUTOROUTE A86,48.90877,2.44963
202000027240,5,8,2020,10,1,75,75113,2,2,1,3,BOULEVARD DE L HOPITAL,48.838854,2.361001
202000027241,30,3,2020,10,1,69,69264,2,1,1,6,BLANC  LOUIS  BD,45.98852,4.72149
202000027242,5,11,2020,6,5,92,92036,2,1,1,3,MARCEL PAUL (AVENUE) (2/50),48.938571,2.3041357
202000027243,4,1,2020,18,5,69,69266,2,1,1,4,LAURENT BONNEVAY    (Boulevard),45.78735,4.8857
202000027244,4,8,2020,19,1,75,75112,2,2,1,3,QUAI DE LA RAPEE,48.843435,2.3707
202000027245,8,4,2020,8,1,67,67447,2,1,1,3,30 Avenue de l'Europe,48.61542,7.71899
202000027246,5,8,2020,19,1,75,75110,2,4,1,3,RUE D ABBEVILLE,48.878555,2.35054
202000027247,5,11,2020,15,1,92,92024,2,6,1,3,FRANCOIS MITERRAND (PLACE),48.9030112,2.3126999
202000027248,2,10,2020,5,1,976,97611,2,1,1,2,m'tsapere-Nationale 2 (route),-12.8078156,45.2045326
202000027249,5,8,2020,12,1,75,75108,2,7,1,7,PLACE DE LA MADELEINE,48.870941,2.324371
202000027250,2,3,2020,17,1,61,61169,2,3,1,3,11EME DB (RUE DE LA),48.750792,-0.567611
202000027251,4,11,2020,11,1,92,92004,1,9,1,6,ROBERT DUPONT,48.9193606,2.2804959
202000027252,2,10,2020,8,1,974,97411,2,2,1,3,Boulevard Jean Jaurès,-20.889442,55.450648
202000027253,3,4,2020,13,1,56,56098,2,6,1,6,ARAGO (RUE  DOMINIQUE ),47.78297,-3.33863
202000027254,6,11,2020,16,1,35,35219,1,1,1,1,RD 177,47.776152,-1.930528
202000027255,5,8,2020,20,1,75,75107,2,1,1,3,QUAI BRANLY,48.861925,2.29884
202000027256,7,4,2020,20,2,37,37261,2,2,1,3,GRAMMONT (AVENUE DE),47.3784277,0.6937076
202000027257,6,11,2020,13,1,80,80016,2,9,1,7,Intermarché (Supermarché),49.994549,2.660791
202000027258,2,10,2020,7,2,973,97302,2,3,2,3,UNIVERSITE CHICAGO (RUE DE),4.933299,-52.2992349
202000027259,8,4,2020,12,1,31,31555,2,1,2,3,RUE DU FAUBOURG BONNEFOY,43.6160236,1.453165
202000027260,7,4,2020,20,2,31,31555,2,1,1,6,LATTRE DE TASSIGNY (AV DU MARECHAL DE) D,43.58025,1.43762
202000027261,6,11,2020,7,1,80,80129,1,1,1,6,D938,50.01331,2.624917
202000027262,8,4,2020,6,2,13,13205,2,1,1,2,SAINT PIERRE (RUE),43.292878,5.403916
202000027263,2,10,2020,10,1,69,69383,2,1,2,6,DOCTEUR BOUCHUT (DU)                (R ),45.759424,4.8545569
202000027264,5,8,2020,9,1,75,75103,2,3,1,2,PLACE DE LA REPUBLIQUE,48.867338,2.363343
202000027265,6,11,2020,15,1,87,87002,2,2,1,2,Avenue Francois Mitterrand,45.952998,1.39933
202000027266,8,4,2020,9,1,10,10343,2,6,1,3,CHATEAU DES COURS (RUE DU),48.27199,4.09081
202000027267,5,8,2020,7,1,94,94081,2,9,1,3,YOURI GAGARINE (AV),48.78613,2.39189
202000027268,2,10,2020,2,5,69,69383,2,2,1,3,BARABAN (R),45.7613,4.86827
202000027269,5,11,2020,19,3,43,43076,1,1,5,6,D201,45.322326,3.65171
202000027270,8,4,2020,19,1,75,75117,2,1,1,2,PORTE DE CHAMPERRET,48.885193,2.287302
202000027271,4,8,2020,13,1,94,94067,2,2,1,3,GENERAL LECLERC (CENTRE (PL DU),48.84671,2.41768
202000027272,2,10,2020,7,1,972,97213,2,1,2,3,NELSON MANDELA,14.61255,-60.99787
202000027273,4,11,2020,12,1,11,11203,2,1,1,3,RD611,43.182203,2.747998
202000027274,8,4,2020,17,1,75,75118,2,1,1,6,RUE FEUTRIER,48.886968,2.346043
202000027275,2,10,2020,17,2,972,97209,1,1,2,6,RD 41 (ROCADE),14.61345,-61.0762
202000027276,4,8,2020,18,1,94,94068,2,3,1,7,CHANZY (AV),48.790092,2.518283
202000027277,5,11,2020,17,1,56,56010,1,1,1,6,Guernalain,47.8702368,-3.061028
202000027278,8,4,2020,15,1,75,75115,2,7,1,6,AVENUE FELIX FAURE,48.836919,2.278758
202000027279,2,10,2020,10,1,972,97209,2,1,1,1,BEAUSEJOUR JAMBETTE (ROUTE),14.643262,-61.043574
202000027280,4,8,2020,16,1,94,94068,2,1,1,2,BAC (AV DU),48.79747,2.504003
202000027281,5,11,2020,18,3,59,59587,2,6,1,3,Route d'Hazebrouck,50.803314,2.576723
202000027282,8,4,2020,20,2,75,75112,2,2,1,6,BOULEVARD SOULT,48.846916,2.411153
202000027283,6,11,2020,4,3,79,79161,2,1,1,6,12 Rue de la Thibaudière,46.923445,-0.220712
202000027284,2,10,2020,9,1,2B,2B037,1,1,1,4,TOUTES RUES,42.62971,9.43755
202000027285,8,4,2020,18,1,75,75107,2,1,1,6,QUAI BRANLY,48.858493,2.292465
202000027286,4,8,2020,13,1,94,94068,2,1,1,7,LEDRU ROLLIN (R),48.78999,2.49001
202000027287,5,11,2020,21,3,33,33406,1,1,1,6,D17,44.89504,-0.05814
202000027288,28,9,2020,12,1,971,97120,2,1,1,6,HANNE (BOULEVARD),16.240612,-61.533795
202000027289,8,4,2020,13,1,94,94041,2,1,1,6,REPUBLIQUE (AV DE LA),48.80618,2.39325
202000027290,2,10,2020,8,1,2A,2A004,2,1,1,-1,PRINCE IMPERIAL COURS,41.9341702,8.7472323
202000027291,8,4,2020,18,1,92,92040,2,1,1,6,HOCHE,48.8238986,2.2695981
202000027292,5,8,2020,2,5,94,94019,2,1,1,1,ARISTIDE BRIAND (R),48.79,2.53
202000027293,6,11,2020,7,2,33,33514,1,2,1,3,D1215,45.506106,-1.092678
202000027294,8,4,2020,22,3,22,22104,1,1,1,6,La Basse Touche,48.406001,-2.191837
202000027295,29,9,2020,13,1,95,95500,2,1,9,6,JEAN JAURES (BOULEVARD),49.051539,2.099974
202000027296,5,11,2020,11,1,33,33125,2,3,1,3,D104,45.225511,-0.832222
202000027297,9,4,2020,18,1,60,60395,2,1,1,6,Rue Salvador Allende,49.230466,2.127394
202000027298,4,8,2020,20,5,94,94017,2,1,1,1,ROGER SALENGRO (AV),48.7966308,2.5487423
202000027299,1,10,2020,23,3,91,91421,1,1,1,2,NATIONALE 6 (GLACIERE),48.71068,2.44181
202000027300,5,8,2020,20,2,93,93073,1,1,1,1,CHAPIT RE ( RUE DU),49.0038,2.5368
202000027301,2,10,2020,13,1,91,91027,2,4,2,-1,DUNANT (AVENUE HENRI),48.7191,2.40115
202000027302,8,4,2020,17,1,76,76226,2,1,7,6,2 Rue des Hetres,49.790449,0.4849
202000027303,5,8,2020,14,1,93,93073,1,1,1,2,CHAPIT RE ( RUE DU),48.99498,2.51735
202000027304,6,11,2020,16,1,89,89125,1,1,1,1,Rue d'Auxerre,47.621697,3.495345
202000027305,8,4,2020,18,1,76,76452,2,6,1,7,Rue de Bois Isambert,49.54358,1.104201
202000027306,1,10,2020,20,5,91,91103,2,2,1,6,HUGO VICTOR (PLACE),48.60773,2.30578
202000027307,31,3,2020,0,3,61,61385,1,1,1,6,Lieu Dit la Siaule,48.816108,0.280167
202000027308,5,11,2020,5,3,35,35162,1,1,1,6,La Berhaudière,48.495756,-1.105821
202000027309,5,8,2020,11,1,93,93078,2,2,1,3,CLEMENCEAU (AVENUE GEORGES),48.9582,2.5585
202000027310,1,10,2020,14,1,87,87085,2,1,1,6,CLOS DE LA BREGERE (RUE DU),45.85146,1.26587
202000027311,5,8,2020,21,2,93,93051,2,1,1,2,PAUL PAMBRUN (BOULEVARD),48.85012,2.55103
202000027312,5,11,2020,8,1,38,38130,1,1,8,2,Route de la Gare,45.377541,5.263213
202000027313,8,4,2020,16,1,86,86281,1,1,1,1,D18,46.734846,0.190233
202000027314,1,10,2020,11,1,87,87085,2,1,2,3,CURIE  (RUE PIERRE ET MARIE),45.8245,1.24879
202000027315,9,4,2020,10,1,02,02571,1,1,1,3,D8,49.884183,3.308355
202000027316,6,11,2020,8,1,03,03230,1,1,1,7,D25,46.1452827,3.5415731
202000027317,6,11,2020,14,1,01,01272,1,1,1,6,D936,46.143165,4.981034
202000027318,8,4,2020,21,3,58,58122,1,1,1,6,D38,47.2578444,3.0507434
202000027319,5,8,2020,7,1,93,93046,2,1,1,4,AV ARISTIDE BRIAND,48.9147,2.52731
202000027320,1,10,2020,7,2,85,85191,1,1,1,1,RD 37,46.69315,-1.42495
202000027321,9,4,2020,8,1,50,50260,1,1,1,3,Le Domaine Juvigny-tertre (Juvigny-le-Tertre),48.677644,-1.037049
202000027322,20,10,2020,15,1,10,10031,2,2,2,3,Rue des Chaumes,48.550755,3.579011
202000027323,5,8,2020,16,1,93,93061,2,3,1,2,PERI GABRIEL RUE,48.8863361,2.4071758
202000027324,1,10,2020,11,1,83,83069,2,1,1,2,MOULIN PREMIER (CHEMIN DU),43.1288856,6.1551195
202000027325,9,4,2020,18,1,64,64198,2,1,1,6,14 Chemin d'Aussevielle,43.361491,-0.494632
202000027326,5,11,2020,14,1,07,07132,1,1,8,1,D212,44.536478,4.294474
202000027327,5,8,2020,15,1,93,93005,2,2,1,3,MARCEL SEMBAT (RUE),48.935648,2.4856713
202000027328,8,4,2020,14,1,73,73092,1,1,1,6,D45,45.452698,5.818712
202000027329,1,10,2020,14,1,80,80021,2,1,2,6,EMILE LESOT (RUE),49.90866,2.29178
202000027330,6,11,2020,5,3,27,27453,1,1,1,1,D1,49.389133,1.375437
202000027331,7,4,2020,12,1,976,97617,1,1,1,3,D3,-12.786315,45.151534
202000027332,5,8,2020,7,1,92,92072,2,1,1,1,VILLE D'AVRAY (RUE DE ),48.82577,2.2063
202000027333,5,8,2020,1,5,92,92036,2,9,1,3,GABRIEL PERI (AVENUE) (147/177),48.923679,2.29467
202000027334,1,10,2020,9,1,78,78646,2,1,2,3,CHANTIERS (RUE DES),48.79293,2.14387
202000027335,8,4,2020,16,1,988,98831,1,1,1,6,RT1/VOH,-20.918914,164.677248
202000027336,5,11,2020,18,5,37,37050,2,2,1,6,Avenue du Grand Sud,47.33873,0.7041597
202000027337,4,8,2020,16,1,92,92036,2,1,1,1,VIEUX CHEMIN DE SAINT DENIS (AVENUE),48.9319189,2.3174018
202000027338,18,9,2020,18,1,78,78646,2,1,1,6,GENERAL DE GAULLE (AVENUE DU),48.80053,2.1288
202000027339,8,4,2020,12,1,06,06154,1,1,1,-1,Route Departementale 2,43.795025,6.76392
202000027340,4,11,2020,7,2,78,78466,2,3,1,6,Rue du Montluisant,48.941421,1.974329
202000027341,5,8,2020,20,2,92,92035,2,1,1,2,Fauvelles ( rue des ),48.9014,2.2354
202000027342,3,11,2020,5,3,45,45006,1,1,1,2,Autoroute A71 PK 108+263,47.821227,1.8587078
202000027343,8,4,2020,18,2,71,71342,2,1,1,6,Route de Saint-Germain,46.4464886,4.0935228
202000027344,5,11,2020,21,4,971,97106,2,1,1,7,Rue des Paletuviers,16.168006,-61.774696
202000027345,5,8,2020,14,1,92,92024,2,3,1,3,CLICHY (QUAI DE) DE (8 A 60),48.9050978,2.293139
202000027346,7,4,2020,18,1,54,54217,1,1,1,7,RD 19,48.472893,6.738181
202000027347,2,10,2020,8,1,71,71076,2,6,3,3,NUGUE (AVENUE PIERRE),46.7884139,4.8649586
202000027348,5,8,2020,17,1,92,92012,2,1,1,2,JEAN JAURES (BOULEVARD) 63/215 - 70/208,48.8383046,2.2408569
202000027349,5,4,2020,12,1,57,57679,1,1,1,7,D910,49.085521,6.611543
202000027350,5,11,2020,16,1,78,78255,2,4,1,-1,D113,49.03798,1.591988
202000027351,2,10,2020,14,1,69,69029,2,1,3,6,ROGER SALENGRO                      (R ),45.72918,4.90826
202000027352,8,4,2020,18,1,91,91570,1,1,1,4,RN 104,48.6253,2.3215
202000027353,5,11,2020,15,1,11,11379,1,1,1,5,Hameau du Lac,43.053202,2.961261
202000027354,2,10,2020,14,1,68,68224,2,9,1,2,,47.7508741,7.2860517
202000027355,29,7,2020,12,1,92,92004,2,2,1,3,ARGENTEUIL N° 176 A 388,48.919305,2.280399
202000027356,7,4,2020,22,3,60,60612,1,1,1,2,AUTOROUTE A1,49.20305,2.60892
202000027357,5,8,2020,19,1,13,13211,1,1,1,2,A50-Sens Marseille vers Aubagne,43.28857,5.4442
202000027358,1,10,2020,15,1,67,67482,2,1,3,3,PAUL DOPFF (RUE) ,48.555,7.76806
202000027359,4,11,2020,18,3,84,84034,2,1,1,3,Route de Gadagne,43.901325,4.947501
202000027360,2,10,2020,11,1,66,66136,1,9,1,6,FLANDRES/DUNKERQUE (CARREFOUR),42.68647,2.90744
202000027361,1,2,2020,6,1,974,97411,2,3,1,3,Rue de Paris,-20.8839583,55.4504007
202000027362,3,8,2020,14,1,83,83137,1,1,1,1,A57,43.12132,5.95331
202000027363,15,10,2020,11,1,57,57160,2,1,1,6,41 Rue de la Gare,49.202727,6.693739
202000027364,2,10,2020,6,1,66,66136,2,1,1,6,POINCARE (BOULEVARD HENRI),42.69129,2.89653
202000027365,1,10,2020,16,1,66,66136,2,1,1,6,SAINT-ASSISCLE (BOULEVARD DE),42.6961625,2.8782731
202000027366,4,8,2020,20,2,69,69388,1,1,1,2,RD383   ,45.72201,4.88664
202000027367,6,11,2020,7,1,57,57663,2,1,1,3,277 Rue de Metz,49.228129,6.167182
202000027368,2,10,2020,17,1,65,65047,1,1,1,6,SPORTS (AVE DES),43.2404,0.1175
202000027369,29,1,2020,20,5,69,69387,2,2,1,1,JEAN JAURES                         (AV),45.7382,4.8376
202000027370,5,8,2020,14,1,42,42218,1,1,1,2,A72,45.4366905,4.4333619
202000027371,2,10,2020,7,5,65,65440,2,1,3,6,CRONSTADT (RUE DE),43.228501,0.074922
202000027372,16,1,2020,17,1,2A,2A004,1,6,8,7,CAMPO DELL ORO RTE,41.92743,8.77838
202000027373,30,9,2020,14,1,64,64348,2,1,1,1,CHEMIN DES BERGES DU GAVE,43.30111,-0.4142
202000027374,28,10,2020,14,1,26,26271,1,3,1,1,1565 Chemin neuf,45.031839,4.867844
202000027375,5,8,2020,8,1,94,94037,1,1,1,-1,AUTOROUTE A6B,48.81172,2.35146
202000027376,5,8,2020,8,1,91,91471,1,1,1,2,RN 118,48.714323,2.175983
202000027377,1,10,2020,7,2,64,64125,2,1,2,3,PLATEAU (AVENUE DU),43.44515,-1.58377
202000027378,14,2,2020,11,1,95,95127,2,1,1,6,VAUREAL (RUE DE),49.043692,2.05011
202000027379,5,11,2020,17,2,01,01160,2,6,8,3,Avenue du Jura,46.259511,6.111059
202000027380,2,10,2020,17,1,64,64102,2,6,2,2,ARITXAGUE (BD D'),43.4778,-1.49201
202000027381,6,2,2020,14,1,91,91549,2,6,7,6,REPUBLIQUE (AVENUE DE LA),48.644962,2.334589
202000027382,2,10,2020,9,1,64,64024,2,1,3,7,ARITXAGUE (BD D'),43.4726,-1.49021
202000027383,6,11,2020,13,1,69,69176,2,3,1,6,45 Route de Prasseytout,45.669455,4.684168
202000027384,5,8,2020,19,1,92,92025,1,1,1,-1,A86,48.93322,2.2518
202000027385,2,10,2020,17,1,59,59378,2,1,3,6,DOMINIAL (127 AV. DE LA MARNE),50.67935,3.11357
202000027386,5,8,2020,7,1,78,78322,1,1,1,4,RN12,48.781817,2.162833
202000027387,6,11,2020,18,5,81,81140,2,2,1,3,4 Avenue Georges Spenale,43.702952,1.80599
202000027388,18,1,2020,1,3,91,91161,1,6,2,7,INDUSTRIE (RUE De L'),48.704207,2.296923
202000027389,1,10,2020,9,1,59,59609,2,2,3,1,SECLIN RUE DE,50.57556,3.07878
202000027390,6,11,2020,11,1,27,27599,2,1,1,6,Route Departementale 6015,49.146826,1.395521
202000027391,5,8,2020,15,1,95,95582,1,1,1,6, A15,48.963966,2.2636396
202000027392,5,1,2020,6,5,91,91097,2,6,1,6,CHARLES DE GAULLE (STADE-TENNIS)(AVENUE),48.6907,2.5256
202000027393,5,8,2020,17,1,94,94069,1,1,1,2,A4,48.8172,2.4293
202000027394,5,11,2020,7,2,13,13215,1,1,1,2,A7-Sens Lyon vers Marseille,43.36539,5.36073
202000027395,2,10,2020,17,2,59,59122,2,2,2,3,GUERRY (RUE MONSEIGNEUR),50.17499,3.22668
202000027396,8,2,2020,16,1,83,83069,1,6,1,-1,LOUBES (ROUTE DES),43.1133,6.1108
202000027397,5,11,2020,14,1,94,94037,1,1,1,7,AUTOROUTE A6B,48.81602,2.35635
202000027398,2,10,2020,17,1,56,56260,2,3,3,3,Boulevard de la Paix,47.6594,-2.7502
202000027399,2,2,2020,10,1,83,83069,1,6,1,3,NICE (ROUTE DE),43.1287,6.1553
202000027400,5,8,2020,14,1,94,94028,1,1,1,3,A86 EXT,48.7838384,2.4405909
202000027401,5,11,2020,8,1,91,91617,1,1,1,5,RN 104,48.63156,2.5192
202000027402,5,11,2020,19,3,60,60612,1,1,1,6,AUTOROUTE A1,49.2007911,2.6074033
202000027403,12,1,2020,10,1,83,83069,1,9,1,3,LOUBES (ROUTE DES),43.1131,6.111
202000027404,5,8,2020,14,1,77,77121,1,1,1,2,A104,48.83601,2.66526
202000027405,2,10,2020,14,1,56,56260,2,3,1,3,HERRIOT(AVENUE EDOUARD),47.657211,-2.74565
202000027406,4,11,2020,19,3,93,93005,1,1,1,-1,AUTOROUTE A3,48.9554822,2.4583252
202000027407,7,1,2020,9,1,81,81163,2,1,8,6,"29, Rue des Cordes",43.49131,2.37725
202000027408,22,2,2020,18,1,42,42187,2,9,1,6,Rue Lavoisier,46.0241358,4.0637639
202000027409,4,11,2020,5,3,95,95241,1,1,1,7,RN 104,49.0534973,2.4260253
202000027410,30,9,2020,8,1,56,56260,2,3,2,6,Avenue Georges Pompidou,47.66744,-2.76995
202000027411,19,1,2020,12,1,78,78311,2,1,1,6,STALINGRAD (RUE DE) - COTE PAIR,48.927607,2.193563
202000027412,3,11,2020,20,1,974,97416,2,2,1,6,Rue des Bons Enfants,-21.33955,55.47312
202000027413,5,2,2020,9,1,69,69256,2,1,1,6,JACQUARD                            (R ),45.7635,4.9257
202000027414,4,11,2020,7,1,974,97411,2,3,1,6,BEDIER (RUE AMEDEE),-20.88422,55.4576
202000027415,1,10,2020,18,1,56,56121,2,1,2,6,LE COAT SAINT HAOUEN (RUE),47.747,-3.39368
202000027416,4,11,2020,9,1,69,69388,2,1,1,3,PAUL SANTY                          (AV),45.72919,4.87643
202000027417,2,2,2020,17,2,69,69282,2,3,2,3,JEAN JAURES                         (R ),45.77486,5.01872
202000027418,18,4,2020,9,1,02,02304,2,1,2,1,MILENAIRE (RUE DU),49.66148,3.37943
202000027419,1,10,2020,16,1,56,56121,2,1,3,2,BELGIQUE (RUE  DE ),47.76039,-3.3838
202000027420,3,11,2020,22,5,972,97209,2,2,1,3,FRANCOIS ARAGO (RUE),14.6053732,-61.0726333
202000027421,31,1,2020,20,5,69,69266,2,2,1,1,JEAN JAURES      (Rue),45.7581,4.8852