Num_Acc,jour,mois,an,hr,condition_eclairage,departement,commune,condition_agglomeration,intersection,condition_atmosphere,type_collision,adresse,lattitude,longitude
202000027422,27,7,2020,11,1,974,97407,2,9,1,6,Avenue Rico Carpaye,-20.94856,55.29969
202000027423,1,10,2020,11,1,54,54395,2,1,1,3,MALZEVILLE (Rue de),48.70279,6.1812
202000027424,3,8,2020,18,1,973,97302,2,1,1,6,DIGUE RONJON,4.9334914,-52.3309708
202000027425,4,11,2020,14,1,69,69034,2,1,1,3,GEORGES CLEMENCEAU                  (QU),45.79647,4.83382
202000027426,29,1,2020,18,5,69,69282,2,2,2,2,REPUBLIQUE (DE LA)  ,45.7694798,4.9876637
202000027427,4,8,2020,21,4,69,69388,2,2,1,6,ALBERT THOMAS                       (CO),45.74526,4.87196
202000027428,3,11,2020,12,1,2A,2A004,2,1,1,2,T21,41.9287212,8.7387914
202000027429,4,11,2020,10,1,95,95268,2,6,1,3,AV FRANCOIS MITTERRAND,48.971745,2.395668
202000027430,1,10,2020,17,1,54,54395,2,3,1,5,CINQ PIQUETS (CHEMIN DES),48.68877,6.19848
202000027431,27,1,2020,17,5,69,69275,2,6,2,3,LAVOIR (DU)                         (RP),45.76369,4.96309
202000027432,4,11,2020,11,1,91,91223,2,1,1,6,BELLES CROIX (RUE DES),48.423858,2.134551
202000027433,4,8,2020,21,5,69,69259,2,3,1,3,CHARLES DE GAULLE                   (AV),45.71751,4.89155
202000027434,1,10,2020,14,1,54,54339,2,1,2,3,RD32,48.7237,6.1809
202000027435,20,1,2020,14,1,69,69256,2,1,1,6,TITTA COIS                          (R ),45.77121,4.90455
202000027436,4,11,2020,6,5,91,91433,1,6,1,3,R.D. 20,48.43782,2.1639
202000027437,2,10,2020,8,2,54,54270,1,1,1,6,D26,49.50079,5.8625
202000027438,4,1,2020,13,1,69,69256,2,1,1,6,DROITS DE L'HOMME (DES)             (R ),45.76781,4.9266
202000027439,30,10,2020,17,2,83,83126,1,1,1,6,ARMANDO (AV. ESPRIT),43.09911,5.89203
202000027440,4,8,2020,17,1,69,69383,2,2,1,3,LEON JOUHAUX                        (R ),45.7548,4.8543
202000027441,1,10,2020,17,1,51,51454,2,1,2,7,Rue de Courcelles,49.2651021,4.0063551
202000027442,8,2,2020,2,5,64,64445,2,1,1,6,GASTON PHOEBUS,43.30251,-0.38091
202000027443,4,8,2020,11,1,69,69259,2,3,1,2,VIENNE (DE)                         (RO),45.7216,4.8542
202000027444,2,10,2020,13,1,51,51454,2,1,2,7,Avenue Jean Jaurès,49.2609531,4.049134
202000027445,3,11,2020,18,3,83,83069,1,1,1,5,PIERREFEU (ROUTE DE) RD 12,43.1338574,6.1611359
202000027446,11,2,2020,8,1,63,63113,2,4,6,6,POMPIDOU (BD GEORGES),45.79568,3.12353
202000027447,30,9,2020,15,1,50,50129,2,4,1,2,LEMONNIER (AVENUE AMIRAL),49.63379,-1.60629
202000027448,30,10,2020,15,1,78,78361,2,1,1,6,RUE DU GRENIER A SEL,48.99801,1.7136
202000027449,23,1,2020,3,5,60,60463,2,9,9,6,RD 1016 SORTIE M DENEUX,49.28356,2.47546
202000027450,29,9,2020,5,3,50,50129,2,2,1,3,CONQUERANT (BOULEVARD GUILLAUME LE),49.64218,-1.63705
202000027451,31,10,2020,9,1,77,77307,2,2,1,3,AV THIBAUD DE CHAMPAGNE,48.87796,2.74485
202000027452,12,1,2020,17,5,59,59279,2,9,1,2,LYS (RUE DE LA),50.780533,3.106165
202000027453,25,9,2020,15,1,50,50129,2,3,1,4,ABBAYE (RUE DE L'),49.64542,-1.63819
202000027454,1,2,2020,3,5,56,56121,2,3,2,6,THIELEMANS ( ALLEE PIERRE ),47.76429,-3.40228
202000027455,2,11,2020,11,1,76,76351,2,1,2,1,LOUIS BLERIOT,49.5302052,0.0948046
202000027456,1,10,2020,8,2,49,49007,2,1,2,7,LETANDUERE,47.4636671,-0.555291
202000027457,3,11,2020,12,1,71,71499,2,1,8,7,FRANCOIS MITTERAND (RUE),46.6645959,4.2877181
202000027458,1,10,2020,2,3,49,49267,2,1,2,6,MARMITIERE,47.46744,-0.49061
202000027459,4,11,2020,10,1,69,69275,2,1,1,6,6 avenue Simone Veil,45.7682613,4.9804485
202000027460,29,1,2020,7,5,45,45232,2,2,1,6,Avenue de Sologne - Rue de Verdun,47.86874,1.91184
202000027461,2,10,2020,13,1,45,45154,1,1,1,2,Rue du Champ Rouge,47.9648104,1.8484847
202000027462,21,1,2020,11,1,45,45232,2,9,1,6,Rue d'Artois,47.843403,1.914138
202000027463,1,11,2020,21,5,62,62771,2,2,2,3,ANICHE (R D'),50.41687,2.86534
202000027464,2,10,2020,15,1,45,45234,2,6,2,2,Boulevard de la Motte Sanguin,47.90086,1.9193
202000027465,19,1,2020,11,1,45,45234,2,2,1,3,BD A MARTIN - FB SAINT VINCENT,47.90444,1.9133
202000027466,2,10,2020,7,2,45,45147,2,1,3,7,Rue Gustave Rolland,47.92871,1.90755
202000027467,3,11,2020,7,1,59,59350,2,3,1,3,FAUBOURG DE BETHUNE RUE,50.61768,3.02732
202000027468,10,1,2020,20,5,45,45284,2,1,1,6,Allée du Grand Coquille,47.9216173,1.9866425
202000027469,2,10,2020,7,4,45,45234,2,3,3,3,Rue du Faubourg Saint Jean - rue des maltotiers,47.904614,1.893413
202000027470,3,11,2020,17,3,57,57757,1,1,1,-1,FORT (RUE DU),49.34067,6.18372
202000027471,9,1,2020,18,5,36,36202,2,6,3,3,Les Terres Noires,46.788939,1.6606983
202000027472,25,9,2020,16,1,41,41018,2,1,2,7,GAMBETTA (AVENUE),47.58369,1.32277
202000027473,3,11,2020,11,1,56,56083,2,6,1,6,JAURES ( AV. JEAN ),47.80227,-3.27888
202000027474,1,2,2020,19,2,34,34301,2,2,1,6,LEMARESQUIER CHARLES (QUAI),43.40188,3.69776
202000027475,2,10,2020,22,3,37,37195,2,1,8,7,,47.3784818,0.6494317
202000027476,3,11,2020,18,2,54,54395,2,2,1,3,LOUIS (RUE BARON),48.6966261,6.1743288
202000027477,1,10,2020,12,1,37,37261,2,9,1,-1,BUFFON (RUE),47.3930801,0.6908174
202000027478,26,1,2020,2,5,30,30189,2,3,2,2,FONTAINE (QUAI),43.83849,4.35042
202000027479,1,10,2020,16,1,35,35238,2,1,2,6,CHATEAUBRIAND (QUAI),48.11028,-1.67624
202000027480,4,11,2020,16,1,51,51474,2,6,1,2,Chemin de Saint Thierry,49.2781154,4.0042949
202000027481,29,1,2020,14,1,28,28134,2,1,1,6,KENNEDY (AVENUE DU PRESIDENT),48.72929,1.38459
202000027482,2,10,2020,0,3,34,34032,1,1,1,6,ROUTE DE MURVIEL (RD.19 - SECT.3),43.3605,3.19433
202000027483,4,11,2020,13,1,51,51454,2,2,1,3,Boulevard Pommery,49.2560811,4.05542
202000027484,23,1,2020,14,1,26,26057,2,1,1,6,2 Rue du Docteur Zamenhof,45.03825,5.05557
202000027485,2,10,2020,21,5,33,33162,2,3,3,7,AVE DE L'HIPPODROME / RUE DES VIOLETTES,44.87056,-0.63487
202000027486,3,11,2020,8,1,50,50129,2,3,8,6,JOLIOT CURIE (RUE),49.63003,-1.64339
202000027487,29,1,2020,5,5,18,18033,1,6,9,3,DE GAULLE (AV DU GENERAL) N° PAIRS,47.1169,2.419191
202000027488,24,10,2020,20,5,49,49007,2,1,1,6,ROI RENE BOULEVARD,47.4682147,-0.5570412
202000027489,2,10,2020,16,1,33,33192,2,3,2,1,AVE DE LA POTERIE / AVE DE LA MADELEINE,44.77368,-0.63717
202000027490,2,10,2020,12,1,33,33119,2,8,1,3,AVE G/EORGES CLEMENCEAU/RUE ALEXANDRE DUMAS,44.84983,-0.50915
202000027491,9,2,2020,13,1,13,13211,2,9,1,4,WILLIAM BOOTH (AVENUE),43.29608,5.44757
202000027492,4,11,2020,8,1,45,45284,2,6,7,3,Avenue Pierre Mendes France,47.91457,1.97793
202000027493,2,11,2020,21,3,45,45068,1,1,1,6,FORET (RUE DE LA),48.015722,2.737505
202000027494,8,2,2020,1,5,13,13208,2,1,1,7,GRAND LARGE (PROMENADE DU),43.239258,5.362743
202000027495,2,10,2020,8,1,33,33529,2,3,2,4,FUSILLES (AV. DES),44.54247,-1.16004
202000027496,5,2,2020,14,1,13,13210,2,3,1,6,MARCEL ACHILLE (BOULEVARD),43.281634,5.424722
202000027497,1,10,2020,16,1,31,31555,1,1,1,3,NARBONNE (ROUTE DE),43.5690183,1.4564569
202000027498,4,11,2020,21,3,28,28110,1,1,1,6,RN 123 (ROCADE),48.41546,1.49303
202000027499,28,1,2020,18,5,01,01053,2,1,1,6,BROU ( BD N°68 A 182 PAIR),46.199526,5.233877
202000027500,14,2,2020,3,5,75,75113,2,1,1,6,AVENUE DES GOBELINS,48.836256,2.352237
202000027501,2,10,2020,2,5,30,30189,2,1,1,6,CHABAUD AUGUSTE (RUE),43.8485,4.3862
202000027502,6,2,2020,17,2,75,75112,2,4,1,6,AVENUE DU GENERAL MICHEL BIZOT,48.837706,2.403839
202000027503,9,2,2020,17,2,75,75111,2,3,1,6,BOULEVARD DU TEMPLE,48.865321,2.365434
202000027504,6,2,2020,9,1,75,75110,2,3,1,-1,QUAI DE VALMY,48.878694,2.366263
202000027505,14,2,2020,13,1,75,75108,2,3,1,2,AVENUE DES CHAMPS ELYSEES,48.871084,2.303526
202000027506,4,11,2020,18,2,25,25462,2,3,1,4,ROCADE G.POMPIDOU (DU 25 A LA FIN),46.90061,6.34131
202000027507,30,9,2020,20,5,29,29019,2,2,1,3,Rue Saint-Exupéry,48.3861544,-4.5042277
202000027508,12,2,2020,18,3,75,75102,2,2,1,6,RUE MONTMARTRE,48.868167,2.343598
202000027509,3,2,2020,9,1,75,75103,2,3,1,6,BOULEVARD DE SEBASTOPOL,48.867027,2.352972
202000027510,10,2,2020,13,1,94,94004,2,9,1,6,SUCY (R DE),48.753,2.522
202000027511,1,10,2020,20,5,29,29019,2,3,3,1,Rue Jean Sebastien Bach,48.3914966,-4.5233074
202000027512,10,2,2020,15,1,93,93032,2,1,2,4,R PARMENTIER,48.8833,2.5333
202000027513,4,6,2020,23,5,66,66136,2,1,1,6,LYCEE (AVENUE),42.69677,2.88787
202000027514,1,10,2020,16,1,29,29019,2,1,2,2,Rue de Quimper,48.3988495,-4.4413872
202000027515,3,11,2020,15,1,21,21278,2,1,1,6,54 bis Rue du Faubourg Saint Martin,47.34196,5.02705
202000027516,8,2,2020,18,2,93,93031,2,9,1,3,JOFFRE (AVENUE),48.95783,2.30171
202000027517,5,6,2020,1,5,65,65440,2,2,3,3,MASSEY (RUE),43.2396,0.0738
202000027518,1,10,2020,18,1,22,22278,2,1,8,7,CHAGALL (IMPASSE MARC),48.5231694,-2.7933205
202000027519,4,11,2020,8,1,17,17200,2,6,1,3,LAGORD   AVENUE DE,46.1874569,-1.1589104
202000027520,4,2,2020,17,2,93,93057,2,1,1,6,FRANKLIN (AV.) 104 A FIN,48.9026213,2.5080894
202000027521,5,6,2020,9,1,64,64445,2,1,2,3,GAMBETTA,43.29668,-0.36637
202000027522,4,11,2020,15,1,14,14341,2,1,1,6,DAUPHINE (RUE DU),49.14462,-0.34773
202000027523,6,2,2020,10,1,93,93008,2,6,8,6,R DE LA REPUBLIQUE / AV JEAN JAURES,48.90642,2.43851
202000027524,4,11,2020,19,5,13,13213,2,1,1,6,JEAN PAUL SARTRE (AVENUE),43.316,5.4084
202000027525,9,2,2020,18,5,92,92050,2,2,2,3,CLEMENCEAU GEORGES AVENUE N°IMPAIR,48.8867755,2.2052418
202000027526,4,6,2020,14,1,64,64445,2,6,2,3,ALSACE LORRAINE D',43.3038,-0.36756
202000027527,5,6,2020,16,1,64,64102,2,1,2,7,AQUITAINE (AVENUE DE L'),43.48695,-1.46834
202000027528,12,2,2020,19,3,92,92024,2,3,1,6,LEON GAMBETTA (ALLEES)/ GENERAL LECLERC (RUE DU) DE (59 ET PLUS),48.90359,2.312389
202000027529,3,11,2020,14,1,13,13203,2,2,1,6,HOCHE (RUE),43.310574,5.37626
202000027530,2,10,2020,8,1,13,13206,2,2,2,3,PIERRE PUGET (COURS),43.289955,5.372556
202000027531,8,2,2020,11,1,54,54312,1,4,1,2,Autoroute A 31,48.92635,6.11088
202000027532,3,11,2020,17,2,13,13206,2,3,1,3,PARADIS (RUE),43.2870944,5.3794726
202000027533,5,6,2020,9,1,64,64102,2,1,3,6,ALLEES MARINES (AVENUE DES),43.49865,-1.48777
202000027534,4,1,2020,1,3,78,78090,1,1,2,5,A13,48.970561,1.894582
202000027535,3,11,2020,18,5,13,13201,2,1,1,1,FLAMMARION (BOULEVARD)     1 A 65,43.29297,5.3929
202000027536,4,6,2020,10,1,63,63164,2,6,1,3,Patural/sous les ors,45.8271374,3.150878
202000027537,30,1,2020,22,5,69,69386,2,3,2,3,VAUBAN                              (R ),45.7655862,4.85104
202000027538,1,2,2020,18,5,64,64102,2,3,1,7,JEAN JAURES (BOULEVARD),43.4924,-1.4631
202000027539,26,5,2020,21,1,62,62724,2,2,1,3,FOSSE DEUX ( BOULEVARD),50.40265,2.91115
202000027540,5,2,2020,13,1,29,29019,2,6,1,6,Avenue Georges Clemenceau,48.39138,-4.4881011
202000027541,7,4,2020,11,1,69,69383,2,1,1,4,ALBERT THOMAS                       (CO),45.7443481,4.8747276
202000027542,2,4,2020,16,1,30,30011,1,3,1,3,ARAMON ROUTE D',43.92619,4.73678
202000027543,2,10,2020,7,2,13,13209,2,1,5,-1,COL DE LA GINESTE D559,43.237085,5.504328
202000027544,3,11,2020,9,1,06,06029,2,1,1,3,VALLOMBROSA (BOULEBARD),43.55311,7.0069
202000027545,6,6,2020,0,5,59,59599,2,2,2,7,RONCQ (RUE DE),50.7345,3.1434
202000027546,7,4,2020,2,5,64,64125,2,1,2,6,BAYONNE (AVENUE DE),43.45078,-1.56727
202000027547,3,11,2020,6,3,02,02408,1,1,1,5,RD 1044,49.56116,3.59266
202000027548,2,10,2020,5,3,13,13001,1,1,1,2,RD9,43.494,5.373
202000027549,18,5,2020,14,1,59,59392,2,2,7,1,FEIGNIES (ROUTE DE),50.2951,3.94959
202000027550,7,4,2020,8,1,37,37261,2,2,1,-1,VICTOIRE (RUE DE LA),47.3925916,0.6789603
202000027551,3,11,2020,7,1,75,75118,2,1,1,3,PORTE DE LA CHAPELLE,48.901118,2.354841
202000027552,5,6,2020,18,1,59,59350,2,1,7,6,SOLFERINO RUE N°1 - 159,50.6306455,3.0558913
202000027553,19,9,2020,12,1,11,11262,2,3,1,4,AMARATS (CHEMIN DES),43.20036,2.96927
202000027554,4,6,2020,19,1,56,56098,2,2,1,3,STALINGRAD ( AV. ET IMP. ),47.75916,-3.34191
202000027555,7,4,2020,7,1,31,31555,2,1,1,2,SAINTE FAMILLE (RUE DE LA) DU 1AU 80,43.61703,1.43239
202000027556,4,11,2020,8,1,75,75118,2,2,1,3,AVENUE DE LA PORTE DE MONTMARTRE,48.901096,2.335147
202000027557,2,10,2020,1,5,11,11069,2,1,1,7,MIR ACHILLE -AVENUE-,43.2143,2.3619
202000027558,2,6,2020,9,1,56,56121,2,4,1,3,PERRIERE ( AV DE LA ),47.73441,-3.36535
202000027559,6,4,2020,15,1,31,31555,2,1,1,-1,NARBONNE (ROUTE DE),43.5711,1.45435
202000027560,1,6,2020,22,2,56,56098,2,3,1,6,BLUM (RUE LEON),47.7589,-3.3366
202000027561,3,11,2020,15,1,75,75120,2,3,1,5,AVENUE GAMBETTA,48.867479,2.400728
202000027562,2,10,2020,21,5,10,10387,2,4,3,1,ANATOLE FRANCE (RUE),48.28408,4.07278
202000027563,4,11,2020,18,3,75,75119,2,7,1,3,PLACE AUGUSTE BARON,48.900305,2.387057
202000027564,24,9,2020,13,1,07,07102,2,1,1,2,SADI-CARNOT (AV.) [DU N° AU N°],44.92945,4.87492
202000027565,7,4,2020,12,1,29,29019,2,3,1,3,Rue Camille Desmoulins,48.3967883,-4.4861813
202000027566,5,6,2020,15,1,54,54547,2,1,2,5,DOUMER (AVENUE PAUL),48.6732788,6.1839405
202000027567,4,11,2020,18,5,75,75116,2,1,1,3,RUE CHANEZ,48.846796,2.259608
202000027568,11,3,2020,17,1,29,29019,2,1,2,6,Boulevard Gambetta,48.388332,-4.4820325
202000027569,4,11,2020,6,2,75,75116,2,4,1,1,ROUTE DE SURESNES,48.864231,2.23583
202000027570,2,10,2020,19,5,75,75119,2,4,2,3,PORTE DE PANTIN,48.885719,2.397659
202000027571,7,4,2020,1,3,17,17200,1,1,2,3,02 PK RN237 MOULIN JUSTICE RE,46.1815,-1.1374
202000027572,5,6,2020,15,1,51,51454,2,1,2,2,Boulevard Marcellin Berthelot,49.2702931,4.069474
202000027573,1,10,2020,16,1,75,75118,2,4,1,3,BOULEVARD PERIPHERIQUE,48.900821,2.340864
202000027574,4,11,2020,17,5,75,75113,2,2,1,3,AVENUE D ITALIE,48.822205,2.358525
202000027575,7,4,2020,10,1,06,06088,2,9,7,3,LYAUTEY (AV. DU MAL),43.7144,7.28222
202000027576,4,6,2020,17,1,51,51454,2,6,2,2,Avenue Henri Farman,49.2364651,4.0702108
202000027577,4,11,2020,8,1,75,75111,2,1,1,3,AVENUE LEDRU ROLLIN,48.852784,2.376998
202000027578,7,4,2020,16,1,06,06069,2,1,7,6,THIERS (AVENUE),43.660936,6.922607
202000027579,1,10,2020,3,4,75,75119,2,1,2,2,BOULEVARD PERIPHERIQUE,48.900368,2.375187
202000027580,4,6,2020,18,1,50,50502,2,6,1,2,MALRAUX (rue André),49.1059,-1.0691
202000027581,7,4,2020,10,1,75,75120,2,3,1,3,AVENUE GAMBETTA,48.864668,2.394516
202000027582,4,6,2020,9,1,45,45068,2,1,3,7,D40 - PR 0+730,48.0180825,2.7151919
202000027583,2,10,2020,17,1,75,75120,2,1,2,6,RUE ORFILA,48.866508,2.396793
202000027584,7,4,2020,19,2,75,75112,2,1,1,6,AVENUE DAUMESNIL,48.843457,2.383308
202000027585,2,11,2020,16,1,94,94068,2,3,8,3,CONDE (AV DE),48.81043,2.48059
202000027586,4,6,2020,18,5,44,44184,2,1,1,6,Bd de la Renaissance,47.283165,-2.212604
202000027587,1,10,2020,13,1,75,75119,2,2,1,3,RUE DE BELLEVILLE,48.875488,2.398966
202000027588,2,10,2020,18,1,75,75117,2,4,2,6,AVENUE DE VILLIERS,48.881775,2.314472
202000027589,7,4,2020,13,1,94,94054,2,3,1,2,CHARLES TILLON (route),48.74629,2.37604
202000027590,3,6,2020,11,1,40,40192,2,1,1,5,MAINGUY (BD YVES),43.8822,-0.4824
202000027591,2,10,2020,17,1,75,75117,2,2,3,6,AVENUE DE CLICHY,48.890583,2.320252
202000027592,7,4,2020,21,3,93,93073,1,1,1,1,RTE DE ROISSY,48.984321,2.549285
202000027593,5,6,2020,22,2,35,35238,2,1,1,2,MORAVIE (VILLA DE),48.09126,-1.65598
202000027594,2,10,2020,17,1,75,75116,2,1,2,3,AVENUE VICTOR HUGO,48.870478,2.287252
202000027595,5,6,2020,19,1,35,35238,2,1,1,3,GENIAUX (RUE CHARLES),48.11252,-1.71354
202000027596,7,4,2020,13,1,93,93072,2,3,1,1,BD MAXIME GORKI / R SALVADOR ALLENDE,48.94664,2.38656
202000027597,2,10,2020,18,1,75,75116,2,4,3,3,RUE CHARDON LAGACHE,48.845062,2.266718
202000027598,7,4,2020,16,1,93,93005,2,3,1,3,SUZANNE LENGLEN (AVENUE),48.951378,2.51385
202000027599,4,11,2020,18,5,94,94079,2,1,1,1,JEAN MONNET (BD),48.83498,2.53991
202000027600,5,6,2020,13,1,35,35238,2,1,1,3,MITTERAND (MAIL FRANCOIS),48.1090025,-1.6911221
202000027601,2,10,2020,13,1,75,75116,2,1,2,2,AVENUE PAUL DOUMER,48.861945,2.286373
202000027602,4,11,2020,14,1,92,92046,2,1,1,6,GABRIEL PERI,48.81931,2.30439
202000027603,2,6,2020,11,1,35,35281,2,1,1,6,NANTES (RUE DE),48.09315,-1.69107
202000027604,2,10,2020,8,1,75,75116,2,2,3,6,AVENUE FOCH,48.872138,2.279571
202000027605,5,6,2020,10,1,35,35238,2,3,1,3,PARIS (RUE DE),48.1132782,-1.6616593
202000027606,4,11,2020,21,5,92,92022,2,9,1,3,SALENGRO (AVENUE ROGER),48.810472,2.191151
202000027607,4,6,2020,12,1,35,35051,2,1,1,1,FOUGERES (ROUTE DE),48.13488,-1.62734
202000027608,4,11,2020,16,1,92,92050,2,3,1,3,STRASBOURG RUE DE,48.9125633,2.2247066
202000027609,2,10,2020,14,1,75,75115,2,2,3,3,BOULEVARD GENERAL MARTIAL VALIN,48.837053,2.274447
202000027610,4,11,2020,19,5,92,92048,2,2,1,6,WOLUWE SAINT-LAMBERT (RUE),48.7866578,2.2284342
202000027611,2,10,2020,12,1,75,75115,2,7,1,2,ROND POINT SAINT CHARLES,48.842158,2.281632
202000027612,2,6,2020,16,1,34,34032,2,1,1,6,MOULIN JEAN (AV),43.34616,3.21775
202000027613,6,6,2020,2,5,33,33063,2,1,1,6,258 CRS DE L'ARGONNE,44.82246,-0.58109
202000027614,3,11,2020,18,5,92,92036,2,2,1,3,PIERRE DE COUBERTIN PROLONGE,48.9315753,2.2835816
202000027615,2,10,2020,8,1,75,75115,2,3,3,6,RUE DE LA CONVENTION,48.840664,2.288873
202000027616,4,11,2020,17,1,92,92026,2,1,1,3,VERDUN (DE 01 A 61),48.9002671,2.2609275
202000027617,4,11,2020,17,1,31,31184,1,1,1,7,44 bis route de Lasbordes,43.597803,1.538098
202000027618,2,10,2020,13,1,75,75114,2,3,2,3,AVENUE DU GENERAL LECLERC,48.824771,2.325955
202000027619,6,6,2020,0,5,33,33550,2,2,2,3,RTE DE TOULOUSE / AVE GEORGES CLEMENCEAU,44.7817204,-0.5659541
202000027620,2,10,2020,14,1,75,75112,2,3,8,6,RUE TAINE,48.838558,2.393211
202000027621,4,6,2020,11,1,30,30189,2,1,2,2,AVIGNON (ROUTE),43.8575,4.4183
202000027622,1,10,2020,9,1,75,75112,2,1,2,3,ROUTE DES PELOUSES MARIGNY,48.840555,2.462289
202000027623,5,11,2020,9,1,26,26085,1,9,1,1,Route de Saint Paul ,44.491783,4.752461
202000027624,5,6,2020,16,1,29,29232,1,1,1,4,Boulevard d'Ergué Armel,47.98992,-4.07383
202000027625,1,10,2020,7,5,75,75112,2,1,2,2,ROUTE DE CEINTURE DU LAC DAUMESNIL,48.832413,2.415346
202000027626,5,11,2020,0,3,42,42231,1,8,1,6,D81,46.09057,3.947294
202000027627,2,10,2020,8,1,75,75110,2,1,2,2,RUE ALIBERT,48.871947,2.368896
202000027628,5,6,2020,9,1,29,29232,2,6,1,2,Rond Point d'Ergue Armel,47.9837,-4.07473
202000027629,5,11,2020,15,1,62,62060,2,1,7,-1,18 Rue Bordeloise,50.229755,2.114992
202000027630,2,10,2020,9,1,75,75107,2,2,2,6,RUE DE L UNIVERSITE,48.86113,2.306987
202000027631,5,6,2020,17,1,29,29146,1,1,8,7,N165,47.91934,-3.88047
202000027632,4,11,2020,16,1,57,57171,1,1,1,6,D20,48.888903,6.399515
202000027633,4,6,2020,11,1,29,29019,2,2,1,1,Rue Anatole France,48.38315,-4.50917
202000027634,2,10,2020,16,1,75,75103,2,7,2,6,PLACE DE LA REPUBLIQUE,48.867327,2.363297
202000027635,5,11,2020,16,1,77,77020,1,2,1,3,N4,48.692533,3.186035
202000027636,29,5,2020,16,1,29,29019,2,6,1,3,Rue Général Paulet,48.4226187,-4.4759439
202000027637,2,10,2020,13,1,75,75103,2,1,8,2,RUE BEAUBOURG,48.862222,2.354038
202000027638,4,11,2020,10,1,49,49125,2,1,1,6,Rue René Gaudicheau,47.195381,-0.290709
202000027639,5,11,2020,13,1,12,12288,1,1,1,6, Lieu Dit Fijaguet,44.439095,2.457253
202000027640,4,6,2020,13,1,24,24138,1,1,1,3,MARIVAL (ROUTE DE),45.1773,0.6738
202000027641,2,10,2020,12,1,75,75103,2,1,2,7,RUE SAINT MARTIN,48.862573,2.352185
202000027642,5,6,2020,16,1,17,17028,2,6,1,3,GRASSET   AVENUE EDMOND,46.13502,-1.12047
202000027643,30,10,2020,0,3,44,44158,1,1,1,1,L'Oiselais,47.282541,-1.759492
202000027644,2,10,2020,17,1,94,94068,2,2,2,1,LOUIS BLANC (AV),48.79346,2.49796
202000027645,4,6,2020,16,1,17,17300,2,1,1,3,MOTTE ROUGE    PLACE DE LE COMM,46.15548,-1.14855
202000027646,5,11,2020,8,1,29,29259,1,6,1,3,D58 - Kerjean,48.687833,-3.999587
202000027647,1,10,2020,20,5,94,94068,2,1,1,2,FOCH (AV),48.7983,2.50172
202000027648,5,6,2020,11,1,17,17449,1,1,1,7,RD 117,45.97905,-0.84066
202000027649,24,10,2020,20,5,38,38001,2,1,1,3,Rue Aristide Briand,45.539312,5.583855
202000027650,2,10,2020,18,1,94,94015,2,3,1,3,GEORGES MELIES (BD),48.828977,2.525707
202000027651,5,6,2020,19,1,13,13203,2,1,1,6,STRASBOURG (PLACE),43.30639,5.37365
202000027652,5,11,2020,8,1,15,15243,1,1,1,7,D678,45.243636,2.533357
202000027653,1,10,2020,17,1,94,94046,2,9,1,3,GENERAL LECLERC (AV DU),48.80655,2.43937
202000027654,2,10,2020,20,5,94,94016,2,9,1,3,LOUIS GEORGEON (AV),48.793203,2.335099
202000027655,5,6,2020,1,5,13,13212,2,2,1,-1,24 AVRIL 15 (AVENUE DU),43.307685,5.425435
202000027656,17,7,2020,12,1,15,15221,1,1,1,2,N122,44.882977,2.325158
202000027657,2,10,2020,14,1,94,94043,2,1,3,6,CHARLES GIDE (AV),48.8059728,2.3493844
202000027658,30,10,2020,14,1,01,01352,2,3,1,3,D26,46.414562,4.998833
202000027659,2,6,2020,17,1,07,07019,2,3,1,6,SAINT DIDIER (BOULEVARD),44.61785,4.39191
202000027660,2,10,2020,14,1,94,94041,2,2,2,6,PIERRE SEMARD (AV),48.81778,2.38161
202000027661,5,6,2020,18,1,06,06088,2,1,1,6,FRANCE (R. DE) A PARTIR DU N° 66-91,43.6951199,7.2556845
202000027662,2,10,2020,14,1,94,94011,2,9,3,3,CATELAS.(RUE JEAN),48.762612,2.483095
202000027663,4,11,2020,9,1,07,07110,2,1,1,6,Place de la gare,44.480161,4.241935
202000027664,5,6,2020,20,2,06,06069,2,1,1,4,PROVENCE (AVENUE DE),43.652323,6.92228
202000027665,2,10,2020,7,5,94,94028,2,2,3,6,MECHES.(RUE DES),48.793552,2.461044
202000027666,5,11,2020,10,1,40,40117,1,1,1,6,1255 Route d'Aire,43.774197,-0.411027
202000027667,3,6,2020,15,1,05,05061,2,1,1,7,FOREST D'ENTRAIS ( RUE  DU ),44.56657,6.08746
202000027668,2,10,2020,7,5,94,94011,2,2,3,3,REPUBLIQUE(AVENUE DE LA),48.76539,2.48088
202000027669,5,6,2020,20,1,75,75120,2,1,2,7,AVENUE DE LA PORTE DE BAGNOLET,48.86491,2.410777
202000027670,5,11,2020,12,1,38,38253,1,9,1,3,D1091,45.028346,6.076641
202000027671,5,6,2020,19,2,75,75120,2,2,1,3,RUE DES PYRENEES,48.857638,2.403903
202000027672,23,10,2020,6,3,38,38475,1,1,3,1,Rue du Brisson,45.670474,5.114865
202000027673,1,10,2020,8,5,94,94028,2,1,3,6,MECHES.(RUE DES),48.789746,2.461127
202000027674,5,6,2020,14,1,75,75120,2,7,1,3,ECHANGEUR MONTREUIL,48.853517,2.413663
202000027675,4,11,2020,17,1,978,97801,2,1,1,6,route de sandy ground,18.061986,-63.093882
202000027676,5,6,2020,10,1,75,75119,2,1,1,3,AVENUE CORENTIN CARIOU,48.895512,2.383205
202000027677,2,10,2020,9,1,94,94022,2,1,2,5,HUIT MAI 1945 (AV DU),48.7679,2.4103
202000027678,5,6,2020,12,1,75,75116,2,3,8,6,RUE DE LA POMPE,48.860812,2.275216
202000027679,5,11,2020,18,3,41,41288,1,1,1,3,RD 50,47.664788,1.374493
202000027680,22,10,2020,9,1,91,91405,2,1,1,6,21 Place du Marché,48.402641,2.470466
202000027681,2,10,2020,8,2,94,94055,2,2,3,-1,OLIVIER D ORMESSON (AV),48.780946,2.514515