Num_Acc,jour,mois,an,hr,condition_eclairage,departement,commune,condition_agglomeration,intersection,condition_atmosphere,type_collision,adresse,lattitude,longitude
202000027682,5,6,2020,7,1,75,75116,2,3,8,3,AVENUE HENRI MARTIN,48.862971,2.269173
202000027683,5,11,2020,10,1,34,34182,1,1,1,1,D13,43.41722,3.418167
202000027684,1,10,2020,8,1,94,94055,2,1,3,6,8 Rue Georges Guynemer,48.781317,2.531735
202000027685,3,6,2020,12,1,75,75116,2,5,1,3,RUE ALFRED BRUNEAU,48.856176,2.277867
202000027686,5,11,2020,9,1,83,83068,1,1,1,3,cd 559 ST PONS LES MURES,43.279951,6.578053
202000027687,30,9,2020,10,1,94,94055,2,3,1,2,GENERAL DE GAULLE (AV DU),48.7863,2.5382
202000027688,1,11,2020,21,5,10,10216,2,2,1,6,Rue Pasteur,48.667902,4.190689
202000027689,5,6,2020,17,1,75,75114,2,3,8,2,RUE D ALESIA,48.827839,2.328951
202000027690,2,10,2020,12,1,93,93073,2,6,2,3,RESISTANCE (RUE DE LA),48.9475,2.5665
202000027691,5,6,2020,9,1,75,75113,2,4,1,3,GARE D AUSTERLITZ,48.843073,2.366322
202000027692,2,10,2020,17,1,93,93071,2,1,2,3,AULNAY (RUE D'),48.9399182,2.5165221
202000027693,5,6,2020,7,1,75,75112,2,1,1,6,RUE DE CHARENTON,48.833049,2.395746
202000027694,2,10,2020,15,1,93,93070,2,1,2,6,DOCTEUR BAUER(RUE DU):APRES 131,48.9041,2.34611
202000027695,2,10,2020,19,5,93,93051,2,1,8,6,BARON LOUIS (AVENUE),48.8519,2.5439
202000027696,5,6,2020,2,5,75,75111,2,5,1,3,AVENUE DE LA REPUBLIQUE,48.864613,2.378006
202000027697,2,10,2020,7,2,93,93032,2,1,2,6,DIX NEUF MARS   (RUE DU),48.8932459,2.5418649
202000027698,5,6,2020,7,1,75,75109,2,5,1,6,RUE DROUOT,48.875069,2.340866
202000027699,2,10,2020,15,1,93,93029,2,1,3,3,AV MARCEAU N° 1-27,48.9279924,2.4371851
202000027700,4,6,2020,13,1,75,75108,2,3,2,3,AVENUE DES CHAMPS ELYSEES,48.871089,2.303486
202000027701,1,10,2020,21,5,93,93027,2,1,1,6,AV VICTOR HUGO,48.92457,2.38626
202000027702,5,6,2020,11,1,75,75103,2,2,1,3,RUE DE BEARN,48.856821,2.366033
202000027703,5,6,2020,20,1,75,75103,2,2,2,7,RUE DE LA PERLE,48.859951,2.360778
202000027704,2,10,2020,7,4,93,93007,2,1,3,6,DOCTEUR CALMETTE (RUE DU),48.9418206,2.4754052
202000027705,4,6,2020,12,1,75,75104,2,5,8,7,RUE DE LA COUTELLERIE,48.857236,2.349526
202000027706,2,10,2020,12,1,93,93005,2,1,2,2,JULES PRINCET [CD115] (RUE),48.9369362,2.4979334
202000027707,5,6,2020,16,1,94,94052,2,1,8,3,PAUL DOUMER (R),48.8367,2.4805
202000027708,2,10,2020,19,5,93,93001,2,1,2,6,ANATOLE FRANCE  (BLD) IMPAIR,48.91783,2.38212
202000027709,4,6,2020,0,5,94,94058,2,3,3,3,PIERRE BROSSOLETTE (AV),48.83475,2.51243
202000027710,1,10,2020,23,5,92,92051,2,1,1,4,"BINEAU (BOULEVARD, N°133 A 217 ET 134 A",48.8888796,2.2739151
202000027711,1,10,2020,17,1,92,92050,2,1,8,3,LONGUES RAIES RUE DES,48.89537,2.23072
202000027712,2,10,2020,3,5,92,92050,2,2,2,3,CHATOU ROUTE DE,48.892509,2.186817
202000027713,3,6,2020,19,1,94,94076,2,1,1,1,MARCEL GROSMESNIL (R),48.796899,2.354636
202000027714,2,10,2020,1,5,92,92050,2,1,1,7,VAILLANT COUTURIER PAUL RUE,48.8833552,2.2038113
202000027715,5,6,2020,13,1,94,94011,2,1,8,2,MOULIN BATEAU.(RUE DU),48.7832031,2.5038588
202000027716,2,10,2020,10,1,92,92049,2,2,2,1,BROSSOLETTE AVENUE PIERRE,48.8177131,2.3079322
202000027717,2,6,2020,20,1,94,94017,2,2,1,3,STALINGRAD (BD DE),48.819322,2.502279
202000027718,2,10,2020,10,1,92,92012,2,2,2,3,MEUDON (RUE DE) - COTE PAIR,48.82558,2.2419
202000027719,5,4,2020,20,1,94,94017,2,2,1,2,REPUBLIQUE (AV DE LA) ,48.8253014,2.5098916
202000027720,2,10,2020,16,1,92,92012,2,2,2,3,REINE (ROUTE DE LA) 82/FIN - 107TER/FIN,48.8404529,2.2316149
202000027721,5,6,2020,8,1,94,94004,2,2,8,3,FONTAINE (R DE LA),48.749387,2.508436
202000027722,2,10,2020,15,1,92,92012,2,2,3,1,CHATEAU (RUE DU) 1/125 - 2/136,48.8421926,2.2399208
202000027723,5,6,2020,14,1,93,93070,2,7,1,3,BD JEAN-JAURES,48.9128672,2.3350313
202000027724,1,10,2020,18,2,92,92004,2,9,2,3,BAS ( RUE DES ),48.9203686,2.2885439
202000027725,22,9,2020,9,1,92,92004,2,1,8,3,ROBERT DUPONT,48.9195703,2.2808239
202000027726,5,6,2020,15,1,93,93066,2,1,1,4,CROIZAT AMBROISE RD 29 BIS,48.9321,2.349
202000027727,30,9,2020,17,1,38,38238,2,2,1,1,Route de Vienne,45.495195,5.045863
202000027728,5,6,2020,21,2,93,93046,2,2,1,3,KENNEDY AVENUE DU PRESIDENT,48.91654,2.5315
202000027729,5,6,2020,16,1,93,93046,2,1,1,1,CH DES POSTES,48.90856,2.53455
202000027730,2,10,2020,11,1,35,35125,2,9,7,6,Promenade du Grand Mail,47.94195,-1.232555
202000027731,5,6,2020,16,1,93,93005,2,2,1,3,ROND-POINT DES DROITS DE L'HOMME,48.9297,2.480936
202000027732,5,6,2020,14,1,92,92046,2,1,1,6,PIERRE BROSSOLETTE (AVENUE),48.81906,2.3097038
202000027733,3,10,2020,0,3,74,74269,1,4,3,1,D992,45.972644,5.837098
202000027734,5,6,2020,17,1,92,92050,2,3,1,3,REPUBLIQUE AVENUE DE LA,48.9085368,2.2148918
202000027735,3,10,2020,10,1,76,76125,1,9,8,1,Chemin de Crecieusemare,49.62464,1.16851
202000027736,2,10,2020,21,3,80,80738,1,1,3,1,D936,49.952272,2.063125
202000027737,2,10,2020,14,1,11,11152,1,1,3,1,D611,43.042453,2.830031
202000027738,5,6,2020,12,1,92,92050,2,3,1,6,FAURE FELIX AVENUE,48.8856,2.21465
202000027739,2,10,2020,10,1,11,11262,1,1,1,5,D13,43.219368,3.010989
202000027740,4,6,2020,9,1,92,92050,2,3,2,6,REPUBLIQUE AVENUE DE LA,48.909659,2.217562
202000027741,3,10,2020,12,1,11,11255,1,1,1,6,D613,43.163558,2.910347
202000027742,2,10,2020,17,1,29,29171,1,1,2,2,D57 - Lieu Dit le Vieux Haffond,47.852277,-4.285204
202000027743,4,6,2020,17,1,92,92025,2,9,2,6,GABRIEL PERI (RUE),48.917102,2.235968
202000027744,3,10,2020,1,3,31,31356,1,6,2,6,900 Route de Toulouse,43.685947,1.245457
202000027745,3,6,2020,22,5,92,92024,2,6,3,2,FRANCOIS MITERRAND (PLACE),48.9029521,2.3128608
202000027746,2,10,2020,18,2,38,38140,2,1,3,6,Avenue Joliot Curie,45.27948,5.875701
202000027747,2,10,2020,18,1,66,66149,2,1,2,6,46 Avenue Louis Prat,42.61881,2.416166
202000027748,1,10,2020,12,1,66,66149,1,1,1,3,3 Avenue du Pla d'Alt,42.623598,2.442167
202000027749,5,6,2020,19,1,92,92060,2,1,2,6,GENERAL LECLERC (AVENUE) (RD 60),48.78314,2.26436
202000027750,5,6,2020,20,1,92,92012,2,3,2,3,GALLIENI (RUE) 159/FIN,48.835433,2.230733
202000027751,3,10,2020,19,3,05,05171,1,1,3,1,D900b,44.463344,6.207104
202000027752,3,10,2020,1,5,83,83032,1,1,2,6,D13,43.486274,6.172767
202000027753,5,6,2020,16,1,92,92007,2,3,6,3,BRIAND (AVENUE ARISTIDE) N° 100 A 160,48.79622,2.32169
202000027754,3,10,2020,5,3,18,18115,1,1,2,6,D926,47.383198,2.511857
202000027755,5,6,2020,16,1,92,92009,2,1,1,6,RAOUL ( RUE ),48.9187859,2.2796322
202000027756,2,10,2020,10,1,16,16242,1,1,1,6,Le Moulin de Tingaud,45.987154,0.376392
202000027757,4,6,2020,19,1,92,92004,2,3,1,2,MALAKOFF,48.91464,2.28554
202000027758,2,10,2020,17,1,07,07188,1,1,3,1,D578,45.203375,4.678611
202000027759,5,9,2020,18,1,07,07224,1,1,1,6,D536,44.738963,4.14443
202000027760,6,6,2020,9,1,22,22280,1,1,1,1,RD12 PK 5 + 650,48.423505,-2.03511
202000027761,4,6,2020,19,1,30,30202,2,1,1,6,Boulevard Gambetta,44.255606,4.647629
202000027762,3,10,2020,11,1,27,27056,2,2,1,1,Rue Lucien Quérey,49.075419,0.586572
202000027763,2,10,2020,21,3,87,87154,1,1,2,6,L’Île,45.8886,0.856794
202000027764,5,6,2020,13,1,47,47015,1,1,8,7,N21,44.041046,0.660268
202000027765,2,10,2020,21,3,37,37055,1,1,3,6,113 Les Brochardieres,47.4711516,0.2824422
202000027766,2,10,2020,9,1,30,30237,1,1,2,6,Route de Bessèges,44.272431,4.189637
202000027767,6,6,2020,15,1,45,45247,1,3,1,3,Rue de la Varenne - rue du pont de feuillet,48.0041179,2.6748758
202000027768,30,9,2020,17,1,24,24289,2,1,1,5,D936,44.852959,0.064948
202000027769,6,6,2020,20,1,60,60395,2,1,1,6,2 Rue Anatole France,49.2341001,2.1341134
202000027770,2,10,2020,16,1,33,33284,1,1,1,2,A63,44.63209,-0.84578
202000027771,6,6,2020,18,1,67,67495,2,1,1,-1,D220,48.663661,7.598226
202000027772,6,6,2020,12,1,77,77436,1,1,8,7,D55,48.806242,3.21407
202000027773,1,10,2020,8,1,33,33097,1,1,8,6,Route de Lacanau,45.022628,-1.064043
202000027774,6,6,2020,11,1,95,95026,2,1,1,7,rue Pierre Brossolette,49.132328,2.354647
202000027775,24,9,2020,18,1,18,18133,2,1,1,7,Rue Jules Roussel,46.955759,2.253313
202000027776,29,5,2020,10,1,56,56128,1,1,1,6,Kerstraquel,47.974446,-3.116566
202000027777,28,5,2020,14,1,2A,2A362,2,1,1,6,Costa Gelata,41.6990571,9.3461437
202000027778,2,10,2020,7,2,91,91661,2,1,3,1,Rue des Maraichers,48.698516,2.230267
202000027779,6,6,2020,4,4,60,60154,2,1,1,6,98 Rue de Pont-sainte-maxence,49.318221,2.5428
202000027780,3,10,2020,11,1,83,83112,2,1,1,3,Chemin de Sorba,43.18351,5.684352
202000027781,5,6,2020,13,1,63,63218,1,1,1,7,D907,45.387616,3.716941
202000027782,3,10,2020,4,3,70,70014,1,6,3,6,Route Nationale 19,47.683065,6.434137
202000027783,6,6,2020,10,1,49,49125,2,6,1,2,boulevard charles de gaulle,47.192993,-0.289528
202000027784,2,6,2020,11,1,46,46219,1,1,1,7,D12,44.624946,1.414661
202000027785,3,10,2020,12,1,71,71142,1,1,2,3,D681,46.8741335,4.1334981
202000027786,4,6,2020,15,1,31,31095,1,1,1,7,Cazaux,43.032902,0.743712
202000027787,3,10,2020,15,1,55,55366,1,1,1,7,,48.801239,5.066701
202000027788,30,9,2020,17,1,26,26116,2,1,1,6,1 Cours de la Liberté,44.442405,4.710234
202000027789,6,6,2020,18,1,14,14504,1,2,1,3,D510,49.207887,0.33938
202000027790,3,10,2020,10,1,33,33535,1,1,8,5,Avenue de Senailhac,44.857401,-0.470229
202000027791,6,6,2020,2,3,50,50236,1,1,8,6,La Carpenterie,49.283778,-1.532448
202000027792,1,10,2020,15,1,13,13005,1,1,2,2,A50-Sens Marseille vers Aubagne,43.286993,5.540165
202000027793,30,7,2020,18,1,54,54265,1,9,1,3,Autoroute A 33,48.64008,6.1708
202000027794,3,6,2020,10,1,64,64499,2,7,1,1,9 Place Jeanne d'Albret,43.471894,-0.924154
202000027795,2,9,2020,18,1,33,33143,1,1,1,4,AUTOROUTE A 10,44.96428,-0.44066
202000027796,2,10,2020,19,5,94,94037,1,1,2,3,AUTOROUTE A6B,48.81011,2.34944
202000027797,6,6,2020,11,1,36,36046,2,1,2,6,15 Rue Maurice Rollinat,46.5852084,1.9874305
202000027798,2,10,2020,15,1,91,91339,1,1,8,2,RN 104,48.6248,2.2638
202000027799,27,5,2020,0,3,07,07076,2,1,1,6,Avenue du Lumas,44.650112,4.762756
202000027800,2,10,2020,16,1,94,94034,1,1,2,6,AUTOROUTE A86,48.76111,2.31774
202000027801,2,10,2020,8,1,92,92050,1,1,2,3,A14,48.89563,2.22627
202000027802,2,10,2020,18,1,93,93027,1,1,2,5,AUTOROUTE A86,48.92832,2.41245
202000027803,6,6,2020,14,1,40,40274,1,9,8,1,D834,43.955916,-0.588879
202000027804,1,10,2020,23,3,95,95277,1,1,1,3,A104,48.97293,2.4875
202000027805,1,10,2020,18,1,93,93010,2,1,8,3,AUTOROUTE A3,48.90713,2.47251
202000027806,1,10,2020,16,1,93,93064,1,1,3,3,AUTOROUTE A86,48.8808659,2.4751941
202000027807,1,10,2020,14,1,95,95277,1,1,2,6,RD 170B6,48.9729374,2.4851069
202000027808,1,10,2020,10,1,95,95018,1,1,2,3, A15,48.9539715,2.2790855
202000027809,5,6,2020,21,3,24,24340,1,1,1,1,D 709 PR 60,44.859945,0.44368
202000027810,6,6,2020,10,1,04,04091,1,1,1,7,RD 4096,43.991718,5.915279
202000027811,6,6,2020,1,3,85,85034,2,1,2,6,19 Rue du Château,46.637857,-1.171031
202000027812,12,5,2020,16,1,27,27679,1,1,1,7,Route de Francheville,48.753076,0.902874
202000027813,5,6,2020,18,1,37,37086,2,1,1,6,Rue du Stade,47.481195,0.3077546
202000027814,6,6,2020,12,1,48,48075,1,1,1,6,N106,44.400797,3.571544
202000027815,6,6,2020,3,4,67,67389,2,2,2,7,M63,48.6528658,7.7511171
202000027816,2,5,2020,0,3,16,16406,1,1,2,6,Ld Le Bois des Forts,45.684627,0.398426
202000027817,6,6,2020,7,1,33,33214,1,1,2,6,Route du Baganais,44.985226,-1.147658
202000027818,6,6,2020,11,1,34,34226,1,2,1,3,D37,43.352949,2.986801
202000027819,6,6,2020,9,1,83,83099,2,1,1,6,Avenue du 15 Août 1944 (Pont),43.457358,6.67523
202000027820,6,6,2020,10,1,13,13022,2,3,1,-1,Avenue des Albizzi,43.229297,5.55022
202000027821,5,6,2020,7,1,68,68317,1,1,2,7,D417,48.06554,7.094148
202000027822,2,6,2020,19,1,57,57207,2,4,1,4,5 Rue des Roses,49.115008,6.860495
202000027823,6,6,2020,1,3,73,73328,2,1,1,6,1120 Route d'Aix,45.659347,5.908939
202000027824,6,6,2020,2,3,38,38468,1,1,1,6,D4,45.34816,4.7883
202000027825,4,6,2020,20,1,01,01281,2,1,8,3,D1005,46.285004,6.085761
202000027826,6,6,2020,5,3,31,31248,1,1,1,-1,D820,43.46373,1.412791
202000027827,6,6,2020,10,1,86,86227,1,2,1,3,D759 - D19,46.986547,0.00294
202000027828,5,6,2020,14,1,14,14762,1,1,1,6,D55,48.8667703,-0.8327106
202000027829,5,6,2020,17,1,13,13070,1,1,1,4,A50-Sens Aubagne vers Marseille,43.28485,5.52311
202000027830,3,6,2020,12,1,13,13215,1,1,1,4,A7-Sens Marseille vers Lyon,43.36735,5.36092
202000027831,5,6,2020,4,4,69,69029,1,1,2,2,RD 383 Boulevard laurent bonnevay,45.735,4.9015
202000027832,3,6,2020,3,5,69,69081,1,1,1,2,M6   449.510 A 451.640,45.7864,4.78481
202000027833,3,6,2020,15,1,42,42218,1,1,1,1,A72,45.4654,4.39768
202000027834,5,6,2020,6,1,33,33448,1,1,2,-1,AUTOROUTE A 62,44.70031,-0.50172
202000027835,4,6,2020,11,1,33,33550,1,1,2,4,AUTOROUTE A 62,44.77356,-0.556
202000027836,4,6,2020,11,1,33,33039,1,1,2,2,A630,44.79399,-0.53945
202000027837,5,6,2020,7,1,94,94038,1,1,1,4,AUTOROUTE A6B,48.77283,2.3463
202000027838,5,6,2020,9,1,92,92025,1,1,2,3,A86,48.92078,2.2254824
202000027839,5,6,2020,11,1,95,95572,1,1,2,6,AUTOROUTE A15,49.03285,2.10794
202000027840,5,6,2020,18,1,94,94052,1,1,1,4,A86 INT,48.84233,2.49284
202000027841,5,6,2020,17,1,94,94069,1,1,1,2,A4,48.81725,2.42409
202000027842,4,6,2020,19,5,988,98818,2,6,1,2,GERVOLINO (RUE ROGER),-22.26057,166.46991
202000027843,4,6,2020,21,2,69,69388,2,1,2,4,ETATS UNIS (DES)                    (BD),45.7276,4.8688
202000027844,4,6,2020,19,1,69,69383,2,2,1,3,FERDINAND BUISSON                   (R ),45.75167,4.89496
202000027845,4,6,2020,9,1,69,69383,2,1,1,6,ARMENIE (D')                        (R ),45.754529,4.8509949
202000027846,4,6,2020,9,1,972,97213,1,1,1,2,AUTOROUTE A1,14.61728,-61.0175
202000027847,4,6,2020,14,1,69,69034,2,1,1,1,VIADUC JOSEPH PICOT                     ,45.79393,4.87182
202000027848,3,6,2020,11,1,69,69034,2,1,1,-1,GENERAL LECLERC                     (IM),45.8019281,4.8562387
202000027849,3,6,2020,18,1,69,69385,2,1,1,6,MENIVAL (DE)                        (AV),45.75606,4.78777
202000027850,3,6,2020,15,1,971,97101,2,9,1,2,Frédéric JALTON,16.2778,-61.4997
202000027851,4,6,2020,7,1,91,91687,2,6,3,2,LUNAIN (RUE DU),48.660646,2.375981
202000027852,2,6,2020,7,1,91,91433,1,1,1,5,RD 191,48.44081,2.20841
202000027853,30,5,2020,10,1,89,89024,1,1,1,6,VALLAN (ROUTE DE) N° PAIRS,47.76435,3.55007
202000027854,4,6,2020,13,1,83,83137,2,1,3,3,BROSSET (BD GENERAL),43.128325,5.905123
202000027855,26,5,2020,16,1,83,83009,2,9,1,3,DE GAULLE (QUAI CHARLES),43.1364,5.75736
202000027856,4,6,2020,9,1,81,81065,2,1,1,4,CORPORAL (CHEMIN DU ),43.605528,2.230021
202000027857,29,5,2020,18,1,77,77337,1,1,1,7,MARNE VPN (ROUTE DE LA) - D199,48.84876,2.61331
202000027858,3,6,2020,8,1,73,73065,2,6,1,3,CAFFE (PLACE),45.5638467,5.919533
202000027859,2,6,2020,16,1,71,71270,2,6,1,7,Avenue de la Gare,46.3034452,4.8266046
202000027860,31,5,2020,18,1,69,69266,2,1,1,5,LAURENT BONNEVAY    (Boulevard),45.7850031,4.8685312
202000027861,2,6,2020,11,1,69,69264,2,2,1,3,FERRY JULES  R,45.98227,4.73501
202000027862,2,6,2020,20,1,66,66136,1,1,1,3,Départementale  617,42.71263,2.92719
202000027863,4,6,2020,2,5,64,64445,2,6,1,7,MARCA,43.29601,-0.37668
202000027864,3,6,2020,17,1,64,64024,2,1,1,3,ADOUR (AVENUE DE L'),43.52606,-1.5146
202000027865,3,6,2020,18,1,63,63063,2,1,3,4,MOULIN (BD JEAN),45.83157,3.10534
202000027866,3,6,2020,17,1,63,63164,2,6,3,2,DE GAULLE (BD CHARLES),45.8146739,3.1442944
202000027867,1,6,2020,12,1,63,63032,2,5,1,2,ROMAGNAT (ROUTE DE),45.75301,3.08921
202000027868,29,5,2020,15,1,63,63113,2,1,1,2,VERNE (RUE JULES),45.78206,3.12676
202000027869,30,5,2020,18,1,63,63113,2,1,1,2,ORADOU (RUE DE L'),45.76933,3.11323
202000027870,3,6,2020,7,1,57,57757,2,2,1,3,Nations (Avenue),49.3609,6.19479
202000027871,3,6,2020,11,1,49,49007,2,1,1,3,BERANGER,47.47157,-0.53395
202000027872,2,6,2020,17,1,49,49246,2,1,1,4,A87N,47.4369,-0.50991
202000027873,4,6,2020,12,1,44,44109,2,1,1,6,Rue de la Fantaisie,47.25358,-1.574843
202000027874,4,6,2020,17,1,38,38318,2,1,1,3,Rue Joseph Grenouillet,45.52801,4.915
202000027875,2,6,2020,19,1,37,37261,2,1,1,-1,HALLES (PLACE DES),47.39218,0.6798657
202000027876,27,5,2020,1,3,34,34003,1,1,1,2,RD612,43.3006247,3.4629299
202000027877,5,6,2020,0,5,33,33063,2,2,1,3,RUE PIERRE BAOUR / RUE GEORGES BARRES,44.89071,-0.54681
202000027878,4,6,2020,16,1,33,33550,2,3,1,6,PCE ARISTIDE BRIAND / AVE DU MARECHAL LECLERC ,44.7816644,-0.5673491
202000027879,3,6,2020,12,1,33,33069,2,2,1,3,AVE DE TIVOLI / RUE LANET / RUE DES ECUS,44.8706,-0.59823
202000027880,22,5,2020,12,1,33,33281,2,6,1,3,AVE DE LA LIBERATION / AVE DE MAGUDAS,44.85614,-0.64386
202000027881,19,5,2020,19,1,33,33550,2,1,1,6,RTE DE LEOGNAN,44.769753,-0.57877
202000027882,4,6,2020,11,1,31,31555,2,1,1,-1,3 BD DEODAT DE SEVERAC,43.58595,1.42772
202000027883,4,6,2020,23,5,30,30189,2,2,1,3,REPUBLIQUE (RUE),43.82834,4.35481
202000027884,4,6,2020,10,1,27,27562,2,9,1,3,INDUSTRIE (RUE DE L'),49.10428,1.45999
202000027885,29,5,2020,12,1,22,22113,2,1,1,7,CORDERIE (QUAI DE LA),48.7347,-3.46796
202000027886,4,6,2020,7,1,14,14118,2,1,1,3,FALAISE (RUE DE  - 90 PAIR 95 IMPAIR),49.17294,-0.35445
202000027887,4,6,2020,21,2,13,13212,2,3,1,3,SAINT PIERRE (RUE),43.290104,5.4257974
202000027888,4,6,2020,19,1,13,13208,2,1,1,3,RABATAU (BOULEVARD),43.2756,5.39637
202000027889,4,6,2020,18,1,13,13208,2,1,1,4, MIREILLE JOURDAN-BARRY (BD),43.2452,5.3757
202000027890,4,6,2020,11,1,13,13208,2,1,2,6,RABATAU (BOULEVARD),43.27626,5.39713
202000027891,4,6,2020,3,5,13,13208,2,1,3,6,MENDES FRANCE (AVENUE),43.250633,5.375444
202000027892,3,6,2020,19,1,10,10387,2,1,1,3,FOSSES PATRIS (RUE DES),48.30028,4.06372
202000027893,2,6,2020,11,1,10,10387,2,3,1,6,BEGAND (RUE),48.2949,4.065
202000027894,18,6,2020,14,1,07,07281,2,1,1,-1,GROSS-UMSTADT (AVENUE DE),44.9453,4.8531
202000027895,3,6,2020,16,1,07,07102,2,1,1,7,RHONE (QUAI DU),44.92996,4.87887
202000027896,4,6,2020,17,1,06,06027,2,6,8,2,FRANCE ROUTE DE,43.663032,7.134226
202000027897,3,6,2020,20,1,06,06027,2,1,1,-1,PLAGE BOULEVARD DE LA,43.65724,7.17286
202000027898,17,12,2020,14,1,79,79116,1,1,1,6,,46.834127,-0.308862
202000027899,17,12,2020,19,3,33,33022,1,1,5,6,Chemin des bons,45.021733,-0.783484
202000027900,12,11,2020,18,5,33,33143,2,4,1,6,Avenue de Paris,44.969314,-0.454602
202000027901,17,12,2020,11,1,85,85152,2,1,1,1,4 rue de l'ocean,46.600518,-1.65723
202000027902,17,12,2020,17,3,02,02346,1,1,1,6,route nationale 977,49.605412,3.787794
202000027903,11,12,2020,12,1,83,83027,1,1,3,2,A50,43.1802708,5.7695496
202000027904,15,12,2020,21,3,69,69385,1,1,2,3,A6   ,45.751414,4.821302
202000027905,15,12,2020,19,3,57,57463,1,9,8,7,RN 431,49.08905,6.2235
202000027906,16,12,2020,14,1,33,33249,1,1,1,2,,44.878908,-0.509669
202000027907,16,12,2020,0,3,91,91363,1,1,1,6,RN 118,48.66743,2.19258
202000027908,16,12,2020,12,1,78,78362,1,1,1,4,A13,48.975684,1.724089
202000027909,15,12,2020,17,5,78,78291,1,1,1,2,A13,48.971613,1.732005
202000027910,15,12,2020,13,1,95,95582,1,1,1,6,RD 170,48.96254,2.26369
202000027911,15,12,2020,11,1,95,95394,1,1,1,5, A115,49.04992,2.18155
202000027912,24,1,2020,7,2,78,78146,2,1,2,6,REPUBLIQUE (BOULEVARD DE LA),48.89411,2.15156
202000027913,9,10,2020,17,1,33,33529,2,2,1,1,CARNOT (RUE DU PRESIDENT),44.63112,-1.14389
202000027914,3,8,2020,23,5,19,19272,2,1,1,6,Jean Jaurès (Rue),45.26435,1.76782
202000027915,22,7,2020,14,1,19,19272,2,1,1,7,Georges Clémenceau (Bd),45.26554,1.76371
202000027916,18,7,2020,11,1,19,19272,2,1,1,2,Lucien Sampeix (Av),45.25356,1.76403
202000027917,15,7,2020,17,1,19,19272,2,1,1,2,Rigny (Quai),45.2643,1.76419
202000027918,4,7,2020,16,1,19,19272,1,1,1,7,Albert de la Pradel (Av),45.2891718,1.7722398
202000027919,1,7,2020,0,5,19,19272,2,1,1,6,Solane (Rue),45.2696855,1.7699401
202000027920,20,6,2020,9,1,19,19272,2,1,1,6,Jean Jaurès (Rue),45.2640795,1.7670019
202000027921,19,6,2020,14,1,19,19272,1,1,1,3,Mulatet (Lieu dit),45.24296,1.744
202000027922,16,6,2020,21,5,19,19272,2,1,2,6,Albert de la Pradel (Av),45.28254,1.76924
202000027923,29,5,2020,7,1,19,19272,2,1,1,2,Chameyrat (Rue),45.25657,1.74895
202000027924,28,5,2020,10,1,19,19272,2,1,1,3,Ventadour (Av),45.27451,1.77701
202000027925,4,9,2020,11,1,94,94076,2,9,1,6,JEAN BAPTISTE BAUDIN (R),48.79812,2.355
202000027926,5,3,2020,8,1,92,92044,2,3,2,6,BAUDIN (RUE) 1A25 ET 2A34,48.8973369,2.2830045
202000027927,15,12,2020,11,1,974,97407,2,9,1,3,Rue du Général de Gaulle,-20.94172,55.29626
202000027928,14,12,2020,19,5,974,97409,2,1,1,6,Avenue Ile de France,-20.957577,55.649711
202000027929,15,12,2020,20,5,973,97302,1,1,1,2,MADELEINE (ROUTE DE LA),4.9078371,-52.3220014
202000027930,15,12,2020,17,5,69,69388,2,1,2,6,PAUL CAZENEUVE                      (R ),45.73661,4.86476
202000027931,22,11,2020,19,2,69,69387,2,1,1,6,GAMBETTA                            (CO),45.75435,4.84563
202000027932,15,12,2020,9,1,972,97213,1,1,1,2,ROUTE NATIONALE 1,14.64498,-60.97621
202000027933,12,12,2020,20,5,972,97213,1,1,1,2,ROUTE DEPARTEMENTALE 13,14.66,-60.99
202000027934,15,12,2020,13,1,972,97209,1,1,1,2,AUTOROUTE (A1),14.6146,-61.04879
202000027935,12,12,2020,20,5,69,69382,2,3,8,3,JEAN MOULIN                         (QU),45.76616,4.83806
202000027936,7,12,2020,18,5,971,97101,1,3,1,4,ROLAND GARROS - DUGAZON (RUELLE),16.2517139,-61.5190709
202000027937,15,12,2020,18,5,95,95680,2,1,1,3,PIERRE SEMARD (AVENUE),48.999738,2.412132
202000027938,11,12,2020,17,5,95,95585,2,1,2,6,CAMUS (BD ALBERT),48.97933,2.371692
202000027939,12,12,2020,13,1,87,87065,1,2,1,3,BOISSEUIL (RUE DE),45.78442,1.31153
202000027940,15,12,2020,8,2,78,78481,2,1,2,6,SARTROUVILLE (ROUTE DE),48.90365,2.11493
202000027941,15,12,2020,8,5,77,77487,2,4,2,6,ECUREUILS  (ALLEE DES ),48.53747,2.67279
202000027942,15,12,2020,11,1,77,77181,1,1,1,7,JEAN JAURES  (RUE   ),48.81641,2.70267
202000027943,15,12,2020,8,1,77,77058,2,1,2,6,FERRIERES  (RUE DE  ),48.83805,2.69804
202000027944,14,12,2020,12,1,72,72181,2,2,2,1,RUBILLARD AV N° IMP 57 ET >,48.01224,0.18212
202000027945,15,12,2020,10,1,64,64260,2,1,1,3,CORNICHE (ROUTE DE LA),43.37515,-1.761
202000027946,15,12,2020,13,1,64,64140,2,3,1,2,LACOUTURE (RUE PIERRE),43.52956,-1.47379
202000027947,14,12,2020,13,1,63,63113,2,1,1,3,8 GALOIS (ALL EVARISTE),45.7600777,3.1307937
202000027948,14,12,2020,13,1,62,62119,2,6,1,5,CHURCHILL ( AVENUE ),50.510251,2.649888
202000027949,15,12,2020,3,4,62,62764,1,1,2,6,RD 917,50.30572,2.78406
202000027950,14,12,2020,18,3,61,61169,1,1,8,1,BUISSON CORBLIN,48.753815,-0.521084