Num_Acc,jour,mois,an,hr,condition_eclairage,departement,commune,condition_agglomeration,intersection,condition_atmosphere,type_collision,adresse,lattitude,longitude
202000027951,15,12,2020,15,1,59,59225,2,1,8,6,JEAN JAURES (RUE),50.2974306,3.9321882
202000027952,15,12,2020,15,1,59,59378,2,2,1,3,MENIN RUE DE,50.67683,3.081
202000027953,14,12,2020,18,5,56,56083,2,6,2,3,REPUBLIQUE ( AVE DE LA ),47.80142,-3.28243
202000027954,11,12,2020,17,5,55,55186,2,1,2,6,LIBERATION ( AVENUE DE LA ),48.79647,5.12614
202000027955,15,12,2020,20,5,54,54395,2,1,1,6,STRASBOURG (AVENUE DE),48.67614,6.19974
202000027956,15,12,2020,18,5,54,54304,2,3,2,6,MOSELOTTE (RUE DE LA),48.6982034,6.1251126
202000027957,11,12,2020,16,1,54,54395,2,2,2,6,AMERVAL  (RUE D'),48.69367,6.18027
202000027958,14,12,2020,12,1,51,51454,2,1,1,3,Rue de la Maison Blanche,49.2374285,4.0283427
202000027959,15,12,2020,9,1,50,50002,2,6,7,3,COUTANCES (route de),49.10819,-1.13463
202000027960,11,12,2020,14,1,50,50129,2,4,2,3,ABBAYE (RUE DE L'),49.64507,-1.63558
202000027961,15,12,2020,14,1,49,49007,2,1,2,3,COUBERTIN BOULEVARD,47.46448,-0.53161
202000027962,15,12,2020,14,1,49,49007,2,1,1,7,LETANDUERE,47.4636,-0.55522
202000027963,15,12,2020,12,1,49,49007,2,1,1,7,GAULLE BOULEVARD CHARLES DE,47.4698516,-0.5613673
202000027964,11,12,2020,11,2,49,49007,2,1,1,6,POIREL BOULEVARD,47.46184,-0.56235
202000027965,12,12,2020,21,5,49,49007,2,1,1,3,BRISEPOTIERE,47.48083,-0.53521
202000027966,14,12,2020,8,2,49,49007,2,1,1,3,COUBERTIN BOULEVARD,47.45765,-0.53292
202000027967,14,12,2020,7,5,49,49007,2,1,1,3,GASNIER AVENUE,47.4873,-0.57338
202000027968,14,12,2020,17,2,45,45234,2,1,1,6,Rue du Faubourg de Bourgogne,47.901173,1.921425
202000027969,14,12,2020,8,2,44,44184,2,1,1,3,COUBERTIN (AVENUE PIERRE DE),47.26792,-2.23352
202000027970,15,12,2020,9,1,41,41158,1,3,8,3,ROUTE DEPARTEMENTALE 917,47.79075,1.03991
202000027971,3,12,2020,11,1,37,37261,2,9,1,-1,LIBERTE (PLACE DE LA),47.3795501,0.6931727
202000027972,14,12,2020,8,2,37,37261,2,3,2,6,BERANGER (BOULEVARD),47.3887847,0.6794265
202000027973,15,12,2020,8,1,35,35238,2,2,1,3,TILLON (AVENUE CHARLES),48.12452,-1.70309
202000027974,15,12,2020,18,5,32,32013,2,1,1,1,PIERRE DE MONTESQUIOU (AVENUE),43.6335997,0.58831
202000027975,15,12,2020,18,3,28,28134,2,1,1,2,OSMEAUX (RUE DES),48.75039,1.39313
202000027976,15,12,2020,17,5,27,27701,2,1,1,6,FALAISES (ROUTE DES) NATION A ANDELLE,49.27068,1.213599
202000027977,14,12,2020,13,1,25,25462,2,1,1,6,MARPAUD,46.90336,6.35283
202000027978,14,12,2020,11,1,25,25056,2,4,1,3,EPINAL RUE D',47.27033,5.99832
202000027979,12,12,2020,15,1,22,22278,2,1,2,3,HAREL-DE-LA-NOE (BD),48.51953,-2.7477
202000027980,11,12,2020,14,1,22,22187,2,1,1,2,Rue de la Croix Lormel,48.5339503,-2.7580029
202000027981,16,6,2020,22,5,19,19272,2,1,2,3,Dr Valette (Rue),45.25577,1.75633
202000027982,14,12,2020,8,5,16,16102,2,1,2,6,rue de Montplaisir,45.69831,-0.33831
202000027983,15,12,2020,7,2,14,14118,2,1,8,2,RN 814,49.19582,-0.39254
202000027984,10,12,2020,10,1,13,13056,2,1,1,3,PARADIS SAINT-ROCH AVENUE DE,43.4046398,5.0424784
202000027985,15,12,2020,14,1,13,13204,2,1,1,6,TROIS FRERES CARASSO (RUE),43.30658,5.40046
202000027986,15,12,2020,11,1,13,13211,2,4,8,3,SAINT MARCEL (BOULEVARD DE ),43.28759,5.46007
202000027987,14,12,2020,11,1,13,13209,2,6,1,2,LANCIER (CHEMIN DU),43.24734,5.39675
202000027988,12,12,2020,16,1,13,13028,2,3,1,6,PUITS DE BRUNET (CHEMIN DU),43.18933,5.6028
202000027989,1,12,2020,18,3,11,11262,2,1,1,-1,RD 6009 NARBONNE - BEZIERS,43.1822,2.96759
202000027990,15,12,2020,9,1,11,11069,2,1,8,1,CAVAYERE -ROUTE DE LA -,43.1924,2.39671
202000027991,15,12,2020,12,1,10,10387,2,1,2,2,CARNOT (RUE),48.29751,4.06644
202000027992,15,12,2020,18,5,09,09225,2,1,1,6,BOURIETTE AVENUE DE LA,43.10527,1.6317
202000027993,15,12,2020,19,5,06,06030,2,1,1,3,DOUMER (BOULEVARD PAUL),43.56776,7.01426
202000027994,14,12,2020,18,5,06,06027,2,1,1,6,GRASSE AVENUE DE,43.65991,7.13183
202000027995,14,12,2020,18,5,03,03310,2,1,2,6,Avenue de Gramont,46.1311208,3.4342059
202000027996,15,12,2020,15,1,75,75119,2,1,1,3,BOULEVARD PERIPHERIQUE,48.900433,2.386158
202000027997,15,12,2020,5,5,75,75118,2,2,2,3,BOULEVARD BARBES,48.883841,2.349489
202000027998,13,12,2020,18,5,75,75112,2,1,2,4,PORTE DOREE,48.835991,2.412053
202000027999,15,12,2020,17,2,75,75105,2,3,2,1,BOULEVARD SAINT GERMAIN,48.850172,2.348126
202000028000,13,12,2020,20,5,75,75105,2,5,2,6,AVENUE DE L OBSERVATOIRE,48.8396709,2.3366494
202000028001,15,12,2020,19,5,75,75119,2,2,8,3,RUE MANIN,48.883005,2.385545
202000028002,15,12,2020,17,5,75,75119,2,3,1,3,RUE EDOUARD PAILLERON,48.879666,2.374411
202000028003,14,12,2020,9,1,75,75118,2,2,1,3,AVENUE DE LA PORTE DE MONTMARTRE,48.899146,2.336286
202000028004,15,12,2020,22,5,75,75116,2,4,1,7,BOULEVARD DE BEAUSEJOUR,48.856603,2.266277
202000028005,15,12,2020,7,5,75,75115,2,3,2,3,RUE LECOURBE,48.840916,2.296972
202000028006,15,12,2020,6,3,75,75114,2,1,2,3,AVENUE DE LA PORTE DE CHATILLON,48.822932,2.315348
202000028007,15,12,2020,7,5,75,75113,2,1,2,6,BOULEVARD DE L HOPITAL,48.84232,2.36364
202000028008,15,12,2020,17,5,75,75112,2,3,2,7,AVENUE DAUMESNIL,48.838089,2.399715
202000028009,15,12,2020,14,1,75,75112,2,1,8,2,AVENUE DAUMESNIL,48.847195,2.375547
202000028010,14,12,2020,17,2,75,75109,2,1,8,6,RUE DE DOUAI,48.881418,2.335624
202000028011,15,12,2020,2,5,75,75108,2,2,3,6,BOULEVARD MALESHERBES,48.871743,2.322109
202000028012,15,12,2020,10,1,75,75107,2,1,2,3,RUE DUROC,48.847759,2.313623
202000028013,15,12,2020,21,5,94,94081,2,2,1,3,YOURI GAGARINE (AV),48.786,2.39159
202000028014,15,12,2020,18,5,94,94081,2,3,1,6,AUDIGEOIS (R),48.79073,2.39182
202000028015,15,12,2020,16,2,94,94080,2,1,1,6,MIDI (R DU),48.8472482,2.4350121
202000028016,15,12,2020,15,1,94,94074,2,9,1,6,SABLONNIERE (R DE LA),48.7496,2.4544
202000028017,14,12,2020,10,1,94,94068,2,1,1,3,FOCH (AV),48.80463,2.48561
202000028018,15,12,2020,7,5,94,94076,2,2,2,6,REPUBLIQUE (AV DE LA),48.788487,2.361707
202000028019,15,12,2020,19,5,94,94073,2,1,1,6,ESPAGNE (RPT D),48.755334,2.374569
202000028020,15,12,2020,21,5,94,94018,2,9,1,3,ARTHUR CROQUETTE (R),48.8170932,2.4170321
202000028021,15,12,2020,20,3,94,94037,2,1,1,4,PAUL VAILLANT COUTURIER (AV),48.81642,2.33827
202000028022,14,12,2020,20,5,93,93053,2,1,2,6,PARC (RUE DU),48.8883,2.4464
202000028023,15,12,2020,21,5,93,93048,2,3,8,3,PARMENTIER (RUE),48.8594684,2.4317684
202000028024,15,12,2020,17,5,93,93079,2,1,2,3,SAINT LEU (ROUTE),48.95456,2.33455
202000028025,12,12,2020,19,5,93,93008,2,1,2,2,STALINGRAD (RUE DE) A10,48.9150446,2.4292344
202000028026,15,12,2020,4,5,93,93005,2,3,2,3,AV RAOUL DUFY / R AUGUSTE RENOIR,48.9613331,2.5001897
202000028027,15,12,2020,6,5,92,92078,2,3,2,3,VERDUN (AVENUE) (PAIRS 2 A 38),48.935519,2.333878
202000028028,15,12,2020,9,1,92,92050,2,1,2,-1,ARAGO FRANCOIS AVENUE,48.8987235,2.2208852
202000028029,14,12,2020,21,5,92,92036,2,1,2,7,PRINCIPALE DU PORT (ROUTE) (1/17),48.9407099,2.2983171
202000028030,14,12,2020,11,1,92,92026,2,1,8,6,LIBERTE,48.9045945,2.2685594
202000028031,15,12,2020,11,1,92,92012,2,1,1,5,REINE (ROUTE DE LA) 39/107 BIS,48.8404539,2.2311139
202000028032,16,12,2020,21,3,974,97415,1,1,1,2,RN1,-20.984601,55.292022
202000028033,16,12,2020,8,5,80,80016,2,1,1,6,23 Rue Lamarck,50.00291,2.651537
202000028034,16,12,2020,7,3,52,52182,1,1,5,1,route départementale 384 - PK 27+450,48.595173,4.892424
202000028035,16,12,2020,11,1,76,76728,1,1,1,2,A150,49.482699,1.006749
202000028036,15,12,2020,18,5,60,60559,2,2,1,1,Intersection D9 / D931,49.4101766,2.3023194
202000028037,24,11,2020,8,2,06,06037,1,1,1,1,Col de l'Êcre (Col de montagne),43.741976,6.945681
202000028038,15,12,2020,16,2,34,34142,1,1,3,6,"A75, Pk 276+860",43.71189,3.324437
202000028039,16,12,2020,10,1,30,30278,1,1,1,2,RN 580,44.053691,4.712276
202000028040,16,12,2020,5,5,62,62086,2,2,5,3,Route Nationale,50.212588,2.555727
202000028041,15,12,2020,18,4,62,62514,1,3,1,3,D939,50.365134,2.42358
202000028042,16,12,2020,10,1,31,31157,2,3,1,3,Rue du Huit Mai 1945,43.544642,1.345531
202000028043,16,12,2020,11,1,19,19255,1,1,1,6,Les Gouttettes,45.3754623,1.7246201
202000028044,15,12,2020,17,2,82,82054,2,1,1,6,Rue du Barry,44.07698,0.901212
202000028045,16,12,2020,9,1,82,82087,1,1,5,6,2744 Route de Montauban,44.10954,1.2519
202000028046,15,12,2020,5,3,33,33488,1,1,2,7,Lieu Dit Bretagne,44.786731,-0.115694
202000028047,15,12,2020,18,3,33,33033,1,1,1,6,Route de Malagar,44.723454,-0.430731
202000028048,15,12,2020,13,1,46,46238,1,1,2,6,Les Jordannes,44.799469,1.693718
202000028049,16,12,2020,9,1,35,35297,1,1,2,6,N164,48.177836,-2.194098
202000028050,15,12,2020,8,5,29,29075,2,3,2,6,Rue Anne de Bretagne,48.434689,-4.40349
202000028051,14,12,2020,20,5,38,38389,1,1,1,-1,Route de Saint Just,45.585272,5.060111
202000028052,16,12,2020,3,3,38,38189,1,1,2,6,D518Z,45.63772,5.07025
202000028053,16,12,2020,18,3,26,26166,1,1,1,4,Les Crozes Nord,44.758848,4.833502
202000028054,11,12,2020,19,3,58,58300,1,1,2,3,Route de la Noiserie,47.041293,3.19465
202000028055,15,12,2020,18,5,58,58095,1,1,1,2,D979,46.826082,3.489318
202000028056,16,12,2020,5,5,27,27656,1,1,1,2,53 Route de la Vallée de la Masse,49.358255,0.480128
202000028057,14,12,2020,17,5,27,27453,2,3,2,6,44 Rue du General de Gaulle,49.412865,1.370367
202000028058,15,12,2020,7,5,17,17385,2,7,2,7,Place des Anciens Combattants,45.946188,-1.30586
202000028059,15,12,2020,3,3,988,98805,1,1,1,7,VE2,-22.190375,166.441015
202000028060,16,12,2020,8,1,01,01213,2,1,1,3,1701 Route de Genève,45.933963,5.292984
202000028061,15,12,2020,17,1,64,64122,1,1,1,6,A63,43.449077,-1.555335
202000028062,14,12,2020,7,2,66,66008,2,6,1,6,Avenue de Montgat,42.551049,3.010683
202000028063,12,12,2020,8,1,52,52449,2,2,8,3,D974,47.831085,5.328997
202000028064,15,12,2020,17,4,67,67131,2,2,2,6,02 rue du général de gaulle,48.4884742,7.7159783
202000028065,16,12,2020,14,1,73,73157,2,6,7,6,D1006 Cours Aristide Briand,45.202157,6.670917
202000028066,16,12,2020,8,1,38,38281,1,3,1,3,Avenue Saint-Jean,45.236663,5.637767
202000028067,14,12,2020,14,1,01,01142,2,1,1,3,607 Rue de Genève,45.850894,5.069869
202000028068,16,12,2020,7,2,79,79088,1,2,8,3,,46.804422,-0.37478
202000028069,15,12,2020,22,3,33,33177,1,1,1,6,Route de Soulac,45.3289325,-0.9697778
202000028070,15,12,2020,18,3,61,61433,1,1,2,1,Route départementale 2,48.494427,-0.022867
202000028071,15,12,2020,18,5,29,29055,2,2,2,3,Route de Lannilis,48.563772,-4.338253
202000028072,15,12,2020,17,2,13,13019,1,1,1,2,A51-Sens Marseille vers Aix en Provence,43.42723,5.38394
202000028073,14,12,2020,6,3,13,13203,1,1,1,2,A7-Sens Marseille vers Lyon,43.33172,5.37771
202000028074,9,12,2020,16,1,13,13071,1,1,1,6,A55-Sens Martigues vers Marseille,43.3917,5.27309
202000028075,10,12,2020,15,1,13,13216,1,1,1,6,A55-Sens Martigues vers Marseille,43.36,5.33
202000028076,15,12,2020,17,2,69,69072,1,1,2,2,M6  ,45.8133654,4.7672925
202000028077,15,12,2020,9,1,67,67152,1,1,1,3,Route Nationale 83,48.527269,7.694343
202000028078,14,12,2020,22,4,92,92002,1,1,2,6,AUTOROUTE A86,48.7627342,2.3121277
202000028079,15,12,2020,6,3,95,95212,1,1,3,6,RN 104,49.02922,2.5327
202000028080,14,12,2020,22,3,95,95582,1,1,2,6, A15,48.96628,2.25686
202000028081,14,12,2020,17,1,93,93006,1,1,1,7,AUTOROUTE A3,48.87005,2.43012
202000028082,14,12,2020,6,3,95,95572,1,1,1,3,AUTOROUTE A15,49.033163,2.1049231
202000028083,13,12,2020,21,3,95,95018,1,1,2,-1, A15,48.95052,2.28028
202000028084,15,12,2020,17,3,77,77122,1,1,1,2,A5b,48.65627,2.61336
202000028085,15,12,2020,7,3,77,77083,1,1,3,2,A4.W,48.833877,2.590836
202000028086,15,1,2020,16,1,66,66136,2,1,1,7,ESPAGNE (ROUTE D'),42.68112,2.89358
202000028087,16,1,2020,11,1,65,65417,2,2,1,6,MITTERRAND (AVENUE FRANCOIS),43.23318,0.09201
202000028088,16,1,2020,14,1,64,64024,2,1,1,6,GUYNEMER (AVENUE),43.49917,-1.54009
202000028089,16,1,2020,10,1,63,63113,2,2,1,-1,BLATIN (RUE)/Morel Ladeuil,45.7765,3.07509
202000028090,15,1,2020,12,1,63,63113,2,5,1,5,CLEMENTEL (BD ETIENNE),45.8090892,3.1092502
202000028091,14,1,2020,11,1,57,57666,2,1,1,6,VERDUN (ROUTE DE),49.34681,6.13457
202000028092,16,1,2020,10,1,57,57463,2,1,1,3,CAMBOUT (RUE DU ),49.1146,6.18009
202000028093,15,1,2020,7,2,51,51506,2,1,1,7,Avenue de Metz,48.9583684,4.3822261
202000028094,17,1,2020,0,5,42,42187,2,1,1,6,Avenue de Lyon,46.036659,4.076688
202000028095,16,1,2020,15,1,37,37261,2,1,1,6,PORTALIS (AVENUE JEAN),47.3648093,0.6837127
202000028096,16,1,2020,8,1,37,37195,1,1,1,4,RD 37,47.3866695,0.6498004
202000028097,16,1,2020,7,5,37,37233,2,1,1,7,BARBUSSE (RUE HENRI),47.3904464,0.7195599
202000028098,16,1,2020,4,5,37,37261,2,2,1,3,ENTRAIGUES (RUE D'),47.3853998,0.6724013
202000028099,14,1,2020,18,3,37,37214,2,4,2,3,ROUZIERS (ROUTE DE),47.4355227,0.6750138
202000028100,14,1,2020,12,1,36,36044,2,3,1,6,Rue Chausset,46.8057751,1.699399
202000028101,11,1,2020,22,5,35,35238,2,2,1,5,VERN (RUE DE),48.098086,-1.65574
202000028102,16,1,2020,15,1,35,35238,2,1,1,6,POULLART DES PLACES,48.1304,-1.6588
202000028103,16,1,2020,9,1,34,34172,2,1,1,3,RIMBAUD (RUE PAUL),43.61851,3.8452
202000028104,16,1,2020,13,1,33,33063,2,2,1,3,RUE TURENNE / RUE BEL ORME,44.84923,-0.5946
202000028105,4,1,2020,14,1,33,33063,2,3,1,2,CRS DE LA MARNE / RUE MONTFAUCON,44.828281,-0.561225
202000028106,16,1,2020,9,1,33,33318,2,3,1,3,AVE PASTEUR / RUE HENRI FRUGES,44.80238,-0.64638
202000028107,3,1,2020,14,1,33,33192,2,6,1,1,RTE DE CANEJAN / CHEM D'ORNON,44.76576,-0.63889
202000028108,15,1,2020,16,1,31,31149,2,1,1,6,MITTERAND (ESPLANADE FRANCOIS),43.60698,1.33524
202000028109,16,1,2020,1,5,31,31555,2,1,1,3,NARBONNE (ROUTE DE),43.56677,1.45854
202000028110,15,1,2020,19,5,31,31555,2,1,1,3,RTE D ESPAGNE,43.56938,1.42445
202000028111,16,1,2020,8,1,30,30189,1,3,1,2,SAUVE (ROUTE),43.8462,4.2957
202000028112,16,1,2020,8,5,29,29232,2,1,2,6,Place Louis Armand,47.99501,-4.09527
202000028113,12,1,2020,11,1,29,29019,2,6,1,3,Rue de Valmy,48.39807,-4.46512
202000028114,15,1,2020,23,5,25,25388,2,1,1,6,LUDWIGSBURG (AVENUE DE),47.5032,6.81169
202000028115,12,1,2020,18,1,14,14118,1,1,1,3,FALAISE (RUE DE  - 90 PAIR 95 IMPAIR),49.17318,-0.3543
202000028116,16,1,2020,23,5,13,13208,2,3,1,3,JULES CANTINI (AVENUE),43.28163,5.39151
202000028117,16,1,2020,21,5,13,13210,2,2,1,6,TOULON (AVENUE DE),43.2847152,5.3918879
202000028118,16,1,2020,14,1,13,13211,2,1,1,2,MONTRE (TRAVERSE DE LA),43.295612,5.47827
202000028119,16,1,2020,12,1,13,13207,2,1,1,2,CORDERIE (BOULEVARD DE LA),43.290389,5.369305
202000028120,15,1,2020,18,5,13,13207,2,1,1,5,RIVE NEUVE (QUAI),43.29247,5.36682
202000028121,15,1,2020,20,5,13,13063,1,6,1,3,RN 1569 LA TRANSHUMANCE,43.58851,4.98923
202000028122,15,1,2020,13,1,10,10387,2,2,1,3,ANATOLE FRANCE (RUE),48.28222,4.07018
202000028123,15,1,2020,10,1,10,10387,2,3,1,3,MAROTS (RUE DES),48.3053,4.0523
202000028124,14,1,2020,0,5,10,10387,2,6,1,6,VOULDY (CHAUSSEE DU),48.29131,4.08778
202000028125,16,1,2020,19,5,06,06069,2,1,1,1,1 Av Mal de Lattre de Tassigny,43.650172,6.922638
202000028126,16,1,2020,7,1,06,06029,2,1,-1,6,VAUTRIN (BOULEVARD DU GENERAL),43.549099,7.031609
202000028127,16,1,2020,8,1,06,06027,2,2,1,3,PASSAU RUE DE,43.66407,7.1534
202000028128,16,1,2020,10,1,05,05061,2,4,1,3,TURRELET (MONTEE DU),44.55599,6.07103
202000028129,15,1,2020,21,3,04,04112,1,1,1,6,Ch des Vannades,43.83477,5.81671
202000028130,16,1,2020,0,5,75,75113,2,1,1,2,BD PERIPHERIQUE INTERIEUR,48.825357,2.385388
202000028131,15,1,2020,17,5,75,75115,2,1,2,3,BD PERIPHERIQUE INTERIEUR,48.834762,2.265418
202000028132,15,1,2020,16,2,75,75119,2,4,1,4,BP PERIPHERIQUE EXTERIEUR,48.899709,2.3923504
202000028133,15,1,2020,10,1,75,75120,2,1,1,3,BD PERIPHERIQUE EXTERIEUR,48.867865,2.413456
202000028134,15,1,2020,7,1,75,75114,2,1,1,3,BD PERIPHERIQUE INTERIEUR,48.824101,2.307761
202000028135,14,1,2020,16,1,75,75116,2,1,1,2,BD PERIPHERIQUE INTERIEUR,48.867343,2.269366
202000028136,16,1,2020,19,5,75,75107,2,3,1,3,AVENUE DE SUFFREN,48.853008,2.2980389
202000028137,15,1,2020,10,1,75,75105,2,1,1,6,BOULEVARD SAINT MICHEL,48.848598,2.341598
202000028138,15,1,2020,15,1,75,75120,2,2,8,3,BOULEVARD DE MENILMONTANT,48.864166,2.386192
202000028139,16,1,2020,16,1,75,75119,2,1,1,3,AVENUE JEAN JAURES,48.8890791,2.3939947
202000028140,16,1,2020,15,1,75,75118,2,2,1,6,AVENUE DE LA PORTE DE CLIGNANCOURT,48.898066,2.3441474
202000028141,16,1,2020,15,1,75,75118,2,2,1,4,BOULEVARD DE LA CHAPELLE,48.883866,2.3494744
202000028142,16,1,2020,13,1,75,75117,2,1,1,6,BOULEVARD PEREIRE,48.8805,2.2893191
202000028143,16,1,2020,20,3,75,75115,2,2,1,6,RUE DE LA CONVENTION,48.8421622,2.2855369
202000028144,15,1,2020,12,1,75,75115,2,1,1,3,RUE DE LA CONVENTION,48.841593,2.286827
202000028145,15,1,2020,10,1,75,75115,2,2,1,3,RUE DE LA CONVENTION,48.837236,2.296446
202000028146,16,1,2020,17,5,75,75115,2,2,1,6,RUE LERICHE,48.8344783,2.2956629
202000028147,16,1,2020,20,5,75,75113,2,1,1,3,RUE NEUVE TOLBIAC,48.8312908,2.3780711
202000028148,16,1,2020,17,1,75,75113,2,2,1,6,BOULEVARD VINCENT AURIOL,48.8333278,2.3636695
202000028149,15,1,2020,22,5,75,75113,2,2,2,6,RUE DE LA POTERNE DES PEUPLIERS,48.8175868,2.3533775
202000028150,16,1,2020,22,5,75,75112,2,7,1,6,PLACE DE LA BASTILLE,48.852846,2.368964
202000028151,16,1,2020,22,5,75,75111,2,4,1,3,AVENUE DE LA REPUBLIQUE,48.8658116,2.3715333
202000028152,16,1,2020,6,5,75,75111,2,1,1,6,AVENUE DE LA REPUBLIQUE,48.8648465,2.3768102
202000028153,16,1,2020,18,5,75,75110,2,1,1,1,RUE DU FAUBOURG SAINT MARTIN,48.8769024,2.3610298
202000028154,15,1,2020,12,1,75,75110,2,1,1,3,RUE D HAUTEVILLE,48.8745766,2.3507117
202000028155,16,1,2020,12,1,75,75109,2,2,1,6,RUE DU FAUBOURG POISSONNIERE,48.8719838,2.3479038
202000028156,16,1,2020,10,1,75,75109,2,2,1,6,BOULEVARD DE MAGENTA,48.8836166,2.3494954
202000028157,16,1,2020,15,1,75,75107,2,4,1,3,AVENUE DE LA BOURDONNAIS,48.8558227,2.3030711
202000028158,16,1,2020,9,1,75,75101,2,2,1,6,BOULEVARD DE SEBASTOPOL,48.8605592,2.3493534
202000028159,14,1,2020,13,1,94,94081,2,1,1,6,Avenue Ernest Havet,48.783,2.401
202000028160,16,1,2020,17,1,94,94042,2,1,1,2,PRESIDENT JOHN KENNEDY (AV DU),48.81704,2.46672
202000028161,15,1,2020,15,1,94,94033,2,1,2,1,NEUILLY (AV DE),48.84746,2.48696
202000028162,15,1,2020,9,1,94,94046,2,1,1,7,JOFFRE (AV),48.81568,2.44616
202000028163,15,1,2020,13,1,94,94022,2,1,1,6,ANATOLE FRANCE (AV),48.7613301,2.410746
202000028164,16,1,2020,9,1,94,94019,2,1,7,2,LIBERATION (RTE DE LA),48.8032744,2.5377129
202000028165,15,1,2020,19,2,94,94053,2,9,2,1,GRANDE RUE PIERRE MENDES-FRANCE - PL JEA,48.77536,2.5478
202000028166,16,1,2020,19,5,93,93078,2,1,1,1,AV CHARLES DE GAULLE,48.95845,2.55956
202000028167,16,1,2020,16,1,93,93059,2,1,1,3,AMIENS (RUE D') N° 02 AU N°128,48.9531341,2.3688531
202000028168,16,1,2020,18,5,93,93066,2,1,1,2,COLONEL FABIEN (AVENUE),48.94563,2.34974
202000028169,16,1,2020,12,1,93,93066,2,2,1,6,PL JEAN POULMARCH / BD DE LA LIBERATION,48.9329149,2.3421556
202000028170,16,1,2020,10,1,93,93066,2,2,1,3,AV DU PRESIDENT WILSON / R JULES LE SAUNIER,48.92618,2.35666
202000028171,16,1,2020,17,2,93,93062,2,1,1,6,AV DE LA RESISTANCE,48.89439,2.51335
202000028172,15,1,2020,18,5,93,93006,2,1,2,6,RASPAIL AVENUE,48.8750478,2.4301063
202000028173,15,1,2020,11,1,93,93006,2,1,1,3,AV DU GENERAL DE GAULLE,48.86391,2.41691
202000028174,15,1,2020,18,5,93,93031,2,1,2,3,ARGENTEUIL (ROUTE D'),48.9597211,2.291366
202000028175,16,1,2020,19,5,92,92051,2,1,1,6,THEOPHILE-GAUTHIER (RUE),48.8844967,2.2570078
202000028176,16,1,2020,15,1,92,92051,2,1,1,3,MAURICE BARRES (BOULEVARD),48.8795,2.266
202000028177,16,1,2020,21,5,92,92048,2,9,1,1,MAL DE LATTRE DE TASSIGNY (AVENUE),48.78683,2.23107
202000028178,16,1,2020,16,1,92,92044,2,1,1,3,PDT WILSON(RUE)77A105 ET 76A108,48.8966186,2.2863901
202000028179,16,1,2020,13,1,92,92040,2,2,1,3,GALLIENI (BOULEVARD),48.8231264,2.2679606
202000028180,16,1,2020,17,2,92,92026,2,1,1,3,PRÉSIDENT PAUL DOUMER (QUAI DU),48.89317,2.25982
202000028181,16,1,2020,13,1,92,92004,2,1,1,2,DOCTEUR DERVAUX  ( QUAI DU ),48.907426,2.29197
202000028182,16,1,2020,13,1,09,09268,2,9,1,3,25 Route de Miguet,42.997759,1.138627
202000028183,17,1,2020,18,3,60,60559,1,2,1,3,RD 09,49.414975,2.303178
202000028184,14,1,2020,6,3,34,34199,1,1,1,1,A75,43.445177,3.422413
202000028185,15,1,2020,11,1,51,51076,1,1,1,1,D3,49.0723715,3.8187769
202000028186,16,1,2020,19,3,89,89307,1,2,1,3,D91,47.920324,3.713249
202000028187,16,1,2020,22,3,42,42262,1,1,6,6,Route de Saint-bonnet,45.399909,4.1703297
202000028188,16,1,2020,23,3,42,42192,1,1,1,6,D104,45.379703,4.10659
202000028189,17,1,2020,12,1,31,31503,1,1,3,1,D817,43.141009,0.921309
202000028190,16,1,2020,15,1,31,31424,2,1,7,6,14 Route de Pibrac,43.577556,1.290827
202000028191,16,1,2020,10,1,10,10353,1,2,7,3,D619,48.438363,3.910774
202000028192,16,1,2020,16,1,24,24040,2,3,1,3,carrefour D703 route de Cazenac,44.840643,1.138037
202000028193,11,1,2020,14,2,04,04094,1,3,1,3,RD 4 / RD 82,43.7958118,5.8303531
202000028194,17,1,2020,16,1,85,85024,1,1,2,1,D32,46.94963,-1.82839
202000028195,16,1,2020,10,1,88,88011,1,9,1,6,Route d'Epinal,48.140947,6.507967
202000028196,16,1,2020,22,3,03,03104,1,1,1,5,A71,46.356138,2.801177
202000028197,16,1,2020,19,3,13,13051,1,9,1,1,Route Departementale 10,43.549367,5.175273
202000028198,16,1,2020,18,3,62,62403,1,1,1,2,A26,50.701042,2.213803
202000028199,16,1,2020,18,2,973,97305,1,1,1,2,RN 1 pk 14,4.9321293,-52.3999712
202000028200,17,1,2020,13,1,29,29005,1,1,3,1,D783 - Beg Saint Ouarneau,47.8474399,-3.6265503
202000028201,17,1,2020,18,3,77,77063,1,1,1,1,D216,48.7985018,2.9755355
202000028202,16,1,2020,20,1,77,77211,1,1,1,6,RD201,48.5845253,2.9877838
202000028203,16,1,2020,7,3,78,78590,1,1,1,1,D202,48.692554,1.964755
202000028204,15,1,2020,7,2,67,67130,2,3,1,3,1 Rue de Barr,48.42082,7.653477
202000028205,16,1,2020,14,1,88,88126,1,1,1,7,Rue de la Croix Romont,48.195286,6.317637
202000028206,17,1,2020,9,1,69,69010,2,1,2,6,en face du 77 rue Gabriel Péri,45.831263,4.611748
202000028207,16,1,2020,18,5,33,33243,2,1,1,6,RD910 Avenue Georges Pompidou,44.94233,-0.23149
202000028208,15,1,2020,19,5,14,14762,2,1,8,6,2 Rue de Caen,48.847565,-0.883795
202000028209,15,1,2020,17,5,22,22067,2,1,1,2,Route de Brest,48.563716,-3.1674928
202000028210,16,1,2020,21,3,60,60139,1,1,1,2,D1001,49.181716,2.2359631
202000028211,17,1,2020,19,3,02,02381,1,1,8,6,D1043,49.945952,4.067709
202000028212,17,1,2020,9,1,59,59139,2,7,1,6,Place Eugène Fiévet,50.123363,3.408495