Num_Acc,jour,mois,an,hr,condition_eclairage,departement,commune,condition_agglomeration,intersection,condition_atmosphere,type_collision,adresse,lattitude,longitude
202000028213,16,1,2020,7,5,59,59535,1,1,5,6,Route du Parc,50.771529,2.713147
202000028214,16,1,2020,9,1,13,13210,1,1,1,4,A50-Sens Marseille vers Aubagne,43.2848252,5.418054
202000028215,16,1,2020,16,1,33,33318,1,1,1,5,ROCADE A630 -E15-,44.78902,-0.62228
202000028216,15,1,2020,8,2,59,59386,1,1,1,3,ROUTE DEPARTEMENTALE 652,50.6824457,3.0771214
202000028217,16,1,2020,15,1,91,91136,1,1,1,2,AUTOROUTE A10,48.7136,2.2778
202000028218,16,1,2020,12,1,94,94034,1,1,1,2,AUTOROUTE A86,48.756,2.3418
202000028219,16,1,2020,14,1,91,91339,1,1,1,6,RN 104,48.63094,2.24297
202000028220,16,1,2020,9,1,91,91477,1,1,1,3,AUTOROUTE A10,48.71126,2.252
202000028221,16,1,2020,4,4,94,94038,1,1,5,2,AUTOROUTE A6B,48.76941,2.3439
202000028222,16,1,2020,11,1,78,78545,1,1,1,3,RN12,48.789931,2.070054
202000028223,16,1,2020,9,1,92,92050,1,6,1,3,A14,48.8997085,2.2120797
202000028224,16,1,2020,9,1,94,94017,1,1,1,2,A4,48.8267112,2.5225883
202000028225,15,1,2020,22,5,77,77169,1,1,1,6,N330,48.824628,2.6155685
202000028226,11,1,2020,20,3,974,97409,1,1,3,5,RN2 Sens Ste Suzanne St Benoit,-20.966244,55.656985
202000028227,14,1,2020,17,1,69,69383,2,1,1,3,GAMBETTA                            (CO),45.75601,4.84121
202000028228,12,1,2020,22,3,91,91421,1,1,1,2,NATIONALE 6 (GLACIERE),48.71187,2.44195
202000028229,13,1,2020,12,1,91,91326,2,1,2,6,GABRIEL PERI (AVENUE),48.694788,2.366588
202000028230,9,1,2020,18,5,91,91223,2,3,2,6,CIMETIERE (RUE DU),48.42655,2.13898
202000028231,13,1,2020,4,5,86,86194,1,1,1,1,N147,46.556725,0.398381
202000028232,14,1,2020,19,5,85,85191,2,1,1,3,Rue du Maréchal Foch,46.67344,-1.42814
202000028233,9,1,2020,16,1,83,83062,2,3,1,3,GANCE (AVENUE ABEL),43.1159538,5.9851778
202000028234,10,1,2020,18,5,83,83090,2,6,8,6,SEYNE (ROUTE DE LA),43.1268,5.84556
202000028235,12,1,2020,9,1,78,78117,2,1,1,6,LOUIS BLERIOT (RUE),48.779159,2.130726
202000028236,13,1,2020,13,1,77,77186,1,1,2,2,RD606. de la rochette à l'obélisque,48.477132,2.6752514
202000028237,14,1,2020,16,2,76,76217,2,9,1,3,DUQUESNE (QUAI),49.9251,1.080469
202000028238,14,1,2020,11,1,76,76414,2,1,1,7,SAINT MARTIN (RUE),49.8995675,1.1505707
202000028239,4,1,2020,11,1,74,74012,2,1,1,2,EUROPE (AVENUE DE L'),46.17778,6.23781
202000028240,13,1,2020,12,1,74,74298,2,3,1,5,TANINGES (ROUTE DE ),46.189199,6.263587
202000028241,11,1,2020,19,3,73,73222,1,1,1,6,SAINT SATURNIN (ROUTE DE),45.59713,5.93858
202000028242,11,1,2020,19,5,72,72181,2,2,1,3,DURAND GEORGES (AV) N° IMP 199 AU N° 311,47.97119,0.21724
202000028243,13,1,2020,7,3,71,71105,2,1,1,2,Route de Cluny,46.3122009,4.7874141
202000028244,11,1,2020,14,1,69,69290,2,1,1,4,SALVADOR ALLENDE                    (R ),45.7030841,4.9348814
202000028245,8,1,2020,7,2,69,69256,2,1,1,6,BATAILLON CARMAGNOLE LIBERTE (DU)   (AV),45.7589,4.9258
202000028246,13,1,2020,12,1,69,69264,2,3,1,3,LECLERC GENERAL  BD,45.9984,4.7084
202000028247,13,1,2020,15,1,66,66136,2,1,1,1,ROUDAYRE (AVENUE EMILE),42.71283,2.89551
202000028248,14,1,2020,12,1,64,64445,2,1,1,3,PAIX,43.3225057,-0.3680742
202000028249,14,1,2020,7,2,64,64129,2,1,1,3,SAINT JOHN PERSE,43.30634,-0.39527
202000028250,13,1,2020,18,5,64,64102,2,3,1,3,HENRI DE NAVARRE (AVENUE),43.5016,-1.4459
202000028251,13,1,2020,18,3,63,63063,1,1,1,4,RD 2009,45.82619,3.11237
202000028252,13,1,2020,13,1,63,63063,2,1,1,2,RD 2009,45.8253478,3.1118318
202000028253,13,1,2020,22,5,63,63113,2,2,1,3,LAVOISIERS (BD),45.786,3.07989
202000028254,7,1,2020,11,1,62,62194,2,1,8,6,PAIX ( BOULEVARD DE LA ),50.495592,2.482118
202000028255,14,1,2020,16,1,59,59599,2,2,1,6,HUGO (RUE VICTOR),50.714109,3.157027
202000028256,13,1,2020,16,2,57,57463,2,2,1,7,XX EME CORPS AMERICAIN,49.1012332,6.1633217
202000028257,11,1,2020,23,5,56,56121,2,1,1,7,DELESSERT (RUE  BENJAMIN ),47.74701,-3.36748
202000028258,9,1,2020,7,5,55,55545,2,6,2,7,DOUAUMONT ( AVENUE DE ),49.16064,5.38883
202000028259,13,1,2020,22,5,54,54547,2,9,2,3,MIRECOURT (ROUTE DE),48.665041,6.190058
202000028260,13,1,2020,20,5,54,54395,2,1,1,3,MALZEVILLE (Rue de),48.7036,6.1822
202000028261,8,1,2020,13,1,54,54382,2,1,2,3,FAISCEAU (RUE DU),49.54189,5.7955
202000028262,14,1,2020,18,5,51,51454,2,1,1,7,Avenue du Général de Gaulle,49.2459878,4.0181484
202000028263,14,1,2020,7,3,51,51055,1,1,1,1,Chemin de Cernay,49.2796849,4.0737715
202000028264,13,1,2020,10,1,49,49007,2,1,2,2,BEAUSSIER BOULEVARD,47.4759797,-0.5993339
202000028265,4,1,2020,8,2,45,45302,1,1,1,4,D2701 - PR 0+300,47.94876,1.86303
202000028266,11,1,2020,18,4,45,45232,1,1,2,2,Avenue de Sologne,47.870028,1.912011
202000028267,13,1,2020,18,5,45,45338,2,1,2,1,Rue de Bel-Air,47.98824,2.718789
202000028268,13,1,2020,12,1,45,45068,2,1,2,6,RUE JULES MASSENET,48.007337,2.709107
202000028269,13,1,2020,8,2,44,44184,1,1,2,4,RD 492 DU PONT BD HÔPITAL A ÉCHANGEUR CR,47.2789307,-2.2485633
202000028270,13,1,2020,16,1,38,38185,2,2,1,6,RUE RAOUL BLANCHARD,45.1902,5.72876
202000028271,12,1,2020,21,5,37,37214,2,1,1,7,REPUBLIQUE (AVENUE DE LA),47.4035715,0.6655394
202000028272,12,1,2020,22,5,37,37261,2,1,1,6,TANNEURS (RUE DES),47.3961907,0.6831371
202000028273,12,1,2020,21,5,37,37261,2,2,2,-1,GRAMMONT (AVENUE DE),47.3861624,0.6905016
202000028274,11,1,2020,14,1,37,37261,2,3,1,3,PAGES (ALLEE GASTON),47.4054717,0.7040317
202000028275,11,1,2020,15,1,37,37233,2,3,1,3,DUCLOS (AVENUE JACQUES),47.3810972,0.7353432
202000028276,14,1,2020,11,1,34,34172,2,3,1,3,JUSTICE DE CASTELNAU (AVENUE DE LA),43.627,3.87297
202000028277,9,1,2020,7,5,34,34032,2,1,1,4,WILSON PRESIDENT (AV DU),43.33743,3.22377
202000028278,6,7,2020,17,1,14,14574,1,1,1,3,DIVES (D.45 route de),49.1503154,0.2041557
202000028279,6,7,2020,14,1,14,14118,2,2,1,3,BAYEUX (RUE DU 143 IMPAIR . 160 PAIR,49.1833,-0.38666
202000028280,7,7,2020,21,5,13,13210,2,2,1,3,MIREILLE LAUZE (BOULEVARD),43.283331,5.412884
202000028281,7,7,2020,22,5,13,13208,2,2,1,1,RAYMOND TEISSERE (RUE),43.27541,5.39602
202000028282,7,7,2020,15,1,13,13210,2,1,1,6,ROMAIN ROLLAND (BOULEVARD),43.2734064,5.4130894
202000028283,5,7,2020,8,1,12,12145,2,6,1,1,Giratoire de Belluges,44.11628,3.08429
202000028284,7,7,2020,18,1,07,07281,2,1,1,3,ONZE NOVEMBRE (AVENUE DU),44.9461,4.8468
202000028285,7,7,2020,13,1,06,06069,2,1,1,3,CANNES (ROUTE DE)  -RD 6085-,43.642001,6.946991
202000028286,6,7,2020,11,1,06,06030,2,1,7,6,VALBONNE (ROUTE  DE),43.57817,7.01701
202000028287,6,7,2020,13,1,06,06027,2,1,1,-1,CANNES AVENUE DE (RN7),43.6512,7.1417
202000028288,4,7,2020,21,1,05,05061,2,1,1,6,GUILLAUME FAREL ( AVENUE ),44.55817,6.07067
202000028289,7,7,2020,21,2,75,75117,2,1,1,3,BOULEVARD PERIPHERIQUE EXTERIEUR OUEST,48.890245,2.298465
202000028290,7,7,2020,8,1,75,75120,2,1,1,3,BOULEVARD PERIPHERIQUE INTERIEUR NORD  ,48.850099,2.415106
202000028291,7,7,2020,7,1,75,75120,2,2,1,2,RUE D AVRON,48.851857,2.40137
202000028292,6,7,2020,21,2,75,75120,2,1,1,-1,RUE PAUL MEURICE,48.876314,2.41076
202000028293,7,7,2020,19,1,75,75116,2,2,1,2,AVENUE FOCH,48.871249,2.276166
202000028294,7,7,2020,18,1,75,75116,2,4,1,2,RUE POUSSIN,48.848568,2.262085
202000028295,7,7,2020,16,1,75,75116,2,2,1,2,AVENUE DE L HIPPODROME,48.860534,2.240813
202000028296,7,7,2020,14,1,75,75116,2,7,1,3,PLACE VICTOR HUGO,48.869455,2.285411
202000028297,7,7,2020,12,1,75,75116,2,5,1,5,AVENUE KLEBER,48.865011,2.288691
202000028298,7,7,2020,7,1,75,75108,2,1,1,3,RUE CAMBACERES,48.873761,2.317716
202000028299,6,7,2020,20,2,75,75116,2,2,1,3,AVENUE FOCH,48.873591,2.29279
202000028300,7,7,2020,19,1,75,75115,2,2,1,3,AVENUE DE SEGUR,48.847894,2.306166
202000028301,7,7,2020,19,1,75,75115,2,7,1,-1,RUE SAINT CHARLES,48.849065,2.287672
202000028302,7,7,2020,16,1,75,75113,2,2,1,6,BOULEVARD MASSENA,48.824172,2.376807
202000028303,7,7,2020,9,1,75,75113,2,1,1,3,QUAI D IVRY,48.826905,2.386153
202000028304,7,7,2020,16,1,75,75112,2,2,1,3,RUE LOUIS BRAILLE,48.839716,2.402513
202000028305,6,7,2020,20,2,75,75112,2,1,1,6,RUE DE CHARENTON,48.839667,2.388701
202000028306,5,7,2020,11,1,75,75112,2,4,1,3,AVENUE DAUMESNIL,48.835892,2.405636
202000028307,7,7,2020,17,1,75,75108,2,4,1,6,AVENUE DES CHAMPS ELYSEES,48.871922,2.300842
202000028308,7,7,2020,1,5,75,75109,2,2,1,6,BOULEVARD MONTMARTRE,48.871486,2.343054
202000028309,7,7,2020,20,1,75,75104,2,3,1,6,BOULEVARD HENRI IV,48.850434,2.360086
202000028310,6,7,2020,19,1,75,75101,2,1,1,6,VOIE GEORGES POMPIDOU,48.858075,2.343284
202000028311,7,7,2020,18,1,94,94081,2,1,1,6,ABBE ROGER DERRY (AV DE L),48.79101,2.39346
202000028312,7,7,2020,18,1,94,94081,2,3,1,3,MOULIN DE SAQUET (AV DU),48.790787,2.380967
202000028313,7,7,2020,19,1,94,94046,2,1,1,1,GENERAL DE GAULLE (AV DU),48.80694,2.42596
202000028314,7,7,2020,20,1,94,94034,2,1,1,3,ORMES (R DES),48.753285,2.327021
202000028315,7,7,2020,9,1,94,94038,2,2,1,1,ALBERT 1ER (R),48.77918,2.33111
202000028316,7,7,2020,21,1,94,94022,2,2,1,3,GENERAL LECLERC (AV),48.76132,2.40339
202000028317,7,7,2020,14,1,94,94022,2,9,1,3,ANATOLE FRANCE (AV),48.76018,2.41192
202000028318,6,7,2020,19,1,94,94019,2,2,1,1,MARECHAL LECLERC (AV DU),48.79655,2.53059
202000028319,7,7,2020,9,1,94,94052,2,1,1,2,GEORGES CLEMENCEAU (AV),48.835833,2.472298
202000028320,7,7,2020,4,3,93,93073,1,9,1,1,CHAPIT RE ( RUE DU),49.0035126,2.536768
202000028321,7,7,2020,12,1,93,93070,2,1,1,3,LANDY(RUE):N° 1 AU 43,48.9142392,2.3464948
202000028322,2,7,2020,16,1,93,93039,2,1,1,6,R MECHIN,48.935709,2.338486
202000028323,7,7,2020,10,1,93,93055,2,2,1,3,JULES AUFFRET (51/FIN ET 56/FIN),48.8867795,2.4103861
202000028324,5,7,2020,19,1,93,93050,2,1,1,3,ROBERT SCHUMANN (AVENUE),48.8738162,2.5317425
202000028325,7,7,2020,18,1,93,93048,2,1,1,6,ARISTIDE BRIAND (BOULEVARD),48.8735466,2.4539818
202000028326,6,7,2020,23,5,93,93048,2,1,1,6,BD DE LA BOISSIERE,48.877739,2.4595431
202000028327,7,7,2020,22,5,93,93046,2,3,1,7,LEON LUM AVENUE,48.9095,2.5302
202000028328,7,7,2020,19,1,93,93031,2,4,1,1,DE LATTRE DE TASSIGNY (1 A 51),48.9572763,2.3099006
202000028329,6,7,2020,23,5,93,93031,2,4,3,2,REPUBLIQUE (AVENUE),48.94802,2.33878
202000028330,7,7,2020,18,1,93,93029,2,2,1,3,JACQUES JOLY,48.93506,2.44524
202000028331,7,7,2020,21,1,93,93027,2,1,1,3,VAILLANT-COUTURIER (AVENUE PAUL),48.9262,2.4166
202000028332,7,7,2020,18,1,93,93047,2,1,1,2,JEAN JAURES (AVENUE),48.8982386,2.5554654
202000028333,6,7,2020,17,1,93,93047,2,3,1,5,AV HORTENSIAS / R DU GENERAL DE GAULLE,48.898657,2.553501
202000028334,7,7,2020,3,5,93,93057,2,1,1,6,BRIAND ( AV. ARISTIDE) 134 A 212,48.90921,2.50414
202000028335,7,7,2020,19,1,93,93005,2,1,1,5,JACQUES DUCLOS [CD44] (RUE),48.9468197,2.4925994
202000028336,6,7,2020,17,1,93,93001,2,1,1,6,R ANDRE KARMAN ,48.9100566,2.3849371
202000028337,7,7,2020,21,2,92,92046,2,1,1,6,RAYMOND DAVID,48.8174297,2.2946151
202000028338,6,7,2020,18,1,92,92022,2,1,1,7,SALENGRO (AVENUE ROGER),48.8083793,2.1872985
202000028339,6,7,2020,18,1,92,92063,2,1,1,2,BONAPARTE (AVENUE NAPOLEON) SUD,48.87318,2.16455
202000028340,7,7,2020,14,1,92,92062,2,1,1,2,REPUBLIQUE (RUE DE LA) N° 100 A 14,48.8869529,2.2460986
202000028341,6,7,2020,18,1,92,92050,2,4,1,3,MARTIN HENRI AVENUE,48.8932751,2.1887147
202000028342,6,7,2020,19,1,92,92020,2,1,1,3,EXUPERY AVENUE SAINT,48.8086667,2.2983769
202000028343,6,7,2020,17,1,92,92075,1,3,1,3,PIERRE BROSSOLETTE (AVENUE),48.8177,2.3078
202000028344,7,7,2020,9,1,92,92026,2,6,1,3,JEAN MERMOZ (SQUARE ET PLACE),48.9025731,2.2745776
202000028345,7,7,2020,13,1,92,92024,2,1,1,-1,CLAUDE DEBUSSY (AVENUE),48.9103073,2.311161
202000028346,7,7,2020,17,1,92,92023,2,1,1,6,PORTE DE TRIVAUX (RUE DE) N°57 A 197 ET,48.78734,2.247026
202000028347,7,7,2020,7,1,92,92023,2,6,1,3,Avenue Jean-Baptiste Clément,48.791488,2.26284
202000028348,30,7,2020,8,1,92,92012,2,4,7,-1,QUATRE SEPTEMBRE (QUAI DU),48.8450906,2.2266223
202000028349,7,7,2020,17,1,92,92012,2,2,1,3,ANDRE MORIZET (AVENUE) 1/47 - 2/52,48.835,2.24132
202000028350,3,7,2020,15,1,92,92004,2,1,1,3,DOCTEUR DERVAUX ( QUAI DU ),48.91169,2.30089
202000028351,8,6,2020,15,1,974,97415,2,1,8,7,3 Rue de la Pépinière,-20.9794724,55.3205556
202000028352,7,7,2020,18,1,35,35016,2,1,1,2,1 Rue de Lassy,47.984885,-1.929584
202000028353,7,7,2020,10,1,51,51224,1,2,1,3,N4,48.6963228,4.6937431
202000028354,8,7,2020,4,3,22,22182,1,1,1,6,Departementale 4,48.568607,-2.927474
202000028355,7,7,2020,18,1,45,45178,2,1,1,2,Avenue du Vingt Quatre Novembre,48.002342,2.54371
202000028356,8,7,2020,14,1,34,34152,2,4,1,3,Rue du Mas d'Allegre,43.783349,3.75962
202000028357,8,7,2020,12,1,49,49092,1,1,7,7,l'angelière,47.1365949,-0.7380356
202000028358,2,7,2020,14,1,28,28088,2,6,1,6,Place du 18 Octobre,48.070631,1.328047
202000028359,7,7,2020,22,3,01,01353,1,1,1,7,D936,45.973885,4.78457
202000028360,7,7,2020,16,1,21,21247,1,1,1,2,A6,47.484995,4.163244
202000028361,8,7,2020,17,1,57,57024,1,1,1,3,D2,49.192306,6.240256
202000028362,7,7,2020,11,1,79,79056,1,2,1,3,,47.046016,-0.20647
202000028363,8,7,2020,13,1,2A,2A271,2,6,1,2,RT 22,41.9635046,8.8135554
202000028364,7,7,2020,18,1,2A,2A271,1,1,1,3,RT 22,41.959945,8.806379
202000028365,6,7,2020,16,1,32,32027,1,6,7,3,D935,43.695757,-0.208735
202000028366,8,7,2020,19,2,11,11427,1,1,7,6,D626,43.066513,2.095953
202000028367,7,7,2020,21,2,49,49069,1,1,7,1,La Coptiere (drain),47.326556,-1.19987
202000028368,8,7,2020,13,1,42,42137,1,1,1,7,Route de Lavieu,45.525472,4.054599
202000028369,7,7,2020,0,3,86,86082,2,1,1,1,N10,46.349116,0.186118
202000028370,7,7,2020,9,1,68,68374,2,1,1,6,12 Rue Herzog,48.086433,7.314809
202000028371,8,7,2020,10,1,39,39013,2,1,7,6,,46.903109,5.773396
202000028372,7,7,2020,12,1,25,25471,1,9,1,7,D125,47.30157,6.650087
202000028373,7,7,2020,18,1,44,44140,1,1,1,6,Le Moulin Beduaud,47.206814,-1.210765
202000028374,8,7,2020,0,3,29,29284,2,1,1,6,23 Rue du Capitaine le Drezen,47.797156,-4.268681
202000028375,7,7,2020,14,1,31,31232,2,1,1,2,Avenue du Président Kennedy,43.766209,1.297503
202000028376,6,7,2020,12,1,38,38075,1,1,1,6,Route du Grésivaudan,45.450181,5.999973
202000028377,7,7,2020,17,1,06,06150,2,3,1,6,Avenue de la Victoire,43.745402,7.398983
202000028378,8,7,2020,0,5,06,06079,2,1,1,3,Avenue de la Mer,43.540034,6.93618
202000028379,7,7,2020,17,1,73,73019,1,1,7,6,D1006,45.496207,6.3004191
202000028380,8,7,2020,10,1,04,04182,2,1,1,7,Rue de l'église,43.916305,6.093029
202000028381,7,7,2020,13,1,85,85128,2,1,1,-1,96 Av Mal de Lattre de Tassigny,46.45627,-1.15568
202000028382,8,7,2020,14,1,87,87154,1,9,1,3,Route de Brigueuil,45.901052,0.895321
202000028383,7,7,2020,19,1,33,33122,1,1,1,3,Route de Saint-jean-d'Illac,44.72568,-0.75198
202000028384,7,7,2020,17,1,06,06085,1,1,1,1,976 Route de Vallauris,43.594851,7.037987
202000028385,5,7,2020,19,1,83,83061,1,1,7,5,Autoroute A8 - PK 140+300 Nord,43.507663,6.759574
202000028386,7,7,2020,18,1,74,74021,1,1,1,2,A40,46.161925,6.264465
202000028387,8,7,2020,6,3,973,97305,1,1,1,7,RN1 PK 16,4.937222,-52.408776
202000028388,7,7,2020,12,1,971,97106,1,1,2,1,Route de Duche,16.101139,-61.771193
202000028389,5,7,2020,0,3,45,45038,2,1,1,6,Route de Puiseaux,48.1780053,2.2798749
202000028390,8,7,2020,9,1,2B,2B332,1,3,1,3,T30,42.64665,9.097946
202000028391,8,7,2020,9,1,48,48119,1,1,1,1,D906,44.463267,3.943727
202000028392,6,7,2020,10,1,83,83035,1,6,1,2,Le Castelet,43.252658,5.77529
202000028393,7,7,2020,21,3,06,06075,1,1,1,1,Avenue Felix Faure,43.82962,7.255654
202000028394,8,7,2020,8,1,04,04241,1,3,1,3,RD 907 ,43.852684,5.728571
202000028395,8,7,2020,13,1,13,13116,1,2,1,3,Route de Saint Andiol,43.837638,4.926445
202000028396,8,7,2020,16,1,67,67131,2,1,1,6,2 Rue des Fusilliers Marins,48.492176,7.730083
202000028397,7,7,2020,21,2,57,57340,1,1,1,4,D174m,49.091834,6.98341
202000028398,8,7,2020,16,1,38,38449,1,1,1,1,boulevard de villefontaine,45.638887,5.123706
202000028399,7,7,2020,19,1,69,69255,1,1,1,3,Route du Pont Pinay,45.7279507,4.6746165
202000028400,6,7,2020,19,1,09,09132,1,1,1,7,Triboire,43.174516,1.710085
202000028401,7,7,2020,20,1,33,33015,1,1,1,6,Goudon,44.876271,-0.291814
202000028402,8,7,2020,8,1,14,14047,2,1,1,3,Route de Caen,49.273874,-0.691704
202000028403,8,7,2020,11,1,27,27072,1,2,1,3,D313,49.094412,1.560155
202000028404,8,7,2020,14,1,27,27081,1,1,1,7,nationale 13,49.012626,1.286259
202000028405,7,7,2020,23,3,60,60612,1,1,1,1,D1330,49.2255295,2.5829029
202000028406,8,7,2020,9,1,60,60009,2,1,1,6,Grande rue,49.4144157,2.1356498
202000028407,7,7,2020,19,1,13,13106,1,1,1,2,A7-Sens Lyon vers Marseille,43.39614,5.35147
202000028408,7,7,2020,9,1,13,13070,1,1,1,2,A50-Sens Aubagne vers Marseille,43.2854,5.5152
202000028409,7,7,2020,10,1,13,13001,1,1,1,3,A51-Sens Aix en Provence vers Marseille,43.478107,5.408189
202000028410,7,7,2020,1,3,13,13211,1,1,1,2,A50-Sens Marseille vers Aubagne,43.2936673,5.472145
202000028411,6,7,2020,14,1,13,13055,1,1,1,6,A507 sens Marseille - Aubagne,43.3303131,5.3888637
202000028412,7,7,2020,15,1,91,91064,1,1,1,5,RN 118,48.7499,2.20653
202000028413,7,7,2020,12,1,91,91687,1,1,1,2,AUTOROUTE A6,48.6617,2.3699
202000028414,7,7,2020,8,1,94,94034,1,1,1,3,AUTOROUTE A86,48.7563,2.3372
202000028415,7,7,2020,18,1,92,92050,1,1,1,3,A86,48.9167332,2.2217173
202000028416,7,7,2020,8,1,92,92036,1,1,1,5,A86,48.9344018,2.2803241
202000028417,7,7,2020,7,1,78,78362,1,1,7,6,A13,48.975091,1.72569
202000028418,6,7,2020,14,1,93,93013,1,1,1,4,AUTOROUTE A1,48.94142,2.42794
202000028419,7,7,2020,20,1,77,77514,1,1,1,-1,A104,48.9377,2.6281
202000028420,6,7,2020,16,1,77,77146,1,1,1,4,A4.Y,48.8310728,2.6401357
202000028421,20,4,2020,6,1,69,69387,2,3,1,3,GERLAND (DE)                        (R ),45.7364,4.8396
202000028422,6,7,2020,18,1,69,69386,2,2,1,1,VENDOME                             (R ),45.77117,4.84453
202000028423,6,7,2020,16,1,69,69386,2,2,1,3,BELGES (DES)                        (BD),45.7700583,4.8570292
202000028424,2,7,2020,16,1,69,69386,2,2,1,4,DUQUESNE                            (R ),45.7725917,4.8443085
202000028425,6,7,2020,9,1,69,69199,2,9,1,3,SAMPAIX                             (IM),45.71435,4.85133
202000028426,5,7,2020,12,1,972,97213,1,1,1,3,ROUTE NATIONALE 5,14.59566,-60.98776
202000028427,6,7,2020,18,4,972,97209,2,1,2,2,RD 41 (ROCADE),14.61326,-61.07049
202000028428,3,7,2020,20,1,69,69034,2,1,1,3,MARTIN BASSE                        (R ),45.80557,4.85547
202000028429,6,7,2020,6,1,95,95680,2,6,1,-1,ERABLES (AVENUE DES),49.004071,2.399703
202000028430,1,7,2020,9,1,91,91477,1,1,1,6,MARNIERES (rue des),48.72069,2.22284
202000028431,3,7,2020,20,1,91,91223,2,1,1,7,PAULIN-HIPPOLYTE (RUE RENE),48.42902,2.13218
202000028432,3,7,2020,16,1,87,87085,2,1,1,3,DUMAS (AVENUE GEORGES),45.8266,1.26471
202000028433,25,6,2020,13,1,83,83009,2,6,1,3,BONAPARTE (CORNICHE),43.13548,5.7539
202000028434,3,7,2020,12,1,80,80021,2,1,1,3,ROBERT LE COQ (RUE),49.90068,2.2695
202000028435,3,7,2020,17,1,80,80489,2,1,1,2,JACQUES DUCLOS (RUE),49.86975,2.36906
202000028436,4,7,2020,23,5,78,78646,2,2,1,3,PARIS (AVENUE DE),48.80227,2.12972
202000028437,6,7,2020,15,1,77,77482,2,1,1,2,D606,48.3610619,2.9180472
202000028438,5,7,2020,19,1,76,76681,2,2,1,2,CORNEILLE. RUE PIERRE,49.4182,1.09715
202000028439,6,7,2020,14,1,69,69266,2,1,1,6,COLIN     (Rue),45.7749,4.874
202000028440,6,7,2020,14,1,69,69256,2,1,1,6,ROGER SALENGRO                      (R ),45.76072,4.92907
202000028441,6,7,2020,22,5,69,69091,2,1,1,2,HONORE PETETIN ( R ),45.59309,4.77293
202000028442,4,7,2020,4,3,68,68297,1,1,1,6,Rue de la Brigade du Languedoc,47.59641,7.56019
202000028443,4,7,2020,13,1,67,67482,2,1,1,3,COMTES (ALLEE DES),48.5840971,7.7146228
202000028444,6,7,2020,14,1,67,67180,1,1,1,5,RD 27,48.8680246,7.7642717
202000028445,5,7,2020,23,5,66,66136,2,1,1,3,CARSALADE-DU-PONT(AVENUE JULES DE),42.689018,2.899839
202000028446,3,7,2020,15,1,66,66136,2,1,1,3,CUGNOT (JOSEPH),42.6838,2.8715
202000028447,5,7,2020,14,1,64,64024,2,1,1,2,ADOUR (AVENUE DE L'),43.5271,-1.51975
202000028448,6,7,2020,8,1,62,62848,2,6,1,3,941 (CD),50.5093335,2.6495133
202000028449,5,7,2020,19,1,59,59560,2,1,1,1,RESISTANCE RUE DES MARTYRS DE LA,50.55454,3.01903
202000028450,4,7,2020,20,1,59,59350,2,2,2,6,NATIONALE RUE N°2 - 178B-1 - 171,50.6346,3.05689
202000028451,5,7,2020,16,1,57,57019,2,1,1,6,TERRASSES DU SOLEIL (CHEMIN DES),49.25441,6.13428
202000028452,2,7,2020,16,1,56,56121,2,1,1,6,LENINE ( AVENUE ),47.76195,-3.3784
202000028453,5,7,2020,10,1,50,50203,1,1,3,6,R N 13,49.59899,-1.59608
202000028454,6,7,2020,17,1,45,45234,2,9,1,2,Place Albert Camus,47.83502,1.93631
202000028455,2,7,2020,16,1,35,35288,2,2,1,3,91 Boulevard Chateaubriand,48.658488,-1.994883
202000028456,7,7,2020,1,5,35,35238,2,1,1,6,VILLEBOIS MAREUIL (BD),48.10938,-1.65517
202000028457,6,7,2020,17,1,35,35238,1,1,1,7,PREVALAYE (CHEMIN DE LA),48.0903778,-1.7386693
202000028458,6,7,2020,16,1,35,35238,2,6,1,3,KENNEDY (COURS JOHN-FITZGERALD),48.12131,-1.704748
202000028459,6,7,2020,5,1,34,34172,2,1,1,3,BLUM (RUE LEON),43.60799,3.89058
202000028460,4,7,2020,23,5,34,34172,2,2,1,3,PAVELET (AVENUE DU COLONEL),43.58717,3.85865
202000028461,3,7,2020,18,1,34,34032,2,1,1,1,FOUR A CHAUX (BD DU),43.34668,3.20957
202000028462,6,7,2020,18,1,33,33281,2,2,1,3,AVE BON AIR / PISTE CYCLABLE LES ONTINES,44.82613,-0.64967
202000028463,4,7,2020,15,1,31,31555,1,1,1,3,VA008482 A624,43.6114762,1.3810104
202000028464,6,7,2020,15,1,31,31483,2,2,1,3,ARRIEU ANSELME (AVENUE),43.110245,0.718689
202000028465,30,6,2020,12,1,29,29019,2,2,2,6,Rue Robespierre,48.40736,-4.48972
202000028466,2,7,2020,14,1,22,22215,2,1,1,1,GRANDE VILLEMAIN (RUE DE LA),48.4853674,-2.8188729
202000028467,6,7,2020,15,1,17,17300,2,3,1,3,GRANDES VARENNES   AVENUE DES,46.16757,-1.17768
202000028468,4,7,2020,14,1,16,16089,2,1,1,-1,Route de Dizedon,45.666587,-0.33828
202000028469,1,7,2020,18,1,14,14220,2,7,1,6,VICTOR-HUGO (RUE),49.35966,0.07483
202000028470,6,7,2020,16,1,13,13210,2,4,1,3,JEAN MOULIN (BOULEVARD),43.28186,5.3992
202000028471,6,7,2020,16,1,13,13204,2,1,1,6,MARÉCHAL JUIN (BOULEVARD),43.30948,5.40285
202000028472,6,7,2020,14,1,13,13202,2,1,1,2,CAMILLE PELLETAN (AVENUE),43.3036791,5.3737253
202000028473,29,6,2020,9,1,11,11262,2,1,1,-1,RAZES (RUE DU),43.1758,3.00221
202000028474,14,2,2020,2,3,77,77122,1,1,3,6,RN104,48.6558227,2.6137977
202000028475,2,1,2020,17,5,93,93051,1,1,1,2,A4,48.8354,2.5581
202000028476,17,2,2020,15,1,75,75120,2,2,1,3,RUE BELGRAND,48.864683,2.404152