Num_Acc,jour,mois,an,hr,condition_eclairage,departement,commune,condition_agglomeration,intersection,condition_atmosphere,type_collision,adresse,lattitude,longitude
202000028477,16,2,2020,17,1,75,75116,2,3,1,6,BOULEVARD DELESSERT,48.85961,2.287714
202000028478,15,2,2020,18,5,75,75116,2,3,1,6,AVENUE DE NEW YORK,48.863343,2.296328
202000028479,15,2,2020,12,1,75,75116,2,2,7,5,RUE DE LA POMPE,48.859548,2.275206
202000028480,15,2,2020,12,1,75,75116,2,1,1,3,BOULEVARD MURAT,48.847189,2.258479
202000028481,17,2,2020,19,5,75,75114,2,1,1,7,BOULEVARD BRUNE,48.824823,2.318023
202000028482,17,2,2020,18,5,75,75112,2,1,2,6,RUE DE BERCY,48.843993,2.372972
202000028483,17,2,2020,16,1,75,75112,2,1,1,3,COURS DE VINCENNES,48.847554,2.401889
202000028484,16,2,2020,23,5,75,75111,2,2,8,-1,BOULEVARD DES FILLES DU CALVAIRE,48.86247,2.366915
202000028485,16,2,2020,23,5,75,75111,2,2,2,3,RUE DE CHARONNE,48.855117,2.387137
202000028486,17,2,2020,9,1,75,75102,2,4,1,3,AVENUE DE L OPERA,48.868699,2.333142
202000028487,17,2,2020,9,1,94,94052,2,1,1,6,ANQUETIL (R),48.8423958,2.4864883
202000028488,17,2,2020,8,1,94,94052,2,9,1,2,JOINVILLE (AV DE),48.8309049,2.4688252
202000028489,16,2,2020,21,5,94,94079,2,3,3,6,ROBERT SCHUMAN (R),48.8228331,2.5422482
202000028490,16,2,2020,21,5,94,94002,2,2,3,3,CARNOT (BD),48.80093,2.42231
202000028491,17,2,2020,9,1,93,93073,1,1,1,2,Rue du Chapitre,49.003424,2.5368129
202000028492,17,2,2020,10,1,93,93066,2,1,1,2,CAQUET (PLACE),48.93705,2.35956
202000028493,17,2,2020,18,2,93,93053,2,1,2,6,REPUBLIQUE (BLD DE LA) N°,48.89567,2.46137
202000028494,17,2,2020,20,5,93,93033,2,1,2,6,DU MARECHAL JOFFRE (AVENUE),48.861986,2.578844
202000028495,16,2,2020,22,5,93,93014,2,2,2,1,ANGEL TESTA (ALLEE),48.90132,2.5424
202000028496,17,2,2020,6,5,92,92078,2,9,8,3,LONGUE BERTRANE (RUE),48.930313,2.320568
202000028497,17,2,2020,9,1,92,92046,2,1,8,-1,DANTON (RUE),48.82173,2.29915
202000028498,17,2,2020,19,5,92,92049,2,3,2,7,PIERRE BROSSOLETTE AVENUE DE N° IMPAIRS/ MARX DORMOY (AVENUE),48.8120256,2.3007895
202000028499,17,2,2020,9,1,92,92048,2,1,1,2,HNRI BROUSSE (PLACE),48.8078,2.2417
202000028500,17,2,2020,19,5,92,92026,2,9,1,3,ALBERT GLEIZES (AVENUE),48.89284,2.24533
202000028501,14,2,2020,19,2,92,92025,2,1,1,7,JEAN JACQUES ROUSSEAU (RUE),48.932316,2.263527
202000028502,17,2,2020,15,1,63,63307,1,1,2,-1,D2089,45.708906,3.069606
202000028503,15,2,2020,8,1,38,38199,1,1,1,1,D167,45.48151,4.91756
202000028504,17,2,2020,20,3,06,06161,1,1,1,-1,Route de Grasse,43.656633,7.106717
202000028505,17,2,2020,15,1,49,49092,2,1,6,6,Rue de Gasnault,47.2134369,-0.7931371
202000028506,17,2,2020,7,2,68,68026,1,3,1,3,D4 PK002.000,48.134424,7.344148
202000028507,17,2,2020,7,1,974,97422,1,1,1,2,65 Chemin Jean Baptiste Huet,-21.283647,55.534464
202000028508,18,2,2020,10,1,972,97205,1,1,1,6,route nationale 2,14.645697,-61.138712
202000028509,15,2,2020,4,3,77,77022,2,9,1,6,2 Rue Antoine Barye,48.445969,2.612176
202000028510,17,2,2020,20,3,56,56079,1,1,1,1,La Ville Joubard RN24,47.948474,-2.520987
202000028511,17,2,2020,15,1,67,67434,2,1,1,6,Rue du Maréchal Foch,48.9397726,7.0864197
202000028512,17,2,2020,17,1,76,76281,1,2,1,2,D484,49.520131,0.574889
202000028513,16,2,2020,16,3,89,89388,1,2,2,3,Lieu Dit les Grilots,47.9314886,3.269668
202000028514,18,2,2020,6,2,25,25190,2,1,2,1,Rue de Beaucourt,47.497981,6.912739
202000028515,17,2,2020,16,1,35,35023,1,1,2,6,RN 12 Bédée,48.186275,-1.982989
202000028516,18,2,2020,14,1,29,29040,2,1,1,1,D85 - 45 Route Touristique,48.3527944,-4.7774101
202000028517,17,2,2020,16,1,50,50273,2,2,1,3,D903,49.307329,-1.422687
202000028518,27,1,2020,18,3,09,09283,1,1,1,2,RN20,42.724664,1.825104
202000028519,14,2,2020,18,5,60,60245,2,1,1,6,13 Rue Albert 1er,49.6500778,1.7308818
202000028520,18,2,2020,8,2,17,17093,2,1,1,3,107 Avenue d'Antioche,45.890591,-1.21989
202000028521,18,2,2020,2,3,87,87011,1,9,1,6,Grange des Selles,46.096679,1.034163
202000028522,17,2,2020,16,1,87,87105,1,1,3,6,Picq,45.745755,1.602545
202000028523,11,2,2020,18,3,01,01451,1,9,2,2,A40,46.233944,5.280218
202000028524,18,2,2020,9,1,06,06152,1,9,1,3,650 Route des Lucioles,43.617729,7.051489
202000028525,17,2,2020,17,2,06,06152,1,1,1,7,D98,43.616668,7.037306
202000028526,17,2,2020,12,1,987,98725,2,1,1,1,RT 2 PK 9.5,-17.5067893,-149.4887862
202000028527,17,2,2020,7,1,988,98821,1,1,2,7,RT1,-22.090412,166.319876
202000028528,18,2,2020,19,3,13,13035,1,2,1,3,Avenue de Lattre de Tassigny,43.679853,5.067444
202000028529,18,2,2020,6,3,13,13110,1,1,1,1,D6,43.458059,5.655159
202000028530,18,2,2020,14,1,68,68103,1,1,1,2,D201,47.672359,7.437937
202000028531,18,2,2020,8,2,33,33003,2,1,1,6,81 Avenue du Chemin de la Vie,44.950626,-0.4874
202000028532,17,2,2020,17,2,59,59357,2,3,1,3,Rue de Mons,50.294379,3.860959
202000028533,17,2,2020,20,5,59,59249,2,1,1,1,Rue de la Commune de Paris,50.022455,4.074565
202000028534,16,2,2020,22,5,13,13207,1,1,1,6,Tunnel Prado Carénage,43.291757,5.366167
202000028535,17,2,2020,8,1,33,33075,1,1,2,3,ROCADE A 630,44.88987,-0.61096
202000028536,16,2,2020,3,3,78,78090,1,1,1,6,A13,48.9703,1.9013
202000028537,15,2,2020,18,1,60,60631,1,1,1,2,AUTOROUTE A1,49.14573,2.57735
202000028538,17,2,2020,7,2,94,94073,1,1,2,3,A86 EXT,48.75372,2.38019
202000028539,16,2,2020,6,1,988,98818,2,1,1,7,MARTINET (RUE HENRI),-22.25959,166.47488
202000028540,16,2,2020,17,1,69,69386,2,1,1,7,BELGES (DES)                        (BD),45.775,4.848
202000028541,16,2,2020,4,4,69,69383,2,1,1,6,AUBIGNY (D')                        (R ),45.7613,4.8647
202000028542,16,2,2020,19,5,972,97213,1,1,2,6,AUTOROUTE A1,14.618089,-61.03445
202000028543,16,2,2020,8,1,972,97209,2,3,1,3,BALATA (ROUTE DE),14.63518,-61.07226
202000028544,16,2,2020,5,2,972,97209,2,1,2,2,BISHOP (Avenue Maurice),14.60906,-61.0558
202000028545,16,2,2020,18,5,69,69389,2,1,1,6,JAYR                                (QU),45.77859,4.80798
202000028546,15,2,2020,19,2,69,69382,2,1,1,3,DOCTEUR GAILLETON (DU)              (QU),45.74882,4.83057
202000028547,15,2,2020,12,1,69,69389,2,1,1,6,SIDOINE APPOLINAIRE                 (AV),45.77,4.79
202000028548,16,2,2020,14,1,2B,2B033,2,1,1,6,AV DE LA LIBERATION,42.6859,9.44522
202000028549,15,2,2020,16,1,91,91421,2,4,1,3,MARECHAL FOCH (AVENUE DU),48.70871,2.46395
202000028550,16,2,2020,18,5,91,91174,2,1,1,5,14 Juillet (rue du),48.615202,2.483737
202000028551,15,2,2020,1,5,91,91425,2,2,1,7,ORLEANS (ROUTE D'),48.63902,2.26786
202000028552,14,2,2020,19,5,91,91347,2,1,1,2,DIVISION LECLERC (AVENUE DE LA),48.65735,2.2749
202000028553,16,2,2020,21,5,78,78586,2,2,2,6,BERTEAUX (MAURICE) N°44 A 152,48.938332,2.170649
202000028554,16,2,2020,13,1,77,77284,2,9,1,3,APPEL DU 18 JUIN 1940 (AV.DE L'),48.95161,2.90563
202000028555,16,2,2020,17,1,74,74133,2,3,1,2,ZONE (ROUTE DE),46.17993,6.214113
202000028556,15,2,2020,18,2,69,69271,2,1,1,6,EUROPE (DE L')                          ,45.738,4.9394
202000028557,15,2,2020,19,5,68,68066,2,1,1,6,RUE DIENER ( MARCO),48.082402,7.331112
202000028558,10,2,2020,19,2,59,59636,2,3,1,3,YPRES RUE D,50.68416,3.039083
202000028559,13,2,2020,18,2,57,57463,2,1,2,6,LAFAYETTE (RUE ),49.10833,6.17351
202000028560,16,2,2020,2,5,45,45286,2,1,2,6,95 Route de Sandillon,47.88158,1.93266
202000028561,16,2,2020,20,5,42,42071,2,1,1,6,Avenue de la Libération,46.01736,4.09148
202000028562,16,2,2020,14,1,38,38185,2,2,1,1,Boulevard Gambetta,45.18778,5.72352
202000028563,15,2,2020,12,1,37,37261,2,6,1,3,POMPIDOU (AVENUE GEORGES),47.394854,0.7044834
202000028564,16,2,2020,19,5,35,35238,2,9,2,6,TOUR D'AUVERGNE (BD DE LA),48.10568,-1.68444
202000028565,16,2,2020,6,3,33,33162,2,1,1,6,RUE DES GRAVES,44.88079,-0.66292
202000028566,7,2,2020,7,2,29,29039,1,1,1,2,D783 - Rue de Pennanguer,47.9030103,-3.9141899
202000028567,16,2,2020,20,5,13,13214,2,1,1,2,ST JOSEPH A STE MARTHE (chemin),43.3417,5.38663
202000028568,16,2,2020,18,2,13,13212,2,3,1,3,WILLIAM BOOTH (AVENUE),43.2934028,5.4398047
202000028569,15,2,2020,16,1,13,13213,2,1,1,7,LEPRINCE RINGUIET (rue),43.34431,5.44244
202000028570,15,2,2020,18,5,13,13215,2,1,1,3,SAINT ANTOINE (AVENUE DE),43.31795,5.37414
202000028571,15,2,2020,18,2,13,13208,2,1,1,3,MONTREDON (AVENUE DE),43.242251,5.369176
202000028572,16,2,2020,17,1,13,13001,1,1,1,6,BELLEC MAURICE (RTE DU COLONEL),43.5784374,5.4388922
202000028573,16,2,2020,12,1,07,07186,2,1,3,3,OUVEZE ( PONT DE L' ) D2,44.727235,4.600136
202000028574,15,2,2020,20,5,75,75120,2,1,2,5,AVENUE GAMBETTA,48.872494,2.404707
202000028575,16,2,2020,20,5,75,75118,2,3,2,-1,BOULEVARD NEY,48.898011,2.34244
202000028576,16,2,2020,15,1,75,75115,2,1,1,3,RUE DE LA PROCESSION,48.836968,2.308996
202000028577,16,2,2020,15,1,75,75107,2,2,1,3,RUE SAINT DOMINIQUE,48.85995,2.31311
202000028578,16,2,2020,3,3,75,75104,2,7,2,6,QUAI DE GESVRES,48.857164,2.347445
202000028579,16,2,2020,10,1,94,94074,2,1,1,2,JULIEN DURANTON (avenue),48.7592,2.4512
202000028580,16,2,2020,14,1,93,93073,2,1,6,6,ROISSY (ROUTE DE),48.9818924,2.5557491
202000028581,16,2,2020,12,1,93,93071,2,2,1,3,PETITS PONTS (ROUTE DES),48.9519776,2.5284923
202000028582,16,2,2020,10,1,93,93046,2,9,1,3,MARECHAL LECLERC AVENUE,48.92013,2.53942
202000028583,16,2,2020,6,3,01,01290,1,1,1,2,D1084,45.872412,5.156085
202000028584,14,2,2020,7,1,06,06114,2,3,1,3,1754 Route de l'Abadie,43.742329,7.294165
202000028585,16,2,2020,23,5,06,06161,2,3,1,3,Route du Bord de Mer,43.639515,7.138415
202000028586,17,2,2020,8,1,83,83086,2,1,8,5,Route de Frejus,43.470989,6.573408
202000028587,17,2,2020,15,1,86,86255,1,1,1,1,D148,46.158001,0.330931
202000028588,16,2,2020,6,3,22,22182,1,1,3,7,pr 70.500 RN12,48.529351,-2.9097871
202000028589,16,2,2020,18,3,76,76516,1,1,3,7,A28,49.7166,1.4154
202000028590,8,2,2020,14,1,69,69260,2,7,1,6,Chemin du Pelet,45.6520364,4.8130471
202000028591,17,2,2020,6,3,03,03086,1,1,2,4,,46.4784945,3.8327928
202000028592,15,2,2020,2,3,56,56061,2,1,2,6,Rue du Marais,47.724371,-2.133923
202000028593,16,2,2020,15,1,61,61091,1,1,6,6,D335,48.580763,-0.473013
202000028594,16,2,2020,16,1,47,47128,2,3,1,3,1 Rue d'Ostande,44.169069,0.69966
202000028595,12,2,2020,19,2,34,34250,2,1,1,6,D908,43.530703,2.851735
202000028596,17,2,2020,9,1,68,68225,1,1,2,6,Route de Reguisheim,47.873042,7.432631
202000028597,16,2,2020,14,1,22,22271,1,3,2,3,D24,48.480144,-3.132547
202000028598,17,2,2020,7,3,35,35009,1,1,1,2,15 Lieu Dit la Morinais,48.507954,-1.74081
202000028599,16,2,2020,17,1,03,03120,1,1,1,6,,46.6293749,3.7114856
202000028600,17,2,2020,6,3,70,70339,1,1,1,3,RD 486,47.737245,6.550341
202000028601,16,2,2020,11,1,70,70058,1,1,1,7,7 Rue d'Autet,47.529583,5.6815359
202000028602,16,2,2020,17,1,66,66105,1,1,1,1,106 Lieu Dit los Campeils,42.574558,2.112894
202000028603,16,2,2020,3,5,54,54465,2,1,1,6,12 Avenue du Général Leclerc,48.465511,6.290913
202000028604,16,2,2020,0,3,06,06150,1,1,1,7,Avenue de Cap d'Ail,43.728724,7.39293
202000028605,17,2,2020,15,1,50,50618,2,1,1,1,37 Rue de l'Eglise,49.675651,-1.367733
202000028606,13,2,2020,21,3,17,17349,1,1,8,6,D109,46.277971,-0.850067
202000028607,15,2,2020,1,3,10,10130,1,1,1,2,Autoroute A26 Calais Troyes,48.611005,4.180727
202000028608,17,2,2020,0,3,76,76657,1,9,1,6,A131,49.48926,0.379286
202000028609,14,2,2020,12,1,973,97309,2,1,1,4,Route Departementale 23,4.905229,-52.273142
202000028610,16,2,2020,16,1,38,38212,1,1,1,6,Route de l'Oisans,45.10296,5.91977
202000028611,16,2,2020,15,1,13,13011,1,1,1,6,Chemin Departemental N 5 Marseille à Graveson,43.7289176,4.8144954
202000028612,16,2,2020,20,3,91,91634,1,1,3,6,"A10, PK 010+400, sens Province-Paris",48.610668,2.10577
202000028613,16,2,2020,7,2,18,18182,1,1,1,6,Route de Charost,47.021242,2.102176
202000028614,14,2,2020,15,2,77,77168,1,9,8,-1,A104,48.175884,2.871761
202000028615,16,2,2020,15,1,2B,2B316,1,1,1,6,Palmento,42.608759,8.923001
202000028616,14,2,2020,19,3,06,06147,1,1,1,7,529 Avenue du Haut-pays,43.769393,7.279483
202000028617,17,2,2020,16,1,13,13042,2,1,2,1,D396,43.286836,5.624678
202000028618,11,2,2020,13,1,71,71481,1,3,2,3,D906,46.1979387,4.7635891
202000028619,17,2,2020,19,3,88,88087,1,1,3,2,D460,48.182999,6.410522
202000028620,17,2,2020,18,5,07,07324,2,1,2,3,2 b Avenue Marechal Foch,45.072236,4.822344
202000028621,14,2,2020,12,1,69,69019,1,3,1,3,41 Route du Pizay,46.129389,4.729545
202000028622,16,2,2020,20,3,16,16291,1,1,1,2,Ruelle-sur-Touvre,45.6895092,0.2255769
202000028623,16,2,2020,18,3,33,33422,1,1,1,5,Avenue du Cap Ferret,44.794642,-0.859015
202000028624,13,2,2020,17,1,44,44195,2,1,1,6,boulevard Edouard Branly,47.36109,-1.9559848
202000028625,12,2,2020,10,1,14,14228,1,1,1,6,D7,49.282182,-0.380659
202000028626,17,2,2020,0,5,60,60500,2,3,2,6,Avenue Georges Bataille,49.094655,2.755584
202000028627,15,2,2020,19,3,13,13071,1,1,1,2,A55-Sens Marseille vers A55-Martigues,43.399322,5.291371
202000028628,14,2,2020,18,2,13,13070,1,1,1,2,A50-Sens Aubagne vers Marseille,43.2854,5.5149
202000028629,15,2,2020,23,5,69,69029,1,9,1,-1,RD  383   ,45.7349063,4.9015546
202000028630,11,2,2020,13,1,67,67482,1,1,1,2,Autoroute A.35,48.553443,7.7322396
202000028631,16,2,2020,10,1,94,94038,1,1,1,6,AUTOROUTE A6B,48.78256,2.34718
202000028632,15,2,2020,21,5,91,91570,1,1,2,6,RN 104,48.625318,2.314871
202000028633,16,2,2020,16,1,92,92036,1,1,1,-1,A86,48.9348119,2.2674993
202000028634,15,2,2020,21,4,92,92025,1,1,2,3,A86,48.9217789,2.2264502
202000028635,15,2,2020,22,4,94,94028,1,1,1,3,RN406.Y,48.7849919,2.440069
202000028636,16,2,2020,21,5,69,69387,2,2,1,1,MARCEL MERIEUX                      (R ),45.73153,4.82988
202000028637,15,2,2020,22,3,69,69386,2,1,1,6,VITTON                              (CO),45.77,4.8585
202000028638,15,2,2020,12,1,69,69383,2,2,1,3,CHAPONNAY                           (R ),45.7584,4.84865
202000028639,14,2,2020,19,5,972,97209,2,1,1,7,BISHOP (Avenue Maurice),14.60945,-61.05543
202000028640,14,2,2020,22,5,971,97113,2,1,1,6,SECTION MARE-GAILLARD,16.21351,-61.43954
202000028641,11,2,2020,20,5,95,95572,2,1,1,2,BETHUNES (AVENUE DES),49.04136,2.14102
202000028642,15,2,2020,21,5,74,74008,2,1,1,3,GENEVE (RUE DE),46.1919,6.221
202000028643,14,2,2020,12,1,71,71153,2,1,8,6,Rue Maréchal Foch,46.8031421,4.4510608
202000028644,16,2,2020,0,5,64,64102,2,3,1,1,ALLEES MARINES (AVENUE DES),43.5007,-1.4919
202000028645,15,2,2020,2,5,64,64102,2,1,1,7,NAVARRE (AVENUE HENRI DE),43.49898,-1.44712
202000028646,15,2,2020,0,4,64,64140,2,1,1,6,BRAMARIE (RUE RAOUL),43.5201,-1.4869
202000028647,14,2,2020,23,4,64,64024,2,1,1,5,BIARRITZ (AVENUE DE),43.48017,-1.52151
202000028648,15,2,2020,18,5,62,62108,2,9,2,3,BOULOGNE,50.4144,1.5717
202000028649,15,2,2020,7,2,38,38318,1,1,5,1,D75,45.54196,4.92536
202000028650,15,2,2020,20,5,38,38169,1,1,1,6,Rue de l'Argentière,45.2009412,5.6742521
202000028651,15,2,2020,14,1,35,35238,2,1,2,2,LIBERTE (BD DE LA),48.10754,-1.68047
202000028652,15,2,2020,1,5,35,35238,2,1,1,6,FOUGERES (RUE DE),48.12832,-1.64882
202000028653,15,2,2020,20,5,34,34172,2,1,1,6,MARIE DE MONTPELLIER,43.601395,3.8993526
202000028654,15,2,2020,15,1,34,34172,2,1,1,5,PALAVAS (AVENUE DE),43.599956,3.884826
202000028655,16,2,2020,0,4,33,33281,2,1,1,6,N°85 AVE DE SAINT-MEDARD,44.861609,-0.64367
202000028656,15,2,2020,14,1,33,33281,2,4,1,3,AVE DES EYQUEMS / RUE DE L'INDUSTRIE,44.82712,-0.61707
202000028657,15,2,2020,16,1,27,27681,2,6,1,1,CLEMENCEAU (PONT),49.09479,1.48621
202000028658,15,2,2020,11,1,14,14118,2,2,1,-1,NOVEMBRE (RUE DU 11),49.17777,-0.35755
202000028659,15,2,2020,20,5,13,13208,2,2,1,3,PARADIS (RUE),43.278222,5.383232
202000028660,15,2,2020,14,1,13,13204,2,1,1,-1,FLAMMARION (BOULEVARD),43.306236,5.393988
202000028661,12,2,2020,19,5,13,13209,2,3,1,6,MARÉCHAL DE LATTRE (AVENUE),43.5,5.4
202000028662,5,9,2020,16,1,56,56069,2,1,1,6,1 Rue du Général de Gaulle,47.63938,-3.454562
202000028663,5,9,2020,19,1,27,27448,1,1,1,4,N13,49.011373,1.33235
202000028664,7,9,2020,15,1,27,27568,1,1,1,1,départementale 830,48.944761,0.876664
202000028665,6,9,2020,22,3,76,76223,1,1,1,6,D89,49.617731,0.831
202000028666,7,9,2020,13,1,76,76660,1,1,1,2,Route des Alizes,49.4785109,0.3081141
202000028667,5,9,2020,21,5,60,60644,2,1,1,6,Rue Nationale,49.282014,1.827314
202000028668,6,9,2020,17,1,13,13026,1,1,1,7,A55-Sens Marseille vers Martigues,43.37441,5.17932
202000028669,5,9,2020,17,1,13,13056,1,1,1,6,A55-Sens Marseille vers Martigues,43.3983075,5.0468559
202000028670,4,9,2020,17,1,13,13210,1,1,1,4,A50-Sens Marseille vers Aubagne,43.3305,5.3887
202000028671,6,9,2020,10,1,69,69152,1,1,1,7,M7   4.270 A 5.756,45.7115031,4.8250363
202000028672,5,9,2020,4,3,57,57463,1,1,1,2,RN 431,49.1193,6.17571
202000028673,4,9,2020,13,1,67,67152,1,1,1,3,Route Nationale 83,48.521396,7.697321
202000028674,6,9,2020,19,1,92,92036,1,1,1,4,A86,48.936485,2.2908425
202000028675,6,9,2020,15,1,92,92036,1,1,1,4,A86,48.935952,2.2870561
202000028676,6,9,2020,18,1,95,95018,1,1,1,5, A15,48.95796,2.27506
202000028677,6,9,2020,19,1,93,93078,1,1,1,2,AUTOROUTE A104,48.96979,2.50353
202000028678,6,9,2020,5,5,93,93027,1,1,1,6,AUTOROUTE A1,48.93489,2.40032
202000028679,5,9,2020,11,1,92,92036,1,1,1,2,AUTOROUTE A15,48.9428904,2.2886298
202000028680,6,9,2020,19,1,94,94052,1,1,1,2,A86 INT,48.8343,2.4931
202000028681,6,9,2020,16,1,75,75112,1,1,1,5,A4,48.82338,2.462837
202000028682,6,9,2020,0,5,988,98818,2,3,2,2,ROUTE DE L'ANSE VATA,-22.29132,166.44774
202000028683,4,9,2020,13,1,988,98818,2,3,1,6,AVENUE FOCH/RUE ANATOLE FRANCE,-22.2715,166.44248
202000028684,31,8,2020,7,1,988,98818,2,6,1,3,ROUTE EXPRESS DU MONT-DORE/RUE JEAN TRANAPE,-22.24639,166.47153
202000028685,5,9,2020,15,1,974,97416,2,1,2,1,PRESIDENT MITTERAND(AVENUE),-21.30606,55.48842
202000028686,5,9,2020,2,5,974,97411,2,1,1,6,Avenue Richard Wagner,-20.896926,55.481285
202000028687,4,9,2020,19,5,974,97411,2,2,2,3,JAURES (BOULEVARD JEAN),-20.8906475,55.4549785
202000028688,4,9,2020,17,1,973,97302,1,6,1,3,MARINGOUINS (ROND-POINT),4.9077409,-52.3225057
202000028689,5,9,2020,2,3,973,97302,1,6,1,6,Voie Expresse,4.90712,-52.32199
202000028690,5,9,2020,15,1,69,69386,2,2,1,3,CUVIER                              (R ),45.76658,4.84242
202000028691,5,9,2020,3,5,69,69382,2,2,1,3,JULES COURMONT                      (QU),45.7601542,4.8379188
202000028692,4,9,2020,10,1,2B,2B033,2,3,1,3,PLACE D'ARMES,42.69295,9.45008
202000028693,5,9,2020,19,2,91,91286,1,1,8,6,TUILERIES (AVENUE DES),48.64923,2.39288
202000028694,4,9,2020,16,1,83,83069,1,1,1,6,NICE (ROUTE DE),43.13019,6.16831
202000028695,5,9,2020,10,1,79,79259,2,1,1,7,57 Route de Bressuire,46.956311,-0.21881
202000028696,5,9,2020,8,1,77,77083,2,1,1,7,EDOUARD BRANLY (ALLEE),48.8515898,2.5824586
202000028697,4,9,2020,17,1,76,76329,2,9,1,3,ABBAYE (RUE DE L'),49.54984,0.4919
202000028698,6,9,2020,1,5,72,72181,2,2,1,3,COURBOULAY PAUL (RUE),48.00585,0.19189
202000028699,5,9,2020,17,1,69,69266,2,9,1,6,ALBERT EINSTEIN    (Avenue),45.78434,4.88664
202000028700,5,9,2020,23,4,68,68224,2,3,1,6,KENNEDY (AVENUE DU PRESIDENT),47.74981,7.33589
202000028701,5,9,2020,17,1,64,64445,2,4,1,6,ALSACE LORRAINE D',43.30164,-0.35775
202000028702,4,9,2020,19,1,64,64024,2,1,1,2,VAGUES (AVENUE DES),43.49915,-1.54186
202000028703,4,9,2020,22,5,62,62108,2,2,1,3,IMPERATRICE,50.404748,1.561833
202000028704,4,9,2020,23,5,61,61006,2,1,1,5,SEES (ROUTE DE),48.71808,-0.00851
202000028705,26,8,2020,15,1,60,60175,2,1,1,6,GENERAL DE GAULLE (PLACE DU),49.26297,2.4692
202000028706,4,9,2020,23,5,59,59350,2,2,1,2,ARRAS RUE D,50.61949,3.06474
202000028707,4,9,2020,14,1,59,59183,2,6,1,3,RD 601,51.0228,2.3182
202000028708,5,9,2020,20,2,54,54357,2,6,1,3,LECLERC (RUE DU GENERAL),48.7086277,6.1656623
202000028709,5,9,2020,17,1,54,54357,2,3,1,3,SCARPONE (BD DE),48.7057833,6.1623719
202000028710,5,9,2020,15,1,54,54547,2,1,1,1,NATIONS (RUE DES),48.66364,6.17331
202000028711,5,9,2020,14,1,51,51454,2,6,1,3,Rue Francis Garnier,49.2881068,4.0245083
202000028712,5,9,2020,13,1,50,50218,2,1,1,1,MATIGNON (AV DES),48.8381,-1.5836
202000028713,5,9,2020,16,1,45,45234,2,9,1,4,47 Boulevard Marie Stuart,47.911517,1.925129
202000028714,5,9,2020,12,1,45,45234,2,9,8,2,Rue du Faubourg Saint Jean,47.907065,1.888318
202000028715,3,9,2020,20,2,39,39198,2,1,1,6,176 Rue Léon Guignard,47.107951,5.477039
202000028716,2,9,2020,11,1,39,39198,2,1,1,6,47 Avenue du General Eisenhower,47.09679,5.50138
202000028717,27,8,2020,10,1,39,39198,2,1,1,6,14 Rue Maurice Pagnon,47.08601,5.4857
202000028718,5,9,2020,9,1,37,37261,2,6,1,3,SAINT-SAUVEUR (ROND POINT),47.373866,0.6785202
202000028719,4,9,2020,17,1,34,34172,2,1,1,7,TURCHINI (AVENUE DU DOYEN),43.637718,3.847245
202000028720,5,9,2020,13,1,33,33281,2,2,1,3,AVE DE LA SOMME / AVE HENRI VIGNEAU / AVE DE L'ALOUETTE,44.82888,-0.66447
202000028721,4,9,2020,19,4,33,33069,2,3,1,3,AVE DE TIVOLI / RUE MONTESQUIEU,44.86931,-0.59733
202000028722,5,9,2020,10,1,33,33281,2,3,1,3,AVE MONTESQUIEU / RUE DE L'EMAILLERIE,44.8463753,-0.6350635
202000028723,5,9,2020,10,1,33,33063,2,7,1,3,PCE RAVEZIES / BD GODARD,44.86574,-0.57634
202000028724,5,9,2020,15,1,33,33009,2,1,1,6,DELATTRE DE TASSIGNY (RUE MAL),44.66076,-1.17263
202000028725,5,9,2020,5,3,29,29019,2,1,1,6,Rue de l'Anse Saupin,48.3956024,-4.5102818
202000028726,2,9,2020,11,1,22,22113,2,1,1,3,DE LA FAYETTE (BOULEVARD),48.74072,-3.44523
202000028727,5,9,2020,16,1,17,17300,2,1,1,3,CORDELIERS  AVENUE DES,46.16654,-1.14115
202000028728,5,9,2020,11,1,14,14254,1,1,1,2,Route Nationale 814,49.15145,-0.41665
202000028729,5,9,2020,20,5,13,13208,2,1,1,6,HENRI FRENAY (ROND-POINT),43.29,5.36
202000028730,5,9,2020,21,5,13,13206,2,2,1,7,GOUFFE (COURS),43.28638,5.38571
202000028731,5,9,2020,14,1,13,13215,2,3,1,3,SAINT ANTOINE (AVENUE DE),43.3764,5.3561
202000028732,5,9,2020,12,1,13,13205,2,3,1,3,JEAN MOULIN (BOULEVARD),43.285365,5.398815
202000028733,5,9,2020,10,1,13,13208,2,1,1,6,PARADIS (RUE),43.274313,5.384828
202000028734,4,9,2020,18,1,13,13047,2,1,1,6,CRAU AVENUE DE LA,43.59616,4.9374
202000028735,5,9,2020,7,2,11,11069,1,1,1,7,RD 6113,43.23343,2.36884
202000028736,1,9,2020,23,5,07,07019,2,9,1,6,LAZUEL ( ROUTE DE ),44.62691,4.3787
202000028737,5,9,2020,4,5,06,06069,1,1,1,6,DRAGUIGNAN (ROUTE DE) - D2562-,43.64402,6.9029
202000028738,5,9,2020,10,1,06,06027,2,1,1,7,CHENES AVENUE DES,43.6618,7.16755
202000028739,5,9,2020,7,1,75,75113,2,1,2,6,BOULEVARD VINCENT AURIOL,48.830967,2.356919
202000028740,4,9,2020,23,5,75,75105,2,3,1,3,BOULEVARD DE L HOPITAL,48.843201,2.364102