Num_Acc,jour,mois,an,hr,condition_eclairage,departement,commune,condition_agglomeration,intersection,condition_atmosphere,type_collision,adresse,lattitude,longitude
202000028741,5,9,2020,0,5,75,75120,2,1,1,3,RUE DE MENILMONTANT,48.867831,2.386235
202000028742,5,9,2020,17,1,75,75120,2,1,1,2,BOULEVARD PERIPHERIQUE,48.853484,2.414308
202000028743,5,9,2020,16,1,75,75117,2,2,1,3,RUE DE SAUSSURE,48.886639,2.313085
202000028744,5,9,2020,0,5,75,75116,2,1,1,3,AVENUE VICTOR HUGO,48.864919,2.274141
202000028745,5,9,2020,10,1,75,75112,2,3,1,7,AVENUE DAUMESNIL,48.847344,2.375323
202000028746,5,9,2020,10,1,75,75110,2,1,1,3,RUE DU BUISSON SAINT LOUIS,48.87262,2.374003
202000028747,5,9,2020,19,2,94,94052,2,1,1,2,Boulevard de Strasbourg,48.845107,2.4889531
202000028748,4,9,2020,19,2,94,94038,2,2,1,3,COMMANDANT LOUIS BOUCHE (R DU),48.779821,2.349095
202000028749,5,9,2020,11,1,94,94033,2,1,1,3,ERNEST RENAN (AV),48.856,2.465
202000028750,5,9,2020,19,1,94,94001,2,3,1,3,LONGJUMEAU (RTE DE),48.721009,2.417237
202000028751,5,9,2020,17,1,94,94022,2,2,1,3,DOCTEUR CHARCOT (AV),48.770026,2.418102
202000028752,5,9,2020,17,1,94,94018,2,1,1,7,GUERIN (R),48.823916,2.415725
202000028753,5,9,2020,3,5,93,93055,2,1,1,7,JEAN JAURES (AVENUE) (2/74),48.90177,2.39013
202000028754,5,9,2020,19,1,93,93050,2,1,1,6,HUIT MAI 1945,48.86556,2.53449
202000028755,5,9,2020,15,1,93,93031,2,3,1,6,SAINT LEU (ROUTE DE) 1 à 157,48.9508816,2.3398324
202000028756,5,9,2020,14,1,93,93007,2,1,1,5,VICTOIRE (RUE DE LA),48.9385026,2.4427633
202000028757,5,9,2020,18,1,92,92049,2,3,1,3,BROSSOLETTE AVENUE PIERRE,48.812823,2.301591
202000028758,5,9,2020,20,5,92,92012,2,2,1,3,THIERS (RUE) 67/FIN - 84/FIN,48.83448,2.25024
202000028759,5,9,2020,12,1,50,50117,1,1,1,1,Avenue de la Libération,48.73396,-1.530721
202000028760,5,9,2020,18,1,12,12300,1,1,1,6,D922,44.327617,2.023298
202000028761,5,9,2020,11,1,33,33334,2,1,1,3,74 Route des Graves,44.68775,-0.41694
202000028762,6,9,2020,12,1,18,18241,1,2,1,3,D920,47.330965,2.844864
202000028763,6,9,2020,11,1,81,81209,1,1,1,7,rd 54 - pr 020+500,43.517505,2.425436
202000028764,6,9,2020,19,3,974,97412,2,1,1,6,Rue Charles Baudelaire,-21.380511,55.650419
202000028765,5,9,2020,21,3,974,97405,1,1,3,5,Rue Augustin Mézino,-21.364161,55.540427
202000028766,6,9,2020,5,2,972,97222,1,1,1,7,D3,14.687811,-60.976245
202000028767,5,9,2020,18,1,86,86006,2,1,1,6,D951,46.560646,0.859712
202000028768,6,9,2020,9,1,83,83048,1,1,1,6,Mas de Gigaro,43.189169,6.60619
202000028769,6,9,2020,7,1,83,83019,1,1,1,6,Route du Dom,43.1720749,6.3319097
202000028770,5,9,2020,21,5,85,85186,2,4,1,3,Rue de l'Espérance,46.860595,-1.262376
202000028771,5,9,2020,17,1,34,34036,1,1,1,6,A75,43.66781,3.430443
202000028772,6,9,2020,15,1,57,57498,1,1,1,7,D17,49.317947,6.030893
202000028773,6,9,2020,7,1,91,91617,1,1,1,6,Croix de villeroy,48.641734,2.521308
202000028774,3,9,2020,12,1,56,56003,2,3,1,3,Route de la Lande du Bourg,47.634424,-2.8231835
202000028775,6,9,2020,2,5,74,74288,2,1,1,7,321 Route de Bellegarde,46.106353,5.964493
202000028776,6,9,2020,10,1,80,80732,1,1,1,6,D1015,49.896165,1.701888
202000028777,6,9,2020,17,1,69,69006,2,1,1,1,19 Route de Cublize,45.983546,4.340659
202000028778,5,9,2020,20,3,71,71332,2,1,1,6,265 Rue de la Motte,46.6299145,4.9622571
202000028779,5,9,2020,16,1,34,34119,2,1,1,6,1 Avenue de l'Espinouse,43.593491,3.114112
202000028780,6,9,2020,11,1,68,68354,1,1,1,6,D10,48.068731,7.232351
202000028781,4,9,2020,22,3,44,44063,2,7,1,6,Le Gatz,47.071226,-1.242259
202000028782,4,9,2020,19,1,44,44217,2,2,1,6,RUE ANNE DE BRETAGNE,47.333668,-1.696615
202000028783,6,9,2020,9,1,38,38457,1,1,1,7,Route de Roybon,45.311809,5.265241
202000028784,6,9,2020,17,1,38,38128,1,1,1,6,Corps,44.830522,5.966912
202000028785,6,9,2020,11,1,02,02541,2,1,1,3,6 Rue de Menneville,49.432436,4.030425
202000028786,6,9,2020,12,1,03,03118,2,2,1,3,,46.0822222,3.1980888
202000028787,6,9,2020,5,3,26,26069,1,1,1,6,D518,44.795225,5.382925
202000028788,6,9,2020,14,1,26,26166,1,3,1,3,35 Boulevard Frédéric Mistral,44.733611,4.809496
202000028789,6,9,2020,17,1,72,72158,1,1,1,6,Lieu dit les aires,48.058815,0.63814
202000028790,17,8,2020,6,1,83,83125,1,1,1,1,RD 560,43.501579,5.906633
202000028791,6,9,2020,12,1,60,60560,1,2,1,3,D1324,49.223316,2.739677
202000028792,5,9,2020,17,1,73,73230,1,1,1,1,D927,45.2616286,6.1958407
202000028793,6,9,2020,11,1,18,18001,1,1,1,2,Halte d'Achères les Poteri,47.290888,2.451196
202000028794,6,9,2020,20,2,16,16148,1,1,1,6,,45.801012,0.047765
202000028795,6,9,2020,13,1,16,16046,1,9,1,1,Lieu dit Le Pineau,45.48638,0.034139
202000028796,5,9,2020,19,1,21,21338,1,1,1,7,D6,47.5308388,4.8298497
202000028797,5,9,2020,10,1,24,24007,1,2,1,1,route de la chapelle,45.280292,0.300708
202000028798,5,9,2020,21,3,17,17279,1,1,1,6,D137,45.435412,-0.565968
202000028799,4,9,2020,17,1,23,23179,1,4,7,2,D988,45.96814,2.233057
202000028800,6,9,2020,18,1,87,87150,1,3,1,3,Grande Rue de la Grenerie,45.620299,1.136458
202000028801,5,9,2020,17,1,87,87140,1,1,1,1,Route de Bessillac,45.885359,0.979006
202000028802,5,8,2020,15,1,48,48146,1,1,1,7,D986,44.354734,3.406641
202000028803,6,9,2020,10,1,08,08142,2,9,7,6,1 Rue du Général de Gaulle,49.694735,4.874669
202000028804,6,9,2020,9,1,18,18268,1,1,1,6,A71,46.848474,2.422882
202000028805,6,9,2020,6,2,02,02290,1,1,1,2,A4,49.054812,3.320355
202000028806,5,9,2020,9,1,11,11262,1,1,1,6,A 9,43.163933,2.996135
202000028807,6,9,2020,15,1,38,38530,1,1,1,7,A43,45.621596,5.18241
202000028808,5,9,2020,13,1,13,13051,1,1,1,2,A7 sens N/S PK 240+000,43.594628,5.171256
202000028809,5,9,2020,19,3,971,97115,1,3,1,2,Route Nationale 2,16.267569,-61.649598
202000028810,6,9,2020,5,5,39,39097,2,1,1,6,27 Rue Baronne Delort,46.746386,5.907581
202000028811,5,9,2020,13,1,25,25047,1,1,1,6,D19E,47.342343,6.380691
202000028812,6,9,2020,18,1,57,57058,2,1,1,1,17 Rue de la Liberté,49.171934,6.929293
202000028813,5,9,2020,14,1,69,69245,1,1,7,1,CD 385 PK 33,45.9422263,4.5396127
202000028814,5,8,2020,21,2,17,17460,1,1,1,2,N150,45.702529,-0.724593
202000028815,5,9,2020,6,3,33,33056,1,1,1,5,Avenue de Labarde (Pont),44.933346,-0.561285
202000028816,5,9,2020,18,1,27,27123,1,9,1,2,N13,49.012129,1.308635
202000028817,5,9,2020,16,1,13,13210,1,1,1,2,S10CD-Sens Aubagne vers Marseille,43.2837975,5.383105
202000028818,4,9,2020,8,1,13,13055,1,1,2,4,A507 sens Marseille - Aubagne,43.2979095,5.4249914
202000028819,4,9,2020,19,1,69,69115,1,1,1,4,A6   427.300 A 428.640,45.96949,4.72854
202000028820,4,9,2020,11,1,67,67482,1,1,1,4,Autoroute A.35,48.5759385,7.7280886
202000028821,5,9,2020,17,1,33,33162,1,1,1,2,ROCADE A 630,44.87338,-0.63838
202000028822,5,9,2020,15,1,93,93013,1,1,1,4,AUTOROUTE A1,48.94024,2.42277
202000028823,5,9,2020,8,1,95,95394,1,1,8,6,A115,49.0516,2.18231
202000028824,5,9,2020,4,3,95,95256,1,1,1,6, A115,49.04555,2.18627
202000028825,5,9,2020,1,3,93,93007,1,1,1,3,AUTOROUTE A1,48.95544,2.45858
202000028826,4,9,2020,19,1,93,93064,1,1,1,4,AUTOROUTE A86,48.87925,2.47604
202000028827,5,9,2020,13,1,94,94069,1,1,1,3,A4,48.8173704,2.428614
202000028828,4,9,2020,13,1,94,94017,1,1,1,5,A4,48.8274,2.525
202000028829,25,2,2020,9,1,75,75112,2,2,1,3,COURS DE VINCENNES,48.848005,2.399119
202000028830,25,2,2020,12,1,75,75108,2,7,1,3,PLACE DE LA CONCORDE,48.865867,2.319896
202000028831,1,9,2020,7,1,988,98818,2,4,1,4,ECHANGEUR MONTRAVEL,-22.24913,166.45136
202000028832,31,8,2020,16,1,976,97611,2,4,1,1,les hauts vallons-Credit Agricole ( ront,-12.7566088,45.2293023
202000028833,4,9,2020,6,5,974,97416,2,1,2,3,DU LYCEE(RUE),-21.34343,55.49312
202000028834,4,9,2020,15,1,974,97411,2,9,1,6,PITON (CHEMIN DU),-20.91761,55.4757
202000028835,4,9,2020,8,1,974,97411,2,3,1,5,DOMENJOD (ROUTE DE),-20.9114,55.5053
202000028836,2,9,2020,16,1,974,97411,2,2,1,3,LATTRE DE TASSIGNY (AVENUE MARECHAL DE),-20.88634,55.4698
202000028837,2,9,2020,14,1,974,97411,2,2,1,6,COMPAGNIE (DE LA),-20.87814,55.44973
202000028838,4,9,2020,18,2,974,97407,2,1,1,3,MAHY FRANCOIS (RUE),-20.93773,55.29101
202000028839,4,9,2020,7,1,973,97302,2,2,1,3,MONTABO (ROUTE DE) 1,4.9350841,-52.2933018
202000028840,5,9,2020,1,5,69,69199,2,1,1,7,CHARLES PLASSE                      (R ),45.7094115,4.8521347
202000028841,3,9,2020,9,1,69,69384,2,1,1,4,BIRMINGHAM (DE)                     (AV),45.7747,4.81193
202000028842,4,9,2020,16,1,2B,2B120,2,1,1,2,VILLAGE (Route du) D364,42.6551,9.43691
202000028843,4,9,2020,6,1,971,97113,1,1,1,3,RN4 - SECTION RIVIERA,16.2169,-61.4825
202000028844,4,9,2020,7,1,2A,2A004,2,2,1,6,MONTEE SAINT JEAN,41.9328575,8.737438
202000028845,4,9,2020,17,1,91,91477,2,1,1,-1,HUIT MAI 1945 (AVENUE DU),48.70789,2.24057
202000028846,4,9,2020,14,1,91,91223,2,1,1,7,SAINT MICHEL (BOULEVARD),48.446524,2.170805
202000028847,3,9,2020,8,1,91,91223,1,1,1,7,R.N.20,48.40891,2.12577
202000028848,4,9,2020,12,1,87,87085,2,2,1,3,TOULOUSE LAUTREC (RUE),45.85128,1.16655
202000028849,3,9,2020,11,1,87,87085,2,2,1,3,ALLENDE (QUAI SALVADOR),45.82114,1.26297
202000028850,3,9,2020,8,1,87,87085,2,1,1,2,BUXEROLLES (RUE DE),45.86866,1.2603
202000028851,3,9,2020,16,1,86,86041,2,3,1,6,La Dinière,46.59429,0.38075
202000028852,3,9,2020,8,1,83,83126,1,1,1,-1,AV DE LA 1ERE ARMEE FRANCAISE,43.1124693,5.8834259
202000028853,4,9,2020,19,1,83,83050,2,1,1,2,GALLIENI( AVENUE DU MARECHAL),43.52479,6.51131
202000028854,2,9,2020,11,1,80,80021,2,1,1,3,QUATORZE JUILLET 1789 (AVENUE DU),49.8760739,2.282218
202000028855,7,4,2020,17,1,972,97206,1,1,1,7,Taupiniere,14.480403,-60.992349
202000028856,7,4,2020,20,2,76,76331,2,1,1,6,Route de l'Etablissement,49.615489,1.105199
202000028857,6,4,2020,21,3,28,28232,1,1,1,6,La Controlerie,48.534168,0.932996
202000028858,7,4,2020,18,1,74,74264,2,3,1,6,Rue de la Croix,46.057329,6.551967
202000028859,8,4,2020,13,1,27,27188,1,1,1,2,A13,49.295882,1.121593
202000028860,8,3,2020,12,1,2B,2B148,1,3,1,3,Strada Di U Pinu,42.557395,9.522099
202000028861,7,4,2020,22,5,14,14530,2,1,1,6,4 Rue de la Vallée,49.232334,-0.261979
202000028862,7,4,2020,15,1,94,94073,1,1,1,3,A86 EXT,48.7567507,2.3838486
202000028863,2,1,2020,18,5,49,49007,2,1,1,3,GRESILLE AVENUE,47.4595588,-0.5986476
202000028864,2,1,2020,9,1,49,49007,2,1,1,-1,BEL AIR,47.46722,-0.56378
202000028865,1,1,2020,22,5,49,49007,2,1,2,7,MONTAIGNE AVENUE,47.46862,-0.5312
202000028866,3,1,2020,18,3,35,35051,1,1,2,3,RN157 Cesson-Sévigné,48.1149,-1.5624
202000028867,1,1,2020,3,5,13,13209,2,1,1,3,SCHLOESING (BOULEVARD),43.273226,5.4007
202000028868,27,1,2020,18,5,86,86194,2,2,1,3,Rue de la Devinière,46.5670135,0.3763314
202000028869,11,1,2020,20,5,30,30011,2,1,1,6,PLACE ROGER ISNARD,43.9586,4.768
202000028870,20,1,2020,16,2,78,78440,2,1,1,6,JEAN JAURES  (RUE),48.990427,1.908642
202000028871,17,1,2020,18,5,64,64284,2,6,2,6,GASTON PHOEBUS,43.28639,-0.38958
202000028872,11,1,2020,14,5,64,64445,2,1,1,6,GEORGES CLEMENCEAU,43.29545,-0.36807
202000028873,17,1,2020,15,1,59,59350,2,1,1,6,CHANZY RUE,50.6256779,3.1037879
202000028874,31,1,2020,13,1,51,51454,2,1,1,7,Avenue Jean Jaurès,49.2595882,4.0453207
202000028875,6,4,2020,17,1,91,91589,2,1,1,6,RENOIR (RUE JEAN),48.6723,2.34
202000028876,1,4,2020,12,1,91,91114,2,1,1,2,ROUTE NATIONALE 6,48.678364,2.496307
202000028877,5,4,2020,12,1,87,87085,1,1,1,2,SCHUMAN (BOULEVARD ROBERT),45.86397,1.27481
202000028878,5,4,2020,13,1,87,87085,1,6,1,6,SCHUMAN (BOULEVARD ROBERT),45.8685568,1.2778848
202000028879,6,4,2020,4,5,76,76681,2,1,1,7,GUESDE. RUE JULES,49.39758,1.08319
202000028880,6,4,2020,22,5,64,64445,2,1,1,6,JEAN JACQUES DE MONAIX,43.3034,-0.35701
202000028881,12,3,2020,8,1,62,62427,2,1,1,6,DEMARQUETTE (R NAPOLEON),50.419826,2.945205
202000028882,6,4,2020,7,2,45,45274,1,1,1,7,D951-PR84+700,47.8592,1.9852
202000028883,5,4,2020,1,5,31,31555,2,1,1,6,AV DE LA GLOIRE,43.60698,1.4725522
202000028884,4,4,2020,21,5,31,31557,2,1,1,6,TARBES (ROUTE DE),43.5772907,1.3259426
202000028885,6,4,2020,16,1,29,29232,1,1,1,6,Avenue du Morbihan,47.97939,-4.07104
202000028886,6,4,2020,13,1,13,13028,2,6,1,3,Rond Point DULAC/ROVARCH,43.19224,5.609
202000028887,6,4,2020,13,1,94,94022,2,1,2,3,GAMBETTA (AV),48.763585,2.402775
202000028888,2,4,2020,3,5,93,93007,2,1,1,6,PETRODVORETZ (RUE),48.94901,2.45367
202000028889,4,4,2020,18,1,93,93005,2,2,7,6,SEVRAN (CD44) (RUE DE),48.9402381,2.5021954
202000028890,4,4,2020,12,1,92,92035,2,2,1,3,Général de Gaulle  ( avenue du ),48.91119,2.254659
202000028891,7,4,2020,4,3,51,51072,1,1,1,7,D980,49.2050071,3.8959435
202000028892,6,4,2020,10,1,25,25426,2,1,1,2,Rue des Pessottes,47.354016,6.760722
202000028893,6,4,2020,13,1,44,44116,2,1,1,1,rue des remparts,47.284162,-2.03574
202000028894,6,4,2020,15,1,35,35270,2,1,1,6,Lieu dit Villé,48.5649578,-1.5513862
202000028895,28,3,2020,0,3,29,29214,1,1,1,6,D143,47.950292,-4.353933
202000028896,7,4,2020,8,1,06,06105,1,1,1,7,Route de la Colle sur Loup,43.68741,7.070319
202000028897,6,4,2020,6,3,60,60191,1,1,1,3,D1017,49.54552,2.7038719
202000028898,6,4,2020,20,1,64,64372,1,1,1,6,D7,43.373759,-0.084168
202000028899,22,3,2020,15,1,10,10262,1,1,1,6,Notre-Dame-des-Vignes (Monument),48.050309,4.439292
202000028900,7,4,2020,7,1,07,07225,1,1,1,6,Chante-caille,45.2693866,4.6798324
202000028901,6,4,2020,16,1,28,28280,1,1,1,6,2 Le Puits Massiot,48.312467,0.782492
202000028902,6,4,2020,13,1,68,68037,1,1,1,2,A35,47.958519,7.368135
202000028903,7,4,2020,18,1,49,49041,1,2,1,3,carrefour de gruais,47.316599,0.089071
202000028904,6,4,2020,8,1,49,49194,1,1,3,7,2 Route de la Reculée,47.452857,-0.278617
202000028905,6,4,2020,21,3,83,83068,2,9,1,6,36 Route des Oliviers,43.268882,6.530605
202000028906,7,4,2020,18,1,03,03181,1,1,1,6,5 Lieu Dit Grand Vent,46.3635845,3.6908269
202000028907,3,4,2020,15,1,22,22161,1,2,1,3,Avenue Pierre Loti,48.572474,-3.135194
202000028908,6,4,2020,16,1,92,92019,1,1,2,6,AUTOROUTE A86,48.76068,2.28442
202000028909,6,4,2020,7,2,95,95678,1,1,1,2,RN 184,49.07317,2.23408
202000028910,5,4,2020,16,1,69,69259,2,1,1,6,MAURICE THOREZ                      (AV),45.6999,4.8633
202000028911,5,4,2020,14,1,69,69286,2,1,1,6,EUROPE (DE L')                      (AV),45.8174457,4.9012613
202000028912,5,4,2020,15,1,69,69266,2,8,1,3,GEORGE SAND                          (R ,45.7553094,4.8873724
202000028913,5,4,2020,23,5,59,59299,2,2,1,1,ECOLES (RUE DES),50.66355,3.19083
202000028914,4,4,2020,21,1,44,44109,2,2,1,3,Rond-point de Paris,47.233856,-1.53589
202000028915,4,4,2020,21,3,27,27562,1,1,1,7,D 64E,49.0814,1.445
202000028916,5,4,2020,10,1,13,13215,2,1,1,6,LYON (RUE DE),43.330039,5.365297
202000028917,5,4,2020,11,1,75,75114,2,2,1,3,RUE HALLE,48.82892,2.331154
202000028918,5,4,2020,8,1,75,75113,2,7,1,3,PORTE D ITALIE,48.816449,2.36029
202000028919,5,4,2020,15,1,94,94078,2,3,1,3,VALENTON (AV DE),48.73732,2.45483
202000028920,5,4,2020,20,2,94,94017,2,2,1,3,REPUBLIQUE (AV DE LA),48.8252961,2.5098816
202000028921,5,4,2020,16,1,94,94011,2,1,1,6,GOUTIER.(RUE MICHEL),48.7688335,2.4795188
202000028922,5,4,2020,20,1,93,93051,2,2,1,3,MARECHAL JOFFRE (AVENUE),48.8465832,2.5563134
202000028923,4,4,2020,19,1,93,93010,2,1,1,6,MOZART (AL.),48.910919,2.479752
202000028924,5,4,2020,19,1,47,47291,1,9,1,6,Barboulat,44.49399,0.73011
202000028925,6,4,2020,9,1,41,41252,1,1,1,6,autoroute A10,47.687825,1.425261
202000028926,6,4,2020,1,3,62,62595,2,1,1,6,Route de Serques,50.79064,2.17761
202000028927,15,3,2020,13,1,57,57530,1,1,1,3,RD 154 E,49.21211,6.521646
202000028928,5,4,2020,16,1,80,80630,2,1,1,6,22 Rue Notre-dame,49.774041,1.987807
202000028929,5,4,2020,18,1,31,31303,1,1,1,2,Chemin Vieux de Berat,43.365929,1.197467
202000028930,6,4,2020,14,1,14,14456,1,1,1,6,D613,49.122204,-0.134076
202000028931,6,4,2020,5,3,90,90034,1,1,1,2,D1083,47.651209,6.914284
202000028932,6,4,2020,11,1,60,60581,2,3,8,1,Rue Mangin,49.502176,2.433348
202000028933,5,4,2020,18,1,45,45033,1,1,1,7,D123,48.1471223,2.4047416
202000028934,6,4,2020,18,1,36,36164,1,1,1,6,D940,46.535012,1.988525
202000028935,28,3,2020,18,1,04,04134,2,1,1,7,RD 951,44.340831,6.027648
202000028936,5,4,2020,18,1,27,27428,2,4,1,6,Avenue de la Libération,49.144927,0.902413
202000028937,5,4,2020,11,1,27,27051,2,2,1,3,2 Rue du Pont aux Chevres,49.078357,0.781907
202000028938,5,4,2020,5,1,988,98820,1,3,1,6,Tribu de HULUP/OUVEA,-20.640315,166.563206
202000028939,3,4,2020,17,1,77,77309,1,1,1,7,D97,48.99962,2.808423
202000028940,4,4,2020,16,1,06,06134,1,1,1,6,Route des Combes,43.772054,6.718376
202000028941,5,4,2020,15,1,39,39210,1,1,1,6,,46.752711,5.933368
202000028942,5,4,2020,20,2,21,21464,2,2,1,3,Intersection D974 D25,47.1393961,4.9510039
202000028943,5,4,2020,20,2,74,74063,2,1,1,6,669 Route du Roitet,46.275082,6.837406
202000028944,4,4,2020,22,3,42,42090,1,1,1,7,D103,45.76946,4.346185
202000028945,5,4,2020,17,1,33,33341,2,4,7,1,RD23 / Chemin de Pradier,45.0765,-0.50349
202000028946,31,3,2020,16,1,60,60134,1,9,1,3,D1016,49.3195392,2.4402538
202000028947,5,4,2020,21,5,59,59263,2,1,1,6,Rue d'Oisy,50.313597,3.097326
202000028948,24,2,2020,21,5,69,69029,1,1,1,2,RD383   7.640 A 11.044,45.735,4.9015
202000028949,4,4,2020,19,4,972,97213,1,1,1,-1,ROUTE DEPARTEMENTALE 15,14.63348,-61.00841
202000028950,3,4,2020,11,1,91,91174,2,1,1,3,Emile ZOLA (rue),48.62082,2.46697
202000028951,4,4,2020,11,1,65,65440,2,1,1,6,KENNEDY (AVENUE DU PRESIDENT JOHN),43.219478,0.086418
202000028952,3,4,2020,12,1,35,35281,2,2,1,3,FUSILLES (RUE DES 25),48.09117,-1.6967
202000028953,20,3,2020,16,1,11,11262,2,2,1,3,ESCOUTE (PONT DE L'),43.18493,2.99954
202000028954,4,4,2020,23,5,06,06083,2,3,1,6,THIERS (AVENUE),43.774525,7.4963888
202000028955,4,4,2020,19,5,75,75116,2,1,1,3,PORTE DE PASSY,48.857807,2.259546
202000028956,4,4,2020,0,5,75,75116,2,7,1,6,PLACE VICTOR HUGO,48.869883,2.285326
202000028957,4,4,2020,11,1,75,75103,2,2,1,3,RUE SAINT MARTIN,48.868419,2.355274
202000028958,4,4,2020,12,1,94,94038,2,9,7,3,GENERAL DE GAULLE (AV DU),48.7820891,2.3425165
202000028959,4,4,2020,19,1,93,93048,2,5,1,3,ARISTIDE BRIAND (BOULEVARD),48.8781,2.4574
202000028960,3,4,2020,19,1,93,93032,2,2,1,3,R PAUL VAILLANT COUTURIER / R DU CHEMIN DE FER,48.87694,2.54923
202000028961,4,4,2020,17,1,92,92050,2,1,1,1,AGRICULTURE RUE DE L',48.9094755,2.224621
202000028962,5,4,2020,0,5,60,60176,2,1,1,6,Rue Jean-jacques Rousseau,49.236048,2.887861
202000028963,4,4,2020,10,1,71,71014,2,3,1,7,Rue de l'Hermitage,46.9612145,4.3217761
202000028964,4,4,2020,20,1,63,63415,1,1,1,7,D996,45.573794,3.378521
202000028965,4,4,2020,22,3,61,61309,1,1,1,6,D9,48.36069,0.687198
202000028966,4,4,2020,19,1,34,34339,1,1,1,7,Villespassans,43.403095,2.962473
202000028967,5,4,2020,2,3,35,35306,1,6,1,6,Route départementale n° 74,48.565366,-1.925076
202000028968,4,4,2020,11,1,29,29212,2,2,1,6,Rue Coat Omnes,48.3835369,-4.616151
202000028969,5,4,2020,12,1,60,60029,1,6,1,3,D3,49.363846,1.973205
202000028970,5,4,2020,0,3,16,16109,1,1,1,7,LE DIZAIN,45.770576,-0.169537
202000028971,5,4,2020,9,1,16,16276,1,1,1,6,Ld Moquechien,45.446523,-0.163035
202000028972,3,4,2020,15,1,53,53005,1,1,1,6,D 225 PK 18+800,48.182371,-0.7641
202000028973,4,4,2020,9,1,24,24530,1,1,1,7,RD106,45.308251,0.688952
202000028974,4,4,2020,19,1,24,24156,1,1,1,6,D710,45.077797,0.867126
202000028975,4,3,2020,8,1,51,51562,1,1,1,2,A34,49.211496,4.078562
202000028976,4,4,2020,18,1,27,27091,1,1,1,2,A13,49.362393,0.854852
202000028977,5,4,2020,10,3,988,98817,1,1,8,6,ROUTE DE LA CORNICHE,-22.284172,166.622515
202000028978,4,4,2020,20,4,988,98817,2,1,1,6,Rue Catimor,-22.249541,166.572767
202000028979,5,4,2020,11,1,07,07324,2,3,1,3,Quai Marc Seguin,45.068741,4.831289
202000028980,1,4,2020,16,1,40,40182,1,3,1,3,D38,44.083824,-1.117945
202000028981,3,4,2020,14,1,92,92036,1,1,1,2,AUTOROUTE A15,48.94137,2.2914
202000028982,2,4,2020,15,1,974,97411,2,1,1,3,STADE (RUE DU),-20.9005,55.4667
202000028983,3,4,2020,21,5,69,69388,2,1,1,2,PIERRE DELORE                       (R ),45.7364666,4.8553796
202000028984,1,4,2020,10,1,971,97107,2,1,1,6,FRONT DE MER ( BOULEVARD),16.0535482,-61.5616
202000028985,3,4,2020,6,5,95,95585,2,2,1,3,BULLIER (RUE THEODORE),48.9915428,2.3690917
202000028986,3,4,2020,15,1,91,91377,2,1,1,6,DE GAULLE (AVENUE DU GENERAL),48.73313,2.27139
202000028987,3,4,2020,14,1,91,91027,2,9,1,3,JULES VALLES (AVENUE),48.700122,2.375991
202000028988,3,4,2020,2,5,71,71153,2,1,1,6,Rue du Canada,46.7934941,4.4130544
202000028989,2,4,2020,16,1,64,64102,2,1,1,3,ARANCETTE (CHEMIN D'),43.4828,-1.488
202000028990,2,4,2020,12,1,57,57672,2,1,1,3,LIBERATION (ALLEE DE LA) - PAIR,49.3652,6.1519
202000028991,31,3,2020,19,1,49,49007,2,1,1,7,DUNANT BOULEVARD,47.4832,-0.52479
202000028992,3,4,2020,16,1,45,45147,2,8,1,6,Rue Marcelin Berthelot - D97 PR 5+440,47.94209,1.92021
202000028993,3,4,2020,4,5,44,44109,2,1,1,3,BOULEVARD DES FRERES DE GONCOURT,47.23385,-1.56416
202000028994,14,3,2020,5,5,41,41018,2,1,1,-1,PONT JACQUES GABRIEL,47.58476,1.33802
202000028995,2,4,2020,11,1,38,38053,2,1,1,1,Boulevard Saint Michel,45.58924,5.2761
202000028996,3,4,2020,23,5,34,34172,2,1,1,6,LIBERTE (AVENUE DE LA,43.60876,3.84547
202000028997,14,3,2020,0,3,33,33167,2,2,1,1,RUE SALVADOR ALLENDE / Parking LIDL,44.84484,-0.51075
202000028998,3,4,2020,12,1,17,17300,2,1,1,7,FORBIN   COURS,46.16531,-1.17579
202000028999,3,4,2020,16,1,16,16015,2,1,1,6,Rue de Montbron,45.648922,0.175111
202000029000,2,4,2020,15,1,13,13019,1,6,1,3,ROUTE D’APT,43.478308,5.355319
202000029001,3,4,2020,15,1,13,13209,2,1,1,3,MARÉCHAL DE LATTRE (AVENUE),43.24548,5.41161
202000029002,2,4,2020,15,1,13,13213,2,9,1,3,ESCADRILLE NORMANDIE NIEMEN,43.3412,5.4098
202000029003,3,4,2020,12,1,75,75118,2,3,1,3,RUE JOSEPH DE MAISTRE,48.88872,2.33183
202000029004,3,4,2020,16,1,75,75111,2,2,1,3,BOULEVARD RICHARD LENOIR,48.858058,2.371672
202000029005,3,4,2020,11,1,94,94022,2,1,1,2,ALFORTVILLE (AV D),48.76988,2.4137
202000029006,26,2,2020,18,2,25,25468,1,1,4,7,autoroute A36 PK 104+900 direction BEAUNE,47.338339,6.208059
202000029007,4,4,2020,3,3,18,18246,1,1,1,6,La Foltiere,47.427753,2.803767
202000029008,3,4,2020,19,1,01,01173,2,1,1,6,1248 Rue de la Forêt de Disse,46.348209,6.068434
202000029009,31,3,2020,14,1,47,47188,1,4,1,7,Croix de Taly,44.57382,0.455214
202000029010,3,4,2020,20,1,14,14456,2,1,1,6,72 Route de Paris,49.115505,-0.159296
202000029011,4,4,2020,14,1,36,36058,1,1,1,7,,46.607407,1.0255
202000029012,27,3,2020,16,1,38,38419,1,1,1,7,D1075,44.8439,5.6174
202000029013,4,4,2020,10,1,49,49021,1,2,1,3,D59,47.417025,-0.203998