Num_Acc,jour,mois,an,hr,condition_eclairage,departement,commune,condition_agglomeration,intersection,condition_atmosphere,type_collision,adresse,lattitude,longitude
202000029014,3,4,2020,20,2,30,30137,1,1,1,6,D532,44.206081,3.955325
202000029015,3,4,2020,18,1,69,69134,1,1,1,7,Terre Noire,45.929215,4.594179
202000029016,24,1,2020,9,1,13,13005,1,1,1,7,A501-Sens Aubagne vers Pont de l'Etoile,43.303101,5.56953
202000029017,1,4,2020,18,5,973,97302,2,1,1,3,MONTABO (ROUTE DE) 2,4.9362642,-52.296347
202000029018,2,4,2020,4,5,77,77284,2,1,1,6,BAZIN (RUE RENE),48.951094,2.916294
202000029019,1,4,2020,18,1,74,74305,2,1,1,3,BUCHILLONS (AVENUE DES),46.2007165,6.2713043
202000029020,2,4,2020,19,1,37,37261,2,9,1,-1,MONTJOYEUX (AVENUE),47.3608654,0.7033441
202000029021,1,4,2020,17,1,13,13203,2,1,8,3,PLOMBIERES (BOULEVARD DES),43.31487,5.38824
202000029022,2,4,2020,11,1,11,11069,1,6,1,3,VILLEMOUSTAUSSOU -ROUTE DE-,43.23578,2.3634
202000029023,1,4,2020,12,1,75,75112,2,2,1,3,BOULEVARD SOULT,48.846907,2.411168
202000029024,2,4,2020,4,5,94,94078,2,1,1,4,MELUN (AV DE),48.72406,2.44482
202000029025,2,4,2020,20,5,92,92072,2,1,1,3,GRANDE RUE,48.82174,2.20479
202000029026,1,4,2020,23,3,54,54164,1,1,1,6,Ferme de Fanoncourt,48.412942,6.040404
202000029027,12,2,2020,8,1,33,33315,1,1,1,1,Lieu Dit les Yvonnets,45.068962,-0.091849
202000029028,3,4,2020,16,1,83,83073,1,1,1,1,Route Nationale 97,43.375109,6.298385
202000029029,1,4,2020,18,1,82,82101,1,1,1,6,D26bis,44.081657,0.990442
202000029030,2,4,2020,9,1,33,33028,2,1,1,6,36 Route des Palombieres,44.805865,-0.326333
202000029031,2,4,2020,16,1,38,38499,1,1,1,1,N85,44.9268,5.78266
202000029032,2,4,2020,6,1,973,97304,1,1,2,6,Route Degrad Saramaca,5.1506852,-52.6980107
202000029033,2,4,2020,15,1,78,78668,1,9,1,7,D89,49.023459,1.521576
202000029034,3,4,2020,15,2,83,83151,1,1,1,6,Dn7 pr 43810,43.4367741,6.1603666
202000029035,1,4,2020,18,1,67,67411,1,1,1,6,D604,48.4906018,7.4346895
202000029036,3,4,2020,11,1,50,50409,1,1,1,7,N174,49.169158,-1.153592
202000029037,2,4,2020,5,3,14,14127,1,1,1,6,Lieu Dit la Bucaille,48.90643,-0.924643
202000029038,1,4,2020,15,1,13,13055,1,1,1,2,A507 sens Aubagne- Marseille,43.330106,5.397218
202000029039,2,4,2020,6,2,69,69072,1,1,1,2,M6  ,45.8210138,4.7646815
202000029040,1,4,2020,22,3,33,33162,1,1,1,7,ROCADE A 630,44.86679,-0.65125
202000029041,2,4,2020,9,1,78,78206,1,1,1,2,A13,48.96833,1.91789
202000029042,2,4,2020,21,3,93,93066,1,1,1,6,AUTOROUTE A1,48.93095,2.36931
202000029043,1,4,2020,18,4,973,97302,1,1,1,3,ROUTE NATIONALE 1,4.9093123,-52.3239112
202000029044,1,4,2020,13,1,69,69259,2,2,1,1,NORBERT KUGLER                      (R ),45.70611,4.87778
202000029045,31,3,2020,5,5,972,97209,2,6,1,7,BEAUSEJOUR JAMBETTE (ROUTE DE ),14.6267,-61.0404
202000029046,4,8,2020,2,5,972,97213,1,1,1,6,Z I LES MANGLES,14.6166271,-61.0172367
202000029047,3,8,2020,11,1,972,97209,1,1,1,2,RD 41 (ROCADE),14.61461,-61.06271
202000029048,3,8,2020,0,5,971,97113,1,9,1,3,RN4-ROND POINT SAINT FELIX,16.2073394,-61.4566237
202000029049,3,8,2020,20,1,95,95680,2,9,1,3,JULIEN  BOURSIER (RUE),49.0085371,2.3883015
202000029050,3,8,2020,18,1,91,91457,2,3,1,3,RURAL N°22 (CHEMIN),48.583,2.26
202000029051,3,8,2020,10,1,88,88424,2,1,1,-1,AVENUE DU GENERAL DE GAULLE,48.2709,6.9727
202000029052,2,8,2020,20,1,87,87085,1,1,1,6,RD941 (OUEST),45.83472,1.21815
202000029053,4,8,2020,0,5,86,86194,2,2,1,3,Avenue John Kennedy,46.58216,0.3679
202000029054,2,8,2020,19,1,80,80021,2,1,1,6,PIERRE ROLLIN (RUE),49.87637,2.31342
202000029055,31,7,2020,16,1,80,80021,1,1,1,3,JULES BARNI (RUE),49.886972,2.316098
202000029056,31,7,2020,14,1,80,80021,2,1,1,6,ALEXANDRE DUMAS (RUE),49.87098,2.30453
202000029057,12,7,2020,17,1,80,80001,2,1,1,2,GENERAL LECLERC (du),50.10851,1.83972
202000029058,5,8,2020,22,5,78,78401,2,2,1,3,MAURICE BERTEAUX (RUE),49.004322,1.906843
202000029059,4,8,2020,12,1,76,76498,2,1,1,2,ALLIES. AVENUE DES,49.42255,1.05335
202000029060,1,8,2020,5,5,76,76351,2,2,1,6,CHANTIERS (DES),49.48519,0.16326
202000029061,4,8,2020,6,1,72,72181,2,4,1,3,PREFORTIER (RUE DU),48.00391,0.17182
202000029062,4,8,2020,17,1,69,69266,2,2,1,3,NICOLAS GARNIER  (Rue),45.753945,4.9134466
202000029063,3,8,2020,23,3,69,69275,1,1,1,1,Route Départementale 55,45.78176,4.94813
202000029064,4,8,2020,12,1,64,64445,2,1,1,3,LEON BLUM,43.319889,-0.328078
202000029065,3,8,2020,7,1,62,62457,2,9,1,3,GARE (RUE DE LA),50.453515,2.533231
202000029066,30,7,2020,17,1,62,62178,2,1,1,7,VERDUN,50.48611,2.56182
202000029067,4,8,2020,19,1,59,59512,2,1,1,6,NATION (PLACE DE LA),50.69981,3.182724
202000029068,4,8,2020,8,1,59,59350,2,9,7,6,STRASBOURG BOULEVARD,50.6180404,3.0523398
202000029069,22,7,2020,5,5,59,59368,2,9,1,2,REPUBLIQUE AVENUE DE LA,50.6503405,3.0801043
202000029070,19,7,2020,1,5,59,59009,1,6,1,3,"D.6, route express",50.6507,3.1672
202000029071,2,8,2020,16,1,59,59178,2,1,7,6,HAYEZ (BOULEVARD PAUL),50.36392,3.0846
202000029072,2,8,2020,8,1,59,59654,2,1,1,1,PONT DES HOUILLERES,50.38197,3.10098
202000029073,1,8,2020,5,2,59,59486,2,1,1,6,BOIS (RUE DU),50.43483,3.1446
202000029074,3,8,2020,17,1,56,56162,2,3,1,3,Chemin du Talud,47.70249,-3.44476
202000029075,2,8,2020,1,5,56,56094,2,1,1,2,Kernours,47.76321,-3.2971
202000029076,1,8,2020,18,1,56,56162,2,3,1,5,SAINT BIEUZY (RUE DE),47.73371,-3.43047
202000029077,3,8,2020,17,1,54,54371,1,3,1,3,REPUBLIQUE (AVENUE DE LA),49.204334,5.946256
202000029078,4,8,2020,15,1,51,51454,2,1,1,2,Route de Witry,49.2698078,4.07278
202000029079,3,8,2020,8,1,50,50602,1,3,1,7,BREQUECAL (RUE DE),49.62702,-1.54909
202000029080,4,8,2020,16,1,46,46042,2,3,1,1,FONRODENQUE (RUE DE),44.432732,1.456409
202000029081,4,8,2020,12,1,43,43157,2,1,1,3,10 Boulevard Marechal Joffre,45.0472,3.89276
202000029082,4,8,2020,15,1,41,41269,2,1,1,1,VERRIER (RUE DU COMMANDANT),47.798743,1.063118
202000029083,2,8,2020,15,1,38,38169,2,2,1,3,Avenue Jean Jaurès,45.1891,5.69726
202000029084,4,8,2020,14,1,35,35238,2,6,1,2,ALMA (DE L'),48.10439,-1.67741
202000029085,3,8,2020,18,1,34,34336,2,1,1,3,BEREGOVOY (AVENUE PIERRE),43.32355,3.26289
202000029086,4,8,2020,13,1,34,34003,1,1,1,3,RD612,43.29462,3.50438
202000029087,31,7,2020,1,5,33,33063,2,9,1,6,QUAI DES CHARTRONS,44.84868,-0.57042
202000029088,3,8,2020,15,1,31,31555,2,1,1,-1,AV JEAN RIEUX,43.59833,1.45678
202000029089,4,8,2020,15,1,30,30189,1,6,1,3,BEAUCAIRE (ROUTE),43.8333,4.4258
202000029090,4,8,2020,20,1,30,30007,2,1,1,2,MONGE (AVENUE),44.1457,4.1011
202000029091,27,7,2020,9,1,22,22278,2,1,1,6,MONGE,48.50222,-2.73848
202000029092,30,7,2020,11,1,17,17461,2,9,1,1,ROYAN (DE),45.64421,-1.05325
202000029093,3,8,2020,20,1,17,17461,2,6,1,3,ROCHE (DE LA),45.64892,-1.04725
202000029094,4,8,2020,11,1,17,17028,2,6,1,3,GRASSET   AVENUE EDMOND,46.134869,-1.120456
202000029095,3,8,2020,18,1,17,17200,1,1,1,2,RN237,46.1814721,-1.141178
202000029096,4,8,2020,17,1,14,14243,1,1,1,7,CD 579,49.39978,0.217524
202000029097,4,8,2020,16,1,14,14437,2,1,1,3,EMILE ZOLA (RUE),49.1727,-0.32096
202000029098,2,8,2020,4,3,14,14327,1,1,1,6,GAULLE (AVENUE DU GENERAL DE),49.2106,-0.34469
202000029099,4,8,2020,7,1,13,13056,2,1,1,3,REVEILLA,43.42381,5.02182
202000029100,3,8,2020,13,1,13,13214,2,6,1,3,SAINTE MARTHE (chemin),43.329492,5.388156
202000029101,3,8,2020,11,1,13,13210,2,9,1,3,PAUL CLAUDEL (BOULEVARD),43.269,5.42
202000029102,3,8,2020,8,1,13,13206,2,1,1,2,LIEUTAUD (COURS),43.2891959,5.3840622
202000029103,4,8,2020,23,5,13,13001,2,1,1,3,PONTIER HENRI (AV),43.53361,5.4421
202000029104,4,8,2020,20,1,13,13001,2,6,1,2,BROSSOLETTE PIERRE (AV),43.51117,5.44224
202000029105,3,8,2020,14,1,11,11069,2,1,1,4,LIMOUX -ROUTE DE-,43.20699,2.33554
202000029106,3,8,2020,16,1,09,09207,2,1,1,3,ARIEGE (RUE DE L'),42.9349,1.63351
202000029107,2,8,2020,6,2,02,02691,2,1,1,2,KENNEDY (RUE DU PST JOHN),49.85865,3.27778
202000029108,4,8,2020,22,5,75,75105,2,2,1,3,RUE DES ECOLES,48.849119,2.34665
202000029109,4,8,2020,14,1,75,75119,2,7,1,3,PLACE DE LA PORTE DE PANTIN,48.889635,2.395748
202000029110,3,8,2020,17,1,75,75117,2,2,1,3,RUE FOURCROY,48.880884,2.297547
202000029111,4,8,2020,10,1,75,75116,2,7,1,6,PLACE DU TROCADERO ET DU 11 NOVEMBRE,48.863373,2.287494
202000029112,3,8,2020,23,5,75,75116,2,7,1,3,PLACE DE COSTA RICA,48.858679,2.284637
202000029113,4,8,2020,13,1,75,75114,2,1,1,3,AVENUE PAUL VAILLANT COUTURIER,48.816774,2.333713
202000029114,4,8,2020,11,1,75,75113,2,3,1,6,AVENUE D ITALIE,48.828314,2.356609
202000029115,3,8,2020,9,1,75,75112,2,5,1,3,AVENUE DE SAINT MANDE,48.844671,2.405736
202000029116,4,8,2020,14,1,75,75110,2,2,1,6,RUE LOUIS BLANC,48.880018,2.367101
202000029117,4,8,2020,13,1,75,75110,2,7,1,3,BOULEVARD SAINT DENIS,48.869121,2.355167
202000029118,4,8,2020,15,1,75,75108,2,7,1,6,PLACE DE LA CONCORDE,48.86437,2.320364
202000029119,4,8,2020,9,1,75,75108,2,1,1,6,RUE DE LA VILLE L EVEQUE,48.871484,2.320544
202000029120,3,8,2020,13,1,75,75108,2,1,1,6,AVENUE DES CHAMPS ELYSEES,48.87041,2.305601
202000029121,3,8,2020,12,1,75,75108,2,5,1,3,RUE DE ROME,48.879479,2.321852
202000029122,3,8,2020,10,1,75,75107,2,2,1,3,AVENUE BOSQUET,48.857117,2.304291
202000029123,4,8,2020,15,1,75,75103,2,3,1,3,BOULEVARD BEAUMARCHAIS,48.857605,2.368059
202000029124,4,8,2020,20,1,94,94073,2,9,1,1,DOCTEUR MARIE (R DU),48.7462,2.3728
202000029125,4,8,2020,14,1,94,94034,2,1,1,6,DIVISION LECLERC (AV DE LA),48.7591,2.3243
202000029126,3,8,2020,15,1,94,94060,2,3,1,6,DUNOYER DE SEGONZAC (R),48.79134,2.57782
202000029127,4,8,2020,8,1,94,94017,2,1,1,3,GENERAL DE GAULLE (AV DU),48.821375,2.48894
202000029128,4,8,2020,14,1,93,93073,1,1,1,6,CHAPIT RE ( RUE DU),48.9897,2.5614
202000029129,4,8,2020,8,1,93,93048,2,2,1,1,GABRIEL PERI (AVENUE),48.8572917,2.4400801
202000029130,1,8,2020,0,5,92,92078,2,9,1,1,FOND DE LA NOUE (RUE) (N° IMPAIRS),48.931658,2.33137
202000029131,2,8,2020,20,2,92,92063,2,1,1,7,FOUILLEUSE (AVENUE DE),48.863215,2.1914077
202000029132,3,8,2020,22,5,92,92051,2,3,1,6,"VICTOR HUGO (BOULEVARD, N° 9 A 49 ET 16",48.8875094,2.27852
202000029133,3,8,2020,17,1,92,92025,2,2,1,3,Boulevard Charles de Gaulle,48.91462,2.229054
202000029134,4,8,2020,9,1,92,92025,2,9,1,3,PAUL BERT (RUE),48.926247,2.247309
202000029135,31,7,2020,15,1,92,92012,2,9,1,2,Boulevard Jean Jaures,48.8424884,2.2384965
202000029136,4,8,2020,13,1,92,92004,2,3,1,7,EMILE ZOLA ( RUE ),48.9233296,2.2853145
202000029137,5,8,2020,15,1,49,49063,1,1,1,2,D751,47.350636,-0.746019
202000029138,5,8,2020,1,3,35,35356,1,1,1,6,La Petite Rochette,48.250498,-1.752598
202000029139,5,8,2020,2,3,35,35258,1,1,1,6,D137,48.310694,-1.837292
202000029140,3,8,2020,12,1,10,10417,1,1,1,7,D121,48.198201,3.823304
202000029141,4,8,2020,14,1,974,97422,1,3,1,3,Rue du Général Ailleret,-21.276998,55.501894
202000029142,4,8,2020,7,1,27,27177,1,1,1,7,D53,48.871095,1.2536
202000029143,5,8,2020,20,1,60,60176,2,3,1,6,8 Rue des Fossés,49.235848,2.884987
202000029144,5,8,2020,7,1,34,34270,1,1,1,1,d112,43.555982,3.848348
202000029145,4,8,2020,17,1,74,74025,1,2,1,3,2844 Route des Voirons,46.283228,6.346825
202000029146,4,8,2020,17,1,51,51229,2,3,1,3,Route de la Neuville,48.9717785,4.835214
202000029147,4,8,2020,23,3,56,56240,1,1,1,1,Rue des Embruns,47.502721,-2.771666
202000029148,31,7,2020,12,1,56,56135,1,1,1,7,La Mare Varion,47.71672,-2.437634
202000029149,5,8,2020,12,1,79,79062,1,1,1,6,,46.806258,-0.665488
202000029150,4,8,2020,7,1,41,41135,1,1,7,2,A85,47.295487,1.897191
202000029151,4,8,2020,23,3,81,81325,1,1,1,6,Lieu Dit les Bessous,43.554007,2.197952
202000029152,31,7,2020,20,1,61,61426,1,1,1,7,D938,48.346353,0.530477
202000029153,4,8,2020,20,1,61,61486,1,1,1,6,Lieu Dit la Madeleine,48.769912,-0.721927
202000029154,5,8,2020,8,1,55,55387,1,1,1,6,D618,49.345606,5.650964
202000029155,5,8,2020,10,1,42,42204,2,6,1,3,Rue Chevalier,45.421392,4.06316
202000029156,5,8,2020,9,1,46,46010,1,2,1,3,D911,44.419919,1.562676
202000029157,5,8,2020,12,1,47,47196,2,3,1,5,RD 813 pk50+900,44.337313,0.322284
202000029158,4,8,2020,21,3,34,34147,1,1,1,7,D909,43.475844,3.207321
202000029159,2,8,2020,10,1,34,34279,1,1,1,1,Route Départementale 136,43.506379,3.101985
202000029160,5,8,2020,10,1,25,25529,2,1,1,-1,15 Grande Rue (Sancey-le-Long),47.305692,6.59842
202000029161,5,8,2020,17,1,29,29292,1,3,1,3,D156 - Route de la Mer,47.8893546,-4.3412894
202000029162,5,8,2020,17,1,03,03254,1,2,1,3,5 Chemin de Breux,46.3287258,3.2848507
202000029163,4,8,2020,21,3,01,01068,1,1,1,1,D1084,46.077604,5.460253
202000029164,4,8,2020,10,1,26,26368,1,3,1,3,Avenue de la Clairette,44.705861,5.259705
202000029165,4,8,2020,8,1,72,72381,1,6,1,3,giratoire D23 / D326,47.93858,0.111591
202000029166,5,8,2020,14,1,60,60643,1,2,1,3,D152,49.569147,2.582817
202000029167,3,8,2020,14,1,64,64338,2,1,1,-1,11 Allée du Barry,43.359564,-0.158851
202000029168,5,8,2020,13,1,73,73128,2,1,1,1,Chemin de Fontany,45.728682,5.931866
202000029169,5,8,2020,18,1,16,16292,2,1,1,3,21 Route de Montjean,46.028726,0.192003
202000029170,5,8,2020,10,1,16,16213,1,1,7,2,Lieu Dit Parpelat,45.73659,0.525831
202000029171,31,7,2020,10,1,07,07269,2,1,1,6,La Place,44.937269,4.368643
202000029172,3,8,2020,16,1,07,07005,1,1,1,1,Chemin de la Quate,44.545623,4.572608
202000029173,4,8,2020,18,1,53,53127,2,1,7,6,5 Rue de Domfront,48.439685,-0.500226
202000029174,3,8,2020,21,2,53,53109,1,2,1,3,Monthinault,48.291756,-0.490726
202000029175,4,8,2020,15,1,21,21282,1,3,1,3,CD 36 route de Toste,47.4684192,4.2168513
202000029176,4,8,2020,19,1,24,24355,1,1,1,3,Gaillardou,44.813114,1.211269
202000029177,4,8,2020,10,1,85,85128,2,6,1,3,Boulevard de l'Océan,46.450802,-1.162378
202000029178,4,8,2020,17,1,52,52187,1,1,1,7,D16,48.360583,5.317791
202000029179,31,7,2020,18,1,978,97801,2,1,1,2,route de la savane,18.089137,-63.066019
202000029180,5,8,2020,20,3,988,98805,2,1,1,6,V.E.2,-22.214325,166.465198
202000029181,4,8,2020,15,1,72,72165,1,1,1,6,A11,48.070607,0.435171
202000029182,5,8,2020,6,2,41,41220,1,3,1,1,RD 951,47.701964,1.584772
202000029183,4,8,2020,13,1,41,41136,2,1,1,3,Rue Pierre Loison,47.699259,1.504123
202000029184,3,7,2020,17,1,66,66101,1,2,1,3,D612,42.6177177,2.7903382
202000029185,4,8,2020,14,1,30,30155,2,1,1,3,D999,43.829945,4.459591
202000029186,4,8,2020,22,3,05,05053,1,1,1,6,D30,44.336254,5.75476
202000029187,5,8,2020,12,1,01,01160,1,6,1,3,D35,46.245304,6.094891
202000029188,1,8,2020,8,1,32,32117,1,3,1,7,16 Avenue des 4 Chenes,43.665893,0.557942
202000029189,4,8,2020,0,4,29,29120,1,1,1,7,Lieu-dit Kerzouannek,48.266791,-4.466774
202000029190,4,8,2020,9,1,22,22054,1,1,1,3,Rue de Clairville,48.628512,-2.431841
202000029191,4,8,2020,9,1,35,35031,1,3,7,1,Haut Champ,48.17495,-1.409805
202000029192,5,8,2020,9,1,80,80146,2,3,1,1,8 Route Nationale,50.140116,1.522403
202000029193,4,8,2020,20,1,33,33448,1,1,1,6,AUTOROUTE A 62,44.72059,-0.52238
202000029194,3,8,2020,23,4,91,91589,1,1,1,5,AUTOROUTE A6,48.6784,2.336
202000029195,3,8,2020,18,1,91,91161,1,1,1,5,AUTOROUTE A6,48.70146,2.30882
202000029196,31,7,2020,18,1,92,92064,1,1,1,3,A13,48.8397154,2.2007579
202000029197,3,8,2020,19,1,92,92078,1,1,1,4,AUTOROUTE A86,48.92917,2.3297
202000029198,4,8,2020,7,1,94,94046,1,1,1,3,A86 INT,48.808614,2.4487946
202000029199,7,5,2020,13,1,02,02738,2,1,7,6,GAMBETTA (BOULEVARD),49.65243,3.28681
202000029200,18,2,2020,19,5,02,02304,2,6,2,6,REPUBLIQUE,49.662362,3.365822
202000029201,2,8,2020,22,3,974,97416,1,1,1,6,Chemin Maurice Thorez,-21.274139,55.47188
202000029202,3,8,2020,22,3,974,97407,2,1,1,3,20 DECEMBRE 1948(AVENUE DU),-20.93873,55.29835
202000029203,3,8,2020,7,1,973,97302,2,3,1,3,CABASSOU (ROUTE DE),4.9199161,-52.3195446
202000029204,3,8,2020,23,5,69,69387,2,1,1,7,JEAN JAURES                         (AV),45.73966,4.83861
202000029205,3,8,2020,16,1,69,69259,2,1,1,6,AMBROISE CROIZAT                    (BD),45.69911,4.88781
202000029206,31,7,2020,15,1,69,69386,2,9,1,3,THIERS                              (AV),45.76631,4.86169
202000029207,2,8,2020,19,5,972,97213,1,1,1,1,ROUTE DEPARTEMENTALE 15,14.615,-61.036
202000029208,1,8,2020,21,5,971,97120,2,9,1,3,VATABLE,16.23678,-61.53217
202000029209,3,8,2020,13,1,95,95585,2,1,1,3,RUE DU HUIT MAI 1945,48.97781,2.36994
202000029210,3,8,2020,22,5,91,91286,2,2,1,3,ENCLOS (RUE DES),48.65442,2.3735
202000029211,2,8,2020,12,1,87,87085,2,3,1,5,GIFFARD (RUE HENRI),45.88581,1.26667
202000029212,31,7,2020,9,1,83,83129,2,3,1,3,MER (AVENUE DE LA) N° PAIRS,43.0962,5.8312
202000029213,14,7,2020,19,1,79,79081,2,1,1,5,183 Boulevard des Tilleuls,46.35644,-0.38823
202000029214,1,8,2020,12,1,78,78133,2,1,1,1,MUR DU PARC (DU),48.9092,2.0368
202000029215,3,8,2020,13,1,77,77407,2,1,1,2,FONTAINEBLEAU(AVENUE DE) - D607,48.52948,2.5453
202000029216,6,7,2020,0,3,77,77186,1,1,1,2,D606 de l'obélisque à limite MORET,48.379884,2.777883
202000029217,3,8,2020,23,3,77,77070,1,1,1,6,D37,48.7982997,3.1236897
202000029218,1,8,2020,12,1,76,76682,1,1,1,7,VILLAGE RUE DU,49.3199634,1.1056633
202000029219,3,8,2020,15,1,69,69091,2,1,1,6,PAIX (DE LA) ( R ),45.5826938,4.743383
202000029220,3,8,2020,13,1,64,64122,2,1,1,7,MAC CROSKEY ( AVENUE DU GENERAL),43.4926,-1.54734
202000029221,3,8,2020,18,1,64,64024,2,1,1,1,ADOUR (AVENUE DE L'),43.51611,-1.50157
202000029222,3,8,2020,16,1,64,64102,2,1,1,1,MOULINE DE BACHEFORES (CHEMIN DU),43.49753,-1.4275
202000029223,30,7,2020,7,1,62,62764,2,6,7,6,FORGE AU FER ( DE LA ),50.30119,2.786587
202000029224,1,8,2020,18,1,49,49007,2,1,1,3,ROE,47.47352,-0.55399
202000029225,30,7,2020,20,1,49,49246,2,1,1,3,BOUTIN DES VIGNES,47.43781,-0.5283
202000029226,31,7,2020,15,1,47,47031,1,1,1,3,Avenue de Bigorre,44.1775461,0.6350857
202000029227,31,7,2020,17,1,38,38382,1,1,1,4,A48,45.2195,5.67399
202000029228,3,8,2020,18,1,37,37261,2,2,1,3,BOYER (RUE LEON),47.3911909,0.6735659
202000029229,3,8,2020,8,1,33,33063,2,2,1,3,RUE DE LALANDE / RUE DE LA MISERICORDE,44.83239,-0.57513
202000029230,1,8,2020,11,1,31,31555,2,1,1,4,AV CAMILLE PUJOL,43.6007528,1.4629921
202000029231,31,7,2020,14,1,31,31555,2,1,1,3,AV PAUL SEJOURNE,43.60595,1.42808
202000029232,2,8,2020,1,5,30,30189,2,3,1,3,DAYAN GEORGES (AVENUE),43.8205,4.3407
202000029233,22,7,2020,18,1,22,22278,2,1,1,2,ARMOR (AV. D') COTE IMPAIR,48.51223,-2.75372
202000029234,13,7,2020,9,1,22,22278,2,1,1,6,SOLIDARITE (DE LA),48.51397,-2.74026
202000029235,31,7,2020,20,1,21,21390,2,1,1,6,M122A,47.28038,5.02144
202000029236,2,8,2020,19,1,17,17028,2,2,1,1,GAULLE   AVENUE DU GENERAL DE,46.13333,-1.1196
202000029237,3,8,2020,12,1,17,17300,2,1,1,4,SARTRE   AVENUE JEAN-PAUL,46.15645,-1.12744
202000029238,4,11,2020,18,5,81,81099,2,1,1,6,Avenue Charles de Gaulle,43.901727,1.902553
202000029239,4,11,2020,9,1,87,87156,1,9,1,7,RD 941,45.843715,1.407763
202000029240,5,11,2020,18,3,76,76001,1,2,1,3,D34,49.58931,0.660038
202000029241,18,8,2020,4,3,60,60141,1,4,1,1,RD 44,49.203203,2.4691322
202000029242,4,11,2020,15,1,13,13202,1,1,1,-1,A55-Sens Marseille vers Martigues,43.3137,5.367775
202000029243,27,10,2020,8,2,59,59260,1,1,1,6,AUTOROUTE A16,51.048971,2.538036
202000029244,3,11,2020,16,1,59,59343,1,1,1,7,AUTOROUTE A22,50.600542,3.118474
202000029245,4,11,2020,5,5,91,91377,1,1,1,3,RN20,48.7205,2.2992
202000029246,4,11,2020,8,1,94,94073,1,9,1,3,A86 EXT,48.7853,2.38882
202000029247,30,10,2020,17,1,974,97416,2,1,1,2,Boulevard Hubert Delisle,-21.34358,55.47484
202000029248,2,11,2020,8,1,974,97416,2,1,1,5,Allée des Bois Noirs,-21.28496,55.46092
202000029249,3,11,2020,18,3,974,97411,1,1,1,5,LITTORAL (ROUTE 1 DU),-20.87985,55.40403
202000029250,3,11,2020,7,1,974,97411,2,1,1,6,CHAUDRON  (BLD 1 DU),-20.893882,55.492915
202000029251,3,11,2020,18,5,69,69386,2,5,1,3,VITTON                              (CO),45.76991,4.85711
202000029252,3,11,2020,15,1,69,69259,2,1,2,1,GAMBETTA                            (R ),45.69935,4.88327
202000029253,3,11,2020,12,1,69,69383,2,3,2,7,JEAN CARDONA                        (R ),45.7495738,4.8840957
202000029254,3,11,2020,12,1,972,97209,1,1,1,6,SOLEIL LEVANT (BOULEVARD DU),14.6212538,-61.0389742
202000029255,1,11,2020,22,5,971,97113,2,1,2,6,BELLE-PLAINE (ROUTE DE),16.21865,-61.50277
202000029256,3,11,2020,8,1,91,91687,2,1,1,6,MARMONT (AVENUE),48.66621,2.3759
202000029257,28,10,2020,8,1,83,83069,2,1,1,6,ESCOFFIER (RUE LEON ),43.038631,6.133235
202000029258,3,11,2020,18,5,78,78502,2,1,1,2,VERSAILLES (ROUTE DE),48.8789,2.1086
202000029259,31,10,2020,14,1,77,77407,2,1,1,6,FONTAINEBLEAU(AVENUE DE),48.53183,2.53899
202000029260,2,11,2020,17,1,76,76451,2,1,1,-1,MONT AUX MALADES. AVENUE DU,49.46449,1.07344
202000029261,3,11,2020,19,5,72,72181,1,1,1,6,MESSIAEN OLIVIER (AV) IMPAIRS,48.01585,0.15185
202000029262,3,11,2020,11,1,69,69029,2,2,2,3,FRANCOIS MITTERRAND                 (AV),45.73805,4.92268
202000029263,2,11,2020,10,1,67,67482,2,1,1,2,SCHIRMECK (ROUTE DE),48.56261,7.7003
202000029264,3,11,2020,16,1,64,64445,2,1,2,3,Allees Condorcet,43.32485,-0.35754
202000029265,3,11,2020,9,1,64,64102,2,3,3,7,FAIENCERIE (IMPASSE DE LA),43.4958,-1.4912
202000029266,31,10,2020,17,1,63,63113,2,1,1,-1,PUY DE DOME (AVENUE DU),45.78734,3.063
202000029267,29,10,2020,10,1,59,59431,2,2,1,-1,ARMENTIERES  (RUE D' ),50.697767,2.856155
202000029268,1,11,2020,23,5,57,57336,2,1,9,6,GARE (RUE DE LA),49.15828,6.74412
202000029269,2,11,2020,18,5,54,54431,2,3,1,3,D952,48.929297,6.037968
202000029270,2,11,2020,17,1,54,54498,2,1,1,4,RD 674,48.716533,6.257713
202000029271,2,11,2020,10,1,54,54395,2,1,1,6,PINCHARD (AVENUE - TAMARIS),48.7030802,6.1544359
202000029272,30,10,2020,10,1,49,49007,2,1,2,2,Boulevard du Roi René,47.46899,-0.55949
202000029273,21,10,2020,8,1,44,44184,2,6,2,6,RD 492 DU RP EINSTEIN AU RP SARRELOUIS,47.26769,-2.2535
202000029274,2,11,2020,18,5,41,41018,2,3,1,3,LATHAM (RUE) N° PAIRS DU 4 AU 48 INCLUS,47.59962,1.30813
202000029275,3,11,2020,9,1,35,35051,1,1,1,7,NORMANDIE (PORTE DE),48.151771,-1.604444
202000029276,3,11,2020,8,1,35,35238,2,1,1,2,SERGENT MAGINOT (AVENUE),48.1099502,-1.6571342
202000029277,3,11,2020,6,2,33,33075,2,3,2,3,ALL DU BRION / RUE RAYMOND PEYRAN,44.87494,-0.60511
202000029278,3,11,2020,7,5,31,31555,1,1,1,2,VA007313 LE CHAPITRE A64 Sortie 38,43.55875,1.41382
202000029279,2,11,2020,12,1,31,31555,2,2,1,3,RUE DES TROENES,43.61598,1.41459
202000029280,3,11,2020,16,1,29,29019,2,1,1,6,Rue Jean Jaurès,48.3989664,-4.4726801
202000029281,3,11,2020,10,1,27,27701,2,3,1,3,BLANCHE (CH. DE LA VOIE) LOUVIERS A LACS,49.27143,1.20607
202000029282,22,10,2020,15,1,22,22113,2,1,1,2,CORDIERS (RUE DES),48.730361,-3.4491945