Num_Acc,jour,mois,an,hr,condition_eclairage,departement,commune,condition_agglomeration,intersection,condition_atmosphere,type_collision,adresse,lattitude,longitude
202000029283,2,11,2020,11,1,17,17306,2,4,1,3,EUROPE (COURS DE L'),45.62495,-1.02334
202000029284,2,11,2020,9,1,17,17306,2,1,1,2,ROCHEFORT (DE)  (AVENUE),45.639813,-1.024868
202000029285,1,11,2020,13,1,14,14167,2,2,1,1,LIBERTE (AVENUE DE LA),49.20229,-0.29612
202000029286,2,11,2020,19,5,10,10387,2,6,2,2,GEORGES POMPIDOU (RUE),48.28801,4.08116
202000029287,3,11,2020,9,1,03,03190,2,1,2,3,Rue de Paris,46.5699678,3.3293191
202000029288,2,11,2020,9,1,75,75120,2,4,1,6,BOULEVARD PERIPHERIQUE,48.868492,2.413227
202000029289,3,11,2020,16,1,75,75120,2,3,1,6,RUE DE BAGNOLET,48.862355,2.406328
202000029290,2,11,2020,16,1,75,75118,2,3,2,3,RUE MARX DORMOY,48.886831,2.359638
202000029291,3,11,2020,17,2,75,75115,2,1,1,6,RUE LINOIS,48.847292,2.28478
202000029292,3,11,2020,11,1,75,75115,2,2,1,6,RUE DESAIX,48.851782,2.291684
202000029293,3,11,2020,11,1,75,75114,2,3,1,6,RUE LECUIROT,48.829174,2.320657
202000029294,3,11,2020,21,5,75,75113,2,3,1,3,AVENUE D ITALIE,48.823012,2.358254
202000029295,3,11,2020,13,1,75,75113,2,2,1,3,AVENUE D ITALIE,48.822206,2.35852
202000029296,3,11,2020,9,1,75,75112,2,1,1,2,BOULEVARD PERIPHERIQUE INTERIEUR SUD,48.82964,2.401076
202000029297,3,11,2020,9,1,75,75111,2,2,1,-1,AVENUE DE LA REPUBLIQUE,48.865293,2.37449
202000029298,3,11,2020,15,1,75,75107,2,2,1,2,AVENUE DE LA MOTTE PICQUET,48.857262,2.309922
202000029299,3,11,2020,16,2,94,94081,2,1,1,5,LUDWIG VAN BEETHOVEN (R),48.79833,2.38066
202000029300,3,11,2020,14,1,94,94078,2,1,1,1, R DES SAPEURS POMPIERS DE PARIS,48.72615,2.45043
202000029301,3,11,2020,10,1,94,94068,2,3,1,6,MARIE LOUISE (AV),48.7957839,2.5149733
202000029302,3,11,2020,19,5,94,94046,2,1,1,2,FOCH (AV),48.815618,2.440918
202000029303,3,11,2020,7,2,94,94028,2,9,1,7,SEGUIN(RUE MARC),48.784242,2.434546
202000029304,2,11,2020,17,5,94,94028,2,3,1,3,FOCH(AVENUE DU MARECHAL),48.77254,2.43996
202000029305,2,11,2020,21,5,93,93053,2,9,1,3,PIERRE SEMARD (RUE),48.894688,2.4564456
202000029306,2,11,2020,23,5,93,93010,2,1,1,2,ROSNY (AV. DE),48.894789,2.4705514
202000029307,2,11,2020,7,2,92,92048,2,2,1,3,BRUYERES (RUE DES),48.8123489,2.2149226
202000029308,3,11,2020,12,1,92,92048,2,1,1,7,PARIS (RUE DE) N° 12 A 164,48.8077143,2.2369355
202000029309,3,11,2020,17,5,92,92040,2,1,1,3,GUYNEMER,48.82991,2.27733
202000029310,3,11,2020,14,1,92,92040,2,2,1,3,PAIX (AVENUE DE LA),48.8166,2.27502
202000029311,2,11,2020,6,3,68,68310,1,1,1,1,D1b,48.136452,7.321851
202000029312,4,11,2020,15,1,974,97422,2,3,1,6,171 Rue Jules Bertaut,-21.282037,55.514222
202000029313,4,11,2020,11,1,83,83070,2,1,1,2,358 avenue du Maréchal Juin,43.136256,6.358348
202000029314,4,11,2020,7,1,79,79195,2,7,1,6,2 Place Pierre Garnier,46.955012,-0.591711
202000029315,23,10,2020,16,1,79,79079,1,6,2,7,,46.905121,-0.685632
202000029316,3,11,2020,18,5,71,71263,2,1,1,3,72 Rue de Beaufort,46.624987,5.239052
202000029317,4,11,2020,7,1,71,71367,2,1,1,7,Route de Lons,46.6452406,5.3038848
202000029318,3,11,2020,2,3,49,49140,1,1,1,1,D162,47.175741,0.025814
202000029319,7,10,2020,3,3,39,39325,1,1,1,6,,46.886184,5.803871
202000029320,3,11,2020,14,1,29,29165,1,1,1,6,D102 - Lieu Dit Touloupry,47.837574,-4.22685
202000029321,3,11,2020,16,1,06,06073,1,1,1,7,RM2205 - PR40,44.190482,7.031915
202000029322,4,11,2020,16,1,973,97309,2,1,2,2,Route de Montjoly,4.912076,-52.272399
202000029323,31,10,2020,8,1,988,98823,1,1,1,6,Route de Néavin,-21.166214,165.504388
202000029324,1,11,2020,17,1,988,98817,1,1,1,1,ROUTE DU VALLON DORE,-22.255593,166.56135
202000029325,3,11,2020,12,1,34,34052,1,1,1,7,Avenue de Beziers,43.3231793,3.0619354
202000029326,29,10,2020,20,3,25,25469,1,1,2,1,D33,47.496625,6.737591
202000029327,3,11,2020,11,1,89,89030,2,8,1,6,"Départementale D139 - Lieu dit ""LE MAUNOIR""",47.668176,3.6763329
202000029328,3,11,2020,18,2,33,33238,2,1,1,6,9 Cours Mal de Lattre de Tassigny,44.72792,-0.598245
202000029329,4,11,2020,13,1,35,35244,2,1,1,1,5 Rue de Rennes,48.375854,-1.497408
202000029330,30,10,2020,16,1,59,59387,2,2,1,3,Rue Emile Zola,50.286801,3.263511
202000029331,3,11,2020,21,3,59,59523,1,9,9,6,D19,50.57639,3.174748
202000029332,2,11,2020,17,5,13,13206,1,1,1,6,Tunnel Prado Carénage,43.27053,5.42133
202000029333,29,10,2020,18,3,69,69278,1,1,1,2,A46N   9.020 A 11.650,45.90694,4.83792
202000029334,31,10,2020,23,3,59,59009,1,1,1,6,ROUTE NATIONALE 227,50.638214,3.142746
202000029335,3,11,2020,17,3,91,91216,1,1,1,4,AUTOROUTE A6,48.6865,2.32647
202000029336,3,11,2020,12,1,94,94038,1,1,1,3,AUTOROUTE A6A,48.77709,2.34632
202000029337,3,11,2020,18,5,93,93078,1,1,1,4,AUTOROUTE A104,48.96166,2.54518
202000029338,2,11,2020,16,2,95,95365,1,1,3,6,RN 104,49.065724,2.40634
202000029339,3,11,2020,16,1,77,77514,1,1,1,4,A104.INT,48.9486702,2.628713
202000029340,3,11,2020,7,2,94,94018,1,1,1,2,A4,48.82453,2.39392
202000029341,31,8,2020,10,1,71,71486,2,1,1,3,HENRI DUNAND (BOULEVARD),46.643713,4.3334759
202000029342,3,9,2020,15,1,27,27681,2,9,1,6,JAURES (BOULEVARD JAURES),49.09571,1.46421
202000029343,27,5,2020,22,5,75,75116,2,2,1,3,AVENUE DU PRESIDENT WILSON,48.863764,2.290693
202000029344,2,11,2020,9,1,974,97416,1,9,1,6,DE LA ZONE(ALLEE),-21.31881,55.47263
202000029345,1,11,2020,16,1,974,97416,2,1,1,7,Chemin Maurice Thorez,-21.27795,55.46761
202000029346,2,11,2020,12,1,69,69259,2,1,1,3,MARCEL SEMBAT                       (BD),45.71285,4.87634
202000029347,2,11,2020,6,5,69,69276,2,1,1,7,DEPARTEMENTAL 12                        ,45.67471,4.84864
202000029348,2,11,2020,17,1,2B,2B033,2,6,1,3,11 - RT,42.67113,9.44238
202000029349,2,11,2020,17,5,95,95051,2,2,2,1,GENERAL LECLERC (AVENUE),49.008966,2.198874
202000029350,29,10,2020,18,5,80,80021,2,1,2,6,FEDERES (BOULEVARD DES),49.90094,2.29875
202000029351,31,10,2020,2,5,76,76341,2,1,1,7,RD 6382,49.5137747,0.199757
202000029352,1,11,2020,2,5,76,76351,1,1,2,6,JULES DURAND (BD),49.4974291,0.1832129
202000029353,1,11,2020,12,1,71,71040,2,1,1,6,MARCEL GUEUGNEAU (RUE),46.6993638,4.3928463
202000029354,18,10,2020,18,2,68,68066,2,2,1,-1,Route d’Ingersheim,48.08268,7.35179
202000029355,31,10,2020,15,1,67,67482,2,1,1,5,RHIN TORTU (RUE DU),48.5478,7.75813
202000029356,2,11,2020,15,1,59,59378,2,1,1,3,Rue Jules Guesde,50.66711,3.07559
202000029357,2,11,2020,12,1,59,59328,2,6,2,-1,EGALITE AVENUE DE L,50.65633,3.03416
202000029358,29,10,2020,13,1,56,56036,1,1,1,2,RN 165,47.77483,-3.36705
202000029359,1,11,2020,11,1,54,54274,2,6,1,3,RD400,48.66818,6.20857
202000029360,2,11,2020,7,5,54,54159,2,1,1,7,RD400,48.61786,6.3523
202000029361,31,10,2020,5,5,50,50129,2,6,1,6,rond point des mielles,49.64469,-1.59964
202000029362,30,9,2020,20,5,49,49015,2,1,1,7,LURCAT AVENUE JEAN,47.48778,-0.58683
202000029363,27,10,2020,13,1,47,47032,2,3,1,3,349 Avenue Albert Camus,44.187366,0.663758
202000029364,31,10,2020,20,5,37,37208,2,1,1,6,GRANDMONT (RUE DE),47.3650268,0.7161605
202000029365,2,11,2020,9,1,37,37261,2,2,1,-1,FOURNIER (RUE DU DOCTEUR),47.3853842,0.7016074
202000029366,31,10,2020,18,5,37,37261,2,1,2,2,MAGINOT (AV. ANDRE),47.4170598,0.6906633
202000029367,1,11,2020,13,1,37,37261,2,1,2,7,ALOUETTE (AVENUE),47.3626249,0.6960229
202000029368,1,11,2020,12,1,37,37261,2,1,1,2,CHAUTEMPS (AVENUE CAMILLE),47.3757916,0.7215537
202000029369,2,11,2020,8,1,35,35238,1,1,2,4,RN 136,48.08823,-1.63401
202000029370,2,11,2020,12,1,33,33318,2,2,1,3,AVE DU BOURGAILH / ROCADE A630 Ech13,44.80354,-0.66217
202000029371,30,10,2020,19,4,31,31555,2,1,1,1,RUE HENRI DESBALS,43.57975,1.41204
202000029372,2,11,2020,17,2,27,27701,2,3,8,1,avenue des métiers,49.2459,1.1739
202000029373,2,11,2020,7,2,26,26198,2,1,2,3,20 Avenue John Fitzgerald Kennedy,44.55436,4.73879
202000029374,29,10,2020,22,3,22,22106,1,1,1,2,RN12,48.49667,-2.72413
202000029375,2,11,2020,15,1,17,17306,2,1,2,6,CHATEAU D'EAU (DU),45.62392,-1.03539
202000029376,27,10,2020,7,1,13,13108,1,1,1,2,RD 970 ROUTE D'AVIGNON,43.77162,4.68901
202000029377,2,11,2020,13,1,13,13209,2,3,1,1,VALLON DE TOULOUSE (RUE),43.268054,5.41837
202000029378,2,11,2020,10,1,13,13203,2,1,1,3,CRIMEE (RUE DE),43.307772,5.379783
202000029379,2,11,2020,0,5,13,13211,2,1,1,7,MILLIERE (BOULEVARD DE LA ),43.28324,5.49657
202000029380,30,10,2020,5,3,13,13047,1,1,1,7,R.N 569,43.56507,4.97539
202000029381,1,11,2020,7,2,13,13001,1,1,1,7,ENFANT (RTE DE L'),43.49664,5.37746
202000029382,1,11,2020,14,1,06,06027,2,1,1,6,COMBES RUE DES,43.6644,7.1476
202000029383,29,10,2020,16,1,04,04070,2,2,1,3,Allée des fontainiers / rue des charrois,44.09294,6.23193
202000029384,2,11,2020,0,5,75,75117,2,4,1,6,BOULEVARD PERIPHERIQUE,48.882994,2.28362
202000029385,2,11,2020,16,3,75,75118,2,3,2,6,BOULEVARD BARBES,48.885254,2.349518
202000029386,2,11,2020,9,1,75,75118,2,2,1,2,RUE DU POTEAU,48.897725,2.337505
202000029387,1,11,2020,13,1,75,75116,2,7,1,2,AVENUE GEORGES LAFONT,48.837493,2.256803
202000029388,2,11,2020,8,1,75,75111,2,3,8,6,PASSAGE CHARLES DALLERY,48.853304,2.378727
202000029389,2,11,2020,17,2,75,75107,2,2,1,3,PLACE DE L ECOLE MILITAIRE,48.854271,2.305449
202000029390,2,11,2020,9,1,75,75107,2,3,1,3,RUE DUROC,48.848296,2.315765
202000029391,2,11,2020,12,1,94,94078,2,2,1,6,PRESIDENT JOHN FITZGERALD KENNEDY (AV DU,48.73132,2.45889
202000029392,1,11,2020,22,5,94,94046,2,3,2,3,GENERAL LECLERC (AV DU),48.80538,2.44157
202000029393,2,11,2020,20,5,94,94043,2,1,1,4,FONTAINEBLEAU (AV DE),48.81275,2.36137
202000029394,2,11,2020,17,5,94,94037,2,1,1,6,GABRIEL PERI (R),48.810073,2.349703
202000029395,2,11,2020,18,5,94,94028,2,1,8,3,BROSSOLETTE(AVENUE PIERRE),48.79067,2.46275
202000029396,2,11,2020,8,1,94,94017,2,1,1,3,LOUIS TALAMONI (R),48.81296,2.5133
202000029397,2,11,2020,13,1,94,94078,2,1,1,2,PARIS (R DE),48.739844,2.446602
202000029398,2,11,2020,10,1,93,93078,2,9,1,2,AV VAUBAN,48.96682,2.55209
202000029399,2,11,2020,9,1,93,93005,2,1,1,6,PREFET CHALEIL (CD44) (RUE DU),48.9399107,2.5056889
202000029400,2,11,2020,8,1,92,92044,2,3,1,6,CARNOT(RUE) 73+ ET 60+,48.8932,2.2854
202000029401,3,11,2020,16,2,35,35180,1,1,1,1,Lanjouan,48.302191,-1.927377
202000029402,3,11,2020,7,5,22,22237,2,1,1,6,13 Rue Chateaubriand,48.530727,-2.267153
202000029403,1,11,2020,21,3,37,37264,1,1,1,7,,47.3277554,0.4726719
202000029404,4,9,2020,0,3,59,59485,1,1,2,6,D45,50.155339,3.425164
202000029405,2,11,2020,18,3,67,67121,1,1,1,2,D208,48.165924,7.502562
202000029406,3,11,2020,12,1,79,79103,1,1,1,1,,46.765412,-0.568027
202000029407,2,11,2020,17,2,89,89209,1,3,2,3,D42,48.1641935,2.9437749
202000029408,31,10,2020,15,1,46,46145,1,1,1,6,D820,44.906894,1.486073
202000029409,2,11,2020,19,3,46,46176,1,6,1,6,D802,44.656794,1.852162
202000029410,2,11,2020,16,1,22,22152,2,6,1,3,Z.a. de Kerfolic,48.7760934,-3.2472699
202000029411,2,11,2020,21,3,22,22238,1,1,1,7,Manac'Hti,48.590873,-3.566099
202000029412,3,11,2020,12,1,44,44211,2,3,1,2,Rue du Rouallo,47.351908,-2.507914
202000029413,2,11,2020,12,1,29,29279,1,3,1,3,Keridou,48.576284,-3.91869
202000029414,1,11,2020,9,1,31,31397,1,1,1,6,D632,43.3491633,0.7172251
202000029415,2,11,2020,20,3,45,45146,1,1,2,6,D 2020,47.69691,1.951468
202000029416,29,10,2020,18,3,45,45193,1,1,1,1,D14,47.810561,2.050924
202000029417,31,10,2020,9,1,64,64417,2,3,1,6,23 Rue Clémenceau,43.179671,-0.261607
202000029418,30,1,2020,16,1,36,36088,2,1,1,6,Rue de l'Egalité,46.950497,1.99463
202000029419,2,11,2020,12,1,987,98738,2,1,1,3,RT1,-17.62188,-149.613646
202000029420,31,10,2020,17,2,35,35131,1,6,1,6,Rond point des Mares Noires,48.129001,-1.828076
202000029421,2,11,2020,15,1,971,97121,2,1,1,2,Mahault,16.195409,-61.781723
202000029422,2,11,2020,17,1,78,78562,2,1,1,6,20 Rue Octave Allaire,48.719328,1.763869
202000029423,1,11,2020,14,1,84,84012,1,1,1,1,"D90, route de Lafare",44.140303,5.046802
202000029424,3,11,2020,7,2,89,89399,1,1,1,6,pk 67+450 a5,48.259113,3.326154
202000029425,2,11,2020,20,3,54,54090,1,1,2,3,D321,48.7495254,6.160959
202000029426,28,10,2020,15,1,42,42168,1,1,2,7,D62,45.437678,4.645479
202000029427,23,10,2020,10,1,01,01249,2,1,2,6,1 Rue Joseph Carre,45.825248,4.953933
202000029428,3,11,2020,15,1,01,01211,1,1,2,1,D22,46.129233,5.191512
202000029429,9,10,2020,16,1,59,59178,2,1,1,6,PERRIN (RUE JEAN),50.3974,3.1034
202000029430,4,6,2020,12,1,01,01451,2,1,1,1,PARIS (ROUTE DE),46.228752,5.203348
202000029431,3,6,2020,20,1,75,75118,2,1,1,4,PORTE DE CLIGNANCOURT,48.900984,2.348038
202000029432,3,6,2020,13,1,75,75114,2,1,1,3,PORTE D ORLEANS,48.819808,2.327024
202000029433,3,6,2020,18,1,75,75113,2,4,1,2,BOULEVARD PERIPHERIQUE EXTERIEUR SUD,48.81864,2.370657
202000029434,1,6,2020,18,1,75,75105,2,1,1,6,RUE DES FOSSES SAINT BERNARD,48.848333,2.354592
202000029435,4,6,2020,13,1,75,75120,2,1,1,6,RUE DE BELLEVILLE,48.872351,2.377849
202000029436,4,6,2020,16,1,75,75118,2,3,8,6,RUE ORDENER,48.89025,2.358319
202000029437,4,6,2020,10,1,75,75117,2,3,2,6,AVENUE DE CLICHY,48.892986,2.316056
202000029438,4,6,2020,9,1,75,75116,2,7,2,2,AVENUE D IENA,48.873207,2.29511
202000029439,3,6,2020,23,5,75,75108,2,7,3,6,PLACE GABRIEL PERI,48.87534,2.324839
202000029440,4,6,2020,12,1,75,75114,2,1,2,2,RUE D ALESIA,48.827569,2.334255
202000029441,4,6,2020,13,1,75,75112,2,1,8,3,AVENUE DE LA PORTE DE VINCENNES,48.84658,2.41568
202000029442,4,6,2020,9,1,75,75110,2,2,2,3,RUE LA FAYETTE,48.879723,2.358682
202000029443,3,6,2020,23,5,75,75107,2,7,2,7,BOULEVARD DES INVALIDES,48.8505547,2.3145264
202000029444,4,6,2020,14,1,75,75102,2,4,1,6,BOULEVARD DE BONNE NOUVELLE,48.869715,2.351944
202000029445,2,6,2020,13,1,75,75104,2,3,1,3,QUAI DES CELESTINS,48.851175,2.36242
202000029446,3,6,2020,20,1,94,94078,2,1,1,2,HUIT MAI 1945 (AV DU),48.72796,2.44575
202000029447,2,6,2020,19,1,94,94041,2,3,1,3,HOCHE (R),48.81207,2.37127
202000029448,4,6,2020,17,1,94,94028,2,1,2,6,TASSIGNY(AVE DU MARECHAL DE LATTRE DE),48.8008,2.4505
202000029449,4,6,2020,8,1,94,94060,2,1,3,7,GENERAL DE GAULLE (R DU),48.7819,2.5705
202000029450,1,10,2020,8,5,93,93008,1,1,2,2,A86,48.9635,2.5216
202000029451,3,6,2020,23,5,93,93071,2,3,2,3,LIEGEARD (AVENUE),48.9276387,2.5194093
202000029452,1,10,2020,10,1,92,92036,1,1,2,3,AUTOROUTE A15,48.93963,2.29452
202000029453,4,6,2020,12,1,93,93077,2,2,2,3,DETOUCHE (AVENUE),48.88471,2.51156
202000029454,1,10,2020,8,1,93,93066,1,1,2,3,AUTOROUTE A1,48.92932,2.36098
202000029455,2,10,2020,16,1,94,94073,1,9,2,3,A86 EXT,48.770251,2.38312
202000029456,4,6,2020,12,1,93,93027,2,2,2,3,VAILLANT-COUTURIER (AVENUE PAUL),48.9179639,2.4076631
202000029457,25,2,2020,18,2,52,52121,2,1,1,2,ROBESPIERRE (RUE),48.10266,5.13462
202000029458,11,6,2020,14,1,05,05061,2,1,8,6,CAPITAINE PELLEGRIN (RUE),44.56935,6.08224
202000029459,4,6,2020,19,1,93,93047,2,3,2,3,BD DE L'EUROPE / AV DES MESANGES,48.896796,2.563727
202000029460,1,1,2020,20,5,93,93031,2,3,2,2,PARIS (RUE DE),48.95393,2.31085
202000029461,4,6,2020,20,1,93,93010,2,1,1,4,GALLIENI (AV.) DE 111 A 175,48.9059086,2.4795328
202000029462,30,9,2020,17,1,974,97416,2,1,1,3,FLAMBOYANTS (CHEMIN) L400,-21.27902,55.50018
202000029463,4,6,2020,10,1,93,93005,1,1,2,4,R PAUL CEZANNE,48.95475,2.5101
202000029464,1,10,2020,18,5,973,97302,2,1,1,3,TIGRE (ROUTE DU),4.9145447,-52.3098725
202000029465,5,6,2020,20,1,22,22056,2,1,1,7,Rue des Rochers,48.383561,-1.981133
202000029466,1,10,2020,13,1,973,97302,2,6,7,6,BADUEL (ROUTE DE),4.9331494,-52.309556
202000029467,3,6,2020,11,1,49,49244,1,3,1,3,La Perriere (st Laurent Mo (Saint-Laurent-du-Mottay),47.362574,-0.974447
202000029468,4,6,2020,11,1,47,47225,1,1,8,6,D656 PK 53+600,44.155063,0.5511888
202000029469,1,10,2020,22,5,69,69383,2,3,1,3,LACASSAGNE                          (AV),45.74638,4.88579
202000029470,5,6,2020,17,1,62,62008,1,1,1,5,D225,50.717982,2.103238
202000029471,1,10,2020,11,1,69,69386,2,2,3,3,VITTON                              (CO),45.7702632,4.8607754
202000029472,26,5,2020,2,5,33,33287,2,1,1,6,Le Bourg Sud,44.56698,0.03493
202000029473,1,10,2020,7,1,69,69259,2,1,1,2,MARC SEGUIN                             ,45.71629,4.86351
202000029474,3,6,2020,14,1,21,21599,1,1,3,3,A31,47.601403,5.201232
202000029475,1,10,2020,0,5,69,69387,2,8,1,3,TONY GARNIER                        (AV),45.73152,4.82416
202000029476,5,6,2020,18,1,83,83036,2,1,1,6,Avenue de Saint-raphaël,43.185049,6.545078
202000029477,4,6,2020,20,1,19,19151,1,1,2,6,A20,45.106,1.516355
202000029478,30,9,2020,15,1,972,97209,1,1,2,4,AUTOROUTE (A1),14.61455,-61.04969
202000029479,30,9,2020,11,1,972,97209,1,1,1,6,ARAWAKS (AVENUE DES),14.61853,-61.04026
202000029480,30,9,2020,8,1,69,69389,2,1,1,6,COMBATTANTS D'A.F.N. 1952-1962 (DES)(R ),45.76952,4.7999
202000029481,4,6,2020,23,5,974,97415,2,1,1,7,Rue des Caramboles,-20.980073,55.322589
202000029482,1,10,2020,12,1,91,91377,2,1,1,2,LONGJUMEAU (RUE DE),48.7279,2.2799
202000029483,4,6,2020,17,1,19,19028,2,1,2,3,Route du Saut de la Saule,45.3915249,2.4960964
202000029484,4,6,2020,12,1,59,59663,1,1,1,2,2689 Route de Bergues,50.907704,2.453952
202000029485,1,10,2020,8,1,91,91027,2,1,2,5,FRANCOIS MITTERRAND (AVENUE),48.69904,2.37184
202000029486,5,6,2020,9,1,74,74011,1,1,2,1,D 16,45.918139,6.186714
202000029487,22,9,2020,9,1,89,89387,2,1,1,3,PONT NEUF (BOULEVARD DU),48.20451,3.2727
202000029488,24,9,2020,12,1,86,86194,2,1,1,2,Route de Parthenay,46.601994,0.315117
202000029489,4,6,2020,19,1,79,79062,1,1,8,7,,46.842728,-0.675058
202000029490,25,9,2020,14,1,83,83137,2,8,1,3,BLONDEL (RUE ANDRE),43.122743,5.975565
202000029491,4,6,2020,13,1,12,12099,1,4,1,1,D902,43.79906,2.938807
202000029492,24,9,2020,18,1,83,83126,2,1,8,6,DE GAULLE (AV CHARLES),43.09063,5.88121
202000029493,28,9,2020,21,5,78,78646,2,2,1,3,ORANGERIE (RUE DE L'),48.79968,2.12446
202000029494,29,5,2020,8,1,68,68059,2,1,1,6,18 Rue de Cernay,47.723038,7.154701
202000029495,25,9,2020,13,1,78,78646,2,1,2,3,CEINTURE (RUE DE LA),48.80895,2.15019
202000029496,3,6,2020,15,1,22,22222,2,3,1,3,17 Le Chêne Vert,48.687736,-2.931083
202000029497,1,10,2020,22,3,78,78440,2,1,1,1,BOUAFLE (ROUTE DE),48.973179,1.910538
202000029498,2,6,2020,17,1,38,38034,1,3,1,3,Chemin de Pommier,45.346577,5.064096
202000029499,25,9,2020,18,1,77,77288,2,2,1,3,EDMOND MICHELET (RUE),48.54885,2.65497
202000029500,4,6,2020,23,3,38,38181,1,1,2,6,Route des Thermes,45.346234,5.983633
202000029501,4,6,2020,19,2,01,01204,1,1,2,1,D1084,46.163552,5.69963
202000029502,30,9,2020,20,5,76,76351,2,2,2,2,CALIGNY (DE),49.4932,0.10078
202000029503,3,6,2020,12,1,01,01321,1,2,1,3,D81,46.160984,5.3455
202000029504,25,9,2020,11,1,73,73065,1,1,1,4,N201 VOIE RAPIDE URBAINE,45.57573,5.92704
202000029505,1,10,2020,15,1,69,69264,2,6,8,-1,BURDEAU BD,45.99611,4.72529
202000029506,19,5,2020,3,3,58,58088,1,1,1,3,d977,47.023626,3.212042
202000029507,4,6,2020,17,1,50,50405,1,3,1,7,1 Rue Sainte Anne,49.280089,-1.421807
202000029508,26,9,2020,10,1,69,69264,2,1,2,-1,NATIONALE  R,45.99496,4.71911
202000029509,1,10,2020,6,3,67,67218,1,1,1,1,23 NOVEMBRE (RUE DU),48.53209,7.70661
202000029510,4,6,2020,16,1,73,73010,1,1,2,3,D911 Route des Bauges,45.738777,5.968752
202000029511,1,10,2020,17,1,64,64445,2,6,1,3,Rond Point des Allees de Morlaas,43.308001,-0.339319
202000029512,1,10,2020,0,5,64,64024,2,1,1,6,ETCHECOPAR (ALLEE),43.4648964,-1.5297389
202000029513,5,6,2020,11,1,18,18061,1,2,2,2,RN 151,47.141712,2.800564
202000029514,30,9,2020,14,1,64,64102,2,3,1,3,LEGION TCHEQUE (AVENUE DE LA),43.4938,-1.4938
202000029515,4,6,2020,15,1,10,10162,2,4,8,3,Rue des deux Châteaux,48.215766,4.21234
202000029516,24,9,2020,15,1,63,63032,2,6,1,2,AUBIERE (ROUTE D'),45.74848,3.09435
202000029517,1,6,2020,10,1,07,07011,1,1,1,6,Le Pont de l'Huile,44.715384,4.360532
202000029518,30,9,2020,16,1,62,62193,2,5,8,3,LHEUREUX (RUE L.),50.94008,1.87077
202000029519,28,5,2020,20,1,21,21591,1,1,1,7,La Grande Sommière,47.43131,5.034144
202000029520,5,6,2020,12,1,40,40231,1,1,2,6,D817,43.56205,-1.165817
202000029521,1,10,2020,7,2,61,61001,2,3,2,3,DENIS PAPIN (RUE),48.43352,0.09815
202000029522,4,6,2020,13,1,24,24311,1,1,1,1,Saint-Martin-le-Pin,45.54387,0.651541
202000029523,29,9,2020,12,1,59,59437,1,1,2,1,MONT DE TEMPLEMARS RUE DU,50.57457,3.02824
202000029524,29,9,2020,6,5,59,59329,2,1,2,6,Rue Faidherbe,50.35188,3.06174
202000029525,5,6,2020,16,1,85,85084,2,2,1,3,4 Rue du Cormier,46.777963,-1.237813
202000029526,30,9,2020,17,1,59,59017,2,1,1,2,COMINES (RUE DE),50.6809019,2.8799347
202000029527,4,6,2020,15,1,27,27261,1,1,1,7,chemin les teurquerines,49.221718,0.971555
202000029528,30,9,2020,20,5,57,57240,2,1,1,6,HOMBOURG (RUE),49.14275,6.79528
202000029529,30,5,2020,12,1,52,52140,1,1,1,6,D619,48.222351,4.848812
202000029530,30,9,2020,13,1,56,56098,2,1,1,6,Parking du Mac Donalds,47.77759,-3.34267
202000029531,3,6,2020,17,1,88,88075,1,1,1,2,Route du Chajoux,48.013626,6.889147
202000029532,30,9,2020,21,5,54,54395,2,3,1,3,BOUFFLERS (AV. DE 74 A 334 - 53 A 399),48.6892,6.16165
202000029533,2,6,2020,16,1,987,98734,1,1,1,6,PK 31+600 - Coté mer,-17.723379,-149.50573
202000029534,30,9,2020,19,2,54,54395,2,2,8,3,LOBAU (BOULEVARD),48.69159,6.19274
202000029535,4,6,2020,11,1,74,74264,2,1,2,6,Avenue du Crozet,46.063618,6.549732
202000029536,30,9,2020,17,1,54,54328,2,3,1,3,RD73,48.62343,6.1847
202000029537,30,9,2020,17,1,54,54395,2,1,1,6,JOFFRE (Boulevard),48.68814,6.17776
202000029538,15,2,2020,5,3,73,73104,1,1,1,4,A43,45.556019,5.757051
202000029539,4,6,2020,19,3,986,98613,2,1,1,6,Allée Thomas JOHNSTON,-22.236542,166.439648
202000029540,30,9,2020,12,1,49,49007,2,1,1,7,MONTESQUIEU PASSAGE,47.47223,-0.58496
202000029541,1,10,2020,8,1,45,45286,2,1,2,3,DE GAULLE (RUE DU GENERAL),47.88964,1.92364
202000029542,2,6,2020,12,1,976,97607,2,1,1,6,Rue du Chateau d'Eau,-12.846108,45.183216
202000029543,30,9,2020,10,1,44,44184,2,3,1,6,VILLENEUVE (AVENUE DE),47.28127,-2.24248
202000029544,4,6,2020,14,1,29,29147,1,2,1,6,Route de Concarneau à Plouay,47.869517,-3.603065
202000029545,30,9,2020,17,1,38,38185,2,7,1,3,Place Gustave Rivet,45.1821,5.7274
202000029546,4,6,2020,11,1,37,37003,2,1,8,6,33 Quai du Général de Gaulle,47.4109688,0.976041
202000029547,30,9,2020,9,1,38,38151,2,9,1,1,Avenue Victor Hugo,45.15421,5.71229
202000029548,5,6,2020,14,1,91,91111,2,1,8,6,4 Impasse de Chantereine,48.646645,2.120136
202000029549,19,5,2020,17,1,91,91129,2,9,1,2,37 Avenue d'Arpajon,48.490327,2.350779
202000029550,3,6,2020,13,1,78,78128,2,1,1,3,1 rue de la vallée,48.674541,1.961961