Num_Acc,jour,mois,an,hr,condition_eclairage,departement,commune,condition_agglomeration,intersection,condition_atmosphere,type_collision,adresse,lattitude,longitude
202000029551,1,10,2020,15,1,34,34172,2,2,1,3,8 MAI 1945 (PLACE DU),43.60089,3.86817
202000029552,30,9,2020,18,1,34,34172,2,1,1,3,PONT JUVENAL (AVENUE DU),43.6055629,3.8875922
202000029553,1,10,2020,21,4,33,33063,2,3,2,2,QUAI DE BRAZZA,44.85596,-0.54965
202000029554,1,10,2020,23,5,29,29232,2,1,3,7,Rue du 19 Mars 1962,47.9888422,-4.1110647
202000029555,29,9,2020,12,1,29,29232,2,2,1,6,Rue du Parc,47.994565,-4.104425
202000029556,1,10,2020,7,2,27,27681,1,1,2,1,RELIGIEUSES (CHEMIN),49.07397,1.46842
202000029557,22,5,2020,15,1,74,74045,1,1,1,1,Route de l'Épine,45.796202,6.367489
202000029558,1,6,2020,11,1,07,07032,1,3,1,7,Quartier Taverne,44.6641027,4.5674346
202000029559,30,9,2020,13,1,27,27229,2,1,2,4,ALLENDE (BOULEVARD DU PRESIDENT),49.0040681,1.1471511
202000029560,3,6,2020,11,1,65,65059,2,1,1,2,17 Route de Toulouse,43.071388,0.1578
202000029561,1,10,2020,12,1,25,25056,2,1,2,7,FAURE,47.24306,6.01721
202000029562,28,9,2020,11,1,22,22278,2,1,1,7,BERTHOLLET,48.503147,-2.7450085
202000029563,5,6,2020,5,3,09,09334,2,1,9,6,CD 8,42.767998,1.500428
202000029564,30,9,2020,16,1,22,22113,2,2,3,3,YAUDET (ROUTE DU),48.731563,-3.480311
202000029565,1,10,2020,11,1,17,17028,2,1,1,3,SALENGRO   AVENUE ROGER,46.1401,-1.13304
202000029566,3,6,2020,19,1,35,35066,2,4,2,1,RD 34,48.040412,-1.688085
202000029567,1,10,2020,7,5,17,17300,2,1,2,7,CIMETIERE   AVENUE DU,46.16425,-1.12514
202000029568,1,10,2020,11,1,15,15014,2,1,3,6,MILHAUD (AVENUE),44.92277,2.43781
202000029569,5,6,2020,8,1,27,27234,1,1,1,7,N154,49.0268894,1.18961
202000029570,1,10,2020,22,5,14,14118,2,2,1,1,GUILLOU (BOULEVARD YVES),49.17251,-0.38123
202000029571,4,6,2020,22,5,60,60342,2,5,1,6,10 Rue du 8 Mai 1945,49.3035892,2.4441238
202000029572,5,6,2020,18,1,60,60103,1,1,8,7,route nationale 31,49.417081,2.242509
202000029573,1,10,2020,4,5,13,13208,2,6,1,3,PIERRE GUERRE (ROND-POINT),43.25033,5.38874
202000029574,4,6,2020,6,2,13,13085,1,1,3,7,A50-Sens Toulon vers Aubagne,43.255755,5.5940129
202000029575,1,10,2020,19,2,13,13206,2,2,1,3,STANISLAS TORRENTS (RUE),43.2889,5.37764
202000029576,4,6,2020,1,5,13,13207,1,1,2,6,Tunnel du vieux-port,43.291777,5.366157
202000029577,3,6,2020,10,1,13,13085,1,1,1,3,Sens Toulon vers Aubagne,43.24832,5.59846
202000029578,1,10,2020,17,2,13,13204,2,1,8,6,MARÉCHAL FOCH (AVENUE),43.30168,5.39801
202000029579,4,6,2020,5,5,33,33063,1,1,2,5,ROCADE A 630,44.88124,-0.54332
202000029580,1,10,2020,6,5,13,13002,2,1,1,6,GENERAL LECLERC (AVENUE DU),43.3446742,5.4867854
202000029581,4,6,2020,9,1,91,91659,1,1,3,3,AUTOROUTE A6,48.5781,2.46321
202000029582,4,6,2020,9,1,94,94003,1,1,3,7,AUTOROUTE A6A,48.80886,2.3398
202000029583,1,10,2020,8,1,13,13205,2,1,1,3,JEAN MOULIN (BOULEVARD),43.289095,5.400062
202000029584,4,6,2020,11,1,78,78646,2,1,1,6,RN12,48.791239,2.071833
202000029585,30,9,2020,19,2,13,13205,2,3,1,-1,BAILLE (BOULEVARD),43.288892,5.394843
202000029586,4,6,2020,6,1,92,92063,1,9,2,6,A86,48.8728159,2.1569681
202000029587,30,9,2020,17,1,10,10387,2,2,1,1,HENRI BARBUSSE (RUE),48.298882,4.086569
202000029588,3,6,2020,18,1,92,92050,2,1,1,2,A86,48.9073656,2.2124782
202000029589,1,10,2020,15,1,06,06088,2,1,1,6,PASTEUR (BD),43.71164,7.28009
202000029590,3,6,2020,14,1,78,78322,2,1,1,3,RN12 INT,48.78677,2.150804
202000029591,30,9,2020,23,5,06,06083,1,1,1,3,DE GAULLE (AVENUE GENERAL),43.76,7.48
202000029592,1,10,2020,12,1,02,02408,2,1,2,7,MINIMES (RUE DES),49.57444,3.64737
202000029593,4,6,2020,15,1,93,93064,1,1,1,6,AUTOROUTE A103,48.88787,2.47241
202000029594,1,10,2020,0,5,75,75116,2,1,1,2,BOULEVARD PERIPHERIQUE,48.857807,2.259546
202000029595,4,6,2020,12,1,93,93078,1,1,2,6,AUTOROUTE A104,48.96689,2.5133
202000029596,30,9,2020,18,1,75,75105,2,4,1,5,QUAI SAINT BERNARD,48.846838,2.360993
202000029597,4,6,2020,11,1,93,93027,1,1,2,2,AUTOROUTE A86,48.92808,2.41091
202000029598,1,10,2020,12,1,75,75120,2,7,2,3,PLACE DE LA PORTE DE BAGNOLET,48.864498,2.408507
202000029599,4,6,2020,9,1,93,93066,1,1,2,7,AUTOROUTE A1,48.91853,2.35735
202000029600,1,10,2020,7,5,75,75118,2,2,2,3,BOULEVARD NEY,48.897734,2.329025
202000029601,4,6,2020,8,1,92,92036,1,1,2,2,AUTOROUTE A15,48.94079,2.29246
202000029602,3,6,2020,20,1,93,93005,1,1,1,7,AUTOROUTE A104,48.97421,2.48913
202000029603,1,10,2020,13,1,75,75117,2,4,2,3,BOULEVARD BESSIERES,48.894888,2.31529
202000029604,3,6,2020,8,1,93,93053,1,1,1,2,AUTOROUTE A3,48.88141,2.45401
202000029605,1,10,2020,11,1,75,75117,2,1,1,3,AVENUE DE CLICHY,48.892841,2.316296
202000029606,1,10,2020,7,2,75,75117,2,2,2,3,RUE VERNIER,48.883974,2.290879
202000029607,4,6,2020,14,1,77,77058,1,1,2,-1,A4,48.829272,2.741515
202000029608,1,10,2020,0,5,75,75117,2,7,2,2,AVENUE DE NEUILLY,48.87867,2.280011
202000029609,3,6,2020,15,1,94,94017,1,1,1,7,A4,48.8296,2.49231
202000029610,1,10,2020,10,1,75,75114,2,1,2,3,AVENUE PAUL VAILLANT COUTURIER,48.816519,2.337937
202000029611,3,2,2020,21,5,35,35238,2,2,3,6,LIBERTE (BD DE LA),48.10749,-1.67783
202000029612,1,10,2020,8,1,75,75113,2,3,2,6,RUE ABEL HOVELACQUE,48.831665,2.35275
202000029613,26,2,2020,17,2,93,93050,2,1,3,3,R LOUIS VANNINI,48.86627,2.52606
202000029614,2,6,2020,14,1,988,98818,2,1,1,3,RUE JULES GARNIER,-22.28872,166.44393
202000029615,1,10,2020,17,1,75,75113,2,2,2,6,BOULEVARD MASSENA,48.824041,2.377011
202000029616,2,6,2020,11,1,974,97409,2,1,1,3,ILE DE FRANCE(AVENUE),-20.9562,55.64
202000029617,1,10,2020,14,1,75,75112,2,1,2,3,BOULEVARD DE BERCY,48.840099,2.381538
202000029618,2,6,2020,19,1,69,69202,2,3,1,2,BARON DU MARAIS (DU)                (BD),45.7353809,4.804777
202000029619,1,10,2020,14,1,75,75111,2,1,8,3,BOULEVARD RICHARD LENOIR,48.854516,2.370051
202000029620,3,6,2020,12,1,69,69081,2,1,1,6,LIBERATION (DE LA)                      ,45.77554,4.77822
202000029621,1,10,2020,17,1,75,75119,2,2,8,3,AVENUE DE LA PORTE D AUBERVILLIERS,48.899717,2.371128
202000029622,3,6,2020,2,3,91,91432,1,1,1,7,D 118,48.71355,2.34536
202000029623,3,6,2020,20,1,91,91477,2,1,1,6,LEON BOURGEOIS (RUE),48.70117,2.23399
202000029624,1,10,2020,11,1,75,75110,2,2,8,7,BOULEVARD DE MAGENTA,48.873763,2.358329
202000029625,3,6,2020,19,1,91,91345,2,1,1,6,PRESIDENT FRANCOIS MITTERAND,48.69678,2.29489
202000029626,1,10,2020,18,1,75,75108,2,3,1,3,RUE LA BOETIE,48.873069,2.311529
202000029627,3,6,2020,13,1,91,91161,2,9,1,1,MAZARIN (AVENUE),48.70514,2.31406
202000029628,1,10,2020,15,1,75,75116,2,2,8,3,AVENUE DU PRESIDENT WILSON,48.863926,2.290515
202000029629,29,5,2020,8,1,91,91103,2,1,1,3,FRANCE ANATOLE (RUE),48.60806,2.3046
202000029630,1,10,2020,10,1,75,75108,2,7,2,7,PLACE DE LA CONCORDE,48.866658,2.322009
202000029631,28,5,2020,20,1,91,91425,2,1,1,6,FORT PAUL (RUE),48.6441,2.26321
202000029632,28,5,2020,12,1,91,91103,2,2,1,4,COMMUNE DE PARIS (RUE DE LA),48.59587,2.30376
202000029633,2,6,2020,17,1,80,80164,2,1,1,2,MARIUS PETIT (RUE),49.88738,2.34514
202000029634,1,10,2020,2,5,75,75108,2,3,1,6,COURS ALBERT 1ER,48.864876,2.307911
202000029635,3,6,2020,15,1,78,78650,2,7,1,6,REPUBLIQUE (PLACE DE LA),48.89781,2.1139
202000029636,3,6,2020,16,1,77,77210,2,1,8,6,GARENNE (RUE DE LA ),48.38758,2.90266
202000029637,1,10,2020,21,5,75,75107,2,2,8,3,PONT ALEXANDRE III,48.862828,2.313466
202000029638,29,5,2020,15,1,76,76486,1,1,1,7,RD 932 (AVENUE DU CIRCUIT),49.32441,0.99906
202000029639,1,10,2020,10,1,75,75115,2,2,2,3,BOULEVARD DE GRENELLE,48.852504,2.290588
202000029640,30,5,2020,17,1,76,76681,1,1,1,2,INDUSTRIEL. BOULEVARD (CD 18E),49.4155708,1.1072159
202000029641,1,10,2020,17,1,75,75102,2,2,2,7,RUE REAUMUR,48.868148,2.343626
202000029642,2,6,2020,14,1,76,76681,2,2,1,3,CORNEILLE. RUE PIERRE,49.41819,1.09719
202000029643,31,5,2020,17,1,74,74218,2,1,1,7,FRESNES (RUE DES),46.38443,6.56977
202000029644,30,9,2020,6,2,94,94067,2,1,1,3,COMMANDANT RENE MOUCHOTTE (R DU),48.837,2.414
202000029645,3,6,2020,14,1,71,71040,2,1,1,6,Rue des Rompois,46.6896756,4.3846826
202000029646,1,10,2020,19,4,94,94046,2,1,1,2,REPUBLIQUE (AV DE LA),48.80408,2.43692
202000029647,3,6,2020,8,1,68,68066,2,9,1,6,NEUF BRISACH (ROUTE DE),48.080064,7.368641
202000029648,30,9,2020,12,1,94,94016,2,2,1,3,BEL AIR (R DU),48.796456,2.324018
202000029649,2,6,2020,19,2,67,67204,2,1,1,3,ALBERT SCHWEITZER (PLACE),48.6219278,7.7673072
202000029650,1,10,2020,14,1,94,94065,2,1,2,4,RN 186,48.7540909,2.3508385
202000029651,30,9,2020,11,1,94,94028,2,9,1,3,POMPADOUR(CARREFOUR),48.774717,2.439222
202000029652,2,6,2020,16,1,67,67482,2,1,1,1,REDOUTE (RUE DE LA),48.5333168,7.7754357
202000029653,1,10,2020,9,1,94,94022,2,1,2,6,ANATOLE FRANCE (AV),48.7625,2.41084
202000029654,1,10,2020,5,3,94,94022,2,1,3,3,ALLIES (BD DES),48.7647,2.40547
202000029655,3,6,2020,13,1,64,64348,2,6,2,3,EUROPE DE L',43.3259,-0.3867
202000029656,29,9,2020,23,5,94,94055,2,2,1,3,PROVINS (RTE DE),48.79554,2.55023
202000029657,29,5,2020,14,1,63,63113,2,2,1,3,République/Michelet,45.7898,3.11068
202000029658,1,10,2020,13,1,93,93078,2,1,1,6,FOUCHET (RUE MAX POL),48.958144,2.5517553
202000029659,3,6,2020,2,5,59,59360,2,1,1,3,JOFFRE RUE DU MARECHAL,50.6165746,3.0051738
202000029660,1,10,2020,18,5,93,93049,2,1,1,3,MEAUX (CHEMIN),48.8634946,2.5144784
202000029661,2,6,2020,16,1,59,59648,2,1,1,6,CLEMENCEAU RUE,50.59843,3.05228
202000029662,3,6,2020,18,1,51,51454,2,3,1,2,Route de Witry,49.2671128,4.0655581
202000029663,1,10,2020,21,5,93,93007,2,1,1,6,"""JEAN JAURES (AVENUE """"DU 01 AU 19"""")""",48.92467,2.47071
202000029664,2,6,2020,17,1,51,51172,2,6,1,2,Boulevard d’Alsace Lorraine,49.2197817,4.0409274
202000029665,28,9,2020,18,1,92,92063,2,1,1,-1,BONAPARTE (AVENUE NAPOLEON) NORD,48.87624,2.17065
202000029666,26,5,2020,17,1,50,50129,2,1,1,7,LEMONNIER (AVENUE AMIRAL),49.63392,-1.60829
202000029667,30,9,2020,19,2,92,92020,2,8,2,6,PARIS AVENUE DE N°2 A82,48.805525,2.290993
202000029668,29,5,2020,18,1,49,49007,2,1,1,6,MAINE,47.47932,-0.54604
202000029669,1,10,2020,10,1,92,92020,2,1,2,2,VERDUN AVENUE DE AUTRES N°,48.7950864,2.2739618
202000029670,29,5,2020,13,1,49,49007,2,1,1,3,ALLONNEAU(AUGUSTE) BOULEVARD,47.4809,-0.5274
202000029671,1,10,2020,15,1,92,92026,2,2,2,2,MARECHAL JOFFRE (QUAI DU),48.90299,2.283522
202000029672,29,5,2020,15,1,49,49007,2,1,1,3,MARCEAU,47.46633,-0.55933
202000029673,1,10,2020,13,1,92,92026,2,1,2,3,LEONARD DE VINCI,48.896839,2.23714
202000029674,29,5,2020,10,1,49,49007,2,1,1,6,BRISSAC,47.46411,-0.55041
202000029675,22,5,2020,11,1,92,92025,2,1,1,6,HENRI BARBUSSE (AV),48.917119,2.252711
202000029676,29,5,2020,11,1,49,49007,2,1,1,2,MONPLAISIR BOULEVARD,47.49122,-0.5288
202000029677,30,5,2020,17,1,49,49007,2,1,1,3,ESTIENNE D'ORVES BOULEVARD,47.45578,-0.52988
202000029678,3,6,2020,13,1,45,45232,2,3,1,4,Rue de Champagne - rue de Bourges,47.8443271,1.9201453
202000029679,3,6,2020,11,1,38,38151,2,1,2,3,Avenue du 8 Mai 1945,45.14518,5.71667
202000029680,3,6,2020,1,5,37,37150,2,1,1,6,D34,47.3832712,0.4245785
202000029681,4,6,2020,0,5,34,34172,2,3,2,3,TOULOUSE (AVENUE DE,43.59522,3.86188
202000029682,1,10,2020,11,1,92,92044,2,2,2,3,CHARLES PASQUA(QUAI) 2 A 30,48.89666,2.27322
202000029683,3,6,2020,20,1,33,33522,2,2,1,3,CRS DE LA LIBERATION / AVE ROUL / AVE MARECHAL LECLERC,44.80686,-0.59175
202000029684,1,10,2020,19,1,92,92012,2,5,1,1,GALLIENI (RUE) 1/53 - 2/48,48.8376,2.2479
202000029685,2,10,2020,16,1,62,62453,1,1,2,6,D133,50.54376,2.20417
202000029686,3,6,2020,11,1,33,33039,2,3,1,2,BD ALBERT 1ER / RUE THERESE ET LAURENT PUYOOU,44.8130519,-0.5625983
202000029687,3,9,2020,14,1,91,91544,1,1,1,6,D49,48.366643,2.139407
202000029688,3,6,2020,10,1,33,33318,2,2,1,2,AVE PASTEUR / RUE ANDRE PUJOL,44.8059318,-0.632586
202000029689,3,6,2020,7,1,31,31555,2,1,1,3,RTE D ESPAGNE,43.5669,1.42497
202000029690,29,9,2020,7,2,57,57604,2,1,2,6,30 Rue de l'Europe,49.448234,6.369871
202000029691,29,9,2020,6,1,972,97212,1,1,1,6,Chemin Flamboyants (cr),14.712048,-61.021537
202000029692,2,6,2020,19,1,22,22278,2,1,1,3,RIBOT (THEODULE),48.5168345,-2.7773738
202000029693,1,10,2020,10,1,21,21247,1,1,2,1,A6,47.4876,4.149023
202000029694,3,6,2020,15,1,22,22113,1,1,1,5,TREGASTEL (ROUTE DE),48.76623,-3.47978
202000029695,3,6,2020,13,1,19,19275,2,2,1,3,CARNOT (AVENUE) N° PAIRS,45.5478716,2.3108497
202000029696,30,8,2020,12,1,87,87177,1,1,1,-1,D32,45.842912,1.095457
202000029697,3,6,2020,6,1,17,17461,1,1,1,7,TOURNESOLS (CHEMIN DES),45.65354,-1.05273
202000029698,1,10,2020,16,1,62,62285,1,1,1,1,D5,50.186324,2.901464
202000029699,2,6,2020,10,1,14,14366,2,3,1,6,SIX JUIN (AVENUE DU),49.1436,0.21982
202000029700,1,10,2020,5,5,51,51030,2,1,1,7,Rue des Carelles (Ay),49.0511352,4.0147916
202000029701,3,6,2020,17,1,13,13209,2,1,1,3,SORMIOU (CHEMIN DE),43.2324,5.4
202000029702,1,10,2020,11,1,19,19273,1,1,8,6,Mathé,45.065792,1.562719
202000029703,1,10,2020,16,1,19,19276,2,1,8,1,Route de Limoges,45.4349,1.564629
202000029704,3,6,2020,7,1,13,13212,2,1,1,3,TREVARESSE (TRAV DE LA) ,43.296677,5.413443
202000029705,28,9,2020,15,1,19,19104,2,3,1,3,Route des Buyses,45.540221,1.580191
202000029706,2,6,2020,15,1,13,13213,2,1,1,3,FRANÇOIS MIGNET (AVENUE),43.329453,5.427871
202000029707,1,10,2020,13,1,80,80815,1,1,9,1,chemin communale 11 vron,50.323094,1.810105
202000029708,2,6,2020,10,1,07,07102,2,1,1,2,MISTRAL (PONT FREDERIC),44.9327,4.88012
202000029709,3,6,2020,10,1,06,06069,2,1,1,3,Route de Cannes,43.63857,6.9504
202000029710,1,10,2020,16,1,82,82124,1,2,1,3,Chemin de Beauvillard,43.997384,1.2536
202000029711,3,6,2020,14,1,06,06027,2,1,1,1,CANNES AVENUE DE (RN7),43.65489,7.14998
202000029712,30,9,2020,18,2,12,12208,2,1,7,6,65 Boulevard de Verdun,43.9580201,2.8833368
202000029713,2,6,2020,17,1,05,05061,1,1,1,3,RN 85,44.59842,6.08381
202000029714,1,10,2020,20,3,25,25413,1,1,2,6,D389,46.691685,6.185599
202000029715,2,6,2020,13,1,05,05061,2,6,1,2,COMMANDANT DUMONT ( AVENUE),44.56381,6.08382
202000029716,21,9,2020,14,1,29,29281,1,1,2,6,Lieu Dit Le Drennec,48.036064,-3.839207
202000029717,30,9,2020,18,1,31,31210,1,1,1,6,route départementale 622,43.39323,1.695542
202000029718,1,6,2020,16,1,05,05061,2,9,1,3,PRE DE FOIRE ( RUE DU ),44.55495,6.0746
202000029719,1,10,2020,19,1,31,31118,1,1,2,2,D820,43.790444,1.3417
202000029720,3,6,2020,15,1,75,75117,2,1,1,4,PORTE D ASNIERES,48.889237,2.296154
202000029721,2,6,2020,18,1,75,75113,2,1,1,3,PORTE D ITALIE,48.817738,2.367338
202000029722,3,6,2020,2,5,75,75113,2,1,1,7,RUE DU JAVELOT,48.825994,2.364543
202000029723,2,10,2020,12,1,72,72316,1,1,1,6,D2,48.318628,0.393502
202000029724,2,6,2020,19,1,75,75113,2,1,1,7,BOULEVARD PERIPHERIQUE INTERIEUR SUD,48.825791,2.386589
202000029725,1,10,2020,22,3,72,72300,1,1,1,6,Route du Cimetière Américain,48.057875,0.35484
202000029726,2,10,2020,15,1,50,50310,1,1,1,5,D900,49.15105,-1.234559
202000029727,2,10,2020,9,1,16,16044,1,1,2,1,Lieu Dit l'Abregement,46.028927,0.280012
202000029728,16,8,2020,17,1,04,04229,1,1,1,7,RD 53,44.159826,5.868137
202000029729,1,10,2020,20,3,988,98805,1,1,1,-1,Pointe Apogoti (Construction),-22.192134,166.442807
202000029730,1,10,2020,11,1,18,18167,1,1,1,-1,A20,47.115934,1.908445
202000029731,2,10,2020,0,3,78,78455,1,1,2,7,Route Nationale 307,48.850872,2.050903
202000029732,2,10,2020,7,2,01,01093,1,1,2,1,,46.138916,4.976087
202000029733,3,6,2020,18,1,75,75120,2,3,1,3,RUE DES PYRENEES,48.871974,2.391876
202000029734,1,10,2020,20,5,68,68297,1,1,2,6,A35,47.575787,7.562199
202000029735,3,6,2020,12,1,75,75120,2,4,1,6,RUE BELGRAND,48.864601,2.405991
202000029736,2,10,2020,15,1,74,74159,1,1,1,7,Pratz,46.001258,6.630351
202000029737,3,6,2020,2,5,75,75120,2,5,1,2,AVENUE GAMBETTA,48.871727,2.404377
202000029738,1,10,2020,2,3,49,49129,1,1,2,6,A11,47.498496,-0.517784
202000029739,2,6,2020,13,1,75,75120,2,3,1,3,RUE D AVRON,48.853337,2.40969
202000029740,2,10,2020,13,1,83,83116,1,1,3,7,D3,43.468182,5.839813
202000029741,3,6,2020,16,1,75,75119,2,7,1,4,AVENUE MATHURIN MOREAU,48.878036,2.370692
202000029742,3,6,2020,12,1,75,75119,2,2,1,3,AVENUE DE LA PORTE DE LA VILLETTE,48.898235,2.386206
202000029743,30,9,2020,11,1,976,97608,2,2,1,3,22 Rue de la Ferme,-12.789151,45.279883
202000029744,3,6,2020,19,1,75,75115,2,3,1,3,RUE LUCIEN BOSSOUTROT,48.836761,2.274074
202000029745,1,10,2020,6,1,971,97116,1,1,8,1,N5,16.323661,-61.413381
202000029746,3,6,2020,2,5,75,75114,2,5,1,3,AVENUE DU MAINE,48.83754,2.322946
202000029747,2,10,2020,18,2,77,77329,1,2,2,3,D225,48.240484,2.809115
202000029748,3,6,2020,12,1,75,75113,2,4,1,3,BOULEVARD DE L HOPITAL,48.83887,2.360996
202000029749,1,10,2020,15,1,34,34113,1,4,1,4,D613,43.484197,3.699657
202000029750,2,10,2020,19,3,84,84003,1,9,3,6,Lieu dit le pont julien,43.879183,5.384964
202000029751,3,6,2020,21,5,75,75105,2,7,3,2,PONT D AUSTERLITZ,48.84423,2.364768
202000029752,2,10,2020,7,1,05,05134,1,1,1,1,N94,44.650284,6.581926
202000029753,3,6,2020,0,5,75,75103,2,3,1,3,RUE DES QUATRE FILS,48.860454,2.359718
202000029754,30,9,2020,16,1,13,13041,2,1,1,1,D46a,43.456002,5.493034
202000029755,2,6,2020,12,1,75,75108,2,2,1,4,AVENUE DES CHAMPS ELYSEES,48.8724,2.299552
202000029756,18,8,2020,14,1,10,10021,2,9,1,3,25 Route de Troyes,48.447186,4.250799
202000029757,3,6,2020,14,1,75,75107,2,2,1,6,AVENUE CHARLES RISLER,48.85541,2.301361
202000029758,3,6,2020,16,1,75,75103,2,5,1,6,RUE SAINT MARTIN,48.864838,2.353322
202000029759,25,9,2020,17,1,68,68309,1,2,2,4,Route départementale 19,47.669267,7.458757
202000029760,1,10,2020,20,5,68,68185,2,2,2,6,17 Rue Clémenceau,48.2708641,7.2812082
202000029761,3,6,2020,12,1,75,75104,2,2,1,6,RUE SAINT ANTOINE,48.853918,2.364845
202000029762,30,9,2020,7,2,54,54150,2,1,8,6,D90,48.794542,6.153401
202000029763,2,10,2020,20,3,73,73135,1,1,3,1,D1006,45.30741,6.345388
202000029764,1,10,2020,15,1,33,33042,1,1,1,1,D1010,44.440475,-0.812581
202000029765,3,6,2020,16,1,94,94044,2,1,1,1,ALBERT GARRY (R),48.755943,2.482132
202000029766,2,10,2020,7,3,50,50230,1,2,3,3,La Bihellerie,49.580988,-1.662068
202000029767,30,9,2020,11,1,14,14228,2,6,1,3,Voie des Alliés,49.294635,-0.377735
202000029768,1,10,2020,17,1,14,14328,1,4,1,3,D513a,49.206635,-0.282136
202000029769,1,10,2020,22,3,27,27232,1,1,1,7,Rue du Chateau,49.29771,1.517138
202000029770,13,8,2020,15,1,27,27287,1,1,3,7,Route de la Bonneville,49.000887,1.015264
202000029771,2,10,2020,11,1,62,62052,1,1,2,6,Route de Warcove,50.8571624,1.6785573
202000029772,26,9,2020,23,5,42,42044,1,1,2,6,RN88,45.395234,4.33438
202000029773,21,9,2020,21,3,57,57194,1,1,1,7,Autoroute A31,49.4219,6.1107
202000029774,1,10,2020,16,1,33,33039,1,1,3,5,ROCADE A 630,44.79416,-0.53971
202000029775,3,6,2020,21,2,94,94038,2,1,3,5,CHEVILLY (R DE),48.7753569,2.3453927
202000029776,29,9,2020,13,1,59,59009,1,1,2,6,ROUTE NATIONALE 227,50.60878,3.131168
202000029777,29,9,2020,20,3,59,59234,1,1,2,6,AUTOROUTE A21,50.402799,3.058544
202000029778,28,9,2020,13,1,59,59009,1,1,2,7,ROUTE NATIONALE 227,50.629392,3.138975
202000029779,3,6,2020,8,2,94,94073,2,3,7,3,GENERAL DE GAULLE (AV DU),48.768705,2.368831
202000029780,1,10,2020,15,1,91,91161,1,1,1,5,AUTOROUTE A6,48.7027,2.3072
202000029781,3,6,2020,19,1,94,94079,2,9,1,3,JEAN MONNET (BD),48.83271,2.534519
202000029782,1,10,2020,17,1,78,78466,1,9,8,2,A13,48.925736,1.997462
202000029783,2,6,2020,20,1,94,94002,2,1,1,-1,ETIENNE DOLET (R),48.79288,2.42556
202000029784,1,10,2020,9,1,78,78571,1,1,3,2,A13,48.87754,2.01981
202000029785,2,6,2020,8,1,93,93049,2,9,1,3,CHE DE MEAUX / R DU 8 MAI 1945,48.862752,2.5121913
202000029786,1,10,2020,8,1,78,78571,1,1,2,2,A13,48.870318,2.028953
202000029787,30,9,2020,21,3,95,95241,1,1,1,2,RN 104,49.05555,2.42339
202000029788,1,10,2020,12,1,93,93078,1,1,1,7,AUTOROUTE A104,48.9635,2.5216
202000029789,3,6,2020,15,1,93,93048,2,2,1,3,R DE ROSNY / BD DE LA BOISSIERE,48.8712,2.4709
202000029790,1,10,2020,19,1,94,94018,1,1,1,-1,A4,48.8192054,2.4067968
202000029791,3,6,2020,10,1,93,93031,2,3,1,3,AV JEAN JAURES / R DE L'AVENIR,48.9584372,2.3259668
202000029792,1,10,2020,8,1,77,77373,1,1,2,4,RN104,48.765107,2.614843
202000029793,30,9,2020,20,5,94,94042,1,1,8,4,A4,48.827774,2.471538
202000029794,3,6,2020,18,1,93,93010,2,2,1,3,GALLIENI (AV.) DE 188 A 230,48.906969,2.4886241
202000029795,30,9,2020,14,1,94,94081,1,1,1,-1,A86 INT,48.77371,2.40201
202000029796,2,6,2020,16,1,93,93010,1,1,1,6,GALLIENI (AV.) CONFORAMA 53,48.9055963,2.476542
202000029797,30,9,2020,20,5,974,97411,2,2,1,3,JAURES (BLD 1 JEAN),-20.8885,55.44542
202000029798,30,9,2020,7,1,974,97411,1,3,1,6,Rue Saint Jacques,-20.882106,55.459389
202000029799,30,9,2020,18,2,69,69387,2,2,1,1,DOMER                               (R ),45.74764,4.85024
202000029800,30,9,2020,15,1,69,69386,2,2,1,3,DUQUESNE                            (R ),45.77249,4.84308
202000029801,30,9,2020,14,1,69,69386,2,1,1,6,ACHILLE LIGNON                      (AL),45.78264,4.85024
202000029802,30,9,2020,14,1,69,69383,2,1,1,2,EUGENIE                             (CO),45.74283,4.88808
202000029803,3,6,2020,10,1,92,92051,2,1,1,6,"CHARLES DE GAULLE (AVENUE, N° 18 A 116)",48.8826,2.2681
202000029804,2,6,2020,9,1,92,92020,2,3,7,6,VANVES BOULEVARD DE N° PAIRS,48.805928,2.286564
202000029805,3,6,2020,7,1,92,92062,2,1,1,2,DE DION BOUTON (QUAI) DU 29 AU 65,48.883104,2.248354
202000029806,31,5,2020,20,1,92,92024,2,3,1,3,MARTRE DE (4 A 54),48.8995598,2.3092693
202000029807,3,6,2020,6,1,92,92024,2,2,8,3,MARTRE DE (4 A 54),48.90088,2.30803
202000029808,2,6,2020,14,1,92,92024,2,2,1,4,DOCTEUR EMILE ROUX (RUE DU),48.8977664,2.3078544
202000029809,3,6,2020,14,1,92,92007,2,2,1,3,BRIAND (AVENUE ARISTIDE) N° 100 A 160,48.796276,2.321758
202000029810,3,6,2020,23,5,92,92004,2,7,3,6,REPUBLIQUE ( PLACE DE LA ),48.9254348,2.2806338
202000029811,3,6,2020,20,2,33,33191,2,2,1,-1,Lieu Dit Cousseau,45.011149,0.026827
202000029812,3,6,2020,17,1,31,31035,2,1,1,6,Chemin de la Barriére,43.532348,1.477452
202000029813,13,10,2020,15,1,59,59350,2,1,2,6,CANNES RUE DE,50.60654,3.04507
202000029814,12,10,2020,17,1,05,05061,2,1,1,3,GEORGES POMPIDOU ( BD),44.556356,6.07929
202000029815,11,6,2020,10,1,94,94043,2,3,7,6,CONVENTION (R DE LA),48.8121,2.35689
202000029816,14,12,2020,21,5,974,97411,2,1,1,6,LECONTE DE LISLE (AVENUE),-20.89604,55.49113
202000029817,14,12,2020,3,5,973,97302,2,6,9,7,REPUBLIQUE (BD DE LA),4.9380449,-52.3226881
202000029818,14,12,2020,18,5,69,69259,2,2,1,6,BOULEVARD YVES FARGE,45.6954432,4.8591068