Num_Acc,jour,mois,an,hr,condition_eclairage,departement,commune,condition_agglomeration,intersection,condition_atmosphere,type_collision,adresse,lattitude,longitude
202000029819,14,12,2020,15,1,69,69388,2,3,1,2,LEA ET NAPOLEON BULLUKIAN  (R ),45.74128,4.87938
202000029820,14,12,2020,12,1,2B,2B120,2,1,1,3,11 - RT,42.6583,9.44171
202000029821,14,12,2020,8,1,2B,2B033,2,6,1,6,GIRAUD - BD GENERAL,42.69573,9.44654
202000029822,15,12,2020,0,5,95,95585,2,6,2,6,PEGUY (AVENUE CHARLES ),48.9812204,2.3744255
202000029823,14,12,2020,14,1,95,95680,2,1,2,3,PARIS (RUE DE),49.00448,2.38206
202000029824,14,12,2020,21,5,95,95219,2,1,2,6,GARE (RUE DE LA),48.980094,2.270013
202000029825,14,12,2020,21,3,95,95218,2,2,3,2,JACQUES DUCLOS (BOULEVARD),49.02091,2.10047
202000029826,13,12,2020,17,5,91,91549,1,1,2,2,AUGUSTIN FRESNEL (AVENUE),48.62438,2.35024
202000029827,14,12,2020,16,2,91,91421,1,1,1,2,NATIONALE 6 (CES POMPIDOU),48.69263,2.45001
202000029828,13,12,2020,16,1,89,89024,2,2,1,6,REPUBLIQUE (QUAI DE LA),47.7953695,3.5777935
202000029829,12,12,2020,12,1,87,87085,2,3,1,3,LECLERC (AVENUE DU GENERAL),45.84572,1.26051
202000029830,13,12,2020,8,1,83,83069,1,1,1,2,GIENS (ROUTE DE ),43.06869,6.14724
202000029831,14,12,2020,7,2,81,81065,1,1,8,1,ALBI (RD612 - RTE D'),43.6629,2.22702
202000029832,13,12,2020,5,4,81,81033,2,4,8,6,RD 90,44.0376017,2.1276846
202000029833,14,12,2020,18,2,81,81004,2,1,2,1,THOMAS (AV ALBERT),43.9353936,2.1461642
202000029834,13,12,2020,2,5,76,76540,2,2,1,7,GANTERIE. RUE,49.44385,1.09248
202000029835,13,12,2020,9,1,76,76322,2,1,1,6,PAINLEVE. RUE PAUL,49.40625,1.06082
202000029836,13,12,2020,17,5,76,76486,2,1,1,6,CORNEILLE. RUE PIERRE ET THOMAS,49.30448,0.99267
202000029837,14,12,2020,8,1,76,76351,2,1,1,2,LENINGRAD (BD DE),49.50035,0.17734
202000029838,13,12,2020,21,3,76,76341,1,1,2,6,RD 6382,49.5141789,0.193779
202000029839,12,12,2020,11,1,74,74133,2,1,2,4,INDUSTRIE (RUE DE L'),46.18339,6.21571
202000029840,13,12,2020,10,1,69,69029,2,6,1,3,PIERRE MENDES FRANCE                (AV),45.7246629,4.9151314
202000029841,11,12,2020,9,1,69,69256,2,1,3,6,GEORGES DIMITROV                    (AV),45.77835,4.92909
202000029842,14,12,2020,8,2,67,67482,2,1,1,3,PLAINE DES BOUCHERS (RUE DE LA),48.5692585,7.7367225
202000029843,11,12,2020,14,1,67,67447,2,8,2,3,Carrefour Rue de la Glacière Avenue Pierre Mendès-France,48.6047078,7.7589978
202000029844,12,12,2020,9,1,66,66141,1,1,1,6,R D 900,42.75365,2.89564
202000029845,14,12,2020,18,4,64,64284,1,1,1,4,18 JUIN 1940 DU,43.28949,-0.40292
202000029846,13,12,2020,17,5,64,64102,2,3,1,3,SOULT (AVENUE MARECHAL),43.48401,-1.49927
202000029847,13,12,2020,15,1,63,63113,2,1,1,3,KENNEDY (BD J.F.),45.8033432,3.119305
202000029848,12,12,2020,14,1,63,63113,2,1,1,2,BERGOUGNAN (AVENUE RAYMOND),45.78438,3.06693
202000029849,11,12,2020,16,1,63,63113,2,2,1,3,POURCHON (BD MAURICE),45.7925659,3.091635
202000029850,10,12,2020,18,5,59,59230,2,3,1,-1,CLEMENCEAU (AVENUE),50.259993,3.998386
202000029851,10,12,2020,15,1,59,59211,2,1,1,7,BLANCHE POULE (RUE DE LA),50.37556,3.01388
202000029852,11,12,2020,16,2,59,59178,2,1,2,6,LAMBRES (RUE DE),50.36069,3.07551
202000029853,14,12,2020,7,2,57,57463,2,1,1,3,THIONVILLE (ROUTE DE ),49.13468,6.16997
202000029854,11,12,2020,12,1,56,56098,2,4,1,2,JAURES (RUE  JEAN ),47.76314,-3.36197
202000029855,13,12,2020,6,5,54,54395,2,3,1,3,STRASBOURG (AVENUE DE),48.6812815,6.193513
202000029856,14,12,2020,12,1,50,50218,2,1,8,6,PONT JACQUES (VOIE DU),48.83698,-1.59875
202000029857,10,12,2020,17,2,49,49099,2,1,1,3,Rue de l’Anjou,47.07787,-0.8389
202000029858,30,11,2020,9,1,44,44109,2,6,1,-1,BOULEVARD MICHELET,47.23305,-1.55641
202000029859,14,12,2020,21,3,35,35238,2,6,2,6,LEBON (PHILIPPE),48.10378,-1.69968
202000029860,14,12,2020,21,5,33,33063,2,2,1,3,AVE DES TROIS CARDINAUX,44.88795,-0.55725
202000029861,14,12,2020,16,1,33,33063,2,9,1,3,RUE GENERAL DE LARMINAT,44.83333,-0.59775
202000029862,14,12,2020,14,1,33,33063,2,1,1,3,RTE DE TOULOUSE,44.812115,-0.573644
202000029863,14,12,2020,8,1,33,33063,2,1,1,3,BD ALFRED DANEY,44.86764,-0.57163
202000029864,14,12,2020,8,2,33,33069,2,3,1,3,AVE VICTOR HUGO,44.86864,-0.59186
202000029865,10,12,2020,11,1,32,32013,2,1,3,7,ALSACE (AVENUE),43.6488114,0.5902083
202000029866,13,12,2020,13,1,31,31555,2,1,1,3,RUE DU FAUBOURG BONNEFOY,43.61598,1.45319
202000029867,13,12,2020,8,1,31,31555,1,1,1,2,VA007331 A620,43.59682,1.39721
202000029868,11,12,2020,17,5,31,31555,2,1,2,2,AV HONORE SERRES,43.61415,1.43791
202000029869,10,12,2020,18,5,31,31149,2,9,2,6,AV YVES BRUNAUD,43.61561,1.34307
202000029870,14,12,2020,8,2,29,29232,2,1,2,2,Boulevard Dupleix,47.9950031,-4.098457
202000029871,14,12,2020,17,5,18,18279,2,1,1,2,Av H Brisson après le Pont SNCF,47.22736,2.06131
202000029872,11,12,2020,8,5,16,16102,2,1,3,5,Giratoire de Crouin,45.693727,-0.347854
202000029873,14,12,2020,20,5,13,13208,2,1,1,3,PRADO (AVENUE DU),43.2715171,5.3901564
202000029874,14,12,2020,16,1,13,13075,2,1,1,6,GEORGES POMPIDOU (AVE),43.341715,5.465104
202000029875,14,12,2020,15,1,13,13214,2,2,8,3,FONTAINIEU (CHEMIN DE),43.347357,5.378431
202000029876,14,12,2020,8,1,13,13202,2,1,1,-1,JOLIETTE (QUAI DE LA),43.303,5.36
202000029877,12,12,2020,13,1,11,11262,2,1,1,2,FRANCE (AVENUE ANATOLE),43.18745,2.99008
202000029878,12,12,2020,17,5,11,11069,2,1,2,7,Rue de la Liberte,43.2157,2.3506
202000029879,13,12,2020,11,1,10,10357,2,1,1,-1,GENERAL DE GAULLE (RUE DU),48.29711,4.13235
202000029880,14,12,2020,7,1,06,06088,2,1,1,6,SAINT-LAMBERT (AV.) (JUSQU'AU N° 112),43.7178,7.263036
202000029881,14,12,2020,13,1,06,06069,2,1,1,7,"JEU DE BALLON (BOULEVARD, IMPASSE ET TRA",43.6667,6.9167
202000029882,11,12,2020,12,1,05,05061,2,1,4,2,LOUIS COMTE ( RUE ),44.554019,6.07126
202000029883,14,12,2020,18,2,75,75120,2,4,1,3,BOULEVARD PERIPHERIQUE,48.868826,2.413267
202000029884,14,12,2020,17,5,75,75118,2,3,2,6,BOULEVARD NEY,48.89868,2.368399
202000029885,14,12,2020,16,1,75,75115,2,1,1,6,QUAI ANDRE CITROEN,48.844772,2.275646
202000029886,13,12,2020,22,5,75,75115,2,2,2,3,RUE LABROUSTE,48.833882,2.308113
202000029887,14,12,2020,12,1,75,75113,2,2,8,3,AVENUE DE LA PORTE DE VITRY,48.824086,2.376931
202000029888,14,12,2020,16,1,75,75112,2,2,2,6,AVENUE DU GENERAL MICHEL BIZOT,48.840885,2.404702
202000029889,14,12,2020,15,1,75,75112,2,1,1,3,RUE DE LYON,48.850865,2.370167
202000029890,13,12,2020,15,1,75,75112,2,2,2,2,RUE DE REUILLY,48.847344,2.386785
202000029891,13,12,2020,13,1,75,75112,2,3,1,5,RUE DE CHARENTON,48.83255,2.396565
202000029892,14,12,2020,13,1,75,75111,2,1,8,6,BOULEVARD JULES FERRY,48.867522,2.368638
202000029893,14,12,2020,14,1,75,75110,2,1,2,3,AVENUE CLAUDE VELLEFAUX,48.874994,2.370333
202000029894,14,12,2020,7,1,75,75108,2,7,2,3,ROND POINT CHAMPS ELYSEES MARCEL DASSAUL,48.868819,2.310131
202000029895,14,12,2020,7,5,75,75107,2,2,1,3,QUAI BRANLY,48.860581,2.295548
202000029896,13,12,2020,11,1,75,75115,2,2,1,6,QUAI ANDRE CITROEN,48.849355,2.281578
202000029897,14,12,2020,13,1,75,75102,2,4,2,7,RUE D ABOUKIR,48.868146,2.348318
202000029898,14,12,2020,12,1,75,75103,2,3,2,3,RUE DE TURENNE,48.85709,2.364462
202000029899,14,12,2020,14,1,94,94081,2,1,1,6,MOULIN DE SAQUET (AV DU),48.79211,2.38619
202000029900,14,12,2020,17,5,94,94080,2,9,2,3,SOLIDARITE (R DE LA),48.853,2.44
202000029901,14,12,2020,18,5,94,94076,2,2,1,6,Avenue Paul Vaillant-Couturier,48.794504,2.358312
202000029902,14,12,2020,17,5,94,94076,2,1,8,7,CHEVILLY (R DE),48.784318,2.354547
202000029903,14,12,2020,13,1,94,94076,2,1,2,6,CHEVILLY (R DE),48.785986,2.354319
202000029904,13,12,2020,15,1,94,94041,2,1,2,3,GEORGES GOSNAT (AV),48.81276,2.38727
202000029905,13,12,2020,19,4,94,94073,2,9,2,6,BD DU NORD,48.75811,2.36998
202000029906,12,12,2020,20,5,94,94028,2,1,2,2,VERDUN (AV DE),48.7942,2.46187
202000029907,14,12,2020,18,5,94,94022,2,1,2,6,Avenue Raymond Poincaré,48.76429,2.39987
202000029908,14,12,2020,7,2,94,94071,2,1,9,3,ALBERT DRU (R),48.76371,2.52445
202000029909,14,12,2020,16,1,93,93072,2,1,2,6,ARISTIDE BRIAND (AVENUE) COTE DES N°1A87,48.96277,2.37898
202000029910,14,12,2020,15,1,93,93066,2,2,2,3,LENINE (AVENUE) NR 2 A 26,48.94083,2.36688
202000029911,14,12,2020,9,1,93,93064,2,3,2,3,A86 / AV DU GENERAL DE GAULLEFIN,48.88177,2.4763
202000029912,13,12,2020,9,2,93,93015,2,1,2,2,STRATEGIQUE ROUTE,48.9244943,2.5741375
202000029913,14,12,2020,9,1,93,93027,2,8,8,3,PL DE L'ARMISTICE,48.929665,2.385544
202000029914,30,11,2020,8,5,92,92063,2,3,1,6,PLANTES (RUE DES),48.8660215,2.1869097
202000029915,14,12,2020,0,5,92,92051,2,1,2,6,"CHARLES DE GAULLE (AVENUE, N°27 A 129)",48.8824377,2.2674403
202000029916,14,12,2020,15,1,92,92050,2,3,2,3,DANSE ALLEE DE LA,48.89521,2.22176
202000029917,14,12,2020,19,5,92,92020,2,1,1,2,VERDUN AVENUE DE AUTRES N°,48.801991,2.3199174
202000029918,13,12,2020,14,1,92,92049,2,2,1,3,BROSSOLETTE AVENUE PIERRE,48.81765,2.30792
202000029919,14,12,2020,6,5,92,92023,2,1,1,7,CLAUDE TREBIGNAUD (AVENUE) BOIS S102,48.80016,2.25442
202000029920,15,12,2020,16,1,62,62100,2,1,1,2,Rue du 21 Mai 1940,50.423185,1.894197
202000029921,8,12,2020,15,1,51,51141,1,1,2,7,N44,48.8421051,4.510258
202000029922,15,12,2020,7,3,28,28403,1,1,3,2,A11,48.378245,1.481985
202000029923,15,12,2020,8,1,71,71543,1,1,3,2,"Autoroute A6, PK 356+600, sens LYON/PARIS",46.5745445,4.8975903
202000029924,14,12,2020,14,1,71,71576,1,1,1,7,A6,46.523239,4.916543
202000029925,15,12,2020,10,1,52,52163,1,1,2,6,A31 PK 132+550,47.953231,5.437117
202000029926,15,12,2020,14,1,01,01285,2,2,8,3,Chemin des Varennes,45.910764,4.81876
202000029927,12,12,2020,8,1,974,97414,2,6,1,6,125 Avenue du Docteur Raymond Verges,-21.287285,55.408865
202000029928,14,12,2020,21,5,51,51388,2,1,2,7,Quartier Mangin,49.1280233,4.3701395
202000029929,14,12,2020,14,1,30,30209,1,1,1,1,D377,43.986029,4.774203
202000029930,15,12,2020,4,3,30,30288,1,1,1,6,Route Nationale 86,44.191563,4.623817
202000029931,13,12,2020,19,3,40,40200,1,1,1,6,Avenue Antoine Duluc,44.410256,-0.752167
202000029932,15,12,2020,4,3,61,61429,1,1,2,2,N12,48.66426,0.776864
202000029933,14,12,2020,7,3,61,61404,1,1,2,6,D932,48.53437,0.516483
202000029934,14,12,2020,16,2,68,68258,2,2,1,4,D2,47.834592,7.302226
202000029935,11,12,2020,5,3,25,25122,1,1,5,7,d72,46.95574,6.161184
202000029936,15,12,2020,19,5,02,02173,2,6,1,3,Rue de la Paix,49.615048,3.215899
202000029937,1,12,2020,21,3,70,70187,1,1,1,7,D9,47.553639,6.591657
202000029938,15,12,2020,14,1,14,14578,1,1,1,2,D74,49.367032,0.142608
202000029939,14,12,2020,11,1,14,14369,1,1,1,6,D972,49.153131,-0.939546
202000029940,14,12,2020,17,3,09,09265,2,1,1,3,"RD 11 , rue Jules Guesde",43.080927,1.623728
202000029941,14,12,2020,20,3,21,21472,1,1,2,6,D974,47.565961,5.214472
202000029942,15,12,2020,8,1,17,17410,2,3,2,3,Les Blanchards,45.377322,-0.678781
202000029943,15,12,2020,10,1,23,23160,1,1,2,1,Départementale 27,46.097936,2.460916
202000029944,9,12,2020,17,5,69,69244,2,1,1,2,36 Avenue du 11 Novembre 1918,45.763615,4.765267
202000029945,11,12,2020,16,1,987,98715,2,9,1,3,Rt1,-17.550416,-149.598212
202000029946,13,12,2020,7,3,45,45154,1,1,1,6,A10 - PK 85+900 direction PARIS,48.016138,1.843429
202000029947,14,12,2020,11,1,971,97103,2,1,1,6,Rue Georges Sheikboudhou,16.241092,-61.593819
202000029948,15,12,2020,13,1,976,97608,2,1,1,6,53 rue bambao,-12.78659,45.270184
202000029949,13,12,2020,23,3,973,97311,1,1,1,6,Avenue Jean Galmot D9 PK 7.5,5.527998,-53.950853
202000029950,15,12,2020,3,3,28,28064,2,2,2,3,Rue de la Bois Verdrie,48.801267,1.502177
202000029951,14,12,2020,16,3,28,28073,1,1,8,6,D19,48.499598,1.63821
202000029952,13,12,2020,16,1,77,77309,2,2,8,2,nationale 330,49.009825,2.836876
202000029953,14,12,2020,8,1,34,34213,1,1,2,5,D2e5,43.4722523,3.6797412
202000029954,14,12,2020,18,5,84,84129,2,1,1,1,Boulevard Salvador Allende,44.003249,4.879963
202000029955,13,12,2020,4,5,73,73213,2,2,2,3,D1006 carrefour du roc noir,45.565108,5.967057
202000029956,11,12,2020,18,2,69,69072,1,1,2,2,Ancienne Route Nationale 7,45.81086,4.73043
202000029957,14,12,2020,20,3,09,09212,1,1,2,7,Le Pleich,43.019027,1.323037
202000029958,15,12,2020,19,3,16,16359,1,1,1,1,Route de la Chagnée,45.611962,-0.369818
202000029959,14,12,2020,22,3,86,86210,1,1,3,6,D147,47.133359,0.055629
202000029960,11,12,2020,12,1,33,33211,2,2,2,3,D2,45.015124,-0.639541
202000029961,14,12,2020,18,5,76,76475,2,6,2,3,D6014,49.402453,1.160967
202000029962,15,12,2020,19,3,62,62721,1,1,5,6,D190,50.674212,2.316883
202000029963,12,9,2020,19,1,13,13211,1,1,1,5,A50-Sens Aubagne vers Marseille,43.29193,5.452
202000029964,10,12,2020,14,1,13,13216,1,1,1,6,A55-Sens Martigues vers Marseille,43.34,5.34
202000029965,14,12,2020,14,1,69,69388,1,1,1,6,RD383  ,45.72106,4.88365
202000029966,14,12,2020,18,1,33,33318,1,1,1,4,ROCADE A 630,44.78768,-0.63869
202000029967,14,12,2020,17,3,33,33039,1,1,1,4,ROCADE A 630,44.799487,-0.535841
202000029968,14,12,2020,18,5,33,33550,1,1,1,4,ROCADE A 630,44.78084,-0.57977
202000029969,13,12,2020,16,1,59,59378,1,1,2,6,AUTOROUTE A22,50.676488,3.113661
202000029970,12,12,2020,21,3,59,59501,1,1,1,5,AUTOROUTE A 21,50.374108,3.242625
202000029971,8,12,2020,13,1,59,59234,1,1,2,6,AUTOROUTE A21,50.403242,3.049914
202000029972,4,12,2020,19,3,59,59043,1,1,1,5,AUTOROUTE A25,50.725691,2.727417
202000029973,13,11,2020,22,3,59,59350,1,1,2,6,ROUTE NATIONALE 356,50.6211218,3.0823785
202000029974,14,12,2020,3,3,91,91521,1,1,1,6,RN 104,48.631974,2.400724
202000029975,14,12,2020,7,3,92,92050,1,1,2,3,A86,48.9168219,2.2215391
202000029976,12,12,2020,22,5,75,75116,1,1,1,7,A13Y,48.848406,2.249327
202000029977,13,12,2020,13,1,95,95212,1,1,1,7,RN 104,49.02916,2.53033
202000029978,12,12,2020,21,3,95,95018,1,1,2,6, A15,48.96347,2.2682
202000029979,12,12,2020,22,3,95,95491,1,1,1,2,A115,49.0063532,2.243659
202000029980,12,12,2020,17,3,95,95394,1,1,1,3,RN 184,49.05222,2.15812
202000029981,30,11,2020,17,1,974,97411,2,1,1,1,LECLERC (DU MARECHAL),-20.88177,55.4603
202000029982,13,12,2020,17,5,69,69387,2,2,1,3,JEAN JAURES                         (AV),45.74373,4.84102
202000029983,13,12,2020,15,1,69,69383,2,2,1,3,VOLTAIRE                            (R ),45.75837,4.84865
202000029984,13,12,2020,17,2,2B,2B033,2,1,1,1,VEZZANI - RUE CESAR,42.68849,9.44679
202000029985,10,12,2020,11,1,95,95555,2,1,1,6,ALBRECHT (RUE BERTHIE),48.9658396,2.2838205
202000029986,12,12,2020,9,1,83,83061,2,1,9,6,RUE DU DOCTEUR DONNADIEU,43.43308,6.7544
202000029987,13,12,2020,19,5,78,78517,2,2,2,3,CLEMENCEAU (RUE GEORGES),48.64455,1.824718
202000029988,13,12,2020,10,1,59,59378,2,6,1,3,NATIONALE RUE,50.662916,3.075051
202000029989,12,12,2020,16,1,47,47027,2,6,2,6,BORDEAUX (avenue de),44.4034826,0.6774975
202000029990,13,12,2020,17,5,42,42095,2,1,2,3,Rue Dorian,45.3913922,4.2748088
202000029991,13,12,2020,1,3,37,37233,2,1,1,7,LOIRE (LEVEE DE LA),47.4024613,0.7521692
202000029992,13,12,2020,13,1,37,37122,2,1,2,7,JAURES (BOULEVARD JEAN),47.3494148,0.6676769
202000029993,13,12,2020,18,5,30,30189,2,2,1,3,SAINT GILLES (ROUTE),43.81274,4.37058
202000029994,13,12,2020,17,5,30,30189,2,1,1,3,MENDES FRANCE PIERRE (AVENUE),43.82566,4.37789
202000029995,12,12,2020,11,1,17,17200,2,2,1,3,HUIT MAI 1945   AVENUE DU,46.18303,-1.15232
202000029996,13,12,2020,17,5,13,13211,2,1,1,3,BARASSE,43.2862116,5.4769331
202000029997,12,12,2020,11,1,13,13211,2,6,1,2,JEAN LOMBARD (AVENUE),43.2893246,5.4377567
202000029998,10,12,2020,17,5,75,75118,2,4,1,2,PORTE DE LA CHAPELLE,48.900899,2.36375
202000029999,13,12,2020,21,5,75,75112,2,2,2,3,COURS DE VINCENNES,48.847005,2.41124
202000030000,13,12,2020,19,5,75,75119,2,2,2,3,AVENUE DE FLANDRE,48.89238,2.378989
202000030001,13,12,2020,6,5,75,75118,2,2,1,3,RUE MARCADET,48.891206,2.343636
202000030002,12,12,2020,10,1,75,75116,2,4,1,2,AVENUE DODE DE LA BRUNERIE,48.836393,2.25683
202000030003,13,12,2020,22,5,75,75113,2,3,3,7,BOULEVARD KELLERMANN,48.820611,2.355631
202000030004,13,12,2020,21,4,94,94073,2,9,2,1,LUXEMBOURG (AV DU),48.75811,2.36998
202000030005,12,12,2020,22,5,94,94073,2,9,2,3,VERSAILLES (AV DE),48.7590769,2.3956721
202000030006,13,12,2020,16,1,94,94033,2,9,2,3,VERDUN (BD DE),48.85407,2.46915
202000030007,14,1,2020,14,1,33,33522,2,4,1,3,Route de Toulouse,44.810653,-0.573926
202000030008,14,1,2020,13,1,31,31555,1,1,1,6,A621 (SEPT DENIERS-ANCELY),43.62526,1.41081
202000030009,13,1,2020,19,3,31,31555,2,1,1,3,BD MATABIAU,43.615388,1.440989
202000030010,13,1,2020,17,5,31,31555,2,1,1,6,AV DES ETATS UNIS,43.657068,1.420679
202000030011,13,1,2020,18,5,29,29232,2,1,2,6,Rue de Pont-l'Abbe,47.99032,-4.11237
202000030012,13,1,2020,7,5,29,29019,1,1,2,4,D112 ,48.4277079,-4.4748746
202000030013,12,1,2020,17,2,29,29019,2,2,1,1,Boulevard Montaigne,48.39973,-4.48602
202000030014,13,1,2020,16,1,22,22278,2,2,2,1,BLANQUI (AUGUSTE),48.49907,-2.75
202000030015,10,1,2020,7,3,18,18033,1,1,2,6,D15E,47.04475,2.4233
202000030016,14,1,2020,21,5,13,13209,2,1,1,2,SAINTE MARGUERITE (BOULEVARD),43.266864,5.408089
202000030017,5,1,2020,17,1,13,13002,2,1,1,3,ANGE MARTIN  (BOULEVARD),43.33303,5.46165
202000030018,12,1,2020,1,5,13,13211,2,1,1,2,SAINT MARCEL (BOULEVARD DE ),43.2867897,5.4672391
202000030019,14,1,2020,14,1,13,13214,2,9,1,3,MAHOUBI TIR ,43.33352,5.39628
202000030020,13,1,2020,10,1,13,13207,2,1,1,6,CATALANS (RUE DES),43.291799,5.355778
202000030021,13,1,2020,18,5,13,13063,2,1,1,1,QUENOUILLE RUE DE LA,43.5904082,4.9940211
202000030022,12,1,2020,12,1,13,13005,2,1,1,6,SALENGRO (AVENUE ROGER),43.30035,5.56957
202000030023,14,1,2020,18,3,10,10081,2,1,1,2,PRESIDENT RENE COTY,48.32523,4.03045
202000030024,14,1,2020,18,5,10,10387,2,1,1,3,ROBERT SCHUMANN (RUE),48.30962,4.0973
202000030025,14,1,2020,9,1,09,09122,2,6,7,3,ESPAGNE (ROUTE D'),42.94909,1.62551
202000030026,9,1,2020,14,1,08,08409,2,7,3,3,PASTEUR (AVENUE),49.69664,4.92962
202000030027,14,1,2020,9,1,06,06069,2,1,1,6,ROUQUIER (BOULEVARD EMMANUEL),43.64433,6.94105
202000030028,14,1,2020,13,1,06,06029,2,1,1,3,PERIER (BOULEVARD DU),43.55272,7.02816
202000030029,12,1,2020,14,1,06,06027,2,1,1,1,PLAGE BOULEVARD DE LA,43.65775,7.17033
202000030030,9,1,2020,11,1,06,06027,2,9,1,3,TRAVAILS CHEMIN DES,43.66761,7.13966
202000030031,13,1,2020,8,1,05,05061,2,1,1,3,EMILE FABRE (COURS  ),44.56106,6.07723
202000030032,10,1,2020,11,1,03,03190,2,1,8,6,rue des Geais n° 24,46.5739156,3.3341585
202000030033,9,1,2020,13,1,03,03185,2,1,1,6,avenue Jules Ferry,46.3410213,2.5991395
202000030034,13,1,2020,19,2,75,75114,2,4,8,3,BD PERIPHERIQUE EXTERIEUR,48.8239825,2.3077172
202000030035,13,1,2020,17,5,75,75103,2,1,2,1,RUE DE TURENNE,48.859759,2.364543
202000030036,14,1,2020,14,1,75,75120,2,7,8,6,PLACE GAMBETTA,48.865062,2.398324
202000030037,14,1,2020,9,1,75,75119,2,1,8,3,AVENUE MATHURIN MOREAU,48.878138,2.371781
202000030038,14,1,2020,19,5,75,75118,2,3,1,3,AVENUE DE CLICHY,48.8866059,2.32601
202000030039,14,1,2020,16,1,75,75118,2,2,8,6,RUE DE LA CHAPELLE,48.898533,2.359
202000030040,14,1,2020,9,1,75,75117,2,3,1,6,AVENUE DE LA GRANDE ARMEE,48.8768322,2.2854737
202000030041,14,1,2020,19,5,75,75116,2,7,1,6,BOULEVARD MURAT,48.8453478,2.2575268
202000030042,14,1,2020,7,2,75,75116,2,1,1,3,BOULEVARD DE L AMIRAL BRUIX,48.876588,2.282576
202000030043,13,1,2020,18,2,75,75116,2,2,2,5,ALLEE DE LA REINE MARGUERITE,48.858564,2.244887
202000030044,13,1,2020,5,5,75,75116,2,1,1,3,AVENUE DE L HIPPODROME,48.857971,2.252696
202000030045,14,1,2020,20,5,75,75110,2,1,1,3,RUE DE CHABROL,48.876713,2.354202
202000030046,14,1,2020,2,5,75,75110,2,1,1,2,RUE DU BUISSON SAINT LOUIS,48.8735109,2.3749363
202000030047,14,1,2020,18,5,75,75109,2,1,1,6,BOULEVARD MONTMARTRE,48.8717602,2.3413842
202000030048,14,1,2020,13,1,75,75108,2,7,1,6,PLACE DE LA CONCORDE,48.8641413,2.3203214
202000030049,14,1,2020,11,1,75,75103,2,1,1,6,RUE DES FRANCS BOURGEOIS,48.857907,2.3601978
202000030050,14,1,2020,10,1,75,75101,2,7,1,2,RUE DE RIVOLI,48.8624209,2.3362356
202000030051,14,1,2020,9,1,94,94046,2,2,1,1,Avenue de la République,48.8105396,2.4565286
202000030052,14,1,2020,7,2,94,94076,2,2,1,6,DALOU (VOI),48.78348,2.37174
202000030053,14,1,2020,16,1,94,94073,2,1,1,5,DOCTEUR MARIE (R DU),48.74558,2.36944
202000030054,13,1,2020,17,2,94,94028,2,1,1,6,LAFERRIERE(AVENUE),48.80067,2.45681
202000030055,14,1,2020,14,1,94,94019,2,3,1,3,LIBERATION (RTE DE LA),48.80065,2.54222
202000030056,14,1,2020,9,1,94,94002,2,1,1,6,FLORE (R DE),48.7969239,2.4221406
202000030057,14,1,2020,20,5,93,93078,2,9,6,6,GARE (AVENUE DE LA),48.9457753,2.5646478
202000030058,14,1,2020,8,1,93,93073,1,1,1,3,CHAPIT RE ( RUE DU),49.00341,2.53677
202000030059,14,1,2020,7,2,93,93066,2,3,1,3,POTTIER EUGENE,48.9480525,2.3539255
202000030060,13,1,2020,22,5,93,93031,2,3,1,3,BD FOCH / R DE L'YSER,48.94403,2.33816
202000030061,14,1,2020,21,5,93,93014,2,1,2,2,ALL DE GAGNY,48.90277,2.54756
202000030062,13,1,2020,8,1,93,93014,2,3,8,6,ALL DE BELLEVUE / AV DE SEVIGNE,48.91316,2.54839
202000030063,13,1,2020,18,5,92,92046,2,1,2,3,RAYMOND DAVID,48.817968,2.294536
202000030064,12,1,2020,10,1,92,92063,2,3,1,3,BONAPARTE (AVENUE NAPOLEON) NORD,48.8684786,2.1484776
202000030065,14,1,2020,10,1,92,92062,2,2,1,3,FRANCE (RUE  ANATOLE) N° 2 AU 20,48.88296,2.23973
202000030066,12,1,2020,23,1,92,92050,1,6,1,3,LENINE VLADIMIR ILITCH AVENUE,48.888274,2.193472
202000030067,14,1,2020,17,5,92,92048,2,1,1,1,AMBROISE PARE (RUE),48.7846308,2.2343834
202000030068,14,1,2020,15,1,92,92026,2,2,1,6,ARISTIDE BRIAND,48.89882,2.256644
202000030069,14,1,2020,6,5,12,12300,2,6,1,3,Route Haute de Farrou,44.381064,2.039755
202000030070,14,1,2020,13,1,62,62177,1,1,8,1,D349,50.4482505,1.8203324
202000030071,14,1,2020,19,5,95,95480,2,1,2,6,Rue de Conti (Pont),49.113691,2.209711
202000030072,14,1,2020,15,1,44,44137,1,1,3,6,N171,47.358948,-2.037711
202000030073,14,1,2020,18,2,40,40200,1,1,1,7,D120,44.367789,-0.755229
202000030074,14,1,2020,18,3,35,35024,2,1,2,6,14 Rue du Mont Saint-michel,48.187143,-1.627892
202000030075,12,1,2020,5,3,59,59331,1,1,1,7,Route d'Happegarbes,50.117703,3.648935
202000030076,10,1,2020,17,1,56,56203,1,2,1,3,Le Corboulo,48.1707491,-3.01567
202000030077,14,1,2020,10,1,76,76013,1,2,2,3,516 Route de Sassetot,49.778835,0.522753
202000030078,15,1,2020,8,1,71,71230,2,1,1,6,Place de l’Eglise,46.5993374,4.0606215
202000030079,14,1,2020,21,3,29,29275,1,2,3,6,La Croix Rouge,48.421176,-3.631103
202000030080,15,1,2020,9,1,29,29160,1,1,8,2,D13 - Route de Bourg-Blanc,48.475531,-4.484686