Num_Acc,jour,mois,an,hr,condition_eclairage,departement,commune,condition_agglomeration,intersection,condition_atmosphere,type_collision,adresse,lattitude,longitude
202000030081,14,1,2020,20,3,38,38095,1,3,1,3,Zone d'Activite la Croisee,45.130491,5.28834
202000030082,15,1,2020,2,3,84,84030,1,1,1,6,RD 974,44.081724,5.108183
202000030083,15,1,2020,7,2,01,01034,2,3,1,6,98 Rue de la République,45.756602,5.686231
202000030084,15,1,2020,16,1,05,05087,1,3,1,3,Route du Boutariq- D937 ,44.55624,5.864461
202000030085,15,1,2020,7,5,16,16132,1,6,1,6,Route de Limoges,45.8939186,0.7867293
202000030086,14,1,2020,13,1,53,53030,1,2,2,3,D20,47.955037,-0.623864
202000030087,13,1,2020,18,5,88,88488,2,2,8,2,Route Departementale 165,48.191987,6.092407
202000030088,13,1,2020,6,2,68,68066,1,1,1,5,autoroute A35,48.054453,7.374849
202000030089,14,1,2020,21,3,68,68235,1,1,1,2,A35,47.990789,7.378067
202000030090,14,1,2020,19,5,35,35208,2,1,2,6,44 rue de Rennes,48.0,-1.66717
202000030091,15,1,2020,7,1,973,97309,2,2,1,3,Avenue Louis Caristan,4.9119559,-52.2695312
202000030092,14,1,2020,17,1,973,97309,2,2,1,3,Rue Robert Sampson,4.8865662,-52.2759832
202000030093,10,1,2020,16,1,971,97103,2,6,1,3,Rue Henri Becquerel-jarry,16.24398,-61.571008
202000030094,15,1,2020,6,3,974,97415,1,1,2,1,Le Moulin à Eau,-21.087113,55.274758
202000030095,10,1,2020,14,1,41,41130,1,2,1,3,D924,47.726585,1.333426
202000030096,15,1,2020,8,1,67,67033,1,6,1,6,D421,48.7463015,7.6795631
202000030097,14,1,2020,11,1,42,42222,1,3,1,3,Les Bayards,45.6211361,4.3361335
202000030098,14,1,2020,16,1,26,26235,1,1,1,6,Chemin de Sérignan,44.380381,4.68831
202000030099,14,1,2020,19,3,01,01345,1,2,1,3,D1084,45.943026,5.310184
202000030100,14,1,2020,14,2,13,13106,1,1,1,4,A51-Sens Aix en Provence vers Marseille,43.405246,5.359952
202000030101,13,1,2020,10,1,13,13001,1,1,1,3,A51-Sens Aix en Provence vers Marseille,43.53325,5.36806
202000030102,5,1,2020,20,3,01,01275,1,1,1,4,A42   4.353 A 5.760   GEN/LYON,45.8145,4.93182
202000030103,9,1,2020,20,3,67,67218,1,1,1,3,Route Alfred Kastler,48.54542,7.72964
202000030104,10,1,2020,8,2,59,59569,1,1,1,-1,AUTOROUTE A21,50.381059,3.139205
202000030105,14,1,2020,16,1,94,94034,1,1,1,-1,AUTOROUTE A6A,48.7555203,2.3409783
202000030106,14,1,2020,15,1,91,91570,1,1,1,2,RN 104,48.625,2.329
202000030107,14,1,2020,15,1,94,94003,1,1,1,7,AUTOROUTE A6A,48.8040276,2.3420366
202000030108,14,1,2020,8,2,78,78297,1,1,8,2,RN12,48.792974,2.053277
202000030109,14,1,2020,7,5,92,92012,1,1,1,2,A13,48.8484972,2.2309316
202000030110,14,1,2020,7,2,92,92012,1,1,1,2,A13,48.848332,2.2306913
202000030111,13,1,2020,8,1,92,92064,1,1,1,3,A13,48.83937,2.20689
202000030112,13,1,2020,21,3,95,95061,1,1,1,2,RN 104,49.06835,2.2521
202000030113,13,1,2020,10,1,95,95042,1,1,2,2,RN 104,49.05703,2.29485
202000030114,13,1,2020,9,1,95,95580,1,1,2,4,AUTOROUTE A1,49.08942,2.55058
202000030115,12,1,2020,2,3,95,95394,1,1,1,6,A115,49.05163,2.18232
202000030116,12,1,2020,0,3,95,95572,1,1,1,2, A15,49.0309207,2.1212871
202000030117,11,1,2020,22,3,93,93005,1,1,1,6,AUTOROUTE A104,48.97392,2.4877
202000030118,14,1,2020,18,3,77,77438,1,9,1,3,A104,48.8674251,2.6706209
202000030119,14,1,2020,17,3,94,94058,1,1,1,2,A86.EXT,48.85106,2.4923
202000030120,13,1,2020,13,1,77,77169,1,1,2,7,RN104,48.82497,2.615752
202000030121,9,1,2020,3,5,94,94052,1,1,1,6,A86 INT,48.8443248,2.4923092
202000030122,13,1,2020,12,1,92,92002,2,2,8,2,DIVISION LECLERC (31 A 51 -36 A 56 BIS)/ ARMAND GUILLEBAUD (AVENUE),48.749706,2.304297
202000030123,16,1,2020,9,1,988,98818,2,3,3,3,RUE AUGUSTE BENEBIG/RUE DU COMMANDANT ROUGY,-22.27216,166.45026
202000030124,15,1,2020,10,1,988,98818,2,3,1,3,RUE JACQUES IEKAWE/RUE JEAN CHALIER,-22.24833,166.46377
202000030125,15,1,2020,10,1,974,97411,2,6,1,2,Avenue Georges Brassens,-20.9059832,55.4861128
202000030126,14,1,2020,13,1,973,97302,2,1,1,2,MADELEINE (ROUTE DE LA),4.9380449,-52.3261428
202000030127,15,1,2020,15,1,69,69383,2,9,1,3,PAUL BERT                           (R ),45.7570922,4.8588096
202000030128,15,1,2020,14,1,69,69259,2,1,1,3,JEAN CAGNE                          (AV),45.6950574,4.8736151
202000030129,14,1,2020,12,1,972,97209,2,2,1,7,REPUBLIQUE (RUE DE LA ),14.60751,-61.06906
202000030130,15,1,2020,18,5,69,69081,2,1,1,3,HETRE POURPRE (DU)            R,45.77261,4.77788
202000030131,14,1,2020,17,5,69,69389,2,1,1,6,SIDOINE APPOLINAIRE                 (AV),45.76532,4.80064
202000030132,14,1,2020,11,1,69,69149,2,1,1,6,EMILE ZOLA                          (BD),45.7197174,4.8011782
202000030133,15,1,2020,19,5,2A,2A004,2,1,1,3,RECCO ABBE BOULEVARD,41.9382136,8.7407071
202000030134,15,1,2020,13,1,91,91421,2,1,1,2,CORBEIL (ROUTE DE),48.70685,2.4406
202000030135,15,1,2020,10,1,91,91377,2,6,1,2,BASCH (RUE VICTOR),48.7276,2.2733
202000030136,15,1,2020,18,5,91,91114,2,1,2,2,PIERRE PROST (AVENUE),48.6973,2.4969
202000030137,15,1,2020,17,5,91,91631,2,1,2,3,MANDRES (RUE DE),48.6796,2.5592
202000030138,14,1,2020,18,2,87,87065,2,1,1,2,RD979,45.81838,1.29555
202000030139,14,1,2020,7,5,87,87085,2,1,1,6,BRIAND (RUE ARISTIDE),45.83989,1.26942
202000030140,14,1,2020,13,1,86,86194,2,1,1,2,Rocade Est,46.5920772,0.3490949
202000030141,15,1,2020,8,1,83,83137,2,2,8,6,CARNOT (AVE LAZARE),43.12845,5.9245
202000030142,15,1,2020,7,1,83,83137,2,9,1,6,BLERIOT (AVE LOUIS),43.14018,5.91006
202000030143,10,1,2020,15,1,80,80001,2,1,1,2,JEAN MENNESSON,50.11597,1.82761
202000030144,15,1,2020,7,3,78,78609,1,2,1,3,CD 28,49.028671,1.927185
202000030145,9,1,2020,17,3,78,78297,2,1,2,6,COMMERCE (ALLEE DU),48.773803,2.073888
202000030146,13,1,2020,17,5,77,77146,2,2,2,3,BEAUBOURG (BOULEVARD DE) - D1406,48.82479,2.63138
202000030147,14,1,2020,8,5,72,72181,2,1,2,6,DURAND GEORGES (AV) N° PAIRS 2 A 110,47.98062,0.21174
202000030148,14,1,2020,12,1,69,69029,2,9,1,3,CHARLES DE GAULLE                   (RP),45.72534,4.93328
202000030149,15,1,2020,16,1,64,64189,2,2,1,3,DELAUNAY GABRIEL  (AVENUE),43.38264,-1.66647
202000030150,14,1,2020,8,1,64,64024,2,1,1,3,BAYONNE (AVENUE DE),43.48085,-1.51355
202000030151,14,1,2020,10,1,63,63113,2,1,1,6,COTE BLATIN (BD),45.76944,3.09105
202000030152,15,1,2020,13,1,60,60159,1,6,1,2,BERTHELOT (AV. MARCELIN),49.3884849,2.7869416
202000030153,13,1,2020,8,2,57,57672,2,1,1,6,CHATEAU GASSION,49.34244,6.16057
202000030154,14,1,2020,20,5,56,56121,2,1,6,6,BELGIQUE (RUE  DE ),47.76053,-3.38433
202000030155,14,1,2020,13,1,54,54265,2,1,1,6,3 Av des Erables,48.6436291,6.1857377
202000030156,13,1,2020,18,2,51,51108,2,1,2,7,Avenue du Général Charles de Gaulle,48.948779,4.3714541
202000030157,14,1,2020,9,1,50,50203,1,1,2,3,VALLEE DE QUINCAMPOI0X,49.61601,-1.63832
202000030158,13,1,2020,19,5,50,50129,2,3,2,6,NAPOLEON (PLACE),49.64228,-1.62243
202000030159,14,1,2020,18,3,49,49246,2,1,3,4,MOULIN MARCILLE CHEMIN,47.43657,-0.49357
202000030160,14,1,2020,23,5,49,49353,2,1,1,-1,JEAN JAURES RUE,47.44453,-0.50065
202000030161,14,1,2020,8,1,49,49015,2,1,2,7,LANGEVIN RUE PAUL,47.51786,-0.60846
202000030162,15,1,2020,17,3,45,45234,2,1,1,6,Avenue Montesquieu,47.8362955,1.9333409
202000030163,14,1,2020,18,5,45,45284,2,2,9,4,Rue Jean Zay - Rue de Verville,47.9109954,1.9593137
202000030164,12,1,2020,11,1,45,45285,1,1,1,6,Rue de la Mouchetière,47.90775,1.85836
202000030165,15,1,2020,15,1,43,43157,1,1,7,6,Avenue Jean Moulin,45.03946,3.90369
202000030166,6,1,2020,16,1,42,42218,2,2,1,6,Rue des Francs Maçons,45.43048,4.39097
202000030167,15,1,2020,10,1,37,37122,2,1,1,2,BORDEAUX (ROUTE DE),47.3545686,0.6990721
202000030168,14,1,2020,17,5,37,37261,2,1,2,6,ENTRAIGUES (RUE D'),47.3845574,0.667287
202000030169,12,1,2020,8,1,37,37261,2,6,1,6,DANIEL MAYER,47.4187063,0.6926977
202000030170,16,1,2020,2,5,33,33039,2,6,1,6,RUE DES FRERES LUMIERE / RUE DENIS PAPIN,44.791119,-0.5350556
202000030171,15,1,2020,22,5,33,33039,2,3,1,3,RTE DE TOULOUSE / Parking Auchan,44.78992,-0.56671
202000030172,15,1,2020,14,1,33,33119,2,2,1,3,RUE ALBERT DUPEYRON / RUE DU DOCTEUR PIERRE MASFRAND,44.858059,-0.53535
202000030173,15,1,2020,20,5,33,33069,2,2,1,3,218 220 Avenue Victor Hugo,44.8686383,-0.5918176
202000030174,9,1,2020,14,1,33,33063,2,1,1,1,QUAI DE BACALAN,44.85779,-0.55886
202000030175,15,1,2020,7,2,33,33063,2,3,1,3,RTE DE TOULOUSE / RUE TAREGUA,44.8138969,-0.5729907
202000030176,6,1,2020,14,1,33,33522,2,2,9,3,AVE GEORGES CLEMENCEAU / AVE DE BREUIL,44.80311,-0.59796
202000030177,15,1,2020,16,1,33,33529,1,1,1,5,RN 250 (OUSTALET - BONNEVAL),44.61777,-1.133624
202000030178,15,1,2020,15,1,33,33529,2,1,2,3,JUILLET (RUE DU 14),44.63085,-1.14759
202000030179,14,1,2020,17,2,31,31555,2,1,1,3,MAIGNAN (AV EMMANUEL) DU 16AU 134,43.61475,1.42945
202000030180,14,1,2020,15,1,31,31555,1,1,1,2,24 EMPALOT  (PERIPH OUEST A620),43.57381,1.43888
202000030181,9,1,2020,14,1,26,26198,2,1,1,6,6 Avenue d’Aygu,44.55504,4.749231
202000030182,9,1,2020,18,5,22,22278,1,1,2,6,ROSTAND (EDMOND),48.5153,-2.7359
202000030183,6,1,2020,8,1,18,18205,2,1,1,6,BERRY-BOUY (ROUTE DE),47.09459,2.37875
202000030184,15,1,2020,19,5,13,13215,2,1,1,2,LITTORAL (CHEMIN DU),43.33645,5.35341
202000030185,15,1,2020,16,1,13,13210,2,1,1,6,(RUE) NEGRESKO,43.269658,5.39027
202000030186,15,1,2020,6,5,13,13208,2,2,1,3,ERNEST DELIBES (PLACE),43.279084,5.382884
202000030187,11,1,2020,20,5,13,13201,2,1,1,6,CANEBIERE     70 A FIN,43.29846,5.38422
202000030188,15,1,2020,14,1,13,13047,1,1,8,7,RD 569,43.53474,4.97467
202000030189,8,1,2020,11,1,13,13047,2,6,1,3,FELIX GOUIN AVENUE,43.49069,4.98617
202000030190,10,1,2020,17,1,12,12176,1,6,2,7,ROQUE (GIRATOIRE DE LA),44.38196,2.59385
202000030191,15,1,2020,21,5,06,06088,2,2,1,3,CESSOLE (BD DE) (JUSQU'AU N° 93-110),43.7161,7.2535
202000030192,14,1,2020,6,5,06,06088,2,1,1,5,PENETRANTE DU PAILLON,43.73047,7.28422
202000030193,15,1,2020,15,1,06,06069,2,1,1,3,SAINT MATHIEU (ROUTE ET PLACE),43.656598,6.932778
202000030194,11,1,2020,10,1,04,04112,2,1,1,3,RD 4096,43.82847,5.78735
202000030195,15,1,2020,15,1,75,75114,2,5,2,3,AVENUE DE LA PORTE DE CHATILLON,48.8226606,2.3146981
202000030196,14,1,2020,23,5,75,75105,2,7,1,3,PLACE DU PANTHEON,48.8456902,2.3459051
202000030197,5,7,2020,11,1,11,11069,2,1,1,7,VAUBAN,43.23,2.32
202000030198,4,7,2020,12,1,09,09207,1,1,1,2,ROUTE NATIONALE 20,42.926171,1.633784
202000030199,6,7,2020,19,1,75,75116,2,1,1,3,BOULEVARD PERIPHERIQUE EXTERIEUR OUEST,48.847335,2.254069
202000030200,6,7,2020,16,1,75,75113,2,1,1,3,PORTE D ITALIE,48.81612,2.359911
202000030201,6,7,2020,10,1,75,75114,2,1,1,3,BOULEVARD PERIPHERIQUE INTERIEUR SUD,48.820927,2.321828
202000030202,3,7,2020,19,1,75,75118,2,4,1,4,PORTE DE LA CHAPELLE,48.901037,2.358759
202000030203,6,7,2020,8,1,75,75120,2,5,1,3,RUE DES PYRENEES,48.856193,2.404936
202000030204,6,7,2020,12,1,75,75119,2,3,1,6,RUE GASTON TESSIER,48.895946,2.373957
202000030205,6,7,2020,9,1,75,75118,2,5,1,6,RUE FRANCOEUR,48.889801,2.342935
202000030206,6,7,2020,12,1,75,75117,2,7,1,3,PLACE DU GENERAL KOENIG,48.880831,2.28406
202000030207,6,7,2020,12,1,75,75117,2,7,1,7,AVENUE DE VILLIERS,48.882915,2.309044
202000030208,6,7,2020,9,1,75,75117,2,2,1,3,BOULEVARD BERTHIER,48.888032,2.299706
202000030209,6,7,2020,18,1,75,75116,2,3,1,2,RUE DE LONGCHAMP,48.864985,2.290332
202000030210,6,7,2020,9,1,75,75111,2,1,1,2,BOULEVARD VOLTAIRE,48.859244,2.377706
202000030211,6,7,2020,20,1,75,75110,2,2,1,2,RUE LA FAYETTE,48.879727,2.358671
202000030212,6,7,2020,17,1,75,75118,2,3,1,1,RUE DE LA GOUTTE D OR,48.885058,2.351316
202000030213,6,7,2020,13,1,75,75109,2,3,1,3,RUE MONCEY,48.880063,2.330657
202000030214,6,7,2020,0,5,75,75109,2,4,1,3,BOULEVARD DE CLICHY,48.883864,2.328579
202000030215,5,7,2020,13,1,75,75108,2,5,1,6,BOULEVARD HAUSSMANN,48.874946,2.305989
202000030216,28,6,2020,2,5,75,75108,2,2,1,3,BOULEVARD DE COURCELLES,48.880853,2.312546
202000030217,6,7,2020,19,1,75,75107,2,2,1,3,QUAI D ORSAY,48.862828,2.313456
202000030218,6,7,2020,18,1,75,75107,2,2,1,3,RUE EBLE,48.848797,2.31218
202000030219,5,7,2020,2,5,75,75101,2,2,1,1,RUE DE RIVOLI,48.859093,2.346434
202000030220,6,7,2020,18,1,75,75102,2,3,1,3,RUE ETIENNE MARCEL,48.86505,2.344056
202000030221,6,7,2020,7,1,75,75104,2,7,1,3,PLACE DU CHATELET,48.85718,2.347327
202000030222,5,7,2020,3,5,75,75104,2,2,1,6,PONT LOUIS PHILIPPE,48.854367,2.354954
202000030223,6,7,2020,11,1,94,94037,2,3,1,3,PAUL VAILLANT COUTURIER (AV),48.816745,2.333714
202000030224,6,7,2020,2,5,94,94041,2,1,1,7,MARCEL HARTMANN (R),48.80849,2.38152
202000030225,1,7,2020,19,1,94,94033,2,2,1,3,EMILE ZOLA (R),48.857,2.4705
202000030226,6,7,2020,17,1,94,94011,2,8,1,3,STAINS(ROUTE DE),48.77978,2.49268
202000030227,6,7,2020,18,1,94,94054,2,3,1,3,BAS MARIN (R DU),48.747446,2.389022
202000030228,6,7,2020,10,1,94,94022,2,9,1,6,PARMENTIER (R),48.7583,2.4096
202000030229,6,7,2020,16,1,94,94017,2,1,1,6,CHATEAU (BD DU),48.81095,2.54552
202000030230,6,7,2020,1,5,94,94017,2,1,1,3,BENOIT FRACHON (R),48.8206114,2.5266895
202000030231,6,7,2020,17,1,93,93078,2,6,1,2,CLEMENCEAU (AVENUE GEORGES),48.96134,2.55673
202000030232,6,7,2020,18,1,93,93071,2,2,1,2,DE LATTRE DE TASSIGNY (AVENUE),48.9433911,2.524723
202000030233,6,7,2020,12,1,93,93071,2,1,1,2,JOHN F. KENNEDY (AVENUE),48.9385651,2.513269
202000030234,6,7,2020,19,1,93,93055,2,1,1,6,LAMARTINE,48.90983,2.41129
202000030235,6,7,2020,11,1,93,93055,2,1,1,3,JEAN LOLIVE (AVENUE),48.8937111,2.4155156
202000030236,6,7,2020,16,1,93,93014,2,4,1,6,COUBRON (ALLEE DE),48.9133,2.55411
202000030237,6,7,2020,18,1,92,92046,1,3,1,3,PIERRE BROSSOLETTE (AVENUE),48.8177093,2.3078712
202000030238,6,7,2020,18,1,92,92073,2,5,1,2,SELLIER (BOULEVARD HENRI),48.862698,2.217847
202000030239,4,7,2020,22,2,92,92020,2,1,8,3,VANVES BOULEVARD N° IMPAIRS,48.8066402,2.2858402
202000030240,6,7,2020,17,1,92,92044,2,1,1,4,Pont de Levallois,48.900035,2.277663
202000030241,6,7,2020,16,1,92,92044,2,2,1,3,J. GUESDE(RUE)25A57 ET 30A64,48.8930799,2.2927314
202000030242,6,7,2020,10,1,92,92044,2,2,1,6,J. GUESDE(RUE)25A57 ET 30A64,48.8939744,2.2919701
202000030243,6,7,2020,8,1,92,92036,2,6,1,3,PIERRE DE COUBERTIN (BOULEVARD) (G.SAND,48.922976,2.286552
202000030244,4,7,2020,20,1,92,92036,2,1,1,7,GARE (AVENUE DE LA),48.934157,2.298536
202000030245,6,7,2020,23,3,92,92062,2,1,1,7,DEMI-LUNE (ROUTE DE LA),48.8939099,2.2359335
202000030246,6,7,2020,11,1,92,92025,2,1,1,6,BOURNARD (RUE DU),48.922926,2.255359
202000030247,5,7,2020,22,3,92,92025,2,2,1,3,SAINT CLOUD (RUE DE),48.922066,2.252649
202000030248,5,7,2020,22,5,92,92024,2,2,1,6,JEAN JAURES (BD) DE (1 A 45)   (2 A 54),48.90002,2.30624
202000030249,6,7,2020,0,5,92,92023,2,1,1,7,JEAN BAPTISTE CLEMENT (AVENUE),48.7959567,2.267551
202000030250,29,6,2020,9,1,92,92004,1,1,1,6,AULAGNIER ( QUAI ),48.9190253,2.3212088
202000030251,7,7,2020,4,3,52,52294,1,1,1,6,18 Rue du Buisson,48.546828,4.909987
202000030252,7,7,2020,7,1,80,80779,1,1,1,2,A16,50.096936,1.875014
202000030253,3,7,2020,22,3,28,28211,1,1,1,7,D955,48.144273,1.266249
202000030254,6,7,2020,17,1,41,41114,1,1,1,6,A10,47.758117,1.552575
202000030255,6,7,2020,18,1,77,77406,1,1,1,6,D19,48.8554255,3.1957072
202000030256,7,7,2020,11,1,76,76719,1,1,1,2,Route du Bec au Cauchois,49.744301,0.492695
202000030257,7,7,2020,0,3,82,82190,1,1,1,6,Bouysses,43.86201,1.248118
202000030258,6,7,2020,21,1,81,81168,1,1,1,7,Chemin de carayrolle,44.147432,2.160069
202000030259,7,7,2020,16,1,63,63319,1,1,1,7,Lieu Dit le Chomet,45.5548563,3.8867949
202000030260,7,7,2020,12,1,47,47195,2,4,1,3,Rue la Fayette,44.134833,0.339074
202000030261,7,7,2020,12,1,41,41115,1,1,1,3,7 Route du Loir,47.884397,1.182119
202000030262,6,7,2020,20,1,44,44104,1,1,1,6,Bray (Chemin),47.40259,-0.965703
202000030263,6,7,2020,19,1,38,38409,2,2,1,1,D71a,45.079029,5.283179
202000030264,21,6,2020,14,1,15,15130,1,1,1,7,D990,45.062749,3.2178928
202000030265,6,7,2020,18,1,01,01056,2,1,7,7,D12b,46.019099,5.46004
202000030266,4,7,2020,18,1,01,01269,2,1,1,3,28 Route d'Apremont,46.153207,5.61366
202000030267,6,7,2020,18,1,01,01296,2,1,1,1,Les Barbiers,46.363366,5.295196
202000030268,6,7,2020,13,1,14,14739,1,3,1,1,Hameau de Vaux le Bisson,49.337379,-0.498778
202000030269,6,7,2020,8,1,05,05040,1,1,1,7,D3,44.531981,6.28522
202000030270,28,6,2020,4,2,83,83012,1,1,1,6,D35,43.558439,5.955204
202000030271,7,7,2020,20,1,60,60600,2,1,1,1,Chemin de Capy,49.301208,2.72977
202000030272,6,7,2020,16,1,60,60216,1,3,1,3,D101,49.462671,2.472761
202000030273,7,7,2020,7,1,07,07289,1,6,1,2,Route de l'Echelette,44.625649,4.41866
202000030274,5,7,2020,17,1,40,40046,1,4,7,3,230 Route des Lacs,44.415791,-1.156496
202000030275,6,7,2020,15,1,40,40135,1,2,1,-1,Route de Capboeuf,44.148556,-0.59323
202000030276,4,7,2020,15,1,24,24540,1,1,1,7,LIEU DIT TOUT DE BOEUF,45.287727,0.829843
202000030277,5,7,2020,18,1,04,04174,1,1,1,3,RN 202,43.9588,6.734329
202000030278,6,7,2020,23,3,28,28393,1,1,1,6,D104,48.601275,1.369332
202000030279,3,7,2020,11,1,30,30321,2,1,1,1,D6110,43.778128,4.086399
202000030280,7,7,2020,13,1,30,30123,1,1,1,6,D12,43.709473,4.16992
202000030281,7,7,2020,9,1,67,67506,2,2,1,3,Rue Jeanne d'Arc,48.665608,7.715623
202000030282,6,7,2020,20,1,66,66174,2,1,1,1,70 Avenue du Canigou,42.682514,2.735231
202000030283,6,7,2020,19,1,44,44028,1,1,1,6,La Feliere,47.347503,-1.360921
202000030284,2,7,2020,18,5,987,98715,2,1,1,5,Aratia Nelson Mandela,-17.548012,-149.59464
202000030285,27,6,2020,21,5,987,98715,2,9,1,6,Route de Puurai,-17.558223,-149.597878
202000030286,5,7,2020,11,1,976,97603,1,1,1,6,Route Nationale 3 - Bambo Est,-12.932208,45.173389
202000030287,29,6,2020,20,2,51,51097,1,1,1,7,A4,49.0325266,4.5594634
202000030288,6,7,2020,18,1,68,68278,2,1,1,6,29D rue de mulhouse,47.747771,7.399121
202000030289,5,7,2020,3,3,987,98722,2,1,1,6,"PK 32.300 RT 2 district de MAHAENA, devant la mairie",-17.591429,-149.382126
202000030290,7,7,2020,16,1,45,45244,2,1,1,3,Rue d'Orléans,47.767567,2.478259
202000030291,7,7,2020,10,1,05,05134,1,1,1,4,RN 94,44.645777,6.575505
202000030292,2,7,2020,5,2,25,25632,2,1,2,6,Chemin de la Passerelle,47.476427,6.770673
202000030293,6,7,2020,19,1,88,88174,1,1,1,2,D36,48.216731,6.343167
202000030294,6,7,2020,15,1,54,54016,1,3,7,7,D10,48.766939,5.878286
202000030295,6,7,2020,15,1,01,01160,2,2,1,3,50 Rue de Versoix,46.257789,6.114132
202000030296,5,7,2020,13,1,69,69254,1,9,1,6,D313,45.953005,4.422083
202000030297,5,7,2020,11,1,69,69254,1,1,1,3,Croix de la Main - rd 313,45.960451,4.415517
202000030298,7,7,2020,11,1,09,09214,1,1,1,5,Plaine d'Aubert,42.96984,1.109244
202000030299,7,7,2020,12,1,16,16304,2,1,1,3,Lieu dit La Chavalerie,45.688897,-0.284491
202000030300,5,7,2020,22,1,86,86049,1,1,1,7,Le Pre Bodin,46.95987,0.115571
202000030301,6,7,2020,18,1,33,33003,2,1,1,3,72 AVE DU CHEMIN DE LA VIE,44.951765,-0.486979
202000030302,7,7,2020,14,1,33,33284,1,1,1,1,82 Avenue Charles de Gaulle,44.59473,-0.905793
202000030303,6,7,2020,19,1,72,72336,2,6,1,3,Le Clos de la Butte,47.845783,-0.29772
202000030304,9,6,2020,18,1,27,27188,1,1,1,2,D321,49.3011413,1.0865049
202000030305,7,7,2020,1,5,60,60462,2,7,1,2,D1001,49.329164,2.200098
202000030306,7,7,2020,19,1,80,80291,1,1,1,6,Rue du Faubourg,49.781791,2.351911
202000030307,6,7,2020,4,3,13,13071,1,1,1,-1,A7-Sens Lyon vers Marseille,43.39026,5.35017
202000030308,4,7,2020,22,3,83,83137,1,1,1,6,A57,43.1275176,5.9751678
202000030309,6,7,2020,16,1,33,33122,1,1,1,4,AUTOROUTE A 63,44.72795,-0.7291
202000030310,6,7,2020,13,1,78,78431,1,1,1,-1,A13,48.936219,1.961519
202000030311,5,7,2020,20,1,78,78362,1,1,1,4,A13,48.97581,1.72324
202000030312,6,7,2020,17,1,95,95256,1,1,1,2,RN 184,49.05803,2.209
202000030313,6,7,2020,10,1,93,93066,1,1,1,4,AUTOROUTE A1,48.91935,2.35755
202000030314,6,7,2020,10,1,93,93053,1,1,1,2,AUTOROUTE A3,48.89501,2.47133
202000030315,5,7,2020,23,5,93,93066,1,1,1,6,AUTOROUTE A1,48.90611,2.35862
202000030316,5,7,2020,19,5,988,98818,2,1,1,6,VOIE DE DEGAGEMENT EST,-22.27821,166.4686
202000030317,4,7,2020,0,5,974,97416,2,1,1,7,HUBERT DE LISLE(BOULEVARD),-21.3435,55.4686
202000030318,4,7,2020,17,3,974,97416,1,1,1,3,ROLLAND GARROS (CHEMIN) CD29 (2),-21.33774,55.53977
202000030319,5,7,2020,13,1,974,97411,2,1,1,1,MACE (ROUTE GABRIEL),-20.90852,55.50317
202000030320,5,7,2020,9,1,973,97302,2,2,1,3,BARTHELEMY (RENE),4.9346298,-52.3306757
202000030321,5,7,2020,18,1,69,69383,2,3,1,3,FEUILLAT                            (R ),45.7491852,4.8755838
202000030322,5,7,2020,13,1,69,69383,2,2,1,3,VILLETTE (DE LA)                    (R ),45.762918,4.8619118
202000030323,4,7,2020,11,1,69,69388,2,3,1,6,PROFESSEUR PAUL SISLEY (DU)         (R ),45.74467,4.868
202000030324,5,7,2020,16,1,972,97209,2,1,1,1,FONTAINE DIDIER (RUE DE LA),14.64477,-61.08716
202000030325,5,7,2020,4,5,69,69382,2,2,1,3,PRESIDENT EDOUARD HERRIOT (DU)      (R ),45.76337,4.83423
202000030326,5,7,2020,15,1,69,69389,2,4,1,3,SIDOINE APPOLINAIRE                 (AV),45.76501,4.80131
202000030327,5,7,2020,10,1,69,69152,2,1,1,1,HAUTE ROCHE (DE)                    (AV),45.70277,4.82801
202000030328,5,7,2020,7,1,69,69382,2,2,1,3,BAYARD  (CO),45.74305,4.82331
202000030329,5,7,2020,19,3,971,97101,1,6,1,2,VIEUX BOURG,16.2499,-61.5291
202000030330,26,6,2020,17,1,971,97113,1,1,1,6,BAS DU FORT,16.21821,-61.51742
202000030331,5,7,2020,14,1,91,91174,2,1,1,6,QUAI MAUZAISSE,48.61327,2.48317
202000030332,6,2,2020,12,1,77,77449,2,2,1,3,MERIDIENNE ( BLD DE LA ) - D344,48.85379,2.77358
202000030333,5,7,2020,4,5,77,77108,2,1,2,1,SEMPIN (CHEMIN DU),48.89506,2.591
202000030334,5,7,2020,14,1,69,69029,2,8,1,6,FRANKLIN ROOSEVELT                  (AV),45.7349,4.90459
202000030335,4,7,2020,20,1,69,69290,2,2,1,3,SALVADOR ALLENDE                    (R ),45.7064,4.93498
202000030336,5,7,2020,13,1,64,64445,2,1,1,7,JACQUES PREVERT,43.3131,-0.3366
202000030337,5,7,2020,9,1,64,64348,1,6,7,3,boulevard de l'Europe,43.31703,-0.39519
202000030338,1,7,2020,18,1,59,59356,1,3,1,3,LILLE RUE DE,50.65525,2.9994
202000030339,5,7,2020,2,5,59,59017,2,3,8,6,LAGRANGE (AVENUE LEO ),50.6953126,2.8957566
202000030340,5,7,2020,18,1,44,44162,2,2,1,-1,Avenue Sully Prudhomme,47.235035,-1.595721
202000030341,5,7,2020,18,1,43,43157,2,1,1,6,1 Rue Antoine Martin,45.0383,3.884
202000030342,5,7,2020,23,5,42,42044,2,1,1,6,Rue Benoit Frachon,45.40034,4.35373
202000030343,5,7,2020,14,1,35,35238,1,1,1,7,RN136,48.1404,-1.63645
202000030344,5,7,2020,16,1,29,29039,2,1,1,6,Rue de Quimper,47.8868677,-3.9196383
202000030345,17,6,2020,18,1,28,28134,2,6,9,3,SAINT THIBAULT (RUE),48.7328,1.3573