Num_Acc,jour,mois,an,hr,condition_eclairage,departement,commune,condition_agglomeration,intersection,condition_atmosphere,type_collision,adresse,lattitude,longitude
202000030346,5,7,2020,19,1,17,17291,2,1,1,1,ONZE NOVEMBRE   RUE DU,46.17507,-1.11498
202000030347,5,7,2020,19,1,13,13215,2,2,1,6,LYON (RUE DE),43.3292147,5.3655625
202000030348,5,7,2020,2,5,13,13208,2,1,1,2,POMPIDOU (PROMENADE),43.26393,5.3738
202000030349,24,6,2020,22,5,13,13208,2,3,1,2,PRADO (AVENUE DU),43.263593,5.377798
202000030350,22,6,2020,9,1,12,12145,2,1,1,6,REPUBLIQUE (AVENUE DE LA),44.10313,3.07651
202000030351,4,7,2020,14,1,09,09207,1,1,1,7,ROUTE NATIONALE 20,42.93355,1.62731
202000030352,4,7,2020,9,1,09,09207,1,1,1,7,ROUTE NATIONALE 20,42.94486,1.62217
202000030353,4,7,2020,10,1,06,06069,2,1,1,3,MARIGARDE (ROUTE DE LA),43.681424,6.958937
202000030354,4,7,2020,12,1,01,01053,2,1,1,3,PELOUX ( RUE DU ),46.2001,5.2135
202000030355,5,7,2020,20,1,75,75117,2,1,1,3,ECHANGEUR MAILLOT,48.880441,2.281652
202000030356,5,7,2020,5,4,75,75111,2,2,1,3,BOULEVARD RICHARD LENOIR,48.864002,2.370686
202000030357,4,7,2020,21,2,75,75120,2,2,1,6,RUE DES PYRENEES,48.873359,2.390021
202000030358,5,7,2020,21,2,75,75106,2,7,1,2,RUE DE RENNES,48.844175,2.324167
202000030359,5,7,2020,15,1,75,75120,2,4,1,6,RUE DE LA BIDASSOA,48.866719,2.392923
202000030360,3,7,2020,23,5,75,75120,2,3,1,3,RUE D AVRON,48.851531,2.399553
202000030361,5,7,2020,22,5,75,75119,2,2,1,6,AVENUE DE FLANDRE,48.888387,2.374144
202000030362,5,7,2020,2,5,75,75119,2,2,1,3,RUE DE MEAUX,48.882791,2.375655
202000030363,5,7,2020,17,1,75,75118,2,2,1,6,RUE LAGILLE,48.894343,2.329927
202000030364,4,7,2020,21,2,75,75118,2,2,1,3,RUE MARCADET,48.891073,2.344294
202000030365,5,7,2020,17,1,75,75117,2,4,1,3,AVENUE DE SAINT OUEN,48.891609,2.326959
202000030366,5,7,2020,21,2,75,75116,2,4,1,6,RUE RAFFET,48.852144,2.264253
202000030367,5,7,2020,21,1,75,75113,2,7,2,7,AVENUE DE LA PORTE D ITALIE,48.816449,2.360292
202000030368,5,7,2020,15,1,75,75113,2,7,1,7,RUE BOBILLOT,48.822496,2.347006
202000030369,3,7,2020,16,1,75,75109,2,2,1,6,BOULEVARD DES CAPUCINES,48.870682,2.332522
202000030370,5,7,2020,3,5,75,75116,2,7,1,3,PLACE DU PARAGUAY,48.871783,2.276385
202000030371,5,7,2020,2,5,75,75108,2,3,1,3,BOULEVARD HAUSSMANN,48.875146,2.311969
202000030372,5,7,2020,1,5,75,75107,2,2,1,3,PONT DE L ALMA,48.862279,2.301566
202000030373,5,7,2020,12,1,75,75107,2,3,1,7,QUAI ANATOLE FRANCE,48.861125,2.324189
202000030374,5,7,2020,6,1,75,75104,2,2,1,6,RUE DU RENARD,48.858358,2.351934
202000030375,5,7,2020,12,1,94,94068,2,1,8,1,SCHAKEN (QU),48.8092,2.46188
202000030376,4,7,2020,5,2,93,93066,2,1,1,6,JARDIN DE L'ECLUSE,48.9268754,2.3575028
202000030377,5,7,2020,19,1,93,93048,1,1,1,6,QUATORZE JUILLET (PLACE DU),48.8589087,2.4420483
202000030378,5,7,2020,13,1,93,93010,2,6,1,3,REPUBLIQUE (PL. DE LA),48.8951419,2.4778636
202000030379,5,7,2020,1,5,93,93005,2,1,1,6,MARC CHAGALL (BOULEVARD),48.9531506,2.501449
202000030380,5,7,2020,11,1,92,92048,2,1,1,7,HENRI SAVIGNAC (RUE),48.819968,2.233703
202000030381,4,7,2020,18,5,976,97610,1,1,1,6,longoni,-12.73917,45.194603
202000030382,5,7,2020,18,1,01,01382,2,2,1,3,46 Route de Relevant,46.019604,4.928543
202000030383,5,7,2020,18,1,01,01434,1,3,1,5,D2d,45.967487,5.074337
202000030384,5,7,2020,2,3,62,62794,2,1,1,6,26 Route Nationale,50.710061,2.148321
202000030385,6,7,2020,3,4,73,73218,1,1,1,6,D55 Route du Mont Clergeon,45.846283,5.848471
202000030386,5,7,2020,2,3,84,84142,1,2,1,3,Avenue des Sorgues,43.945952,5.01358
202000030387,6,7,2020,12,1,71,71273,1,1,1,6,CD 281 - CHEMIN DES MACONS,46.6667851,3.7862492
202000030388,6,7,2020,6,1,45,45187,2,1,1,6,Faubourg de Montargis,47.892913,2.516904
202000030389,5,7,2020,16,1,28,28022,1,2,1,1,D939,48.485467,1.394341
202000030390,5,7,2020,19,1,21,21087,1,1,1,6,A6,47.105456,4.71306
202000030391,2,6,2020,17,1,29,29204,1,1,1,2,RN 12,48.49919,-4.183238
202000030392,14,2,2020,17,1,10,10387,2,1,1,7,GEORGES POMPIDOU (RUE),48.28647,4.07678
202000030393,15,2,2020,14,1,75,75113,2,1,1,2,QUAI D IVRY,48.826635,2.388995
202000030394,13,2,2020,23,5,75,75105,2,2,8,-1,RUE GAY LUSSAC,48.842584,2.342912
202000030395,15,2,2020,16,1,75,75120,2,2,1,3,BOULEVARD DAVOUT,48.853497,2.410653
202000030396,15,2,2020,2,5,75,75119,2,2,1,6,RUE RIQUET,48.889693,2.368144
202000030397,14,2,2020,22,5,75,75119,2,7,1,6,RUE DE L ARGONNE,48.892365,2.385396
202000030398,15,2,2020,12,1,75,75114,2,2,1,3,RUE FROIDEVAUX,48.835339,2.329239
202000030399,14,2,2020,21,5,75,75114,2,2,1,6,BOULEVARD BRUNE,48.823255,2.325556
202000030400,14,2,2020,14,1,75,75114,2,5,1,6,RUE D ALESIA,48.830525,2.319246
202000030401,15,2,2020,10,1,75,75111,2,1,1,3,AVENUE DE LA REPUBLIQUE,48.86453,2.378499
202000030402,15,2,2020,4,5,75,75107,2,2,1,-1,AVENUE DE BRETEUIL,48.851653,2.312544
202000030403,15,2,2020,13,1,94,94078,2,1,1,3,CARNOT (AV),48.733,2.4476
202000030404,15,2,2020,19,5,94,94076,2,2,2,6,STALINGRAD (AV DE),48.7847,2.3672
202000030405,15,2,2020,12,1,94,94034,2,1,1,2,CERISAIE (AV DE LA),48.7527,2.33004
202000030406,15,2,2020,9,1,93,93053,2,1,1,6,MARC SANGNIER (RUE),48.8956,2.45845
202000030407,15,2,2020,15,1,93,93046,2,1,1,2,ALL DE L'EST,48.9324,2.55943
202000030408,15,2,2020,19,5,92,92049,2,1,2,6,REPUBLIQUE AVENUE DE LA N°1 A 79,48.819439,2.320192
202000030409,15,2,2020,19,5,92,92035,2,2,2,3,Belgique ( Place de )/ Verdun 1916 ( avenue de)/ Verdun 1916 ( avenue de)/ National ( boulevard ),48.90683,2.23882
202000030410,15,2,2020,5,5,92,92035,2,1,1,6,République ( boulevard de la ),48.9072699,2.2414663
202000030411,16,2,2020,20,5,974,97415,2,1,1,6,38 Rue Etienne Regnault,-20.982838,55.328822
202000030412,15,2,2020,19,3,47,47175,1,4,7,7,Marot,44.525831,0.782872
202000030413,15,2,2020,21,3,26,26031,1,1,1,7,route d' Espeluche,44.546212,4.844874
202000030414,14,2,2020,18,2,24,24010,1,1,1,7,Route des Plantes,45.183375,0.585097
202000030415,14,2,2020,19,5,973,97353,2,1,1,3,Rue Emmanuel Tolinga,3.643083,-54.038132
202000030416,15,2,2020,15,1,83,83061,1,1,1,5,A8,43.468782,6.72919
202000030417,16,2,2020,19,3,60,60570,1,2,3,1,D923,49.2506578,2.0393058
202000030418,16,2,2020,0,4,01,01322,1,1,1,1,2016 Route de Lyon,45.922539,4.812972
202000030419,11,2,2020,8,1,83,83031,2,1,1,1,Taurelle,43.39289,6.329925
202000030420,16,2,2020,7,2,79,79351,1,1,1,6,,46.42712,-0.549316
202000030421,15,2,2020,1,3,60,60006,1,2,1,3,D200,49.3196093,2.5886267
202000030422,15,2,2020,2,4,80,80568,2,1,3,7,8 Rue d'Enfer,49.804016,2.914381
202000030423,16,2,2020,16,1,49,49248,1,9,6,6,RD775,47.757113,-1.173906
202000030424,16,2,2020,11,1,41,41242,2,3,1,6,07 Rue de la Fontaine,47.27962,1.563403
202000030425,16,2,2020,0,5,34,34304,2,1,1,2,Route de Lodeve,43.766035,3.33986
202000030426,16,2,2020,4,3,02,02160,1,1,6,6,D977,49.689482,3.98675
202000030427,16,2,2020,9,1,03,03120,1,3,1,3,,46.6310366,3.6608795
202000030428,16,2,2020,1,5,06,06090,2,1,1,1,87 Route de la Fenerie,43.591461,6.92931
202000030429,15,2,2020,14,1,60,60024,1,2,1,3,N31,49.4032984,2.6728135
202000030430,16,2,2020,0,3,45,45204,1,1,1,6,chemin du colombier,47.7989396,1.8184412
202000030431,16,2,2020,3,5,36,36021,2,1,1,6,42 Route de Paudy,46.983245,1.972047
202000030432,14,2,2020,19,5,07,07292,2,9,1,3,Avenue de Praperrier,45.164471,4.664213
202000030433,14,2,2020,18,2,53,53207,1,9,1,3,Rue d'Evron,48.128231,-0.443616
202000030434,16,2,2020,15,1,40,40047,1,1,1,3,D15,43.55347,-0.717201
202000030435,16,2,2020,14,1,04,04144,1,1,1,7,RD 952,43.776772,6.283627
202000030436,15,2,2020,19,3,27,27340,1,1,1,1,D313,49.373819,0.80874
202000030437,15,2,2020,5,3,37,37145,1,1,8,6,La Chapelle,47.036729,0.6575828
202000030438,14,2,2020,10,1,30,30348,2,1,1,6,Ancienne Route de Nimes Rd 936,44.053753,4.130634
202000030439,15,2,2020,17,2,67,67174,2,1,1,-1,D642,48.905859,7.614384
202000030440,15,2,2020,20,5,973,97307,2,2,2,3,10 Rue Acajou,4.886244,-52.338122
202000030441,15,2,2020,17,1,06,06085,2,6,1,3,Route de la Roquette,43.611844,6.968599
202000030442,10,2,2020,9,1,13,13001,1,1,1,3,7 Rue de la Figuiere,43.516066,5.432997
202000030443,16,2,2020,6,3,30,30268,1,1,2,6,Saint-Jean-de-Valériscle,44.238005,4.123693
202000030444,15,2,2020,16,1,34,34157,2,1,7,6,9 Avenue General de Gaulle,43.426019,3.602837
202000030445,16,2,2020,11,1,83,83023,2,1,2,3,Rue de la Republique,43.407285,6.054266
202000030446,16,2,2020,17,1,25,25251,1,1,1,1,D683,47.341185,6.315339
202000030447,16,2,2020,4,5,71,71448,1,1,1,7,D906,46.3852627,4.8695633
202000030448,14,2,2020,18,3,57,57598,1,1,1,-1,D81,49.133009,7.011139
202000030449,16,2,2020,10,1,42,42066,1,1,1,6,D1089,45.7393637,4.1890754
202000030450,16,2,2020,15,1,69,69140,1,2,1,1,Chemin du Chevronnet,45.902198,4.676523
202000030451,5,2,2020,19,3,81,81038,1,6,1,7,RD968,43.87611,1.907834
202000030452,15,2,2020,19,3,81,81225,1,1,1,7,D21,43.924265,1.963484
202000030453,15,2,2020,20,5,16,16187,2,2,1,3,Avenue du Stade,45.6565191,0.0843217
202000030454,16,2,2020,1,3,49,49349,1,1,1,6,Sèvremoine,47.150593,-1.19611
202000030455,16,2,2020,0,3,14,14160,1,1,3,2,N158,49.0660289,-0.2930519
202000030456,14,2,2020,15,1,76,76563,1,2,1,4,D6015,49.525988,0.330491
202000030457,14,2,2020,20,3,13,13019,1,1,1,3,A51-Sens Aix en Provence vers Marseille,43.422561,5.371952
202000030458,10,2,2020,15,1,13,13106,1,1,1,3,A7-Sens Lyon vers Marseille,43.396405,5.350267
202000030459,11,2,2020,13,1,69,69290,1,1,1,2,A43,45.7079,4.9556
202000030460,14,2,2020,9,1,78,78640,1,1,8,4,RN12,48.781924,2.16375
202000030461,15,2,2020,1,4,95,95580,1,1,1,6,AUTOROUTE A1,49.0822,2.5516
202000030462,14,2,2020,23,5,94,94042,1,1,1,-1,A4,48.8265629,2.4667862
202000030463,31,1,2020,7,3,77,77146,1,1,2,4,A4.Y,48.8323722,2.661239
202000030464,14,2,2020,4,5,988,98818,1,3,1,6,ROUTE DE LA BAIE DES DAMES/RUE DU DOCTEUR SCHWEITZER,-22.23645,166.43868
202000030465,11,2,2020,11,1,988,98818,2,1,2,1,ROUTE STRATEGIQUE - RUE PAUL CACOT,-22.26523,166.44769
202000030466,15,2,2020,3,3,974,97416,1,1,1,6,km,-21.3122916,55.4955161
202000030467,13,2,2020,19,2,974,97416,1,3,1,1,ZONE (ALLEE DE LA),-21.31821,55.47324
202000030468,15,2,2020,2,5,974,97411,2,2,2,3,Avenue de la Victoire,-20.8766,55.4479
202000030469,14,2,2020,14,1,973,97302,1,6,1,2,MARINGOUINS (ROND-POINT),4.8968103,-52.3287478
202000030470,14,2,2020,20,5,69,69266,2,2,1,2,ANATOLE FRANCE     (Rue),45.7665,4.8688
202000030471,14,2,2020,14,1,69,69387,2,3,1,3,PRE GAUDRY                          (R ),45.73863,4.83644
202000030472,14,2,2020,13,1,69,69276,2,3,1,3,LYON (DE)                               ,45.683,4.8614
202000030473,14,2,2020,8,1,69,69386,2,2,2,6,GARIBALDI                           (R ),45.7678412,4.8507298
202000030474,14,2,2020,2,5,69,69387,2,2,2,3,SEBASTIEN GRYPHE                    (R ),45.74924,4.84194
202000030475,11,2,2020,12,1,972,97213,1,1,1,7,AUTOROUTE A1,14.6179,-61.0305
202000030476,13,2,2020,17,1,69,69385,2,1,1,6,ADOLPHE MAX                         (AV),45.7598,4.82736
202000030477,14,2,2020,14,1,2B,2B033,2,1,1,3,Route Imperiale,42.6647523,9.4376771
202000030478,14,2,2020,21,5,2A,2A004,2,8,1,1,NICOLI JEAN COURS,41.9322216,8.7405326
202000030479,13,2,2020,12,1,2A,2A004,2,1,1,7,Cours Napoléon,41.9216,8.73733
202000030480,14,2,2020,11,1,91,91228,2,1,1,6,CROIZAT (RUE AMBROISE),48.62606,2.42709
202000030481,14,2,2020,14,1,91,91657,2,1,1,6,FREDERIC JOLIOT CURIE (AVENUE),48.703263,2.420021
202000030482,13,2,2020,19,5,91,91425,2,3,1,3,DOCTEUR OGE (RUE DU),48.636875,2.276833
202000030483,13,2,2020,17,1,87,87085,1,1,2,6,RD941 (OUEST),45.83707,1.19518
202000030484,13,2,2020,15,1,87,87085,1,1,2,4,AUTOROUTE A20,45.85628,1.28061
202000030485,14,1,2020,8,1,30,30351,2,1,1,1,SEMARD AVENUE PIERRE,43.9678,4.7951
202000030486,14,2,2020,9,1,83,83137,2,1,1,6,15EME CORPS (AVE DU),43.128549,5.912809
202000030487,14,2,2020,9,1,83,83137,2,3,1,3,LYAUTEY (AVE MARECHAL),43.12853,5.92188
202000030488,13,2,2020,10,1,83,83062,2,1,8,3,ST JUST (AVENUE LT ANTOINE),43.143361,6.017606
202000030489,7,2,2020,19,5,83,83050,2,3,1,1,SAINTE BARBE(CHEMIN),43.529091,6.485473
202000030490,13,2,2020,7,2,80,80674,2,1,2,2,DEFENSE PASSIVE (AVENUE DE LA),49.90778,2.32187
202000030491,12,2,2020,10,1,80,80021,2,1,1,6,JUST HAUY (RUE),49.8878,2.31369
202000030492,7,2,2020,11,1,77,77501,1,2,1,1,D 403,48.33481,2.86701
202000030493,13,2,2020,20,5,76,76157,2,1,1,6,HUGO. RUE VICTOR,49.44605,1.03604
202000030494,13,2,2020,16,1,71,71306,1,1,3,7,N70,46.691459,4.372129
202000030495,14,2,2020,16,1,69,69266,2,1,1,3,8 MAI 1945   (Rue du),45.782,4.8911
202000030496,14,2,2020,8,2,69,69275,2,1,2,3,ELISEE RECLUS                       (R ),45.7599,4.9607
202000030497,13,2,2020,18,5,69,69264,2,1,2,2,EUROPE L'  AV DE,45.992,4.7423
202000030498,14,2,2020,14,1,67,67482,2,1,2,6,LAZARET (RUE DU),48.5639059,7.7533932
202000030499,14,2,2020,1,5,67,67482,2,3,1,7,LEICESTER (RUE),48.57842,7.77202
202000030500,13,2,2020,20,5,67,67482,2,3,2,3,CHARMILLE (RUE DE LA),48.58616,7.71815
202000030501,14,2,2020,14,1,66,66136,2,1,1,7,RIERE (JEAN),42.69169,2.89684
202000030502,13,2,2020,13,1,66,66136,2,1,1,1,GAUGUIN (AVENUE PAUL),42.721,2.89027
202000030503,11,2,2020,19,4,65,65440,2,1,1,2,MAI 1945 (BOULEVARD DU 08),43.21892,0.071591
202000030504,11,2,2020,18,2,65,65440,2,1,8,4,AZEREIX (AVENUE D'),43.22755,0.05598
202000030505,11,2,2020,18,5,64,64445,2,1,2,6,POUGUET,43.32161,-0.35117
202000030506,13,2,2020,7,5,64,64024,2,3,1,3,BIARRITZ (AVENUE DE),43.48024,-1.52545
202000030507,12,2,2020,1,5,63,63113,2,1,1,7,MERMOZ (AVENUE JEAN),45.7898567,3.1286209
202000030508,12,2,2020,9,1,63,63113,2,1,1,-1,RECLUS (AVENUE ELISEE),45.78528,3.14178
202000030509,12,2,2020,13,1,63,63113,2,1,1,1,MERMOZ (AVENUE JEAN),45.79032,3.13308
202000030510,13,2,2020,22,5,63,63113,2,5,1,3,FLAUBERT (BD GUSTAVE),45.76414,3.12604
202000030511,2,2,2020,17,5,62,62765,2,3,1,3,THEROUANE (RUE DE....N°49 A 73 ET 75 A 1,50.746627,2.262088
202000030512,13,2,2020,20,5,59,59421,2,1,1,3,CONGO (RUE DU),50.6989993,3.1488705
202000030513,14,2,2020,6,5,59,59098,2,9,1,3,WERVICQ (RUE DE),50.773007,3.064891
202000030514,13,2,2020,22,3,56,56162,2,1,1,6,MOISSONNEURS (RUE DES),47.71209,-3.4466
202000030515,13,2,2020,18,2,56,56098,2,2,6,3,GRANDE LANDE ( ROUTE DE LA ),47.75636,-3.33611
202000030516,14,2,2020,18,5,51,51454,2,1,1,7,Boulevard Saint Marceaux,49.255371,4.0463598
202000030517,13,2,2020,8,1,51,51454,2,2,2,3,Allée du Vignoble,49.2225327,4.0141559
202000030518,13,2,2020,13,1,49,49007,2,1,1,3,GAIN ( LOUIS),47.4684504,-0.5383283
202000030519,13,2,2020,8,1,49,49007,2,1,1,7,ESTIENNE D'ORVES BOULEVARD,47.45987,-0.51996
202000030520,11,2,2020,8,1,49,49007,2,1,1,6,BON PASTEUR BOULEVARD,47.47035,-0.56992
202000030521,13,2,2020,19,5,45,45234,2,1,3,7,Rue Eugene Vignat,47.9087502,1.9108817
202000030522,14,2,2020,16,1,37,37261,2,3,1,3,VARENNES (ALLEE DE),47.3859609,0.6962468
202000030523,14,2,2020,12,1,37,37261,2,3,1,3,GUILLAUMET (RUE),47.3816357,0.7051613
202000030524,14,2,2020,13,1,34,34172,2,1,1,3,HEIDELBERG (AVENUE DE),43.6204969,3.8167247
202000030525,13,2,2020,17,1,34,34336,2,6,1,6,BEREGOVOY (AVENUE PIERRE),43.32066,3.27912
202000030526,14,2,2020,19,5,33,33013,1,1,1,4,ROUTE NATIONALE 89,44.86772,-0.4925
202000030527,14,2,2020,18,4,33,33318,2,1,1,6,Avenue du Parc d'Espagne,44.79864,-0.68145
202000030528,14,2,2020,17,1,33,33162,2,3,1,6,Rue d'Eysines,44.86269,-0.65313
202000030529,5,2,2020,18,5,33,33281,2,1,1,1,RUE GEORGES OHM,44.83071,-0.66668
202000030530,11,2,2020,11,1,33,33529,2,1,1,6,AERODROME (AVE DE L'),44.60215,-1.11939
202000030531,14,2,2020,12,1,32,32013,1,3,1,3,R N 21,43.66988,0.60189
202000030532,14,2,2020,2,5,31,31555,2,1,1,6,31 Chemin des Canalets,43.56277,1.44434
202000030533,13,2,2020,14,1,31,31555,2,1,1,6,111 Chemin de Lapujade,43.62532,1.4551
202000030534,13,2,2020,7,3,31,31149,2,1,1,3,ROND POINT DU PETIT PRINCE ,43.61104,1.33693
202000030535,14,2,2020,16,1,30,30189,1,2,1,2,MAS DE CHEYLON,43.80523,4.33661
202000030536,9,2,2020,3,5,30,30243,2,1,1,4,GAULLE (AVENUE DU GAL DE),44.08555,4.07723
202000030537,14,2,2020,8,1,22,22360,1,1,1,6,RD700,48.48363,-2.76513
202000030538,20,1,2020,14,1,22,22278,2,1,1,6,PROMENADES (ET ALL. DES),48.5132261,-2.7572733
202000030539,12,2,2020,9,2,15,15012,1,1,5,3,RD 920,44.842918,2.476533
202000030540,14,2,2020,15,1,14,14333,1,1,1,3,JUDOVICIE (BOULEVARD),49.41547,0.25839
202000030541,21,1,2020,12,1,14,14117,2,1,1,1,PONT DE PIERRE (RUE DU),49.28311,-0.12359
202000030542,14,2,2020,6,5,14,14118,2,1,1,6,TASSIGNY (AVENUE DE LATTRE DE),49.20593,-0.37856
202000030543,14,2,2020,10,1,13,13106,1,2,1,3,PIGEONNIER (CHEMIN DU),43.40346,5.35694
202000030544,14,2,2020,17,2,13,13210,2,1,1,2,CAPELETTE (AVENUE DE LA),43.279207,5.411997
202000030545,13,2,2020,17,2,13,13211,2,1,2,6,VALENTINE (ROUTE DE LA),43.289613,5.47053
202000030546,14,2,2020,10,1,13,13208,2,3,1,3,PRADO (AVENUE DU),43.2802828,5.3869432
202000030547,14,2,2020,10,1,13,13212,2,1,1,6,SAINT JULIEN (AVENUE DE ),43.30636,5.41888
202000030548,11,2,2020,18,5,13,13047,1,9,1,2,D.5,43.486,4.99516
202000030549,14,2,2020,23,5,13,13001,2,2,1,3,NOSTRADAMUS (RUE),43.53209,5.45553
202000030550,12,2,2020,11,1,12,12176,2,3,1,1,ESPALION (ROUTE D'),44.37609,2.59257
202000030551,14,2,2020,15,1,10,10387,2,2,8,3,GASTON ROGELIN (RUE),48.3066,4.06486
202000030552,13,2,2020,17,2,10,10387,2,2,2,3,AMBROISE COTTET (RUE),48.3021,4.0667
202000030553,13,2,2020,8,1,10,10362,2,1,1,1,LOUIS BLANC (RUE),48.297088,4.055141
202000030554,14,2,2020,5,5,09,09225,2,1,1,2,MIREPOIX ROUTE DE,43.10401,1.62447
202000030555,14,2,2020,20,5,06,06083,2,6,1,2,CENTENAIRE (COURS DU),43.77161,7.492511
202000030556,13,2,2020,17,1,06,06083,2,1,1,6,"SOLEIL (PROMENADE DU, N° 850 A 960)",43.771225,7.49607
202000030557,12,2,2020,10,1,06,06123,2,1,1,6,LIBERATION AVENUE DE LA,43.6665,7.1872
202000030558,14,2,2020,10,1,05,05061,1,1,1,2,RN 94,44.5733,6.10888
202000030559,13,2,2020,13,1,05,05061,2,1,8,7,JUSTICE ( ROUTE DE  LA ),44.56553,6.10226
202000030560,12,2,2020,19,4,05,05061,2,1,1,4,EMILE DIDIER ( AV ),44.56614,6.09393
202000030561,14,2,2020,7,2,75,75118,2,4,1,-1,PORTE DE CLIGNANCOURT,48.900974,2.340367
202000030562,14,2,2020,16,1,75,75118,2,3,1,2,AVENUE DE LA PORTE DE CLIGNANCOURT,48.900506,2.344383
202000030563,14,2,2020,18,5,75,75119,2,2,1,6,RUE RIQUET,48.889674,2.368146
202000030564,14,2,2020,12,1,75,75119,2,1,1,-1,AVENUE JEAN JAURES,48.887198,2.38705
202000030565,13,2,2020,13,1,75,75119,2,7,1,2,PLACE DE LA PORTE DE PANTIN,48.889482,2.395707
202000030566,14,2,2020,8,1,75,75117,2,2,1,3,RUE GUY MOQUET,48.892442,2.324789
202000030567,13,2,2020,18,5,75,75116,2,2,1,6,AVENUE MOZART,48.854686,2.269388
202000030568,14,2,2020,15,1,75,75115,2,1,1,-1,RUE DE LA CONVENTION,48.836948,2.297397
202000030569,14,2,2020,9,1,75,75115,2,5,1,7,AVENUE DE SUFFREN,48.851136,2.300965
202000030570,14,2,2020,12,1,75,75108,2,7,1,3,PLACE DE LA CONCORDE,48.865306,2.320503
202000030571,14,2,2020,8,1,75,75108,2,1,1,3,RUE DU HAVRE,48.874605,2.326855
202000030572,14,2,2020,21,5,75,75101,2,1,1,6,RUE SAINT HONORE,48.866731,2.328278
202000030573,14,2,2020,18,5,75,75101,2,3,1,3,BOULEVARD DE SEBASTOPOL,48.86293,2.350683
202000030574,14,2,2020,14,1,75,75103,2,1,1,6,RUE DES VERTUS,48.864792,2.358163
202000030575,14,2,2020,3,5,94,94081,2,1,1,7,LEON GEFFROY (R),48.77991,2.40803
202000030576,14,2,2020,15,1,94,94068,2,1,1,3,LOUIS BLANC (AV),48.7973261,2.5019359
202000030577,14,2,2020,15,1,94,94046,2,1,1,2,REPUBLIQUE (AV DE LA),48.806698,2.443883
202000030578,14,2,2020,13,1,94,94041,2,2,8,6,LENINE (R),48.81727,2.39642
202000030579,14,2,2020,12,1,94,94034,2,1,1,6,DIVISION LECLERC (AV DE LA),48.75903,2.32235
202000030580,14,2,2020,21,5,94,94028,2,1,1,1,LAFERRIERE(AVENUE),48.8012083,2.4578216
202000030581,14,2,2020,9,1,94,94017,2,2,8,3,LOUIS TALAMONI (R),48.8137,2.5102
202000030582,13,2,2020,7,2,94,94004,2,3,2,3,GENERAL LECLERC (AV DU),48.7468627,2.5101202
202000030583,13,2,2020,9,1,94,94002,2,9,1,3,EMILE ZOLA (R),48.7989426,2.4239829
202000030584,14,2,2020,16,1,93,93066,2,1,1,2,R CROIZAT AMBROISE,48.93224,2.34891
202000030585,14,2,2020,17,1,93,93064,2,1,1,3,HUGO (RUE VICTOR),48.8657294,2.489748
202000030586,13,2,2020,22,5,93,93048,2,2,1,3,GABRIEL PERI (AVENUE),48.8575358,2.4399635
202000030587,14,2,2020,20,5,93,93046,2,3,1,3,POMMIERS ALLEE DES,48.9088,2.53666
202000030588,14,2,2020,16,1,93,93008,2,1,1,2,ALLENDE (AVE DU P. SALVADOR),48.90206,2.44527
202000030589,1,4,2020,20,2,69,69142,2,4,1,3,GENERAL DE GAULLE                   (AV),45.72588,4.81412
202000030590,15,3,2020,16,1,77,77186,1,1,1,3,RD148 carrefour DIANE à SORQUES,48.356278,2.761388
202000030591,31,3,2020,17,1,64,64102,2,1,1,6,SAINT FREDERIC (PONT),43.4873,-1.4624
202000030592,30,3,2020,22,5,62,62194,2,1,1,1,CAVEE ( RUE DE LA ),50.49006,2.4817
202000030593,31,3,2020,14,1,62,62178,2,1,1,6,EVRARD ( FLORENT ),50.488018,2.550051
202000030594,21,3,2020,14,1,49,49007,2,1,1,3,MARIANNE BOULEVARD,47.45122,-0.52697
202000030595,1,4,2020,20,5,33,33522,2,1,1,3,Route de Toulouse (côté impair),44.80726,-0.57335
202000030596,31,3,2020,16,1,12,12013,1,4,1,6,Barouillet Haut  LIEU-DIT,44.5366,2.243082
202000030597,14,1,2020,3,5,75,75119,2,1,1,1,BD PERIPHERIQUE EXTERIEUR,48.899586,2.392595
202000030598,1,4,2020,14,1,75,75108,2,2,1,3,RUE D ARTOIS,48.873706,2.306482
202000030599,30,3,2020,9,1,92,92050,2,2,1,3,CHARLES DE GAULLE (BD),48.917942,2.223983
202000030600,17,3,2020,15,1,59,59499,2,1,1,7,Rue des Bouleaux,50.943773,2.538346
202000030601,9,3,2020,14,1,38,38529,2,1,2,1,Avenue d'Uriage,45.11525,5.80817
202000030602,2,4,2020,0,4,79,79208,2,1,1,6,60 Grande Rue,46.669863,-0.15366
202000030603,1,4,2020,21,3,61,61061,1,1,1,6,Lieu Dit le Moulin Neuf,48.446091,0.929096
202000030604,1,4,2020,20,1,29,29041,2,1,1,7,D36 - Lieu Dit Saint Hilaire,48.056886,-3.826933
202000030605,2,4,2020,18,1,70,70257,1,1,1,7,D474,47.49814,5.949291
202000030606,1,4,2020,5,3,09,09116,1,9,1,7,D626a,43.132262,1.548122
202000030607,1,4,2020,17,1,17,17394,1,1,1,7,RD 111,46.121972,-0.656771
202000030608,1,4,2020,18,1,973,97307,2,9,9,2,Route de la Distillerie,4.874712,-52.331703
202000030609,2,4,2020,8,1,02,02218,1,1,1,6,Autoroute A26,49.559439,3.803962
202000030610,30,3,2020,18,1,38,38068,1,1,1,1,Route Napoléon,45.10215,5.71505
202000030611,23,1,2020,10,1,26,26169,1,1,1,5,D844,44.4613,4.735759
202000030612,24,1,2020,18,5,69,69384,2,2,1,6,DANGON                              (R ),45.77724,4.82033
202000030613,23,1,2020,12,1,69,69382,2,3,1,3,ANTONIN GOURJU                      (PL),45.75909,4.82998