Num_Acc,jour,mois,an,hr,condition_eclairage,departement,commune,condition_agglomeration,intersection,condition_atmosphere,type_collision,adresse,lattitude,longitude
202000030614,22,1,2020,18,5,69,69389,2,3,1,6,BOURGOGNE (DE)                      (R ),45.7792668,4.8018301
202000030615,31,1,2020,13,1,59,59028,2,1,8,6,ROUSSEAU (RUE JEAN-JACQUES),50.4085,3.07783
202000030616,30,3,2020,21,5,988,98818,2,1,1,6,VE1,-22.25798,166.44672
202000030617,31,3,2020,10,1,69,69259,2,9,1,3,PRESIDENT EDOUARD HERRIOT (DU)      (R ),45.6941034,4.8779371
202000030618,28,3,2020,20,5,63,63113,2,2,1,3,JULIEN (AVENUE),45.77551,3.08209
202000030619,28,3,2020,1,5,63,63075,2,1,1,6,BERGOUGNAN (AVENUE),45.77967,3.06837
202000030620,30,3,2020,21,3,35,35241,2,1,1,6,D168,48.61379,-2.03565
202000030621,31,3,2020,17,1,13,13215,2,9,2,6,DE SAINT LOUIS AU ROVE (chemin),43.348,5.3583
202000030622,31,3,2020,21,5,13,13001,2,1,1,7,BERRE (ROUTE DE),43.53086,5.41591
202000030623,11,3,2020,17,1,07,07008,2,3,1,1,Rue Royale,44.713174,4.632217
202000030624,31,3,2020,20,5,02,02408,1,6,1,6,RN2,49.546233,3.606751
202000030625,30,3,2020,15,1,75,75119,2,1,1,7,RUE JACQUES DUCHESNE,48.899491,2.374086
202000030626,31,3,2020,17,1,93,93077,2,5,1,3,R CIRCULAIRE HENRI JOUSSEAUME / AV DU CAPITAINE LOUYS,48.8837492,2.5144442
202000030627,31,3,2020,15,1,93,93046,2,4,1,6,EUROPE BOULEVARD DE L',48.92314,2.5449
202000030628,31,3,2020,19,1,93,93079,2,3,1,3,Pablo Neruda (rue),48.95694,2.34348
202000030629,31,3,2020,18,1,92,92048,2,1,1,-1,JEAN JAURES (AVENUE) N° 8 A 72,48.810519,2.243714
202000030630,12,2,2020,14,1,95,95352,1,1,1,2,RD 922,49.121558,2.402937
202000030631,31,3,2020,20,3,34,34224,1,1,1,3,Chemin de la Rivière,43.450582,3.221591
202000030632,1,4,2020,8,1,03,03082,2,1,1,6,87 Rue de la Grange,46.2668675,2.7356592
202000030633,26,2,2020,14,1,53,53107,2,1,1,6,Rue du stade,48.407803,-0.810521
202000030634,30,3,2020,16,1,42,42154,1,1,1,6,A89,45.848618,4.219367
202000030635,30,3,2020,8,1,73,73296,1,1,1,7,D902,45.5200093,6.9140015
202000030636,30,3,2020,2,5,73,73296,2,1,4,7,D87A,45.468274,6.905304
202000030637,1,4,2020,8,1,69,69094,2,1,1,6,Route de Brindas,45.737425,4.691672
202000030638,30,3,2020,20,3,13,13005,1,1,1,6,A501-Sens Aubagne vers Pont de l'Etoile,43.298364,5.561793
202000030639,30,3,2020,22,3,69,69296,1,1,1,2,A7  ,45.64413,4.82959
202000030640,30,3,2020,20,3,95,95306,1,1,1,3,AUTOROUTE A15,49.00683,2.16303
202000030641,30,3,2020,19,1,95,95018,1,1,1,2,AUTOROUTE A15,48.95146,2.28007
202000030642,31,3,2020,15,1,77,77053,1,1,1,6,RN104,48.6842661,2.5993344
202000030643,26,2,2020,17,2,94,94073,1,1,2,-1,A86 EXT,48.7709765,2.3890221
202000030644,27,1,2020,7,1,971,97107,2,9,1,6,DUMANOIR ( ALLEE ),16.04062,-61.5663
202000030645,15,1,2020,13,1,91,91201,2,3,1,6,MAINVILLE(RUE DE),48.68648,2.41582
202000030646,30,3,2020,16,1,69,69387,2,2,1,6,DEBOURG                             (AV),45.73141,4.83347
202000030647,30,3,2020,7,1,971,97101,2,6,1,3,VIEUX BOURG,16.25012,-61.52923
202000030648,30,3,2020,21,3,78,78227,1,1,1,6,CD 922,49.0142,1.9373
202000030649,26,1,2020,2,5,73,73065,2,3,1,6,BERNARDINES,45.5666344,5.9149169
202000030650,30,3,2020,12,1,69,69266,2,1,1,2,PAUL VERLAINE       (Rue),45.7659804,4.8802753
202000030651,27,3,2020,16,1,67,67482,2,1,1,2,6 Rue du Rhin Tortu,48.554231,7.758435
202000030652,29,3,2020,11,5,44,44143,2,1,1,6,RUE ERNEST SAUVESTRE,47.162748,-1.542305
202000030653,10,3,2020,8,1,33,33063,2,2,1,6,19 Cours du Maréchal Gallieni / Rue Gaston Lespault,44.82484,-0.5903
202000030654,30,3,2020,0,3,13,13002,2,1,1,7,ETIENNE CUCCA-CD908 (AVENUE),43.3584762,5.4925183
202000030655,30,3,2020,15,1,06,06123,1,4,1,3,MISTRAL FREDERIC AVENUE,43.660316,7.189275
202000030656,29,3,2020,16,1,06,06004,2,3,1,6,VALBOSQUET CH.DU,43.6060246,7.089571
202000030657,29,3,2020,1,5,75,75119,2,1,1,6,BOULEVARD PERIPHERIQUE,48.88343,2.399739
202000030658,24,2,2020,7,5,75,75116,2,3,1,6,AVENUE DU PRESIDENT KENNEDY,48.854548,2.28362
202000030659,30,3,2020,9,1,75,75114,2,1,1,6,AVENUE DE LA PORTE DE CHATILLON,48.823277,2.316423
202000030660,30,3,2020,16,1,75,75111,2,2,1,6,RUE SAINT MAUR,48.865655,2.377346
202000030661,30,3,2020,11,1,93,93073,2,4,1,3,AV DU GENERAL DE GAULLE / AV PASTEUR,48.942965,2.569089
202000030662,30,3,2020,18,1,92,92048,2,1,1,7,TRIVAUX (AVENUE DE) N° 6BIS A 8,48.791,2.2327
202000030663,31,3,2020,9,1,38,38114,1,1,1,3,D37b,45.41593,4.766205
202000030664,26,3,2020,14,1,62,62043,2,1,1,3,3627 Chemin du Halage,50.8965886,1.9667912
202000030665,31,3,2020,19,2,72,72268,1,9,1,1,Le Petit Plessis,47.82373,0.24893
202000030666,30,3,2020,18,1,82,82038,1,1,1,6,Lieu dit PUECH,44.249198,1.722474
202000030667,31,3,2020,0,3,988,98805,1,1,1,7,RM1 NAKUTAKOIN,-22.161454,166.444931
202000030668,30,3,2020,17,1,60,60028,2,1,1,6,Chemin de la queue de la brosse,49.225376,2.550987
202000030669,30,3,2020,17,1,33,33063,1,1,2,6,ROCADE A 630,44.88405,-0.56003
202000030670,29,3,2020,15,1,69,69259,2,3,8,3,PRESIDENT EDOUARD HERRIOT (DU)      (R ),45.69471,4.87593
202000030671,29,3,2020,5,5,69,69259,2,1,1,6,OSCHATZ (D')                        (AV),45.6946,4.8798
202000030672,28,3,2020,18,1,2B,2B033,2,1,1,3,MACCHIONE - CHEMIN DU,42.68646,9.4433
202000030673,26,3,2020,10,1,971,97107,2,1,1,6,PAUL LACAVE ( AVENUE ),16.0449,-61.563
202000030674,28,3,2020,20,2,91,91657,2,1,1,3,HENRI BARBUSSE (AVENUE),48.70028,2.4203
202000030675,29,3,2020,14,1,37,37261,2,1,1,3,FONTAINE POTTIER (RUE),47.4149628,0.6912589
202000030676,29,3,2020,17,1,34,34172,2,1,1,2,PILORY (RUE DU),43.6192,3.83162
202000030677,29,3,2020,8,1,34,34198,1,1,1,7,D21  ROUTE DE CARNON,43.5589,3.96313
202000030678,29,3,2020,5,5,75,75119,2,1,1,6,AVENUE JEAN JAURES,48.882972,2.370959
202000030679,28,3,2020,14,1,75,75118,2,2,1,3,AVENUE DE LA PORTE DE SAINT OUEN,48.899018,2.329465
202000030680,28,3,2020,22,5,93,93073,2,1,1,2,CHAPIT RE ( RUE DU),49.0032282,2.5368203
202000030681,29,3,2020,13,1,93,93072,2,2,1,3,MAXIME GORKI (BOULEVARD) DES N°89 A ...,48.94974,2.38602
202000030682,24,2,2020,6,1,74,74124,1,1,1,4,A41,46.101953,6.092498
202000030683,30,3,2020,19,1,95,95313,2,1,1,3,Avenue de Paris,49.110751,2.224415
202000030684,10,3,2020,17,1,33,33355,1,1,1,1,Moulin de Bouit,44.668544,-0.344083
202000030685,30,3,2020,14,1,33,33327,2,3,2,6,Cours du Marechal Joffre,44.64773,-0.35156
202000030686,30,3,2020,18,2,10,10030,1,1,1,2,D610,48.328295,4.036617
202000030687,30,3,2020,6,1,972,97210,1,1,1,6,Route Perriolat,14.584165,-60.87533
202000030688,26,3,2020,16,1,74,74293,1,1,1,6,Route des Voirons,46.2703,6.282275
202000030689,26,3,2020,17,1,31,31157,2,1,1,3,3 Avenue François Mitterrand,43.5364997,1.3446722
202000030690,20,3,2020,3,3,80,80693,2,1,1,6,Rue de Moreuil,49.910753,2.60877
202000030691,30,3,2020,14,1,72,72085,1,1,7,3,monhodon,47.857144,0.634804
202000030692,4,3,2020,10,1,43,43012,2,1,1,3,15 Rue des Ollagnieres,45.373765,4.210156
202000030693,30,3,2020,14,1,85,85034,1,1,1,6,Les Noues,46.6316,-1.11103
202000030694,30,3,2020,7,2,27,27649,2,1,1,6,1 Grande Rue,49.351607,1.428131
202000030695,30,3,2020,10,1,44,44118,1,2,1,-1,La Mesliere,47.488006,-1.173863
202000030696,28,3,2020,18,2,21,21021,1,4,1,7,D70,47.347354,5.198247
202000030697,30,3,2020,14,1,33,33323,1,1,2,6,59 Grande Rue,44.59157,-0.20598
202000030698,27,3,2020,22,3,77,77121,1,1,1,-1,A4,48.8322465,2.6680024
202000030699,27,3,2020,22,5,972,97209,2,3,1,7,SALVADOR ALLENDE (AVENUE),14.61034,-61.04543
202000030700,28,3,2020,16,1,83,83009,2,1,1,6,NARON (CHEMIN DE),43.15525,5.74569
202000030701,27,3,2020,11,1,69,69266,2,2,1,3,EMILE ZOLA     (Cours),45.77059,4.8737
202000030702,28,3,2020,21,5,64,64445,2,3,1,3,2 AVENUE GASTON LACOSTE,43.293314,-0.361092
202000030703,28,3,2020,16,1,51,51454,2,2,1,3,Rue Jacquart,49.2616154,4.0418802
202000030704,28,3,2020,15,1,38,38151,2,1,1,1,Avenue Salvador Allende,45.15519,5.72329
202000030705,28,3,2020,9,1,17,17200,1,1,1,6,RN237,46.179659,-1.152323
202000030706,25,3,2020,20,5,75,75106,2,2,1,3,QUAI DES GRANDS AUGUSTINS,48.856106,2.340414
202000030707,27,3,2020,17,1,75,75118,2,2,1,3,RUE ORDENER,48.893103,2.340214
202000030708,28,3,2020,4,5,75,75113,2,7,1,7,RUE DES PEUPLIERS,48.82396,2.353557
202000030709,26,3,2020,21,5,75,75111,2,2,1,3,RUE MORAND,48.868837,2.376299
202000030710,28,3,2020,18,1,75,75114,2,4,1,6,RUE VERCINGETORIX,48.835466,2.3155
202000030711,27,3,2020,8,1,94,94074,2,1,1,7,CHAMP SAINT-JULIEN (AV DU),48.7509857,2.4547442
202000030712,26,3,2020,16,1,94,94073,2,9,1,7,ROUTE NATIONALE 186,48.753501,2.3777599
202000030713,27,3,2020,10,1,94,94054,2,2,1,6,CHARLES TILLON (Av),48.74607,2.36948
202000030714,27,3,2020,14,1,94,94017,2,9,1,6,MONUMENT (R DU),48.810456,2.524934
202000030715,27,3,2020,11,1,93,93078,2,1,1,6,AV GEORGES CLEMENCEAU,48.95353,2.56267
202000030716,26,3,2020,5,2,93,93066,2,1,1,3,AV DU PRESIDENT WILSON,48.90672,2.35798
202000030717,25,3,2020,23,5,93,93066,2,1,1,1,CAQUET (PLACE),48.937515,2.359838
202000030718,27,3,2020,12,1,93,93049,2,1,1,3,CH DE MEAUX,48.86318,2.51345
202000030719,27,3,2020,14,1,93,93046,2,2,1,3,VAUBAN AVENUE,48.91767,2.52296
202000030720,27,3,2020,15,1,93,93047,2,2,1,3,GENERAL DE GAULLE (RUE DU),48.899358,2.55951
202000030721,29,3,2020,0,3,08,08357,1,1,1,6,Route de Douzy,49.652161,4.99893
202000030722,27,3,2020,8,1,24,24372,2,1,1,6,Rue des Piqueurs,45.145083,0.530021
202000030723,26,2,2020,16,1,52,52282,1,1,4,3,D143,47.994585,5.179791
202000030724,28,3,2020,18,1,33,33352,1,3,1,2,Laubes,44.588244,-0.059309
202000030725,28,3,2020,17,1,57,57242,2,1,1,1,50 Rue Louis Jost,49.273895,6.134185
202000030726,29,3,2020,12,1,74,74011,2,1,1,6,46 Rue des Mouettes,45.911063,6.152097
202000030727,27,2,2020,9,1,14,14422,1,1,1,6,Mézidon Vallée d'Auge,49.070534,-0.011694
202000030728,28,3,2020,21,5,50,50236,2,1,1,6,6 Rue des Hauts Vents,49.286805,-1.541837
202000030729,28,3,2020,17,1,21,21638,2,3,1,6,Route de Langres,47.518545,5.179104
202000030730,26,2,2020,16,1,85,85128,2,1,1,3,Avenue Marechal Juin,46.459087,-1.143635
202000030731,23,3,2020,21,3,27,27580,2,1,1,6,Route Nationale,49.348989,0.926456
202000030732,29,3,2020,15,1,17,17106,1,1,1,6,RD 731,45.549901,-0.307349
202000030733,28,3,2020,22,3,988,98821,1,1,1,6,ROUTE DE BANGOU/PAITA,-22.045401,166.265405
202000030734,29,3,2020,1,3,06,06065,2,1,1,6,Route de Cagnes,43.709176,7.143914
202000030735,29,3,2020,11,1,33,33441,2,2,1,1,Piste cyclable D808 / Chemin de Gabaroche,45.14724,-0.638832
202000030736,28,3,2020,20,3,59,59120,1,2,1,6,Chemin d'Hondeghem,50.7622345,2.5795025
202000030737,28,3,2020,16,1,94,94022,1,1,1,-1,A86 INT,48.776474,2.415236
202000030738,28,3,2020,16,1,93,93051,1,1,1,2,A4,48.83509,2.57741
202000030739,27,1,2020,7,5,77,77058,2,2,2,6,GENETS (BOULEVARD DES) - D5,48.8391463,2.7214091
202000030740,26,3,2020,11,1,974,97411,1,9,1,2,MACE (ROUTE GABRIEL),-20.92073,55.49448
202000030741,27,3,2020,18,1,972,97213,1,9,1,3,PLACE D'ARMES,14.61952,-60.99451
202000030742,23,3,2020,19,2,64,64260,2,1,1,3,INDUSTRIE (RUE DE L'),43.3483,-1.77035
202000030743,22,3,2020,19,2,56,56121,1,1,1,6,Pénétrante de Lorient RD 465,47.7595,-3.38363
202000030744,21,3,2020,11,1,56,56083,2,2,1,3,LAVOISIER ( AVENUE ),47.79147,-3.27272
202000030745,26,3,2020,20,5,51,51230,2,7,1,3,Place Léon Bourgeois,49.0462802,3.9549195
202000030746,27,3,2020,8,1,37,37261,2,3,1,3,CHURCHILL (BOULEVARD WINSTON),47.3732931,0.6869403
202000030747,27,3,2020,19,2,34,34172,2,2,1,1,DOMITIENNE (VOIE),43.6239608,3.8622469
202000030748,27,3,2020,12,1,34,34172,2,2,1,3,JUSTICE DE CASTELNAU (AVENUE DE LA),43.62603,3.88247
202000030749,26,3,2020,17,1,31,31555,2,1,1,6,RUE LOUIS PLANA,43.612886,1.482515
202000030750,26,2,2020,17,1,14,14271,2,1,1,3,HARCOURT (ROUTE D'),49.16265,-0.36663
202000030751,3,2,2020,13,1,14,14118,2,1,1,6,LECLERC (BOULEVARD MARECHAL),49.180374,-0.363236
202000030752,27,3,2020,20,3,60,60107,1,1,1,6,D1016,49.3578628,2.4243971
202000030753,28,3,2020,14,1,81,81097,1,1,1,6,Lieu dit le Fontas,43.870874,2.244225
202000030754,26,2,2020,18,3,51,51049,1,1,1,3,D933,48.870085,3.9757255
202000030755,28,3,2020,12,1,80,80190,1,4,1,6,Rue de Frières,50.063172,1.633819
202000030756,21,2,2020,16,1,80,80761,1,1,1,1,D210 TILLOY LES CONTY,49.7532628,2.1833575
202000030757,27,3,2020,4,3,46,46306,1,1,1,6,les igues,44.690878,1.856604
202000030758,27,3,2020,21,3,47,47038,1,1,1,6,D666,44.3296495,0.3786458
202000030759,27,2,2020,11,1,70,70166,1,1,2,1,Comberjon,47.653001,6.206642
202000030760,28,3,2020,16,3,26,26055,1,1,1,6,Route de Bonneval,44.637021,5.576806
202000030761,27,3,2020,23,3,54,54080,1,1,1,7,D113,48.583677,5.830264
202000030762,27,3,2020,22,5,72,72180,2,1,1,7,Rue d'Estournelles de Constant,48.349995,0.367363
202000030763,28,3,2020,16,1,27,27378,1,1,1,7,D59,48.780854,1.220502
202000030764,27,3,2020,17,1,78,78043,1,1,1,6,Grille de Maintenon,48.837774,2.085986
202000030765,27,3,2020,18,1,973,97304,1,1,1,6,18 Route Degrad Saramaca,5.037574,-52.690408
202000030766,24,3,2020,7,1,91,91359,2,1,7,6,Grande Rue,48.394099,2.378004
202000030767,9,2,2020,6,3,33,33422,1,1,1,1,Boulac,44.827219,-0.762498
202000030768,28,3,2020,4,3,60,60446,1,1,1,6,ROUTE NATIONALE 2,49.1508104,2.8308471
202000030769,28,3,2020,2,3,60,60060,1,6,1,6,D1001,49.195139,2.232842
202000030770,5,3,2020,19,3,13,13070,1,1,1,4,A50-Sens Marseille vers Aubagne,43.2853674,5.5286604
202000030771,10,1,2020,6,5,94,94017,1,1,1,2,A4,48.8273238,2.5090637
202000030772,26,3,2020,21,5,69,69259,2,3,1,3,CARNOT                              (R ),45.70377,4.88006
202000030773,23,2,2020,22,5,73,73008,2,6,1,3,D991 Bd WILSON / Av TRESSERVE,45.6855704,5.9100411
202000030774,24,3,2020,22,3,34,34336,1,9,1,7,MEDITERRANEE (ROND POINT DE LA),43.32104,3.29229
202000030775,17,3,2020,12,1,22,22360,1,1,1,2,RN12,48.4827801,-2.6905919
202000030776,26,3,2020,12,1,09,09122,1,1,3,1,ESPAGNE (ROUTE D'),42.954252,1.623588
202000030777,2,9,2020,16,1,80,80021,2,1,1,5,ABBEVILLE (RUE D'),49.91116,2.25521
202000030778,23,3,2020,12,1,75,75115,2,2,1,3,BOULEVARD PERIPHERIQUE,48.832648,2.279813
202000030779,2,9,2020,11,1,80,80021,2,3,1,3,RIOLAN (RUE),49.88877,2.31655
202000030780,26,3,2020,15,1,75,75114,2,2,1,3,RUE DE L OUEST,48.836757,2.32074
202000030781,4,9,2020,15,1,79,79329,2,1,1,6,20 Avenue Victor Hugo,46.984209,-0.21183
202000030782,4,9,2020,23,5,78,78551,2,1,1,7,PONTOISE (DE),48.89982,2.09348
202000030783,2,9,2020,16,1,78,78423,2,3,1,6,PRES (AVENUE DES),48.775298,2.015985
202000030784,26,3,2020,15,1,75,75107,2,2,1,6,BOULEVARD SAINT GERMAIN,48.86218,2.31963
202000030785,2,9,2020,22,5,78,78172,2,2,1,3,DE GAULLE (BD DU GENERAL),49.005079,2.093547
202000030786,24,3,2020,15,1,68,68196,2,1,1,6,5 Rue de l'Ecole,47.603487,7.054864
202000030787,4,9,2020,20,5,77,77118,2,1,1,7,MARGUERITES (ALLEE DES),48.938318,2.64219
202000030788,27,3,2020,10,1,72,72315,1,1,1,6,66 Rue de Beaumont,48.183039,-0.115574
202000030789,4,9,2020,8,1,77,77320,2,2,1,6,D 934 (SORTIE COULOMMIERS),48.8254,3.0377
202000030790,27,3,2020,9,1,09,09155,2,1,1,6,Lagardelle,42.779104,1.664221
202000030791,4,9,2020,21,5,71,71306,2,3,1,3,RESISTANCE (RUE DE LA),46.6722338,4.3807071
202000030792,4,9,2020,7,1,68,68066,2,1,1,6,LASCH (RUE GEORGES),48.07376,7.34852
202000030793,27,3,2020,9,1,60,60471,2,2,1,6,Rue de l'Evéché,49.581212,3.000853
202000030794,3,9,2020,14,1,67,67365,2,1,1,3,RENE CASSIN (ALLEE),48.5530492,7.7117744
202000030795,4,9,2020,15,1,66,66136,2,1,1,6,BATLLO QUAI FRANCOIS,42.70217,2.89394
202000030796,26,2,2020,10,1,28,28280,2,1,1,6,13 Avenue de la République,48.319104,0.818849
202000030797,3,9,2020,17,1,66,66136,2,1,1,4,SAINT-ROCH (CHEMIN DE),42.68886,2.91031
202000030798,3,9,2020,8,1,64,64129,2,2,1,3,CHATEAU D'ESTE DU,43.30723,-0.38246
202000030799,3,9,2020,18,1,64,64122,2,9,1,7,AVENUE DE LA MILADY,43.466745,-1.571843
202000030800,4,9,2020,7,1,63,63075,2,1,1,6,ROYAT (AVENUE DE),45.77595,3.06902
202000030801,3,9,2020,12,1,63,63113,2,5,1,-1,MOREL LADEUIL (RUE),45.77376,3.07537
202000030802,3,9,2020,22,5,61,61006,2,6,1,6,HUGO (BOULEVARD),48.73436,-0.0217
202000030803,30,8,2020,0,3,57,57606,1,1,1,1,ALTMAYER (RUE DES GENERAUX),49.13642,6.73854
202000030804,3,9,2020,18,1,56,56121,1,1,1,2,RD 465 Desserte Portuaire,47.74755,-3.38694
202000030805,3,9,2020,17,1,56,56185,1,1,1,4,RN 165,47.77403,-3.36873
202000030806,4,9,2020,17,1,54,54395,2,3,1,3,COLLIGNON (Avenue et Pont),48.68913,6.20123
202000030807,4,9,2020,13,1,54,54395,2,3,1,3,BLANDAN (IMPASSE ET RUE DU SGT),48.6735986,6.1714867
202000030808,3,9,2020,11,1,54,54395,2,3,1,3,MOUILLERON (RUE GABRIEL),48.6849401,6.1753866
202000030809,4,9,2020,7,2,51,51454,2,1,1,3,Avenue du Président Kennedy,49.2352106,4.007838
202000030810,2,9,2020,14,1,51,51454,2,3,1,2,Rue du Général Koenig,49.2266045,4.0239776
202000030811,4,9,2020,5,5,50,50532,1,2,2,6,NATIONALE (ANCIENNE ROUTE),48.8154,-1.5453
202000030812,3,9,2020,17,1,49,49007,2,1,1,3,Square Guillaume Barclay,47.46124,-0.61325
202000030813,2,9,2020,10,1,49,49267,1,1,1,3,RD 347,47.46941,-0.44704
202000030814,31,8,2020,21,2,49,49246,2,1,1,6,BOUTTON AVENUE,47.43901,-0.50642
202000030815,31,8,2020,16,1,49,49007,2,1,1,3,SAINT MICHEL BOULEVARD,47.47366,-0.53865
202000030816,1,9,2020,9,1,49,49007,2,1,1,3,PARMENTIER,47.45295,-0.51767
202000030817,1,9,2020,17,1,49,49246,2,6,1,3,DAVID D'ANGERS,47.43371,-0.5297
202000030818,2,9,2020,19,1,49,49246,2,6,1,3,GALLIENI AVENUE,47.43373,-0.52893
202000030819,3,9,2020,9,1,47,47001,2,3,1,3,SCALIGER (BOULEVARD),44.2067463,0.6140711
202000030820,4,9,2020,17,1,45,45302,2,1,1,2,SABLONNIERES (RUE DES),47.935,1.8851
202000030821,4,9,2020,21,5,45,45004,2,1,1,3,Rue du Gros Moulin,47.96982,2.77207
202000030822,4,9,2020,19,1,45,45004,2,1,1,2,ANTIBES (AVENUE D'),47.98148,2.73288
202000030823,3,9,2020,11,1,45,45004,2,3,1,3,Rue de Couleuvreux - D906026,47.98574,2.76938
202000030824,3,9,2020,18,1,44,44109,2,1,1,3,Rue de Carcouet,47.22317,-1.57293
202000030825,3,9,2020,17,1,44,44109,2,1,1,6,Boulevard des Anglais,47.22842,-1.57845
202000030826,3,9,2020,13,1,42,42207,2,1,1,6,Avenue de la Libération,45.4745744,4.5119059
202000030827,4,9,2020,16,1,37,37261,2,1,1,6,STENDHAL (AVENUE),47.3684514,0.7083539
202000030828,4,9,2020,8,1,37,37261,2,1,1,6,ORATOIRE (RUE DE L'),47.4122391,0.6980867
202000030829,4,9,2020,18,1,35,35238,2,1,1,5,HORLOGE (DE L'),48.11185,-1.68021
202000030830,4,9,2020,14,1,35,35238,1,1,1,2,PORTE DE LORIENT,48.11244,-1.71866
202000030831,4,9,2020,14,1,35,35238,2,1,1,7,BOSPHORE (DU),48.0832,-1.677
202000030832,4,9,2020,0,3,35,35278,1,1,1,6,ROCADE 13-14,48.14133,-1.67811
202000030833,4,9,2020,12,1,34,34172,2,1,1,3,RIMBAUD (RUE PAUL),43.61806,3.8437
202000030834,4,9,2020,9,1,33,33167,2,6,1,2,AVE DU PDT FRANCOIS MITTERRAND / AVE PIERRE MENDES-FRANCE,44.84304,-0.51136
202000030835,3,9,2020,22,5,33,33063,2,2,1,6,CRS ARISTIDE BRIAND / PCE DE LA VICTOIRE,44.83107,-0.57351
202000030836,4,9,2020,4,3,31,31555,2,1,1,6,BD DES RECOLLETS,43.5840954,1.4458019
202000030837,4,9,2020,14,1,29,29039,2,1,1,-1,Rue Joseph Bigot,47.88634,-3.91449
202000030838,4,9,2020,21,2,29,29019,2,1,1,-1,Rue de l'Amiral Nicol,48.3767284,-4.5161063
202000030839,4,9,2020,16,1,29,29019,2,1,1,3,Avenue Victor le Gorgeu,48.4104641,-4.515758
202000030840,4,9,2020,0,5,29,29019,2,6,2,3,Rond Point de Dun Laoghaire,48.4020246,-4.502297
202000030841,3,9,2020,11,1,29,29019,2,6,2,4,Rue Franklin Roosevelt,48.3828826,-4.4883098
202000030842,4,9,2020,12,1,27,27375,1,3,1,5,RD6155,49.20477,1.19506
202000030843,4,9,2020,17,1,26,26281,2,1,-1,6,FAUBOURG CLERIEUX (RUE),45.0443,5.04273
202000030844,4,9,2020,17,1,17,17300,2,3,1,1,FRERES JOUSSEAUME   RUE DES,46.17566,-1.15074
202000030845,3,9,2020,17,1,17,17300,2,2,7,3,VERHAEREN   RUE EMILE,46.1699,-1.1334
202000030846,4,9,2020,4,5,16,16102,2,1,1,1,Faubourg Saint Martin,45.689209,-0.344649
202000030847,4,9,2020,13,1,13,13117,2,3,1,3,GUIGOU (BOULEVARD PAUL ),43.43896,5.25443
202000030848,4,9,2020,23,5,13,13204,2,1,1,7,CHAVE (BOULEVARD),43.29617,5.40344
202000030849,4,9,2020,21,4,13,13216,2,1,1,7,Chemin du Littoral,43.35262,5.33784
202000030850,4,9,2020,21,5,13,13216,2,1,1,2,ESTAQUE PLAGE,43.360382,5.297675
202000030851,4,9,2020,14,1,13,13206,2,1,1,3,PIERRE PUGET (COURS),43.2901625,5.3750664
202000030852,2,9,2020,12,1,13,13213,2,1,1,3,OLIVES (AVENUE DES),43.32947,5.43024
202000030853,3,9,2020,15,1,13,13215,2,1,1,3,SAINT LOUIS (AVENUE DE),43.35167,5.35837
202000030854,4,9,2020,9,1,13,13209,2,1,1,2,SCHLOESING (BOULEVARD),43.273071,5.400688
202000030855,3,9,2020,23,5,13,13202,2,1,1,7,DUNKERQUE  (BOULEVARD DE),43.3084,5.3682
202000030856,3,9,2020,23,5,13,13210,2,1,1,1,SCHLOESING (BOULEVARD),43.29,5.36
202000030857,4,9,2020,12,1,10,10387,2,3,1,6,MAROTS (RUE DES),48.30748,4.0446
202000030858,4,9,2020,8,1,10,10081,2,1,1,6,ROGER SALENGRO (NATIONALE),48.31234,4.04998
202000030859,4,9,2020,10,1,06,06069,2,1,1,7,"SAINT JEAN (CHEMIN, VIEUX CHEMIN ET PLAC",43.669779,6.950704
202000030860,4,9,2020,18,1,03,03190,2,9,1,6,Rue de Villars,46.5603912,3.3345739
202000030861,4,9,2020,9,1,01,01053,2,3,1,1,LYON (AVENUE DE - N° PAIRS),46.1927839,5.2131218
202000030862,2,9,2020,17,1,75,75113,2,1,1,2,PORTE D IVRY,48.818263,2.369457
202000030863,4,9,2020,17,1,75,75112,2,4,1,3,ECHANGEUR BERCY,48.826664,2.390391
202000030864,4,9,2020,19,1,75,75120,2,2,1,6,RUE DE LAGNY,48.849039,2.411467
202000030865,4,9,2020,7,1,75,75118,2,2,1,2,RUE DE LA CHAPELLE,48.898496,2.359011
202000030866,4,9,2020,20,2,75,75117,2,3,1,6,RUE GUY MOQUET,48.891957,2.322471
202000030867,4,9,2020,19,1,75,75117,2,7,1,3,PLACE DU MARECHAL JUIN,48.884586,2.297662
202000030868,4,9,2020,16,1,75,75116,2,5,1,4,AVENUE KLEBER,48.865055,2.28877
202000030869,4,9,2020,0,4,75,75101,2,3,1,6,RUE DE RIVOLI,48.85939,2.345693
202000030870,3,9,2020,21,5,75,75116,2,2,1,3,AVENUE FOCH,48.87268,2.284582
202000030871,4,9,2020,14,1,75,75115,2,7,1,3,RUE DE VAUGIRARD,48.839583,2.301291
202000030872,4,9,2020,13,1,75,75113,2,3,1,3,BOULEVARD DE L HOPITAL,48.835718,2.358635
202000030873,4,9,2020,16,1,75,75110,2,3,1,3,RUE DE DUNKERQUE,48.880239,2.353636
202000030874,4,9,2020,11,1,75,75109,2,3,1,6,RUE HENRY MONNIER,48.88001,2.337346
202000030875,4,9,2020,15,1,75,75107,2,3,1,3,BOULEVARD SAINT GERMAIN,48.858132,2.323512
202000030876,4,9,2020,15,1,75,75102,2,2,1,6,AVENUE DE L OPERA,48.868774,2.333131
202000030877,4,9,2020,9,1,75,75101,2,7,7,7,RUE DE RIVOLI,48.862408,2.336263