Num_Acc,jour,mois,an,hr,condition_eclairage,departement,commune,condition_agglomeration,intersection,condition_atmosphere,type_collision,adresse,lattitude,longitude
202000030878,4,9,2020,18,1,94,94046,2,2,1,6,LEON BLUM (AV),48.80059,2.43515
202000030879,2,9,2020,9,1,94,94041,2,2,1,3,JEAN MAZET (R),48.8145,2.4071
202000030880,4,9,2020,9,1,94,94021,2,1,1,3,JEAN MERMOZ (BD),48.77263,2.33943
202000030881,4,9,2020,9,1,94,94065,2,1,7,6,PARAY (CHE DE),48.745462,2.347593
202000030882,3,9,2020,18,1,94,94028,1,4,1,3,ECHAT(RUE DE L'),48.80124,2.44594
202000030883,4,9,2020,14,1,94,94055,2,1,1,6,GENERAL DE GAULLE (AV DU),48.78636,2.5382
202000030884,3,9,2020,15,1,94,94019,2,1,1,3,LIBERATION (RTE DE LA),48.8035,2.53727
202000030885,4,9,2020,15,1,94,94017,2,1,1,6,HENRI-MARIE LE BOURSICAUD (AV),48.81413,2.52654
202000030886,4,9,2020,10,1,93,93072,2,1,1,-1,AV ARISTIDE BRIAND,48.9608,2.3818
202000030887,4,9,2020,12,1,93,93070,2,1,1,2,MICHELET (AVE) : DU 1 AU 103,48.9131025,2.3442742
202000030888,4,9,2020,8,1,93,93066,2,2,1,3,R DU PORT / R MICHELS CHARLES,48.93594,2.3439
202000030889,3,9,2020,20,2,93,93066,2,1,1,6,LANGLIER RENAUD,48.9164641,2.3554179
202000030890,3,9,2020,13,1,93,93066,2,1,1,3,WILSON (AVENUE DU PRESIDENT),48.9070378,2.3587633
202000030891,31,8,2020,12,1,93,93066,1,1,1,2,WILSON (AVENUE DU PRESIDENT),48.9229,2.3575
202000030892,4,9,2020,10,1,93,93055,2,1,1,6,SCANDICCI,48.890602,2.3991876
202000030893,4,9,2020,8,1,93,93051,2,1,1,3,VICTOR BASCH (AVENUE),48.8352165,2.5637555
202000030894,4,9,2020,15,1,92,92075,2,1,1,6,MARCEL MARTINIE (AVENUE),48.82225,2.291887
202000030895,4,9,2020,22,5,92,92050,2,2,1,3,CHATOU ROUTE DE,48.8914957,2.1775085
202000030896,2,9,2020,10,1,92,92050,2,4,1,2,PREMIER MAI RUE DU,48.9167659,2.2211882
202000030897,1,9,2020,17,1,92,92050,2,3,1,6,HEROLD BOULEVARD,48.888267,2.2019394
202000030898,4,9,2020,21,3,92,92040,2,1,1,3,ARISTIDE BRIAND,48.8213,2.25487
202000030899,4,9,2020,12,1,92,92040,2,1,1,7,PASTEUR (AVENUE),48.82061,2.2609
202000030900,4,9,2020,8,1,92,92026,2,3,1,3,FAUVELLES ( RUE DES ),48.900348,2.2306511
202000030901,3,9,2020,9,1,92,92025,2,3,1,3,HENRI BARBUSSE (AV),48.916833,2.252691
202000030902,4,9,2020,8,1,92,92060,2,1,1,3,LA BOURSIDIERE,48.7746879,2.2394474
202000030903,4,9,2020,14,1,92,92012,2,3,1,3,REPUBLIQUE (BOULEVARD DE LA) 5/77BIS - 6,48.8309111,2.2579151
202000030904,3,9,2020,11,1,92,92014,2,2,7,6,MARECHAL JOFFRE (BD DU) (43 A 97 - 58 A,48.7830846,2.3152184
202000030905,31,8,2020,13,1,974,97415,2,3,1,3,18 Rue des Filaos,-21.015131,55.260828
202000030906,5,9,2020,8,1,974,97422,2,1,3,6,70 Chemin Epidor Hoareau,-21.250274,55.505694
202000030907,4,9,2020,16,1,62,62038,2,1,1,1,Route des Pélerins,50.866252,2.002623
202000030908,4,9,2020,19,2,63,63264,1,1,1,7,D983,45.639548,2.844708
202000030909,5,8,2020,17,1,12,12096,2,1,1,6,Chemin des Petits Arbres,44.522871,2.76783
202000030910,4,9,2020,22,3,22,22246,1,3,1,7,nationale 12,48.4774969,-2.6160484
202000030911,5,8,2020,14,1,37,37141,1,1,1,6,,47.2891448,1.036625
202000030912,4,9,2020,18,1,62,62361,2,1,1,6,Rue de la Blanchisserie,50.278352,2.286139
202000030913,4,9,2020,21,5,62,62124,2,1,1,1,Route Nationale,50.49074,1.727477
202000030914,4,9,2020,23,3,56,56232,1,1,1,6,Clos Mort,47.679663,-2.137485
202000030915,4,9,2020,17,1,74,74225,2,1,1,-1,Rue du Bouchet,45.868781,5.935774
202000030916,4,9,2020,21,3,82,82087,2,1,1,6,2 place Cote Saint Georges,44.1251207,1.2412332
202000030917,4,9,2020,17,1,33,33395,2,1,1,1,Cos Sud,45.23057,-0.777248
202000030918,4,9,2020,22,3,81,81288,1,1,1,7,D151,43.442829,2.040713
202000030919,4,9,2020,19,1,11,11165,1,1,1,7,D117,42.8733275,2.1584165
202000030920,5,9,2020,12,1,11,11007,1,1,1,7,RD 613 PK 57,42.943657,2.434751
202000030921,3,9,2020,16,1,63,63072,1,1,1,6,D2089,45.873577,3.707607
202000030922,6,8,2020,7,1,61,61507,1,1,1,1,La Gastine,48.55024,0.583439
202000030923,1,9,2020,15,1,61,61486,1,1,1,3,RD 924,48.770086,-0.707021
202000030924,3,9,2020,14,1,55,55148,1,1,1,2,D960,48.556216,5.515051
202000030925,24,8,2020,8,1,12,12299,2,3,1,7,3 Avenue du Levezou,44.087911,2.704391
202000030926,4,9,2020,17,1,42,42092,1,1,1,7,Route des Brossettes,45.498481,4.383631
202000030927,5,8,2020,9,1,41,41152,1,2,7,3,intersection D923/D13,47.54285,1.663762
202000030928,5,9,2020,9,1,68,68201,1,3,1,3,D110,47.749882,7.001011
202000030929,6,8,2020,10,1,25,25332,1,3,1,3, Intersection RD246 et 67 PR 29+600,47.207758,6.100824
202000030930,4,9,2020,3,3,35,35117,1,1,1,6,D166,48.138779,-2.223561
202000030931,4,9,2020,16,1,29,29284,2,9,1,6,2 Avenue du Port,47.793579,-4.278811
202000030932,5,9,2020,11,1,01,01373,2,3,1,3,51 Grande Rue,46.139077,5.553052
202000030933,5,9,2020,17,1,26,26208,1,1,1,1,110 Chemin de Mirabel,44.778499,4.945607
202000030934,5,9,2020,17,1,66,66009,2,4,1,3,Arles-sur-tech,42.462125,2.63777
202000030935,1,9,2020,11,1,06,06163,2,1,1,6,Route de la PIA,44.09526,7.605801
202000030936,5,9,2020,11,1,50,50270,1,1,1,2,Le Gibet,49.493639,-1.464934
202000030937,4,9,2020,7,1,10,10395,2,2,1,3,5 Route d'Ervy,48.023565,4.006775
202000030938,5,8,2020,11,1,16,16106,2,6,1,7,Lieu dit Serres,46.003475,0.673728
202000030939,4,9,2020,17,1,07,07199,2,1,1,6,D104,44.48421,4.258522
202000030940,5,9,2020,10,1,40,40142,1,1,1,2,Route de Taller,43.858026,-1.003774
202000030941,5,9,2020,5,5,24,24291,1,1,1,7,route de sarlat,45.06407,1.177146
202000030942,4,9,2020,16,1,87,87111,2,1,1,6,Rue René Lathière,45.732741,0.863902
202000030943,5,9,2020,11,1,37,37028,1,2,1,3,,46.7936811,0.9604306
202000030944,4,9,2020,20,2,37,37045,1,2,1,7,,47.0102923,0.6313116
202000030945,3,9,2020,11,1,24,24289,1,2,1,3,D936,44.852712,0.047615
202000030946,5,9,2020,10,1,38,38339,1,1,1,5,Route de Turitin,45.597585,5.165291
202000030947,5,9,2020,2,3,33,33199,1,6,1,6,A660 ROND POINT DE LA HUME PK22.000,44.616027,-1.102012
202000030948,29,8,2020,16,1,06,06088,1,1,3,2,A8 PK 186+000 SUD,43.669612,7.201122
202000030949,4,9,2020,13,1,06,06104,1,1,1,6,A8 pk 214+000 sud,43.75791,7.443919
202000030950,31,8,2020,17,1,06,06149,1,1,1,2,A8 PK 202+800 NORD,43.735829,7.319791
202000030951,5,9,2020,14,1,51,51572,1,1,8,7,A4,49.0392387,4.6341557
202000030952,5,9,2020,14,1,45,45012,1,1,1,7,D20-PR 29 + 500,48.27335,2.232038
202000030953,4,9,2020,20,2,77,77219,1,3,7,1,D216,48.79632,2.960815
202000030954,5,9,2020,6,3,95,95492,1,1,2,7,RD10,49.031003,2.424695
202000030955,5,9,2020,3,3,2B,2B079,2,1,1,6,D15a,42.482245,9.281715
202000030956,5,9,2020,9,1,34,34154,1,1,1,2,D189,43.603455,3.962511
202000030957,4,9,2020,8,1,71,71090,1,2,1,5,Route de Julienas,46.223857,4.745512
202000030958,4,9,2020,0,4,57,57724,2,1,1,6,Rue du Docteur Pierre Maurin,49.264808,6.107401
202000030959,4,9,2020,21,3,57,57561,1,1,1,7,D35,49.007446,7.233639
202000030960,4,9,2020,7,1,38,38110,1,1,1,7,Route de Communay,45.58781,4.868059
202000030961,2,9,2020,12,1,69,69243,2,1,1,6,34 boulevard voltaire,45.893854,4.435998
202000030962,5,9,2020,13,1,17,17099,1,1,1,6,D157,45.235288,-0.327659
202000030963,4,9,2020,19,1,85,85083,1,1,1,5,D948,46.98165,-2.24668
202000030964,5,8,2020,17,1,49,49299,1,1,1,7,D63,47.093613,-0.92209
202000030965,1,9,2020,20,1,44,44052,2,1,1,2,31 rue Armand de Gramont,47.32996,-2.08052
202000030966,5,9,2020,16,1,50,50041,2,1,1,3,D318,49.645944,-1.850467
202000030967,2,9,2020,9,1,22,22343,2,6,1,3,Rue de Lan Ar Cleis,48.7689335,-3.5635727
202000030968,4,9,2020,16,1,59,59500,1,1,1,3,D89,50.098557,3.131356
202000030969,4,9,2020,18,2,13,13215,1,1,1,7,A7-Sens Lyon vers Marseille,43.351982,5.366253
202000030970,4,9,2020,14,1,13,13055,1,1,1,4,A507 sens Marseille - Aubagne,43.3013,5.4244
202000030971,4,9,2020,10,1,13,13055,1,1,1,2,A507 sens Aubagne- Marseille,43.3064,5.4253
202000030972,9,7,2020,9,1,13,13071,1,1,1,3,A7-Sens Lyon vers Marseille,43.408235,5.287437
202000030973,4,9,2020,16,1,69,69266,1,1,1,2,RD383   1.893 A 2.321,45.78708,4.88793
202000030974,3,9,2020,18,1,54,54115,1,1,1,3,A 31,48.6944,6.1037
202000030975,4,9,2020,15,1,33,33192,1,1,1,2,ROCADE A 630,44.7898,-0.61348
202000030976,3,9,2020,21,2,59,59403,1,1,1,2,AUTOROUTE A23,50.431227,3.380855
202000030977,4,9,2020,16,1,92,92019,1,1,1,3,RN 385 Extèrieure,48.7607,2.25295
202000030978,4,9,2020,8,1,94,94037,1,1,1,7,AUTOROUTE A6B,48.8161,2.3567
202000030979,4,9,2020,8,1,78,78423,1,1,1,4,RN12,48.795511,2.045737
202000030980,23,5,2020,17,1,36,36081,1,2,1,3,Bord,46.503038,1.600893
202000030981,1,11,2020,20,5,988,98818,2,3,1,2,ROUTE DE L'ANSE VATA/RUE THOMY CELIERES,-22.29613,166.44519
202000030982,1,11,2020,17,1,988,98818,2,3,1,3,RUE JACQUES IEKAWE/RUE ULM,-22.23644,166.47538
202000030983,31,10,2020,11,1,974,97411,2,1,1,6,Avenue Leconte de Lisle,-20.89093,55.48059
202000030984,31,10,2020,3,5,973,97302,2,1,1,6,PREVOT (ERNEST),4.9337266,-52.3329931
202000030985,30,10,2020,16,1,91,91216,2,1,1,7,CD 257,48.6732,2.33527
202000030986,1,11,2020,13,1,91,91421,1,1,1,7,NATIONALE 6 (GLACIERE),48.71404,2.44243
202000030987,1,11,2020,0,5,83,83137,2,1,1,6,FORGENTIER (CHEMIN DE),43.136337,5.898738
202000030988,1,11,2020,18,5,69,69256,2,3,1,6,HENRI BARBUSSE                      (AV),45.7845212,4.9169491
202000030989,1,11,2020,16,1,69,69264,2,6,1,6,BURDEAU   BD ( HORS GEANT CASINO),45.99788,4.73409
202000030990,1,11,2020,22,5,59,59599,2,2,2,3,FOREST (CHAUSSEE FERNAND),50.736348,3.149668
202000030991,1,11,2020,1,5,34,34172,2,2,1,6,JUSTICE DE CASTELNAU (AVENUE DE LA),43.62553,3.87949
202000030992,22,10,2020,9,1,13,13103,2,3,1,6,AVENUE BLUM - LEON,43.6362149,5.1031226
202000030993,1,11,2020,20,5,13,13211,2,1,1,6,SAINT MENET (MONTEE),43.290825,5.492983
202000030994,1,11,2020,18,2,13,13211,2,1,1,6,SAINT LOUP (BOULEVARD DE),43.28249,5.43208
202000030995,1,11,2020,16,1,13,13001,1,3,1,2,RD 543,43.51464,5.35102
202000030996,1,11,2020,17,2,06,06088,2,1,1,6,ARSON (RUE),43.70297,7.28813
202000030997,1,11,2020,21,5,75,75110,2,1,2,6,BOULEVARD DE LA VILLETTE,48.874449,2.374403
202000030998,1,11,2020,15,1,75,75117,2,7,1,3,PLACE PAUL LEAUTAUD,48.887203,2.297513
202000030999,1,11,2020,12,1,75,75117,2,7,2,7,BOULEVARD DES BATIGNOLLES,48.883501,2.326725
202000031000,1,11,2020,17,2,75,75114,2,2,2,5,BOULEVARD ROMAIN ROLLAND,48.819859,2.325508
202000031001,1,11,2020,17,1,75,75113,2,4,2,2,ECHANGEUR GENTILLY,48.816819,2.344125
202000031002,1,11,2020,13,1,94,94076,2,1,2,2,PARIS (AV DE),48.80394,2.36422
202000031003,1,11,2020,21,5,93,93077,2,1,2,6,RAINCY (AVENUE DU),48.88767,2.50978
202000031004,1,11,2020,19,3,93,93062,2,1,2,4,RESISTANCE (AVENUE DE LA),48.89742,2.5158
202000031005,31,10,2020,22,5,93,93077,2,5,2,4,NEUILLY (RUE DE),48.8789697,2.516174
202000031006,1,11,2020,20,5,93,93027,2,2,2,3,VAILLANT-COUTURIER (AVENUE PAUL),48.92481,2.41508
202000031007,1,11,2020,5,3,93,93010,2,1,2,6,FRANCE (AV. ANATOLE) DE 79 ET 80 A FIN,48.8914576,2.4966044
202000031008,1,11,2020,18,3,93,93005,2,1,2,2,EUROPE (CARREFOUR DE L'),48.9514157,2.4813562
202000031009,1,11,2020,18,4,92,92072,2,1,2,6,SAINT CLOUD (RUE DE),48.83414,2.22227
202000031010,1,11,2020,14,1,92,92024,2,1,1,2,GUSTAVE EIFFEL (RUE),48.90308,2.29194
202000031011,1,11,2020,15,1,92,92060,2,4,8,3,ALLIES (PLACE DES),48.7745339,2.2579761
202000031012,2,11,2020,12,1,08,08144,1,1,1,1,D30,49.506249,4.434327
202000031013,18,10,2020,13,1,51,51097,1,1,1,7,D79,49.0838854,4.5386218
202000031014,31,10,2020,2,3,84,84027,1,1,1,6,D237,44.092047,4.762584
202000031015,2,11,2020,18,2,44,44072,1,1,1,2,RN165 - PR63+450,47.497691,-2.255287
202000031016,1,11,2020,18,3,58,58215,1,9,1,6,A77,47.280132,2.97236
202000031017,1,11,2020,18,3,59,59094,1,1,2,7,cd 11route de looberghe,50.926004,2.240138
202000031018,30,10,2020,21,3,67,67025,1,1,1,6,Route du Rhin,48.850202,8.103055
202000031019,1,11,2020,7,2,2A,2A271,2,1,1,6,Les Terrasses du Parc,41.951894,8.79168
202000031020,2,11,2020,17,1,71,71225,1,1,1,1,D977,46.7249105,4.7698907
202000031021,25,10,2020,18,3,47,47004,1,1,3,1,Padouen,44.278539,0.334413
202000031022,1,11,2020,17,2,38,38055,1,1,1,6,Route de Morestel,45.68991,5.52065
202000031023,2,11,2020,5,3,14,14456,2,1,1,6,20 Route de Paris,49.116976,-0.167928
202000031024,2,11,2020,15,1,14,14639,1,1,1,7,RD50 - Route du Coupe Gorge,49.138807,0.101752
202000031025,29,10,2020,16,1,973,97306,1,1,1,3,Rue Soeur Madeleine Dauphin,5.596382,-53.817558
202000031026,1,11,2020,18,3,973,97305,1,1,3,2,N1,4.916431,-52.376837
202000031027,2,11,2020,16,1,68,68163,2,1,1,7,Rue de l''Europe,47.672829,7.498448
202000031028,28,10,2020,18,3,46,46323,1,1,8,-1,A20,44.603015,1.503617
202000031029,1,11,2020,22,5,60,60103,2,1,2,6,40 Rue de la Chaussée,49.40608,2.253147
202000031030,29,10,2020,17,3,59,59087,1,2,2,3,Rue de la Chapelle,50.664638,2.438155
202000031031,30,10,2020,12,1,13,13070,1,1,1,3,A50-Sens Aubagne vers Marseille,43.2894183,5.4941466
202000031032,30,10,2020,5,3,67,67365,1,1,1,3,Autoroute A.35,48.5345,7.70091
202000031033,1,11,2020,19,3,93,93053,1,1,2,6,AUTOROUTE A86,48.90066,2.46254
202000031034,30,10,2020,16,1,94,94028,1,1,1,7,A86 EXT,48.8016,2.4477
202000031035,30,10,2020,18,5,974,97411,2,1,1,7,FERRY (RUE JULES),-20.89326,55.46421
202000031036,31,10,2020,19,5,973,97302,2,1,2,1,MONTABO (ROUTE DE) 3,4.94302,-52.30621
202000031037,31,10,2020,14,1,69,69259,2,3,1,3,GABRIEL PERI                        (R ),45.7054,4.86743
202000031038,30,10,2020,20,4,972,97213,2,1,1,2,AUTOROUTE A1,14.6188419,-61.0138607
202000031039,31,10,2020,16,1,69,69256,2,3,1,3,CUZIN                               (R ),45.77446,4.91543
202000031040,31,10,2020,21,5,59,59339,2,2,2,3,WATTRELOS (RUE DE),50.687914,3.236931
202000031041,28,10,2020,22,5,59,59350,2,1,1,3,LIBERTE BVD N°2 - 90-51 - 145,50.6322144,3.060829
202000031042,31,10,2020,2,4,45,45169,2,1,1,6,255 Route Nationale,47.933,1.832
202000031043,31,10,2020,19,3,45,45208,2,2,1,3,D943 PR 0 + 455,48.00367,2.74191
202000031044,31,10,2020,16,1,45,45004,2,6,1,2,Avenue d’Antibes,47.9783529,2.733609
202000031045,30,10,2020,8,1,42,42305,2,2,1,6,Rue Victor Hugo,45.48114,4.43476
202000031046,31,10,2020,15,1,37,37122,2,3,8,3,PLACIER (IMPASSE DU),47.3629982,0.674145
202000031047,31,10,2020,20,5,35,35238,2,2,8,1,VERN (DE),48.09107,-1.64541
202000031048,31,10,2020,16,1,35,35238,1,1,8,6,Porte de Villejean,48.12428,-1.7185
202000031049,31,10,2020,18,5,30,30189,2,1,1,2,ALLENDE SALVADOR (RUE),43.81966,4.3565
202000031050,31,10,2020,19,5,14,14118,2,2,2,3,PIGACIERE (RUE DE LA),49.18821,-0.35978
202000031051,31,10,2020,12,1,14,14341,1,1,1,1,Route Nationale 158,49.1394,-0.3354
202000031052,31,10,2020,13,1,13,13212,2,2,1,3,COMTESSE (BOULEVARD DE LA),43.3151537,5.447428
202000031053,31,10,2020,14,1,13,13211,2,1,1,7,DE LA SOLITUDE (TRAVERSE),43.28075,5.50444
202000031054,29,10,2020,12,1,13,13004,2,4,1,3,AV PRESIDENT SALVADOR ALLENDE,43.6703822,4.6179277
202000031055,31,10,2020,20,5,75,75110,2,3,2,1,RUE DU FAUBOURG SAINT MARTIN,48.880405,2.364292
202000031056,31,10,2020,16,1,75,75110,2,2,2,6,BOULEVARD DE LA CHAPELLE,48.884308,2.361517
202000031057,29,10,2020,10,1,75,75102,2,7,1,3,PLACE DE LA BOURSE,48.869469,2.342296
202000031058,31,10,2020,10,1,94,94046,2,3,1,6,REPUBLIQUE (AV DE LA),48.804308,2.437381
202000031059,29,10,2020,16,1,94,94016,2,9,1,6,63 Avenue du Président Wilson,48.78872,2.32473
202000031060,31,10,2020,17,2,93,93007,2,1,2,1,CHARLES FLOQUET (AVENUE),48.94048,2.45091
202000031061,31,10,2020,5,5,93,93007,2,1,1,6,8 MAI 45 (AVENUE DU 1 AU 182),48.9484481,2.437418
202000031062,31,10,2020,11,1,92,92077,2,1,1,1,MARNES (RUE DE),48.8278486,2.1843045
202000031063,31,10,2020,18,5,92,92049,2,1,2,3,BRIAND AVENUE ARISTIDE AUTRES N°,48.8184496,2.3256717
202000031064,1,11,2020,17,1,974,97415,2,2,1,3,Chaussée Royale,-21.0119309,55.2724904
202000031065,1,11,2020,2,3,83,83072,1,1,1,7,Route des Miquelets,43.48503,6.288037
202000031066,1,11,2020,15,1,25,25388,2,1,2,1,D136,47.524794,6.811759
202000031067,1,11,2020,8,2,30,30151,1,1,8,7,Route departentale 6,44.13171,4.410238
202000031068,1,11,2020,11,1,65,65436,1,1,1,3,1 Route de Coussan,43.240921,0.174446
202000031069,31,10,2020,16,1,65,65392,1,1,1,7,D18,43.152898,0.075692
202000031070,21,10,2020,13,1,33,33140,2,1,1,6,24 Boulevard Victor Hugo,44.77505,-0.34611
202000031071,1,11,2020,0,5,89,89439,2,1,1,6,35 Rue Bernard Liège,47.970847,3.710863
202000031072,1,11,2020,2,4,63,63423,2,1,1,6,Route d'Isserteaux,45.6020561,3.4071769
202000031073,1,11,2020,5,5,65,65230,2,1,1,6,Route de Loures,43.016961,0.599733
202000031074,1,11,2020,15,1,54,54047,2,8,2,7,5 Rue du Chanois,48.5417811,5.8452952
202000031075,1,11,2020,13,1,60,60390,1,2,2,3,D9,49.539255,2.156829
202000031076,29,10,2020,12,1,73,73103,1,2,1,3,214 Chemin de la Boisiere,45.6568,5.911803
202000031077,25,10,2020,18,3,07,07035,1,1,1,6,D533,44.943478,4.700399
202000031078,29,10,2020,16,1,87,87032,2,1,2,3,36 Avenue Jean Jaures,45.658237,0.9834857
202000031079,31,10,2020,19,3,31,31181,1,1,1,3,68 Chemin Roucade,43.411844,1.295958
202000031080,30,10,2020,21,3,987,98745,2,1,1,3,Tapuamu,-16.6190993,-151.5437579
202000031081,1,11,2020,18,2,974,97408,2,3,1,1,Rue Ho Chi Minh,-20.965652,55.340753
202000031082,31,10,2020,9,1,77,77001,1,1,7,1,D63,48.348891,2.583117
202000031083,30,10,2020,19,5,83,83071,1,9,1,6,D98,43.146562,6.257105
202000031084,1,11,2020,13,1,89,89080,1,1,8,6,BRETELLE AUTOROUTE A 19 B5 B,48.271597,3.290234
202000031085,1,11,2020,0,3,38,38071,1,1,1,6,Chemin de Font Fraiche,45.06816,5.72872
202000031086,31,10,2020,18,2,33,33339,2,1,1,6,3 Chemin de la Croix Blanche,45.037473,-0.503159
202000031087,31,10,2020,22,3,60,60141,2,1,1,6,18 Rue de Creil,49.19482,2.465553
202000031088,30,10,2020,14,1,13,13214,1,1,1,2,A7-Sens Marseille vers Lyon,43.3209,5.3779
202000031089,26,10,2020,10,1,01,01049,1,1,2,6,A432N 11.118 A 12.100,45.83109,5.02699
202000031090,31,10,2020,15,1,93,93027,1,1,1,2,AUTOROUTE A86,48.92615,2.4193
202000031091,30,10,2020,17,2,92,92036,1,1,1,3,AUTOROUTE A86,48.9390318,2.3061204
202000031092,30,10,2020,12,1,93,93064,1,1,1,3,AUTOROUTE A3,48.88561,2.4722
202000031093,30,10,2020,7,2,94,94073,1,1,1,4,A86 EXT,48.75593,2.38334
202000031094,31,10,2020,2,5,988,98818,2,2,1,3,ROUTE DE L'ANSE VATA/RUE EDOUARD GLASSER,-22.29259,166.44726
202000031095,30,10,2020,11,1,974,97411,2,1,1,6,BRASSENS (AVENUE GEORGES),-20.9047,55.48328
202000031096,30,10,2020,15,1,69,69388,2,2,1,6,PAUL CAZENEUVE                      (R ),45.7339247,4.8627517
202000031097,28,10,2020,18,5,69,69259,2,1,1,2,OSCHATZ (D')                        (AV),45.69635,4.88331
202000031098,29,10,2020,15,1,69,69383,2,1,1,3,FELIX FAURE                         (AV),45.75527,4.87272
202000031099,29,10,2020,20,5,91,91657,2,9,2,3,RUE FREDERIC JOLIOT CURIE,48.703171,2.419929
202000031100,6,10,2020,16,1,91,91174,2,1,1,3,RUE D ANGOULEME,48.60096,2.46341
202000031101,29,10,2020,17,1,87,87085,1,1,2,4,AUTOROUTE A20,45.86185,1.28672
202000031102,29,10,2020,12,1,80,80021,2,1,1,6,JEAN JAURES (RUE),49.89955,2.28385
202000031103,29,10,2020,16,1,77,77296,2,1,1,3,RD 57,48.6298591,2.5728276
202000031104,8,10,2020,21,5,77,77445,1,2,1,3,ROUTOIRES (AVENUE DES),48.5901037,2.5920469
202000031105,29,10,2020,18,3,76,76540,2,1,1,6,GAMBETTA. BOULEVARD,49.43787,1.10546
202000031106,29,10,2020,18,1,76,76305,2,1,1,6,CAMP PHILIP MORIS (RUE),49.50931,0.22884
202000031107,29,10,2020,10,1,71,71306,2,1,1,2,ANATOLE FRANCE (RUE),46.6887231,4.3490472
202000031108,28,10,2020,18,1,66,66136,2,1,1,2,ARGELES SUR MER AVENUE D',42.68163,2.91161
202000031109,26,10,2020,21,3,66,66136,1,1,1,2,Départementale  617,42.71217,2.95812
202000031110,29,10,2020,11,1,64,64335,1,1,1,2,ARROUMBEGAS DES,43.3426006,-0.4128993
202000031111,29,10,2020,8,2,64,64125,2,6,1,3,RUE LORE LANDA,43.4455,-1.54515
202000031112,19,10,2020,10,1,61,61397,2,1,1,6,FRESNAY (ROUTE DE),48.42015,0.07839
202000031113,30,10,2020,21,5,59,59350,2,1,1,3,VERHAEREN AVENUE,50.6191,3.03234
202000031114,25,10,2020,18,2,59,59560,1,1,3,1,AVELIN ROUTE D,50.54319,3.0642
202000031115,29,10,2020,16,1,59,59569,2,1,1,6,VERDUN (RUE DE),50.36369,3.1134
202000031116,19,10,2020,10,1,56,56260,2,6,1,6,JUIN(AVENUE DU MARECHAL),47.63869,-2.7649
202000031117,24,10,2020,1,5,56,56121,2,2,2,3,BLUM ( BD LEON ),47.74389,-3.38109
202000031118,29,10,2020,0,5,56,56121,2,1,2,6,NAYEL ( ET PLACE AUGUSTE ),47.74778,-3.36354
202000031119,27,10,2020,17,1,56,56121,2,1,8,6,YEQUEL (RUE  LOUIS ),47.75514,-3.36514
202000031120,29,10,2020,12,1,54,54304,2,2,1,3,DEROULEDE (AVENUE PAUL),48.6851685,6.1558487
202000031121,29,10,2020,20,5,54,54493,2,3,2,6,LONGWY (RUE DE),49.5301,5.8188
202000031122,29,10,2020,17,1,52,52121,2,1,1,2,ASHTON UNDER LYNE (AVENUE D'),48.09228,5.14532
202000031123,28,10,2020,18,5,51,51454,2,1,2,4,Boulevard de la Paix,49.2537428,4.0408863
202000031124,28,10,2020,9,1,49,49007,2,1,2,5,CAMUS,47.46718,-0.54498
202000031125,27,10,2020,18,5,45,45298,2,1,3,1,Rue des Hautes Levées,47.89237,1.88197
202000031126,13,10,2020,5,5,42,42218,1,2,2,2,Boulevard Fauriat,45.44219,4.40834
202000031127,30,10,2020,2,3,41,41295,2,1,1,7,2 Rue des Bourdettes,47.60652,1.40556
202000031128,29,10,2020,18,2,35,35238,2,2,2,3,LAENNEC (BD RENE),48.10981,-1.66557
202000031129,30,10,2020,22,5,33,33063,2,6,1,3,PLACE RAVEZIES,44.86617,-0.57533
202000031130,30,10,2020,14,1,33,33063,1,3,1,3,AVE DE LABARDE / ACCES PARKING METRO,44.89173,-0.54898
202000031131,15,10,2020,13,1,33,33063,2,2,1,3,CRS DU MEDOC,44.86109,-0.57014
202000031132,29,10,2020,21,5,33,33162,2,1,1,3,AVE DE SAINT-MEDARD,44.86355,-0.65859
202000031133,29,10,2020,10,1,31,31555,1,1,1,2,VA008432 LANGLADE A620 Sortie 25,43.57062,1.43066
202000031134,29,10,2020,15,1,29,29232,1,1,8,4,RN 165,48.04319,-4.07029
202000031135,30,10,2020,8,1,27,27375,2,1,1,3,PARIS (CHAUSSEE DE),49.20462,1.19538
202000031136,30,10,2020,14,1,25,25056,2,1,1,6,BLUM  BOULEVARD LEON (inf 51),47.2554,6.0193
202000031137,29,10,2020,16,1,25,25056,2,9,1,3,DOLE,47.2287,5.98725
202000031138,30,10,2020,11,1,17,17300,2,6,1,3,BEAUREGARD   RUE DE,46.1675,-1.14
202000031139,30,10,2020,11,1,15,15012,1,1,1,1,RN 2122,44.897391,2.409409
202000031140,28,10,2020,11,1,14,14118,2,2,8,3,BRIAND (BOULEVARD ARISTIDE),49.178484,-0.361437
202000031141,30,10,2020,21,5,13,13208,2,3,1,3,PRADO (AVENUE DU),43.2799131,5.3871231
202000031142,30,10,2020,8,1,13,13210,2,1,1,2,JEAN EUGENE CABASSUD (BOULEVARD),43.285072,5.413281
202000031143,30,10,2020,11,1,06,06069,2,1,1,6,PROVENCE (AVENUE DE),43.6558,6.9245
202000031144,30,10,2020,16,2,06,06123,2,1,1,6,BORD DE MER RN 98,43.6566,7.1788