Num_Acc,jour,mois,an,hr,condition_eclairage,departement,commune,condition_agglomeration,intersection,condition_atmosphere,type_collision,adresse,lattitude,longitude
202000031145,29,10,2020,18,5,05,05061,2,3,1,3,COMMANDANT DUMONT ( AVENUE),44.56729,6.08339
202000031146,30,10,2020,17,5,75,75118,2,1,1,3,PORTE D AUBERVILLIERS,48.900844,2.367072
202000031147,29,10,2020,22,4,75,75117,2,4,1,7,PORTE MAILLOT,48.883034,2.283664
202000031148,3,8,2020,18,2,13,13201,2,9,1,6,CANEBIERE    81 A FIN,43.29867,5.38421
202000031149,28,10,2020,6,5,75,75113,2,1,1,4,PORTE D ITALIE,48.817738,2.367338
202000031150,31,7,2020,9,1,13,13075,2,1,1,1,L'ENJOLRAS (AVE DE),43.338949,5.453658
202000031151,30,10,2020,15,1,75,75115,2,3,1,6,RUE LECOURBE,48.840282,2.295186
202000031152,3,8,2020,2,5,13,13208,2,1,1,3,MENDES FRANCE (AVENUE),43.253699,5.376128
202000031153,30,10,2020,6,4,75,75120,2,1,1,6,RUE SERPOLLET,48.86068,2.410369
202000031154,3,8,2020,21,5,13,13047,2,9,1,6,AVENUE DE LA CRAU,43.5895,4.9419
202000031155,30,10,2020,15,1,75,75118,2,2,8,6,RUE LAMARCK,48.891122,2.329398
202000031156,29,10,2020,17,2,75,75116,2,3,1,3,AVENUE DE MALAKOFF,48.87708,2.283465
202000031157,2,8,2020,18,1,10,10387,2,1,1,2,NOES (RUE DES),48.2968,4.0606
202000031158,29,10,2020,13,1,75,75116,2,1,1,6,AVENUE VICTOR HUGO,48.864725,2.273657
202000031159,3,8,2020,11,1,06,06123,2,1,1,3,DE GAULLE GENERAL AVENUE,43.667922,7.192187
202000031160,30,10,2020,8,1,75,75115,2,4,1,7,RUE DU COTENTIN,48.838524,2.311538
202000031161,3,8,2020,2,5,75,75118,2,4,1,6,BOULEVARD PERIPHERIQUE,48.90109,2.355213
202000031162,28,10,2020,18,5,75,75112,2,1,2,5,QUAI DE BERCY,48.834122,2.381295
202000031163,2,8,2020,9,1,75,75119,2,1,1,2,BOULEVARD PERIPHERIQUE INTERIEUR NORD  ,48.897784,2.393798
202000031164,30,10,2020,14,1,75,75111,2,2,1,3,RUE DE CHARONNE,48.856462,2.394213
202000031165,29,10,2020,23,5,75,75109,2,2,1,6,BOULEVARD HAUSSMANN,48.8736,2.328345
202000031166,3,8,2020,17,1,75,75119,2,3,1,6,RUE DE BELLEVILLE,48.874686,2.387775
202000031167,29,10,2020,12,1,75,75108,2,3,1,2,RUE DE COURCELLES,48.875404,2.308824
202000031168,3,8,2020,15,1,75,75118,2,3,1,2,RUE DE LA CHAPELLE,48.893314,2.359636
202000031169,29,10,2020,12,1,75,75108,2,5,1,3,BOULEVARD HAUSSMANN,48.875314,2.315787
202000031170,3,8,2020,10,1,75,75117,2,4,1,3,RUE DU CAPORAL PEUGEOT,48.88708,2.289566
202000031171,27,10,2020,12,1,75,75103,2,5,1,7,RUE DE BRETAGNE,48.861936,2.364599
202000031172,25,7,2020,17,1,75,75117,2,3,8,7,BOULEVARD DES BATIGNOLLES,48.88187,2.318718
202000031173,26,7,2020,19,1,75,75101,2,3,1,7,RUE DE RIVOLI,48.863212,2.333801
202000031174,2,8,2020,18,1,75,75116,2,1,1,1,VOIE GEORGES POMPIDOU,48.840301,2.268042
202000031175,30,10,2020,18,5,94,94068,2,1,1,7,VARENNE (R DE LA),48.80761,2.47383
202000031176,3,8,2020,17,1,75,75114,2,7,1,2,PLACE DU VINGT CINQ AOUT 1944,48.823046,2.325492
202000031177,29,10,2020,14,1,94,94068,2,3,1,3,SAINT BENOIT (R),48.8087936,2.5105423
202000031178,2,8,2020,22,5,75,75111,2,3,1,2,RUE OBERKAMPF,48.866404,2.380486
202000031179,3,8,2020,21,3,75,75107,2,2,1,7,QUAI BRANLY,48.858971,2.293378
202000031180,28,10,2020,17,1,94,94041,2,4,8,5,PIERRE BROSSOLETTE (R),48.817095,2.381524
202000031181,30,10,2020,9,1,93,93045,2,3,1,3,PARIS RUE DE,48.8818464,2.4228329
202000031182,3,8,2020,17,1,75,75107,2,2,1,3,BOULEVARD SAINT GERMAIN,48.854471,2.330459
202000031183,28,10,2020,21,5,93,93006,2,2,1,3,REPUBLIQUE AVENUE DE LA,48.8623999,2.4161491
202000031184,3,8,2020,19,1,75,75104,2,3,1,7,RUE DE TURENNE,48.854574,2.36294
202000031185,30,10,2020,7,1,93,93029,2,3,1,6,BOIS D'AMOUR (AVENUE DU),48.9145416,2.461141
202000031186,3,8,2020,7,1,94,94078,2,1,8,3,PARIS (R DE),48.751,2.4452
202000031187,29,10,2020,21,5,93,93010,2,3,1,3,ALPY (RUE HENRI),48.9013624,2.4890183
202000031188,2,8,2020,19,1,94,94068,2,2,1,3,MOULIN (R DU),48.7886982,2.5052315
202000031189,1,8,2020,11,1,94,94065,1,1,1,2,CIRCULAIRE (boulevard),48.75389,2.35741
202000031190,29,10,2020,17,5,92,92046,2,2,1,3,GABRIEL PERI,48.8192,2.2978
202000031191,3,8,2020,8,1,93,93073,1,1,1,5,CHAPIT RE ( RUE DU),49.002219,2.5369412
202000031192,30,10,2020,20,5,92,92073,2,1,1,3,RATRAIT (RUE DU),48.8771078,2.2294274
202000031193,3,8,2020,17,1,93,93066,2,1,1,7,REPUBLIQUE,48.9366652,2.3533134
202000031194,3,8,2020,4,5,93,93077,2,1,1,6,R DE LA FOSSE AUX BERGERS,48.8891873,2.4953883
202000031195,3,8,2020,12,1,93,93053,2,2,1,6,HENRI BARBUSSE (RUE),48.8924178,2.4558365
202000031196,3,8,2020,7,1,93,93046,2,3,1,6,R JACOB / R JEAN JACQUES ROUSSEAU,48.92745,2.54351
202000031197,3,8,2020,20,1,93,93032,2,3,1,3,VIOLETTES (AVENUE DES),48.8946,2.5467
202000031198,3,8,2020,14,1,93,93027,2,1,1,3,R ROSA PARKS,48.92401,2.39706
202000031199,3,8,2020,19,1,93,93010,2,1,1,6,AULNAY (ROUTE) COTE PAIRE DE 2 A FIN,48.9108999,2.4806491
202000031200,1,8,2020,13,1,93,93007,2,9,1,3,8 MAI 45 (AVENUE DU 1 AU 182),48.94224,2.43272
202000031201,3,8,2020,18,1,92,92075,2,2,1,6,JEAN JAURES (AVENUE),48.82583,2.29064
202000031202,3,8,2020,18,1,35,35195,1,1,1,1,La Haute Pilais,48.288847,-1.688515
202000031203,4,8,2020,7,1,91,91390,1,1,1,1,D49,48.321545,2.094513
202000031204,26,7,2020,12,1,84,84069,1,1,1,3,D974,44.155973,5.147406
202000031205,4,8,2020,6,2,01,01209,1,1,1,6,D1206,46.118287,5.885416
202000031206,3,8,2020,16,1,22,22020,1,1,1,7,N12PR 09+800,48.312203,-2.241291
202000031207,2,8,2020,10,1,62,62233,1,9,1,3,D940,50.3517076,1.6483892
202000031208,3,8,2020,20,1,56,56054,1,2,1,3,Rue Abbé le Barh,47.640982,-3.1583527
202000031209,1,8,2020,20,1,74,74288,1,1,1,1,Route de Grateloup,46.112467,5.970214
202000031210,3,8,2020,12,1,82,82117,1,1,1,6,D47,44.34321,0.947844
202000031211,2,8,2020,1,3,32,32306,1,1,1,6,D123,43.869266,0.60485
202000031212,27,7,2020,15,1,32,32382,1,1,1,1,D939,43.75853,0.374275
202000031213,4,8,2020,16,1,89,89069,1,1,1,7,D30,48.102208,3.674884
202000031214,3,8,2020,19,1,61,61323,1,1,1,6,D920,48.47571,0.936381
202000031215,4,8,2020,13,1,42,42015,1,1,1,7,Route de Charlieu,46.16512,4.335549
202000031216,4,8,2020,18,1,46,46125,1,1,1,1,D 653,44.769329,2.029788
202000031217,3,8,2020,10,1,22,22135,1,1,1,7,Kerbol,48.552595,-3.372288
202000031218,31,5,2020,17,1,67,67073,2,1,1,7,31 Rue du Hahnenberg,48.275196,7.395827
202000031219,3,8,2020,15,1,39,39339,2,1,2,1,,46.358761,5.788274
202000031220,26,5,2020,17,1,01,01173,2,6,1,-1,D1005,46.334047,6.059786
202000031221,4,6,2020,15,1,50,50420,1,1,1,1,la coquerie,49.047742,-1.217315
202000031222,3,6,2020,17,1,91,91275,2,1,1,6,129 Route de Chartres,48.6773,2.133917
202000031223,31,5,2020,22,3,19,19011,1,1,1,7,Avenue du Midi,45.3887164,1.3690004
202000031224,3,6,2020,22,3,56,56222,1,1,1,6,Talrun,47.847295,-2.693453
202000031225,3,6,2020,20,2,56,56097,1,3,8,7,Botlidat,47.76664,-3.0978
202000031226,1,8,2020,18,1,35,35299,1,1,1,1,Les Nielles,48.633147,-1.865163
202000031227,3,6,2020,21,2,77,77032,1,1,3,7,"D55, PR 033 +982",48.716252,3.235216
202000031228,3,6,2020,11,1,79,79079,2,4,1,2,Rue du Calvaire,46.938543,-0.694051
202000031229,3,8,2020,13,1,29,29047,2,1,1,3,3 Rue de la Gare,48.536798,-4.373631
202000031230,3,6,2020,23,4,2B,2B346,2,6,1,3,Arena,42.501256,9.465446
202000031231,4,8,2020,18,1,29,29197,1,1,1,2,D784 - Kerouan,48.010617,-4.463571
202000031232,4,8,2020,3,3,38,38463,1,1,1,6,Route de Lyon,45.168349,5.3231289
202000031233,4,6,2020,10,1,80,80020,1,1,1,3,Allonville,49.928461,2.36515
202000031234,4,6,2020,9,1,80,80703,1,1,1,1,rd 316,49.823158,1.739101
202000031235,3,8,2020,17,1,38,38043,1,1,1,7,D1075,45.44451,5.56446
202000031236,4,6,2020,15,1,81,81145,1,1,8,6,Les Balards,43.875932,1.844223
202000031237,4,8,2020,15,1,02,02806,1,1,1,7,38 Rue de la Plaine Martin,49.172782,3.481786
202000031238,4,8,2020,12,1,02,02719,2,1,1,6,6 Rue Simon Lambacq,49.59809,3.256196
202000031239,4,8,2020,16,1,72,72386,2,1,1,7,Avenue Guy Bouriat,48.012047,0.266633
202000031240,3,6,2020,17,1,12,12239,1,2,1,5,D45,44.429019,2.962818
202000031241,3,8,2020,16,1,72,72070,1,9,1,7,D101,48.020675,-0.125202
202000031242,3,6,2020,9,1,41,41275,2,4,7,6,Rue du Vieux Moulin,47.918427,1.085705
202000031243,3,8,2020,17,1,14,14276,1,2,1,3,D43,48.969812,-0.268684
202000031244,29,5,2020,18,1,68,68065,1,1,1,6,D32,47.637273,7.024555
202000031245,4,8,2020,14,1,50,50110,1,1,1,6,Hameau de Cantilly,49.166073,-0.941065
202000031246,2,6,2020,10,1,35,35223,2,1,1,6,Rue de la Vallée du Cast,48.00622,-2.092102
202000031247,4,8,2020,13,1,83,83121,2,1,1,6,La Combe,43.571771,6.217865
202000031248,1,8,2020,0,3,83,83145,1,1,1,6,Route de Brue Auriac,43.591188,5.958757
202000031249,4,6,2020,4,4,70,70145,2,1,2,6,19 Rue de Boulot,47.366847,5.974706
202000031250,4,8,2020,9,1,60,60070,2,1,1,6,3 Rue de Compiègne,49.448071,2.82724
202000031251,25,7,2020,18,1,60,60029,2,2,1,3,RD 981 et RD 2,49.372349,1.988778
202000031252,4,6,2020,15,1,83,83038,1,1,8,1,D955,43.596741,6.471248
202000031253,21,5,2020,17,1,45,45327,2,1,1,6,31 Rue de Saint-mathurin,47.9717742,2.1097173
202000031254,3,8,2020,22,3,45,45175,1,1,1,6,"D 15, pk 016+900",47.730136,1.803077
202000031255,3,6,2020,18,1,45,45212,1,1,2,7,D117 - PR 6 + 615,47.9060944,2.8196617
202000031256,3,8,2020,11,1,24,24587,1,3,1,1,Route du Chateau de Montfort,44.840732,1.249652
202000031257,3,6,2020,13,1,45,45098,2,3,1,1,D951 - PR 104 + 950,47.8302003,1.7688522
202000031258,2,6,2020,14,1,18,18197,2,1,1,7,Chemin des Grainetières,46.74164,2.507533
202000031259,4,8,2020,18,1,04,04123,1,1,1,1,RD 4075,44.292436,5.842911
202000031260,3,6,2020,23,5,10,10437,2,1,1,6,36 Rue Roger Dossot,48.13955,4.308351
202000031261,4,6,2020,6,1,16,16167,2,3,1,3,Ld Faubourg de lOrmeau,45.685792,-0.166508
202000031262,3,8,2020,20,1,87,87086,1,3,1,5,Ribiere Gagnoux,45.705314,1.509668
202000031263,1,8,2020,16,1,08,08200,2,1,1,1,Rue Corneille,49.416594,4.629002
202000031264,3,6,2020,2,3,17,17347,2,3,1,6,17 Rue Bonneterie,45.942351,-0.52228
202000031265,3,8,2020,16,1,88,88066,1,1,1,6,D14d,48.378245,6.079189
202000031266,2,6,2020,21,2,37,37085,1,1,1,7,La Barrerie,47.2710671,0.8863332
202000031267,4,8,2020,5,2,987,98734,1,1,1,3,PK 35+500 - RT1,-17.723379,-149.50573
202000031268,4,6,2020,11,1,48,48175,1,1,1,7,D56,44.466156,3.142347
202000031269,4,8,2020,10,1,72,72124,1,9,1,6,A28,47.817618,0.307408
202000031270,2,8,2020,10,1,978,97801,2,1,1,3,RN7 - Grand Case,18.099569,-63.060027
202000031271,4,8,2020,13,1,42,42256,2,1,1,2,25 Chemin Rouge,45.5024578,4.1857625
202000031272,3,8,2020,17,1,74,74143,1,1,2,6,N205,45.891626,6.791394
202000031273,4,8,2020,2,3,51,51027,1,1,1,2,A4,49.0590261,4.6999536
202000031274,2,6,2020,20,1,67,67329,1,1,1,-1,A 35,48.443323,7.502804
202000031275,3,6,2020,18,1,44,44213,1,1,1,7,A11,47.422019,-1.03838
202000031276,3,8,2020,17,1,69,69268,1,9,1,6,Chemin des Balmes,45.660483,4.764204
202000031277,4,6,2020,17,1,51,51584,1,1,2,6,A4,49.2104658,4.0451553
202000031278,3,6,2020,14,1,69,69116,2,2,1,3,RD 306/ chemin de la Bruyère,45.818168,4.771285
202000031279,3,8,2020,10,1,38,38508,1,1,1,1,A48,45.519083,5.409479
202000031280,3,6,2020,6,2,27,27258,1,1,1,6,A13,49.336742,0.412827
202000031281,21,7,2020,13,1,971,97125,1,9,1,3,N4,16.257959,-61.306221
202000031282,24,5,2020,17,2,987,98729,1,1,9,6,Pk 1 TEMAE - Teavaro,-17.499681,-149.767857
202000031283,2,8,2020,17,1,95,95040,1,1,1,1,D43,49.099513,1.876967
202000031284,3,8,2020,15,1,91,91175,1,1,1,7,Route départementale 5,48.501511,1.969721
202000031285,4,6,2020,15,1,77,77183,1,1,2,6,D80,48.957756,3.136919
202000031286,4,8,2020,7,1,66,66164,1,1,1,1,D117,42.766383,2.842551
202000031287,4,6,2020,17,1,2B,2B205,2,1,1,6,665 Agianella,42.696678,9.359837
202000031288,3,6,2020,6,1,13,13013,1,1,1,1,chemin départemental 96,43.431466,5.564747
202000031289,3,8,2020,16,1,30,30132,2,6,1,3,Giratoire Boulevard Jules CALLON - Boulevard Talabot,44.209838,4.029744
202000031290,27,5,2020,8,1,13,13066,1,4,1,1,RD30,43.8565236,4.9031738
202000031291,31,7,2020,17,1,83,83023,1,6,1,2,DN7,43.409241,6.043253
202000031292,4,8,2020,8,1,13,13074,1,1,1,6,D96,43.645563,5.567536
202000031293,3,6,2020,17,1,71,71063,1,1,2,6,Route d’Autun,46.897285,4.322047
202000031294,2,8,2020,9,1,26,26325,1,1,1,7,A7,45.299996,4.820316
202000031295,31,5,2020,12,1,67,67052,1,1,1,-1,RD214,48.4511829,7.3545535
202000031296,29,7,2020,17,2,71,71176,2,1,7,3,1 Rue Victor Hugo,46.4907062,3.9979414
202000031297,3,8,2020,15,1,68,68247,2,1,1,6,51 Grand'Rue,47.909493,6.975503
202000031298,3,6,2020,8,1,67,67300,1,6,1,3,D422,48.532828,7.513192
202000031299,3,6,2020,11,1,67,67112,2,1,1,6,76 route du Général de GAULLE,48.522005,7.562564
202000031300,3,8,2020,12,1,67,67131,2,9,1,3,17 Rue des Fusiliers Marins,48.487163,7.729263
202000031301,4,6,2020,7,1,74,74015,1,1,3,1,D6,46.082809,6.185603
202000031302,3,8,2020,6,2,54,54133,1,1,1,7,RD23F,48.700017,6.610063
202000031303,4,6,2020,5,3,33,33238,1,1,2,6,160 Avenue de Cadaujac,44.735218,-0.578547
202000031304,1,8,2020,17,1,54,54258,1,1,1,7,D2,48.6754052,6.5548468
202000031305,31,7,2020,22,3,63,63263,1,1,1,7,D68,45.7669338,2.9780689
202000031306,3,8,2020,20,1,38,38146,1,1,8,7,D517,45.717881,5.256636
202000031307,22,2,2020,22,3,33,33351,1,1,1,7,D132,45.202769,-0.499942
202000031308,4,6,2020,16,1,35,35287,1,2,1,3,Le Foutel,48.611368,-2.080663
202000031309,3,8,2020,15,1,07,07070,2,1,1,5,D86,44.972859,4.851837
202000031310,4,6,2020,16,1,60,60489,2,1,3,3,Route Nationale 2,49.1625615,2.8554609
202000031311,31,7,2020,12,1,69,69020,2,1,1,-1,361 Allee des Varennes,45.8655917,4.6677667
202000031312,30,7,2020,11,1,69,69116,1,1,1,3,Route du Mont Verdun,45.841208,4.777647
202000031313,3,8,2020,20,1,85,85189,1,1,1,1,Notre-Dame-de-Riez,46.748911,-1.869285
202000031314,3,6,2020,7,1,13,13215,1,1,1,5,A7-Sens Marseille vers Lyon,43.3759232,5.3598128
202000031315,4,8,2020,8,1,56,56167,1,1,1,6,Pont Sal,47.666796,-2.915465
202000031316,3,8,2020,14,1,13,13215,1,1,1,2,A7-Sens Lyon vers Marseille,43.38045,5.35008
202000031317,3,8,2020,14,1,33,33550,1,1,1,5,ROCADE A 630,44.77784,-0.55761
202000031318,3,6,2020,14,1,94,94034,1,1,1,4,AUTOROUTE A86,48.7594971,2.3224126
202000031319,3,8,2020,14,1,33,33143,1,1,1,4,AUTOROUTE A 10,44.97548,-0.43342
202000031320,3,8,2020,0,4,33,33075,1,1,1,6,ROCADE A 630,44.88944,-0.61754
202000031321,2,6,2020,17,1,78,78043,1,1,1,2,A12 W,48.83473,2.08707
202000031322,1,8,2020,0,3,62,62186,1,1,1,2,AUTOROUTE A21,50.435122,2.724953
202000031323,2,6,2020,19,1,95,95277,1,1,1,6, A3,48.98332,2.50131
202000031324,3,8,2020,13,1,91,91136,1,1,1,2,RN20,48.70551,2.28749
202000031325,2,6,2020,17,1,95,95572,1,1,1,5, A15,49.03447,2.10165
202000031326,2,6,2020,11,1,60,60631,1,1,1,3,AUTOROUTE A1,49.15263,2.5861
202000031327,3,8,2020,18,1,93,93053,1,1,3,3,AUTOROUTE A3,48.8852,2.4717
202000031328,2,6,2020,18,2,974,97411,2,6,1,3,RIVIERE DES PLUIES (ROUTE DE LA),-20.90214,55.50329
202000031329,3,8,2020,8,1,94,94015,1,1,1,3,A4,48.83261,2.53306
202000031330,2,6,2020,9,1,974,97411,2,2,1,3,Boulevard Jean Jaurès,-20.8887,55.44641
202000031331,2,8,2020,4,5,988,98818,2,1,1,2,BOULEVARD EXTERIEUR,-22.2749,166.44928
202000031332,2,6,2020,22,3,69,69259,2,1,1,6,ANDRE SENTUC                        (R ),45.71072,4.86565
202000031333,2,6,2020,21,2,69,69387,2,2,1,7,Avenue Jean Jaurès,45.75047,4.8449
202000031334,2,8,2020,18,3,988,98818,2,1,2,1,ROUTE EXPRESS DU MONT DORE,-22.22576,166.49221
202000031335,28,5,2020,9,1,91,91339,2,2,1,2,BENOIST ROBERT (AVENUE),48.63494,2.26617
202000031336,2,8,2020,4,5,974,97416,1,1,2,7,LIGNE PARADIS(ROUTE DE LA),-21.29954,55.45687
202000031337,29,5,2020,16,1,89,89024,2,2,1,3,LYAUTEY (BOULEVARD),47.7952,3.55068
202000031338,1,8,2020,11,1,69,69388,2,2,7,1,AMBROISE PARE                       (BD),45.7379,4.88452
202000031339,2,6,2020,7,2,87,87065,1,1,1,6,RD 704A,45.79442,1.29528
202000031340,31,5,2020,18,1,87,87048,1,1,1,6,VEYRINAS (LIEU DIT),45.7708,1.25028
202000031341,22,7,2020,4,5,971,97113,1,1,2,6,BAS DU FORT,16.22133,-61.52212
202000031342,30,5,2020,11,1,87,87085,2,1,1,2,GIFFARD (RUE HENRI),45.8704444,1.2680572
202000031343,2,8,2020,7,1,83,83137,2,1,1,4,JUIN (AVE ALPHONSE),43.12031,5.94921
202000031344,29,5,2020,14,1,87,87085,2,1,1,6,BAUDIN ( AVENUE) (VC),45.817,1.2514
202000031345,1,8,2020,18,1,83,83137,2,1,1,-1,FUSILIERS MARINS (AVE DES),43.12748,5.9063
202000031346,31,5,2020,5,5,87,87085,2,2,1,3,VIGENAL (BOULEVARD DU),45.85244,1.25498
202000031347,2,8,2020,19,1,83,83069,2,1,1,2,Avenue Léopold Ritondale,43.119389,6.151549
202000031348,29,5,2020,23,5,87,87085,2,1,1,7,FOUGERAS (RUE DE),45.8617034,1.2882918
202000031349,1,8,2020,17,1,83,83069,2,1,1,2,MARINE (BOULEVARD DE LA),43.09,6.16
202000031350,1,6,2020,19,1,83,83069,1,1,1,1,CRAU (ROUTE DE LA ),43.12842,6.0932
202000031351,31,7,2020,19,1,83,83069,2,3,1,3,MOULIN (AVENUE JEAN),43.1136,6.129
202000031352,1,6,2020,10,1,80,80164,2,1,1,3,ROND POINT ACCES ROCADE,49.90408,2.363
202000031353,2,8,2020,16,1,77,77058,2,9,1,1,GUTEMBERG  (RUE   ),48.83241,2.73805
202000031354,1,6,2020,10,1,80,80021,2,1,1,3,ROGER DUMOULIN (AVENUE),49.94553,2.27724
202000031355,31,5,2020,12,1,80,80021,2,1,1,1,DOULLENS (RUE DE),49.90629,2.30514
202000031356,29,5,2020,9,1,79,79191,2,1,1,6,69 Rue des Sablières,46.33346,-0.44887
202000031357,25,7,2020,1,5,62,62893,2,2,1,3,MITTERRAND ( Ave. François ),50.77353,1.612315
202000031358,15,5,2020,16,1,77,77320,2,1,1,-1,D216,48.82286,3.03459
202000031359,31,7,2020,23,3,62,62350,1,1,1,-1,NATIONALE 41 ( EX ROUTE ),50.5041,2.6137
202000031360,1,6,2020,19,1,76,76498,2,1,1,7,JAURES. AVENUE JEAN,49.4271978,1.0655665
202000031361,31,5,2020,15,1,76,76165,2,3,1,-1,REPUBLIQUE. RUE DE LA,49.2837882,1.0164347
202000031362,2,8,2020,17,1,60,60159,2,9,1,3,carrefour de l'abbaye,49.39241,2.80224
202000031363,31,5,2020,23,5,76,76305,2,8,1,6,BREQUE (Route de la),49.49005,0.1963
202000031364,31,5,2020,2,3,76,76270,1,1,1,7,RD 6382,49.53056,0.12941
202000031365,28,7,2020,15,1,60,60057,2,9,1,3,RD 901,49.44002,2.11311
202000031366,1,6,2020,17,1,76,76351,2,2,1,3,PIERRE GUINARD,49.4852,0.13004
202000031367,1,8,2020,13,1,60,60057,2,4,8,-1,CLERMONT (RUE DE ) IMPAIR-COROT A  RD PO,49.43134,2.11712
202000031368,1,6,2020,18,1,74,74218,2,3,1,3,DRANSE (RUE DU PONT DE),46.38406,6.51338
202000031369,2,8,2020,22,5,59,59512,2,2,1,3,FOURMIES (BOULEVARD DE),50.67655,3.17964
202000031370,2,6,2020,6,1,74,74118,1,4,1,3,18 AOUT (RUE DU),46.1693,6.2058
202000031371,2,8,2020,17,1,37,37261,2,1,1,6,DELPERIER (RUE GEORGES),47.3923562,0.6769765
202000031372,31,5,2020,18,1,74,74012,2,1,1,6,ANNEXION (RUE DE L'),46.18579,6.24017
202000031373,2,8,2020,15,1,35,35055,1,9,1,2,BEAULIEU (PORTE DE),48.09889,-1.61433
202000031374,1,6,2020,11,1,72,72181,2,1,1,-1,CHANZY (RUE) N° PAIRS 36 A N° 138,48.00036,0.20278
202000031375,2,8,2020,20,1,33,33529,1,4,1,6,PORTES DE L'OCEAN (BD DES),44.61364,-1.15325
202000031376,2,6,2020,16,1,69,69013,2,1,1,4,JOUX (avenue de),46.0093566,4.725571
202000031377,1,8,2020,12,1,27,27229,2,1,1,2,CHURCHILL (AVENUE WINSTON),49.017,1.17
202000031378,1,6,2020,17,1,67,67482,2,1,1,3,SCHIRMECK (ROUTE DE),48.564388,7.705449
202000031379,1,6,2020,17,1,66,66136,2,1,1,6,JOFFRE (AVENUE DU MARECHAL CD 88),42.70716,2.89161
202000031380,2,8,2020,18,1,26,26198,2,1,8,1,2 Boulevard Marre Desmarais,44.560139,4.747924
202000031381,1,6,2020,14,1,66,66136,2,1,1,2,PANCHOT (AVENUE JULIEN),42.69137,2.88222
202000031382,2,8,2020,4,5,26,26198,2,3,1,6,5 Avenue Agricol Perdiguier,44.571735,4.743106
202000031383,2,6,2020,22,5,65,65226,1,1,1,7,OURSBELILLE (ROUTE D'),43.24236,0.00549
202000031384,1,8,2020,16,1,26,26198,2,1,1,2,127 Route de Marseille,44.54173,4.74665
202000031385,2,6,2020,9,1,65,65331,2,1,1,2,LOURDES (AVENUE DE),43.210734,0.047829
202000031386,2,8,2020,9,1,21,21166,2,2,8,6,13 Boulevard Maréchal Leclerc,47.29314,5.013217
202000031387,28,5,2020,20,1,62,62667,2,1,1,6,JOFFRE ( Ave.),50.707125,1.574243
202000031388,2,8,2020,18,1,17,17380,1,7,1,1,Parking Le Flandre,45.663428,-1.135158
202000031389,31,5,2020,12,1,59,59178,2,1,1,7,CAMBRAI (PONT DE),50.3559449,3.0820137
202000031390,1,8,2020,11,1,17,17300,1,1,1,3,DUMONT   RUE DU GENERAL,46.15982,-1.1738
202000031391,30,5,2020,10,1,59,59574,2,1,1,-1,CONDORCET(RUE),50.3599,3.2823
202000031392,2,8,2020,10,1,15,15014,1,1,1,3,BOUDIEU (LIEU DIT) RN 122,44.896616,2.405895
202000031393,30,5,2020,16,1,56,56121,2,1,1,6,DU GUESCLIN (RUE),47.74042,-3.37219
202000031394,2,6,2020,8,1,54,54431,2,2,1,6,DE GAULLE (AVENUE),48.90318,6.04243
202000031395,2,8,2020,21,5,13,13208,2,3,1,3,PRADO (AVENUE DU),43.26682,5.38252
202000031396,1,6,2020,16,1,54,54304,2,2,1,-1,RESISTANCE (AV. DE LA -IMPAIR-),48.69495,6.13794
202000031397,2,8,2020,18,1,13,13208,2,3,1,3,MICHELET (BOULEVARD),43.26638,5.39457
202000031398,2,6,2020,8,1,51,51454,2,1,7,7,Rue Mazarin,49.2136172,4.0267091
202000031399,2,8,2020,18,1,13,13206,2,2,1,3,TILSIT (RUE),43.289947,5.387584
202000031400,2,6,2020,17,1,45,45234,2,1,1,3,Avenue Montesquieu,47.8358953,1.9343571
202000031401,6,3,2020,16,1,05,05023,2,1,7,6,PETSCHE (AVENUE MAURICE),44.89569,6.6324
202000031402,2,6,2020,9,1,44,44162,2,3,1,3,Boulevard Charles de Gaulle,47.21839,-1.64744
202000031403,1,8,2020,12,1,03,03190,2,3,1,2,Allée des Soupirs,46.5704857,3.3212399
202000031404,2,8,2020,2,5,75,75105,2,2,1,1,BOULEVARD SAINT GERMAIN,48.849503,2.352859
202000031405,2,6,2020,8,1,44,44109,2,1,7,6,Rue de la Bourgeonnière,47.25235,-1.55252
202000031406,1,8,2020,21,3,75,75105,2,1,1,6,QUAI SAINT MICHEL,48.853375,2.345719
202000031407,2,6,2020,8,1,38,38185,2,2,1,3,Place Jean Racine,45.16725,5.74149
202000031408,1,8,2020,7,1,75,75117,2,2,1,2,BOULEVARD BERTHIER,48.890106,2.303785
202000031409,2,6,2020,8,1,37,37261,2,2,1,3,COURTELINE (RUE GEORGES),47.3931728,0.6737959
202000031410,2,8,2020,15,1,75,75115,2,4,1,3,RUE DE LA CONVENTION,48.836453,2.299133
202000031411,2,6,2020,19,1,35,35238,2,1,1,3,BOURGEOIS (BOULEVARD LEON),48.09873,-1.65431
202000031412,2,6,2020,18,1,35,35238,2,1,1,6,POLOGNE (AVENUE DE),48.08912,-1.65066
202000031413,2,8,2020,15,1,75,75113,2,1,1,1,AVENUE D ITALIE,48.823704,2.358042
202000031414,2,8,2020,17,1,75,75111,2,1,1,6,RUE MERCOEUR,48.857275,2.383825
202000031415,2,6,2020,17,1,35,35238,2,1,1,2,TILLON (AVENUE CHARLES),48.12502,-1.70122
202000031416,2,8,2020,21,4,75,75101,2,1,1,7,QUAI DES TUILERIES,48.863291,2.322542
202000031417,27,5,2020,19,1,33,33529,2,1,1,6,Rue Jean Dagros - piéton traverse des no pairs vers impairs,44.53482,-1.15785
202000031418,2,8,2020,20,1,94,94081,2,3,1,6,COLONEL FABIEN (AV DU),48.7825,2.3809