Num_Acc,jour,mois,an,hr,condition_eclairage,departement,commune,condition_agglomeration,intersection,condition_atmosphere,type_collision,adresse,lattitude,longitude
202000031419,28,5,2020,9,1,32,32013,2,1,1,6,JEAN JAURES (AVENUE),43.6645,0.5953
202000031420,2,8,2020,16,1,94,94078,2,1,1,2,PRESIDENT JOHN FITZGERALD KENNEDY (AV DU,48.73281,2.4611
202000031421,1,6,2020,21,5,31,31555,2,1,1,3,158 Rue du Faubourg Bonnefoy,43.62622,1.45897
202000031422,1,8,2020,22,5,94,94074,2,2,1,1,CHAMP SAINT-JULIEN (AV DU),48.74908,2.45553
202000031423,1,8,2020,20,1,94,94068,2,2,1,3,GENERAL GIRAUD (BD DU),48.793426,2.478582
202000031424,29,5,2020,16,1,31,31555,2,1,1,1,BD HENRI GAUSSEN,43.66565,1.439
202000031425,2,8,2020,12,1,94,94076,2,1,1,3,MAXIME GORKI (BD),48.7877,2.36808
202000031426,29,5,2020,10,1,31,31555,1,1,1,2,VA007331 A620,43.63738,1.4212
202000031427,2,8,2020,17,1,94,94034,2,1,1,7,DIVISION LECLERC (AV DE LA),48.759782,2.320937
202000031428,30,5,2020,14,1,30,30007,2,1,1,3,SILHOL (MONTEE),44.12895,4.102585
202000031429,2,6,2020,10,1,25,25462,2,2,1,3,CEZANNE PAUL,46.91666,6.33856
202000031430,2,8,2020,20,1,94,94017,2,2,1,-1,REPUBLIQUE (AV DE LA),48.82351,2.51025
202000031431,29,7,2020,0,5,93,93062,2,1,1,6,THIERS (AVENUE),48.90143,2.51187
202000031432,2,8,2020,15,1,93,93048,2,9,1,6,PRESIDENT WILSON (AVENUE DU),48.861074,2.4411033
202000031433,30,5,2020,11,1,16,16102,2,1,1,6,Avenue Victor Hugo,45.688598,-0.314863
202000031434,2,8,2020,0,5,93,93048,2,3,1,1,JEAN JAURES (PLACE),48.862661,2.4415835
202000031435,2,6,2020,17,1,14,14699,2,2,7,3,CD 677,49.34027,0.10333
202000031436,2,8,2020,12,1,93,93079,2,3,1,3,RTE DE SAINT LEU / R JEAN BAPTISTE CLEMENT,48.95275,2.33744
202000031437,30,5,2020,17,1,14,14221,2,1,7,6,BOUETS (RUE AUX ),49.1833,-0.2667
202000031438,2,8,2020,11,1,93,93057,2,5,1,3,AV ARISTIDE BRIAND / AV JULES GUESDE,48.91059,2.51231
202000031439,2,6,2020,14,1,13,13054,1,3,1,3,FLORIDES (QRT DES ),43.410274,5.209242
202000031440,1,8,2020,23,5,93,93005,2,1,1,3,WALDECK ROUSSEAU (RUE),48.9284417,2.4820539
202000031441,1,8,2020,23,5,93,93001,2,1,1,6,EDOUARD VAILLANT (BLD),48.9183328,2.3978018
202000031442,2,8,2020,21,2,92,92019,2,1,1,3,DIVISION LECLERC (AVENUE DE LA),48.7648563,2.2647406
202000031443,2,6,2020,21,5,13,13215,2,1,1,1,RUISSEAU MI (RUE),43.3493902,5.3468164
202000031444,2,8,2020,5,3,35,35168,1,1,1,6,Trébert,47.923101,-2.033871
202000031445,2,6,2020,19,1,13,13203,2,1,1,6,BD FERDINAND DE LESSEPS,43.320414,5.372558
202000031446,2,6,2020,9,1,13,13215,2,1,2,6,HENRI BARNIER (BOULEVARD),43.37191,5.348
202000031447,1,8,2020,11,1,71,71147,1,2,7,3,D127,46.53929,4.6399538
202000031448,3,8,2020,15,1,81,81266,2,2,1,3,28 Avenue Jacques Desplas,43.646658,1.974937
202000031449,2,6,2020,2,5,13,13207,2,1,1,2,Corniche John Fitzgérald Kennedy,43.2771519,5.3569682
202000031450,2,6,2020,2,4,13,13216,2,1,1,-1,ESTAQUE PLAGE,43.35867,5.2918
202000031451,1,8,2020,9,1,45,45158,1,1,1,2,A19-PK 64+200,48.065209,2.660888
202000031452,28,5,2020,18,1,13,13202,2,2,1,3,DAMES (BOULEVARD DES),43.303076,5.366567
202000031453,3,8,2020,8,1,28,28398,1,1,1,7,A11,48.236611,1.052638
202000031454,3,8,2020,10,1,74,74179,1,1,3,3,D1508,45.994729,6.012601
202000031455,2,6,2020,8,1,12,12145,2,1,1,1,Rue DELMAS ETIENNE,44.10598,3.0843
202000031456,2,8,2020,17,1,71,71256,1,1,1,7,D678,46.7410646,5.0903081
202000031457,1,6,2020,18,1,11,11262,2,3,1,-1,MALATERRE (RUE GASTON),43.185087,3.021941
202000031458,3,8,2020,3,3,51,51167,1,1,1,1,N4,48.742205,4.4216217
202000031459,2,6,2020,20,1,07,07116,1,1,1,7,RN 102,44.6429915,4.3447774
202000031460,2,6,2020,16,1,06,06088,2,1,1,6,JOLY (CORNICHE ANDRE DE),43.70123,7.29142
202000031461,1,8,2020,0,3,11,11102,1,3,1,3,D118,43.1693013,2.3001552
202000031462,24,7,2020,13,1,63,63364,1,1,1,-1,D2089,45.8274072,3.4478738
202000031463,2,6,2020,20,1,06,06027,2,9,1,3,NICE AVENUE DE (RN7),43.65,7.12
202000031464,2,8,2020,18,1,61,61230,1,2,1,7,D918xD291,48.583648,0.70851
202000031465,1,6,2020,11,1,06,06123,2,1,1,1,CURIE PIERRE ET MARIE AVENUE,43.68983,7.18562
202000031466,23,7,2020,15,1,61,61483,1,3,1,7,,48.561176,-0.434679
202000031467,30,5,2020,18,1,05,05061,2,3,8,3,SAGNIERES ( RUE DES ),44.54869,6.06114
202000031468,3,8,2020,15,1,42,42052,2,1,1,3,34 Rue Dorian,46.1554523,4.1649095
202000031469,2,6,2020,8,1,75,75113,2,1,1,3,PORTE D ITALIE,48.816632,2.35592
202000031470,2,8,2020,20,1,42,42149,2,1,1,7,Chemin d'Urfé,45.6339977,4.2384617
202000031471,30,5,2020,10,1,75,75117,2,1,1,2,BD PERIPHERIQUE EXTERIEUR,48.895158,2.30641
202000031472,1,6,2020,8,1,75,75107,2,4,1,6,AVENUE DE SUFFREN,48.852797,2.298356
202000031473,31,7,2020,13,1,42,42115,1,4,1,5,Rue de Bramard,45.317497,4.357173
202000031474,1,6,2020,1,4,75,75116,2,2,1,3,ALLEE DE LONGCHAMP,48.874922,2.271125
202000031475,4,7,2020,19,1,41,41094,1,2,1,3,Le Gue Fagot,47.426182,1.421372
202000031476,2,6,2020,16,1,75,75119,2,4,1,4,AVENUE RENE FONCK,48.879633,2.40834
202000031477,1,8,2020,18,1,34,34186,1,3,1,2,RD 148 PR 12+100,43.653734,3.318509
202000031478,2,6,2020,15,1,75,75119,2,1,1,-1,BOULEVARD SERURIER,48.887899,2.395293
202000031479,1,8,2020,10,1,68,68094,1,1,1,1,D473,47.542831,7.435062
202000031480,2,6,2020,8,1,75,75119,2,1,1,3,RUE RIQUET,48.888284,2.375956
202000031481,2,8,2020,16,1,22,22371,1,1,1,4,La Gautraie,48.200873,-2.258967
202000031482,2,6,2020,9,1,75,75117,2,3,1,3,BOULEVARD DE COURCELLES,48.878988,2.302412
202000031483,8,7,2020,17,1,22,22055,2,3,1,6,Boulevard Clémenceau Binic,48.599026,-2.824892
202000031484,2,6,2020,11,1,75,75113,2,2,1,3,RUE OLIVIER MESSIAEN,48.830444,2.378355
202000031485,1,8,2020,15,1,31,31308,1,1,1,1,N125,43.011386,0.617487
202000031486,2,6,2020,10,1,75,75110,2,1,1,3,BOULEVARD DE LA VILLETTE,48.873452,2.375229
202000031487,2,6,2020,9,1,75,75110,2,3,1,6,RUE EUGENE VARLIN,48.878582,2.364197
202000031488,3,8,2020,15,1,03,03226,1,1,1,1,,46.3647305,3.8388467
202000031489,20,7,2020,21,2,03,03132,1,1,1,6,,46.3859151,3.5612312
202000031490,2,6,2020,8,1,75,75109,2,5,7,6,RUE LA FAYETTE,48.873097,2.333298
202000031491,2,8,2020,9,1,03,03155,1,1,1,6,,46.7136795,2.9250029
202000031492,2,6,2020,14,1,75,75108,2,1,1,1,BOULEVARD DES BATIGNOLLES,48.882384,2.322474
202000031493,2,8,2020,19,1,01,01124,1,1,1,7,Route des Geordes,46.458821,5.22931
202000031494,3,8,2020,1,5,26,26054,2,2,1,6,1 Rue du Comtat,44.298759,4.872082
202000031495,2,6,2020,9,1,75,75108,2,7,1,3,PLACE CHARLES DE GAULLE,48.874102,2.295816
202000031496,2,8,2020,20,2,72,72067,1,1,1,7,D89,48.101202,0.464124
202000031497,3,8,2020,10,1,83,83012,1,1,1,7,Route de Brignoles,43.554801,6.009481
202000031498,2,6,2020,16,1,94,94076,2,1,1,3,EUGENE VARLIN (R),48.79255,2.36344
202000031499,2,8,2020,17,1,16,16347,1,1,1,7,Lieu dit Fontcharrière,45.278646,0.100368
202000031500,2,6,2020,7,1,94,94073,2,2,7,3,PERREUX (R DU),48.76603,2.39056
202000031501,2,8,2020,17,1,21,21087,1,1,1,6,D33,47.1341591,4.6836407
202000031502,1,6,2020,19,1,94,94069,2,1,1,3,CHEMIN DE PRESLES (AV DU),48.815897,2.46227
202000031503,1,8,2020,19,1,04,04025,1,1,1,1,RD 908,44.141412,6.592054
202000031504,2,6,2020,14,1,93,93070,2,1,1,3,AV GABRIEL-PERI,48.9087,2.3327
202000031505,28,7,2020,18,1,27,27116,2,1,1,3,Rue de la Cabotière,49.189107,0.723441
202000031506,2,6,2020,16,1,93,93077,2,1,1,6,GRANDE RUE,48.8819394,2.5222719
202000031507,2,8,2020,18,1,30,30043,1,4,7,1,D107,43.775787,4.229769
202000031508,2,6,2020,8,1,93,93027,2,1,7,6,MASSON (RUE SUZANNE),48.9170938,2.3845011
202000031509,3,8,2020,12,1,48,48039,1,1,1,1,RD44 - PK 00+600,44.449944,3.370933
202000031510,2,6,2020,13,1,93,93057,2,2,1,1,JAURES (AV. JEAN) 1 A 123,48.9079753,2.4953024
202000031511,1,8,2020,15,1,987,98752,1,1,1,1,PK 47+800 - RT1 - MATAIEA,-17.722055,-149.404653
202000031512,2,6,2020,6,2,93,93008,2,3,1,3,R HENRI GAUTIER / R EUGENE HENAFF,48.90407,2.42926
202000031513,2,6,2020,11,1,92,92050,2,2,1,1,COURBEVOIE RUE DE,48.8938104,2.21205
202000031514,1,6,2020,20,1,92,92036,2,1,1,7,EUGENE DELACROIX (RUE),48.9346097,2.2921756
202000031515,30,5,2020,18,1,92,92036,2,9,1,3,LOUIS ROCHE (AVENUE) (2/44),48.9223,2.323352
202000031516,30,5,2020,20,1,92,92036,2,1,1,7,PRINCIPALE DU PORT (ROUTE) (19/+),48.939855,2.287966
202000031517,2,6,2020,8,1,92,92035,2,6,7,3,Europe ( rond point de l' ),48.905482,2.2556915
202000031518,30,5,2020,17,1,92,92025,2,2,1,3,STALINGRAD (AV DE),48.9356332,2.2609037
202000031519,2,6,2020,9,1,92,92012,2,1,1,1,MENUS (RUE DES),48.8471343,2.2347307
202000031520,2,6,2020,22,5,37,37150,2,1,1,6,D34,47.3862914,0.4203919
202000031521,27,5,2020,16,1,95,95452,1,1,1,7,RD 85,49.133044,2.297773
202000031522,3,6,2020,16,1,76,76235,2,1,1,7,Rue Abbé Cochet,49.89559,1.265598
202000031523,2,6,2020,17,1,83,83023,1,1,1,4,A8,43.421819,6.071491
202000031524,2,6,2020,20,2,68,68253,1,1,1,2,D52,47.77486,7.51703
202000031525,1,6,2020,5,2,35,35098,1,1,1,6,RN 137 La Dominelais,47.774333,-1.703259
202000031526,31,5,2020,17,1,68,68043,1,6,1,1,D83,47.872662,7.246599
202000031527,2,6,2020,13,1,57,57485,1,1,1,1,RD955,48.814056,6.534333
202000031528,2,6,2020,10,1,56,56018,1,1,1,7,Route de Muzillac,47.53429,-2.490276
202000031529,29,5,2020,16,1,74,74208,1,1,1,2,2451 Route de Saint Gervais,45.903274,6.713535
202000031530,3,6,2020,7,1,71,71013,2,1,1,-1,Route de Ramouille,46.8765578,5.3112238
202000031531,22,5,2020,15,1,46,46016,1,1,1,7,Les Bourieres,44.930066,1.580336
202000031532,3,6,2020,1,5,47,47051,2,6,1,6,RD 813,44.180742,0.674071
202000031533,3,6,2020,2,3,25,25122,1,1,1,2,D72,46.948212,6.179724
202000031534,2,6,2020,16,1,44,44015,2,9,1,1,Rue Waldeck Rousseau,47.476662,-1.765473
202000031535,25,5,2020,16,1,38,38454,1,3,1,3,Chemin de la Plaine,45.13875,5.34448
202000031536,3,6,2020,17,1,84,84072,1,1,1,3,Route de Carpentras,44.060329,5.10345
202000031537,1,6,2020,16,1,01,01199,1,1,1,1,route départementale 36,46.047442,5.388794
202000031538,3,6,2020,9,1,58,58106,2,1,1,6,L'Huis Gally,47.288887,4.01428
202000031539,3,6,2020,16,1,72,72189,2,9,1,3,Rue de Mamers,48.253738,0.31561
202000031540,3,6,2020,17,1,14,14302,1,3,1,3,D675 / RD 625,49.2575636,0.0779653
202000031541,2,6,2020,11,1,64,64495,1,1,1,2,D918,43.365676,-1.598044
202000031542,6,2,2020,17,1,73,73247,1,1,1,6,Rue des Messalieres,45.556113,6.136717
202000031543,2,6,2020,12,1,18,18194,2,2,1,1,Route des Aix,47.186778,2.612219
202000031544,2,6,2020,20,2,43,43039,2,1,1,7,Ussel,44.887678,3.881119
202000031545,2,6,2020,16,1,10,10268,2,6,1,2,18 Rue de l'Etape au Vin,48.492919,3.502037
202000031546,2,6,2020,19,1,27,27627,1,1,1,6,D613,49.149945,0.534296
202000031547,3,6,2020,16,1,30,30075,2,6,1,6,Route de Sommières,43.821725,4.260893
202000031548,3,6,2020,2,5,52,52079,2,1,1,6,75 Rue du Général de Gaulle,48.493225,4.96338
202000031549,2,6,2020,10,1,33,33284,1,1,1,5,A63,44.660813,-0.824169
202000031550,2,6,2020,16,1,63,63272,1,1,1,7,autoroute A75 PK,45.7307104,3.1547919
202000031551,3,6,2020,19,1,91,91441,1,1,3,6,A6,48.506959,2.511277
202000031552,2,6,2020,20,1,11,11144,1,1,1,7,D6009,42.867912,2.985869
202000031553,3,6,2020,1,5,973,97311,1,1,1,1,3273 Avenue Gaston Monnerville,5.4891,-54.001185
202000031554,3,6,2020,8,1,28,28185,1,1,1,2,N12,48.772256,1.544266
202000031555,31,5,2020,16,1,45,45315,1,1,1,7,D320 - PR 4+300,47.7300039,2.357247
202000031556,29,5,2020,17,1,91,91587,2,1,1,3,65 Rue de la Division Leclerc,48.690018,2.263033
202000031557,31,5,2020,20,1,78,78623,1,1,1,1,D34,48.786347,1.872514
202000031558,3,6,2020,16,1,05,05024,1,1,2,7,Lieu-dit Praboyer,44.460633,5.567966
202000031559,2,6,2020,14,1,71,71063,2,1,1,1,Route de Marmagne,46.8633283,4.2984402
202000031560,2,6,2020,19,1,51,51379,1,1,1,7,D28,49.3029194,3.8107341
202000031561,2,6,2020,19,1,68,68287,1,1,1,1,Mittlerer Ferkelweg (Chemin),47.954679,7.287959
202000031562,30,9,2020,13,1,69,69388,2,3,1,3,MARIUS BERLIET                      (R ),45.73902,4.86651
202000031563,29,9,2020,14,1,972,97209,2,1,2,2,CHATEAUBOEUF (ROUTE DE),14.61885,-61.04493
202000031564,29,9,2020,19,2,69,69286,2,1,1,7,ROUTE DE GENEVE                     (RO),45.807002,4.8906877
202000031565,30,9,2020,20,5,2B,2B120,2,1,1,6,11 - RT,42.63427,9.43768
202000031566,3,9,2020,12,1,89,89387,2,1,1,6,GENERAL DUBOIS (RUE DU),48.19296,3.2809
202000031567,17,9,2020,7,2,84,84031,1,1,1,3,AUBIGNAN CHEMIN LIMITE D',44.07466,5.04121
202000031568,8,9,2020,13,1,84,84031,1,9,1,3,VELLERON ROUTE DE,44.03286,5.03899
202000031569,4,9,2020,16,1,84,84080,2,2,1,3,VELLERON ROUTE DE,44.01256,5.00926
202000031570,2,9,2020,16,1,84,84031,1,1,1,-1,CD 942,44.04536,5.00621
202000031571,30,9,2020,17,1,83,83137,2,1,1,6,DELESCLUZE (BD),43.137597,5.902404
202000031572,29,9,2020,19,5,80,80021,2,3,1,3,CHAMP DE TIR (RUE DU),49.90414,2.26469
202000031573,28,9,2020,8,1,78,78646,2,2,2,2,MONTREUIL (RUE DE),48.80469,2.14834
202000031574,24,9,2020,20,4,78,78117,2,1,1,3,LOUIS BLERIOT (RUE),48.7868,2.13305
202000031575,30,9,2020,7,3,77,77450,1,3,1,3,N 19,48.7115,2.58143
202000031576,30,9,2020,23,5,69,69256,2,1,1,6,EMILE ZOLA                          (R ),45.7768339,4.920702
202000031577,21,9,2020,11,1,69,69029,2,3,1,5,FRANKLIN ROOSEVELT                  (AV),45.7382,4.89468
202000031578,30,9,2020,18,1,67,67482,2,3,2,2,HOPITAL (ROUTE DE L ),48.5723,7.75045
202000031579,4,9,2020,19,1,64,64260,2,1,7,6,GARE (RUE DE LA),43.35696,-1.77541
202000031580,29,9,2020,7,1,63,63113,2,2,1,3,TORPILLEUR SIROCCO (RUE DU),45.80588,3.10669
202000031581,29,9,2020,9,1,60,60175,1,1,8,5,RD 201_ACCES 201 PAR BD S.ALLENDE,49.2457,2.4575
202000031582,30,9,2020,13,1,60,60159,2,6,1,6,SAINT-JOSEPH (Rue),49.40435,2.81732
202000031583,25,9,2020,18,1,59,59350,2,1,2,6,HUGO VICTOR RUE,50.631826,3.00743
202000031584,25,9,2020,11,1,58,58194,2,2,1,3,CAMILLE BAYNAC,46.9873,3.1326
202000031585,28,9,2020,16,1,57,57672,1,1,2,3,KONACKER (Route),49.36242,6.08549
202000031586,28,9,2020,16,1,56,56121,2,2,1,3,GALLIENI (BD),47.73753,-3.37812
202000031587,29,9,2020,16,1,54,54395,2,1,1,6,POINCARE (RUE RAYMOND 1-29-2-30),48.69006,6.17218
202000031588,27,9,2020,18,2,50,50129,2,3,1,6,VAL DE SAIRE (RUE DU),49.6389,-1.60636
202000031589,29,9,2020,13,1,49,49328,2,1,1,6,COURTILLIER (AVENUE),47.25552,-0.07697
202000031590,29,9,2020,16,1,49,49267,2,1,1,2,MARMITIERE,47.47056,-0.49165
202000031591,28,9,2020,9,1,49,49267,2,1,1,2,Rue de la Marmitière,47.47056,-0.49165
202000031592,30,9,2020,22,5,44,44109,2,1,3,6,BOULEVARD MARECHAL ALPHONSE JUIN,47.19876,-1.5945
202000031593,30,9,2020,13,1,44,44109,2,1,1,6,RUE DU BOIS HERCE,47.20703,-1.59449
202000031594,28,9,2020,8,1,44,44109,2,6,1,3,Boulevard de la Prairie au Duc,47.20462,-1.56262
202000031595,30,9,2020,9,1,33,33529,2,1,1,6,27 rue Lagrua,44.63759,-1.15222
202000031596,30,9,2020,12,1,31,31555,2,1,1,6,RTE DE LAUNAGUET,43.63122,1.43815
202000031597,29,9,2020,18,1,31,31555,1,1,1,3,VA007331 A620,43.6352417,1.4210719
202000031598,28,9,2020,6,5,26,26362,2,1,2,3,D534N,44.90267,4.8733
202000031599,22,9,2020,0,5,22,22113,2,7,1,6,MARCHALLAC'H (PLACE DU),48.73284,-3.45692
202000031600,30,9,2020,23,5,17,17415,2,1,1,7,GASCOGNE RUE DE,45.73467,-0.61689
202000031601,30,9,2020,15,1,17,17300,2,2,1,3,FERRY   RUE JULES,46.1624,-1.1669
202000031602,30,9,2020,18,1,15,15014,2,1,1,7,VIALENC (BOULEVARD DU),44.92159,2.42755
202000031603,30,9,2020,18,1,13,13071,2,1,1,4,PLAN DE CAMPAGNE (AVE. DE ),43.41399,5.34526
202000031604,1,10,2020,0,5,13,13214,2,1,1,2,ALEX ANSALDI (RUE),43.33066,5.40487
202000031605,30,9,2020,23,5,13,13214,2,1,1,2,BUREL (BOULEVARD),43.316545,5.389217
202000031606,30,9,2020,16,1,13,13211,2,1,1,1,NOTRE DAME (BOULEVARD),43.300764,5.51905
202000031607,29,9,2020,15,1,13,13212,2,9,1,6,PEINTRES ROUX (AVENUE DES),43.3004457,5.4767581
202000031608,29,9,2020,17,1,13,13204,2,1,1,6,MARÉCHAL FOCH (AVENUE),43.30247,5.39713
202000031609,29,9,2020,16,1,13,13207,2,1,1,1,ENDOUME (RUE D'),43.2888704,5.3662816
202000031610,29,9,2020,13,1,13,13210,2,1,1,3,PONT DE VIVAUX (BOULEVARD),43.27967,5.41835
202000031611,30,9,2020,19,2,13,13001,2,1,1,2,CABASSOL JOSEPH (RUE),43.525967,5.448763
202000031612,30,9,2020,13,1,13,13001,2,9,1,6,RN 296,43.535192,5.431134
202000031613,25,9,2020,14,1,12,12146,1,1,8,6,FLAVIN (ROUTE DE),44.32651,2.58339
202000031614,29,9,2020,17,1,10,10362,2,2,1,3,GENERAL GALLIENI (RUE DU),48.293968,4.055359
202000031615,28,9,2020,18,3,10,10387,2,1,3,2,MARECHAL DE LATTRE DE TASSIGNY (RUE DU),48.30403,4.09645
202000031616,29,9,2020,7,1,09,09122,2,1,1,6,MOULIN (RUE JEAN),42.982952,1.614321
202000031617,30,9,2020,17,1,06,06069,2,6,1,3,SIDI BRAHIM (AVENUE),43.649893,6.93141
202000031618,30,9,2020,7,1,06,06069,2,1,1,1,DUNANT (AVENUE HENRI),43.646,6.92758
202000031619,29,9,2020,17,1,06,06030,2,1,1,1,ST JOSEPH (CHEMIN),43.56455,6.97764
202000031620,28,9,2020,14,1,06,06004,1,9,1,3,GRASSE RTE DE,43.60186,7.08401
202000031621,29,9,2020,23,5,75,75117,2,1,1,2,PORTE DE CHAMPERRET,48.885193,2.287302
202000031622,29,9,2020,10,1,75,75116,2,4,1,2,PORTE D AUTEUIL,48.85166,2.252334
202000031623,28,9,2020,14,1,75,75118,2,4,1,7,ECHANGEUR CHAPELLE,48.900856,2.35878
202000031624,30,9,2020,17,1,75,75119,2,3,1,6,RUE SIGMUND FREUD,48.884684,2.398838
202000031625,30,9,2020,11,1,75,75116,2,5,2,2,ROUTE DE LA PTE DES SABLONS A LA PTE MAI,48.876998,2.276967
202000031626,29,9,2020,9,1,75,75116,2,5,2,3,AVENUE FERDINAND BUISSON,48.836731,2.253686
202000031627,30,9,2020,19,1,75,75113,2,2,1,6,RUE GOUTHIERE,48.821011,2.350746
202000031628,30,9,2020,17,1,75,75112,2,1,1,2,ROUTE DE CEINTURE DU LAC DAUMESNIL,48.833165,2.413821
202000031629,30,9,2020,11,1,75,75112,2,1,2,3,AVENUE DE SAINT MAURICE,48.831632,2.42058
202000031630,30,9,2020,20,5,75,75111,2,1,1,3,AVENUE PHILIPPE AUGUSTE,48.857482,2.390262
202000031631,30,9,2020,17,1,75,75111,2,3,1,6,RUE DE CHARONNE,48.853925,2.382031
202000031632,30,9,2020,14,1,75,75111,2,4,1,6,BOULEVARD RICHARD LENOIR,48.856826,2.370493
202000031633,30,9,2020,9,1,75,75108,2,7,2,3,"PLACE DE LA CONCORDE,",48.866658,2.322009
202000031634,30,9,2020,13,1,75,75107,2,2,8,3,QUAI D ORSAY,48.862472,2.310405
202000031635,29,9,2020,21,5,75,75103,2,2,1,1,RUE SAINT MARTIN,48.867915,2.355019
202000031636,30,9,2020,8,1,75,75104,2,3,8,3,BOULEVARD MORLAND,48.848927,2.364521
202000031637,30,9,2020,17,1,94,94078,2,1,1,7,L'APPEL DU DIX-HUIT JUIN 1940 (AV DE),48.7540746,2.444464
202000031638,30,9,2020,14,1,94,94042,2,1,8,3,GENERAL GALLIENI (AV DU),48.820129,2.474795
202000031639,30,9,2020,11,1,94,94052,2,1,1,3,STRASBOURG - RPT DU MARECHAL FOCH (BD DE,48.837644,2.477345
202000031640,29,9,2020,13,1,94,94046,2,1,2,-1,SAINT GEORGES (R),48.80448,2.43046
202000031641,29,9,2020,16,1,94,94028,2,6,2,2,FOCH(AVENUE DU MARECHAL),48.784588,2.436571
202000031642,30,9,2020,21,5,93,93027,2,1,1,2,RASPAIL (RUE),48.9242,2.3957
202000031643,30,9,2020,12,1,93,93077,2,1,8,6,NEUILLY (RUE DE),48.8777097,2.5213874
202000031644,29,9,2020,12,1,93,93049,2,2,2,3,ROSNY (AVENUE),48.8708669,2.5123359
202000031645,29,9,2020,7,5,93,93063,2,7,2,6,CARNOT PLACE,48.8838637,2.4407499
202000031646,30,9,2020,13,1,93,93031,2,1,1,3,MARNE (AVENUE DE LA),48.9580209,2.3256544
202000031647,29,9,2020,13,1,93,93029,2,1,2,6,HENRI BARBUSSE (AVE) N°126-280,48.9225153,2.4567895
202000031648,30,9,2020,19,2,93,93001,2,1,1,3,REPUBLIQUE (AVE DE LA ) DE 52 A 104,48.9101273,2.3856248
202000031649,30,9,2020,18,1,75,75114,2,2,1,6,ADOLPHE PINARD (BOULEVARD),48.823616,2.308396
202000031650,30,9,2020,14,1,92,92075,2,1,8,3,LYCEE (BOULEVARD DU),48.822316,2.2848983
202000031651,30,9,2020,13,1,92,92073,2,1,8,6,PAIX (PLACE DE LA),48.864699,2.204893
202000031652,30,9,2020,20,5,92,92062,2,1,1,3,GODEFROY (RUE) PAIR,48.880978,2.242687
202000031653,29,9,2020,20,5,92,92025,2,1,1,5,STALINGRAD (AV DE),48.930799,2.267287
202000031654,30,9,2020,21,5,92,92060,2,6,1,3,DESCARTES (AVENUE),48.77631,2.24995
202000031655,1,10,2020,11,1,37,37058,1,1,1,1,,47.2411119,0.1715173
202000031656,30,9,2020,16,1,01,01074,1,3,1,2,D904,45.988736,5.190868
202000031657,1,10,2020,8,1,26,26045,2,1,1,6,120 Route d'Aleyrac,44.541291,4.934047
202000031658,1,10,2020,20,3,17,17285,1,1,2,1,D128,45.809316,-0.650039
202000031659,30,9,2020,17,1,81,81250,2,3,1,3,La Poussie Hameau,43.757848,2.161957
202000031660,30,9,2020,12,1,28,28398,1,1,1,7,2 Rue Saint-lubin,48.236958,1.053416
202000031661,25,9,2020,6,2,83,83130,1,1,1,3,816 Chemin de Sauvebonne,43.1864866,6.0618251
202000031662,30,9,2020,20,3,19,19031,1,1,1,-1,A20,45.138832,1.490155
202000031663,1,10,2020,8,1,42,42308,1,4,1,6,Route de Saint Paul En Jarez,45.4530878,4.5822547
202000031664,30,9,2020,13,1,62,62022,2,1,1,6,4 Route du Mont Evente,50.732619,1.80171
202000031665,29,9,2020,20,3,51,51662,1,1,2,7,D88,49.2893424,4.127576
202000031666,1,10,2020,5,3,51,51391,1,1,3,1,N31,49.2750882,3.8640137
202000031667,27,9,2020,1,5,74,74225,2,2,1,3,Boulevard Louis Dagand,45.867772,5.938695
202000031668,30,9,2020,15,1,77,77101,2,1,8,3,D75,48.413294,3.100441
202000031669,1,10,2020,15,1,81,81220,1,1,2,1,la valière,43.790428,1.688762
202000031670,1,10,2020,8,1,63,63149,1,2,1,3,D224,45.892726,3.258991
202000031671,30,9,2020,14,1,63,63262,1,1,1,2,Rd 978,45.696697,3.16381
202000031672,27,9,2020,7,2,49,49109,1,1,1,1,"pk 41 proximité lieu dit ""le reve""",47.129995,-0.617831
202000031673,1,10,2020,17,1,25,25160,1,1,2,1,RD 437 PR 63+950,47.034201,6.559761
202000031674,30,9,2020,16,1,44,44007,1,1,8,1,la boissiere,47.642073,-1.904347
202000031675,30,9,2020,19,5,35,35310,2,6,3,3,Rue de Romagné,48.343122,-1.306665
202000031676,30,9,2020,10,1,29,29163,2,1,2,6,12 Rue des Bruyères,48.509835,-3.8752866
202000031677,29,9,2020,18,1,29,29191,2,2,1,3,Rue Angela Duval,48.524046,-3.717555
202000031678,30,9,2020,8,1,31,31011,1,1,1,1,35 Route de Barat,43.0017032,0.9049584
202000031679,30,9,2020,5,5,84,84089,2,6,1,3,Boulevard Jean Guigues,43.698561,5.501903
202000031680,1,10,2020,8,1,01,01199,2,1,1,6,2 Rue de l'Eglise,46.039154,5.40962
202000031681,1,10,2020,10,1,60,60509,2,2,3,6,Rue Louis Pasteur,49.307665,2.603041
202000031682,28,9,2020,17,1,43,43199,1,1,2,1,Route des Sucs,45.112694,4.179032
202000031683,1,10,2020,7,2,16,16153,2,1,2,6,24 Avenue Carnot (Gondeville),45.676666,-0.175574
202000031684,30,9,2020,17,1,24,24038,1,1,1,7,D708,45.294302,0.356669
202000031685,9,9,2020,15,1,24,24156,2,1,1,7,D45e,45.059873,0.866021
202000031686,29,9,2020,22,3,28,28280,1,6,1,6,D9,48.317893,0.796123
202000031687,1,10,2020,18,1,17,17188,1,1,1,3,D939,45.855889,-0.248871
202000031688,30,9,2020,17,1,30,30341,1,1,1,7,D6572,43.680225,4.27793