Num_Acc,jour,mois,an,hr,condition_eclairage,departement,commune,condition_agglomeration,intersection,condition_atmosphere,type_collision,adresse,lattitude,longitude
202000031689,26,9,2020,21,3,30,30122,1,1,1,7,D907,43.891754,4.23214
202000031690,1,10,2020,4,3,53,53009,1,1,9,3,La Maison Neuve,47.992665,-0.631714
202000031691,30,9,2020,17,1,74,74159,1,1,1,4,Pratz,46.004325,6.629391
202000031692,30,9,2020,12,1,28,28392,1,1,1,2,Autoroute A10 PK 061+200 Sens 1,48.232942,1.849343
202000031693,28,9,2020,17,1,17,17299,1,1,1,4,A837,45.96274,-0.961765
202000031694,27,9,2020,0,3,34,34226,1,1,8,7,Voie communale 8,43.333013,2.979012
202000031695,30,9,2020,19,3,07,07217,1,1,1,6,,45.063761,4.759483
202000031696,30,9,2020,15,1,01,01264,2,2,1,5,2210 Route de Trevoux,46.187674,5.118041
202000031697,1,10,2020,15,1,69,69140,2,9,8,3,Route de Charnay,45.886528,4.697063
202000031698,30,9,2020,19,1,69,69009,1,6,1,3,Avenue de la 1ere Armee,45.926308,4.708393
202000031699,30,9,2020,16,1,29,29001,2,2,3,3,D163 - Rue du Roi Gradlon,48.2443087,-4.3161977
202000031700,30,9,2020,20,3,13,13026,1,1,1,6,A55-Sens Marseille vers Martigues,43.3877,5.14465
202000031701,30,9,2020,21,5,33,33039,1,1,1,3,ROCADE A 630,44.80032,-0.53548
202000031702,30,9,2020,7,3,33,33075,1,1,1,3,ROCADE A 630,44.88977,-0.60716
202000031703,30,9,2020,8,1,33,33281,1,1,1,2,ROCADE A 630,44.84583,-0.67069
202000031704,30,9,2020,18,1,92,92063,1,1,1,4,A86,48.88939,2.16859
202000031705,30,9,2020,12,1,78,78423,1,1,2,6,RN12,48.795472,2.04626
202000031706,30,9,2020,16,1,93,93008,1,1,1,3,AUTOROUTE A86,48.91369,2.43351
202000031707,30,9,2020,10,1,93,93066,1,1,1,-1,AUTOROUTE A1,48.9249148,2.3568453
202000031708,30,9,2020,9,1,95,95252,1,1,2,6,AUTOROUTE A15,48.97652,2.23609
202000031709,29,9,2020,8,1,69,69383,2,1,1,3,RICHARD VITTON                      (CO),45.7530066,4.8958724
202000031710,29,9,2020,8,1,972,97213,2,3,2,3,ROUTE DEPARTEMENTALE 15,14.6336073,-61.0085392
202000031711,29,9,2020,17,1,69,69389,2,1,1,3,SIDOINE APPOLINAIRE                 (AV),45.77208,4.79608
202000031712,23,9,2020,10,1,971,97120,2,3,1,3,Amitié des peuples,16.2429,-61.5396
202000031713,29,9,2020,13,1,95,95268,2,1,2,6,AV DE STALINGRAD,48.97262,2.41705
202000031714,29,9,2020,11,1,91,91645,2,2,2,3,GEORGES POMPIDOU (AVENUE),48.754664,2.274511
202000031715,29,9,2020,7,5,91,91064,2,3,2,6,PETIT BIEVRES (RUE DU),48.75394,2.21576
202000031716,29,9,2020,11,1,91,91161,2,1,2,2,MAZARIN (AVENUE),48.7038,2.31774
202000031717,28,9,2020,8,1,91,91223,2,6,2,7,LYS (RUE DES),48.44162,2.13698
202000031718,28,9,2020,8,1,91,91514,1,1,2,4,ROUTE NATIONALE 6,48.663405,2.514607
202000031719,23,9,2020,12,1,89,89387,2,1,1,5,QUATORZE JUILLET (BOULEVARD),48.19568,3.28777
202000031720,28,9,2020,16,1,87,87050,2,3,1,3,ALSACE (RUE D'),45.87046,1.2362
202000031721,28,9,2020,18,1,87,87085,1,1,1,6,CARNE (RUE MARCEL),45.88227,1.17111
202000031722,28,9,2020,16,1,87,87085,2,1,1,3,JOURDAN (PLACE),45.83188,1.26311
202000031723,29,9,2020,18,1,86,86194,2,1,1,3,Boulevard Anatole France,46.5774,0.3488
202000031724,28,9,2020,17,1,83,83137,2,1,1,6,VIENNE (RUE HENRI),43.12941,5.92208
202000031725,29,9,2020,10,1,83,83069,1,1,1,3,BORDS DU GAPEAU (CHEMIN DES),43.12589,6.17111
202000031726,29,9,2020,6,2,83,83069,1,1,1,7,Pierrefeu (ROUTE DE) RD 12,43.160686,6.125609
202000031727,28,9,2020,7,2,80,80021,2,2,1,3,SAGEBIEN (RUE),49.87827,2.29099
202000031728,29,9,2020,23,3,77,77513,1,1,1,6,A 140,48.9415,2.84817
202000031729,28,9,2020,8,1,76,76231,1,1,1,2,SAUSSAYE. RUE DE LA,49.27155,0.99709
202000031730,29,9,2020,12,1,74,74093,2,1,1,1,REPUBLIQUE (AVENUE DE LA),45.908,6.10399
202000031731,28,9,2020,12,1,71,71040,2,1,2,3,MACON (ROUTE DE),46.6914481,4.3911564
202000031732,29,9,2020,19,5,69,69266,2,1,1,7,SOIE     (Rue de la),45.7624021,4.9160301
202000031733,29,9,2020,13,1,69,69266,2,1,1,6,Rue Jean Jaurès,45.75751,4.88241
202000031734,28,9,2020,10,1,69,69275,1,1,2,1,PEPINIERES (DES)                    (CH),45.7835214,4.9523823
202000031735,29,9,2020,11,1,67,67482,2,8,8,3,JARDINIERS (RUE DES),48.5996339,7.783523
202000031736,28,9,2020,16,1,67,67482,2,3,8,3,BRIGADE ALSACE LORRAINE (RUE DE LA),48.57699,7.75366
202000031737,25,9,2020,22,5,66,66136,2,3,1,3,SOUVENIRS (ALLEE DES),42.6881273,2.8927282
202000031738,27,9,2020,16,1,66,66136,1,1,1,3,PRADES (AVENUE DE ) ST CHARLES,42.68943,2.83131
202000031739,29,9,2020,15,1,64,64024,2,1,1,3,ESPAGNE (AVENUE D'),43.47849,-1.52182
202000031740,29,9,2020,8,1,64,64024,2,1,1,3,BAB (BOULEVARD DU),43.4885045,-1.5355001
202000031741,29,9,2020,7,2,64,64024,2,1,1,7,DOUS BOS (RUE DE),43.48967,-1.50246
202000031742,15,9,2020,19,1,60,60057,2,1,1,-1,NOTRE DAME DU THIL (RUE),49.44479,2.08003
202000031743,25,7,2020,23,5,59,59328,2,2,2,6,HIPPODROME AV DE L N°134 AU 240,50.6445659,3.0286404
202000031744,28,9,2020,7,2,56,56162,2,1,1,6,DUPUY DE LOME (RUE),47.74429,-3.39866
202000031745,29,9,2020,18,1,51,51454,2,2,1,3,Avenue du Général de Gaulle,49.2456586,4.0177865
202000031746,12,9,2020,3,5,49,49007,2,1,1,6,PARMENTIER,47.45372,-0.52247
202000031747,26,9,2020,12,1,49,49007,2,1,1,6,VOIE DES BERGES,47.47858,-0.55277
202000031748,28,9,2020,8,1,49,49267,2,1,1,2,A87N,47.48421,-0.49841
202000031749,17,9,2020,15,1,49,49007,2,3,1,3,AYRAULT,47.4754,-0.54871
202000031750,28,9,2020,13,1,34,34172,2,2,1,3,TOULOUSE (AVENUE DE,43.5973821,3.8642371
202000031751,29,9,2020,17,1,33,33063,2,1,1,1,QUAI RICHELIEU,44.83915,-0.56718
202000031752,28,9,2020,12,1,33,33281,2,4,1,3,AVE HENRI VIGNEAU,44.83761,-0.66727
202000031753,26,9,2020,3,5,33,33063,2,2,3,1,BD DU PRESIDENT WILSON / RUE DE L'ECOLE NORMALE,44.84667,-0.59828
202000031754,29,9,2020,12,1,33,33009,2,6,1,2,Avenue de la Libération,44.65347,-1.15915
202000031755,13,12,2020,0,5,93,93005,2,6,1,3,AV ANTOINE BOURDELLE / AV EUGENE SCHUELLER,48.93012,2.50889
202000031756,13,12,2020,19,5,93,93008,2,2,2,3,VAILLANT (AVENUE EDOUARD),48.9116505,2.4649381
202000031757,13,12,2020,22,3,92,92040,2,1,2,7,CHEVALIER DE LA BARRE (DU),48.821603,2.279617
202000031758,13,12,2020,21,5,92,92012,2,2,2,7,THIERS (RUE) 1/65,48.835456,2.249503
202000031759,12,12,2020,17,5,92,92002,2,3,1,1,AUGUSTE MOUNIE (RUE),48.7537459,2.3034521
202000031760,8,12,2020,19,5,31,31446,2,1,1,3,Avenue Tolosane,43.54843,1.471878
202000031761,14,12,2020,14,1,974,97412,2,3,2,1, Rue Justinien Vitry,-21.377309,55.606479
202000031762,14,12,2020,16,1,01,01322,1,2,1,3,route departementale 6,45.942753,4.821973
202000031763,13,12,2020,12,1,83,83048,1,1,1,3,Chemin de Provence,43.196542,6.554407
202000031764,13,12,2020,9,1,62,62615,1,1,8,6,D304,50.900665,1.815383
202000031765,18,11,2020,15,1,57,57269,2,3,1,1,Boulevard du Parc,49.296786,6.202973
202000031766,13,12,2020,17,3,57,57534,1,1,1,3,D155b,49.07381,6.214743
202000031767,11,12,2020,17,5,51,51507,2,2,2,4,D3,49.090938,4.903175
202000031768,14,12,2020,9,1,76,76302,2,1,1,6,18 rue Emile Benard,49.645572,0.368358
202000031769,13,12,2020,18,5,79,79079,2,1,2,-1,25 Rue des Meuniers,46.951317,-0.792534
202000031770,14,12,2020,7,3,82,82126,1,3,8,3,47 chemin de roc,44.168313,1.577293
202000031771,13,12,2020,19,3,33,33545,1,1,1,7,Rue du Calvaire,45.250971,-0.876353
202000031772,13,12,2020,23,3,61,61100,1,1,2,6,Lieu Dit Fai,48.714808,0.619226
202000031773,14,12,2020,17,2,47,47066,1,3,1,3,D813,44.243796,0.418639
202000031774,13,12,2020,18,3,41,41151,2,1,2,6,105 Route de Vierzon (Bourré),47.343806,1.242412
202000031775,11,12,2020,12,1,44,44081,2,1,3,2,7 Rue du Bocage,46.889751,-1.603183
202000031776,14,12,2020,10,1,31,31345,2,1,1,6,1 b Rue de Torrefarrera,43.366343,1.417012
202000031777,14,12,2020,7,2,02,02279,1,1,1,1,d 87,49.110006,3.32036
202000031778,12,12,2020,22,3,03,03217,1,1,8,7,,46.3575564,2.6891361
202000031779,13,12,2020,18,3,70,70257,1,1,1,-1,D474,47.476028,5.929999
202000031780,13,12,2020,15,1,58,58145,1,1,1,6,D17,47.275637,3.835967
202000031781,13,12,2020,20,3,72,72125,1,1,2,2,D357,47.9457,0.655532
202000031782,5,12,2020,22,3,27,27214,1,1,1,6,route de rouen,49.29386,1.47088
202000031783,14,12,2020,8,2,28,28304,1,1,1,1,N154,48.290903,1.713696
202000031784,11,12,2020,18,2,973,97309,1,1,1,7,Rue du 19 Avril 2000,4.89571,-52.292798
202000031785,13,12,2020,22,5,973,97309,2,1,1,1,Route de Montabo,4.914384,-52.274194
202000031786,13,12,2020,9,1,974,97412,2,3,2,1,Rue Justinien Vitry,-21.377309,55.606479
202000031787,6,12,2020,22,3,974,97415,1,1,1,1,N1a,-21.071326,55.22619
202000031788,9,12,2020,18,5,977,97701,2,1,1,3,SAINT JEAN AÉROPORT,17.903297,-62.844511
202000031789,14,12,2020,12,1,28,28285,2,2,8,3,D122.7,48.464129,1.702505
202000031790,11,12,2020,19,5,45,45089,2,1,2,1,110 Avenue de Gien,47.892994,2.048066
202000031791,13,12,2020,7,3,77,77257,1,1,2,7,D102,49.033648,3.049736
202000031792,14,12,2020,4,3,13,13004,1,1,1,6,RN.572,43.683267,4.569411
202000031793,11,12,2020,22,5,67,67451,2,1,8,6,281 rue principale,48.986398,8.051682
202000031794,11,12,2020,20,3,88,88183,2,1,2,6,D53,48.395908,5.671831
202000031795,11,12,2020,12,1,74,74037,1,3,4,6,Rte de Chez Layat,46.224633,6.390669
202000031796,9,12,2020,7,5,38,38565,2,1,1,2,Avenue Jacques Prévert,45.288,5.64091
202000031797,11,12,2020,12,1,33,33080,1,1,8,1,Avenue de Saint-médard-d'Eyrans,44.740993,-0.531037
202000031798,14,12,2020,6,3,85,85003,1,1,3,6,L'Herissonnière,46.769092,-1.599694
202000031799,8,12,2020,14,1,22,22070,2,2,1,6,Rue St Yves,48.5628027,-3.1549509
202000031800,11,12,2020,18,3,13,13071,1,1,3,4,A7-Sens Marseille vers Lyon,43.4063,5.291859
202000031801,12,12,2020,12,1,13,13211,1,1,1,2,A50-Sens Marseille vers Aubagne,43.2924,5.47822
202000031802,11,12,2020,14,1,13,13071,1,1,1,2,A7-Sens Marseille vers Lyon,43.405753,5.337431
202000031803,11,12,2020,0,5,13,13202,1,1,1,6,A55-Sens Marseille vers Martigues,43.33282,5.37857
202000031804,2,12,2020,17,4,69,69266,1,1,2,2,RD383   ,45.7732443,4.9001062
202000031805,20,11,2020,19,3,57,57452,1,1,1,2,Autoroute A31,49.15362,6.18295
202000031806,13,12,2020,16,1,92,92002,1,1,2,7,AUTOROUTE A10,48.7364821,2.3174313
202000031807,12,12,2020,21,3,94,94021,1,1,1,2,AUTOROUTE A6B,48.7617,2.3403
202000031808,13,12,2020,12,1,92,92064,1,1,1,6,A13,48.8385031,2.19236
202000031809,13,12,2020,3,5,78,78524,1,1,1,6,A13,48.8403,2.1129
202000031810,12,12,2020,15,1,92,92063,1,1,2,6,A86,48.8854343,2.1652776
202000031811,13,12,2020,19,3,93,93010,1,1,2,4,AUTOROUTE A3,48.90957,2.47425
202000031812,13,12,2020,17,2,93,93005,1,1,2,2,AUTOROUTE A1,48.9648,2.47501
202000031813,13,12,2020,6,3,77,77249,1,9,1,6,RN104,48.734241,2.610758
202000031814,12,12,2020,12,1,988,98818,2,1,2,3,VE1 SENS SUD/NORD,-22.24934,166.45242
202000031815,12,12,2020,18,1,974,97416,2,3,1,7,GAGARINE (RUE YOURI),-21.32597,55.47931
202000031816,12,12,2020,18,1,974,97409,2,1,1,6,MASCAREIGNES (Avenue des),-20.93322,55.64615
202000031817,12,12,2020,8,1,974,97407,2,6,1,3,CARPAYE(AVENUE),-20.94963,55.30158
202000031818,12,12,2020,2,5,973,97302,1,1,9,3,ROUTE NATIONALE 1,4.9137803,-52.328926
202000031819,12,12,2020,13,1,69,69387,2,1,1,3,LORTET                              (R ),45.74323,4.8349
202000031820,12,12,2020,15,1,69,69383,2,3,2,3,GAMBETTA                            (CO),45.75002,4.85826
202000031821,12,12,2020,10,1,69,69259,2,3,2,6,AMBROISE CROIZAT                    (BD),45.70042,4.8875
202000031822,12,12,2020,14,1,972,97213,1,1,1,3,DEPARTEMENTALE 28,14.6336662,-60.95438
202000031823,11,12,2020,22,5,972,97209,2,1,1,7,MONTREDON ( Rue Cécile),14.61145,-61.04306
202000031824,12,12,2020,14,1,69,69381,2,3,8,3,JEAN MOULIN                         (QU),45.76777,4.83796
202000031825,11,12,2020,18,5,69,69034,2,1,2,2,PIERRE BRUNIER                      (R ),45.78465,4.82968
202000031826,12,12,2020,12,1,95,95476,2,1,2,6,PUISEUX (RUE DE),49.061634,2.057983
202000031827,12,12,2020,20,5,91,91687,2,1,2,4,GUISE (AVENUE DE),48.65406,2.36601
202000031828,11,12,2020,12,1,91,91434,2,1,2,4,GRIBELETTE (BOULEVARD DE LA),48.64564,2.34919
202000031829,12,12,2020,10,1,91,91223,2,6,1,3,VICTOIRE (ROND-POINT DE LA),48.43715,2.16315
202000031830,12,12,2020,15,1,88,88209,2,1,2,1,LORRAINE (RUE DE),48.20932,6.44113
202000031831,11,12,2020,18,5,78,78123,1,1,2,5,EUROPE BD DE L',48.936915,2.038388
202000031832,12,12,2020,14,1,69,69029,2,1,8,2,LIONEL TERRAY                       (R ),45.72955,4.89386
202000031833,11,12,2020,19,5,69,69290,2,1,2,4,HEYRIEUX (D')                       (RO),45.6879507,4.9422877
202000031834,12,12,2020,16,5,69,69264,2,1,1,6,MONPLAISIR,45.9937222,4.7230641
202000031835,10,12,2020,7,2,68,68297,2,1,1,6,HURST ( RUE ),47.58602,7.56105
202000031836,11,12,2020,19,3,68,68154,1,1,2,2,,47.77373,7.35049
202000031837,12,12,2020,14,1,64,64445,2,3,1,2,18EME REGIMENT D'INFANTERIE DU,43.29795,-0.38667
202000031838,11,12,2020,13,1,64,64445,2,1,1,3,LOUIS SALLENAVE,43.3172532,-0.359821
202000031839,11,12,2020,18,5,56,56260,2,3,8,6,Rue Alexandre le Pontois,47.65419,-2.75768
202000031840,12,12,2020,22,5,54,54547,2,3,2,-1,CHARMOIS (AVENUE DU),48.6668358,6.1720888
202000031841,12,12,2020,21,5,54,54025,2,4,3,3,CHARTREUSE (AVENUE DE LA),48.6592925,6.2592204
202000031842,10,12,2020,16,2,52,52448,1,2,1,2,RD384,48.62491,4.93066
202000031843,11,12,2020,18,5,37,37261,2,3,1,6,COLOMBIER (RUE),47.4224324,0.7059695
202000031844,12,12,2020,20,5,33,33063,2,2,3,3,CRS PORTAL,44.85429,-0.57224
202000031845,12,12,2020,10,1,33,33063,2,3,2,6,AVE LOUIS BARTHOU CAUD,44.85222,-0.61464
202000031846,12,12,2020,21,5,30,30189,2,2,1,7,BONFA (RUE),43.82681,4.36116
202000031847,11,12,2020,17,5,30,30007,2,1,3,1,FAUBOURG DU SOLEIL (RUE DU),44.11851,4.07977
202000031848,12,12,2020,23,3,17,17291,1,2,8,2,N11,46.17251,-1.11902
202000031849,11,12,2020,18,5,14,14557,2,1,2,3,OX AND BUCKS (AVENUE),49.3391,0.0984
202000031850,12,12,2020,21,5,13,13207,2,1,1,6,Corniche John Fitzgérald Kennedy,43.275386,5.359846
202000031851,12,12,2020,13,1,13,13209,2,9,1,2,SAINTE MARGUERITE (BOULEVARD),43.265189,5.408953
202000031852,11,12,2020,16,1,01,01014,2,1,6,6,PASTEUR (RUE),46.275,5.67395
202000031853,11,12,2020,12,1,75,75112,2,4,1,3,ECHANGEUR BERCY,48.827652,2.393982
202000031854,11,12,2020,7,5,75,75106,2,2,2,6,BOULEVARD RASPAIL,48.848091,2.327933
202000031855,12,12,2020,18,5,75,75119,2,1,2,2,RUE DE MEAUX,48.882355,2.374775
202000031856,11,12,2020,20,5,75,75116,2,1,2,3,BOULEVARD LANNES,48.865875,2.270981
202000031857,12,12,2020,19,5,75,75115,2,2,2,3,AVENUE DE LA PORTE BRANCION,48.825443,2.300432
202000031858,12,12,2020,19,5,75,75107,2,1,2,5,QUAI ANATOLE FRANCE,48.861798,2.321859
202000031859,12,12,2020,18,5,75,75113,2,1,1,6,AVENUE D ITALIE,48.8271,2.356985
202000031860,12,12,2020,15,1,75,75113,2,3,3,6,BOULEVARD MASSENA,48.82056,2.366035
202000031861,12,12,2020,10,1,75,75110,2,1,1,3,BOULEVARD DE STRASBOURG,48.873367,2.356528
202000031862,12,12,2020,14,1,75,75102,2,5,2,5,RUE DU QUATRE SEPTEMBRE,48.869713,2.335922
202000031863,12,12,2020,12,1,75,75104,2,1,1,6,RUE SAINT MARTIN,48.858789,2.34998
202000031864,12,12,2020,11,1,94,94021,2,2,1,3,GENERAL DE GAULLE (AV DU),48.772992,2.338494
202000031865,12,12,2020,13,1,93,93078,2,2,1,3,CLEMENCEAU (AVENUE GEORGES),48.9582348,2.5585283
202000031866,12,12,2020,13,1,93,93070,2,1,2,6,ROSIERS(DES) : APRES 61,48.90143,2.34381
202000031867,11,12,2020,7,5,93,93066,2,1,3,6,BD FRANCE ANATOLE,48.92179,2.3458
202000031868,12,12,2020,18,5,93,93053,2,3,2,5,PARIS (RUE DE),48.9022364,2.4621573
202000031869,12,12,2020,12,1,93,93053,2,2,2,3,JULES AUFFRET (RUE),48.88785,2.45451
202000031870,12,12,2020,15,1,93,93029,2,1,2,6,JACQUELINE QUATREMAIRE,48.9170893,2.4585538
202000031871,12,12,2020,14,1,92,92075,2,1,2,6,JEAN BLEUZEN (RUE),48.824,2.2978
202000031872,12,12,2020,7,2,92,92076,2,1,2,1,JARDY,48.8347824,2.1543925
202000031873,12,12,2020,17,5,92,92050,2,3,1,6,STALINGRAD RUE DE,48.893106,2.197909
202000031874,12,12,2020,17,3,92,92023,2,1,2,2,GENERAL EISENHOWER (AVENUE),48.77687,2.22856
202000031875,12,12,2020,20,5,92,92002,2,1,8,2,DIVISION LECLERC (53 A 217 - 58 A 186),48.7517447,2.3045225
202000031876,13,12,2020,17,5,95,95058,2,1,2,1,D929,49.1566056,2.290079
202000031877,12,12,2020,20,3,972,97216,1,1,1,1,"N1, PK 40+800",14.82543,-61.040543
202000031878,12,12,2020,12,1,68,68253,1,1,1,7,D52,47.804016,7.532858
202000031879,12,12,2020,10,1,69,69100,2,4,9,3,Rue de la Mouche,45.695069,4.8207574
202000031880,13,12,2020,13,1,77,77456,2,3,8,6,Rue de la mairie,48.509362,3.281935
202000031881,13,12,2020,14,1,2A,2A006,1,1,1,3,CD 81,41.983911,8.775496
202000031882,12,12,2020,16,1,33,33151,1,1,2,6,Lieu Dit le Gablezac,45.276848,-0.436299
202000031883,12,12,2020,17,2,63,63242,1,1,8,6,RD 909,45.398827,3.268025
202000031884,8,12,2020,18,3,63,63239,1,1,1,6,D9,45.7110576,3.3491765
202000031885,9,12,2020,17,2,12,12264,2,1,1,6,Avenue Louis Tabardel,44.4033251,2.599414
202000031886,2,8,2020,10,1,34,34025,2,2,1,1,5 Avenue de Servian,43.410862,3.255821
202000031887,13,12,2020,10,1,22,22157,1,1,2,7,24 la croix neuve,48.289801,-3.488084
202000031888,12,12,2020,12,1,22,22046,1,1,2,1,D792,48.24341,-2.555298
202000031889,12,12,2020,21,3,35,35096,1,1,2,6,D95,48.085304,-1.401014
202000031890,12,12,2020,15,1,35,35099,1,2,1,3,La Rougeraie,48.064809,-1.561561
202000031891,12,12,2020,12,1,14,14174,2,2,1,3,Avenue de Verdun,48.850071,-0.549413
202000031892,13,12,2020,8,1,64,64259,1,1,1,6,RD22,43.299162,-1.248279
202000031893,12,12,2020,13,1,36,36043,1,1,8,1,la vergne,46.544222,1.922264
202000031894,13,12,2020,18,3,16,16165,1,1,1,6,Lieu dit Les Groies,45.746124,-0.201464
202000031895,12,12,2020,22,3,24,24214,1,1,1,6,Les Eyssarts,45.580692,0.527982
202000031896,13,12,2020,3,5,987,98752,1,1,1,7,PK 55+600 RT1,-17.722055,-149.404653
202000031897,13,12,2020,15,1,06,06004,1,1,1,3,A8 PK 173.300 SUD,43.607338,7.095108
202000031898,12,12,2020,19,3,51,51507,1,1,2,7,A4,49.0760594,4.9153219
202000031899,13,12,2020,8,2,988,98803,1,1,3,6,Route du Creek Haymes,-21.660898,165.536156
202000031900,30,8,2020,17,2,988,98811,1,1,1,6,transversale Konetiwaka,-21.03305,164.96803
202000031901,13,12,2020,5,5,70,70279,2,1,1,6,rue victor hugo,47.444205,5.591451
202000031902,11,12,2020,22,5,38,38475,2,1,2,7,Rue des Combes,45.670773,5.107586
202000031903,11,12,2020,19,3,33,33435,1,6,1,2,D19,44.563907,-0.243872
202000031904,13,12,2020,1,3,60,60047,1,1,2,7,route 330,49.1738914,2.7000693
202000031905,11,12,2020,17,5,62,62318,2,2,2,5,RUE DE LA PIERRE TROUÉE,50.520088,1.641474
202000031906,11,12,2020,19,5,13,13001,1,1,2,7,A51-Sens Aix en Provence vers Marseille,43.5235869,5.4265999
202000031907,11,12,2020,17,3,13,13088,1,1,2,5,A55-Sens Marseille vers Martigues,43.391676,5.259317
202000031908,12,12,2020,19,3,33,33063,1,1,2,6,,44.885832,-0.56066
202000031909,12,12,2020,19,3,91,91689,1,1,1,2,AUTOROUTE A6B,48.7391,2.3199
202000031910,12,12,2020,14,1,77,77251,1,1,2,6,AUTOROUTE A5A,48.61939,2.55492
202000031911,12,12,2020,14,1,91,91645,1,1,2,6,RN 385 Extèrieure,48.7596,2.2675
202000031912,12,12,2020,12,1,94,94034,1,1,3,4,AUTOROUTE A86,48.75773,2.3281
202000031913,12,12,2020,7,3,91,91340,1,1,1,3,RN 104,48.61,2.442
202000031914,12,12,2020,1,5,94,94037,1,1,1,6,AUTOROUTE A6B,48.8164806,2.3578369
202000031915,12,12,2020,12,1,78,78133,1,1,1,6,SE A14,48.913371,2.043692
202000031916,11,12,2020,13,1,92,92036,1,1,2,4,RN315 W,48.923788,2.3049267
202000031917,12,12,2020,6,4,95,95306,1,1,2,2, A15,48.99613,2.18133
202000031918,11,12,2020,22,3,93,93027,1,1,2,6,BDL,48.9268,2.4034
202000031919,12,12,2020,22,3,77,77146,1,1,2,-1,RN104.EXT,48.80818,2.63037
202000031920,12,12,2020,12,1,94,94028,1,9,1,2,A86 INT,48.776362,2.433254
202000031921,29,9,2020,19,2,78,78372,2,1,8,6,CARNOT (RUE),48.8713,2.0957
202000031922,16,9,2020,14,1,49,49007,2,1,1,6,LETANDUERE,47.45671,-0.55396
202000031923,11,9,2020,11,1,49,49267,2,1,1,6,GATS,47.47454,-0.51567
202000031924,21,6,2020,11,1,30,30028,2,6,1,3,ANCYSE (AVENUE DEL'),44.15997,4.61394
202000031925,11,10,2020,8,1,13,13211,2,6,1,6,PEINTRES ROUX (avenue),43.297669,5.479163
202000031926,8,12,2020,15,1,974,97409,2,1,3,6,CHEMIN AGENOR,-20.9492674,55.6855655
202000031927,9,12,2020,6,1,974,97407,2,1,1,3,Rue du Général de Gaulle,-20.94172,55.29626
202000031928,11,12,2020,20,5,973,97302,2,1,1,3,ZEPHIR (ROCADE),4.9396483,-52.3053932
202000031929,11,12,2020,15,1,973,97302,2,9,1,3,MADELEINE (ROUTE DE LA),4.9107226,-52.3214714
202000031930,11,12,2020,14,1,973,97302,2,1,1,3,BADUEL (ROUTE DE),4.9290447,-52.3012304
202000031931,11,12,2020,6,1,973,97302,2,3,1,3,MONTABO (ROUTE DE) 1,4.94277,-52.30598
202000031932,10,12,2020,12,1,973,97302,2,1,1,3,MONTABO (ROUTE DE) 1,4.9362874,-52.296404
202000031933,11,12,2020,21,4,69,69386,2,2,2,3,GERMAIN                             (R ),45.76,4.86
202000031934,11,12,2020,15,1,69,69383,2,1,1,6,ANDRE PHILIP                        (R ),45.7582486,4.8510448
202000031935,11,12,2020,7,2,69,69387,2,1,1,2,CHAMBAUD DE LA BRUYERE              (BD),45.72325,4.84206
202000031936,11,12,2020,17,2,972,97213,2,1,1,2,AUTOROUTE A1,14.61457,-61.01228
202000031937,11,12,2020,7,1,972,97209,2,1,1,6,ALFASSA (BOULEVARD),14.60186,-61.06768
202000031938,1,12,2020,2,5,69,69384,2,1,1,6,SERIN (DE)                          (PL),45.77422,4.81272
202000031939,11,12,2020,19,5,69,69382,2,1,3,6,CHARLEMAGNE                         (CO),45.74129,4.81976
202000031940,10,12,2020,12,1,69,69382,2,3,1,3,MARECHAL JOFFRE (DU)                (QU),45.75406,4.8254
202000031941,11,12,2020,9,1,2B,2B033,2,1,1,4,11 - RT,42.68604,9.44623
202000031942,11,12,2020,8,1,2B,2B033,2,3,1,3,FRANCOIS VITTORI,42.67707,9.43878
202000031943,10,12,2020,18,5,2B,2B033,2,6,8,6,LUPINO,42.68011,9.44198
202000031944,11,12,2020,21,5,2A,2A004,2,6,1,-1,CAMPI LOUIS BD,41.94516,8.75823
202000031945,11,12,2020,8,2,91,91549,2,1,2,6,SEQUIGNY (RUE DE),48.64186,2.32271
202000031946,14,1,2020,16,1,75,75106,2,1,1,3,RUE DE SEVRES,48.8499663,2.3235971
202000031947,15,1,2020,19,5,75,75120,2,4,2,2,BOULEVARD DAVOUT,48.8559058,2.4100595
202000031948,15,1,2020,12,1,75,75120,2,2,1,6,AVENUE GAMBETTA,48.86653,2.399898
202000031949,15,1,2020,12,1,75,75120,2,1,1,6,RUE SAINT BLAISE,48.8582423,2.4068293
202000031950,15,1,2020,16,1,75,75119,2,1,1,3,AVENUE JEAN JAURES,48.8832576,2.3720665
202000031951,15,1,2020,10,1,75,75119,2,1,1,3,RUE DE CRIMEE,48.8811921,2.3876247
202000031952,15,1,2020,8,2,75,75119,2,4,1,3,RUE SIGMUND FREUD,48.884686,2.398836
202000031953,15,1,2020,1,5,75,75117,2,3,1,3,RUE ANDRE BRECHET,48.898994,2.328753
202000031954,15,1,2020,20,5,75,75116,2,1,2,6,BOULEVARD DE L AMIRAL BRUIX,48.876798,2.282871