Num_Acc,jour,mois,an,hr,condition_eclairage,departement,commune,condition_agglomeration,intersection,condition_atmosphere,type_collision,adresse,lattitude,longitude
202000031955,15,1,2020,13,1,75,75116,2,1,8,-1,ALLEE DE LA REINE MARGUERITE,48.8666652,2.250223
202000031956,15,1,2020,9,1,75,75116,2,1,1,2,VOIE GEORGES POMPIDOU,48.841123,2.268795
202000031957,15,1,2020,15,1,75,75115,2,1,1,6,RUE DE L AVRE,48.8479154,2.2976605
202000031958,15,1,2020,8,1,75,75115,2,3,1,6,RUE BRANCION,48.830188,2.3019142
202000031959,15,1,2020,1,5,75,75114,2,1,1,7,RUE D ALESIA,48.8312183,2.3168023
202000031960,15,1,2020,19,5,75,75113,2,3,2,6,AVENUE D ITALIE,48.8228133,2.35837
202000031961,15,1,2020,18,5,75,75113,2,3,8,6,RUE RAYMOND ARON,48.834882,2.373916
202000031962,15,1,2020,8,1,75,75113,2,4,1,2,BOULEVARD DE L HOPITAL,48.8352051,2.3582735
202000031963,15,1,2020,18,5,75,75112,2,2,1,6,RUE JOSEPH KESSEL,48.835298,2.3853465
202000031964,15,1,2020,14,1,75,75111,2,1,8,4,BOULEVARD JULES FERRY,48.8683071,2.3673311
202000031965,15,1,2020,14,1,75,75109,2,1,1,6,RUE DE CAUMARTIN,48.8750817,2.3284645
202000031966,15,1,2020,5,5,75,75108,2,1,1,7,PLACE DE LA CONCORDE,48.865515,2.319641
202000031967,15,1,2020,19,5,75,75104,2,2,2,6,QUAI DE L HOTEL DE VILLE,48.8558976,2.3511731
202000031968,13,1,2020,18,5,75,75103,2,1,1,7,RUE CHAPON,48.863415,2.356041
202000031969,15,1,2020,20,5,75,75103,2,2,2,3,RUE DE BEARN,48.8568235,2.3659953
202000031970,15,1,2020,10,1,75,75104,2,3,1,6,RUE SAINT ANTOINE,48.8546704,2.3627593
202000031971,14,1,2020,20,5,75,75104,2,2,2,3,QUAI DE L HOTEL DE VILLE,48.8543687,2.3549385
202000031972,15,1,2020,0,5,94,94077,2,6,1,7,PAUL VAILLANT COUTURIER (AV),48.735,2.419
202000031973,14,1,2020,19,5,94,94068,2,1,1,6,VARENNE (R DE LA),48.809408,2.471786
202000031974,15,1,2020,19,5,94,94015,2,1,2,6,FOUR (R DU),48.83455,2.52003
202000031975,15,1,2020,17,3,94,94076,2,1,2,6,MAXIME GORKI (R),48.7963,2.36853
202000031976,15,1,2020,14,1,94,94076,1,1,1,1,STALINGRAD (AV DE),48.78536,2.36672
202000031977,15,1,2020,11,1,94,94003,2,1,1,6,SIMON (IMP),48.79873,2.34652
202000031978,15,1,2020,19,5,94,94017,2,9,2,2,ROGER SALENGRO (AV),48.81783,2.49454
202000031979,15,1,2020,12,1,93,93078,2,2,1,3,LECLERC (AVENUE DU GENERAL),48.948093,2.561157
202000031980,15,1,2020,10,1,93,93064,2,1,1,3,ALL DE L'ESPERANCE,48.8829,2.4954
202000031981,15,1,2020,12,1,93,93027,2,9,8,2,PASTEUR (BOULEVARD) DE 40 A +,48.92917,2.38557
202000031982,15,1,2020,15,1,93,93010,2,1,1,3,BLANQUI (AL. LOUIS-AUGUSTE),48.9205473,2.4572217
202000031983,15,1,2020,11,1,93,93010,2,4,1,3,PASTEUR (AV.),48.90307,2.48313
202000031984,15,1,2020,16,1,93,93005,2,3,1,3,MERCURE (PLACE),48.958,2.50315
202000031985,15,1,2020,17,1,93,93001,2,1,2,6,R DE SAINT GOBAIN ,48.9128,2.36706
202000031986,14,1,2020,20,5,92,92036,2,3,1,6,GABRIEL PERI (AVENUE) (60/134),48.91631,2.29582
202000031987,15,1,2020,18,5,92,92012,2,2,8,6,REINE (ROUTE DE LA) 82/FIN - 107TER/FIN,48.8399723,2.2374297
202000031988,15,1,2020,9,1,92,92012,2,1,1,6,DOME (RUE DU),48.831956,2.248156
202000031989,16,1,2020,16,1,66,66190,1,1,1,2,A9,42.853814,2.941396
202000031990,15,1,2020,14,1,17,17194,2,1,1,7,Rue de Chatelaillon,46.128513,-1.013583
202000031991,14,1,2020,15,1,52,52189,1,1,1,2,A31,47.660652,5.175088
202000031992,16,1,2020,16,1,29,29302,1,1,3,6,Pont-de-Buis-lès-Quimerch,48.263556,-4.113607
202000031993,15,1,2020,21,5,971,97133,2,4,1,1,63 Route de Beau Rivage,15.94829,-61.69637
202000031994,13,1,2020,18,5,22,22185,2,3,2,3,13 Rue de la République,48.367754,-2.395219
202000031995,12,1,2020,10,1,21,21081,1,5,7,3,D16,47.367636,4.775084
202000031996,16,1,2020,12,1,37,37261,1,1,1,6,autoroute A10,47.4149482,0.7295823
202000031997,15,1,2020,20,3,62,62113,1,1,1,1,D939,50.34973,2.533363
202000031998,16,1,2020,11,1,62,62434,1,1,1,6,D1,50.189965,2.563044
202000031999,16,1,2020,10,1,74,74134,2,3,7,6,46 Rue du Chêne,46.156418,6.667385
202000032000,16,1,2020,12,1,80,80205,1,1,7,1,D216,50.012731,2.015283
202000032001,15,1,2020,11,1,32,32369,1,1,1,6,D931,43.783849,-0.015712
202000032002,16,1,2020,10,1,71,71426,1,9,1,2,N80,46.7368738,4.6207535
202000032003,14,1,2020,18,5,71,71269,2,1,1,6,Rue de la Liberation,46.7543405,4.8471687
202000032004,16,1,2020,9,1,55,55520,1,1,1,6,N4,48.688798,5.667145
202000032005,16,1,2020,5,4,49,49060,2,1,5,6,Rue des Grands Clos (Saint-Cyr-en-Bourg),47.187197,-0.056573
202000032006,16,1,2020,17,2,12,12226,1,1,1,3,D904,44.75656,2.620975
202000032007,16,1,2020,12,1,47,47310,1,1,1,6,Tonneins,44.364173,0.338324
202000032008,12,1,2020,16,1,41,41177,1,1,2,6,D167,48.081353,0.872171
202000032009,16,1,2020,18,3,86,86193,1,1,1,6,D16,46.7558211,0.7662141
202000032010,15,1,2020,19,3,39,39043,1,1,1,6,Orbagna - Route de Creve-Ceur,46.580255,5.455876
202000032011,15,1,2020,0,3,44,44178,1,1,2,6,Le Recredit,47.055742,-1.749636
202000032012,12,1,2020,10,1,29,29184,2,6,2,3,Kroaz Ar Valy,48.631221,-3.988417
202000032013,15,1,2020,11,1,29,29097,1,1,1,6,D11 - Pont Croix,48.4989721,-4.0585886
202000032014,15,1,2020,19,5,29,29160,2,3,1,3,D788 - Rue des Trois Freres le Roy,48.4985744,-4.4274398
202000032015,15,1,2020,18,5,31,31107,2,3,1,2,D627,43.291246,1.216379
202000032016,15,1,2020,20,3,70,70012,1,1,1,6,D434,47.780814,6.07215
202000032017,16,1,2020,7,2,72,72100,1,6,1,3,La Petite Loge,47.797847,-0.046853
202000032018,16,1,2020,8,2,60,60483,1,1,5,4,D1017,49.572802,2.702729
202000032019,15,1,2020,8,1,10,10209,2,1,1,3,33 Rue de la Jonchère,48.259182,4.253986
202000032020,16,1,2020,19,3,16,16132,1,3,1,1,Ld Le relais d'Etagnac,45.8932639,0.8031164
202000032021,15,1,2020,14,1,53,53170,1,1,1,1,D138,48.365822,-0.658538
202000032022,16,1,2020,8,2,40,40312,1,3,1,1,1612 Rue des Barthes,43.520927,-1.43395
202000032023,16,1,2020,15,1,87,87158,2,2,1,3,Avenue Charles de Gaulle,45.769125,0.958446
202000032024,15,1,2020,17,2,37,37109,1,1,1,7,D3,47.4169608,0.5803694
202000032025,16,1,2020,11,1,30,30089,2,9,1,6,D986l,43.852822,4.598772
202000032026,15,1,2020,9,1,67,67156,1,1,7,4,A35,48.673992,7.751686
202000032027,16,1,2020,17,1,973,97309,2,1,1,6,Avenue Saint Ange Methon,4.91251,-52.278621
202000032028,7,1,2020,20,3,57,57333,1,1,1,4,Route Nationale 4,48.7495743,7.1401317
202000032029,16,1,2020,8,1,69,69027,2,1,1,1,3 Route de Lyon,45.676981,4.768711
202000032030,16,1,2020,15,1,60,60531,1,1,1,4,A1,49.4302914,2.6955664
202000032031,15,1,2020,16,1,971,97125,2,1,1,5,Rue Martin Luther King,16.257314,-61.270648
202000032032,15,1,2020,21,5,77,77309,1,1,1,-1,N330,49.0065568,2.8407227
202000032033,15,1,2020,10,1,2B,2B335,1,1,1,6,RT10 - Olmello,42.328808,9.537779
202000032034,16,1,2020,17,5,67,67474,2,1,1,6,24 Rue de la Dime,48.9404485,7.8826712
202000032035,10,1,2020,21,3,55,55304,1,1,1,6,D35,48.861086,5.086422
202000032036,15,1,2020,21,3,38,38348,1,1,1,3,Avenue de la Vieille Borne,45.588438,5.297426
202000032037,16,1,2020,7,3,26,26235,1,3,1,3,D59,44.360913,4.689002
202000032038,15,1,2020,21,3,22,22324,1,1,1,6,D788,48.774428,-3.445746
202000032039,16,1,2020,1,3,22,22171,1,1,1,7,Les Garennes d'En Haut,48.424423,-2.822909
202000032040,15,1,2020,10,1,35,35136,2,1,2,3,28 Rue Aristide Briand,47.959166,-1.49756
202000032041,16,1,2020,8,2,59,59258,1,1,5,1,D90,50.538572,3.208005
202000032042,14,1,2020,17,3,83,83062,1,1,1,2,A57,43.1436293,6.0204078
202000032043,15,1,2020,7,1,33,33192,1,1,1,2,ROCADE A630,44.78621,-0.59505
202000032044,15,1,2020,13,1,92,92048,1,1,1,6,N118,48.801614,2.215155
202000032045,14,1,2020,21,3,78,78402,1,1,6,2,A13,48.963941,1.786139
202000032046,14,1,2020,18,3,93,93005,1,1,1,3,AUTOROUTE A3,48.95444,2.47364
202000032047,13,1,2020,5,3,93,93005,1,1,1,6,AUTOROUTE A3,48.95792,2.47315
202000032048,13,1,2020,16,1,92,92036,1,1,1,3,AUTOROUTE A86,48.93891,2.30554
202000032049,13,1,2020,11,1,93,93078,1,1,1,5,AUTOROUTE A104,48.96742,2.51063
202000032050,11,1,2020,17,2,77,77083,1,1,1,3,A4.W,48.8308286,2.60751
202000032051,13,1,2020,2,5,976,97611,2,9,1,2,mgombani-Mahabou angle rue du commerce (,-12.77783,45.22939
202000032052,12,1,2020,17,1,974,97416,1,1,1,6,AERODROME (CHEMIN DE L'),-21.3074,55.42737
202000032053,11,1,2020,12,1,973,97302,2,2,1,5,BARTHELEMY (RENE),4.933689,-52.3304294
202000032054,13,1,2020,6,1,972,97213,1,3,2,3,LONG BOIS (CHEMIN),14.644548,-60.991003
202000032055,12,1,2020,11,1,972,97209,2,1,1,7,RELIGIEUSES (ROUTE DES),14.6062,-61.06271
202000032056,10,1,2020,11,1,972,97209,2,1,1,7,LAMARTINE (RUE),14.60448,-61.06944
202000032057,12,1,2020,2,5,69,69381,2,9,1,6,DE LATTRE DE TASSIGNY               (PT),45.7954,4.8189
202000032058,11,1,2020,9,1,69,69384,2,1,1,2,HERBOUVILLE (D')                    (CO),45.7749448,4.8389236
202000032059,12,1,2020,19,5,2B,2B033,2,1,1,1,ROUTE ROYALE,42.6799,9.4283
202000032060,13,1,2020,15,1,971,97120,2,6,1,2,BLANCHARD,16.22362,-61.52594
202000032061,12,1,2020,22,5,971,97113,1,1,2,6,BAS DU FORT,16.22123,-61.5214634
202000032062,13,1,2020,12,1,2A,2A004,2,1,1,3,MARECHAL JUIN AVENUE,41.93443,8.75077
202000032063,10,1,2020,9,1,2A,2A004,2,1,2,3,ROUTE DU STILETTO,41.94609,8.77184
202000032064,13,1,2020,8,1,91,91122,2,2,1,3,HARAS (RUE DES),48.697663,2.155664
202000032065,13,1,2020,19,5,91,91345,2,9,8,6,L'ABBE PIERRE (AVENUE DE),48.697711,2.29906
202000032066,13,1,2020,14,1,91,91687,2,1,2,2,GENERAL DE GAULLE (AVENUE DU),48.67989,2.38038
202000032067,10,1,2020,11,1,91,91552,2,1,2,4,RN 20,48.604,2.2486
202000032068,10,1,2020,8,2,91,91552,2,1,2,7,CORBEIL (ROUTE DE),48.59495,2.26493
202000032069,9,1,2020,18,2,87,87085,2,3,2,6,MIDI (AVENUE DU),45.82654,1.25759
202000032070,10,1,2020,16,1,87,87085,2,6,1,6,QUEUILLE (PLACE HENRI),45.81479,1.26914
202000032071,8,1,2020,22,5,87,87085,1,1,1,2,RD941 (OUEST),45.83477,1.21872
202000032072,12,1,2020,19,5,86,86088,2,1,1,4,N10,46.54677,0.29812
202000032073,12,1,2020,0,5,80,80489,2,1,1,2,HENRI BARBUSSE (RUE),49.87328,2.35074
202000032074,11,1,2020,14,1,80,80489,2,1,1,6,AVENUE DE L'ARC,49.8715,2.3697
202000032075,9,1,2020,17,2,80,80021,2,4,2,3,MARTIN BLEU DIEU (RUE),49.88938,2.29095
202000032076,13,1,2020,8,2,78,78498,2,1,1,6,FOCH AV n°105,48.93106,2.0531
202000032077,9,1,2020,7,3,77,77121,1,1,2,1,DEPARTEMENTALE 471 (ROUTE),48.8162,2.6904
202000032078,12,1,2020,17,1,76,76305,1,1,1,7,RD 6015,49.51228,0.21647
202000032079,13,1,2020,15,1,73,73065,2,1,1,-1,BOIS (RUE DES),45.6037213,5.9124193
202000032080,11,1,2020,7,5,73,73065,2,3,1,3,SAINT ANTOINE (RUE),45.56804,5.92097
202000032081,11,1,2020,18,5,71,71270,2,1,1,7,Route de Lyon,46.2861138,4.8085617
202000032082,10,1,2020,19,5,71,71270,2,1,1,2,Route de Bioux,46.2992432,4.8183403
202000032083,9,1,2020,8,1,71,71076,2,1,1,6,Rue Thomas Dumorey,46.7757842,4.8578409
202000032084,13,1,2020,16,1,69,69266,2,1,1,6,EMILE ZOLA     (Cours),45.767,4.888
202000032085,12,1,2020,15,1,69,69290,2,6,1,1,AVIATION (DE L')                    (R ),45.7198093,4.9330045
202000032086,10,1,2020,7,3,69,69013,1,1,1,3,D 306,46.0135775,4.7252208
202000032087,10,1,2020,16,1,67,67482,2,1,2,2,DOUBS (RUE DU),48.55728,7.733785
202000032088,11,1,2020,10,1,67,67462,1,1,8,1,RD 424,48.2356605,7.4805655
202000032089,11,1,2020,10,1,67,67462,1,1,8,2,RD 424,48.2287647,7.488195
202000032090,12,1,2020,13,1,66,66136,2,1,1,-1,BALEARES ROND POINT ET CITE DES,42.68877,2.8948
202000032091,10,1,2020,14,1,66,66136,1,1,1,2,R D 900,42.674009,2.887701
202000032092,13,1,2020,7,5,64,64445,2,3,1,1,PAIX,43.32221,-0.36688
202000032093,9,1,2020,5,5,63,63113,2,4,1,3,LAFAYETTE (BD),45.768418,3.1046476
202000032094,11,1,2020,13,1,63,63113,2,9,1,4,POCHET LAGAYE/Lafayette,45.76678,3.10703
202000032095,11,1,2020,9,1,62,62400,2,1,1,3,ZOLA ( EMILE ),50.465599,2.562079
202000032096,8,1,2020,18,3,62,62160,2,2,2,6,PERROCHEL (Rue ),50.7215,1.60699
202000032097,10,1,2020,17,5,57,57306,2,1,1,6,MARNE (RUE DE LA),49.3319,6.06237
202000032098,10,1,2020,7,5,57,57672,2,1,2,6,ENFANTS DE LA FENSCH (RUE DES),49.353,6.15951
202000032099,8,1,2020,17,5,57,57306,2,3,2,6,FOCH (RUE ),49.32956,6.06396
202000032100,13,1,2020,20,5,57,57463,2,2,1,7,FALOGNE (RUE DE LA ),49.0942486,6.2388666
202000032101,12,1,2020,18,5,56,56098,2,6,1,3,KESLER-DEVILLERS ( AV. ),47.76715,-3.33964
202000032102,11,1,2020,8,1,51,51454,2,1,1,3,Avenue de Champagne,49.2192119,4.0207531
202000032103,11,1,2020,8,1,51,51172,2,1,1,7,Avenue des Goisses,49.2154935,4.0586262
202000032104,11,1,2020,8,1,51,51108,2,1,1,7,Avenue du 29 Août 1944,48.9460032,4.3739904
202000032105,13,1,2020,16,1,45,45234,2,1,2,6,Avenue Montesquieu,47.83529,1.93588
202000032106,10,1,2020,13,1,38,38169,2,1,1,6,RUE LAZARE HOCHE,45.19931,5.68848
202000032107,13,1,2020,18,5,37,37261,2,3,1,3,GRAMMONT (AVENUE DE),47.3759184,0.6944865
202000032108,12,1,2020,16,1,34,34172,2,1,1,6,POMPIGNANE (AVENUE DE LA),43.60615,3.898769
202000032109,12,1,2020,15,1,34,34172,2,2,1,3,TOULOUSE (AVENUE DE,43.59739,3.864159
202000032110,16,1,2020,6,5,34,34172,2,3,1,3,VAL DE MONTFERRAND (AVENUE DU),43.636494,3.873463
202000032111,10,1,2020,11,1,34,34172,2,1,1,7,FRANKLIN (ROND-POINT BENJAMIN),43.61862,3.91261
202000032112,13,1,2020,12,1,33,33318,2,3,9,4,RUE JEAN PERRIN / RUE GASPARD MONGE,44.77901,-0.65996
202000032113,13,1,2020,13,1,33,33039,2,1,1,6,RUE DES FRERES LUMIERE (PARKING),44.79464,-0.53186
202000032114,28,2,2020,12,1,33,33281,2,6,2,3,AVE DE MAGUDAS / AVE DE LA LIBERATION,44.85615,-0.6439
202000032115,13,1,2020,7,1,31,31555,1,1,1,2,VA007418 PONT JUMEAUX A620 Sortie 30,43.6095,1.41341
202000032116,11,1,2020,15,1,31,31069,2,1,1,6,BRASSENS (AV GEORGES),43.64648,1.36869
202000032117,11,1,2020,17,2,31,31557,2,1,1,6,AV JEAN JAURES,43.589363,1.363207
202000032118,11,1,2020,6,4,31,31555,2,1,1,6,AV DES ETATS UNIS,43.657064,1.420653
202000032119,10,1,2020,17,5,31,31555,2,1,1,6,ALL JEAN JAURES,43.60652,1.44944
202000032120,10,1,2020,17,2,31,31149,2,3,1,3,PIBRAC (ROUTE DE),43.6124693,1.3200372
202000032121,10,1,2020,9,1,31,31555,2,1,1,6,SEYSSES (RTE DE) DU 263 AU 311,43.57074,1.41675
202000032122,10,1,2020,8,1,31,31555,1,1,2,4,VA007495 A62,43.64669,1.4503
202000032123,10,1,2020,20,5,29,29019,2,1,1,5,D5 - Avenue Victor le Gorgeu,48.4105388,-4.5164779
202000032124,12,1,2020,19,5,25,25462,1,1,1,1,ROCADE G.POMPIDOU (DU 25 A LA FIN),46.90014,6.33424
202000032125,11,1,2020,17,1,19,19031,2,3,1,3,FENELON (RUE),45.15911,1.50919
202000032126,11,1,2020,15,1,19,19031,2,1,1,6,FOCH (AVENUE MARECHAL),45.1622499,1.5362289
202000032127,12,1,2020,21,5,13,13213,2,9,1,3,ESCADRILLE NORMANDIE NIEMEN,43.3309804,5.4101148
202000032128,10,1,2020,14,1,12,12202,2,1,1,6,PAUL RAMADIER (BOULEVARD),44.36042,2.57278
202000032129,10,1,2020,8,2,12,12174,1,1,1,6,Bretelle sortie RN 88 vers Lachet,44.32755,2.55793
202000032130,11,1,2020,11,1,12,12145,2,7,1,6,BION MARLAVAGNE (PLACE),44.1024731,3.0770306
202000032131,13,1,2020,12,1,11,11069,2,2,1,3,MOLIERE,43.2114,2.3663
202000032132,12,1,2020,4,5,10,10362,2,1,1,6,SAVIPOL (ZI),48.2928,4.01778
202000032133,8,1,2020,18,3,10,10333,1,9,2,4,AUXERRE (ROUTE),48.2703675,4.0513968
202000032134,12,1,2020,18,5,09,09122,1,1,1,2,20 (R.N.) TUNNEL,42.970349,1.623841
202000032135,7,1,2020,22,3,05,05061,1,1,1,7,D 292,44.60298,6.14052
202000032136,10,1,2020,17,1,05,05061,2,1,8,7,FRANCOIS MITTERAND (AVENUE),44.54449,6.06196
202000032137,13,1,2020,8,1,75,75116,2,2,1,6,RUE GEORGE SAND,48.849668,2.268646
202000032138,12,1,2020,0,5,75,75113,2,2,1,3,RUE DE TOLBIAC,48.8269997,2.3664957
202000032139,4,7,2020,20,2,84,84091,1,2,7,3,Route des Mians,44.178865,4.758046
202000032140,6,7,2020,15,1,72,72231,1,1,1,7,Lieu Dit les Foulerets,47.976385,0.412513
202000032141,6,7,2020,11,1,30,30209,1,1,1,6,D6580,43.992921,4.742098
202000032142,5,7,2020,0,3,30,30221,1,1,1,6,D980,44.055,4.761198
202000032143,5,7,2020,11,1,87,87038,1,2,8,3,Rue du Masdehors,45.924632,1.213088
202000032144,6,7,2020,9,1,77,77385,1,1,1,2,D222,48.8513701,3.2497438
202000032145,6,7,2020,14,1,83,83057,1,1,1,6,D39,43.360773,6.2468
202000032146,26,6,2020,1,3,57,57314,1,1,1,6,D955,48.699742,6.955719
202000032147,30,6,2020,19,1,56,56013,1,6,2,3,Les Quatre Chemins,47.666081,-3.17919
202000032148,5,7,2020,15,1,56,56184,1,1,1,3,Kerpohe d'En Haut,47.67868,-2.390406
202000032149,5,7,2020,10,1,56,56158,1,6,2,7,Route de Saint Ave,47.70009,-2.79614
202000032150,5,7,2020,18,1,82,82155,1,1,1,7,D958,44.157825,1.724145
202000032151,5,7,2020,17,1,81,81008,1,1,1,1,D139,44.08888,2.167654
202000032152,3,7,2020,10,1,61,61404,1,1,1,7,D930,48.570761,0.563945
202000032153,5,7,2020,1,3,61,61269,1,1,2,6,D43,48.848866,-0.389968
202000032154,5,7,2020,16,1,34,34125,1,1,7,3,RD 4,43.6779143,3.5332884
202000032155,4,7,2020,14,1,84,84020,1,1,1,7,D943,43.810321,5.341458
202000032156,4,7,2020,17,1,03,03103,2,4,1,6,19 Avenue Honoré Préveraud,46.3456982,3.7931443
202000032157,4,7,2020,17,1,70,70103,2,1,1,6,Rue de la Mairie,47.809919,6.456855
202000032158,28,6,2020,20,3,26,26073,1,1,1,7,Route de Montelimar ,44.41959,4.850807
202000032159,6,7,2020,10,1,50,50341,2,1,1,6,Rue Monseigneur le Nordez,49.486758,-1.376842
202000032160,6,7,2020,15,1,90,90052,2,3,1,6,Rue André Maginot,47.741697,6.827407
202000032161,6,7,2020,16,1,09,09070,1,1,1,4,RN20,42.7806122,1.69548
202000032162,6,7,2020,17,1,18,18138,1,1,1,1,D107,47.107194,2.24856
202000032163,5,7,2020,17,1,18,18092,1,1,1,1,D66,47.066271,2.623946
202000032164,4,7,2020,17,1,40,40252,1,1,1,7,605 Route des Pyrénées,43.683681,-0.581872
202000032165,2,7,2020,16,1,85,85234,2,6,1,3,2 Place du Missenit,46.79102,-2.056155
202000032166,4,7,2020,14,1,30,30166,1,2,1,3,D502,43.8699,4.54157
202000032167,6,7,2020,16,1,48,48194,1,1,1,7,D998,44.333154,3.880057
202000032168,3,7,2020,21,5,85,85058,2,1,1,1,Rue des 3 Boudins,46.4677,-1.22967
202000032169,6,7,2020,6,2,72,72130,1,1,1,6,A11,47.984866,0.05888
202000032170,5,7,2020,5,2,28,28121,1,1,1,6,Autoroute A10 PK 073+600 sens Paris-Province,48.122072,1.851153
202000032171,6,7,2020,8,1,972,97228,1,1,2,-1,Bois Jade,14.755614,-60.985868
202000032172,2,7,2020,18,1,37,37072,2,1,1,1,48 Rue de Saumur,47.149931,0.229328
202000032173,21,5,2020,19,1,91,91115,1,1,1,7,139 Route du Marais,48.58126,2.156006
202000032174,19,6,2020,9,1,66,66008,2,9,1,6,6 Avenue d'Hurth,42.548998,3.019373
202000032175,4,7,2020,3,3,34,34113,1,1,1,7,D613,43.509231,3.721672
202000032176,5,7,2020,23,3,54,54338,1,1,2,6,D90,48.7887324,6.1736941
202000032177,5,7,2020,18,1,38,38009,2,4,1,1,Route du Dauphiné,45.347316,4.885319
202000032178,4,7,2020,23,5,69,69019,2,1,1,6,Rue de la Tannerie,46.1102079,4.7511782
202000032179,5,7,2020,20,1,69,69154,1,1,1,3,601 Chemin de la Rapaudiere,45.760006,4.685045
202000032180,5,7,2020,20,2,81,81219,1,1,7,3,Route Départementale 12 - PK 050+500,43.581201,1.97983
202000032181,30,6,2020,13,1,09,09160,2,1,1,-1,Chemin de Cambiere,42.930478,1.837351
202000032182,5,7,2020,20,1,17,17199,1,1,1,7,Moulin de Combe,45.265958,-0.359765
202000032183,6,7,2020,16,1,64,64422,2,1,8,7,Rue Labarraque,43.188774,-0.609865
202000032184,5,7,2020,21,2,35,35164,2,3,1,3,Résidence les Primeveres,48.383141,-1.605039
202000032185,6,7,2020,10,1,80,80342,1,9,1,7,A29,49.853456,2.720704
202000032186,6,7,2020,16,1,59,59052,2,1,1,6,10 rue jules guesde,50.519023,2.891656
202000032187,4,7,2020,23,3,13,13022,1,1,1,6,A50-Sens Aubagne vers Toulon,43.212714,5.581986
202000032188,3,7,2020,18,1,13,13071,1,1,1,7,A7-Sens Lyon vers Marseille,43.406559,5.291122
202000032189,30,6,2020,17,1,13,13215,1,1,1,4,A7-Sens Lyon vers Marseille,43.368,5.3609
202000032190,30,6,2020,11,1,13,13001,1,1,1,6,A51-Sens Marseille vers Aix en Provence,43.4905,5.4076
202000032191,4,7,2020,7,1,69,69029,1,1,1,3,RD383   7.640 A 11.044,45.7307,4.8994
202000032192,4,7,2020,4,3,69,69029,1,1,1,6,RD383  ,45.7350636,4.9016297
202000032193,3,7,2020,13,1,42,42186,1,9,1,4,A47,45.52519,4.6009
202000032194,5,7,2020,15,1,91,91659,1,1,1,7,AUTOROUTE A6,48.5904,2.4465
202000032195,5,7,2020,18,1,92,92078,1,1,1,5,AUTOROUTE A86,48.9294623,2.32797
202000032196,4,7,2020,17,1,94,94033,1,1,1,2,A86.EXT,48.8486,2.49156
202000032197,4,7,2020,11,1,77,77468,1,1,1,7,A4,48.8324722,2.6635163
202000032198,3,7,2020,12,1,988,98818,1,1,1,6,AVENUE JAMES COOK,-22.26844,166.42567
202000032199,4,7,2020,4,5,974,97416,1,1,1,2,ANCIENNE RN 1,-21.32382,55.44549
202000032200,4,7,2020,14,1,69,69386,2,2,1,3,DUGUESCLIN  (R),45.76706,4.84767
202000032201,4,7,2020,11,1,69,69199,2,1,1,2,CARNOT                              (R ),45.708,4.8601
202000032202,4,7,2020,20,2,69,69034,2,1,1,6,WETTE FAYS (DE)                     (CH),45.78882,4.85522
202000032203,4,7,2020,18,1,69,69149,2,1,1,6,RHONE (DU)                        (R ),45.71708,4.81344
202000032204,3,7,2020,12,1,971,97101,2,1,1,5,BOISRIPEAUX,16.27409,-61.50601
202000032205,3,7,2020,20,1,91,91432,2,2,1,1,COUR DE FRANCE (AVENUE DE LA),48.696135,2.330255
202000032206,3,7,2020,23,5,91,91345,2,1,1,1,RAMEAU (RUE),48.6903,2.31732
202000032207,4,7,2020,23,5,91,91201,2,2,1,3,PAUL LAFARGUE(AVENUE),48.68741,2.415587
202000032208,4,7,2020,14,1,83,83144,2,9,1,2,NATIONALE 98 (ANCIENNE ROUTE),43.1391,6.01088
202000032209,3,7,2020,18,1,83,83061,2,1,1,6,RUE GUSTAVE BRET,43.44069,6.73768
202000032210,4,7,2020,0,3,82,82033,1,1,1,6,LAFRANCAISE D45 (ROUTE DE) ,44.05955,1.1384
202000032211,4,7,2020,15,1,72,72181,2,3,1,3,MAC JEAN (AV) N° PAIRS 106 A 216,47.97906,0.22498
202000032212,3,7,2020,18,1,71,71540,2,1,1,6,CHAMP CORDET (AVENUE DU),46.778721,4.4385691
202000032213,4,7,2020,14,1,69,69266,2,1,7,2,RAYMOND POINCARE    (Pont),45.7869,4.8604
202000032214,4,7,2020,10,1,64,64545,2,1,1,3,CORNICHE (ROUTE DE LA),43.38456,-1.72014
202000032215,3,7,2020,23,3,59,59352,1,1,1,7,QUESNOY (RUE),50.7367,3.0683
202000032216,4,7,2020,19,1,54,54526,2,1,1,5,BARTHOU (RUE LOUIS),48.6972279,6.207388
202000032217,4,7,2020,16,1,45,45004,2,3,1,3,D943 - PR 2+715,47.984473,2.749862
202000032218,4,7,2020,18,1,44,44109,1,1,2,7,11,47.2690645,-1.5605575
202000032219,4,7,2020,21,1,42,42095,2,1,1,1,Rue Jean Jaurès,45.39108,4.28939
202000032220,4,7,2020,14,1,37,37261,2,2,1,2,GIRAUDEAU (RUE),47.3797309,0.6773855
202000032221,4,7,2020,8,1,37,37233,2,1,1,6,FRANCE (RUE ANATOLE),47.3912252,0.722564
202000032222,4,7,2020,13,1,34,34129,1,1,1,3,AGAU (AVENUE DE L'),43.58814,3.90827
202000032223,4,7,2020,4,5,33,33063,2,1,1,7,BD ALBERT 1ER,44.8136262,-0.5660305
202000032224,4,7,2020,3,5,33,33063,2,1,1,6,QUAI DE LA MONNAIE,44.8339,-0.56208
202000032225,5,7,2020,0,5,33,33009,2,1,1,6,53 Boulevard Deganne,44.65516,-1.15149