Num_Acc,jour,mois,an,hr,condition_eclairage,departement,commune,condition_agglomeration,intersection,condition_atmosphere,type_collision,adresse,lattitude,longitude
202000032226,3,7,2020,19,1,29,29232,2,3,1,6,Avenue Georges Pompidou,47.9828461,-4.0720561
202000032227,4,7,2020,18,1,18,18279,2,1,1,1,RIBAUD ( RUE ANDRE ),47.2295,2.06534
202000032228,4,7,2020,6,1,17,17200,1,9,1,6,PUILBOREAU   CHEMIN DE,46.19022,-1.13448
202000032229,4,7,2020,20,1,13,13214,2,1,1,2,ROLAND DORGELES (BOULEVARD),43.3462902,5.3807178
202000032230,4,7,2020,20,1,13,13209,2,3,1,3,SAINTE MARGUERITE (BOULEVARD),43.2602606,5.4157892
202000032231,4,7,2020,13,1,13,13204,2,1,1,2,FRANÇOISE DUPARC (BOULEVARD),43.304473,5.401015
202000032232,4,7,2020,0,3,13,13209,1,1,1,7,COL DE LA GINESTE D559,43.2420565,5.4531177
202000032233,24,6,2020,9,1,13,13001,2,2,1,3,LAUVES  (CH DES),43.55897,5.44273
202000032234,4,7,2020,17,1,11,11069,2,1,1,4,MUSSET ALFRED -ET IMPASSE-,43.2220882,2.3450332
202000032235,4,7,2020,16,1,10,10387,2,1,8,6,LUCIEN MOREL PAYEN (RUE),48.3054,4.09021
202000032236,4,7,2020,17,1,06,06088,2,3,1,3,BRANCOLAR (AV.) (A PARTIR DU 51-61),43.7189647,7.2651574
202000032237,4,7,2020,1,5,06,06088,2,1,1,5,RISSO (BD),43.703839,7.280908
202000032238,4,7,2020,12,1,06,06069,2,1,1,1,Avenue Victoria,43.66391,6.93242
202000032239,4,7,2020,18,1,06,06029,2,1,1,-1,GRAND JAS (AVENUE),43.5625,7.00175
202000032240,3,7,2020,19,1,75,75112,2,1,1,3,ECHANGEUR BERCY,48.827765,2.393486
202000032241,3,7,2020,6,1,75,75119,2,4,1,7,PORTE DES LILAS,48.881075,2.403973
202000032242,3,7,2020,14,1,75,75107,2,4,1,3,BOULEVARD SAINT GERMAIN,48.85998,2.32171
202000032243,3,7,2020,0,5,75,75105,2,2,1,3,RUE SAINT JACQUES,48.847356,2.343654
202000032244,4,7,2020,7,1,75,75119,2,2,1,2,AVENUE SIMON BOLIVAR,48.87841,2.374252
202000032245,4,7,2020,17,1,75,75118,2,7,1,3,PLACE DE LA CHAPELLE,48.884887,2.359345
202000032246,4,7,2020,14,1,75,75117,2,3,8,3,AVENUE DES TERNES,48.878346,2.295553
202000032247,4,7,2020,12,1,75,75117,2,7,1,6,RUE DE SENLIS,48.887307,2.297842
202000032248,4,7,2020,18,1,75,75115,2,2,1,6,AVENUE EMILE ZOLA,48.846552,2.285995
202000032249,3,7,2020,2,5,75,75115,2,3,1,6,AVENUE DU MAINE,48.844163,2.320229
202000032250,4,7,2020,1,5,75,75113,2,1,1,3,AVENUE PIERRE MENDES FRANCE,48.841182,2.368151
202000032251,25,6,2020,8,1,75,75113,2,1,1,6,RUE JEAN SEBASTIEN BACH,48.830746,2.365444
202000032252,4,7,2020,16,1,75,75110,2,3,1,3,BOULEVARD DE BONNE NOUVELLE,48.870364,2.34958
202000032253,3,7,2020,21,2,75,75110,2,2,1,3,RUE LA FAYETTE,48.878981,2.355764
202000032254,4,7,2020,16,1,75,75107,2,2,1,2,PONT DE L ALMA,48.862429,2.301605
202000032255,3,7,2020,18,1,75,75114,2,2,1,3,RUE RAYMOND LOSSERAND,48.833967,2.318158
202000032256,4,7,2020,18,1,75,75104,2,1,1,2,QUAI DES CELESTINS,48.85182,2.361276
202000032257,4,7,2020,11,1,75,75101,2,1,8,7,RUE DE RIVOLI,48.86496,2.328367
202000032258,4,7,2020,20,1,94,94046,2,2,1,3,VICTOR BASCH (R),48.809044,2.445846
202000032259,4,7,2020,12,1,94,94073,2,3,1,1,avenue Franklin Roosevelt,48.765386,2.3951
202000032260,4,7,2020,12,1,94,94077,2,2,1,5,PAUL DOUMER (AV),48.74025,2.42329
202000032261,4,7,2020,19,1,93,93053,2,9,8,6,STEPHENSON (SQUARE),48.8874098,2.4627666
202000032262,4,7,2020,15,1,93,93027,2,1,1,3,VAILLANT-COUTURIER (AVENUE PAUL),48.926212,2.4162331
202000032263,4,7,2020,16,1,93,93010,2,9,1,3,STAINS (RTE DE),48.9046822,2.4704017
202000032264,4,7,2020,1,5,92,92075,2,2,1,3,GUY MOQUET (RUE),48.81468,2.29679
202000032265,4,7,2020,17,1,92,92064,2,3,8,6,MARIUS FRANAY,48.85014,2.22134
202000032266,4,7,2020,16,1,92,92025,2,1,1,3,PRESIDENT SALVADOR ALLENDE (RUE DU),48.9222041,2.2358251
202000032267,3,7,2020,23,5,92,92024,2,1,1,7,MARTISSOT (RUE),48.9015776,2.3157019
202000032268,3,7,2020,22,5,92,92023,2,2,1,3,GENERAL DE GAULLE (AVENUE DU),48.7771016,2.2312653
202000032269,4,7,2020,23,5,92,92012,2,5,1,-1,CHATEAU (RUE DU) 1/125 - 2/136,48.844172,2.249798
202000032270,4,7,2020,12,1,92,92012,2,1,1,6,REINE (ROUTE DE LA) 1/37- 6/80,48.8391415,2.2461891
202000032271,4,7,2020,11,1,92,92012,2,9,8,3,ANDRE MORIZET (AVENUE) - 49/FIN - 54/FIN,48.837097,2.236184
202000032272,5,7,2020,4,3,65,65130,1,1,1,7,D935,43.586185,-0.019575
202000032273,4,7,2020,19,1,01,01004,1,1,1,1,Rue du Prémonin,45.959362,5.328584
202000032274,11,6,2020,10,1,06,06054,2,3,1,-1,Avenue-jean-moulin,43.753815,7.320591
202000032275,4,7,2020,5,2,17,17010,1,1,1,6,D137,46.102887,-1.094273
202000032276,5,7,2020,20,1,95,95480,2,1,1,2,Rue du Général de Gaulle,49.107004,2.20528
202000032277,4,7,2020,16,1,34,34067,1,9,1,1,Avenue des 2 Ponts,43.939147,3.68908
202000032278,5,7,2020,14,1,74,74034,1,1,1,1,Col du Corbier (Col de montagne),46.280025,6.637309
202000032279,5,7,2020,7,1,77,77382,1,9,2,6,A140,48.9012018,2.889812
202000032280,4,7,2020,17,1,71,71543,1,1,1,3,A6,46.552604,4.905943
202000032281,5,7,2020,11,1,68,68044,1,1,1,7,D148,48.172268,7.09013
202000032282,3,7,2020,18,3,86,86165,2,2,1,-1,D727A,46.43579,0.863156
202000032283,4,7,2020,20,1,67,67437,1,1,1,2,41 Route Nationale,48.7294045,7.3876421
202000032284,4,7,2020,16,1,22,22225,1,1,1,2,ZI de Bellevue,48.552339,-3.119795
202000032285,5,7,2020,9,1,06,06130,1,1,1,6,D4,43.682785,6.860809
202000032286,5,7,2020,14,1,41,41252,1,1,1,6,A10,47.711509,1.46701
202000032287,5,7,2020,12,1,68,68343,1,1,1,1,Chemin Rural,47.869755,7.302314
202000032288,5,7,2020,9,1,65,65340,1,2,1,3,Route de Bours,43.278633,0.109232
202000032289,5,7,2020,20,1,62,62391,1,1,6,6,D187,50.607789,2.499894
202000032290,5,7,2020,11,1,04,04161,1,1,1,3,RD 900,44.398866,6.533754
202000032291,4,7,2020,0,3,51,51391,1,1,1,1,N31,49.2776133,3.84639
202000032292,5,7,2020,11,1,51,51576,1,1,1,1,D1,49.050161,4.14206
202000032293,4,7,2020,1,3,56,56198,2,1,1,6,Saint-Samson,48.087323,-2.768
202000032294,4,7,2020,17,1,56,56084,2,1,2,7,Rue Er Vrénéguy,47.582486,-2.697015
202000032295,5,7,2020,12,1,76,76196,2,6,8,6,Route de Gonneville,49.643374,0.2621385
202000032296,5,7,2020,5,3,76,76258,1,1,2,6,Rd 926,49.635349,0.630137
202000032297,4,7,2020,21,2,80,80655,1,1,2,6,rue du Cimetière,49.9515114,1.9806716
202000032298,5,7,2020,14,1,65,65322,2,1,1,6,chemin Pesque,43.0692667,0.4077206
202000032299,4,7,2020,19,1,61,61167,1,2,1,2,D12,48.848437,0.499213
202000032300,4,7,2020,22,3,61,61414,1,1,1,6,D912,48.532052,0.522001
202000032301,4,7,2020,9,1,61,61150,2,1,8,6,9 Route de Saint-germain,48.740813,0.410137
202000032302,1,7,2020,11,1,12,12001,2,7,1,3,Place Marc Robert,44.357525,2.680278
202000032303,4,7,2020,11,1,47,47081,1,2,1,3,Roussous,44.3385416,0.6234215
202000032304,4,7,2020,13,1,47,47012,1,2,1,3,D11,44.279375,0.166512
202000032305,5,7,2020,16,1,34,34055,1,1,1,6,D922,43.68689,2.943145
202000032306,4,7,2020,17,1,25,25542,2,1,1,6,2 Rue du Champenatre,47.236886,5.936029
202000032307,3,7,2020,18,1,25,25133,2,1,1,3,N57,47.310733,5.993418
202000032308,4,7,2020,14,1,35,35186,1,3,1,1,RD 155,48.553347,-1.760988
202000032309,5,7,2020,16,1,38,38564,1,1,1,6,D82K,45.485113,5.706056
202000032310,5,7,2020,0,3,59,59312,1,1,2,7,D644,50.030619,3.244582
202000032311,3,7,2020,14,1,03,03084,2,1,1,1,Petit Bois,46.4747418,2.8373842
202000032312,4,7,2020,20,1,01,01073,2,1,1,6,D37,45.837101,5.727761
202000032313,4,7,2020,22,3,26,26176,1,1,1,6,1240 Route de la Plaine,44.610573,4.885912
202000032314,4,7,2020,9,1,58,58253,1,1,1,1,Sainte-Marie,47.111453,3.439791
202000032315,5,7,2020,9,1,06,06163,1,1,1,3,La Brigue,44.031061,7.582028
202000032316,4,7,2020,13,1,06,06086,1,1,1,6,D2566,43.922514,7.408406
202000032317,5,7,2020,13,1,14,14257,2,1,1,1,Rue d'Yverdon,49.1004032,-0.4998631
202000032318,5,7,2020,11,1,50,50215,1,1,1,1,RD650,49.100454,-1.597996
202000032319,4,7,2020,19,1,83,83084,1,1,1,1,D30,43.645128,6.08428
202000032320,5,7,2020,1,5,45,45134,2,1,1,7,51 Cerqueux,47.96811,1.621594
202000032321,4,7,2020,20,1,43,43213,1,2,1,3,RD44,45.254007,4.261118
202000032322,5,7,2020,0,3,43,43223,1,1,1,1,Route de Firminy,45.269933,4.334192
202000032323,4,7,2020,16,1,07,07289,2,3,1,1,1 Rue du Luol,44.628848,4.413017
202000032324,3,7,2020,15,1,53,53039,1,3,1,3,l'hotellerie,48.177977,-0.994665
202000032325,5,7,2020,0,3,04,04009,1,1,1,7,RD 22,44.1351671,6.3288199
202000032326,5,7,2020,1,3,28,28236,1,4,2,6,110,48.331501,0.886078
202000032327,5,7,2020,3,5,30,30077,2,1,1,6,La Blaquière (Informations),44.149342,4.057313
202000032328,4,7,2020,6,2,72,72380,1,1,1,2,A28,48.2422331,0.1655535
202000032329,5,7,2020,13,1,24,24337,1,1,1,6,D60,44.673284,1.073903
202000032330,27,3,2020,15,1,37,37081,2,2,1,6,65 Rue Principale,47.4280443,0.3794078
202000032331,26,2,2020,13,1,78,78356,2,1,1,6,Avenue de Chevincourt,48.718783,2.102026
202000032332,18,3,2020,17,1,42,42165,2,1,1,3,790 Route de Montchal,45.7967986,4.3414371
202000032333,26,3,2020,23,3,22,22223,1,1,1,7,Leur Min,48.557502,-3.197676
202000032334,26,3,2020,18,1,93,93010,1,1,1,2,AUTOROUTE A3,48.90624,2.47214
202000032335,26,3,2020,16,1,92,92036,1,1,1,7,AUTOROUTE A15,48.93704,2.29482
202000032336,25,3,2020,14,1,94,94017,1,1,1,7,A4,48.82736,2.50876
202000032337,24,1,2020,15,1,76,76351,2,1,1,6,CAPUCHET (DU),49.52345,0.10409
202000032338,20,1,2020,18,3,78,78297,1,9,1,-1,RN12,48.788472,2.061936
202000032339,24,3,2020,12,1,69,69388,2,2,1,3,JOSEPH CHAPELLE                     (R ),45.7329918,4.8635827
202000032340,25,3,2020,2,5,69,69387,2,1,1,6,CHAMBAUD DE LA BRUYERE              (BD),45.72312,4.84207
202000032341,24,3,2020,16,1,95,95424,2,1,1,6,LIBÉRATION(AVENUE DE LA),49.006561,2.195134
202000032342,24,3,2020,14,1,78,78354,2,1,1,6,rue de l'ouest,48.978681,1.689616
202000032343,24,3,2020,23,5,76,76351,2,4,1,1,DU GUESCLIN,49.49613,0.12612
202000032344,25,3,2020,4,3,69,69290,1,1,1,1,LYONNAIS (DU)                       (R ),45.69737,4.90824
202000032345,17,2,2020,10,1,40,40088,2,6,2,6,MANOIR (BOULEVARD YVES DU),43.7107,-1.0424
202000032346,18,3,2020,16,1,40,40279,1,1,8,6,LACS DES (AVENUE),43.73563,-1.11129
202000032347,11,3,2020,13,1,33,33063,2,1,1,6,5 Rue Permentade,44.83258,-0.56746
202000032348,25,3,2020,7,1,33,33063,2,1,1,3,BD ALFRED DANEY,44.87434,-0.55605
202000032349,25,3,2020,10,1,13,13215,2,2,1,3,SAINT ANTOINE A SAINT JOSEPH (CHEMIN DE),43.3492,5.3753
202000032350,24,3,2020,17,2,13,13201,2,2,1,3,PARADIS (RUE)       1 A 47,43.291449,5.377603
202000032351,24,3,2020,11,1,10,10081,2,1,1,7,PAUL LANGEVIN (RUE),48.31248,4.04676
202000032352,25,3,2020,11,1,10,10333,2,1,1,3,AUXERRE (ROUTE),48.2703675,4.0513968
202000032353,25,3,2020,15,1,75,75113,2,2,1,3,AVENUE D ITALIE,48.826181,2.357276
202000032354,25,3,2020,17,1,94,94052,2,1,1,3,HEROS NOGENTAIS (R DES),48.8370297,2.4815944
202000032355,25,3,2020,9,1,94,94041,2,2,1,3,GEORGES GOSNAT (AV),48.8123,2.3865
202000032356,24,3,2020,17,1,95,95056,2,1,1,3,Rue d'Epinay,49.091873,2.374206
202000032357,25,3,2020,21,3,51,51318,1,1,1,6,D30,49.3021575,4.1922206
202000032358,25,3,2020,17,1,51,51030,2,6,1,3,Boulevard Charles de Gaulle,49.0522037,4.0037488
202000032359,26,3,2020,12,1,89,89159,1,1,1,6,route de tonnerre - D.944,47.524968,3.90727
202000032360,26,3,2020,6,3,44,44038,1,1,1,7,Les Chatelliers,47.137297,-2.010037
202000032361,26,3,2020,19,2,35,35362,1,1,1,6,RD 73,48.4877904,-1.8494246
202000032362,27,2,2020,8,1,02,02086,1,1,4,3,D6,49.580918,3.197107
202000032363,26,3,2020,7,1,43,43244,1,1,1,6,Mendigoules,45.107272,4.263296
202000032364,26,3,2020,13,1,17,17047,1,3,1,5,RD 700,45.57548,-0.472412
202000032365,7,3,2020,5,3,34,34058,1,9,1,6,M610,43.674204,3.997135
202000032366,25,3,2020,10,1,988,98818,2,4,1,2,VE1/RUE JACQUES IEKAWE,-22.22535,166.48085
202000032367,23,3,2020,18,2,988,98818,2,1,1,1,RUE DE VERTEUIL,-22.27631,166.46344
202000032368,23,3,2020,14,1,988,98818,1,1,1,6,RUE JACQUES IEKAWE/PARKING DE CHEVAL DISTRIBUTION,-22.24414,166.46718
202000032369,24,3,2020,9,1,974,97411,1,1,2,6,MONTAGNE (ROUTE DE LA),-20.8880639,55.4369044
202000032370,8,1,2020,8,1,88,88413,2,2,8,6,Rue DAUPHINE,48.2869867,6.9504294
202000032371,24,3,2020,8,1,64,64102,2,1,1,7,SOULT (AVENUE MARECHAL),43.4872,-1.485
202000032372,26,2,2020,9,1,44,44109,2,1,1,3,BOULEVARD DE CARDIFF,47.19907,-1.58304
202000032373,9,2,2020,19,5,35,35238,2,2,2,3,JANVIER (AVENUE JEAN),48.10989,-1.674
202000032374,26,1,2020,7,5,35,35238,2,3,1,1,VERN (DE),48.08956,-1.64454
202000032375,23,3,2020,22,3,31,31149,2,1,1,6,Maurice Grynfogel (Bd),43.61501,1.34026
202000032376,14,2,2020,17,1,31,31483,2,1,1,6,ISLE (AVENUE DE L'),43.10954,0.7257
202000032377,24,3,2020,22,5,14,14366,2,6,1,6,GEORGES POMPIDOU (AVENUE),49.1387,0.22382
202000032378,24,3,2020,10,1,75,75120,2,2,1,3,RUE PELLEPORT,48.870782,2.399226
202000032379,24,3,2020,9,1,94,94041,2,1,1,3,VERDUN (AV DE),48.8116269,2.3716038
202000032380,23,3,2020,20,5,92,92044,2,1,1,6,Rue Baudin,48.897623,2.283746
202000032381,25,3,2020,18,1,76,76135,1,9,1,7,Villers-Écalles,49.548147,0.921602
202000032382,18,3,2020,9,1,68,68023,1,3,1,3,D3,48.161112,7.341152
202000032383,25,3,2020,10,1,30,30034,1,6,1,7,Mas de Rom,43.751847,4.519922
202000032384,26,2,2020,20,3,51,51088,1,1,1,7,D30,49.3506463,4.0132859
202000032385,16,3,2020,17,1,76,76517,1,4,1,3,Rue de la Muette,49.5158365,1.1395705
202000032386,26,2,2020,20,5,60,60636,2,1,1,6,Rue des Amours,49.474699,2.880199
202000032387,25,3,2020,5,2,60,60183,1,4,1,6,D11,49.6959912,2.1724514
202000032388,25,3,2020,17,1,08,08381,2,1,1,6,5 Rue de Banogne,49.511807,4.130189
202000032389,25,3,2020,17,1,13,13113,1,1,2,6,A 51 - PK 25+560 - sens Sisteron/Aix,43.5953486,5.4869207
202000032390,25,3,2020,11,1,77,77453,1,1,1,1,D408,48.546188,2.781601
202000032391,25,3,2020,15,1,70,70024,1,3,1,3,Rue de Champvans,47.3945799,5.564049
202000032392,22,3,2020,18,1,17,17445,1,1,1,6,L'Ombrail,45.660307,-0.77666
202000032393,23,3,2020,17,1,13,13055,1,1,1,7,A507 sens Marseille - Aubagne,43.2858,5.4268
202000032394,22,1,2020,14,1,988,98818,1,2,1,3,RUE JACQUES IEKAWE/RUE ARMAND OHLEN,-22.24839,166.46377
202000032395,13,1,2020,19,5,76,76540,2,2,1,6,COUPERIN. RUE FRANCOIS,49.44985,1.13846
202000032396,22,1,2020,17,1,35,35238,2,2,1,6,70 GUEHENNO (JEAN),48.1192302,-1.6675272
202000032397,14,1,2020,10,1,13,13047,2,1,1,6,ALDERIC CHAVE AVENUE,43.50409,4.99117
202000032398,10,1,2020,0,5,13,13098,1,1,1,7,D.51,43.459041,5.004771
202000032399,7,1,2020,21,3,13,13063,1,1,1,5,MAGELLAN AVENUE,43.60137,4.99526
202000032400,23,3,2020,2,5,69,69386,2,2,1,6,JULES FAVRE                         (BD),45.7662432,4.8592347
202000032401,20,3,2020,14,1,67,67447,2,2,1,3,HAUSBERGEN (ROUTE DE),48.60767,7.72167
202000032402,12,2,2020,18,1,62,62386,2,1,1,6,BEUGNET (R CASIMIR),50.4466178,2.745121
202000032403,25,2,2020,16,1,44,44162,2,1,2,6,RUE OCEANE,47.2250865,-1.6258049
202000032404,14,2,2020,14,1,44,44109,2,1,9,6,Mail Pablo Picasso,47.2151,-1.53676
202000032405,12,3,2020,13,1,31,31044,1,1,1,3,VA007553 A61,43.59194,1.49411
202000032406,14,2,2020,10,1,92,92050,2,3,8,3,CROIX RUE DE LA/ LENINE VLADIMIR ILITCH AVENUE,48.888,2.19577
202000032407,23,3,2020,14,1,06,06069,2,9,8,1,CAPUCINS (CHEMIN ET IMPASSE DES),43.6497,6.9316
202000032408,13,2,2020,20,5,92,92050,2,1,2,6,HOCHE AVENUE,48.900696,2.199593
202000032409,14,2,2020,9,1,92,92062,2,1,1,3,DELARIVIERE LEFOULLON (RUE),48.8875559,2.2429356
202000032410,21,3,2020,20,3,05,05061,1,1,1,7,D994,44.55003,6.02847
202000032411,22,3,2020,20,5,75,75103,2,2,1,3,RUE PAYENNE,48.85724,2.361771
202000032412,14,2,2020,15,1,06,06114,2,1,1,7,2939 Route de l'Abadie,43.748701,7.294943
202000032413,21,4,2020,11,1,94,94076,2,1,1,-1,JEAN LURCAT (R),48.785,2.37094
202000032414,22,3,2020,15,1,94,94028,2,1,1,6,MOZART.(ALLEE),48.7913004,2.441776
202000032415,14,2,2020,23,3,22,22030,1,1,1,7,D767,48.709045,-3.382909
202000032416,6,2,2020,21,3,19,19248,1,1,1,2,A20-PR 237 - sens Toulouse-Paris,45.430142,1.512803
202000032417,21,3,2020,11,1,92,92050,2,2,1,3,NATIONAL (BOULEVARD),48.8885014,2.1839806
202000032418,15,2,2020,11,1,91,91665,2,1,1,5,89 Avenue de la Division Leclerc,48.663252,2.277084
202000032419,24,3,2020,17,1,42,42294,2,1,1,1,500 Route du Bourg,46.007678,4.117438
202000032420,14,2,2020,20,3,50,50485,1,1,1,6,Carentan-les-Marais,49.304489,-1.202627
202000032421,15,2,2020,11,1,50,50214,1,1,8,5,A84,48.923599,-1.078463
202000032422,23,3,2020,23,3,44,44098,1,1,1,6,Missillac,47.486099,-2.217307
202000032423,15,2,2020,15,1,08,08402,1,1,1,2,A34,49.576049,4.48004
202000032424,14,2,2020,22,3,2A,2A104,1,1,1,6,T40,41.912769,8.851172
202000032425,14,2,2020,20,3,22,22175,1,1,1,7,D52,48.455876,-2.395492
202000032426,24,3,2020,12,1,76,76638,1,1,1,6,D1314,50.004446,1.432069
202000032427,14,2,2020,11,1,74,74005,1,2,1,1,D903,46.3411265,6.4620445
202000032428,23,3,2020,19,1,35,35091,1,1,7,3,Les Champs,48.205864,-2.145649
202000032429,15,2,2020,5,3,56,56047,1,1,2,6,Crézadio RD17,48.02805,-2.792416
202000032430,23,3,2020,16,1,58,58247,1,1,1,6,D958,47.020035,3.323005
202000032431,15,2,2020,15,1,74,74011,1,1,1,3,D5 Route de Naves,45.928438,6.177492
202000032432,23,3,2020,19,1,18,18058,2,3,1,6,Rue du Génada,46.856824,2.316888
202000032433,15,2,2020,15,1,33,33514,1,2,1,1,D1215,45.50615,-1.09293
202000032434,15,2,2020,0,3,32,32306,1,1,1,6,N21,43.896771,0.642094
202000032435,15,2,2020,10,1,71,71014,2,1,1,6,Rue General Demetz,46.949266,4.2984252
202000032436,14,2,2020,19,3,63,63045,1,2,1,3,Chez Barrioux,45.789844,3.4602087
202000032437,26,2,2020,18,5,67,67152,2,9,1,3,angle route de Lyon et rue du Fort,48.523906,7.69091
202000032438,20,3,2020,9,1,971,97130,1,1,1,7,Route du Sud,15.844031,-61.637469
202000032439,13,2,2020,16,1,34,34142,2,1,1,6,Rue du Docteur Schweitzer,43.729755,3.32448
202000032440,14,2,2020,19,3,68,68235,1,1,1,6,RD1Bis,47.983085,7.415599
202000032441,23,3,2020,16,1,57,57350,2,6,1,3,D657,49.077858,6.100663
202000032442,23,3,2020,22,5,38,38067,1,1,1,6,Route de Vienne,45.70317,5.19075
202000032443,14,2,2020,16,1,25,25199,1,1,2,1,Chemin de Montmahoux,46.994744,6.052544
202000032444,24,3,2020,9,1,85,85003,2,1,1,6,17 Impasse des Petits Moineaux,46.740862,-1.603894
202000032445,19,3,2020,15,1,13,13071,1,1,1,6,A5501G-Sens Mlle Vieux Port vers A7-Lyon,43.4142649,5.3646399
202000032446,15,2,2020,17,1,02,02174,1,1,1,7,"RN2, PK 46+600",49.473534,3.528242
202000032447,14,2,2020,14,1,84,84010,1,1,1,3,Route de Mirabeau (Pont),43.699459,5.564896
202000032448,22,3,2020,18,3,988,98818,2,3,1,4,OHLEN (RUE ARMAND),-22.25229,166.46362
202000032449,15,2,2020,9,1,01,01108,1,1,1,6,D86,46.372919,5.3646827
202000032450,21,3,2020,18,1,59,59560,2,1,1,7,TEMPLEMARS ROUTE DE,50.5586138,3.045643
202000032451,15,2,2020,12,1,58,58145,1,1,1,7,rd 944,47.308001,3.830581
202000032452,21,3,2020,18,1,34,34172,2,1,1,1,PALAVAS (AVENUE DE),43.594823,3.888455
202000032453,14,2,2020,10,1,06,06090,2,6,1,3,178 Route de la Fenerie,43.59093,6.929137
202000032454,22,3,2020,0,5,18,18033,2,6,1,6,CHARITE (ROUTE DE LA),47.09567,2.43562
202000032455,18,1,2020,21,3,14,14200,2,1,1,6,D82,49.2766021,-0.5454069
202000032456,21,3,2020,22,5,92,92004,2,2,1,-1,ARGENTEUIL AV D',48.9101837,2.2860224
202000032457,12,2,2020,7,2,50,50425,1,2,2,6,9 La Regale,49.512838,-1.680903
202000032458,15,2,2020,16,1,60,60151,1,1,1,6,D66,49.4495236,2.877534
202000032459,20,3,2020,10,1,92,92004,2,1,1,2,FAIDHERBE ( AVENUE ),48.908049,2.2677844
202000032460,15,2,2020,12,1,64,64138,2,1,1,6,Rue de l'Egalité,43.234581,-0.280564
202000032461,22,3,2020,18,1,29,29020,1,1,1,6,N165 - Bretelle sortie Briec,48.099192,-4.031124
202000032462,14,2,2020,23,3,64,64238,1,1,1,1,Route de Pau,43.248536,-0.073138
202000032463,12,2,2020,18,3,51,51153,2,3,1,3,Grande Rue,49.0233747,4.025014
202000032464,15,2,2020,14,1,73,73032,1,1,1,1,route de l'énergie,45.6339288,6.4421082
202000032465,22,3,2020,19,3,71,71404,1,1,1,2,N80,46.759077,4.733756
202000032466,21,3,2020,10,1,25,25259,1,1,1,6,Départementale 09,46.866602,6.136186
202000032467,15,2,2020,10,1,53,53049,1,1,1,6,D9 - La Croix Blanche,48.156261,-0.648593
202000032468,23,3,2020,17,1,50,50305,1,1,1,6,La Mare,49.580546,-1.539282
202000032469,14,2,2020,16,1,40,40051,1,4,1,3,1747 Route de Villeneuve,43.885633,-0.374167
202000032470,19,3,2020,23,3,85,85210,2,1,1,6,Le Gué au Chaud,46.823116,-1.618005
202000032471,14,2,2020,13,1,24,24153,2,2,1,3,21 Le Bourg,45.081934,1.358866
202000032472,22,3,2020,18,1,17,17327,2,1,1,6,12 Rue du Marais Poitevin,46.096892,-0.589515
202000032473,15,2,2020,14,1,85,85232,1,1,1,5,D7,46.69734,-1.18473
202000032474,13,2,2020,5,3,27,27617,2,1,2,3,28 Rue Saint Adrien,49.314904,1.51051
202000032475,23,3,2020,8,1,69,69244,2,1,1,2,42 Route de Paris,45.766127,4.764999
202000032476,15,2,2020,6,3,17,17349,1,3,5,6,D262E1,46.298478,-0.890928
202000032477,14,2,2020,12,1,23,23189,1,3,8,1,D912,46.06246,1.692603
202000032478,22,3,2020,11,1,988,98831,1,1,1,2,RT1,-20.881418,164.646837
202000032479,14,2,2020,18,2,73,73213,1,1,1,2,A43 - pk 97+500 sens Albertville Chambéry,45.549733,5.958808
202000032480,22,2,2020,12,1,974,97415,2,6,1,2,106 Rue des Sables,-21.037977,55.2187216
202000032481,15,2,2020,8,1,973,97309,2,2,1,3,Avenue Gaston Monnerville,4.887543,-52.280095
202000032482,15,2,2020,10,1,974,97415,1,3,2,3,12 Chemin du Trou de Sable,-21.0990818,55.2426606
202000032483,14,2,2020,18,1,973,97309,2,1,1,2,2080 Route des Plages,4.897587,-52.261768
202000032484,14,2,2020,9,1,74,74250,1,9,1,3,a40,46.070555,6.385905
202000032485,12,3,2020,13,1,977,97701,1,3,1,3,D209 grand cul de sac,17.895495,-62.812594
202000032486,22,3,2020,18,1,34,34135,1,1,1,7,cd14,43.257573,3.160189
202000032487,22,3,2020,2,5,13,13055,1,1,1,6,A507 sens Aubagne- Marseille,43.285895,5.425911
202000032488,15,2,2020,7,2,60,60680,1,1,1,4,A1,49.278221,2.695942
202000032489,14,2,2020,11,1,30,30258,1,1,1,3,Route de Nimes,43.696258,4.42521
202000032490,22,2,2020,9,1,69,69072,1,1,1,2,A89 541.188 A 543.943,45.82262,4.73121
202000032491,14,2,2020,22,3,11,11300,1,1,1,6,D217,43.388521,1.908982
202000032492,15,2,2020,17,1,13,13022,1,1,1,7,RD 559,43.22346,5.544231
202000032493,21,3,2020,21,3,77,77294,1,1,1,6,A104,48.9661857,2.6068511
202000032494,13,2,2020,18,5,13,13015,2,3,2,2,Avenue de la Croix d'Or,43.4528327,5.4007013
202000032495,20,3,2020,21,5,972,97209,1,9,1,7,BEAUSEJOUR JAMBETTE (ROUTE),14.6433,-61.0437
202000032496,15,2,2020,15,1,89,89059,1,1,1,7,départementale 47,48.012923,3.51423
202000032497,20,3,2020,23,5,69,69382,2,1,1,6,VERDUN RAMBAUD                      (VO),45.75032,4.82309
202000032498,14,2,2020,20,5,08,08328,2,1,1,6,4 Rue Lafayette,49.811683,4.74571