Num_Acc,jour,mois,an,hr,condition_eclairage,departement,commune,condition_agglomeration,intersection,condition_atmosphere,type_collision,adresse,lattitude,longitude
202000032499,15,2,2020,5,3,68,68130,1,1,1,6,D468,47.960646,7.537308
202000032500,21,3,2020,16,1,91,91223,2,1,1,1,DE GAULLE (AVENUE CHARLES),48.422573,2.152726
202000032501,14,2,2020,8,1,88,88262,2,3,8,3,43 Rue de la Vologne,48.179619,6.756479
202000032502,21,3,2020,13,1,72,72181,2,1,1,3,PYRENEES (RUE DES),47.99177,0.22364
202000032503,15,2,2020,15,1,57,57350,2,1,7,6,Rue de la Moselle,49.063241,6.07626
202000032504,15,2,2020,15,1,63,63038,1,1,1,7,Route Départementale 978,45.509505,2.913426
202000032505,20,3,2020,17,1,69,69029,2,5,1,3,GENAS (DE)                          (RO),45.7511,4.9073
202000032506,7,2,2020,16,1,74,74250,2,1,7,6,Avenue de la Gare,46.059091,6.374594
202000032507,21,3,2020,22,5,34,34172,2,4,1,6,BOUNIN (RUE JACQUES),43.58998,3.8630972
202000032508,15,2,2020,15,1,42,42147,2,2,1,3,Boulevard Lachèze,45.6048139,4.066684
202000032509,21,3,2020,4,5,29,29039,2,2,1,6,Rue de Kervinou,47.86467,-3.88416
202000032510,14,2,2020,15,1,81,81105,2,1,1,6,Avenue de l'Amiral Jaures,43.764005,1.99301
202000032511,12,3,2020,11,1,29,29019,2,8,1,3,Boulevard de Plymouth,48.3866089,-4.5283024
202000032512,15,2,2020,13,1,65,65481,2,1,1,6,Rue Ramond,42.89655,0.064234
202000032513,12,2,2020,16,1,40,40125,1,1,1,7,Départementale 29,43.626291,-1.052542
202000032514,21,3,2020,17,1,75,75119,2,3,1,6,RUE REBEVAL,48.874226,2.377405
202000032515,21,3,2020,10,1,94,94019,2,1,1,6,PLESSIS (RTE DU),48.80365,2.55185
202000032516,14,2,2020,18,1,85,85088,1,1,1,7,Le Roc,46.72944,-1.87935
202000032517,14,2,2020,20,3,29,29091,1,3,6,6,Lieu-dit Cleusmeur,48.630157,-4.359534
202000032518,21,3,2020,16,1,93,93005,2,1,8,2,R PAUL CEZANNE,48.95261,2.49182
202000032519,15,2,2020,5,3,76,76610,2,1,1,6,Rue des Tilleuls,49.625741,0.781365
202000032520,20,3,2020,18,2,92,92044,2,2,1,3,PDT WILSON(RUE)107A131 ET 110A130,48.8981117,2.2851476
202000032521,15,2,2020,16,1,60,60103,1,1,1,7,Rue de Trye,49.398086,2.267153
202000032522,13,2,2020,19,5,83,83137,1,1,2,2,A50 Accès Tunnel Tube Nord,43.12132,5.95331
202000032523,13,2,2020,18,3,83,83144,1,1,1,3,A57,43.13349,5.98476
202000032524,27,1,2020,11,1,51,51649,2,9,1,7,Avenue Jean Jaurès,48.7209512,4.5886393
202000032525,13,2,2020,8,1,83,83137,1,1,1,2,A50,43.12132,5.95331
202000032526,19,3,2020,19,3,74,74184,1,1,1,7,D992,46.0573,5.979996
202000032527,16,3,2020,11,1,63,63231,1,6,1,6,D2089,45.870077,3.628047
202000032528,13,2,2020,8,1,69,69382,1,1,1,-1,A 7   ,45.73907,4.82262
202000032529,22,3,2020,17,1,42,42016,1,1,1,6,Route de Brosseronde,46.145421,4.037089
202000032530,9,2,2020,19,3,69,69256,1,1,1,2,A42   ,45.8045172,4.9261791
202000032531,22,3,2020,11,1,38,38261,2,1,1,-1,D1075,45.67122,5.47108
202000032532,14,2,2020,17,1,33,33397,1,1,1,5,AUTOROUTE A10,44.90237,-0.49346
202000032533,22,3,2020,1,3,37,37243,1,1,1,6,129 Route de l'Audeverdière,47.3375696,0.5685946
202000032534,14,2,2020,2,3,94,94021,1,1,9,2,AUTOROUTE A6A,48.77047,2.34552
202000032535,21,3,2020,17,1,06,06152,1,6,1,7,Route des Cretes,43.620901,7.035273
202000032536,14,2,2020,7,5,92,92047,1,1,8,4,A13,48.8364384,2.1847164
202000032537,20,3,2020,19,3,71,71153,2,1,1,6,Rue Chaptal,46.8101088,4.4189392
202000032538,14,2,2020,15,1,92,92036,1,1,1,2,AUTOROUTE A86,48.93909,2.30402
202000032539,13,2,2020,12,1,95,95488,1,1,1,2,AUTOROUTE A15,49.01351,2.14844
202000032540,22,3,2020,11,1,78,78668,1,1,1,1,RD 37,49.006806,1.540639
202000032541,22,3,2020,5,3,64,64064,1,1,1,6,N134,43.100043,-0.622015
202000032542,12,2,2020,18,3,93,93078,1,1,1,4,AUTOROUTE A104,48.96118,2.54365
202000032543,12,2,2020,14,1,93,93027,1,1,1,3,AUTOROUTE A86,48.92569,2.39794
202000032544,8,2,2020,19,3,95,95572,1,1,2,2,RN 184,49.03368,2.1115
202000032545,17,1,2020,7,2,13,13212,2,3,1,3,BEAUMONT (BOULEVARD),43.314836,5.437946
202000032546,14,2,2020,18,2,77,77059,1,9,8,6,A104,48.841111,2.663871
202000032547,20,3,2020,20,5,973,97302,1,2,1,3,FELIX EBOUE(ROCADE),4.9295792,-52.3151028
202000032548,13,2,2020,15,1,988,98818,2,2,1,3,AVENUE DU MARECHAL FOCH,-22.27437,166.4428
202000032549,20,3,2020,10,1,971,97113,1,1,2,6,PONT DE POUCET,16.21887,-61.50301
202000032550,10,1,2020,17,1,976,97611,2,1,1,6,passamanty-M'hogoni (rue),-12.7986,45.21567
202000032551,12,2,2020,14,1,974,97407,1,1,1,5,OWENS JAMES,-20.9354,55.32854
202000032552,19,3,2020,11,1,971,97120,2,5,1,3,FRANCOIS ARAGO,16.23899,-61.53285
202000032553,12,2,2020,17,1,69,69386,2,1,1,6,LAFAYETTE                           (CO),45.76362,4.85356
202000032554,12,2,2020,21,5,972,97213,1,9,1,2,AUTOROUTE A1,14.6135,-61.0103
202000032555,20,3,2020,18,2,95,95018,2,2,1,3,GALLIENI (BOULEVARD),48.942731,2.243032
202000032556,13,2,2020,13,1,972,97209,2,6,7,7,GILBERT GRATIANT (PLACE),14.60355,-61.071
202000032557,18,3,2020,19,1,76,76351,2,1,1,5,LENINGRAD (BD DE),49.4986117,0.1585186
202000032558,13,2,2020,7,2,69,69152,1,1,1,7, A 450                     ,45.69376,4.82796
202000032559,12,2,2020,17,1,971,97120,2,1,1,3,CHEMIN NEUF,16.2316248,-61.5315108
202000032560,19,3,2020,14,1,74,74012,2,3,1,3,MOLE (RUE DU),46.1974384,6.237064
202000032561,10,2,2020,19,3,95,95427,2,1,3,6,SAINT LEU (ROUTE DE),48.95874,2.32927
202000032562,14,2,2020,0,5,91,91434,2,1,1,2,SAVIGNY (RUE DE),48.668461,2.35473
202000032563,20,3,2020,14,1,72,72181,2,1,1,3,COULOMB MICHEL (RUE),47.9707,0.2137
202000032564,13,2,2020,10,1,91,91174,2,1,3,3,JEAN COCTEAU (RUE),48.608087,2.449048
202000032565,20,3,2020,13,1,64,64140,2,1,1,3,LATAPPY (RUE SEVERIN),43.528954,-1.48201
202000032566,12,2,2020,11,1,91,91103,1,1,1,2,CD 19,48.58791,2.30747
202000032567,12,2,2020,20,5,87,87085,2,1,1,3,COMTE (RUE AUGUSTE),45.87304,1.26868
202000032568,19,3,2020,19,3,57,57463,2,3,1,1,PLAPPEVILLE (ROUTE DE ),49.12546,6.15912
202000032569,13,2,2020,7,5,87,87085,2,1,2,6,FEYTIAT (RUE DE),45.82245,1.28154
202000032570,12,2,2020,15,1,87,87085,1,1,1,2,AUTOROUTE A20,45.87529,1.28782
202000032571,24,2,2020,16,1,57,57591,2,1,1,6,VILLERS (RUE DE),49.25075,6.09307
202000032572,13,2,2020,16,1,78,78440,2,2,2,1,RÉPUBLIQUE (RUE DE LA),48.98675,1.923942
202000032573,12,2,2020,12,1,77,77294,2,2,1,6,FRANKLIN ROOSEVELT (AVENUE),48.9538,2.6004
202000032574,11,1,2020,2,5,77,77152,2,1,1,6,JAURES(AVENUE JEAN) - D372,48.52621,2.64581
202000032575,15,3,2020,17,1,38,38544,1,1,1,7,Rue Latreille,45.51633,4.91601
202000032576,13,2,2020,18,5,77,77307,1,1,2,5,RD231,48.8706,2.73047
202000032577,1,3,2020,12,1,37,37122,2,1,1,6,CHINON (BOULEVARD DE),47.3551154,0.6972465
202000032578,12,2,2020,16,1,76,76351,2,6,1,3,Rue des Chargeurs Réunis,49.48539,0.1368
202000032579,19,3,2020,10,1,27,27375,1,1,1,1,PARIS (CHAUSSEE DE),49.20452,1.19564
202000032580,13,2,2020,18,5,74,74012,2,6,2,3,18 AOUT 44 (RUE DU),46.19163,6.2506199
202000032581,21,1,2020,17,1,10,10387,2,9,1,3,CHOMEDEY DE MAISONNEUVE (AVE),48.308468,4.069043
202000032582,12,2,2020,7,1,69,69266,2,1,1,6,GALLINE       (Avenue),45.7762831,4.8685212
202000032583,20,3,2020,15,1,75,75116,2,1,1,6,ALLEE DE LA REINE MARGUERITE,48.863456,2.248112
202000032584,13,2,2020,9,1,69,69115,2,6,8,3,ANSE (route d'),45.973,4.71734
202000032585,20,3,2020,7,1,75,75116,2,2,1,3,AVENUE THEOPHILE GAUTIER,48.848227,2.269894
202000032586,12,2,2020,16,1,66,66136,2,1,1,3,BOURRAT BOULEVARD JEAN,42.70167,2.89929
202000032587,20,3,2020,10,1,75,75104,2,3,1,7,RUE VIEILLE DU TEMPLE,48.857282,2.35737
202000032588,10,2,2020,18,5,64,64129,2,1,1,2,JEAN MERMOZ,43.31764,-0.37858
202000032589,12,2,2020,20,5,62,62041,2,9,1,1,JOUHAUX ( SQUARE LEON ),50.292527,2.782148
202000032590,20,3,2020,14,1,92,92014,2,3,1,3,MARECHAL JOFFRE (BD DU) (1 A 41 - 2 A 56,48.7823054,2.3147696
202000032591,11,2,2020,18,5,58,58194,2,1,1,2,PIERRE DE COUBERTIN,46.98565,3.15931
202000032592,12,2,2020,11,1,57,57368,2,1,1,6,REPUBLIQUE (RUE DE LA ),49.3386,6.0435
202000032593,12,3,2020,10,1,01,01075,1,5,1,1,D75,46.0386544,4.8158723
202000032594,20,3,2020,19,2,89,89226,1,1,1,7,D124,47.8519659,3.7154239
202000032595,12,2,2020,19,1,57,57019,2,2,2,3,CD 47,49.25475,6.14905
202000032596,12,2,2020,22,3,56,56185,1,1,1,6,RN 165,47.77051,-3.37855
202000032597,20,3,2020,17,1,73,73270,1,1,1,6,D911,45.582659,6.143954
202000032598,13,2,2020,17,1,54,54547,2,2,2,3,JAURES (AVENUE JEAN),48.6617722,6.1611608
202000032599,20,3,2020,11,1,973,97309,2,1,1,1,RD2,4.891511,-52.2746002
202000032600,13,2,2020,14,1,54,54274,2,6,3,-1,REPUBLIQUE (RUE DE LA),48.668205,6.208662
202000032601,25,1,2020,2,5,54,54395,2,1,1,2,SAINT LEON (RUE ET EGLISE),48.689296,6.1724871
202000032602,21,3,2020,13,1,60,60019,1,1,1,7,A1,49.505679,2.717877
202000032603,13,2,2020,10,1,54,54323,2,3,1,2,MERCY (RUE),49.523543,5.764453
202000032604,17,3,2020,9,1,77,77232,1,1,1,6,RD5-33 Avenue de la Libération,48.911815,2.815184
202000032605,12,2,2020,18,2,49,49007,2,1,1,3,JUSSIEU,47.47622,-0.5451
202000032606,13,2,2020,20,5,37,37261,2,2,1,3,LAC (AVENUE DU),47.3637474,0.7000458
202000032607,20,3,2020,17,1,34,34039,1,6,1,6,D613,43.453118,3.65355
202000032608,21,3,2020,15,1,39,39517,1,1,1,1,Proximité du hameau de Treffay,46.718232,6.003374
202000032609,18,3,2020,5,3,38,38544,2,1,1,2,Boulevard Georges Pompidou,45.51087,4.85663
202000032610,17,1,2020,19,3,05,05061,2,1,4,4,RN 85,44.60095,6.07933
202000032611,19,3,2020,21,5,69,69387,2,2,1,3,CLAUDE VEYRON                       (R ),45.74697,4.85644
202000032612,13,2,2020,20,5,37,37261,2,2,8,3,JEMMAPES (RUE),47.4211877,0.6837224
202000032613,13,2,2020,7,5,37,37261,2,1,2,2,WAGNER (BOULEVARD RICHARD),47.3751639,0.7075013
202000032614,19,3,2020,16,1,2A,2A004,2,9,1,3,AVENUE DU DOCTEUR NOEL FRANCHINI,41.9364884,8.7535172
202000032615,13,2,2020,7,5,35,35238,2,6,2,3,GRIMAULT (BD LEON),48.09145,-1.65815
202000032616,18,3,2020,17,1,80,80021,2,1,1,3,SAINT FUSCIEN (RUE),49.88463,2.30396
202000032617,11,2,2020,18,5,34,34003,2,1,1,1,ROCHELONGUE (G14 A O16,43.30669,3.4758
202000032618,14,2,2020,0,3,33,33075,1,1,2,6,ALL DE LA RESERVE,44.89449,-0.60309
202000032619,13,2,2020,18,2,33,33318,2,2,1,1,AVE ANTOINE BECQUEREL / RUE GUTENBERG,44.78829,-0.64636
202000032620,18,3,2020,9,1,76,76484,2,4,1,3,FRATERNITE. AVENUE DE LA,49.36103,1.09881
202000032621,13,2,2020,17,1,33,33550,2,3,1,2,Rue de Chambery / Rue Fernand Jarnac,44.76382,-0.56337
202000032622,5,2,2020,16,1,33,33281,2,2,1,3,AVE ARISTIDE BRIAND,44.82316,-0.65285
202000032623,15,3,2020,18,2,69,69282,2,2,1,3,POMMIER (DE)                        (CH),45.77718,5.0054
202000032624,18,3,2020,15,1,66,66136,2,1,1,7,GUITER (JEAN),42.69329,2.87667
202000032625,13,2,2020,14,1,33,33039,1,1,1,3,RUE DES FRERES LUMIERE,44.79337,-0.53484
202000032626,18,3,2020,10,1,64,64024,2,3,1,3,PITOYS (ROUTE DE),43.4634,-1.5069
202000032627,14,2,2020,13,1,33,33522,2,1,1,-1,Boulevard du Président Franklin Roosevelt,44.81791,-0.57774
202000032628,19,3,2020,4,5,62,62035,2,1,1,6,LABEUVRIERE ( RUE DE ),50.531538,2.611151
202000032629,13,2,2020,10,1,33,33281,2,1,2,3,AVE HENRI BARBUSSE,44.85626,-0.6408
202000032630,18,3,2020,19,3,49,49007,2,1,1,7,HAUT CHENE,47.46657,-0.60231
202000032631,13,2,2020,7,3,33,33039,2,2,2,3,AVE DU MARECHAL LECLERC / RUE DU PRECHE / ALL BOYER,44.80957,-0.54223
202000032632,19,3,2020,18,1,45,45234,2,1,1,6,Route d'Olivet,47.8866378,1.9049613
202000032633,12,2,2020,7,2,33,33529,2,1,1,2,CAZAUX (BD DE),44.61183,-1.134
202000032634,8,2,2020,5,5,33,33529,1,6,1,1,RD 1250 (Camicas - Sortie Dune),44.62248,-1.15986
202000032635,19,3,2020,7,1,35,35238,2,6,1,3,VALLES (JULES),48.1038,-1.71184
202000032636,13,2,2020,12,1,31,31555,2,1,1,2,AV DE LYON,43.6155,1.45258
202000032637,7,3,2020,14,1,33,33119,2,1,1,6,Rue Aristide Briand,44.86163,-0.52327
202000032638,12,2,2020,16,1,31,31555,2,3,1,3,AV CAMILLE PUJOL,43.6006,1.46662
202000032639,9,2,2020,17,1,31,31555,2,1,1,3,PORT DE L EMBOUCHURE,43.61051,1.41477
202000032640,28,1,2020,15,1,24,24037,2,1,1,6,PLACE DES DEUX CONILS,44.85416,0.48531
202000032641,17,3,2020,10,1,31,31555,2,1,1,6,RUE DU LANGUEDOC,43.59678,1.44565
202000032642,12,3,2020,18,1,29,29019,2,1,1,4,Pont de Recouvrance,48.3843782,-4.4964078
202000032643,11,2,2020,16,1,22,22360,1,1,1,4,le perray,48.48045,-2.70022
202000032644,6,2,2020,17,1,22,22278,2,1,1,2,RIBOT (THEODULE),48.518583,-2.783045
202000032645,19,3,2020,19,5,26,26362,2,2,1,3,FAVENTINES RUE,44.922866,4.905868
202000032646,13,2,2020,11,1,17,17415,2,1,1,6,DE GAULLE COURS CHARLES,45.74115,-0.62555
202000032647,19,3,2020,19,5,06,06088,2,1,1,6,MADELEINE (BD DE LA),43.7037,7.2346
202000032648,13,2,2020,8,1,17,17300,2,2,3,6,SAUTEL  BOULEVARD ANDRE,46.16818,-1.13217
202000032649,18,3,2020,17,1,01,01053,1,6,1,7,CHAGNE ( CHEMIN DE LA),46.2034381,5.2739072
202000032650,19,3,2020,20,5,75,75115,2,4,1,7,QUAI D ISSY LES MOULINEAUX,48.835402,2.266885
202000032651,13,2,2020,7,1,13,13201,2,2,1,3,PARADIS (RUE)       1 A 47,43.29221,5.37728
202000032652,13,2,2020,1,5,13,13206,2,9,1,6,LIEUTAUD (COURS),43.29,5.38
202000032653,11,2,2020,12,1,13,13063,2,2,1,3,SULLY RUE,43.5845006,5.0057731
202000032654,19,3,2020,10,1,75,75110,2,3,1,3,BOULEVARD DE LA VILLETTE,48.874382,2.374162
202000032655,13,2,2020,2,3,13,13047,1,1,1,6,RN 1569,43.5741,4.9926
202000032656,19,3,2020,2,5,94,94043,2,1,1,6,GABRIEL PERI (R),48.8114558,2.35121
202000032657,12,2,2020,10,1,11,11262,2,1,1,6,LUNES (ROUTE DE),43.1769,3.00537
202000032658,17,3,2020,13,1,94,94002,2,1,1,3,BLANQUI (QU),48.80093,2.42231
202000032659,13,2,2020,18,5,75,75114,2,1,1,2,PORTE DE CHATILLON,48.822561,2.314169
202000032660,19,3,2020,16,1,92,92007,2,9,1,3,BRIAND (AVENUE ARISTIDE) N° 162 A 300,48.79122,2.3198
202000032661,13,2,2020,14,1,75,75116,2,1,1,3,ECHANGEUR AUTEUIL,48.852422,2.252586
202000032662,16,3,2020,15,1,37,37074,2,1,2,1,49 Rue de la Hurtauderie,47.2448173,0.1523006
202000032663,13,2,2020,6,5,75,75119,2,4,8,-1,PORTE DE LA VILLETTE,48.900343,2.380422
202000032664,19,3,2020,15,1,972,97225,1,1,1,7,Fond Canonville,14.773772,-61.201583
202000032665,19,3,2020,17,1,30,30251,1,1,1,6,D138,44.197659,4.694456
202000032666,13,3,2020,22,3,74,74100,1,1,1,6,D310,46.015115,5.890346
202000032667,12,2,2020,20,5,75,75113,2,1,1,-1,PORTE D ITALIE,48.816151,2.36115
202000032668,19,3,2020,17,1,80,80338,2,1,1,7,7 Residence du Vallon,49.89787,2.51137
202000032669,13,2,2020,18,2,75,75105,2,3,2,2,QUAI SAINT BERNARD,48.846849,2.36097
202000032670,17,3,2020,13,1,29,29259,1,1,1,6,D58 A - Bel Air,48.666652,-3.975769
202000032671,20,3,2020,2,3,02,02671,1,1,1,6,D6,49.494751,3.170242
202000032672,13,2,2020,10,1,75,75119,2,7,2,3,BOULEVARD DE LA VILLETTE,48.878432,2.370446
202000032673,13,2,2020,20,5,75,75118,2,1,2,6,BOULEVARD DE LA CHAPELLE,48.883996,2.351532
202000032674,13,2,2020,11,1,75,75118,2,1,1,6,RUE DU POTEAU,48.897165,2.338062
202000032675,13,2,2020,17,1,75,75116,2,1,2,-1,RUE MOLITOR,48.84525,2.261498
202000032676,12,2,2020,11,1,75,75116,2,1,1,6,RUE SAINT DIDIER,48.866626,2.285088
202000032677,13,2,2020,9,1,75,75112,2,2,3,7,AVENUE LEDRU ROLLIN,48.84863,2.372542
202000032678,13,2,2020,9,1,75,75110,2,2,3,3,RUE LOUIS BLANC,48.881329,2.364716
202000032679,13,2,2020,18,5,75,75108,2,1,8,3,RUE DE BERRI,48.874615,2.308068
202000032680,13,2,2020,16,1,75,75107,2,2,1,3,PORT DE LA BOURDONNAIS,48.860641,2.295459
202000032681,13,2,2020,10,1,75,75104,2,1,1,6,BOULEVARD BEAUMARCHAIS,48.854955,2.368703
202000032682,13,2,2020,15,1,75,75101,2,1,2,6,BOULEVARD DU PALAIS,48.855219,2.345803
202000032683,10,2,2020,13,1,94,94068,2,2,2,3,ALSACE LORRAINE (R D),48.805,2.477
202000032684,13,2,2020,3,5,94,94065,2,6,1,3,LORRAINE (RUE DE),48.7633421,2.3551274
202000032685,13,2,2020,19,5,94,94017,2,1,3,6,REGARD DES LUATS (R DU),48.82017,2.53169
202000032686,13,2,2020,9,1,93,93073,2,1,2,6,CHAPIT RE ( RUE DU),49.0017881,2.53703
202000032687,13,2,2020,7,5,93,93078,2,6,2,2,BALLANGER (BD ROBERT),48.96159,2.55626
202000032688,13,2,2020,7,2,93,93073,2,9,2,6,CHAPIT RE ( RUE DU),49.0034241,2.5368129
202000032689,13,2,2020,7,5,93,93059,2,3,2,2,PASTEUR (BOULEVARD),48.9655,2.3636
202000032690,13,2,2020,9,1,93,93051,2,6,2,2,MONT D'EST (BD),48.8431,2.5478
202000032691,13,2,2020,16,1,93,93050,2,6,1,7,GASTON NAVAILLE (RUE),48.8710963,2.5335449
202000032692,13,2,2020,16,1,93,93027,2,2,2,3,PASCAL (RUE),48.92843,2.40078
202000032693,13,2,2020,15,1,93,93027,2,1,8,6,VERLAINE (RUE PAUL),48.9331294,2.3914127
202000032694,13,2,2020,20,5,92,92072,2,1,8,3,PAVE DES GARDES (ROUTE DU),48.81279,2.21582
202000032695,13,2,2020,10,1,92,92064,2,1,2,6,CALVAIRE,48.846501,2.2187568
202000032696,13,2,2020,10,1,92,92062,2,1,1,2,CIRCULAIRE (boulevard),48.8868568,2.2384751
202000032697,13,2,2020,17,2,92,92050,2,3,2,3,SADI CARNOT RUE,48.886929,2.208287
202000032698,13,2,2020,13,1,92,92023,2,2,8,3,GENERAL DE GAULLE (AVENUE DU)/ rue de Versailles,48.7834,2.2467
202000032699,13,2,2020,19,5,92,92012,2,1,1,2,COURS DE L'ILE SEGUIN,48.8282,2.2355
202000032700,2,10,2020,10,1,92,92012,2,2,1,3,MEUDON (RUE DE) - COTE PAIR,48.825588,2.241904
202000032701,13,2,2020,9,1,92,92012,2,1,2,3,GENERAL LECLERC (AVENUE DU) 1/33 - 2/58,48.832981,2.241694
202000032702,13,2,2020,18,2,92,92007,2,1,1,6,RAVERA (AVENUE HENRI) N° 111 A 217 ET 10,48.802327,2.311097
202000032703,14,2,2020,15,1,54,54312,1,1,1,5,RD 910,48.923698,6.094387
202000032704,13,2,2020,19,3,2A,2A249,1,1,8,1,337 Anelapo E Mezza Bojocca,41.6548297,8.9185583
202000032705,14,2,2020,2,3,52,52114,1,1,2,6,D107,48.037692,4.881577
202000032706,13,2,2020,22,3,60,60016,1,1,1,6,D929,49.3635642,2.3701442
202000032707,14,2,2020,13,1,31,31082,1,1,1,3,D826,43.592825,1.713352
202000032708,13,2,2020,19,3,21,21483,1,1,6,2,A31,47.466175,5.182839
202000032709,14,2,2020,15,1,71,71270,1,1,1,-1,A6,46.325198,4.806401
202000032710,12,2,2020,14,1,68,68295,2,3,1,3,1 Rue des Platanes,48.012198,7.381225
202000032711,13,2,2020,19,3,11,11203,1,1,1,1,D611 - PR 14+500,43.162274,2.730124
202000032712,14,2,2020,16,1,974,97414,2,9,1,3,Route Nationale 5,-21.281297,55.431991
202000032713,14,2,2020,7,2,34,34016,1,1,6,-1,A750,43.625013,3.64362
202000032714,13,2,2020,7,2,2A,2A271,2,1,1,1,La Casaccia,41.9530599,8.7876465
202000032715,14,2,2020,11,1,80,80627,1,1,1,2,D210,49.8012837,2.2165149
202000032716,14,2,2020,6,5,49,49347,2,2,1,3,Rue du Bourg-joly,47.614604,-0.465052
202000032717,12,2,2020,13,1,31,31436,1,1,8,6,Bois de Peyre,43.327385,1.059878
202000032718,11,2,2020,21,5,02,02810,2,9,1,3,Rue du 18 Juillet,49.253668,3.093372
202000032719,4,9,2020,22,3,93,93010,1,1,1,7,AUTOROUTE A3,48.8993,2.46956
202000032720,4,9,2020,15,1,93,93006,1,1,1,2,AUTOROUTE A3,48.86849,2.42869
202000032721,25,2,2020,8,1,75,75108,2,7,1,3,ROND POINT CHAMPS ELYSEES,48.869407,2.310949
202000032722,2,9,2020,6,1,988,98818,2,4,1,3,BRETELLE BONAPARTE FOREST,-22.24202,166.45729
202000032723,2,9,2020,16,1,988,98818,2,3,1,2,ROUTE DE LA BAIE DES DAMES,-22.24392,166.44728
202000032724,2,9,2020,13,1,988,98818,2,6,1,3,ROUTE EXPRESS DU MONT-DORE,-22.24621,166.47196
202000032725,2,9,2020,19,3,974,97416,1,1,1,6,TOBY LES HAUTS(CHEMIN),-21.29543,55.45567
202000032726,1,9,2020,8,1,974,97416,2,1,1,2,SAVIGNY (CHEMIN EDOUARD),-21.29734,55.4926
202000032727,2,9,2020,16,2,974,97416,1,1,1,1,THOREZ (CHEMIN MAURICE),-21.26093,55.4818
202000032728,3,9,2020,7,1,974,97411,2,1,1,6,Rue Monthyon,-20.88766,55.45436
202000032729,2,9,2020,20,3,974,97407,1,1,1,7,ROUTE NATIONALE N° 1,-20.94716,55.32316
202000032730,1,9,2020,11,1,974,97407,2,6,1,1,MASCAREIGNES(BOULEVARD),-20.94084,55.30743
202000032731,3,9,2020,23,5,69,69259,2,1,1,6,AMBROISE CROIZAT                    (BD),45.70469,4.88761
202000032732,3,9,2020,18,1,69,69199,2,1,1,3,JEAN JAURES                         (AV),45.71153,4.85512
202000032733,3,9,2020,17,1,69,69199,2,1,1,6,REPUBLIQUE (DE LA)                  (R ),45.71203,4.85425
202000032734,3,9,2020,11,1,69,69387,2,2,1,6,CHEVREUL                            (R ),45.7486234,4.8397945
202000032735,2,9,2020,18,1,69,69383,2,2,1,3,MARIUS VIVIER MERLE                 (BD),45.7536598,4.8592751
202000032736,2,9,2020,15,1,69,69383,2,2,1,1,CHAPONNAY                           (R ),45.75843,4.84927
202000032737,3,9,2020,8,1,69,69389,2,1,1,6,GEORGES CLEMENCEAU                  (PT),45.77491,4.80868
202000032738,3,9,2020,10,1,971,97113,1,1,1,3,BAS DU FORT,16.21784,-61.51532
202000032739,2,9,2020,8,1,971,97120,2,1,1,6,BD LEGITIMUS,16.2438341,-61.5345848
202000032740,3,9,2020,7,1,91,91223,2,1,1,6,LOUIS (AVENUE FREDERIC),48.42897,2.16672
202000032741,3,9,2020,18,1,88,88160,2,1,1,6,COTE-CABICHE (RUE DE LA ),48.18647,6.4382
202000032742,3,9,2020,8,1,87,87085,2,1,1,6,ROUSSILLON (AVENUE DU),45.81794,1.22308
202000032743,3,9,2020,5,5,83,83137,2,1,1,7,ARMARIS (BD DES),43.126053,5.981342
202000032744,3,9,2020,15,1,77,77447,1,1,1,3,C.D 39,48.53677,2.55784
202000032745,2,9,2020,12,1,76,76216,2,1,1,6,FONTENELLE. RUE DE,49.47622,1.05356
202000032746,2,9,2020,20,5,76,76451,2,1,1,6,MONT AUX MALADES. AVENUE DU,49.46066,1.08245
202000032747,2,9,2020,13,1,76,76575,2,1,1,-1,RUE DU CLOS TELLIER,49.37774,1.11573
202000032748,3,9,2020,16,1,76,76382,1,1,1,2,D6015,49.57771,0.515284
202000032749,1,9,2020,22,5,71,71153,2,1,1,6,MITTERRAND (AVENUE FRANCOIS),46.8066505,4.4304317
202000032750,3,9,2020,3,5,69,69266,2,1,1,6,TOLSTOI    (Cours),45.7636826,4.8709174
202000032751,2,9,2020,21,5,69,69256,2,2,1,3,FAVIER                              (R ),45.77194,4.91987
202000032752,2,9,2020,19,1,66,66136,2,1,1,3,REMPARTS-SAINT-JACQUES (DES),42.69694,2.90197
202000032753,2,9,2020,8,1,65,65440,2,2,1,1,LIBERATION (AVENUE DE LA),43.24408,0.06735
202000032754,3,9,2020,15,1,64,64445,2,1,1,3,3 Rue Marca,43.29435,-0.377253
202000032755,3,9,2020,15,1,64,64102,2,3,1,2,LOEB (AVENUE DE L'INTERNE JACQUES),43.4792,-1.4845
202000032756,3,9,2020,13,1,64,64024,2,1,1,2,SAUBADINE (RUE DE),43.4957,-1.53203
202000032757,3,9,2020,12,1,64,64024,2,3,1,7,MOULINAOU (ALLEE DU),43.47658,-1.50997
202000032758,3,9,2020,10,1,64,64024,2,1,1,7,PLAGES (BOULEVARD DES),43.50965,-1.52953
202000032759,3,9,2020,9,1,64,64102,2,1,1,7,PAULMY (AVENUE DES ALLEES),43.49256,-1.48081
202000032760,30,8,2020,8,1,63,63113,2,2,1,3,BEAUPEYRAS (RUE DE),45.7946931,3.0825733
202000032761,21,1,2020,17,5,62,62250,2,1,5,6,BRIAND (R ARISTIDE),50.45375,2.94064
202000032762,3,9,2020,19,1,61,61001,2,1,1,2,CLEMENCEAU (COURS),48.43255,0.08641
202000032763,3,9,2020,11,1,59,59155,2,9,1,6,FURNES - ROUTE,51.0338807,2.4021234
202000032764,28,8,2020,15,1,59,59122,2,6,1,3,BART (BOULEVARD JEAN),50.182418,3.22754