Num_Acc,jour,mois,an,hr,condition_eclairage,departement,commune,condition_agglomeration,intersection,condition_atmosphere,type_collision,adresse,lattitude,longitude
202000032765,28,8,2020,17,1,58,58194,2,1,1,1,REPUBLIQUE (BOULEVARD),46.9914,3.1703
202000032766,2,9,2020,12,1,56,56260,2,1,1,3,Boulevard de la Paix,47.66057,-2.7538
202000032767,2,9,2020,14,1,56,56121,2,1,1,4,MONISTROL (RUE),47.73783,-3.3819
202000032768,2,9,2020,12,1,56,56121,2,2,1,3,Avenue Chenailler Dit Colonel Morice,47.73657,-3.39031
202000032769,3,9,2020,21,5,51,51058,1,1,1,7,Rue Saint Remi,49.2227146,3.9937837
202000032770,2,9,2020,23,5,50,50173,2,1,1,6,RENAN (RUE ERNEST),49.64943,-1.68522
202000032771,31,8,2020,14,1,49,49015,1,1,1,2,D775,47.51094,-0.61824
202000032772,2,9,2020,8,1,37,37261,2,1,1,3,BEDEL (RUE MAURICE),47.3785006,0.6984283
202000032773,3,9,2020,17,1,35,35055,1,1,1,2,ROCADE 2-3,48.09507,-1.62196
202000032774,3,9,2020,16,1,35,35238,2,4,1,3,DINAN (DE),48.11721,-1.6823
202000032775,2,9,2020,19,1,35,35238,2,6,1,3,GAYEULLES (ROND POINT),48.1274191,-1.6524442
202000032776,3,9,2020,19,1,34,34172,2,9,1,6,HEIDELBERG (AVENUE DE),43.62014,3.81731
202000032777,3,9,2020,16,1,34,34172,2,1,1,3,LAVERUNE (ROUTE DE,43.59824,3.84123
202000032778,3,9,2020,8,1,34,34172,2,1,1,3,LODEVE (AVENUE DE,43.614775,3.8313954
202000032779,3,9,2020,8,1,34,34172,2,1,1,3,POMPIGNANE (AVENUE DE LA),43.60709,3.89871
202000032780,2,9,2020,17,1,34,34172,2,1,1,2,TOULOUSE (AVENUE DE,43.59919,3.86606
202000032781,3,9,2020,23,5,33,33063,2,7,1,7,PLACE RAVEZIES / ALL DE BOUTAUT,44.86623,-0.57573
202000032782,3,9,2020,19,1,33,33318,2,3,1,3,AVE JEAN JAURES / RUE HERMAN LEMOINE,44.806211,-0.6306097
202000032783,3,9,2020,17,2,33,33063,2,4,1,3,RUE DELBOS / RUE DES ETRANGERS / CRS DUPRE-DE-SAINT-MAUR / QUAI HUBERT PROM,44.867911,-0.554885
202000032784,3,9,2020,12,1,33,33192,2,2,1,3,RUE DES CAMELIAS / RUE DES LANGES / RUE DES COLIBRIS,44.7828,-0.61
202000032785,31,8,2020,15,1,33,33063,2,2,1,6,RUE DE SAGET / CRS DE LA MARNE,44.82748,-0.558
202000032786,2,9,2020,21,5,31,31069,2,1,1,6,BORDEBASSE (RUE DE),43.63834,1.37372
202000032787,2,9,2020,19,1,31,31555,2,1,1,6,RTE D ALBI,43.63586,1.46397
202000032788,3,9,2020,13,1,15,15012,1,1,1,3,RD 920,44.887056,2.450081
202000032789,2,9,2020,16,1,15,15014,2,1,7,6,Aurillac (avenue de la république),44.92623,2.43997
202000032790,11,8,2020,22,3,14,14366,1,1,1,2,D.613 ( LISIEUX),49.12859,0.22261
202000032791,3,9,2020,17,1,14,14001,1,1,8,6,LES VATS,49.3988878,0.288443
202000032792,3,9,2020,16,1,13,13213,2,1,1,3,CHEMIN DU MERLAN A LA ROSE ,43.3306565,5.4107478
202000032793,3,9,2020,16,1,13,13211,2,1,1,6,AUDIENCE (RUE DE L'),43.2967,5.48548
202000032794,3,9,2020,8,1,13,13210,2,1,1,6,TIMONE (AVENUE DE LA),43.286045,5.405004
202000032795,3,9,2020,8,1,13,13047,2,6,1,2,FELIX GOUIN AVENUE,43.50748,4.98313
202000032796,2,9,2020,18,2,11,11069,2,9,1,7,POMPIDOU GEORGES -ROND POINT-,43.22656,2.33084
202000032797,3,9,2020,9,1,07,07186,2,1,1,6,RIOU (AVENUE PAUL),44.7363463,4.5987896
202000032798,3,9,2020,8,1,06,06123,2,6,1,3,ROND POINT COUBERTIN,43.672,7.19352
202000032799,1,9,2020,7,1,05,05061,2,1,1,6,CHATEAUVIEUX (ROUTE DE),44.50861,6.0554
202000032800,3,9,2020,12,1,02,02304,2,1,1,6,GENERAL LECLERC (AVENUE DU),49.65989,3.37408
202000032801,3,9,2020,10,1,75,75119,2,7,1,3,PLACE AUGUSTE BARON,48.900944,2.387002
202000032802,3,9,2020,8,1,75,75105,2,1,1,-1,BOULEVARD SAINT MICHEL,48.844752,2.339444
202000032803,3,9,2020,18,1,75,75120,2,2,1,-1,RUE LOUIS LUMIERE,48.863454,2.410863
202000032804,3,9,2020,3,5,75,75119,2,1,1,6,AVENUE DE FLANDRE,48.884926,2.369887
202000032805,3,9,2020,17,1,75,75118,2,2,1,1,BOULEVARD ORNANO,48.894622,2.347155
202000032806,2,9,2020,20,1,75,75116,2,3,1,6,AVENUE FREMIET,48.85622,2.285709
202000032807,2,9,2020,17,1,75,75116,2,2,1,3,AVENUE FOCH,48.872685,2.284571
202000032808,1,9,2020,17,1,75,75116,2,2,1,4,ALLEE DE LONGCHAMP,48.867621,2.250848
202000032809,3,9,2020,21,5,75,75114,2,2,1,3,BOULEVARD BRUNE,48.826133,2.312743
202000032810,3,9,2020,8,1,75,75113,2,1,1,6,BOULEVARD KELLERMANN,48.819219,2.358123
202000032811,3,9,2020,16,1,75,75111,2,3,1,3,RUE DE CHARONNE,48.853983,2.382333
202000032812,3,9,2020,13,1,75,75108,2,3,1,-1,RUE DE CONSTANTINOPLE,48.880679,2.318239
202000032813,3,9,2020,9,1,75,75108,2,1,1,6,AVENUE DES CHAMPS ELYSEES,48.869643,2.308074
202000032814,2,9,2020,21,5,75,75116,2,2,1,3,AVENUE GEORGES MANDEL,48.864119,2.277576
202000032815,3,9,2020,8,1,75,75107,2,2,1,3,QUAI D ORSAY,48.86286,2.313442
202000032816,3,9,2020,19,1,75,75101,2,2,1,3,QUAI DE LA MEGISSERIE,48.858456,2.342656
202000032817,3,9,2020,19,1,75,75104,2,7,1,2,RUE SAINT ANTOINE,48.853221,2.368609
202000032818,3,9,2020,10,1,75,75101,2,3,1,-1,QUAI DE LA MEGISSERIE,48.858271,2.343393
202000032819,3,9,2020,8,1,75,75104,2,3,1,6,RUE DE RIVOLI,48.855475,2.360097
202000032820,3,9,2020,17,1,94,94067,2,9,1,1,Rue de Lagny,48.849318,2.420032
202000032821,9,7,2020,11,1,94,94080,2,3,1,6,MIDI (R DU),48.847271,2.434732
202000032822,1,9,2020,15,1,94,94052,2,1,1,6,CHARLES DE GAULLE (GRAND RUE),48.83625,2.48142
202000032823,3,9,2020,12,1,94,94073,2,1,1,3,ESPAGNE (RPT D),48.754768,2.374368
202000032824,3,9,2020,14,1,94,94022,2,1,1,6,GENERAL LECLERC (AV),48.762045,2.4049495
202000032825,3,9,2020,13,1,94,94077,2,6,1,6,REPUBLIQUE (AV DE LA),48.73149,2.41914
202000032826,3,9,2020,8,1,94,94004,2,1,1,3,LEON REVILLON (BD),48.74559,2.51203
202000032827,3,9,2020,7,2,93,93066,2,1,1,3,FRANCE ANATOLE (BOULEVARD) NR AUTRES,48.9212848,2.3451738
202000032828,2,9,2020,17,1,93,93066,2,1,1,6,R GABRIEL PERI,48.9300141,2.356469
202000032829,3,9,2020,8,1,93,93049,2,2,1,6,PARMENTIER (RUE),48.8570665,2.501446
202000032830,2,9,2020,23,5,93,93048,2,3,1,1,BAUNE (RUE DE LA),48.8617193,2.4346955
202000032831,1,9,2020,21,1,93,93053,2,9,1,3,ROSNY (AVENUE DE) N° 1 A 39,48.8934225,2.4707478
202000032832,2,9,2020,17,1,93,93063,2,1,1,5,NOISY ROUTE DE,48.8938,2.4349
202000032833,2,9,2020,19,1,93,93029,2,3,1,-1,JEAN JAURES (AVENUE) N°,48.92133,2.44886
202000032834,2,9,2020,12,1,93,93001,2,1,1,3,FELIX FAURE (BLD) => 121,48.9039,2.3828
202000032835,3,9,2020,7,1,92,92046,2,2,1,3,PIERRE BROSSOLETTE,48.8116,2.3001
202000032836,3,9,2020,17,1,92,92050,2,1,1,2,VAILLANT COUTURIER PAUL RUE,48.885548,2.202221
202000032837,3,9,2020,16,1,92,92050,2,1,1,3,ARAGO FRANCOIS AVENUE,48.89912,2.22161
202000032838,3,9,2020,8,1,92,92049,2,5,1,3,MARNE AVENUE DE LA,48.81621,2.307025
202000032839,14,8,2020,18,1,92,92024,2,3,1,7,CLICHY (QUAI DE) DE (104 A 202),48.91203,2.31047
202000032840,3,9,2020,20,1,92,92007,2,2,1,-1,PETIT (AVENUE ALBERT) N° 28 A FIN,48.79614,2.3216
202000032841,27,8,2020,9,1,92,92002,2,1,1,6,AUGUSTE MOUNIE (RUE),48.7536265,2.3040788
202000032842,4,9,2020,9,1,2A,2A348,1,1,1,2,D70,42.1518407,8.7554132
202000032843,3,9,2020,19,1,24,24010,1,3,1,1,Route de Saint-astier,45.172228,0.579979
202000032844,30,8,2020,12,1,25,25212,1,1,3,6,A36,47.280493,5.995434
202000032845,3,9,2020,17,1,69,69282,1,9,1,3,d517,45.760188,5.033112
202000032846,4,9,2020,8,1,05,05174,1,1,1,1,D994G,44.935101,6.678143
202000032847,1,9,2020,21,5,01,01399,2,6,1,6,Rue des Plantages,46.29431,6.076921
202000032848,4,9,2020,15,1,67,67437,1,1,1,5,D1004,48.754364,7.333256
202000032849,3,9,2020,11,1,22,22213,1,1,1,7,6 La Chiennais,48.535477,-2.010069
202000032850,3,9,2020,18,1,06,06095,2,6,1,3,D2562,43.638936,6.871616
202000032851,3,9,2020,23,3,42,42271,1,1,1,1,Route de la Terrasse,45.4674576,4.5842437
202000032852,4,9,2020,5,3,22,22193,1,4,1,7,Plestan,48.425904,-2.438804
202000032853,4,9,2020,18,2,23,23176,2,9,1,6,Rue René Bruat,46.239502,1.493936
202000032854,3,9,2020,11,1,62,62620,2,4,1,4,Route Departementale 943,50.592297,2.404411
202000032855,3,9,2020,6,2,83,83057,1,1,1,3,Dn7,43.371077,6.204979
202000032856,4,9,2020,14,1,51,51568,2,6,1,7,Route de Saint Thierry,49.3143093,3.9655122
202000032857,3,9,2020,7,1,51,51119,1,1,1,5,D951,49.0905569,3.9714532
202000032858,4,9,2020,15,1,59,59039,1,1,1,1,D643,50.152981,3.291886
202000032859,18,8,2020,16,1,56,56128,1,1,1,7,Kervihan,47.961221,-3.098402
202000032860,3,9,2020,16,1,74,74192,1,1,1,1,Route de Lornay,45.889792,5.920826
202000032861,3,9,2020,8,1,74,74289,1,1,1,7,route départemantale 14,45.933334,5.874767
202000032862,2,9,2020,17,1,74,74011,2,1,1,3,13 avenue e Chavoires,45.904415,6.159716
202000032863,5,8,2020,18,1,76,76126,1,1,1,6,D928,49.674849,1.343422
202000032864,4,9,2020,6,2,79,79223,1,1,1,6,La Sauvagère,46.520057,-0.556177
202000032865,4,9,2020,0,3,82,82102,1,1,1,6,D3,44.0109,0.862121
202000032866,19,6,2020,7,1,82,82075,2,3,1,6,Chemin Lateral a la Voie Ferree,43.828896,1.300523
202000032867,3,9,2020,16,1,65,65479,2,3,1,7,Carrera de Marca Devath,43.139503,0.062632
202000032868,4,9,2020,17,1,81,81183,1,1,1,3,Cantegrel - RD 81,43.8245447,2.3562762
202000032869,3,9,2020,7,1,11,11206,1,4,1,1,12 Chemin du Pont,43.043712,2.23656
202000032870,4,9,2020,15,1,71,71319,1,1,1,6,D156,46.6913201,5.1217261
202000032871,3,9,2020,22,3,61,61474,1,1,1,6,Lieu Dit les Petits Fosses,48.761883,0.19138
202000032872,4,8,2020,20,1,49,49026,1,1,1,6,Route d'Asnieres,47.514288,-0.791552
202000032873,3,9,2020,16,1,44,44069,1,1,1,6,15 Leniphen,47.288876,-2.438149
202000032874,3,9,2020,8,2,35,35204,1,1,1,6,Le Grand Corcé,48.046185,-1.57392
202000032875,3,9,2020,7,2,29,29056,1,1,1,7,Lieu-dit le Bourg,48.419404,-4.334407
202000032876,4,8,2020,18,1,03,03073,2,1,1,2,,46.4911121,3.315322
202000032877,20,8,2020,20,3,03,03120,1,1,1,1,,46.6321315,3.651341
202000032878,3,9,2020,10,1,01,01036,1,1,1,1,D8,45.908771,5.65694
202000032879,4,9,2020,14,1,26,26248,1,1,1,1,Route de Die,44.762462,5.270728
202000032880,2,9,2020,13,1,58,58164,1,1,1,7,Les Broussailles,47.223915,3.003522
202000032881,4,9,2020,16,1,06,06079,2,3,1,6,Boulevard des Ecureuils,43.546005,6.93932
202000032882,3,9,2020,11,1,14,14504,1,2,1,3,D510,49.207892,0.339366
202000032883,4,9,2020,11,1,50,50513,1,2,1,3,70 Rue de la Liberte,48.987195,-1.269822
202000032884,4,9,2020,14,1,60,60063,1,9,1,7,Chemin des Vaches,49.359198,2.061304
202000032885,4,9,2020,16,1,45,45098,1,1,1,6,D18-PR4+250,47.825243,1.748199
202000032886,4,9,2020,14,1,10,10072,1,1,1,6,D960,48.36382,4.677633
202000032887,4,9,2020,6,3,07,07076,1,9,1,3,D86,44.634482,4.745777
202000032888,3,9,2020,18,1,07,07260,1,1,1,6,route de mazibet,44.6939,4.70335
202000032889,4,9,2020,10,1,40,40328,2,3,1,5,2 Avenue de la Foret,43.786184,-1.39432
202000032890,3,9,2020,11,1,17,17091,1,1,1,2,Départementale 9,46.291265,-1.084085
202000032891,4,9,2020,12,1,06,06152,2,1,1,6,695 Route des Dolines,43.622049,7.039432
202000032892,3,9,2020,23,5,06,06018,2,1,1,1,Chemin Neuf,43.62812,7.093171
202000032893,4,9,2020,5,3,39,39285,1,1,1,7,,47.166251,5.643922
202000032894,3,9,2020,22,3,63,63195,1,1,1,6,A89,45.848196,3.369504
202000032895,5,8,2020,10,1,38,38485,2,1,1,6,Avenue de la République,45.17597,5.69696
202000032896,4,9,2020,14,1,988,98817,2,3,1,3,RUE DES FLAMBOYANTS/RP1,-22.224679,166.513563
202000032897,4,9,2020,15,1,974,97424,1,1,1,6,N5,-21.151315,55.477384
202000032898,3,9,2020,8,1,977,97701,2,3,1,3,Fond Grande,17.904558,-62.824727
202000032899,3,9,2020,11,1,33,33214,1,1,1,3,D6e1,45.02505,-1.17517
202000032900,4,9,2020,13,1,77,77196,1,1,1,2,route nationale 3,48.9496536,2.7574994
202000032901,3,9,2020,11,1,77,77451,1,1,1,1,D21,48.931164,3.077025
202000032902,4,9,2020,18,2,34,34165,1,2,7,3,D2,43.513234,3.677802
202000032903,16,8,2020,23,3,83,83107,1,1,1,3,Dn7,43.467533,6.608346
202000032904,3,9,2020,16,1,04,04019,2,3,1,3,Digue des Colporteurs / Rue Dr Pierre Groves,44.384414,6.651476
202000032905,4,9,2020,15,1,25,25057,2,1,1,6,MAQUIS de MONTEVILLERS,47.531317,6.787614
202000032906,3,9,2020,14,1,55,55532,1,1,1,1,DEPARTEMENTALE 02,48.929224,5.117505
202000032907,4,9,2020,10,1,57,57550,2,2,1,6,2 Rue de Ham,49.156997,6.653134
202000032908,4,9,2020,13,1,73,73047,1,1,1,6,D902 Col de l'Iseran,45.392604,7.04524
202000032909,4,9,2020,6,1,42,42065,1,3,1,3,Route de Roanne,45.770951,4.215606
202000032910,4,9,2020,18,1,38,38415,1,2,1,3,Route de Jallieu,45.641408,5.237346
202000032911,30,10,2020,14,1,92,92044,2,1,1,3,ED.VAILLANT(RUE)133+ ET 110+,48.90065,2.28528
202000032912,23,10,2020,22,5,92,92024,2,3,9,3,HENRI BARBUSSE (RUE) DE (68 A 102),48.9028419,2.3122467
202000032913,30,10,2020,13,1,92,92002,2,1,1,2,ARMAND GUILLEBAUD (AVENUE),48.74797,2.30929
202000032914,30,10,2020,18,5,24,24297,1,3,1,1,Avenue d'Aquitaine,45.010867,0.036459
202000032915,30,10,2020,8,1,06,06161,2,1,1,6,Route du Bord de Mer,43.640493,7.140706
202000032916,31,10,2020,14,1,974,97422,2,1,1,1,103 Chemin Isautier,-21.262966,55.518953
202000032917,30,10,2020,10,3,38,38127,1,1,1,7,Plan Fort,44.8191276,5.6775755
202000032918,31,10,2020,8,1,77,77182,1,1,7,1,D71,48.756663,3.316036
202000032919,30,10,2020,17,2,41,41149,2,3,1,3,1 Rue Pasteur,47.757187,0.871281
202000032920,30,10,2020,15,1,57,57334,1,1,1,1,D45,48.685209,7.189613
202000032921,31,10,2020,15,1,56,56075,1,1,2,6,La Noe Rideau,47.876563,-2.121938
202000032922,30,10,2020,18,3,49,49068,1,2,1,5,Le Petit Verger,47.412377,-0.854871
202000032923,31,10,2020,10,1,42,42156,1,1,1,6,D38,45.902119,4.204738
202000032924,30,10,2020,14,1,46,46280,2,1,1,6,332 Rue du Village,44.538351,1.293495
202000032925,31,10,2020,21,3,47,47106,1,1,1,2,D710,44.51086,0.948901
202000032926,31,10,2020,3,4,35,35116,2,2,1,6,1 Rue de Saint-guinoux,48.590299,-1.858469
202000032927,30,10,2020,6,2,38,38511,1,1,1,6,D1090,45.349024,5.946152
202000032928,31,10,2020,16,1,70,70311,2,1,1,6,24 Rue Aristide Briand,47.813943,6.385176
202000032929,29,10,2020,8,1,06,06089,1,1,1,-1,Route de Chateauneuf,43.669556,6.98429
202000032930,31,10,2020,12,1,83,83056,1,1,1,1,Ancien Chemin Figanières Callas,43.550269,6.511948
202000032931,30,10,2020,7,2,60,60133,1,1,1,5,D94,49.533883,2.381969
202000032932,29,10,2020,17,5,21,21599,2,3,2,3,D27,47.5763377,5.2021485
202000032933,31,10,2020,14,1,85,85036,2,1,2,6,5 Le Petit Port la Claye,46.46967,-1.283
202000032934,30,10,2020,21,3,31,31399,1,1,1,5,Impasse des Moroncazal,43.365921,1.273234
202000032935,29,10,2020,20,5,30,30344,1,2,1,-1,D139,43.736263,4.233706
202000032936,30,10,2020,7,2,30,30036,1,1,1,1,Route de Langlade,43.774441,4.284545
202000032937,29,10,2020,17,3,06,06088,1,1,1,2,"autoroute A8, tunnel de la baume, PK 199.50,chaussée nord",43.733135,7.281339
202000032938,30,10,2020,12,1,987,98726,1,9,1,6,MAKEMO,-16.531111,-143.80102
202000032939,30,10,2020,20,3,987,98748,2,1,1,1,PK 11+500 Vairo,-17.801663,-149.295804
202000032940,28,10,2020,19,5,77,77183,2,2,1,3,Rue des Pelletiers,48.9492798,3.1306475
202000032941,17,10,2020,15,1,91,91105,2,3,1,3,Route de Saint Chéron,48.579498,2.174163
202000032942,30,10,2020,15,1,38,38019,1,1,1,-1,A7,45.412476,4.824843
202000032943,30,10,2020,12,1,68,68342,1,4,1,3,D431,47.813453,7.197094
202000032944,29,10,2020,8,1,68,68154,1,1,2,2,Rue de l'Île Napoléon,47.769835,7.387952
202000032945,30,10,2020,13,1,63,63204,2,3,1,1,Avenue de la motte/peupliers,45.814631,3.183948
202000032946,31,10,2020,10,1,38,38529,2,1,1,6,Avenue d'Uriage,45.11958,5.81119
202000032947,3,10,2020,16,1,26,26084,1,2,2,-1,Les Fougères Est,45.014441,4.96258
202000032948,29,10,2020,16,2,26,26362,1,1,1,1,147 Chemin de Porte Maure,44.897258,4.920287
202000032949,30,10,2020,17,1,33,33243,2,1,1,6,43 Avenue Georges Clémenceau,44.919877,-0.240282
202000032950,31,10,2020,11,1,33,33293,2,1,1,1,3 Route de Sorbède,44.88102,-0.41198
202000032951,29,10,2020,16,1,49,49194,1,1,1,2,Route départementale 55,47.449807,-0.282104
202000032952,29,10,2020,19,5,13,13202,1,1,1,2,A55-Sens Martigues vers Marseille,43.30895,5.36658
202000032953,27,10,2020,15,1,13,13071,1,1,1,4,A51-Sens Marseille vers Aix en Provence,43.4087545,5.3634951
202000032954,29,10,2020,19,3,69,69290,1,1,1,4,A46S   40.883 A 43.680,45.68312,4.96192
202000032955,29,10,2020,14,1,69,69277,1,1,1,2,RN346   36.215 A 38.000,45.7405637,4.9860845
202000032956,29,10,2020,19,3,54,54328,1,1,1,4,Autoroute A 330,48.61189,6.17709
202000032957,23,10,2020,15,1,59,59560,1,1,1,2,AUTOROUTE A1,50.5398595,3.0523163
202000032958,30,10,2020,18,5,91,91589,1,1,1,5,AUTOROUTE A6,48.6793,2.334
202000032959,29,10,2020,1,4,78,78640,1,1,3,2,A86 INT,48.78102,2.17331
202000032960,24,9,2020,23,3,60,60505,1,1,1,4,AUTOROUTE A1,49.17412,2.60064
202000032961,30,10,2020,14,1,77,77169,1,1,1,-1,RN104,48.8214251,2.6152198
202000032962,9,6,2020,22,5,92,92078,2,1,1,6,ASNIERES (QUAI),48.929282,2.33391
202000032963,16,6,2020,6,3,92,92078,2,9,1,6,JEAN MOULIN (AVENUE) (1 AU 81),48.940362,2.328967
202000032964,27,2,2020,10,1,92,92078,2,9,2,6,GALLIENI (BD) (1 A 79 ET 22 A 102),48.926431,2.328421
202000032965,30,10,2020,9,1,988,98818,2,3,1,2,FERNAND FOREST/LUCIEN HERVOUET,-22.2397,166.45179
202000032966,29,10,2020,6,2,974,97416,1,1,2,6,RN2 (2),-21.36135,55.53085
202000032967,30,10,2020,23,5,69,69387,2,2,1,3,YVES FARGES                         (BD),45.73401,4.82617
202000032968,29,10,2020,21,5,69,69259,2,2,1,3,URBAIN EST                              ,45.68971,4.90099
202000032969,29,10,2020,13,1,69,69387,2,2,1,3,CAPITAINE ROBERT CLUZAN (DU)        (R ),45.75251,4.84292
202000032970,29,10,2020,5,5,69,69387,2,2,1,3,CHALLEMEL LACOUR                    (R ),45.729369,4.8457866
202000032971,28,10,2020,12,1,972,97213,2,1,1,3,GEORGES GRATIANT,14.61759,-60.99458
202000032972,27,10,2020,17,2,91,91021,2,3,2,3,BD JEAN JAURES,48.59048,2.24475
202000032973,24,10,2020,18,2,91,91103,2,6,1,2,AV DE LA COMMUNE DE PARIS,48.58877,2.30115
202000032974,24,10,2020,17,1,91,91339,1,1,2,2,AV ROBERT BENOIST,48.632699,2.264684
202000032975,27,10,2020,18,3,91,91377,2,1,2,-1,AV CARNOT,48.72247,2.25723
202000032976,29,10,2020,12,1,91,91326,2,1,1,6,GAMBETTA (QUAI),48.68785,2.38615
202000032977,29,10,2020,8,1,91,91027,2,1,8,2,RTE NATIONALE 7,48.72997,2.3679
202000032978,27,10,2020,21,3,91,91521,2,1,3,7,REMY (RUE ALBERT),48.654685,2.410529
202000032979,24,10,2020,13,1,91,91174,2,1,2,2,BD JOHN KENNEDY,48.580568,2.476191
202000032980,28,10,2020,18,5,81,81033,2,3,2,6,BRUGAYRAC ( RUE DE ),44.03273,2.15724
202000032981,28,10,2020,19,5,80,80021,2,1,3,3,BEAUVILLE NORD (BOULEVARD DE),49.90601,2.31804
202000032982,28,10,2020,20,5,78,78327,2,1,1,6,AVENUE DE PARIS,48.99125,1.85658
202000032983,29,10,2020,20,5,73,73008,2,1,1,3,BOUCHER ALFRED SQUARE,45.693832,5.910964
202000032984,29,10,2020,17,1,72,72003,2,1,1,6,FONDUS (RTE DES),47.97608,0.15344
202000032985,29,10,2020,7,5,71,71153,2,6,2,3,DE GAULLE (PLACE CHARLES),46.8074297,4.4324885
202000032986,29,10,2020,17,2,69,69271,2,3,1,3,ARSONVAL (D')                           ,45.73167,4.9713
202000032987,17,9,2020,16,1,69,69266,2,1,1,6,MAISONS NEUVES   (Place des),45.75618,4.87766
202000032988,28,10,2020,10,1,67,67482,2,3,1,3,SOLEURE (RUE DE),48.577,7.75356
202000032989,28,10,2020,8,1,67,67482,2,3,2,3,ARQUEBUSIERS (RUE DES),48.5919708,7.7598091
202000032990,25,10,2020,19,2,66,66136,2,1,1,1,ALBERT MARCELLIN,42.69094,2.89081
202000032991,29,10,2020,21,4,64,64102,2,6,1,3,PIECE NOYEE (ROND POINT DE LA),43.49891,-1.48154
202000032992,29,10,2020,9,1,64,64024,2,6,1,2,AVIATION (ROUTE DE L'),43.4644,-1.53323
202000032993,28,10,2020,13,1,64,64102,2,1,8,6,LOUIS DE FOIX (AVENUE),43.5057,-1.4672
202000032994,29,10,2020,8,1,59,59378,2,3,1,6,COUTURE RUE DE LA,50.65325,3.11158
202000032995,27,10,2020,14,1,56,56185,1,1,1,7,RN 165,47.77087,-3.37829
202000032996,29,10,2020,20,5,54,54395,2,2,2,3,STRASBOURG (AVENUE DE),48.6842884,6.1885764
202000032997,29,10,2020,18,2,54,54526,1,1,1,2,CONCORDE (PONT DE LA),48.69105,6.20546
202000032998,19,10,2020,17,1,54,54395,2,1,1,3,LOBAU (BOULEVARD),48.67937,6.19851
202000032999,29,10,2020,11,1,50,50173,1,1,3,4,MER (Bld de la ),49.66124,-1.6783
202000033000,29,10,2020,9,1,50,50203,2,1,2,7,ROUGES TERRES (LES),49.62233,-1.61277
202000033001,26,10,2020,7,1,50,50173,1,3,2,3,THIVET ( avenue du ),49.63557,-1.66639
202000033002,27,10,2020,8,1,49,49007,2,1,1,7,CHAMBRE AUX DENIERS RUE ET CHEM,47.4655972,-0.6016262
202000033003,27,10,2020,14,1,49,49246,2,1,1,1,A87N,47.43158,-0.50779
202000033004,27,10,2020,18,1,49,49007,1,1,1,7,SAINT AUBIN,47.49454,-0.56307
202000033005,27,10,2020,14,1,49,49007,2,1,1,6,Boulevard Gaston Ramon,47.48659,-0.53802
202000033006,29,10,2020,20,5,45,45232,1,1,1,3,Avenue de Sologne,47.865943,1.913145
202000033007,29,10,2020,16,5,45,45234,2,1,2,3,Boulevard Pierre Segelle,47.90421,1.91494
202000033008,28,10,2020,7,1,37,37208,2,1,1,6,DOUMER (BOULEVARD PAUL),47.3687758,0.7292518
202000033009,29,10,2020,20,5,35,35238,2,3,1,2,HAUTES-OURMES (BD DES),48.08759,-1.64874
202000033010,29,10,2020,12,1,35,35238,2,1,1,3,167 rue de Lorient,48.105859,-1.732822
202000033011,2,8,2020,21,5,34,34116,2,1,1,6,Rue Clément François Prunelle,43.645369,3.825581
202000033012,29,10,2020,13,1,35,35238,2,9,8,3,RETARDAIS (DE LA),48.10644,-1.72933
202000033013,3,8,2020,14,1,51,51211,1,1,1,7,A4,49.0766069,4.8125266
202000033014,29,10,2020,11,1,35,35238,2,2,1,3,MITTERAND (MAIL FRANCOIS),48.10854,-1.69294
202000033015,4,7,2020,6,2,77,77168,1,1,1,6,A6 PK087.900 direction PARIS,48.1654743,2.870837
202000033016,2,8,2020,11,1,988,98802,1,1,1,7,RT 1 PK 93 + 401,-21.845088,165.917845
202000033017,3,8,2020,13,1,971,97134,2,1,1,6,Boulevard des Habissois Souverains,16.060073,-61.765308
202000033018,2,8,2020,14,1,04,04096,1,1,1,7,Col de la Bonette,44.337785,6.789894
202000033019,29,10,2020,8,1,35,35238,2,3,2,3,TOUR D'AUVERGNE (BD DE LA),48.1044637,-1.6843732
202000033020,2,8,2020,17,1,68,68106,1,9,1,7,Rte 431,47.88987,7.114264
202000033021,29,10,2020,15,1,34,34172,2,1,1,1,MICHELET (RUE),43.6085476,3.8828677
202000033022,2,8,2020,10,1,67,67130,2,6,1,7,D426,48.423669,7.6402
202000033023,29,10,2020,14,1,34,34172,2,1,1,2,SAINT MAUR (AVENUE DE),43.6237174,3.8947982
202000033024,31,7,2020,15,1,38,38474,2,2,1,3,Rue de la Maladière,45.207463,5.680044
202000033025,29,10,2020,12,1,34,34172,2,1,1,3,FRANKLIN (ROND POINT BENJAMIN),43.6188,3.91261
202000033026,2,8,2020,11,1,38,38317,2,3,7,3,20 Rue de Chamrousse,45.132032,5.711002
202000033027,2,8,2020,2,3,26,26064,1,1,1,7,Rue des Hirondelles,44.918557,5.056329
202000033028,29,10,2020,13,1,34,34172,2,1,1,1,PIREE (AVENUE DU),43.60597,3.89669
202000033029,1,8,2020,7,1,81,81099,1,1,1,6,Route de Senouillac,43.930004,1.923498
202000033030,3,8,2020,9,1,14,14627,1,1,1,6,A88,48.887076,-0.220483