Num_Acc,jour,mois,an,hr,condition_eclairage,departement,commune,condition_agglomeration,intersection,condition_atmosphere,type_collision,adresse,lattitude,longitude
202000033031,29,10,2020,12,1,33,33281,2,3,1,2,AVE DU MARECHAL GALLIENI,44.83714,-0.61655
202000033032,3,8,2020,14,1,60,60489,1,1,1,4,RD136,49.172193,2.82692
202000033033,2,8,2020,20,1,59,59409,2,4,1,6,Rue Pierre Bochu,50.303246,3.211945
202000033034,2,8,2020,16,1,59,59268,1,1,1,7,D122,50.630616,2.695919
202000033035,27,7,2020,7,1,13,13211,1,1,1,7,Sens Aubagne vers Marseille,43.288758,5.443838
202000033036,1,8,2020,4,4,13,13055,2,1,1,2,A507 sens Marseille - Aubagne,43.332704,5.385331
202000033037,23,7,2020,18,1,13,13055,1,1,1,4,A507 sens Marseille - Aubagne,43.293,5.4243
202000033038,2,8,2020,6,2,69,69276,1,1,1,7,A7   8.630 A 10.992,45.6741503,4.8475778
202000033039,29,10,2020,18,1,33,33529,2,2,1,3,MIQUELOTS (BD DES),44.60959,-1.13552
202000033040,1,8,2020,23,4,91,91340,1,9,1,5,AUTOROUTE A6,48.60582,2.43562
202000033041,2,8,2020,9,1,78,78551,1,1,1,2,A14,48.912724,2.107265
202000033042,28,10,2020,19,5,31,31555,2,1,1,6,STRASBOURG (BD DE) DU 2AU 66,43.60707,1.44736
202000033043,29,10,2020,2,3,29,29039,1,1,8,6,N165 - Kerango Bihan,47.93692,-3.91236
202000033044,2,8,2020,0,3,78,78466,1,1,1,5,A13,48.9345,1.9668
202000033045,2,8,2020,2,3,93,93005,1,1,1,2,AUTOROUTE A1,48.96227,2.47085
202000033046,29,10,2020,11,1,29,29019,1,1,1,2,D112 - Pen Ar Ch'Leuz,48.4162748,-4.4791637
202000033047,2,8,2020,3,3,95,95527,1,1,1,7,AUTOROUTE A1,48.99506,2.51608
202000033048,2,8,2020,19,1,94,94017,1,1,1,4,A4,48.8268961,2.5128995
202000033049,28,10,2020,19,5,29,29019,2,2,1,3,Rue Mathieu Donnart,48.39976,-4.48613
202000033050,2,8,2020,17,1,77,77237,1,1,1,-1,A4,48.830209,2.751796
202000033051,29,10,2020,11,1,27,27375,2,1,8,6,JOFFRE (BOULEVARD DU ML),49.21482,1.16681
202000033052,1,8,2020,21,5,94,94058,1,1,1,4,A86.EXT,48.8482589,2.4916133
202000033053,1,8,2020,18,2,974,97411,2,2,1,3,MARIE (RUE SAINTE),-20.8827996,55.4543281
202000033054,1,8,2020,16,1,2B,2B033,2,1,1,-1,PAOLI DU NR 21 AU 45 -BLD,42.69952,9.44977
202000033055,29,10,2020,18,3,26,26362,1,9,1,4,L.A.C.R.A  RN 7 (101),44.94082,4.94277
202000033056,31,7,2020,20,3,971,97101,1,1,2,6,DOTHEMARE,16.26488,-61.51124
202000033057,1,8,2020,21,2,91,91345,2,2,1,1,PRESIDENT FRANCOIS MITTERAND,48.697451,2.295164
202000033058,29,10,2020,10,1,22,22278,2,2,1,-1,FRANCE (AV. DE),48.51208,-2.74494
202000033059,1,8,2020,17,1,91,91174,2,9,1,5,JOHN KENNEDY (BOULEVARD),48.58452,2.47647
202000033060,28,10,2020,10,1,22,22106,2,6,1,3,AMBROISE PARE (RUE),48.49945,-2.7305
202000033061,1,8,2020,21,5,82,82121,2,1,1,3,MOULIN N 20 (AVENUE JEAN),44.02781,1.36837
202000033062,29,10,2020,15,1,17,17300,2,2,1,3,REMPARTS   CHEMIN DES,46.15838,-1.15758
202000033063,29,10,2020,16,1,15,15014,2,9,1,3,DELMONT (RUE HENRY),44.9343,2.4494
202000033064,28,7,2020,18,1,77,77210,1,3,1,3,D606 - D28A,48.3613,2.8886
202000033065,31,7,2020,12,1,77,77058,2,6,1,3,LAGNY (BOULEVARD DE) - D35,48.831281,2.706105
202000033066,31,7,2020,22,5,76,76540,2,2,1,3,ELBEUF. RUE D',49.42577,1.08261
202000033067,29,10,2020,12,1,13,13209,2,1,1,6,SCHLOESING (BOULEVARD),43.273078,5.400659
202000033068,1,8,2020,16,1,72,72181,2,1,1,2,GENESLAY FELIX (AV) N° PAIRS 2 A 144,47.98162,0.20984
202000033069,28,10,2020,10,1,13,13028,2,9,1,6,PUITS DE BRUNET (CHEMIN DU),43.186319,5.600222
202000033070,31,7,2020,15,1,71,71153,2,1,1,-1,MAZENAY (RUE DE),46.8027147,4.4501729
202000033071,29,10,2020,17,2,11,11069,2,1,1,5,MAQUENS -CHEMIN DE-,43.20835,2.31467
202000033072,1,8,2020,13,1,68,68224,2,1,1,6,ORPHELINS (RUE DES),47.74994,7.33692
202000033073,29,10,2020,18,1,06,06030,2,1,1,3,CARIMAI (RUE),43.57948,6.99545
202000033074,1,8,2020,17,1,64,64260,2,1,1,3,TUNNEL (RUE DU),43.35785,-1.77162
202000033075,27,10,2020,8,1,06,06027,2,1,1,3,PLAGE BOULEVARD DE LA,43.65707,7.17292
202000033076,1,8,2020,8,1,64,64129,2,1,2,3,CHATEAU D'ESTE DU,43.3067674,-0.3855
202000033077,28,10,2020,13,1,03,03310,2,1,1,6,,46.1441057,3.4147846
202000033078,1,8,2020,10,1,64,64024,2,1,2,7,BAHINOS (ROND POINT DE),43.4944,-1.5188
202000033079,13,10,2020,11,1,02,02691,2,1,3,7,MULHOUSE DE 8 A 125 (RUE DE),49.851378,3.297573
202000033080,1,8,2020,17,1,57,57463,2,4,1,3,TREVES (BOULEVARD DE ),49.11745,6.18813
202000033081,1,8,2020,12,1,51,51454,2,1,1,3,Boulevard Pommery,49.2535536,4.0542174
202000033082,29,10,2020,18,5,75,75120,2,3,2,3,RUE JEAN VEBER,48.862421,2.409159
202000033083,1,8,2020,13,1,51,51108,2,1,1,1,Pénétrante Urbaine,48.9465844,4.3481611
202000033084,29,10,2020,17,1,75,75120,2,3,2,6,RUE DES RONDEAUX,48.863165,2.397647
202000033085,1,8,2020,13,1,45,45302,2,1,1,3,Rue Nationale 20,47.94142,1.89307
202000033086,29,10,2020,9,1,75,75120,2,2,1,3,RUE DES PYRENEES,48.871661,2.392281
202000033087,1,8,2020,19,1,45,45338,1,1,1,6,D2060 PR 30 + 700,47.98338,2.70475
202000033088,29,10,2020,10,1,75,75119,2,1,8,7,RUE GEORGES AURIC,48.885086,2.385736
202000033089,28,7,2020,18,1,42,42225,2,6,9,-1,Rond-point du Sardon,45.519999,4.593704
202000033090,1,8,2020,7,1,42,42183,2,6,1,6,Rue Jean Moulin,45.405256,4.371727
202000033091,29,10,2020,14,1,75,75117,2,4,1,3,AVENUE DE WAGRAM,48.875339,2.296185
202000033092,1,8,2020,22,5,35,35238,2,1,1,6,51 Mail François Mitterrand,48.1091837,-1.6901832
202000033093,28,10,2020,14,1,75,75116,2,7,1,3,PLACE DU MARECHAL DE LATTRE DE TASSIGNY,48.872119,2.275401
202000033094,31,7,2020,16,1,34,34172,2,9,1,6,DURAND (RUE MARIE),43.6183719,3.8985948
202000033095,29,10,2020,18,5,75,75115,2,1,1,6,RUE OLIVIER DE SERRES,48.835898,2.297025
202000033096,28,10,2020,21,5,75,75115,2,2,1,7,BOULEVARD GENERAL MARTIAL VALIN,48.83694,2.274236
202000033097,1,8,2020,6,2,34,34003,1,1,1,3,RD612,43.30119,3.46193
202000033098,28,10,2020,17,5,75,75115,2,1,2,6,RUE CAMBRONNE,48.843335,2.302499
202000033099,31,7,2020,20,1,25,25031,2,1,1,3,BELFORT (RUE DE),47.485545,6.841317
202000033100,29,10,2020,14,1,75,75112,2,1,1,2,BOULEVARD DE PICPUS,48.846687,2.399753
202000033101,1,8,2020,20,1,13,13210,2,1,1,2,ROMAIN ROLLAND (BOULEVARD),43.27757,5.42041
202000033102,29,10,2020,1,5,75,75110,2,1,3,6,AVENUE CLAUDE VELLEFAUX,48.872749,2.369893
202000033103,1,8,2020,15,1,13,13214,2,2,1,3,ROLAND DORGELES (BOULEVARD),43.3491638,5.3752407
202000033104,29,10,2020,7,2,75,75108,2,1,8,7,PORT DE LA CONFERENCE,48.86412,2.302709
202000033105,1,8,2020,2,5,13,13208,2,4,1,1,JULES CANTINI (AVENUE),43.28297,5.38908
202000033106,28,10,2020,20,5,75,75108,2,7,1,3,PLACE BEAUVAU,48.871207,2.316158
202000033107,29,10,2020,20,5,75,75101,2,3,1,6,RUE DE RIVOLI,48.859107,2.346434
202000033108,29,10,2020,17,2,75,75101,2,1,8,6,RUE DE RIVOLI,48.861641,2.338698
202000033109,1,8,2020,23,5,13,13063,2,9,1,3,THEODORE AUBANEL BOULEVARD,43.58785,5.00033
202000033110,29,10,2020,14,1,75,75101,2,1,1,6,RUE DE MONTPENSIER,48.864589,2.336669
202000033111,31,7,2020,19,1,13,13047,1,1,1,3,RN 569,43.55773,4.97572
202000033112,29,10,2020,8,1,75,75104,2,3,1,1,RUE SAINT ANTOINE,48.854773,2.362423
202000033113,31,7,2020,6,1,08,08105,2,1,1,7,RN 43,49.73404,4.72036
202000033114,29,10,2020,7,2,94,94074,2,1,1,6,CHAMP SAINT-JULIEN (AV DU),48.748,2.459
202000033115,1,8,2020,3,5,06,06088,2,2,1,5,BARLA (TRAV.),43.7,7.25
202000033116,29,10,2020,12,1,94,94015,2,2,2,6,CHERBOURG (R DE),48.84312,2.523372
202000033117,29,10,2020,17,1,94,94041,2,1,2,2,GARE (R DE LA),48.81554,2.39312
202000033118,1,8,2020,15,1,06,06069,2,1,1,1,LECLERC (BOULEVARD DU MARECHAL),43.65045,6.92081
202000033119,29,10,2020,9,1,94,94041,2,3,1,6,MAURICE THOREZ (AV),48.8177,2.37552
202000033120,1,8,2020,6,2,06,06069,2,6,1,3,SIDI BRAHIM (AVENUE),43.64983,6.931426
202000033121,29,10,2020,21,3,94,94065,2,1,1,3,CHARLES LINDBERGH (AV),48.749617,2.355688
202000033122,31,7,2020,13,1,75,75112,2,1,1,3,BOULEVARD PERIPHERIQUE,48.828642,2.398889
202000033123,29,10,2020,12,1,94,94038,2,3,1,3,PAQUERETTES (R DES),48.779485,2.353471
202000033124,1,8,2020,17,1,75,75105,2,2,1,3,RUE SAINT JACQUES,48.849592,2.344875
202000033125,1,8,2020,15,1,75,75106,2,5,1,3,BOULEVARD SAINT GERMAIN,48.852158,2.340546
202000033126,29,10,2020,13,1,94,94079,2,1,8,7,GENERAL LECLERC (R DU),48.82248,2.5409
202000033127,1,8,2020,0,5,75,75105,2,2,1,3,RUE SAINT JACQUES,48.847358,2.343655
202000033128,29,10,2020,16,1,94,94018,2,1,1,2,PARIS (R DE),48.82731,2.40464
202000033129,31,7,2020,21,2,75,75120,2,2,1,3,RUE DES PYRENEES,48.871661,2.392288
202000033130,29,10,2020,10,1,93,93066,2,9,1,5,LENINE (AVENUE) NR 2 A 26,48.9402366,2.3679483
202000033131,1,8,2020,20,1,75,75118,2,1,1,3,RUE DE CHARTRES,48.884685,2.35362
202000033132,29,10,2020,15,1,93,93064,2,1,1,3,KENNEDY (AVENUE DU PRESIDENT),48.87783,2.48694
202000033133,1,8,2020,15,1,75,75119,2,1,1,3,AVENUE DE FLANDRE,48.891177,2.376178
202000033134,16,6,2020,10,1,93,93048,2,1,1,7,PARIS (RUE DE),48.8555775,2.4222358
202000033135,1,8,2020,19,1,75,75118,2,1,1,6,RUE DU SIMPLON,48.893947,2.349712
202000033136,29,10,2020,16,1,93,93008,2,9,1,3,BD LENINE,48.90657,2.44251
202000033137,1,8,2020,14,1,75,75116,2,1,1,2,ALLEE DE LONGCHAMP,48.866794,2.248525
202000033138,23,10,2020,20,5,92,92063,2,3,1,3,DOUMER (AVENUE PAUL) EST,48.88303,2.18947
202000033139,1,8,2020,0,5,75,75116,2,1,1,3,ALLEE DE LA REINE MARGUERITE,48.861224,2.246635
202000033140,29,10,2020,20,5,92,92044,2,1,1,3,GABRIEL PERI(RUE) 51+ ET 48+,48.89331,2.28661
202000033141,1,8,2020,14,1,75,75114,2,2,1,3,RUE VERCINGETORIX,48.832743,2.311557
202000033142,29,10,2020,14,1,92,92025,2,3,1,6,PRESIDENT KENNEDY (RUE DU),48.928232,2.258423
202000033143,1,8,2020,10,1,75,75111,2,2,1,3,RUE LEON FROT,48.855121,2.387134
202000033144,29,10,2020,19,5,92,92024,2,2,1,3,GENERAL LECLERC (BD DU) DE (61 A 9),48.9026933,2.3135368
202000033145,1,8,2020,14,1,75,75107,2,2,1,2,QUAI D ORSAY,48.862378,2.309236
202000033146,29,10,2020,9,1,92,92024,2,1,1,-1,GEORGES BOISSEAU (RUE),48.9065514,2.3136697
202000033147,1,8,2020,2,5,75,75101,2,1,1,6,RUE DE RIVOLI,48.859822,2.344249
202000033148,28,10,2020,18,5,92,92024,2,2,2,6,LEON GAMBETTA (ALLEES),48.902692,2.309857
202000033149,29,7,2020,21,2,75,75101,2,2,1,4,BOULEVARD DE SEBASTOPOL,48.860071,2.349095
202000033150,23,10,2020,13,1,92,92024,2,3,1,3,JEAN JAURES (BD) DE 47 A 109)   (56 A 14,48.90223,2.30435
202000033151,1,8,2020,7,1,94,94081,2,9,1,3,LEON GEFFROY (R),48.7799,2.40814
202000033152,28,10,2020,20,5,92,92019,2,1,1,-1,LONGUET JEAN (RUE),48.7682491,2.2799092
202000033153,1,8,2020,19,1,94,94058,2,1,1,6,MARECHAL JOFFRE (AV DU),48.84106,2.50992
202000033154,30,10,2020,9,1,974,97415,2,1,1,6,Rue Kovil,-20.987106,55.291931
202000033155,1,8,2020,2,5,94,94068,2,2,1,3,REPUBLIQUE (AV DE LA),48.80153,2.48598
202000033156,29,10,2020,21,3,17,17373,2,1,1,1,Route du Silo,46.138571,-1.009058
202000033157,29,10,2020,16,1,49,49092,2,9,1,3,Chemillé-en-Anjou,47.207332,-0.717899
202000033158,31,7,2020,23,5,94,94076,2,5,1,3,STALINGRAD (AV DE),48.7846,2.36681
202000033159,29,10,2020,13,1,28,28188,1,1,1,6,A11,48.497931,1.688107
202000033160,1,8,2020,1,5,94,94041,2,2,1,6,GENERAL LECLERC (AV DU),48.813152,2.380575
202000033161,1,8,2020,17,1,94,94022,2,2,1,6,DOCTEUR ROUX (R DU),48.771,2.4035
202000033162,29,10,2020,11,1,51,51585,1,3,2,3,D3,49.0794618,3.6897136
202000033163,31,7,2020,23,5,94,94081,2,1,1,7,GROUPE MANOUCHIAN (AV DU),48.789369,2.40566
202000033164,28,10,2020,19,3,972,97225,1,1,1,-1,D10,14.754735,-61.182775
202000033165,1,8,2020,9,1,93,93073,2,1,1,3,MARRONNIERS (AVENUE DES),48.95478,2.58743
202000033166,1,8,2020,7,1,93,93077,2,1,1,6,GRANDE RUE,48.88286,2.51397
202000033167,30,10,2020,10,1,58,58193,1,1,1,3,Route de la Villeneuve,47.526895,2.879641
202000033168,1,8,2020,5,5,93,93033,2,1,1,6,HERMANN REGNIER,48.86358,2.56728
202000033169,23,10,2020,3,3,56,56127,1,1,1,6,La Vigne,48.096979,-2.26853
202000033170,1,8,2020,12,1,93,93063,2,1,1,1,BERLIOZ AVENUE,48.8718563,2.4427001
202000033171,30,10,2020,7,3,56,56185,1,1,1,3,N165,47.77128,-3.38205
202000033172,29,10,2020,14,1,56,56164,2,1,1,6,Rue de Ker Anna,47.655498,-2.868374
202000033173,1,8,2020,6,1,93,93001,2,2,1,3,"""LANDY, NR PAIR 20 A 80""",48.9152911,2.3711744
202000033174,29,10,2020,18,2,32,32466,1,1,1,1,lieu  dit mournet,43.390298,0.472868
202000033175,1,8,2020,19,1,93,93047,2,3,1,3,R DU GENERAL DE GAULLE / AV DES ABRICOTS,48.89925,2.5626
202000033176,29,10,2020,16,1,32,32210,1,1,1,1,D121,43.567752,1.132751
202000033177,30,10,2020,15,1,55,55065,1,1,8,6,RD 946,49.205633,5.03832
202000033178,1,8,2020,18,1,93,93008,2,3,1,2,AV HENRI BARBUSSE / R DE MONTFORT,48.9087,2.4283
202000033179,1,8,2020,13,1,92,92051,2,1,1,3,LONGCHAMP (RUE DE),48.8787708,2.2525138
202000033180,29,10,2020,16,1,41,41211,1,2,1,3,D976,47.327196,1.123602
202000033181,29,10,2020,16,1,86,86281,1,1,1,6,D347,46.725683,0.212903
202000033182,1,8,2020,15,1,92,92026,2,1,1,4,HÔTEL DE VILLE (RUE),48.8950404,2.2567356
202000033183,30,10,2020,1,3,22,22163,1,1,2,7,9 Lieu Dit Keroullaire,48.233757,-3.467882
202000033184,2,8,2020,10,1,87,87002,1,1,1,6,Nouaillas,45.932602,1.390178
202000033185,29,10,2020,18,2,29,29090,1,2,8,3,4 Route de Parc-Land,48.0913518,-4.2652703
202000033186,29,10,2020,18,3,31,31356,1,9,1,3,N224,43.687212,1.224042
202000033187,1,7,2020,4,1,25,25381,1,1,1,2,a36,47.277631,5.980505
202000033188,30,10,2020,11,1,15,15260,1,1,1,1,D341,44.662579,2.449522
202000033189,31,7,2020,11,1,64,64300,1,1,1,-1,RD 817,43.409942,-0.608454
202000033190,29,10,2020,17,2,58,58151,1,1,1,-1,D34,46.87005,3.459706
202000033191,29,10,2020,18,3,54,54003,1,1,2,6,D12,48.3645468,6.0009384
202000033192,1,8,2020,23,3,58,58044,1,1,1,7,Le Saulois,47.493251,2.959823
202000033193,1,8,2020,18,1,85,85017,1,1,1,3,D23,46.907063,-1.11728
202000033194,29,10,2020,15,1,05,05124,1,1,1,3,D314,44.58087,6.125779
202000033195,31,7,2020,22,3,47,47121,1,1,1,1,Plantey,44.347146,0.107363
202000033196,2,8,2020,6,2,51,51594,1,1,1,7,N4,48.7423413,4.1149921
202000033197,29,10,2020,15,1,60,60636,2,3,2,3,Avenue du Gros Grelot,49.482851,2.870339
202000033198,29,10,2020,15,1,07,07050,1,9,1,3,D104a,44.413842,4.148825
202000033199,30,10,2020,1,3,21,21659,1,1,2,6,D16,47.462915,4.800081
202000033200,28,10,2020,16,1,24,24156,2,1,2,1,Les Versannes (Gare),45.089312,0.857052
202000033201,28,10,2020,14,1,28,28140,2,1,1,3,Avenue de la Prairie,48.608229,1.679603
202000033202,29,10,2020,17,2,68,68113,1,1,1,4,N83,48.201852,7.398176
202000033203,29,10,2020,6,3,33,33284,1,1,1,3,A660,44.624064,-0.85401
202000033204,28,9,2020,10,1,31,31069,1,1,1,3,Route départementale 902,43.63489,1.3791
202000033205,30,10,2020,9,1,34,34129,1,1,1,7,A709,43.573154,3.875496
202000033206,2,8,2020,2,5,76,76468,2,1,7,6,238 Route de la Gare,49.597228,0.480314
202000033207,30,10,2020,17,1,69,69043,1,1,1,3,61 Route des Aqueducs,45.7228629,4.7709386
202000033208,29,9,2020,15,1,30,30189,2,1,1,6,GAMBETTA (BD),43.84064,4.36156
202000033209,2,8,2020,14,1,2B,2B354,1,1,1,6,T20,42.150299,9.152463
202000033210,29,10,2020,17,2,14,14301,1,1,8,4,A13,49.167423,-0.276804
202000033211,29,10,2020,23,3,95,95535,1,1,1,6,D28,49.064032,1.961845
202000033212,2,8,2020,15,1,81,81171,1,1,1,6,A68 - PR 47+065,43.868771,1.897438
202000033213,29,9,2020,14,1,29,29039,1,6,2,3,Rond Point de Keramporiel,47.90058,-3.91103
202000033214,16,10,2020,18,5,91,91661,2,1,1,6,30 Domaine des Roches,48.705154,2.248069
202000033215,3,6,2020,14,1,67,67519,1,2,1,3,RM223,48.681437,7.812948
202000033216,29,10,2020,19,5,78,78683,2,3,1,3,D191,48.820979,1.875325
202000033217,14,4,2020,8,1,67,67101,1,6,1,2,D392,48.523584,7.498227
202000033218,2,8,2020,12,1,11,11397,1,1,1,6,Route des Corbières,43.205577,2.4315
202000033219,29,10,2020,19,5,58,58117,2,6,2,3,Rue du Pont,47.012398,3.078414
202000033220,2,6,2020,11,1,69,69086,1,6,1,3,N7 Route de Paris,45.840726,4.654046
202000033221,28,9,2020,18,1,29,29019,2,3,1,3,Rue Général Paulet,48.4255548,-4.477384
202000033222,2,6,2020,8,1,46,46057,1,1,1,7,D19,44.672453,2.026141
202000033223,26,9,2020,14,1,29,29019,2,6,1,3,RP de Cadix - Avenue Victor le Gorgeu,48.398601,-4.4942599
202000033224,29,5,2020,20,2,33,33300,1,1,1,7,RD101 _ Route des Lacs,45.26754,-1.08016
202000033225,1,8,2020,19,2,71,71014,2,1,1,4,Rue des Fusiliers Marins,46.9571252,4.3065917
202000033226,3,6,2020,7,1,33,33501,2,3,1,1,Avenue Charles de Gaulle,44.65019,-0.59617
202000033227,1,8,2020,22,3,55,55398,1,1,1,1,RN 4 PK 60 + 0500 sens Paris-Nancy zone de travaux,48.683909,5.730212
202000033228,3,6,2020,0,3,22,22143,1,1,1,7,D794,48.588637,-2.288997
202000033229,1,8,2020,23,5,46,46029,2,1,1,7,33 Rue des Ecoles,44.926131,1.850756
202000033230,3,6,2020,9,1,27,27188,2,1,1,7,20 Rue du Vauchel,49.3048057,1.0895294
202000033231,31,7,2020,21,2,86,86145,1,1,1,1,Lieu dit L'Ansart,46.463728,0.193531
202000033232,28,9,2020,18,1,23,23096,2,1,1,6,STALINGRAD (RUE DE),46.17485,1.8736
202000033233,1,8,2020,20,5,68,68374,2,1,6,7,Rue Principale,48.059955,7.233274
202000033234,2,8,2020,16,1,22,22100,1,1,1,7,21 Le Montrel,48.274482,-2.653638
202000033235,26,5,2020,16,1,57,57323,2,5,1,3,Route de Thionville,49.397534,6.162837
202000033236,2,8,2020,16,1,39,39397,2,3,8,3,,46.523429,5.616364
202000033237,29,9,2020,21,5,13,13213,2,1,1,2,JEAN PAUL SARTRE (AVENUE),43.32665,5.42526
202000033238,2,6,2020,6,2,13,13019,1,1,2,7,A51-Sens Aix en Provence vers Marseille,43.4202,5.3675
202000033239,31,7,2020,10,1,25,25021,2,3,1,3,grande rue,47.031715,5.778648
202000033240,31,5,2020,16,1,59,59195,1,1,1,6,ROUTE DEPARTEMENTALE 552,50.628297,2.961199
202000033241,28,9,2020,16,1,13,13208,2,1,1,3,PRADO (AVENUE DU),43.272706,5.3915244
202000033242,2,8,2020,0,3,44,44088,1,1,1,6,La Pepiere,47.1062331,-1.4120337
202000033243,30,5,2020,2,4,59,59507,1,1,1,2,AUTOROUTE A27,50.5956777,3.1027848
202000033244,31,7,2020,23,5,29,29011,2,1,1,6,Chemin de Pont-Aliben,48.4113722,-4.5269854
202000033245,2,6,2020,17,1,93,93053,1,1,1,4,AUTOROUTE A103,48.887006,2.4750514
202000033246,1,8,2020,11,1,03,03254,2,6,1,6,Route de Varennes,46.3057581,3.2973518
202000033247,28,9,2020,12,1,10,10387,2,6,2,3,ROBERT GALLEY (RUE),48.28954,4.06714
202000033248,2,8,2020,12,1,15,15205,1,1,8,6,D680,45.157136,2.577281
202000033249,2,6,2020,7,1,94,94017,1,1,1,4,A4,48.8289035,2.4794072
202000033250,29,9,2020,18,1,06,06069,2,9,1,2,SIDI BRAHIM (AVENUE),43.64919,6.933994
202000033251,1,8,2020,20,1,15,15006,1,1,1,7,RD 22,45.215936,2.432935
202000033252,1,6,2020,10,1,974,97407,2,2,1,2,CARPAYE(AVENUE),-20.94554,55.2983
202000033253,29,9,2020,16,1,06,06123,2,1,1,6,PUGETS ROUTE DES,43.69363,7.18355
202000033254,2,8,2020,14,1,15,15196,1,1,1,5,N122,44.85753,2.287801
202000033255,28,5,2020,17,1,69,69384,2,3,1,1,PHILIPPE DE LASSALLE                (R ),45.783556,4.8207953
202000033256,28,9,2020,16,1,05,05061,2,1,1,3,GEORGES POMPIDOU ( BD),44.5565457,6.0796908
202000033257,28,9,2020,10,1,05,05061,2,1,1,6,ELISEE ( RUE DE L' ),44.5589048,6.0806014
202000033258,1,6,2020,17,1,971,97101,2,1,1,1,DOTHEMARE,16.2690723,-61.5057564
202000033259,2,8,2020,12,1,01,01230,1,1,1,5,D975,46.420235,5.100789
202000033260,1,8,2020,18,1,26,26108,1,1,6,7,D93,44.740073,5.002341
202000033261,28,9,2020,9,1,05,05061,2,3,1,7,JEAN JAURES ( AVENUE ),44.54841,6.06679
202000033262,2,8,2020,14,1,58,58305,1,1,1,6,D977bis,47.226847,3.83289
202000033263,31,5,2020,11,1,91,91421,1,1,7,6,CHATEAU (ROUTE FORESTIERE DU),48.692622,2.466119
202000033264,29,9,2020,17,1,75,75120,2,5,2,1,AVENUE GAMBETTA,48.868325,2.401435
202000033265,2,8,2020,13,1,72,72109,1,2,1,1,RD304 / D103,48.159645,-0.082397
202000033266,1,6,2020,19,1,91,91174,2,1,1,6,strathkelvin (avenue de ),48.617908,2.46494
202000033267,1,8,2020,20,1,14,14305,2,1,1,5,D513,49.301712,-0.03975
202000033268,29,9,2020,9,1,75,75120,2,7,2,7,PLACE GAMBETTA,48.865052,2.398599
202000033269,1,6,2020,16,1,77,77337,2,1,1,6,DEUX PARCS (COURS DES),48.8486,2.6158
202000033270,1,8,2020,21,1,50,50266,1,1,7,3,Troche,48.929626,-1.395838
202000033271,29,9,2020,18,1,75,75119,2,2,2,6,BOULEVARD D ALGERIE,48.883647,2.39698
202000033272,31,5,2020,19,1,69,69029,2,4,1,3,FRANKLIN ROOSEVELT                  (AV),45.73612,4.90133
202000033273,2,8,2020,4,3,60,60275,1,1,1,6,D95,49.4974866,1.9139471
202000033274,28,9,2020,13,1,75,75118,2,1,2,3,AVENUE DE LA PORTE DE MONTMARTRE,48.898524,2.336815
202000033275,1,8,2020,1,3,45,45313,1,1,1,6,Villesevreux,48.069347,1.798528
202000033276,1,6,2020,14,1,68,68376,2,2,1,3,Rue de Soultz,47.7984,7.31315
202000033277,1,8,2020,14,1,18,18289,2,3,1,3,14 Route d'Osmery,46.972109,2.588043
202000033278,30,5,2020,11,1,65,65286,2,1,1,6,MARQUI (AVENUE ALEXANDRE),43.10306,-0.04309
202000033279,1,6,2020,11,1,64,64189,2,1,1,1,BENOIT PIERRE (BOULEVARD),43.388258,-1.6784139
202000033280,1,8,2020,22,5,10,10323,2,1,1,6,Rue Herbesace (Pont),48.508186,3.745528
202000033281,1,6,2020,17,1,64,64024,2,1,1,1,MONTBRUN (AVENUE DE),43.5015,-1.50405
202000033282,2,8,2020,12,1,07,07165,1,1,8,7,RD 578,44.925744,4.477771
202000033283,31,5,2020,19,1,59,59324,1,1,1,6,VOIE RAPIDE JEUMONT / MAUBEUGE,50.30608,4.08788
202000033284,2,8,2020,10,1,53,53121,2,1,1,7,37 Grande Rue,48.418072,-0.336092
202000033285,29,9,2020,13,1,75,75117,2,2,2,2,BOULEVARD DE COURCELLES,48.880858,2.312542
202000033286,1,6,2020,15,1,57,57463,2,1,1,6,LOTHAIRE (RUE ),49.1002,6.17897
202000033287,29,9,2020,13,1,75,75117,2,1,2,2,BOULEVARD DU FORT DE VAUX,48.891997,2.301952
202000033288,29,9,2020,10,1,75,75117,2,2,8,6,BOULEVARD PEREIRE,48.887533,2.307483
202000033289,31,5,2020,20,1,57,57751,2,6,1,6,THIONVILLE (AVENUE ),49.15189,6.1581
202000033290,29,9,2020,19,5,75,75116,2,1,1,2,RUE DE LA POMPE,48.867132,2.280546
202000033291,1,6,2020,15,1,51,51454,2,1,1,6,Rue Blondel,49.2698182,4.0277944
202000033292,2,8,2020,13,1,53,53216,2,3,1,2,Rue des Fresnots,48.349362,-0.579528
202000033293,1,6,2020,9,1,38,38185,2,1,1,-1,Rue Auguste Ravier,45.18306,5.73819
202000033294,1,6,2020,18,1,35,35278,2,6,7,1,LONGERAIE (RUE DE LA),48.13714,-1.68944
202000033295,31,7,2020,16,1,40,40194,2,1,1,7,169 Place du Foirail,43.711277,-0.840191
202000033296,1,6,2020,21,1,34,34129,1,1,1,3,PALAVAS D986 (ROUTE DE),43.57249,3.89613
202000033297,29,9,2020,9,1,75,75116,2,1,2,3,ALLEE DE LA REINE MARGUERITE,48.854346,2.242126
202000033298,2,8,2020,8,1,40,40211,1,1,1,3,D17,43.650221,-1.180322
202000033299,1,6,2020,6,1,34,34172,2,1,1,6,LIBERTE (AVENUE DE LA,43.60931,3.83789
202000033300,29,9,2020,9,2,75,75115,2,3,2,3,BOULEVARD LEFEBVRE,48.828363,2.303046