Num_Acc,jour,mois,an,hr,condition_eclairage,departement,commune,condition_agglomeration,intersection,condition_atmosphere,type_collision,adresse,lattitude,longitude
202000033301,1,6,2020,16,1,13,13207,2,1,1,5,Corniche John Fitzgérald Kennedy,43.28832,5.35299
202000033302,29,9,2020,9,1,75,75115,2,1,2,7,RUE DE LA CROIX NIVERT,48.847177,2.300495
202000033303,1,6,2020,14,1,13,13211,2,1,1,2,JEAN LOMBARD (AVENUE),43.2889677,5.432176
202000033304,28,9,2020,21,5,75,75115,2,1,1,6,BOULEVARD DE GRENELLE,48.850729,2.293085
202000033305,29,9,2020,22,5,75,75113,2,7,1,3,PLACE VALHUBERT,48.843657,2.365058
202000033306,1,6,2020,11,1,13,13202,2,3,1,3,PEYSSONNEL (RUE),43.31538,5.36819
202000033307,2,8,2020,4,3,24,24156,1,1,1,7,La Petite Veyriere,45.083256,0.836474
202000033308,1,6,2020,7,1,13,13208,2,1,1,7,GOUDES (CHEMIN DES),43.2300785,5.3548104
202000033309,2,8,2020,13,1,85,85234,1,1,1,6,Route de la Grande Borderie,46.83256,-2.08376
202000033310,29,9,2020,8,1,75,75112,2,7,2,7,BOULEVARD DE BERCY,48.840404,2.378942
202000033311,1,6,2020,11,1,06,06088,2,3,1,-1,SAINT-JOSEPH (AV.),43.70649,7.25608
202000033312,28,9,2020,20,5,75,75112,2,1,1,2,BOULEVARD DIDEROT,48.845607,2.371831
202000033313,29,9,2020,14,1,75,75111,2,3,2,3,AVENUE DE LA REPUBLIQUE,48.866752,2.366816
202000033314,1,8,2020,18,1,85,85232,1,2,1,1,D7,46.689074,-1.183219
202000033315,1,8,2020,14,1,37,37226,1,1,1,1,,47.0897669,0.5949714
202000033316,29,9,2020,14,1,75,75111,2,2,2,3,BOULEVARD VOLTAIRE,48.855924,2.383273
202000033317,7,7,2020,18,1,30,30077,1,9,1,2,D916,44.148086,4.057997
202000033318,31,5,2020,12,1,06,06004,2,9,7,7,WILSON BD,43.57824,7.11922
202000033319,29,9,2020,7,1,75,75111,2,1,2,3,AVENUE PHILIPPE AUGUSTE,48.850328,2.394738
202000033320,1,8,2020,17,1,48,48012,1,1,1,7,Lieu dit La Fouillouse,44.844307,3.204618
202000033321,30,5,2020,11,1,05,05061,2,1,1,3,GEORGES POMPIDOU ( BD),44.55772,6.08176
202000033322,28,9,2020,13,1,75,75109,2,3,1,2,BOULEVARD DE CLICHY,48.882974,2.334876
202000033323,29,5,2020,16,1,05,05061,2,1,4,2,GEORGES POMPIDOU ( BD),44.55898,6.08356
202000033324,28,9,2020,13,1,75,75108,2,1,2,7,COURS ALBERT 1ER,48.864622,2.306461
202000033325,2,8,2020,2,3,19,19201,1,1,1,6,A89,45.51564,2.319424
202000033326,31,5,2020,9,1,75,75112,2,1,1,3,BD PERIPHERIQUE EXTERIEUR,48.827466,2.392312
202000033327,29,9,2020,19,5,75,75108,2,1,2,6,PLACE DE LA CONCORDE,48.865616,2.321765
202000033328,1,6,2020,18,1,75,75119,2,1,1,6,RUE CURIAL,48.890875,2.37203
202000033329,31,7,2020,18,2,973,97307,1,3,1,3,N1,4.892359,-52.348437
202000033330,27,9,2020,8,2,75,75101,2,7,2,6,PLACE DU MARCHE SAINT HONORE,48.867373,2.332453
202000033331,1,6,2020,15,1,75,75119,2,1,1,6,RUE MANIN,48.88258,2.382997
202000033332,1,6,2020,15,1,75,75119,2,2,1,6,AVENUE SIMON BOLIVAR,48.877835,2.374097
202000033333,29,9,2020,8,1,94,94081,2,2,3,3,JEAN JAURES (AV),48.79425,2.40166
202000033334,31,5,2020,20,1,75,75119,2,1,1,3,BOULEVARD SERURIER,48.8782234,2.4033518
202000033335,29,9,2020,7,1,94,94067,2,1,2,6,JEANNE D'ARC (R),48.840631,2.418414
202000033336,1,6,2020,0,5,75,75118,2,2,1,6,BOULEVARD NEY,48.8977307,2.3290318
202000033337,2,8,2020,4,3,68,68300,1,1,1,-1,D201,47.775967,7.389218
202000033338,1,6,2020,22,2,75,75116,2,3,1,6,BOULEVARD MURAT,48.844402,2.257043
202000033339,1,6,2020,17,1,75,75116,2,2,1,2,AVENUE GEORGES MANDEL,48.863495,2.281575
202000033340,29,5,2020,11,1,75,75107,2,3,1,3,QUAI BRANLY,48.8574954,2.2910163
202000033341,29,9,2020,16,1,94,94074,2,1,2,3,CHAMP SAINT-JULIEN (AV DU),48.747948,2.459313
202000033342,1,6,2020,10,1,75,75114,2,2,1,2,AVENUE DU GENERAL LECLERC,48.83006,2.328818
202000033343,29,9,2020,18,2,94,94046,2,1,8,6,PARMENTIER (R),48.802,2.4321
202000033344,29,9,2020,20,5,94,94016,2,1,2,4,GABRIEL PERI (R),48.7962,2.343
202000033345,1,6,2020,20,2,75,75111,2,4,1,3,RUE FAIDHERBE,48.8533474,2.3827508
202000033346,29,9,2020,9,1,94,94041,2,1,8,6,GEORGES GOSNAT (AV),48.8114,2.3841
202000033347,2,8,2020,0,3,69,69086,1,1,1,5,A89,45.847516,4.672837
202000033348,1,6,2020,13,1,75,75111,2,4,1,3,BOULEVARD BEAUMARCHAIS,48.854041,2.368926
202000033349,29,9,2020,19,5,94,94021,2,1,1,2,STALINGRAD (AV DE),48.769837,2.367867
202000033350,31,7,2020,18,5,987,98745,1,1,1,1,Potouru,-16.630833,-151.504028
202000033351,1,6,2020,1,5,75,75103,2,3,1,6,RUE DES FONTAINES DU TEMPLE,48.865396,2.360423
202000033352,29,9,2020,12,1,94,94033,2,1,2,6,CHARLES GARCIA (AV),48.85615,2.48209
202000033353,1,8,2020,17,1,74,74042,1,1,1,2,A40,46.070313,6.432152
202000033354,29,9,2020,6,5,94,94033,2,1,2,6,MARECHAL DE LATTRE DE TASSIGNY (AV DU),48.856956,2.491913
202000033355,29,9,2020,17,1,94,94069,2,9,2,3,EUGENE DELACROIX (R),48.823324,2.421208
202000033356,2,8,2020,8,1,13,13087,1,1,1,5,A8,43.46974,5.654665
202000033357,29,9,2020,8,1,94,94017,2,1,2,3,BOIS L ABBE (R DU),48.81077,2.54091
202000033358,29,9,2020,14,1,94,94075,1,3,2,5,MARECHAL DELATTRE DE TASSIGNY (AV),48.734584,2.51993
202000033359,1,6,2020,18,1,75,75104,2,1,1,3,BOULEVARD DE SEBASTOPOL,48.860963,2.349627
202000033360,1,6,2020,16,1,93,93050,2,3,1,6,HUIT MAI 1945,48.86608,2.5343
202000033361,1,8,2020,1,5,987,98733,2,3,1,3,Pk 24 entrée servitude VAITUPA,-17.710467,-149.583535
202000033362,1,6,2020,18,1,93,93046,2,1,1,4,EUROPE BOULEVARD DE L',48.9279952,2.5517529
202000033363,1,8,2020,2,3,971,97119,1,1,1,6,Girard,16.369165,-61.43486
202000033364,1,6,2020,14,1,93,93074,1,1,1,2,Route Nationale 3,48.9346986,2.5781553
202000033365,31,7,2020,19,1,06,06091,2,1,1,-1,Boulevard Aristide Briand,43.80331,7.400402
202000033366,29,9,2020,20,5,93,93078,2,1,1,2,TREMBLAY (ROUTE DE),48.985,2.5238
202000033367,30,5,2020,22,5,93,93071,2,9,1,3,JEAN HEMMEN (RUE),48.94316,2.53811
202000033368,2,8,2020,18,1,73,73211,1,1,1,5,D925,45.713802,6.442907
202000033369,2,8,2020,12,1,69,69278,2,9,1,3,1463 Route de Trévoux,45.8973855,4.8192122
202000033370,1,8,2020,12,1,33,33394,2,1,1,2,Lieu Dit le Chatelet Sud,44.8973131,-0.1586055
202000033371,1,8,2020,18,1,27,27546,1,1,1,1,11 Route de la Vallée,49.092136,1.13716
202000033372,1,8,2020,17,1,27,27448,2,9,1,3,108 Rue Edouard Isambard,49.012928,1.389379
202000033373,29,9,2020,15,1,93,93064,2,1,2,3,ALSACE-LORRAINE (BOULEVARD),48.8845966,2.4838635
202000033374,1,8,2020,15,1,13,13005,1,1,1,7,A502-Sens Aubagne vers Toulon par R.N.,43.2839,5.5926
202000033375,29,9,2020,21,5,93,93051,2,4,2,3,LEVANT (BD),48.83881,2.54883
202000033376,29,9,2020,16,1,93,93051,2,9,2,6,PIERRE BROSSOLETTE,48.8487,2.55134
202000033377,31,7,2020,19,1,13,13001,1,1,1,2,A51-Sens Marseille vers Aix en Provence,43.52619,5.42689
202000033378,31,7,2020,21,1,13,13215,1,1,1,3,A7-Sens Marseille vers Lyon,43.3744553,5.360764
202000033379,1,8,2020,15,1,91,91689,1,1,1,3,AUTOROUTE A6B,48.745358,2.323616
202000033380,31,7,2020,16,1,94,94003,1,1,8,7,AUTOROUTE A6A,48.8082385,2.3401176
202000033381,1,8,2020,14,1,93,93010,1,1,1,4,AUTOROUTE A86,48.89808,2.46966
202000033382,1,8,2020,14,1,95,95306,1,1,1,7,AUTOROUTE A15,48.99607,2.18402
202000033383,1,6,2020,20,2,92,92050,2,1,1,2,BOUVETS BOULEVARD DES,48.8969994,2.2236224
202000033384,29,9,2020,12,1,93,93051,2,4,2,3,EMILE COSSONNEAU (AVE),48.84946,2.5667
202000033385,29,9,2020,7,5,93,93050,2,2,2,6,LOUIS ARMAND (RUE),48.865007,2.520246
202000033386,1,6,2020,20,1,92,92048,2,1,1,3,ROBERT SCHUMAN (AVENUE),48.7881,2.2348
202000033387,29,9,2020,16,1,93,93027,1,1,2,-1,AV ROGER SALENGRO,48.93812,2.38852
202000033388,29,9,2020,18,1,93,93007,2,1,2,2,8 MAI 45 (AVENUE DU 1 AU 182),48.9419342,2.4322882
202000033389,29,9,2020,17,1,93,93005,1,1,1,2,PAUL CEZANNE (RUE),48.95485,2.51035
202000033390,1,6,2020,14,1,92,92044,2,2,1,3,BAUDIN (RUE) 1A25 ET 2A34,48.89537,2.27897
202000033391,29,9,2020,2,3,92,92072,2,1,1,6,SAINT CLOUD (RUE DE),48.8295564,2.2240241
202000033392,29,9,2020,10,1,92,92064,2,9,2,7,GEORGES CLEMENCEAU,48.84131,2.22296
202000033393,26,9,2020,23,5,92,92050,2,2,2,3,VAILLANT COUTURIER PAUL RUE,48.8825056,2.2044398
202000033394,1,6,2020,9,1,92,92071,2,3,1,6,ROOSEVELT PRESIDENT F (AVE DU),48.7779626,2.3033395
202000033395,1,8,2020,5,5,93,93073,1,1,1,2,AUTOROUTE A104,48.9676,2.56319
202000033396,29,9,2020,18,1,92,92020,2,1,1,6,PINSON RUE FRANCOIS,48.8071808,2.2806431
202000033397,29,9,2020,15,1,92,92049,2,1,8,7,MARNE AVENUE DE LA,48.8159204,2.3067822
202000033398,29,9,2020,9,1,92,92044,2,1,2,2,LEVALLOIS( PONT DE),48.899531,2.278198
202000033399,27,9,2020,18,1,92,92025,2,2,8,1,PAUL BERT (RUE),48.93089,2.2444
202000033400,29,9,2020,13,1,92,92024,2,1,2,7,MARTRE (RUE) DE (59 A 109)   (58 A 120),48.90481,2.30431
202000033401,30,9,2020,15,1,86,86174,2,1,1,2,Avenue de Bordeaux,46.760119,0.490993
202000033402,19,9,2020,14,1,57,57365,1,1,1,7,D956,49.399664,6.422201
202000033403,29,9,2020,22,5,21,21642,1,1,1,1,A6,47.490344,4.135848
202000033404,30,9,2020,16,1,67,67283,2,1,1,3,Rue du Mal de Lattre de Tassigny,48.69116,7.380465
202000033405,29,9,2020,16,1,26,26333,2,9,1,2,Route de Valence,45.173627,4.8139
202000033406,2,6,2020,10,1,02,02776,1,1,1,2,A26,50.001025,3.179465
202000033407,1,8,2020,16,1,77,77249,1,1,1,-1,RN104,48.73243,2.60992
202000033408,1,6,2020,14,1,972,97210,1,1,1,1,D6,14.580178,-60.928202
202000033409,23,9,2020,10,1,68,68315,2,3,1,3,70 Route de Guebwiller,47.892214,7.226008
202000033410,29,9,2020,19,3,60,60279,1,1,2,6,D1324,49.2348366,2.9417459
202000033411,1,8,2020,0,3,93,93051,1,1,1,2,A4,48.8340929,2.582735
202000033412,29,9,2020,23,3,85,85215,2,1,1,6,21 Rue des Mauges,46.85479,-1.175438
202000033413,1,6,2020,15,1,87,87122,1,1,3,7,A20,46.059564,1.36106
202000033414,31,7,2020,8,1,94,94073,1,1,1,2,A86 EXT,48.768846,2.3791999
202000033415,11,9,2020,18,1,34,34123,1,1,1,-1,N109,43.60709,3.819208
202000033416,20,5,2020,15,1,64,64445,2,3,1,6,BERLIOZ,43.31178,-0.34589
202000033417,30,9,2020,8,1,91,91617,2,1,8,1,Route de Lieusaint,48.635319,2.529237
202000033418,30,9,2020,15,1,51,51662,1,1,1,3,A34,49.2933073,4.1292878
202000033419,2,6,2020,13,1,51,51507,2,1,1,7,1 Rue Chanzy,49.0923296,4.8971376
202000033420,29,9,2020,7,1,82,82186,2,3,1,3,Residence du Pontus,44.114878,0.894216
202000033421,31,7,2020,8,1,974,97416,2,1,1,3,PRESIDENT MITTERAND(AVENUE),-21.34455,55.48414
202000033422,30,9,2020,15,1,63,63211,1,1,1,3,Les Quatre Routes,45.4636,3.7254
202000033423,31,5,2020,10,1,51,51555,1,1,1,7,D12,48.7418706,4.3089799
202000033424,31,7,2020,13,1,974,97411,2,1,1,6,VICTOIRE (AVENUE DE LA),-20.8773431,55.4480892
202000033425,29,9,2020,7,1,61,61457,1,1,8,1,D13,48.780373,0.553436
202000033426,2,6,2020,9,1,74,74208,2,3,1,3,Rue des Prés Moulin,45.919673,6.714175
202000033427,31,7,2020,11,1,974,97411,2,3,1,5,JAURES (BOULEVARD JEAN),-20.88878,55.448837
202000033428,29,9,2020,23,3,41,41095,1,1,2,7,Route Nationale 10,47.908292,1.189348
202000033429,1,6,2020,16,1,76,76132,2,1,1,-1,947 Grand Rue,49.679278,0.940104
202000033430,31,7,2020,7,1,974,97411,2,1,1,6,BOIS DE NEFLES (RUE DU),-20.8884,55.4584
202000033431,29,9,2020,16,1,68,68258,1,3,1,1,D2,47.826929,7.286734
202000033432,2,6,2020,18,1,2B,2B207,1,9,1,2,Lot Ducret,42.457467,9.501237
202000033433,31,7,2020,17,1,69,69387,2,2,1,3,JULES BRUNARD                       (R ),45.74872,4.8579
202000033434,27,9,2020,3,5,84,84057,1,1,1,6,D102A,43.928341,5.252484
202000033435,30,7,2020,20,1,69,69388,2,1,1,2,EPARGNE (DE L')                     (R ),45.74262,4.85747
202000033436,31,7,2020,7,1,972,97213,1,1,2,6,ROUTE NATIONALE 5,14.59406,-60.9841
202000033437,29,9,2020,16,1,03,03264,2,3,1,3,Rue de Stalingrad,46.0656447,3.4554335
202000033438,1,6,2020,11,1,82,82134,1,2,7,5,3755 Route de Montricoux,44.078776,1.580122
202000033439,29,9,2020,8,1,03,03031,1,1,1,6,,46.4093223,2.7458442
202000033440,31,7,2020,22,5,95,95680,2,3,1,6,ALEXIS VARAGNE ( RUE),49.0034,2.41433
202000033441,31,5,2020,12,1,63,63138,1,1,1,6,route de l'olliere,45.887495,3.502863
202000033442,1,6,2020,18,1,63,63363,1,1,1,7,La barre,45.8824329,2.7609962
202000033443,2,6,2020,15,1,61,61133,1,3,1,6,Lieu Dit le Parquet,48.620785,0.335618
202000033444,2,6,2020,16,1,55,55348,1,1,1,7,D132,48.535215,5.230759
202000033445,30,9,2020,12,1,54,54337,2,1,2,1,RD 156,49.35667,5.871224
202000033446,1,6,2020,15,1,41,41177,1,1,1,7,LA RAITE,48.067197,0.873585
202000033447,30,9,2020,12,1,72,72057,2,9,1,1,D302,48.071441,0.734856
202000033448,31,5,2020,14,1,39,39436,1,1,1,7,,46.889622,5.893521
202000033449,30,9,2020,17,1,50,50419,2,2,3,3,rue du mont saint michel,48.970316,-1.468027
202000033450,30,7,2020,19,1,91,91021,2,1,1,6,CORNATON ABEL (RUE),48.58744,2.25145
202000033451,2,6,2020,12,1,25,25463,2,3,7,3,8 Rue d'Alsace,47.394609,6.770282
202000033452,30,7,2020,8,1,91,91347,2,3,1,2,MONTLHERY (ROUTE DE),48.63474,2.28893
202000033453,1,6,2020,18,1,25,25551,1,1,1,7,D134,47.320643,6.857314
202000033454,1,6,2020,11,1,35,35163,1,1,1,3,Le Bas Montbelleux,48.302134,-1.157636
202000033455,1,6,2020,15,1,35,35211,2,1,1,6,Rue Chevalier Lancelot du Lac,48.021898,-2.171811
202000033456,30,9,2020,17,1,60,60686,2,1,1,-1,32 Rue de Précy,49.209005,2.394816
202000033457,28,7,2020,4,3,89,89387,1,1,1,5,D606,48.1816704,3.302533
202000033458,1,6,2020,21,2,35,35023,1,1,7,1,RN 12,48.184155,-1.939468
202000033459,30,7,2020,19,2,86,86194,2,1,1,6, Rue du Faubourg du Pont Neuf,46.572778,0.358608
202000033460,1,6,2020,16,1,38,38453,1,3,1,3,Les Mas,45.085248,5.307657
202000033461,31,7,2020,10,1,84,84087,2,3,1,6,GAULLE (AVENUE CHARLES DE),44.1362,4.8025
202000033462,2,6,2020,13,1,02,02651,1,2,1,3,D1032,49.658822,3.416319
202000033463,30,7,2020,9,1,83,83069,1,9,1,1,MARINE (BOULEVARD DE LA),43.0861,6.156
202000033464,29,9,2020,13,1,85,85288,1,1,1,5,La Guerite,46.4774,-1.6726
202000033465,1,6,2020,10,1,02,02237,2,1,1,7,D12,49.693862,3.634012
202000033466,20,5,2020,16,1,58,58051,2,9,1,2,107 Route de Lyon,46.970231,3.15688
202000033467,29,9,2020,15,1,85,85140,2,1,1,1,Rue du Pin Parasol,46.74658,-0.82462
202000033468,27,5,2020,11,1,72,72138,1,1,1,6,La Touche,48.291796,0.080493
202000033469,29,9,2020,22,3,17,17465,2,1,1,6,D939,45.971219,-0.563189
202000033470,30,9,2020,8,1,08,08363,2,3,2,3,Avenue d'Orzy,49.935088,4.65102
202000033471,1,6,2020,18,1,50,50145,1,1,1,6,D972,49.067808,-1.384037
202000033472,31,7,2020,0,5,78,78624,2,6,1,6,RD1,48.968821,2.011998
202000033473,31,7,2020,1,4,76,76366,2,1,1,7,RN 27 (RUE DU GENERAL DE GAULLE),49.50373,1.04261
202000033474,30,7,2020,23,5,76,76351,2,3,1,3,RENE COTY,49.4984783,0.1179798
202000033475,30,7,2020,8,1,74,74118,1,1,1,2,18 AOUT (RUE DU),46.1681,6.2014
202000033476,30,7,2020,21,2,72,72181,2,1,1,6,MAURICE TRINTIGNANT (RUE),47.95695,0.19832
202000033477,31,5,2020,20,1,18,18206,2,2,1,6,Rue des Chaumes,47.15578,2.35241
202000033478,30,7,2020,10,1,71,71306,2,1,1,6,SAINT VALLIER (RUE DE),46.6668838,4.3715351
202000033479,2,6,2020,15,1,16,16287,2,1,1,6,D42,45.580449,0.048217
202000033480,29,7,2020,7,1,69,69256,2,1,1,3,BOLHEN   (DE)                        (AV,45.7653,4.9236
202000033481,29,5,2020,16,1,21,21652,1,1,1,7,Voie communale,47.2154073,4.628211
202000033482,21,7,2020,10,1,69,69092,2,3,1,3,TARARE (route de),45.98,4.69
202000033483,8,7,2020,11,1,68,68066,2,1,1,6,FECHT (RUE DE LA),48.08377,7.34735
202000033484,31,5,2020,12,1,23,23180,1,2,1,3,,45.978038,2.18682
202000033485,31,7,2020,11,1,64,64483,2,1,1,5,CHANTACO (AVENUE DE ),43.370091,-1.637598
202000033486,31,7,2020,2,5,64,64122,2,1,1,7,CROSKEY GENERAL MAC (AVENUE),43.49232,-1.54965
202000033487,29,9,2020,19,3,13,13051,1,1,1,5,D113,43.576476,5.150938
202000033488,2,6,2020,9,1,73,73241,1,1,1,4,"A430, PK133.700",45.611811,6.2948818
202000033489,27,5,2020,17,1,42,42169,2,3,1,1,Rte de Saint Maurice En Gourgois,45.440281,4.155965
202000033490,31,5,2020,10,1,38,38486,2,9,1,7,Rue de la Liberté,45.160174,5.694893
202000033491,1,6,2020,18,1,51,51454,1,4,1,7,A344,49.242784,4.031371
202000033492,1,6,2020,13,1,51,51437,1,1,1,6,A4,49.2228784,3.8175322
202000033493,1,9,2020,16,1,67,67348,1,9,3,7,D500,48.471349,7.511859
202000033494,1,6,2020,22,3,74,74018,1,1,1,6,A40,46.094715,6.354642
202000033495,31,5,2020,22,3,69,69077,1,1,1,2,A6,46.147373,4.769686
202000033496,1,6,2020,1,5,971,97125,1,1,1,6,favreau,16.259978,-61.292306
202000033497,1,6,2020,19,3,971,97117,2,1,1,1,Route de la Source,16.335739,-61.361121
202000033498,1,6,2020,10,1,77,77244,1,1,1,7,D16,48.28869,2.578783
202000033499,30,9,2020,12,1,973,97311,1,1,1,6,PK 243,5.457349,-53.995047
202000033500,30,9,2020,10,1,13,13021,1,2,1,3,D9,43.339426,5.16373
202000033501,30,9,2020,16,1,77,77001,1,1,1,7,D64,48.367512,2.56372
202000033502,30,9,2020,17,1,66,66227,1,1,1,1,D39,42.64717,2.893653
202000033503,29,9,2020,19,3,67,67300,1,1,1,6,D127,48.560463,7.514155
202000033504,27,9,2020,3,3,57,57443,2,2,2,3,2 Rue de la Justice,49.217184,6.118773
202000033505,30,9,2020,17,1,74,74243,1,1,1,1,Route de Feigères,46.130611,6.079042
202000033506,6,8,2020,12,1,33,33324,1,1,7,2,3 Rue du Lac,44.83629,0.23624
202000033507,26,9,2020,10,1,72,72151,1,1,1,3,1 Chemin de la Roche,47.850819,-0.326693
202000033508,1,6,2020,18,1,78,78389,2,1,1,6,Route de la Bardelle,48.803104,1.81563
202000033509,29,9,2020,7,3,44,44089,1,3,5,-1,Les Chaillereaux,47.327519,-1.88216
202000033510,1,6,2020,19,1,78,78162,1,1,1,6,D906,48.682078,1.999619
202000033511,1,6,2020,21,5,83,83068,1,1,1,1,Route du Littoral,43.270823,6.57322
202000033512,2,6,2020,9,1,52,52449,1,1,1,6,D122,47.8395398,5.333967
202000033513,1,6,2020,1,3,52,52392,1,1,1,6,D35,47.9073818,5.4988881
202000033514,29,9,2020,17,1,22,22067,1,1,1,7,2 Pont Glas,48.545809,-3.173367
202000033515,30,5,2020,20,1,68,68368,2,1,1,6,16 Rue des Jardins,48.048911,7.202064
202000033516,30,5,2020,23,3,42,42005,2,3,1,1,Rue des Garennes,45.538459,4.254622
202000033517,1,6,2020,16,1,42,42328,1,1,2,6,Route de Drutel,45.569479,4.018046
202000033518,30,9,2020,7,3,35,35273,1,1,3,2,D155,48.385193,-1.272601
202000033519,1,6,2020,11,1,38,38003,1,1,1,-1,Route des Falques,45.324088,4.85859
202000033520,31,5,2020,11,1,44,44201,2,1,1,3,Route du Lavoir,47.366443,-1.522915
202000033521,2,6,2020,14,1,38,38535,1,1,1,6,D65,45.778404,5.262666
202000033522,1,6,2020,15,1,69,69184,1,1,8,1,Rue du Pertuis,45.603871,4.561005
202000033523,31,5,2020,1,5,81,81105,2,1,1,6,14 Rue du 19 Mars 1962,43.76151,1.983405
202000033524,2,6,2020,9,1,81,81076,2,1,1,7,12 Avenue de Castres,43.568327,1.888468
202000033525,31,5,2020,9,1,31,31433,2,9,7,3,Ancienne Route Impériale,43.51842,1.395725
202000033526,2,6,2020,16,1,62,62196,1,1,1,7,A16,50.4753475,1.6997097
202000033527,30,9,2020,12,1,60,60346,2,1,1,4,Avenue de la Libération,49.146357,2.441267
202000033528,1,6,2020,10,1,13,13005,1,1,1,2,A50 - Sens Aubagne vers Marseille,43.289868,5.553188
202000033529,1,6,2020,20,1,33,33281,1,1,1,5,ROCADE A 630,44.85269,-0.66587
202000033530,1,6,2020,15,1,33,33080,1,1,1,6,AUTOROUTE A 62,44.75882,-0.54614
202000033531,1,6,2020,18,1,91,91687,1,1,1,3,AUTOROUTE A6,48.66316,2.36701
202000033532,31,5,2020,21,2,78,78043,1,1,1,6,A13W,48.84714,2.079172
202000033533,29,9,2020,11,1,59,59015,2,1,3,7,7 Ter Rue de douai,50.28226,3.104668
202000033534,1,6,2020,17,1,94,94017,1,1,1,2,A4,48.82909,2.48029
202000033535,29,9,2020,16,1,59,59322,2,1,1,6,41 bis Rue Foch,50.23343,3.321578
202000033536,12,1,2020,19,3,73,73248,1,4,9,6,D110,45.2540855,6.3233088
202000033537,30,9,2020,1,5,59,59400,2,1,1,6,pont des morts,50.645304,2.63851
202000033538,30,5,2020,21,3,974,97416,1,9,1,6,Route de l’Entre Deux,-21.288,55.45417
202000033539,29,9,2020,18,1,13,13043,1,1,1,4,A55-Sens Marseille vers Martigues,43.387019,5.241728
202000033540,29,9,2020,13,1,13,13071,1,1,1,4,A7-Sens Lyon vers Marseille,43.4053,5.2952
202000033541,30,5,2020,17,1,974,97411,1,3,1,5,LITTORAL (ROUTE 1 DU),-20.8769204,55.4422367
202000033542,29,9,2020,18,1,13,13215,1,1,1,3,A7-Sens Marseille vers Lyon,43.375476,5.360199
202000033543,29,9,2020,7,1,13,13117,1,1,1,3,A7-Sens Lyon vers Marseille,43.4179,5.27325
202000033544,11,12,2020,8,2,91,91201,2,1,2,6,RUE DU PORT AUX DAMES,48.678427,2.390169
202000033545,30,5,2020,1,3,974,97411,1,1,1,5,Route du Littoral,-20.8967,55.375
202000033546,27,9,2020,21,3,13,13071,1,1,1,7,A7-Sens Lyon vers Marseille,43.41597,5.2767
202000033547,11,12,2020,13,1,91,91027,1,1,1,2,RTE NATIONALE 7,48.71768,2.37079
202000033548,28,9,2020,16,1,13,13211,1,1,1,3,A50-Sens Marseille vers Aubagne,43.28996,5.44755
202000033549,10,12,2020,18,5,83,83137,2,9,1,5,STRASBOURG (BD DE ),43.12518,5.93103
202000033550,28,9,2020,8,1,13,13211,1,1,1,7,A50-Sens Aubagne vers Marseille,43.28863,5.4432
202000033551,11,12,2020,7,1,83,83069,2,1,1,3,OLBIA  (VOIE),43.114674,6.135449
202000033552,30,5,2020,15,1,69,69034,2,5,1,-1,ARISTIDE BRIAND                     (CO),45.77947,4.84128
202000033553,11,12,2020,9,1,81,81065,2,1,1,6,place Pierre Fabre,43.6086215,2.2391442
202000033554,28,9,2020,16,1,83,83144,1,1,1,3,A57,43.1404831,6.0001445
202000033555,9,12,2020,14,1,80,80021,2,1,2,7,CAGNY (RUE DE),49.88024,2.32173
202000033556,30,5,2020,19,1,69,69385,2,1,1,3,BARTHELEMY BUYER                    (AV),45.76367,4.79933
202000033557,26,9,2020,21,5,59,59646,1,1,2,6,ROUTE METROPOLITAINE 656,50.685203,3.134996
202000033558,29,9,2020,17,1,91,91345,1,1,1,7,AUTOROUTE A6,48.6886,2.3245
202000033559,11,12,2020,16,1,79,79191,2,1,1,-1,16 Rue Voltaire,46.32571,-0.45476
202000033560,31,5,2020,7,1,971,97101,1,9,2,3,RN11,16.27195,-61.51549
202000033561,11,11,2020,22,3,78,78646,2,2,1,6,EUROPE (AVENUE DE L'),48.804944,2.131111
202000033562,1,6,2020,0,5,91,91161,2,1,1,3,ROCROI (AVENUE DE),48.691089,2.312571
202000033563,29,9,2020,14,1,91,91377,1,1,2,4,AUTOROUTE A10,48.71453,2.28906
202000033564,29,9,2020,11,1,77,77251,1,1,9,7,A5A PARIS / RN104 INT,48.6261686,2.5393743
202000033565,11,12,2020,13,1,77,77243,2,3,1,1,GENERAL LECLERC  (AVENUE DU),48.87481,2.69363
202000033566,29,9,2020,10,1,91,91363,1,1,1,7,RN 104,48.6344,2.2193
202000033567,29,9,2020,8,1,91,91086,1,1,1,6,RN 104,48.62506,2.36176
202000033568,31,5,2020,22,5,91,91027,2,9,1,3,BARBUSSE (RUE HENRI),48.70051,2.36417
202000033569,10,12,2020,18,3,76,76498,2,1,1,4,JACQUARD. RUE,49.43035,1.05448
202000033570,29,9,2020,9,1,94,94076,1,1,2,6,AUTOROUTE A6A,48.7942,2.3451
202000033571,10,12,2020,17,5,76,76322,2,1,1,6,REPUBLIQUE. RUE DE LA,49.4173098,1.0378622
202000033572,31,5,2020,14,1,83,83069,2,1,1,5,AEROPORT (AVENUE DE L'),43.09513,6.13663
202000033573,29,9,2020,9,1,78,78640,1,1,2,5,A86 EXT,48.77889,2.201563
202000033574,11,12,2020,7,5,76,76351,2,2,2,3,LOUIS LUMIERE,49.52415,0.122867