Num_Acc,jour,mois,an,hr,condition_eclairage,departement,commune,condition_agglomeration,intersection,condition_atmosphere,type_collision,adresse,lattitude,longitude
202000033575,31,5,2020,11,1,73,73029,2,6,1,3,STADE (AVENUE DU),45.5642,5.943966
202000033576,29,9,2020,21,3,93,93010,1,1,1,2,AUTOROUTE A3,48.89783,2.46984
202000033577,7,12,2020,15,1,71,71076,2,5,1,6,SENTIERS (RUE ),46.796017,4.8542838
202000033578,29,9,2020,16,1,95,95582,1,1,2,7,RD 170,48.96428,2.26889
202000033579,11,12,2020,7,2,69,69013,1,1,1,4,D386,46.0189,4.72097
202000033580,31,5,2020,15,1,71,71076,2,1,1,3,Avenue Boucicaut,46.7902379,4.8323053
202000033581,29,9,2020,16,1,95,95582,1,1,2,2,RD 170,48.964281,2.26889
202000033582,10,12,2020,21,5,67,67267,2,3,1,3,HOLTZHEIM (RUE DE),48.55445,7.67708
202000033583,30,5,2020,11,1,69,69264,2,1,1,6,FRANS ROUTE DE,45.98493,4.73206
202000033584,29,9,2020,15,1,92,92036,1,1,2,6,AUTOROUTE A15,48.9435747,2.2874026
202000033585,10,12,2020,21,5,66,66136,2,1,1,2,BALEARES ROND POINT ET CITE DES,42.68852,2.89506
202000033586,28,9,2020,21,3,93,93053,1,1,1,5,AUTOROUTE A3,48.8945,2.4714
202000033587,11,12,2020,7,4,64,64483,2,6,2,2,PYRENEES (AVENUE DES),43.3887057,-1.6540861
202000033588,31,5,2020,12,1,64,64445,2,1,1,2,LILAS DES,43.30437,-0.35358
202000033589,29,9,2020,8,1,93,93027,1,1,2,3,AUTOROUTE A86,48.92863,2.41455
202000033590,9,12,2020,9,1,64,64445,2,1,1,3,BALAITOUS DU,43.312658,-0.370988
202000033591,1,6,2020,1,5,64,64024,2,1,1,7,MONTBRUN (AVENUE DE),43.5041,-1.50055
202000033592,31,5,2020,22,5,61,61169,2,1,1,6,11EME DB (RUE DE LA),48.751144,-0.568381
202000033593,29,9,2020,4,3,92,92036,1,1,1,4,AUTOROUTE A86,48.9382,2.31344
202000033594,31,5,2020,16,1,59,59299,2,2,1,3,EUROPE (AVENUE DE L'),50.6664,3.1799
202000033595,28,9,2020,12,1,92,92036,1,1,2,6,AUTOROUTE A86,48.93673,2.31804
202000033596,10,12,2020,10,1,64,64024,2,2,3,4,BAB (BOULEVARD DU),43.4874,-1.5364
202000033597,31,5,2020,10,1,38,38544,2,1,1,6,Chemin des Lones,45.54217,4.85074
202000033598,10,12,2020,14,1,63,63113,2,1,2,7,ESTIENNE (RUE PIERRE),45.77141,3.12708
202000033599,28,9,2020,12,1,95,95394,1,1,2,6,AUTOROUTE A115,49.0507603,2.1816461
202000033600,30,5,2020,20,1,33,33075,1,3,1,7,ALL DE LA RESERVE / ROCADE A630 -E5-,44.89018,-0.60084
202000033601,28,9,2020,14,1,95,95277,1,1,2,7, A3,48.9738158,2.4884355
202000033602,11,12,2020,16,1,59,59512,2,2,2,3,LAGACHE (AVENUE JULIEN),50.68384,3.19897
202000033603,28,9,2020,9,1,92,92036,1,1,2,4,AUTOROUTE A86,48.9376172,2.2955077
202000033604,31,5,2020,20,1,29,29019,2,2,1,2,Rue d'Estienne d'Orves,48.3929302,-4.4578005
202000033605,9,12,2020,13,1,59,59234,2,1,1,6,BARBUSSE (RUE HENRI),50.39879,3.0601
202000033606,10,12,2020,16,2,56,56083,2,6,1,6,LA GARDELOUPE,47.799448,-3.25996
202000033607,28,9,2020,7,5,93,93078,1,1,2,3,AUTOROUTE A104,48.9666,2.51462
202000033608,30,5,2020,11,1,26,26198,2,1,1,3,202 route de Marseille ,44.53423,4.74605
202000033609,26,11,2020,16,5,54,54528,2,1,1,6,COLONEL GRANDVAL (AVENUE),48.67408,5.88547
202000033610,29,9,2020,15,1,94,94022,1,1,2,7,A86 INT,48.77363,2.40107
202000033611,30,5,2020,2,3,22,22113,1,9,1,7,GUINGAMP (ROUTE DE),48.7172896,-3.4083671
202000033612,29,9,2020,9,1,77,77294,1,1,2,3,A104,48.965787,2.607767
202000033613,8,12,2020,20,5,54,54395,2,1,1,6,rue des Quatre Eglises,48.68772,6.18339
202000033614,31,5,2020,15,1,18,18033,2,1,7,3,AURON (PONT D'),47.07946,2.39
202000033615,9,12,2020,8,1,54,54357,2,1,1,6,PASCAL (RUE BLAISE),48.7035118,6.1393983
202000033616,11,12,2020,15,1,51,51454,2,1,1,7,Rue Michel Simon,49.2186703,4.033136
202000033617,31,5,2020,18,1,13,13071,1,1,1,1,PLAN DE CAMPAGNE (AVE. DE ),43.41091,5.3262
202000033618,29,6,2020,8,1,84,84007,2,1,1,3,C.De GAULLE (Rocade),43.9426,4.79364
202000033619,31,5,2020,18,1,13,13208,2,1,1,3,HAMBOURG (BOULEVARD),43.250913,5.388229
202000033620,11,12,2020,12,1,51,51454,2,1,8,4,Boulevard Pommery,49.2472596,4.0511746
202000033621,28,9,2020,7,1,974,97411,2,1,1,2,Boulevard Jean Jaurès,-20.89086,55.45696
202000033622,11,12,2020,7,5,50,50129,2,1,1,1,ROUSSEAU (RUE WALDECK),49.62738,-1.63754
202000033623,31,5,2020,18,1,13,13201,2,1,1,1,BELSUNCE (COURS),43.29732,5.37748
202000033624,27,9,2020,18,5,974,97411,2,3,1,6,BOIS DE NEFLES (RUE DU),-20.88871,55.45739
202000033625,10,12,2020,17,2,49,49007,2,1,1,6,Rue Volney,47.4641,-0.54736
202000033626,11,12,2020,11,1,47,47323,2,1,1,6,PARIS (AV DE),44.426,0.7174
202000033627,31,5,2020,15,1,13,13212,2,3,1,3,BELNET (AVENUE),43.31573,5.42265
202000033628,27,9,2020,20,5,973,97302,2,2,1,3,ARAGO (FRANCOIS),4.9413144,-52.3323547
202000033629,11,12,2020,12,1,45,45338,1,1,3,2,RD 2060-PR 30+1170,47.9854242,2.7011879
202000033630,28,9,2020,16,1,69,69386,2,2,3,6,MARECHAL LYAUTEY (DU)               (PL),45.76937,4.84276
202000033631,31,5,2020,11,1,13,13204,2,6,1,3,CHUTES LAVI (AVENUE),43.3136,5.3971
202000033632,10,12,2020,18,5,44,44184,2,9,1,3,LAENNEC (BD DU DR RENÉ) 92 AU 306 - 153,47.269962,-2.239312
202000033633,31,5,2020,7,1,13,13204,2,1,1,1,CHUTES LAVI (AVENUE),43.3157001,5.3987772
202000033634,28,9,2020,9,1,69,69387,2,1,3,6,TONY GARNIER                        (AV),45.7267,4.825
202000033635,22,11,2020,15,1,44,44109,2,1,1,6,ROUTE DE SAINT JOSEPH,47.24656,-1.5322
202000033636,30,5,2020,12,1,13,13212,2,6,1,1,MARIUS RICHARD (BOULEVARD),43.31598,5.42384
202000033637,11,12,2020,2,3,37,37122,2,1,3,7,,47.3417526,0.6485796
202000033638,28,9,2020,9,1,69,69386,2,2,2,3,LAFAYETTE                           (CO),45.76368,4.85811
202000033639,28,9,2020,16,1,69,69389,2,1,1,6,SIDOINE APPOLINAIRE                 (AV),45.76255,4.80415
202000033640,31,5,2020,1,5,10,10333,2,2,1,3,AUXERRE (ROUTE),48.274014,4.058178
202000033641,28,9,2020,7,1,971,97113,1,1,2,3,RN4 - SECTION RIVIERA,16.22961,-61.52406
202000033642,11,12,2020,12,1,37,37122,2,1,2,1,TAILHAR (RUE DU),47.3549861,0.6772769
202000033643,4,12,2020,20,5,37,37122,2,1,2,7,VAUX (ROUTE DES),47.3455488,0.6485068
202000033644,30,5,2020,8,1,07,07186,1,3,1,3,CD 2 ROUTE DE CHOMERAC,44.71918,4.60398
202000033645,28,9,2020,12,1,91,91216,2,1,8,3,TOURELLES (CHEMIN),48.669143,2.335357
202000033646,11,12,2020,12,1,35,35238,2,2,1,6,PATTON (AVENUE DU GENERAL SIR GEORGES),48.13846,-1.65866
202000033647,28,9,2020,18,2,91,91286,2,3,8,3,GABRIEL PERI (RUE),48.65733,2.38583
202000033648,30,5,2020,12,1,06,06088,2,1,1,6,MONT-BORON (PTE AV. DU),43.69664,7.295809
202000033649,11,12,2020,19,5,34,34172,2,2,2,6,PEDRO DE LUNA (BOULEVARD),43.59337,3.87346
202000033650,28,9,2020,10,1,91,91201,2,6,2,6,GENERAL DE GAULLE(BOULEVARD),48.68828,2.39082
202000033651,31,5,2020,20,3,06,06012,1,1,1,1,ROUTE DE LA TURBIE,43.757425,7.429918
202000033652,11,12,2020,18,5,34,34172,2,1,3,1,FLAHAULT (AVENUE CHARLES,43.62071,3.86497
202000033653,25,9,2020,19,2,91,91339,2,2,1,2,BENOIST ROBERT (AVENUE),48.635384,2.266412
202000033654,26,9,2020,20,5,87,87065,2,1,1,7,MOURIOUX (RUE FRANCOIS-),45.82033,1.3242
202000033655,8,12,2020,22,5,34,34032,2,1,1,2,ANGLETERRE (BD D'),43.34541,3.21068
202000033656,30,5,2020,17,1,75,75113,2,1,1,4,BD PERIPHERIQUE INTERIEUR,48.825791,2.386589
202000033657,30,5,2020,11,1,75,75113,2,1,1,2,BD PERIPHERIQUE EXTERIEUR,48.816707,2.365107
202000033658,24,9,2020,20,5,87,87085,2,2,2,3,PONT NEUF,45.82605,1.26791
202000033659,11,12,2020,17,5,33,33550,2,1,2,5,AVE MIRIEU DE LABARRE,44.78043,-0.53521
202000033660,25,9,2020,12,1,87,87085,2,1,1,6,ROBERVAL (RUE GILDAS DE),45.88143,1.26714
202000033661,30,5,2020,0,5,75,75117,2,1,1,6,BD PERIPHERIQUE INTERIEUR,48.898236,2.314806
202000033662,11,12,2020,7,5,30,30189,2,2,2,1,BEAUCAIRE (ROUTE),43.83793,4.37914
202000033663,30,5,2020,1,5,75,75119,2,1,1,6,BD PERIPHERIQUE INTERIEUR,48.9003513,2.3751658
202000033664,26,9,2020,12,1,86,86214,2,1,1,2,Rocade Ouest,46.5518422,0.3213876
202000033665,15,9,2020,10,1,86,86066,2,1,7,6,Rue d’Antran,46.81704,0.53653
202000033666,29,5,2020,23,5,75,75116,2,2,1,3,AVENUE DE L HIPPODROME,48.8622939,2.2383302
202000033667,11,12,2020,20,5,29,29019,1,6,2,2,D112 - Rond point Pen Ar Ch’Leuz,48.4151172,-4.4798042
202000033668,28,9,2020,15,1,85,85191,2,6,1,3,ANGLETERRE BOULEVARD D' (SECTEUR 101),46.67472,-1.42873
202000033669,10,12,2020,18,2,29,29019,2,2,2,6,Rue Marcellin Duval,48.4132258,-4.486616
202000033670,28,9,2020,18,2,83,83137,2,1,1,6,HAMEL (AVE COMMANDANT JULES),43.12059,5.95788
202000033671,26,9,2020,12,1,80,80021,2,1,1,6,DIJON (RUE),49.88767,2.30597
202000033672,10,12,2020,17,5,27,27229,2,1,2,6,FORET (RUE DE LA),49.01061,1.15866
202000033673,30,5,2020,23,5,75,75105,2,1,1,6,RUE MOUFFETARD,48.844314,2.3492803
202000033674,25,9,2020,17,1,80,80164,2,1,1,5,ROGER SALENGRO (RUE),49.89079,2.35052
202000033675,10,12,2020,19,3,25,25056,1,1,9,1,ROUTE DE MARCHAUX,47.28204,6.0613
202000033676,31,5,2020,18,1,75,75120,2,2,1,3,BOULEVARD DE BELLEVILLE,48.867102,2.383288
202000033677,11,12,2020,21,5,17,17300,2,2,3,6,ROBESPIERRE   AVENUE,46.15195,-1.124
202000033678,28,9,2020,21,5,78,78551,2,1,1,2,RN 13,48.900023,2.066208
202000033679,30,5,2020,0,3,75,75120,2,1,1,6,COURS DE VINCENNES,48.848234,2.400959
202000033680,11,12,2020,15,1,14,14118,2,1,2,6,CONCORDE (AVENUE DE LA),49.1593,-0.3431
202000033681,28,9,2020,17,1,78,78440,2,1,1,6,FOYER AFTAM NOUVELLE FRANCE,48.98847,1.89529
202000033682,28,9,2020,5,3,77,77186,1,1,3,6,d301 de chantoiseau /grand veneur,48.373636,2.641045
202000033683,30,11,2020,18,3,14,14437,2,3,1,6,LAMY (RUE GASTON),49.18185,-0.32893
202000033684,31,5,2020,18,1,75,75119,2,7,1,3,PLACE DE LA PORTE DE PANTIN,48.8897004,2.3966664
202000033685,11,12,2020,17,5,13,13202,2,1,2,6,EVECHE (RUE DE L'),43.2975,5.38038
202000033686,31,5,2020,19,1,75,75118,2,2,1,3,RUE STEPHENSON,48.886068,2.356615
202000033687,30,8,2020,9,1,76,76540,2,2,1,3,EUROPE. BOULEVARD DE L',49.42827,1.08134
202000033688,11,12,2020,21,5,13,13001,2,9,2,3,COSTE JEAN PAUL (AV ),43.51401,5.46138
202000033689,30,5,2020,23,5,75,75117,2,1,1,3,BOULEVARD DES BATIGNOLLES,48.8817742,2.3181394
202000033690,11,12,2020,13,1,12,12176,2,3,1,3,ESPALION (ROUTE D'),44.37121,2.5916
202000033691,26,9,2020,22,5,76,76540,2,1,1,3,REPUBLIQUE. RUE DE LA,49.44208,1.0983
202000033692,31,5,2020,1,5,75,75112,2,1,1,4,QUAI DE LA RAPEE,48.841617,2.372562
202000033693,10,12,2020,20,3,10,10081,2,9,9,6,ROCADE EST (RD 610),48.322591,4.02696
202000033694,31,5,2020,21,2,75,75104,2,2,1,3,RUE DE RIVOLI,48.857512,2.351442
202000033695,11,12,2020,10,1,06,06027,2,6,8,3,VERDUN AVENUE DE,43.66685,7.14173
202000033696,27,9,2020,1,5,76,76351,2,2,1,3,JULES LECESNE (RUE),49.4933,0.1185
202000033697,28,9,2020,13,1,69,69256,2,1,2,7,DROITS DE L'HOMME (DES)             (R ),45.77073,4.93248
202000033698,27,9,2020,17,1,67,67043,1,3,8,3,TROIS MAIRES (RUE DES),48.62996,7.77664
202000033699,31,5,2020,19,1,75,75104,2,3,1,1,RUE DE RIVOLI,48.855224,2.361112
202000033700,10,12,2020,19,5,75,75107,2,2,1,6,RUE DE L UNIVERSITE,48.861051,2.31323
202000033701,26,9,2020,12,1,67,67482,2,1,2,6,OBERHAUSBERGEN (ROUTE D ),48.59548,7.70891
202000033702,11,12,2020,11,1,75,75105,2,2,2,6,RUE LACEPEDE,48.843794,2.352301
202000033703,25,9,2020,15,1,67,67482,2,1,2,-1,GENERAL ZIMMER (RUE DU),48.58103,7.76251
202000033704,25,9,2020,14,1,67,67482,2,1,1,6,CERF BERR (RUE),48.5843734,7.6928123
202000033705,11,12,2020,8,1,75,75120,2,7,2,2,PLACE GAMBETTA,48.865094,2.398656
202000033706,30,5,2020,23,5,94,94073,2,2,1,2,VERSAILLES (AV DE),48.75843,2.39284
202000033707,31,5,2020,16,1,94,94011,2,9,1,3,SEMARD(RUE PIERRE),48.7627,2.4786
202000033708,31,5,2020,16,1,94,94028,2,1,1,3,CLAVISIS.(RUE DES),48.7806702,2.4715111
202000033709,11,12,2020,5,5,75,75119,2,3,3,3,RUE DE BELLEVILLE,48.875489,2.392072
202000033710,26,9,2020,12,1,66,66136,2,1,1,3,MERMOZ (AVENUE JEAN),42.69312,2.91533
202000033711,25,9,2020,16,1,66,66136,2,1,1,6,GUYNEMER (AVENUE GEORGES),42.68889,2.90691
202000033712,24,8,2020,15,1,65,65440,2,1,1,2,LATTRE DE TASSIGNY(BOULEVARD DE),43.230579,0.055116
202000033713,25,9,2020,22,5,63,63300,1,1,1,6,RD 2009,45.89615,3.14034
202000033714,4,9,2020,23,5,59,59009,1,2,1,3,BREUCQ BOULEVARD DU,50.64355,3.14453
202000033715,27,9,2020,14,1,59,59178,2,1,8,6,RD 643,50.37465,3.06602
202000033716,25,9,2020,20,5,59,59178,2,1,2,3,LEFEBVRE D'ORVAL (RUE),50.36532,3.06362
202000033717,27,9,2020,9,1,54,54578,2,5,3,3,AIGUILLETTES  (BD DES),48.67,6.1584
202000033718,26,9,2020,3,3,54,54254,1,1,2,6,196 (ROUTE DEPARTEMENTALE),49.5142,5.8126
202000033719,28,9,2020,15,1,51,51454,2,1,2,2,Avenue de Champagne,49.2347569,4.041019
202000033720,27,9,2020,15,1,50,50129,1,1,1,6,JOUENNERIE (RUE DE LA),49.62428,-1.63816
202000033721,18,9,2020,22,5,49,49015,2,1,2,7,MENDES FRANCE AVENUE PIERRE,47.50868,-0.59153
202000033722,25,9,2020,7,2,49,49015,2,6,1,2,DE GAULLE ROND POINT DU GENERAL,47.5006,-0.59056
202000033723,25,9,2020,13,1,49,49007,2,2,1,7,DAVIERS BOULEVARD,47.47861,-0.5562
202000033724,25,9,2020,18,1,49,49323,2,1,1,2,A87N,47.4917,-0.49692
202000033725,28,9,2020,6,5,45,45234,2,8,2,3,Rue de Tours,47.841531,1.937328
202000033726,28,9,2020,9,1,35,35238,2,3,1,6,MARTIN (PIERRE),48.1021889,-1.6679444
202000033727,11,12,2020,14,1,75,75117,2,3,3,3,BOULEVARD MALESHERBES,48.881213,2.312175
202000033728,31,5,2020,14,1,93,93078,2,1,1,2,BON AVENIR (AVENUE DU),48.947624,2.5631358
202000033729,11,12,2020,8,1,75,75116,2,1,8,6,AVENUE DE LA GRANDE ARMEE,48.87486,2.291684
202000033730,30,5,2020,20,2,93,93077,2,1,1,6,PLATEAU (RUE DU),48.88009,2.50563
202000033731,31,5,2020,2,5,93,93033,2,1,1,2,AVENUE JEAN JAURES ,48.8586274,2.5825717
202000033732,31,5,2020,19,1,93,93006,2,2,1,3,AV GAMBETTA / R HOCHE,48.8696,2.4161
202000033733,11,12,2020,15,1,75,75115,2,2,3,3,BOULEVARD DE GRENELLE,48.85091,2.292607
202000033734,31,5,2020,12,1,93,93032,2,9,1,3,JEAN BOUIN   (RUE),48.880051,2.550405
202000033735,30,5,2020,19,1,93,93014,2,1,1,4,GAGARINE (BOULEVARD),48.905699,2.540317
202000033736,11,12,2020,18,5,75,75114,2,2,2,6,RUE ALPHONSE DAUDET,48.826129,2.328918
202000033737,31,5,2020,11,1,92,92040,2,1,1,2,STALINGRAD (QUAI DE),48.8227244,2.2532728
202000033738,10,12,2020,20,3,75,75114,2,4,1,2,BOULEVARD PERIPHERIQUE EXTERIEUR SUD,48.82188,2.3168
202000033739,31,5,2020,11,1,92,92071,2,1,1,7,HONNEUR (ALLEE D'),48.7758097,2.3094624
202000033740,1,6,2020,3,3,29,29131,1,3,1,6,150 Voas Sec'h,48.440081,-4.084988
202000033741,11,12,2020,9,1,75,75113,2,3,1,6,BOULEVARD DU GENERAL JEAN SIMON,48.824018,2.377006
202000033742,10,12,2020,20,5,75,75107,2,1,1,2,AVENUE DE VILLARS,48.852133,2.313635
202000033743,1,6,2020,16,1,50,50565,1,2,1,3,D973,48.77204,-1.484161
202000033744,11,12,2020,15,1,75,75111,2,2,2,3,AVENUE DE LA REPUBLIQUE,48.864612,2.378028
202000033745,1,6,2020,17,1,49,49192,1,1,1,-1,D196,47.02152,-0.733638
202000033746,11,12,2020,9,1,75,75110,2,3,2,7,QUAI DE VALMY,48.872912,2.363736
202000033747,31,5,2020,17,1,972,97221,1,1,1,6,Petit Bourg - RN5,14.543485,-60.97595
202000033748,30,5,2020,14,1,972,97225,1,1,1,1,D10,14.774426,-61.201851
202000033749,11,12,2020,14,1,75,75109,2,2,2,6,RUE LA FAYETTE,48.877184,2.348989
202000033750,11,12,2020,18,5,75,75108,2,2,1,3,AVENUE GEORGE V,48.870064,2.30102
202000033751,31,5,2020,12,1,42,42242,1,1,1,1,Chemin de Charpenay,45.553458,4.627917
202000033752,30,5,2020,14,1,44,44086,1,1,1,7,Lusanger,47.680183,-1.575937
202000033753,11,12,2020,15,1,75,75117,2,2,2,2,BOULEVARD MALESHERBES,48.880892,2.312478
202000033754,11,12,2020,18,5,75,75107,2,3,2,3,QUAI BRANLY,48.857467,2.291047
202000033755,10,12,2020,12,1,75,75104,2,2,1,3,RUE SAINT ANTOINE,48.853951,2.364726
202000033756,11,12,2020,20,5,94,94080,2,3,8,3,PARIS (AV DE),48.8452386,2.4321633
202000033757,11,12,2020,13,1,94,94073,2,1,2,1,COUTURE DU MOULIN (R DE LA),48.76367,2.38283
202000033758,11,12,2020,16,1,94,94028,2,1,3,6,PRAIRIE(RUE DE LA),48.79752,2.46701
202000033759,11,12,2020,7,5,94,94022,2,1,2,6,REPUBLIQUE (AV DE LA),48.7615688,2.4072719
202000033760,11,12,2020,18,5,94,94018,2,1,2,-1,GRAVELLE (AV DE),48.829413,2.402522
202000033761,11,12,2020,14,1,94,94017,2,4,2,1,ALEXANDRE FOURNY (R),48.8188067,2.5225616
202000033762,11,12,2020,7,5,93,93073,1,1,3,1,CHAPIT RE ( RUE DU),49.0022149,2.5369655
202000033763,11,12,2020,8,2,93,93059,2,1,2,6,LEDRU ROLLIN (AVENUE),48.9628228,2.3696905
202000033764,11,12,2020,19,4,93,93066,2,1,2,4,SAINT OUEN (QUAI DE ),48.9259559,2.3368392
202000033765,11,12,2020,16,5,93,93064,2,1,2,6,REPUBLIQUE (AVENUE DE LA),48.8676106,2.4847485
202000033766,10,12,2020,12,1,93,93032,2,2,1,3,AV RENE FAUGERAS / AV CHARLES TELLIER,48.8739,2.56521
202000033767,11,12,2020,20,5,93,93029,2,1,2,2,DIDEROT (ROND-POINT),48.91685,2.42913
202000033768,11,12,2020,18,5,93,93005,2,1,2,3,LEFEVRE (BOULEVARD),48.939755,2.489789
202000033769,11,12,2020,15,1,93,93001,2,2,3,6,PONT BLANC.CHARLES TILLON (RUE) =>72,48.92009,2.39412
202000033770,11,12,2020,8,2,93,93001,2,2,2,6,FELIX FAURE (BLD) => 121,48.90186,2.38553
202000033771,11,12,2020,17,5,92,92046,2,1,2,3,DE STALINGRAD,48.81181,2.29504
202000033772,10,12,2020,23,5,92,92046,2,1,2,2,DE STALINGRAD,48.8116756,2.295834
202000033773,11,12,2020,15,1,92,92064,2,1,2,6,DAILLY,48.84284,2.22097
202000033774,11,12,2020,10,1,92,92020,2,1,1,3,VANVES BOULEVARD DE N° PAIRS,48.8060547,2.2864481
202000033775,11,12,2020,8,1,92,92020,2,1,2,3,LASEGUE RUE N° IMPAIRS,48.802802,2.278908
202000033776,11,12,2020,17,5,92,92048,2,7,2,6,VERD DE SAINT JULIEN (BOULEVARD),48.81487,2.23429
202000033777,11,12,2020,17,5,92,92040,2,3,3,6,GAMBETTA (BOULEVARD),48.827568,2.276205
202000033778,11,12,2020,18,5,92,92014,2,2,2,6,HUIT MAI 1945 (RUE DU),48.7823997,2.3165622
202000033779,11,12,2020,17,5,62,62794,2,3,2,3,ROUTE NATIONALE,50.712011,2.155865
202000033780,7,12,2020,16,1,41,41142,1,1,1,6,Route d'Onzain,47.557695,1.207299
202000033781,11,12,2020,17,4,44,44043,1,6,2,3,D149,47.096974,-1.272048
202000033782,10,12,2020,7,3,28,28278,1,1,2,2,D910,48.461292,1.577846
202000033783,11,12,2020,16,2,42,42337,1,1,2,6,Route de St Germain,46.179184,3.947128
202000033784,12,12,2020,13,1,60,60231,1,1,2,1,D335,49.265004,2.915486
202000033785,12,12,2020,17,2,50,50214,1,1,1,6,"A84, PK 203+000",48.906917,-1.105049
202000033786,8,12,2020,14,1,34,34095,1,1,2,7,Route Departementale 613,43.515677,3.727627
202000033787,11,12,2020,23,3,57,57162,1,1,2,7,RD 5,49.04341,6.145434
202000033788,12,12,2020,5,3,51,51532,1,1,2,7,D951,49.1387217,3.9941755
202000033789,11,12,2020,12,1,49,49069,1,1,2,1,D154,47.311591,-1.200981
202000033790,11,12,2020,11,1,42,42323,2,6,1,6,Avenue du 8 Mai 1945,45.55183,4.281085
202000033791,11,12,2020,12,1,39,39128,1,1,3,6,,46.974103,5.389566
202000033792,11,12,2020,16,1,29,29020,1,3,2,2,intersection VC 10 - VC18 route de Hinguer,48.121532,-4.024097
202000033793,11,12,2020,18,3,29,29177,1,1,2,6,Rte de St Eloi - Kermaidic,48.446682,-4.723263
202000033794,12,12,2020,1,3,31,31260,1,1,3,6,D52 - PR031+0000,43.159754,0.901158
202000033795,12,12,2020,13,1,38,38324,1,1,2,1,D538,45.400288,5.02278
202000033796,12,12,2020,15,1,02,02463,2,1,8,7,12 Avenue de l'Europe,49.804047,3.770478
202000033797,11,12,2020,19,3,03,03169,1,1,2,6,Chapillière,46.3824236,3.2129075
202000033798,12,12,2020,13,1,54,54292,1,1,2,6,D9,48.520306,6.4182217
202000033799,12,12,2020,14,1,10,10120,1,1,2,6,D444,48.004738,4.094518
202000033800,11,12,2020,22,3,10,10083,1,1,3,6,Autoroute A5,48.190463,4.27594
202000033801,11,12,2020,19,3,02,02157,1,1,2,2,Autoroute A26 PR 213+200 dans le sens de circulation REIMS / CALAIS,49.59059,3.680154
202000033802,12,12,2020,5,3,06,06079,1,1,8,4,A8 PK 157+800 NORD,43.547839,6.943475
202000033803,11,12,2020,22,3,38,38565,1,1,2,6,A48,45.302746,5.621567
202000033804,11,12,2020,19,3,73,73010,1,1,2,4,A41,45.7593237,5.9516782
202000033805,11,12,2020,15,1,971,97102,2,1,1,1,Avenue Vital Borifax,16.468375,-61.49823
202000033806,11,12,2020,13,1,68,68063,2,1,3,6,Faubourg de Colmar,47.811944,7.188948
202000033807,12,12,2020,7,5,38,38205,1,1,2,6,Route de Grenoble,45.140894,5.590185
202000033808,11,12,2020,14,1,19,19220,1,1,3,3,D978,45.286293,1.846604
202000033809,12,12,2020,12,1,17,17086,1,2,1,-1,N141,45.739922,-0.543571
202000033810,11,12,2020,18,5,49,49020,2,1,2,1,14 Avenue Paul Guilhem,47.469563,-0.614945
202000033811,11,12,2020,15,1,14,14762,2,3,1,6,D577,48.795727,-0.893918
202000033812,11,12,2020,10,1,76,76462,2,1,2,3,Avenue des Canadiens,49.729754,1.428716
202000033813,1,12,2020,18,3,13,13088,1,1,1,2,A55-Sens Marseille vers Martigues,43.3917177,5.2562969
202000033814,10,12,2020,5,5,69,69385,1,1,1,2,M6  ,45.75337,4.81948
202000033815,10,12,2020,7,2,57,57672,1,1,1,4,Autoroute A31,49.34989,6.15013
202000033816,11,12,2020,18,4,33,33013,1,1,2,4,ROUTE NATIONALE 230,44.85876,-0.50439
202000033817,11,12,2020,9,1,33,33063,1,1,2,2,ROCADE A 630,44.880052,-0.537708
202000033818,11,12,2020,17,3,91,91689,1,1,2,7,AUTOROUTE A10,48.7369,2.3179
202000033819,11,12,2020,9,1,91,91174,1,1,2,2,RN 104,48.6231,2.4665
202000033820,11,12,2020,6,3,91,91064,1,1,3,3,RD 444,48.74687,2.21936
202000033821,11,12,2020,22,4,92,92036,1,1,2,6,A86,48.9355,2.2615
202000033822,11,12,2020,16,1,78,78007,1,1,2,3,A13W,48.900984,2.005071
202000033823,11,12,2020,8,1,78,78007,1,1,8,4,A13 Y,48.895423,2.007092
202000033824,11,12,2020,18,3,93,93064,1,1,2,2,AUTOROUTE A103,48.88663,2.48169
202000033825,11,12,2020,10,1,93,93066,1,1,2,7,AUTOROUTE A86,48.9228,2.35147
202000033826,11,12,2020,5,5,93,93005,1,1,3,7,AUTOROUTE A104,48.972442,2.4940869
202000033827,10,12,2020,18,5,93,93005,1,1,1,4,AUTOROUTE A3,48.95442,2.47362
202000033828,11,12,2020,13,1,94,94033,2,1,1,2,A86.EXT,48.85172,2.49051
202000033829,2,7,2020,6,1,47,47015,2,4,1,1,RN21,44.062238,0.650768
202000033830,9,12,2020,12,1,974,97407,2,9,1,6,ROUTE DU SACRE COEUR,-20.95544,55.3069
202000033831,10,12,2020,20,5,69,69387,2,1,1,7,CHALLEMEL LACOUR                    (R ),45.7299855,4.8381706
202000033832,29,11,2020,16,1,69,69382,2,1,1,6,CHARLEMAGNE                         (CO),45.7423545,4.8206826
202000033833,10,12,2020,9,1,971,97101,2,1,1,6,Frédéric JALTON,16.2712,-61.5048
202000033834,9,12,2020,10,1,95,95539,2,1,8,2,RD 301,48.9915,2.3603
202000033835,8,12,2020,13,1,91,91103,2,1,1,3,RUE DES PRES D'AULNAY,48.61227,2.27759
202000033836,26,11,2020,10,1,91,91521,1,1,1,6,JOLIOT CURIE (AVENUE IRENE ET FREDERIC),48.63034,2.39715
202000033837,8,12,2020,8,5,87,87085,2,1,2,6,MADOUMIER (RUE MARCEL),45.83686,1.2254
202000033838,9,12,2020,7,5,86,86194,2,1,1,6,Avenue du Recteur Pineau,46.5705556,0.3763777
202000033839,9,12,2020,11,1,83,83126,2,1,1,6,JUIN (AV MARECHAL),43.1077,5.86454