Num_Acc,jour,mois,an,hr,condition_eclairage,departement,commune,condition_agglomeration,intersection,condition_atmosphere,type_collision,adresse,lattitude,longitude
202000033840,10,12,2020,1,3,83,83069,1,1,1,6,PIERREFEU (ROUTE DE) RD 12,43.1519218,6.1352703
202000033841,9,12,2020,19,3,80,80021,2,1,1,2,ROCADE NORD RN 1,49.9247,2.29288
202000033842,9,12,2020,4,3,80,80131,2,6,1,3,RD 934,49.85173,2.40489
202000033843,8,12,2020,7,2,80,80164,2,2,1,1,RD929,49.92074,2.36799
202000033844,7,12,2020,16,2,80,80021,2,1,1,2,TERRAL (RUE),49.91119,2.295
202000033845,10,12,2020,8,1,77,77305,2,1,1,6,SENS (ROUTE DE),48.375601,2.957318
202000033846,9,12,2020,18,5,77,77326,2,6,1,6,CHAMPS (AVENUE DES),48.588063,2.5730089
202000033847,23,11,2020,18,5,77,77122,2,1,1,6,RUE CHARLES FABRY,48.64926,2.5632
202000033848,10,12,2020,10,1,77,77186,2,1,1,6,ROYALE (RUE),48.4053,2.7014
202000033849,9,12,2020,10,1,74,74298,1,1,1,-1,TANINGES (ROUTE DE ),46.1909,6.259
202000033850,10,12,2020,9,1,69,69266,2,1,1,6,4 AOUT 1789    (Rue du),45.7647262,4.8849655
202000033851,4,12,2020,14,1,62,62270,2,3,1,3,CHEMIN DE LILLERS,50.48129,2.51547
202000033852,10,12,2020,22,5,59,59350,2,2,1,3,ANCIENNE BALATERIE RUE DE L,50.6357647,3.0095
202000033853,10,12,2020,13,1,59,59378,2,1,1,6,CLEMENCEAU BLVD (N°168-294),50.662329,3.096264
202000033854,9,12,2020,8,1,56,56098,2,6,1,3,NERUDA (AVENUE  PABLO ),47.76597,-3.32934
202000033855,10,12,2020,13,1,45,45234,2,1,8,2,Boulevard Alexandre Martin,47.90508,1.9107
202000033856,9,12,2020,18,5,44,44184,2,2,1,3,LAGRANGE (AVENUE LÉO),47.26941,-2.22834
202000033857,12,11,2020,15,1,44,44109,2,1,1,6,28 Route de Sainte Luce,47.22947,-1.5249
202000033858,10,12,2020,12,1,43,43041,2,9,4,3,1 Cote de Tireboeuf,45.04955,3.91215
202000033859,10,12,2020,15,1,38,38318,2,3,1,3,Av Georges et Louis Frerejean,45.5239,4.9192
202000033860,10,12,2020,13,1,37,37122,1,1,2,7,,47.3647575,0.6506127
202000033861,10,12,2020,7,3,37,37261,2,3,2,3,PROUDHON (AVENUE),47.3942114,0.6672474
202000033862,10,12,2020,5,5,37,37195,2,6,2,-1,PRIEURE (AVENUE DU),47.3828585,0.6548897
202000033863,11,12,2020,1,5,35,35238,2,1,3,2,FREVILLE (AVENUE HENRI),48.0864,-1.67436
202000033864,10,12,2020,21,5,35,35238,2,2,2,2,MITTERAND (MAIL FRANCOIS),48.1085886,-1.6929695
202000033865,9,12,2020,15,1,35,35055,1,9,1,4,RN136,48.09273,-1.62619
202000033866,9,12,2020,14,1,34,34172,2,1,1,3,RIMBAUD (RUE PAUL),43.6188,3.84686
202000033867,9,12,2020,12,1,34,34172,2,1,1,3,CROIX DU CAPITAINE (AVENUE DE LA),43.6024556,3.8652778
202000033868,2,12,2020,16,1,33,33522,2,1,1,6,Boulevard GEORGE V,44.82415,-0.58753
202000033869,19,11,2020,8,1,33,33200,2,2,1,6,AVE PASTEUR,44.87675,-0.6798
202000033870,9,12,2020,12,1,30,30007,1,1,1,3,MONGE (AVENUE),44.14995,4.0969
202000033871,9,12,2020,12,1,29,29232,2,4,8,1,Rue Paul Borrossi,47.98754,-4.12667
202000033872,5,12,2020,11,1,29,29019,2,2,3,1,Boulevard de l’Europe,48.41647,-4.46286
202000033873,10,12,2020,9,1,25,25056,2,1,2,3,MONTBOUCONS CHEMIN DES,47.25263,5.99831
202000033874,9,12,2020,19,3,22,22113,1,1,3,3,R.D.767,48.716848,-3.406244
202000033875,13,1,2020,18,5,75,75106,2,4,2,6,RUE DE RENNES,48.8445601,2.3245389
202000033876,13,1,2020,7,5,75,75105,2,2,8,3,RUE DES ECOLES,48.849592,2.344876
202000033877,13,1,2020,15,1,75,75120,2,1,8,3,RUE DES PYRENEES,48.858856,2.402487
202000033878,13,1,2020,17,5,75,75119,2,1,1,6,AVENUE SIMON BOLIVAR,48.8746847,2.3829858
202000033879,13,1,2020,12,1,75,75119,2,3,1,3,RUE MANIN,48.8840213,2.3904517
202000033880,13,1,2020,12,1,75,75119,2,3,2,6,RUE DE TANGER,48.8857207,2.3683633
202000033881,13,1,2020,10,1,75,75119,2,1,1,6,RUE PRADIER,48.876303,2.382502
202000033882,13,1,2020,9,1,75,75119,2,5,1,3,RUE BOTZARIS,48.8759986,2.3813281
202000033883,13,1,2020,14,1,75,75118,2,2,1,3,AVENUE DE LA PORTE DE SAINT OUEN,48.897707,2.329017
202000033884,13,1,2020,13,1,75,75118,2,2,2,3,RUE LABAT,48.889485,2.3496
202000033885,13,1,2020,14,1,75,75117,2,2,1,3,AVENUE DE VILLIERS,48.882619,2.310393
202000033886,13,1,2020,10,1,75,75117,2,4,1,3,AVENUE DE VILLIERS,48.8817361,2.3145892
202000033887,13,1,2020,18,5,75,75116,2,3,2,3,BOULEVARD DELESSERT,48.859612,2.287716
202000033888,13,1,2020,9,1,75,75115,2,3,1,3,RUE LOUIS ARMAND,48.8325711,2.2792272
202000033889,13,1,2020,18,5,75,75114,2,3,8,3,RUE D ALESIA,48.8303853,2.3196792
202000033890,13,1,2020,17,5,75,75113,2,2,1,3,BOULEVARD DU GENERAL JEAN SIMON,48.8259074,2.3827524
202000033891,13,1,2020,8,1,75,75113,2,1,1,3,BOULEVARD MASSENA,48.8232716,2.3741587
202000033892,13,1,2020,18,3,75,75112,2,2,2,3,AVENUE DAUMESNIL,48.83753,2.4253529
202000033893,13,1,2020,8,1,75,75111,2,3,1,3,RUE DE MONTREUIL,48.850463,2.389958
202000033894,13,1,2020,11,1,75,75110,2,1,1,6,BOULEVARD DE MAGENTA,48.872909,2.359081
202000033895,13,1,2020,10,1,75,75110,2,1,1,6,RUE DU FAUBOURG SAINT DENIS,48.8809645,2.3579477
202000033896,13,1,2020,13,1,75,75109,2,1,8,-1,RUE LA FAYETTE,48.8770751,2.3485009
202000033897,13,1,2020,9,1,75,75109,2,3,1,7,RUE DE DOUAI,48.88191,2.3343285
202000033898,13,1,2020,12,1,75,75107,2,2,2,3,RUE DU GENERAL BERTRAND,48.8476908,2.3133482
202000033899,13,1,2020,6,5,75,75101,2,1,1,3,QUAI DES TUILERIES,48.86264,2.324958
202000033900,13,1,2020,14,1,94,94041,2,1,2,6,GEORGES GOSNAT (AV),48.81287,2.38728
202000033901,13,1,2020,1,5,94,94028,2,1,1,2,SAVAR.(RUE JULIETTE),48.78758,2.46222
202000033902,13,1,2020,19,5,94,94018,2,3,8,-1,CARRIERES (QU DES),48.81932,2.40751
202000033903,13,1,2020,18,5,94,94017,2,1,1,3,GENERAL DE GAULLE (AV DU),48.82183,2.4901
202000033904,13,1,2020,9,1,94,94004,2,1,8,2,GENERAL LECLERC (AV DU),48.75143,2.50698
202000033905,13,1,2020,13,1,93,93039,2,1,1,1,QU DE LA MARINE,48.946982,2.325985
202000033906,12,1,2020,22,5,93,93077,2,1,1,4,GRANDE RUE  18 / FIN,48.8838627,2.5103306
202000033907,13,1,2020,20,5,93,93077,2,3,2,3,AV DE LA BOURDONNAIS / GRANDE RUE,48.8821606,2.5231676
202000033908,13,1,2020,13,1,93,93051,2,1,2,2,MONGE,48.8424588,2.5456426
202000033909,13,1,2020,8,2,93,93050,2,3,8,6,AV LEON BLUM / R DE TOURAINE,48.8669,2.5307
202000033910,13,1,2020,18,3,93,93001,2,9,1,1,QU ADRIEN AGNES,48.9219388,2.3670906
202000033911,12,1,2020,20,5,92,92036,2,1,1,2,GABRIEL PERI (AVENUE) (147/177),48.923678,2.294655
202000033912,13,1,2020,19,5,92,92024,2,1,1,2,VICTOR HUGO (BD),48.899104,2.3131773
202000033913,10,1,2020,6,5,92,92032,2,1,2,2,DOLIVET J ET M (AVENUE),48.7933,2.29075
202000033914,11,1,2020,14,1,47,47193,1,1,1,7,Las Bardes,44.5457354,0.5725712
202000033915,13,1,2020,19,3,74,74307,1,1,1,2,A410,46.000596,6.147504
202000033916,13,1,2020,15,1,77,77415,1,1,1,6,A4,48.9522385,3.0433716
202000033917,13,1,2020,11,1,974,97402,1,1,1,6,Route Nationale 2,-21.003483,55.677498
202000033918,14,1,2020,7,5,59,59107,2,1,2,2,Rue Pierre Decock,51.064007,2.520435
202000033919,13,1,2020,19,5,56,56248,2,7,6,6,Place de l'Eglise,47.5774866,-2.6297035
202000033920,14,1,2020,6,3,80,80136,1,1,6,2,RD 329 PK 46+500,49.974868,2.70068
202000033921,12,1,2020,18,1,11,11079,2,9,1,6,MARTY ANTOINE,43.381185,2.313722
202000033922,14,1,2020,8,1,12,12208,1,1,8,6,Route de Tiergues,43.980984,2.9415
202000033923,12,1,2020,17,1,46,46225,1,3,1,3,55 Rue de la République / rue des vendengeurs,44.512146,1.18974
202000033924,13,1,2020,17,1,34,34192,2,6,1,6,1 Boulevard Sarrail,43.528901,3.934912
202000033925,13,1,2020,14,1,29,29191,2,2,2,3,D9 - Rue de la Montagne,48.517937,-3.712643
202000033926,14,1,2020,7,3,29,29061,1,1,2,1,D267,48.436995,-4.449367
202000033927,14,1,2020,10,1,29,29220,1,1,3,6,D785 - Route de Plomeur,47.8529154,-4.2450517
202000033928,14,1,2020,7,2,31,31118,1,1,1,1,D820,43.792453,1.338243
202000033929,14,1,2020,11,1,38,38315,2,1,1,6,Rue de Lyon,45.53609,5.66877
202000033930,13,1,2020,21,5,01,01367,2,1,1,6,D975,46.4005328,5.1130485
202000033931,14,1,2020,18,4,26,26113,2,9,1,6, 13 Rue Leon Archimbaud,44.755733,5.371244
202000033932,13,1,2020,20,3,26,26115,1,1,1,7,D538,44.684324,5.012101
202000033933,14,1,2020,18,3,72,72158,1,1,2,2,route departementale 302,48.046162,0.62442
202000033934,14,1,2020,11,1,50,50596,1,1,6,7,39 Rue Sauxtours,49.644832,-1.411162
202000033935,13,1,2020,14,1,90,90007,1,1,1,1,D83,47.594535,6.802206
202000033936,13,1,2020,13,1,60,60408,1,2,2,1,D122,49.480096,2.749121
202000033937,13,1,2020,18,3,36,36139,1,1,1,1,LE CHATELIER,46.791983,1.470541
202000033938,14,1,2020,14,1,16,16292,2,2,1,1,58 Avenue du General Celestin Sieur,46.0168795,0.1982044
202000033939,13,1,2020,20,3,07,07171,1,1,8,6,D207,44.450926,4.1578866
202000033940,12,1,2020,20,3,53,53091,1,1,1,1,CD141,48.468859,-0.845992
202000033941,11,1,2020,16,1,24,24551,1,3,1,3,Parc Theulier,45.413722,0.923142
202000033942,13,1,2020,18,3,85,85266,1,2,8,2,Les Reillauderies,46.738363,-0.980795
202000033943,14,1,2020,0,5,27,27428,2,6,1,6,Avenue de la Libération,49.148273,0.900667
202000033944,11,1,2020,13,1,27,27432,1,5,1,3,D26,49.205305,0.784623
202000033945,12,1,2020,23,3,37,37156,1,1,2,7,,47.3971872,0.8920212
202000033946,14,1,2020,8,1,48,48140,1,1,8,6,2105 Route de Sarroul,44.81162,3.265882
202000033947,14,1,2020,11,1,35,35206,1,9,6,5,Mouillemuse,48.0456871,-1.6287265
202000033948,11,1,2020,16,1,13,13051,1,1,1,4,Route Departementale 10,43.547532,5.154972
202000033949,9,1,2020,7,2,45,45067,1,1,1,2,A10 - PK105+250,47.8914623,1.7623776
202000033950,14,1,2020,10,1,30,30125,1,1,1,4,A54,43.778542,4.415742
202000033951,11,1,2020,19,3,971,97103,2,1,1,6,28 Boulevard des Armees la Jaille,16.254261,-61.563649
202000033952,11,1,2020,1,3,971,97128,1,1,2,1,Le Helleux,16.248729,-61.341029
202000033953,11,1,2020,7,1,971,97125,1,1,1,2,La Pointe des Châteaux,16.255764,-61.246894
202000033954,14,1,2020,17,3,30,30130,2,1,1,6,Avenue Pierre Olivier,44.352185,3.946222
202000033955,13,1,2020,8,2,13,13084,1,1,1,2,D23,43.726127,5.279955
202000033956,10,1,2020,17,5,69,69194,2,1,1,3,Rue de Saint-cyr,45.791452,4.808601
202000033957,14,1,2020,16,1,47,47157,2,1,1,6,Boulevard Meyniel,44.503267,0.162036
202000033958,14,1,2020,13,1,33,33058,2,1,8,7,7 Avenue Jean Boussard,45.125342,-0.64894
202000033959,10,1,2020,4,5,44,44103,2,1,1,3,Rue du Docteur Schweitzer,47.3265077,-2.1598194
202000033960,14,1,2020,17,2,60,60517,1,2,6,3,D1001,49.2190193,2.2315946
202000033961,12,1,2020,23,3,13,13001,1,1,1,7,A51-Sens Marseille vers Aix en Provence,43.512135,5.424021
202000033962,13,1,2020,14,1,13,13215,1,1,1,7,A7-Sens Lyon vers Marseille,43.3793633,5.3542057
202000033963,10,1,2020,19,3,13,13106,1,1,1,2,A51-Sens Aix en Provence vers Marseille,43.405511,5.360375
202000033964,11,1,2020,12,1,83,83144,1,1,1,2,A57,43.13349,5.98476
202000033965,11,1,2020,1,3,59,59609,1,1,1,6,AUTOROUTE A1,50.572874,3.080408
202000033966,12,1,2020,6,3,62,62498,1,1,1,6,AUTOROUTE A21,50.4490877,2.834924
202000033967,13,1,2020,19,3,77,77251,1,1,1,2,AUTOROUTE A5A,48.626144,2.539108
202000033968,13,1,2020,11,1,94,94034,1,1,1,4,AUTOROUTE A86,48.7577255,2.3280598
202000033969,13,1,2020,13,1,91,91182,1,1,2,6,AUTOROUTE A6,48.62757,2.41398
202000033970,13,1,2020,9,1,91,91687,1,1,1,6,AUTOROUTE A6,48.6634,2.3666
202000033971,13,1,2020,18,3,77,77146,1,1,1,2,A4.Y,48.83235,2.65978
202000033972,13,1,2020,8,1,94,94069,1,1,1,4,A4,48.8173704,2.428614
202000033973,13,1,2020,6,3,93,93051,1,1,1,2,A4,48.8362553,2.5522765
202000033974,12,1,2020,2,5,94,94033,1,1,1,6,A86.EXT,48.8593412,2.4862011
202000033975,11,1,2020,17,1,988,98818,2,1,1,6,ROUTE EXPRESS DU MONT-DORE,-22.24106,166.48117
202000033976,10,1,2020,23,3,976,97611,1,1,1,7,vahibe-Departementale 3 ( route ),-12.7924,45.1872
202000033977,9,1,2020,10,1,974,97416,1,1,1,2,RN3 (1),-21.31949,55.49946
202000033978,10,1,2020,15,1,974,97411,2,1,1,1,Boulevard de Saint François,-20.89839,55.4611799
202000033979,10,1,2020,6,1,974,97411,2,1,1,6,Boulevard Jean Jaurès,-20.89012,55.46448
202000033980,11,1,2020,17,1,974,97407,1,9,2,6,Rue Jesse Owens,-20.93448,55.3195
202000033981,11,1,2020,11,1,974,97407,2,1,1,6,Avenue Raymond Vergès,-20.9399,55.30547
202000033982,11,1,2020,11,1,69,69199,2,9,1,6,4 CHEMINS (DES)                     (PL),45.7076378,4.8548788
202000033983,9,1,2020,22,5,972,97213,2,1,1,6,ROUTE NATIONALE 1,14.61796,-61.00729
202000033984,10,1,2020,7,5,69,69202,2,1,8,7,COMMANDANT CHARCOT (DU)             (R ),45.7497734,4.7962021
202000033985,10,1,2020,20,5,971,97101,1,1,1,2,PERRIN,16.2788941,-61.5096831
202000033986,10,1,2020,18,5,2A,2A004,2,1,1,3,BONAPARTE CHARLES  BD,41.9201482,8.7395057
202000033987,9,1,2020,11,1,91,91691,2,9,2,6,CONCY(RUE),48.71078,2.48465
202000033988,10,1,2020,6,5,91,91114,2,1,2,2,CHARLES CHRISTOFLE (AVENUE),48.70175,2.49359
202000033989,9,1,2020,16,2,91,91021,2,1,2,7,VOLTAIRE (BOULEVARD),48.58844,2.25206
202000033990,5,1,2020,17,5,89,89387,2,1,1,3,CARRIERES (RUE DES),48.17677,3.2894
202000033991,3,1,2020,8,1,81,81065,2,1,1,6,40 Rue Villegoudou,43.60457,2.244286
202000033992,8,1,2020,18,5,77,77016,1,1,8,6,GLANDELLES  (ROUTE DE) RD.607,48.21364,2.71463
202000033993,9,1,2020,8,5,76,76540,2,1,1,3,CONSTANTINE. RUE DE,49.44806,1.07194
202000033994,4,1,2020,18,5,74,74012,2,3,1,3,RESISTANCE (RUE DE LA),46.196197,6.256847
202000033995,11,1,2020,5,3,74,74093,1,9,9,1,POISY (V.R.U.),45.90586,6.08967
202000033996,9,1,2020,7,5,72,72181,2,1,2,6,DEMORIEUX ENTRE PT CHEM DE FER ET HUISNE,47.99489,0.18614
202000033997,10,1,2020,18,5,71,71270,2,1,1,3,Cours Moreau,46.3091286,4.8333775
202000033998,7,1,2020,18,5,71,71270,2,1,5,6,Rue Frédéric Mistral,46.2926823,4.8107059
202000033999,7,1,2020,12,1,69,69264,2,1,1,6,BRAUN THEODORE  AV,45.9829694,4.7426277
202000034000,10,1,2020,11,1,67,67482,2,1,1,6,JEAN GIRAUDOUX (RUE),48.587808,7.701729
202000034001,9,1,2020,19,5,67,67482,2,1,1,3,ZURICH (RUE DE),48.58084,7.757308
202000034002,9,1,2020,14,1,67,67482,2,1,1,-1,BOECKLIN (RUE),48.6003559,7.7803279
202000034003,11,1,2020,13,1,65,65440,2,3,1,3,MAQUIS DE PAYOLLE (RUE DU),43.221971,0.084726
202000034004,11,1,2020,10,1,64,64445,2,6,1,3,DROITS DE L' HOMME DES,43.31304,-0.36896
202000034005,10,1,2020,11,1,64,64237,1,1,1,3,CAPDEBARTHE,43.238338,-0.3586435
202000034006,10,1,2020,8,2,64,64445,2,3,2,6,MARGUERITE LABORDE,43.3001319,-0.3671953
202000034007,10,1,2020,10,1,64,64102,2,1,2,3,CITADELLE (AVENUE DE LA),43.499962,-1.4687751
202000034008,9,1,2020,13,1,63,63113,2,1,1,3,BLERIOT (AVENUE LOUIS),45.78801,3.13911
202000034009,9,1,2020,22,5,63,63113,2,3,1,6,ESTAING (RUE D'),45.78417,3.10915
202000034010,8,1,2020,19,5,63,63113,2,6,1,3,BLERIOT (AVENUE LOUIS),45.78792,3.13946
202000034011,11,1,2020,14,1,60,60057,2,1,1,6,MONTAIGNE (AVENUE),49.40977,2.11299
202000034012,11,1,2020,13,1,60,60057,2,2,1,3,JOHN F. KENNEDY (AV)-RUE DU PARC NON IN,49.41911,2.10664
202000034013,11,1,2020,14,1,59,59599,2,9,1,6,SOUHAM (RUE DU GENERAL),50.730406,3.148143
202000034014,11,1,2020,11,1,59,59220,2,1,1,1,WATTIGNIES RUE DE,50.5870761,3.0732469
202000034015,8,1,2020,18,5,59,59165,2,1,2,3,EGALITE (RUE DE L'),50.37709,3.05118
202000034016,10,1,2020,12,1,56,56121,2,4,1,3,JAURES ( AVE JEAN ),47.7453206,-3.3696531
202000034017,10,1,2020,8,5,56,56121,2,2,1,3,KERJULAUDE ( RUE DE ),47.74387,-3.38108
202000034018,9,1,2020,9,2,56,56121,2,1,2,6,LE COUTALLER ( RUE JEAN ),47.74758,-3.36907
202000034019,9,1,2020,6,3,56,56185,1,1,2,6,RN 165 bretelle échangeur,47.77091,-3.37825
202000034020,9,1,2020,19,5,50,50502,2,1,2,-1,POTERNE,49.115419,-1.098093
202000034021,9,1,2020,16,1,49,49007,2,1,1,3,MAINE,47.47838,-0.5468
202000034022,10,1,2020,18,5,45,45234,2,1,1,2,Pont George V,47.89686,1.90434
202000034023,10,1,2020,18,3,45,45338,2,1,1,1,RUE DU VIEUX BOURG,47.98993,2.72462
202000034024,9,1,2020,11,1,42,42110,2,1,7,6,Avenue Louis Pasteur,45.48295,4.53235
202000034025,9,1,2020,21,5,40,40192,2,3,1,3,ROZANOFF(AV DU COL. K.W.),43.89941,-0.50473
202000034026,10,1,2020,4,5,37,37261,2,2,1,-1,MIRABEAU (RUE),47.397043,0.6995117
202000034027,9,1,2020,18,5,35,35093,2,9,8,6,NEWQUAY (PLACE DE),48.63012,-2.0632098
202000034028,10,1,2020,19,3,35,35238,1,1,1,2,RN136 Porte de Lorient,48.10843,-1.71747
202000034029,10,1,2020,12,1,35,35238,2,2,1,2,PORTUGAL (BD DU),48.0835,-1.662
202000034030,10,1,2020,9,1,35,35238,2,1,1,3,METZ (BD DE),48.1162,-1.6583
202000034031,10,1,2020,15,1,34,34172,2,1,1,3,RIMBAUD (RUE PAUL),43.6184656,3.8450925
202000034032,10,1,2020,11,1,34,34172,2,3,1,3,DUBOUT (AVENUE ALBERT),43.59693,3.87773
202000034033,10,1,2020,9,1,34,34172,2,1,1,6,LIBERTE (AVENUE DE LA,43.6087755,3.8452256
202000034034,10,1,2020,21,5,33,33063,2,1,1,3,RUE YVES GLOTIN,44.892793,-0.54488
202000034035,10,1,2020,10,1,33,33318,2,2,1,1,AVE ROGER COHE / AVE DU DOCTEUR NANCEL PENARD,44.8091,-0.63281
202000034036,10,1,2020,9,1,33,33063,2,2,2,3,RUE DU JARDIN PUBLIC / RUE BINAUD,44.85941,-0.57117
202000034037,10,1,2020,20,3,32,32013,1,1,1,2,AGEN (ROUTE D'),43.6881,0.6041
202000034038,9,1,2020,9,1,31,31555,1,1,1,2,VA007306 A64,43.56042,1.41554
202000034039,10,1,2020,15,1,30,30189,2,2,1,3,HUGO VICTOR (BOULEVARD),43.83525,4.35842
202000034040,4,1,2020,17,5,30,30189,2,1,1,-1,POE EDGAR (RUE),43.82249,4.33934
202000034041,9,1,2020,9,1,29,29232,2,1,2,6,Allee Claude Dervenn,47.97572,-4.08318
202000034042,10,1,2020,14,1,28,28134,2,3,1,3,LIEVRE D'OR (RUE DU),48.735,1.387
202000034043,10,1,2020,18,5,25,25462,2,1,2,6,ARMEE DE L'EST (AVENUE DE L'),46.89261,6.36479
202000034044,10,1,2020,16,5,25,25056,2,3,2,3,FRESNEL RUE,47.236572,5.978287
202000034045,7,1,2020,17,5,22,22113,2,1,8,1,PLACENN AR GUER (RUE DE),48.74693,-3.45995
202000034046,11,1,2020,11,1,17,17300,2,1,1,6,GARROS   RUE ROLAND,46.17834,-1.14533
202000034047,10,1,2020,17,2,17,17291,2,1,1,4,JUSTICES  RUE DU MOULIN DES,46.17352,-1.12666
202000034048,11,1,2020,14,1,13,13106,2,1,1,1,APT (ROUTE D'),43.40443,5.36393
202000034049,11,1,2020,4,5,13,13214,2,1,1,3,CAPITAINE GEZE (BOULEVARD),43.33065,5.37163
202000034050,10,1,2020,15,1,13,13215,2,1,8,6,VISTE (AVENUE DE LA),43.35636,5.35743
202000034051,11,1,2020,13,1,13,13063,2,6,1,6,NORD AVENUE DU,43.59915,5.00613
202000034052,10,1,2020,18,5,13,13047,1,1,1,5,MARTIGUES ROUTE DE,43.48263,4.99616
202000034053,8,1,2020,17,5,10,10297,2,1,8,2,BOIS (RUE DU),48.318048,4.09447
202000034054,4,1,2020,13,1,07,07281,1,1,8,6,,44.9348655,4.8155604
202000034055,10,1,2020,7,1,06,06088,1,1,1,5,ASPREMONT (RTE D'),43.74114,7.251238
202000034056,9,1,2020,11,1,06,06088,2,2,1,3,PEGUY (R. CHARLES),43.713,7.262
202000034057,10,1,2020,17,5,06,06069,2,1,2,-1,CHASSEURS ALPINS (ROND-POINT),43.6506,6.922
202000034058,10,1,2020,11,1,06,06069,2,1,2,7,CANNES (ROUTE DE)  ,43.644337,6.942875
202000034059,10,1,2020,10,1,06,06069,2,1,2,7,22 Route de Cannes,43.6442981,6.9446224
202000034060,11,1,2020,12,1,06,06029,2,1,1,3,NOEL (RUE LEON),43.558,7.021
202000034061,10,1,2020,18,5,06,06155,2,2,1,3,GABELLE CH.DE LA,43.57055,7.076
202000034062,12,1,2020,19,5,75,75119,2,1,1,2,BD PERIPHERIQUE INTERIEUR,48.894426,2.394829
202000034063,4,7,2020,15,1,24,24461,2,2,1,3,Le Petit Paris,44.893466,0.182294
202000034064,5,7,2020,0,3,03,03118,1,1,1,6,Saint-Priest-d'Andelot,46.0793393,3.1226953
202000034065,5,7,2020,13,1,72,72339,1,1,1,6,A11,47.965819,0.034161
202000034066,5,7,2020,11,1,06,06004,1,1,7,2,Autoroute A8,43.605425,7.09081
202000034067,5,7,2020,5,2,02,02443,1,1,2,6,A4,49.046898,3.280728
202000034068,5,7,2020,9,1,986,98613,1,1,3,7,haafuasia,-13.296092,-176.183161
202000034069,4,7,2020,2,3,974,97415,1,1,1,7,N1a,-21.079605,55.229366
202000034070,5,7,2020,11,1,33,33214,1,1,1,2,Départementale 6,44.98509,-1.06779
202000034071,4,7,2020,11,1,37,37166,2,3,1,3,1 Rue Jacques de Lavardin,47.5110572,0.9092855
202000034072,5,7,2020,1,5,2B,2B148,2,1,1,-1,route du village,42.545738,9.419076
202000034073,5,7,2020,14,1,66,66017,2,3,1,1,Avenue de la Coudalere,42.817129,3.028885
202000034074,6,6,2020,1,3,84,84092,2,1,1,6,Rue Albert Camus,43.961017,4.854562
202000034075,5,7,2020,11,1,83,83108,1,1,1,5,Route de Brignoles,43.353284,5.970383
202000034076,5,7,2020,3,5,05,05063,1,1,1,6,D1091,45.0482177,6.3224548
202000034077,4,7,2020,17,1,04,04183,1,3,7,3,RN 202 / Camping du lac,43.916038,6.54106
202000034078,4,7,2020,15,1,04,04171,1,1,1,7,RD 952,43.800031,6.438375
202000034079,4,7,2020,21,2,38,38344,1,1,1,3,A7,45.362623,4.806497
202000034080,3,7,2020,16,1,68,68012,1,1,1,7,RD 34,47.777844,7.137677
202000034081,4,7,2020,4,2,68,68298,2,1,1,6,78 Rue du Général Bourgeois,48.239032,7.177066
202000034082,4,7,2020,19,1,26,26235,1,2,1,3,D93 N,44.403327,4.70011
202000034083,4,7,2020,19,1,69,69254,1,1,1,6,D56,45.9271487,4.4282511
202000034084,5,7,2020,10,1,69,69228,1,2,1,3,Route de la Grimodiere,45.595423,4.650677
202000034085,4,7,2020,2,3,64,64496,2,1,1,7,Route du Hillans,43.468866,-1.449767
202000034086,2,2,2020,10,1,33,33183,1,1,1,6,Route de Gauriaguet,45.03187,-0.3869
202000034087,30,6,2020,15,1,85,85214,1,1,1,4,D160,46.54549,-1.71812
202000034088,5,7,2020,11,1,14,14047,2,6,2,3,BD Maréchal LECLERC/ CD 572,49.270545,-0.707277
202000034089,5,7,2020,13,1,27,27335,1,1,1,7,D155,49.143369,1.18
202000034090,5,7,2020,0,3,60,60341,1,1,1,7,nationale 2,49.0795427,2.727305
202000034091,5,7,2020,19,2,80,80789,1,1,1,6,A29,49.857118,2.787303
202000034092,3,7,2020,19,1,13,13001,1,1,1,2,A51-Sens Marseille vers Aix en Provence,43.505,5.4095
202000034093,4,7,2020,13,1,91,91477,1,1,1,7,AUTOROUTE A126,48.7196,2.2556
202000034094,3,7,2020,20,1,92,92036,1,1,1,2,AUTOROUTE A15,48.9407207,2.2929967
202000034095,3,7,2020,16,1,93,93027,1,1,1,2,AUTOROUTE A86,48.92585,2.39775
202000034096,3,7,2020,12,1,93,93010,1,1,1,3,AUTOROUTE A3,48.89884,2.4693
202000034097,3,7,2020,22,3,974,97416,2,9,1,3,POUDRIERE(RUE DE LA),-21.33566,55.45576
202000034098,3,7,2020,16,1,974,97416,2,3,1,3,ZONE (ALLEE DE LA),-21.31511,55.47628
202000034099,3,7,2020,14,1,974,97416,1,1,1,2,RN3 (3),-21.3007,55.42422
202000034100,2,7,2020,17,1,974,97411,2,2,1,6,JAURES (BOULEVARD JEAN),-20.8899329,55.4529497
202000034101,2,7,2020,17,1,974,97407,1,9,1,2,MARINE(BOULEVARD),-20.94908,55.2846
202000034102,2,7,2020,11,1,974,97407,2,6,1,2,ROND POINT TITAN,-20.94245,55.29213
202000034103,3,7,2020,20,2,69,69259,2,1,1,6,Boulevard Irène Joliot Curie,45.715945,4.8779311
202000034104,3,7,2020,18,1,69,69387,2,2,1,3,GUILLOTIERE (DE LA)                 (GR),45.7521204,4.8466307
202000034105,3,7,2020,9,1,69,69386,2,1,1,7,BERGES DU RHONE (SECT. PUVIS DE CHAVANNE,45.78259,4.84777
202000034106,3,7,2020,13,1,69,69383,2,1,1,3,LAFAYETTE                           (CO),45.76365,4.86236
202000034107,3,7,2020,12,1,972,97213,1,1,1,2,AUTOROUTE A1,14.6183,-61.01978