Num_Acc,jour,mois,an,hr,condition_eclairage,departement,commune,condition_agglomeration,intersection,condition_atmosphere,type_collision,adresse,lattitude,longitude
202000034108,3,7,2020,14,1,972,97209,1,9,1,3,RD 13,14.6147,-61.0503
202000034109,3,7,2020,14,1,972,97209,1,3,1,3,FONTAINE DIDIER (RUE DE LA),14.63112,-61.07986
202000034110,2,7,2020,19,5,972,97209,2,1,1,6,BALATA (ROUTE DE),14.682,-61.084
202000034111,3,7,2020,19,5,69,69384,2,1,1,1,TUNNEL DE LA CROIX ROUSSE           (XX),45.77348,4.82671
202000034112,3,7,2020,1,5,69,69382,2,2,1,3,CORDELIERS (DES)                    (PL),45.76355,4.83811
202000034113,3,7,2020,23,5,95,95585,2,1,1,1,COQUETIERS (RUE DES),48.983855,2.389376
202000034114,2,7,2020,11,1,91,91223,2,6,1,3,VICTOIRE (ROND-POINT DE LA),48.43741,2.16315
202000034115,3,7,2020,11,1,87,87085,1,1,1,-1,AUTOROUTE A20,45.83794,1.28186
202000034116,3,7,2020,17,1,86,86194,2,2,1,3,Avenue du 8 Mai 1945,46.56044,0.31395
202000034117,23,6,2020,9,1,84,84087,1,1,1,3,LYON (ROUTE DE),44.15986,4.79622
202000034118,3,7,2020,13,1,83,83137,2,1,1,1,CAPUCINES (IMP DES),43.1355386,5.8823942
202000034119,28,6,2020,20,1,83,83129,2,3,1,3,SEVERIN SAURIN (RUE),43.08749,5.83746
202000034120,2,7,2020,18,1,80,80021,2,1,1,2,PAIX (AVENUE DE LA),49.91163,2.30172
202000034121,3,7,2020,15,1,79,79191,2,2,1,3,140 Avenue Saint Jean d'Angely,46.31586,-0.46563
202000034122,2,7,2020,22,5,79,79081,2,6,1,3,168 Rue du Stade,46.3507,-0.37751
202000034123,2,7,2020,0,5,78,78123,2,2,1,3,EUROPE (RN 190) AVENUE DE L',48.94349,2.02971
202000034124,3,7,2020,7,2,77,77053,1,9,1,3,CHEVRY (ROUTE DE) - D216,48.71301,2.64033
202000034125,2,7,2020,16,1,76,76575,2,1,1,3,HOTEL FORMULE 1 (AV. DES CANADIENS),49.40011,1.06391
202000034126,3,7,2020,9,1,76,76351,2,2,1,3,BOUGAINVILLE,49.49841,0.12554
202000034127,2,7,2020,21,5,69,69275,2,2,1,3,JEAN JAURES                         (AV),45.771,4.9601
202000034128,3,7,2020,4,2,67,67482,2,2,1,3,BALE (RUE DE),48.5667,7.76593
202000034129,2,7,2020,19,1,67,67482,2,1,1,3,SCHIRMECK (ROUTE DE),48.564168,7.705383
202000034130,1,7,2020,18,1,67,67482,2,1,1,6,COLMAR (AVENUE DE),48.55481,7.745489
202000034131,3,7,2020,18,1,64,64483,2,1,1,2,ITHURRALDE ANDRE (AVENUE),43.39655,-1.64583
202000034132,1,7,2020,23,5,63,63063,2,2,1,-1,FOURCHES (RUE DES),45.81803,3.10712
202000034133,2,7,2020,18,1,60,60159,2,1,1,3,passage Frédéric Chopin,49.409111,2.8060617
202000034134,3,7,2020,17,1,59,59636,2,6,1,3,MARQUETTE RUE DE,50.6849124,3.0608685
202000034135,3,7,2020,11,1,59,59220,2,2,1,3,FAUBOURG D'ARRAS RUE,50.604,3.05676
202000034136,2,7,2020,12,1,59,59350,2,3,1,3,KENNEDY AVENUE,50.63283,3.07229
202000034137,2,7,2020,20,1,59,59569,2,1,1,1,GAUGUIN (PAUL),50.3477088,3.1027688
202000034138,25,6,2020,10,1,56,56260,2,1,1,2,MURAILLES(RUE DES GRANDES),47.66446,-2.76155
202000034139,2,7,2020,16,1,54,54395,2,1,1,3,KELLER (RUE CHARLES),48.7030998,6.1752438
202000034140,3,7,2020,15,1,51,51454,2,1,1,2,Boulevard Albert 1er,49.2710019,4.0112541
202000034141,2,7,2020,15,1,50,50129,2,1,1,6,NORMANDIE (AVENUE DE),49.62769,-1.62508
202000034142,30,6,2020,19,1,50,50129,2,4,2,6,GAULLE (PLACE GENERAL DE),49.63857,-1.62262
202000034143,1,7,2020,15,1,49,49328,2,6,2,7,DE LATTRE DE TASSIGNY (BLD),47.26004,-0.08925
202000034144,3,7,2020,1,5,44,44109,2,9,1,2,BOULEVARD JULES VERNE,47.24714,-1.52288
202000034145,3,7,2020,12,1,42,42186,2,1,1,7,Cours de Verdun,45.5282794,4.6152844
202000034146,3,7,2020,8,1,41,41018,2,1,2,3,ORLEANS (RUE CHARLES D'),47.58326,1.32082
202000034147,3,7,2020,21,1,35,35238,2,6,1,3,LOBINEAU,48.0989934,-1.684239
202000034148,3,7,2020,12,1,35,35051,2,1,1,3,BRAY (RUE DE),48.10809,-1.61385
202000034149,3,7,2020,8,1,35,35238,2,1,1,7,LEROUX (BD OSCAR),48.0915,-1.6647
202000034150,3,7,2020,12,1,34,34172,2,1,1,1,EUROPE (AVENUE DE L'),43.63213,3.82238
202000034151,3,7,2020,10,1,34,34172,2,9,1,1,ADAM (PLACE EDOUARD),43.60675,3.87595
202000034152,29,6,2020,22,5,33,33318,2,1,1,1,160 Avenue du Général Leclerc,44.78523,-0.68277
202000034153,2,7,2020,17,1,31,31483,2,1,1,6,6 bis Rue Charles Baudelaire,43.1141016,0.7082178
202000034154,2,7,2020,9,1,30,30189,2,1,1,2,FRANCAIS LIBRES (BD),43.8324,4.3222
202000034155,3,7,2020,2,5,29,29232,2,6,1,6,D785 - Rond Point de Ludugris,47.9797187,-4.1226264
202000034156,3,7,2020,17,1,29,29039,2,2,1,2,D783 - Beuzec,47.8813391,-3.909967
202000034157,16,6,2020,18,1,27,27375,2,1,1,7,SAINT PIERRE (ROUTE DE),49.22498,1.18192
202000034158,30,6,2020,20,1,27,27375,1,1,1,6,RD313,49.22832,1.1478
202000034159,4,7,2020,1,5,26,26362,2,1,1,3,11 Allée André Boulle,44.952584,4.932167
202000034160,3,7,2020,18,1,26,26198,2,1,1,1,1 Chemin des Clées,44.5773,4.7647
202000034161,30,6,2020,7,1,22,22278,2,1,1,6,GALLOIS (DES),48.4959809,-2.7457595
202000034162,2,7,2020,12,1,16,16089,2,1,1,3,AVENUE DE BARBEZIEUX ,45.67946,-0.32833
202000034163,3,7,2020,14,1,14,14118,2,1,1,2,CLEMENCEAU (AVENUE GEORGES),49.18817,-0.35162
202000034164,3,7,2020,19,1,13,13210,2,2,1,3,ROMAIN ROLLAND (BOULEVARD),43.2768275,5.4190489
202000034165,3,7,2020,18,1,13,13203,2,1,1,2,BD FERDINAND DE LESSEPS,43.3202,5.371796
202000034166,3,7,2020,16,1,13,13202,2,2,1,6,FAUCHIER (RUE),43.3035868,5.3689528
202000034167,3,7,2020,1,5,13,13208,2,6,1,-1,PRADO JACQUES CHIRAC (ROND POINT),43.27232,5.39126
202000034168,1,7,2020,8,1,13,13204,2,1,1,5,FRANÇOISE DUPARC (BOULEVARD),43.30312,5.40059
202000034169,2,7,2020,8,1,13,13063,2,9,1,6,CHARLES DE GAULLE AVENUE,43.5846,5.00186
202000034170,3,7,2020,18,1,13,13005,2,1,1,6,ROUGIER (RUE ELZEARD),43.29393,5.56933
202000034171,1,7,2020,13,1,13,13001,2,9,1,3,GALICE (RTE DE),43.52469,5.39069
202000034172,2,7,2020,13,1,13,13001,1,2,1,3,RD 7,43.48947,5.40793
202000034173,2,7,2020,18,1,11,11262,2,9,1,6,REPUBLIQUE (COURS DE LA),43.18276,3.00539
202000034174,3,7,2020,2,4,11,11069,1,1,1,6,ROUTE D HERMINIS - GREZES -,43.225929,2.285691
202000034175,1,7,2020,16,1,11,11069,1,1,1,7,ROCADE SUD RD 6161,43.2008406,2.370311
202000034176,4,7,2020,0,5,10,10387,2,2,1,3,GENERAL LECLERC (RUE DU),48.30819,4.05615
202000034177,2,7,2020,16,1,10,10343,2,1,1,3,SAPINS (AVENUE),48.27996,4.08739
202000034178,2,7,2020,8,1,10,10325,2,1,1,3,GUSTAVE EIFFEL (RUE),48.26576,4.07869
202000034179,2,7,2020,7,1,10,10297,2,3,1,2,TIRVERTS (RUE),48.3156,4.0822
202000034180,2,7,2020,13,1,06,06029,2,1,1,6,PANTIERO (PROMENADE DE LA),43.5514,7.0154
202000034181,3,7,2020,0,5,06,06004,2,4,1,3,GREC AV.JULES,43.59524,7.114841
202000034182,30,6,2020,15,1,04,04112,1,1,1,2,RD 6,43.82751,5.75548
202000034183,30,6,2020,15,1,04,04112,2,1,1,3,Rue des Entrepreneurs,43.820812,5.7948243
202000034184,11,5,2020,11,1,03,03095,2,9,1,6,Avenue Gilbert Roux,46.1378848,3.4364355
202000034185,2,7,2020,10,1,03,03321,1,1,1,1,,46.5796846,3.3849594
202000034186,3,7,2020,14,1,75,75117,2,1,1,2,PORTE DE CLICHY,48.896462,2.310057
202000034187,3,7,2020,10,1,75,75113,2,4,1,7,QUAI D IVRY,48.824724,2.384449
202000034188,2,7,2020,22,5,75,75104,2,2,1,6,BOULEVARD BOURDON,48.852926,2.368422
202000034189,3,7,2020,18,1,75,75105,2,5,1,-1,RUE MONGE,48.848929,2.349828
202000034190,3,7,2020,19,1,75,75120,2,1,1,6,RUE DES PYRENEES,48.866941,2.396923
202000034191,3,7,2020,7,1,75,75119,2,1,1,6,PASSAGE DES MAUXINS,48.877504,2.404465
202000034192,3,7,2020,18,1,75,75118,2,1,1,6,BOULEVARD DE CLICHY,48.883517,2.333854
202000034193,3,7,2020,19,1,75,75116,2,3,1,3,ALLEE DU BORD DE L EAU,48.867483,2.233013
202000034194,3,7,2020,10,1,75,75116,2,7,1,3,PLACE DU MARECHAL DE LATTRE DE TASSIGNY,48.871694,2.275795
202000034195,2,7,2020,18,1,75,75116,2,1,1,3,ROUTE DE SEVRES A NEUILLY,48.861662,2.237896
202000034196,2,7,2020,13,1,75,75116,2,1,1,4,AVENUE FOCH,48.872823,2.285987
202000034197,2,7,2020,9,1,75,75116,2,4,1,3,VOIE GEORGES POMPIDOU,48.852849,2.281599
202000034198,3,7,2020,17,1,75,75115,2,2,1,6,RUE D ORADOUR SUR GLANE,48.832118,2.280614
202000034199,3,7,2020,16,1,75,75115,2,1,1,6,RUE MADEMOISELLE,48.843401,2.299773
202000034200,2,7,2020,9,1,75,75114,2,1,1,-1,RUE VICTOR SCHOELCHER,48.836136,2.330749
202000034201,3,7,2020,18,1,75,75112,2,1,1,6,AVENUE DAUMESNIL,48.838204,2.426561
202000034202,3,7,2020,11,1,75,75111,2,3,1,6,AVENUE DE LA REPUBLIQUE,48.866635,2.367317
202000034203,3,7,2020,2,5,75,75111,2,2,1,-1,BOULEVARD RICHARD LENOIR,48.863999,2.370678
202000034204,3,7,2020,2,5,75,75117,2,7,1,3,PLACE CHARLES DE GAULLE,48.874028,2.294243
202000034205,3,7,2020,18,1,94,94081,2,1,1,1,REPUBLIQUE (AV DE LA),48.80206,2.3978
202000034206,3,7,2020,17,1,94,94080,2,1,1,6,FELIX FAURE (R),48.84775,2.452914
202000034207,3,7,2020,18,1,94,94068,2,2,1,1,MARNE (BD DE LA),48.78941,2.51155
202000034208,3,7,2020,12,1,94,94068,2,2,1,3,DIDIER (AV),48.79747,2.50877
202000034209,3,7,2020,14,1,94,94043,2,6,1,2,FONTAINEBLEAU (AV DE),48.80964,2.36254
202000034210,3,7,2020,14,1,94,94043,1,9,1,2,GABRIEL PERI (R),48.81028,2.34985
202000034211,3,7,2020,19,1,94,94011,2,9,1,3,LYS.(AVENUE DES),48.770857,2.491297
202000034212,2,7,2020,11,1,94,94019,2,4,1,3,LIBERATION - CAR DE PINCE-VENT (AV DE LA,48.7992928,2.5443435
202000034213,3,7,2020,17,1,94,94004,2,1,1,3,VALENTON (R DE),48.748072,2.511814
202000034214,3,7,2020,8,1,94,94071,2,7,1,3,PARIS (R DE),48.77456,2.51086
202000034215,2,7,2020,23,5,93,93073,2,1,1,2,CHAPIT RE ( RUE DU),49.0032725,2.536829
202000034216,3,7,2020,18,1,93,93066,2,1,1,5,ORNANO (BOULEVARD),48.91572,2.3442
202000034217,2,7,2020,18,1,93,93066,2,1,1,3,Avenue Paul Vaillant-Couturier,48.93,2.362
202000034218,3,7,2020,13,1,93,93077,2,1,1,6,AV LAGACHE,48.88256,2.52486
202000034219,3,7,2020,17,1,93,93031,2,1,1,1,GALLIENI (AVENUE),48.9642392,2.2986413
202000034220,3,7,2020,10,1,93,93031,2,1,1,3,AV DE LA REPUBLIQUE,48.95,2.3285
202000034221,3,7,2020,8,1,93,93029,2,1,1,3,HENRI BARBUSSE (AVE) N°2-124,48.9200078,2.4517219
202000034222,2,7,2020,18,1,93,93027,2,1,1,6,QUINET (RUE EDGAR),48.92834,2.39441
202000034223,3,7,2020,9,1,93,93014,2,1,1,2,VEUVE LINDET GIRARD (ALLEE),48.9100637,2.5534967
202000034224,2,7,2020,10,1,92,92049,2,1,8,7,MARNE AVENUE DE LA,48.8133,2.30455
202000034225,3,7,2020,13,1,92,92035,2,1,1,-1,République ( boulevard de la ),48.9061,2.25061
202000034226,3,7,2020,19,1,92,92024,2,3,1,2,MARTRE (RUE) DE (59 A 109)   (58 A 120),48.9021,2.30704
202000034227,3,7,2020,18,1,92,92024,2,1,1,3,VICTOR HUGO (BD),48.8980727,2.3115445
202000034228,3,7,2020,9,1,92,92024,2,3,8,6,BATELIER (RUE DES) DE (21 ET PLUS)   (2,48.9068214,2.3042294
202000034229,3,7,2020,7,1,92,92024,2,1,1,3,CLICHY (QUAI DE) DE (8 A 60),48.9041522,2.2914798
202000034230,3,7,2020,11,1,92,92023,2,9,1,6,BOSSUET (RUE),48.7882801,2.2359592
202000034231,3,7,2020,8,1,92,92023,2,6,1,3,JEAN BAPTISTE CLEMENT (AVENUE),48.79898,2.26801
202000034232,3,7,2020,13,1,38,38157,1,1,1,1,D538,45.496631,4.932368
202000034233,4,7,2020,6,2,66,66136,1,1,1,2,29 Rue Honore de Balzac,42.699556,2.902939
202000034234,3,7,2020,7,1,17,17245,2,2,1,3,RD107 x RD110,46.17151,-1.003864
202000034235,4,7,2020,16,1,83,83023,1,1,7,6,Autoroute A8 PK 78.7195,43.4191074,6.1136127
202000034236,4,7,2020,16,1,85,85233,2,1,1,2,154 Route Nationale,46.52397,-1.08253
202000034237,3,7,2020,16,1,84,84037,1,1,1,5,2268 Route de Roquemaure,44.063913,4.795567
202000034238,4,7,2020,10,1,60,60088,2,1,1,7,D609,49.224717,2.205012
202000034239,3,7,2020,18,1,69,69283,2,3,1,3,Route de Saint Priest,45.6814119,4.9489122
202000034240,3,7,2020,18,1,84,84037,2,1,1,6,Chemin des Consuls,44.056467,4.833646
202000034241,27,6,2020,19,1,83,83019,1,1,1,2,Avenue Lou Mistraou,43.144069,6.326301
202000034242,3,7,2020,10,1,36,36200,1,1,1,7,A20,46.613896,1.533623
202000034243,4,7,2020,14,1,12,12063,1,1,1,2,La Cavalerie,44.010217,3.143372
202000034244,3,7,2020,17,1,30,30226,1,1,1,5,N86,44.227073,4.633613
202000034245,4,7,2020,2,3,22,22032,1,1,1,7,La Ville Es Chevets,48.282165,-2.190303
202000034246,3,7,2020,17,1,19,19214,1,1,1,7,D980,45.134011,2.174006
202000034247,3,7,2020,18,1,56,56002,2,9,7,3,La Vieille Poste,47.55919,-2.502375
202000034248,4,7,2020,1,3,74,74103,1,1,1,2,Route de Sallanches,45.916635,6.64829
202000034249,29,6,2020,20,2,74,74011,2,6,1,6,03 RUE DU PRE DE LA SALLE,45.915869,6.147331
202000034250,1,7,2020,11,1,80,80377,1,3,1,3,2 Bretel,50.154727,2.316892
202000034251,4,7,2020,19,1,33,33482,1,2,1,6,Lieu Dit Pitot,44.685872,-0.107503
202000034252,11,6,2020,19,1,61,61375,1,1,1,2,RD 958,48.663727,0.020782
202000034253,3,7,2020,16,1,49,49008,1,1,1,1,La Kiriaie D923,47.5725686,-1.0201208
202000034254,2,7,2020,22,5,49,49259,2,2,1,3,4 Avenue d'Angers,47.3572891,-0.6559213
202000034255,4,7,2020,8,1,12,12069,1,1,1,3,D999,43.876211,2.674677
202000034256,4,7,2020,17,1,42,42229,1,1,1,7,RD 485 - Lieu dit Montveneur,46.1759167,4.3908608
202000034257,4,7,2020,18,1,44,44128,1,1,2,3,Greneux,47.5466591,-1.8652294
202000034258,28,6,2020,19,1,31,31231,1,1,1,6,D12,43.310877,1.461332
202000034259,3,7,2020,21,2,38,38189,1,1,1,1,D518Z,45.63883,5.06245
202000034260,19,3,2020,22,3,72,72169,1,1,1,6,A11.1,47.956249,0.067592
202000034261,20,3,2020,5,2,60,60312,1,1,5,6,5 Les Prairies,49.5800858,1.7572954
202000034262,19,3,2020,21,3,40,40017,1,1,1,7,Route du Cap de Gascogne,43.722161,-0.603943
202000034263,16,3,2020,9,1,67,67506,2,6,1,7,Route de Strasbourg,48.66156,7.720551
202000034264,20,3,2020,1,3,57,57495,1,1,1,2,A4,49.133781,6.543624
202000034265,17,3,2020,20,3,33,33049,1,1,1,2,RN89 - (1er impact pris en compte et pas fin de course du VU retourné sur TPC),44.88118,-0.35648
202000034266,18,3,2020,14,1,67,67482,1,1,1,6,Autoroute A.35,48.581176,7.724037
202000034267,18,3,2020,6,2,62,62193,1,1,1,2,AUTOROUTE A16,50.9399965,1.8331681
202000034268,19,3,2020,11,1,91,91340,1,1,1,2,RN 104,48.60988,2.44242
202000034269,18,3,2020,7,1,974,97416,2,1,1,6,MAURICE THOREZ(CHEMIN),-21.27829,55.46711
202000034270,17,3,2020,15,1,974,97409,1,1,1,6,RN2 SENS ST BENOIT ST DENIS,-20.95986,55.658
202000034271,18,3,2020,19,5,974,97407,2,2,1,3,CARPAYE(AVENUE),-20.94554,55.29826
202000034272,6,2,2020,15,1,69,69259,2,1,1,3,REPUBLIQUE (DE LA)                  (AV),45.7069972,4.8718786
202000034273,18,3,2020,18,2,972,97209,2,1,1,3,CLUNY (ROUTE DE),14.61239,-61.07943
202000034274,18,3,2020,15,1,91,91691,2,1,1,2,MARCEAU BAILLIOTI(RUE),48.70703,2.49635
202000034275,12,3,2020,15,1,91,91521,2,1,1,6,GRIGNY (ROUTE DE),48.651274,2.40306
202000034276,16,3,2020,22,5,85,85191,2,3,1,3,Boulevard Aristide Briand,46.66704,-1.43041
202000034277,18,3,2020,11,1,77,77243,2,1,1,6,TANNEURS  (RUE DES  ),48.87912,2.70427
202000034278,17,3,2020,11,1,71,71306,2,2,1,3,Rue de Semard,46.6711664,4.3797488
202000034279,18,3,2020,16,1,69,69256,2,2,1,3,EMILE ZOLA                          (R ),45.7772321,4.9196325
202000034280,7,3,2020,11,1,59,59507,2,1,1,2,JAURES JEAN AVENUE.,50.598677,3.081047
202000034281,11,3,2020,5,5,59,59569,2,1,2,6,MOCHE (RUE ALCIDE),50.36578,3.11741
202000034282,6,3,2020,10,1,59,59327,2,1,1,6,Rue de Montozon,50.3906791,3.1620087
202000034283,13,3,2020,8,1,58,58194,2,6,1,3,ORDRE NATIONAL DU MERITE,46.9928,3.1677
202000034284,16,3,2020,19,3,55,55302,1,1,1,2,RN935,48.747074,5.206608
202000034285,13,3,2020,16,1,31,31555,2,1,1,7,RUE DE L AUDE,43.58217,1.48049
202000034286,18,3,2020,17,1,29,29232,2,1,1,6,Rue de Rozarguer,47.97049,-4.11396
202000034287,13,3,2020,15,1,24,24322,2,3,1,2,Rue Victor Hugo,45.190611,0.709762
202000034288,18,3,2020,22,5,17,17300,2,9,1,7,BRIQUETERIE   RUE DE LA,46.1616,-1.1656
202000034289,18,3,2020,8,1,14,14327,1,1,5,2,PERIPHERIQUE NORD (BOULEVARD),49.18652,-0.3297
202000034290,30,1,2020,15,1,10,10297,2,1,2,6,MARC VERDIER (RUE),48.32668,4.11046
202000034291,16,3,2020,19,3,05,05061,2,1,1,-1,STE MARGUERITE ( ROUTE DE ),44.51958,6.06425
202000034292,16,3,2020,11,1,05,05061,2,6,1,3,VICTOR HUGO ( COURS  ),44.56195,6.07776
202000034293,18,3,2020,11,1,75,75117,2,7,1,3,PLACE DES TERNES,48.878411,2.298396
202000034294,18,3,2020,21,5,75,75115,2,3,1,3,BOULEVARD DE GRENELLE,48.851775,2.291691
202000034295,17,3,2020,13,1,94,94028,2,9,1,3,FOCH(AVENUE DU MARECHAL),48.77809,2.43843
202000034296,17,3,2020,13,1,93,93061,2,3,1,3,R PERI GABRIEL / R GARIBALDI,48.88706,2.40803
202000034297,17,3,2020,11,1,92,92050,2,2,1,3,LENINE VLADIMIR ILITCH/ FOCH MARECHAL PLACE DU AVENUE,48.88826,2.19419
202000034298,18,3,2020,13,1,92,92048,2,1,1,6,MARCEL ALLEGOT (RUE),48.821171,2.227637
202000034299,3,5,2020,14,1,92,92019,2,1,1,7,SALENGRO ROGER (RUE),48.7723963,2.2753822
202000034300,19,3,2020,13,1,11,11148,1,1,1,7,A61,43.168707,2.709954
202000034301,19,3,2020,7,3,86,86233,1,1,1,7,"Lieu-dit ""Les Genets""",46.497126,0.629665
202000034302,18,3,2020,18,2,971,97132,1,1,1,-1,L'ermitage,15.998429,-61.639802
202000034303,18,3,2020,22,3,38,38284,1,1,1,6,Route de Beaurepaire,45.39095,5.205
202000034304,19,3,2020,12,1,01,01291,2,1,1,6,Route de Bolozard,46.244726,4.981667
202000034305,18,3,2020,17,1,60,60481,2,1,1,3,Rue de la Forêt,49.292714,2.858596
202000034306,19,3,2020,7,5,73,73104,1,1,1,2,"autoroute A 43, PK 74.350 sens Lyon-Chambéry",45.554095,5.748671
202000034307,13,3,2020,13,1,41,41220,2,9,1,6,5 Avenue de Sologne,47.717706,1.616852
202000034308,17,3,2020,15,1,11,11315,1,1,1,7,D206,43.271542,2.5766158
202000034309,19,3,2020,12,1,81,81140,1,1,1,6,Lieu dit Bataille,43.671193,1.8405
202000034310,17,3,2020,9,1,56,56007,2,1,1,6,26 Rue Martin Luther King,47.674411,-3.003484
202000034311,19,2,2020,11,1,33,33550,1,9,1,2,ROCADE A 630,44.78453,-0.54179
202000034312,14,1,2020,8,5,56,56083,2,1,2,6,REPUBLIQUE ( AV. DE LA ),47.7988597,-3.2933919
202000034313,9,1,2020,14,1,09,09122,2,7,1,3,LAQUIERE (RUE),42.96288,1.60833
202000034314,6,1,2020,8,1,09,09122,1,1,1,2,BERT (RUE PAUL),42.982229,1.613241
202000034315,18,3,2020,8,1,988,98818,2,1,1,3,RUE EDOUARD GLASSER,-22.2929,166.44815
202000034316,17,3,2020,17,1,988,98818,2,3,1,3,BAIE DES DAMES (ROUTE DE LA),-22.23476,166.44261
202000034317,17,3,2020,11,1,988,98818,2,1,1,6,RUE ANATOLE FRANCE,-22.27151,166.44248
202000034318,17,3,2020,9,1,973,97302,2,1,1,3,MADELEINE (ROUTE DE LA),4.9271207,-52.324748
202000034319,16,3,2020,1,3,972,97209,1,1,1,7,RD 41 (ROCADE),14.60907,-61.0667
202000034320,17,3,2020,11,1,91,91687,2,1,1,6,GENERAL DE GAULLE (AVENUE DU),48.6802,2.38049
202000034321,17,3,2020,4,5,91,91347,2,1,1,6,CIMETIERE DES BOURGUIGONS (CHEMIN DU),48.64099,2.285
202000034322,13,3,2020,18,1,85,85194,1,1,1,3,Rue de la Bonne Vierge,46.51184,-1.81746
202000034323,16,3,2020,14,1,80,80131,1,1,1,3,MONTDIDIER (RUE DE),49.83702,2.41049
202000034324,13,3,2020,23,5,78,78168,2,5,1,3,Route nationale 10,48.74865,1.92495
202000034325,28,2,2020,11,1,76,76351,2,3,2,6,MARECHAL JOFFRE (RUE),49.4989,0.11973
202000034326,17,3,2020,7,1,69,69282,2,6,1,3,JEAN JAURES                         (R ),45.7783,5.0217
202000034327,16,3,2020,13,1,67,67482,2,3,1,3,KOENIGSHOFFEN (RUE DE),48.5804529,7.7276513
202000034328,15,3,2020,2,5,64,64122,2,1,1,7,IMPERATRICE (AVENUE DE L'),43.48818,-1.55334
202000034329,17,3,2020,9,1,64,64102,2,1,8,6,AMADE  (ROND POINT),43.50235,-1.47899
202000034330,17,3,2020,6,2,64,64024,2,9,2,1,ADOUR (AVENUE DE L'),43.52108,-1.50294
202000034331,16,3,2020,8,1,63,63113,2,2,2,3,BEAUPEYRAS (RUE DE),45.79475,3.08257
202000034332,15,3,2020,9,1,63,63113,2,3,1,-1,FONTAINE DU LARGE (RUE DE LA),45.79279,3.09166
202000034333,16,3,2020,14,1,62,62193,2,3,1,3,JACQUARD (BOULEVARD),50.94867,1.85399
202000034334,17,3,2020,16,1,60,60159,2,1,1,3,GAMBETTA (BD),49.41278,2.81428
202000034335,17,3,2020,10,1,59,59599,2,1,1,-1,DRON (AVENUE GUSTAVE),50.718969,3.163668
202000034336,13,3,2020,9,1,59,59178,2,6,1,3,HERILLIER (PLACE L'),50.36298,3.07812
202000034337,15,3,2020,1,5,44,44184,2,1,1,6,LONGUET (RUE CHARLES),47.284282,-2.229132
202000034338,15,3,2020,18,1,37,37122,2,1,1,-1,LAVOISIER (RUE),47.3465104,0.6548812
202000034339,17,3,2020,20,3,35,35051,1,1,1,6,RN136,48.14976,-1.60838
202000034340,15,3,2020,1,5,35,35238,2,9,1,7,GAYEULLES (AVENUE DES),48.13742,-1.65224
202000034341,17,3,2020,17,1,33,33063,2,2,1,1,PCE DES MARTYRS DE LA RESISTANCE / RUE DU MANEGE,44.84198,-0.58452
202000034342,16,3,2020,17,1,31,31555,2,1,2,3,BD DE SUISSE,43.62182,1.425
202000034343,16,3,2020,14,1,31,31555,2,1,1,3,BD JEAN BRUNHES,43.60124,1.42025
202000034344,16,3,2020,8,1,31,31557,2,2,1,3,GASCOGNE (AV DE),43.58706,1.34507
202000034345,15,3,2020,2,3,31,31555,1,1,2,2,VA007331 A620,43.5912342,1.3989233
202000034346,17,3,2020,7,1,17,17274,2,6,1,2,REPUBLIQUE   ROND-POINT DE LA,46.15303,-1.11197
202000034347,17,3,2020,15,1,13,13201,2,9,1,6,BELSUNCE (COURS),43.2973155,5.377408
202000034348,17,3,2020,10,1,13,13047,2,1,1,6,BAUMES RUE DES,43.50992,4.9826
202000034349,14,3,2020,11,1,13,13004,1,1,1,1,RTE DE FONTVIEILLE RAPHELE,43.706007,4.6584
202000034350,14,3,2020,17,1,11,11262,2,6,1,3,ELYSIQUES (VOIES DES),43.18491,2.97917
202000034351,16,3,2020,18,1,75,75120,2,2,1,-1,RUE D AVRON,48.8518366,2.4013825
202000034352,17,3,2020,4,5,75,75117,2,3,1,6,BOULEVARD DES BATIGNOLLES,48.881907,2.318886
202000034353,16,3,2020,1,5,75,75116,2,2,1,6,AVENUE GEORGES MANDEL,48.863502,2.281576
202000034354,17,3,2020,11,1,94,94077,2,2,1,6,HENRI GILBERT (AV),48.7353,2.4243
202000034355,16,3,2020,18,2,94,94069,2,2,1,3,GRAVELLE (AV DE),48.8241,2.42278
202000034356,16,3,2020,18,2,94,94017,2,1,1,6,GALLIENI (QU),48.81118,2.49528
202000034357,16,3,2020,17,1,93,93066,2,1,1,3,R PAUL ELUARD,48.93942,2.34499
202000034358,17,3,2020,12,1,92,92078,2,1,1,1,JEAN MOULIN (AVENUE) (1 AU 81),48.940379,2.328877
202000034359,11,3,2020,20,5,92,92044,2,2,1,2,ARISTIDE BRIAND(RUE) 1 A 49 ET 2 A 52,48.89072,2.284359
202000034360,16,3,2020,23,5,92,92040,2,4,1,3,GARIBALDI (BOULEVARD),48.821222,2.261351
202000034361,16,3,2020,15,1,92,92036,2,1,1,3,MARCEL PAUL (AVENUE) (1/103),48.943393,2.303274
202000034362,16,3,2020,16,1,41,41167,2,1,1,6,rue du vieux moulin,47.497366,1.175344
202000034363,5,3,2020,15,1,74,74068,1,3,3,1,8 Rue du Mont Blanc,46.061491,5.867923
202000034364,16,3,2020,17,1,65,65375,1,2,1,5,D5-D6,43.372897,0.153876
202000034365,17,3,2020,7,2,61,61464,1,1,1,6,D958,48.617956,0.151142
202000034366,14,2,2020,16,1,02,02475,1,1,1,3,36 Rue de Guignicourt,49.421603,3.997715
202000034367,18,3,2020,14,1,66,66202,2,1,1,1,D618,42.49829,2.002618
202000034368,17,3,2020,12,1,18,18015,1,1,1,6,Route de Ménétréol,47.468137,2.371416
202000034369,17,3,2020,16,1,17,17003,2,1,1,6,6 Rue de Saint-christophe,46.118007,-0.934134
202000034370,18,3,2020,7,1,68,68015,1,1,1,4,A36,47.789776,7.446671