Num_Acc,jour,mois,an,hr,condition_eclairage,departement,commune,condition_agglomeration,intersection,condition_atmosphere,type_collision,adresse,lattitude,longitude
202000034371,18,3,2020,8,1,06,06157,1,1,1,6,Route de Coursegoules,43.752644,7.092158
202000034372,18,3,2020,15,1,03,03056,1,1,1,7,Clos Bargeon,46.088872,3.550406
202000034373,15,3,2020,17,1,33,33433,2,3,1,2,Chemin de Loustalot / chemin Louis Aragon,44.90997,-0.43821
202000034374,16,3,2020,8,1,33,33096,1,1,2,4,AUTOROUTE A10,44.88858,-0.50473
202000034375,17,3,2020,11,1,91,91161,1,1,1,4,AUTOROUTE A6,48.7101,2.3079
202000034376,16,3,2020,9,1,93,93048,1,1,1,3,AUTOROUTE A86,48.86496,2.4821
202000034377,14,3,2020,21,3,93,93006,1,1,1,2,AUTOROUTE A3,48.86918,2.42954
202000034378,17,3,2020,15,1,94,94074,1,1,1,7,RN406.Y,48.765969,2.45822
202000034379,14,3,2020,22,3,77,77438,1,1,1,6,A104,48.8662469,2.6701001
202000034380,4,1,2020,15,1,974,97407,2,1,3,6,Boulevard de la Marine,-20.95,55.29297
202000034381,14,1,2020,18,5,78,78440,2,1,1,6,8 MAI 1945 (PLACE DU),48.993439,1.913014
202000034382,10,1,2020,8,2,78,78238,1,2,1,-1,CD 113,48.959894,1.871498
202000034383,6,1,2020,17,1,24,24037,2,1,1,6,PLACE GAMBETTA,44.8538,0.48251
202000034384,16,3,2020,19,1,974,97416,2,3,1,-1,EMBERIQUES (IMPASSE),-21.29041,55.45678
202000034385,16,3,2020,14,1,974,97411,2,9,1,2,BOIS DE NEFLES (RUE DU),-20.902,55.4773
202000034386,16,3,2020,10,1,69,69386,2,2,1,6,DUQUESNE                            (R ),45.7726,4.8442
202000034387,15,3,2020,20,5,972,97209,1,1,1,3,AUTOROUTE (A1),14.61818,-61.03661
202000034388,16,3,2020,11,2,69,69384,2,1,1,6,DENFERT ROCHEREAU                   (R ),45.777,4.82668
202000034389,15,1,2020,15,1,69,69385,2,1,1,3,POINT DU JOUR (DU)                  (AV),45.7563913,4.7999623
202000034390,16,3,2020,12,1,91,91174,2,9,1,2,JEAN JAURES (BOULEVARD),48.605603,2.466691
202000034391,16,3,2020,5,5,91,91103,2,1,1,1,GAYOT (RUE DU LIEUTENANT),48.598012,2.293668
202000034392,13,3,2020,17,1,87,87085,2,1,1,2,DUTREIX (RUE ARMAND),45.83154,1.23648
202000034393,7,3,2020,23,5,81,81060,2,1,1,6,25 Avenue de Rodez,44.05517,2.16212
202000034394,12,3,2020,16,1,78,78158,2,1,1,6,DEBASSEUX (AVENUE),48.81678,2.13609
202000034395,15,3,2020,15,1,76,76540,2,1,1,7,GUILLAUME LE CONQUERANT. RAMPE,49.44105,1.0815
202000034396,14,3,2020,17,1,66,66136,1,1,1,-1,D914,42.67319,2.88959
202000034397,15,3,2020,16,1,65,65047,1,1,1,1,SPORTS (AVE DES),43.2397,0.11674
202000034398,13,3,2020,9,1,64,64445,2,1,8,6,PRESIDENT KENNEDY DU,43.31009,-0.36602
202000034399,15,3,2020,14,1,63,63164,1,1,1,3,MENETROL (ROUTE DE),45.8413171,3.1437154
202000034400,13,3,2020,1,3,56,56098,1,1,1,6,Route des Sternes,47.7732742,-3.3605222
202000034401,28,1,2020,16,1,50,50147,2,1,2,6,DE LA CROUTE,49.0439,-1.44393
202000034402,15,3,2020,16,1,49,49007,2,1,1,7,ROE,47.47224,-0.55271
202000034403,10,3,2020,16,1,46,46224,2,1,1,-1,PILLAT (AVENUE CHARLES),44.4711,1.41507
202000034404,16,3,2020,17,1,37,37122,2,1,2,3,CHINON (BOULEVARD DE),47.355274,0.697751
202000034405,15,3,2020,19,5,34,34172,2,1,1,3,CARRIEU (RUE MARIUS),43.61714,3.84254
202000034406,16,3,2020,16,1,33,33522,2,2,1,2,BD GEORGE V / RUE DE LA LIBERTE,44.82131,-0.58315
202000034407,16,3,2020,14,1,33,33522,2,3,1,6,92 Cours Maréchal Gallieni,44.823249,-0.592999
202000034408,16,3,2020,8,1,33,33069,2,3,1,3,AVE DE LA LIBERATION-CH. DE GAULLE / RUE JACQUES GERALD,44.85609,-0.5965
202000034409,12,3,2020,10,1,33,33063,2,2,1,3,Avenue du Maréchal de Lattre de Tassigny / Rue Soubiras (Caudéran),44.85703,-0.6199
202000034410,15,3,2020,8,1,31,31555,1,9,1,3,Rd Pt Firmin Pons,43.56942,1.37397
202000034411,15,3,2020,21,5,31,31555,2,1,1,6,CHE DES ETROITS,43.55788,1.44102
202000034412,13,3,2020,17,1,31,31555,2,1,1,-1,RTE D ALBI,43.63491,1.46372
202000034413,16,3,2020,6,5,31,31483,2,1,1,7,BOULOGNE (AVENUE DE),43.117838,0.713415
202000034414,14,3,2020,13,1,22,22278,2,1,1,3,ATLANTIQUE (BD) N°1 A 56/69,48.519081,-2.7858478
202000034415,13,3,2020,16,3,19,19152,1,1,1,-1,la bastière D.940,45.0149683,1.809268
202000034416,16,3,2020,5,3,17,17415,1,1,1,6,Route de Varzay,45.73327,-0.66447
202000034417,16,3,2020,5,5,17,17300,2,1,2,7,SARTRE   AVENUE JEAN-PAUL,46.156106,-1.13157
202000034418,15,3,2020,20,3,14,14574,1,1,1,6,D.613 ( LISIEUX),49.12674,0.21749
202000034419,16,3,2020,16,1,13,13002,2,1,1,7,CANTON VERT (AVENUE DU),43.3417492,5.4717216
202000034420,15,3,2020,7,1,13,13047,1,1,1,6,D.5,43.47889,4.99636
202000034421,16,3,2020,7,1,06,06123,2,1,1,6,CURIE PIERRE ET MARIE AVENUE,43.69621,7.18433
202000034422,15,3,2020,0,5,06,06027,2,1,1,5,PLAGE BOULEVARD DE LA,43.6567,7.1644
202000034423,14,3,2020,17,1,06,06123,2,1,1,6,R.N. 7,43.660378,7.181992
202000034424,14,3,2020,10,1,05,05061,2,3,1,3,BELLEVUE (BOULEVARD),44.56155,6.09499
202000034425,13,3,2020,9,1,03,03310,2,1,1,6,Rue des Alpes,46.1306606,3.4168506
202000034426,16,3,2020,16,1,75,75119,2,2,1,6,RUE PETITOT,48.876359,2.393118
202000034427,16,3,2020,20,3,75,75117,2,2,1,3,AVENUE DE LA PORTE DE CLICHY,48.894444,2.313492
202000034428,16,3,2020,14,1,75,75116,2,3,1,3,BOULEVARD DE BEAUSEJOUR,48.857304,2.269297
202000034429,16,3,2020,14,1,75,75110,2,1,1,3,RUE DU FAUBOURG SAINT DENIS,48.880466,2.357699
202000034430,16,3,2020,17,1,94,94043,2,1,1,4,FONTAINEBLEAU (AV DE),48.80905,2.36295
202000034431,15,3,2020,16,1,94,94076,2,9,1,3,PARIS (AV DE),48.8062782,2.3635465
202000034432,14,3,2020,12,1,94,94076,2,1,2,2,PRESIDENT ALLENDE (AV DU),48.79521,2.35377
202000034433,15,3,2020,20,5,94,94028,2,1,1,7,PASTEUR VALERY RADOT(IMPASSE ET RUE),48.78929,2.4424
202000034434,15,3,2020,20,3,93,93066,2,1,1,3,FRANCE ANATOLE (BOULEVARD) NR AUTRES,48.9277237,2.3529268
202000034435,16,3,2020,10,1,93,93048,2,1,1,6,GENERAL DE GAULE (PLACE DU),48.8684154,2.4338697
202000034436,15,3,2020,20,5,92,92078,2,8,1,3,VERDUN (AVENUE) (IMPAIRS 27 AU 73),48.93487,2.32663
202000034437,13,3,2020,17,1,92,92063,2,1,1,6,DIX-HUIT JUIN 1940 (AVENUE DU) SUD,48.867441,2.1977404
202000034438,16,3,2020,1,5,92,92049,2,1,1,7,ARNOUX AVENUE MAURICE AUTRES N°,48.813924,2.3103656
202000034439,11,3,2020,17,1,92,92024,2,6,2,-1,REPUBLIQUE (PLACE),48.903395,2.312868
202000034440,16,3,2020,14,1,92,92023,2,1,1,3,ALEXANDRE BARBEROUX (RUE),48.8086382,2.267803
202000034441,17,3,2020,10,1,63,63116,2,1,1,6,113 Avenue Etienne Clémentel,45.982082,3.088084
202000034442,16,3,2020,14,1,67,67324,1,1,1,5,Départementale 1062,48.968801,7.580212
202000034443,11,3,2020,12,1,2B,2B167,1,1,1,2,D451,42.536426,8.846773
202000034444,13,2,2020,12,1,80,80711,2,1,2,6,Rue Jean Jaurès,50.042212,2.1191279
202000034445,14,3,2020,7,2,80,80211,1,1,1,7,route départementale 8,49.7504583,2.1621281
202000034446,17,3,2020,11,1,65,65019,1,2,1,3,Intersection d935/chemin de compostelle,43.148538,0.091839
202000034447,17,3,2020,11,1,12,12120,1,1,1,5,N88,44.370667,2.841467
202000034448,13,3,2020,22,3,47,47006,1,1,1,6,Route de Thoumet,44.405159,0.634879
202000034449,16,3,2020,14,1,29,29045,1,1,7,1,Lieu-dit Lavallot,48.433023,-4.276718
202000034450,16,3,2020,19,3,68,68094,1,3,1,2,D463,47.548972,7.436124
202000034451,3,9,2020,21,3,69,69120,1,1,1,6,Chemin du Drivon,45.784794,4.412411
202000034452,3,9,2020,10,1,44,44195,2,6,1,3,Giratoire de LAVAU,47.360801,-1.955743
202000034453,28,8,2020,19,1,44,44073,1,2,1,1,D16,47.427565,-1.602416
202000034454,18,8,2020,13,1,60,60002,1,1,1,7,D1001,49.370735,2.155144
202000034455,4,9,2020,0,3,59,59139,1,1,2,6,D45,50.140582,3.419784
202000034456,3,9,2020,16,1,59,59482,2,1,8,2,Rue de la Belle Croix,50.711877,2.998597
202000034457,29,8,2020,4,3,13,13033,1,1,2,7,A55-Sens Martigues vers Marseille,43.379555,5.205897
202000034458,3,9,2020,20,2,33,33249,1,1,1,4,ROUTE NATIONALE 230,44.87884,-0.50952
202000034459,25,8,2020,12,1,59,59155,1,1,6,6,AUTOROUTE A16,51.014982,2.389597
202000034460,1,9,2020,13,1,59,59646,1,1,1,6,AUTOROUTE A22,50.668319,3.115191
202000034461,3,9,2020,20,2,91,91553,1,1,1,3,RN 104,48.63148,2.49413
202000034462,3,9,2020,19,2,91,91345,1,1,1,3,AUTOROUTE A6,48.69138,2.32236
202000034463,3,9,2020,16,1,78,78043,1,1,1,2,A12 Y,48.83256,2.08415
202000034464,3,9,2020,14,1,78,78073,1,1,1,6,N12Y,48.796946,2.021972
202000034465,3,9,2020,8,1,92,92036,1,1,1,3,A86,48.9344081,2.2702786
202000034466,3,9,2020,9,1,95,95351,1,1,1,4,RN 104,49.03125,2.49386
202000034467,2,9,2020,21,3,95,95306,1,1,1,5,A15,49.00929,2.15724
202000034468,2,9,2020,23,3,95,95582,1,1,1,6, A15,48.96986,2.24966
202000034469,2,9,2020,17,1,93,93008,1,1,1,2,AUTOROUTE A86,48.91146,2.44045
202000034470,2,9,2020,11,1,93,93010,1,1,1,2,AUTOROUTE A3,48.90196,2.47034
202000034471,3,9,2020,21,3,77,77122,1,1,1,2,RN104,48.659626,2.613147
202000034472,3,9,2020,18,1,75,75112,1,1,1,2,A4,48.825171,2.46402
202000034473,3,9,2020,17,1,94,94028,1,1,1,2,A86 EXT,48.7916209,2.4409774
202000034474,3,9,2020,15,1,94,94046,1,1,1,-1,A86 EXT,48.8074506,2.4489937
202000034475,2,9,2020,8,1,94,94028,1,1,1,3,A86 EXT,48.7916209,2.4409774
202000034476,31,8,2020,2,5,988,98818,2,1,1,6,PROMENADE PIERRE VERNIER,-22.30903,166.45177
202000034477,31,8,2020,8,1,974,97411,1,1,8,6,Route Jules Reydellet,-20.929124,55.492909
202000034478,1,9,2020,22,3,973,97302,2,1,1,1,TROUBIRAN (CHEMIN DE),4.9261373,-52.3036122
202000034479,1,9,2020,16,1,69,69388,2,1,1,6,CHALLEMEL LACOUR                    (R ),45.72927,4.8474
202000034480,2,9,2020,17,1,69,69286,1,1,1,6,MONT BLANC (DU)                     (AV),45.8113509,4.8945294
202000034481,2,9,2020,7,1,69,69389,2,3,1,3,RAOUL CARRIE                        (QU),45.8015171,4.8383613
202000034482,1,9,2020,12,1,91,91471,2,4,1,2,DIMANCHERIE (AVENUE DE LA),48.6922,2.17543
202000034483,1,9,2020,18,1,91,91114,2,6,1,3,TALMA (RUE),48.69404,2.50224
202000034484,30,8,2020,12,1,91,91103,1,1,1,6,CD 19,48.60349,2.31992
202000034485,2,9,2020,9,1,86,86194,2,1,1,3,Avenue du Plateau des Glières,46.6015023,0.3243452
202000034486,1,9,2020,23,5,83,83137,2,9,1,3,COLLET (AVE AMIRAL),43.12916,5.9242
202000034487,22,8,2020,16,1,83,83123,2,1,1,4,TOULON (ANCIEN CHEMIN DE),43.142,5.77874
202000034488,2,9,2020,8,1,83,83069,2,9,1,2,OLBIA  (VOIE),43.117,6.144
202000034489,28,8,2020,18,1,83,83061,2,2,1,3,AVENUE ANDRÉ CITROËN,43.43967,6.716034
202000034490,2,9,2020,14,1,76,76217,2,1,1,3,POURVILLE (ROUTE DE),49.92184,1.05678
202000034491,2,9,2020,9,1,69,69266,2,1,1,6,SERENITE     (Rue de la),45.77,4.89844
202000034492,1,9,2020,19,1,66,66136,2,1,1,3,R D 900,42.67848,2.88102
202000034493,4,8,2020,4,2,62,62413,2,1,1,6,LENS (RTE DE),50.43966,2.880937
202000034494,2,9,2020,20,5,59,59368,2,1,1,2,REPUBLIQUE AVENUE DE LA,50.649378,3.0788796
202000034495,1,9,2020,11,1,59,59350,2,2,1,5,TURENNE RUE,50.6271,3.03921
202000034496,31,8,2020,23,5,59,59276,2,1,1,7,CROIZAT (BOULEVARD AMBROISE),50.34462,3.15304
202000034497,1,9,2020,18,1,54,54395,2,3,1,2,BOUFFLERS (AVENUE) DE 2 AU 72),48.6892358,6.161541
202000034498,1,9,2020,12,1,54,54526,2,2,1,2,POTIER (RUE EUGENE),48.68937,6.21558
202000034499,1,9,2020,15,1,52,52121,2,1,1,3,39 ALPHANDERY (RUE) PAIR,48.1063,5.13582
202000034500,31,8,2020,19,1,50,50602,2,1,1,1,ARTISANS (RUE DES),49.63652,-1.58895
202000034501,2,9,2020,17,1,45,45147,2,2,1,1,Rue André Dessaux,47.9340184,1.8962286
202000034502,31,8,2020,16,1,44,44184,2,1,1,2,RD 492 DU RP OCÉANIS AU RP EINSTEIN,47.26373,-2.25872
202000034503,2,9,2020,9,1,44,44109,2,1,1,6,Route de Saint Joseph,47.2437,-1.53382
202000034504,31,8,2020,11,1,37,37261,2,1,7,3,BORDIERS (RUE DES),47.428022,0.672593
202000034505,2,9,2020,13,1,35,35238,2,2,1,3,TROIS CROIX (BD DES),48.12784,-1.68332
202000034506,2,9,2020,13,1,35,35238,2,1,1,1,NIVERNAIS (DU),48.12185,-1.71146
202000034507,2,9,2020,7,1,35,35238,2,1,1,6,Passage Aristide Briand,48.11003,-1.66008
202000034508,1,9,2020,21,5,35,35238,2,3,1,3,BULGARIE (BD DE),48.0847,-1.65697
202000034509,31,8,2020,18,1,34,34032,2,3,1,-1,MOULIN JEAN (AV),43.35403,3.23533
202000034510,2,9,2020,9,1,33,33550,2,2,1,3,AVE DES PYRENEES / Bretelle Sortie E18 Rocade A630,44.77861,-0.56609
202000034511,20,8,2020,6,1,33,33162,2,2,1,6,AVE DE L'HIPPODROME,44.86131,-0.64206
202000034512,2,9,2020,17,1,31,31483,2,1,1,6,BOUGUES  VICTOR(RUE),43.10641,0.73179
202000034513,2,9,2020,14,1,26,26362,2,1,1,3,94 Avenue de Romans,44.9345,4.9064
202000034514,1,9,2020,19,1,25,25056,2,1,1,1,SAVARY RUE ALAIN,47.253292,6.000906
202000034515,28,8,2020,17,1,22,22215,2,1,1,6,COUBERTIN (RUE PIERRE DE),48.49728,-2.76515
202000034516,2,9,2020,17,1,17,17200,2,2,1,3,CLAVIER   AVENUE DU,46.18093,-1.16728
202000034517,2,9,2020,15,1,13,13216,2,1,1,3,LITTORAL (CHEMIN DU),43.348467,5.343437
202000034518,1,9,2020,14,1,13,13210,2,1,1,2,JEAN EUGENE CABASSUD (BOULEVARD),43.2834,5.4129
202000034519,2,9,2020,9,1,13,13207,2,3,1,3,SAINT EUGEN (PLACE),43.284321,5.358181
202000034520,2,9,2020,7,1,13,13213,2,1,1,3,CROIX ROUGE (AVENUE),43.33346,5.439845
202000034521,1,9,2020,23,5,13,13209,2,1,1,7,AGUILLON (BOULEVARD),43.26496,5.40983
202000034522,1,9,2020,18,1,11,11069,2,1,1,2,MELLIES JEAN,43.20611,2.31706
202000034523,1,9,2020,12,1,11,11069,2,1,1,1,MOULIN JEAN -AVENUE-,43.20893,2.36955
202000034524,2,9,2020,18,1,06,06123,2,1,1,3,GERBAULT ALAIN PROMENADE,43.67341,7.18981
202000034525,2,9,2020,12,1,03,03185,2,2,1,3,Avenue Léon Blum,46.3383091,2.5743118
202000034526,2,9,2020,7,1,01,01053,2,3,1,3,VOLTAIRE ( BD ) IMPAIR,46.2006398,5.2204424
202000034527,2,9,2020,9,1,75,75113,2,1,1,3,QUAI D IVRY,48.826215,2.38778
202000034528,31,8,2020,8,1,75,75114,2,1,1,3,BOULEVARD PERIPHERIQUE,48.821165,2.320514
202000034529,2,9,2020,21,5,75,75118,2,2,1,3,RUE PAJOL,48.891269,2.363274
202000034530,2,9,2020,17,1,75,75116,2,3,1,2,RUE DES VIGNES,48.8568,2.274012
202000034531,2,9,2020,17,1,75,75116,2,3,1,3,AVENUE ALBERT DE MUN,48.86205,2.293221
202000034532,2,9,2020,14,1,75,75116,2,7,1,2,PLACE CHARLES DE GAULLE,48.874038,2.294245
202000034533,2,9,2020,19,1,75,75115,2,1,1,3,BOULEVARD GARIBALDI,48.845669,2.308968
202000034534,2,9,2020,17,1,75,75115,2,2,1,3,AVENUE DE LA PORTE BRANCION,48.825836,2.300389
202000034535,1,9,2020,0,5,75,75115,2,2,1,3,RUE DE LA CONVENTION,48.836753,2.298084
202000034536,2,9,2020,17,1,75,75113,2,2,1,3,RUE DU CHATEAU DES RENTIERS,48.82514,2.369802
202000034537,2,9,2020,8,1,75,75113,2,3,1,6,AVENUE D ITALIE,48.827429,2.356878
202000034538,2,9,2020,17,1,75,75112,2,2,1,3,RUE TAINE,48.838565,2.39317
202000034539,2,9,2020,14,1,75,75112,2,3,1,3,AVENUE DAUMESNIL,48.838101,2.399654
202000034540,2,9,2020,11,1,75,75112,2,1,1,3,RUE DE CHARENTON,48.834788,2.393357
202000034541,2,9,2020,18,1,75,75111,2,1,1,3,BOULEVARD VOLTAIRE,48.864156,2.369468
202000034542,2,9,2020,14,1,75,75109,2,3,1,3,RUE LAFFITTE,48.872999,2.337657
202000034543,2,9,2020,17,1,75,75108,2,7,1,3,PLACE DE LA CONCORDE,48.86687,2.321149
202000034544,2,9,2020,22,5,75,75101,2,3,1,7,RUE DE RIVOLI,48.861253,2.339814
202000034545,2,9,2020,14,1,75,75101,2,3,1,7,RUE DE RIVOLI,48.861477,2.339131
202000034546,2,9,2020,22,5,94,94068,2,1,1,6,Rue Baratte Cholet,48.797885,2.485794
202000034547,2,9,2020,20,3,94,94046,2,1,1,2,REPUBLIQUE (AV DE LA),48.80243,2.43362
202000034548,2,9,2020,17,1,94,94046,2,2,1,3,GAMBETTA (AV),48.80994,2.44353
202000034549,1,9,2020,23,5,94,94076,2,1,1,3,PARIS (AV DE),48.8041,2.3641
202000034550,2,9,2020,19,1,94,94002,2,1,1,1,PIERRE COSMI (QU),48.814764,2.411584
202000034551,1,9,2020,11,1,94,94002,2,1,1,2,ETIENNE DOLET (R),48.79215,2.42569
202000034552,2,9,2020,12,1,93,93078,2,3,1,3,SEVRAN (ROUTE DE),48.9533,2.5323
202000034553,2,9,2020,15,1,93,93048,2,1,1,1,ETIENNE MARCEL (RUE),48.85743,2.42408
202000034554,2,9,2020,19,1,92,92073,2,1,1,3,ROOSVELT (AVENUE FRANKLIN),48.873342,2.221437
202000034555,2,9,2020,16,1,92,92051,2,1,1,2,"ROULE (AVENUE DU, N° 29 A 91 ET 30 A 86)",48.882647,2.276844
202000034556,1,9,2020,9,1,92,92050,2,5,1,3,CLEMENCEAU GEORGES AVENUE N° PAIR,48.8865153,2.2089922
202000034557,2,9,2020,21,5,92,92026,2,5,1,3,MISSION MARCHAND (COTE IMPAIR),48.90219,2.23952
202000034558,2,9,2020,8,1,92,92025,2,2,1,3,PAUL BERT (RUE),48.92741,2.24702
202000034559,2,9,2020,8,1,92,92012,2,1,1,2,PIERRE GRENIER (AVENUE),48.8307068,2.2521154
202000034560,3,9,2020,9,1,11,11156,1,1,1,7,D203,43.3204295,2.2770989
202000034561,1,9,2020,20,4,22,22213,2,1,1,7,Rue du Pont Saint-hubert,48.534242,-1.978587
202000034562,24,8,2020,11,1,11,11418,1,1,1,2,"A 61 , PK 299.500",43.243608,2.076545
202000034563,3,9,2020,19,2,67,67362,1,1,1,7,D159,48.248787,7.356425
202000034564,3,9,2020,7,1,26,26337,1,1,1,2,autoroute du Soleil,44.728359,4.787663
202000034565,2,9,2020,20,1,62,62408,2,1,1,6,Route de Guines,50.902329,1.880937
202000034566,2,9,2020,19,1,62,62208,2,4,1,6,Chemin d'Estree Wamin,50.277133,2.369609
202000034567,14,2,2020,15,1,03,03158,1,1,1,7,,46.4846124,2.6557068
202000034568,27,8,2020,13,1,57,57118,2,1,1,7,Rue de l'Ecole,49.347941,6.355033
202000034569,14,2,2020,14,1,15,15188,1,1,1,6,RD250,45.023521,3.120794
202000034570,1,9,2020,20,2,51,51391,1,2,1,3,N31,49.2735469,3.882365
202000034571,13,2,2020,18,3,01,01408,1,1,2,1,D42,46.251114,5.423931
202000034572,1,9,2020,9,1,51,51518,1,1,1,7,D944,49.3102146,3.9845072
202000034573,3,9,2020,13,1,56,56072,1,3,1,1,lieu-dit Keriffé,48.10095,-2.791557
202000034574,14,2,2020,5,3,50,50064,1,1,1,6,D330,49.39782,-1.455474
202000034575,14,2,2020,4,3,60,60667,1,1,2,6,D123,49.3110561,2.7472992
202000034576,2,9,2020,20,2,74,74178,1,1,1,6,D910,45.961521,5.940294
202000034577,2,9,2020,17,1,82,82152,1,2,7,3,Lieu Dit Las Parets,44.021066,1.075485
202000034578,2,9,2020,10,1,82,82108,2,7,1,6,2 Route de Montech,44.0882242,1.2388783
202000034579,3,9,2020,7,2,33,33140,1,1,1,6,69 Route de la Forêt,44.78366,-0.32567
202000034580,12,2,2020,18,5,18,18075,2,1,1,1,Impasse des Crots Jaunes,47.031426,3.027805
202000034581,14,2,2020,16,1,04,04141,1,1,1,7,RD 950,44.0118095,5.6976835
202000034582,31,8,2020,13,1,71,71269,2,1,1,6,D 906,46.754369,4.846693
202000034583,22,1,2020,16,2,28,28136,1,1,7,2,D309.4,48.708153,1.416786
202000034584,13,2,2020,15,1,87,87078,1,1,2,7,Le Chene Vert,45.977281,0.944974
202000034585,3,9,2020,8,1,89,89283,1,2,1,3,D85,47.643374,3.384653
202000034586,14,2,2020,18,3,87,87109,1,1,1,6,Oradour-Saint-Genest,46.259244,1.038015
202000034587,11,2,2020,0,3,10,10083,1,1,2,6,Autoroute A5 de Melun à Langres,48.187434,4.280033
202000034588,2,9,2020,20,2,63,63258,1,1,1,5,D906,45.6981157,3.5906628
202000034589,1,9,2020,20,2,61,61484,1,1,1,7,78 Le Genetet,48.305349,0.714363
202000034590,3,9,2020,2,3,12,12208,1,1,1,6,D54,43.988492,2.777224
202000034591,14,2,2020,8,1,60,60030,1,1,8,7,Autoroute A16,49.3453029,2.1073678
202000034592,2,9,2020,15,1,12,12076,1,1,1,7,D606,44.583178,2.373047
202000034593,13,2,2020,12,1,67,67106,1,1,8,6,A35,48.7729625,7.9413546
202000034594,11,2,2020,18,2,34,34159,1,1,1,2,D612,43.525215,3.817878
202000034595,2,9,2020,8,2,44,44015,2,1,7,6,Avenue de la République,47.473988,-1.763512
202000034596,9,2,2020,10,1,06,06152,1,1,1,-1,Route de Biot,43.642706,7.025226
202000034597,13,2,2020,11,1,79,79125,1,9,6,7,,46.236957,-0.43482
202000034598,13,2,2020,19,5,973,97360,2,1,1,3,97 Avenue Francois Mitterand,5.162481,-54.337971
202000034599,2,9,2020,18,1,29,29049,2,1,1,3,2 Rue Pierre Loti,47.994811,-3.88849
202000034600,4,8,2020,10,1,38,38439,1,1,1,3,Rue du Vieux Moulin,45.3683376,6.0005275
202000034601,2,9,2020,20,1,02,02286,1,1,1,6,Route de Foucommé,49.988052,3.738479
202000034602,14,2,2020,6,5,42,42056,1,1,2,5,D1086,45.418324,4.737972
202000034603,14,2,2020,9,1,988,98831,1,1,1,6,ROUTE TERRITORIALE N°1,-20.885761,164.659736
202000034604,2,9,2020,16,1,15,15248,1,1,1,3,Départementale 134,45.054197,2.92114
202000034605,14,2,2020,7,3,33,33203,1,1,5,3,Route de Vendays,45.20145,-1.07348
202000034606,1,9,2020,10,1,70,70408,1,1,1,7,D12,47.287461,5.591942
202000034607,3,9,2020,16,1,58,58142,1,1,1,6,D18,46.95886,3.755329
202000034608,3,9,2020,12,1,58,58232,2,1,1,3,15 Rue Francois Mitterrand,47.005796,3.392377
202000034609,3,9,2020,19,1,58,58072,1,1,1,6,RD 13,46.937019,3.214788
202000034610,12,2,2020,19,3,91,91207,1,1,1,4,N20,48.585337,2.233851
202000034611,14,2,2020,11,1,2A,2A247,2,3,1,6,Rue Renuccio- Della - Rocca,41.599073,9.273062
202000034612,12,2,2020,20,5,83,83019,2,1,1,6,Avenue des Lauriers,43.1227785,6.3563449
202000034613,14,2,2020,11,1,89,89111,1,1,1,6,A5,48.238415,3.456853
202000034614,3,9,2020,17,1,50,50087,1,1,1,1,Route des Haguenées,49.563744,-1.582814
202000034615,2,9,2020,12,1,60,60129,1,1,1,3,D145,49.5260172,3.0257979
202000034616,13,2,2020,19,3,08,08263,1,1,2,7,A34,49.733953,4.799223
202000034617,14,2,2020,15,1,55,55122,1,1,1,6,Départementale 958,48.743144,5.571313
202000034618,3,9,2020,12,1,04,04217,2,3,1,3,RD 17 / Place du mitan,44.136257,6.132576
202000034619,12,2,2020,17,2,74,74250,2,1,1,3,Avenue du Mont-blanc,46.073072,6.393359
202000034620,3,9,2020,17,1,82,82033,1,1,7,6,A62 - PK 169+300,44.055333,1.102474
202000034621,3,9,2020,11,1,13,13001,1,1,1,2,A8,43.511775,5.450066
202000034622,2,9,2020,15,1,37,37173,1,1,1,1,,47.1465636,1.2967177
202000034623,13,2,2020,17,2,42,42323,1,1,6,1,Rue Charles Nungesser,45.558026,4.308221
202000034624,3,9,2020,18,2,38,38173,1,1,1,6,D1091,45.04073,6.12449
202000034625,3,9,2020,17,1,30,30326,1,1,1,2,A9,44.005611,4.708307
202000034626,14,2,2020,18,2,31,31395,1,1,1,1,Chemin de Barrada,43.466368,1.262569
202000034627,2,9,2020,18,2,973,97304,2,1,1,3,16 Avenue Gaston Monnerville,5.1669421,-52.6510119
202000034628,14,2,2020,16,1,50,50554,2,1,1,6,Rue Jeanne Paisnel,48.681926,-1.337516
202000034629,3,9,2020,14,1,2B,2B205,1,1,1,1,Marines du Soleil,42.695664,9.332864
202000034630,3,9,2020,1,3,2A,2A139,1,1,1,6,T10,41.666356,9.307061
202000034631,29,8,2020,20,2,84,84036,1,1,1,2,3 Lotissement Parc des Felibres,43.930786,4.942744
202000034632,13,2,2020,22,3,35,35012,1,1,2,6,La Haute Loutrais,47.849723,-1.719015
202000034633,14,2,2020,14,1,60,60612,2,1,1,6,19 Avenue Félix Vernois,49.2065637,2.5786248
202000034634,23,8,2020,16,1,04,04062,1,1,1,7,RD 900,44.455977,6.744125
202000034635,14,2,2020,3,3,60,60504,1,3,1,6,D125,49.3417252,2.1996807
202000034636,3,9,2020,17,1,13,13049,1,1,1,3,D538,43.688822,5.093751
202000034637,14,2,2020,3,3,60,60009,1,1,1,7,RD927,49.3870418,2.1000419
202000034638,2,9,2020,18,1,21,21021,2,4,1,2,56 Rue de Dijon,47.3459944,5.1865618
202000034639,14,2,2020,18,5,59,59080,2,1,1,3,rue albert ricquier,50.4590853,3.2868379
202000034640,2,9,2020,16,1,68,68063,1,1,8,7,Rue de Mulhouse,47.795809,7.157402