Num_Acc,jour,mois,an,hr,condition_eclairage,departement,commune,condition_agglomeration,intersection,condition_atmosphere,type_collision,adresse,lattitude,longitude
202000034641,12,2,2020,18,3,13,13071,1,1,1,2,A55 - Sens Marseille vers Martigues,43.3982862,5.2879424
202000034642,1,9,2020,21,5,03,03315,2,2,1,3,Avenue du 8 Mai 1945,46.3969393,2.8563783
202000034643,13,2,2020,14,1,13,13055,1,1,1,7,A507 sens Marseille - Aubagne,43.296459,5.424608
202000034644,3,9,2020,7,1,63,63141,1,1,1,6,Route de la Baraque,45.78586,3.04067
202000034645,12,2,2020,7,1,13,13202,1,1,1,4,TVPCM-Sens Saint Victor vers Les Ports,43.293907,5.3643
202000034646,12,2,2020,14,1,69,69199,1,1,1,-1,RD383 ,45.70144,4.84544
202000034647,3,9,2020,17,1,42,42132,1,1,1,7,Route du Bourg,45.386297,4.725806
202000034648,13,2,2020,12,1,91,91521,1,1,2,7,RN 104,48.6362,2.4028
202000034649,2,9,2020,14,1,38,38109,2,1,1,3,Rue Cote Blanche,45.700713,5.216419
202000034650,13,2,2020,11,1,91,91617,1,1,2,5,RN 104,48.6375,2.5353
202000034651,3,9,2020,12,1,38,38442,1,1,1,7,D520b,45.35069,5.78461
202000034652,12,2,2020,16,1,91,91471,1,1,1,6,RN 118,48.7156,2.1731
202000034653,13,2,2020,19,3,78,78423,1,1,1,4,RN12,48.79338,2.05238
202000034654,3,9,2020,6,2,26,26038,1,1,1,6,Route de l'Herbasse,45.03559,4.93462
202000034655,12,2,2020,8,1,95,95572,1,1,1,3,AUTOROUTE A15,49.03449,2.10161
202000034656,11,2,2020,20,3,93,93063,1,1,1,2,AUTOROUTE A3,48.87745,2.44486
202000034657,3,9,2020,6,1,26,26085,1,3,1,3,N 7,44.504456,4.743851
202000034658,13,2,2020,19,3,94,94079,1,1,2,3,A4,48.82716,2.52473
202000034659,29,8,2020,12,1,01,01276,1,9,1,7,Rue Henri Jomain,45.826805,5.067595
202000034660,13,2,2020,18,3,93,93051,1,1,2,2,A4,48.83541,2.56742
202000034661,21,8,2020,18,1,69,69140,2,1,7,3,D30,45.8976705,4.7009804
202000034662,13,2,2020,16,1,94,94073,1,1,1,2,A86 INT,48.7715133,2.392017
202000034663,1,9,2020,15,1,09,09160,1,1,1,6,Avenue de Belesta,42.923486,1.86877
202000034664,13,2,2020,6,3,77,77449,1,1,1,2,A4,48.8336962,2.7968183
202000034665,3,9,2020,9,1,64,64422,2,1,1,7,Rue Alfred de Vigny,43.191782,-0.612767
202000034666,12,2,2020,23,5,974,97416,2,3,1,1,DELISLES (ROUTE HUBERT) CD3,-21.3435,55.4743
202000034667,3,9,2020,13,1,50,50099,2,1,1,-1,22 Route de Saint-côme,49.309095,-1.254512
202000034668,11,2,2020,17,1,974,97416,1,1,2,7,DES ASSISES(CHEMIN),-21.28437,55.4669
202000034669,10,2,2020,10,1,974,97411,2,2,1,3,Rue de Paris,-20.8838486,55.4503967
202000034670,11,2,2020,11,1,974,97411,2,3,1,3,Rue de Paris,-20.8839528,55.4504204
202000034671,11,2,2020,11,1,974,97407,2,1,1,6,VERGES(AVENUE),-20.93964,55.30444
202000034672,2,9,2020,16,1,13,13215,1,1,1,7,A7-Sens Marseille vers Lyon,43.35804,5.3628
202000034673,12,2,2020,16,1,973,97302,2,1,1,3,BADUEL (ROUTE DE),4.9357,-52.3131
202000034674,1,9,2020,15,1,62,62239,1,1,1,6,AUTOROUTE A16,50.926194,1.802273
202000034675,11,2,2020,12,1,973,97302,1,6,1,3,CRIQUE FOUILLEE (ROND POINT),4.8970086,-52.3284066
202000034676,31,8,2020,16,1,59,59143,1,1,1,6,AUTOROUTE A25,50.664417,2.88556
202000034677,12,2,2020,9,1,69,69387,2,2,1,1,BERTHELOT                           (AV),45.7434,4.8472
202000034678,11,2,2020,11,1,69,69381,2,1,1,6,TERRAILLE                           (R ),45.7687,4.8355
202000034679,12,2,2020,18,1,2A,2A004,2,3,1,1,AMIRAUTE PORT BD CHARLES BONAPARTE,41.93154,8.74035
202000034680,21,8,2020,0,3,59,59509,1,1,1,6,AUTOROUTE A21,50.399307,3.106306
202000034681,11,2,2020,18,2,95,95277,1,1,1,4,route departementale 317,48.981018,2.467259
202000034682,2,9,2020,8,1,91,91363,1,1,1,4,RN 104,48.652679,2.181484
202000034683,11,2,2020,23,3,91,91103,1,1,1,7,CD 19,48.59457,2.31173
202000034684,11,2,2020,13,1,90,90010,2,3,2,6,MONTBELIARD (FAUBOURG DE),47.63281,6.85992
202000034685,11,2,2020,19,5,87,87085,2,2,1,3,PETINIAUD BEAUPEYRAT (RUE),45.82594,1.25075
202000034686,12,2,2020,15,1,83,83034,2,1,1,2,CD559,43.1116868,6.0520389
202000034687,2,9,2020,8,1,94,94065,1,1,1,4,AUTOROUTE A86,48.75484,2.34603
202000034688,11,2,2020,16,1,76,76157,1,1,1,1,SAHURS. ROUTE DE (CD 351),49.4316,1.01337
202000034689,2,9,2020,7,1,91,91286,1,1,1,3,AUTOROUTE A6,48.65588,2.37857
202000034690,11,2,2020,13,1,71,71306,2,1,1,3,Quai Jules Chagot,46.6776001,4.3649444
202000034691,2,9,2020,10,1,92,92025,1,1,1,4,A86,48.91855,2.22339
202000034692,12,2,2020,15,1,69,69266,2,1,1,6,8 MAI 1945   (Rue du),45.7789,4.89183
202000034693,2,9,2020,8,1,78,78007,1,1,1,4,A13 Y,48.89469,2.007505
202000034694,11,2,2020,17,2,67,67482,2,1,6,3,DROITS DE L HOMME (ALLEE DES),48.596645,7.775714
202000034695,11,2,2020,9,1,67,67482,2,1,6,2,HOPITAL (ROUTE DE L ),48.5725071,7.7502474
202000034696,11,2,2020,17,1,66,66136,2,3,1,3,SOUBIELLE (AVENUE DU COMMANDANT),42.7033013,2.8846683
202000034697,2,9,2020,7,1,92,92025,1,1,1,3,A86,48.9335186,2.2533307
202000034698,11,2,2020,12,1,64,64445,2,1,2,6,PAUL ET HENRI COURTEAULT,43.3102,-0.35994
202000034699,10,2,2020,17,1,63,63113,2,1,1,6,LAENNEC (RUE),45.79072,3.11259
202000034700,2,9,2020,18,1,93,93053,1,1,1,4,AUTOROUTE A3,48.88385,2.45995
202000034701,7,2,2020,13,1,62,62548,2,1,1,3,AVENUE DE CALAIS,50.94728,1.931534
202000034702,12,2,2020,19,5,59,59350,2,1,1,2,ALSACE BOULEVARD D,50.61802,3.07137
202000034703,2,9,2020,10,1,95,95527,1,1,1,3, A3,48.9870819,2.5051041
202000034704,23,1,2020,16,1,59,59350,2,2,1,3,FOCH RUE DU MARECHAL,50.63525,3.05811
202000034705,2,9,2020,6,2,93,93078,1,1,1,4,AUTOROUTE A104,48.96912,2.50573
202000034706,12,2,2020,0,5,59,59509,2,1,1,6,FRANCE (RUE ANATOLE),50.41777,3.09887
202000034707,18,6,2020,5,2,69,69163,1,1,1,6,A466,45.9256713,4.7594001
202000034708,12,2,2020,22,5,57,57463,2,1,1,6,AMPHITHEATRE (AVENUE DE L'),49.1107769,6.1833065
202000034709,11,2,2020,8,1,56,56260,2,1,8,2,PONTIVY(BOULEVARD DE),47.68001,-2.77096
202000034710,12,2,2020,14,1,51,51454,2,1,1,4,Avenue de Champagne,49.23488,4.04124
202000034711,30,6,2020,16,1,91,91549,1,6,1,6,FOSSE AUX LEUX (RUE DE LA),48.620293,2.338093
202000034712,12,2,2020,8,2,51,51172,2,1,8,2,Avenue Nicéphore Niépce,49.2212577,4.0642085
202000034713,11,2,2020,16,1,49,49007,2,1,1,5,MIRABEAU,47.46046,-0.55164
202000034714,6,3,2020,22,3,62,62510,1,4,1,3,CD 58,50.4365,2.75046
202000034715,12,2,2020,16,1,45,45234,2,1,1,3,Rue Jousselin,47.90219,1.93125
202000034716,11,2,2020,13,1,45,45208,2,2,1,3,D163 PR 0+1,47.99828,2.746392
202000034717,30,8,2020,14,1,988,98818,2,1,1,6,COOK (AVENUE JAMES),-22.26683,166.41469
202000034718,12,2,2020,8,1,44,44109,2,1,1,2,PORTE DE LA CHAPELLE,47.2583738,-1.5555847
202000034719,28,8,2020,20,5,988,98818,2,3,3,1,VOIE DE DEGAGEMENT EST/RUE CHARLEROI,-22.27891,166.46261
202000034720,12,2,2020,7,1,37,37261,2,3,1,3,WAGNER (BOULEVARD RICHARD),47.3741447,0.6986647
202000034721,12,2,2020,17,1,35,35278,1,1,1,3,RN 136 PORTE DE MAUREPAS,48.1416,-1.6707
202000034722,12,2,2020,15,1,35,35238,2,6,1,7,VITRE (BLD DE),48.12257,-1.65125
202000034723,27,8,2020,14,1,988,98818,2,3,1,3,RUE PELATAN/RUE AMPERE,-22.23099,166.44959
202000034724,1,9,2020,17,1,974,97416,1,3,1,3,Route de la Ligne Paradis,-21.30345,55.4602
202000034725,12,2,2020,12,1,33,33063,2,3,1,3,AVE DES QUARANTES JOURNAUX / AVE MARCEL DASSAULT,44.8834079,-0.5715453
202000034726,1,9,2020,15,1,974,97411,2,1,1,1,PONT (RUE DU),-20.8782954,55.445462
202000034727,12,2,2020,11,1,33,33063,2,2,1,3,BD ANTOINE GAUTIER / RUE GENERAL DE LARMINAT,44.83336,-0.5986
202000034728,12,2,2020,8,2,33,33063,2,1,2,6,CRS DE VERDUN,44.85095,-0.5744
202000034729,12,2,2020,16,1,32,32013,1,1,1,5,ROCADE (RN 124 OUEST),43.6654,0.5702
202000034730,31,8,2020,10,1,973,97302,2,1,7,2,BRUTUS (CITE),4.9343038,-52.3172808
202000034731,11,2,2020,17,1,31,31555,1,1,1,5,VA007331 A620,43.62384,1.41796
202000034732,1,9,2020,21,5,69,69387,2,2,1,3,MARCEL MERIEUX                      (R ),45.7343101,4.8296352
202000034733,17,1,2020,17,2,27,27229,2,1,2,6,POLITZER (RUE GEORGES),49.00668,1.14653
202000034734,1,9,2020,14,1,69,69387,2,1,1,6,GAMBETTA                            (CO),45.75564,4.8421
202000034735,12,2,2020,17,1,25,25056,2,1,8,2,RELANCONS CHEMIN DES,47.27147,6.04478
202000034736,1,9,2020,11,1,69,69386,2,1,1,6,JULES FAVRE                         (BD),45.76535,4.85896
202000034737,12,2,2020,12,1,14,14118,2,2,1,3,LEROY (BOULEVARD),49.17179,-0.34857
202000034738,12,2,2020,0,5,13,13117,2,1,1,7,8 MAI 1945 (AVENUE),43.423513,5.274511
202000034739,11,2,2020,12,1,13,13117,1,9,1,3,CD20 E,43.4234557,5.2402478
202000034740,13,2,2020,1,5,13,13210,2,1,1,3,RABATAU (BOULEVARD),43.3,5.4
202000034741,12,2,2020,19,5,13,13207,2,1,1,6,CHARLES LIVON (BOULEVARD),43.292,5.359
202000034742,12,2,2020,20,5,13,13215,2,1,1,3,SAINT ANTOINE (AVENUE DE),43.3849,5.3586
202000034743,12,2,2020,16,1,13,13202,2,2,1,3,PARIS (BOULEVARD DE),43.3,5.4
202000034744,12,2,2020,12,1,13,13215,2,1,1,6,BOSPHORE (BOULEVARD DU),43.371944,5.364936
202000034745,12,2,2020,2,5,13,13209,2,1,1,6,AVIATEUR LE BRIX (RUE),43.26345,5.40439
202000034746,12,2,2020,10,1,13,13001,2,9,1,7,MARSEILLE (ROUTE DE ),43.47969,5.41466
202000034747,3,2,2020,10,1,13,13001,2,1,1,3,PICASSO PABLO (AV),43.52889,5.416105
202000034748,12,2,2020,15,1,10,10387,2,1,2,2,PASTEUR (RUE),48.2993,4.06587
202000034749,11,2,2020,19,5,10,10387,2,2,1,7,MAURICE ROMAGON (RUE),48.28,4.0874
202000034750,12,2,2020,7,2,03,03262,1,3,1,1,,46.374489,2.5923552
202000034751,12,2,2020,18,1,75,75116,2,1,1,2,PORTE MAILLOT,48.876323,2.278525
202000034752,14,1,2020,8,1,75,75120,2,1,1,2,BD PERIPHERIQUE EXTERIEUR,48.865173,2.413429
202000034753,12,2,2020,9,1,75,75106,2,1,1,3,QUAI MALAQUAIS,48.857832,2.335768
202000034754,12,2,2020,20,5,75,75120,2,1,1,6,RUE D AVRON,48.852248,2.403591
202000034755,12,2,2020,11,1,75,75120,2,1,1,6,RUE DU PRESSOIR,48.869005,2.383089
202000034756,12,2,2020,13,1,75,75119,2,3,1,3,RUE MANIN,48.884344,2.391302
202000034757,11,2,2020,12,1,75,75118,2,3,1,2,RUE DE LA CHAPELLE,48.893317,2.359621
202000034758,12,2,2020,15,1,75,75117,2,1,1,3,AVENUE DES TERNES,48.87949,2.290572
202000034759,12,2,2020,12,1,75,75117,2,4,1,3,RUE DE PONT A MOUSSON,48.898143,2.324039
202000034760,12,2,2020,9,1,75,75116,2,7,1,2,AVENUE D IENA,48.867996,2.296015
202000034761,11,2,2020,22,5,75,75115,2,3,8,-1,BOULEVARD VICTOR,48.833488,2.286588
202000034762,12,2,2020,11,1,75,75114,2,2,1,2,RUE D ALESIA,48.827482,2.334819
202000034763,12,2,2020,9,1,75,75113,2,1,1,6,AVENUE DE CHOISY,48.829946,2.356972
202000034764,12,2,2020,15,1,75,75111,2,1,1,6,CITE DE LA ROQUETTE,48.855033,2.373969
202000034765,12,2,2020,0,5,75,75110,2,2,1,3,BOULEVARD DE MAGENTA,48.878534,2.354054
202000034766,12,2,2020,13,1,75,75108,2,1,1,3,AVENUE HOCHE,48.877287,2.303166
202000034767,12,2,2020,17,1,75,75104,2,1,1,3,QUAI DE GESVRES,48.856329,2.349987
202000034768,12,2,2020,11,1,75,75101,2,3,1,-1,QUAI DU LOUVRE,48.859033,2.339892
202000034769,12,2,2020,7,1,94,94044,2,9,1,1,HENRI BARBUSSE (R),48.7472,2.4899
202000034770,11,2,2020,7,5,94,94046,2,3,2,6,PIERRE CURIE (R),48.812374,2.428271
202000034771,11,2,2020,13,1,94,94003,2,9,1,3,LAPLACE (AV),48.808423,2.331777
202000034772,12,2,2020,14,1,94,94034,2,1,1,2,EDOUARD HERRIOT (AV),48.75422,2.32687
202000034773,12,2,2020,7,5,94,94071,2,1,1,6,GARE (PL DE LA),48.771,2.508
202000034774,12,2,2020,15,1,93,93051,2,1,1,-1,NEUILLY (ROUTE),48.8492855,2.537198
202000034775,12,2,2020,21,5,93,93048,2,1,1,6,PARIS (RUE DE),48.8563472,2.4266294
202000034776,12,2,2020,18,1,93,93031,2,9,1,3,AV DU DIX HUIT JUIN 1940,48.95249,2.30726
202000034777,12,2,2020,12,1,93,93031,2,1,1,3,SAINT LEU (ROUTE DE) 1 à 157,48.94999,2.3411
202000034778,9,2,2020,13,1,93,93029,2,9,6,6,ROGER SALENGRO N° 94 - FIN,48.9161538,2.4363179
202000034779,12,2,2020,15,1,93,93013,2,2,1,6,LECLERC (AVENU DE LA DIVISION),48.9332,2.4242
202000034780,12,2,2020,17,1,93,93008,2,6,1,6,PROMENADE JEAN ROSTAND / AV PAUL VAILLANT COUTURIER,48.9081142,2.4530883
202000034781,12,2,2020,11,1,92,92064,2,1,1,6,DOCTEUR DESFOSSEZ,48.8428383,2.2204292
202000034782,12,2,2020,6,5,92,92033,2,3,1,6,MARQUIS DE MORES,48.8512828,2.1922816
202000034783,11,2,2020,17,1,92,92050,2,9,2,6,HAUTES PATURES RUE DES,48.9187029,2.2214306
202000034784,12,2,2020,18,5,92,92026,2,6,1,6,JEAN MERMOZ (SQUARE ET PLACE),48.90251,2.27478
202000034785,10,2,2020,14,1,92,92025,2,2,2,3,RENOUILLERS  (RUE DES),48.923896,2.240557
202000034786,12,2,2020,11,1,08,08145,1,1,1,4,RN 8043,49.675557,5.012727
202000034787,12,2,2020,20,5,69,69277,2,6,1,3,Route de Lyon,45.733231,4.992535
202000034788,13,2,2020,18,1,974,97405,2,3,1,3,Rue Mahe de Labourdonnais,-21.356372,55.565736
202000034789,13,2,2020,10,1,972,97225,2,1,1,6,Rue Bouille,14.74299,-61.176246
202000034790,13,2,2020,18,2,974,97414,1,1,1,3,24 Rue Leconte de Lisle,-21.279047,55.413322
202000034791,12,2,2020,18,2,41,41259,1,2,1,3,D917,47.77144,0.969861
202000034792,12,2,2020,14,1,79,79190,1,1,1,6,,46.668199,-0.44095
202000034793,13,2,2020,18,2,79,79213,1,1,1,1,,46.622717,-0.241249
202000034794,13,2,2020,7,2,79,79285,1,1,3,3,,46.603154,-0.287345
202000034795,12,2,2020,10,1,79,79109,1,1,1,1,Rue du Puits Japie,46.37222,-0.42345
202000034796,10,2,2020,8,1,32,32172,1,1,1,7,Saint-Jean-le-Comtal,43.567519,0.526185
202000034797,13,2,2020,16,1,63,63148,1,1,1,3,D210,45.8901454,3.2349365
202000034798,13,2,2020,7,1,42,42181,1,1,1,1,Rue Jean Jaures,45.98719,4.215462
202000034799,13,2,2020,0,3,22,22229,1,1,2,7,D 790,48.288331,-3.239678
202000034800,12,2,2020,6,5,44,44036,2,6,8,6,Place Charles de Gaulle,47.718283,-1.372222
202000034801,31,1,2020,16,1,31,31522,1,1,1,6,D3,43.296254,0.823127
202000034802,12,2,2020,19,3,38,38269,2,1,1,1,Boulevard Frejus Michon,44.909861,5.782676
202000034803,12,2,2020,8,1,03,03157,1,2,1,3,,46.2270508,3.5179324
202000034804,13,2,2020,15,1,01,01304,2,1,1,5,Route de Bourg,46.057695,5.332339
202000034805,12,2,2020,17,2,70,70369,1,1,2,7,D258,47.629092,5.7932709
202000034806,12,2,2020,17,2,26,26013,1,1,1,7,D64,44.369921,5.259479
202000034807,12,2,2020,22,3,50,50648,1,1,2,6,Carrefour des Vergers,49.496195,-1.514576
202000034808,13,2,2020,17,1,64,64331,2,1,1,6,place du marcadieu,43.449683,-0.111993
202000034809,11,2,2020,8,2,36,36010,1,1,6,7,Lieu-dit la baronnerie,46.8747344,1.0922948
202000034810,13,2,2020,7,3,85,85073,1,2,6,1,,46.50959,-1.16073
202000034811,12,2,2020,11,1,987,98725,2,1,1,2,pont de tuauru,-17.562591,-149.476051
202000034812,12,2,2020,21,5,971,97107,1,2,1,3,Doyon,16.076452,-61.562198
202000034813,13,2,2020,11,1,89,89399,1,1,3,4,A5,48.243182,3.360368
202000034814,13,2,2020,18,3,26,26367,1,1,1,1,RD 538,44.372337,5.111153
202000034815,11,2,2020,19,3,69,69188,1,1,1,5,D313,45.9216925,4.4723654
202000034816,13,2,2020,8,2,72,72025,1,1,3,3,D323,47.693046,-0.128886
202000034817,12,2,2020,14,1,27,27676,1,1,1,1,D135,49.232781,1.380726
202000034818,12,2,2020,16,1,60,60141,2,1,1,6,Avenue du Maréchal Joffre,49.189631,2.4628794
202000034819,12,2,2020,14,1,60,60682,2,2,1,3,Villers Saint Frambourg-Ognon,49.2545012,2.653327
202000034820,12,2,2020,11,1,80,80759,2,2,2,3,D1017,49.6477016,2.7520196
202000034821,12,2,2020,13,1,13,13215,1,1,1,2,A7-Sens Lyon vers Marseille,43.3649769,5.3604222
202000034822,12,2,2020,18,1,33,33249,1,1,1,2,ROCADE A 630,44.88357,-0.52003
202000034823,12,2,2020,12,1,94,94065,1,1,1,2,AUTOROUTE A106,48.7456,2.3601
202000034824,12,2,2020,9,1,94,94038,1,1,1,4,AUTOROUTE A6A,48.77879,2.34665
202000034825,12,2,2020,9,1,94,94034,1,1,1,2,AUTOROUTE A86,48.7614,2.31588
202000034826,12,2,2020,10,1,92,92050,1,1,1,2,A86,48.9179053,2.222548
202000034827,10,2,2020,19,3,78,78402,1,1,1,4,A13,48.963886,1.792222
202000034828,10,2,2020,0,3,94,94017,1,1,2,4,A4,48.8304,2.4896
202000034829,10,2,2020,12,1,75,75119,2,4,1,4,PORTE DES LILAS,48.881031,2.404129
202000034830,11,2,2020,6,5,75,75113,2,4,2,6,PORTE D ITALIE,48.815773,2.360704
202000034831,11,2,2020,11,1,75,75120,2,3,1,6,RUE DES LYANES,48.86269,2.406673
202000034832,11,2,2020,18,2,75,75119,2,7,2,3,PLACE DU MAQUIS DU VERCORS,48.878143,2.409352
202000034833,8,2,2020,21,5,75,75119,2,2,8,3,RUE DE CRIMEE,48.892176,2.37508
202000034834,11,2,2020,9,1,75,75118,2,1,1,6,AVENUE DE SAINT OUEN,48.897204,2.328866
202000034835,11,2,2020,9,1,75,75117,2,1,8,7,BOULEVARD BERTHIER,48.89364,2.31193
202000034836,10,2,2020,20,5,75,75112,2,1,3,2,AVENUE DU TREMBLAY,48.83413,2.454859
202000034837,30,7,2020,10,1,64,64140,2,1,1,5,SAINT GOBAIN (QUAI),43.51466,-1.4887
202000034838,31,7,2020,22,5,59,59043,1,1,1,6,BELLE CROIX (RUE DE LA),50.7168784,2.6931041
202000034839,29,7,2020,11,1,58,58194,2,1,1,2,RESISTANCE (SQUARE),46.99236,3.1597
202000034840,31,7,2020,7,1,56,56260,1,1,1,2,RN 165 -SENS NANTES / LORIENT-,47.6698,-2.74216
202000034841,30,7,2020,10,1,56,56121,2,9,1,3,LE SANT (RUE  GEORGES ),47.73978,-3.39087
202000034842,27,7,2020,10,1,55,55043,2,1,1,7,DE GAULLE (GENERAL),49.1721066,5.3830906
202000034843,30,7,2020,16,1,54,54483,1,1,1,1,ROSIERES (ROUTE DE),48.624,6.3163
202000034844,30,7,2020,10,1,49,49328,2,1,1,2,CADRE NOIR (PONT DU) N 347,47.2659,-0.09276
202000034845,31,7,2020,5,5,49,49007,2,1,1,3,ESTIENNE D'ORVES BOULEVARD,47.45567,-0.52988
202000034846,31,7,2020,17,1,45,45068,2,1,1,6,VIEUX RANG DE LANGLEE (RUE DU),48.0219,2.7202
202000034847,30,7,2020,14,1,44,44184,2,1,7,2,RD 492 DU RP EINSTEIN AU RP SARRELOUIS,47.266,-2.2556
202000034848,31,7,2020,16,5,44,44109,2,1,1,7,Rue du Port Durand,47.2529293,-1.5301734
202000034849,10,8,2020,17,1,38,38151,2,2,1,3,Avenue Danielle Casanova,45.14735,5.70134
202000034850,30,7,2020,18,1,38,38185,2,1,1,3,Boulevard Clemenceau,45.18368,5.73873
202000034851,31,7,2020,16,1,37,37261,2,1,1,3,TANNEURS (RUE DES),47.3959157,0.6806541
202000034852,29,7,2020,12,1,37,37233,2,3,1,3,POMPIDOU (AVENUE GEORGES),47.3819004,0.7121789
202000034853,31,7,2020,21,1,34,34172,2,1,1,5,HEIDELBERG (AVENUE DE),43.6213602,3.8151942
202000034854,31,7,2020,21,2,33,33063,2,3,1,3,Quai de Bacalan,44.85883,-0.55671
202000034855,6,7,2020,15,1,33,33063,2,1,1,6,QUAI LOUIS XVIII,44.84323,-0.56987
202000034856,30,7,2020,10,1,33,33550,2,3,1,1,Rue du Docteur Schweitzer,44.77388,-0.53156
202000034857,31,7,2020,4,5,33,33063,2,3,1,2,ALL DE BOUTAUT,44.86767,-0.57585
202000034858,31,7,2020,9,1,33,33529,2,3,1,1,EUROPE (RUE DE L'),44.61664,-1.11337
202000034859,31,7,2020,7,1,31,31555,2,1,1,3,PONT MONTAUDRAN,43.59851,1.45656
202000034860,30,7,2020,19,1,31,31555,2,1,1,3,RTE D AGDE,43.6264,1.47641
202000034861,30,7,2020,1,4,31,31149,2,1,1,6,AMPERE (AVENUE ANDRE MARIE),43.61118,1.30588
202000034862,31,7,2020,7,1,30,30007,2,1,1,3,CHAPTAL ( QUAI MAX ),44.12644,4.07181
202000034863,30,7,2020,15,1,29,29039,2,2,1,6,Rue Bayard,47.87085,-3.92124
202000034864,31,7,2020,14,1,27,27229,2,1,1,3,HUGO (RUE VICTOR),49.02207,1.14318
202000034865,31,7,2020,10,1,17,17300,2,1,1,6,SAUTEL  BOULEVARD ANDRE,46.16689,-1.13635
202000034866,30,7,2020,14,1,17,17200,2,1,1,2,HUIT MAI 1945   AVENUE DU,46.1792479,-1.1531495
202000034867,30,7,2020,2,5,13,13026,2,1,1,6,VALAMPE (bld de la),43.388525,5.146834
202000034868,31,7,2020,20,2,13,13213,2,1,1,1,CHARLES SUSINI (TRAVERSE),43.34052,5.41247
202000034869,28,7,2020,21,5,13,13206,2,2,1,3,LAFON (RUE),43.2912,5.3808
202000034870,30,7,2020,19,1,13,13212,2,1,1,3,SAINT JEAN DU DESERT (chemin),43.29459,5.416166
202000034871,30,7,2020,14,1,13,13209,2,1,1,1,REDON (BOULEVARD DU),43.251074,5.42202
202000034872,31,7,2020,5,2,13,13001,1,1,1,1,BERRE (ROUTE DE),43.53771,5.38197
202000034873,30,7,2020,20,2,11,11262,2,3,1,3,1848 (BOULEVARD),43.19186,3.01478
202000034874,30,7,2020,5,2,11,11397,1,1,1,7,RD 6113,43.204487,2.416457
202000034875,31,7,2020,7,1,10,10333,2,1,1,6,NOTRE DAME DES PRES (RUE DE),48.2895,4.0451
202000034876,28,7,2020,16,1,06,06104,2,9,1,3,LODOLA (AVENUE DE LA),43.76481,7.48087
202000034877,28,7,2020,15,1,02,02408,1,1,1,5,RN2,49.560677,3.6404
202000034878,31,7,2020,15,1,75,75105,2,3,1,6,RUE CUJAS,48.848332,2.341526
202000034879,30,7,2020,20,1,75,75106,2,1,1,6,RUE DE TOURNON,48.850237,2.337201
202000034880,31,7,2020,12,1,75,75120,2,1,1,-1,RUE DES FRERES FLAVIEN,48.877392,2.411532
202000034881,30,7,2020,20,1,75,75120,2,3,1,4,AVENUE DU DOCTEUR GLEY,48.877202,2.410032
202000034882,31,7,2020,19,1,75,75119,2,2,1,3,PLACE DE LA PORTE DE PANTIN,48.889755,2.395706
202000034883,31,7,2020,0,5,75,75119,2,4,1,2,BOULEVARD SERURIER,48.890421,2.396424
202000034884,31,7,2020,0,5,75,75117,2,3,1,1,AVENUE DE CLICHY,48.886608,2.326002
202000034885,31,7,2020,17,1,75,75116,2,1,1,3,ALLEE DE LA REINE MARGUERITE,48.849142,2.242051
202000034886,31,7,2020,7,1,75,75116,2,1,1,6,RUE AMIRAL HAMELIN,48.866365,2.292438
202000034887,30,7,2020,23,5,75,75117,2,2,9,6,AVENUE NIEL,48.879643,2.29471
202000034888,31,7,2020,13,1,75,75115,2,3,1,7,RUE DU DOCTEUR FINLAY,48.85291,2.286642
202000034889,31,7,2020,8,1,75,75115,2,2,1,3,RUE LECOURBE,48.845004,2.310651
202000034890,31,7,2020,8,1,75,75113,2,1,1,6,RUE BRUNESEAU,48.82486,2.387978
202000034891,30,7,2020,11,1,75,75113,2,1,1,3,QUAI D AUSTERLITZ,48.843029,2.366369
202000034892,31,7,2020,18,1,75,75112,2,3,1,2,BOULEVARD DE LA BASTILLE,48.85146,2.369225
202000034893,31,7,2020,17,1,75,75107,2,1,1,6,QUAI BRANLY,48.859101,2.293627
202000034894,30,7,2020,20,1,75,75107,2,1,1,3,QUAI BRANLY,48.85851,2.292735
202000034895,31,7,2020,10,1,75,75107,2,3,7,3,QUAI D ORSAY,48.862749,2.311654
202000034896,31,7,2020,1,5,75,75107,2,7,1,3,RUE DE L UNIVERSITE,48.860743,2.318754
202000034897,28,7,2020,9,1,75,75101,2,3,1,7,RUE DES BOURDONNAIS,48.860709,2.345778
202000034898,31,7,2020,12,1,94,94080,2,5,1,3,FELIX FAURE (R),48.84756,2.45249
202000034899,31,7,2020,10,1,94,94046,2,1,1,3,REPUBLIQUE (AV DE LA),48.80528,2.43944
202000034900,31,7,2020,9,1,94,94003,2,1,1,6,PRESIDENT NELSON MANDELA (AV),48.81223,2.32819
202000034901,31,7,2020,18,1,94,94041,2,1,1,6,PAUL VAILLANT COUTURIER (BD),48.81799,2.39832
202000034902,31,7,2020,9,1,94,94077,2,1,1,6,REPUBLIQUE (AV DE LA),48.73143,2.41485
202000034903,31,7,2020,14,1,94,94017,2,1,1,1,GENERAL DE GAULLE (AV DU),48.825112,2.501344
202000034904,31,7,2020,13,1,94,94017,2,1,1,6,LUCIE (QU),48.829922,2.502382
202000034905,31,7,2020,10,1,94,94017,2,1,1,6,PETIT BOIS (R DU),48.81934,2.498971
202000034906,30,7,2020,5,5,94,94017,2,2,1,2,STALINGRAD - PONT DE NOGENT (BD DE),48.829407,2.493169
202000034907,31,7,2020,7,1,93,93066,2,9,1,6,CASANOVA DANIELLE NR 2 A 50 ET 1 A 19,48.9297182,2.3601852
202000034908,29,7,2020,13,1,93,93066,2,1,1,4,LENINE (AVENUE) NR 28 A 62 ET 13 A 41,48.9409634,2.3670157
202000034909,31,7,2020,16,1,93,93051,2,1,1,2,PAUL PAMBRUN (BOULEVARD),48.85032,2.55297