Num_Acc,jour,mois,an,hr,condition_eclairage,departement,commune,condition_agglomeration,intersection,condition_atmosphere,type_collision,adresse,lattitude,longitude
202000034910,31,7,2020,11,1,93,93074,2,2,1,3,BOULEVARD JACQUES AMYOT / R D'ALGER,48.93978,2.56912
202000034911,30,7,2020,18,1,93,93045,2,2,1,2,R DE PARIS / R FRANCINE FROMOND,48.87905,2.41307
202000034912,31,7,2020,17,1,93,93014,2,2,8,5,COTEAU (AVENUE DU),48.91447,2.54568
202000034913,30,7,2020,23,5,93,93008,2,9,1,3,PICASSO (RUE PABLO),48.90906,2.44904
202000034914,31,7,2020,14,1,92,92033,2,1,1,6,GRANDE RUE,48.8443,2.18844
202000034915,28,7,2020,22,2,92,92050,2,1,1,3,CLEMENCEAU GEORGES AVENUE N° PAIR,48.8863041,2.2111546
202000034916,31,7,2020,14,1,92,92044,2,1,1,3,CHARLES PASQUA (QUAI) 58 A90,48.9017512,2.2861401
202000034917,31,7,2020,7,1,92,92040,2,2,1,-1,ERNEST RENAN,48.826971,2.279223
202000034918,30,7,2020,17,1,92,92036,2,1,1,3,PIERRE DE COUBERTIN PROLONGE,48.926487,2.284712
202000034919,1,8,2020,5,3,26,26231,1,1,1,6,1640 Route des Balmes,45.089891,5.008854
202000034920,1,8,2020,2,3,77,77415,1,1,1,5,A4,48.940522,3.0327215
202000034921,1,8,2020,16,1,83,83031,1,1,1,2,Autoroute A8,43.401181,6.36662
202000034922,16,7,2020,18,1,85,85159,2,1,1,1,D949  - PK 15200 croissant,46.47231,-1.04097
202000034923,31,7,2020,17,1,35,35014,1,1,1,6,La Haute Perauderie,48.005285,-1.274607
202000034924,1,8,2020,17,1,60,60207,2,1,1,6,Rue Saint-léger,49.285361,3.028295
202000034925,31,7,2020,18,1,44,44086,1,1,1,2,D775,47.681866,-1.593592
202000034926,31,7,2020,16,1,30,30221,1,1,1,1,N 580,44.038584,4.728756
202000034927,31,7,2020,19,1,50,50214,1,1,1,1,D454,48.930514,-1.095243
202000034928,31,7,2020,9,1,47,47108,1,1,1,5,Au Luc,44.487451,0.129433
202000034929,1,8,2020,12,1,41,41278,1,1,1,1,N10,47.655614,0.957688
202000034930,31,7,2020,18,1,77,77022,2,1,1,7,2 Grande Rue,48.442971,2.612187
202000034931,1,8,2020,15,1,56,56251,2,3,1,3,Rue Gabriel de Goulaine,47.629084,-2.667471
202000034932,31,7,2020,19,1,56,56053,1,1,1,6,Lieu Dit Villemaigre,47.738213,-2.609511
202000034933,1,8,2020,16,1,74,74109,1,9,7,2,Rue des Nants,46.088865,5.835729
202000034934,30,7,2020,22,3,2A,2A006,2,1,1,7,Ficciolosa,41.9739075,8.7425657
202000034935,1,8,2020,16,1,2B,2B150,1,3,1,3,Salduccio,42.566254,8.82046
202000034936,1,8,2020,19,1,32,32210,1,1,1,6,D121,43.561284,1.128078
202000034937,1,8,2020,1,3,49,49069,1,1,1,1,10 Rue de l'Etang,47.27845,-1.174303
202000034938,1,8,2020,9,1,12,12291,1,1,1,6,Vezouillac,44.21128,3.076547
202000034939,1,8,2020,12,1,47,47301,1,1,2,6,D933,44.559163,0.308776
202000034940,31,7,2020,17,1,41,41280,1,2,1,3,Avenue du Val du Cher,47.286276,1.769464
202000034941,1,8,2020,3,3,68,68060,1,1,1,6,D483,47.733428,7.132949
202000034942,31,7,2020,7,1,39,39470,1,4,7,3,,46.467561,6.06853
202000034943,31,7,2020,19,1,25,25424,1,3,1,3,RD32 - VANCLANS,47.100114,6.348467
202000034944,1,8,2020,15,1,25,25561,1,1,1,6,D107e1,47.168769,5.905881
202000034945,1,8,2020,10,1,35,35297,2,1,1,3,8 Route de St Onen la Chapelle,48.183303,-2.18504
202000034946,31,7,2020,20,1,29,29069,1,1,2,1,D105 - Route de Pont Cabioch,48.4025885,-4.5444197
202000034947,1,8,2020,1,3,29,29173,1,1,2,6,10 Allee de l'Eglantine,48.0064131,-4.1712951
202000034948,31,7,2020,17,1,38,38001,1,1,1,1,Rue Victor Hugo,45.552518,5.584756
202000034949,31,7,2020,14,1,01,01306,2,1,1,6,93 Grande Rue,46.260251,4.887822
202000034950,25,7,2020,13,1,66,66025,2,9,1,6,30 Avenue des Guinguettes,42.433284,1.946028
202000034951,1,8,2020,17,1,06,06079,1,1,1,1,318 Rue Capitaine de Corvette Marche,43.517766,6.936756
202000034952,1,8,2020,8,1,18,18231,1,1,1,6,D951,46.731022,2.590606
202000034953,19,7,2020,18,1,10,10287,1,1,1,2,D43,48.271433,4.369404
202000034954,31,7,2020,21,2,16,16181,1,1,1,6,Lieu dit Chez Redon,46.044642,0.663385
202000034955,30,7,2020,13,1,53,53262,1,1,1,7,D20,48.074911,-0.551355
202000034956,1,8,2020,2,3,24,24504,1,1,1,7,D43,45.200812,0.390296
202000034957,31,7,2020,17,1,17,17223,1,1,1,7,D739,45.871758,-0.231824
202000034958,1,8,2020,14,1,48,48016,1,1,1,-1,N106,44.476505,3.465301
202000034959,28,9,2020,9,1,33,33063,2,9,1,2,BD ALIENOR D'AQUITAINE/BD ALFRED DANEY/RUE LUCIEN FAURE,44.87014,-0.56659
202000034960,1,8,2020,8,1,48,48016,1,1,1,7,D986,44.466897,3.458505
202000034961,1,8,2020,11,1,52,52332,2,4,1,3,D107 - EPINANT,47.999053,5.458778
202000034962,28,9,2020,8,1,33,33522,2,3,1,3,AVE PIERRE CORNEILLE,44.788426,-0.586937
202000034963,31,7,2020,18,1,49,49301,1,1,1,2,RN249 ,47.095202,-1.010646
202000034964,28,9,2020,15,1,32,32013,2,1,1,2,CORPS FRANC POMMIES (AVENUE DU),43.62842,0.57937
202000034965,1,8,2020,1,3,80,80160,1,1,1,2,Viaduc de l'Avre (Pont),49.8532769,2.3562455
202000034966,25,9,2020,18,1,31,31555,2,1,1,3,AV DU GENERAL EISENHOWER,43.56032,1.39375
202000034967,1,8,2020,6,2,01,01254,1,1,1,6,A40,46.165981,5.299873
202000034968,25,9,2020,13,1,31,31555,2,1,2,2,BD DE STRASBOURG,43.6071,1.44712
202000034969,31,7,2020,1,3,18,18038,1,1,1,6,A71,46.793038,2.413731
202000034970,27,9,2020,8,1,29,29232,2,2,1,1,Rue de Benodet,47.98703,-4.10799
202000034971,1,8,2020,3,3,17,17038,1,1,1,2,N10,45.173922,-0.331274
202000034972,28,9,2020,7,1,26,26362,2,1,2,2,37 Rue Jean Jaurès,44.92808,4.90625
202000034973,31,7,2020,16,1,77,77069,1,2,7,2,D637,48.457416,2.587913
202000034974,28,9,2020,18,1,17,17200,2,1,1,2,CRAPAUDIERES   AVENUE DES,46.17242,-1.17413
202000034975,1,8,2020,10,1,77,77437,1,1,1,1,D401,49.042369,2.772353
202000034976,28,9,2020,10,1,17,17028,2,1,1,2,GRASSET   AVENUE EDMOND,46.13129,-1.099165
202000034977,1,8,2020,0,3,77,77393,1,1,1,2,N4,48.687509,2.964603
202000034978,28,9,2020,19,1,14,14030,2,1,1,7,CD N°126,49.2092838,-0.4222172
202000034979,28,9,2020,12,1,14,14327,2,3,1,3,PARC SAINT ANDRE (AVENUE DU),49.2049578,-0.3489017
202000034980,27,9,2020,10,1,14,14118,2,1,1,6,FALAISE (RUE DE  - 90 PAIR 95 IMPAIR),49.16868,-0.35189
202000034981,31,7,2020,19,1,78,78590,1,1,1,6,D91,48.680458,1.965477
202000034982,28,9,2020,12,1,13,13212,2,9,1,3,24 AVRIL 15 (AVENUE DU),43.30774,5.42686
202000034983,31,7,2020,18,1,83,83042,1,1,1,1,Chemin de la Mort du Luc,43.244703,6.554503
202000034984,1,8,2020,11,1,05,05063,1,1,1,6,D1091,45.037869,6.21279
202000034985,25,9,2020,13,1,13,13202,2,1,1,6,PARIS (BOULEVARD DE),43.311718,5.369206
202000034986,31,7,2020,16,1,67,67101,1,1,1,5,D1420,48.5183751,7.4793536
202000034987,28,9,2020,12,1,09,09225,1,1,1,3,MIREPOIX ROUTE DE,43.10182,1.63512
202000034988,1,8,2020,15,1,73,73242,1,1,1,6,D926,45.197643,6.279631
202000034989,1,8,2020,11,1,69,69167,1,1,1,7,D504,46.013699,4.586277
202000034990,28,9,2020,6,5,09,09225,2,1,2,3,FOIX AVENUE DE,43.10718,1.61825
202000034991,1,8,2020,19,2,69,69154,1,1,8,6,Route de la Luere,45.762329,4.63295
202000034992,28,9,2020,12,1,06,06088,2,1,1,6,RAIBERTI (R.),43.711,7.26411
202000034993,31,7,2020,11,1,44,44195,2,6,1,3,Le Bas Matz,47.370505,-1.95187
202000034994,27,9,2020,14,1,06,06027,2,9,1,3,BONAPARTE RUE,43.660114,7.150181
202000034995,25,9,2020,18,3,03,03095,1,1,2,3,,46.1538243,3.4918788
202000034996,31,7,2020,23,5,22,22343,2,7,1,3,Rue de Trozoul,48.772214,-3.578257
202000034997,1,8,2020,16,1,60,60141,2,1,1,7,D 1016 Chantilly,49.201014,2.460659
202000034998,28,9,2020,15,1,75,75120,2,1,1,4,PORTE DE VINCENNES,48.848316,2.414768
202000034999,27,9,2020,8,1,75,75118,2,1,2,6,ECHANGEUR CHAPELLE,48.900273,2.359246
202000035000,31,7,2020,2,5,13,13055,2,1,1,7,A507 sens Aubagne- Marseille,43.3356,5.3994
202000035001,27,9,2020,3,5,75,75120,2,1,2,6,PORTE DE BAGNOLET,48.86613,2.41282
202000035002,30,7,2020,13,1,83,83137,1,1,1,6,A50 VILLEVIEILLE/MARSEILLE,43.12132,5.95331
202000035003,27,9,2020,23,5,75,75106,2,2,2,3,BOULEVARD SAINT GERMAIN,48.852095,2.340302
202000035004,31,7,2020,13,1,69,69276,1,1,1,-1,A7   8.630 A 10.992,45.67409,4.84786
202000035005,28,9,2020,16,1,75,75119,2,1,2,6,BOULEVARD MACDONALD,48.898798,2.375793
202000035006,31,7,2020,16,1,33,33003,1,1,1,4,AUTOROUTE A 10,44.93689,-0.46706
202000035007,28,9,2020,8,1,75,75117,2,2,3,7,BOULEVARD DE COURCELLES,48.880849,2.312542
202000035008,31,7,2020,15,1,92,92064,1,1,1,6,A13,48.8392111,2.2186213
202000035009,28,9,2020,10,1,75,75117,2,2,2,7,RUE DE ROME,48.884033,2.318517
202000035010,31,7,2020,9,1,92,92050,1,1,1,6,A86,48.8921883,2.1806615
202000035011,31,7,2020,9,1,93,93064,1,1,1,3,AUTOROUTE A86,48.86121,2.4841
202000035012,28,9,2020,8,1,75,75114,2,3,2,6,BOULEVARD RASPAIL,48.840569,2.33011
202000035013,30,7,2020,23,5,94,94028,2,1,1,2,RN406.W,48.7766802,2.4422998
202000035014,28,9,2020,10,1,75,75113,2,2,2,2,AVENUE DES GOBELINS,48.83584,2.352502
202000035015,27,4,2020,11,1,64,64445,2,2,2,6,LILAS DES,43.3162,-0.33974
202000035016,27,9,2020,23,5,75,75113,2,2,2,3,BOULEVARD MASSENA,48.822286,2.371643
202000035017,29,5,2020,16,1,33,33522,2,3,1,6,Av.PIERRE CORNEILLE / R.SALVADOR ALLENDE - piétonne traverse Av.Corneille des no pairs vers impairs,44.78907,-0.58706
202000035018,28,9,2020,10,1,75,75105,2,1,2,2,PONT D AUSTERLITZ,48.8447,2.365555
202000035019,12,2,2020,9,1,25,25056,2,3,1,3,ROUSSEL RUE ROMAIN,47.25788,6.03251
202000035020,28,9,2020,8,1,75,75111,2,3,2,3,AVENUE DE LA REPUBLIQUE,48.866645,2.36729
202000035021,17,5,2020,20,2,34,34088,1,1,1,7,piste DFCI,43.597502,3.671579
202000035022,28,9,2020,16,1,75,75110,2,1,1,2,BOULEVARD DE LA VILLETTE,48.873159,2.375569
202000035023,28,9,2020,18,1,75,75108,2,1,1,2,RUE CLAPEYRON,48.881767,2.323983
202000035024,30,7,2020,17,2,988,98818,2,3,2,2,PROMENADE PIERRE VERNIER/ROUTE DU OUEN TORO,-22.30799,166.45159
202000035025,28,9,2020,1,5,75,75115,2,7,2,3,PLACE CHARLES MICHELS,48.846773,2.285648
202000035026,30,7,2020,23,5,974,97416,2,3,1,3,HUBERT DE LISLE(BOULEVARD),-21.343626,55.469293
202000035027,30,7,2020,10,1,974,97411,2,1,1,2,LECONTE DE LISLE (AVENUE),-20.89356,55.4854
202000035028,28,9,2020,13,1,94,94081,2,2,2,3,Av Rouget de l'Isle,48.7781669,2.3964471
202000035029,29,7,2020,17,1,974,97411,2,3,1,3,MONDON (RUE MONSEIGNEUR),-20.895,55.46022
202000035030,28,9,2020,16,1,94,94078,2,1,1,2,PRESIDENT JOHN FITZGERALD KENNEDY (AV DU,48.736922,2.468608
202000035031,26,7,2020,1,3,974,97407,2,4,1,6,MARINE(BOULEVARD),-20.94694,55.28211
202000035032,27,9,2020,1,5,94,94068,2,1,3,5,BAC (AV DU),48.7912,2.52002
202000035033,29,7,2020,16,1,974,97407,1,2,1,3,STEVENSON(RUE),-20.9314,55.29016
202000035034,18,9,2020,19,2,94,94042,2,3,1,3,GENERAL GALLIENI (AV DU),48.8201,2.4816
202000035035,29,7,2020,21,5,973,97302,2,3,1,3,STE THERESE(CITE ANATOLE),4.9171904,-52.3178172
202000035036,30,7,2020,22,5,69,69259,2,1,1,6,CLOS VERGER (DU)                    (R ),45.72305,4.89443
202000035037,7,7,2020,21,5,69,69199,2,9,1,6,YVES FARGE                          (BD),45.6953,4.8591
202000035038,30,7,2020,16,1,69,69387,2,1,1,-1,CHAMBAUD DE LA BRUYERE              (BD),45.72332,4.84211
202000035039,28,9,2020,11,1,94,94016,2,3,2,6,ESTIENNE D ORVES (R D),48.792118,2.320355
202000035040,30,7,2020,11,1,972,97213,2,1,1,2,AUTOROUTE A1,14.6081,-61.0049
202000035041,28,9,2020,6,5,94,94021,2,1,2,6,STALINGRAD (AV DE),48.77642,2.36745
202000035042,29,7,2020,13,1,972,97209,2,9,1,2,BISHOP (Avenue Maurice),14.61007,-61.05461
202000035043,28,9,2020,12,1,94,94055,2,1,2,1,MAURICE SCHUMAN,48.7784,2.5342
202000035044,30,7,2020,15,1,91,91377,2,1,1,1,JUIN (AVENUE DU MARECHAL),48.72003,2.28399
202000035045,28,9,2020,8,1,93,93071,2,3,2,6,JOHN F. KENNEDY (AVENUE),48.939684,2.5127278
202000035046,30,7,2020,12,1,91,91687,2,1,1,4,MARMONT (AVENUE),48.666372,2.376617
202000035047,28,7,2020,19,1,91,91182,2,1,1,1,DELOUVRIER (AVENUE PAUL),48.623152,2.418002
202000035048,30,7,2020,12,1,83,83069,2,3,1,3,GODILLOT  ( AVENUE ALEXIS ),43.116901,6.122566
202000035049,27,7,2020,8,1,81,81004,2,6,1,3,TEYSSIER (AV DU COLONEL),43.921234,2.167615
202000035050,29,7,2020,8,1,80,80674,2,1,1,6,CORBIE (RUE DE),49.901618,2.329488
202000035051,29,10,2020,17,3,88,88367,1,1,2,6,D50,48.339043,6.6561
202000035052,30,7,2020,11,1,77,77058,2,6,1,-1,GENETS (BOULEVARD DES) - D406,48.83538,2.72225
202000035053,29,7,2020,17,1,76,76540,2,2,1,3,BICHERAY. AVENUE DU COMMANDANT,49.44966,1.05055
202000035054,29,10,2020,23,3,74,74239,1,1,1,7,CD909,45.910384,6.419331
202000035055,29,10,2020,23,5,74,74302,2,1,1,6,départementale 909,45.906883,6.362886
202000035056,29,7,2020,12,1,76,76575,2,2,1,3,FERBER. RUE DU CAPITAINE,49.39554,1.07754
202000035057,29,10,2020,17,1,81,81140,1,1,1,6,D112,43.691886,1.79458
202000035058,28,9,2020,16,1,93,93048,2,2,8,3,COLMET LEPINAY (RUE),48.8549702,2.4429379
202000035059,29,7,2020,17,1,76,76351,2,2,1,3,GRAND HAMEAU (Avenue du ),49.52425,0.09686
202000035060,28,9,2020,8,1,93,93074,2,1,1,3,MEAUX RUE DE,48.9353,2.57119
202000035061,23,10,2020,19,3,33,33367,1,1,2,5,D672,44.603126,-0.191853
202000035062,28,7,2020,12,1,76,76351,1,1,1,3,LENINGRAD (BD DE),49.50035,0.1793
202000035063,28,7,2020,12,1,76,76351,2,1,1,6,JULES DURAND (BD),49.48947,0.15479
202000035064,28,9,2020,20,4,93,93029,2,3,1,3,EDOUARD VAILLANT N° 1-97,48.92849,2.43045
202000035065,28,10,2020,19,3,60,60107,1,1,1,2,D1016,49.3473533,2.4304354
202000035066,29,10,2020,12,1,80,80685,1,1,1,6,A1,49.709655,2.772288
202000035067,29,7,2020,20,3,74,74218,1,1,1,3,PAYS DE GAVOT (ROUTE DU)  RD11,46.384875,6.561687
202000035068,27,9,2020,16,1,93,93001,2,1,1,3,REPUBLIQUE (AVE DE LA ) 43/106 =>,48.9082505,2.3874717
202000035069,29,10,2020,20,5,33,33550,1,1,1,6,AUTOROUTE A 62,44.77699,-0.55901
202000035070,1,9,2020,15,1,92,92078,2,1,1,7,VERDUN (AVENUE) (IMPAIRS JJAURES>A86),48.934472,2.320687
202000035071,30,7,2020,13,1,69,69264,2,6,1,-1,SAVOYE CLAUDIUS   R,45.99365,4.73444
202000035072,29,10,2020,16,1,33,33487,1,1,1,4,AUTOROUTE A 10,44.95123,-0.46129
202000035073,28,9,2020,14,1,92,92047,2,1,2,7,JARDY,48.8276644,2.1515731
202000035074,29,10,2020,0,5,33,33063,1,1,1,6,ROCADE A 630,44.883902,-0.558044
202000035075,29,7,2020,20,2,67,67482,2,3,1,3,RHIN (AVENUE DU),48.572435,7.76592
202000035076,28,9,2020,9,1,92,92048,2,1,2,6,MARCEL ALLEGOT (RUE),48.82085,2.22806
202000035077,29,10,2020,18,3,91,91377,1,1,1,3,AUTOROUTE A10,48.71463,2.29017
202000035078,26,7,2020,23,5,65,65226,1,6,1,6,ROND POINT AUTOROUTE,43.223168,0.026185
202000035079,28,9,2020,10,1,92,92044,2,3,2,3,CHARLES PASQUA (QUAI) 58 A90,48.90163,2.28666
202000035080,29,10,2020,19,3,78,78640,1,1,1,2,A86 EXT,48.779678,2.190737
202000035081,29,7,2020,11,1,64,64445,2,1,1,2,JEAN MERMOZ,43.31931,-0.378623
202000035082,28,9,2020,6,5,92,92040,2,1,3,2,ARISTIDE BRIAND,48.8213196,2.2523947
202000035083,29,10,2020,7,2,92,92036,1,1,8,-1,A86,48.9374713,2.2956603
202000035084,28,7,2020,7,1,58,58194,2,6,1,3,RENE MARLIN (CARREFOUR),46.9998,3.1555
202000035085,26,9,2020,8,1,92,92035,2,2,1,2,République ( boulevard de la ),48.9057884,2.2531012
202000035086,29,10,2020,19,3,95,95582,1,1,1,2, A15,48.975675,2.239858
202000035087,29,7,2020,19,1,56,56121,2,6,1,3,FAOUEDIC ( AVE DU ),47.7477,-3.3651
202000035088,28,9,2020,0,5,92,92023,2,6,1,6,Rue de la Porte de Trivaux,48.7854816,2.2407188
202000035089,28,9,2020,9,1,92,92012,2,1,2,6,GEORGES ASKINAZI (ALLEE),48.8256321,2.2361895
202000035090,29,10,2020,19,3,95,95582,1,1,1,4,A15,48.975675,2.239858
202000035091,20,7,2020,18,1,54,54526,2,1,1,2,JAURES (BOULEVARD JEAN),48.6896218,6.2102848
202000035092,28,9,2020,2,5,92,92012,2,9,2,7,POINT DU JOUR (QUAI DU),48.8324242,2.2597993
202000035093,28,7,2020,17,1,54,54395,2,2,1,6,DUROC (RUE DU GENERAL),48.672295,6.172758
202000035094,29,10,2020,18,3,93,93066,1,1,1,2,A86,48.9253623,2.3393889
202000035095,27,9,2020,21,5,974,97415,2,4,1,6,63 Rue Jacques Aubert,-21.048438,55.263913
202000035096,29,7,2020,10,1,50,50002,2,1,1,3,PERIERS (ROUTE DE),49.11574,-1.13485
202000035097,29,10,2020,18,3,93,93007,1,1,1,2,AUTOROUTE A3,48.9345212,2.4807377
202000035098,29,7,2020,19,1,50,50203,1,1,1,7,VENTE (ROUTE DE LA),49.601503,-1.582647
202000035099,27,9,2020,16,1,22,22003,2,1,1,1,Les Fontenelles,48.446291,-2.122936
202000035100,29,7,2020,20,1,49,49007,2,1,1,6,Avenue Pasteur,47.47701,-0.5317
202000035101,29,10,2020,12,1,95,95424,1,1,1,4, A15,48.99269,2.18767
202000035102,28,9,2020,18,2,01,01443,1,1,3,5,,45.980144,5.013585
202000035103,29,7,2020,17,1,49,49007,2,1,1,3,COUBERTIN BOULEVARD,47.46065,-0.53268
202000035104,29,10,2020,12,1,93,93010,1,1,1,3,AUTOROUTE A3,48.9123,2.4761
202000035105,29,10,2020,10,1,92,92078,1,1,8,6,AUTOROUTE A86,48.928892,2.3305548
202000035106,30,7,2020,18,1,45,45302,2,6,1,3,Rue Nationale 20,47.9467931,1.8930402
202000035107,30,7,2020,8,1,45,45068,1,1,1,3,LAC (RUE DU),48.02622,2.72412
202000035108,4,9,2020,18,1,33,33072,1,2,1,3,D116,44.524569,-0.16863
202000035109,28,10,2020,22,3,93,93006,1,1,1,2,AUTOROUTE A3,48.86785,2.42799
202000035110,28,7,2020,16,1,41,41018,2,1,1,2,MARE (RUE DE LA),47.59745,1.32443
202000035111,30,7,2020,8,1,35,35238,2,2,1,1,LORIENT (DE),48.107915,-1.70292
202000035112,5,9,2020,13,1,68,68300,2,3,1,3,2 Rue de l'Aquitaine,47.776869,7.390038
202000035113,27,9,2020,9,1,14,14380,1,1,1,6,Loucelles,49.234697,-0.582865
202000035114,28,10,2020,9,1,95,95154,1,1,1,3, A1,49.04933,2.54704
202000035115,30,7,2020,8,1,35,35238,2,6,1,3,Rue de Saint-Brieuc,48.10931,-1.69772
202000035116,27,9,2020,16,1,59,59448,1,2,3,3,41 Route des Plages,50.937513,2.585407
202000035117,28,9,2020,16,1,68,68315,2,4,1,7,"11, Place du 4 Février",47.882339,7.225006
202000035118,29,10,2020,8,1,94,94017,1,1,1,4,A86.INT,48.8302764,2.4868936
202000035119,26,9,2020,16,1,57,57602,1,1,1,7,Route Départementale 55 H,49.267609,6.236844
202000035120,28,10,2020,6,2,77,77514,1,1,1,-1,A104,48.949663,2.628974
202000035121,29,9,2020,9,1,51,51493,1,6,1,6,D944,49.2277529,4.0991905
202000035122,24,8,2020,12,1,84,84007,2,1,1,3,PIOT (parking de l'ile),43.94534,4.79389
202000035123,29,9,2020,14,1,74,74234,1,1,1,4,Route des Esserieux,45.781292,6.31216
202000035124,27,10,2020,8,1,974,97416,2,1,1,7,ARCHAMBAUD (RUE),-21.33035,55.47944
202000035125,28,9,2020,19,2,77,77020,1,2,2,-1,N4 / D75a,48.692575,3.186057
202000035126,28,10,2020,14,1,974,97411,2,6,2,3,Route de la Rivière des Pluies,-20.902111,55.502801
202000035127,28,9,2020,6,3,76,76138,1,2,2,3,D151,49.658737,1.181805
202000035128,28,9,2020,14,1,80,80368,2,6,1,7,Rue Henri Barbusse,50.082257,1.543584
202000035129,28,10,2020,10,1,974,97411,2,3,1,5,AUBERT (RUE PIERRE),-20.89189,55.49552
202000035130,22,9,2020,7,2,81,81070,2,3,1,3,Avenue Jean Berenguier,43.818543,1.728657
202000035131,27,10,2020,15,1,974,97411,2,1,1,6,Avenue Leconte de Lisle,-20.8911945,55.4804045
202000035132,29,9,2020,5,2,11,11262,1,1,1,7,D13,43.219126,3.011069
202000035133,28,10,2020,11,1,974,97407,2,1,1,7,ANGLAIS (CHE DES) - RIVIERE DES GALETS,-20.9557087,55.314424
202000035134,28,10,2020,16,1,973,97302,2,1,1,6,DE GAULLE (AVENUE),4.9389642,-52.330842
202000035135,29,9,2020,17,1,71,71367,1,3,1,6,Route de Louhans,46.6446277,5.3018757
202000035136,28,9,2020,17,1,63,63265,1,1,2,6,59 Route de Lezoux,45.861235,3.444595
202000035137,28,10,2020,19,5,69,69383,2,2,1,3,FELIX FAURE                         (AV),45.75528,4.87262
202000035138,28,9,2020,14,1,63,63338,1,1,2,5,D2144,46.144877,2.854851
202000035139,27,10,2020,8,1,69,69199,2,2,1,3,SETIER (DU)                         (AL),45.69184,4.85842
202000035140,25,9,2020,13,1,61,61100,1,4,3,2,D930,48.725737,0.622294
202000035141,25,10,2020,20,4,972,97209,1,1,1,6,VICTOR CORIDUN (AVENUE),14.60668,-61.04686
202000035142,29,9,2020,1,3,68,68374,1,1,2,6,D417,48.063339,7.240763
202000035143,28,9,2020,18,2,39,39307,1,1,3,6,,46.503504,5.692646
202000035144,28,10,2020,13,1,69,69389,2,3,1,3,DOCKS (DES)                         (R ),45.78538,4.81054
202000035145,29,9,2020,7,2,31,31392,1,3,5,3,d2,43.476525,1.707687
202000035146,27,10,2020,18,5,971,97120,2,3,1,-1,NELSON MANDELA,16.2409912,-61.5318114
202000035147,27,10,2020,13,1,971,97101,2,1,1,7,GENERAL DE GAULLE,16.2581817,-61.526605
202000035148,28,9,2020,16,1,50,50210,1,1,1,3,31 Rue du Château,49.254778,-1.386198
202000035149,28,10,2020,10,1,2A,2A004,2,2,1,6,MADAME MERE BD,41.91433,8.72485
202000035150,28,9,2020,15,1,23,23228,1,1,8,1,D941,45.946991,2.233191
202000035151,29,9,2020,7,5,87,87154,2,1,1,3,10 Rue Fresnel,45.901343,0.933816
202000035152,28,10,2020,17,2,95,95582,2,1,2,3,BD GABRIEL PERI,48.967148,2.262238
202000035153,28,9,2020,7,2,19,19176,1,1,2,7,a89 PK 236+000,45.3741809,1.9660807
202000035154,28,10,2020,19,5,91,91477,2,4,1,3,MARCEAU (RUE),48.70556,2.2137
202000035155,28,9,2020,14,1,49,49349,1,1,1,7,Sèvremoine,47.145116,-1.188884
202000035156,28,10,2020,22,3,91,91114,1,1,1,6,RTE NATIONALE 6,48.682694,2.490919
202000035157,29,9,2020,16,1,06,06084,1,6,1,-1,644 Chemin de Castellaras,43.63393,6.984143
202000035158,28,9,2020,15,1,973,97309,2,1,1,3,Route de Montjoly (rd1),4.923395,-52.283048
202000035159,29,9,2020,9,1,01,01290,1,1,1,2,"autoroute A42, PK 025.800, sens LYON / GENEVE",45.863823,5.183661
202000035160,29,9,2020,10,1,66,66213,1,1,1,2,D612a,42.661267,2.822928
202000035161,28,9,2020,17,1,82,82142,1,1,1,2,A62,43.817545,1.352499
202000035162,26,10,2020,22,5,89,89387,2,3,2,3,PIERRE CASTETS (RUE),48.204713,3.295187
202000035163,28,9,2020,11,1,69,69121,1,1,3,3,a89,45.849384,4.672
202000035164,1,6,2020,10,1,83,83067,1,1,1,3,D97,43.345834,6.296421
202000035165,29,9,2020,17,1,31,31037,1,1,1,3,333 Les Bourrasses,43.3693546,1.7748182
202000035166,31,5,2020,19,1,56,56068,1,1,1,6,Les Aulnaies,47.992133,-2.520461
202000035167,18,9,2020,8,1,38,38140,1,1,1,6,A41,45.274468,5.903135
202000035168,30,5,2020,10,1,56,56036,2,1,1,6,Place Louis le Laennec,47.810391,-3.340557
202000035169,31,5,2020,17,1,74,74097,1,1,1,6,Route des Bauges,45.760525,6.055387
202000035170,31,5,2020,19,2,2B,2B121,1,1,1,6,D81,42.42314,8.722372
202000035171,31,5,2020,17,1,81,81217,1,1,1,1,D14,43.948694,1.729081
202000035172,29,9,2020,7,2,60,60424,1,1,2,4,A1,49.457682,2.702417
202000035173,27,10,2020,8,1,86,86194,2,1,2,2,Avenue de la Libération,46.57067,0.32479
202000035174,31,5,2020,17,1,32,32212,2,1,1,1,D931,44.03883,0.480802
202000035175,27,10,2020,16,1,85,85194,1,6,2,3,RD 760,46.52784,-1.7534
202000035176,10,9,2020,12,1,987,98750,1,1,1,6,"PK 43,5 EST OPOA",-16.837468,-151.403166
202000035177,31,5,2020,21,2,71,71168,1,1,1,6,Route de la Chize,46.831885,5.1860522
202000035178,31,5,2020,19,1,89,89464,2,1,7,6,8 Rue Joubert,48.082093,3.29349
202000035179,29,9,2020,17,1,77,77283,1,1,9,3,D405,49.078785,3.029308
202000035180,27,10,2020,20,5,83,83137,2,2,1,5,MOULINS (AVE DES DE 328 A FIN,43.1402331,5.9131205