Num_Acc,jour,mois,an,hr,condition_eclairage,departement,commune,condition_agglomeration,intersection,condition_atmosphere,type_collision,adresse,lattitude,longitude
202000035181,31,5,2020,11,1,89,89151,1,2,1,3,RUE DES FOURNEAUX,48.1282814,3.1998163
202000035182,28,9,2020,19,1,78,78368,1,1,1,3,17 bis Route de Mantes,48.904015,1.864694
202000035183,28,10,2020,15,1,83,83069,1,1,1,-1,MARAIS (ROUTE DES),43.07984,6.12702
202000035184,31,5,2020,16,1,63,63236,1,1,1,7,D983,45.554418,2.816491
202000035185,28,10,2020,8,1,81,81004,2,1,1,1,MILLAU (RTE DE) DU N° 32 A LA FIN,43.92992,2.18804
202000035186,29,9,2020,16,1,34,34145,1,3,1,3,Avenue du Vidourle,43.691754,4.162402
202000035187,31,5,2020,15,1,68,68218,1,1,1,7,Rue de Galfingue,47.723621,7.256191
202000035188,28,9,2020,21,3,83,83053,1,1,1,6,Dn8,43.158463,5.835811
202000035189,27,10,2020,19,5,80,80021,2,1,2,3,ABBEVILLE (RUE D'),49.91053,2.25682
202000035190,31,5,2020,22,3,68,68374,2,1,1,6,10 Rue des Prés,48.07447,7.286972
202000035191,27,10,2020,8,1,80,80021,2,1,1,3,SAINT HONORE (RUE),49.88791,2.28849
202000035192,27,9,2020,16,1,83,83053,1,1,1,1,Route d'Evenos,43.178448,5.850112
202000035193,31,5,2020,20,1,39,39088,1,1,1,7,,46.622533,5.485761
202000035194,13,8,2020,22,5,77,77111,2,3,1,6,RUE HADDOCK,48.85874,2.77572
202000035195,31,5,2020,3,3,29,29076,1,6,1,6,3 Lieu-dit Kerouman,48.446696,-4.552975
202000035196,27,10,2020,18,5,72,72181,2,1,2,1,CLEMENCEAU GEORGES ( BD) N° IMP,47.97851,0.21378
202000035197,1,6,2020,1,5,31,31490,2,1,1,6,25 Départementale 820,43.7443398,1.3686091
202000035198,8,10,2020,19,2,72,72181,2,1,1,6,HONGRIE (RUE DE),47.99425,0.23412
202000035199,31,5,2020,12,1,03,03026,1,1,1,7,Route du Vieux Bostz,46.4675282,3.2555106
202000035200,27,9,2020,14,1,06,06070,1,1,1,7,Route de Gentelly,43.796653,6.922067
202000035201,1,6,2020,10,1,66,66063,1,1,1,1,RD 900,42.484773,2.836146
202000035202,29,9,2020,16,1,68,68154,2,4,8,6,44 Rue de Riedisheim,47.761513,7.364139
202000035203,30,5,2020,16,1,54,54360,1,4,1,7,D10,48.766755,5.843461
202000035204,27,10,2020,6,5,71,71540,2,2,1,3,MOUILLELONGUE (BOULEVARD DE LA),46.7868315,4.4310221
202000035205,27,9,2020,13,1,74,74249,1,1,2,1,560 Piolan,46.373612,6.642464
202000035206,29,9,2020,7,2,74,74128,1,3,1,6,566 Route de la Vallée Verte,46.16399,6.364549
202000035207,21,10,2020,6,5,69,69266,2,1,6,-1,EMILE ZOLA     (Cours),45.76583,4.8998
202000035208,25,9,2020,12,1,49,49193,2,1,1,6,55 rue saint michel,47.142869,-0.892875
202000035209,1,6,2020,13,1,72,72132,2,6,7,3,Avenue Pierre Brulé,48.182742,0.661106
202000035210,20,9,2020,15,1,49,49035,1,1,1,3,D102e,47.447111,-0.618127
202000035211,26,10,2020,20,5,69,69266,2,2,1,3,ALSACE   (Rue d'),45.7711,4.86994
202000035212,28,9,2020,3,5,14,14047,2,1,1,7,15 Avenue Georges Clémenceau,49.278865,-0.699112
202000035213,28,10,2020,20,3,65,65100,1,1,1,2,BOURS (ROUTE DE),43.2695942,0.0796364
202000035214,31,5,2020,22,3,72,72241,1,1,1,6,Rue de Saussay,48.07485,0.41164
202000035215,25,10,2020,17,5,59,59152,2,3,2,3,REPUBLIQUE (RUE DE LA),50.762887,3.00294
202000035216,1,6,2020,13,1,72,72127,2,1,1,1,Route d'Allonnes,47.956454,0.09105
202000035217,29,9,2020,9,1,60,60589,1,6,1,2,D44,49.210816,2.444458
202000035218,28,9,2020,9,1,60,60282,1,1,2,7,D 1016,49.208121,2.46274
202000035219,31,5,2020,17,1,50,50256,1,1,1,7,D999,48.649533,-1.137385
202000035220,28,9,2020,17,1,13,13215,1,1,1,4,A7-Sens Marseille vers Lyon,43.370363,5.361144
202000035221,1,6,2020,11,1,50,50410,1,1,1,1,Ballant - Vessey,48.539654,-1.42664
202000035222,28,9,2020,13,1,69,69297,1,1,2,-1,A7   15.770 A 20.110,45.60202,4.79681
202000035223,31,5,2020,18,1,83,83002,1,1,1,3,D71,43.772254,6.257549
202000035224,27,10,2020,15,1,59,59650,2,2,2,1,PATRIOTES (RUE DES),50.707001,3.196757
202000035225,28,9,2020,18,1,33,33063,1,1,1,3,ROCADE A 630,44.88413,-0.55798
202000035226,27,10,2020,19,5,59,59324,2,1,2,1,LEON BLUM (RUE),50.29563,4.08951
202000035227,1,6,2020,10,1,16,16287,1,6,1,3,Ld Chantoiseau,45.577523,0.033925
202000035228,30,5,2020,17,1,21,21439,1,1,1,6,D977bis,47.2643856,4.6485257
202000035229,20,10,2020,16,1,59,59360,2,1,8,6,FOCH RUE DU MARECHAL,50.615247,3.018193
202000035230,26,10,2020,8,2,59,59017,2,3,3,6,SANGNIER (AVENUE MARC ),50.6951609,2.8817057
202000035231,25,9,2020,9,1,33,33063,1,1,1,4,ROCADE A 630,44.88718,-0.57081
202000035232,7,10,2020,18,1,58,58194,2,1,1,4,TREIZIEME DE LIGNE,46.9936,3.1379
202000035233,26,9,2020,0,3,59,59256,1,1,2,5,AUTOROUTE A23,50.572384,3.1548895
202000035234,31,5,2020,20,1,04,04230,1,1,1,1,RD 6,43.82784,5.942874
202000035235,26,10,2020,17,5,57,57666,2,1,1,6,Avenue du 14 Juillet 1789,49.34852,6.13101
202000035236,24,9,2020,18,1,59,59646,1,1,1,6,ROUTE NATIONALE 356,50.665666,3.114305
202000035237,31,5,2020,18,1,85,85031,1,1,1,1,D26,46.78143,-0.94273
202000035238,28,9,2020,14,1,78,78322,1,1,2,3,RN12,48.786781,2.150559
202000035239,31,5,2020,16,1,17,17140,2,1,1,7,RD 126 - Rue de la Paix,45.935035,-1.257591
202000035240,28,9,2020,9,1,78,78640,1,1,1,4,RN12 EXT,48.78204,2.16524
202000035241,27,9,2020,23,3,78,78297,1,1,3,6,RN12,48.78946,2.06974
202000035242,31,5,2020,16,1,87,87045,2,1,1,2,14 Avenue du Lac,45.990641,1.047778
202000035243,28,10,2020,18,5,54,54547,1,1,1,2,RD93A,48.6685192,6.189869
202000035244,28,9,2020,14,1,95,95252,1,1,2,3,AUTOROUTE A15,48.976514,2.235997
202000035245,28,9,2020,0,3,95,95154,1,1,1,6,A1,49.0381,2.54176
202000035246,27,10,2020,8,1,51,51230,2,1,1,3,Avenue de Champagne,49.0426612,3.962334
202000035247,27,9,2020,21,3,92,92036,1,1,2,3,AUTOROUTE A15,48.93921,2.29434
202000035248,28,10,2020,10,1,50,50129,2,2,2,3,MENDES FRANCE (BOULEVARD),49.63458,-1.62604
202000035249,1,6,2020,11,1,87,87203,1,1,1,4,Les Petites Maisons,45.623958,1.424811
202000035250,23,10,2020,14,1,49,49007,2,1,1,7,LETANDUERE,47.46442,-0.5554
202000035251,28,9,2020,6,3,94,94017,1,1,2,7,A4,48.8289,2.50059
202000035252,1,6,2020,8,1,74,74264,2,1,1,6,Avenue de la Colombière,46.052699,6.544794
202000035253,22,10,2020,22,5,49,49007,2,1,1,7,JUSSIEU,47.47671,-0.54631
202000035254,31,5,2020,22,3,64,64445,1,1,1,5,A64,43.338663,-0.36993
202000035255,27,9,2020,15,1,988,98818,2,1,1,1,ROUTE DU SUD N-1 (ROUTE PROVINCIALE),-22.22431,166.48289
202000035256,21,10,2020,7,2,49,49007,2,1,1,7,PATTON AVENUE,47.47327,-0.59555
202000035257,1,6,2020,15,1,49,49266,1,1,1,6,A11,47.437249,-0.771052
202000035258,27,9,2020,7,1,976,97611,2,1,2,3,cavani-Manguiers (rue des),-12.78517,45.22763
202000035259,27,9,2020,14,1,974,97416,1,1,1,6,RN1,-21.30006,55.4238
202000035260,2,10,2020,23,3,49,49007,2,2,2,3,ESTIENNE D'ORVES BOULEVARD,47.45566,-0.52986
202000035261,1,6,2020,15,1,14,14286,1,1,1,2,A29,49.365942,0.219512
202000035262,27,9,2020,19,3,974,97411,1,1,1,3,LITTORAL (ROUTE 1 DU),-20.8863,55.3912
202000035263,31,5,2020,6,2,988,98827,1,3,8,7,RT1/RM5 RTE DE GOHAPIN,-21.32445,165.15211
202000035264,27,9,2020,16,1,69,69259,2,1,2,6,MARCHE (DU)                         (PL),45.6960785,4.8772662
202000035265,28,10,2020,10,1,38,38169,2,2,2,3,A.BRIAND,45.18908,5.69891
202000035266,31,5,2020,11,1,972,97228,1,1,1,6,Boulevard Antonin Jerome Mercan,14.791247,-60.999283
202000035267,27,9,2020,0,5,69,69152,2,1,2,1,HENRI MOISSAN                       (R ),45.7045,4.82883
202000035268,31,5,2020,20,1,28,28096,1,1,1,6,21.6,48.882335,1.494591
202000035269,28,10,2020,8,1,38,38185,2,1,1,6,Rue Albert Recoura,45.17858,5.74245
202000035270,28,10,2020,16,1,35,35238,2,1,1,6,ECHANGE (D'),48.115,-1.68258
202000035271,1,6,2020,19,1,45,45142,2,1,1,1,Route de Nestin,47.9379623,2.153847
202000035272,23,9,2020,16,1,69,69382,2,3,1,3,DOCTEUR GAILLETON (DU)              (QU),45.74978,4.83124
202000035273,1,6,2020,17,1,77,77327,2,1,7,2,63 Rue du Général Leclerc,48.556183,3.01082
202000035274,27,9,2020,5,5,2A,2A004,1,1,2,6,ILES SANGUINAIRES ROUTE DES,41.908851,8.7143716
202000035275,31,5,2020,21,2,95,95610,1,1,1,7,D51,49.0934789,1.9114159
202000035276,27,10,2020,19,5,33,33550,2,1,1,3,RTE DE TOULOUSE,44.78941,-0.56673
202000035277,26,9,2020,18,1,95,95063,2,2,1,2,AV GABRIEL PERI,48.9289,2.21424
202000035278,1,6,2020,15,1,91,91180,1,2,1,3,16 Rue de la Borde,48.43701,2.478871
202000035279,11,1,2020,18,4,75,75119,2,1,1,3,BD PERIPHERIQUE EXTERIEUR,48.8953707,2.394777
202000035280,28,10,2020,12,1,33,33167,2,2,8,3,RTE DE LATRESNE,44.8216,-0.51402
202000035281,11,1,2020,15,1,75,75116,2,1,1,3,BD PERIPHERIQUE EXTERIEUR,48.8458296,2.2548485
202000035282,30,5,2020,14,1,78,78548,1,1,1,1,D91,48.710872,2.001733
202000035283,27,9,2020,7,1,83,83137,2,1,1,3,INFANTERIE DE MARINE (AVE D'),43.11754,5.93589
202000035284,20,10,2020,11,1,33,33063,2,2,2,3,RUE MARGUERITE CRAUSTE / RUE FRANCOIS DE SOURDIS,44.83537,-0.58886
202000035285,1,6,2020,13,1,05,05117,1,1,9,7,D994,44.403741,5.526123
202000035286,25,10,2020,11,1,33,33063,2,8,2,3,PCE BIR HAKEIM,44.83649,-0.56572
202000035287,29,5,2020,9,1,13,13031,2,1,1,6,12 rn96,43.37615,5.606305
202000035288,11,1,2020,16,1,75,75120,2,1,1,4,BD PERIPHERIQUE INTERIEUR,48.8744254,2.4108285
202000035289,12,1,2020,2,5,75,75119,2,1,1,6,AVENUE JEAN JAURES,48.882868,2.370528
202000035290,11,1,2020,13,1,75,75120,2,2,1,3,RUE PIXERECOURT,48.8725996,2.3961092
202000035291,12,1,2020,10,1,75,75116,2,1,1,7,RUE SPONTINI,48.8685964,2.2775696
202000035292,11,1,2020,22,5,75,75116,2,1,1,3,AVENUE EDOUARD VAILLANT,48.837403,2.254016
202000035293,11,1,2020,22,5,75,75115,2,2,1,1,PONT DE GRENELLE,48.8495695,2.2812921
202000035294,10,1,2020,22,5,75,75115,2,1,1,6,BOULEVARD DE GRENELLE,48.8496517,2.2964517
202000035295,27,10,2020,18,2,31,31555,2,1,1,3,AV DE LARDENNE,43.59294,1.39496
202000035296,26,9,2020,15,1,78,78124,2,2,1,5,TONKIN (RUE DU),48.916148,2.194548
202000035297,12,1,2020,12,1,75,75114,2,4,1,3,AVENUE DU MAINE,48.8350073,2.3239397
202000035298,28,10,2020,17,1,29,29051,1,1,1,4,N165 - Ergué-Gabéric,48.00038,-4.05083
202000035299,12,1,2020,18,5,75,75112,2,2,1,6,AVENUE LEDRU ROLLIN,48.8496123,2.3742761
202000035300,25,9,2020,18,1,77,77186,2,1,2,2,MARECHAL DE LATTRE DE TASSIGNY (BOULEVAR,48.40994,2.690856
202000035301,12,1,2020,4,5,75,75112,2,1,1,6,QUAI DE BERCY,48.8414645,2.372754
202000035302,1,6,2020,14,1,08,08328,1,1,7,7,voie verte,49.79786,4.759376
202000035303,11,7,2020,15,1,69,69256,2,1,1,6,FRANKLIN ROOSEVELT                  (R ),45.7465274,4.9330442
202000035304,28,10,2020,16,1,24,24145,2,9,1,3,ROQUE (AVENUE  DE LA),44.85062,0.53233
202000035305,11,1,2020,23,5,75,75109,2,2,1,6,RUE DU HELDER,48.8710783,2.3347968
202000035306,28,10,2020,2,3,17,17200,1,1,2,7,105,46.19191,-1.14283
202000035307,31,5,2020,11,1,68,68171,1,1,1,7,D430,47.961853,6.996682
202000035308,27,10,2020,12,1,17,17028,2,1,3,4,GAULLE   AVENUE DU GENERAL DE,46.13036,-1.11709
202000035309,31,5,2020,14,1,68,68028,1,1,1,1,D42,48.223636,7.314041
202000035310,12,1,2020,12,1,75,75108,2,7,1,3,PLACE DE LA CONCORDE,48.8666666,2.3220178
202000035311,23,8,2020,15,1,69,69266,2,1,1,2,LEON BLUM      (Rue),45.76059,4.90514
202000035312,12,1,2020,2,5,75,75108,2,2,1,6,AVENUE DES CHAMPS ELYSEES,48.8705166,2.3052532
202000035313,27,9,2020,20,5,64,64445,2,2,1,3,MONTPENSIER,43.29925,-0.37127
202000035314,12,1,2020,1,5,75,75108,2,7,1,3,AVENUE MARCEAU,48.8661175,2.299661
202000035315,26,9,2020,18,1,62,62160,2,1,2,6,WICARDENNE (Rue de),50.728453,1.6205102
202000035316,27,9,2020,19,2,45,45004,1,1,2,6,Rue des Bruyères,47.9906377,2.7831917
202000035317,31,5,2020,17,1,88,88321,1,1,1,7,route départementale 164,48.382777,5.697849
202000035318,27,9,2020,17,1,34,34172,2,1,1,2,MARCHE GARE (AVENUE DU),43.58559,3.8781
202000035319,12,1,2020,15,1,75,75104,2,2,1,3,QUAI DE L HOTEL DE VILLE,48.8543687,2.3549395
202000035320,22,10,2020,20,5,15,15014,2,1,1,6,LESCUDILLIERS (BOULEVARD DE),44.91405,2.43212
202000035321,27,9,2020,3,3,33,33063,2,3,2,6,QUAI RICHELIEU,44.83892,-0.56807
202000035322,12,1,2020,11,1,75,75101,2,1,1,6,RUE DES INNOCENTS,48.860429,2.347884
202000035323,28,10,2020,18,2,13,13213,2,3,1,1,SAINT JUST (AVENUE DE),43.31603,5.403927
202000035324,11,1,2020,21,5,94,94078,2,1,8,6,CHOISY (AV DE),48.74966,2.43428
202000035325,28,10,2020,17,1,13,13214,2,1,1,6,Chemin de Sainte Marthe,43.325581,5.388098
202000035326,27,9,2020,15,1,33,33529,2,6,1,3,DE GAULLE ( AVE CHARLES) 01 AU 85,44.63705,-1.12879
202000035327,12,1,2020,1,4,94,94028,1,1,1,2,FOCH(AVENUE DU MARECHAL),48.78236,2.43719
202000035328,26,9,2020,20,3,30,30189,2,1,1,3,LIBERTE (AVENUE),43.8222,4.3559
202000035329,28,10,2020,13,1,13,13211,2,9,1,6,SABLIERE (ROUTE DE LA),43.2942493,5.4803791
202000035330,12,1,2020,17,5,94,94017,2,1,1,2,REPUBLIQUE (AV DE LA),48.81707,2.51177
202000035331,27,9,2020,18,1,13,13212,2,1,1,3,ALPES (BOULEVARD DES),43.302682,5.414903
202000035332,31,5,2020,17,1,55,55183,1,1,1,-1,D19,49.3138757,5.3339186
202000035333,27,10,2020,16,1,13,13210,2,1,1,6,CAPELETTE (AVENUE DE LA),43.28071,5.40759
202000035334,12,1,2020,20,5,93,93055,2,3,1,3,GABRIELLE JOSSERAND,48.90371,2.39458
202000035335,25,10,2020,6,2,13,13204,2,1,1,6,ALEX. FLEMING (BOULEVARD),43.31558,5.40166
202000035336,27,9,2020,12,1,13,13211,2,3,1,-1,SAINT LOUP (BOULEVARD DE),43.2816881,5.4275499
202000035337,12,1,2020,12,1,93,93051,2,1,1,3,MEDERIC (AVENUE),48.83013,2.56045
202000035338,27,10,2020,11,1,13,13202,2,1,1,3,LITTORAL (CHEMIN DU),43.3324,5.3548
202000035339,29,5,2020,0,3,38,38349,1,1,1,7,Route de l'Ecluse,45.313393,4.799163
202000035340,27,9,2020,18,1,06,06088,2,1,1,3,GAMBETTA (A PARTIR DU N° 63-74),43.70482,7.25611
202000035341,12,1,2020,14,1,93,93048,2,1,1,4,R DE PARIS,48.85582,2.42322
202000035342,27,9,2020,15,1,06,06069,2,1,1,3,CARNOT (BOULEVARD ET TRAVERSE),43.65642,6.92269
202000035343,27,10,2020,10,1,13,13002,2,3,1,3,GÉNÉRAL DE GAULLE (AVENUE DU),43.338941,5.48049
202000035344,27,9,2020,17,1,06,06027,2,1,1,3,CANNES AVENUE DE (RN7),43.6522,7.1429
202000035345,11,1,2020,6,5,02,02131,1,1,1,6,5 Route de Soissons,49.394217,3.368597
202000035346,27,9,2020,11,1,75,75120,2,1,2,6,PORTE DE BAGNOLET,48.865968,2.412605
202000035347,30,5,2020,11,1,01,01376,2,1,1,6,1 Place d'Arménie,45.82526,4.981737
202000035348,11,1,2020,11,1,37,37010,1,2,7,3,RD 46,47.5549056,0.9212915
202000035349,20,10,2020,18,2,07,07186,1,1,1,1,COTE DU BARON,44.69841,4.58244
202000035350,13,1,2020,16,1,26,26116,1,1,1,5,Donzère,44.434347,4.691694
202000035351,26,9,2020,18,1,75,75113,2,1,1,2,PORTE D ITALIE,48.816707,2.365107
202000035352,28,10,2020,14,1,06,06069,2,1,1,2,SIDI BRAHIM (AVENUE),43.64909,6.93433
202000035353,25,9,2020,15,1,75,75119,2,1,1,2,PORTE DE LA VILLETTE,48.900283,2.383367
202000035354,12,1,2020,15,1,01,01194,1,1,1,2,D131,45.995661,4.752444
202000035355,28,10,2020,10,1,06,06027,2,3,1,3,NICE AVENUE DE (RN7),43.658923,7.162743
202000035356,13,1,2020,3,3,22,22193,1,1,1,7,Rn 12 pr 32+800,48.434126,-2.468738
202000035357,9,1,2020,23,3,34,34259,1,1,1,6,N109,43.630572,3.766737
202000035358,28,10,2020,7,2,75,75113,2,4,8,3,QUAI D IVRY,48.825913,2.386871
202000035359,13,1,2020,8,1,83,83054,2,6,1,6,Avenue du General de Gaulle,43.170437,6.049137
202000035360,9,1,2020,23,5,57,57067,2,2,2,3,Rue des Fauvettes,49.313646,6.192051
202000035361,27,10,2020,23,5,75,75116,2,1,2,3,BOULEVARD PERIPHERIQUE,48.86491,2.267604
202000035362,8,1,2020,2,3,51,51244,1,1,2,7,D79,48.7913172,4.3637322
202000035363,26,9,2020,23,5,75,75120,2,3,2,6,AVENUE CARTELLIER,48.864107,2.413174
202000035364,27,9,2020,6,5,75,75118,2,2,2,3,BOULEVARD NEY,48.898718,2.370363
202000035365,13,1,2020,9,1,56,56078,2,6,2,3,Rue de Kerbastic,47.7928668,-3.4915522
202000035366,31,5,2020,17,1,01,01249,1,1,1,2,Route du Mas-rillier,45.8353879,4.9188324
202000035367,27,10,2020,16,1,75,75117,2,4,1,4,BOULEVARD PERIPHERIQUE,48.884449,2.286105
202000035368,12,1,2020,17,2,76,76211,1,3,2,6,D149,49.9118176,1.5571774
202000035369,27,9,2020,14,1,75,75116,2,1,2,3,CARREFOUR DE LONGCHAMP,48.863607,2.239857
202000035370,13,1,2020,6,2,2A,2A104,1,1,1,6,Saint Jean de Pisciatello,41.914224,8.846988
202000035371,27,10,2020,12,1,75,75120,2,1,2,3,BOULEVARD PERIPHERIQUE,48.859033,2.41411
202000035372,9,12,2020,18,5,22,22113,2,4,1,6,TREGUIER (RUE DE),48.732419,-3.456372
202000035373,28,10,2020,17,5,75,75117,2,2,8,-1,AVENUE DE LA PORTE D ASNIERES,48.891835,2.301555
202000035374,10,12,2020,21,5,18,18033,2,1,2,3,VILLENEUVE (CHEMIN DE),47.06178,2.35869
202000035375,13,1,2020,8,1,82,82018,1,1,1,3,304 Chemin de Martel,44.105495,1.50974
202000035376,27,9,2020,1,5,75,75116,2,2,3,2,AVENUE MOZART,48.857296,2.273043
202000035377,13,1,2020,0,3,33,33193,1,1,1,6,50 Route de l'Ocean,45.434177,-1.144534
202000035378,27,9,2020,19,4,75,75115,2,2,2,3,AVENUE DE LOWENDAL,48.849415,2.303793
202000035379,10,12,2020,17,5,18,18033,2,3,2,3,SAINT-MICHEL (RTE DE),47.10825,2.43096
202000035380,12,1,2020,21,5,33,33395,2,1,1,7,15 Route de Blanquet,45.233916,-0.787457
202000035381,10,12,2020,9,1,17,17300,2,6,1,6,EUROPE   ROND-POINT DE L',46.14213,-1.15823
202000035382,26,10,2020,20,5,75,75116,2,2,1,3,AVENUE DE NEUILLY,48.878439,2.279831
202000035383,26,9,2020,22,5,75,75114,2,2,2,3,BOULEVARD BRUNE,48.824645,2.31952
202000035384,13,1,2020,17,2,81,81188,1,1,1,6,D622,43.7086854,2.7908658
202000035385,28,10,2020,12,1,75,75113,2,1,1,6,RUE REGNAULT,48.824758,2.377276
202000035386,27,9,2020,3,5,75,75113,2,2,2,6,BOULEVARD DE L HOPITAL,48.843704,2.36457
202000035387,10,12,2020,7,5,17,17300,2,1,2,3,LECLERC   AVENUE DU GENERAL,46.162288,-1.156566
202000035388,28,10,2020,15,1,75,75109,2,1,8,2,RUE DU FAUBOURG POISSONNIERE,48.876314,2.348496
202000035389,13,1,2020,12,1,71,71014,2,2,8,2,Route d’Arnay,46.957885,4.306089
202000035390,26,9,2020,23,5,75,75112,2,3,1,6,AVENUE DAUMESNIL,48.838102,2.399644
202000035391,9,12,2020,9,1,13,13054,2,9,1,1,RAUMARTIN (AV DU ),43.40962,5.25473
202000035392,5,1,2020,19,5,44,44196,2,1,1,6,D17,47.5518905,-2.0786531
202000035393,31,5,2020,22,3,01,01202,1,1,1,7,D1075,45.921453,5.340364
202000035394,28,10,2020,14,1,75,75108,2,7,8,3,PLACE DE LA CONCORDE,48.866065,2.320974
202000035395,10,12,2020,12,1,13,13215,2,1,2,3,SAINT ANTOINE A SAINT JOSEPH (CHEMIN DE),43.36482,5.36155
202000035396,27,9,2020,5,5,75,75111,2,3,2,6,AVENUE PARMENTIER,48.863083,2.376158
202000035397,11,1,2020,15,1,35,35360,2,3,2,6,5 Rue du Mée,48.11443,-1.205812
202000035398,1,6,2020,16,1,69,69220,1,1,8,3,Route de Sainte-foy l'Argentière,45.7333595,4.4680378
202000035399,27,9,2020,4,5,75,75110,2,4,2,6,BOULEVARD DE MAGENTA,48.88143,2.351443
202000035400,10,12,2020,13,1,13,13208,2,3,2,3,LOUIS REGE (RUE),43.2810717,5.3893572
202000035401,28,10,2020,16,1,75,75107,2,2,2,2,QUAI BRANLY,48.860627,2.295491
202000035402,12,1,2020,21,3,35,35104,1,1,1,6,RD 4,48.510103,-1.688964
202000035403,27,9,2020,2,5,75,75103,2,2,2,3,BOULEVARD DE SEBASTOPOL,48.86443,2.351517
202000035404,13,1,2020,20,3,29,29267,1,1,3,6,D72 -Rte de Chateauneuf,48.16295,-3.870244
202000035405,26,9,2020,19,5,75,75102,2,1,1,3,BOULEVARD DES ITALIENS,48.87181,2.339039
202000035406,10,12,2020,10,1,13,13206,2,1,2,7,GUADELOUPE (IMPASSE DE LA),43.28,5.37
202000035407,24,9,2020,20,5,75,75102,2,1,2,6,RUE DANIELLE CASANOVA,48.868132,2.330921
202000035408,12,1,2020,20,3,29,29160,1,3,1,1,D59,48.474336,-4.391152
202000035409,27,9,2020,13,1,94,94028,1,1,2,7,ECHAT(RUE DE L'),48.799873,2.446976
202000035410,26,9,2020,13,1,94,94077,2,1,1,3,PAUL VAILLANT COUTURIER (AV),48.73514,2.41811
202000035411,4,1,2020,14,1,02,02714,1,1,1,2,N31,49.373217,3.458213
202000035412,31,5,2020,19,1,69,69112,1,1,1,1,D70,45.805436,4.664635
202000035413,25,10,2020,14,1,75,75107,2,1,2,7,QUAI BRANLY,48.858612,2.292878
202000035414,10,12,2020,12,1,13,13005,2,1,8,3,Route de Marseille,43.28474,5.54951
202000035415,27,9,2020,22,5,94,94018,2,9,2,3,CARRIERES (QU DES),48.818791,2.409583
202000035416,1,6,2020,10,1,14,14724,1,1,1,5,3 Les Boursiers,49.2561149,-0.1327731
202000035417,12,1,2020,11,1,84,84148,2,1,7,6,3 Le Cours,44.057966,5.233142
202000035418,27,9,2020,12,1,93,93066,2,3,8,2,R CROIZAT AMBROISE / R CHARLES CHRISTOFLE,48.9302,2.3504
202000035419,28,10,2020,18,3,75,75101,2,2,1,6,RUE DE RIVOLI,48.860434,2.342324
202000035420,28,10,2020,16,2,75,75104,2,2,2,7,RUE DES ARCHIVES,48.857514,2.354241
202000035421,9,12,2020,14,1,11,11262,2,1,1,-1,CARNOT (AVENUE),43.1926972,3.0085635
202000035422,27,9,2020,14,1,93,93047,2,2,2,3,GABRIEL PERI  (AVENUE),48.8902347,2.5520269
202000035423,8,12,2020,17,1,11,11262,2,1,1,-1,CUXAC (ROUTE DE),43.20048,3.0138
202000035424,1,6,2020,9,1,60,60346,2,6,1,1,Rue des Marais,49.153359,2.429191
202000035425,31,5,2020,12,1,13,13055,1,1,1,2,A507 sens Marseille - Aubagne,43.3297,5.4126
202000035426,30,5,2020,15,1,13,13055,1,1,1,2,A507 sens Marseille - Aubagne,43.29609,5.42445
202000035427,13,1,2020,13,1,05,05164,1,1,1,5,N94,44.535545,6.385798
202000035428,30,5,2020,16,1,67,67152,1,1,1,2,Route Nationale 83,48.52276,7.69629
202000035429,27,9,2020,9,1,93,93008,2,1,2,3,TARRAL (RUE GEORGES),48.9080994,2.4706996
202000035430,8,12,2020,19,5,10,10387,2,1,8,4,COMTES DE CHAMPAGNE (QUAI DES),48.29876,4.07784
202000035431,12,1,2020,15,1,50,50235,1,1,1,3,Le Cocuet,49.408753,-1.740566
202000035432,31,5,2020,17,1,91,91687,1,1,1,5,AUTOROUTE A6,48.6599,2.3732
202000035433,27,9,2020,13,1,93,93005,2,9,1,3,MITRY [CD115] (ROUTE DE),48.9464732,2.5107805
202000035434,9,12,2020,11,1,10,10081,2,1,8,6,GENERAL SARRAIL (AVE),48.30316,4.02924
202000035435,27,9,2020,22,5,92,92048,2,9,2,3,PARIS (RUE DE) N° 12 A 164,48.81245,2.244521
202000035436,9,12,2020,17,4,07,07281,2,1,8,6,GROSS-UMSTADT (AVENUE DE),44.94435,4.8567
202000035437,27,9,2020,19,5,92,92040,2,1,2,2,BOURGAIN (AVENE),48.821587,2.265788
202000035438,27,9,2020,16,1,92,92060,2,6,2,3,DESCARTES (AVENUE),48.7763282,2.2496532
202000035439,28,9,2020,7,1,974,97415,2,3,1,3,Rue Gabriel Martin,-20.9773186,55.3255928
202000035440,28,9,2020,4,3,974,97415,2,1,1,6,Route de Cambaie,-20.961309,55.293868
202000035441,13,1,2020,8,2,60,60471,2,2,2,3,Rue Jean Abel Lefranc,49.582636,2.9986006
202000035442,30,5,2020,15,1,91,91216,1,1,1,2,AUTOROUTE A6,48.68374,2.3287
202000035443,10,12,2020,23,5,06,06027,2,1,1,3,GAUDE AVENUE DE LA,43.6779,7.151
202000035444,13,1,2020,13,1,45,45175,1,1,9,6,D18-PR 17+300,47.743354,1.850085
202000035445,31,5,2020,1,3,91,91617,1,1,1,6,RN 104,48.63149,2.49626
202000035446,9,12,2020,15,1,05,05061,1,3,1,3,RN 85,44.6248131,6.0831035
202000035447,27,9,2020,13,1,35,35176,2,2,1,3,Rue Pitrel,47.831074,-1.79597
202000035448,28,10,2020,16,1,94,94067,2,2,2,3,GALLIENI (AV),48.84642,2.4175