Num_Acc,jour,mois,an,hr,condition_eclairage,departement,commune,condition_agglomeration,intersection,condition_atmosphere,type_collision,adresse,lattitude,longitude
202000035449,12,1,2020,17,2,64,64477,1,1,1,7,"Route d'Ispéguy, Départementale 949",43.177604,-1.392606
202000035450,10,12,2020,18,5,75,75119,2,1,1,3,AVENUE JEAN JAURES,48.887882,2.389646
202000035451,31,5,2020,14,1,92,92023,1,1,1,2,RN385,48.7768071,2.2306989
202000035452,27,10,2020,14,1,94,94002,2,3,2,3,R CHARLES DE GAULLE,48.814504,2.412513
202000035453,28,10,2020,13,1,94,94033,2,9,1,6,PAUL LANGEVIN (R),48.854766,2.479211
202000035454,10,12,2020,13,1,75,75118,2,2,1,3,AVENUE DE LA PORTE DE SAINT OUEN,48.897739,2.329031
202000035455,11,1,2020,19,3,40,40044,1,1,1,5,1114 Route Nationale N°117,43.549114,-1.322949
202000035456,26,9,2020,19,1,35,35356,1,1,1,6,la martinais,48.256899,-1.751611
202000035457,31,5,2020,19,1,95,95018,1,1,1,4,AUTOROUTE A15,48.9497706,2.2805053
202000035458,11,1,2020,21,5,85,85105,2,1,1,6,7 Rue de la Rivière,46.373446,-0.924114
202000035459,27,9,2020,1,5,95,95229,2,1,2,1,Grande Rue,49.029508,2.363428
202000035460,29,5,2020,18,1,95,95277,1,1,1,4, A3,48.97391,2.48865
202000035461,11,1,2020,15,1,48,48092,2,1,7,6,1 avenue du Maréchal Alphonse Juin,44.558159,3.290022
202000035462,12,1,2020,23,3,52,52172,1,1,1,6,D13,48.416733,4.916673
202000035463,27,10,2020,19,5,94,94055,2,1,2,6,PINCE VENT (AV DE),48.789342,2.548765
202000035464,28,9,2020,8,1,43,43095,1,1,2,1,RN102,45.150921,3.654199
202000035465,10,12,2020,12,1,75,75112,2,2,1,3,AVENUE LEDRU ROLLIN,48.845873,2.367671
202000035466,27,9,2020,18,1,17,17196,1,1,1,6,D732,45.571042,-0.644175
202000035467,10,12,2020,17,2,75,75111,2,2,1,3,BOULEVARD DE CHARONNE,48.85031,2.398605
202000035468,28,9,2020,1,3,71,71270,1,1,8,7,A40 PK 206+800 sens Macon/Genève,46.3512031,4.8268553
202000035469,31,5,2020,14,1,94,94017,1,1,1,4,A4,48.83004,2.49655
202000035470,9,1,2020,18,3,68,68253,1,1,1,5,A36,47.787556,7.459888
202000035471,28,10,2020,10,1,93,93073,2,1,8,3,VAILLANT (BOULEVARD CHARLES),48.9439,2.5732
202000035472,27,9,2020,12,1,83,83085,1,1,1,2,Route de Callas,43.515786,6.565554
202000035473,31,5,2020,12,1,94,94033,1,1,1,2,A86.EXT,48.8542817,2.4895683
202000035474,3,1,2020,17,1,987,98715,1,1,1,7,RT5,-17.584522,-149.568578
202000035475,30,5,2020,20,1,94,94017,1,1,1,2,A4,48.83,2.49
202000035476,9,1,2020,1,3,34,34340,1,1,1,2,Autoroute A9 - PK 75+300,43.7182909,4.140234
202000035477,28,10,2020,18,4,93,93005,2,1,2,6,EDGAR DEGAS (RUE),48.9565435,2.4953908
202000035478,27,9,2020,20,3,34,34014,1,1,2,7,Avenue de Montpellier,43.694563,3.89946
202000035479,10,12,2020,7,2,75,75111,2,2,1,3,BOULEVARD RICHARD LENOIR,48.866345,2.368856
202000035480,31,5,2020,4,5,988,98818,2,3,3,1,RUE JACQUES IEKAWE/RUE DE CASTELLANE,-22.23718,166.47455
202000035481,12,1,2020,9,1,988,98813,1,3,1,3,RT1/RM8,-21.8194,165.86787
202000035482,29,5,2020,6,1,988,98818,2,1,1,3,RUE AUGUSTE BRUN,-22.27647,166.44167
202000035483,12,1,2020,13,1,37,37210,2,1,1,1,La Catinerie,47.213144,0.3170126
202000035484,30,5,2020,18,5,974,97416,1,1,1,7,DIAGONALE(CHEMIN),-21.30283,55.47237
202000035485,11,1,2020,17,3,78,78398,1,1,1,2,D155,48.763474,1.825865
202000035486,30,5,2020,22,5,69,69276,2,1,1,3,HECTOR BERLIOZ                          ,45.6679534,4.8529456
202000035487,13,1,2020,10,1,2B,2B042,2,1,1,3,T11,42.571097,9.441934
202000035488,28,10,2020,20,5,93,93070,2,9,8,6,LANDY(RUE):N° 1 AU 43,48.91401,2.34444
202000035489,26,9,2020,19,2,57,57733,2,1,2,6,10 Route de Luttange,49.30656,6.263639
202000035490,28,10,2020,13,1,93,93051,2,3,1,3,Rue des Ormes,48.84515,2.52766
202000035491,13,1,2020,7,1,84,84132,1,2,1,3,Route de Fontaine de Vaucluse,43.903524,5.014475
202000035492,26,9,2020,3,5,79,79337,2,1,1,6,2 Rue de la Mairie,46.295538,-0.636856
202000035493,28,10,2020,14,1,93,93048,2,1,1,6,JEAN LOLIVE (RUE),48.86726,2.4293
202000035494,12,1,2020,16,4,54,54463,1,2,2,7,Les 4 Vents,48.79565,6.014984
202000035495,30,5,2020,15,1,69,69388,2,1,1,4,VIENNE (DE)                         (RO),45.721,4.85419
202000035496,27,9,2020,21,3,80,80530,1,1,3,6,D120,49.939538,2.532392
202000035497,10,12,2020,8,2,75,75109,2,2,1,3,BOULEVARD DE ROCHECHOUART,48.883611,2.349514
202000035498,30,5,2020,10,1,972,97209,2,9,1,3,CHATEAUBOEUF (ROUTE DE),14.6175531,-61.0468244
202000035499,9,12,2020,9,1,75,75109,2,2,1,3,RUE DE TREVISE,48.87594,2.345548
202000035500,29,5,2020,20,5,972,97209,1,1,1,2,AUTOROUTE (A1),14.61824,-61.03769
202000035501,29,5,2020,20,1,69,69389,2,1,1,6,AUGUSTE ISAAC                       (R ),45.7865755,4.8076769
202000035502,10,12,2020,16,5,75,75108,2,3,1,4,AVENUE DES CHAMPS ELYSEES,48.871926,2.300929
202000035503,28,9,2020,10,1,93,93027,2,4,1,3,LECLERC (AVENUE DU GENERAL),48.92701,2.37951
202000035504,28,10,2020,19,5,93,93047,2,1,1,6,EUROPE (BOULEVARD DE L'),48.8952458,2.5703619
202000035505,27,10,2020,8,1,93,93005,2,1,1,6,MARC CHAGALL (BOULEVARD),48.95261,2.49682
202000035506,28,10,2020,7,2,92,92078,2,6,1,7,CHARLES DE GAULLE (BD)(72 AU 308),48.9413366,2.3221855
202000035507,13,1,2020,16,1,26,26220,1,1,1,3,D94,44.37208,5.154886
202000035508,30,5,2020,10,1,69,69384,2,9,1,3,ESSES (DES)                         (MO),45.77424,4.81305
202000035509,28,9,2020,13,1,69,69248,1,1,2,1,D504,46.040937,4.308792
202000035510,10,12,2020,10,1,75,75116,2,1,1,3,AVENUE RAYMOND POINCARE,48.868702,2.285603
202000035511,28,10,2020,16,1,92,92040,2,1,2,2,GAMBETTA (BOULEVARD),48.8272466,2.2785218
202000035512,29,5,2020,16,1,69,69034,2,1,1,6,PIERRE TERRASSE                     (AV),45.7986265,4.8493682
202000035513,13,1,2020,14,1,69,69163,1,1,1,5,Route de varennes,45.9179576,4.7748953
202000035514,28,10,2020,11,1,92,92036,2,1,1,-1,CAMELINAT (BOULEVARD) (1/47),48.92786,2.297899
202000035515,27,9,2020,21,3,89,89418,1,1,8,7,RD 35,47.8481132,3.9381748
202000035516,12,1,2020,21,3,17,17219,1,1,2,6,D728,45.82765,-1.094208
202000035517,26,9,2020,9,1,63,63125,1,1,3,6,Lieu-dit TARRAGNAT,45.778539,3.538971
202000035518,30,5,2020,8,1,971,97101,1,1,1,6,CHAUVEL,16.2392349,-61.5231586
202000035519,28,9,2020,15,1,63,63380,1,1,2,3,D996,45.5895819,2.9691132
202000035520,30,5,2020,20,1,95,95555,2,1,1,6,RAGUENETS (RUE DES),48.9602115,2.2836918
202000035521,23,9,2020,14,1,49,49149,1,2,2,3,D176,47.335093,-0.303068
202000035522,13,1,2020,16,1,85,85112,1,1,1,-1,36 Rue de l'Auzance,46.571967,-1.786919
202000035523,20,10,2020,16,1,92,92036,2,1,2,7,GENEAL DE GAULLE (AVENUE) (1/41),48.933307,2.306763
202000035524,29,5,2020,3,5,95,95063,2,1,1,7,RUE VILLENEUVE,48.9255624,2.215574
202000035525,9,12,2020,8,1,75,75107,2,5,1,6,AVENUE DE LA MOTTE PICQUET,48.85111,2.300933
202000035526,28,10,2020,19,5,92,92025,2,1,1,1,STALINGRAD (AV DE),48.93569,2.26098
202000035527,30,5,2020,16,1,91,91377,2,1,1,3,MARTYRS DE SOWETO (AVENUE DES),48.7352,2.271
202000035528,10,12,2020,15,1,94,94081,2,3,1,6,MOULIN DE SAQUET (AV DU),48.79,2.38
202000035529,28,10,2020,9,1,92,92012,2,1,1,3,PIERRE GRENIER (AVENUE),48.8257475,2.2486755
202000035530,9,12,2020,22,5,94,94081,2,3,1,3,PRESIDENT SALVADOR ALLENDE (AV DU),48.795907,2.412725
202000035531,13,1,2020,15,1,60,60398,2,9,2,3,1 Rue de la Petite Couture,49.177563,2.286541
202000035532,28,10,2020,15,1,92,92002,2,6,1,3,PRESIDENT KENNEDY (2 A 48),48.7405955,2.3021212
202000035533,8,12,2020,20,5,94,94081,2,2,8,3,MOULIN DE SAQUET (AV DU),48.7907728,2.3809808
202000035534,1,12,2020,14,1,94,94052,2,1,1,3,Boulevard de Strasbourg,48.845107,2.488953
202000035535,10,12,2020,15,1,94,94076,2,1,1,2,MAXIME GORKI (BD),48.79337,2.36912
202000035536,10,12,2020,12,1,94,94003,2,9,1,6,PAUL VAILLANT COUTURIER (AV),48.79936,2.34427
202000035537,28,10,2020,18,3,60,60107,1,1,2,4,D1016,49.3479297,2.4301108
202000035538,25,10,2020,16,1,57,57210,2,1,1,7,79 Rue de l'Hôtel de Ville,48.845464,7.012319
202000035539,10,12,2020,20,5,94,94034,2,4,1,3,Roosevelt (ROND POINT),48.75765,2.32918
202000035540,29,10,2020,10,1,28,28424,1,2,2,3,D126,48.173806,1.152588
202000035541,8,12,2020,13,1,94,94033,2,7,1,2,VINCENNES (BD DE),48.84415,2.46353
202000035542,29,10,2020,13,1,11,11172,1,1,1,3,610,43.2654269,2.7174759
202000035543,28,10,2020,19,3,11,11111,1,2,1,2,D6113,43.210531,2.827502
202000035544,12,1,2020,22,3,80,80288,1,1,1,4,A1,49.877971,2.836583
202000035545,28,10,2020,14,1,52,52432,1,1,1,6,Aire de Val de Gris (Aire de repos),47.942811,5.302062
202000035546,28,10,2020,19,3,74,74026,1,1,2,3,RD 1508,45.960555,6.034992
202000035547,30,5,2020,18,1,91,91223,2,1,1,4,MAI 1945 (AVENUE DU 8),48.44079,2.14345
202000035548,29,10,2020,11,1,77,77182,2,9,2,6,Rue de Paris,48.7815854,3.3047083
202000035549,29,10,2020,6,3,57,57106,1,1,1,6,D918,49.297598,6.585166
202000035550,29,10,2020,17,5,57,57155,2,1,2,6,55 Avenue Charles de Gaulle,49.108582,6.413126
202000035551,29,10,2020,9,1,56,56159,1,1,9,6,D774,47.775329,-2.38634
202000035552,29,10,2020,18,2,56,56195,2,3,1,6,Rue de Nantes,47.518551,-2.301789
202000035553,12,1,2020,19,3,13,13215,1,1,1,4,A7-Sens Lyon vers Marseille,43.353659,5.364604
202000035554,29,10,2020,15,1,80,80428,2,1,8,1,6 Rue de Feuilleres,49.953954,2.851145
202000035555,28,10,2020,17,2,33,33485,2,2,1,3,Rue Churchill-roosevelt,44.820135,-0.135425
202000035556,12,1,2020,19,3,13,13085,1,1,1,3,A50-Sens Toulon vers Aubagne,43.2484033,5.5964703
202000035557,9,12,2020,21,5,94,94075,2,1,1,6,Rue Félix Faure,48.72203,2.53667
202000035558,30,5,2020,19,1,83,83123,2,1,1,6,LOUIS BLANC (RUE),43.1183,5.80161
202000035559,29,5,2020,20,2,83,83069,1,1,1,7,ALMANARRE (ROUTE DE L'),43.08409,6.11345
202000035560,28,10,2020,21,3,81,81148,1,1,1,6,D8,44.045941,1.888704
202000035561,9,12,2020,9,1,94,94028,2,9,1,6,SAUSSURE(R),48.769659,2.471046
202000035562,10,12,2020,12,1,94,94079,2,1,7,6,AUGUSTE RODIN (AV),48.832615,2.551803
202000035563,9,12,2020,20,5,94,94019,2,1,1,2,FUSILLES DE CHATEAUBRIAND (R DES),48.79925,2.54302
202000035564,10,12,2020,19,5,94,94018,2,1,1,2,ARTHUR CROQUETTE (R),48.819673,2.413864
202000035565,11,1,2020,14,1,13,13106,1,1,1,2,A51-Sens Marseille vers Aix en Provence,43.405424,5.360477
202000035566,10,12,2020,10,1,94,94017,2,1,1,4,REPUBLIQUE (AV DE LA),48.8199,2.51116
202000035567,11,1,2020,11,1,13,13005,1,1,1,2,A502-Sens Aubagne vers Toulon par R.N.,43.2828115,5.579448
202000035568,29,10,2020,18,3,11,11259,1,1,1,1,RD 629,43.276026,2.232488
202000035569,30,5,2020,17,1,78,78440,2,1,1,2,EUROPE (AVENUE DE L'),48.973871,1.917276
202000035570,29,5,2020,19,1,76,76540,2,3,1,2,BOISGUILBERT. QUAI DE,49.44242,1.07727
202000035571,9,12,2020,21,5,94,94075,2,2,1,5,MARECHAL DE LATTRE DE TASSIGNY (AV),48.72734,2.5354
202000035572,29,10,2020,19,5,71,71014,2,1,2,6,20 Avenue de la République,46.9544982,4.2932336
202000035573,10,1,2020,12,1,13,13215,1,1,1,7,A55-Sens Martigues vers Marseille,43.346958,5.344944
202000035574,12,1,2020,6,3,69,69297,1,1,1,6,A7   ,45.6085,4.803652
202000035575,29,5,2020,22,5,69,69266,2,3,1,3,FLEURS        (Rue des),45.75368,4.89523
202000035576,30,5,2020,14,1,64,64445,2,1,1,2,SIMIN PALAY,43.30968,-0.3312
202000035577,30,5,2020,14,1,64,64024,2,1,1,2,UNION (RUE DE L'),43.48559,-1.5043
202000035578,30,5,2020,14,1,64,64024,2,1,1,7,BAYONNE (AVENUE DE),43.48298,-1.50378
202000035579,30,5,2020,11,1,64,64102,2,1,1,4,AVRIL (AVENUE DU 14),43.50231,-1.46161
202000035580,7,1,2020,6,3,67,67152,1,1,1,4,Route Nationale 83,48.5244243,7.6957365
202000035581,10,12,2020,10,1,94,94071,2,1,1,1,WINSTON CHURCHILL (R),48.767606,2.524746
202000035582,29,10,2020,12,1,89,89131,1,1,8,7,D162,47.904491,4.217849
202000035583,29,5,2020,12,1,64,64024,2,1,1,3,LAPORTE (AVENUE JEAN LEON),43.49084,-1.49838
202000035584,29,10,2020,7,2,55,55573,1,1,8,7,RD 29,48.673804,5.609915
202000035585,29,5,2020,11,1,64,64102,2,1,1,2,ALLEES MARINES (AVENUE DES),43.49896,-1.48876
202000035586,29,10,2020,8,1,86,86281,1,1,2,1,D347,46.713385,0.224876
202000035587,30,5,2020,10,1,56,56260,2,1,1,6,LE BRIX(RUE JOSEPH),47.65903,-2.75888
202000035588,28,10,2020,21,3,39,39478,1,1,3,6,,46.381369,5.804107
202000035589,9,12,2020,8,1,94,94004,2,2,1,1,GENERAL LECLERC (AV DU),48.75447,2.50603
202000035590,30,5,2020,8,1,54,54395,2,2,1,3,METZ (RUE DE),48.70023,6.17253
202000035591,12,1,2020,7,3,33,33080,1,1,1,6,AUTOROUTE A 62,44.73701,-0.53393
202000035592,12,1,2020,4,3,91,91377,1,1,1,6,AUTOROUTE A10,48.71946,2.29346
202000035593,11,1,2020,23,3,94,94034,1,1,1,7,AUTOROUTE A6B,48.75492,2.33259
202000035594,12,1,2020,21,3,94,94022,1,1,1,2,A86 EXT,48.77653,2.41988
202000035595,11,1,2020,14,1,75,75118,2,4,1,3,ECHANGEUR CHAPELLE,48.9003991,2.3624843
202000035596,29,10,2020,9,1,02,02363,2,9,1,1,13 Rue Saint-georges,49.520636,3.269393
202000035597,11,1,2020,17,5,75,75117,2,3,1,6,AVENUE DE LA PORTE DE CLICHY,48.8954096,2.3116721
202000035598,29,10,2020,17,3,03,03166,1,1,1,2,,46.1287166,3.1671713
202000035599,29,10,2020,12,1,15,15038,1,1,2,6,Les Rebeyres,45.393937,2.537906
202000035600,28,10,2020,16,1,01,01269,2,1,2,6,4 Route de La-cluse,46.157321,5.603939
202000035601,28,10,2020,21,3,58,58085,1,1,1,6,D977,47.43549,3.41768
202000035602,28,10,2020,13,1,60,60223,1,1,2,5,D1017,49.419377,2.634037
202000035603,11,1,2020,21,5,75,75120,2,2,1,3,AVENUE DE LA PORTE DES LILAS,48.8777771,2.4081784
202000035604,10,1,2020,11,1,75,75118,2,1,2,3,RUE D AUBERVILLIERS,48.898313,2.370531
202000035605,28,5,2020,8,1,52,52448,2,9,1,2,VERGY (RUE DE),48.63432,4.93805
202000035606,11,1,2020,0,5,75,75117,2,3,1,6,BOULEVARD DES BATIGNOLLES,48.8816749,2.3177641
202000035607,9,12,2020,17,5,93,93070,2,3,1,6,GABRIEL-PERI (AV),48.908591,2.3326899
202000035608,30,5,2020,18,1,51,51454,2,1,1,3,Avenue Jean Jaurès,49.2604507,4.0477345
202000035609,30,5,2020,15,1,51,51454,2,6,1,2,Rond Point de Champagne,49.2135668,4.0152836
202000035610,29,5,2020,18,1,51,51454,2,1,1,2,Avenue Nicéphore Niepce,49.2286957,4.0676347
202000035611,30,5,2020,12,1,45,45274,2,1,1,6,Rue Jehan du Lys,47.89109,1.97012
202000035612,10,12,2020,11,1,93,93066,2,1,1,6,GARENNE,48.9421113,2.3850849
202000035613,30,5,2020,15,1,35,35238,2,9,1,2,ALMA (DE L'),48.10427,-1.67733
202000035614,29,10,2020,8,1,64,64145,2,9,1,3,route de pau,43.194074,-0.271772
202000035615,29,5,2020,18,1,34,34172,2,8,1,-1,LODEVE (AVENUE DE,43.610375,3.856212
202000035616,28,10,2020,18,2,18,18206,1,1,1,5,Route d'Orléans,47.194379,2.325153
202000035617,30,5,2020,21,2,33,33063,2,3,1,6,QUAI DES CHARTRONS / CRS DE LA MARTINIQUE,44.8526,-0.5677
202000035618,29,10,2020,9,1,10,10288,1,1,2,6,RD671,48.003362,4.474397
202000035619,7,12,2020,8,1,93,93066,2,1,1,4,"""STRASBOURG, NR 1 A 71 ET 2 A 34""",48.93582,2.36704
202000035620,30,5,2020,21,1,33,33522,2,2,1,3,RUE DE LA VIEILLE TOUR / RUE PIERRE NOAILLES,44.8082634,-0.6003304
202000035621,11,1,2020,15,1,75,75116,2,3,1,4,AVENUE DE NEW YORK,48.8632061,2.2961761
202000035622,28,10,2020,23,4,04,04214,1,1,1,6,RD 19,44.068378,6.383529
202000035623,10,1,2020,8,1,75,75116,2,4,8,3,ALLEE DE LONGCHAMP,48.8769984,2.2769237
202000035624,10,1,2020,9,1,75,75116,2,1,2,3,AVENUE DU MAHATMA GANDHI,48.876733,2.266252
202000035625,29,10,2020,16,1,04,04094,1,3,1,5,RD 4 (lieu dit Bagatelle) / Ch du pas,43.7528759,5.8046551
202000035626,10,1,2020,18,5,75,75115,2,3,2,3,RUE LECOURBE,48.8354161,2.2810699
202000035627,30,5,2020,8,1,33,33281,2,3,1,3,CHEM DE LA PROCESSION / RUE FRANCOIS GIRARDON,44.82024,-0.69281
202000035628,28,10,2020,17,1,08,08490,1,1,1,6,D983,49.432678,4.672709
202000035629,30,5,2020,18,1,33,33009,2,2,1,3,BALESTE MARICHON (RUE),44.66034,-1.18864
202000035630,29,10,2020,17,2,80,80160,1,1,2,5,A29,49.8532249,2.3559056
202000035631,30,5,2020,10,1,27,27554,2,1,1,6,MAIRIE (RUE DELA),49.10929,1.43971
202000035632,30,5,2020,20,1,13,13216,2,1,1,6,ESTAQUE PLAGE,43.35989,5.31617
202000035633,25,10,2020,19,3,06,06018,1,1,8,6,Route des Colles,43.615875,7.083092
202000035634,11,1,2020,13,1,75,75114,2,2,1,6,RUE D ALESIA,48.8293001,2.3226671
202000035635,22,10,2020,16,1,987,98722,2,3,1,1,PK 17 - RT2,-17.591429,-149.382126
202000035636,11,1,2020,11,1,75,75113,2,2,1,3,RUE THOMAS MANN,48.8296059,2.3792361
202000035637,10,12,2020,7,1,93,93064,2,1,1,6,AV JEAN JAURES,48.86872,2.48604
202000035638,11,1,2020,11,1,75,75113,2,1,1,3,AVENUE D ITALIE,48.8291887,2.3563339
202000035639,10,12,2020,16,2,93,93048,2,2,1,3,VALMY (RUE DE),48.85086,2.41857
202000035640,30,5,2020,12,1,13,13212,2,1,1,6,LOUIS MAZAUDIER (RUE),43.31,5.418
202000035641,11,1,2020,2,5,75,75112,2,1,1,3,RUE DE LYON,48.8500131,2.3705201
202000035642,29,10,2020,17,5,77,77343,1,1,1,1,D401,49.02318,3.076344
202000035643,11,1,2020,4,5,75,75111,2,3,1,6,RUE DE LA ROQUETTE,48.8598334,2.3887545
202000035644,28,10,2020,17,2,83,83112,2,1,1,1,D559,43.180889,5.681005
202000035645,9,12,2020,13,1,93,93048,2,2,2,3,CARNOT (RUE),48.8571859,2.4411565
202000035646,30,5,2020,7,1,13,13213,2,1,1,4,CHEMIN DU MERLAN A LA ROSE ,43.331,5.407
202000035647,9,12,2020,16,5,93,93063,2,1,1,3,BRANLY BD EDOUARD,48.8740614,2.4405091
202000035648,10,12,2020,17,2,92,92073,2,1,1,6,BRIAND (BOULEVARD ARISTIDE),48.8631076,2.2030324
202000035649,30,5,2020,17,1,06,06088,2,1,1,3,DUFY (RUE RAOUL),43.680306,7.21575
202000035650,29,10,2020,16,1,83,83143,2,1,1,6,Chemin du Serre,43.436086,6.056546
202000035651,31,5,2020,1,5,06,06027,2,1,1,6,ZIEM AVENUE,43.664892,7.162317
202000035652,29,10,2020,15,1,13,13110,2,9,1,3,178 Route de Pourrières,43.450771,5.690609
202000035653,30,5,2020,14,1,75,75116,2,4,1,3,BD PERIPHERIQUE INTERIEUR,48.8439745,2.2549412
202000035654,29,10,2020,15,1,03,03298,1,1,2,5,,46.3243333,3.3719691
202000035655,10,1,2020,23,5,75,75111,2,2,1,2,AVENUE DE LA REPUBLIQUE,48.8651558,2.375203
202000035656,10,12,2020,11,1,92,92051,2,1,8,6,"VILLIERS (RUE DE, N° 21 A 59)",48.8880766,2.2818748
202000035657,30,5,2020,19,1,75,75107,2,1,1,6,BOULEVARD RASPAIL,48.8519063,2.3267259
202000035658,29,10,2020,13,1,74,74040,2,1,1,-1,617 Avenue du Fer à Cheval,46.167015,6.329568
202000035659,25,10,2020,20,3,69,69160,1,1,1,3,D385,46.139181,4.447339
202000035660,8,12,2020,18,2,92,92050,2,2,1,3,SEINE BOULEVARD DE,48.8996842,2.1950428
202000035661,30,5,2020,15,1,75,75105,2,2,1,3,RUE GEOFFROY SAINT HILAIRE,48.841184,2.355959
202000035662,11,1,2020,20,5,75,75110,2,4,1,6,BOULEVARD DE MAGENTA,48.8782962,2.3544157
202000035663,11,1,2020,12,1,75,75110,2,1,1,3,BOULEVARD SAINT MARTIN,48.8685679,2.3582151
202000035664,10,1,2020,13,1,75,75110,2,1,2,-1,BOULEVARD DE MAGENTA,48.882409,2.35057
202000035665,6,12,2020,22,5,92,92050,2,1,1,3,REPUBLIQUE AVENUE DE LA,48.9121873,2.2236666
202000035666,1,1,2020,1,5,75,75107,2,2,1,6,QUAI ANATOLE FRANCE,48.859532,2.329284
202000035667,10,12,2020,6,5,92,92023,2,2,1,1,GENERAL DE GAULLE (AVENUE DU),48.7863886,2.2540117
202000035668,11,1,2020,19,5,75,75103,2,2,1,6,RUE REAUMUR,48.8654488,2.356047
202000035669,30,5,2020,18,1,75,75119,2,3,1,3,RUE DE BELLEVILLE,48.8725342,2.3785561
202000035670,26,9,2020,0,3,42,42044,1,1,2,-1,RN88,45.39465,4.33143
202000035671,30,5,2020,21,2,75,75117,2,7,1,2,AVENUE CARNOT,48.87428,2.294546
202000035672,28,10,2020,15,1,33,33039,1,1,1,2,ROCADE A 630,44.79641,-0.53855
202000035673,30,5,2020,13,1,75,75117,2,2,1,3,RUE DE COURCELLES,48.881552,2.3006755
202000035674,6,12,2020,15,1,92,92009,2,2,1,2,EUROPE (AVENUE),48.90711,2.26386
202000035675,10,12,2020,18,5,62,62504,2,1,1,2,8 rue de leuline,50.735763,2.175626
202000035676,30,5,2020,12,1,75,75116,2,3,1,3,AVENUE DE LA GRANDE ARMEE,48.8748276,2.2917277
202000035677,7,12,2020,8,1,974,97422,1,9,1,6,Rue des Poinsetias,-21.248467,55.525275
202000035678,11,12,2020,12,1,67,67153,1,1,1,6,rd 632,48.784996,7.501956
202000035679,30,5,2020,14,1,75,75115,2,2,1,3,AVENUE DE LA PORTE DE SEVRES,48.836099,2.27827
202000035680,30,5,2020,14,1,75,75114,2,1,1,3,AVENUE DU GENERAL LECLERC,48.8236447,2.3256404
202000035681,10,12,2020,18,3,22,22227,1,1,2,7,RN12 PR 123+500,48.567492,-3.581672
202000035682,22,10,2020,6,3,59,59435,1,1,1,5,AUTOROUTE A23,50.4949938,3.2120982
202000035683,11,1,2020,17,2,75,75104,2,1,1,7,BOULEVARD DE SEBASTOPOL,48.8602203,2.3491686
202000035684,11,12,2020,7,3,76,76244,1,1,2,3,AUTOROUTE a28 pk 061+500,49.706956,1.375726
202000035685,30,5,2020,13,1,75,75114,2,3,1,3,BOULEVARD JOURDAN,48.8223779,2.3291271
202000035686,11,12,2020,7,2,15,15055,1,9,4,2,A75 PK 087+200,45.087411,3.117403
202000035687,11,12,2020,5,3,37,37266,1,1,2,6,barrière de péage de VEIGNE (37) A85 PK103+800 vers BOURGES,47.3119576,0.7353865
202000035688,30,5,2020,21,1,75,75112,2,2,1,3,BOULEVARD PONIATOWSKI,48.83182,2.39772
202000035689,10,12,2020,15,1,83,83067,1,1,1,5,D97,43.339943,6.295976
202000035690,10,12,2020,18,3,04,04161,1,1,1,6,RD 900,44.4007427,6.4999279
202000035691,30,5,2020,16,1,75,75112,2,2,1,3,RUE DE WATTIGNIES,48.8351784,2.3987763
202000035692,28,10,2020,14,2,93,93051,1,1,1,2,A4,48.84,2.55
202000035693,30,5,2020,14,1,75,75110,2,7,1,6,PLACE JACQUES BONSERGENT,48.8710682,2.3611258
202000035694,28,10,2020,8,1,95,95277,1,1,1,-1, A3,48.9744,2.4891
202000035695,30,5,2020,10,1,75,75110,2,1,1,3,QUAI DE JEMMAPES,48.876684,2.365283
202000035696,11,1,2020,12,1,94,94043,2,1,1,2,FONTAINEBLEAU (AV DE),48.81148,2.36211
202000035697,11,12,2020,12,1,82,82013,1,1,8,6,D928,43.870035,0.9632134
202000035698,28,10,2020,1,3,93,93007,1,1,2,7,AUTOROUTE A3,48.9195786,2.4789097
202000035699,11,1,2020,11,1,94,94019,2,1,1,6,MARECHAL LECLERC (AV DU),48.7964592,2.5317085
202000035700,11,1,2020,11,1,94,94017,2,1,1,3,BEARN (VLA),48.80793,2.551762
202000035701,28,10,2020,20,3,94,94033,1,1,1,4,A86.INT,48.86006,2.48534
202000035702,10,12,2020,21,3,82,82125,1,1,2,6,1979 Route de Montbartier,43.938824,1.243204
202000035703,30,5,2020,9,1,75,75110,2,2,1,3,BOULEVARD DE LA VILLETTE,48.8736396,2.3750159
202000035704,10,1,2020,23,5,93,93066,2,9,1,4,FRANCE ANATOLE (BOULEVARD) NR AUTRES,48.921755,2.3457877
202000035705,28,10,2020,19,5,77,77169,1,1,1,-1,A4.Y,48.83292,2.59517
202000035706,28,10,2020,7,1,988,98818,2,1,1,6,AVENUE BONAPARTE,-22.23351,166.46653
202000035707,10,1,2020,23,3,93,93074,1,1,2,5,Route Nationale 3,48.93479,2.60298
202000035708,27,10,2020,13,1,988,98818,2,6,1,2,VE1/RUE BERTHELOT,-22.26041,166.44462
202000035709,11,1,2020,13,1,93,93031,2,2,1,6,RTE D'ARGENTEUIL / R DE LILLE,48.9600978,2.2918736
202000035710,10,12,2020,20,3,49,49378,1,1,1,6,D 347,47.30181,-0.037369
202000035711,27,10,2020,14,1,974,97416,2,2,1,3,Rue Rodier,-21.33836,55.47723
202000035712,11,1,2020,9,1,93,93010,2,6,1,6,R JULES GUESDE / R AUGUSTE POLISSARD,48.9032784,2.4802217