Num_Acc,jour,mois,an,hr,condition_eclairage,departement,commune,condition_agglomeration,intersection,condition_atmosphere,type_collision,adresse,lattitude,longitude
202000035713,21,10,2020,19,3,974,97416,1,1,1,1,CD 26,-21.30167,55.433
202000035714,11,1,2020,20,5,92,92072,2,2,1,-1,GRANDE RUE/ LECLERC (AVENUE DE LA DIVISION),48.826415,2.219283
202000035715,27,10,2020,18,5,69,69383,2,2,1,3,LAC (DU)                            (R ),45.7561426,4.854896
202000035716,27,10,2020,12,1,69,69387,2,2,1,3,NICOLAI                             (R ),45.74911,4.85645
202000035717,27,10,2020,12,1,69,69388,2,9,1,6,11 NOVEMBRE 1918 (DU)               (PL),45.73665,4.86921
202000035718,27,10,2020,8,1,69,69386,2,1,1,2,VENDOME                             (R ),45.76536,4.84573
202000035719,11,12,2020,17,2,12,12068,1,1,8,7,RD997,44.324631,2.340839
202000035720,30,5,2020,16,1,75,75109,2,4,1,6,RUE LA FAYETTE,48.876026,2.344535
202000035721,22,10,2020,13,1,972,97213,1,1,1,2,AUTOROUTE A1,14.6174161,-61.0169506
202000035722,11,1,2020,16,1,92,92051,2,1,1,2,"CHARLES DE GAULLE (AVENUE,N°118 A 192 +",48.884167,2.262534
202000035723,27,10,2020,12,1,972,97209,1,1,3,7,AUTOROUTE (A1),14.61628,-61.04344
202000035724,27,10,2020,15,1,69,69384,2,1,1,6,CROIX-ROUSSE (DE LA)                (BD),45.77393,4.82702
202000035725,27,10,2020,12,1,69,69385,2,3,1,3,MENIVAL (DE)                        (AV),45.7559,4.788
202000035726,11,1,2020,11,1,92,92035,2,1,1,3,Général Leclerc ( avenue du ),48.9124,2.24924
202000035727,26,10,2020,11,1,69,69202,2,1,8,6,RAZES (DES)                         (CH),45.73516,4.78178
202000035728,27,10,2020,9,1,971,97120,2,2,1,6,HANNE (BOULEVARD),16.24091,-61.53518
202000035729,30,5,2020,20,1,75,75101,2,2,1,3,QUAI FRANCOIS MITTERRAND,48.8601128,2.3333437
202000035730,26,10,2020,21,5,95,95424,2,1,1,1,GÉNÉRAL DE GAULLE(RUE DU),48.997858,2.195213
202000035731,29,5,2020,19,1,75,75103,2,4,1,3,BOULEVARD BEAUMARCHAIS,48.857599,2.368063
202000035732,27,5,2020,21,2,75,75104,2,7,1,3,BOULEVARD BEAUMARCHAIS,48.8536186,2.3690504
202000035733,11,12,2020,10,1,01,01066,1,1,4,1,D1504,45.842762,5.570004
202000035734,11,1,2020,18,5,92,92012,2,3,1,3,VICTOR GRIFFUELHES (RUE) - COTE IMPAIR,48.82971,2.24221
202000035735,10,12,2020,13,1,29,29160,2,1,7,6,D788 - ,48.4935552,-4.4317237
202000035736,30,5,2020,16,1,75,75102,2,4,1,3,RUE DU LOUVRE,48.8658543,2.3433805
202000035737,30,5,2020,21,2,94,94081,2,3,1,3,COLONEL FABIEN (AV DU),48.78256,2.38087
202000035738,10,12,2020,17,2,29,29075,2,1,1,6,Rue de Paris,48.4355974,-4.3952082
202000035739,11,12,2020,7,4,72,72179,1,1,1,-1,D23,47.836493,-0.064909
202000035740,12,1,2020,18,5,51,51649,2,1,2,2,35 Faubourg de Vitry le Brule,48.7290529,4.5925752
202000035741,11,12,2020,1,3,72,72248,1,1,3,6,Le Petit Pre du Bourg,47.836509,0.434277
202000035742,30,5,2020,5,1,94,94081,2,1,1,7,ALBERT EINSTEIN (R),48.80294,2.39905
202000035743,10,12,2020,9,1,06,06113,1,3,1,3,Route des Cabrolles,43.796816,7.47867
202000035744,30,5,2020,15,1,94,94073,2,1,1,1,ALOUETTES (R DES),48.75312,2.37911
202000035745,10,12,2020,11,1,14,14453,1,3,2,3,Route départementale 613,49.311483,-0.830225
202000035746,11,12,2020,11,1,05,05092,1,1,4,7,D246,44.491975,6.014392
202000035747,11,1,2020,11,1,95,95504,1,1,1,1,D64e,49.10168,2.276632
202000035748,11,12,2020,7,2,16,16002,2,1,2,1,Rue de la Mairie,46.078455,0.199304
202000035749,11,1,2020,4,4,33,33138,1,1,1,6,11 Lieu Dit Troquereau sur l'Isle,45.028299,-0.062753
202000035750,2,1,2020,10,1,40,40304,2,1,1,6,Avenue Paul Lahary (Pont),43.660746,-1.432169
202000035751,29,5,2020,18,1,94,94033,2,1,1,6,NEUILLY (AV DE),48.8482,2.4911
202000035752,12,1,2020,11,1,83,83085,1,1,1,-1,1069 Route de Trans,43.496053,6.521522
202000035753,10,12,2020,17,3,21,21103,1,1,9,5,D34,47.148254,5.175591
202000035754,30,5,2020,18,1,93,93078,2,1,1,6,AV DES BLES,48.9489926,2.5518186
202000035755,11,1,2020,15,1,12,12169,2,3,7,3,02 avenue sauveterre de rouergue,44.199234,2.340594
202000035756,8,12,2020,12,1,24,24077,1,1,1,1,N21,44.941876,0.56806
202000035757,30,5,2020,20,1,93,93072,2,2,1,1,LOUIS BORDES (RUE),48.9558,2.38322
202000035758,10,1,2020,15,1,35,35024,2,3,1,3,1 Rue de la Forge,48.186163,-1.63105
202000035759,11,12,2020,16,2,85,85282,2,1,1,6,Rue du Canal,46.708423,-0.986865
202000035760,30,5,2020,6,1,93,93070,2,1,1,2,ALBERT-DHALENNE (RUE),48.9157851,2.3309299
202000035761,10,12,2020,16,1,37,37216,1,3,2,6,Les Picaults,47.1560761,0.5638094
202000035762,30,5,2020,21,1,93,93066,2,1,1,3,WILSON (AVENUE DU PRESIDENT),48.9140843,2.3581939
202000035763,11,1,2020,20,3,19,19025,1,1,1,6,D7,45.408837,1.280425
202000035764,9,12,2020,16,2,37,37273,2,3,8,2,,47.3858207,0.7854298
202000035765,30,5,2020,19,1,93,93010,2,3,1,3,AV HENRI BARBUSSE / R HENRI ALPY,48.9014,2.48904
202000035766,11,12,2020,12,1,30,30272,1,1,2,6,D999,43.973245,3.687694
202000035767,30,5,2020,18,1,92,92026,2,9,1,3,PRESIDENT KRUGER,48.8982586,2.2550701
202000035768,10,12,2020,16,1,973,97307,1,1,1,2,La Matourienne (Pont),4.835187,-52.332087
202000035769,10,12,2020,1,3,01,01067,1,1,1,6,A40 pk 131.800,46.1130793,5.4779183
202000035770,29,5,2020,22,5,92,92012,2,1,1,-1,PARIS (RUE DE) 97BIS/FIN - 116/FIN,48.841472,2.238745
202000035771,10,12,2020,19,3,18,18255,1,1,2,2,A71,47.047314,2.327448
202000035772,12,1,2020,7,3,56,56164,1,1,2,1,Lieu Dit Lezunan,47.682957,-2.835417
202000035773,10,12,2020,10,1,33,33122,1,3,8,2,D211,44.730375,-0.756525
202000035774,30,5,2020,20,1,92,92014,2,3,7,3,BIEVRE (RUE DE LA),48.780712,2.320675
202000035775,31,5,2020,12,1,54,54110,1,1,1,7,D83,48.698964,6.292108
202000035776,7,12,2020,8,1,78,78196,1,1,1,2,D30,48.860773,1.968967
202000035777,12,1,2020,6,3,77,77239,1,1,1,1,D231,48.6785664,3.1120493
202000035778,10,12,2020,21,3,69,69250,1,1,2,2,A89,45.820235,4.711772
202000035779,12,1,2020,17,2,76,76222,1,1,1,6,410 Route de Sainte Marguerite,49.491059,0.861566
202000035780,11,12,2020,11,1,69,69050,1,1,8,4,RD 385 ,45.869857,4.654126
202000035781,30,5,2020,20,1,62,62066,2,1,1,1,17 Rue de Beaulieu,50.476431,2.098519
202000035782,8,1,2020,19,3,79,79031,1,1,1,1,Route de Chizé,46.165834,-0.435839
202000035783,31,5,2020,9,1,2A,2A282,2,1,1,7,le village,42.1905477,8.9132756
202000035784,12,1,2020,11,1,49,49086,1,1,1,6,D167,47.214835,-0.431172
202000035785,11,12,2020,9,1,27,27263,1,1,1,2,Autoroute A13 - Pk 147+600,49.383951,0.591202
202000035786,11,12,2020,12,1,971,97119,2,1,1,6,RN 6 - Lieu dit DEVILLE MAISONCELLE,16.376309,-61.476145
202000035787,4,11,2020,14,1,21,21515,1,3,8,3,Route de Couternon,47.3205983,5.1243902
202000035788,10,1,2020,11,1,35,35095,2,1,1,6,Rue des Ponts,48.549029,-1.757849
202000035789,12,1,2020,2,3,29,29269,1,1,1,6,D6,47.931137,-3.615841
202000035790,1,12,2020,18,4,91,91587,1,1,1,6,N20,48.688237,2.286208
202000035791,12,1,2020,15,1,15,15085,1,1,7,6,"Lieu dit ""Combemaury""",44.8565056,2.510167
202000035792,11,12,2020,9,1,66,66190,2,1,2,1,Route d'Opoul,42.833432,2.915631
202000035793,11,12,2020,6,3,70,70528,1,1,2,3,pk 5 D474,47.429269,5.659341
202000035794,31,5,2020,11,1,01,01105,1,1,1,2,D43,45.90471,4.877285
202000035795,11,12,2020,9,1,68,68001,2,3,2,3,42 Rue d'Alsace,48.001405,7.557279
202000035796,29,5,2020,17,1,62,62229,1,3,7,3,D341,50.647392,2.180443
202000035797,31,5,2020,15,1,26,26107,1,1,1,6,Route de la Haute Herbasse,45.184962,5.085152
202000035798,30,5,2020,17,1,60,60225,1,9,7,7,D151,49.4281784,2.3472697
202000035799,31,5,2020,18,1,06,06161,1,1,7,7,Route de Grasse,43.657134,7.107913
202000035800,11,12,2020,17,5,67,67067,2,2,2,6,Rue du Plan d'Eau,48.709661,7.710831
202000035801,11,1,2020,16,1,14,14143,2,3,1,3,1 Route de Saint Lô (caumont),49.0881656,-0.8166142
202000035802,29,5,2020,9,1,31,31389,1,9,1,1,16 Route de Toulouse,43.632899,1.520107
202000035803,11,12,2020,17,3,63,63470,1,1,2,1,"rd 986,",45.882712,3.057123
202000035804,12,1,2020,13,1,73,73128,1,4,1,7,Route du Bois de Crin,45.726224,5.91874
202000035805,30,5,2020,17,1,972,97204,1,1,2,1,N2,14.700992,-61.181171
202000035806,11,12,2020,7,2,73,73075,1,1,1,6,D202 Rte des Molettes,45.452462,6.061846
202000035807,29,5,2020,15,1,29,29204,1,1,1,2,N12,48.499748,-4.181629
202000035808,12,1,2020,2,3,21,21412,1,1,1,6,D18,46.956327,4.816311
202000035809,9,12,2020,16,1,38,38382,2,5,1,3,Route de Lyon,45.242684,5.670619
202000035810,12,1,2020,2,5,27,27100,2,1,1,2,Route d'Honfleur,49.366182,0.403695
202000035811,31,5,2020,11,1,60,60448,1,1,1,7,D936,49.125202,3.069949
202000035812,11,1,2020,18,5,17,17350,1,6,1,6,D939,45.938204,-0.481513
202000035813,12,1,2020,18,3,37,37002,1,1,8,7,D49,47.4183099,0.4288723
202000035814,9,12,2020,12,1,26,26037,1,1,1,1,Chemin des Saviaux,44.870947,4.943027
202000035815,31,5,2020,10,1,30,30175,1,1,1,7,Route de Barjac,44.27497,4.410796
202000035816,11,1,2020,16,1,30,30336,1,1,1,7,D183,43.843839,4.632015
202000035817,11,12,2020,7,2,81,81198,1,3,3,3,D84,43.8475349,2.0662129
202000035818,31,5,2020,17,1,83,83026,1,1,1,-1,,43.4117349,6.2200534
202000035819,12,1,2020,2,3,978,97801,2,1,1,1,Route nationale 7 - Rambaud,18.081615,-63.068647
202000035820,10,12,2020,15,1,86,86297,1,2,1,3,D12,46.598779,0.295137
202000035821,31,5,2020,11,1,19,19107,1,1,1,3,1 Dautrement,45.1020001,1.3873061
202000035822,31,5,2020,3,3,76,76380,1,1,1,7,3 Avenue des Canadiens,49.794,0.9803
202000035823,11,1,2020,17,2,987,98714,1,1,2,6,RT 101,-16.52739,-151.728931
202000035824,10,12,2020,16,1,33,33067,1,1,2,1,D134,45.054985,-0.545551
202000035825,10,12,2020,12,1,22,22070,2,1,7,6,Route de Corlay,48.554505,-3.149976
202000035826,4,5,2020,15,1,33,33140,2,3,1,3,Route du Pout,44.77659,-0.3498
202000035827,10,1,2020,16,1,974,97415,2,3,1,3,Rue du Général de Gaulle,-21.0520726,55.227744
202000035828,29,5,2020,16,1,69,69248,1,1,1,7,D504,46.0107268,4.3147063
202000035829,9,12,2020,12,1,60,60446,2,1,1,6,12 Rue de Lizy,49.137882,2.809612
202000035830,11,1,2020,18,3,45,45042,1,1,1,6,D961,47.8387482,2.4333206
202000035831,30,5,2020,12,1,32,32252,2,3,1,6,17 Avenue du 11 Novembre,43.43011,0.306437
202000035832,10,12,2020,11,1,60,60404,2,1,1,6,93 rue paul faure,49.3148614,2.4718113
202000035833,3,1,2020,19,5,77,77153,2,1,2,6,1 Rue du Général de Gaulle - D401,49.051013,2.670865
202000035834,11,1,2020,21,3,77,77141,1,1,1,7,D96,48.8438402,2.8462859
202000035835,30,5,2020,16,1,11,11319,1,1,1,3,Cubserviès,43.393152,2.374978
202000035836,11,1,2020,17,2,84,84003,2,1,7,1,Avenue de Marseille,43.875897,5.377606
202000035837,11,12,2020,13,1,60,60639,2,1,2,3,D 1001,49.453061,2.099279
202000035838,31,5,2020,14,1,71,71310,2,1,1,6,Avenue de la République,46.7498948,4.468673
202000035839,12,1,2020,18,2,83,83115,1,1,1,2,,43.3137742,6.663678
202000035840,11,12,2020,16,1,80,80049,1,1,2,1,D 329,49.622232,2.550668
202000035841,31,5,2020,16,1,89,89015,1,1,1,6,CD237,47.5906438,3.7498476
202000035842,11,1,2020,10,1,13,13042,2,6,1,3,Rond Point des Charrons,43.297411,5.623603
202000035843,31,5,2020,14,1,89,89118,1,3,1,6,Cd 85,47.698917,3.564055
202000035844,8,12,2020,17,2,59,59400,2,1,5,6,34 rue thiers 59660,50.645045,2.638628
202000035845,11,1,2020,19,3,68,68072,1,3,1,2,D201,47.695557,7.42242
202000035846,30,5,2020,21,2,63,63023,1,1,1,7,La Graviere Haute,45.6000568,3.5606478
202000035847,10,12,2020,14,1,13,13211,1,4,2,2,A50-Sens Marseille vers Aubagne,43.29141,5.48299
202000035848,9,1,2020,7,2,67,67458,2,2,1,1,Rue de Niederbronn,48.830777,7.743128
202000035849,9,12,2020,7,3,13,13215,1,1,1,3,A7-Sens Marseille vers Lyon,43.35442,5.36326
202000035850,30,5,2020,19,1,41,41043,1,2,7,5,17 Route Nationale,47.280845,1.480826
202000035851,12,1,2020,6,3,73,73285,1,1,1,1,D902,45.608003,6.842594
202000035852,10,12,2020,5,3,13,13215,1,1,1,5,A7-Sens Lyon vers Marseille,43.377593,5.357502
202000035853,29,5,2020,15,1,22,22034,1,1,1,7,Bardérou,48.659987,-3.33817
202000035854,8,1,2020,18,5,73,73054,2,1,1,6,grande rue,45.616941,6.767066
202000035855,31,5,2020,2,3,31,31523,2,1,1,6,558 Avenue de Saint-girons,43.09544,0.952924
202000035856,11,1,2020,16,1,31,31420,1,6,7,3,D4,43.492061,1.403743
202000035857,9,12,2020,17,2,67,67482,1,1,1,4,Autoroute A.351,48.586364,7.7186792
202000035858,30,5,2020,18,1,38,38086,1,1,1,3,Route de Toutes Aures,45.27951,5.34922
202000035859,12,1,2020,6,5,60,60409,1,9,1,6,D1016,49.2885781,2.4617635
202000035860,10,12,2020,10,1,33,33550,1,1,2,5,AUTOROUTE A 62,44.76306,-0.54787
202000035861,11,1,2020,14,1,13,13019,1,1,1,4,A51-Sens Aix en Provence vers Marseille,43.4238916,5.3742729
202000035862,30,5,2020,15,1,02,02642,1,1,1,6,D520,49.723751,4.203322
202000035863,9,12,2020,20,3,59,59124,1,1,1,2,AUTOROUTE A27,50.6027891,3.2693794
202000035864,30,5,2020,7,1,03,03297,1,1,1,7,Lieu Dit les Fontaines,46.5301539,2.6394444
202000035865,11,1,2020,2,5,13,13055,1,1,1,3,A507 sens Marseille - Aubagne,43.2915,5.42432
202000035866,9,12,2020,18,3,59,59378,1,1,1,2,ROUTE DEPARTEMENTALE 652,50.684568,3.107541
202000035867,25,5,2020,12,1,72,72143,1,1,1,3,D304,47.876894,0.430698
202000035868,10,12,2020,15,1,91,91182,1,1,1,3,AUTOROUTE A6,48.62315,2.42125
202000035869,10,12,2020,8,2,91,91659,1,1,1,3,AUTOROUTE A6,48.5867,2.4513
202000035870,11,1,2020,13,1,78,78524,1,1,1,6,A13,48.8399507,2.1153939
202000035871,10,12,2020,6,3,92,92064,1,1,1,2,A13,48.83703,2.18751
202000035872,10,1,2020,14,1,92,92025,1,1,1,4,A86,48.9225112,2.2270876
202000035873,11,1,2020,15,1,95,95277,1,1,1,6,A3,48.9817728,2.5010447
202000035874,9,12,2020,18,3,92,92036,1,1,1,5,AUTOROUTE A15,48.94364,2.28774
202000035875,11,1,2020,14,1,95,95061,1,1,1,7,RN 104,49.06756,2.25579
202000035876,9,12,2020,21,5,95,95607,1,1,1,7, A115,49.02897,2.20316
202000035877,11,1,2020,6,3,60,60505,1,1,1,6,AUTOROUTE A1,49.17567,2.60175
202000035878,10,12,2020,6,3,95,95572,1,1,1,7, A15,49.03232,2.10599
202000035879,11,1,2020,4,3,95,95488,1,1,1,2, A15,49.01232,2.15038
202000035880,31,5,2020,19,1,14,14174,1,1,7,5,D184a,48.8341567,-0.6065816
202000035881,9,12,2020,22,3,95,95582,1,1,5,6,RD 170,48.96369,2.26514
202000035882,31,5,2020,11,1,14,14570,1,1,1,1,"DÉPARTEMENTALE 164, SAINT PIERRE DE MAILLOC",49.070024,0.291489
202000035883,5,12,2020,19,3,95,95277,1,1,2,2,RD 170 ,48.9769,2.4753
202000035884,30,5,2020,19,1,45,45062,2,1,1,6,D2020 - PR 19+200,47.9887639,1.8823745
202000035885,31,5,2020,14,1,85,85108,1,1,7,6,,46.92548,-1.36513
202000035886,31,5,2020,19,1,48,48034,1,1,1,7,D32,44.382589,3.280948
202000035887,10,12,2020,18,2,93,93051,1,1,1,4,A4,48.8355582,2.5652771
202000035888,11,1,2020,3,3,93,93053,1,1,1,2,AUTOROUTE A3,48.88089,2.45288
202000035889,10,12,2020,0,5,94,94042,1,1,1,3,A4,48.82841,2.475529
202000035890,31,5,2020,18,1,13,13044,1,1,1,2,D69,43.617973,5.033561
202000035891,25,8,2020,12,1,30,30060,1,1,1,-1,Chemin des Canaux,43.801417,4.403168
202000035892,31,5,2020,14,1,91,91649,1,1,1,4,D31,48.542751,2.352769
202000035893,30,5,2020,11,1,976,97603,1,1,1,6,N3,-12.887452,45.21201
202000035894,25,11,2020,11,1,974,97416,1,9,1,3,CONCESSION CONDE(CHEMIN),-21.29814,55.49842
202000035895,10,1,2020,19,3,95,95582,1,1,1,2,A115,48.9818893,2.2412217
202000035896,10,1,2020,18,3,95,95572,1,1,1,2, A15,49.03585,2.09655
202000035897,8,12,2020,8,1,974,97416,1,9,1,2,Route Nationale 3,-21.32876,55.47169
202000035898,10,1,2020,14,1,93,93066,1,1,8,6,AUTOROUTE A1,48.92811,2.35798
202000035899,9,12,2020,8,1,974,97416,2,1,1,6,HUBERT DE LISLE(BOULEVARD),-21.34362,55.46952
202000035900,11,1,2020,19,3,77,77363,1,1,1,2,A104,48.9221342,2.6303049
202000035901,11,1,2020,11,1,77,77294,1,1,1,2,A104,48.961682,2.616669
202000035902,8,12,2020,16,1,974,97411,2,9,2,2,BRASSENS (AVENUE GEORGES),-20.90199,55.48017
202000035903,10,1,2020,17,5,75,75118,2,1,1,3,BD PERIPHERIQUE INTERIEUR,48.900672,2.368433
202000035904,10,1,2020,18,5,75,75120,2,1,1,3,BD PERIPHERIQUE INTERIEUR,48.8651553,2.413215
202000035905,9,12,2020,18,5,69,69388,2,1,1,3,MARIUS BERLIET                      (R ),45.73815,4.86739
202000035906,9,1,2020,17,2,75,75116,2,4,2,4,BD PERIPHERIQUE INTERIEUR,48.8596127,2.2630792
202000035907,9,12,2020,13,1,69,69259,2,1,1,6,AMBROISE CROIZAT                    (BD),45.70255,4.8877
202000035908,9,12,2020,10,1,69,69199,2,1,1,6,ROBERT REYNIER                      (R ),45.70831,4.86097
202000035909,10,1,2020,18,2,75,75120,2,3,1,-1,BOULEVARD MORTIER,48.8698138,2.4089696
202000035910,9,12,2020,6,5,69,69386,2,3,1,3,LAFAYETTE                           (CO),45.76367,4.86377
202000035911,10,1,2020,9,1,75,75112,2,2,1,3,AVENUE DU TRONE,48.848101,2.399139
202000035912,9,12,2020,13,1,69,69385,2,3,1,3,AQUEDUCS (DES)                      (R ),45.75913,4.79192
202000035913,9,12,2020,6,5,95,95018,2,1,1,6,JAURES (AVENUE JEAN),48.9398033,2.2287333
202000035914,9,1,2020,0,5,75,75108,2,2,1,3,BOULEVARD HAUSSMANN,48.8741102,2.324615
202000035915,8,12,2020,17,3,91,91469,1,2,1,3,D721,48.39983,2.17471
202000035916,10,1,2020,17,5,75,75106,2,2,2,3,BOULEVARD RASPAIL,48.8455844,2.328646
202000035917,9,12,2020,13,1,77,77181,2,1,2,6,CARNOT (RUE),48.8217485,2.7068307
202000035918,10,1,2020,15,1,75,75120,2,2,1,3,RUE RAMPONEAU,48.8719067,2.3826878
202000035919,8,12,2020,7,3,76,76575,2,3,1,6,LORRAINE. RUE DE,49.374284,1.10271
202000035920,10,1,2020,16,1,75,75118,2,7,1,3,BOULEVARD ORNANO,48.8956433,2.3462933
202000035921,8,12,2020,12,1,71,71153,2,1,2,6,CORDERIE (RUE DE LA),46.8057314,4.413766
202000035922,10,1,2020,19,5,75,75108,2,3,1,6,AVENUE DE WAGRAM,48.875439,2.2962684
202000035923,8,12,2020,9,1,71,71153,2,1,2,6,LAMINEURS (RUE DES),46.8044647,4.4371247
202000035924,8,12,2020,17,5,67,67218,2,3,8,3,LIXENBUHL (RUE),48.53008,7.72259
202000035925,10,1,2020,12,1,75,75117,2,2,1,6,RUE LANTIEZ,48.8958507,2.3245139
202000035926,10,1,2020,7,5,75,75117,2,2,1,6,BOULEVARD BERTHIER,48.8943922,2.3133414
202000035927,8,12,2020,17,5,67,67482,2,4,8,3,BORDEAUX (PLACE DE),48.5937041,7.7585271
202000035928,10,1,2020,13,1,75,75116,2,7,1,3,PLACE DU TROCADERO ET DU 11 NOVEMBRE,48.863102,2.2864839
202000035929,9,12,2020,17,5,65,65100,2,3,1,3,PIC DU MIDI (AVENUE DU),43.26583,0.03978
202000035930,10,1,2020,12,1,75,75116,2,1,2,6,RUE DES BELLES FEUILLES,48.866354,2.2824853
202000035931,8,12,2020,18,5,64,64445,2,3,1,3,EDOUARD VII,43.297409,-0.35849
202000035932,9,1,2020,7,5,75,75116,2,3,2,3,AVENUE PAUL DOUMER,48.861284,2.28422
202000035933,9,12,2020,8,1,64,64024,2,1,3,7,BAB (BOULEVARD DU),43.49793,-1.49502
202000035934,10,1,2020,17,5,75,75115,2,2,2,3,RUE DE VOUILLE,48.8335638,2.3092154
202000035935,10,1,2020,11,1,75,75115,2,1,8,7,BOULEVARD VICTOR,48.834727,2.2827659
202000035936,9,12,2020,13,1,63,63113,2,2,1,3,MAYER (BD DANIEL),45.79247,3.0916
202000035937,10,1,2020,7,5,75,75115,2,3,2,7,RUE DE LA CROIX NIVERT,48.844621,2.29691
202000035938,10,1,2020,4,5,75,75115,2,2,2,3,RUE DE LA CONVENTION,48.8392657,2.2919765
202000035939,8,12,2020,17,2,63,63113,2,1,1,2,LAGARLAYE (RUE DE),45.77371,3.08187
202000035940,5,12,2020,15,1,63,63014,2,1,1,6,Parking Auchan sud,45.75278,3.12702
202000035941,10,1,2020,12,1,75,75113,2,3,8,3,QUAI D AUSTERLITZ,48.8430734,2.3663312
202000035942,3,11,2020,9,1,62,62427,2,1,1,2,MELUSINE (R),50.41554,2.96465
202000035943,9,1,2020,17,2,75,75112,2,2,2,3,BOULEVARD PONIATOWSKI,48.8334763,2.4021119
202000035944,10,1,2020,9,1,75,75112,2,2,1,6,RUE TAINE,48.838556,2.393177
202000035945,9,12,2020,8,2,51,51454,2,2,8,3,Rue Regnesson,49.2783846,4.0129237
202000035946,10,1,2020,3,5,75,75112,2,2,2,3,AVENUE LEDRU ROLLIN,48.845831,2.36765
202000035947,7,12,2020,12,1,50,50203,2,4,1,3,de la Banque à Genets (Avenue),49.61277,-1.61818
202000035948,9,12,2020,8,5,44,44184,2,1,1,6,BROODCOORENS (RUE) DU 78 AU 122 - DU 79,47.26584,-2.25015
202000035949,9,1,2020,18,2,75,75112,2,2,2,6,BOULEVARD DE LA BASTILLE,48.846438,2.3668731
202000035950,8,12,2020,8,2,44,44109,2,3,8,3,CHEMIN DE LA BONNETIERE,47.22832,-1.49539
202000035951,7,12,2020,16,1,38,38544,2,2,1,6,Rue Vimaine,45.51531,4.86482
202000035952,9,12,2020,8,2,37,37214,2,6,1,-1,BORDIERS (RUE DES),47.4190429,0.6739758
202000035953,9,12,2020,7,2,37,37261,2,1,1,7,BREGUET (RUE LOUIS),47.41931,0.6909954
202000035954,9,12,2020,13,1,35,35051,1,6,1,2,LONGCHAMPS (PORTE DES),48.14095,-1.62837
202000035955,9,12,2020,13,1,35,35278,2,6,1,3,Rond-Point d'Uttenreuth,48.158546,-1.687277
202000035956,9,12,2020,0,5,31,31555,2,1,1,7,CHE DU PONT DE RUPE,43.65692,1.41323
202000035957,4,12,2020,16,1,28,28134,2,1,1,6,DUBOIS (BOULEVARD),48.73743,1.3752
202000035958,8,12,2020,13,1,28,28134,2,1,1,6,COUDERC (RUE ROGER),48.75285,1.34953
202000035959,8,12,2020,17,2,17,17380,1,6,2,2,D25,45.66227,-1.0617
202000035960,9,12,2020,11,1,17,17300,2,1,1,3,SCHWEITZER   RUE DU DOCTEUR ALB,46.1584,-1.14552
202000035961,9,12,2020,8,1,15,15012,2,9,9,2,RD 920,44.851229,2.455478
202000035962,9,12,2020,16,1,13,13215,2,1,1,6,MADRAGUE VILLE (chemin de la),43.34729,5.3553
202000035963,9,12,2020,10,1,13,13206,2,1,1,3,COLONEL EDON (PLACE DU),43.28637,5.36995
202000035964,8,12,2020,19,5,13,13212,2,1,1,2,LA MARTINE (TRAVERSE),43.3014,5.4635
202000035965,8,12,2020,13,1,10,10357,2,3,8,3,GENERAL DE GAULLE (RUE DU),48.29681,4.13324
202000035966,9,12,2020,12,1,07,07102,2,1,1,3,REPUBLIQUE (AV. DE LA) [DU N° AU N°],44.93332,4.87921
202000035967,9,12,2020,8,1,06,06069,2,1,1,2,MISTRAL (AVENUE ET PLACE FREDERIC),43.63938,6.91277
202000035968,9,12,2020,18,5,06,06123,2,3,1,3,VESPINS ROUTE DES,43.660047,7.188025
202000035969,7,12,2020,8,1,02,02738,2,2,5,3,EGALITE (DE L'),49.65913,3.27918
202000035970,9,12,2020,19,2,75,75116,2,1,1,5,ECHANGEUR MUETTE,48.866524,2.268792
202000035971,9,12,2020,17,2,75,75114,2,1,1,2,PORTE DE VANVES,48.824004,2.307669
202000035972,9,12,2020,14,1,75,75114,2,1,1,5,PORTE DE CHATILLON,48.8226,2.314235
202000035973,9,12,2020,8,2,75,75114,2,4,1,3,PORTE DE VANVES,48.823983,2.307678
202000035974,8,12,2020,22,5,75,75117,2,1,1,-1,PORTE DE CLICHY,48.897921,2.313441
202000035975,8,12,2020,18,5,75,75114,2,1,1,6,PORTE D ORLEANS,48.817212,2.334982
202000035976,8,12,2020,11,1,75,75112,2,2,1,6,QUAI DE LA RAPEE,48.843428,2.370706
202000035977,8,12,2020,11,1,75,75120,2,1,1,6,ALLEE ALQUIER DEBROUSSE,48.861337,2.408826
202000035978,9,12,2020,10,1,75,75118,2,3,1,3,RUE ARTHUR RANC,48.897756,2.333406
202000035979,9,12,2020,21,5,75,75112,2,2,1,3,AVENUE DU GENERAL MICHEL BIZOT,48.836232,2.402916
202000035980,9,12,2020,8,1,75,75112,2,2,1,3,RUE DE LYON,48.847998,2.371433
202000035981,9,12,2020,9,1,75,75107,2,1,1,3,RUE DE L UNIVERSITE,48.858112,2.326845