Num_Acc,jour,mois,an,hr,condition_eclairage,departement,commune,condition_agglomeration,intersection,condition_atmosphere,type_collision,adresse,lattitude,longitude
202000035982,9,12,2020,20,5,75,75104,2,2,1,3,BOULEVARD MORLAND,48.848936,2.364521
202000035983,9,12,2020,17,5,75,75103,2,1,1,6,RUE DEBELLEYME,48.861985,2.363476
202000035984,9,12,2020,14,1,75,75101,2,3,8,2,QUAI DE LA MEGISSERIE,48.858266,2.343372
202000035985,8,12,2020,18,5,75,75101,2,1,1,2,BOULEVARD DE SEBASTOPOL,48.859791,2.348891
202000035986,9,12,2020,20,4,94,94074,2,1,8,2,HENRI BARBUSSE (AV),48.766399,2.441402
202000035987,9,12,2020,9,1,94,94052,2,1,1,3,STRASBOURG (BD DE),48.840947,2.482271
202000035988,3,7,2020,21,1,02,02238,2,3,1,3,Rue de Versigny,49.610985,3.510129
202000035989,3,7,2020,19,1,01,01343,1,1,1,3,"PK 31+900, RD 80",46.264882,4.953375
202000035990,4,7,2020,10,1,54,54504,1,1,1,7,D57 PK 8+369,49.399579,5.889015
202000035991,4,7,2020,11,1,83,83012,2,1,1,3,Rue Pierre Curie,43.554104,6.009302
202000035992,3,7,2020,18,1,64,64106,1,2,1,3,D933,43.306818,-1.009755
202000035993,3,7,2020,7,1,64,64256,1,1,1,5,D22,43.376259,-1.278593
202000035994,4,7,2020,11,1,53,53140,1,1,1,6,D275,48.122488,-0.693383
202000035995,3,7,2020,14,1,27,27563,2,2,1,3,1 Rue des Forges,49.3708707,0.5231411
202000035996,4,7,2020,14,1,17,17313,1,4,1,1,D 131,45.7666511,-0.466242
202000035997,4,7,2020,11,1,48,48131,1,1,1,7,D996,44.191617,3.222379
202000035998,4,7,2020,10,1,10,10442,1,1,1,7,A26,48.460913,4.159269
202000035999,4,7,2020,17,1,45,45053,1,1,1,6,A77 - PK  69 + 390,47.6427972,2.7645693
202000036000,3,7,2020,23,5,978,97801,2,1,1,1,Rue Coralita,18.067473,-63.034015
202000036001,3,7,2020,12,1,978,97801,2,1,1,1,Devant le n°61 - Route de Cul de Sac,18.099518,-63.031483
202000036002,3,7,2020,13,1,69,69244,2,1,1,-1,Avenue Général Brosset,45.757916,4.775995
202000036003,3,7,2020,13,1,77,77508,1,6,1,3,d 231,48.8191514,2.8188797
202000036004,4,7,2020,10,1,66,66101,1,2,7,3,D612,42.617691,2.79031
202000036005,3,7,2020,23,3,34,34157,1,1,1,6,Avenue de Villeveyrac,43.442692,3.600994
202000036006,3,7,2020,14,1,83,83107,1,1,1,2,Route Depart 8 Col du Bougnon,43.365656,6.674538
202000036007,3,7,2020,19,1,70,70528,2,1,1,2,Rue de l'Eglise,47.419972,5.703223
202000036008,4,7,2020,16,1,70,70262,1,1,1,6,RN19,47.666435,6.3783359
202000036009,4,7,2020,14,1,71,71360,2,1,7,3,rue de la poste,46.3226257,4.7435442
202000036010,3,7,2020,23,3,54,54336,1,1,1,7,rue sans nom,48.587651,6.072865
202000036011,4,7,2020,15,1,03,03102,1,4,1,7,Les Petits Prélots,46.5054164,3.6584711
202000036012,4,7,2020,17,1,01,01142,2,1,7,3,1121 Rue de Genève,45.850888,5.075981
202000036013,3,7,2020,18,1,69,69249,1,1,1,6,LA MARTINIERE D EN HAUT,45.671314,4.605846
202000036014,3,7,2020,17,1,31,31381,1,6,1,7,17 Route de Montbrun,43.456064,1.555571
202000036015,27,6,2020,10,1,31,31395,2,1,1,1,33 Avenue Roger Tissandié,43.461099,1.337142
202000036016,3,7,2020,20,1,85,85112,1,3,1,3,La Saint Pierre,46.584291,-1.761954
202000036017,4,7,2020,12,1,35,35004,1,1,2,6,Val-Couesnon,48.4689851,-1.5121513
202000036018,4,7,2020,13,1,60,60065,1,1,2,3,Rue de Noailles,49.339934,2.209963
202000036019,3,7,2020,19,1,59,59581,2,1,1,1,88 Rue du Saule,50.702407,2.774606
202000036020,30,6,2020,7,2,13,13005,1,9,1,2,A501-Sens Pont de l'Etoile vers Aubagne,43.30331,5.56942
202000036021,1,7,2020,15,1,83,83069,1,1,1,1,RN98,43.12312,6.09686
202000036022,1,7,2020,23,3,59,59507,1,1,1,4,AUTOROUTE A1,50.6074542,3.0961771
202000036023,3,7,2020,19,1,91,91064,1,1,1,3,RN 118,48.7547,2.2236
202000036024,3,7,2020,16,1,91,91570,1,1,1,2,RN 104,48.6254,2.3359
202000036025,3,7,2020,7,1,91,91286,1,1,1,3,AUTOROUTE A6,48.6462,2.3882
202000036026,3,7,2020,4,2,91,91617,1,1,1,7,RN 104,48.6324,2.5291
202000036027,2,7,2020,23,5,94,94065,1,1,1,3,AUTOROUTE A86,48.75475,2.344
202000036028,2,7,2020,23,5,94,94034,1,9,1,2,AUTOROUTE A86,48.75544,2.34307
202000036029,2,7,2020,11,1,78,78140,1,1,1,3,A13,48.958778,1.933183
202000036030,3,7,2020,20,1,95,95527,1,1,1,3, A1,48.988634,2.509302
202000036031,3,7,2020,12,1,93,93005,1,1,1,2,AUTOROUTE A1,48.96118,2.46897
202000036032,3,7,2020,8,1,95,95488,1,1,1,2, A15,49.02455,2.13235
202000036033,3,7,2020,16,1,94,94017,1,1,1,-1,A4,48.82925,2.49934
202000036034,3,7,2020,9,1,77,77468,1,1,1,2,A104,48.8476848,2.6620341
202000036035,29,1,2020,9,1,86,86066,2,4,1,1,Rue de la Grande eau,46.82125,0.5487
202000036036,1,7,2020,11,1,987,98735,2,3,1,3,CHESSE ( RUE),-17.5290246,-149.5611477
202000036037,1,7,2020,11,1,974,97416,2,1,1,7,PERE MAITRE(RUE DU),-21.28471,55.46839
202000036038,1,7,2020,10,1,974,97416,2,1,1,6,FOUR A CHAUX(RUE DU),-21.34169,55.47251
202000036039,2,7,2020,15,1,973,97302,1,1,1,3,LEBLOND (ROND POINT),4.9215409,-52.3297477
202000036040,2,7,2020,16,1,973,97302,2,1,1,5,MADELEINE (ROUTE DE LA),4.91728,-52.32142
202000036041,2,7,2020,13,1,973,97302,1,6,1,2,MARINGOUINS (ROND-POINT),4.9071806,-52.3226582
202000036042,2,7,2020,18,1,69,69383,2,9,1,3,FEUILLAT                            (R ),45.74446,4.87459
202000036043,2,7,2020,0,5,69,69199,2,1,1,6,MATHIEU DUSSURGEY                   (R ),45.7122084,4.8602882
202000036044,20,6,2020,19,1,69,69384,2,1,1,2,PHILIPPE DE LASSALLE                (R ),45.77481,4.82114
202000036045,1,7,2020,11,1,69,69152,2,1,1,2,EUROPE (DE L')                      (BD),45.6976,4.8248
202000036046,2,7,2020,8,1,69,69034,2,1,1,2,GENERAL DE GAULLE                   (AV),45.8083,4.8564
202000036047,30,6,2020,20,1,69,69382,2,1,1,3,BELLECOUR                           (PL),45.7587,4.8309
202000036048,18,6,2020,16,1,89,89387,2,2,1,3,VERDUN (BOULEVARD DE),48.2017424,3.2977826
202000036049,17,6,2020,10,1,89,89387,2,1,1,6,JEAN JAURES (PLACE),48.1994,3.2841
202000036050,1,7,2020,22,5,87,87085,2,2,1,3,PISSARO (RUE CAMILLE),45.85474,1.27376
202000036051,1,7,2020,19,1,83,83141,1,9,1,3,ARCS(ROUTE DES),43.48942,6.48375
202000036052,30,6,2020,23,5,78,78646,1,1,1,6,SAINT CYR (ROUTE DE),48.80239,2.11251
202000036053,29,6,2020,18,1,77,77169,2,1,1,3,BRIARDE (ALLEE DE LA),48.82051,2.613
202000036054,1,7,2020,22,5,76,76231,2,6,1,3,JAURES. RUE JEAN,49.287,1.0088
202000036055,1,7,2020,10,1,76,76402,2,1,2,5,RN 27 (ROUTE DE DIEPPE),49.5221,1.04
202000036056,1,7,2020,16,1,76,76305,2,1,1,6,INDUSTRIELLE (ROUTE),49.4877,0.2105
202000036057,2,7,2020,12,1,71,71059,2,1,1,1,CREUSOT (RUE DU),46.8017086,4.4748881
202000036058,1,7,2020,8,1,71,71076,2,1,1,6,MATHIAS (PLACE),46.7858571,4.8581334
202000036059,1,7,2020,21,5,67,67482,2,7,1,3,VIEUX MARCHE AUX VINS (PETITE RUE DU),48.58385,7.74148
202000036060,1,7,2020,16,1,67,67482,2,1,1,3,RENARDS (RUE DES),48.5928124,7.7186699
202000036061,1,7,2020,14,1,67,67482,2,1,1,3,PAUL BATIMENT (rue),48.5427917,7.7761729
202000036062,2,7,2020,10,1,66,66136,2,1,1,6,LANGUEDOC (AVENUE DU CD 88),42.72535,2.88747
202000036063,1,7,2020,12,1,66,66136,2,1,1,6,SAINT CHARLES (ROCADE),42.697336,2.860867
202000036064,2,7,2020,9,1,64,64284,2,1,2,4,18 JUIN 1940 DU,43.27993,-0.39003
202000036065,2,7,2020,11,1,64,64102,2,1,2,2,SOULT (AVENUE MARECHAL),43.485541,-1.492241
202000036066,30,6,2020,20,1,64,64102,2,6,1,3,ALSACE LORRAINE (BOULEVARD),43.4916,-1.4641
202000036067,28,6,2020,17,1,62,62193,2,1,1,3,LOIRE (QUAI DE LA),50.96246,1.86269
202000036068,30,6,2020,17,1,60,60665,1,1,1,7,RN 1031,49.42105,2.79567
202000036069,2,7,2020,20,1,59,59599,2,2,1,3,MALCENSE (RUE DE LA),50.72936,3.16439
202000036070,1,7,2020,13,1,56,56098,2,1,1,6,LUMIERE (RUE  DES FRERES ),47.76696,-3.33017
202000036071,30,6,2020,15,1,56,56098,2,3,1,3,JAURES (RUE  JEAN ),47.76881,-3.35245
202000036072,30,5,2020,4,5,54,54036,2,1,1,6,LIBERATION (RUE DE LA),49.28684,5.96365
202000036073,30,6,2020,13,1,50,50475,2,2,8,3,COTENTIN (avenue du),49.1286,-1.0938
202000036074,29,6,2020,17,1,50,50173,2,2,1,6,SALENGRO (RUE ROGER),49.65041,-1.65146
202000036075,1,7,2020,9,1,49,49007,2,1,1,3,LARREY,47.4793,-0.5556
202000036076,2,7,2020,17,1,45,45286,2,9,8,3,D951 PR 89 + 560-Route de Sandillon,47.8837922,1.9306004
202000036077,18,5,2020,21,5,43,43157,2,1,1,2,BERTRAND (BD. PRESIDENT),45.0371561,3.8877439
202000036078,2,7,2020,9,1,38,38185,2,2,1,3,Rue Nicolas Chorier,45.18594,5.71653
202000036079,2,7,2020,17,1,33,33063,2,6,1,3,Cours Charles Bricaud,44.8885,-0.56008
202000036080,2,7,2020,17,1,33,33529,2,1,1,2,CUREPIPE (BD DE) DU 01 ET +,44.63771,-1.13422
202000036081,1,7,2020,17,1,31,31555,2,1,1,2,AV LOUIS BAZERQUES,43.57598,1.39532
202000036082,1,7,2020,14,1,31,31555,2,1,1,3,AV JEAN ZAY,43.652043,1.425402
202000036083,2,7,2020,22,2,27,27701,1,1,1,7,RD 6015,49.24435,1.19359
202000036084,25,6,2020,11,1,27,27375,2,2,1,6,BEAULIEU (RUE DE),49.20891,1.15749
202000036085,30,6,2020,18,1,27,27229,2,1,1,6,VERNON (RUE DE),49.03,1.1614
202000036086,30,6,2020,13,1,25,25056,2,3,1,2,LABBE RUE,47.23946,6.01217
202000036087,2,7,2020,15,1,17,17300,2,2,1,3,SUIRE   PONT LOUIS,46.15895,-1.147702
202000036088,2,7,2020,20,1,14,14118,2,1,1,-1,PIGACIERE (RUE DE LA),49.18829,-0.35978
202000036089,1,7,2020,14,1,14,14271,2,1,1,2,HARCOURT (AVENUE D'),49.15745,-0.36879
202000036090,1,7,2020,23,3,13,13103,1,1,1,2,RN 113,43.62007,5.0914
202000036091,2,7,2020,11,1,13,13207,2,1,1,3,RIVE NEUVE (QUAI),43.29227,5.36528
202000036092,2,7,2020,11,1,13,13208,2,1,1,3,LOUIS BONNEFON (PLACE),43.254381,5.382167
202000036093,2,7,2020,0,5,13,13214,2,3,1,3,SAINTE MARTHE (chemin),43.323581,5.389045
202000036094,1,7,2020,14,1,10,10387,2,2,1,3,PAIX (RUE DE LA),48.30506,4.06615
202000036095,2,7,2020,20,1,09,09122,2,1,1,1,LAKANAL (AVENUE),42.96303,1.60404
202000036096,2,7,2020,14,1,06,06088,2,1,1,3,ROQUEBILLIERE (R. DE),43.708708,7.287649
202000036097,2,7,2020,1,5,06,06088,2,9,1,6,VOIE RAPIDE,43.684598,7.233428
202000036098,2,7,2020,2,5,06,06123,2,1,1,7,LIBERATION AVENUE DE LA,43.65562,7.15025
202000036099,1,7,2020,17,1,05,05023,2,4,1,1,SAVOIE (AVENUE DE),44.91661,6.62241
202000036100,2,7,2020,13,1,75,75116,2,1,1,4,BOULEVARD PERIPHERIQUE,48.872906,2.274447
202000036101,1,7,2020,17,1,75,75115,2,1,1,3,PORTE DE LA PLAINE,48.82788,2.29139
202000036102,1,7,2020,8,1,75,75117,2,1,1,3,BOULEVARD PERIPHERIQUE EXTERIEUR OUEST,48.900188,2.320781
202000036103,2,7,2020,12,1,75,75105,2,2,1,3,RUE DAUBENTON,48.84112,2.35263
202000036104,1,7,2020,9,1,75,75105,2,1,1,1,RUE DES FOSSES SAINT MARCEL,48.839043,2.356139
202000036105,2,7,2020,19,1,75,75118,2,1,1,6,RUE RIQUET,48.890137,2.360631
202000036106,2,7,2020,20,1,75,75114,2,4,1,6,AVENUE DU MAINE,48.830261,2.325892
202000036107,2,7,2020,15,1,75,75114,2,2,1,6,RUE MOUTON DUVERNET,48.832422,2.325862
202000036108,2,7,2020,8,1,75,75114,2,7,8,3,PLACE VICTOR ET HELENE BASCH,48.827852,2.327057
202000036109,1,7,2020,17,1,75,75114,2,1,3,7,AVENUE DU GENERAL LECLERC,48.831657,2.330199
202000036110,2,7,2020,17,1,75,75113,2,3,1,2,AVENUE D ITALIE,48.828316,2.356615
202000036111,2,7,2020,10,1,75,75101,2,2,1,7,RUE DE RIVOLI,48.859108,2.346431
202000036112,1,7,2020,9,1,75,75104,2,2,1,2,QUAI DE L HOTEL DE VILLE,48.854368,2.354934
202000036113,1,7,2020,7,1,94,94068,2,2,2,1,LOUIS BLANC (AV),48.789068,2.495277
202000036114,2,7,2020,14,1,94,94042,2,9,8,6,MARECHAL LECLERC (BD DU),48.81671,2.46756
202000036115,2,7,2020,19,1,94,94003,2,1,1,3,AUGUSTE DELAUNE (R),48.80198,2.33827
202000036116,2,7,2020,8,1,94,94076,2,1,2,4,PRESIDENT ALLENDE (AV DU),48.79732,2.348902
202000036117,2,7,2020,8,2,94,94022,2,2,8,6,ANATOLE FRANCE (AV),48.76049,2.411649
202000036118,2,7,2020,17,1,93,93078,2,1,1,3,AV DES NATIONS,48.97283,2.51084
202000036119,30,6,2020,13,1,93,93066,2,1,1,6,MOCQUET GUY,48.9411054,2.3619584
202000036120,2,7,2020,13,1,93,93053,2,2,1,3,ANATOLE FRANCE (RUE),48.8883998,2.4504838
202000036121,2,7,2020,7,1,93,93048,2,1,1,2,R DE PARIS,48.85673,2.4285
202000036122,2,7,2020,15,1,93,93046,2,9,1,3,JEAN JAURES BOULEVARD,48.9211595,2.5257617
202000036123,2,7,2020,17,1,93,93010,2,9,1,3,GROSLAY (CHEM. DE),48.9115858,2.4749583
202000036124,2,7,2020,12,1,93,93001,2,9,1,3,R GUYARD DELALAIN ,48.9106338,2.3874729
202000036125,2,7,2020,10,1,92,92073,2,7,2,7,CROIX-DU-ROY (CARREFOUR DE LA),48.8617417,2.2123866
202000036126,2,7,2020,11,1,92,92051,2,1,1,2,"CHARLES DE GAULLE (AVENUE, N°27 A 129)",48.88189,2.26872
202000036127,2,7,2020,20,1,92,92050,2,5,1,2,CLEMENCEAU GEORGES AVENUE N° PAIR,48.8864337,2.2092966
202000036128,2,7,2020,11,1,92,92049,2,1,8,6,BRIAND AVENUE ARISTIDE N°2 A 114,48.81392,2.32577
202000036129,2,7,2020,15,1,92,92044,2,1,1,1,CHARLES PASQUA (QUAI) 58 A90,48.90073,2.28406
202000036130,2,7,2020,10,1,92,92036,2,2,1,3,PIERRE DE COUBERTIN PROLONGE,48.9260928,2.2845675
202000036131,2,7,2020,19,1,92,92032,2,1,1,3,LECCLERC GENERAL (AVENUE DU),48.79387,2.27308
202000036132,2,7,2020,5,5,92,92007,2,2,1,3,SANGNIER (RUE MARC) N° IMPAIRS,48.79763,2.30957
202000036133,2,7,2020,19,1,92,92002,2,3,1,3,ARISTIDE BRIAND (AVENUE),48.7623846,2.3085545
202000036134,1,7,2020,22,5,92,92014,2,9,1,7,GENERAL LECLERC (AV.) (1 A 55BIS - 2 A 4,48.7853492,2.3176244
202000036135,3,7,2020,19,1,54,54250,1,1,1,3,D80,48.658424,6.353424
202000036136,2,7,2020,17,1,01,01007,1,2,1,3,D1075,46.0248,5.338926
202000036137,3,7,2020,5,2,33,33479,1,1,1,2,Lieu Dit Superbie,44.602725,-0.032519
202000036138,2,7,2020,4,3,36,36235,1,2,1,3,,47.13941,1.491394
202000036139,24,6,2020,13,1,974,97422,2,1,1,3,Chemin des Longoses,-21.236061,55.505216
202000036140,2,7,2020,23,3,01,01354,1,6,1,4,D35,46.252123,6.044776
202000036141,3,7,2020,6,1,76,76584,1,1,1,7,A28 vers Rouen pk 055.100,49.7487808,1.4787877
202000036142,2,7,2020,15,1,974,97410,2,1,1,7,260 Route Nationale 2,-21.092202,55.747937
202000036143,2,7,2020,15,1,47,47191,1,2,1,3,D143,44.475946,0.107664
202000036144,2,7,2020,17,1,74,74105,1,9,1,3,D1005,46.298893,6.28131
202000036145,27,5,2020,16,1,74,74173,2,1,1,1,Route Nationale,45.868702,6.628232
202000036146,8,6,2020,8,1,76,76361,1,1,1,7,Route d'Etretat,49.611613,0.1550306
202000036147,3,7,2020,10,1,2A,2A271,2,1,1,3,Pernicaggio,41.954579,8.797908
202000036148,3,7,2020,12,1,11,11205,1,4,1,7,D511,43.331829,2.406223
202000036149,3,7,2020,18,1,55,55352,1,1,1,7,RD 152 PK 11.600,48.682376,5.162287
202000036150,3,7,2020,10,1,42,42097,1,3,1,3,Route Departementale 1082,45.488659,4.329541
202000036151,3,7,2020,7,3,34,34210,1,1,1,7,route de canet,43.596693,3.506175
202000036152,30,6,2020,10,1,31,31324,1,1,8,6,22 Avenue de Palaminy,43.197245,1.03544
202000036153,3,7,2020,8,1,72,72028,1,2,1,3,Croisement D216 et route du gite du Biou,47.759371,0.406923
202000036154,3,7,2020,6,1,64,64018,1,1,1,5,RD11,43.335241,-1.048266
202000036155,3,7,2020,2,5,64,64238,1,1,8,7,D817,43.248323,-0.082778
202000036156,3,7,2020,11,1,64,64037,1,1,1,7,Route de Parbayse - PR 001.225,43.337807,-0.518855
202000036157,2,7,2020,16,1,27,27627,1,1,1,6,Rd613,49.150121,0.535884
202000036158,1,7,2020,20,1,17,17248,1,1,1,7,RD 730,45.5184233,-0.7559732
202000036159,2,7,2020,7,1,973,97307,1,1,1,5,route nationale 1,4.891856,-52.345712
202000036160,3,7,2020,10,1,24,24091,2,1,1,6,La Touille,44.800356,1.203711
202000036161,3,7,2020,15,1,01,01331,1,1,1,3,A40,46.106268,5.45188
202000036162,3,7,2020,12,1,53,53267,1,1,1,6,A81,48.051392,-0.461469
202000036163,2,7,2020,8,1,77,77327,2,5,1,-1,D619 / D56 / D419,48.56184,3.013344
202000036164,2,7,2020,16,1,69,69118,2,1,1,2,route de Beaucaire,45.562967,4.805446
202000036165,3,7,2020,14,1,988,98811,2,3,1,6,RT1/CR22,-21.083179,164.876815
202000036166,29,6,2020,11,1,971,97117,2,3,1,3,Rue Sainte Anne,16.330005,-61.3429141
202000036167,3,7,2020,14,1,45,45191,1,3,1,3,D2152,48.266073,2.367978
202000036168,27,6,2020,18,1,77,77376,2,1,1,7,Ruelle de la Mairie,48.927807,2.772363
202000036169,2,7,2020,16,1,77,77360,1,3,1,3,D112,48.730018,3.00136
202000036170,29,6,2020,20,1,84,84081,2,2,1,3,Avenue du General Leclerc,43.934105,4.90164
202000036171,3,7,2020,15,1,04,04128,1,1,1,3,RD 907,43.848591,5.717837
202000036172,3,7,2020,21,5,04,04019,2,3,1,1,D9 / Ch des gentianes,44.387924,6.638572
202000036173,1,7,2020,21,1,13,13096,1,1,1,6,D85a,43.49223,4.439152
202000036174,1,7,2020,14,1,13,13027,2,6,1,1,Boulevard Joliot Curie,43.8828,4.862507
202000036175,2,7,2020,17,1,67,67127,1,1,1,2,D45,48.5732465,7.5390101
202000036176,1,7,2020,19,1,54,54034,1,1,1,3,D10a,48.754123,5.941544
202000036177,2,7,2020,18,1,74,74018,2,1,1,2,Chemin du Clos Scotti,46.088955,6.352796
202000036178,3,7,2020,0,3,73,73015,1,1,3,7,RD 90 - PR 15 - MERIBEL MOTTARET,45.3835253,6.575365
202000036179,3,7,2020,8,1,38,38540,2,1,1,1,Rue Castiglion Fibocchi,45.27343,5.61519
202000036180,4,3,2020,18,1,44,44029,2,6,1,3,D7,47.273011,-1.331728
202000036181,13,3,2020,21,3,44,44023,1,1,1,6,La Vigne,47.421608,-1.844057
202000036182,15,3,2020,14,1,36,36031,1,2,1,3,,46.904542,1.42237
202000036183,16,3,2020,9,1,30,30112,2,1,1,6,671 Avenue des Lens,43.912131,4.194696
202000036184,17,3,2020,16,1,973,97307,1,1,1,4,CD 6,4.794904,-52.358394
202000036185,14,3,2020,15,1,34,34255,1,1,1,1,D127e5,43.685109,3.797053
202000036186,16,3,2020,21,3,68,68015,1,1,1,2,A36,47.788479,7.454567
202000036187,16,3,2020,3,3,51,51454,1,1,1,2,A344,49.2255411,4.0606075
202000036188,16,3,2020,16,1,29,29233,2,4,1,6,D16 - Rue d'Armorique,47.858083,-3.565391
202000036189,11,3,2020,13,1,13,13041,2,9,1,2,Avenue d'Arménie,43.452981,5.452427
202000036190,16,3,2020,22,3,26,26362,1,1,1,6,Autoroute du soleil,44.924027,4.878316
202000036191,15,3,2020,16,1,67,67205,2,1,1,7,1 rue de la république,48.7026517,7.7946647
202000036192,15,3,2020,16,1,73,73030,2,1,1,6,Route de la Trousse,45.571319,5.974025
202000036193,17,3,2020,6,2,01,01202,1,1,1,6,D20,45.879926,5.337548
202000036194,16,3,2020,8,1,22,22081,2,1,1,3,Rue d'Eole,48.484045,-2.653241
202000036195,17,3,2020,15,1,60,60045,2,1,1,7,Rue d'Ognon,49.2249622,2.6620734
202000036196,16,3,2020,8,1,13,13202,1,1,1,7,A55-Sens Marseille vers Martigues,43.33063,5.35483
202000036197,15,3,2020,20,3,78,78322,1,1,1,-1,RN12,48.78189,2.16248
202000036198,15,3,2020,19,5,976,97611,2,4,1,3,m'tsapere-Yahari ( rue ),-12.78873,45.22242
202000036199,15,3,2020,16,1,69,69387,2,2,1,3,PASTEUR                             (R ),45.74876,4.83694
202000036200,15,3,2020,16,1,69,69386,2,1,1,3,VITTON                              (CO),45.76948,4.85098
202000036201,15,3,2020,14,1,69,69034,2,1,1,6,GARE DE CUIRE (DE LA)               (R ),45.78597,4.83151
202000036202,15,3,2020,7,2,69,69389,2,1,1,6,BARTHELEMY BUYER                    (AV),45.7636,4.7982
202000036203,15,3,2020,16,1,95,95268,2,6,1,3,RUE DES ACACIAS,48.97169,2.4021
202000036204,15,3,2020,5,5,95,95197,2,6,1,3,CHARLES DE GAULLE  AVENUE,48.9795998,2.3167546
202000036205,15,3,2020,12,1,91,91434,2,2,1,3,PAUL VAILLANT COUTURIER (AVENUE),48.652456,2.352599
202000036206,13,3,2020,14,1,83,83061,2,3,1,5,RUE GUSTAVE BRET,43.437275,6.7375106
202000036207,15,3,2020,3,5,74,74012,2,1,1,6,THONON (ROUTE DE),46.19205,6.25216
202000036208,14,3,2020,21,5,69,69266,2,3,1,-1,4 AOUT 1789    (Rue du),45.7646,4.8908
202000036209,15,3,2020,12,1,69,69092,2,1,1,-1,SAULE D'OINGT (route du),45.9807,4.66462
202000036210,13,3,2020,18,1,69,69013,2,1,1,4,JOUX (avenue de),46.0088769,4.725671
202000036211,14,3,2020,16,1,60,60159,2,2,1,3,SOLFERINO,49.4189779,2.8243919
202000036212,15,3,2020,14,1,35,35238,2,2,1,3,21 rue Charles Laurent,48.12353,-1.68429
202000036213,15,3,2020,20,5,33,33013,1,9,1,5,ROUTE NATIONALE 89 / ROCADE N230 -E26-,44.86867,-0.50264
202000036214,15,3,2020,17,1,27,27375,2,2,1,3,MITTERAND (AVENUE FRANCOIS),49.2231,1.173
202000036215,15,3,2020,7,1,14,14304,1,1,1,7,CD 579,49.3720774,0.2237174
202000036216,15,3,2020,23,5,13,13209,2,1,1,7,AUGUSTIN AUBERT (RUE),43.26866,5.40298
202000036217,15,3,2020,1,5,13,13047,2,9,1,3,BAUMES RUE DES,43.509753,4.981248
202000036218,15,3,2020,3,3,06,06069,2,1,1,7,CHATEAU FOLIE (CHEMIN DE),43.64348,6.91739
202000036219,15,3,2020,1,5,75,75105,2,2,1,3,BOULEVARD SAINT MICHEL,48.8513851,2.343196
202000036220,14,3,2020,23,5,75,75113,2,1,1,6,BOULEVARD VINCENT AURIOL,48.832137,2.360389
202000036221,15,3,2020,16,1,75,75120,2,1,1,2,BOULEVARD DAVOUT,48.859736,2.409609
202000036222,15,3,2020,21,5,75,75119,2,3,1,3,AVENUE JEAN JAURES,48.885173,2.37937
202000036223,15,3,2020,20,5,75,75116,2,2,1,6,RUE CHARDON LAGACHE,48.841498,2.263849
202000036224,15,3,2020,0,5,75,75114,2,2,1,6,AVENUE RENE COTY,48.82991,2.334187
202000036225,15,3,2020,11,1,75,75111,2,1,1,3,RUE DE LA ROQUETTE,48.853481,2.370509
202000036226,15,3,2020,7,5,94,94067,2,1,1,7,MINIMES (AV DES),48.8416858,2.4261203
202000036227,15,3,2020,16,1,94,94078,2,1,1,6,FRANCIS MARTIN (R),48.73745,2.45257
202000036228,15,3,2020,16,1,94,94018,2,2,1,1,PARIS (R DE),48.82592,2.40691
202000036229,14,3,2020,22,5,94,94071,2,9,1,4,QUEUE EN BRIE (RTE DE LA),48.7633805,2.5360288
202000036230,15,3,2020,18,1,93,93078,2,1,1,3,LUMIERE (AVENUE AUGUSTE),48.9483923,2.5620112
202000036231,15,3,2020,19,2,93,93059,2,3,1,6,PAUL STRAUSS (RUE),48.9552,2.3613
202000036232,15,3,2020,15,1,93,93072,2,1,7,1,MAXIME GORKI (BOULEVARD) N°72 AU 80,48.9447929,2.3867521
202000036233,15,3,2020,12,1,93,93048,2,2,1,-1,REPUBLIQUE (RUE DE LA),48.85278,2.4181
202000036234,15,3,2020,19,4,93,93030,2,1,1,-1,LARIVIERE (RUE LOUIS),48.9524812,2.4165446
202000036235,15,3,2020,3,5,93,93057,2,1,1,6,TRESOR PERDU (AL. DU),48.90489,2.51057
202000036236,15,3,2020,13,1,93,93008,2,6,1,2,ROND POINT REPIQUET,48.914147,2.4315575
202000036237,15,3,2020,1,5,93,93007,2,9,8,3,MASSENET (AVENUE),48.9398405,2.4655784
202000036238,15,3,2020,10,1,92,92048,2,3,1,3,TERRE NEUVE (RUE),48.8078,2.235
202000036239,15,3,2020,16,1,92,92009,2,1,1,1,Pierre Joigneaux ( rue ),48.910795,2.258462
202000036240,15,3,2020,16,1,92,92024,2,4,1,3,MARTRE (RUE) DE (59 A 109)   (58 A 120),48.9014,2.3077
202000036241,15,3,2020,17,1,51,51295,1,1,1,7,D14,48.6934062,4.5087537
202000036242,15,3,2020,21,3,01,01248,1,1,1,6,D82,45.907987,4.958568
202000036243,15,3,2020,14,1,67,67362,1,3,1,3,D159,48.248692,7.3551516
202000036244,15,3,2020,17,1,63,63349,1,1,1,3,Route départementale 19 PK 35+500,45.950933,2.889683
202000036245,15,3,2020,10,1,84,84071,1,1,1,3,300 Chemin du Carraire,43.847514,5.123609
202000036246,15,3,2020,15,1,71,71131,2,1,1,7,Rue des Halles,46.8861954,5.0417274
202000036247,15,3,2020,17,1,82,82115,2,1,1,6,D35,43.970293,1.583674
202000036248,14,3,2020,14,1,32,32277,2,3,1,3,Voie communale 1,43.482684,0.865685
202000036249,16,3,2020,17,1,89,89462,2,1,1,7,Rue de la Foncée,47.738082,3.088526
202000036250,15,3,2020,19,2,63,63214,1,1,1,7,Rue du Colonel Gaspard,45.6843173,3.1791942