Num_Acc,jour,mois,an,hr,condition_eclairage,departement,commune,condition_agglomeration,intersection,condition_atmosphere,type_collision,adresse,lattitude,longitude
202000036251,22,2,2020,3,3,86,86082,1,1,1,7,D27,46.295951,0.249188
202000036252,16,3,2020,12,1,68,68270,2,1,1,4,88 Rue Principale,47.780167,7.278893
202000036253,15,3,2020,16,1,25,25387,1,4,1,3,D437,47.294046,6.814785
202000036254,15,3,2020,10,1,25,25222,1,1,1,2,N57,47.139789,6.276777
202000036255,15,3,2020,16,1,02,02261,2,1,1,7,Rue de Crécy,49.700316,3.682351
202000036256,14,3,2020,8,2,14,14203,1,1,8,6,D49,49.233075,-0.068858
202000036257,16,3,2020,16,1,60,60124,2,2,8,-1,D934,49.6377146,2.9054976
202000036258,19,2,2020,17,1,82,82033,1,1,1,2,AUTOROUTE A62,44.049458,1.087046
202000036259,16,3,2020,14,1,68,68015,1,1,1,4,A36,47.789077,7.450758
202000036260,16,3,2020,19,3,72,72278,1,1,1,2,pk 211+800,48.040106,-0.252785
202000036261,15,3,2020,16,1,987,98729,1,1,1,1,RT 91- pk 13,-17.533189,-149.838611
202000036262,14,3,2020,17,3,971,97129,1,9,1,7,ravine chaude,16.304022,-61.702781
202000036263,15,3,2020,17,1,77,77474,1,1,1,7,1 Chemin de l'Hermitage,48.945029,2.80845
202000036264,5,3,2020,21,2,77,77192,2,2,1,3,D436,48.706822,2.870092
202000036265,15,3,2020,16,1,78,78230,1,1,1,1,Rue du Bec de Géline,48.93932,1.835136
202000036266,15,3,2020,15,1,11,11275,1,1,1,6,D624,43.290873,1.884434
202000036267,15,3,2020,15,1,06,06157,1,1,1,1,Route de Coursegoules,43.734949,7.104936
202000036268,15,3,2020,17,1,13,13007,1,1,1,7,3275 Route de la Sainte Baume,43.3474497,5.6587545
202000036269,12,3,2020,20,5,13,13086,2,1,1,7,Avenue des Allies,43.351681,5.604452
202000036270,12,3,2020,9,1,13,13097,1,1,1,4,Rue d'Arles,43.631988,4.790257
202000036271,15,3,2020,16,1,71,71299,2,1,1,-1,Rue Lamartine,46.3472131,4.698369
202000036272,13,3,2020,16,1,54,54196,1,2,1,3,Route de Vittel,48.559955,6.18526
202000036273,14,3,2020,10,1,69,69179,1,1,1,1,D34,45.598677,4.70637
202000036274,16,3,2020,12,1,33,33413,2,3,2,5,RD20 / 20 Chemin de Dagen,44.847962,-0.329815
202000036275,16,3,2020,9,1,33,33268,2,1,2,1,D2,45.035832,-0.66871
202000036276,15,3,2020,2,3,49,49138,1,1,1,1,Passage au-dessus de l'A85 (Beaufort en Vallée),47.442819,-0.175867
202000036277,25,2,2020,16,1,42,42097,1,1,1,2,A72,45.51406,4.30097
202000036278,15,3,2020,15,1,94,94037,1,1,1,2,AUTOROUTE A6B,48.80797,2.34752
202000036279,14,3,2020,21,3,91,91064,1,1,2,3,RN 118,48.7583,2.2241
202000036280,15,3,2020,16,1,78,78545,1,1,1,6,A12 Y,48.817048,2.063995
202000036281,15,3,2020,6,5,78,78646,1,9,1,5,RN12,48.789724,2.126602
202000036282,15,3,2020,15,1,77,77059,1,1,1,-1,A104,48.8415339,2.6636544
202000036283,14,3,2020,14,1,94,94033,1,1,2,3,A86.EXT,48.8514099,2.4897804
202000036284,10,1,2020,17,5,92,92024,2,2,1,3,CLICHY (QUAI DE) DE (8 A 60),48.90846,2.300192
202000036285,13,1,2020,17,5,92,92024,2,1,1,2,MARTRE (RUE) DE (59 A 109)   (58 A 120),48.9010459,2.3079116
202000036286,10,1,2020,9,1,92,92024,2,3,2,2,MARTRE (RUE) DE (111 A 119)   (122 A 144,48.90759,2.30143
202000036287,14,3,2020,17,1,69,69386,2,1,1,6,SEZE (DE)                           (R ),45.76832,4.84808
202000036288,14,3,2020,16,1,69,69259,2,2,1,1,Boulevard du Docteur Coblod,45.70312,4.88773
202000036289,14,3,2020,14,1,69,69142,2,1,1,4,STEPHANE DECHANT                    (R ),45.723258,4.8121079
202000036290,13,3,2020,18,1,971,97113,1,1,1,2,MONTAUBAN (SECTEUR),16.21392,-61.50114
202000036291,14,3,2020,4,3,88,88519,1,1,1,7,RN 59,48.33578,6.89371
202000036292,15,3,2020,1,5,83,83137,2,1,1,6,Avenue de la Résistance,43.11008,5.97584
202000036293,14,3,2020,5,3,83,83069,1,1,1,6,PIERREFEU (ROUTE DE) RD 12,43.1669,6.1202
202000036294,13,3,2020,19,5,79,79191,2,1,1,6,Boulevard de l'Atlantique,46.33417,-0.4755
202000036295,14,3,2020,13,1,78,78586,2,3,1,6,JAURES (AVENUE JEAN) N° PAIR,48.9392,2.1585
202000036296,14,3,2020,9,1,77,77495,2,1,1,3,ANNA LINDH (AVENUE) - D82,48.56872,2.62763
202000036297,14,3,2020,21,3,77,77288,1,9,1,1,D606,48.533672,2.6544814
202000036298,14,3,2020,1,5,77,77221,2,6,1,6,DEUX CHATEAUX (AVENUE DES ) - D217B,48.8522503,2.7173225
202000036299,10,3,2020,17,1,77,77131,2,2,8,3,JEHAN DE BRIE (AVENUE) - D402,48.8182864,3.0880437
202000036300,13,3,2020,18,1,76,76540,2,1,1,7,RONDEAUX. AVENUE JEAN,49.43715,1.07858
202000036301,13,3,2020,18,1,76,76157,2,3,1,3,CD 982 (COTE DE CANTELEU),49.44515,1.04205
202000036302,14,3,2020,15,1,72,72181,2,1,1,6,CHURCHILL WINSTON (BD) N° IMP 41 ET >,47.9816,0.22485
202000036303,14,3,2020,21,5,69,69266,2,2,1,3,PAUL KRUGER      (Avenue),45.75408,4.90561
202000036304,14,3,2020,12,1,69,69266,2,2,1,3,ANATOLE FRANCE     (Rue),45.76733,4.87388
202000036305,14,3,2020,21,5,64,64024,2,6,1,7,BAYONNE (AVENUE DE),43.4831214,-1.5028803
202000036306,14,3,2020,13,1,59,59431,2,3,2,3,ARMENTIERES  (RUE D' ),50.699212,2.852327
202000036307,12,3,2020,13,1,50,50218,2,1,1,3,SAINT PAUL (RUE),48.835789,-1.5892499
202000036308,14,3,2020,4,5,44,44109,2,1,2,-1,RUE DE LA MONTAGNE,47.21109,-1.58257
202000036309,14,3,2020,11,1,37,37208,2,1,1,4,DOUMER (BOULEVARD PAUL),47.3685041,0.7279686
202000036310,14,3,2020,8,1,34,34172,2,3,1,3,GRASSET (AVENUE DU PROFESSEUR),43.62163,3.86866
202000036311,14,3,2020,7,1,34,34172,2,1,1,2,VALERY (BOULEVARD PAUL,43.58992,3.85567
202000036312,13,3,2020,11,1,34,34172,2,9,1,-1,FLANDRES-DUNKERQUE (PLACE),43.5897788,3.8558364
202000036313,15,3,2020,0,5,33,33192,2,4,1,3,RUE DE LOUSTALOT / PCE DES AUGUSTINS,44.77261,-0.61606
202000036314,13,3,2020,12,1,33,33281,1,3,1,2,Avenue René Cassin / A630 Mérignac -E11-,44.83221,-0.67437
202000036315,14,3,2020,10,1,29,29019,2,1,1,3,Rue du Huit Mai 1945,48.4112945,-4.4724701
202000036316,14,3,2020,18,2,25,25056,2,1,1,3,DOLE RUE DE (entre 82 et 185),47.23121,5.99632
202000036317,14,3,2020,8,1,13,13215,2,1,1,3,SAINT LOUIS (AVENUE DE),43.348407,5.358963
202000036318,14,3,2020,21,5,06,06027,2,3,1,3,TUILIERES AVENUE DES,43.66675,7.15846
202000036319,14,3,2020,4,5,03,03101,2,6,1,6,Avenue Ambroise Croizat,46.3700332,2.5724719
202000036320,14,3,2020,1,5,75,75112,2,4,1,3,ECHANGEUR BERCY,48.827904,2.394522
202000036321,13,3,2020,17,5,75,75112,2,1,1,3,PORTE DE CHARENTON,48.830927,2.402991
202000036322,13,3,2020,10,1,75,75118,2,4,1,7,ECHANGEUR CHAPELLE,48.900893,2.363903
202000036323,12,3,2020,9,1,75,75112,2,1,1,4,PORTE DOREE,48.833569,2.408341
202000036324,14,3,2020,3,4,75,75116,2,1,1,6,ALLEE DU BORD DE L EAU,48.854419,2.226182
202000036325,13,3,2020,4,5,75,75112,2,1,1,6,QUAI DE LA RAPEE,48.843275,2.370416
202000036326,14,3,2020,0,5,75,75120,2,7,2,3,PLACE DE LA PORTE DE MONTREUIL,48.853907,2.413007
202000036327,13,3,2020,4,5,75,75119,2,1,1,6,AVENUE SIMON BOLIVAR,48.876397,2.378883
202000036328,14,3,2020,15,1,75,75114,2,4,8,2,RUE DE LA GAITE,48.840524,2.324277
202000036329,13,3,2020,2,5,75,75112,2,3,1,2,QUAI DE BERCY,48.83054,2.386107
202000036330,13,3,2020,11,1,75,75109,2,3,1,6,RUE DE LA TOUR D AUVERGNE,48.879704,2.341235
202000036331,14,3,2020,15,1,94,94069,2,1,2,7,BIR HAKEIM (QU DE),48.813976,2.460911
202000036332,14,3,2020,14,1,94,94058,2,3,1,3,GENERAL DE GAULLE (AV DU),48.840811,2.5065
202000036333,14,3,2020,20,5,94,94043,2,9,1,3,CHARLES GIDE (AV),48.8065071,2.3508868
202000036334,14,3,2020,21,5,94,94017,2,1,1,2,STALINGRAD (BD DE),48.817592,2.508653
202000036335,14,3,2020,10,1,93,93078,2,1,2,4,BD ROGER BALLANGER,48.95794,2.54652
202000036336,13,3,2020,23,5,93,93048,2,1,1,-1,ARISTIDE BRIAND (BOULEVARD),48.8723255,2.4531171
202000036337,14,3,2020,20,5,93,93029,2,1,1,6,AV JEAN JAURES,48.9189,2.4535
202000036338,14,3,2020,21,5,93,93007,2,9,1,6,ROME (AVENUE DE),48.9265418,2.478417
202000036339,14,3,2020,15,1,93,93005,2,9,2,6,R JACQUES DUCLOS,48.9468656,2.4930071
202000036340,14,3,2020,15,1,92,92025,2,3,1,6,CHARLES DE GAULLE (BD),48.9178943,2.2240646
202000036341,13,3,2020,12,1,92,92007,2,1,1,6,FOCH MARECHAL (AVENUE DU),48.7928409,2.2983786
202000036342,14,3,2020,11,1,92,92012,2,2,2,6,CHARLES DE GAULLE (AVENUE) - COTE PAIR,48.850319,2.237819
202000036343,14,3,2020,18,1,92,92014,2,1,2,2,GENERAL LECLERC (AV.) (1 A 55BIS - 2 A 4,48.78041,2.31572
202000036344,15,3,2020,14,1,60,60646,2,2,1,3,Rue de Calais,49.4799654,2.0448603
202000036345,11,3,2020,9,1,12,12197,2,1,1,6,16 Avenue de la Vallée du Tarn,44.030882,2.535401
202000036346,15,3,2020,14,1,60,60069,2,3,1,1,Rue de la Libération,49.157823,2.952543
202000036347,14,3,2020,17,1,62,62611,2,2,1,3,intersection D5 et D34,50.2456218,2.8163114
202000036348,15,3,2020,19,3,83,83096,1,1,1,1,Dn7,43.466477,5.793175
202000036349,14,3,2020,17,1,51,51367,1,1,2,-1,D9,48.939667,4.032083
202000036350,14,3,2020,16,1,59,59157,1,1,2,7,D936,50.232438,4.171211
202000036351,15,3,2020,7,2,56,56144,1,1,1,6,RD17,47.9682884,-2.8242243
202000036352,14,3,2020,10,1,56,56206,1,3,1,3,RD 126,47.6913945,-2.7277203
202000036353,15,3,2020,1,3,80,80215,2,1,1,6,3 Rue de Maison-roland,50.143106,2.01149
202000036354,15,3,2020,12,1,81,81182,1,1,1,7,LA RAYNALIÉ,43.726189,2.316077
202000036355,14,3,2020,21,5,81,81037,2,1,1,6,Route de Ferrières,43.630337,2.497088
202000036356,13,3,2020,18,1,32,32297,1,3,1,3,D39,43.514413,0.954786
202000036357,15,3,2020,16,1,42,42282,1,1,1,6,Route de Thiers,45.9024768,3.8178342
202000036358,15,3,2020,4,3,39,39297,1,1,1,7,,46.470237,5.942823
202000036359,15,3,2020,9,1,44,44083,1,2,7,3, Les Brosses,46.996706,-1.663084
202000036360,14,3,2020,4,3,29,29095,2,1,2,6,Route de l'Echangeur,48.468625,-4.37288
202000036361,14,3,2020,22,3,38,38409,1,3,1,6,Inter D71 et D17A,45.10607,5.27646
202000036362,13,3,2020,16,1,15,15215,1,1,7,2,départementale 17,44.958755,2.477181
202000036363,14,3,2020,11,1,01,01140,1,3,1,3,Chemin de Cormassine,46.2847376,5.084604
202000036364,15,3,2020,10,1,01,01001,2,1,1,3,Lot les Muriers,46.150052,4.922782
202000036365,15,3,2020,10,1,70,70219,1,1,1,7,D9,47.54178,6.349431
202000036366,14,3,2020,19,5,54,54015,2,4,2,7,4 Rue de l'Africo,49.336196,5.879896
202000036367,13,2,2020,21,3,06,06032,1,1,1,6,D37,43.727708,7.394797
202000036368,15,3,2020,11,1,05,05040,1,1,1,1,N94,44.538596,6.291293
202000036369,15,3,2020,13,1,60,60509,2,1,1,7,Avenue d'Auvelais,49.3109704,2.6058049
202000036370,1,9,2020,7,1,69,69387,2,2,1,3,DEBOURG                             (AV),45.73085,4.83525
202000036371,1,9,2020,9,1,69,69381,2,1,1,6,JEAN MOULIN                         (QU),45.7675,4.8378
202000036372,1,9,2020,7,1,971,97101,2,6,1,3,DOTHEMARE,16.2650452,-61.5113997
202000036373,1,9,2020,0,4,971,97113,1,1,1,2,RN4 - SECTION RIVIERA,16.21894,-61.50255
202000036374,1,9,2020,9,1,2A,2A004,2,1,1,3,ILES SANGUINAIRES ROUTE DES,41.9063,8.6688
202000036375,31,8,2020,17,1,91,91692,2,1,1,3,OCEANIE (AVENUE DE L'),48.67717,2.19739
202000036376,1,9,2020,12,1,91,91161,2,6,1,5,DIEMA (CARREFOUR DE),48.707979,2.310538
202000036377,1,9,2020,16,1,91,91174,2,1,1,3,LEON CASSE(PLACE),48.60388,2.46958
202000036378,31,8,2020,19,1,83,83129,2,1,1,-1,GUILLEMARD (AV ROBERT) N° PAIRS,43.07951,5.81798
202000036379,1,9,2020,9,1,83,83069,2,9,1,3,PETIT (ROND POINT HENRI),43.113559,6.123784
202000036380,31,8,2020,19,1,76,76540,2,1,1,7,JUIFS. RUE AUX,49.44203,1.09233
202000036381,1,8,2020,5,2,76,76481,2,2,1,3,JARDINETS (IMPASSE DES),49.55248,0.11763
202000036382,31,8,2020,17,1,76,76351,2,2,1,6,LOUIS BRINDEAU,49.49115,0.10533
202000036383,30,7,2020,10,1,76,76384,2,1,1,6,RD 173 (RUES DU BECQUET/DESGENETAIS),49.521,0.533
202000036384,31,8,2020,14,1,67,67482,2,1,8,2,VOSGES (AVENUE DES),48.5890536,7.7532339
202000036385,31,8,2020,10,1,64,64445,2,9,1,6,PAIX,43.3188,-0.34688
202000036386,1,9,2020,15,1,64,64102,2,3,1,3,LOUIS DE FOIX (AVENUE),43.50908,-1.46764
202000036387,1,9,2020,12,1,64,64102,2,1,1,2,BEYRIS (GIRATOIRE),43.47821,-1.4921
202000036388,31,8,2020,12,1,63,63113,2,1,2,-1,MARIVAUX (RUE),45.7697747,3.0957308
202000036389,25,8,2020,5,5,62,62413,2,1,2,6,VALOIS (CHE.),50.45465,2.89846
202000036390,1,9,2020,13,1,59,59043,2,1,1,1,LOCRE (ROUTE DE),50.7532,2.74809
202000036391,30,8,2020,2,5,57,57647,2,1,1,6,GAULLE (RUE CHARLES DE),49.32284,6.07863
202000036392,30,8,2020,1,5,54,54395,2,1,1,6,POINCARE (RUE RAYMOND 1-29-2-30),48.6888427,6.1679059
202000036393,31,8,2020,17,1,51,51454,2,2,1,2,Rue Goiot,49.2452683,4.0448646
202000036394,31,8,2020,14,1,51,51454,2,6,1,3,Avenue Christophe Colomb,49.2286384,4.0369259
202000036395,28,8,2020,20,1,44,44184,1,1,1,1,RD 492 DU PONT BD HÔPITAL A ÉCHANGEUR CR,47.28086,-2.24891
202000036396,1,9,2020,12,1,44,44055,2,3,1,2,Route de Rézac,47.2871,-2.334916
202000036397,31,8,2020,6,5,44,44132,2,1,1,6,OCEANIDES (BOULEVARD DES),47.269,-2.35
202000036398,1,7,2020,16,1,43,43041,2,1,3,6,89 Avenue Charles Dupuy,45.048982,3.9203811
202000036399,1,9,2020,22,5,42,42071,2,2,1,6,Rue Vauban,46.024905,4.0903211
202000036400,1,9,2020,6,1,38,38229,2,1,1,6,N87,45.1942036,5.7821193
202000036401,1,9,2020,9,1,37,37122,2,6,1,2,CUGNOT (RUE JOSEPH),47.3458839,0.6441302
202000036402,31,8,2020,19,1,37,37261,2,1,1,4,HEURTELOUP (BOULEVARD),47.3904201,0.6912471
202000036403,1,9,2020,14,1,35,35238,2,3,1,3,ARMORIQUE (BD D'),48.13052,-1.67636
202000036404,31,8,2020,18,1,31,31555,2,3,1,3,RUE DES FONTAINES,43.60308,1.41076
202000036405,31,8,2020,20,1,31,31555,1,1,1,-1,VA007331 A620,43.6159,1.41828
202000036406,31,8,2020,17,1,31,31555,2,1,1,3,AV DU GENERAL EISENHOWER,43.5600065,1.3948506
202000036407,31,8,2020,18,1,29,29232,1,6,1,7,D34 - Ront Point de Kerustum,47.97906,-4.09428
202000036408,29,8,2020,7,2,29,29232,1,1,1,1,D783 - Route de Brest,48.00896,-4.08258
202000036409,1,9,2020,21,1,29,29151,2,1,1,6,Rue de Straja,48.5876541,-3.8113787
202000036410,31,8,2020,16,1,25,25388,2,1,8,3,HOLLANDE (RUE DE LA PETITE),47.5025,6.792
202000036411,30,8,2020,20,1,22,22106,2,2,1,3,RENNES (RUE DE),48.49045,-2.70019
202000036412,1,9,2020,16,1,17,17300,2,1,1,2,SAINTONGE   RUE ALPHONSE DE,46.16387,-1.19867
202000036413,1,9,2020,14,1,14,14118,2,1,1,2,MONTALIVET (COURS),49.17948,-0.34638
202000036414,1,9,2020,21,3,13,13117,1,1,1,2,ROUTE NATIONALE 113 - LA GARE,43.446358,5.239831
202000036415,1,9,2020,16,1,13,13214,2,1,1,3,ROLAND DORGELES (BOULEVARD),43.3462499,5.3808627
202000036416,1,9,2020,14,1,13,13209,2,9,1,3,MORGIOU (chemin de ),43.2438898,5.4059802
202000036417,1,9,2020,8,1,13,13005,1,1,1,1,RN 96 (ROUTE NATIONALE ),43.315265,5.5798713
202000036418,28,8,2020,12,1,12,12100,2,1,3,2,MONTPLAISIR (RUE DE),44.5386256,2.3144563
202000036419,7,10,2020,17,1,07,07019,2,1,1,6,LE MOULON (QUARTIER),44.60892,4.40895
202000036420,31,8,2020,4,5,06,06088,2,1,1,6,DE LATTRE DE TASSIGNY (ESPL. MAL),43.7,7.25
202000036421,1,9,2020,16,1,06,06030,2,1,1,3,JOURDAN (AVENUE MICHEL (LE CANNET),43.5613,6.96513
202000036422,31,8,2020,13,1,06,06123,2,1,1,3,CAHUZAC COMMANDANT RUE,43.6605,7.18677
202000036423,31,8,2020,19,1,05,05061,2,6,1,-1,VEYNES ( AVENUE DE  ),44.55785,6.06879
202000036424,1,9,2020,13,1,75,75117,2,4,1,-1,PORTE MAILLOT,48.879273,2.281529
202000036425,1,9,2020,15,1,75,75120,2,3,1,3,RUE DES PYRENEES,48.871979,2.391863
202000036426,1,9,2020,10,1,75,75119,2,2,1,6,RUE CURIAL,48.893268,2.373133
202000036427,1,9,2020,10,1,75,75117,2,1,1,-1,BOULEVARD MALESHERBES,48.888582,2.304342
202000036428,31,8,2020,16,1,75,75117,2,7,1,2,AVENUE DES TERNES,48.879433,2.290838
202000036429,31,8,2020,15,1,75,75117,2,7,1,6,RUE DES MOINES,48.887268,2.317854
202000036430,1,9,2020,19,1,75,75116,2,1,1,4,ROUTE DES TRIBUNES,48.862887,2.231146
202000036431,31,8,2020,12,1,75,75116,2,3,1,3,AVENUE DU PRESIDENT KENNEDY,48.852688,2.280731
202000036432,1,9,2020,13,1,75,75113,2,2,1,3,QUAI D AUSTERLITZ,48.841891,2.367872
202000036433,31,8,2020,18,1,75,75112,2,3,1,6,RUE DORIAN,48.846568,2.392501
202000036434,1,9,2020,14,1,75,75111,2,3,1,3,RUE DE LA ROQUETTE,48.85876,2.384655
202000036435,1,9,2020,16,1,75,75108,2,3,1,6,RUE DE COURCELLES,48.875406,2.308822
202000036436,1,9,2020,10,1,75,75108,2,2,1,3,Place de la Concorde,48.865634,2.320652
202000036437,31,8,2020,18,1,94,94081,2,1,1,6,PAUL VAILLANT COUTURIER (AV),48.79446,2.39688
202000036438,31,8,2020,14,1,94,94068,2,3,1,3,CHAMPIGNY (BD DE),48.8087077,2.5094211
202000036439,1,9,2020,14,1,94,94076,2,1,1,7,JEAN LURCAT (R),48.7882,2.3684
202000036440,1,9,2020,18,1,94,94041,2,1,1,7,GEORGES GOSNAT (AV),48.81278,2.38737
202000036441,31,8,2020,20,5,94,94028,2,1,1,7,FRANCE LIBRE(AVENUE DE LA),48.77966,2.45504
202000036442,31,8,2020,11,1,93,93073,2,1,1,6,ROISSY (ROUTE DE),48.9837586,2.5397227
202000036443,1,9,2020,8,1,93,93014,2,2,1,6,ROBERT BESSON (ALLEE),48.89925,2.53294
202000036444,1,9,2020,14,1,93,93005,2,9,1,3,AV CHARLES DE GAULLE,48.9304,2.4816
202000036445,31,8,2020,9,1,92,92064,2,1,1,7,MARCEL DASSAULT,48.85351,2.222647
202000036446,31,8,2020,10,1,92,92064,2,1,1,7,MAGENTA PLACE,48.842349,2.207438
202000036447,6,8,2020,18,1,92,92063,2,6,1,2,BRU (PLACE DU DOCTEUR JEAN),48.8762249,2.2011535
202000036448,1,9,2020,0,5,92,92051,2,9,1,2,"CHARLES DE GAULLE (AVENUE, N°27 A 129)",48.8819904,2.26893
202000036449,30,8,2020,4,5,92,92050,2,1,1,7,PICASSO PABLO AVENUE,48.8883565,2.2265974
202000036450,1,9,2020,10,1,92,92049,2,1,1,6,REPUBLIQUE AVENUE DE LA N°81 A FIN,48.8146427,2.3172489
202000036451,31,8,2020,19,1,92,92049,2,3,1,3,BROSSOLETTE AVENUE PIERRE,48.8128269,2.30157
202000036452,10,1,2020,9,1,92,92044,2,2,1,3,VIC. HUGO(RUE)069A075 ET 080A088,48.89551,2.29683
202000036453,1,9,2020,18,1,92,92040,2,1,1,3,FRERES VOISIN (BOULEVARD DES),48.8278112,2.2690619
202000036454,30,8,2020,18,1,92,92014,2,1,1,-1,GENERAL LECLERC (AV.) (57 A 135 - 50 A 1,48.7815,2.31622
202000036455,1,9,2020,12,1,65,65472,1,2,1,1,D935 PR 12+240,43.499477,0.004278
202000036456,16,8,2020,9,1,86,86174,1,1,1,7,D23,46.739591,0.50763
202000036457,2,9,2020,8,1,06,06026,2,1,1,6,358 Avenue de la Plantade,43.656163,6.872399
202000036458,2,9,2020,10,1,23,23090,1,1,1,2,Lot de Senoueix,45.818227,1.995596
202000036459,1,9,2020,21,3,57,57163,1,1,1,6,Route forestière des russes,48.602637,7.255247
202000036460,2,9,2020,8,1,95,95026,1,1,7,7,D922,49.138425,2.357458
202000036461,6,8,2020,1,5,76,76400,2,1,1,6,Rue du Moulin à Vent,49.828059,0.909237
202000036462,22,8,2020,18,2,33,33473,2,1,1,1,Rue Jacques Vergeron,45.138802,-0.44331
202000036463,2,9,2020,11,1,71,71014,1,1,1,1,D680,46.9294305,4.3652549
202000036464,16,8,2020,9,1,71,71576,1,1,8,3,D906,46.5308806,4.9211356
202000036465,2,9,2020,17,1,76,76619,2,2,1,3,6 Rue Vallee Tournee,49.993133,1.354408
202000036466,1,9,2020,21,3,61,61414,1,1,1,6,Route d'Alencon,48.528471,0.529039
202000036467,2,9,2020,14,1,49,49112,1,1,1,3,D347,47.181626,-0.132828
202000036468,28,8,2020,21,3,42,42185,1,1,2,1,Rue de la loire,45.5878312,4.2635509
202000036469,2,9,2020,10,1,47,47138,1,3,1,3,Bayssieres,44.293015,0.75237
202000036470,2,9,2020,13,1,39,39353,1,1,1,7,,46.336264,5.434531
202000036471,1,9,2020,7,1,44,44050,1,1,1,6,125 route de pontchateau,47.4230184,-2.1483797
202000036472,25,8,2020,12,1,29,29235,2,1,1,6,64 Boulevard Léopold Maissin,48.394451,-4.407068
202000036473,1,9,2020,13,1,31,31451,2,1,1,1,Chemin d'En Couyoulet,43.466072,1.990194
202000036474,2,9,2020,1,3,31,31358,1,1,1,6,17 Route des Crêtes,43.74117,1.565469
202000036475,1,9,2020,19,2,15,15136,1,1,1,7,la calmette,44.708926,2.31406
202000036476,2,9,2020,12,1,58,58189,2,2,1,3,Route des Bertranges,47.223217,3.11188
202000036477,16,8,2020,22,3,58,58121,2,1,1,6,Avenue de la République,47.04992,3.095065
202000036478,5,8,2020,17,1,72,72132,2,9,1,6,Rue de Paris,48.185383,0.657629
202000036479,29,8,2020,16,1,72,72071,2,1,1,6,2 Avenue de Tours,47.690241,0.4259
202000036480,6,8,2020,11,1,14,14754,1,1,1,2,D27,49.299942,0.025299
202000036481,2,9,2020,11,1,60,60233,2,1,1,2,11 Avenue Henri Demont,49.648934,1.841834
202000036482,1,9,2020,9,1,53,53039,1,1,1,5,le haut plessis,48.169119,-0.94947
202000036483,1,9,2020,8,1,21,21633,1,1,7,2,rd 108,47.32621,4.457365
202000036484,1,9,2020,19,2,21,21584,1,1,1,1,D977bis,47.276172,4.204588
202000036485,2,9,2020,13,1,04,04036,1,4,1,3,RD 900 / Impasse du grand pré,44.156893,6.30008
202000036486,1,9,2020,21,5,85,85221,2,1,1,6,16 Rue de la Marne,46.899506,-1.987962
202000036487,1,9,2020,11,1,27,27284,2,3,1,-1,Rue de Dieppe,49.281938,1.783034
202000036488,31,8,2020,12,1,87,87126,1,1,1,2,2 Rue des Plats,45.845148,0.852643
202000036489,30,8,2020,17,1,52,52524,1,1,1,5,route nationale 67,48.264941,5.122848
202000036490,1,8,2020,4,2,987,98752,1,1,1,7,pk 44+800 mataiea,-17.758557,-149.417792
202000036491,1,9,2020,12,1,24,24538,1,1,1,1,17 Campagne,44.814632,0.995786
202000036492,31,8,2020,8,1,24,24184,1,2,1,3,Florimont,44.700508,1.228902
202000036493,2,9,2020,17,1,26,26088,1,1,1,6,A49,45.024478,5.084331
202000036494,2,9,2020,0,3,02,02157,1,1,1,2,Autoroute A.26 - PK 211+750,49.600781,3.666258
202000036495,1,9,2020,13,1,13,13051,1,9,1,3,D113,43.587727,5.123478
202000036496,2,9,2020,20,5,69,69244,2,2,1,3,Chemin Finat Duclos,45.758264,4.751764
202000036497,22,8,2020,22,3,06,06152,1,1,1,1,Route de la Valmasque,43.605769,7.046442
202000036498,31,8,2020,16,1,69,69018,1,1,1,7,"D337, Pk 17+200, sens Chenelette / Cercié",46.157559,4.581862
202000036499,2,9,2020,12,1,95,95119,1,1,1,1,D14,49.1915768,1.7144036
202000036500,1,9,2020,21,1,84,84036,2,9,1,3,957 Chemin Donne,43.929264,4.958079
202000036501,30,8,2020,19,1,69,69141,2,6,1,3,D342,45.604712,4.689078
202000036502,1,9,2020,19,1,81,81248,1,1,7,2,D631,43.761083,1.864264
202000036503,30,8,2020,9,1,33,33498,1,1,1,3,D108,44.56707,-0.79554
202000036504,11,2,2020,11,1,75,75112,2,4,1,6,QUAI DE LA RAPEE,48.843444,2.37068
202000036505,1,9,2020,23,5,56,56152,2,3,1,6,Lieu Dit Rosboscere,47.344381,-3.168676
202000036506,2,9,2020,18,1,60,60589,1,6,1,7,RD 1016,49.206299,2.462955
202000036507,11,2,2020,10,1,75,75112,2,1,1,7,ECHANGEUR BERCY,48.826441,2.390468
202000036508,2,9,2020,15,1,60,60361,1,2,1,3,D121,49.223225,1.9140757
202000036509,10,2,2020,0,5,75,75112,2,3,2,3,QUAI DE LA RAPEE,48.844662,2.369132
202000036510,1,9,2020,19,1,80,80685,2,1,1,7,18 Avenue Jean Jaurès,49.70178,2.788006
202000036511,1,9,2020,17,1,59,59400,1,1,1,1,D23C,50.630259,2.650355
202000036512,11,2,2020,21,5,75,75111,2,2,2,-1,BOULEVARD VOLTAIRE,48.855316,2.384291
202000036513,11,2,2020,11,1,75,75111,2,1,1,2,RUE DU CHEMIN VERT,48.859906,2.377333
202000036514,31,8,2020,19,1,13,13216,1,1,1,2,A55-Sens Martigues vers Marseille,43.36688,5.329131
202000036515,11,2,2020,9,1,75,75111,2,3,1,3,RUE DE MONTREUIL,48.850961,2.396488
202000036516,31,8,2020,18,1,13,13019,1,1,1,4,A51-Sens Marseille vers Aix en Provence,43.423457,5.373846