Num_Acc,jour,mois,an,hr,condition_eclairage,departement,commune,condition_agglomeration,intersection,condition_atmosphere,type_collision,adresse,lattitude,longitude
202000036517,10,2,2020,15,1,75,75109,2,7,3,2,PLACE DE L OPERA,48.870623,2.332092
202000036518,1,9,2020,8,1,13,13071,1,1,1,3,A7-Sens Lyon vers Marseille,43.41715,5.27503
202000036519,11,2,2020,13,1,75,75107,2,2,1,3,RUE DE BOURGOGNE,48.857557,2.317509
202000036520,31,8,2020,8,1,13,13001,1,1,1,2,A51-Sens Aix en Provence vers Marseille,43.511606,5.421458
202000036521,1,9,2020,16,1,69,69275,1,1,1,3,RN346   29.300 A 34.350,45.77743,4.97289
202000036522,27,8,2020,17,1,54,54232,1,1,1,5, A 31,48.6893,5.97909
202000036523,10,2,2020,18,5,75,75102,2,3,2,3,BOULEVARD POISSONNIERE,48.870992,2.345999
202000036524,10,2,2020,11,1,75,75101,2,3,1,6,RUE SAINT DENIS,48.859524,2.347931
202000036525,1,9,2020,12,1,33,33075,1,1,1,3,ROCADE A 630,44.88967,-0.60562
202000036526,12,8,2020,20,1,59,59013,1,1,1,6,AUTOROUTE A27,50.5998,3.193956
202000036527,11,2,2020,14,1,94,94076,2,1,1,6,TOLSTOI (R),48.7982871,2.3533876
202000036528,1,9,2020,19,3,77,77251,1,1,1,3,AUTOROUTE A5A,48.61922,2.5518
202000036529,10,2,2020,8,1,94,94076,2,1,1,3,FRANCOIS BILLOUX (R),48.801595,2.355142
202000036530,1,9,2020,5,5,94,94065,1,1,1,5,AUTOROUTE A86,48.754694,2.346671
202000036531,1,9,2020,8,1,78,78297,1,1,1,2,RN12,48.789307,2.069476
202000036532,11,2,2020,18,5,94,94028,2,1,2,6,KENNEDY.(BOULEVARD JOHN),48.7768,2.4638
202000036533,1,9,2020,18,1,93,93008,1,1,1,2,AUTOROUTE A86,48.90626,2.4579
202000036534,10,2,2020,8,1,94,94028,2,1,2,2,Av du Mal de Lattre de Tassigny,48.7978134,2.4559762
202000036535,1,9,2020,16,1,95,95607,1,1,1,2, A115,49.017,2.21453
202000036536,11,2,2020,19,5,94,94069,2,4,2,6,SAINT MAURICE DU VALAIS (AV),48.817,2.458
202000036537,1,9,2020,9,1,95,95394,1,1,1,7,AUTOROUTE A115,49.04926,2.18178
202000036538,11,2,2020,9,1,93,93077,2,1,2,2,ROSNY (AVENUE DE),48.88481,2.50656
202000036539,1,9,2020,9,1,93,93078,1,1,1,2,AUTOROUTE A104,48.95855,2.53346
202000036540,11,2,2020,13,1,93,93051,2,1,1,-1,MONT D'EST (BD),48.8427,2.5485
202000036541,31,8,2020,23,3,93,93053,1,1,1,3,AUTOROUTE A3,48.88293,2.45742
202000036542,10,2,2020,16,1,93,93079,2,3,3,3,JEAN ALLEMANE,48.960031,2.350587
202000036543,31,8,2020,17,1,95,95277,1,1,1,4,A3,48.97315,2.48742
202000036544,11,2,2020,13,1,92,92072,2,1,1,3,SAINT CLOUD (RUE DE),48.8286,2.22479
202000036545,31,8,2020,10,1,93,93027,1,1,1,3,AUTOROUTE A86,48.92452,2.39007
202000036546,1,9,2020,19,1,94,94042,1,1,1,5,A4,48.828368,2.4755836
202000036547,11,2,2020,18,5,92,92012,2,2,3,6,REINE (ROUTE DE LA) 39/107 BIS,48.8400243,2.2357699
202000036548,1,9,2020,18,1,94,94022,1,1,1,4,A86 EXT,48.7763931,2.4213824
202000036549,1,9,2020,15,1,94,94028,1,1,1,7,A86 INT,48.7894964,2.4402226
202000036550,1,9,2020,10,1,94,94065,1,1,1,4,A86 INT,48.75369,2.35672
202000036551,24,2,2020,13,1,75,75117,2,1,1,6,BOULEVARD BESSIERES,48.896247,2.318671
202000036552,20,6,2020,18,1,74,74010,1,1,1,-1,Chemin des Natais (Seynod),45.868026,6.086801
202000036553,27,8,2020,13,1,988,98818,2,2,1,3,RUE DE LA REPUBLIQUE/RUE DU GENERAL MANGIN,-22.26883,166.43968
202000036554,11,2,2020,3,3,47,47293,1,1,1,6,"""dumas"" ",44.158256,0.69171
202000036555,31,8,2020,16,1,974,97416,2,1,1,3,HUBERT DE LISLE(BOULEVARD),-21.3435,55.476
202000036556,11,2,2020,11,1,83,83136,1,1,1,6,D84,43.462794,6.281626
202000036557,31,8,2020,7,1,974,97411,2,1,2,7,MONNERVILLE (BOULEVARD GASTON),-20.89691,55.44741
202000036558,10,2,2020,23,5,40,40065,2,1,1,7,8 Boulevard des Cigales,43.635299,-1.426592
202000036559,31,8,2020,21,5,69,69387,2,2,1,6,CLAUDE BERNARD                      (QU),45.7519071,4.83699
202000036560,10,2,2020,14,1,21,21599,1,1,1,2,A31,47.5872166,5.2096827
202000036561,31,8,2020,19,2,69,69386,2,2,1,3,MONTGOLFIER                         (R ),45.7722665,4.8528015
202000036562,9,2,2020,10,1,68,68076,1,1,1,7,Mittelfeld,48.0986374,7.5055648
202000036563,31,8,2020,5,5,69,69259,2,3,1,6,FRANCIS DE PRESSENSE                (AV),45.7218,4.86661
202000036564,9,2,2020,9,1,972,97207,2,1,1,3,Rue de l'Abbe Dumauze,14.574841,-60.987908
202000036565,31,8,2020,15,1,972,97213,1,1,1,2,ROUTE NATIONALE 5,14.5947831,-60.9842777
202000036566,9,2,2020,18,4,972,97225,1,1,1,-1,69 Jardin des Plantes,14.750512,-61.167208
202000036567,30,8,2020,21,5,971,97113,2,9,1,3,MONTAUBAN (SECTEUR),16.21236,-61.5002
202000036568,31,8,2020,17,1,95,95063,2,1,1,3,AV GABRIEL PERI,48.93629,2.20743
202000036569,12,2,2020,11,1,26,26339,1,1,1,2,autoroute A7,44.586051,4.80257
202000036570,31,8,2020,12,1,87,87085,2,1,1,3,LANDOUGE (AVENUE DE),45.84281,1.19373
202000036571,9,2,2020,19,3,63,63198,1,1,6,1,Loubeyrat,45.926095,3.047848
202000036572,30,8,2020,23,5,85,85194,2,2,1,2,Rue des Sauniers,46.49998,-1.79923
202000036573,10,2,2020,8,1,60,60088,1,9,6,4,Départementale 105,49.1997342,2.1637201
202000036574,30,8,2020,12,1,83,83126,2,1,1,3,IVALDI (AV JEAN BAPTISTE),43.09078,5.88131
202000036575,9,2,2020,14,1,64,64061,2,6,1,3,cd 32,43.399057,-0.570169
202000036576,11,2,2020,15,1,12,12041,1,1,2,3,D58,44.1777463,2.3172782
202000036577,30,8,2020,1,5,80,80021,2,1,1,2,DELIVRANCE (RUE DE LA),49.88582,2.3284
202000036578,11,2,2020,2,3,35,35066,1,9,2,7,N137 échangeur Chartres de Bretagne,48.039557,-1.686444
202000036579,21,8,2020,18,1,76,76540,2,2,1,6,LYONS LA FORET. RUE DE,49.43644,1.13384
202000036580,10,2,2020,23,3,87,87019,1,1,2,2,"A20, sens surd/nord PK194+350",45.747642,1.339645
202000036581,10,2,2020,19,3,76,76244,1,1,2,6,A28,49.715562,1.413283
202000036582,30,8,2020,4,5,76,76447,2,2,2,3,COMMUNE 1871 (DE LA),49.545,0.18863
202000036583,29,8,2020,0,5,76,76351,2,1,2,-1,GEORGES LAFAURIE (RUE),49.5013,0.1141
202000036584,8,2,2020,11,1,51,51278,1,1,8,7,D944,49.0824789,4.28088
202000036585,11,2,2020,7,2,30,30096,1,3,1,1,Route de Saint Gely,44.211641,4.494642
202000036586,31,8,2020,16,1,74,74010,2,2,1,3,BARATTES (AVENUE DES),45.90717,6.14071
202000036587,30,8,2020,21,5,69,69266,2,1,1,2,ROGER SALENGRO     (Avenue),45.7806,4.88367
202000036588,27,8,2020,11,1,69,69266,2,3,1,-1,POUDRETTE     (Rue de la),45.7645,4.91914
202000036589,30,8,2020,12,1,67,67447,2,1,2,6,BARRAGE (RUE DU),48.6040354,7.7507812
202000036590,10,2,2020,7,2,30,30034,1,9,1,1,Route départementale 38,43.761831,4.525058
202000036591,30,8,2020,10,1,67,67482,2,3,2,6,FINKWILLER (QUAI),48.5787588,7.7448366
202000036592,11,2,2020,0,3,03,03086,1,1,2,1,,46.4718366,3.8693947
202000036593,29,8,2020,0,5,67,67482,2,1,1,1,LA WANTZENAU (ROUTE DE),48.6145882,7.7842641
202000036594,31,8,2020,9,1,66,66136,2,1,1,2,PANCHOT (AVENUE JULIEN),42.685354,2.8673787
202000036595,28,7,2020,15,1,62,62570,1,2,1,3,RD 40,50.3946353,2.8648279
202000036596,30,8,2020,19,2,62,62108,2,1,8,3,QUETTIER,50.41113,1.57557
202000036597,9,2,2020,22,4,57,57661,1,1,6,6,1 Route de Wissembourg,49.051894,7.604164
202000036598,28,8,2020,14,1,56,56098,2,6,1,2,LECLERC (AVENUE  GENERAL ),47.76308,-3.34955
202000036599,28,8,2020,11,1,56,56083,2,6,1,2,POMPIDOU ( AVENUE GEORGES ),47.79981,-3.2606
202000036600,31,8,2020,12,1,51,51454,2,7,1,7,Place des Combattants d'A.F.N,49.2197574,4.0207598
202000036601,28,8,2020,16,1,49,49007,2,1,1,3,FAURE QUAI,47.48231,-0.54988
202000036602,28,8,2020,14,1,49,49007,2,1,1,7,HAUTE DES BANCHAIS,47.4837,-0.51381
202000036603,1,9,2020,0,5,45,45234,2,2,1,3,Route d’Olivet,47.88263,1.9038
202000036604,6,2,2020,16,1,56,56177,1,1,1,2,Route de Sainte Anne d'Auray,47.764495,-3.000024
202000036605,8,2,2020,18,5,59,59282,1,1,1,3,1307 Route de Dunkerque,50.815463,2.481952
202000036606,10,2,2020,2,5,74,74267,2,1,3,-1,931 Route d'Albertville,45.882689,6.141877
202000036607,7,2,2020,9,1,78,78647,1,1,1,7,Rue de la Libération,48.933555,1.674337
202000036608,8,2,2020,5,3,76,76381,1,1,6,6,D7,49.795394,1.62529
202000036609,9,2,2020,19,3,79,79351,1,1,6,6,,46.444836,-0.567384
202000036610,12,2,2020,16,1,80,80281,1,1,1,7,D46,50.082637,2.0287733
202000036611,11,2,2020,13,1,80,80672,1,1,6,6,Rue des Celtes,49.9784445,2.5693461
202000036612,11,2,2020,3,3,82,82023,1,1,1,6,D928,43.945268,1.145593
202000036613,31,1,2020,13,1,33,33011,2,7,1,6,4 Place de l'Eglise,44.76709,-1.14007
202000036614,7,2,2020,17,1,63,63287,1,3,1,3,D999/D727 rte Vernet,45.522535,3.302523
202000036615,11,2,2020,22,3,49,49155,1,1,1,6,Le Lion-d'Angers,47.6102532,-0.7055174
202000036616,9,2,2020,23,3,49,49002,1,1,1,6,D155,47.318221,0.009184
202000036617,31,1,2020,14,1,12,12286,1,1,1,6,RD 999,43.922534,2.822757
202000036618,11,2,2020,17,1,42,42300,1,1,2,1,Route des Forest,46.10016,4.293873
202000036619,11,2,2020,13,1,68,68176,2,3,2,2,Rue de Friesen,47.561766,7.187374
202000036620,12,2,2020,6,3,39,39328,1,1,2,6,,46.50313,5.715444
202000036621,9,2,2020,18,3,29,29004,1,8,6,7,D106 - Lieu Dit Kernabat,47.909054,-3.623713
202000036622,12,2,2020,12,1,29,29152,1,1,1,6,Rue de l'Etang,48.226417,-3.558497
202000036623,8,2,2020,4,3,02,02002,2,1,1,6,1 Rue Charles de Gaulle,49.685981,3.393691
202000036624,10,2,2020,1,5,01,01429,2,3,6,6,Route de Montcet,46.2147176,5.0889858
202000036625,11,2,2020,16,1,85,85190,1,1,8,2,D753,46.95454,-1.47105
202000036626,10,2,2020,12,1,70,70421,2,1,1,6,Rue Gilberte Lavaire,47.690879,6.038226
202000036627,9,2,2020,8,1,58,58037,1,1,1,1,Chaume des Bruyeres,47.270596,3.911154
202000036628,9,2,2020,14,1,66,66147,1,1,1,5,N320,42.565503,1.77794
202000036629,11,2,2020,6,2,06,06059,2,1,1,3,AVENUE RAYMOND POINCARE,43.723273,7.37998
202000036630,10,2,2020,10,1,06,06150,2,3,1,3,297 Route de Nice,43.744301,7.394067
202000036631,12,2,2020,14,1,14,14177,1,1,1,6,D48,49.185903,0.209597
202000036632,9,2,2020,1,3,14,14708,1,1,1,6,D193,49.070037,-0.691522
202000036633,12,2,2020,13,1,09,09139,1,1,1,5,RN20  lieu-dit les maisons cantonières,42.604747,1.813495
202000036634,11,2,2020,16,1,73,73171,2,1,2,6,D1006  - 11 Quai de l'Isère,45.498903,6.059738
202000036635,12,2,2020,14,1,43,43141,2,1,1,-1,9 Avenue du 19 Mars 1962,45.185625,4.313051
202000036636,10,2,2020,4,5,04,04006,2,1,3,7,L'Aiguille (Cinéma),44.291599,6.566793
202000036637,11,2,2020,13,1,27,27385,1,2,1,4,D139,49.370763,0.532687
202000036638,10,2,2020,20,3,27,27638,2,1,6,6,Rue Francois Mitterrand,49.253682,0.92489
202000036639,11,2,2020,9,1,27,27226,1,1,6,1,D14B,49.301425,1.643765
202000036640,11,2,2020,9,1,27,27056,2,3,7,3,Avenue Lottin de Laval,49.096882,0.604162
202000036641,12,2,2020,4,5,987,98734,2,1,1,1,pk 34.200,-17.723379,-149.50573
202000036642,8,2,2020,22,3,987,98752,1,1,2,7,RT1 PK 53+800,-17.722055,-149.404653
202000036643,10,2,2020,20,3,77,77295,1,9,3,-1,A5 pk 09+600,48.5692904,2.7544465
202000036644,12,2,2020,18,2,38,38095,1,1,1,7,A49,45.13194,5.31164
202000036645,10,2,2020,7,3,13,13113,1,1,1,4,A51,43.596741,5.489388
202000036646,12,2,2020,6,1,973,97309,2,3,1,1,Route de Montjoly,4.917736,-52.277219
202000036647,10,2,2020,16,1,01,01213,1,1,1,7,A42,45.945973,5.297695
202000036648,12,2,2020,15,1,66,66012,2,1,1,7,616 Route Nationale,42.7029238,2.8288532
202000036649,11,2,2020,7,3,17,17339,1,1,8,1,D142,45.465398,-0.445204
202000036650,10,2,2020,17,2,69,69248,2,1,1,1,Rue de la Roche,46.032979,4.281948
202000036651,11,2,2020,12,1,59,59377,1,9,4,7,A  26 PK 138 sens REIMS/CALAIS,50.119257,3.15608
202000036652,10,2,2020,18,5,33,33005,2,1,1,-1,9 Avenue de Bordeaux,44.742554,-1.097699
202000036653,9,2,2020,10,1,988,98822,1,3,1,7,tribu de Tieti - PR 137,-20.91647,165.30425
202000036654,6,2,2020,21,5,974,97418,2,1,1,3,5 Rue Fleur de Jade,-20.91749,55.529472
202000036655,9,2,2020,22,5,973,97311,2,3,1,4,5 rue Rivierez,5.4998476,-54.0295494
202000036656,11,2,2020,9,1,971,97125,1,2,1,4,Saint Jacques,16.267589,-61.320029
202000036657,9,2,2020,16,1,45,45210,2,1,6,6,Chemin des Lorrains,47.866638,2.830578
202000036658,10,2,2020,15,1,95,95012,1,1,2,6,Sente du Petit Roconval,49.105877,1.633519
202000036659,7,2,2020,17,1,66,66227,1,1,1,7,D39,42.64108,2.90638
202000036660,30,1,2020,19,5,30,30307,2,1,2,6,Rue Jean Delpuech,44.193421,4.043473
202000036661,8,2,2020,18,5,34,34057,2,9,2,6,Avenue Roger Salengro,43.632549,3.896407
202000036662,8,2,2020,9,1,83,83115,2,6,1,3,Avenue Raoul Nordling,43.300587,6.625485
202000036663,10,2,2020,17,2,83,83068,2,1,1,1,RD558,43.273212,6.520252
202000036664,12,2,2020,19,5,13,13053,2,3,1,3,Avenue de Craponne,43.731772,5.172327
202000036665,11,2,2020,11,1,13,13041,1,1,1,-1,D7N route de luynes,43.471826,5.444412
202000036666,12,2,2020,10,1,89,89257,2,1,1,6,43 Rue Victor Hugo,47.958117,3.531675
202000036667,11,2,2020,15,1,21,21261,1,1,1,6,Rue de la Chassagne,47.2669343,5.1611645
202000036668,11,2,2020,21,3,21,21209,2,1,1,7,D108,47.3258425,5.142683
202000036669,11,2,2020,8,2,67,67442,1,3,6,1,12 Rue Froehn,48.594613,7.504422
202000036670,9,2,2020,3,5,57,57190,2,1,1,6,35 Rue de Lorraine,49.05941,6.550432
202000036671,10,2,2020,7,1,03,03086,1,1,6,7,,46.4726347,3.8638848
202000036672,2,1,2020,15,1,73,73243,1,1,1,6,D 912,45.5854035,5.9790454
202000036673,11,2,2020,19,5,38,38401,2,3,8,3,Rue Alsace Lorraine,45.562,5.43511
202000036674,7,2,2020,8,1,38,38374,1,3,1,3,Route du Bugey,45.6642333,5.3276989
202000036675,12,2,2020,8,1,38,38565,2,6,1,6,D1075,45.296279,5.628712
202000036676,12,2,2020,16,1,01,01342,2,1,1,5,D61,45.894025,5.050177
202000036677,7,2,2020,21,3,81,81099,1,1,1,6,78 Route de Montauban,43.904286,1.865734
202000036678,8,2,2020,9,1,47,47157,2,8,1,3,Rue Albert Camus,44.497565,0.177476
202000036679,11,2,2020,6,3,33,33293,1,1,2,5,PK 42+250 RN89 sens Bordeaux/ Libourne,44.87748,-0.41087
202000036680,12,2,2020,9,1,85,85298,1,3,1,2,,46.593331,-1.757855
202000036681,8,2,2020,16,1,53,53158,2,3,7,6,3 Rue de Bretagne,48.005626,-0.960379
202000036682,11,2,2020,7,3,22,22134,1,1,3,6,52 Route de Tréguier,48.7838495,-3.3953269
202000036683,6,2,2020,12,1,27,27165,2,6,1,3,D840,48.952064,0.946047
202000036684,23,1,2020,7,2,62,62318,2,2,1,3,Route de Fromessent,50.517035,1.66474
202000036685,7,2,2020,14,1,59,59091,1,1,1,2,RD642,50.73016,2.569739
202000036686,8,2,2020,20,3,13,13211,1,1,1,7,A50-Sens Marseille vers Aubagne,43.2926,5.4771
202000036687,11,2,2020,8,1,13,13055,1,1,1,4,A507 sens Aubagne- Marseille,43.330011,5.393578
202000036688,8,2,2020,0,3,62,62637,1,1,1,2,AUTOROUTE A1,50.462613,2.97472
202000036689,11,2,2020,9,1,91,91182,1,1,1,4,AUTOROUTE A6,48.62882,2.41159
202000036690,11,2,2020,9,1,94,94021,1,1,1,3,AUTOROUTE A6A,48.76237,2.34107
202000036691,11,2,2020,4,3,91,91161,1,1,2,3,AUTOROUTE A126,48.70891,2.30608
202000036692,11,2,2020,21,3,78,78524,1,1,1,2,A13,48.839799,2.116454
202000036693,10,2,2020,23,4,93,93007,1,1,6,2,AUTOROUTE A1,48.95484,2.45751
202000036694,10,2,2020,8,2,93,93066,1,1,1,3,AUTOROUTE A1,48.9287,2.35902
202000036695,10,2,2020,11,1,94,94017,1,1,1,7,A4,48.8287204,2.477022
202000036696,10,2,2020,8,1,94,94069,1,1,1,2,A4,48.8174408,2.4311863
202000036697,9,2,2020,23,3,94,94079,1,1,3,2,A4,48.8347257,2.5370878
202000036698,11,2,2020,9,1,988,98818,2,2,1,2,RUE JACQUES IEKAWE/AVENUE KOENIG,-22.23518,166.47753
202000036699,11,2,2020,10,1,988,98818,2,6,3,7,RUE ROGER GERVOLINO/RUE MAX FROUIN,-22.24984,166.47057
202000036700,10,2,2020,17,1,974,97411,2,1,1,3,Avenue Marcel Hoarau,-20.90359,55.49197
202000036701,10,2,2020,7,1,974,97407,1,1,1,4,ROUTE NATIONALE N° 1,-20.95222,55.31689
202000036702,10,2,2020,19,2,973,97302,1,6,1,3,CRIQUE FOUILLEE (ROND POINT),4.8965168,-52.3287714
202000036703,9,2,2020,22,5,69,69385,2,9,6,7,QUARANTAINE (DE LA)                 (R ),45.75218,4.82177
202000036704,9,2,2020,5,2,971,97113,1,1,1,6,RN4 - SECTION RIVIERA,16.2176381,-61.4932305
202000036705,7,2,2020,10,1,971,97120,2,1,1,6,QUAI LEFEVRE,16.2412,-61.53797
202000036706,8,2,2020,19,5,971,97113,1,1,1,1,SECTION MATHURIN,16.22324,-61.5052
202000036707,10,2,2020,12,1,2A,2A004,2,1,2,3,CAMPI LOUIS BD,41.9440469,8.755294
202000036708,9,2,2020,6,3,95,95488,1,1,1,5,A15,49.0105567,2.154279
202000036709,9,2,2020,20,5,95,95018,2,2,6,3,VERDUN (AVENUE DE),48.9548859,2.2423559
202000036710,10,2,2020,12,1,91,91477,2,1,1,2,GENERAL DE GAULLE (AVENUE DU),48.7146,2.2486
202000036711,11,2,2020,0,5,91,91691,2,9,6,6,HENRI BARBUSSE(RUE)DU N°39 AU N°79,48.707951,2.493211
202000036712,9,2,2020,10,1,91,91433,1,1,1,6,RD 191,48.43435,2.19024
202000036713,10,2,2020,12,1,91,91201,2,1,6,6,HENRI BARBUSSE(BOULEVARD),48.69142,2.41192
202000036714,10,2,2020,10,1,85,85194,2,3,1,3,Sortie Parking,46.51418,-1.78821
202000036715,8,2,2020,14,1,85,85194,2,6,8,7,Boulevard du Vendée Globe (Olonne-sur-Mer),46.51406,-1.76828
202000036716,7,2,2020,13,1,84,84007,1,1,1,2,AMANDIER (Avenue de l'),43.94732,4.85589
202000036717,9,2,2020,18,5,83,83123,2,1,1,2,Route de Bandol,43.131202,5.781471
202000036718,7,2,2020,9,1,80,80021,2,1,1,6,BEAUVILLE NORD (BOULEVARD DE),49.90648,2.31808
202000036719,10,2,2020,9,1,78,78440,2,1,1,7,RÉPUBLIQUE (RUE DE LA),48.985763,1.911882
202000036720,9,2,2020,1,5,76,76351,2,3,1,3,MICHEL FERE (QUAI),49.48859,0.11124
202000036721,10,2,2020,14,1,74,74012,2,1,1,4,EUROPE (AVENUE DE L'),46.18312,6.2324
202000036722,8,2,2020,12,1,71,71306,2,1,1,6,Avenue des Alouettes,46.6803051,4.3643396
202000036723,10,2,2020,8,1,69,69256,2,3,1,6,POUDRETTE (DE LA)                   (CH),45.7505797,4.91855
202000036724,8,2,2020,10,1,68,68066,2,1,1,6,LOGELBACH ( RUE DU),48.081996,7.347861
202000036725,7,2,2020,17,1,66,66136,1,1,1,1,Chemin de Neguebous,42.712089,2.87368
202000036726,10,2,2020,7,5,66,66136,2,3,1,3,JULIEN PANCHOT (AVENUE),42.69286,2.8859
202000036727,9,2,2020,16,1,66,66136,2,1,1,7,POINCARE (BOULEVARD HENRI),42.69159,2.89331
202000036728,10,2,2020,19,5,64,64445,2,9,2,3,LEON BERARD,43.31157,-0.36558
202000036729,10,2,2020,8,1,64,64445,2,1,1,3,GRAMONT,43.29642,-0.37428
202000036730,10,2,2020,16,1,64,64024,2,1,8,1,BAYONNE (AVENUE DE),43.48068,-1.51377
202000036731,10,2,2020,17,1,62,62193,2,4,6,1,CASTRES (CHEMIN),50.93967,1.88205
202000036732,9,2,2020,18,3,59,59599,2,2,3,6,URSULINES (RUE DES),50.718991,3.155015
202000036733,10,2,2020,11,1,59,59599,2,1,1,6,ROUSSEL (PLACE CHARLES ET ALBERT),50.72124,3.15831
202000036734,9,2,2020,19,5,59,59654,2,3,6,1,DUBOIS (RUE CELESTIN),50.38175,3.10787
202000036735,7,2,2020,14,1,57,57630,2,1,7,2,SARREGUEMINES,48.75062,7.06852
202000036736,8,2,2020,15,1,56,56121,2,1,1,3,MONISTROL (RUE),47.73388,-3.38498
202000036737,8,2,2020,11,1,56,56121,2,6,1,3,CHAZELLES ( COURS LOUIS  DE ),47.75684,-3.36462
202000036738,7,2,2020,10,1,55,55545,2,1,1,7,GARIBALDI ( AVENUE ),49.1649,5.3823
202000036739,10,2,2020,23,5,51,51454,2,2,2,3,Rue de Courcelles,49.263251,4.015703
202000036740,10,2,2020,17,2,51,51055,2,6,3,2,Route de Betheny,49.2762944,4.0555513
202000036741,10,2,2020,8,1,50,50502,2,1,2,6,TORTERON (rue),49.11462,-1.095856
202000036742,9,2,2020,19,5,50,50203,2,1,6,6,LUCET (RUE),49.62304,-1.61215
202000036743,8,2,2020,16,1,49,49007,2,1,2,-1,PAUL BERT,47.4652463,-0.5499714
202000036744,7,2,2020,7,5,49,49007,2,1,1,3,SCHWEITZER,47.48182,-0.52302
202000036745,8,2,2020,7,2,49,49007,2,1,3,3,DAVIERS BOULEVARD,47.47855,-0.55622
202000036746,10,2,2020,18,5,45,45208,2,1,8,6,6 AV ADOLPHE COCHERY,48.001977,2.736596
202000036747,4,2,2020,20,5,44,44109,2,9,1,3,Boulevard de Launay,47.21038,-1.57303
202000036748,9,2,2020,22,3,41,41018,2,1,6,7,CITES UNIES (BOULEVARD DES),47.60984,1.33929
202000036749,7,2,2020,19,5,40,40192,2,1,1,6,SAINT MÉDARD (BD),43.8915,-0.48153
202000036750,9,2,2020,6,5,38,38516,2,1,1,6,Boulevard de la Chantourne,45.19897,5.75539
202000036751,7,2,2020,16,1,35,35288,2,1,1,6,DUFRESNE MARION (RUE),48.6455,-2.01019
202000036752,9,2,2020,18,5,35,35115,2,2,6,3,NORMANDIE (AVENUE DE),48.362229,-1.186432
202000036753,9,2,2020,16,1,34,34032,2,1,1,-1,QUAI PORT NOTRE DAME,43.33381,3.20881
202000036754,7,2,2020,23,5,34,34032,2,1,1,3,FOCH MARECHAL FERDINAND (AVENUE DU),43.3464,3.21606
202000036755,10,1,2020,2,5,75,75109,2,5,2,2,RUE DU FAUBOURG POISSONNIERE,48.879673,2.349531
202000036756,10,1,2020,9,1,75,75108,2,1,2,3,RUE DU FAUBOURG SAINT HONORE,48.8724722,2.311797
202000036757,10,1,2020,10,1,75,75107,2,2,1,2,QUAI BRANLY,48.860543,2.295638
202000036758,10,1,2020,2,5,75,75104,2,2,2,2,BOULEVARD DE SEBASTOPOL,48.8595129,2.3487702
202000036759,10,1,2020,14,1,94,94081,2,1,1,3,PAUL VAILLANT COUTURIER (AV),48.796,2.398
202000036760,10,1,2020,21,5,94,94076,2,1,1,-1,STALINGRAD (AV DE),48.78559,2.36685
202000036761,10,1,2020,7,5,94,94016,2,3,8,6,ARISTIDE BRIAND (AV),48.79986,2.32345
202000036762,9,1,2020,12,1,94,94041,2,1,2,3,JEAN COMPAGNON (QU),48.8197,2.397
202000036763,10,1,2020,16,1,94,94073,2,1,1,6,LUXEMBOURG (AV DU),48.75649,2.37405
202000036764,10,1,2020,7,2,94,94069,2,1,2,3,MARECHAL LECLERC (R DU),48.81828,2.42218
202000036765,10,1,2020,12,1,94,94017,2,1,8,3,LOUIS TALAMONI (R),48.81311,2.51225
202000036766,10,1,2020,7,5,94,94044,2,6,2,3,ALBERT GARRY (R),48.75687,2.48332
202000036767,10,1,2020,0,5,94,94081,2,1,2,4,JULES GUESDE (QU),48.7823589,2.4171606
202000036768,9,1,2020,23,5,93,93073,2,1,2,4,CHAPIT RE ( RUE DU),49.0034733,2.53677
202000036769,10,1,2020,18,5,93,93072,2,1,2,6,PARMENTIER (RUE) COTE N° PAIRS,48.971475,2.3755031
202000036770,10,1,2020,15,1,93,93070,2,1,1,4,AV MICHELET,48.9091465,2.3440016
202000036771,10,1,2020,5,5,93,93053,2,1,2,6,ROSNY (AVENUE DE) N° 53 A 243,48.8999888,2.4708785
202000036772,10,1,2020,17,2,93,93048,2,1,1,6,BD CHANZY,48.85823,2.43539
202000036773,10,1,2020,8,1,93,93057,2,2,2,6,ALL ROBERT ESTIENNE / AV DU PRESIDENT WILSON,48.906451,2.511866
202000036774,10,1,2020,8,2,93,93010,2,2,8,3,AV DE ROSNY / AV GALLIENI,48.903896,2.470675
202000036775,10,1,2020,17,5,92,92073,2,1,1,7,DASSAULT (QUAI MARCEL),48.86112,2.22507
202000036776,9,1,2020,13,1,92,92073,2,1,2,6,JAURES (AVENUE JEAN),48.8638653,2.2087348
202000036777,10,1,2020,9,1,92,92048,2,2,2,7,GARDES (ROUTE DES) N° 5 A 51,48.81883,2.23446
202000036778,10,1,2020,8,2,92,92036,2,1,2,3,MARCEL PAUL (AVENUE) (52/102),48.941512,2.303026
202000036779,9,1,2020,16,1,92,92036,2,9,2,6,LOUIS CALMEL (RUE) (60/106),48.924223,2.288575
202000036780,10,1,2020,20,5,92,92035,2,2,2,3,Voltaire ( rue ),48.90478,2.24917
202000036781,10,1,2020,12,1,92,92026,2,1,1,2,PAIX,48.901286,2.263184
202000036782,10,1,2020,21,5,92,92014,2,1,1,2,BIEVRE (RUE DE LA),48.781104,2.319348
202000036783,9,1,2020,9,1,92,92002,2,1,2,3,CHATENAY (RUE DE),48.757663,2.292783
202000036784,10,1,2020,13,1,86,86107,1,1,1,7,Route d'Usson,46.3501378,0.6780253
202000036785,11,1,2020,1,3,22,22019,2,1,1,7,D65,48.575667,-3.003277