Num_Acc,jour,mois,an,hr,condition_eclairage,departement,commune,condition_agglomeration,intersection,condition_atmosphere,type_collision,adresse,lattitude,longitude
202000036786,11,1,2020,2,5,74,74191,2,1,1,6,69 Avenue de Joux Plane,46.175406,6.709829
202000036787,8,1,2020,20,5,84,84137,2,3,1,1,665 Avenue Marcel Pagnol,44.244619,5.089349
202000036788,8,1,2020,18,3,972,97225,1,1,1,1,D10,14.770214,-61.199276
202000036789,11,1,2020,15,1,59,59266,1,1,1,1,Route de Seclin,50.541642,2.998686
202000036790,11,1,2020,11,1,60,60176,2,1,1,6,Rue Nationale,49.234832,2.887357
202000036791,11,1,2020,20,4,72,72350,2,1,1,6,32 Rue du 11 Novembre,47.885248,0.272517
202000036792,10,1,2020,19,3,30,30151,1,1,1,6,D6,44.133061,4.406773
202000036793,11,1,2020,13,1,61,61464,1,1,1,7,A28,48.592739,0.187154
202000036794,10,1,2020,20,3,83,83073,1,1,8,6,Dn7,43.395947,6.29232
202000036795,10,1,2020,22,3,49,49304,1,1,1,6,Route de LONGUÉ - RD214,47.324447,-0.144576
202000036796,10,1,2020,16,1,12,12082,1,1,1,1,D55,43.927784,3.30964
202000036797,11,1,2020,15,1,46,46303,1,1,1,6,D17,44.599923,1.668145
202000036798,10,1,2020,19,3,47,47011,1,4,1,1,D656,44.372133,0.982074
202000036799,11,1,2020,17,1,29,29293,1,1,1,7,Route de Névez,47.847819,-3.835225
202000036800,11,1,2020,0,3,29,29130,2,3,1,3,1 Route de Kerfily,48.374534,-4.645381
202000036801,10,1,2020,20,3,31,31490,1,1,1,-1,6 Départementale 820,43.760025,1.360366
202000036802,10,1,2020,18,5,38,38389,2,1,8,6,Avenue du Stade,45.555545,5.080005
202000036803,10,1,2020,18,3,38,38399,1,9,1,1,D518,45.50373,5.11793
202000036804,11,1,2020,1,3,38,38130,1,1,1,6,Avenue Jongkind,45.39644,5.2439
202000036805,10,1,2020,23,3,38,38450,1,1,1,1,D45,45.28364,5.53301
202000036806,11,1,2020,14,1,38,38272,1,1,1,6,Chemin du Moulin,45.20344,5.31134
202000036807,10,1,2020,21,3,83,83032,1,1,5,6,Route de Brignoles,43.465669,6.140064
202000036808,10,1,2020,19,3,60,60264,1,1,1,7,D93,49.378267,2.079387
202000036809,10,1,2020,20,3,45,45279,1,9,5,6,Rue de Conflans,47.9534401,2.7937493
202000036810,1,1,2020,21,4,64,64038,2,1,1,7,D 254,43.452462,-1.530376
202000036811,8,1,2020,8,4,53,53146,1,6,2,6,N162 pk 54.760,48.195751,-0.66674
202000036812,10,1,2020,18,5,21,21574,2,1,1,1,3 Rue de Fontaine,47.524019,5.428142
202000036813,11,1,2020,11,1,04,04166,2,3,1,3,RD 11 / Rue Hilarion Bourret,43.8154557,6.0947581
202000036814,10,1,2020,18,3,37,37085,1,1,1,6,D943,47.2412483,0.8621646
202000036815,10,1,2020,17,2,06,06018,2,6,2,7,Route du Pin Montard,43.621028,7.063556
202000036816,10,1,2020,21,3,49,49129,1,1,1,4,A11,47.495953,-0.522493
202000036817,6,1,2020,7,5,45,45232,1,1,1,7,A71 -  PK105+780 - Sens PARIS vers PROVINCE,47.841871,1.863668
202000036818,11,1,2020,10,1,974,97415,2,3,1,3,Rue du Général de Gaulle,-21.052073,55.227744
202000036819,11,1,2020,6,1,973,97312,1,1,1,7,N1,5.1847163,-52.9145941
202000036820,10,1,2020,19,5,973,97304,1,1,1,3,Avenue de Pariacabo,5.15604,-52.669243
202000036821,11,1,2020,10,1,67,67290,1,1,1,6,D114,48.9261707,7.8304056
202000036822,10,1,2020,21,3,42,42304,1,1,9,1,Rte des Monts,45.556311,4.217859
202000036823,11,1,2020,9,1,38,38557,2,1,8,6,Rue des Mésanges,45.78569,5.10595
202000036824,11,1,2020,16,1,26,26084,1,1,1,7,Route de la Croix de Collet,45.014345,4.962239
202000036825,10,1,2020,14,1,44,44026,2,6,1,3,Rue Petit Breton,47.294083,-1.488079
202000036826,10,1,2020,18,3,29,29042,1,1,1,2,Étang du Fret,48.282293,-4.506369
202000036827,11,1,2020,12,1,60,60540,1,1,1,6,D200,49.343113,2.73792
202000036828,10,1,2020,13,1,13,13055,1,9,1,3,A507 sens Marseille - Aubagne,43.30812,5.42492
202000036829,7,1,2020,11,1,13,13070,1,1,1,-1,A50-Sens Aubagne vers Marseille,43.285051,5.517596
202000036830,9,1,2020,9,1,83,83123,1,1,1,3,A50,43.12931,5.81683
202000036831,10,1,2020,9,1,94,94065,1,1,8,3,AUTOROUTE A106,48.76127,2.34511
202000036832,10,1,2020,7,3,91,91645,1,1,2,2,RN 385 Extèrieure,48.7599,2.26814
202000036833,10,1,2020,5,5,94,94037,1,1,2,7,AUTOROUTE A6A,48.81513,2.33638
202000036834,10,1,2020,17,4,78,78466,1,1,1,4,A13,48.927987,1.990233
202000036835,10,1,2020,18,2,95,95394,1,1,1,4,RN 184,49.05179,2.18245
202000036836,7,1,2020,9,1,95,95392,1,1,1,3,RN 184,49.06655,2.21604
202000036837,10,1,2020,10,1,93,93005,1,1,2,4,AUTOROUTE A3,48.96802,2.47787
202000036838,10,1,2020,0,3,93,93053,1,1,1,6,AUTOROUTE A103,48.8887,2.4728
202000036839,9,1,2020,17,4,95,95491,1,1,2,6, A115,49.0035,2.24596
202000036840,9,1,2020,13,1,93,93053,1,1,8,7,AUTOROUTE A3,48.89795,2.46939
202000036841,9,1,2020,8,3,95,95572,1,1,2,6,AUTOROUTE A15,49.03204,2.10677
202000036842,9,1,2020,0,3,93,93063,1,1,1,6,AUTOROUTE A3,48.87843,2.44714
202000036843,8,1,2020,11,1,92,92049,2,1,8,1,BRIAND (AVENUE ARISTIDE),48.818147,2.32545
202000036844,9,1,2020,12,1,974,97411,2,1,1,7,Route de Bois de nèfles,-20.9025,55.4779
202000036845,8,1,2020,8,1,974,97411,2,1,1,3,DIERX (LEON),-20.89,55.4611
202000036846,9,1,2020,15,1,973,97302,2,1,1,3,MONTABO (ROUTE DE) 1,4.9316956,-52.2905231
202000036847,9,1,2020,10,1,973,97302,2,1,1,3,MADELEINE (ROUTE DE LA),4.9314284,-52.3265076
202000036848,8,1,2020,19,5,972,97209,2,1,1,7,RD 41 (ROCADE),14.61472,-61.05295
202000036849,9,1,2020,8,1,69,69382,2,1,1,5,PERRACHE                            (QU),45.741,4.824
202000036850,9,1,2020,15,1,2A,2A004,2,1,1,1,BONAPARTE LUCIEN  COURS,41.9095576,8.7203476
202000036851,9,1,2020,13,1,91,91377,2,9,8,3,BUISSON AUX FRAISES (RUE DU),48.7213,2.2868
202000036852,3,1,2020,8,1,91,91377,2,1,1,6,MARTYRS DE SOWETO (AVENUE DES),48.7187545,2.2494611
202000036853,8,1,2020,16,1,91,91457,1,6,1,2,CD 19,48.57421,2.26008
202000036854,9,1,2020,13,1,87,87085,1,1,1,4,AUTOROUTE A20,45.84661,1.27711
202000036855,7,1,2020,18,5,87,87085,2,2,2,5,REVOLUTION (AVENUE DE LA),45.8212496,1.2628772
202000036856,6,1,2020,8,1,86,86194,2,1,1,6,Avenue Mozart,46.5617653,0.3727414
202000036857,31,5,2020,19,5,988,98817,2,3,1,6,RP2/RUE DES TIARES,-22.282311,166.585441
202000036858,9,1,2020,7,5,85,85191,2,1,1,6,Avenue Gambetta,46.67208,-1.43472
202000036859,5,1,2020,17,5,83,83069,2,1,1,6,MARINE (BOULEVARD DE LA),43.091501,6.161805
202000036860,30,5,2020,13,1,988,98802,1,3,3,6,PR 55+950 RT1,-21.975723,166.197309
202000036861,9,1,2020,8,1,80,80021,2,1,1,3,MARCHE LANSELLES (RUE DU ),49.89574,2.29779
202000036862,30,5,2020,14,1,974,97422,1,1,1,7,Ancienne Route Nationale 3,-21.172161,55.585665
202000036863,8,1,2020,16,1,79,79191,2,7,8,2,10 Place Saint-Jean,46.321304,-0.46485
202000036864,31,5,2020,18,1,974,97406,2,1,1,6,340 Rue de la République,-21.142855,55.62121
202000036865,8,1,2020,8,3,78,78440,1,1,1,4,CD 14,48.979782,1.88724
202000036866,31,5,2020,19,2,77,77508,1,1,1,7,D231,48.806468,2.842498
202000036867,31,5,2020,3,5,83,83054,2,6,1,6,D97 rond-point Bir Hakeim,43.159676,6.04144
202000036868,9,1,2020,12,1,78,78498,2,1,2,2,EISENHOWER AV DU GENERAL,48.92589,2.05179
202000036869,30,5,2020,14,1,05,05118,1,1,1,6,D948,44.2052569,5.8899249
202000036870,31,5,2020,16,1,13,13014,1,1,1,1,D21,43.512736,5.125465
202000036871,8,1,2020,19,3,77,77305,2,2,1,2,BRAY (ROUTE DE) - D411,48.381723,2.975385
202000036872,30,5,2020,14,1,57,57289,1,1,1,3,89 Rue Principale,49.087689,7.040364
202000036873,8,1,2020,19,5,77,77152,2,1,2,3,PORET(RUE DU CPT BERNARD DE)LE RESTE,48.51536,2.62719
202000036874,31,5,2020,1,3,73,73150,1,1,1,6,D220,45.562468,6.700067
202000036875,7,1,2020,5,5,76,76540,2,1,1,6,BOISGUILBERT. QUAI DE,49.44246,1.07731
202000036876,30,5,2020,19,1,01,01049,2,1,7,6,917 Route Nationale,45.8450585,5.0360801
202000036877,9,1,2020,17,5,74,74010,2,1,1,5,ROCADE (BOULEVARD DE LA),45.9054,6.1136
202000036878,30,5,2020,18,1,01,01376,2,2,1,1,Route de Genève,45.829805,4.979703
202000036879,8,1,2020,15,1,72,72181,1,1,2,3,PATTON GENERAL RTE ST-AUBIN A AV RUBILLA,48.01057,0.17112
202000036880,31,5,2020,9,1,81,81105,2,6,7,7,Chemin de la Redondie,43.76237,1.969884
202000036881,9,1,2020,14,1,71,71270,2,2,1,3,Rue des Anémones,46.3097711,4.8268421
202000036882,9,1,2020,5,5,70,70388,2,1,2,3,ORY Noel (RUE),47.61547,6.14244
202000036883,30,5,2020,15,1,17,17237,1,1,1,1,RD 3,45.872247,-1.064773
202000036884,9,1,2020,8,1,67,67482,2,3,1,3,BAN DE LA ROCHE (RUE DU),48.5788,7.72851
202000036885,31,5,2020,14,1,33,33284,2,2,1,3,Rue des Navarries,44.60651,-0.93317
202000036886,9,1,2020,15,1,67,67180,2,9,1,3,BISCHWILLER (ROUTE DE),48.8039044,7.8100237
202000036887,29,5,2020,15,1,35,35047,1,6,1,2,route départementale 34,48.0620644,-1.7553678
202000036888,9,1,2020,22,5,65,65433,2,3,2,3,BARBUSSE (AVENUE HENRI),43.211242,0.098017
202000036889,8,1,2020,17,1,64,64102,2,1,1,4,AVRIL (AVENUE DU 14),43.5045,-1.4482
202000036890,8,1,2020,11,1,64,64140,2,3,1,1,DOUANE (QUAI DE LA),43.5224,-1.48993
202000036891,30,5,2020,22,3,27,27008,1,1,1,6,Route du Manoir,49.3213859,1.1860916
202000036892,2,1,2020,17,1,62,62666,2,3,1,3,DE GAULLE (R DU GAL),50.47419,2.884083
202000036893,9,1,2020,20,3,56,56260,2,6,2,-1,POMPIDOU(GIRATOIRE),47.666,-2.77025
202000036894,9,1,2020,16,1,54,54395,2,1,1,2,boulevard Albert 1er,48.6975784,6.1670128
202000036895,9,1,2020,12,1,54,54578,2,1,1,2,BRABOIS (AVENUE DE),48.6709,6.1595
202000036896,8,1,2020,8,2,54,54304,2,1,1,6,POINCARE (RUE RAYMOND),48.6815,6.1613
202000036897,30,5,2020,4,3,13,13005,1,1,1,6,A50-Sens Marseille vers Aubagne,43.287619,5.544673
202000036898,9,1,2020,19,5,51,51454,2,6,2,7,Rue Francis Garnier,49.2878615,4.0241131
202000036899,8,1,2020,20,5,45,45232,2,1,2,2,Avenue de Sologne,47.86747,1.91251
202000036900,7,1,2020,10,2,44,44184,1,1,2,-1,,47.2887446,-2.2423166
202000036901,9,1,2020,17,5,37,37261,2,1,1,6,MAGINOT (AV. ANDRE),47.422451,0.6967655
202000036902,7,1,2020,8,2,37,37261,2,1,2,7,ENTRAIGUES (RUE D'),47.388152,0.6891796
202000036903,9,1,2020,8,5,37,37122,2,1,1,-1,JAURES (BOULEVARD JEAN),47.3487045,0.6627033
202000036904,9,1,2020,9,1,35,35238,2,6,2,6,GUERIN (ALPHONSE),48.1092089,-1.6594921
202000036905,9,1,2020,0,5,35,35238,2,9,8,6,passage Aristide Briand,48.110097,-1.66407
202000036906,30,5,2020,1,5,33,33249,1,1,1,6,ROCADE A 630,44.88465,-0.51231
202000036907,9,1,2020,8,1,34,34172,2,4,1,3,MAURIN (AVENUE DE,43.58746,3.87206
202000036908,8,1,2020,10,1,30,30189,2,9,7,6,LECLERC GENERAL (AVENUE),43.82749,4.37445
202000036909,9,1,2020,18,4,30,30007,2,1,1,6,GRABIEUX (QUAI DU),44.14088,4.08762
202000036910,8,1,2020,11,1,29,29232,2,1,1,3,Avenue Pierre Mendes-france,47.97817,-4.12225
202000036911,8,1,2020,22,3,29,29019,2,2,6,3,Rue Roch Glaz,48.4315319,-4.4865769
202000036912,8,1,2020,7,5,29,29019,2,6,2,3,Avenue Victor le Gorgeu,48.4019632,-4.50257
202000036913,4,1,2020,10,1,27,27375,2,1,1,6,CLEMENCEAU (BOULEVARD GEORGES),49.2101,1.169
202000036914,9,1,2020,16,1,17,17299,2,1,3,3,BACHELARD AVENUE VICTOR-LOUIS,45.95223,-0.95331
202000036915,9,1,2020,19,3,14,14079,1,2,1,3,TOURGEVILLE (ROUTE DE),49.324,0.03649
202000036916,9,1,2020,18,5,14,14220,2,1,1,6,REPUBLIQUE (AVENUE DE LA),49.3598707,0.0814853
202000036917,9,1,2020,11,1,13,13117,1,1,1,2,STADIUM (CD9),43.443571,5.297015
202000036918,8,1,2020,15,1,13,13056,1,9,1,2,RD 49,43.35193,5.05463
202000036919,9,1,2020,17,1,13,13202,2,1,1,3,MALAVAL (RUE),43.304048,5.370867
202000036920,9,1,2020,13,1,13,13204,2,2,1,3,MARÉCHAL FOCH (AVENUE),43.302743,5.396496
202000036921,30,5,2020,4,3,60,60494,1,1,1,2,AUTOROUTE A1,49.11421,2.55422
202000036922,8,1,2020,13,1,13,13204,2,2,1,1,FRANÇOISE DUPARC (BOULEVARD),43.309414,5.402904
202000036923,7,1,2020,12,1,12,12202,2,1,1,6,MONTPELLIER (AVENUE DE),44.3556329,2.5768529
202000036924,7,1,2020,10,1,12,12202,2,3,1,6,GALLY (BOULEVARD),44.34939,2.57237
202000036925,9,1,2020,19,5,10,10387,2,1,2,6,"Avenue Pasteur,",48.300758,4.064689
202000036926,8,1,2020,18,5,10,10387,2,1,2,6,LUCIEN MOREL PAYEN (RUE),48.30601,4.09206
202000036927,8,1,2020,8,2,10,10387,2,6,2,3,PREIZE (RUE DE),48.3082,4.06811
202000036928,8,1,2020,21,5,08,08409,2,1,2,6,TRENTE FLOREAL (BOULEVARD DU),49.70474,4.9514
202000036929,29,5,2020,19,1,93,93064,1,1,1,7,AUTOROUTE A86,48.88182,2.47312
202000036930,29,5,2020,15,1,95,95572,1,1,1,7,RN 184,49.05202,2.14993
202000036931,29,5,2020,18,1,95,95277,1,1,1,2,RD 170 ,48.97747,2.46284
202000036932,29,5,2020,19,1,75,75112,1,1,1,2,A4,48.8199621,2.4599397
202000036933,29,5,2020,17,1,94,94042,1,1,1,6,A4,48.8285467,2.475746
202000036934,17,3,2020,0,3,78,78551,1,9,1,6,RN 184,48.98194,2.086191
202000036935,9,1,2020,20,5,06,06088,2,4,1,1,DESAMBROIS (AV.),43.70521,7.27176
202000036936,29,5,2020,7,1,988,98818,2,3,1,2,RUE DU 18 JUIN/RUE DES TOURS,-22.27039,166.46388
202000036937,29,5,2020,16,1,973,97302,2,1,1,6,MADELEINE (ROUTE DE LA),4.91283,-52.32085
202000036938,29,5,2020,19,1,69,69387,2,2,1,3,JEAN JAURES                         (AV),45.74375,4.84094
202000036939,29,5,2020,17,1,69,69383,2,1,1,4,PAUL BERT                           (R ),45.75705,4.85622
202000036940,29,5,2020,9,1,69,69386,2,2,1,-1,MARECHAL LYAUTEY (DU)               (PL),45.7692105,4.8411096
202000036941,29,5,2020,6,2,69,69387,2,1,1,6,GUILLOTIERE (DE LA)                 (GR),45.74969,4.85227
202000036942,28,5,2020,20,1,69,69382,2,3,1,3,BELLECOUR                           (PL),45.75878,4.8309
202000036943,21,5,2020,11,1,69,69034,2,1,1,7,MARGNOLLES (DE)                     (R ),45.78334,4.83441
202000036944,28,5,2020,7,1,69,69202,2,1,1,6,COMMANDANT CHARCOT (DU)             (R ),45.7444559,4.7840926
202000036945,9,1,2020,13,1,06,06088,2,1,1,6,GARNIER (BD JOSEPH),43.71009,7.25992
202000036946,29,5,2020,8,1,971,97101,1,1,1,6,RN1 ROCADE DE CHAUVEL,16.2457,-61.5249
202000036947,9,1,2020,10,1,06,06159,1,1,1,3,CORNE D OR (BOULEVARD DE LA),43.71036,7.31399
202000036948,29,5,2020,18,1,95,95585,2,9,1,3,Rue du 8 MAI 1945 ,48.9782632,2.3675714
202000036949,9,1,2020,21,5,06,06027,2,3,1,3,VERDUN AVENUE DE,43.66622,7.14226
202000036950,29,5,2020,11,1,95,95268,2,2,1,3,AV DE STALINGRAD,48.9676,2.4107
202000036951,28,5,2020,21,2,91,91589,2,7,1,6,CHAMBERLAIN (RUE),48.67642,2.34667
202000036952,9,1,2020,19,5,75,75105,2,2,2,6,QUAI DE MONTEBELLO,48.8523546,2.3482643
202000036953,29,5,2020,16,1,91,91223,1,1,1,3,R.N.20,48.4296,2.16236
202000036954,9,1,2020,18,5,75,75120,2,2,2,6,RUE DES AMANDIERS,48.8683071,2.3881859
202000036955,29,5,2020,18,1,91,91027,2,1,1,3,MORANGIS (AVENUE DE),48.7056,2.35645
202000036956,9,1,2020,20,5,75,75119,2,1,2,3,AVENUE CORENTIN CARIOU,48.8955481,2.3832312
202000036957,28,5,2020,6,1,90,90010,2,3,1,3,JOFFRE (BOULEVARD MARECHAL),47.64139,6.85713
202000036958,28,5,2020,19,1,80,80489,2,1,1,3,VILLE IDEALE (AVENUE DE LA ),49.86774,2.36882
202000036959,9,1,2020,18,5,75,75119,2,3,2,3,BOULEVARD DE LA VILLETTE,48.875188,2.373642
202000036960,28,5,2020,7,1,80,80021,2,1,1,3,ROUEN (RUE DE),49.8861,2.27371
202000036961,1,1,2020,4,5,75,75117,2,2,1,-1,RUE DE ROME,48.885674,2.3168239
202000036962,28,5,2020,12,1,78,78646,2,3,1,3,GENERAL PERSHING (RUE DU),48.81887,2.15026
202000036963,8,1,2020,16,1,75,75116,2,5,2,6,AVENUE MARCEAU,48.8696868,2.298236
202000036964,29,5,2020,9,1,76,76216,2,1,1,7,DIEPPE. ROUTE DE (RN 27),49.47095,1.04987
202000036965,8,1,2020,18,5,75,75115,2,1,1,5,RUE DE LOURMEL,48.84858,2.29056
202000036966,29,5,2020,7,1,76,76351,2,6,1,3,COCHET,49.50556,0.10103
202000036967,8,1,2020,9,1,75,75115,2,3,1,3,RUE EMERIAU,48.848721,2.285218
202000036968,28,5,2020,13,1,67,67482,2,1,1,6,LA FONTAINE (BOULEVARD),48.591647,7.704022
202000036969,9,1,2020,9,1,75,75114,2,2,2,3,BOULEVARD BRUNE,48.8261581,2.3127535
202000036970,28,5,2020,20,2,66,66136,2,1,1,6,DE BONNEFOY ( RUE LOUIS),42.7178,2.88713
202000036971,9,1,2020,20,3,75,75114,2,1,2,2,BD PERIPHERIQUE INTERIEUR,48.816714,2.340298
202000036972,9,1,2020,8,5,75,75113,2,2,8,6,AVENUE DES GOBELINS,48.8333963,2.3542124
202000036973,8,1,2020,23,5,75,75112,2,4,1,3,ROUTE DE LA FERME,48.826222,2.462744
202000036974,1,1,2020,1,5,75,75112,2,4,1,6,RUE CROZATIER,48.8493978,2.3796461
202000036975,9,1,2020,20,5,75,75103,2,3,2,6,BOULEVARD DU TEMPLE,48.8646655,2.3658072
202000036976,9,1,2020,14,1,75,75109,2,4,1,2,RUE DU FAUBOURG MONTMARTRE,48.8766598,2.339461
202000036977,29,5,2020,15,1,64,64545,1,1,1,2,Route de la Corniche,43.38489,-1.71984
202000036978,8,1,2020,16,1,75,75109,2,3,2,7,BOULEVARD DE CLICHY,48.8829731,2.3348718
202000036979,9,1,2020,8,1,75,75107,2,2,2,7,AVENUE BOSQUET,48.858804,2.3035141
202000036980,9,1,2020,13,1,75,75103,2,3,1,6,RUE DU GRENIER SAINT LAZARE,48.8628574,2.3533405
202000036981,9,1,2020,20,5,75,75101,2,3,1,6,RUE DE RIVOLI,48.864392,2.3301088
202000036982,8,1,2020,21,5,94,94081,2,1,1,2,YOURI GAGARINE (AV),48.7868271,2.3910265
202000036983,28,5,2020,17,1,64,64129,2,1,7,2,BAYONNE DE,43.30514,-0.40198
202000036984,9,1,2020,21,5,94,94080,2,1,2,6,LAGNY (R DE),48.8489,2.4255
202000036985,8,1,2020,20,5,94,94078,2,1,1,2,PIERRE SEMARD (PL),48.72931,2.44649
202000036986,6,1,2020,18,5,94,94037,2,1,1,7,DOCTEUR TENINE (R DU),48.8152795,2.347464
202000036987,9,1,2020,17,5,94,94041,2,1,2,6,VICTOR HUGO (R),48.81802,2.38269
202000036988,9,1,2020,20,5,94,94038,2,1,2,3,LARROUMES (AV),48.77636,2.32425
202000036989,9,1,2020,18,5,94,94038,2,1,2,6,HENRI BARBUSSE (AV),48.77753,2.32739
202000036990,8,1,2020,15,1,94,94028,2,3,8,5,Saussaie du ban (rue de la),48.76637,2.45832
202000036991,8,1,2020,11,1,94,94028,2,1,1,6,TASSIGNY(AVE DU MARECHAL DE LATTRE DE),48.79533,2.45877
202000036992,9,1,2020,18,5,94,94017,2,9,2,6,JEAN JAURES (R),48.81401,2.50924
202000036993,8,1,2020,15,1,94,94002,2,3,8,3,CAMELIAS (R DES),48.80073,2.425433
202000036994,9,1,2020,17,5,93,93066,2,1,2,6,R DU PORT,48.93591,2.34408
202000036995,28,5,2020,15,1,64,64125,2,1,1,2,ESPAGNE (AVENUE D'),43.42901,-1.60089
202000036996,9,1,2020,18,5,93,93064,2,1,2,3,AV DU PRESIDENT JOHN KENNEDY,48.87811,2.48786
202000036997,9,1,2020,8,2,93,93048,2,3,2,6,RESISTANCE (AVENUE DE LA),48.86185,2.43672
202000036998,9,1,2020,20,5,93,93031,2,9,2,1,PARIS (RUE DE),48.9542416,2.3099594
202000036999,9,1,2020,16,1,93,93010,2,9,2,3,QUATORZE-JUILLET (AV. DU),48.929416,2.497571
202000037000,28,5,2020,10,1,63,63193,2,2,1,6,TREILLE (RUE DE LA),45.76991,3.19445
202000037001,29,5,2020,0,5,63,63113,2,1,1,6,CHARRAS (AVENUE),45.77954,3.09735
202000037002,29,5,2020,5,3,62,62525,1,1,1,6,BRUYERES (RTE DES...DE 31 A 95 ET 26 A 6,50.7271165,2.2463135
202000037003,28,5,2020,19,1,62,62688,2,1,1,6,CHEMIN BLANC,50.41813,1.6167
202000037004,29,5,2020,17,1,59,59286,2,1,1,6,JOFFRE RUE DU MARECHAL,50.60692,2.98483
202000037005,28,5,2020,20,1,59,59648,2,2,1,5,CLEMENCEAU RUE,50.59959,3.05321
202000037006,27,5,2020,18,1,57,57630,2,3,1,3,SARREGUEMINES,48.74631,7.06301
202000037007,26,5,2020,16,1,56,56260,2,1,1,7,165  SENS LORIENT/NANTES (bretelle RN),47.668,-2.7712
202000037008,27,5,2020,20,1,56,56260,2,3,1,2,RICHEMONT(RUE),47.65643,-2.76624
202000037009,29,5,2020,16,1,54,54395,2,1,1,2,MILLENAIRE (BOULEVARD DU),48.6776695,6.2079681
202000037010,29,5,2020,0,3,54,54253,1,6,1,6,DEPARTEMENTALE 136,49.189271,5.893396
202000037011,28,5,2020,13,1,53,53130,2,1,1,3,CHAPLET ( BOULEVARD FREDERIC ),48.06612,-0.78253
202000037012,21,5,2020,20,1,49,49007,2,1,1,7,RECULEE PROMENADE,47.48698,-0.54993
202000037013,28,5,2020,14,1,49,49353,2,1,1,3,FOUCAUDIERE,47.4578,-0.51489
202000037014,29,5,2020,12,1,45,45234,2,1,1,2,131 Rue du Faubourg Bannier,47.9158219,1.8991166
202000037015,28,5,2020,19,1,42,42183,2,2,1,3,Avenue Maurice Thorez,45.40555,4.36668
202000037016,28,5,2020,11,1,37,37208,2,1,1,3,BEAUGAILLARD (AVENUE),47.3588615,0.7218559
202000037017,29,5,2020,10,1,37,37261,2,1,1,-1,REMPART (RUE DU),47.3922011,0.7029779
202000037018,29,5,2020,7,1,37,37261,2,1,1,2,SAVONNIERES (ROUTE DE),47.3692619,0.6690981
202000037019,29,5,2020,7,1,37,37214,2,1,1,2,MURIER (RUE DU),47.4217774,0.6630115
202000037020,29,5,2020,8,1,35,35238,2,1,1,3,BEL AIR (DE),48.09379,-1.64615
202000037021,29,5,2020,22,3,33,33281,1,1,1,6,CHEM DE LA PRINCESSE,44.80026,-0.70454
202000037022,29,5,2020,20,1,33,33063,2,1,1,6,RUE HIPPOLYTE MINIER,44.8238,-0.56752
202000037023,15,5,2020,18,1,33,33069,2,1,1,3,5  CRS LOUIS BLANC,44.86497,-0.59927
202000037024,28,5,2020,20,1,31,31555,2,1,1,6,58 Avenue Jean Rieux,43.59622,1.46233
202000037025,25,5,2020,15,1,31,31555,2,9,1,3,Avenue des Etats Unis,43.64793,1.422
202000037026,29,5,2020,20,1,30,30189,2,1,1,3,MENDES FRANCE PIERRE (AVENUE),43.8254,4.37802
202000037027,29,5,2020,16,1,30,30189,2,1,1,6,PERRIER GENERAL (RUE),43.83867,4.35749
202000037028,29,5,2020,13,1,29,29232,1,1,1,2,Route de Brest,48.0111503,-4.0796962
202000037029,29,5,2020,9,1,29,29019,2,1,1,2,Pont de l'Harteloire,48.3927781,-4.4997923
202000037030,23,5,2020,14,1,28,28220,2,1,1,6,BIENFAISANCE(RUE),48.428802,1.474627
202000037031,28,5,2020,18,1,25,25462,2,1,1,6,LA FONTAINE,46.90849,6.35358
202000037032,28,5,2020,10,5,25,25056,2,9,1,6,CASAMENE  CH. DE HALAGE DE,47.230876,6.033715
202000037033,29,5,2020,16,1,14,14243,2,9,1,3,HOUSSAUE (AVENUE CHARLES),49.389935,0.204897
202000037034,29,5,2020,17,1,13,13209,2,1,1,1,SAINTE MARGUERITE (BOULEVARD),43.26576,5.40855
202000037035,29,5,2020,7,1,13,13208,2,1,1,6,PERIER (BOULEVARD),43.27977,5.38667
202000037036,24,5,2020,18,1,13,13201,2,1,1,6,BELGES (QUAI DES),43.29544,5.37439
202000037037,29,5,2020,1,5,13,13208,2,1,1,6,PARADIS (RUE),43.27475,5.38477
202000037038,28,5,2020,11,1,13,13208,2,1,1,3,BARRAL (BOULEVARD),43.264854,5.393775
202000037039,28,5,2020,9,1,13,13047,2,3,1,6,CAPELETTE ROUTE DE LA,43.4964,4.9798
202000037040,29,5,2020,13,1,13,13001,2,6,1,-1,ISAAC JULES (AV),43.54271,5.45496
202000037041,28,5,2020,21,2,11,11069,1,1,1,7,RD 6113,43.20505,2.40548
202000037042,29,5,2020,19,2,06,06069,2,1,2,6,DRAGUIGNAN (ROUTE DE) - D2562-,43.64521,6.894564
202000037043,28,5,2020,15,1,06,06027,2,1,1,2,BESSET AVENUE CYRILLE,43.66302,7.15474
202000037044,28,5,2020,19,1,75,75114,2,1,1,2,BOULEVARD PERIPHERIQUE,48.824004,2.307669
202000037045,29,5,2020,0,5,75,75119,2,1,1,6,BD PERIPHERIQUE EXTERIEUR,48.8989038,2.3934398
202000037046,29,5,2020,8,1,75,75118,2,2,1,3,BOULEVARD NEY,48.8987158,2.3703678
202000037047,29,5,2020,9,1,75,75117,2,4,1,3,AVENUE MAC MAHON,48.8773025,2.2944366
202000037048,29,5,2020,10,1,75,75117,2,1,1,6,RUE POUCHET,48.892955,2.319616
202000037049,29,5,2020,18,1,75,75116,2,1,1,3,AVENUE VICTOR HUGO,48.868334,2.282191
202000037050,27,5,2020,19,1,75,75116,2,2,1,2,AVENUE MARCEAU,48.868535,2.298909
202000037051,29,5,2020,15,1,75,75114,2,4,1,3,AVENUE DU MAINE,48.8314607,2.325381
202000037052,29,5,2020,20,1,75,75113,2,1,1,-1,BOULEVARD DU GENERAL D ARMEE JEAN SIMON,48.82627,2.383547