Num_Acc,jour,mois,an,hr,condition_eclairage,departement,commune,condition_agglomeration,intersection,condition_atmosphere,type_collision,adresse,lattitude,longitude
202000037053,29,5,2020,18,1,75,75112,2,1,1,3,ROUTE DE LA PYRAMIDE,48.839791,2.437117
202000037054,28,5,2020,14,1,75,75112,2,1,1,2,BOULEVARD DIDEROT,48.84663,2.380548
202000037055,29,5,2020,20,1,75,75110,2,2,1,3,RUE DU FAUBOURG SAINT MARTIN,48.8815943,2.3657459
202000037056,29,5,2020,13,1,75,75110,2,2,1,3,BOULEVARD DE STRASBOURG,48.8754819,2.3578143
202000037057,29,5,2020,20,1,75,75109,2,2,1,6,RUE DE LA CHAUSSEE D ANTIN,48.874289,2.332744
202000037058,17,5,2020,17,1,75,75107,2,5,1,3,RUE DUPONT DES LOGES,48.859657,2.301339
202000037059,29,5,2020,11,1,75,75107,2,2,1,2,QUAI D ORSAY,48.862833,2.313456
202000037060,29,5,2020,13,1,75,75103,2,2,1,6,RUE DE TURBIGO,48.865913,2.358118
202000037061,29,5,2020,15,1,75,75104,2,1,1,6,RUE SAINT ANTOINE,48.85363,2.3670502
202000037062,23,5,2020,13,1,75,75101,2,2,1,6,RUE DE RIVOLI,48.859885,2.343987
202000037063,29,5,2020,0,5,94,94068,2,3,1,3,GENERAL GIRAUD (BD DU),48.79804,2.47442
202000037064,27,5,2020,12,1,94,94041,2,1,1,3,PAUL VAILLANT COUTURIER (BD),48.81913,2.39669
202000037065,27,5,2020,15,1,94,94002,2,2,1,3,JEAN BAPTISTE CLEMENT (QU),48.7982,2.42058
202000037066,29,5,2020,15,1,93,93071,2,1,1,6,VICTOR HUGO (AVENUE),48.9310193,2.5279713
202000037067,29,5,2020,18,1,93,93070,2,1,1,3,MICHELET(AV):N°1AU 103,48.9129503,2.3442167
202000037068,28,5,2020,19,1,93,93066,2,2,1,6,R CASANOVA DANIELLE / COURS HENRI BARBUSSE,48.92657,2.36595
202000037069,28,5,2020,20,5,93,93064,2,1,1,3,AV DU GENERAL DE GAULLE,48.8791732,2.4783529
202000037070,29,5,2020,8,1,93,93053,2,2,1,3,ROGER SALENGRO (BLD),48.87955,2.44869
202000037071,29,5,2020,17,1,93,93048,2,9,1,6,GABRIEL PERI (AVENUE),48.858,2.43727
202000037072,29,5,2020,15,1,93,93046,2,9,1,4,BD JEAN JAURES,48.9213298,2.5255558
202000037073,29,5,2020,17,1,93,93045,2,2,7,-1,R DE PARIS / AV GEORGES CLEMENCEAU,48.88146,2.42149
202000037074,29,5,2020,23,5,93,93010,2,1,1,6,VILLEMOMBLE (RTE DE) DE 27 A FIN,48.8934143,2.4817207
202000037075,29,5,2020,0,5,93,93055,2,1,1,3,AV JEAN JAURES,48.9073,2.396
202000037076,28,5,2020,19,1,92,92022,2,1,1,3,PAVE DES GARDES (ROUTE DU),48.80817,2.19371
202000037077,29,5,2020,13,1,92,92048,2,2,7,1,GARDES (ROUTE DES) N° 5 A 51,48.8188276,2.2346566
202000037078,29,5,2020,19,1,92,92040,2,1,1,6,GALLIENI (BOULEVARD),48.828334,2.267512
202000037079,28,5,2020,17,1,92,92036,2,2,1,3,MARCEL PAUL (AVENUE) (1/103),48.936454,2.30392
202000037080,29,5,2020,14,1,92,92035,2,3,1,2,Général de Gaulle  ( avenue du ),48.9125831,2.2537878
202000037081,30,5,2020,13,1,12,12263,1,2,1,3,Lieu dit Bach,44.346287,1.958581
202000037082,27,5,2020,15,1,25,25009,1,1,1,1,17 Grande Rue,47.264444,6.32569
202000037083,29,5,2020,8,2,49,49110,1,1,7,1,D192,47.557639,-0.398844
202000037084,30,5,2020,16,1,31,31116,2,1,1,1,Rue du Pont Faure,43.693054,1.4291514
202000037085,30,5,2020,18,1,31,31423,1,1,7,6,500 Route de l'Isle En Dodon,43.406599,1.05001
202000037086,29,5,2020,22,3,35,35085,1,2,1,3,La galonniere,48.369957,-1.762758
202000037087,29,5,2020,16,1,74,74112,1,1,1,-1,D1508,45.93865,6.067758
202000037088,29,5,2020,10,1,974,97414,2,1,1,2,3 Avenue Principale,-21.282946,55.398935
202000037089,30,5,2020,11,1,06,06140,2,1,1,7,2 Chemin du Flaquier Sud,43.632728,6.861514
202000037090,30,5,2020,5,3,65,65447,1,1,1,7,D28,43.190362,0.261253
202000037091,28,5,2020,20,1,87,87021,2,1,1,3,21 Rue du Boucheron,45.767998,1.20981
202000037092,29,5,2020,21,3,34,34077,1,1,1,3,2 Rue des Sophoras,43.6469372,3.8879317
202000037093,30,5,2020,10,1,57,57295,1,3,7,3,RD 38,48.795691,6.606259
202000037094,30,5,2020,14,1,74,74242,2,3,1,1,Route de l'Eglise,45.832216,6.161935
202000037095,30,5,2020,10,1,67,67434,1,1,1,1,D23,48.936874,7.073821
202000037096,29,4,2020,2,3,76,76421,1,4,1,7,372 Rue du Carreau,49.5514744,0.4316313
202000037097,30,5,2020,15,1,2B,2B318,1,1,1,4,RT 10,42.439302,9.514182
202000037098,30,5,2020,13,1,63,63357,1,1,7,6,D127,45.4665719,3.1270909
202000037099,29,5,2020,15,1,61,61230,1,1,1,7,D11,48.551075,0.779257
202000037100,29,5,2020,21,1,61,61063,1,2,1,3,D924,48.702277,-0.351627
202000037101,30,5,2020,15,1,55,55001,2,4,1,6,38 Grande Rue,48.52974,5.49163
202000037102,30,5,2020,8,1,49,49223,2,1,1,3,Route de Nantes,47.395364,-0.556778
202000037103,29,5,2020,15,1,47,47287,1,1,7,1,D656,44.143537,0.439153
202000037104,29,5,2020,14,1,47,47168,2,3,1,1,Avenue Joliot Curie,44.600997,0.363562
202000037105,30,4,2020,7,2,41,41166,1,2,2,3,D30,47.405262,1.368742
202000037106,28,5,2020,16,1,68,68195,2,1,1,-1,Rue de Morschwiller,47.756832,7.275095
202000037107,29,5,2020,17,1,25,25349,2,2,1,3,Grande Rue,47.144781,6.498767
202000037108,30,5,2020,18,1,31,31224,1,5,1,3,Rue Lesponne,43.060987,0.592232
202000037109,28,5,2020,8,1,38,38397,1,1,1,1,Route de Lancey,45.240837,5.851539
202000037110,29,5,2020,20,1,15,15185,1,1,1,6,D3,45.326655,2.600884
202000037111,30,5,2020,15,1,66,66124,1,1,1,1,D10,42.498507,2.056053
202000037112,30,5,2020,19,1,60,60465,1,1,1,6,GR124,49.5426379,2.2227121
202000037113,29,5,2020,15,1,60,60074,2,1,1,6,63 Grande Rue,49.21789,2.363939
202000037114,30,5,2020,17,1,64,64274,1,1,1,7,D15 ,43.174982,-1.286216
202000037115,29,5,2020,12,1,10,10080,1,1,1,2,D444,48.033342,4.134305
202000037116,29,5,2020,10,1,40,40152,2,1,1,7,310 route du Souquet,43.967894,-1.053314
202000037117,16,5,2020,1,3,24,24288,1,1,1,7,D11,44.901612,0.134294
202000037118,29,5,2020,14,1,24,24270,1,1,7,6,D6089,45.1201845,0.9539732
202000037119,29,5,2020,13,1,04,04137,1,1,1,5,RD 951,44.269051,6.004629
202000037120,29,5,2020,13,1,37,37206,1,1,1,6,D48,47.5097269,0.5978489
202000037121,29,5,2020,23,3,30,30012,1,1,1,6,Route Départementale 2,43.892535,4.689322
202000037122,28,7,2020,7,1,34,34032,2,1,1,6,VERDUN (BD DE),43.33678,3.21875
202000037123,30,5,2020,15,1,88,88302,1,1,1,2,4 La Roche des Chenes,47.917687,6.792882
202000037124,30,7,2020,14,1,33,33281,2,1,1,6,SUR PARKING MERIGNAC-SOLEIL,44.82947,-0.65547
202000037125,29,5,2020,10,1,88,88079,2,9,7,6,Rue Sainte-anne,48.20848,5.835194
202000037126,27,5,2020,9,1,78,78356,2,2,1,3,Route de Versailles,48.723217,2.089661
202000037127,30,5,2020,13,1,77,77100,1,1,1,6,A5,48.5120549,2.8276221
202000037128,30,7,2020,2,4,31,31069,1,1,1,2,VA001490 A621,43.63082,1.38213
202000037129,29,5,2020,20,1,69,69242,1,1,7,6,A6,46.117206,4.763203
202000037130,29,7,2020,14,1,31,31555,1,1,1,3,VA007331 A620,43.5745745,1.4474541
202000037131,28,5,2020,17,5,987,98747,1,1,1,1,RT.4 à hauteur du PK1+500 à TARAVAO,-17.7331872,-149.3152475
202000037132,29,5,2020,22,3,974,97418,1,1,1,2,N2,-20.897741,55.575998
202000037133,30,7,2020,19,1,29,29039,2,2,1,3,Rue Jules Ferry,47.8720509,-3.908575
202000037134,29,5,2020,5,1,77,77367,1,2,1,3,D405,49.0472,2.997015
202000037135,29,7,2020,21,1,29,29019,2,3,1,3,Rue Jean Jaurès,48.39833,-4.47366
202000037136,30,5,2020,16,1,77,77370,1,2,1,3,D225,48.251689,2.761605
202000037137,28,7,2020,15,1,27,27229,2,1,1,3,ALLENDE (BOULEVARD DU PRESIDENT),49.004396,1.147448
202000037138,29,7,2020,9,1,18,18279,2,1,7,2,PASTEUR ( RUE ),47.22025,2.08258
202000037139,29,5,2020,17,1,95,95054,1,1,1,5,D43,49.1547186,1.8823274
202000037140,30,7,2020,17,1,17,17274,2,1,1,6,CHATEAU   RUE DU,46.15462,-1.09543
202000037141,29,5,2020,15,1,2B,2B148,1,1,2,2,Lucciana,42.527326,9.455881
202000037142,29,7,2020,20,1,13,13026,2,1,1,6,ECRINS (rue des),43.38877,5.17371
202000037143,30,7,2020,18,1,13,13205,2,1,1,2,BAILLE (BOULEVARD),43.2886706,5.3940606
202000037144,30,5,2020,2,3,84,84138,1,1,1,6,D142,44.371229,4.95699
202000037145,30,7,2020,13,1,13,13210,2,2,1,3,PAUL CLAUDEL (BOULEVARD),43.2690439,5.4204214
202000037146,30,5,2020,12,1,83,83042,1,6,1,2,32 Avenue des Narcisses,43.258034,6.5627
202000037147,30,7,2020,9,1,13,13201,2,3,1,3,FRANCIS DAVSO (RUE ),43.292799,5.374786
202000037148,29,5,2020,16,1,68,68247,1,1,1,7,D27,47.9333844,7.0137722
202000037149,29,7,2020,16,1,13,13201,2,2,1,3,BERNEX (RUE)    IMPAIRS,43.30064,5.38839
202000037150,26,5,2020,16,1,67,67101,2,3,1,3,Grand'Rue,48.524435,7.491195
202000037151,28,5,2020,23,3,42,42326,1,1,1,6,Route de Roisey,45.375634,4.673009
202000037152,29,5,2020,20,1,42,42065,1,8,1,6,3115 Route de Feurs,45.755397,4.231227
202000037153,30,7,2020,10,1,13,13005,2,3,1,3,CD 2 (CAMP MAJOR),43.29238,5.55582
202000037154,29,5,2020,19,1,01,01262,1,1,1,1,Route de Saint Andre de Corcy,45.874253,5.042612
202000037155,29,5,2020,22,2,29,29001,1,1,1,6,Lieu-dit Pen Ar Prat,48.263284,-4.304409
202000037156,30,5,2020,7,1,27,27275,2,6,1,3,D6015,49.157296,1.348635
202000037157,30,7,2020,15,1,10,10362,1,1,1,4,ROCADE OUEST (RD 610),48.29154,4.03507
202000037158,30,7,2020,7,1,10,10081,1,1,7,6,NECKARBISCHOFSHEIM (CD),48.30947,4.02264
202000037159,30,5,2020,16,1,60,60355,2,2,1,3,Rue de Bresles,49.424329,2.198151
202000037160,30,7,2020,20,1,09,09225,1,9,1,3,ROUTE NATIONALE 20,43.1363,1.6203
202000037161,30,5,2020,11,1,80,80685,2,1,1,6,Rue de Paris,49.69764,2.7898
202000037162,29,7,2020,20,5,08,08105,2,3,1,3,WARCQ,49.76,4.7
202000037163,30,7,2020,10,1,06,06088,2,1,1,2,QUAI DES ETATS UNIS,43.69513,7.27462
202000037164,30,7,2020,8,1,06,06088,2,3,1,6,CESSOLE (BD DE) (A PARTIR DU 101-114),43.71115,7.25557
202000037165,29,5,2020,9,1,13,13055,1,1,1,7,A507 sens Marseille - Aubagne,43.3299899,5.3926432
202000037166,29,7,2020,17,1,06,06104,2,3,1,3,"VERDUN (AVENUE DE, N° 131 ET +)",43.760834,7.470823
202000037167,30,7,2020,4,5,03,03321,2,1,1,6,Rue Jenner,46.551534,3.3495144
202000037168,27,7,2020,18,1,75,75114,2,1,1,4,BOULEVARD PERIPHERIQUE,48.816461,2.341671
202000037169,30,7,2020,17,1,75,75119,2,2,1,6,RUE DE CRIMEE,48.883007,2.385544
202000037170,29,7,2020,22,3,75,75117,2,1,1,6,RUE BRUNEL,48.877131,2.288528
202000037171,30,7,2020,19,1,75,75116,2,1,1,3,BOULEVARD PERIPHERIQUE INTERIEUR OUEST,48.86814,2.27
202000037172,29,7,2020,9,1,75,75116,2,4,1,3,VOIE GEORGES POMPIDOU,48.849099,2.27655
202000037173,30,7,2020,18,2,75,75115,2,3,1,3,RUE MADEMOISELLE,48.843634,2.296485
202000037174,29,7,2020,18,1,75,75115,2,1,1,6,RUE DE LA CONVENTION,48.8385,2.293632
202000037175,30,7,2020,18,1,75,75106,2,3,1,3,BOULEVARD DU MONTPARNASSE,48.843624,2.324642
202000037176,30,7,2020,13,1,75,75114,2,4,1,-1,RUE LIARD,48.821451,2.342486
202000037177,30,7,2020,17,1,75,75113,2,1,1,-1,BOULEVARD KELLERMANN,48.81932,2.35763
202000037178,30,7,2020,15,1,75,75113,2,2,1,3,PORTE D IVRY,48.819713,2.372928
202000037179,30,7,2020,12,1,75,75112,2,2,1,6,BOULEVARD DIDEROT,48.846124,2.376001
202000037180,29,7,2020,12,1,75,75112,2,3,1,7,BOULEVARD PONIATOWSKI,48.834298,2.404418
202000037181,28,7,2020,13,1,75,75112,2,1,1,6,BOULEVARD PONIATOWSKI,48.830216,2.393072
202000037182,30,7,2020,17,1,75,75111,2,4,1,3,RUE DU FAUBOURG SAINT ANTOINE,48.848821,2.392994
202000037183,30,7,2020,16,1,75,75109,2,3,1,3,RUE LA FAYETTE,48.874111,2.337173
202000037184,26,7,2020,15,1,75,75109,2,2,1,6,RUE RICHER,48.874026,2.345354
202000037185,30,7,2020,13,1,75,75109,2,3,1,3,BOULEVARD POISSONNIERE,48.87092,2.346775
202000037186,30,7,2020,21,5,75,75101,2,4,1,3,AVENUE DE L OPERA,48.86775,2.333573
202000037187,30,7,2020,19,1,94,94015,2,1,1,6,COULONS (R DES),48.8369255,2.5250506
202000037188,30,7,2020,21,2,94,94043,2,1,1,1,GABRIEL PERI (R),48.80647,2.34594
202000037189,29,7,2020,20,2,94,94028,2,9,1,4,HALPERN.(AVENUE BERNARD),48.79293,2.44358
202000037190,30,7,2020,12,1,94,94059,2,1,1,3,MAURICE BERTEAUX (AV),48.812702,2.566826
202000037191,30,7,2020,15,1,94,94018,2,1,1,-1,BERCY (QU DE),48.825473,2.393109
202000037192,30,7,2020,9,1,94,94018,2,2,1,6,WINSTON CHURCHILL (AV),48.82455,2.40545
202000037193,30,7,2020,0,5,94,94078,2,3,1,3,TILLEULS (R DES),48.73553,2.46546
202000037194,29,7,2020,18,1,93,93053,2,1,1,3,BREMENT (RUE DE) 109 A 235 - 110 A ...,48.8882485,2.4595731
202000037195,30,7,2020,18,1,93,93010,2,1,1,6,BLUM (AV. LEON),48.9152464,2.4789602
202000037196,30,7,2020,20,1,93,93005,2,1,1,3,LEON JOUHAUX (RUE),48.9534538,2.482966
202000037197,8,12,2020,15,1,94,94042,2,9,1,6,PRESIDENT JOHN KENNEDY (AV DU),48.816679,2.466072
202000037198,9,12,2020,21,5,94,94016,2,1,1,6,MARCEL BONNET (R),48.79571,2.3263
202000037199,29,7,2020,18,1,93,93001,2,4,1,1,LUCIEN LEFRANC (QUAI),48.9124,2.3731
202000037200,9,12,2020,11,1,94,94003,2,3,1,3,LAPLACE (AV),48.80786,2.33349
202000037201,30,7,2020,13,1,92,92072,2,1,1,3,GRANDE RUE,48.824725,2.213901
202000037202,9,12,2020,21,5,94,94021,2,9,9,3,STALINGRAD (AV DE),48.77163,2.36706
202000037203,28,7,2020,0,5,92,92063,2,2,1,3,COLMAR (AVENUE DE),48.88718,2.17952
202000037204,9,12,2020,9,1,94,94021,2,1,1,2,D'AVIGNON (RUE) MIN,48.76249,2.35097
202000037205,30,7,2020,19,1,92,92050,2,2,1,1,POINCARE RAYMOND RUE,48.8880479,2.1903965
202000037206,9,12,2020,17,5,94,94022,2,7,1,3,DOCTEUR ROUX (R DU),48.77103,2.40352
202000037207,19,11,2020,16,1,93,93066,2,1,2,6,DESNOS ROBERT,48.9406,2.37142
202000037208,9,12,2020,8,1,93,93062,2,6,1,6,GAMBETTA (ALLEE),48.8948813,2.5133653
202000037209,8,12,2020,21,5,93,93051,2,1,1,3,MEDERIC (AVENUE),48.829382,2.5723536
202000037210,27,7,2020,18,1,92,92024,2,1,1,2,ASNIERES (ROUTE D'),48.90189,2.29112
202000037211,9,12,2020,7,2,93,93027,2,1,1,2,SALENGRO (AVENUE ROGER),48.93887,2.38785
202000037212,9,12,2020,6,5,93,93008,2,1,1,6,ROME (RUE DE),48.9104549,2.4693499
202000037213,30,7,2020,8,1,92,92004,2,3,1,3,MENIL,48.9252319,2.2759496
202000037214,31,7,2020,15,1,14,14764,1,1,1,1,D511,48.87959,-0.400529
202000037215,9,12,2020,11,1,93,93007,2,2,8,5,HENRI BARBUSSE (AVENUE),48.9413691,2.4638593
202000037216,30,7,2020,18,1,68,68112,2,1,1,3,Route d'Issenheim,47.901973,7.232308
202000037217,7,12,2020,18,5,92,92078,2,9,1,3,GALLIENI (BD) (1 A 79 ET 22 A 102),48.926755,2.329147
202000037218,31,7,2020,16,1,81,81238,1,3,1,3,D612,43.483162,2.473576
202000037219,12,6,2020,9,1,92,92040,2,1,2,6,JEAN JACQUES ROUSSEAU,48.8218355,2.2537476
202000037220,8,12,2020,22,4,92,92025,2,1,1,6,CERISIERS (DES) (RUE   VILLA),48.9200077,2.255487
202000037221,30,7,2020,17,1,85,85159,2,2,7,1,Rue Victor Hugo,46.47109,-1.02483
202000037222,9,12,2020,13,1,92,92004,2,2,1,3,ALBERT 1ER,48.9145623,2.2831614
202000037223,31,7,2020,17,1,974,97412,1,1,1,6,168 Rue Jean de Cambiaire,-21.354672,55.605868
202000037224,22,10,2020,18,1,51,51224,1,2,1,3,N4/D58E2,48.6962246,4.6936381
202000037225,5,12,2020,15,1,972,97216,1,1,1,2,RN1,14.827659,-61.033688
202000037226,31,7,2020,16,1,71,71167,2,1,1,1,3 Route de Verjux,46.835947,4.992101
202000037227,8,12,2020,13,1,27,27507,2,1,1,6,40 Rue de Mousseaux,48.906891,1.283624
202000037228,9,12,2020,10,1,23,23101,1,1,2,7,Le breuil RD16,46.268011,1.931249
202000037229,31,7,2020,18,1,63,63427,1,1,4,7,A89,45.962755,3.02536
202000037230,10,12,2020,7,2,2B,2B150,1,1,2,6,route territoriale 30,42.589489,8.835926
202000037231,31,7,2020,11,1,62,62384,1,1,1,4,9 Rue Nationale,50.151852,3.089111
202000037232,9,12,2020,12,1,32,32090,1,1,2,6,D39,43.55976,1.006365
202000037233,30,7,2020,13,1,83,83031,1,1,1,3,Chemin des Ribbas,43.405835,6.353558
202000037234,8,12,2020,22,3,11,11262,1,1,1,6,D6009,43.22194,3.042569
202000037235,31,7,2020,10,1,56,56070,1,3,1,3,Le Bas de la Lande,47.952171,-2.566423
202000037236,8,12,2020,12,1,63,63023,1,1,4,1,D996,45.60347,3.509746
202000037237,30,7,2020,16,1,78,78565,2,4,1,6,Chemin de Saint-Prix,48.881644,1.733372
202000037238,10,12,2020,13,1,63,63273,2,2,2,3,rue de bellerive,45.72827,3.227143
202000037239,31,7,2020,10,1,80,80758,1,2,1,3,D14,49.726255,2.416992
202000037240,31,7,2020,0,3,80,80571,1,1,1,6,D920,49.763443,2.437119
202000037241,28,11,2020,11,1,22,22152,2,9,7,6,Z.a. de Kerfolic,48.777255,-3.245977
202000037242,30,7,2020,21,3,80,80779,1,2,1,1,Rue de Caours,50.11557,1.888994
202000037243,9,12,2020,19,3,31,31383,1,1,1,6,RD15,43.780036,1.527119
202000037244,30,7,2020,18,1,80,80062,1,1,7,2,Route départementale 1015,49.840252,1.762533
202000037245,29,7,2020,18,1,80,80649,2,1,1,1,5 Avenue Henri Renard,50.320529,1.560048
202000037246,31,7,2020,19,1,32,32147,1,1,1,6,Gimont,43.619001,0.868195
202000037247,5,12,2020,17,2,83,83032,2,1,1,6,Chemin de Tasso,43.474582,6.168055
202000037248,10,12,2020,16,1,60,60560,1,2,1,3,D1324,49.223308,2.739544
202000037249,30,7,2020,18,1,11,11272,2,4,1,3,Rue la Captorta,43.1733382,2.388644
202000037250,7,12,2020,7,3,43,43152,1,1,4,3,D136,45.06123,3.863111
202000037251,10,12,2020,6,3,07,07089,1,1,5,6,Route départementale 820,45.3097665,4.7525015
202000037252,31,7,2020,9,1,71,71442,2,3,7,6,Rue du Lieutenant Chauveau,46.8460089,4.6349014
202000037253,1,12,2020,7,3,24,24584,1,1,2,7,Le Montarut,44.948494,0.068375
202000037254,30,7,2020,15,1,63,63006,1,1,1,7,D23,45.3512061,3.0535252
202000037255,9,12,2020,23,5,971,97121,1,1,1,6,Lieu Dit Baillargent,16.257568,-61.804318
202000037256,31,7,2020,7,1,61,61290,1,1,1,6,Haut Palais,48.676397,-0.250411
202000037257,9,12,2020,19,5,77,77128,2,1,5,7,Route de Crecy,48.877386,2.868231
202000037258,26,7,2020,15,1,55,55467,1,1,1,6,D11 PK 1+980,48.810453,5.488486
202000037259,8,12,2020,13,1,2B,2B042,2,1,1,6,route de la gare,42.56288,9.445217
202000037260,20,7,2020,17,1,46,46115,1,1,1,7,D673 PK 13,44.85847,1.922221
202000037261,10,12,2020,18,3,66,66164,1,1,2,1,D12 proximité intresection VINGRAU,42.792818,2.88228
202000037262,30,7,2020,15,1,47,47065,1,1,1,1,Le Bosc,44.372683,0.42878
202000037263,10,12,2020,1,3,84,84074,1,1,1,6,D32,43.75302,5.180907
202000037264,25,7,2020,22,3,34,34332,1,1,1,7,Chemin Saint Louis,43.303195,3.432906
202000037265,9,12,2020,8,1,13,13105,1,1,1,1,D23,43.715449,5.120482
202000037266,31,7,2020,11,1,22,22041,1,1,1,7,Pen An Guer,48.664749,-3.24528
202000037267,10,12,2020,11,1,09,09044,1,1,2,1,route départementale 11 PK 3+500,43.017788,1.528966
202000037268,31,7,2020,14,1,39,39368,2,3,1,6,Morez - 12 Avenue Charles de Gaulle,46.523988,6.022342
202000037269,10,12,2020,16,1,44,44025,1,3,1,-1,Rue de l'Indève,47.4193,-1.975597
202000037270,30,7,2020,20,1,35,35194,1,1,7,6,33 Route de la Robiquette,48.136608,-1.263848
202000037271,10,12,2020,5,3,60,60700,1,1,1,6,D1001,49.396312,2.139544
202000037272,30,7,2020,23,3,29,29101,2,1,1,6,16 Route des Anges,48.598081,-4.564388
202000037273,9,12,2020,18,3,59,59482,1,1,1,6,Hameau du Chien,50.711666,3.0261705
202000037274,31,7,2020,17,1,38,38182,1,1,7,3,D1085,45.36628,5.41754
202000037275,4,12,2020,8,1,13,13211,1,1,2,4,A50-Sens Aubagne vers Marseille,43.29094,5.45008
202000037276,30,7,2020,20,2,03,03126,1,1,1,6,Route de Brugheas,46.080153,3.4364651
202000037277,9,12,2020,17,5,33,33550,1,1,1,2,ROCADE A 630,44.78678,-0.54153
202000037278,31,7,2020,17,1,58,58215,1,1,1,3,D38,47.271295,3.000426
202000037279,8,12,2020,8,3,59,59574,1,1,2,6,AUTOROUTE A 21,50.357228,3.262421
202000037280,31,7,2020,3,3,60,60591,2,6,1,6,Chemin de la Fontaine Qui Bout,49.422169,1.978472
202000037281,3,12,2020,8,3,59,59205,1,1,1,6,AUTOROUTE A 21,50.327508,3.336439
202000037282,31,7,2020,14,1,73,73010,1,1,1,3,D1201 - 2080 Rue du Revard,45.768084,5.938255
202000037283,9,12,2020,7,2,91,91689,1,1,1,2,AUTOROUTE A6,48.7346,2.31644
202000037284,31,7,2020,9,1,07,07185,1,1,1,3,D115 pk 9,45.137856,4.6452
202000037285,9,12,2020,12,1,92,92047,1,1,1,6,A13,48.8336666,2.1639026
202000037286,31,7,2020,19,1,53,53174,1,3,1,2,lieu-dit la couture,48.322131,-0.646954
202000037287,29,7,2020,18,1,53,53097,2,1,1,3,38 Rue Sainte Suzanne,48.151465,-0.396445
202000037288,9,12,2020,7,2,78,78423,1,1,5,6,N12W,48.796831,2.021992
202000037289,9,12,2020,10,1,95,95582,1,1,2,6,RD 170,48.9633,2.26612
202000037290,9,12,2020,7,3,93,93010,1,1,1,2,AUTOROUTE A3,48.90105,2.4701
202000037291,8,12,2020,19,4,93,93053,1,1,1,2,AUTOROUTE A3,48.87947,2.45013
202000037292,30,7,2020,19,1,40,40313,1,1,1,6,Route de Mugron,43.819077,-0.801637
202000037293,8,12,2020,18,5,95,95018,1,1,1,2, A15,48.95239,2.27976
202000037294,30,7,2020,20,1,24,24188,1,1,1,6,La Tridarie,45.110649,1.000078
202000037295,8,12,2020,15,1,93,93066,1,1,1,7,AUTOROUTE A1,48.91033,2.35797
202000037296,31,7,2020,3,3,27,27333,2,2,1,6,D3,49.334208,1.660486
202000037297,8,12,2020,13,1,93,93006,1,1,1,3,AUTOROUTE A3,48.86692,2.42532
202000037298,29,7,2020,14,1,87,87051,1,1,7,1,D43,45.583669,1.591521
202000037299,30,7,2020,18,1,37,37001,1,1,1,2,RD 750 ABILLY,46.9145873,0.7205909
202000037300,31,7,2020,8,1,30,30003,1,1,1,6,D62,43.566042,4.164677
202000037301,7,12,2020,20,5,93,93066,1,1,1,2,AUTOROUTE A1,48.91936,2.35754
202000037302,28,7,2020,16,1,30,30148,1,1,1,1,D999,43.887578,4.015589
202000037303,7,12,2020,9,1,93,93007,1,1,1,2,AUTOROUTE A3,48.9359,2.48052
202000037304,30,9,2020,21,3,19,19148,1,1,1,6,Départementale 982,45.289773,2.289104
202000037305,18,9,2020,11,1,02,02691,2,1,1,6,FONTAINE-COUPE (RUE),49.84859,3.29754
202000037306,31,7,2020,1,3,30,30055,1,1,1,6,D6,44.124487,4.236013
202000037307,8,12,2020,21,5,988,98818,2,2,1,3,AVENUE DU MARECHAL FOCH/AVENUE VICTOIRE HENRI LAFLEUR,-22.27433,166.44281
202000037308,31,7,2020,10,1,31,31341,1,1,1,1,1543 Route de Toulouse,43.734817,1.316611
202000037309,30,7,2020,21,2,58,58296,1,1,1,1,N7,46.694115,3.211967
202000037310,8,12,2020,17,1,973,97302,2,3,1,3,MADELEINE (ROUTE DE LA),4.9128757,-52.3208763
202000037311,30,7,2020,8,1,78,78009,1,1,1,6,A10,48.482708,1.912479
202000037312,30,7,2020,13,1,11,11202,2,1,1,7,Avenue de Septimanie,42.859742,3.041164
202000037313,30,7,2020,14,1,988,98811,1,3,1,2,RT1/ROUTE DE LA NEA,-21.056348,164.84598
202000037314,24,9,2020,19,3,12,12025,1,1,2,7,D32,43.836446,2.744823
202000037315,26,9,2020,22,3,46,46324,1,1,2,6,Route départementale D12,44.584228,1.392222
202000037316,31,7,2020,16,1,976,97608,2,1,1,1,Boulevard des Amoureux,-12.789108,45.279847
202000037317,30,7,2020,19,3,976,97607,1,1,1,6,N3,-12.868597,45.201579
202000037318,21,1,2020,21,5,973,97302,2,2,1,3,MIRZA (CITE),4.9358644,-52.324689
202000037319,8,12,2020,12,1,973,97302,2,1,1,2,MONTABO (ROUTE DE) 2,4.9380236,-52.2991276
202000037320,31,7,2020,1,3,971,97116,1,3,1,3,N5,16.32136,-61.42073
202000037321,26,7,2020,7,1,28,28371,1,1,7,2,D 116,48.845189,1.394792
202000037322,8,12,2020,19,5,69,69386,2,2,2,3,MICHEL RAMBAUD                      (R ),45.76903,4.8605
202000037323,31,7,2020,9,1,45,45122,1,1,1,1,lieu dit Le Ponta,47.7527,2.537045
202000037324,25,9,2020,11,1,41,41214,2,3,8,3,D19,47.925754,1.207187
202000037325,8,12,2020,13,1,69,69383,2,1,2,6,ESPERANCE (DE L')                   (R ),45.7575452,4.8747531