Num_Acc,jour,mois,an,hr,condition_eclairage,departement,commune,condition_agglomeration,intersection,condition_atmosphere,type_collision,adresse,lattitude,longitude
202000037326,7,12,2020,11,1,69,69386,2,2,1,6,VIABERT (DE LA)                     (R ),45.7663,4.86187
202000037327,8,12,2020,15,1,972,97209,1,1,1,4,AUTOROUTE (A1),14.61593,-61.04394
202000037328,8,12,2020,7,1,972,97209,2,1,1,1,MFME (RTE DE LA),14.63393,-61.03566
202000037329,27,9,2020,15,1,35,35169,1,1,1,3,L'Emeheuc,47.964232,-2.016061
202000037330,31,7,2020,0,3,66,66037,1,1,1,1,D81,42.665902,3.032999
202000037331,27,9,2020,17,1,29,29146,2,1,1,7,Lieu-dit Méros (Chemin),47.9060992,-3.8853192
202000037332,7,12,2020,7,1,971,97101,2,1,1,6,MARECHAL LECLERC,16.2569669,-61.5297782
202000037333,30,7,2020,22,3,84,84003,1,9,1,1,D900 -- Lieu dit Pont Julien,43.879183,5.384964
202000037334,7,12,2020,5,2,971,97120,2,3,1,6,Amitié des peuples,16.24414,-61.54127
202000037335,30,7,2020,15,1,71,71223,1,1,1,1,D3,46.9777405,4.169938
202000037336,7,12,2020,17,1,91,91103,2,3,1,6,RUE DU MESNIL,48.61222,2.29798
202000037337,31,7,2020,10,1,71,71169,1,2,1,3,Route du Moulin Satin,46.3120193,4.7566703
202000037338,27,9,2020,19,3,70,70563,1,1,1,7,D9,47.579034,6.247176
202000037339,30,7,2020,17,1,67,67338,2,1,1,1,Rue de Colmar,48.359256,7.689336
202000037340,26,9,2020,14,1,06,06150,1,1,1,7,1310 Route de Beausoleil,43.749006,7.414538
202000037341,28,9,2020,8,1,14,14092,2,1,1,6,Rue Val Es Dunes,49.121828,-0.29861
202000037342,24,9,2020,7,2,14,14456,2,1,1,6,Rue Pierre Cingal,49.112952,-0.164457
202000037343,31,7,2020,16,1,42,42168,1,1,1,7,D63,45.41289,4.623624
202000037344,28,9,2020,10,1,50,50484,2,1,7,6,Rue du Bassin,48.578112,-1.091836
202000037345,30,7,2020,22,3,69,69136,1,1,1,6,Route Departementale 42,45.651818,4.748883
202000037346,4,12,2020,12,1,91,91471,2,9,7,3,MONTHLERY (ROUTE DE),48.69754,2.189399
202000037347,30,7,2020,17,1,09,09241,1,1,1,6,cd 23 BANAT,42.851491,1.557784
202000037348,8,12,2020,16,2,91,91421,2,1,1,6,MAINVILLE (RUE DE),48.69731,2.45289
202000037349,8,12,2020,10,1,91,91215,2,1,1,6,AV DU HUIT MAI 1945,48.69802,2.52165
202000037350,8,12,2020,17,5,91,91027,2,1,1,6,AV MARCEL SEMBAT,48.707522,2.377807
202000037351,8,12,2020,16,1,91,91286,2,1,1,6,MURIERS (RUE DES),48.65594,2.3824
202000037352,24,7,2020,16,1,47,47157,1,1,1,1,D813,44.51664,0.124798
202000037353,28,9,2020,16,1,60,60233,2,3,1,3,50 Rue de la Maladrerie,49.642911,1.853988
202000037354,6,2,2020,7,2,72,72154,2,1,1,6,Boulevard de la République,47.698938,-0.069528
202000037355,5,12,2020,19,3,80,80021,2,2,2,3,PAUL SAUTAI (RUE),49.88575,2.30248
202000037356,31,7,2020,18,1,56,56023,1,1,1,6,Kerstran,47.6906,-3.03335
202000037357,5,12,2020,18,5,80,80021,2,1,2,6,FLATTERS (RUE),49.89502,2.29924
202000037358,30,7,2020,18,1,22,22076,1,1,1,3,D17,48.552823,-2.3654506
202000037359,5,12,2020,15,1,80,80021,2,1,2,3,EUROPE (AVENUE DE L'),49.92352,2.30521
202000037360,31,7,2020,9,1,60,60446,1,1,1,7,départementale 922,49.1401601,2.7891829
202000037361,28,9,2020,16,1,64,64060,1,1,1,4,D2,43.329362,-0.479343
202000037362,31,7,2020,18,1,60,60551,1,1,1,7,RD110,49.288386,2.382644
202000037363,24,9,2020,14,1,18,18141,2,1,1,1,Rue Maurice Gorse,47.152355,2.200077
202000037364,27,9,2020,6,3,18,18041,1,1,3,6,Les Perouses,46.631584,2.54488
202000037365,31,7,2020,7,1,60,60089,1,2,1,3,D153,49.222643,1.885099
202000037366,28,9,2020,7,2,18,18075,1,6,2,7,D12 - rond point de givry,47.013488,3.06657
202000037367,26,9,2020,17,1,36,36192,2,6,1,3,26 Avenue Charles de Gaulle,46.6333995,1.4276193
202000037368,27,9,2020,15,1,40,40312,2,1,1,3,Boulevard de la Yayi,43.546774,-1.46082
202000037369,30,7,2020,17,1,13,13216,1,1,1,7,A55-Sens Marseille vers Martigues,43.359031,5.344185
202000037370,4,12,2020,23,3,80,80164,2,1,1,7,RD929,49.9222862,2.3736048
202000037371,27,9,2020,21,3,27,27428,1,1,2,6,D840,49.14585,0.913673
202000037372,30,7,2020,17,1,13,13055,1,1,1,4,A507 sens Marseille - Aubagne,43.2900005,5.4243506
202000037373,26,9,2020,14,1,17,17187,2,3,8,3,D148,45.440501,-0.51352
202000037374,4,12,2020,16,2,80,80261,2,1,1,2,RD 1001,49.861,2.27206
202000037375,26,9,2020,16,1,87,87028,1,1,1,7,C203 - Reculat,46.223315,0.938559
202000037376,10,9,2020,16,1,08,08178,1,1,1,1,D946,49.644492,4.172734
202000037377,8,12,2020,16,1,79,79191,2,3,1,3,64 Rue de Cholette,46.34173,-0.45735
202000037378,2,7,2020,13,1,24,24073,1,2,8,2,D29e2,44.869443,0.810156
202000037379,8,12,2020,15,1,79,79191,2,1,1,6,181 Avenue de Paris,46.3276,-0.44822
202000037380,29,7,2020,18,1,13,13026,1,1,1,4,A55-Sens Marseille vers Martigues,43.37299,5.1906
202000037381,16,8,2020,2,3,977,97701,2,1,1,7,rt210 entre le rond point de la tourmente et l'oeuf,17.906467,-62.847676
202000037382,28,7,2020,15,1,83,83144,1,1,1,5,A57,43.13349,5.98476
202000037383,7,12,2020,17,2,77,77285,2,1,1,6,LIBERATION (AVENUE DE LA),48.54767,2.63966
202000037384,27,9,2020,17,2,77,77031,1,1,2,6,N4,48.684338,2.938532
202000037385,15,10,2020,19,5,95,95210,2,1,2,3,DE GAULLE (RUE DU GENERAL),48.9718,2.3085
202000037386,2,7,2020,22,5,33,33080,2,3,1,6,Avenue du General de Gaulle,44.752033,-0.533797
202000037387,2,7,2020,22,3,49,49162,2,1,1,7,lieu dit le moulin moine,47.201453,-0.968546
202000037388,23,10,2020,13,1,91,91216,2,1,1,6,PETIT VAUX  (GARE),48.67584,2.33391
202000037389,3,7,2020,12,1,60,60009,2,1,1,6,rue de la mairie,49.404544,2.111596
202000037390,3,7,2020,8,1,02,02701,2,1,1,6,155 Route Nationale,48.975196,3.305914
202000037391,8,12,2020,0,5,77,77018,1,1,8,6,AV PAUL SERAMY,48.850099,2.806267
202000037392,28,7,2020,12,1,83,83123,1,1,1,5,A50,43.12931,5.81683
202000037393,26,9,2020,17,1,78,78590,1,1,2,3,"Départementale 202, route des ESSARTS",48.693368,1.962519
202000037394,27,10,2020,10,1,91,91421,2,1,1,6,REPUBLIQUE (AVENUE DE LA),48.70381,2.46118
202000037395,2,7,2020,17,1,62,62589,1,2,1,1,Chaussée Brunehaut,50.3451463,2.6943074
202000037396,26,10,2020,12,1,91,91027,2,2,1,3,RTE NATIONALE 7,48.71609,2.37124
202000037397,24,10,2020,18,1,86,86158,1,1,1,-1,N147,46.632043,0.292377
202000037398,27,10,2020,8,1,83,83144,2,9,7,6,TREMOLIERE (AVE),43.13649,5.98131
202000037399,2,7,2020,6,2,59,59010,1,1,1,6,D630,50.159065,3.1234
202000037400,14,10,2020,12,1,83,83129,2,1,1,3,SEVERIN SAURIN (RUE),43.09246,5.83881
202000037401,30,6,2020,16,1,59,59285,2,1,1,6,2 Rue de la Fontaine,50.257289,3.414404
202000037402,7,12,2020,18,5,77,77320,2,1,1,5,MARECHAL LECLERC (AVENUE DU),48.82122,3.04684
202000037403,26,9,2020,18,1,78,78601,1,1,1,7,Nationale 10,48.579844,1.831584
202000037404,29,7,2020,17,1,69,69027,1,1,1,3,A450   5.100 A 7.285,45.66958,4.76622
202000037405,2,7,2020,15,1,13,13106,1,1,1,2,A7-Sens Marseille vers Lyon,43.395376,5.35062
202000037406,25,7,2020,8,1,69,69287,1,1,1,2,A43   9.894 A 13.029,45.68418,5.00587
202000037407,1,7,2020,17,1,13,13001,1,1,1,2,A51-Sens Aix en Provence vers Marseille,43.507839,5.412225
202000037408,28,9,2020,15,1,26,26002,1,1,2,5,Autoroute du Soleil,45.243289,4.839306
202000037409,30,7,2020,8,1,33,33249,1,1,1,3,ROUTE NATIONALE 230,44.88037,-0.5106
202000037410,1,7,2020,23,5,69,69259,2,1,1,3,RD383,45.7207925,4.8828363
202000037411,26,10,2020,8,1,80,80021,2,1,1,3,ALPHONSE FIQUET (PLACE),49.89075,2.30655
202000037412,27,9,2020,15,1,88,88083,1,8,2,6,D164,48.309402,5.723684
202000037413,5,12,2020,16,1,76,76540,2,2,1,3,BELGES. BOULEVARD DES,49.44271,1.08459
202000037414,30,7,2020,15,1,91,91161,1,1,1,3,AUTOROUTE A6,48.7108,2.3074
202000037415,25,10,2020,2,5,80,80021,2,1,1,3,ALBERT 1ER (MAIL),49.88888,2.29899
202000037416,7,12,2020,8,2,76,76540,2,2,1,6,ELBEUF. RUE D',49.42576,1.08263
202000037417,24,10,2020,14,1,80,80021,2,1,2,3,ROCADE NORD RN 1,49.92698,2.30502
202000037418,28,9,2020,18,1,38,38537,1,1,3,1,D1006,45.628501,5.159041
202000037419,30,7,2020,20,1,78,78206,1,1,1,3,A13,48.95351,1.940009
202000037420,3,12,2020,14,1,73,73065,2,1,1,7,BOISSE (AVENUE DE LA),45.57492,5.91644
202000037421,27,10,2020,6,3,78,78007,1,1,1,2,CD 30 (CH.DEPARTEMENTAL),48.90195,2.00577
202000037422,1,7,2020,8,1,67,67447,1,1,1,6,Autoroute A.4,48.6028,7.73069
202000037423,28,9,2020,14,1,69,69010,2,1,3,1,98 rue gabriel péri,45.8289829,4.6094306
202000037424,2,7,2020,7,1,33,33366,1,1,1,7,AUTOROUTE A 10,44.98735,-0.42748
202000037425,29,7,2020,10,1,78,78322,1,1,1,5,RN12,48.787229,2.148529
202000037426,2,7,2020,20,1,91,91363,1,1,1,7,RN 104,48.6382,2.2026
202000037427,27,10,2020,11,1,77,77186,2,4,2,2,GRANDE (RUE),48.40789,2.70381
202000037428,2,8,2020,21,2,33,33051,2,2,1,3,44 avenue raymond pointcarré,44.65587,-0.98715
202000037429,27,9,2020,21,3,50,50445,1,3,1,2,D29,49.22994,-1.256025
202000037430,25,9,2020,15,1,14,14488,2,2,1,3,Rue de l'Yser,49.2743826,-0.2534217
202000037431,27,9,2020,20,3,22,22090,2,1,1,1,Rue du Lavoir,48.7719626,-3.3700015
202000037432,26,9,2020,22,5,13,13055,1,1,1,6,A507 sens Aubagne- Marseille,43.294069,5.424535
202000037433,26,9,2020,7,2,13,13005,1,1,1,2,A501-Sens Aubagne vers Pont de l'Etoile,43.297758,5.561143
202000037434,21,9,2020,16,1,13,13026,1,1,1,3,A55-Sens Martigues vers Marseille,43.37962,5.16336
202000037435,27,9,2020,16,1,33,33550,1,1,1,2,ROCADE A 630,44.78408,-0.59015
202000037436,27,9,2020,17,1,92,92002,1,1,8,6,RN 385 Extèrieure,48.7599773,2.2795987
202000037437,27,9,2020,10,1,91,91174,1,1,2,6,RN 104,48.62767,2.47429
202000037438,27,9,2020,13,1,91,91136,1,1,2,7,AUTOROUTE A10,48.71074,2.28785
202000037439,27,9,2020,4,3,91,91179,1,1,3,7,RN 337,48.5568,2.4947
202000037440,26,9,2020,20,3,91,91064,1,1,2,2,RN 118,48.7688,2.2298
202000037441,27,9,2020,5,3,78,78206,1,1,2,2,A13,48.947171,1.947313
202000037442,27,9,2020,18,1,93,93027,1,1,1,2,AUTOROUTE A86,48.92693,2.42001
202000037443,27,9,2020,17,1,93,93066,1,1,1,4,AUTOROUTE A1,48.91487,2.35795
202000037444,27,9,2020,14,1,92,92078,1,1,1,6,AUTOROUTE A86,48.93004,2.3257
202000037445,27,9,2020,14,1,95,95256,1,1,2,6,RN 184,49.04685,2.18436
202000037446,27,9,2020,13,1,95,95582,1,1,2,6, A115,48.97497,2.24169
202000037447,27,9,2020,10,1,95,95572,1,1,2,6,RN 184,49.033184,2.109462
202000037448,27,9,2020,10,1,93,93027,1,1,2,6,AUTOROUTE A86,48.9264869,2.402577
202000037449,29,7,2020,7,1,92,92036,1,1,1,3,RN315 W,48.9318406,2.302091
202000037450,4,12,2020,20,5,68,68224,2,3,2,1,BAN (RUE DU),47.7768392,7.3194217
202000037451,2,7,2020,19,1,94,94034,1,1,1,4,AUTOROUTE A86,48.76,2.321
202000037452,27,9,2020,10,1,92,92078,1,1,3,6,AUTOROUTE A86,48.92907,2.33005
202000037453,27,9,2020,5,3,95,95572,1,9,2,6,RN 184,49.034664,2.11393
202000037454,30,7,2020,21,1,92,92078,1,1,1,3,AUTOROUTE A86,48.93162,2.32238
202000037455,27,9,2020,3,3,92,92036,1,1,2,6,AUTOROUTE A86,48.93845,2.31331
202000037456,2,7,2020,9,1,92,92002,1,1,1,2,AUTOROUTE A86,48.763269,2.3059569
202000037457,26,10,2020,5,5,67,67482,2,3,2,3,HAGUENAU (PLACE DE),48.592108,7.74407
202000037458,1,7,2020,20,1,91,91570,1,1,1,7,RN 104,48.62508,2.33203
202000037459,8,12,2020,14,1,68,68224,2,1,1,3,ILLBERG (RUE DE L'),47.7403,7.32041
202000037460,7,12,2020,15,1,66,66136,2,9,1,2,ALBERT MARCELLIN,42.69185,2.88958
202000037461,6,12,2020,17,5,66,66136,2,1,1,6,CONFLENT (BOULEVARD DU),42.69637,2.88017
202000037462,6,12,2020,11,1,66,66136,2,1,1,3,CAMBRES AVENUE PIERRE,42.69069,2.90123
202000037463,2,7,2020,19,1,95,95582,1,1,1,4,AUTOROUTE A15,48.97603,2.23733
202000037464,26,9,2020,18,1,93,93008,1,1,1,1,AUTOROUTE A86,48.9089275,2.4490592
202000037465,2,7,2020,17,1,95,95018,1,1,1,2, A15,48.9620148,2.2672766
202000037466,26,9,2020,4,3,95,95488,1,1,1,4, A15,49.01295,2.14953
202000037467,2,7,2020,13,1,93,93066,1,1,1,4,AUTOROUTE A1,48.91937,2.35755
202000037468,26,9,2020,19,2,77,77373,1,1,8,7,RN104,48.761606,2.61591
202000037469,2,7,2020,8,1,95,95582,1,1,2,3,AUTOROUTE A15,48.9685214,2.2516783
202000037470,26,9,2020,13,1,94,94046,1,1,1,2,A86 EXT,48.80892,2.44922
202000037471,26,9,2020,13,1,974,97411,2,6,1,3,BRASSENS (AVENUE GEORGES),-20.90166,55.48027
202000037472,24,10,2020,16,1,67,67482,2,1,7,6,STUTZHEIM (RUE DE),48.5971374,7.7132139
202000037473,30,7,2020,18,1,95,95572,1,1,1,4,RN 184,49.03404,2.11167
202000037474,8,12,2020,15,1,64,64348,2,6,1,3,EUROPE DE L',43.3262,-0.38691
202000037475,1,7,2020,7,1,95,95491,1,1,1,2, A115,48.99808,2.2466
202000037476,25,9,2020,23,3,974,97407,2,1,1,1,Route Coeur Saignant,-20.95213,55.30545
202000037477,30,7,2020,18,1,93,93066,1,1,1,5,AUTOROUTE A86,48.92257,2.3519
202000037478,30,7,2020,16,1,93,93005,1,1,1,3,AUTOROUTE A3,48.96925,2.48154
202000037479,30,7,2020,14,1,92,92036,1,1,1,4,AUTOROUTE A86,48.93865,2.31058
202000037480,30,7,2020,8,1,93,93066,1,1,1,3,AUTOROUTE A1,48.9139,2.35774
202000037481,29,7,2020,17,1,93,93006,1,1,1,3,AUTOROUTE A3,48.86627,2.4156
202000037482,30,7,2020,19,1,77,77122,1,1,1,2,RN104,48.65643,2.61327
202000037483,30,7,2020,6,1,94,94015,1,1,1,7,A4,48.82945,2.52837
202000037484,30,11,2020,4,5,64,64132,2,1,1,6,ALBERT 1ER,43.28318,-0.3434
202000037485,24,10,2020,15,1,67,67118,2,1,1,3,ROMAINS (ROUTE DES),48.5823405,7.6922276
202000037486,29,7,2020,19,1,77,77363,1,1,1,-1,A104,48.9297101,2.6282238
202000037487,26,10,2020,14,1,67,67462,2,4,1,3,DIEWEG (AU),48.267209,7.44286
202000037488,29,7,2020,18,1,77,77363,1,1,1,2,A104,48.93028,2.62814
202000037489,26,10,2020,18,1,63,63113,2,1,1,3,CARNOT (AVENUE),45.77623,3.09711
202000037490,29,7,2020,8,1,77,77055,1,1,1,3,A104,48.9007728,2.6528461
202000037491,23,10,2020,14,1,63,63113,2,2,1,3,DE GAULLE (BD CHARLES),45.7715546,3.0832401
202000037492,1,7,2020,18,1,94,94028,1,9,8,4,RN406.Y,48.7833,2.4667
202000037493,26,9,2020,21,5,69,69383,2,1,1,1,CREQUI (DE)                         (R ),45.75364,4.84888
202000037494,2,12,2020,17,5,62,62200,2,1,8,6,CD 941,50.51123,2.73815
202000037495,29,7,2020,8,1,94,94018,1,1,1,3,A4,48.82486,2.39344
202000037496,4,12,2020,16,1,61,61001,2,2,1,3,REPUBLIQUE (BOULEVARD DE LA),48.427274,0.093089
202000037497,4,12,2020,15,1,61,61001,2,6,7,3,GENERAL DE GAULLE (PLACE DU),48.43432,0.0938
202000037498,23,9,2020,18,1,69,69389,2,2,1,3,PIERRE TERMIER                      (R ),45.80184,4.83856
202000037499,1,7,2020,18,1,94,94028,1,1,2,3,A86 EXT,48.78174,2.44108
202000037500,10,10,2020,1,5,59,59386,2,2,1,3,ABBAYE RUE DU PONT DE L,50.66586,3.06403
202000037501,23,10,2020,20,5,59,59527,2,3,1,3,CARNOT SADI RUE,50.6652,3.05968
202000037502,27,9,2020,0,5,2A,2A004,2,6,2,6,NICOLI JEAN COURS,41.9341257,8.7509635
202000037503,24,10,2020,19,5,54,54395,2,2,1,5,AUXONNE (RUE D'),48.700642,6.1685264
202000037504,7,12,2020,17,3,60,60057,2,1,1,4,rue de Pontoise,49.414719,2.088992
202000037505,17,2,2020,18,5,28,28134,2,3,2,6,RN 12 (ZONE COMMERCIALE),48.7463,1.35369
202000037506,26,10,2020,7,1,49,49099,1,1,2,7,TESSOUALLE (AVENUE DE LA),47.0337,-0.86436
202000037507,7,12,2020,17,5,59,59273,2,1,1,6,HUGO (RUE VICTOR),51.00472,2.11374
202000037508,29,7,2020,12,1,974,97411,1,1,1,1,MICHEL (CHEMIN JOSE),-20.89649,55.40397
202000037509,19,10,2020,17,1,49,49007,2,1,1,2,MADELEINE,47.46352,-0.54169
202000037510,17,10,2020,2,5,49,49007,2,1,1,6,ROI RENE BOULEVARD,47.46936,-0.56049
202000037511,29,7,2020,21,1,69,69386,2,2,1,3,GARIBALDI                           (R ),45.7693,4.8504
202000037512,27,10,2020,9,1,44,44184,2,1,2,2,COUBERTIN (AVENUE PIERRE DE),47.27476,-2.23001
202000037513,1,7,2020,16,1,94,94065,1,1,2,2,A86 INT,48.7534,2.3783
202000037514,29,7,2020,19,1,69,69386,2,1,1,6,DUQUESNE                            (R ),45.7724,4.84261
202000037515,7,12,2020,8,5,56,56121,2,6,2,2,FRANCE ( AVE ANATOLE ),47.74538,-3.36789
202000037516,16,1,2020,7,4,24,24102,1,1,1,3,ALISIERS( ALLEE),45.212414,0.646454
202000037517,29,7,2020,14,1,69,69259,2,2,1,-1,JEAN JAURES                         (AV),45.70354,4.87971
202000037518,27,10,2020,7,3,44,44184,2,1,3,2,PERTUIS (AVENUE DU),47.27958,-2.20101
202000037519,29,7,2020,8,1,69,69259,1,9,1,2,LAURENT BONNEVAY                    (BD),45.71971,4.88033
202000037520,2,7,2020,1,3,974,97416,1,1,2,6,ARCHAMBAUD (RUE),-21.32697,55.4836
202000037521,26,9,2020,7,5,91,91589,2,2,1,6,DUNANT (RUE HENRI),48.680759,2.342665
202000037522,29,11,2020,14,1,54,54483,2,1,1,1,FRANCE (RUE ANATOLE),48.63191,6.30538
202000037523,29,7,2020,8,1,69,69386,2,1,1,3,VITTON                              (CO),45.76976,4.85479
202000037524,27,10,2020,9,1,44,44114,2,3,1,3,AVENUE DE LA PRAUDIERE,47.2590811,-1.5810217
202000037525,27,10,2020,19,5,35,35051,2,9,2,3,TAILLIS (ROND-POINT DU),48.11155,-1.62082
202000037526,23,10,2020,10,1,34,34301,2,1,1,2,RD2 Route de Balaruc,43.413837,3.695928
202000037527,26,9,2020,15,1,91,91570,2,1,1,3,GAMBETTA (RUE + PTT),48.63378,2.30963
202000037528,29,7,2020,21,5,69,69389,2,2,1,3,ROSA PARKS                        (AV),45.78672,4.7883
202000037529,7,12,2020,19,5,49,49007,2,1,2,6,JEAN XXIII AVENUE,47.44767,-0.56256
202000037530,29,7,2020,18,1,69,69382,2,1,1,2,DENUZIERE                           (R ),45.7463,4.8209
202000037531,27,10,2020,13,1,33,33119,2,3,2,2,BD ENTRE DEUX MERS,44.84658,-0.53669
202000037532,26,10,2020,9,1,31,31555,1,1,2,6,VA007355 PURPAN A620 Sortie 29,43.60427,1.40382
202000037533,7,12,2020,8,2,44,44184,2,3,2,1,LEFERME (BOULEVARD PAUL),47.28403,-2.20146
202000037534,1,7,2020,15,1,974,97411,2,2,1,3,ROSTAND (RUE EDMOND),-20.88638,55.46981
202000037535,26,9,2020,2,3,91,91691,2,1,1,1,CD 94,48.70703,2.49688
202000037536,30,7,2020,0,5,2B,2B033,1,3,1,2,11 - RT,42.66,9.4434
202000037537,26,9,2020,15,1,91,91479,2,1,1,4,FONTAINEBLEAU (ROUTE DE),48.71616,2.37083
202000037538,29,7,2020,16,1,2B,2B033,2,1,1,3,SAMPIERO CORSO - AV,42.6737,9.4428
202000037539,25,9,2020,18,1,79,79191,2,2,1,3,Route d'Aiffres,46.31405,-0.44991
202000037540,8,12,2020,10,1,44,44109,2,1,1,3,ORRION ( BD HENRY ),47.23381,-1.56161
202000037541,21,10,2020,15,1,31,31557,2,1,1,6,DOUMERGUE (RUE GASTON),43.58737,1.35491
202000037542,27,10,2020,23,5,29,29232,2,1,1,7,29 Rue du Frugy,47.9880347,-4.1066001
202000037543,27,10,2020,14,1,29,29232,2,1,2,6,Rue Jean Jaures,47.9935612,-4.0972343
202000037544,26,10,2020,12,1,29,29232,2,6,2,6,Avenue de la France Libre,48.01017,-4.0959
202000037545,27,10,2020,11,1,29,29232,1,1,2,6,D34 - Boulevard Louis Le Guennec,47.98417,-4.11272
202000037546,15,10,2020,16,1,29,29019,2,1,1,6,Rue Jules Lesven,48.41058,-4.48611
202000037547,27,10,2020,9,1,27,27299,2,3,2,3,BRIAND (AVENUE ARISTIDE),49.04981,1.16426
202000037548,4,11,2020,18,5,44,44109,2,1,1,6,ALLEE BEAU RIVAGE,47.2042908,-1.5390741
202000037549,29,7,2020,11,1,91,91216,1,1,1,6,BALLAINVILLIERS (RUE),48.67154,2.30491
202000037550,5,12,2020,10,1,40,40192,2,1,3,6,VICTOR HUGO,43.89318,-0.49986
202000037551,27,10,2020,17,1,26,26198,2,6,1,3,Rue Charles Peguy,44.54164,4.74985
202000037552,26,7,2020,9,1,91,91471,2,2,1,3,FERME (RUE DE LA),48.68479,2.18361
202000037553,8,12,2020,12,1,37,37208,2,1,1,6,GRANDMONT (RUE DE),47.3650813,0.7167619
202000037554,29,7,2020,9,1,91,91434,2,3,1,6,COMPIEGNE (VOIE DE),48.652462,2.356412
202000037555,27,10,2020,23,5,25,25056,2,2,1,6,CRAS RUE DES,47.26083,6.04206
202000037556,30,6,2020,12,1,974,97411,1,4,1,3,Rue du Général de Gaulle,-20.88548,55.45786
202000037557,26,9,2020,19,5,77,77337,2,6,1,3,PIERRE CARLE (BOULEVARD) - D10P,48.85184,2.62111
202000037558,7,12,2020,14,1,37,37233,2,3,1,3,GRAND COUR (RUE DE LA),47.3897844,0.7152674
202000037559,26,9,2020,23,5,77,77305,2,1,2,1,COLLINE SAINT MARTIN (AVENUE DE LA),48.39737,2.96645
202000037560,25,9,2020,9,1,76,76540,1,1,2,4,GRAND COURS. AVENUE DU,49.42743,1.10359
202000037561,3,12,2020,18,5,37,37122,2,6,1,7,DOUZILLIERE (RUE DE LA),47.3390653,0.6531266
202000037562,29,7,2020,14,1,91,91174,2,9,1,2,PARIS (RUE),48.6047,2.46744
202000037563,26,10,2020,12,1,15,15014,2,1,1,3,avenue des volontaires,44.9152,2.44036
202000037564,4,12,2020,17,5,37,37261,2,4,1,7,CLOCHEVILLE (RUE DE),47.3920178,0.6863895
202000037565,29,7,2020,12,1,91,91174,2,1,1,6,JEAN COCTEAU (RUE),48.60805,2.448986
202000037566,27,10,2020,22,1,14,14118,1,1,2,3,BAYEUX (RUE DU143 IMPAIR . 160 PAIR,49.18325,-0.38571
202000037567,27,10,2020,16,2,13,13215,2,1,7,3,LE CHATELIER,43.34709,5.36843
202000037568,29,7,2020,16,1,91,91114,2,1,1,2,VERDUN,48.70872,2.51056
202000037569,4,12,2020,12,1,37,37208,2,1,1,3,GRANGES (RUE DES),47.3683837,0.7195479
202000037570,25,9,2020,7,1,74,74012,2,3,2,3,PASTEUR (AVENUE),46.19295,6.23743
202000037571,1,7,2020,8,1,69,69387,2,1,1,3,TONY GARNIER                        (AV),45.73098,4.82415
202000037572,27,10,2020,13,1,13,13212,2,1,1,2,BOISERAIE (RUE),43.2976643,5.4217261
202000037573,29,7,2020,10,1,87,87085,2,1,1,6,BEAUBREUIL (AVENUE DE),45.88092,1.29474
202000037574,25,9,2020,17,1,72,72181,2,1,1,2,LAIGNE RUE DE N° PAIRS 206 A 258,47.9739,0.2109
202000037575,11,7,2020,0,5,86,86066,2,7,1,3,Rue Gaudeau Lerpinière,46.817779,0.542566
202000037576,29,6,2020,16,1,972,97209,2,1,1,2,RAVINE VILAINE (CHEMIN DEPARTEMENTAL DE),14.62795,-61.06008
202000037577,27,10,2020,8,1,13,13210,2,1,1,3,FLORIAN ( ROND POINT),43.285,5.425
202000037578,25,9,2020,6,5,72,72181,2,3,1,3,SEMARD PIERRE (RUE),47.9959,0.20777
202000037579,29,7,2020,16,1,83,83069,2,1,1,6,FRANKLIN (RUE),43.121884,6.129008
202000037580,30,6,2020,14,1,69,69381,2,1,1,6,IMBERT COLOMES                      (R ),45.7714804,4.8338021
202000037581,1,12,2020,7,5,35,35241,1,6,1,3,LIBERATION (BOULEVARD DE LA),48.61536,-2.05757
202000037582,21,6,2020,20,5,971,97101,2,1,1,6,ACHILLE RENE BOISNEUF (RUE),16.27292,-61.50506
202000037583,8,12,2020,17,5,35,35238,2,1,1,3,ROOSEVELT (BD FRANKLIN),48.09725,-1.65771
202000037584,8,12,2020,11,1,35,35238,2,1,1,6,SAINT-HELIER,48.10337,-1.6626
202000037585,30,6,2020,13,1,971,97120,1,1,1,5,Secteur Pont de la Gabarre,16.25314,-61.5462
202000037586,8,12,2020,8,1,35,35051,2,1,2,1,PARES (RUE DES VAUX),48.1126619,-1.6269985
202000037587,1,7,2020,16,1,2A,2A004,2,1,1,2,ILES SANGUINAIRES ROUTE DES,41.9090703,8.7190614
202000037588,30,11,2020,11,1,34,34172,2,1,1,3,MONTASINOS (RUE DE,43.6298,3.8795
202000037589,28,7,2020,21,1,78,78361,2,7,1,7,BOULEVARD SULLY 1,48.99683,1.67645
202000037590,27,9,2020,1,3,71,71189,1,1,3,7,RD 978 B,46.7614985,4.8781031
202000037591,26,10,2020,13,1,13,13213,2,9,1,3,JEAN PAUL SARTRE (AVENUE),43.31414,5.40615
202000037592,4,11,2020,16,1,34,34172,2,1,1,3,SAINT VINCENT DE PAUL (RUE),43.621405,3.87524
202000037593,27,10,2020,16,1,13,13047,1,1,1,1,D.16,43.52488,5.00834
202000037594,27,10,2020,11,1,13,13005,2,9,1,6,RN 8,43.28567,5.5547
202000037595,27,10,2020,21,5,13,13001,2,1,1,2,BELGES (AV DES),43.5252,5.44438