Num_Acc,jour,mois,an,hr,condition_eclairage,departement,commune,condition_agglomeration,intersection,condition_atmosphere,type_collision,adresse,lattitude,longitude
202000037596,26,10,2020,13,1,13,13001,2,1,1,5,RD 543,43.492082,5.350626
202000037597,26,10,2020,10,1,13,13001,2,9,8,3,BOIS DE L'AUNE (ROTONDE DU),43.52448,5.4156
202000037598,24,10,2020,14,1,12,12202,2,1,1,7,VIEUX CHENES (RUE DES),44.35916,2.58574
202000037599,27,10,2020,9,1,07,07316,1,1,1,-1,LONES (PONT DES),44.9199,4.8624
202000037600,27,10,2020,19,5,06,06088,2,3,1,3,ITALIE (R. D'),43.70259,7.262531
202000037601,27,10,2020,14,1,06,06069,1,1,1,7,PLAN (ROUTE DU) -D304-,43.65085,6.94858
202000037602,27,10,2020,11,1,06,06069,2,1,1,3,DRAGUIGNAN (ROUTE DE) - D2562-,43.644249,6.899
202000037603,23,10,2020,11,1,06,06123,1,1,2,3,PUGETS MOYENNE CORNICHE DES,43.699715,7.175927
202000037604,26,9,2020,0,5,69,69266,2,6,2,2,CHARLES DE GAULLE   (Rond-point),45.78482,4.86421
202000037605,1,7,2020,15,1,91,91377,2,4,2,2,BOEUFS (CHEMIN DES),48.7247,2.2553
202000037606,26,10,2020,12,1,05,05061,2,3,8,3,PROVENCE (ALLEE DE),44.54624,6.06387
202000037607,27,10,2020,12,1,75,75119,2,3,2,7,BOULEVARD MACDONALD,48.897004,2.392416
202000037608,8,12,2020,16,1,33,33318,2,6,1,3,AVE DES PROVINCES,44.7947,-0.68225
202000037609,28,7,2020,14,1,76,76540,2,2,1,3,NEUFCHATEL. ROUTE DE (RN 28),49.45055,1.09869
202000037610,30,6,2020,8,1,87,87085,2,1,1,2,BLANC LOUIS (BOULEVARD),45.82834,1.26156
202000037611,25,9,2020,12,1,64,64102,2,1,3,2,HENRI DE NAVARRE (AVENUE),43.50742,-1.44493
202000037612,27,9,2020,23,5,59,59328,2,3,2,3,BOIS RUE DU,50.64521,3.03799
202000037613,29,7,2020,18,1,74,74119,2,3,1,3,BISSINGES (ROUTE DE) A PARTIR DES BOCQUI,46.3977,6.574
202000037614,26,9,2020,16,1,54,54375,1,1,2,7,RD 958  ,48.89931,5.99331
202000037615,27,10,2020,20,5,75,75118,2,7,2,6,RUE MARX DORMOY,48.890231,2.359921
202000037616,9,7,2020,19,1,65,65417,2,1,1,1,PASTEUR (RUE),43.2297,0.0928
202000037617,26,9,2020,15,1,54,54184,2,1,1,2,AGINCOURT  (ANCIENNE ROUTE D'),48.71165,6.23911
202000037618,8,12,2020,14,1,33,33063,2,3,1,3,BD ALBERT 1ER (2-198) PAIRS,44.81434,-0.57059
202000037619,1,7,2020,19,1,83,83137,2,1,7,3,FOCH (AVE DU MARECHAL),43.127044,5.921187
202000037620,27,10,2020,14,1,75,75118,2,3,2,3,BOULEVARD BARBES,48.887171,2.349574
202000037621,26,9,2020,14,1,45,45208,2,2,1,3,Avenue de Lattre de Tassigny,48.00136,2.72435
202000037622,29,7,2020,17,1,64,64483,2,1,1,2,HABAS MATHIEU OU PERE (AVENUE DE),43.38906,-1.64982
202000037623,26,9,2020,17,1,35,35051,2,2,1,3,BUTTES DE COESMES (AVENUE DES),48.12715,-1.62884
202000037624,1,7,2020,12,1,83,83137,2,1,1,6,CHARCOT (QUAI JEAN),43.12767,5.8996
202000037625,8,12,2020,8,1,33,33281,2,2,1,3,AVE MONTESQUIEU,44.84639,-0.63509
202000037626,27,9,2020,2,5,33,33063,2,1,1,2,RUE DE LA BENAUGE,44.8403,-0.55579
202000037627,27,10,2020,8,1,75,75118,2,3,1,3,RUE ORDENER,48.893823,2.335075
202000037628,23,9,2020,8,1,29,29019,2,6,1,3,Avenue Victor le Gorgeu,48.4007433,-4.4997479
202000037629,30,11,2020,1,5,31,31555,2,1,1,3,CURIE (BD PIERRE) DU 1AU 145,43.62617,1.43711
202000037630,27,10,2020,9,1,75,75117,2,4,1,6,AVENUE DE CLICHY,48.891253,2.319089
202000037631,29,7,2020,21,1,64,64102,1,1,1,6,JOUANDIN (AVENUE),43.50192,-1.45388
202000037632,30,6,2020,19,1,83,83129,2,1,1,2,ROUVEAU (RUE DU),43.116276,5.81008
202000037633,7,12,2020,22,5,30,30189,2,1,1,3,KENNEDY (AVENUE),43.82622,4.33237
202000037634,3,12,2020,17,5,27,27681,2,2,1,6,CHICO MENDES (RUE),49.08108,1.49572
202000037635,30,6,2020,12,1,79,79081,2,6,1,2,Rue André Bellot,46.34565,-0.39949
202000037636,29,7,2020,15,1,64,64024,2,3,1,1,MONTBRUN (AVENUE DE),43.50329,-1.50969
202000037637,26,9,2020,18,1,14,14118,2,1,8,6,ORATOIRE (RUE DE L'),49.18083,-0.36053
202000037638,8,12,2020,7,2,26,26281,2,1,2,6,DORMOY MARX (BOULEVARD),45.04763,5.05484
202000037639,7,12,2020,7,2,19,19031,2,3,1,3,PASTEUR (AVENUE),45.16767,1.53149
202000037640,8,12,2020,10,1,17,17306,2,1,1,3,PAPIN DENIS,45.63254,-0.99203
202000037641,8,12,2020,19,5,17,17028,2,2,1,3,MAILLES   RUE DES COTTES,46.141519,-1.12147
202000037642,8,12,2020,18,5,14,14118,2,1,8,3,BRETAGNE (RUE DE ),49.18234,-0.37896
202000037643,1,7,2020,19,1,78,78586,2,1,1,3,BARBUSSE (HENRI),48.9377,2.19641
202000037644,8,12,2020,21,5,13,13213,2,6,1,3,BACHAGA BOUALAM (ROND POINT),43.33916,5.42041
202000037645,8,12,2020,20,5,13,13209,2,1,1,7,MARÉCHAL DE LATTRE (AVENUE),43.24922,5.40563
202000037646,1,7,2020,12,1,76,76484,1,1,2,1,D 13,49.34532,1.07536
202000037647,30,6,2020,14,1,76,76552,2,1,1,7,OCTEVILLE,49.5158,0.0856
202000037648,8,12,2020,9,1,13,13208,2,1,1,3,PARADIS (RUE),43.275969,5.384158
202000037649,26,10,2020,13,1,75,75116,2,3,1,4,ALLEE DU BORD DE L EAU,48.853456,2.226419
202000037650,1,7,2020,20,2,69,69266,2,2,8,3,TOLSTOI    (Cours),45.7616273,4.882011
202000037651,29,7,2020,13,1,64,64140,2,2,1,3,POLITZER (RUE GEORGES),43.5159,-1.4853
202000037652,27,10,2020,20,5,75,75114,2,1,2,7,AVENUE DENFERT ROCHEREAU,48.835738,2.333886
202000037653,25,11,2020,16,1,13,13209,2,9,1,-1,MAZARGUES (AVENUE DE),43.259808,5.394078
202000037654,7,12,2020,21,5,13,13206,2,2,2,1,BRETEUIL (RUE),43.29,5.375
202000037655,18,6,2020,15,1,69,69256,2,2,1,3,FRANKLIN ROOSEVELT                  (R ),45.76787,4.93665
202000037656,7,12,2020,17,5,13,13208,2,1,2,3,ANDRE ZENATTI (AVENUE),43.2462828,5.3880362
202000037657,30,6,2020,17,1,69,69290,2,3,1,3,ST BONNET DE MURE (DE)              (CH),45.6915623,4.9681789
202000037658,7,12,2020,17,5,13,13209,2,1,2,3,MICHELET (BOULEVARD),43.2513,5.4033
202000037659,29,11,2020,14,1,13,13005,2,1,1,2,ESPILLIERES (CHEMIN DES),43.2820324,5.5728069
202000037660,8,12,2020,11,1,09,09225,2,3,3,3,PORTAIL ROUGE RUE DU,43.1171,1.6136
202000037661,8,12,2020,8,1,07,07102,2,1,8,2,CHARLES DE GAULLE (BOULEVARD),44.9357,4.8837
202000037662,26,9,2020,22,5,13,13215,2,2,1,3,SAINT ANTOINE A SAINT JOSEPH (CHEMIN DE),43.36033,5.36385
202000037663,8,12,2020,19,5,06,06088,2,2,1,3,ROUX (R. DR EMILE),43.67531,7.22715
202000037664,25,9,2020,14,1,13,13214,2,2,1,3,ROLAND DORGELES (BOULEVARD),43.348424,5.376469
202000037665,8,12,2020,19,3,06,06069,1,1,1,7,PEGOMAS (ROUTE DE),43.621874,6.925189
202000037666,30,6,2020,17,1,69,69092,2,1,1,4,GAP (avenue Alfred),46.00821,4.71851
202000037667,2,12,2020,16,2,02,02691,2,3,1,6,JOLIOT-CURIE (AV. FREDERIC),49.85987,3.2939
202000037668,27,10,2020,11,1,75,75114,2,2,2,6,RUE BENARD,48.831763,2.321984
202000037669,26,9,2020,19,1,10,10333,2,1,1,3,PRESIDENT WILSON (RUE),48.28936,4.06443
202000037670,29,7,2020,12,1,64,64102,2,2,1,3,BOUFFLERS (ALLEES),43.4914,-1.4694
202000037671,30,6,2020,16,1,64,64129,2,6,1,3,PLAINE,43.29978,-0.39891
202000037672,17,11,2020,18,5,02,02691,2,3,1,3,NOIRMONT (CHEMIN),49.84735,3.26859
202000037673,27,10,2020,20,5,75,75113,2,7,2,6,AVENUE D ITALIE,48.830956,2.355579
202000037674,1,7,2020,19,1,64,64024,2,1,1,7,FRANÇOIS DOMAIN (PONT),43.49439,-1.52803
202000037675,8,12,2020,19,3,75,75120,2,4,1,3,PORTE DE BAGNOLET,48.864835,2.413715
202000037676,1,7,2020,17,1,64,64102,2,1,1,3,ALSACE LORRAINE (BOULEVARD),43.49521,-1.46981
202000037677,29,7,2020,18,1,62,62193,2,3,1,3,DE GAULLE (BOULEVARD GENERAL),50.96271,1.8421
202000037678,26,9,2020,12,1,10,10325,2,3,1,3,PARMENTIER (RUE),48.2626,4.0655
202000037679,8,12,2020,8,1,75,75116,2,1,1,3,PORTE DAUPHINE,48.872112,2.273819
202000037680,27,6,2020,20,1,62,62193,2,1,1,7,MARTIN LUTHER KING,50.95496,1.895537
202000037681,27,10,2020,16,1,75,75113,2,1,8,6,RUE DE PATAY,48.824727,2.375912
202000037682,27,7,2020,14,1,62,62764,2,1,1,-1,GRENIER ( RESIDENCE HENRI ),50.305791,2.787557
202000037683,25,9,2020,22,5,07,07186,2,1,1,6,CHOMERAC (AVENUE DE)  DU 1 AU 27 ET DU 2,44.734065,4.596182
202000037684,7,12,2020,18,5,75,75114,2,1,1,3,PORTE D ORLEANS,48.821648,2.317887
202000037685,1,7,2020,20,1,59,59183,2,1,1,3,PERES ACHILLE,51.0080478,2.3321786
202000037686,29,7,2020,8,1,59,59193,2,1,1,3,"Seclin, rue de",50.5847115,3.0122334
202000037687,7,12,2020,15,1,75,75117,2,2,8,6,AVENUE DES TERNES,48.880001,2.288369
202000037688,25,9,2020,23,5,06,06088,2,2,1,1,CESSOLE (BD DE) (JUSQU'AU N° 93-110),43.71017,7.26195
202000037689,27,7,2020,16,1,59,59178,2,1,1,4,CLOCHETTE (RUE DE LA),50.37149,3.09865
202000037690,30,6,2020,8,1,55,55545,2,1,2,2,MIRIBEL ( AVENUE ),49.16773,5.39458
202000037691,26,9,2020,10,1,01,01053,2,2,1,3,Avenue Amedée Mercier,46.2036,5.2426
202000037692,8,12,2020,17,5,75,75120,2,2,1,6,RUE DES PYRENEES,48.851486,2.406285
202000037693,23,7,2020,20,2,58,58194,2,1,1,3,CHAMP DE FOIRE AUX MOUTONS (PLACE),46.9882,3.1651
202000037694,27,10,2020,10,1,75,75113,2,3,1,3,BOULEVARD DE L HOPITAL,48.838871,2.360991
202000037695,26,9,2020,8,1,01,01451,2,6,8,2,MAJORNAS ( RUE DE ),46.2274,5.2193
202000037696,8,12,2020,14,1,75,75116,2,7,1,3,PLACE CHARLES DE GAULLE,48.87372,2.2941
202000037697,27,7,2020,16,1,56,56098,2,1,1,6,KESLER-DEVILLERS ( AV. ),47.76867,-3.34497
202000037698,1,7,2020,23,5,54,54547,2,1,1,7,HORTENSIAS (ALLEE DES),48.6650183,6.1886877
202000037699,26,9,2020,12,1,75,75120,2,1,1,2,PORTE DE BAGNOLET,48.861712,2.413697
202000037700,28,7,2020,20,1,51,51454,2,3,1,3,Rue du Colonel Fabien,49.2492094,4.0166193
202000037701,25,9,2020,18,2,75,75117,2,1,1,3,BOULEVARD PERIPHERIQUE,48.899311,2.31838
202000037702,27,10,2020,11,1,75,75111,2,1,2,6,IMPASSE DELEPINE,48.853155,2.38959
202000037703,28,7,2020,15,1,49,49353,2,1,1,3,VAILLANT,47.45041,-0.48967
202000037704,7,12,2020,22,5,75,75115,2,2,1,3,BOULEVARD DE GRENELLE,48.848975,2.297825
202000037705,30,6,2020,9,1,54,54382,2,1,1,3,EUROPE (AVENUE DE L'),49.5484,5.8095
202000037706,29,7,2020,1,3,47,47323,1,1,1,6,SENGRUERE,44.406052,0.75663
202000037707,30,6,2020,21,1,54,54483,2,1,1,6,D 400,48.63574,6.28759
202000037708,25,9,2020,10,1,75,75117,2,4,1,5,PORTE D ASNIERES,48.890107,2.297896
202000037709,8,12,2020,16,1,75,75113,2,2,1,6,RUE DE TOLBIAC,48.826109,2.344053
202000037710,27,10,2020,12,1,75,75110,2,1,2,3,RUE DU FAUBOURG DU TEMPLE,48.869097,2.368342
202000037711,29,7,2020,11,1,45,45284,1,1,1,4,D2060 - 92+10,47.92471,1.97755
202000037712,8,12,2020,17,5,75,75111,2,1,1,6,AVENUE DE LA REPUBLIQUE,48.865034,2.375777
202000037713,26,9,2020,20,5,75,75112,2,1,1,6,RUE CLAUDE DECAEN,48.834418,2.401012
202000037714,26,6,2020,8,1,49,49267,2,1,1,4,PIE HARDIE,47.4715935,-0.4557746
202000037715,1,7,2020,8,1,45,45302,2,1,1,3,Rue des Bruères,47.9501,1.9034
202000037716,26,9,2020,6,5,75,75116,2,1,1,6,PORT DEBILLY,48.86169,2.293129
202000037717,29,7,2020,14,5,44,44162,2,6,1,2,Rue Christophe Colomb,47.224903,-1.622263
202000037718,1,7,2020,7,1,45,45208,2,1,1,3,Rue de la Sirene,48.0003717,2.7280067
202000037719,7,12,2020,15,1,75,75107,2,3,1,5,QUAI ANATOLE FRANCE,48.861091,2.324152
202000037720,27,10,2020,14,1,75,75109,2,5,2,6,RUE AUBER,48.873059,2.328297
202000037721,25,9,2020,18,2,75,75118,2,5,1,3,RUE DE CLIGNANCOURT,48.891714,2.348739
202000037722,25,9,2020,4,5,75,75112,2,2,2,3,AVENUE DAUMESNIL,48.834956,2.419821
202000037723,30,6,2020,21,2,45,45208,2,4,1,4,Avenue du Général de Gaulle,48.0062401,2.7391464
202000037724,26,9,2020,13,1,75,75117,2,1,1,2,BOULEVARD PERIPHERIQUE,48.889371,2.296098
202000037725,1,7,2020,19,1,35,35238,2,2,1,1,GALLET (AVENUE DU),48.1296,-1.64301
202000037726,26,9,2020,20,5,75,75116,2,2,2,3,BOULEVARD EMILE AUGIER,48.862997,2.272624
202000037727,27,10,2020,12,1,75,75109,2,1,2,6,RUE D ATHENES,48.878042,2.328912
202000037728,1,7,2020,13,1,35,35238,2,1,1,2,DE LATTRE DE TASSIGNY (BD MARECHAL),48.11353,-1.68773
202000037729,8,12,2020,16,1,75,75104,2,3,1,1,RUE SAINT ANTOINE,48.854787,2.362441
202000037730,26,9,2020,20,5,75,75116,2,2,2,3,RUE DE BOULAINVILLIERS,48.851471,2.278247
202000037731,26,10,2020,15,1,75,75108,2,7,1,3,PLACE DE LA CONCORDE,48.865843,2.319885
202000037732,30,6,2020,12,1,33,33281,2,3,1,3,AVE DE VERDUN / ACCES PARKING,44.83934,-0.63071
202000037733,26,9,2020,14,1,75,75116,2,1,1,2,VOIE GEORGES POMPIDOU,48.849916,2.277591
202000037734,7,12,2020,12,1,94,94068,2,2,1,3,CHAMPIGNY (BD DE),48.806,2.509
202000037735,3,12,2020,20,5,94,94068,2,1,2,6,ALMA (AV DE L),48.786933,2.495235
202000037736,30,6,2020,16,1,33,33529,2,3,1,3,FOIX (RUE GASTON) DU 38 ET +,44.62932,-1.14151
202000037737,26,9,2020,21,5,75,75115,2,2,2,3,RUE DE SEVRES,48.845145,2.311098
202000037738,8,12,2020,8,1,94,94076,2,9,1,3,PARIS (AV DE),48.80573,2.3637
202000037739,26,10,2020,12,1,75,75107,2,2,1,3,AVENUE DE BRETEUIL,48.851642,2.312534
202000037740,27,10,2020,13,1,75,75104,2,3,2,6,RUE DE LOBAU,48.855325,2.352755
202000037741,26,9,2020,11,1,75,75110,2,1,1,7,BOULEVARD DE MAGENTA,48.869388,2.36224
202000037742,8,12,2020,16,1,94,94077,2,1,1,1,VOEUX SAINT GEORGES (R DES),48.731223,2.438349
202000037743,27,10,2020,18,5,94,94058,2,1,2,6,BRY (AV DE),48.83541,2.496168
202000037744,30,6,2020,20,1,33,33529,2,2,1,3,PINS (AVE DES),44.63331,-1.20019
202000037745,8,12,2020,0,5,94,94004,2,9,1,1,BREVANNES (R DE),48.7689,2.5195
202000037746,27,10,2020,20,5,94,94046,2,1,2,2,REPUBLIQUE (AV DE LA),48.804352,2.437587
202000037747,26,9,2020,19,2,75,75108,2,2,2,3,AVENUE MARCEAU,48.872493,2.296211
202000037748,8,12,2020,7,5,94,94071,2,9,1,6,PRESIDENT JOHN KENNEDY (AV DU),48.7689,2.5195
202000037749,27,10,2020,17,5,94,94003,2,4,2,3,GENERAL MALLERET JOINVILLE (AV DU),48.803909,2.342426
202000037750,1,7,2020,11,1,31,31555,2,1,1,3,AV SALVADOR ALLENDE,43.65992,1.4223
202000037751,7,12,2020,20,5,93,93066,2,1,1,3,R AMBROISE CROIZAT,48.9294,2.35112
202000037752,26,9,2020,0,5,75,75108,2,7,1,6,PLACE DE LA MADELEINE,48.869332,2.324711
202000037753,27,10,2020,11,1,94,94043,2,1,8,6,FONTAINEBLEAU (AV DE),48.81272,2.36174
202000037754,17,11,2020,17,2,93,93064,2,1,8,1,MONTGOLFIER (RUE J ET E),48.8848104,2.4893256
202000037755,25,9,2020,15,1,75,75102,2,3,2,7,BOULEVARD DES ITALIENS,48.871282,2.335961
202000037756,8,12,2020,13,1,93,93048,2,6,1,7,FRANCOIS MITTERAND (PLACE),48.8650976,2.4432832
202000037757,29,6,2020,18,1,30,30189,2,6,1,3,LECLERC GENERAL (AVENUE),43.82759,4.37458
202000037758,27,10,2020,7,5,94,94073,2,1,1,-1,VERSAILLES (AV DE),48.76031,2.39972
202000037759,8,12,2020,8,2,93,93031,2,1,1,6,FOCH (BOULEVARD),48.9477284,2.3323739
202000037760,25,9,2020,10,1,75,75102,2,4,2,7,BOULEVARD DES ITALIENS,48.871997,2.339931
202000037761,26,10,2020,10,1,94,94028,2,1,1,6,LACHARRIERE.(RUE DU GENERAL),48.78561,2.46538
202000037762,8,12,2020,12,1,93,93027,2,1,1,6,FERRY (RUE JULES),48.926967,2.3929852
202000037763,26,9,2020,21,5,94,94081,2,2,2,3,ANATOLE FRANCE (AV),48.801,2.402
202000037764,27,10,2020,18,3,94,94017,2,1,2,3,Rue Louis Talamoni,48.81314,2.5126
202000037765,8,12,2020,7,5,93,93027,2,6,1,2,R WALDECK ROCHET / AV JEAN MERMOZ,48.93227,2.39941
202000037766,26,9,2020,16,1,94,94078,2,1,1,2,WINSTON CHURCHILL (AV),48.75356,2.45093
202000037767,1,7,2020,8,1,25,25204,2,3,1,5,GRANDE RUE,46.92937,6.35565
202000037768,8,12,2020,8,2,93,93005,2,1,8,6,CAMILLE PELLETAN (RUE),48.9394448,2.4947927
202000037769,27,10,2020,13,1,93,93027,2,1,2,3,AV JEAN JAURES,48.92449,2.40231
202000037770,26,9,2020,16,1,94,94041,2,3,1,6,PIERRE ET MARIE CURIE (R),48.816,2.37714
202000037771,1,7,2020,8,1,17,17300,2,1,1,2,ROBINET   AVENUE LEOPOLD,46.16518,-1.13677
202000037772,27,10,2020,10,1,93,93064,2,9,2,3,DE GAULLE (AV DU GENERAL) 58/49 - FIN,48.8763688,2.4807535
202000037773,8,12,2020,15,1,92,92022,2,1,1,3,SALENGRO (AVENUE ROGER),48.817794,2.1966581
202000037774,26,9,2020,14,1,94,94028,2,1,1,1,MECHES(CHEMIN DES),48.78469,2.43774
202000037775,1,7,2020,14,1,14,14220,2,2,1,3,REPUBLIQUE (AVENUE DE LA),49.35891,0.0782749
202000037776,8,12,2020,17,5,92,92062,2,1,1,4,DE DION BOUTON (QUAI) DU 1 AU 28,48.88185,2.24694
202000037777,26,9,2020,15,1,93,93077,2,1,1,2,GRANDE RUE,48.8826427,2.5173456
202000037778,27,10,2020,17,1,93,93048,2,2,2,3,COLMET LEPINAY (RUE),48.854962,2.4429558
202000037779,26,10,2020,10,1,93,93061,2,1,1,2,R D'ESTIENNE D'ORVES,48.885546,2.402854
202000037780,26,9,2020,0,5,93,93051,2,1,8,1,FORT (AVE),48.83385,2.56094
202000037781,4,12,2020,18,5,92,92036,2,3,1,3,THOMAS EDISON (RUE),48.932933,2.312868
202000037782,27,10,2020,19,5,92,92046,2,3,2,6,AVAULEE (RUE),48.816616,2.292504
202000037783,5,12,2020,2,5,92,92024,2,6,1,7,CLAUDE DEBUSSY (AVENUE),48.9106435,2.3125872
202000037784,29,6,2020,17,1,13,13102,2,3,1,3,ROBERT FERRISSE (BD ),43.4189,5.24397
202000037785,26,9,2020,20,3,93,93006,2,2,1,3,AV STALINGRAD / R DES RIGONDES,48.871091,2.4310865
202000037786,7,12,2020,15,1,92,92071,2,1,1,6,LAKANAL (RUE),48.78002,2.30223
202000037787,26,9,2020,8,1,93,93014,2,1,1,2,COUBRON (ALLEE DE),48.9116033,2.5498948
202000037788,7,12,2020,15,1,92,92071,2,1,1,6,HONNEUR (ALLEE D'),48.7752024,2.3054911
202000037789,27,10,2020,13,1,92,92062,2,9,2,3,LAFARGUES (RUE PAUL),48.8866102,2.2455161
202000037790,30,6,2020,15,1,13,13019,1,1,1,3,D543,43.47366,5.35509
202000037791,8,12,2020,7,2,92,92004,2,1,1,6,EMILE ZOLA ( RUE ),48.9245259,2.2841471
202000037792,1,7,2020,22,5,13,13204,2,2,1,3,SAKAKINI (BOULEVARD),43.2998511,5.4009303
202000037793,26,9,2020,9,1,93,93010,2,2,1,3,GALLIENI (AV.) DE 177 A 211,48.9070129,2.488693
202000037794,8,12,2020,11,1,92,92002,2,2,1,6,JEAN MOULIN (RUE),48.7530871,2.306723
202000037795,27,10,2020,21,5,92,92020,2,2,2,3,VERDUN AVENUE DE N°1 A 45,48.8024272,2.286337
202000037796,8,12,2020,13,1,974,97415,2,2,1,6,Rue Rhin et Danube,-21.008976,55.270768
202000037797,26,6,2020,19,2,93,93001,2,1,8,3,AV JEAN JAURES,48.9153706,2.4046429
202000037798,1,7,2020,16,1,13,13209,2,1,1,3,AVIATEUR LE BRIX (RUE),43.263402,5.404504
202000037799,26,9,2020,10,1,92,92004,2,1,1,3,ARGENTEUIL AV D',48.91456,2.2832
202000037800,27,10,2020,15,1,92,92048,2,1,2,6,MAL DE LATTRE DE TASSIGNY (AVENUE),48.7874965,2.2337437
202000037801,27,9,2020,13,1,63,63307,1,1,2,1,D2089,45.71272,3.073168
202000037802,27,10,2020,18,5,92,92040,2,2,2,3,GABRIEL PERI,48.8173462,2.2737506
202000037803,7,12,2020,16,1,33,33225,1,1,2,5,D1116,44.561258,-0.378985
202000037804,1,7,2020,7,1,13,13215,2,1,1,6,MADRAGUE VILLE (chemin de la),43.333888,5.358254
202000037805,27,9,2020,18,1,37,37148,1,1,8,1,,46.9586618,0.4790769
202000037806,27,10,2020,18,5,92,92040,2,1,2,6,PAUL-VAILLANT COUTURIER (PLACE),48.8283807,2.2797757
202000037807,27,10,2020,19,5,92,92024,2,1,2,5,CLICHY (QUAI DE) DE (8 A 60),48.90802,2.29893
202000037808,27,9,2020,16,1,81,81052,1,1,2,1,D999,43.91632,2.236533
202000037809,7,12,2020,6,2,974,97422,2,1,1,7,Rue Maurice Ravel,-21.248093,55.519528
202000037810,9,12,2020,4,3,67,67102,1,1,1,7,D79 PR 6+150,48.645103,7.580523
202000037811,26,9,2020,12,1,28,28018,1,1,1,7,A11,48.204239,0.911463
202000037812,30,6,2020,8,1,13,13206,2,2,1,3,PRADO (AVENUE DU),43.2841,5.3848
202000037813,27,10,2020,19,3,92,92023,2,1,2,6,JEAN BAPTISTE CLEMENT (AVENUE),48.79146,2.26302
202000037814,27,10,2020,15,1,49,49244,1,1,2,6,La Maison Neuve (Saint-Laurent-du-Mottay),47.356509,-0.961363
202000037815,1,7,2020,8,1,13,13001,1,2,1,3,RD9,43.493219,5.371358
202000037816,28,10,2020,18,5,08,08362,2,1,1,3,3 Bd de la 2e Div d'Infanterie,49.506875,4.365145
202000037817,6,12,2020,22,5,67,67220,2,1,1,2,14 Rue de Duntzenheim,48.735708,7.522829
202000037818,27,9,2020,12,1,83,83148,1,1,1,1,Route de Lorgues,43.427604,6.413541
202000037819,29,6,2020,9,1,12,12202,2,1,8,6,Boscary Monsservin (Avenue),44.36089,2.56052
202000037820,26,9,2020,20,3,01,01419,1,1,2,2,D89,46.23761,6.005144
202000037821,27,9,2020,11,1,76,76126,1,9,6,6,A28,49.677418,1.338851
202000037822,8,12,2020,14,1,87,87148,1,1,1,6,"autoroute A20, PK 197+200",45.724787,1.346469
202000037823,1,7,2020,10,1,07,07102,2,6,1,2,DES FREYDIERES (rond-point),44.916,4.8571
202000037824,27,10,2020,20,5,26,26231,2,3,1,6,Route de Mours,45.09208,5.048046
202000037825,9,12,2020,13,1,74,74005,1,1,1,1,Route Departementale 903,46.316228,6.441464
202000037826,26,9,2020,4,3,36,36101,1,1,1,6,,46.693519,1.584005
202000037827,15,6,2020,9,1,06,06083,2,6,1,7,CAREI (VAL DU),43.7892,7.4926
202000037828,28,10,2020,7,2,28,28403,1,1,1,2,D935,48.379072,1.494377
202000037829,27,10,2020,11,1,74,74010,2,1,1,6,29 Rue des Mouettes,45.909872,6.1489
202000037830,8,12,2020,17,3,41,41123,1,1,1,1,D110,47.829529,1.415724
202000037831,6,12,2020,16,1,83,83026,1,1,1,1,Colle d'Anclavier,43.421134,6.19792
202000037832,28,10,2020,12,1,2B,2B096,2,1,1,7,6 Avenue de la République,42.312731,9.150887
202000037833,8,12,2020,18,3,33,33363,1,1,1,3,"hauteur du n°04, RD.14",44.7698576,-0.430768
202000037834,2,7,2020,1,5,06,06069,1,1,1,7,BELLETRUD (BOULEVARD DU DOCTEUR),43.665129,6.893113
202000037835,28,10,2020,9,1,2B,2B207,1,1,1,7,Route d'Orezza,42.446578,9.477382
202000037836,7,12,2020,10,1,61,61342,1,6,1,3,D926,48.747856,0.594742
202000037837,28,10,2020,9,1,82,82155,1,1,5,6,D958,44.1571,1.7191
202000037838,8,12,2020,15,1,86,86076,1,1,1,1,N149,46.632873,0.235435
202000037839,27,10,2020,13,1,11,11258,2,1,1,1,chemin 442,43.226834,2.939594
202000037840,1,7,2020,9,1,06,06004,2,3,7,5,DELMAS BD PIERRE,43.58083,7.09805
202000037841,1,12,2020,18,3,22,22387,1,1,1,7,Hent Park An Itron,48.604666,-3.463555
202000037842,26,9,2020,11,1,41,41020,1,9,1,6,Les Bardouillieres,47.824486,0.756371
202000037843,27,10,2020,15,1,63,63407,1,1,2,1,D983,45.6088089,2.8253853
202000037844,30,6,2020,17,1,75,75106,2,2,1,2,QUAI DE CONTI,48.856063,2.340475
202000037845,26,9,2020,20,3,59,59622,1,1,2,6,D74,50.220392,3.393397
202000037846,27,10,2020,20,3,49,49267,1,1,3,1,D116,47.486763,-0.482857
202000037847,1,7,2020,10,1,75,75119,2,1,1,-1,AVENUE JEAN JAURES,48.88387,2.374383
202000037848,26,9,2020,19,2,77,77416,1,2,2,3,D209,48.615463,3.102806
202000037849,1,7,2020,16,1,75,75118,2,2,2,2,RUE DAMREMONT,48.896128,2.33813
202000037850,27,10,2020,21,3,22,22046,1,3,8,3,D76,48.259563,-2.52611
202000037851,1,7,2020,14,1,75,75117,2,3,2,6,AVENUE DES TERNES,48.878298,2.2957
202000037852,27,10,2020,18,3,02,02057,1,1,2,7,D932,49.997974,3.344607
202000037853,27,9,2020,18,1,63,63179,1,1,3,1,Le Perrier,45.6118283,3.7198123
202000037854,1,7,2020,9,1,75,75117,2,3,1,2,BOULEVARD DES BATIGNOLLES,48.88353,2.326861
202000037855,5,8,2020,17,1,61,61168,2,2,1,3,Boulevard de la Forêt d’Andaine,48.589074,-0.365751
202000037856,1,7,2020,16,1,75,75116,2,1,2,2,AVENUE DE NEW YORK,48.863557,2.297563
202000037857,27,10,2020,16,1,54,54135,2,9,1,6,Rue de la Marosse,48.5305063,5.8954632
202000037858,30,6,2020,15,1,75,75114,2,3,1,3,RUE D ALESIA,48.829837,2.321176
202000037859,27,10,2020,10,1,24,24520,1,1,2,1,Route d'Alsace,44.91896,1.205256