Num_Acc,jour,mois,an,hr,condition_eclairage,departement,commune,condition_agglomeration,intersection,condition_atmosphere,type_collision,adresse,lattitude,longitude
202000037860,26,9,2020,17,2,47,47252,1,2,3,5,D911,44.388371,0.589013
202000037861,30,6,2020,0,5,75,75114,2,1,1,-1,AVENUE RENE COTY,48.832524,2.332933
202000037862,28,10,2020,6,1,04,04121,2,1,1,7,RD 17,44.029413,6.172696
202000037863,27,10,2020,18,3,04,04110,1,2,1,3,RN 85 (SARL Baptiste),44.036459,6.111419
202000037864,1,7,2020,11,1,75,75111,2,3,1,6,RUE SAINT SEBASTIEN,48.862404,2.373702
202000037865,27,9,2020,3,3,39,39530,1,1,2,7,Thoirette,46.269458,5.537935
202000037866,1,7,2020,19,1,75,75109,2,2,1,2,BOULEVARD HAUSSMANN,48.872255,2.338298
202000037867,27,10,2020,14,1,85,85156,1,2,2,3,La Poiraudière,46.504873,-1.427053
202000037868,26,9,2020,22,3,25,25157,1,1,2,1,"RN57, PR 80+300",46.823219,6.370482
202000037869,27,10,2020,11,1,85,85004,2,1,3,6,34 Rue Nationale,46.40805,-1.40378
202000037870,27,10,2020,20,3,85,85128,1,1,1,6,La Maison Rouge,46.48151,-1.18342
202000037871,27,9,2020,14,1,29,29073,1,1,1,1,Keranroc'h Ty Bras,48.6804496,-3.7082629
202000037872,23,10,2020,20,3,04,04112,1,1,2,6,A 51 sortie 18,43.806876,5.816767
202000037873,1,7,2020,11,1,75,75117,2,3,1,3,AVENUE DE CLICHY,48.893801,2.314607
202000037874,27,9,2020,9,1,29,29126,1,1,1,6,Lieu-dit Moulin du Vern,48.5569243,-4.4014374
202000037875,28,10,2020,1,3,65,65127,1,1,2,6,A64,43.101523,0.340233
202000037876,30,6,2020,16,1,75,75108,2,7,1,3,PLACE CHARLES DE GAULLE,48.873536,2.295843
202000037877,1,7,2020,18,1,75,75107,2,5,2,7,QUAI ANATOLE FRANCE,48.862396,2.319828
202000037878,28,10,2020,17,2,01,01007,1,1,2,2,A42 - sens LYON/GENEVE - PK 044+200,45.998273,5.312877
202000037879,27,10,2020,15,1,987,98729,2,1,1,1,RT 91 PAOPAO PK 9 + 300,-17.542128,-149.895326
202000037880,27,9,2020,15,1,03,03080,1,1,3,5,Route de Gannat,46.1048769,3.2714946
202000037881,1,7,2020,21,1,75,75101,2,2,1,3,QUAI FRANCOIS MITTERRAND,48.860101,2.333338
202000037882,26,10,2020,8,1,45,45315,1,2,1,3,D120 PR 1 + 200,47.762414,2.333726
202000037883,30,6,2020,19,1,75,75103,2,3,1,2,BOULEVARD DE SEBASTOPOL,48.861985,2.350189
202000037884,26,9,2020,13,1,15,15127,1,1,3,6,N122,45.225681,3.122612
202000037885,28,10,2020,13,1,77,77190,1,1,1,3,D12,48.522318,2.972016
202000037886,1,7,2020,19,1,93,93051,2,6,1,2,MARNOIS (NR 1 A 19),48.8412,2.5597
202000037887,27,9,2020,19,3,01,01266,1,1,3,6,D28,46.331736,5.103321
202000037888,11,10,2020,20,3,84,84004,1,1,1,1,Route de Caromb,44.102926,5.05267
202000037889,27,9,2020,9,1,50,50403,1,1,1,6,Village Gavron,49.157804,-1.567708
202000037890,1,7,2020,18,1,93,93031,2,1,2,3,SAINT LEU (ROUTE DE) > 159,48.9542578,2.3349334
202000037891,27,10,2020,16,1,83,83107,1,1,1,1,Dn7,43.461883,6.655793
202000037892,1,7,2020,19,1,93,93001,2,4,1,1,AV DE LA REPUBLIQUE / R DES CITES,48.9079428,2.3879353
202000037893,27,10,2020,18,5,13,13081,2,6,1,3,Avenue Charles de Gaulle,43.491833,5.229744
202000037894,26,9,2020,23,3,43,43051,1,1,1,6,Les Bruyères,45.0803235,4.3218098
202000037895,26,6,2020,15,1,92,92063,2,1,1,6,FOUILLEUSE (AVENUE DE),48.8622479,2.1956002
202000037896,27,10,2020,11,1,13,13031,2,1,1,6,D96,43.374286,5.60689
202000037897,26,9,2020,15,1,36,36232,1,2,1,3,La Morandiere,46.800236,1.39609
202000037898,1,7,2020,9,1,92,92040,2,1,1,6,AUGUSTE GERVAIS,48.8234,2.27318
202000037899,26,9,2020,18,2,07,07142,1,1,4,1,N102,44.765658,3.914158
202000037900,27,10,2020,17,1,26,26235,1,3,1,1,D59,44.367827,4.662323
202000037901,30,6,2020,18,1,92,92078,2,2,1,3,GALLIENI (BOULEVARD) (1/19),48.924955,2.32537
202000037902,25,9,2020,19,1,07,07199,1,1,1,3,Route de Ribeyre Bouchet,44.484707,4.242088
202000037903,25,10,2020,16,1,64,64430,2,6,2,6,1 Impasse Bel Air,43.4898873,-0.7697779
202000037904,1,7,2020,9,1,92,92035,2,1,1,1,République ( boulevard de la ),48.90659,2.24693
202000037905,27,9,2020,2,3,85,85190,1,1,1,6,La Dorinière,46.915954,-1.496458
202000037906,23,8,2020,1,3,60,60138,1,1,1,6,D1330,49.215411,2.602236
202000037907,27,9,2020,15,1,85,85175,1,1,1,6,D48,46.5877,-1.18985
202000037908,27,10,2020,20,3,13,13071,1,1,1,2,A51-Sens Aix en Provence vers Marseille,43.415901,5.364929
202000037909,1,7,2020,9,1,92,92012,2,3,1,6,PARIS (RUE DE) 1/97 - 2/114,48.8411551,2.2401897
202000037910,26,9,2020,19,1,17,17339,1,1,2,7,D134,45.459634,-0.457735
202000037911,27,10,2020,16,1,13,13071,1,1,1,4,A7-Sens Lyon vers Marseille,43.403239,5.34457
202000037912,1,7,2020,8,1,92,92012,2,2,1,6,ANDRE MORIZET (AVENUE) 1/47 - 2/52,48.8349139,2.2414108
202000037913,27,10,2020,18,1,13,13005,1,1,1,3,A50-Sens Aubagne vers Marseille,43.28644,5.50922
202000037914,26,9,2020,23,3,30,30350,2,1,1,6,Route de Paillerols,43.993054,3.618665
202000037915,27,10,2020,17,1,13,13071,1,1,1,4,A51-Sens Aix en Provence vers Marseille,43.4115577,5.3641119
202000037916,1,7,2020,18,1,80,80498,1,1,1,1,au sentier d'acheux,50.069756,2.575006
202000037917,26,9,2020,20,3,24,24293,1,1,2,6,La Lénotte,44.793927,1.009305
202000037918,27,10,2020,18,3,13,13106,1,1,1,2,A7-Sens Lyon vers Marseille,43.3854,5.3507
202000037919,30,6,2020,15,1,974,97422,2,1,1,6,Rue Marius et Ary Leblond,-21.277413,55.524543
202000037920,27,10,2020,21,3,33,33192,1,1,3,2,ROCADE A 630,44.78929,-0.619
202000037921,27,9,2020,0,3,13,13051,1,1,1,2,D113,43.5957827,5.1050857
202000037922,27,9,2020,17,1,01,01049,1,1,3,6,A42,45.832735,5.024928
202000037923,1,7,2020,16,1,69,69277,1,1,1,4,D147,45.739332,5.024161
202000037924,27,10,2020,18,5,33,33550,1,1,3,4,ROCADE A 630,44.7819,-0.58366
202000037925,27,10,2020,14,1,33,33249,1,1,2,2,ROUTE NATIONALE 230,44.86962,-0.50482
202000037926,27,9,2020,14,1,01,01007,1,1,3,2,A42,45.996887,5.31314
202000037927,30,6,2020,8,1,83,83085,1,1,1,1,D25,43.511662,6.566155
202000037928,2,7,2020,2,3,41,41252,1,1,1,6,A10,47.681796,1.411394
202000037929,2,7,2020,13,1,83,83070,2,1,1,3,Avenue du Président Vincent Auriol,43.131511,6.363106
202000037930,26,9,2020,23,5,971,97103,1,4,8,6,N2,16.250698,-61.59089
202000037931,27,10,2020,13,1,33,33448,1,1,2,6,AUTOROUTE A 62,44.71049,-0.51379
202000037932,1,7,2020,20,2,34,34076,1,1,7,6,A75,43.647124,3.449498
202000037933,26,9,2020,18,5,971,97112,1,1,2,1,Route de la Treille,15.8915339,-61.3124629
202000037934,1,7,2020,13,1,37,37179,1,1,1,6,A10,47.4551869,0.7535509
202000037935,27,9,2020,8,1,971,97129,2,3,1,3,RN 2 BÉBEL,16.3322135,-61.6962683
202000037936,2,7,2020,18,1,69,69046,2,1,1,6,rue des gobins ( à hauteur du numéro 18 --pharmacie),45.6505926,4.7926269
202000037937,26,10,2020,16,1,33,33162,1,1,2,5,ROCADE A 630,44.862273,-0.657101
202000037938,22,9,2020,17,1,84,84078,1,1,8,6,face au 1321 Chemin des Fumades,44.242394,4.734616
202000037939,30,6,2020,18,1,74,74263,2,1,1,3,Route de Pérrignier,46.333278,6.387786
202000037940,13,9,2020,17,1,74,74080,1,1,1,7,D909,45.876565,6.452923
202000037941,27,10,2020,17,1,91,91312,1,1,2,5,RD 444,48.73122,2.24975
202000037942,1,7,2020,12,1,57,57193,2,1,1,1,29 Rue des Jardins,49.223662,6.214222
202000037943,27,9,2020,16,1,38,38565,1,1,2,7,D520a,45.298613,5.637627
202000037944,2,7,2020,8,1,51,51030,2,1,1,7,13 Boulevard Charles de Gaulle,49.0511875,4.0079576
202000037945,27,10,2020,14,1,91,91228,1,1,2,3,RN 104,48.6133,2.431
202000037946,26,9,2020,12,1,14,14328,1,1,1,1,D513 A,49.213287,-0.260477
202000037947,28,6,2020,16,1,67,67435,1,6,2,7,37 Rue de Burbach,48.895717,7.075818
202000037948,26,10,2020,19,5,94,94034,1,9,1,3,AUTOROUTE A6B,48.753,2.331
202000037949,26,9,2020,20,5,60,60589,2,1,3,6,rue de la liberté,49.24331,2.469682
202000037950,26,10,2020,15,1,91,91340,1,1,1,2,AUTOROUTE A6,48.6115,2.4319
202000037951,1,7,2020,18,1,65,65125,2,1,8,6,32 Rue des Pyrénées,43.146221,0.373079
202000037952,27,10,2020,19,5,78,78043,1,1,2,4,A12 W,48.836475,2.089372
202000037953,20,9,2020,0,4,62,62170,1,1,1,2,CD 301,50.435915,2.668991
202000037954,1,7,2020,11,1,33,33394,1,3,1,3,D243,44.90558,-0.17304
202000037955,22,9,2020,12,1,13,13005,1,1,1,2,A502-Sens Aubagne vers Toulon par R.N.,43.28339,5.575122
202000037956,27,10,2020,17,3,92,92051,1,1,3,-1,RN13,48.882392,2.268126
202000037957,22,9,2020,12,1,13,13203,1,1,1,7,A557-Liaison A7 Marseille-A55 Marseille,43.317316,5.363932
202000037958,27,10,2020,11,1,78,78423,1,9,1,3,RN12,48.795924,2.04344
202000037959,2,7,2020,7,1,42,42134,1,1,1,2,D8,45.682337,4.036837
202000037960,25,9,2020,4,3,69,69259,1,1,2,2,RD383   11.750 A 14.250,45.71676,4.85266
202000037961,27,10,2020,14,1,78,78217,1,1,1,3,A13,48.96564,1.814656
202000037962,1,7,2020,9,1,47,47179,2,7,1,6,Place du Marche,44.483379,0.943998
202000037963,26,10,2020,18,3,78,78640,1,1,1,3,N118,48.778388,2.222346
202000037964,21,9,2020,16,1,69,69029,2,1,1,5,RD383   7.640 A 11.044,45.7463,4.90691
202000037965,2,7,2020,17,1,34,34180,1,1,1,1,D609,43.591298,3.453231
202000037966,27,10,2020,12,1,95,95394,1,1,1,2,RN 184,49.051512,2.192921
202000037967,22,9,2020,14,1,67,67482,1,1,1,2,Autoroute A.35,48.569714,7.731539
202000037968,27,10,2020,10,1,93,93027,1,1,1,2,AUTOROUTE A1,48.93799,2.4126
202000037969,26,9,2020,15,1,78,78640,1,1,1,2,A86 EXT,48.777475,2.221067
202000037970,26,10,2020,14,1,93,93064,1,1,1,-1,AUTOROUTE A86,48.88105,2.47529
202000037971,1,7,2020,18,1,68,68207,2,1,1,-1,4 Rue de Lubbon,47.592812,7.465242
202000037972,27,10,2020,20,5,94,94069,1,9,2,7,A4,48.81732,2.428493
202000037973,25,9,2020,20,3,78,78133,1,1,1,4,A13,48.89407,2.007883
202000037974,1,7,2020,23,3,68,68021,1,1,8,6,D21.1,47.638589,7.519305
202000037975,27,10,2020,17,1,93,93051,1,9,2,3,A4,48.8361144,2.5545797
202000037976,26,9,2020,16,1,92,92036,1,1,1,2,AUTOROUTE A15,48.9417503,2.2906414
202000037977,1,7,2020,16,1,29,29217,2,1,1,6,11 rue emile bernard,47.8583221,-3.7519417
202000037978,26,9,2020,5,5,93,93066,1,1,1,7,AUTOROUTE A1,48.90434,2.35846
202000037979,1,7,2020,19,1,72,72165,1,1,1,6,1124 Route de la Chapelle-saint-rémy,48.0879935,0.4299387
202000037980,25,9,2020,23,3,93,93066,1,1,1,6,AUTOROUTE A1,48.91904,2.35729
202000037981,27,6,2020,14,1,06,06111,1,1,1,-1,D130,44.086321,7.088971
202000037982,26,10,2020,17,1,77,77169,1,1,1,3,RN104,48.81715,2.6198
202000037983,2,7,2020,13,1,64,64420,1,1,2,1,Côte de Camptort,43.32883,-0.718843
202000037984,26,10,2020,10,1,77,77121,1,1,1,2,A104,48.836,2.6653
202000037985,25,9,2020,16,1,988,98818,2,3,1,3,ROUTE DE LA BAIE DES DAMES/RUE JOULE,-22.23547,166.44433
202000037986,2,7,2020,8,1,64,64256,1,1,2,1,CD 21 - lieu dit pignadas,43.424204,-1.317158
202000037987,23,8,2020,10,1,69,69264,2,9,1,6,FRANS ROUTE DE,45.9845508,4.7364596
202000037988,25,9,2020,10,1,974,97411,2,3,1,3,JAURES (BLD 1 JEAN),-20.88842,55.4464
202000037989,26,10,2020,15,1,974,97416,1,2,2,3,Chemin Ringuin,-21.326512,55.497737
202000037990,1,7,2020,13,1,43,43162,2,3,1,3,Rue Henri Pontvianne,45.21142,4.032267
202000037991,25,9,2020,7,1,974,97409,2,1,1,6,CLOVIS(RUELLE),-20.94535,55.64912
202000037992,30,6,2020,16,1,07,07197,1,3,1,2,RD578A,45.214064,4.660315
202000037993,26,10,2020,13,1,972,97213,1,9,1,2,Z I LES MANGLES,14.61743,-61.0196
202000037994,25,9,2020,14,1,973,97302,2,1,1,3,MERE THERESA (rue),4.927094,-52.3140568
202000037995,2,7,2020,9,1,07,07181,2,9,1,6,Avenue Jean-claude Dupau,44.747702,4.745945
202000037996,24,10,2020,21,4,972,97209,1,6,1,6,RN9,14.60465,-61.04231
202000037997,24,9,2020,22,4,973,97302,2,1,1,1,BOUDINOT (AUGUSTE) CITE THEMIRE,4.93536,-52.31911
202000037998,1,7,2020,19,1,17,17434,1,6,1,6,RD939,46.0994238,-0.7320701
202000037999,23,10,2020,22,5,972,97209,2,1,1,-1,BISHOP (Avenue Maurice),14.6090657,-61.0557175
202000038000,25,9,2020,20,5,69,69387,2,1,2,3,UNIVERSITE (DE L')                  (R ),45.7493866,4.841658
202000038001,29,6,2020,6,2,06,06030,2,2,1,-1,Avenue du Campon,43.582717,7.009618
202000038002,24,10,2020,20,4,2B,2B033,2,6,1,5,SAMPIERO CORSO - AV,42.67093,9.44351
202000038003,25,9,2020,19,5,69,69387,2,1,1,6,DEBOURG                             (AV),45.7315,4.82976
202000038004,2,7,2020,15,1,74,74081,2,3,1,3,1 Place Charles de Gaulle,46.060115,6.580324
202000038005,22,10,2020,11,1,971,97101,1,1,1,7,MORNE LACROSSE,16.2297,-61.52781
202000038006,25,9,2020,17,1,69,69199,2,1,1,6,JEAN JAURES                         (AV),45.7099918,4.8551579
202000038007,26,10,2020,15,1,95,95585,2,1,1,6,BROSSELETTE (RUE PIERRE),48.99311,2.37663
202000038008,25,9,2020,14,1,69,69387,2,1,2,3,YVES FARGES                         (BD),45.74036,4.8317
202000038009,25,10,2020,20,3,95,95500,2,1,2,6,105 Boulevard Jacques Tête,49.063367,2.102549
202000038010,2,7,2020,10,1,86,86241,1,1,1,7,D22,46.928702,0.6948102
202000038011,23,9,2020,17,1,69,69387,2,1,1,3,TONY GARNIER                        (AV),45.72793,4.82426
202000038012,1,7,2020,1,3,11,11202,1,1,1,7,D627,42.905691,3.020014
202000038013,19,10,2020,14,1,91,91021,1,1,1,3,RTE NATIONALE 20 DEVIATION,48.59655,2.24391
202000038014,18,10,2020,19,1,91,91216,2,1,1,7,D 25,48.67579,2.33605
202000038015,24,9,2020,7,1,972,97209,1,1,1,7,RAVINE VILAINE (CHEMIN DEPARTEMENTAL DE),14.65383,-61.05793
202000038016,2,7,2020,15,1,988,98830,1,1,7,6,RPN10,-20.830256,165.256004
202000038017,25,9,2020,4,5,69,69382,2,2,2,3,JULES COURMONT                      (QU),45.7635706,4.838435
202000038018,1,7,2020,23,3,91,91315,2,1,1,6,Route du Bouchet,48.522883,2.350085
202000038019,26,10,2020,18,5,91,91201,2,2,1,3,RUE PIERRE BROSSOLETTE,48.68393,2.415181
202000038020,25,9,2020,10,1,69,69389,2,1,1,3,ST CYR (DE)                         (R ),45.7811416,4.8071839
202000038021,22,6,2020,10,1,34,34090,2,6,1,6,D613,43.641092,3.94039
202000038022,26,10,2020,14,1,91,91286,2,1,1,-1,CORBEIL (ROUTE DE),48.65338,2.39208
202000038023,30,6,2020,15,1,84,84019,2,6,1,2,Avenue Jean Giono,44.28509,4.750772
202000038024,25,9,2020,15,1,2B,2B033,1,1,6,2,11 - RT,42.66773,9.44315
202000038025,23,10,2020,18,1,87,87085,2,2,1,3,VANTEAUX (BOULEVARD DE),45.82091,1.23036
202000038026,25,9,2020,22,5,2A,2A004,2,3,6,3,Boulevard Tino Rossi,41.9076059,8.6793538
202000038027,2,7,2020,16,1,05,05136,1,3,2,3,N94,44.70062,6.609355
202000038028,23,10,2020,11,1,87,87085,2,1,1,3,TOULOUSE (RUE DE),45.80209,1.29368
202000038029,1,7,2020,11,1,67,67154,2,1,1,7,19 Rue des Primevères,48.375694,7.706067
202000038030,22,10,2020,17,1,83,83141,1,3,1,3,ARCS(ROUTE DES),43.4890723,6.4836826
202000038031,2,7,2020,16,1,74,74094,2,1,1,5,Route de Taninges,46.182672,6.282876
202000038032,26,10,2020,16,1,82,82121,2,3,2,6,SARRAIL (RUE DU GENERAL),44.01684,1.3484
202000038033,23,10,2020,7,2,80,80021,2,1,1,6,QUATORZE JUILLET 1789 (AVENUE DU),49.87145,2.2805
202000038034,1,7,2020,22,3,74,74220,1,1,8,1,Route d'Annemasse,46.147938,6.261445
202000038035,26,10,2020,15,1,78,78486,1,1,1,6,RN 10,48.67724,1.84092
202000038036,1,7,2020,13,1,74,74080,2,1,1,3,Route de l'Etale,45.895015,6.42675
202000038037,26,10,2020,10,1,77,77445,2,1,1,6,BLUM (AVENUE LEON),48.59665,2.58176
202000038038,24,10,2020,11,1,76,76498,2,2,2,2,GIRARDIN. BOULEVARD STANISLAS,49.41593,1.05654
202000038039,2,7,2020,17,1,26,26206,2,1,2,1,D125,44.836563,4.981999
202000038040,25,10,2020,20,5,76,76231,2,1,1,6,CARNOT. COURS,49.28695,1.01639
202000038041,2,7,2020,12,1,69,69121,2,1,1,2,Route de Lyon,45.856442,4.696671
202000038042,24,10,2020,11,1,76,76540,2,1,1,4,NANSEN. RUE FRIDTJOF,49.44506,1.06387
202000038043,2,7,2020,19,1,81,81105,2,3,1,3,28 bis Rue Cardinal Roques,43.7615974,2.0136646
202000038044,24,10,2020,15,1,74,74012,2,3,1,5,ARVE (QUAI D'),46.18453,6.2287
202000038045,24,10,2020,19,5,74,74012,2,1,1,3,LECLERC (AVENUE DU MARECHAL),46.19116,6.25066
202000038046,24,10,2020,10,1,67,67218,2,1,1,6,LYON (RTE DE),48.5241329,7.7078098
202000038047,2,7,2020,7,1,33,33300,2,2,1,3,Rue de Magagnan,45.248637,-1.002867
202000038048,23,10,2020,20,5,67,67204,2,3,2,3,REPUBLIQUE (RUE DE LA),48.62363,7.75502
202000038049,2,7,2020,13,1,85,85015,1,2,1,3,La Vivantière,46.81625,-1.4916
202000038050,25,10,2020,14,1,64,64260,1,2,9,3,FIGUIERS (RUE DES),43.37133,-1.77448
202000038051,26,10,2020,18,5,59,59350,2,1,1,6,LEGRAND PIERRE RUE,50.6324101,3.0922671
202000038052,2,7,2020,15,1,85,85302,1,1,1,1,D160,46.96366,-0.97344
202000038053,24,10,2020,14,1,59,59378,2,1,1,2,MENIN RUE DE,50.67733,3.08169
202000038054,1,7,2020,7,2,76,76532,1,1,2,2,D41,49.6128558,1.3260949
202000038055,9,10,2020,12,1,58,58194,2,2,1,3,CAMILLE BAYNAC,46.9873,3.135
202000038056,2,7,2020,16,1,60,60524,2,1,1,6,Rue d'Uny,49.336312,2.438951
202000038057,1,7,2020,17,1,62,62356,1,1,1,1,D57 E2,50.439359,2.607536
202000038058,24,10,2020,23,3,56,56036,1,1,3,4,RN 165,47.79235,-3.30758
202000038059,30,6,2020,7,1,59,59599,1,1,1,3,ROUTE DEPARTEMENTALE 656,50.739414,3.155069
202000038060,25,10,2020,20,5,54,54304,2,2,3,6,RHIN (AV. DU),48.6993816,6.137228
202000038061,1,7,2020,18,1,94,94076,1,1,2,2,AUTOROUTE A6B,48.7877,2.3457
202000038062,26,10,2020,17,1,53,53130,1,1,7,5,ELAIN (BOULEVARD PIERRE),48.08503,-0.78555
202000038063,25,10,2020,19,5,50,50173,2,4,3,6,GUERRY (RUE),49.64568,-1.66597
202000038064,1,7,2020,17,1,91,91477,1,1,2,2,AUTOROUTE A126,48.722648,2.234096
202000038065,1,7,2020,9,1,93,93066,1,1,1,3,AUTOROUTE A1,48.9217,2.35716
202000038066,17,10,2020,1,5,49,49007,2,1,1,3,Boulevard du Roi René,47.46936,-0.56049
202000038067,17,10,2020,16,1,49,49007,1,1,1,7,ATLANTIQUE  AVENUE DE L',47.46507,-0.57712
202000038068,1,7,2020,17,1,93,93051,1,1,1,2,A4,48.8362535,2.551879
202000038069,6,6,2020,6,2,68,68278,2,1,1,7,,47.750906,7.384148
202000038070,16,10,2020,8,1,49,49007,2,1,1,-1,CUL D'ANON CHEMIN,47.4757606,-0.5153744
202000038071,28,6,2020,10,1,974,97416,1,9,1,3,Chemin des Assises,-21.28786,55.46297
202000038072,16,10,2020,8,1,49,49007,2,1,1,2,TOUCHERONDE,47.45427,-0.53236
202000038073,30,6,2020,12,1,974,97416,2,1,1,2,HUBERT DE LISLE(BOULEVARD),-21.3436,55.46986
202000038074,26,10,2020,17,1,37,37261,2,1,1,4,DANIEL MAYER,47.41885,0.69714
202000038075,30,6,2020,14,1,973,97302,2,1,1,3,MONTABO (ROUTE DE) 2,4.9422136,-52.3051357
202000038076,30,6,2020,11,1,69,69386,2,2,1,3,BOILEAU                             (R ),45.76769,4.84921
202000038077,30,6,2020,9,1,69,69388,2,2,1,2,MARIUS BERLIET                      (R ),45.73903,4.8665
202000038078,30,6,2020,6,1,69,69383,2,2,1,3,PAUL BERT                           (R ),45.75611,4.87274
202000038079,30,6,2020,18,1,69,69389,2,1,1,2,AUTOROUTE A6                        (XX),45.76672,4.79151
202000038080,30,6,2020,17,1,69,69149,2,1,1,2,RHONE (DU)                        (R ),45.717065,4.813508
202000038081,30,6,2020,7,1,69,69034,2,1,1,3,GEORGES CLEMENCEAU                  (QU),45.7945651,4.8280872
202000038082,28,6,2020,19,1,69,69152,2,2,1,3,EUROPE (DE L')                      (BD),45.69763,4.8247
202000038083,21,6,2020,0,5,91,91471,2,1,1,6,GUY MOQUET (RUE),48.70039,2.18912
202000038084,30,6,2020,18,1,91,91657,1,4,1,2,LONGUERAIE (RUE DE LA ) FOSSE MONTALBOT,48.71648,2.43749
202000038085,30,6,2020,15,1,91,91201,2,1,1,6,GENERAL DE GAULLE(BOULEVARD),48.68699,2.3999
202000038086,30,6,2020,16,1,87,87085,2,1,1,6,AMPHITHEATRE (RUE DE),45.83108,1.25181
202000038087,30,6,2020,10,1,87,87085,2,6,1,6,TARRADE (AVENUE ADRIEN),45.84003,1.25732
202000038088,29,6,2020,21,1,82,82121,2,1,1,2,DOUMERC (BOULEVARD BLAISE),44.018315,1.363257
202000038089,30,6,2020,9,1,80,80021,2,1,1,3,FAUBOURG DE HEM (RUE DU),49.90445,2.27353
202000038090,28,6,2020,18,1,80,80021,2,1,1,2,BOURGOGNE (AVENUE DE),49.91565,2.25151
202000038091,30,6,2020,19,1,78,78224,1,1,1,3,NOISY (ROUTE DE),48.860401,2.068974
202000038092,30,6,2020,11,1,78,78224,2,1,1,3,JEAN MERMOZ (RUE),48.86923,2.07202
202000038093,29,6,2020,11,1,74,74012,2,3,1,3,VERDUN (AVENUE DE),46.190297,6.242585
202000038094,29,6,2020,18,1,68,68066,1,1,8,-1,D13,48.056001,7.398776
202000038095,29,6,2020,22,3,67,67482,1,1,1,7,ROHRSCHOLLEN (ROUTE DU),48.51317,7.78776
202000038096,29,6,2020,15,1,67,67482,2,3,3,-1,SENGENWALD (RUE),48.57735,7.75214
202000038097,29,6,2020,9,1,67,67482,2,2,2,3,GRAVIERE (RUE DE LA),48.5606733,7.7620375
202000038098,30,6,2020,19,1,64,64483,2,1,1,3,ERROMARDIE (CHEMIN D'),43.39742,-1.6443
202000038099,25,6,2020,10,1,62,62239,2,1,1,6,EUROPE (BOULEVARD DE L'),50.9339397,1.8055249
202000038100,27,6,2020,10,1,57,57441,2,1,1,6,LUXEMBOURG (RUE DU),49.37363,6.1694
202000038101,29,6,2020,18,1,57,57019,2,5,1,3,CD 47,49.25761,6.14884
202000038102,27,6,2020,22,3,57,57019,1,1,1,7,CD 112F,49.24604,6.14557
202000038103,14,3,2020,20,3,45,45228,1,1,1,6,Route de Nesploy - D30 PR14+30,48.019166,2.3319799
202000038104,2,2,2020,14,1,64,64317,1,1,1,-1,D918,43.354782,-1.422397
202000038105,14,3,2020,19,3,43,43025,1,1,1,1,D42,45.27845,4.111741
202000038106,15,3,2020,1,3,04,04158,1,1,1,7,RD 11,43.710083,6.044465
202000038107,14,3,2020,14,1,27,27018,1,1,1,7,Cote de Routot,49.312086,0.654545
202000038108,14,3,2020,15,1,37,37050,2,1,1,5,340  Avenue du Grand Sud,47.3161707,0.7111244
202000038109,15,3,2020,15,1,01,01031,1,1,1,6,A404,46.2478491,5.6238747
202000038110,13,3,2020,19,3,13,13037,1,1,1,3,N RD 113,43.547872,5.183117
202000038111,15,3,2020,16,1,42,42042,1,1,1,7,D108,45.430315,4.240283
202000038112,15,3,2020,6,1,06,06027,1,1,1,5,"A8, pk 181.300 direction NICE",43.659614,7.150319
202000038113,15,3,2020,8,1,971,97134,2,2,1,3,Avenue du General de Gaulle,16.059372,-61.766741
202000038114,15,3,2020,15,1,95,95040,1,1,1,1,D43,49.098445,1.878673
202000038115,20,2,2020,18,5,91,91226,2,1,3,6,Boulevard des Lavandières,48.489935,2.187797
202000038116,14,3,2020,3,5,84,84105,2,1,1,7,Route Departementale 174,43.865011,5.426152
202000038117,15,3,2020,0,5,84,84092,2,1,1,6,540 Chemin des Broutières,43.971754,4.856644
202000038118,14,3,2020,16,1,13,13041,2,1,1,3,Boulevard Paul Cezanne,43.4514289,5.4719776
202000038119,14,3,2020,15,1,68,68001,1,4,1,6,Route de Volgelsheim,48.007098,7.555686
202000038120,14,3,2020,21,3,63,63213,1,1,1,6,Route de Riom,45.822048,3.231654
202000038121,14,3,2020,17,1,38,38565,2,1,1,7,Avenue Henri Chapays,45.298008,5.635977
202000038122,14,3,2020,17,1,69,69254,1,1,1,6,Chemin de la Piaffe,45.9556699,4.4215035
202000038123,15,3,2020,15,1,69,69249,1,1,1,6,D311,45.6737899,4.6102417
202000038124,15,3,2020,17,1,79,79049,1,1,1,7,,46.87056,-0.49829
202000038125,15,3,2020,16,1,64,64067,1,1,1,6,"54, Quartier Lous Mats",43.263421,-0.293804
202000038126,15,3,2020,9,1,49,49258,1,2,1,3,D146 (La Renaudière),47.137483,-1.045611
202000038127,14,3,2020,8,1,14,14145,1,1,1,6,20 Impasse des Antes,49.04552,-0.281353
202000038128,15,3,2020,15,1,59,59482,2,1,1,7,122 Rue du Marechal Foch,50.7089464,3.0095853