Num_Acc,jour,mois,an,hr,condition_eclairage,departement,commune,condition_agglomeration,intersection,condition_atmosphere,type_collision,adresse,lattitude,longitude
202000038129,14,3,2020,2,3,13,13001,1,1,1,2,A51-Sens Aix en Provence vers Marseille,43.5019075,5.3549571
202000038130,13,3,2020,21,5,13,13055,1,1,1,2,A507 sens Marseille - Aubagne,43.308442,5.424886
202000038131,14,3,2020,5,3,69,69295,1,1,1,-1,A46S   53.980 A 57.400,45.6123864,4.8747325
202000038132,8,3,2020,23,3,69,69276,1,1,1,2,A7,45.6738,4.8476
202000038133,14,3,2020,15,1,91,91589,1,1,1,4,AUTOROUTE A6,48.67404,2.3428
202000038134,14,3,2020,11,1,91,91086,1,1,1,7,RN 104,48.6238,2.38442
202000038135,14,3,2020,0,3,91,91340,1,1,1,6,RN 104,48.61209,2.432
202000038136,14,3,2020,12,1,78,78498,1,1,1,6,A13,48.913819,2.005521
202000038137,13,3,2020,17,1,78,78133,1,1,1,2,A13,48.886196,2.012429
202000038138,13,3,2020,20,5,93,93008,1,1,1,2,AUTOROUTE A86,48.91412,2.43234
202000038139,14,3,2020,6,2,95,95252,1,1,2,6,AUTOROUTE A15,48.98341,2.21876
202000038140,14,3,2020,5,3,93,93027,1,1,2,6,AUTOROUTE A86,48.92337,2.38337
202000038141,14,3,2020,1,3,93,93066,1,1,2,6,AUTOROUTE A86,48.92531,2.33949
202000038142,13,3,2020,17,1,93,93078,1,1,1,4,AUTOROUTE A104,48.96666,2.51314
202000038143,13,3,2020,12,1,95,95365,1,1,1,6,RN 104,49.06569,2.40643
202000038144,14,3,2020,20,3,94,94017,1,1,8,2,A4,48.8263105,2.5198193
202000038145,13,3,2020,21,5,94,94052,1,1,1,6,A4,48.82627,2.46578
202000038146,9,1,2020,9,1,13,13210,2,1,1,6,FLORIAN (AVENUE),43.28247,5.42733
202000038147,14,3,2020,3,5,988,98818,1,1,1,6,VE1 SENS SUD/NORD HT PONT KOWE KARA,-22.23369,166.45765
202000038148,13,3,2020,9,1,974,97411,2,1,1,6,MONTHYON (RUE),-20.8875574,55.4547873
202000038149,11,3,2020,13,1,974,97407,2,1,1,6,Rue du Général de Gaulle,-20.94095,55.29576
202000038150,13,3,2020,19,2,69,69388,2,1,1,2,ALBERT THOMAS                       (CO),45.74903,4.86115
202000038151,13,3,2020,19,5,69,69387,2,1,1,3,JEAN JAURES                         (AV),45.7305031,4.8331199
202000038152,13,3,2020,15,1,69,69387,2,3,1,1,CHALLEMEL LACOUR                    (R ),45.72927,4.84606
202000038153,13,3,2020,0,5,69,69034,2,6,1,6,GENERAL DE GAULLE                   (AV),45.80784,4.85618
202000038154,13,3,2020,18,5,69,69382,2,2,1,2,MARECHAL JUIN                       (PT),45.76321,4.83166
202000038155,13,3,2020,16,1,69,69382,2,3,7,6,BELLECOUR                           (PL),45.75794,4.8341
202000038156,12,3,2020,20,5,2A,2A004,2,1,1,1,T21,41.92975,8.76085
202000038157,28,1,2020,15,1,91,91692,2,1,1,7,JARDINS FAMILIAUX,48.67353,2.18015
202000038158,13,3,2020,19,5,91,91421,2,6,1,3,GLACIERE (RUE DE LA),48.7068,2.4412
202000038159,27,2,2020,8,1,91,91521,2,1,3,6,BROSSOLETTE (RUE PIERRE) N°1 A 81,48.647598,2.407286
202000038160,13,3,2020,18,1,91,91174,2,1,1,3,JOHN KENNEDY (BOULEVARD),48.581247,2.476255
202000038161,13,3,2020,16,1,91,91021,2,1,1,6,JEAN JAURES (PASSAGE),48.589,2.246
202000038162,13,3,2020,1,3,91,91103,1,6,1,6,CD 19,48.59474,2.31165
202000038163,11,3,2020,0,5,88,88415,2,1,2,6,route de Xennois,48.02608,6.60635
202000038164,13,3,2020,16,1,86,86194,2,1,1,6,Avenue Winston Churchill,46.5915133,0.3555552
202000038165,13,3,2020,0,5,83,83137,2,3,1,3,FOCH (AVE DU MARECHAL),43.126817,5.922845
202000038166,11,3,2020,14,1,80,80021,2,1,1,3,CAGNY (RUE DE),49.87044,2.33349
202000038167,13,2,2020,12,1,79,79329,2,3,1,3,Boulevard Helensburgh,46.986617,-0.19775
202000038168,12,3,2020,17,1,77,77258,1,6,1,2,SOUBRIARDE (AVENUE DE LA) - D10P,48.83245,2.64268
202000038169,13,3,2020,21,5,77,77061,2,3,1,6,ALEXANDRE JOZON (RUE) - D124,48.36645,2.97563
202000038170,13,3,2020,13,1,77,77243,2,3,1,1,GENERAL LECLERC  (AVENUE DU) - D418,48.8765499,2.6995447
202000038171,12,3,2020,18,1,76,76540,2,5,1,3,BRIAND. AVENUE ARISTIDE,49.43451,1.10609
202000038172,12,3,2020,15,1,76,76305,2,1,2,1,Allée Victor Hugo,49.5054,0.2319
202000038173,13,3,2020,7,1,76,76217,2,2,2,3,CORMORANS (DES),49.93022,1.09735
202000038174,13,3,2020,17,1,74,74012,2,6,1,3,LEMAN (AVENUE DU),46.182803,6.246197
202000038175,13,3,2020,16,1,72,72181,1,1,1,6,PREMIERE DIVISION FRANCAISE (BD),48.0236,0.2274
202000038176,12,3,2020,11,1,72,72181,2,1,1,4,COURBOULAY PAUL (RUE),48.00202,0.19123
202000038177,12,3,2020,7,1,71,71040,2,1,1,4,Route de Mâcon,46.6941928,4.3914602
202000038178,12,3,2020,13,1,67,67043,2,2,2,3,BISCHWILLER (ROUTE DE),48.6157963,7.753102
202000038179,13,3,2020,10,1,67,67180,2,1,1,3,BITCHE (ROUTE DE),48.822628,7.771004
202000038180,13,3,2020,21,3,64,64445,2,3,1,-1,LIEGE DE,43.30063,-0.37517
202000038181,14,3,2020,0,5,64,64122,2,1,1,-1,PETITES SOEURS DES PAUVRES (RUE DES,43.481,-1.54888
202000038182,13,3,2020,17,1,64,64024,2,1,1,7,ALBERT LE BARRILLIER (RUE),43.48473,-1.51357
202000038183,10,3,2020,8,1,62,62400,2,1,2,3,PREMIER MAI ( DU ),50.4740726,2.5819368
202000038184,7,3,2020,5,3,61,61117,1,1,2,6,ALPES MANCELLES (RUE DES),48.4266,0.02307
202000038185,12,3,2020,19,3,59,59153,2,9,8,7,RUE YVON BOUTON,50.45436,3.58576
202000038186,12,3,2020,19,5,59,59574,2,1,1,2,PASTEUR LOUIS (RUE),50.36236,3.27979
202000038187,11,3,2020,17,1,58,58194,2,3,1,2,EPERON,46.99175,3.1791
202000038188,12,3,2020,15,1,54,54578,2,1,2,1,MULLER (AVENUE PAUL),48.6696664,6.1554015
202000038189,11,3,2020,14,1,54,54096,1,1,1,7,D27,49.4465,5.903
202000038190,13,3,2020,17,1,51,51454,2,2,1,3,Boulevard Charles Arnould,49.266482,4.0152746
202000038191,13,3,2020,9,1,51,51454,2,1,1,3,Avenue Salvador Allende Gossens,49.283808,4.0152815
202000038192,13,3,2020,17,1,45,45234,2,1,1,6,Rue Saint Marceau,47.89121,1.9059
202000038193,13,3,2020,7,1,45,45285,2,1,1,7,Rue Ernest et Isabelle Lancelot,47.91029,1.87011
202000038194,13,3,2020,9,1,45,45208,2,1,1,6,RUE EMILE MENGIN - D943,48.0056615,2.7414022
202000038195,12,3,2020,10,1,44,44184,2,1,1,3,GAUTIER (RUE HENRI) DU 27 AU 91,47.2806,-2.2044
202000038196,8,3,2020,18,1,42,42103,1,1,1,7,Route de Combérigol,45.5067017,4.5555955
202000038197,13,3,2020,17,1,42,42187,2,1,1,6,Rue Nicolas Cugnot,46.04403,4.06086
202000038198,12,3,2020,12,1,42,42316,2,1,1,6,Rue Pasteur,45.39877,4.26316
202000038199,13,3,2020,21,5,37,37122,2,1,1,6,MARTYRS (RUE DES),47.3561346,0.6673202
202000038200,13,3,2020,8,1,37,37122,2,1,1,2,RD 86 DE MONTS à TOURS,47.3370632,0.6648126
202000038201,12,3,2020,17,1,35,35288,2,1,1,3,SILLON (DU) CHAUSSEE,48.65423,-2.00897
202000038202,12,3,2020,21,5,34,34172,2,1,1,6,BLANC (BOULEVARD LOUIS),43.614774,3.878642
202000038203,12,3,2020,23,5,34,34032,2,2,1,3,SEURAT GEORGES (RUE),43.35408,3.23025
202000038204,13,3,2020,16,1,33,33162,2,9,1,4,RTE DE LACANAU,44.88572,-0.66566
202000038205,13,3,2020,16,1,33,33281,2,1,1,6,AVE FRANCOIS MITTERRAND,44.82668,-0.62032
202000038206,13,3,2020,13,1,33,33119,2,8,1,6,AVE GEORGES CLEMENCEAU,44.85048,-0.50894
202000038207,13,3,2020,10,1,33,33065,1,2,1,1,Quai de la Souys / Route du Bord de l'Eau,44.81492,-0.52762
202000038208,7,2,2020,14,1,32,32013,2,1,1,7,DARWIN,43.63174,0.58985
202000038209,12,3,2020,14,1,31,31555,2,1,1,3,ARCOLE (BD D) DU 2AU 76,43.61118,1.44172
202000038210,13,3,2020,1,5,30,30189,2,1,1,6,FONTAINE (QUAI),43.83847,4.35156
202000038211,13,3,2020,20,5,29,29019,2,6,2,3,Rue Amiral Romain Desfossés,48.42638,-4.47783
202000038212,13,3,2020,11,1,29,29019,2,2,1,6,29 Rue Robespierre,48.4132388,-4.4912977
202000038213,13,3,2020,17,1,26,26362,2,2,1,3,1 Rue de Coulmiers,44.926013,4.901061
202000038214,13,3,2020,16,1,24,24145,2,1,1,3,ROUTE DE LA NAUVE,44.8527,0.53688
202000038215,13,3,2020,9,1,22,22360,1,1,1,7,RN12,48.4871,-2.7179
202000038216,7,3,2020,9,1,22,22187,1,1,1,7,RN12,48.54622,-2.78341
202000038217,14,3,2020,1,3,14,14118,2,1,1,-1,CD 405,49.17043,-0.38441
202000038218,12,3,2020,8,1,13,13103,2,1,1,4,AVENUE BOREL -GEORGES,43.640495,5.080197
202000038219,13,3,2020,20,5,13,13211,2,2,1,2,SAINT LOUP (BOULEVARD DE),43.285845,5.442562
202000038220,13,3,2020,18,2,13,13201,2,1,1,3,GARIBALDI (BOULEVARD) N° IMPAIRS,43.2969594,5.3811714
202000038221,12,3,2020,19,5,13,13204,2,2,1,6,FRANCOISE DUPARC (BOULEVARD),43.3067,5.4009
202000038222,11,3,2020,18,2,13,13204,2,1,1,7,PIERRE ROCHE (RUE),43.30952,5.40234
202000038223,12,3,2020,13,1,11,11069,1,1,1,2,SAINT HILAIRE -ROUTE DE-,43.1943,2.34844
202000038224,13,3,2020,14,1,10,10387,2,1,1,2,KLEBER (RUE),48.3035,4.0859
202000038225,12,3,2020,13,1,10,10297,2,2,1,3,DANTON (RUE),48.3218,4.0993
202000038226,12,3,2020,15,1,07,07331,2,3,1,3,ANTRAIGUES (FAUBOURG D'),44.668945,4.365384
202000038227,11,3,2020,16,1,05,05061,2,1,1,2,FOREST D'ENTRAIS ( RUE  DU ),44.56584,6.08695
202000038228,12,3,2020,15,1,75,75118,2,1,1,3,RUE DE LA CHAPELLE,48.894686,2.359413
202000038229,12,3,2020,0,5,75,75117,2,4,1,1,AVENUE DE SAINT OUEN,48.890688,2.326652
202000038230,13,3,2020,21,5,75,75120,2,1,1,6,RUE DE BAGNOLET,48.860908,2.404918
202000038231,13,3,2020,20,5,75,75120,2,4,1,3,AVENUE DE LA PORTE DES LILAS,48.877601,2.408349
202000038232,13,3,2020,9,1,75,75118,2,3,1,3,RUE DE L EVANGILE,48.894332,2.365977
202000038233,12,3,2020,20,5,75,75118,2,2,1,3,BOULEVARD BARBES,48.889506,2.349649
202000038234,13,3,2020,7,1,75,75116,2,2,1,3,ALLEE DE LONGCHAMP,48.867662,2.250894
202000038235,13,3,2020,10,1,75,75115,2,2,1,3,AVENUE EMILE ZOLA,48.846414,2.283134
202000038236,13,3,2020,18,1,75,75111,2,5,1,3,AVENUE PHILIPPE AUGUSTE,48.858268,2.38983
202000038237,13,3,2020,2,5,75,75111,2,3,1,6,BOULEVARD DES FILLES DU CALVAIRE,48.861623,2.367099
202000038238,13,3,2020,14,1,75,75110,2,2,1,3,RUE DU FAUBOURG SAINT MARTIN,48.881611,2.365803
202000038239,13,3,2020,8,1,75,75107,2,2,1,3,AVENUE DU MARECHAL GALLIENI,48.859944,2.313102
202000038240,13,3,2020,15,1,75,75104,2,3,1,3,RUE SAINT ANTOINE,48.853949,2.364756
202000038241,13,3,2020,14,1,75,75104,2,3,1,2,RUE DE RIVOLI,48.856966,2.353724
202000038242,13,3,2020,9,1,75,75104,2,4,1,2,BOULEVARD MORLAND,48.848928,2.364515
202000038243,13,3,2020,9,1,75,75101,2,3,1,5,RUE DE L ECHELLE,48.863193,2.33379
202000038244,13,3,2020,8,1,94,94080,2,1,1,2,CARNOT (AV),48.8421,2.4337
202000038245,12,3,2020,20,5,94,94068,2,1,1,2,FOUR (R DU),48.81121,2.46964
202000038246,11,3,2020,23,5,94,94068,2,1,1,6,GAMBETTA (AV),48.7957,2.494
202000038247,12,3,2020,23,5,94,94046,2,2,1,3,GENERAL LECLERC (AV DU),48.8058,2.44102
202000038248,13,3,2020,13,1,94,94017,2,9,1,3,PROFESSEUR PAUL MILLIEZ (R DU),48.81579,2.53312
202000038249,13,3,2020,8,1,93,93078,2,9,1,2,BECQUEREL (AVENUE HENRI),48.9569025,2.5551534
202000038250,13,3,2020,9,1,93,93055,2,1,1,1,JEAN JAURES (AVENUE) (76/128),48.90365,2.39217
202000038251,13,3,2020,16,1,93,93051,2,1,1,6,YVRIS (AVE),48.8235296,2.5793802
202000038252,13,3,2020,10,1,93,93048,2,2,1,3,AV GABRIEL PERI / R CONDORCET,48.85678,2.44317
202000038253,13,3,2020,10,1,93,93048,2,1,1,6,HENRI BARBUSSE (BOULEVARD),48.8672764,2.4422475
202000038254,12,3,2020,20,5,93,93061,2,1,1,6,R GABRIEL PERI,48.88847,2.40897
202000038255,12,3,2020,17,1,93,93047,2,1,1,6,R DE COUBRON,48.902861,2.57612
202000038256,12,3,2020,17,1,93,93057,2,2,1,3,BRIAND ( AV. ARISTIDE) 134 A 212,48.9097634,2.5073355
202000038257,13,3,2020,17,1,93,93001,2,1,1,2,R DES CITES ,48.907656,2.387889
202000038258,13,3,2020,15,1,92,92064,2,3,1,3,MARCEL DASSAULT,48.8566,2.2233
202000038259,12,3,2020,15,1,92,92063,2,1,1,6,COLMAR (AVENUE DE),48.886943,2.1705884
202000038260,13,3,2020,16,1,92,92009,2,1,1,3,HENRI LITOLFF ( RUE ),48.9179699,2.2623836
202000038261,13,3,2020,15,1,01,01299,1,1,1,6,D70,46.022967,5.09403
202000038262,14,3,2020,16,1,42,42068,2,1,1,6,Route de Saint Victor,46.0261553,4.2672655
202000038263,9,3,2020,17,1,83,83091,2,1,1,3,Rue Jules Favre,43.225724,6.145269
202000038264,13,3,2020,19,3,76,76006,1,1,1,1,D88,49.686189,0.832075
202000038265,13,3,2020,17,1,79,79062,2,3,1,3,Boulevard Georges Pompidou,46.829784,-0.672819
202000038266,14,3,2020,9,1,2B,2B150,1,1,1,3,Piano Alla Casa,42.58456,8.831291
202000038267,13,3,2020,18,5,2B,2B050,2,3,1,3,T30,42.552341,8.764413
202000038268,14,3,2020,4,3,71,71014,1,1,1,6,Route de Saulieu,46.972281,4.294496
202000038269,13,3,2020,16,1,63,63397,1,1,1,7,Chez Courtet,45.625049,2.707687
202000038270,13,3,2020,17,1,49,49373,2,1,1,6,Rue du Stade (Saint Hilaire du Bois),47.126148,-0.549923
202000038271,14,3,2020,2,5,12,12121,2,1,1,6,53 Avenue du Rouergue,44.425436,2.162424
202000038272,13,3,2020,14,1,12,12010,1,3,1,3, Lieu dit Recoules,44.310921,2.809088
202000038273,14,3,2020,8,1,34,34114,2,1,7,6,Boulevard de l'Esplanade,43.652241,3.553601
202000038274,14,3,2020,6,2,34,34193,1,1,1,6,D176,43.455544,2.844318
202000038275,12,3,2020,21,5,29,29041,2,6,1,3,D36 - Rue Pen Pave,48.0611372,-3.8305525
202000038276,12,3,2020,12,1,38,38075,1,3,1,-1,D1090,45.45957,5.99685
202000038277,14,3,2020,0,3,26,26118,1,1,1,6,Route de Saint Sorlin,45.299478,4.940178
202000038278,13,3,2020,13,1,14,14098,1,1,1,7,Rue de Marchanville (Cheux),49.179624,-0.536753
202000038279,14,3,2020,11,1,30,30269,1,1,1,6,Départementale 260,44.128383,3.853369
202000038280,13,3,2020,7,1,91,91159,1,1,1,1,D74,48.527452,2.465433
202000038281,13,3,2020,23,3,74,74252,1,1,1,7,Route Départementale 206 - Lieu-Dit Agy,46.0763723,6.6099498
202000038282,11,3,2020,11,1,971,97103,2,3,1,1,Boulevard de la Pointe Jarry,16.251285,-61.554433
202000038283,14,3,2020,12,1,60,60424,1,1,1,6,A1,49.4597786,2.7037242
202000038284,13,3,2020,23,3,29,29230,1,1,2,6,Lieu Dit Restrenot,47.968836,-3.53159
202000038285,14,3,2020,15,1,33,33214,1,1,1,3,RD6E1,45.0198,-1.17769
202000038286,14,3,2020,1,3,78,78003,1,1,2,2,N10,48.534567,1.829052
202000038287,14,3,2020,13,1,83,83077,2,1,1,3,D554,43.272874,5.974454
202000038288,13,3,2020,16,1,86,86090,1,1,1,7,D14,47.0307829,-0.0130112
202000038289,14,3,2020,14,1,33,33146,1,1,1,6,D2e7,45.115519,-0.7464875
202000038290,13,3,2020,20,3,33,33435,2,1,1,5,RD1113,44.56674,-0.23354
202000038291,13,3,2020,19,3,50,50519,1,1,1,6,9 Village la Haute Lande,49.558785,-1.6579
202000038292,14,3,2020,1,3,60,60500,1,1,2,6,N2,49.0987104,2.7390954
202000038293,14,3,2020,19,5,60,60551,1,1,1,1,D110,49.2861579,2.3816057
202000038294,13,3,2020,20,3,02,02818,1,1,1,3,D842,48.987878,3.26148
202000038295,12,3,2020,11,1,13,13202,1,1,1,4,A55-Sens Martigues vers Marseille,43.3089,5.36653
202000038296,17,2,2020,17,1,69,69388,1,1,1,2,RD383,45.7916,4.81507
202000038297,31,8,2020,17,1,38,38151,2,2,1,2,Avenue Edmond Esmonin,45.15935,5.72409
202000038298,31,8,2020,16,1,38,38151,1,1,1,6,Avenue de Grugliasco,45.14856,5.72275
202000038299,31,8,2020,18,1,35,35238,1,1,1,2,Rue Jean Guéhenno,48.11843,-1.66925
202000038300,31,8,2020,7,1,35,35238,1,1,1,3,RN136,48.13629,-1.7044
202000038301,25,8,2020,8,1,33,33063,2,3,1,3,RUE MAC CARTHY CAUD,44.83863,-0.62097
202000038302,30,8,2020,23,5,33,33063,2,3,1,2,CHARTRONS (QUAI DES),44.85256,-0.56774
202000038303,31,8,2020,15,1,33,33529,2,6,1,3,BISCAROSSE (AVE DE) JUSQU'A DUNE,44.59795,-1.19643
202000038304,30,8,2020,7,2,31,31555,1,1,2,6,VA007331 A620,43.56844,1.42054
202000038305,29,8,2020,19,1,31,31555,1,1,1,6,CHE DE FENOUILLET,43.65939,1.40926
202000038306,29,8,2020,19,1,31,31557,2,2,1,3,PETIT TRAIN (RUE DU),43.57827,1.32292
202000038307,29,8,2020,14,1,31,31557,1,1,1,6,D980,43.58484,1.362814
202000038308,29,8,2020,1,5,30,30007,2,1,2,6,SERRES (AVE OLIVIER DE),44.104465,4.084955
202000038309,31,8,2020,22,5,29,29019,2,2,1,2,Rue du Château,48.3831439,-4.4912733
202000038310,31,8,2020,7,1,26,26198,2,3,1,3, 43 Chemin des Grèzes,44.547223,4.734081
202000038311,31,8,2020,22,5,25,25056,2,2,1,3,JOUCHOUX RUE AUGUSTE,47.23825,5.98808
202000038312,31,8,2020,16,1,25,25056,2,2,1,3,BD WINSTON CHURCHILL,47.247449,5.998857
202000038313,28,8,2020,16,1,21,21231,2,2,1,3,Boulevard Thiers,47.322013,5.051641
202000038314,31,8,2020,17,1,17,17300,2,2,1,3,GAMBETTA   AVENUE,46.16167,-1.14551
202000038315,31,8,2020,11,1,14,14327,2,1,1,2,COLOMBELLES CD226 (ROUTE DE),49.2152,-0.33645
202000038316,31,8,2020,13,1,10,10297,2,1,1,3,NARCISSE HAUTELIN (RUE),48.318645,4.100528
202000038317,1,9,2020,1,5,06,06123,2,1,1,6,PLATEAUX FLEURIS CHEMIN DES,43.6733,7.179
202000038318,31,8,2020,17,1,75,75120,2,1,1,4,BOULEVARD PERIPHERIQUE,48.874745,2.410543
202000038319,31,8,2020,16,1,75,75118,2,1,1,2,BOULEVARD PERIPHERIQUE,48.900896,2.344014
202000038320,30,8,2020,5,5,75,75112,2,1,1,6,QUAI DE LA RAPEE,48.843536,2.370052
202000038321,31,8,2020,19,1,75,75120,2,2,1,6,RUE DES PYRENEES,48.865513,2.398008
202000038322,31,8,2020,14,1,75,75119,2,7,1,3,AVENUE DE LA PORTE DE PANTIN,48.889719,2.396672
202000038323,31,8,2020,20,5,75,75117,2,2,1,3,RUE DE TOCQUEVILLE,48.887526,2.307496
202000038324,31,8,2020,8,1,75,75117,2,1,1,3,RUE DE ROME,48.882874,2.319683
202000038325,30,8,2020,9,1,75,75117,2,3,2,3,BOULEVARD D AURELLE DE PALADINES,48.881909,2.283386
202000038326,31,8,2020,1,5,75,75116,2,7,1,6,PLACE DU TROCADERO ET DU 11 NOVEMBRE,48.862529,2.286823
202000038327,31,8,2020,16,1,75,75115,2,2,1,3,RUE LECOURBE,48.840476,2.295725
202000038328,31,8,2020,10,1,75,75115,2,2,1,3,RUE DU COTENTIN,48.838673,2.314574
202000038329,31,8,2020,8,1,75,75115,2,3,1,4,RUE SAINT CHARLES,48.847387,2.28618
202000038330,31,8,2020,9,1,75,75115,2,1,1,3,RUE SAINT CHARLES,48.847108,2.285956
202000038331,30,8,2020,13,1,75,75115,2,1,1,3,BOULEVARD PASTEUR,48.844235,2.311315
202000038332,31,8,2020,10,1,75,75113,2,2,1,7,QUAI FRANCOIS MAURIAC,48.832234,2.379766
202000038333,31,8,2020,19,1,75,75111,2,3,1,6,AVENUE LEDRU ROLLIN,48.854739,2.378149
202000038334,31,8,2020,10,1,75,75111,2,1,1,2,AVENUE PARMENTIER,48.864826,2.374868
202000038335,31,8,2020,12,1,75,75110,2,3,1,3,AVENUE PARMENTIER,48.87077,2.370477
202000038336,30,8,2020,22,5,75,75108,2,2,1,3,AVENUE HOCHE,48.87522,2.298497
202000038337,31,8,2020,2,5,75,75104,2,7,1,3,QUAI DE GESVRES,48.857182,2.347335
202000038338,31,8,2020,6,2,94,94081,2,1,1,3,LUCIEN FRANCAIS (AV),48.7873,2.3865
202000038339,31,8,2020,14,1,94,94054,2,1,1,2,VICTOIRE (AV DE LA),48.7642,2.4059
202000038340,31,8,2020,18,1,94,94017,2,9,1,6,REPUBLIQUE (AV DE LA),48.82304,2.51033
202000038341,31,8,2020,13,1,94,94071,2,4,1,3,OLIVIER D ORMESSON (AV),48.78085,2.51587
202000038342,31,8,2020,16,1,93,93071,2,1,1,3,JOHN F. KENNEDY (AVENUE),48.93937,2.51268
202000038343,31,8,2020,16,1,93,93062,2,3,1,3,CLEMENCET (ALLEE),48.889,2.5151
202000038344,31,8,2020,16,1,93,93049,2,1,8,6,BD GALLIENI,48.85325,2.51543
202000038345,31,8,2020,17,1,93,93048,2,3,1,6,IRENEE LECOQ (RUE),48.87221,2.45025
202000038346,30,8,2020,10,1,93,93048,2,1,2,3,RESISTANCE (AVENUE DE LA),48.86291,2.43663
202000038347,31,8,2020,18,1,93,93013,2,2,1,3,AV DU GENERAL LECLERC / R DE L'ABBE NOIR,48.94057,2.4314
202000038348,31,8,2020,8,1,92,92078,2,7,1,3,VERDUN (AVENUE) (PAIRS 2 A 38),48.9355432,2.3325723
202000038349,28,8,2020,23,5,92,92036,2,2,1,3,DEQUEVAUVILLIERS (BOULEVARD),48.9461434,2.3044857
202000038350,25,6,2020,23,5,92,92024,2,1,1,7,PONT DE CLICHY,48.909184,2.299694
202000038351,30,8,2020,15,1,84,84029,2,1,1,7,95 Avenue Louis Pasteur,44.162012,4.875569
202000038352,1,9,2020,16,1,63,63257,1,2,1,3,D553,45.7362985,2.8673154
202000038353,31,8,2020,14,1,63,63290,1,1,8,1,D90,45.908614,2.905025
202000038354,1,9,2020,13,1,01,01209,1,1,1,7,1206,46.120043,5.889915
202000038355,25,8,2020,11,1,06,06130,1,1,1,2,D5,43.70909,6.864352
202000038356,31,8,2020,23,3,51,51532,1,1,1,7,D22,49.1554969,3.9682408
202000038357,29,8,2020,18,2,59,59464,2,1,2,7,45 Rue Pasteur,50.190675,3.612454
202000038358,1,9,2020,18,1,56,56014,1,2,1,3,Kerléadec,47.995637,-3.38042
202000038359,31,8,2020,7,2,56,56078,1,2,1,3,Rue de Saint-maurice,47.794914,-3.508989
202000038360,31,8,2020,18,1,74,74164,1,1,1,7,Route du Môle,46.104415,6.483221
202000038361,1,8,2020,15,1,74,74275,1,3,1,3,1100 Route de Saint-germain,45.85154,6.216111
202000038362,31,8,2020,20,1,77,77321,2,1,1,6,15 Route de Montereau - D142,48.410132,3.231096
202000038363,29,7,2020,20,2,79,79171,1,1,1,6,,46.99808,-0.28476
202000038364,1,9,2020,1,3,2B,2B242,2,1,1,2,T10,42.394642,9.530752
202000038365,22,8,2020,17,1,32,32096,2,1,1,1,Avenue des Landes,43.955752,-0.03813
202000038366,1,9,2020,10,1,61,61472,1,1,1,1,La Croix Biette,48.763304,-0.027755
202000038367,26,8,2020,23,4,49,49248,2,1,1,7,Rue de la Liberation (Le Tremblay),47.678554,-1.015002
202000038368,5,8,2020,22,5,41,41059,2,4,1,6,2 Rue de la Fonderie,47.419435,1.428738
202000038369,31,8,2020,17,1,29,29095,1,2,1,2,St Elven,48.4622421,-4.367487
202000038370,28,8,2020,18,1,84,84107,2,6,1,7,D30,44.027955,5.495245
202000038371,30,8,2020,8,2,15,15087,1,1,8,7,D920,44.770913,2.46011
202000038372,31,8,2020,14,1,70,70257,1,1,8,6,D3,47.517085,5.932446
202000038373,1,9,2020,10,1,06,06007,2,1,1,3,Route de Cannes,43.607774,6.915513
202000038374,30,8,2020,11,1,83,83082,1,9,1,7,Route Departementale 955,43.634522,6.481719
202000038375,29,8,2020,14,1,45,45067,2,1,1,7,Rue du Genevret,47.881862,1.769995
202000038376,31,8,2020,15,1,18,18015,2,1,1,-1,57 Avenue du Parc des Sports,47.486381,2.443792
202000038377,1,9,2020,6,3,10,10382,1,9,1,3,D439,48.42673,3.444149
202000038378,31,8,2020,18,1,28,28422,1,1,1,7,D29,48.284592,1.611772
202000038379,30,8,2020,6,3,17,17353,1,1,1,1,route impériale,45.986437,-1.011257
202000038380,1,9,2020,0,3,37,37108,1,1,1,6,Le Bas Puits Bertin,47.1322848,1.0481408
202000038381,31,8,2020,18,1,30,30228,1,2,1,3,D418,43.942306,4.322047
202000038382,1,9,2020,13,1,03,03186,1,1,1,4,A71,46.3302079,2.959874
202000038383,1,9,2020,15,1,79,79276,1,1,1,2,,46.38338,-0.205624
202000038384,31,8,2020,17,1,90,90001,1,1,1,2,A36,47.609461,6.85652
202000038385,24,8,2020,14,1,972,97230,2,1,1,3,Cite Beausejour,14.743229,-60.945902
202000038386,1,9,2020,17,1,78,78616,1,1,1,7,D45,48.87681,1.813699
202000038387,31,8,2020,18,1,34,34327,1,4,1,4,RD 65,43.662703,3.979046
202000038388,30,8,2020,11,1,83,83027,1,1,1,7,Chemin de Cuges,43.209207,5.750581
202000038389,1,9,2020,16,1,05,05079,1,1,1,1,D1091,45.041947,6.422002
202000038390,30,8,2020,23,3,13,13100,1,1,1,6,D99,43.785828,4.86204
202000038391,29,8,2020,23,5,13,13041,2,2,1,3,Avenue des Aires,43.454274,5.476749
202000038392,31,8,2020,21,3,57,57669,1,1,1,6,23 Rue de Folkling,49.131159,6.88868
202000038393,10,8,2020,18,2,42,42122,1,1,3,3,Route de Saint Antheme,45.576048,4.062188
202000038394,1,9,2020,16,1,69,69062,1,2,1,3,D2,45.624295,4.480501
202000038395,6,8,2020,18,2,81,81219,2,1,7,1,5 Avenue de Vielmur,43.574177,2.011721
202000038396,31,8,2020,14,1,17,17336,1,1,1,1,Route de Saintes,45.761221,-0.69091