Num_Acc,jour,mois,an,hr,condition_eclairage,departement,commune,condition_agglomeration,intersection,condition_atmosphere,type_collision,adresse,lattitude,longitude
202000038397,31,8,2020,18,1,33,33444,1,1,7,2,D1113,44.57416,-0.172509
202000038398,31,8,2020,20,1,72,72378,1,1,1,1,D306,47.813827,-0.266379
202000038399,31,8,2020,8,1,44,44172,2,6,1,3,Rond Point des Bornes,47.275047,-1.468582
202000038400,31,8,2020,20,1,76,76758,2,2,1,-1,Rue Saint-françois,49.616337,0.75973
202000038401,31,8,2020,15,1,13,13214,1,1,1,2,A7-Sens Lyon vers Marseille,43.325923,5.378279
202000038402,31,8,2020,9,1,13,13215,1,1,1,4,A55-Sens Martigues vers Marseille,43.33638,5.3503
202000038403,31,8,2020,12,1,33,33397,1,1,1,3,AUTOROUTE A 10,44.91391,-0.48061
202000038404,31,8,2020,9,1,33,33075,1,1,1,2,ROCADE A 630,44.88797,-0.58053
202000038405,31,8,2020,5,3,91,91363,1,1,1,6,RN 104,48.6379,2.2034
202000038406,30,8,2020,21,5,78,78238,1,1,1,6,A13,48.969686,1.867238
202000038407,31,8,2020,17,1,95,95277,1,1,1,2,RD 170B7,48.97486,2.48606
202000038408,30,8,2020,17,1,69,69383,2,1,1,-1,BONNEL (DE)                         (R ),45.7613598,4.8419315
202000038409,27,8,2020,9,1,972,97213,1,5,1,3,VIEUX CHEMIN CALIFORNIE (RUE DU),14.60963,-61.0283
202000038410,28,8,2020,22,4,972,97213,2,1,1,2,CASE NEGRE (RUE),14.6205652,-60.9891844
202000038411,22,8,2020,5,5,69,69034,2,1,1,-1,DU BAC A TRAILLE                    (CH),45.79103,4.86812
202000038412,30,8,2020,3,5,2B,2B033,2,1,2,6,CARDO - CHEMIN DE,42.69746,9.42911
202000038413,30,8,2020,10,1,91,91174,2,9,8,6,Darblay (avenue),48.613848,2.480025
202000038414,30,8,2020,21,5,83,83069,2,1,1,2,DENIS (AVENUE ALPHONSE),43.12135,6.13759
202000038415,30,8,2020,18,2,83,83069,2,1,1,6,LOUBES (ROUTE DES),43.113193,6.103007
202000038416,29,8,2020,14,1,77,77296,1,9,1,-1,D 306,48.60581,2.58245
202000038417,30,8,2020,17,1,69,69266,2,1,1,3,ROGER SALENGRO     (Avenue),45.7761,4.871
202000038418,30,8,2020,16,1,69,69266,2,3,1,3,8 MAI 1945   (Rue du),45.77951,4.89177
202000038419,30,8,2020,14,1,69,69266,2,1,1,2,EMILE ZOLA     (Cours),45.76629,4.8971
202000038420,30,8,2020,10,1,64,64024,2,1,2,3,LAPORTE (AVENUE JEAN LEON),43.4878629,-1.5005148
202000038421,30,8,2020,1,5,64,64024,2,3,1,1,MER (BOULEVARD DE LA),43.4935,-1.5455
202000038422,29,8,2020,20,2,64,64102,2,1,2,7,AQUITAINE (AVENUE DE L'),43.4866489,-1.4676501
202000038423,30,8,2020,12,1,45,45234,2,1,2,6,Rue du Canon,47.89894,1.89634
202000038424,30,8,2020,17,1,37,37208,2,1,2,-1,CORMERY (RUE DE),47.3474917,0.7346729
202000038425,30,8,2020,15,1,37,37122,2,9,3,6,PERIPHERIQUE OUEST,47.347467,0.6460164
202000038426,30,8,2020,17,1,37,37261,2,1,1,4,PROUDHON (AVENUE),47.3936508,0.6637463
202000038427,30,8,2020,4,5,29,29232,2,1,1,7,Rue du 19 Mars 1962,47.9887411,-4.1111618
202000038428,30,8,2020,20,1,26,26362,2,6,1,1,Avenue de Marseille,44.905312,4.882983
202000038429,30,8,2020,0,5,18,18033,2,1,1,6,CASTORS (RUE DES),47.07589,2.37652
202000038430,28,8,2020,12,1,15,15014,2,9,1,2,CÔTE DE LASCANAUX (RN120),44.922585,2.427468
202000038431,29,8,2020,8,1,13,13214,2,1,1,1,ARNAVAUX (AVENUE DES),43.3321783,5.3815171
202000038432,30,8,2020,6,5,10,10387,2,1,2,7,GEORGES POMPIDOU (RUE),48.2962,4.094
202000038433,30,8,2020,17,1,06,06088,2,1,1,1,MADELEINE (BD DE LA),43.7001,7.2382
202000038434,30,8,2020,12,1,06,06069,2,1,1,4,CHENES (CHEMIN DES),43.641046,6.914579
202000038435,30,8,2020,15,1,75,75114,2,1,1,7,PORTE DE GENTILLY,48.816581,2.338939
202000038436,30,8,2020,10,1,75,75120,2,4,2,6,ECHANGEUR BAGNOLET,48.86123,2.413757
202000038437,29,8,2020,17,1,75,75119,2,1,2,6,BOULEVARD PERIPHERIQUE EXTERIEUR NORD  ,48.882114,2.401694
202000038438,29,8,2020,15,1,75,75105,2,5,1,2,RUE GAY LUSSAC,48.841266,2.343597
202000038439,29,8,2020,22,5,75,75118,2,7,1,2,RUE ORDENER,48.890649,2.354532
202000038440,30,8,2020,16,1,75,75117,2,1,1,7,BOULEVARD GOUVION SAINT CYR,48.882886,2.287175
202000038441,30,8,2020,3,5,75,75117,2,3,1,3,AVENUE DE CLICHY,48.891926,2.317935
202000038442,29,8,2020,21,5,75,75107,2,7,1,2,PLACE LEON PAUL FARGUE,48.846864,2.316712
202000038443,30,8,2020,2,5,75,75107,2,2,1,6,QUAI BRANLY,48.862468,2.30161
202000038444,30,8,2020,14,1,94,94003,2,1,2,5,DOCTEUR DURAND (AV DU),48.80465,2.3294
202000038445,30,8,2020,12,1,94,94073,2,1,8,3,LUXEMBOURG (AV DU),48.757035,2.373719
202000038446,30,8,2020,11,1,94,94034,2,2,2,6,DIVISION LECLERC (AV DE LA),48.758644,2.324033
202000038447,30,8,2020,19,2,94,94022,2,1,2,2,VICTOR HUGO (AV),48.77011,2.42539
202000038448,30,8,2020,8,2,94,94017,2,2,2,3,MAURICE THOREZ (AV),48.815016,2.53806
202000038449,30,8,2020,21,3,93,93073,1,1,2,7,CHAPIT RE ( RUE DU),49.0034339,2.5367413
202000038450,30,8,2020,17,1,93,93073,1,1,1,7,RTE DU PERIPHERIQUE SUD,48.9896,2.5622
202000038451,30,8,2020,11,1,93,93027,2,2,2,7,SUD (ALLEE DU),48.91946,2.3841
202000038452,30,8,2020,2,5,93,93057,2,1,1,6,BRIAND ( AV. ARISTIDE) 238 A 308,48.91056,2.51317
202000038453,30,8,2020,19,1,92,92078,2,1,1,1,MARC SANGNIER (AVENUE),48.92971,2.3259
202000038454,29,8,2020,16,1,92,92025,2,2,2,1,KLEBER (AV),48.93432,2.255879
202000038455,30,8,2020,1,5,92,92060,2,6,1,-1,PAUL LANGEVIN (AVENUE) (RD 2),48.77637,2.24996
202000038456,30,8,2020,19,1,92,92012,2,1,1,6,REINE (ROUTE DE LA) 1/37- 6/80,48.839488,2.242141
202000038457,30,8,2020,10,1,08,08119,1,1,1,2,D977,49.669463,4.888967
202000038458,5,8,2020,10,1,24,24442,2,6,1,1,Rue Bertran de Born,45.12221,0.495753
202000038459,30,8,2020,0,4,95,95313,1,6,1,6,Avenue de Paris,49.103769,2.249156
202000038460,30,8,2020,11,1,84,84091,1,1,1,7,Route Nationale 7,44.164721,4.768227
202000038461,30,8,2020,9,1,76,76516,1,1,3,7,A28,49.7190133,1.4213397
202000038462,30,8,2020,20,2,57,57226,2,1,1,6,Rue de l'Eglise,49.355873,5.994195
202000038463,28,8,2020,13,1,57,57334,1,1,1,7,D45,48.685408,7.182698
202000038464,30,8,2020,10,1,56,56252,2,1,1,6,Rue de la Mairie,47.526036,-2.647147
202000038465,31,8,2020,16,1,2A,2A130,1,1,8,3,Lieu Dit Tinarella,41.881868,8.954182
202000038466,29,8,2020,17,1,71,71014,1,1,1,7,D680,46.9296473,4.3645481
202000038467,31,8,2020,14,1,63,63430,2,2,8,3,45 Avenue Léo Lagrange,45.848502,3.533177
202000038468,30,8,2020,11,1,63,63040,2,1,1,3,D 997B - route de Clermont,45.7353958,3.33581
202000038469,30,7,2020,21,1,76,76711,2,1,1,3,Avenue du Marechal Foch,50.064298,1.379439
202000038470,30,8,2020,11,1,12,12254,1,1,1,1,route départementale  901,44.426057,2.529237
202000038471,31,8,2020,8,2,35,35360,2,1,1,6,Rue de Brest,48.123132,-1.213973
202000038472,30,8,2020,16,1,35,35234,1,3,1,3,La Polka,48.223714,-2.177655
202000038473,27,8,2020,8,1,29,29162,2,1,1,6,Place Charles de Gaulle,48.225734,-3.970152
202000038474,20,8,2020,15,1,29,29290,1,1,1,1,Lieu Dit Pen Ar Valy,48.553624,-4.558162
202000038475,29,8,2020,14,1,29,29168,1,3,1,3,74 Rue des Langoustiers,48.0373539,-4.7141109
202000038476,31,8,2020,13,1,31,31487,2,1,1,6,Terme de Debat,43.160005,0.696012
202000038477,31,8,2020,7,2,31,31345,1,1,1,1,D820,43.403948,1.42884
202000038478,13,6,2020,0,3,72,72158,1,1,1,6,Le Gue Long,48.043897,0.619881
202000038479,31,8,2020,9,1,05,05010,1,1,1,-1,D1075,44.552099,5.773315
202000038480,31,8,2020,14,1,64,64275,2,5,1,3,D22,43.172955,-1.219761
202000038481,29,8,2020,18,1,64,64014,1,1,1,1,D20,43.316529,-1.490064
202000038482,28,8,2020,14,1,64,64035,1,1,2,1,D255,43.438119,-1.549684
202000038483,28,8,2020,11,1,43,43213,1,1,2,3,D451,45.256552,4.276536
202000038484,31,8,2020,12,1,43,43211,2,1,8,6,85 Rue Nationale,45.218294,4.133778
202000038485,29,8,2020,5,3,36,36096,1,1,1,6,La Gabriere,46.748874,1.160495
202000038486,30,8,2020,15,1,21,21599,2,1,1,7,Rue Henri Jevain,47.5843621,5.1827802
202000038487,28,8,2020,16,1,40,40233,1,1,2,6,Route de Mimbaste,43.622279,-0.996218
202000038488,31,8,2020,16,1,04,04124,1,1,1,7,Rte de Saint Laurent,43.73586,6.079063
202000038489,30,8,2020,19,1,85,85284,2,2,1,3,1 Rue de l'Ocean,46.79609,-1.90045
202000038490,31,8,2020,14,1,85,85076,2,1,1,6,Rue du Président Auguste Durand,47.07376,-1.25225
202000038491,15,8,2020,9,1,30,30341,1,6,1,7,Mas Saint-laurent,43.57209,4.307499
202000038492,30,8,2020,15,1,77,77453,1,1,3,-1,Châtillon-la-Borde (Embranchement d'autoroute),48.539341,2.7956772
202000038493,1,2,2020,21,5,33,33063,2,2,2,3,BD ANTOINE GAUTIER / RUE GENERAL DE LARMINAT / BD GEORGES POMPIDOU,44.83334,-0.59855
202000038494,28,1,2020,8,2,33,33522,2,2,1,6,Cours de la Libération,44.810607,-0.591462
202000038495,9,2,2020,3,5,31,31555,2,4,1,3,RUE DU POLE,43.64734,1.42013
202000038496,10,2,2020,18,1,29,29019,2,2,1,3,147 Rue du Guelmeur,48.39285,-4.46209
202000038497,8,2,2020,7,5,29,29019,2,1,1,6,24 Rue Charles Péguy,48.401898,-4.4882325
202000038498,10,2,2020,9,1,25,25462,2,2,6,3,HUGO VICTOR,46.90871,6.34771
202000038499,8,2,2020,15,1,25,25056,2,3,1,3,16 Rue de la Cassotte,47.24667,6.03061
202000038500,7,2,2020,16,1,19,19031,2,1,1,2,SEMARD (AVENUE PIERRE) JUSQU'A N° 73 - 6,45.15583,1.51772
202000038501,7,2,2020,20,5,13,13071,1,1,1,3,CD 6,43.411138,5.328983
202000038502,10,2,2020,16,1,13,13213,2,2,1,3,ALBERT EINSTEIN (RUE),43.339222,5.439374
202000038503,10,2,2020,15,1,13,13209,2,1,1,6,HUVEAUNE (BOULEVARD DE),43.272451,5.406295
202000038504,10,2,2020,10,1,13,13203,2,1,1,6,BELLE DE MAI (RUE),43.31796,5.37403
202000038505,10,2,2020,6,2,13,13209,2,1,1,1,LUDOVIC LEGRE (AVENUE),43.2512,5.3991
202000038506,9,2,2020,12,1,11,11069,2,2,1,3,MONTREAL -ROUTE DE -,43.211351,2.3264837
202000038507,8,2,2020,16,1,09,09225,2,1,1,3,FOIX AVENUE DE,43.1009419,1.6231656
202000038508,8,2,2020,18,2,09,09207,2,1,1,6,CAUSSOU (CH DE),42.942523,1.631544
202000038509,9,2,2020,10,1,08,08105,2,1,8,6,CARNOT AVENUE,49.7419,4.7263
202000038510,8,2,2020,15,1,05,05061,2,4,1,3,SOLEIL ( RUE DU ),44.54071,6.05715
202000038511,10,2,2020,21,5,75,75118,2,1,2,-1,PORTE D AUBERVILLIERS,48.900802,2.369807
202000038512,9,2,2020,21,5,75,75119,2,1,1,2,PORTE DES LILAS,48.87963,2.40716
202000038513,10,2,2020,19,5,75,75119,2,2,2,6,BOULEVARD MACDONALD,48.898732,2.37111
202000038514,10,2,2020,14,1,75,75119,2,2,2,3,AVENUE RENE FONCK,48.879765,2.408403
202000038515,10,2,2020,9,1,75,75118,2,4,1,6,BOULEVARD BARBES,48.884486,2.349488
202000038516,10,2,2020,9,1,75,75117,2,2,1,7,RUE DE TOCQUEVILLE,48.883274,2.31272
202000038517,10,2,2020,14,1,75,75116,2,7,2,7,PLACE CLEMENT ADER,48.851344,2.278489
202000038518,9,2,2020,11,1,75,75116,2,3,1,2,BOULEVARD LANNES,48.864516,2.269826
202000038519,10,2,2020,17,2,75,75107,2,1,6,1,AVENUE DE SUFFREN,48.852013,2.299572
202000038520,10,2,2020,15,1,75,75115,2,3,3,6,AVENUE FELIX FAURE,48.837396,2.279609
202000038521,10,2,2020,6,4,75,75115,2,7,3,6,PLACE DES INSURGES DE VARSOVIE,48.827732,2.29221
202000038522,10,2,2020,9,1,75,75114,2,5,1,6,BOULEVARD DU MONTPARNASSE,48.841913,2.329606
202000038523,8,2,2020,22,5,75,75113,2,4,8,6,BOULEVARD AUGUSTE BLANQUI,48.829709,2.349405
202000038524,10,2,2020,11,1,75,75108,2,7,1,3,PLACE CHARLES DE GAULLE,48.873521,2.295844
202000038525,10,2,2020,2,5,75,75108,2,3,6,3,AVENUE DE FRIEDLAND,48.87423,2.299542
202000038526,8,2,2020,14,1,94,94003,2,1,1,2,LAPLACE (AV),48.808285,2.33204
202000038527,10,2,2020,19,5,94,94028,2,1,2,6,CHOISY(ROUTE DE),48.78335,2.44722
202000038528,10,2,2020,16,1,93,93066,2,3,2,6,CITE DANIELLE CASANOVA,48.9276956,2.3638012
202000038529,10,2,2020,12,1,93,93048,2,1,1,2,ARISTE HEMARD (RUE),48.8595534,2.4376076
202000038530,10,2,2020,19,5,93,93032,2,2,3,5,R PAUL VAILLANT COUTURIER / AV DE VERSAILLES,48.87693,2.5491
202000038531,9,2,2020,22,5,93,93027,2,1,2,1,CURIE (RUE PIERRE),48.9214742,2.3813545
202000038532,10,2,2020,11,1,92,92026,2,1,6,2,ROUEN,48.896867,2.241271
202000038533,9,2,2020,18,1,92,92025,2,3,1,-1,BOURNARD (RUE DU),48.9235947,2.2597262
202000038534,10,2,2020,17,1,92,92032,2,3,2,7,FOCH MARECHAL (AVENUE DU),48.7936718,2.2974394
202000038535,10,2,2020,19,5,92,92007,2,1,2,6,VAILLANT-COUTURIER (AVENU PAUL),48.7903936,2.3145425
202000038536,10,2,2020,11,1,33,33065,1,1,1,3,ROUTE NATIONALE 230,44.80946,-0.52458
202000038537,10,2,2020,8,1,33,33075,1,1,2,3,ROCADE A 630,44.88899,-0.6181
202000038538,5,2,2020,15,1,59,59431,1,1,1,6,AUTOROUTE A25,50.6917478,2.8154612
202000038539,10,2,2020,13,1,91,91286,1,1,1,4,AUTOROUTE A6,48.65698,2.377263
202000038540,10,2,2020,18,5,92,92050,1,1,3,2,A86,48.9038215,2.2068111
202000038541,9,2,2020,19,3,93,93053,1,1,3,2,AUTOROUTE A3,48.8872255,2.4739409
202000038542,9,2,2020,9,1,95,95678,1,1,6,2,RN 104,49.06949,2.24839
202000038543,9,2,2020,0,3,93,93005,1,1,1,6,AUTOROUTE A1,48.9618,2.467
202000038544,8,2,2020,22,3,95,95277,1,1,2,6,AUTOROUTE A104,48.9727179,2.485019
202000038545,8,2,2020,23,3,95,95306,1,1,1,7,AUTOROUTE A15,49.00261,2.17002
202000038546,10,2,2020,5,5,94,94073,1,1,1,4,A86 EXT,48.7718385,2.3942454
202000038547,10,2,2020,8,1,988,98818,2,3,2,3,ENTREE LE SURF/PROMENADE ROGER LAROQUE,-22.30318,166.43647
202000038548,8,2,2020,19,5,988,98818,2,3,1,3,ROUTE DE L'ANSE VATA/RUE ANGE BERLIOZ,-22.28035,166.44858
202000038549,9,2,2020,20,5,976,97611,2,3,1,3,kaweni-Poste ( rue de la ),-12.7779,45.22836
202000038550,6,2,2020,14,1,974,97416,1,9,2,3,CONCESSION CONDE(CHEMIN),-21.2987,55.49742
202000038551,9,2,2020,8,1,974,97411,2,1,1,2,PROVIDENCE (BOULEVARD DE LA),-20.89091,55.45315
202000038552,9,2,2020,11,1,974,97407,1,9,1,4,ROUTE NATIONALE N° 1,-20.95634,55.31045
202000038553,9,2,2020,19,5,69,69388,2,1,1,6,PIERRE DELORE                       (R ),45.73609,4.8559
202000038554,9,2,2020,2,5,69,69386,2,2,1,3,JULES FERRY                         (PL),45.76625,4.85924
202000038555,8,2,2020,22,5,69,69384,2,1,1,6,ESSES (DES)                         (MO),45.7731819,4.8154128
202000038556,9,2,2020,14,1,69,69034,2,1,1,1,ARISTIDE BRIAND                     (CO),45.783,4.8441
202000038557,8,2,2020,11,1,69,69381,2,9,1,6,CROIX ROUSSE (DE LA)                (BD),45.77417,4.82923
202000038558,9,2,2020,10,1,69,69034,2,1,1,3,GENERAL LECLERC                     (AV),45.8037,4.8611
202000038559,7,2,2020,15,1,78,78517,1,1,1,2,RN 10,48.67427,1.83993
202000038560,9,2,2020,6,5,77,77293,2,1,1,6,HAUTE (RUE) - D29,48.36119,3.084319
202000038561,20,1,2020,9,1,73,73008,2,1,1,6,GARIBALDI BOULEVARD A PARTIR DU CHEMIN D,45.6969264,5.8954781
202000038562,9,2,2020,14,1,65,65100,1,3,1,3,BOURS (ROUTE DE),43.268039,0.076467
202000038563,9,2,2020,14,1,64,64189,2,1,1,1,ANTHONIOZ DE GAULLE GENEVIEVE (AVENUE),43.38324,-1.6667
202000038564,9,2,2020,6,5,64,64024,2,1,1,1,BAB (BOULEVARD DU),43.49058,-1.53366
202000038565,9,2,2020,5,5,51,51454,2,1,1,2,Avenue d’Epernay,49.2449802,4.0125117
202000038566,9,2,2020,3,3,37,37122,2,1,1,6,ROUTE DE SAVONNIERES,47.367819,0.6448085
202000038567,9,2,2020,21,5,37,37261,2,2,6,3,HEURTELOUP (BOULEVARD),47.3927571,0.7011246
202000038568,8,2,2020,11,1,34,34172,2,1,2,-1,ASSAS (AVENUE D'),43.61512,3.86396
202000038569,9,2,2020,13,1,33,33119,2,6,1,5,AVE CARNOT / AVE RENE CASSAGNE,44.86565,-0.51385
202000038570,9,2,2020,12,1,33,33063,2,8,1,3,Quai de Bacalan,44.85674,-0.5616
202000038571,9,2,2020,19,3,33,33009,2,6,1,6,RD217E1 / Avenue du Golf,44.64607,-1.1899
202000038572,8,2,2020,18,3,33,33529,2,1,2,2,PYLA (BD DU),44.63356,-1.17132
202000038573,8,2,2020,20,5,32,32013,2,1,1,2,SADI-CARNOT (BOULEVARD),43.64764,0.58874
202000038574,9,2,2020,17,1,29,29232,2,1,2,6,Vieille Route de Rosporden,47.98609,-4.05371
202000038575,8,2,2020,11,1,29,29232,1,1,1,6,69 Route de Benodet,47.9848593,-4.105735
202000038576,8,2,2020,9,1,29,29232,1,1,1,3,92 Route de Benodet,47.98251,-4.10305
202000038577,7,2,2020,17,2,25,25056,2,2,1,3,ROUTE DE GRAY,47.24456,5.99303
202000038578,9,2,2020,11,1,13,13117,1,1,1,2,STADIUM (CD9),43.4323,5.27788
202000038579,9,2,2020,20,5,13,13213,2,6,1,3,ESCADRILLE NORMANDIE NIEMEN,43.333425,5.410124
202000038580,9,2,2020,9,1,13,13213,2,1,1,6,PALAMA (CHEMIN DE),43.367146,5.443274
202000038581,9,2,2020,1,5,13,13211,2,1,1,2,EMMANUEL ALLARD (RUE),43.29016,5.44161
202000038582,7,2,2020,15,1,11,11262,2,1,1,2,LECLERC (AVENUE DU GENERAL),43.1755,2.99323
202000038583,7,2,2020,17,1,04,04112,2,1,1,3,RD 907,43.818312,5.79713
202000038584,8,2,2020,17,1,03,03185,2,6,1,3,Avenue Albert Thomas,46.3575618,2.585369
202000038585,30,1,2020,18,5,03,03185,2,1,2,6,rue de Blanzat n° 32,46.3509833,2.5997708
202000038586,6,2,2020,20,3,75,75114,2,1,1,7,PORTE DE GENTILLY,48.81644,2.343045
202000038587,8,2,2020,11,1,75,75106,2,1,1,2,BOULEVARD SAINT GERMAIN,48.854029,2.332276
202000038588,9,2,2020,20,5,75,75120,2,2,2,6,RUE DES PYRENEES,48.85914,2.402112
202000038589,9,2,2020,15,1,75,75120,2,3,6,3,BOULEVARD DE BELLEVILLE,48.867683,2.382511
202000038590,9,2,2020,20,5,75,75119,2,3,2,3,AVENUE DE LA PORTE DE LA VILLETTE,48.899779,2.387986
202000038591,9,2,2020,14,1,75,75117,2,3,6,-1,AVENUE DES TERNES,48.880465,2.286363
202000038592,9,2,2020,5,5,75,75109,2,2,1,6,BOULEVARD MONTMARTRE,48.871982,2.340046
202000038593,9,2,2020,1,5,75,75103,2,3,1,6,BOULEVARD SAINT MARTIN,48.868335,2.3597
202000038594,9,2,2020,21,5,93,93053,2,2,2,3,DIX HUIT AVRIL 1944 (RUE DU),48.8871,2.4559
202000038595,9,2,2020,12,1,93,93033,2,1,1,2,MARECHAL JOFFRE (AVENUE),48.8632827,2.5763327
202000038596,9,2,2020,19,5,92,92026,2,3,2,3,VERDUN (DE 62 A FIN),48.902711,2.25855
202000038597,9,2,2020,19,5,92,92012,2,2,2,6,CARNOT (RUE),48.8341795,2.2396834
202000038598,9,2,2020,9,1,13,13070,1,1,1,3,A50-Sens Marseille vers Aubagne,43.28476,5.518993
202000038599,9,2,2020,6,3,13,13211,1,1,1,2,A50-Sens Marseille vers Aubagne,43.2908,5.48644
202000038600,9,2,2020,9,1,13,13071,1,1,1,7,A7-Sens Marseille vers Lyon,43.4149255,5.2786519
202000038601,8,2,2020,16,1,13,13215,1,1,1,4,A7-Sens Lyon vers Marseille,43.367922,5.360729
202000038602,9,2,2020,6,3,69,69290,1,9,1,6,A43  ,45.7075,4.9563
202000038603,20,1,2020,19,3,69,69272,1,1,1,2,A 46,45.5921,4.8405
202000038604,9,2,2020,3,3,91,91174,1,1,1,6,RN 104,48.61082,2.44494
202000038605,9,1,2020,8,5,93,93005,2,1,2,6,BD GEORGES BRAQUE,48.9568838,2.4791986
202000038606,9,2,2020,19,1,92,92064,1,1,2,4,A13,48.836994,2.1873551
202000038607,9,1,2020,14,1,92,92078,2,3,8,3,VIEUX CHEMIN DE ST DENIS (AVENUE)/ MARC SAGNIER (AVENUE),48.929682,2.326256
202000038608,9,2,2020,19,3,92,92036,1,1,2,5,A86,48.9361027,2.2878975
202000038609,9,1,2020,19,1,92,92046,2,3,1,-1,GABRIEL PERI (BD),48.819179,2.302984
202000038610,9,2,2020,8,3,78,78431,1,1,3,2,A13,48.941094,1.95315
202000038611,9,1,2020,12,1,92,92075,2,6,2,6,ANTOINE FRATACCI (RUE),48.8205,2.2905
202000038612,7,1,2020,19,5,92,92072,2,1,2,4,TROYON (RUE),48.82444,2.22878
202000038613,9,2,2020,7,5,94,94042,1,1,1,5,A4,48.8272864,2.4692556
202000038614,7,1,2020,16,1,92,92064,1,1,2,6,A13,48.84943,2.2181
202000038615,8,2,2020,23,3,77,77175,1,1,1,-1,RN104,48.6653863,2.6131551
202000038616,9,1,2020,9,1,92,92062,2,1,2,-1,PUTEAUX (PONT DE),48.8773614,2.243806
202000038617,8,2,2020,16,1,94,94073,1,1,2,3,A86 INT,48.7696556,2.3800081
202000038618,9,1,2020,8,2,92,92051,2,1,2,3,"VICTOR HUGO (BOULEVARD, N° 9 A 49 ET 16",48.8907123,2.2757547
202000038619,8,1,2020,22,5,92,92051,2,5,1,3,RICHARD WALLACE (BOULEVARD),48.876196,2.246558
202000038620,7,2,2020,19,3,77,77169,1,1,1,4,A4.Y,48.83172,2.601317
202000038621,9,1,2020,12,1,92,92026,2,1,2,2,COLOMBES,48.9043636,2.2559264
202000038622,9,2,2020,5,2,988,98818,2,2,1,3,RUE JULES FERRY/AVENUE JAMES COOK,-22.26752,166.43742
202000038623,7,1,2020,21,5,92,92025,2,2,1,3,GABRIEL PERI (RUE)/  RD CHARLES DE GAULLE (BD),48.914437,2.228959
202000038624,8,2,2020,8,1,974,97416,1,2,1,3,GRANDS FONDS (CHEMIN),-21.3066,55.42075
202000038625,9,1,2020,17,5,92,92012,2,1,2,6,REPUBLIQUE (BOULEVARD DE LA) 5/77BIS - 6,48.832484,2.250915
202000038626,7,2,2020,17,1,974,97407,1,1,1,2,ROUTE DU SACRE COEUR,-20.95891,55.32
202000038627,9,1,2020,9,1,92,92012,2,1,2,7,GENERAL LECLERC (AVENUE DU) 1/33 - 2/58,48.832892,2.240757
202000038628,9,1,2020,8,1,92,92012,2,1,8,6,JEAN JAURES (BOULEVARD) 63/215 - 70/208,48.8358042,2.2423106
202000038629,7,2,2020,21,5,973,97302,2,1,1,1,MONTABO (ROUTE DE) 2,4.9410593,-52.3028612
202000038630,7,1,2020,17,3,91,91340,2,2,2,3,Avenue des Parcs,48.603519,2.425834
202000038631,8,2,2020,14,1,973,97302,2,1,1,3,14 ET 22 JUIN 1962,4.9334486,-52.3270011
202000038632,9,1,2020,19,5,26,26353,2,1,1,6,RN7,44.661893,4.789917
202000038633,8,2,2020,14,1,69,69383,2,2,1,6,COMMANDANT FUZIER (DU)              (R ),45.75534,4.84757
202000038634,8,1,2020,17,2,33,33171,1,1,1,3,1 Fosses,44.59514,0.05432
202000038635,31,1,2020,1,3,972,97209,2,9,1,6,RD 41 (ROCADE),14.60987,-61.06882
202000038636,8,2,2020,16,1,69,69382,2,3,1,1,BAYARD                              (CO),45.74513,4.81818
202000038637,9,1,2020,19,3,10,10281,2,2,2,3,1 Rue Royale,48.369023,3.901068
202000038638,9,1,2020,7,1,974,97422,2,1,1,7,D12,-21.288713,55.523771
202000038639,8,2,2020,14,1,69,69389,2,1,1,2,ST CYR (DE)                         (R ),45.78337,4.80771
202000038640,8,2,2020,14,1,69,69286,2,1,1,6,EUROPE (DE L')                      (AV),45.81398,4.8942
202000038641,9,1,2020,22,3,38,38133,1,1,2,-1,Route de Chartreuse,45.36532,5.62145
202000038642,8,2,2020,23,5,91,91434,2,2,8,6,PAILLARD (RUE),48.66066,2.34758
202000038643,9,1,2020,9,1,83,83054,2,1,1,3,,43.1608,6.041986
202000038644,8,2,2020,7,5,91,91174,2,9,1,6,DARBLAY  (avenue),48.61396,2.47752
202000038645,8,2,2020,16,1,83,83144,2,1,1,6,IKEA (GRANDE SURFACE),43.1412347,6.0114419
202000038646,10,1,2020,8,3,79,79123,1,1,1,1,,46.732201,-0.670919
202000038647,8,2,2020,3,5,81,81004,2,1,1,6,Rue Croix Verte,43.92786,2.14915
202000038648,10,1,2020,12,1,2B,2B207,2,9,1,3,Musoleo,42.448003,9.506983
202000038649,8,2,2020,21,5,77,77514,2,1,8,1,JEAN JAURES (RUE) - D105,48.938726,2.604208
202000038650,8,2,2020,15,1,71,71270,2,1,1,2,Rue de la Liberté,46.3166849,4.8226874
202000038651,9,1,2020,17,1,33,33544,1,2,2,3,D1215,45.535017,-1.099247
202000038652,7,1,2020,15,1,32,32163,1,1,7,2,D373,43.5853606,0.0288275
202000038653,10,1,2020,15,1,89,89197,2,2,1,1,Rue du Moulin (Guillon),47.511684,4.091731
202000038654,7,1,2020,15,1,63,63178,2,1,1,7,26 Boulevard Triozon Bayle,45.5426385,3.2508398
202000038655,9,1,2020,13,1,25,25259,2,2,1,6,29 Grande Rue,46.856731,6.161978
202000038656,8,2,2020,17,5,69,69266,2,2,1,3,ROGER SALENGRO     (Avenue),45.78042,4.88299
202000038657,10,1,2020,7,5,44,44003,2,6,1,3,434 Rue Francois Rene Chateaubriand,47.377149,-1.180974
202000038658,9,1,2020,18,2,29,29076,1,1,3,2,D68,48.453784,-4.624836
202000038659,7,2,2020,16,1,69,69091,2,1,1,3,JEAN LIGONNET ( R ),45.592,4.7703