Num_Acc,jour,mois,an,hr,condition_eclairage,departement,commune,condition_agglomeration,intersection,condition_atmosphere,type_collision,adresse,lattitude,longitude
202000038660,8,1,2020,7,5,31,31424,2,6,1,6,Rue des Ecoles,43.566604,1.297479
202000038661,27,1,2020,11,1,68,68166,2,1,1,2,MULHOUSE (FAUBOURG DE),47.78128,7.32981
202000038662,27,1,2020,10,1,68,68166,2,6,1,3,RICHWILLER (RUE DE),47.7892,7.31517
202000038663,9,1,2020,17,3,14,14431,1,2,1,3,1 Rue du Puits,49.048311,-0.111043
202000038664,7,2,2020,12,1,67,67180,1,6,1,3,SCHIRRHEIN (ROUTE DE),48.800515,7.8397021
202000038665,10,1,2020,14,1,45,45281,1,1,2,1,route de montargis,48.0404742,3.0334787
202000038666,8,2,2020,18,2,64,64445,2,1,1,3,BUROS DE,43.31164,-0.35123
202000038667,10,1,2020,16,1,16,16140,2,3,1,6,Ld La Gagnarderie,45.881286,0.183099
202000038668,8,2,2020,21,5,64,64140,2,1,8,7,LATAPPY (RUE SEVERIN),43.5288686,-1.4824033
202000038669,10,1,2020,18,5,53,53096,2,1,1,6,1 Avenue de la Libération,48.300039,-0.936772
202000038670,8,2,2020,14,1,64,64102,2,2,1,3,HENRI DE NAVARRE (AVENUE),43.49403,-1.45307
202000038671,6,1,2020,10,1,37,37179,1,6,1,3,Rue de l'Aviation,47.4487397,0.7266287
202000038672,8,2,2020,16,1,60,60159,2,1,1,6,SOLFERINO,49.4184,2.82499
202000038673,10,1,2020,15,1,88,88430,1,1,3,2,A31,48.192399,5.772701
202000038674,5,1,2020,17,2,69,69244,2,6,1,6,Avenue Charles de Gaulle,45.750703,4.765374
202000038675,8,2,2020,9,1,54,54498,2,1,1,2,RD 674,48.72163,6.2705
202000038676,8,2,2020,8,1,44,44109,2,1,3,6,Boulevard Jean Ingres,47.22237,-1.59692
202000038677,9,1,2020,21,3,988,98811,1,1,1,1,R.T.1,-21.08784,164.88145
202000038678,8,2,2020,5,5,39,39198,2,1,1,1,15 Rue du Mont Roland,47.091967,5.490633
202000038679,10,1,2020,9,1,95,95141,1,1,2,2,RD 14,49.144023,1.805153
202000038680,8,2,2020,16,1,37,37122,1,1,2,4,RD 37,47.3719369,0.653563
202000038681,10,1,2020,8,2,91,91041,1,1,2,1,D19,48.567995,2.227484
202000038682,8,2,2020,10,1,35,35189,1,9,2,3,RD 137,48.15443,-1.70196
202000038683,9,1,2020,12,1,91,91540,2,1,2,-1,Rue Charles de Gaulle,48.553689,2.125139
202000038684,8,2,2020,2,5,35,35238,2,1,1,6,38 LIBERTE (BD DE LA),48.10795,-1.68193
202000038685,10,1,2020,7,1,66,66217,2,1,1,-1,rue de lorraine,42.61313,2.81037
202000038686,7,2,2020,21,3,35,35051,1,6,1,3,MORAND (ROUTE DU CHENE),48.101196,-1.609554
202000038687,10,1,2020,12,1,66,66069,2,3,1,6,rue de lorraine,42.777158,2.83502
202000038688,9,2,2020,1,5,29,29232,1,1,1,3,263 Route de Bénodet,47.9691996,-4.085355
202000038689,8,2,2020,6,5,27,27299,2,1,2,6,BRIAND (AVENUE ARISTIDE),49.04145,1.15922
202000038690,8,2,2020,13,1,13,13205,2,1,1,7,EDMOND DANTES (RUE),43.29882,5.39571
202000038691,7,2,2020,13,1,13,13028,2,1,1,6,PUITS DE BRUNET (CHEMIN DU),43.186637,5.600381
202000038692,9,1,2020,17,2,86,86062,2,1,2,6,Allée du Haut Poitou,46.6501184,0.3635407
202000038693,9,1,2020,20,5,60,60628,2,6,1,3,Rue du Général de Gaulle,49.418294,2.162123
202000038694,8,2,2020,12,1,09,09225,2,1,1,3,DELCASSE BOULEVARD,43.1144793,1.613909
202000038695,9,1,2020,7,3,33,33448,1,1,1,5,AUTOROUTE A 62,44.71848,-0.52075
202000038696,7,2,2020,22,5,75,75120,2,1,1,2,PORTE DE MONTREUIL,48.850935,2.415435
202000038697,9,1,2020,11,1,94,94003,1,1,1,3,AUTOROUTE A6A,48.80984,2.33899
202000038698,7,2,2020,17,1,75,75119,2,1,1,7,PORTE DE PANTIN,48.886514,2.397054
202000038699,9,1,2020,7,3,91,91689,1,1,8,5,AUTOROUTE A6A,48.7439,2.3232
202000038700,7,2,2020,15,1,75,75116,2,1,1,2,PORTE DE PASSY,48.856624,2.257509
202000038701,9,1,2020,9,1,92,92036,1,1,1,3,A86,48.93471,2.28196
202000038702,8,2,2020,7,2,75,75105,2,2,1,3,QUAI SAINT MICHEL,48.85309,2.346843
202000038703,9,1,2020,9,2,92,92051,1,1,2,-1,RN13,48.88612,2.25583
202000038704,9,1,2020,9,2,92,92051,1,1,2,-1,N13,48.88612,2.25583
202000038705,8,2,2020,19,5,75,75119,2,3,1,6,AVENUE JEAN JAURES,48.886607,2.384797
202000038706,8,1,2020,12,1,78,78490,1,1,2,3,RN12 INT,48.799777,1.984602
202000038707,7,2,2020,23,5,75,75116,2,3,1,6,AVENUE DE LA PORTE DE SAINT CLOUD,48.838652,2.251769
202000038708,9,1,2020,21,3,93,93027,1,1,8,6,BDL,48.93282,2.40325
202000038709,7,2,2020,17,1,75,75116,2,5,1,3,AVENUE DU PRESIDENT KENNEDY,48.851342,2.278492
202000038710,9,1,2020,1,3,95,95607,1,1,2,6,AUTOROUTE A115,49.01189,2.22379
202000038711,8,2,2020,1,5,75,75115,2,1,1,6,BOULEVARD DE GRENELLE,48.851168,2.292338
202000038712,8,1,2020,16,2,93,93039,1,1,2,2,AUTOROUTE A86,48.92731,2.3334
202000038713,8,2,2020,20,5,75,75112,2,3,2,2,ROUTE DU PARC,48.824191,2.4228
202000038714,8,2,2020,21,5,75,75111,2,4,2,3,AVENUE DE LA REPUBLIQUE,48.86651,2.367978
202000038715,8,1,2020,8,2,95,95277,1,1,1,5,AUTOROUTE A1,48.9799623,2.4973498
202000038716,7,2,2020,15,1,75,75109,2,1,1,6,RUE AUBER,48.873439,2.327633
202000038717,9,1,2020,20,5,94,94015,1,1,2,7,A4,48.8294536,2.5282723
202000038718,9,1,2020,17,2,94,94017,1,1,2,7,A4,48.8284417,2.5027316
202000038719,8,2,2020,18,2,75,75108,2,3,2,7,AVENUE DES CHAMPS ELYSEES,48.87139,2.302782
202000038720,9,1,2020,8,1,94,94017,1,1,2,3,A4,48.8272,2.5098
202000038721,9,1,2020,7,2,94,94033,1,1,2,4,A86.EXT,48.8506813,2.4908082
202000038722,8,2,2020,17,2,75,75108,2,1,2,3,AVENUE HOCHE,48.877041,2.302762
202000038723,8,1,2020,16,1,94,94033,1,1,1,2,A86.INT,48.8520234,2.4897043
202000038724,8,2,2020,6,5,75,75108,2,7,8,-1,PLACE DE LA CONCORDE,48.864884,2.321189
202000038725,8,1,2020,15,1,77,77122,1,1,2,2,RN104,48.663247,2.613416
202000038726,8,2,2020,15,1,75,75101,2,2,2,6,QUAI FRANCOIS MITTERRAND,48.860117,2.333332
202000038727,8,1,2020,6,3,94,94017,1,1,1,2,A4,48.83022,2.48864
202000038728,7,2,2020,10,1,94,94068,2,7,1,2,8 MAI 1945 (CARR DU),48.801909,2.492034
202000038729,7,2,2020,21,5,94,94042,2,1,1,1,GENERAL GALLIENI (AV DU),48.81989,2.47916
202000038730,7,1,2020,10,1,94,94056,2,3,8,3,VARENNE JARCY (R DE),48.69389,2.55693
202000038731,8,2,2020,22,5,94,94076,2,1,2,7,MAXIME GORKI (BD),48.7876214,2.3677727
202000038732,8,1,2020,11,1,974,97407,1,3,1,-1,D12,-20.939695,55.303143
202000038733,8,2,2020,13,1,94,94038,2,1,1,6,HENRI THIRARD (R),48.7782,2.34204
202000038734,8,1,2020,13,1,69,69383,2,2,1,3,PINEL                               (BD),45.7389994,4.8920724
202000038735,8,2,2020,7,5,94,94073,2,1,1,6,FONTAINEBLEAU (AV DE),48.7621,2.36845
202000038736,8,1,2020,18,5,69,69389,2,1,1,3,FRERE BENOIT (DU)                   (R ),45.76439,4.79542
202000038737,8,1,2020,12,1,69,69389,2,1,1,6,ST CYR (DE)                         (R ),45.7859258,4.8079082
202000038738,7,2,2020,22,5,94,94071,2,4,1,3,MAURICE BERTEAUX (R),48.7719676,2.5197691
202000038739,8,1,2020,16,1,91,91174,2,3,1,6,08 MAI 1945 (AVENUE),48.61096,2.45684
202000038740,8,2,2020,4,5,93,93048,2,1,1,6,BD THEOPHILE SUEUR,48.8588041,2.466865
202000038741,7,1,2020,21,5,87,87085,2,1,2,3,BAUDIN ( AVENUE) (VC),45.82007,1.25536
202000038742,8,2,2020,11,1,93,93077,2,1,1,6,RTE DE NOISY (PARKING JUSQU'AU 45 ET 50),48.88216,2.49621
202000038743,7,2,2020,23,5,93,93048,2,3,1,6,SAINT DENIS (RUE),48.8696073,2.4598367
202000038744,8,1,2020,19,5,78,78551,2,9,2,6,VIDAL (RAYMOND),48.89569,2.08124
202000038745,8,1,2020,18,3,77,77118,1,1,2,2,ROUTE NATIONALE 3,48.9438219,2.6685907
202000038746,8,2,2020,18,5,93,93013,2,1,2,6,CAVILLON (RUE ANIZAN),48.93271,2.41304
202000038747,7,1,2020,7,5,76,76351,2,3,1,3,GRAVILLE (BD DE),49.48614,0.15132
202000038748,8,2,2020,18,5,93,93005,2,1,2,6,CROIX BLANCHE (PONT DE LA),48.9319564,2.5048466
202000038749,7,1,2020,13,1,76,76351,2,1,1,6,RD 6015,49.50017,0.17649
202000038750,7,2,2020,17,5,92,92064,2,1,1,1,REPUBLIQUE,48.85461,2.21197
202000038751,8,1,2020,7,5,69,69266,2,1,1,6,ANTONIN PERRIN     (Rue),45.7572,4.8853
202000038752,7,1,2020,10,1,67,67043,2,1,1,3,ROBERTSAU (RUE DE LA),48.613539,7.755184
202000038753,7,2,2020,11,1,92,92024,2,2,1,3,CLICHY (QUAI DE) DE (104 A 202)/ MARTRE (RUE) DE (111 A 119) (122 A 144,48.90878,2.29986
202000038754,8,1,2020,10,1,64,64483,2,1,1,6,LARRAMENDY PIERRE (AVENUE),43.38572,-1.66286
202000038755,8,1,2020,17,5,64,64445,2,1,1,3,JEAN MERMOZ,43.31489,-0.3779
202000038756,9,2,2020,14,1,30,30202,2,1,1,5,14 Rue du Marechal Juin,44.250625,4.643644
202000038757,7,1,2020,12,1,64,64445,2,1,1,2,TOURASSE,43.31122,-0.35477
202000038758,8,2,2020,21,4,76,76728,1,1,1,6,Rue de l'Eglise,49.4897662,0.9997846
202000038759,7,2,2020,12,1,16,16317,1,1,1,1,Ld Vallée des Barons,45.940377,-0.009055
202000038760,8,1,2020,16,1,64,64102,2,3,1,3,JACQUES LOEB (AVENUE DE L'INTERNE),43.47912,-1.48433
202000038761,9,2,2020,1,3,17,17172,1,1,5,6,14 Lieu Dit Billeride,45.540128,-0.65462
202000038762,8,1,2020,9,1,64,64024,2,6,1,2,DOUANE (ROND POINT DE LA),43.5012,-1.5274
202000038763,8,2,2020,15,1,81,81036,2,1,1,3,D54,43.49769,2.400531
202000038764,8,1,2020,15,1,62,62193,2,9,1,-1,FOUR A CHAUX (RUE DU),50.94643,1.8585
202000038765,8,1,2020,7,5,59,59560,1,9,2,-1,R.D. 549,50.55494,3.04183
202000038766,7,2,2020,11,1,88,88009,2,1,1,2,260 Rue de Saint-dié,48.190556,6.95183
202000038767,3,1,2020,14,1,59,59286,2,1,2,6,VANDERHAGEN ALBERT RUE,50.61199,2.97591
202000038768,7,1,2020,18,3,56,56121,2,1,2,1,WINTER (RUE INGENIEUR GENERAL ),47.7369,-3.36422
202000038769,7,1,2020,13,1,56,56121,2,1,2,3,BELGIQUE (RUE  DE ),47.76168,-3.38844
202000038770,9,2,2020,1,5,69,69260,2,1,1,1,Chemin de la Rossignole,45.641584,4.808959
202000038771,7,1,2020,10,1,56,56121,2,1,2,3,MULLER ( DU COLONEL JEAN ),47.76633,-3.4012
202000038772,4,2,2020,10,1,83,83140,1,1,1,4,DN7,43.40571,5.927693
202000038773,6,1,2020,19,5,50,50502,2,2,2,6,MARECHAL LECLERC,49.11509,-1.0851
202000038774,9,2,2020,1,3,56,56024,1,1,1,7,D2,48.062636,-2.721069
202000038775,3,1,2020,19,5,50,50173,2,2,1,3,SEMBAT (RUE MARCEL),49.65857,-1.69096
202000038776,8,2,2020,1,3,56,56102,1,9,2,6,RN 24 - échangeur 20,47.95709,-2.569063
202000038777,7,1,2020,15,1,49,49007,2,1,1,7,ATLANTIQUE  AVENUE DE L',47.46976,-0.59171
202000038778,7,2,2020,19,3,56,56135,1,2,1,7,La Mare Varion,47.715627,-2.440714
202000038779,7,1,2020,7,3,49,49353,2,1,1,6,REPUBLIQUE AVENUE,47.45043,-0.50409
202000038780,7,1,2020,18,5,49,49007,2,1,2,2,Avenue de l'Atlantique,47.468868,-0.587645
202000038781,8,2,2020,14,1,74,74255,1,3,7,-1,Route d'Hauteville,45.882536,5.953184
202000038782,6,1,2020,19,5,47,47201,2,2,1,3,PYRENEES (AVENUE DES),44.1848,0.60305
202000038783,8,1,2020,13,1,45,45286,2,2,2,3,Rue des Varennes - Rue de la cossonière,47.8832,1.92258
202000038784,8,1,2020,11,1,45,45285,2,1,1,6,Rue des Diamants,47.92184,1.87698
202000038785,8,1,2020,11,1,45,45285,2,1,2,6,Rue des Champs Frais,47.9062658,1.8746642
202000038786,7,1,2020,19,5,42,42187,2,2,8,3,Boulevard Louis-auguste Blanqui,46.02368,4.06005
202000038787,7,1,2020,16,1,38,38544,2,1,1,6,Place Saint Maurice,45.52435,4.87218
202000038788,7,1,2020,8,2,37,37214,1,9,8,2,RD 37,47.4258971,0.63611
202000038789,8,1,2020,7,5,35,35238,2,2,2,3,PARIS (RUE DE),48.11247,-1.66621
202000038790,8,1,2020,15,1,34,34172,2,3,1,3,ROQUETURIERE (RUE DE LA),43.6310254,3.8851427
202000038791,8,1,2020,18,5,33,33281,2,3,1,3,AVE DE L'ALOUETTE / RUE DU PRADAS,44.826561,-0.66389
202000038792,8,1,2020,9,1,33,33281,2,2,1,2,AVE DE MAGUDAS / AVE DE LA FORET,44.85618,-0.64628
202000038793,8,1,2020,17,2,33,33529,2,3,1,3,BISSERIE (AVE DE),44.62435,-1.13602
202000038794,7,1,2020,9,1,30,30189,2,1,1,1,NEPER (RUE),43.8269,4.3273
202000038795,8,1,2020,14,1,30,30028,2,1,1,6,ROUTE DE NIMES,44.141164,4.613518
202000038796,8,1,2020,19,5,28,28085,2,1,1,1,CHASLES (BOULEVARD),48.4422572,1.4886743
202000038797,8,1,2020,7,2,26,26057,1,6,1,2,D2532 N,45.019114,5.033819
202000038798,7,1,2020,11,1,25,25056,2,9,1,6,7 Rue de Savoie,47.220654,5.961639
202000038799,7,1,2020,11,1,23,23096,2,1,8,6,MANOUVRIER (AVENUE),46.16909,1.87554
202000038800,8,1,2020,18,5,14,14118,2,1,1,2,RN 814,49.20028,-0.36989
202000038801,8,1,2020,16,1,13,13216,2,1,1,3,PASSET (CHEMIN DU),43.361119,5.336757
202000038802,8,1,2020,8,2,13,13206,2,1,1,-1,NOTRE DAME (BOULEVARD),43.28387,5.37522
202000038803,7,1,2020,18,3,11,11069,1,1,1,4,RD 6161 - Rocade Ouest,43.22045,2.32396
202000038804,7,1,2020,16,1,06,06088,2,3,1,5,ANGLAIS (DU N° 1 AU N° 43),43.69476,7.26118
202000038805,8,1,2020,17,5,06,06104,2,3,1,6,"SOLEIL (PROMENADE DU, N° 2 A 848))",43.765373,7.488025
202000038806,8,1,2020,11,1,75,75113,2,1,1,3,BD PERIPHERIQUE INTERIEUR,48.821206,2.37789
202000038807,8,1,2020,9,1,75,75117,2,1,1,4,BD PERIPHERIQUE EXTERIEUR,48.88901,2.294676
202000038808,8,1,2020,7,5,75,75112,2,2,8,6,QUAI DE BERCY,48.8385043,2.3759359
202000038809,8,1,2020,17,5,75,75119,2,4,1,3,AVENUE RENE FONCK,48.8797792,2.4083709
202000038810,8,1,2020,18,5,75,75119,2,1,8,6,AVENUE DE FLANDRE,48.884777,2.369689
202000038811,7,1,2020,5,5,75,75119,2,3,2,3,AVENUE JEAN JAURES,48.887225,2.387166
202000038812,8,1,2020,16,1,75,75118,2,1,1,6,RUE MARX DORMOY,48.8874899,2.359789
202000038813,8,1,2020,15,1,75,75118,2,7,8,6,RUE ORDENER,48.8904086,2.3558274
202000038814,8,1,2020,16,2,75,75116,2,1,1,3,AVENUE KLEBER,48.871825,2.2935905
202000038815,8,1,2020,10,1,75,75114,2,2,8,6,RUE D ALESIA,48.8318201,2.3141374
202000038816,8,1,2020,10,1,75,75113,2,3,8,3,QUAI D AUSTERLITZ,48.838664,2.372355
202000038817,8,1,2020,8,2,75,75113,2,3,8,1,RUE ALBERT,48.825024,2.372473
202000038818,8,1,2020,8,1,75,75113,2,5,1,3,AVENUE DES GOBELINS,48.836802,2.351874
202000038819,8,1,2020,16,5,75,75112,2,2,1,3,RUE DE CHARENTON,48.8318266,2.3976732
202000038820,8,1,2020,7,5,75,75110,2,2,1,3,BOULEVARD DE LA VILLETTE,48.87202,2.376834
202000038821,8,1,2020,9,1,75,75107,2,2,1,6,BOULEVARD DES INVALIDES,48.846863,2.316714
202000038822,8,1,2020,8,2,75,75104,2,5,8,3,QUAI DE L HOTEL DE VILLE,48.854361,2.354937
202000038823,8,1,2020,15,1,75,75101,2,3,8,6,RUE DE RIVOLI,48.859336,2.3456827
202000038824,8,1,2020,8,1,94,94041,2,2,8,3,VERDUN (AV DE),48.8089,2.37327
202000038825,8,1,2020,20,5,94,94038,2,1,1,3,FLOUQUET (AV),48.7724094,2.323567
202000038826,8,1,2020,15,1,94,94034,2,9,1,2,EDOUARD HERRIOT (AV),48.75491,2.32739
202000038827,8,1,2020,9,1,94,94073,2,1,1,6,CIMETIERE PARISIEN (ESP DU),48.763042,2.380565
202000038828,7,1,2020,17,1,94,94011,2,3,1,6,LECLERC.(AVENUE DU MARECHAL),48.7738,2.4877
202000038829,7,1,2020,15,1,94,94022,2,3,2,3,JULES FERRY (R),48.75966,2.41293
202000038830,8,1,2020,13,1,94,94004,2,2,2,6,GENERAL LECLERC (AV DU),48.74497,2.5117
202000038831,8,1,2020,13,1,93,93066,2,1,8,-1,R DU LANDY,48.9144908,2.3401693
202000038832,7,1,2020,10,1,93,93055,2,9,8,6,EDOUARD VAILLANT DU 64/130,48.90342,2.39217
202000038833,8,1,2020,16,1,93,93050,2,2,1,6,AMIRAL CORBET (RUE),48.85513,2.53336
202000038834,8,1,2020,16,1,93,93048,2,1,8,6,R DE STALINGRAD,48.8589,2.4431
202000038835,8,1,2020,13,1,93,93048,2,3,2,3,PRESIDENT SALVADOR ALLENDE (AVENUE DU),48.8754,2.4617
202000038836,8,1,2020,15,1,93,93010,2,3,1,3,AV DU 14 JUILLET / ALL DES PLATANES,48.9147,2.4918
202000038837,8,1,2020,18,2,93,93008,2,3,2,6,R PIERRE SEMARD / R DE CARENCY,48.91125,2.4466
202000038838,5,1,2020,20,5,92,92050,2,5,1,1,CLEMENCEAU GEORGES AVENUE N°IMPAIR,48.88605,2.21378
202000038839,8,1,2020,16,2,92,92044,2,2,2,6,LOUIS ROUQUIER(RUE)47A111 ET 50A104,48.8917542,2.2893141
202000038840,7,1,2020,19,5,92,92036,2,2,1,7,FELICIE (RUE),48.932449,2.298645
202000038841,8,1,2020,17,5,92,92060,2,1,8,1,MOULIN DE LA TOUR (BOULEVARD DU),48.78882,2.26626
202000038842,8,1,2020,13,1,92,92012,2,9,2,6,GENERAL LECLERC (AVENUE DU) 35/FIN - 60/,48.8300127,2.2325428
202000038843,9,1,2020,17,1,22,22050,2,1,1,6,3 Rue de la Préjentais,48.455935,-2.051543
202000038844,8,1,2020,17,1,17,17404,1,2,1,5,D6,45.613551,-0.663488
202000038845,9,1,2020,17,1,64,64117,2,9,1,6,chemin du bateau,43.37713,-0.576301
202000038846,8,1,2020,17,3,54,54590,1,1,5,3,D618,49.486384,5.609382
202000038847,5,1,2020,10,1,974,97423,1,9,1,7,N1,-21.120102,55.260766
202000038848,8,1,2020,18,3,85,85109,1,3,2,2,Avenue de l'Europe,46.883767,-1.026795
202000038849,8,1,2020,19,5,62,62036,2,1,2,6,634 Rue d'Heuchin,50.453344,2.262878
202000038850,8,1,2020,20,5,59,59335,2,2,2,3,Rue Paul Davaine,50.479525,3.409633
202000038851,8,1,2020,12,1,56,56137,1,1,2,7,Lieu dit Calan,47.749176,-2.691276
202000038852,8,1,2020,10,1,79,79196,2,1,1,6,Place des Marronniers,46.951604,-0.081394
202000038853,9,1,2020,17,3,80,80832,1,2,2,3,D941,50.167106,2.011957
202000038854,9,1,2020,14,1,11,11024,1,1,1,4,D6009,43.115091,2.950974
202000038855,8,1,2020,18,5,71,71190,2,1,8,6,Rue Roger Salengro,46.9910467,4.513089
202000038856,5,1,2020,15,1,61,61486,1,1,1,6,D22,48.732087,-0.706309
202000038857,7,1,2020,7,2,25,25440,1,1,1,5,D41,47.000846,6.306968
202000038858,8,1,2020,16,1,44,44072,1,1,2,6,D83,47.4084207,-2.3551189
202000038859,8,1,2020,18,3,29,29146,1,1,2,2,N165,47.9050269,-3.8470094
202000038860,8,1,2020,21,5,29,29172,2,1,8,6,6 Route de Ploeven,48.176726,-4.228363
202000038861,8,1,2020,19,3,31,31345,1,1,1,7,Route des Pyrénées,43.364406,1.420786
202000038862,8,1,2020,14,1,03,03200,1,1,1,4,La plaine Fragny,46.5644792,3.3000155
202000038863,8,1,2020,16,1,06,06079,2,1,1,3,335 Avenue de Cannes,43.542944,6.936964
202000038864,7,1,2020,21,3,09,09131,1,1,9,7,Garanou,42.766703,1.744502
202000038865,9,1,2020,19,3,60,60604,1,1,1,1,D315,49.696821,1.864183
202000038866,9,1,2020,8,1,64,64493,2,1,7,6,Avenue Frederic de Saint Jaymes,43.327127,-1.032401
202000038867,7,1,2020,20,3,07,07082,1,1,8,6,RD 578,44.86519,4.361841
202000038868,8,1,2020,17,3,85,85020,1,1,2,1,départementale 25,46.34766,-0.63292
202000038869,9,1,2020,15,1,37,37272,1,1,2,6,La Févraie,47.3330224,0.4977031
202000038870,9,1,2020,9,1,48,48009,1,1,1,7,RD 809,44.68815,3.280328
202000038871,8,1,2020,20,3,31,31107,1,1,1,2,20 Chemin du Bois de Bony,43.321312,1.220108
202000038872,6,1,2020,18,3,34,34294,1,1,1,5,Autoroute A9 pk 78.000 sens 2,43.708271,4.124003
202000038873,8,1,2020,20,5,987,98733,1,1,8,3,RT 1,-17.692301,-149.583759
202000038874,1,1,2020,22,3,988,98815,2,3,1,6,C.R.2,-21.575172,168.085136
202000038875,8,1,2020,16,1,988,98832,1,1,1,6,Route de Yaté,-22.15286,166.83759
202000038876,8,1,2020,17,2,971,97104,1,1,1,1,49 Chemin de Montval,16.049358,-61.732128
202000038877,9,1,2020,17,3,77,77264,1,1,2,1,Route de Coulommiers - RD402,48.71868,2.965308
202000038878,28,5,2020,15,1,33,33366,1,1,1,5,AUTOROUTE A 10,44.99687,-0.42673
202000038879,28,5,2020,20,1,59,59350,1,1,1,2,ROUTE NATIONALE 356,50.638059,3.089657
202000038880,29,5,2020,18,1,92,92050,1,1,1,7,A86,48.90249,2.204274
202000038881,28,5,2020,20,2,78,78043,1,1,1,3,A12 Y,48.834664,2.086848
202000038882,27,5,2020,20,1,78,78007,1,9,1,6,A13 Y,48.894688,2.007561
202000038883,29,5,2020,9,1,95,95212,1,1,1,4,AUTOROUTE A1,49.02486,2.53584
202000038884,28,5,2020,18,1,95,95277,1,1,1,3, A3,48.9738,2.48837
202000038885,28,5,2020,10,1,95,95277,1,1,1,5, A3,48.97381,2.488371
202000038886,27,5,2020,23,3,95,95252,1,1,1,4, A15,48.97819,2.23151
202000038887,22,5,2020,8,1,988,98818,2,3,1,2,PROMENADE ROGER LAROQUE/ANSE-VATA,-22.30292,166.44514
202000038888,28,5,2020,15,1,974,97411,2,1,1,6,BALSAMINES (ALLEE DES),-20.9167,55.4876
202000038889,28,5,2020,15,1,973,97302,2,1,1,3,BADUEL (ROUTE DE),4.9287882,-52.2947502
202000038890,22,5,2020,12,1,69,69034,1,1,1,7,VERNAY (DU)                         (MO),45.8122,4.8508
202000038891,28,5,2020,6,1,971,97120,2,1,1,6,BD LEGITIMUS,16.24435,-61.534384
202000038892,27,5,2020,18,1,95,95424,2,8,1,3,HAUTES BORNES(IMPASSE DES),49.00159,2.21314
202000038893,28,5,2020,10,1,95,95127,2,1,1,6,PRIEURE (RUE DU),49.03359,2.06927
202000038894,28,5,2020,16,1,91,91174,2,1,1,2,JEAN JAURES (BOULEVARD),48.60681,2.46577
202000038895,28,5,2020,14,1,91,91174,2,1,1,2,MAURICE RIQUIEZ (QUAI),48.61248,2.487
202000038896,27,5,2020,17,1,88,88413,2,1,1,7,RUE DES 3 VILLES,48.29023,6.94328
202000038897,28,5,2020,8,1,87,87065,2,6,1,3,TOULOUSE (RUE DE),45.80397,1.29177
202000038898,27,5,2020,7,1,85,85194,2,6,1,2,Place de Strasbourg,46.49051,-1.77276
202000038899,28,5,2020,4,5,80,80256,2,1,1,6,LOUIS PASTEUR (AVENUE),49.91502,2.23153
202000038900,28,5,2020,14,1,80,80001,2,1,1,3,ROUEN (de),50.09648,1.82901
202000038901,28,5,2020,14,1,78,78146,2,2,1,2,JULES FERRY (RUE),48.9043,2.1426
202000038902,27,5,2020,21,1,76,76351,2,2,1,3,BOIS AU COQ (AVENUE),49.5185,0.1167
202000038903,28,5,2020,20,2,73,73008,2,3,7,3,D991 GOLF AVENUE DU,45.6693269,5.9085203
202000038904,28,5,2020,16,1,69,69266,1,1,7,3,LAURENT BONNEVAY    (Boulevard),45.7849,4.8675
202000038905,26,5,2020,16,1,69,69256,2,1,1,-1,MAURICE THOREZ                      (AV),45.7817,4.9133
202000038906,28,5,2020,4,5,69,69264,2,3,1,1,BRAUN THEODORE  AV,45.97968,4.73948
202000038907,27,5,2020,21,2,67,67204,2,1,1,6,RAYMOND POINCARE (RUE),48.6266,7.75002
202000038908,27,5,2020,21,2,66,66136,1,1,1,6,Départementale  617,42.71072,2.97231
202000038909,28,5,2020,18,1,65,65440,2,1,1,3,GARIGLIANO (BOULEVARD),43.24573,0.06343
202000038910,27,5,2020,8,1,64,64445,2,3,1,3,HONORE BARADAT,43.30501,-0.36444
202000038911,27,5,2020,12,1,63,63164,1,1,1,3,CEBAZAT (ROUTE DE),45.8242089,3.1332788
202000038912,22,5,2020,16,1,62,62667,2,2,1,3,LYAUTEY (Bld),50.7105549,1.5766186
202000038913,27,5,2020,19,1,61,61143,2,1,1,3,PRINCIPALE (RUE),48.443271,0.071911
202000038914,28,5,2020,8,1,60,60057,2,2,1,1,BINET  (RUE),49.42195,2.07956
202000038915,26,5,2020,15,1,55,55302,2,1,1,3,AVENUE DE LA GRANDE TERRE,48.7545194,5.19846
202000038916,5,3,2020,17,1,54,54525,1,1,2,1,DEPARTEMENTAL 27A (CHEMIN),49.45065,5.88371
202000038917,27,5,2020,10,1,54,54578,2,2,1,3,LECLERC (AVENUE DU GENERAL),48.6745267,6.1510912
202000038918,28,5,2020,9,1,53,53130,2,1,1,6,BAS DES BOIS ( RUE DU ),48.0587,-0.76244
202000038919,27,5,2020,11,1,49,49007,2,1,1,3,MONTAIGNE AVENUE,47.46936,-0.53339
202000038920,27,5,2020,7,1,49,49353,2,1,1,3,MOULIN AVENUE,47.4434,-0.48857
202000038921,28,5,2020,21,1,41,41269,2,9,1,3,FATON (RUE DU DOCTEUR),47.79542,1.07466
202000038922,28,5,2020,16,1,37,37261,2,1,1,6,PIERRE (RUE DE LA),47.4057221,0.6832265
202000038923,28,5,2020,13,1,35,35238,2,1,1,6,PAVIE (AUGUSTE),48.10499,-1.64171
202000038924,28,5,2020,12,1,34,34108,1,1,1,3,RD 612,43.44807,3.76222
202000038925,28,5,2020,8,1,34,34172,2,1,1,3,MOULIN DE SEMALEN (RUE DU),43.6125,3.89382
202000038926,27,5,2020,8,1,34,34172,2,6,1,2,MAS D'ASTRE (ROND-POINT DU),43.57489,3.85993
202000038927,13,5,2020,11,1,33,33063,2,4,2,6,PCE NANSOUTY / CRS DE LA SOMME,44.82021,-0.57237
202000038928,27,5,2020,14,1,31,31555,1,1,1,3,VA007553 A61,43.56133,1.49393
202000038929,25,5,2020,13,1,31,31555,1,1,1,7,A624 (PURPAN),43.61034,1.37487
202000038930,28,5,2020,20,1,30,30189,2,2,1,3,RICHELIEU (RUE),43.84028,4.36665