Num_Acc,jour,mois,an,hr,condition_eclairage,departement,commune,condition_agglomeration,intersection,condition_atmosphere,type_collision,adresse,lattitude,longitude
202000038931,27,5,2020,20,1,29,29039,2,4,1,1,Boulevard Bougainville,47.8702983,-3.9227872
202000038932,28,5,2020,10,1,29,29019,2,6,1,2,Rue du Commandant Drogou,48.4044906,-4.5000047
202000038933,28,5,2020,20,1,27,27681,2,1,1,6,SENTIER SOUS LE PARC (RUE DU),49.08564,1.47334
202000038934,26,5,2020,16,1,22,22360,1,1,1,1,MARE DU GUE (RUE DE LA),48.476,-2.7509
202000038935,28,5,2020,11,1,17,17274,1,1,1,7,D 111,46.16357,-1.0687
202000038936,18,5,2020,18,1,14,14118,2,2,1,3,PIGACIERE (RUE DE LA),49.18822,-0.35952
202000038937,28,5,2020,21,2,13,13203,2,9,1,1,STRASBOURG (BOULEVARD),43.30892,5.37803
202000038938,28,5,2020,19,1,13,13216,2,1,1,6,ESTAQUE PLAGE,43.358957,5.292443
202000038939,27,5,2020,18,1,13,13209,2,1,1,2,COL DE LA GINESTE D559,43.2389,5.4784
202000038940,17,4,2020,11,1,13,13001,2,1,1,7,PAGNOL MARCEL (AV),43.524555,5.423562
202000038941,27,5,2020,11,1,09,09122,2,1,1,7,ESPAGNE (ROUTE D'),42.946167,1.627434
202000038942,26,5,2020,18,1,08,08105,2,1,1,3,BOUTET C. AVENUE,49.78,4.71
202000038943,27,5,2020,17,1,07,07070,2,1,1,3,COLONNEL ROUSSET (AVENUE DU),44.966665,4.84977
202000038944,28,5,2020,14,1,06,06083,2,2,1,3,"COTY (COURS RENE, SENS MONT/MER)",43.7755,7.4886
202000038945,28,5,2020,12,1,06,06069,2,9,1,3,Rd point des Quatre Chemins,43.63744,6.94115
202000038946,28,5,2020,8,1,06,06029,2,1,1,3,MIDI (BOULEVARD DU),43.54195,6.96183
202000038947,26,5,2020,7,1,06,06027,2,1,1,4,BIR HAKEIM RUE,43.653,7.153
202000038948,28,5,2020,14,1,05,05061,2,1,1,2,GEORGES POMPIDOU ( BD),44.55771,6.08196
202000038949,28,5,2020,12,1,01,01053,2,3,1,3,BELGES (AVENUE DES),46.20724,5.23299
202000038950,26,5,2020,12,1,75,75106,2,2,1,6,RUE DU VIEUX COLOMBIER,48.851304,2.332846
202000038951,28,5,2020,16,1,75,75105,2,1,1,2,BOULEVARD DE L HOPITAL,48.841119,2.362659
202000038952,28,5,2020,9,1,75,75106,2,2,1,6,RUE DE FLEURUS,48.847044,2.331585
202000038953,27,5,2020,8,1,75,75106,2,5,1,6,BOULEVARD SAINT MICHEL,48.8503006,2.342636
202000038954,28,5,2020,17,1,75,75120,2,3,1,3,RUE DES PYRENEES,48.850493,2.406403
202000038955,28,5,2020,10,1,75,75120,2,2,1,3,RUE DES PYRENEES,48.857638,2.403904
202000038956,28,5,2020,11,1,75,75118,2,1,1,6,BOULEVARD DE LA CHAPELLE,48.884468,2.358296
202000038957,28,5,2020,17,1,75,75117,2,2,1,3,BOULEVARD PEREIRE,48.883732,2.295306
202000038958,27,5,2020,12,1,75,75117,2,7,1,3,PLACE DE LA PORTE MAILLOT,48.8773961,2.2840498
202000038959,28,5,2020,13,1,75,75114,2,2,1,-1,RUE RAYMOND LOSSERAND,48.830947,2.312295
202000038960,28,5,2020,10,1,75,75114,2,1,1,3,RUE DE L AMIRAL MOUCHEZ,48.819922,2.344253
202000038961,27,5,2020,20,1,75,75114,2,4,1,2,BOULEVARD RASPAIL,48.8405743,2.330114
202000038962,28,5,2020,7,1,75,75112,2,2,1,3,QUAI DE BERCY,48.833721,2.382485
202000038963,28,5,2020,15,1,75,75111,2,3,1,3,BOULEVARD DE MENILMONTANT,48.860965,2.388208
202000038964,27,5,2020,19,1,75,75109,2,1,1,3,RUE LA FAYETTE,48.87701,2.348263
202000038965,28,5,2020,17,1,75,75108,2,5,1,3,RUE D AMSTERDAM,48.877849,2.326965
202000038966,28,5,2020,23,5,75,75107,2,2,1,1,QUAI D ORSAY,48.862565,2.310416
202000038967,28,5,2020,13,1,75,75101,2,7,1,3,RUE DE RIVOLI,48.862698,2.335393
202000038968,25,5,2020,20,1,94,94081,2,1,1,2,JULES GUESDE (QU),48.802521,2.41072
202000038969,28,5,2020,22,2,94,94074,2,9,1,1,COLONEL FABIEN (R),48.7449452,2.4696369
202000038970,27,5,2020,21,5,94,94015,2,1,1,5,147 Boulevard Pasteur,48.835427,2.526125
202000038971,28,5,2020,7,1,94,94076,2,1,1,1,PARIS (AV DE),48.79999,2.36539
202000038972,27,5,2020,12,1,94,94041,2,1,1,3,GASTON CORNAVIN (R),48.8103,2.38199
202000038973,28,5,2020,14,1,94,94059,2,2,1,3,HUGUENOTS (AV DES),48.82043,2.5583
202000038974,28,5,2020,15,1,94,94017,2,1,1,1,GENERAL DE GAULLE (AV DU),48.825381,2.502181
202000038975,28,5,2020,0,5,94,94015,2,3,1,3,MARAIS (R DES),48.8293396,2.5176644
202000038976,28,5,2020,2,3,93,93071,2,3,1,4,LIVRY (AVENUE DE),48.9297404,2.540643
202000038977,28,5,2020,17,1,93,93066,2,1,1,6,JAURES JEAN,48.93668,2.36088
202000038978,28,5,2020,10,1,93,93064,2,1,1,2,R LAENNEC,48.880539,2.495856
202000038979,28,5,2020,12,1,93,93055,2,1,1,-1,JEAN JAURES (AVENUE) (76/128),48.90646,2.39524
202000038980,28,5,2020,8,1,93,93057,2,1,1,2,AV ARISTIDE BRIAND,48.9076627,2.4923737
202000038981,28,5,2020,20,1,92,92046,2,1,1,6,Charles de gaulle,48.8216288,2.2976488
202000038982,28,5,2020,16,1,92,92075,2,1,1,6,ERNEST LAVAL (RUE),48.819955,2.292441
202000038983,27,5,2020,21,5,92,92049,2,1,1,6,JAURES AVENUE JEAN N°53 A FIN,48.815397,2.310011
202000038984,27,5,2020,8,1,92,92020,2,9,7,3,VANVES BOULEVARD N° IMPAIRS,48.80704,2.28547
202000038985,28,5,2020,15,1,92,92048,2,1,1,7,MAL DE LATTRE DE TASSIGNY (AVENUE),48.7868693,2.2312012
202000038986,27,5,2020,19,1,92,92036,2,2,1,3,GRESILLONS (AVENUE DES) (1/45),48.917239,2.307553
202000038987,28,5,2020,20,1,92,92035,2,1,1,6,Gare des Vallées ( place de la ),48.9134,2.2577
202000038988,27,5,2020,10,1,92,92014,2,1,1,-1,LEON BLOY (RUE),48.7873202,2.3209584
202000038989,28,5,2020,17,1,50,50027,1,3,1,3,La Moelle,48.699161,-1.420305
202000038990,13,4,2020,2,3,51,51065,1,6,1,6,N4,48.7344218,4.5560836
202000038991,29,5,2020,6,2,40,40296,2,1,1,7,D 89 entrée d'agglomération du penon,43.70778,-1.422129
202000038992,29,5,2020,12,1,46,46148,1,2,1,3,Piboulède,44.335134,1.599863
202000038993,29,5,2020,18,1,12,12033,2,1,1,6,Allee Denys Puech,44.474335,2.726372
202000038994,28,5,2020,15,1,06,06064,1,1,1,7,120 Chemin de la Halte,43.768287,7.178007
202000038995,28,5,2020,10,1,74,74256,2,1,1,6,Route du Fayet,45.931573,6.634439
202000038996,28,5,2020,23,3,80,80782,1,1,1,2,Vaux-en-Amiénois,49.956936,2.228851
202000038997,25,5,2020,18,1,32,32301,1,1,1,6,Chemin de Saint-louis,43.653163,0.478318
202000038998,29,5,2020,19,1,55,55307,1,1,1,7,Louvemont-Côte-du-Poivre,49.240158,5.391154
202000038999,28,5,2020,5,2,49,49331,1,1,1,6,Le Pont de Montreuil (Châtelais),47.7317601,-0.9228315
202000039000,28,5,2020,15,1,49,49060,1,1,1,6,Bellevigne-les-Châteaux,47.209948,-0.054524
202000039001,27,5,2020,18,1,46,46334,1,1,1,-1,Impasse du Domaine,44.742645,1.423813
202000039002,29,5,2020,15,1,39,39279,1,1,1,6,,46.688387,5.47366
202000039003,27,5,2020,11,1,39,39114,1,1,1,1,Chemin des Granges Bernard,46.775619,5.658334
202000039004,29,5,2020,15,1,44,44087,1,1,1,1,RD95 route de challans,46.976341,-1.8067199
202000039005,29,5,2020,18,1,29,29075,2,1,1,2,Boulevard François Mitterrand,48.419048,-4.441926
202000039006,29,5,2020,14,1,03,03307,2,1,1,7,1 Rue du Pigeonnier,46.347878,3.2530367
202000039007,28,5,2020,18,1,03,03083,1,1,1,1,Les Taxins,46.3389792,3.2994121
202000039008,27,5,2020,11,1,01,01163,1,1,1,6,Route de Jayat,46.367372,5.154347
202000039009,28,5,2020,22,3,54,54363,1,1,1,6,Route Départementale 24,49.372824,5.816706
202000039010,28,5,2020,10,1,06,06079,2,1,1,6,Av Mal de Lattre de Tassigny,43.550442,6.947079
202000039011,29,5,2020,16,1,50,50457,1,1,1,6,D2,49.420654,-1.497467
202000039012,29,5,2020,8,1,50,50648,1,1,1,1,Mesnil Grand,49.500012,-1.5034
202000039013,27,5,2020,17,1,21,21423,2,1,1,1,Rue de l'Eglise,46.98951,4.851516
202000039014,28,5,2020,20,1,37,37007,1,1,1,7,D115,47.0780137,0.2442022
202000039015,29,5,2020,20,1,91,91405,1,1,1,6,D837,48.405642,2.516497
202000039016,29,5,2020,12,1,78,78239,1,2,1,3,258 Rue Jean Jaurès,49.019106,1.697077
202000039017,26,5,2020,10,1,11,11076,2,1,1,7,Avenue du Languedoc,43.316701,1.966392
202000039018,22,5,2020,13,1,34,34165,1,3,1,3,D2,43.513296,3.677802
202000039019,28,5,2020,15,1,06,06134,1,1,1,1,route départementale 6085 PK 10+500,43.755719,6.720255
202000039020,28,5,2020,7,2,13,13064,1,6,1,6,ROND POINT CD 99 MOLLEGES GARE,43.788267,4.953965
202000039021,29,5,2020,15,1,89,89055,1,1,1,2,RD 84,48.0087739,3.6153764
202000039022,27,5,2020,8,1,67,67519,2,3,7,3,Rue de Limoges,48.651224,7.826074
202000039023,26,5,2020,9,1,69,69010,2,1,1,6,Place de la Liberté,45.835262,4.617847
202000039024,29,5,2020,8,1,81,81039,2,6,7,6,5 Route de Lavaur,43.755148,1.90203
202000039025,29,5,2020,18,1,33,33056,1,1,7,1,avenue du général de gaulle,44.900359,-0.640125
202000039026,26,5,2020,14,1,33,33051,2,1,1,6,route des lacs,44.636933,-0.966926
202000039027,29,5,2020,11,1,27,27196,1,1,1,-1,D77,49.297493,1.169336
202000039028,28,5,2020,13,1,76,76057,2,1,1,2,Avenue de la Porte Océane,49.548902,0.953391
202000039029,28,5,2020,18,1,62,62318,2,1,1,6,Rue du Port,50.5134026,1.636901
202000039030,27,5,2020,17,1,13,13055,1,9,1,2,A507 sens Aubagne- Marseille,43.3215,5.42285
202000039031,27,5,2020,12,1,83,83126,1,1,1,3,A50,43.1198434,5.8539426
202000039032,24,5,2020,14,1,69,69266,1,1,1,6,RD 383   ,45.7761,4.8975
202000039033,28,5,2020,10,1,77,77495,1,1,1,1,AUTOROUTE A5A,48.5935,2.6256
202000039034,27,5,2020,8,1,92,92036,1,1,1,2,AUTOROUTE A15,48.94472,2.2853
202000039035,26,5,2020,22,3,60,60494,1,1,1,6,AUTOROUTE A1,49.1274,2.55796
202000039036,27,5,2020,7,1,94,94046,1,1,1,4,A86 EXT,48.8060164,2.4486524
202000039037,10,2,2020,19,5,60,60057,2,2,3,6,FITZGERALD J.KENNEDY (AV)-AV P M CURIE,49.40847,2.11226
202000039038,15,3,2020,16,1,30,30007,2,2,1,1,HUIT MAI 1945 (QUAI DU),44.13377,4.07821
202000039039,23,5,2020,18,3,974,97416,1,1,1,1,DIAGONALE(CHEMIN),-21.30281,55.47232
202000039040,18,5,2020,17,2,974,97416,2,1,1,2,CONCESSION CONDE(CHEMIN),-21.29678,55.50056
202000039041,27,5,2020,6,3,974,97416,2,9,1,3,Route de l’Entre Deux,-21.288,55.45417
202000039042,27,5,2020,19,1,69,69199,2,1,1,6,46 Avenue Jean Jaurès,45.71177,4.85505
202000039043,27,5,2020,3,5,69,69387,2,1,1,6,TONY GARNIER                        (AV),45.728,4.8237
202000039044,27,5,2020,11,1,971,97113,1,1,1,6,GRAND BAIE ( RN4),16.2178991,-61.5107882
202000039045,21,5,2020,18,1,95,95585,2,1,1,6,VALERY (AVEUE PAUL),48.97867,2.38393
202000039046,27,5,2020,15,1,95,95598,2,1,1,1,CARNOT    RUE,48.98748,2.29627
202000039047,12,5,2020,17,1,95,95428,2,9,1,3,MAURICE BERTEAUX (BOULEVARD),48.99724,2.32534
202000039048,27,5,2020,12,1,91,91549,2,2,1,1,GEORGES PITARD (AVENUE),48.650173,2.314397
202000039049,27,5,2020,12,1,91,91692,2,9,1,3,CD35,48.6746,2.17972
202000039050,27,5,2020,14,1,91,91223,1,1,1,3,R.N.20,48.43663,2.17042
202000039051,27,5,2020,13,1,91,91174,2,2,1,3,PARIS (RUE),48.60348,2.46845
202000039052,26,5,2020,20,1,91,91174,2,1,1,4,JEAN JAURES (BOULEVARD),48.61873,2.45274
202000039053,8,12,2020,16,2,22,22037,2,1,1,2,Hent An 19 a Viz Meurzh 1962,48.460646,-3.422563
202000039054,26,5,2020,17,1,78,78646,2,3,1,3,REPUBLIQUE (BOULEVARD DE LA),48.80507,2.15231
202000039055,8,12,2020,14,1,29,29024,2,1,1,6,Rue des Martyrs,48.2766598,-3.5696121
202000039056,8,12,2020,17,5,31,31107,2,1,8,3,Route de l'Arize,43.297909,1.2193
202000039057,8,12,2020,7,3,85,85151,1,1,9,3,d160,46.988106,-0.938505
202000039058,9,12,2020,9,1,06,06032,2,1,1,6,83 Avenue du Trois Septembre,43.723076,7.397326
202000039059,27,5,2020,12,1,78,78551,2,4,1,3,POISSY (DE),48.89983,2.08835
202000039060,27,5,2020,1,4,78,78551,1,1,1,2,RD 190,48.9202,2.0589
202000039061,22,5,2020,16,1,78,78423,2,1,1,6,MONT DORE (RUE DU),48.768471,2.052884
202000039062,26,5,2020,19,1,77,77083,2,1,1,-1,PIVERT (RUE DU),48.86441,2.59308
202000039063,8,12,2020,17,2,40,40245,2,1,1,6,Rue Laubaner,44.033836,-0.322043
202000039064,27,5,2020,15,1,74,74012,2,1,1,4,DE GAULLE (AVENUE CHARLES),46.18577,6.24754
202000039065,26,5,2020,8,1,74,74305,2,1,1,6,ESPERANCE (RUE DE),46.20047,6.24993
202000039066,8,12,2020,18,3,24,24002,1,1,1,1,la laiterie,45.2988,0.759902
202000039067,26,5,2020,8,1,69,69266,2,2,1,3,POIZAT      (Rue),45.75818,4.89329
202000039068,8,12,2020,11,1,04,04209,2,1,1,-1,Allee de Verdun,44.195117,5.94384
202000039069,27,5,2020,6,1,69,69256,2,2,1,3,ROGER SALENGRO                      (R ),45.7588,4.92871
202000039070,9,12,2020,7,3,85,85018,1,1,1,5,Le Grand Quairuy,46.88922,-2.071846
202000039071,27,5,2020,0,5,67,67447,2,3,1,7,LAUTERBOURG (RUE DE),48.610212,7.73945
202000039072,9,12,2020,3,3,85,85024,1,1,1,7,D21 A,46.951803,-1.8938
202000039073,27,5,2020,19,1,64,64445,2,2,7,3,GASTON PHOEBUS,43.2973207,-0.3873378
202000039074,8,12,2020,17,2,67,67108,2,3,1,1,2 Rue Victor Hugo,48.534205,7.594272
202000039075,7,12,2020,4,3,63,63181,1,1,8,6,A71,46.028701,3.1166142
202000039076,25,5,2020,18,1,64,64122,2,4,7,3,GASTON PHOEBUS,43.46823,-1.54655
202000039077,8,12,2020,22,5,74,74208,1,1,4,6,N205,45.909973,6.71181
202000039078,25,5,2020,11,1,63,63113,2,1,1,2,LOUCHEUR (BD LOUIS),45.76252,3.09743
202000039079,21,5,2020,1,5,60,60057,2,3,1,6,AMIENS (RUE D') - PAIR-,49.43784,2.08793
202000039080,8,12,2020,19,3,38,38537,1,1,3,2,A43,45.641108,5.146837
202000039081,26,5,2020,17,1,54,54431,2,1,1,1,RIOLLES (BOULEVARD DE),48.89968,6.0552
202000039082,8,12,2020,19,3,69,69013,1,1,2,6,"PK 421,230 A6",46.023318,4.724743
202000039083,27,5,2020,5,2,50,50129,2,1,1,7,ABBAYE (RUE DE L'),49.64636,-1.64199
202000039084,8,12,2020,17,1,971,97134,1,1,1,1,Route de Rocroy,16.047731,-61.760416
202000039085,21,5,2020,6,1,50,50129,2,3,1,6,HUGO (RUE VICTOR),49.62017,-1.65862
202000039086,8,12,2020,12,1,91,91315,1,2,1,3,Route Départementale 31,48.510535,2.355773
202000039087,20,5,2020,4,5,49,49328,1,6,1,5,D347,47.2860123,-0.0492132
202000039088,9,12,2020,8,1,83,83059,1,1,1,1,Route Départementale 554,43.333587,6.070772
202000039089,27,5,2020,10,1,42,42095,2,6,1,3,Boulevard Saint Charles,45.38861,4.28013
202000039090,26,5,2020,12,1,37,37122,2,1,1,7,BEAULIEU (RUE DE),47.3623922,0.6605801
202000039091,8,12,2020,16,1,21,21295,1,1,2,1,RD 974 PK 36+600,47.2118605,4.9724398
202000039092,27,5,2020,15,1,35,35238,2,2,1,3,MIRABEAU,48.1235143,-1.6457679
202000039093,8,12,2020,19,3,08,08263,1,1,1,-1,A34,49.737739,4.787394
202000039094,9,12,2020,7,2,54,54043,2,9,1,1,78 Rue Jacques Callot,48.58746,6.09674
202000039095,8,12,2020,20,3,54,54196,1,1,2,2,chemin de pulligny,48.556898,6.173286
202000039096,9,12,2020,17,3,73,73135,1,1,2,5,D1006,45.314991,6.334766
202000039097,8,12,2020,16,1,01,01297,1,3,1,5,D84C,45.875668,5.089202
202000039098,8,12,2020,12,1,79,79049,1,1,1,1,,46.822595,-0.520021
202000039099,8,12,2020,20,3,85,85214,1,1,1,1,D760,46.546952,-1.73363
202000039100,9,12,2020,8,2,29,29058,1,9,8,1,Lieu dit Pont Veo,47.9112515,-4.0173655
202000039101,8,12,2020,9,1,22,22077,1,1,2,7,.,48.560296,-2.43816
202000039102,29,7,2020,16,1,42,42127,2,9,1,3,Rue des Buttes,46.06282,4.05948
202000039103,8,12,2020,17,5,59,59419,2,3,5,3,D938,50.5205622,3.2768921
202000039104,29,7,2020,14,1,37,37261,2,1,1,5,ALOUETTE (AVENUE),47.363103,0.6979176
202000039105,8,12,2020,7,2,13,13071,1,1,2,4,A7-Sens Marseille vers Lyon,43.40775,5.28887
202000039106,29,7,2020,17,1,35,35238,2,1,1,6,163 Rue Eugène Pottier,48.10281,-1.71174
202000039107,7,12,2020,20,5,13,13210,1,1,2,2,A50-Sens Marseille vers Aubagne,43.28359,5.4015
202000039108,29,7,2020,17,1,35,35051,2,9,1,3,Rue de la Châtaigneraie,48.12105,-1.62875
202000039109,7,12,2020,8,1,13,13081,1,1,1,4,A7-Sens Lyon vers Marseille,43.48827,5.24047
202000039110,29,7,2020,9,1,33,33162,2,1,1,3,AV DU MEDOC,44.8778,-0.6237
202000039111,17,7,2020,17,1,33,33281,2,1,1,4,AVE DE MAGUDAS,44.85861,-0.67146
202000039112,8,12,2020,8,1,33,33003,1,1,1,2,AUTOROUTE A 10,44.93376,-0.46786
202000039113,16,7,2020,16,1,33,33063,2,2,1,3,RUE NAUJAC / RUE MALLERET,44.84796,-0.58588
202000039114,29,7,2020,14,1,33,33529,1,1,1,6,BISCAROSSE (AVE) DUNE VERS BISCA,44.59594,-1.19715
202000039115,29,7,2020,2,5,31,31555,2,1,1,6,BD GRIFFOUL DORVAL,43.59463,1.4569
202000039116,28,7,2020,14,1,31,31069,2,1,1,6,GRENADE (ROUTE DE),43.64976,1.3821
202000039117,29,7,2020,13,1,30,30007,2,1,1,6,SAUVAGES (RUE),44.12241,4.0791
202000039118,8,12,2020,8,1,33,33003,1,1,1,4,AUTOROUTE A 10,44.93425,-0.46776
202000039119,29,7,2020,18,1,29,29232,1,6,1,2,D765 - Route de Rosporden,47.98108,-4.02699
202000039120,28,7,2020,17,1,29,29232,1,6,1,2, D365 - Avenue du Morbihan ,47.97969,-4.07902
202000039121,29,7,2020,15,1,29,29039,1,2,1,7,RD 783,47.87436,-3.89842
202000039122,29,7,2020,12,1,27,27562,2,1,1,6,FERRY (RUE ET PLACE JULES),49.0994,1.44917
202000039123,10,7,2020,17,1,22,22113,1,3,1,3,CROAS BODIOU (LIEU-DIT),48.74899,-3.486
202000039124,25,7,2020,17,1,18,18033,2,1,1,-1,MITTERRAND (AVENUE FRANCOIS),47.08717,2.38722
202000039125,8,12,2020,7,3,91,91286,1,1,1,5,AUTOROUTE A6,48.64756,2.38683
202000039126,29,7,2020,10,1,17,17306,2,1,1,1,GAMBETTA,45.622612,-1.030915
202000039127,29,7,2020,21,1,17,17300,2,1,1,3,CRAPAUDIERES   AVENUE DES,46.17253,-1.17423
202000039128,8,12,2020,7,5,91,91549,1,1,1,2,RN 104,48.625,2.341
202000039129,7,12,2020,22,5,94,94034,1,1,1,2,AUTOROUTE A86,48.75921,2.32333
202000039130,29,7,2020,18,1,17,17300,2,2,1,3,LEMOYNE D'IBERVILLE   RUE,46.161706,-1.210868
202000039131,8,12,2020,18,5,92,92064,2,1,1,3,A13,48.845463,2.2232242
202000039132,27,7,2020,17,1,16,16102,2,2,1,3,Rue Montesquieu,45.68083,-0.3359
202000039133,8,12,2020,16,1,78,78646,1,1,1,2,RN12,48.793304,2.075872
202000039134,8,12,2020,10,1,92,92036,1,1,8,4,A86,48.9374713,2.2956603
202000039135,28,7,2020,9,1,14,14366,2,1,1,6,SAINTE THERESE (AVENUE),49.1423684,0.2314093
202000039136,8,12,2020,9,1,78,78043,1,1,1,3,A12 W,48.835128,2.087685
202000039137,29,7,2020,21,3,13,13071,2,9,1,1,D113 AGAVON,43.4165591,5.2787536
202000039138,27,7,2020,17,1,13,13005,2,1,1,2,VERDUN (AVENUE DE),43.28814,5.57533
202000039139,8,12,2020,8,1,78,78007,1,1,1,4,A13,48.89807,2.006002
202000039140,29,7,2020,23,5,10,10387,2,5,1,3,MARGUERITE FLAVIEN BUFFARD (RUE),48.30386,4.06171
202000039141,8,12,2020,18,3,94,94073,1,1,1,4,A86 INT,48.7709388,2.3875608
202000039142,29,7,2020,14,1,75,75114,2,1,1,3,BOULEVARD PERIPHERIQUE,48.822847,2.312865
202000039143,6,12,2020,11,1,974,97411,2,1,1,6,BERTHO (RUE JEAN),-20.89275,55.4888
202000039144,29,7,2020,9,1,75,75119,2,1,1,3,BOULEVARD PERIPHERIQUE,48.900606,2.373933
202000039145,7,12,2020,9,1,69,69387,2,1,1,3,JEAN JAURES                         (AV),45.72684,4.83103
202000039146,29,7,2020,18,1,75,75119,2,7,1,2,PLACE AUGUSTE BARON,48.900155,2.387303
202000039147,7,12,2020,7,5,69,69259,2,2,8,2,AMBROISE CROIZAT                    (BD),45.70644,4.88758
202000039148,29,7,2020,13,1,75,75119,2,3,1,2,AVENUE CORENTIN CARIOU,48.895848,2.38355
202000039149,4,12,2020,17,4,69,69034,2,1,1,3,COSTE                               (R ),45.7912599,4.8371537
202000039150,29,7,2020,12,1,75,75119,2,1,1,3,BOULEVARD DE LA VILLETTE,48.879793,2.370418
202000039151,29,7,2020,10,1,75,75119,2,1,1,3,BOULEVARD MACDONALD,48.897412,2.388837
202000039152,6,12,2020,17,2,971,97101,2,1,1,1,GRAND CAMP(SECTION),16.25037,-61.53241
202000039153,4,12,2020,21,5,89,89387,2,1,1,6,ERNEST LANDRY (QUAI),48.1972,3.27651
202000039154,28,7,2020,1,5,75,75116,2,2,1,2,BOULEVARD EXELMANS,48.845337,2.258681
202000039155,4,12,2020,8,5,76,76681,2,2,1,6,JAURES. AVENUE JEAN,49.41456,1.09158
202000039156,28,7,2020,9,1,75,75115,2,2,1,6,BOULEVARD LEFEBVRE,48.828645,2.301422
202000039157,29,7,2020,17,1,75,75113,2,1,1,3,AVENUE DES GOBELINS,48.834205,2.353656
202000039158,4,12,2020,15,1,76,76351,2,4,1,6,DRAPIERS (DES),49.48728,0.10901
202000039159,28,7,2020,21,2,75,75112,2,1,1,7,PONT MORLAND,48.846933,2.36624
202000039160,4,12,2020,14,1,76,76351,2,3,2,3,FELIX FAURE,49.502035,0.117175
202000039161,29,7,2020,10,1,75,75109,2,1,1,-1,RUE DE LA CHAUSSEE D ANTIN,48.871954,2.333745
202000039162,29,7,2020,19,1,75,75108,2,7,1,3,PLACE DE L ALMA,48.864665,2.301328
202000039163,1,12,2020,19,5,74,74012,2,3,2,2,PASTEUR (AVENUE),46.19259,6.23894
202000039164,28,7,2020,17,1,94,94081,2,3,1,3,ABBE ROGER DERRY (AV DE L),48.7901895,2.3915038
202000039165,5,12,2020,13,1,67,67482,2,3,1,3,BROGLIE (PLACE),48.58455,7.74857
202000039166,28,7,2020,23,5,94,94068,2,3,1,3,VARENNE (R DE LA),48.8074,2.4744
202000039167,7,12,2020,9,1,64,64445,2,3,3,3,HENRI  IV,43.29463,-0.37282
202000039168,29,7,2020,18,1,94,94046,2,1,1,3,JEAN JAURES (R),48.7890304,2.4355102
202000039169,30,11,2020,19,5,64,64445,2,9,1,3,YITZHAK RABIN,43.30794,-0.33938
202000039170,7,12,2020,14,1,64,64102,2,6,3,2,PAULMY (AVENUE DES ALLEES),43.48858,-1.48267
202000039171,28,7,2020,18,1,94,94076,2,2,1,3,PAUL VAILLANT COUTURIER (AV),48.79497,2.3664
202000039172,7,12,2020,10,1,64,64102,2,1,3,2,MAI 1945 (AVENUE DU 8),43.45908,-1.49556
202000039173,3,12,2020,17,5,62,62160,2,6,2,6,MARIETTE (Bld Auguste ),50.726921,1.616535
202000039174,29,7,2020,4,5,94,94022,2,2,1,3,LEON GOURDAULT (AV),48.76417,2.4055
202000039175,28,7,2020,20,1,94,94002,2,2,1,3,VAILLANT COUTURIER (R),48.810312,2.416966
202000039176,29,7,2020,12,1,93,93078,2,2,1,1,CLEMENCEAU (AVENUE GEORGES),48.9581,2.5584
202000039177,29,7,2020,20,2,93,93066,2,1,1,7,HUIT MAI 1945 (PLACE),48.9397329,2.3560154
202000039178,29,7,2020,15,1,93,93066,2,9,1,1,GORKI MAXIME,48.9441454,2.3868495
202000039179,28,7,2020,14,1,93,93066,2,1,1,3,"""BROSSOLETTE PIERRE, NR IMPAIRS""",48.9416525,2.3487145
202000039180,28,7,2020,12,1,93,93066,2,3,1,1,DIDEROT,48.9359843,2.3776335
202000039181,3,12,2020,17,2,59,59560,2,1,3,6,LILLE ROUTE DE,50.55902,3.03475
202000039182,29,7,2020,19,1,93,93064,2,1,1,3,ALSACE-LORRAINE (BOULEVARD),48.8846764,2.4834767
202000039183,3,12,2020,16,2,59,59560,2,1,2,6,DORMOY MARX RUE,50.55071,3.02605
202000039184,29,7,2020,16,1,93,93049,2,9,1,6,GENERAL DE GAULLE (RUE),48.8615541,2.5061987
202000039185,6,12,2020,20,5,54,54357,2,2,1,3,LAFAYETTE (RUE),48.708503,6.17175
202000039186,29,7,2020,14,1,93,93046,2,1,1,2,ARISTIDE BRIAND AVENUE,48.911686,2.5197497
202000039187,6,12,2020,18,5,51,51454,2,2,5,3,Rue Emile Zola,49.2667066,4.0274857
202000039188,28,7,2020,20,1,93,93007,2,9,1,6,DESCARTES (CITE),48.95107,2.44224
202000039189,4,12,2020,7,5,50,50129,2,2,2,-1,TOUR CARREE (RUE),49.64213,-1.62533
202000039190,28,11,2020,14,1,50,50203,2,1,1,2,ROUGES TERRES (LES),49.6096,-1.60024
202000039191,26,7,2020,5,5,92,92044,2,2,1,3,CARNOT(RUE) 73+ ET 60+,48.8926463,2.2858948
202000039192,5,12,2020,20,5,49,49007,2,2,2,3,Rue Saint-Léonard,47.46002,-0.52424
202000039193,28,7,2020,17,1,87,87038,1,1,1,6,Blemont,45.935371,1.246154
202000039194,7,12,2020,20,5,45,45234,2,1,8,3,Avenue Roger Secretain,47.88408,1.89821
202000039195,7,12,2020,10,1,45,45232,2,1,1,2,Avenue de Sologne,47.87007,1.91194
202000039196,7,12,2020,19,5,44,44114,2,1,2,2,ROUTE DE RENNES,47.25371,-1.57641
202000039197,7,12,2020,19,5,41,41226,2,1,1,1,CARTIER (RUE JACQUES),47.81096,1.07188