Num_Acc,jour,mois,an,hr,condition_eclairage,departement,commune,condition_agglomeration,intersection,condition_atmosphere,type_collision,adresse,lattitude,longitude
202000039463,25,9,2020,18,1,91,91027,2,9,1,3,VOIE VERTE (RUE DE LA),48.69889,2.36198
202000039464,24,9,2020,17,1,91,91339,1,1,1,2,BENOIST ROBERT (AVENUE),48.62,2.26
202000039465,24,9,2020,9,1,87,87085,2,2,2,3,BORIE (BOULEVARD DE LA),45.83994,1.23441
202000039466,24,9,2020,22,5,87,87085,2,3,2,2,RUBEN (AVENUE ERNEST),45.82354,1.25115
202000039467,24,9,2020,12,1,87,87085,1,1,2,6,AUTOROUTE A20,45.85891,1.28432
202000039468,25,9,2020,8,1,83,83137,2,3,8,3,BROSSET (BD GENERAL),43.12907,5.90597
202000039469,25,9,2020,20,2,82,82121,2,1,1,3,BRIAND (RUE ARISTIDE),44.016457,1.3465936
202000039470,24,9,2020,17,1,80,80021,2,1,1,3,EDOUARD LUCAS (RUE),49.89808,2.270114
202000039471,21,9,2020,12,1,78,78498,2,2,1,3,SAINT LOUIS RUE,48.929935,2.036928
202000039472,23,9,2020,12,1,78,78498,2,2,1,6,DEVAUX BD,48.9327,2.0501
202000039473,24,9,2020,15,1,77,77122,2,1,8,6,CHENE(RUE DU) - D48,48.66153,2.58219
202000039474,25,9,2020,6,5,77,77284,2,9,1,3,BAYARD (BD.DU CHEVALIER),48.95443,2.91448
202000039475,25,9,2020,4,5,76,76575,1,2,1,3,LENINE. BOULEVARD,49.36792,1.11067
202000039476,24,9,2020,16,1,76,76351,2,2,2,6,JULES TELLIER,49.49845,0.12694
202000039477,24,9,2020,13,1,76,76351,2,1,1,4,PABLO PICASSO (AVENUE) ,49.50249,0.15198
202000039478,25,9,2020,12,1,73,73065,1,1,2,3,N201 VOIE RAPIDE URBAINE,45.5788729,5.9170121
202000039479,24,9,2020,22,3,71,71497,1,1,9,1,Route Départementale 906,46.3465919,4.8484898
202000039480,24,9,2020,17,1,71,71153,2,1,8,3,PRESIDENT WILSON (RUE DU),46.7985021,4.4363094
202000039481,16,6,2020,12,1,55,55029,2,1,1,7,POPEY ( RUE DE ),48.76938,5.17427
202000039482,25,9,2020,15,1,69,69266,2,2,1,6,POUDRETTE     (Rue de la),45.760518,4.9205695
202000039483,29,6,2020,13,1,54,54395,2,2,1,3,TIERCELINS (RUE DES),48.6904614,6.1883502
202000039484,25,9,2020,15,1,69,69266,2,3,1,3,EMILE ZOLA     (Cours),45.7667158,4.8947698
202000039485,28,6,2020,13,1,50,50602,2,3,1,1,EST (BOULEVARD DE L'),49.63648,-1.59614
202000039486,22,9,2020,7,2,69,69282,2,6,8,-1,REPUBLIQUE (DE)                     (R ),45.76808,4.99158
202000039487,29,6,2020,20,2,49,49007,2,1,1,3,FOCH BOULEVARD,47.46834,-0.55014
202000039488,25,9,2020,8,1,69,69266,2,1,8,3,EMILE ZOLA     (Cours),45.7704284,4.8745946
202000039489,29,6,2020,10,1,49,49007,2,1,1,3,BEAUSSIER BOULEVARD,47.46877,-0.60024
202000039490,24,9,2020,9,1,69,69256,2,3,2,3,PAUL MARCELLIN                      (AV),45.77406,4.93232
202000039491,26,6,2020,16,1,47,47001,2,1,1,6,SCALIGER (BOULEVARD),44.20752,0.61645
202000039492,29,6,2020,14,1,38,38185,2,1,1,6,Cours de la Libération,45.16817,5.71226
202000039493,25,9,2020,7,1,69,69264,2,3,1,6,Boulevard Louis Blanc,45.98479,4.72049
202000039494,29,6,2020,10,1,38,38151,2,1,1,-1,Avenue de Grugliasco,45.1507,5.7101
202000039495,24,9,2020,16,1,67,67180,2,1,1,6,FERME FALK (RUE DE LA),48.8098429,7.7840495
202000039496,30,6,2020,14,1,37,37261,2,1,1,6,CHEVALLIER (RUE AUGUSTE),47.3775228,0.679563
202000039497,24,9,2020,21,5,66,66136,2,1,1,6,CASSANYES (PLACE JOSEPH),42.69706,2.90224
202000039498,27,6,2020,10,1,35,35288,2,3,1,6,52 Rue de la Balue,48.62653,-2.00198
202000039499,23,9,2020,17,1,66,66136,2,1,1,6,GIRAL (ALLEE AIME),42.71528,2.89361
202000039500,25,6,2020,17,1,35,35115,2,1,1,2,12 Boulevard de Saint Germain,48.3572411,-1.2045008
202000039501,22,9,2020,11,1,64,64483,2,1,2,6,HUGO VICTOR (BOULEVARD),43.38748,-1.66156
202000039502,30,6,2020,20,1,34,34172,2,1,1,2,TOULOUSE (AVENUE DE,43.60042,3.86751
202000039503,25,9,2020,23,5,64,64445,2,1,2,7,PHILIPPON,43.32562,-0.36047
202000039504,30,6,2020,16,1,34,34172,2,1,1,7,APOTHICAIRES (AVENUE DES),43.6418992,3.8349856
202000039505,1,9,2020,20,1,64,64445,2,1,7,7,LEON BERARD,43.3132,-0.36906
202000039506,23,9,2020,16,1,63,63113,2,2,1,6,FALLIERES (RUE ARMAND),45.7893025,3.0627836
202000039507,30,6,2020,9,1,34,34172,2,1,1,3,LIBERTE (AVENUE DE LA,43.6119,3.82486
202000039508,23,9,2020,8,1,62,62193,2,6,2,3,ST EXUPERY (AVENUE),50.94646,1.89366
202000039509,30,6,2020,8,1,33,33063,2,1,1,2,AVE DU MAL DE LATTRE DE TASSIGNY CAUD,44.8596747,-0.632166
202000039510,25,9,2020,10,1,62,62041,2,1,2,6,DUMETZ ( DU COMMANDANT ),50.28334,2.78456
202000039511,23,6,2020,17,1,33,33281,2,1,1,3,AVE FRANCOIS MITTERRAND,44.8119384,-0.7109778
202000039512,24,9,2020,21,5,60,60159,2,3,1,3,PARIS (DE),49.4114,2.81837
202000039513,28,6,2020,5,5,33,33063,2,1,1,6,RUE GIACOMO MATTEOTI,44.832,-0.5437
202000039514,24,9,2020,7,1,59,59017,2,1,1,6,DEPORTES (RUE DES),50.6857426,2.8915983
202000039515,30,6,2020,11,1,29,29232,2,1,2,7,Avenue Leon Blum,47.98355,-4.07557
202000039516,24,9,2020,17,1,58,58194,2,1,1,2,BERNARD PALISSY,46.9856,3.1745
202000039517,25,9,2020,10,1,54,54395,2,1,1,2,CHARLES V (BOULEVARD),48.7,6.17613
202000039518,29,6,2020,13,1,29,29232,2,3,1,2,Rue Saint Marc,47.99632,-4.10966
202000039519,24,6,2020,8,1,17,17306,2,1,1,6,Rue Gambetta,45.62406,-1.02898
202000039520,1,7,2020,0,4,14,14118,2,1,1,6,LEBISEY (RUE DE),49.194763,-0.356334
202000039521,27,6,2020,14,1,30,30032,1,1,1,1,saint gilles route de D38,43.790414,4.581312
202000039522,4,9,2020,17,1,54,54547,2,1,1,4,BELGIQUE (RUE DE),48.6659,6.17098
202000039523,30,6,2020,20,1,13,13210,2,1,1,6,L ARMEE D AFRIQUE (CHEMIN DE L'),43.286757,5.414178
202000039524,25,9,2020,17,1,51,51454,2,1,3,7,Rue de Solférino,49.2662312,4.0507993
202000039525,30,6,2020,20,2,13,13215,2,1,1,3,LYON (RUE DE),43.32892,5.3657
202000039526,30,6,2020,18,1,13,13214,2,1,1,1,DANIELLE CASANOVA PROLONGE (BD),43.328709,5.375509
202000039527,25,9,2020,8,1,51,51454,2,2,1,7,Boulevard Lundy,49.2581431,4.0383072
202000039528,30,6,2020,17,1,13,13213,2,1,1,3,ALPHONSE DAUDET (RUE),43.32159,5.41175
202000039529,24,9,2020,15,1,51,51230,2,2,1,3,Rue Flodoard,49.044311,3.9557286
202000039530,24,9,2020,9,1,50,50173,2,2,2,3,SALINE (BOULEVARD DE LA),49.6539,-1.64909
202000039531,30,6,2020,15,1,13,13202,2,3,1,2,LITTORAL (CHEMIN DU),43.3278694,5.3549453
202000039532,22,9,2020,20,2,49,49007,2,1,1,3,LAFAYETTE PLACE,47.4624993,-0.5538225
202000039533,29,6,2020,19,1,13,13203,2,4,1,6,BELLE DE MAI (RUE),43.309622,5.382535
202000039534,24,9,2020,7,2,49,49007,2,6,1,3,CHAUVIRE RUE ET SQUARE,47.47184,-0.56714
202000039535,29,6,2020,14,1,10,10387,2,5,1,3,MARECHAL DE LATTRE DE TASSIGNY (RUE DU),48.30538,4.09253
202000039536,25,9,2020,6,5,46,46042,1,1,9,3,départementale 653 (cahors - montcuq),44.41468,1.43437
202000039537,1,2,2020,19,3,06,06088,2,1,1,6,MADELEINE (BD DE LA),43.7034,7.235
202000039538,25,9,2020,18,1,37,37261,2,1,1,2,EIFFEL (AVENUE GUSTAVE),47.4355949,0.6984942
202000039539,30,6,2020,7,1,06,06069,2,6,1,6,SEMARD (AVENUE PIERRE),43.65597,6.92472
202000039540,25,9,2020,16,1,37,37261,2,1,2,7,ROND POINT EMMAUS,47.4301551,0.7052488
202000039541,30,6,2020,0,5,06,06069,2,1,1,1,Route de Cannes,43.6449,6.941
202000039542,18,9,2020,14,1,37,37261,2,1,1,2,MIRABEAU (PONT),47.3990174,0.7000854
202000039543,29,6,2020,14,1,06,06027,2,6,1,3,GRASSE AVENUE DE,43.65896,7.13705
202000039544,25,9,2020,8,1,37,37261,2,9,1,6,HEURTELOUP (BOULEVARD),47.3921288,0.7004766
202000039545,28,6,2020,11,1,06,06027,2,1,1,3,PLAGE BOULEVARD DE LA,43.6496,7.151
202000039546,24,9,2020,22,3,37,37195,2,1,8,7,PROUDHON (AVENUE),47.3893324,0.6470353
202000039547,29,6,2020,16,1,05,05061,2,1,1,4,EMILE DIDIER ( AV ),44.56639,6.09464
202000039548,24,9,2020,20,5,37,37261,2,1,2,7,NIESSEL (AVENUE DU GENERAL),47.3661608,0.700594
202000039549,29,6,2020,9,1,04,04112,1,4,1,1,RD 907 / RD 6,43.8323464,5.7622939
202000039550,24,9,2020,17,1,37,37122,2,2,1,1,JAURES (BOULEVARD JEAN),47.3477029,0.6556795
202000039551,30,6,2020,19,1,75,75117,2,1,1,3,PORTE DE CHAMPERRET,48.885193,2.287302
202000039552,24,9,2020,13,1,37,37261,2,1,2,7,CHEVALLIER (RUE AUGUSTE),47.3839814,0.6782207
202000039553,30,6,2020,14,1,75,75119,2,1,1,3,PORTE DE PANTIN,48.891777,2.395562
202000039554,24,9,2020,9,1,37,37214,1,1,9,4,RD 37,47.4273739,0.6381326
202000039555,30,6,2020,13,1,75,75120,2,1,1,5,BOULEVARD PERIPHERIQUE INTERIEUR NORD  ,48.877218,2.408928
202000039556,24,9,2020,14,1,35,35288,2,6,2,6,DEMALVILLAIN LEONCE (BOULEVARD),48.631736,-2.001003
202000039557,29,6,2020,11,1,75,75120,2,4,1,4,PORTE DE MONTREUIL,48.849145,2.41514
202000039558,25,9,2020,22,5,35,35238,2,1,1,6,BRETAGNE (PLACE DE),48.109293,-1.684556
202000039559,29,6,2020,22,5,75,75114,2,7,1,7,PLACE DENFERT ROCHEREAU,48.833933,2.331348
202000039560,25,9,2020,15,1,35,35238,1,1,2,2,PORTE DE VILLEJEAN,48.13221,-1.7082
202000039561,30,6,2020,18,1,75,75118,2,2,1,6,RUE LABAT,48.889489,2.349594
202000039562,25,9,2020,8,1,35,35238,2,1,2,3,MONTS D'ARREE (AVENUE DES),48.1356922,-1.6601126
202000039563,30,6,2020,0,5,75,75118,2,2,1,6,BOULEVARD NEY,48.898714,2.37036
202000039564,25,9,2020,20,5,34,34172,2,1,2,6,FLAHAULT (AVENUE CHARLES,43.61915,3.86584
202000039565,30,6,2020,17,1,75,75117,2,1,8,2,BOULEVARD BERTHIER,48.894038,2.313037
202000039566,25,9,2020,9,1,34,34172,2,1,1,-1,FLAHAULT (AVENUE CHARLES,43.62369,3.86218
202000039567,30,6,2020,9,1,75,75117,2,1,1,2,RUE FLOREAL,48.900274,2.320065
202000039568,22,9,2020,17,1,34,34172,2,3,1,1,NIMES (AVENUE DE),43.62353,3.89221
202000039569,24,9,2020,17,1,34,34336,1,1,1,7,SERIGNAN (ANCIENNE ROUTE DE),43.30822,3.27835
202000039570,30,6,2020,0,5,75,75113,2,2,1,3,RUE DE TOLBIAC,48.825944,2.345214
202000039571,26,9,2020,0,5,33,33069,2,2,8,2,ALL DE BOUTAUT / RUE RIGAL,44.86872,-0.57612
202000039572,30,6,2020,19,1,75,75112,2,3,1,3,AVENUE DAUMESNIL,48.839949,2.43214
202000039573,25,9,2020,23,5,33,33192,2,1,2,6,RUE DES AUBEPINES,44.78912,-0.60877
202000039574,30,6,2020,14,1,75,75112,2,4,1,6,RUE RONDELET,48.847149,2.385001
202000039575,30,6,2020,13,1,75,75111,2,1,8,3,RUE DE MONTREUIL,48.851216,2.397855
202000039576,25,9,2020,19,1,33,33063,2,2,2,4,RUE STEHELIN CAUD / RUE DELACROIX / RUE CARTON,44.85705,-0.63218
202000039577,30,6,2020,9,1,75,75111,2,3,8,3,BOULEVARD BEAUMARCHAIS,48.859477,2.367615
202000039578,24,9,2020,19,5,33,33063,2,1,3,6,BD MARECHAL LECLERC,44.8302,-0.59673
202000039579,30,6,2020,9,1,75,75110,2,2,1,3,RUE LA FAYETTE,48.880723,2.36242
202000039580,30,6,2020,14,1,75,75108,2,5,8,7,RUE DE SAINT PETERSBOURG,48.880698,2.324783
202000039581,30,6,2020,9,1,75,75108,2,2,1,2,RUE DU FAUBOURG SAINT HONORE,48.876548,2.301693
202000039582,29,6,2020,16,1,75,75108,2,1,1,1,COURS ALBERT 1ER,48.864568,2.308817
202000039583,30,6,2020,16,1,75,75114,2,1,1,5,RUE DE GERGOVIE,48.834651,2.31307
202000039584,24,9,2020,1,5,33,33522,2,1,1,6,Boulevard GEORGE V,44.82202,-0.58413
202000039585,30,6,2020,14,1,75,75101,2,2,1,6,RUE DES PETITS CHAMPS,48.866978,2.335874
202000039586,15,9,2020,17,1,33,33281,1,2,1,5,AVE DE LA GRANGE NOIRE  / AVE MAURICE LEVY,44.85073,-0.67847
202000039587,29,6,2020,15,1,94,94068,2,3,1,6,LIBERATION (AV DE LA),48.80718,2.47553
202000039588,27,9,2020,16,1,33,33063,2,1,1,1,RUE DU GRAND MAURIAN,44.83124,-0.60597
202000039589,30,6,2020,19,1,94,94043,2,2,1,-1,SEVERINE (R),48.80812,2.35702
202000039590,25,9,2020,14,1,33,33009,2,2,3,2,GAMBETTA (AVE) DU 30 ET +,44.65857,-1.16828
202000039591,30,6,2020,10,1,94,94021,2,1,1,2,STALINGRAD (AV DE),48.769454,2.367893
202000039592,24,9,2020,16,1,31,31557,2,1,1,3,LARRAMET (CH DE),43.56071,1.35169
202000039593,30,6,2020,13,1,94,94028,2,1,1,3,PARIS.(RUE DE),48.794984,2.45943
202000039594,24,9,2020,19,1,31,31555,2,1,1,3,RUE EMILE HEYBRARD,43.60819,1.40922
202000039595,29,6,2020,12,1,94,94028,2,1,1,2,Avenue du Maréchal Foch,48.78128,2.4376
202000039596,24,9,2020,17,1,31,31555,2,1,1,6,LARDENNE (AV DE),43.59286,1.40333
202000039597,30,6,2020,0,5,93,93066,2,1,1,5,CACHIN MARCEL (AVENUE),48.9385608,2.3702948
202000039598,30,6,2020,10,1,93,93053,2,1,1,6,ANATOLE FRANCE (RUE),48.8847739,2.441529
202000039599,24,9,2020,15,1,31,31555,1,1,1,4,VA007331 A620,43.59939,1.39727
202000039600,30,6,2020,18,1,93,93049,2,2,1,6,MARECHAL FOCH (AVENUE) F.BUISSON->PL J.M,48.8635,2.5012
202000039601,23,9,2020,22,4,31,31044,1,1,1,-1,VA007553 A61,43.58584,1.49635
202000039602,29,6,2020,18,1,93,93027,2,3,1,5,VAILLANT-COUTURIER (AVENUE PAUL),48.9229797,2.4132959
202000039603,30,6,2020,20,1,93,93010,2,9,1,-1,GALLIENI (AV.) DE 177 A 211,48.9066572,2.4853115
202000039604,25,9,2020,13,1,30,30189,1,9,1,1,PUITS DE ROULLE (CHEMIN OU IMPASSE),43.83013,4.33266
202000039605,30,6,2020,11,1,93,93057,2,3,1,6,AV ALBERT THOMAS / AV FRANKLIN,48.89914,2.50455
202000039606,24,9,2020,9,1,30,30189,2,3,1,3,AERODROME (CHEMIN),43.8516,4.4079
202000039607,29,6,2020,20,1,93,93007,2,2,1,3,CONCORDE (RUE DE LA),48.9373505,2.4631798
202000039608,25,9,2020,20,2,29,29039,2,3,1,3,Avenue Alain le Lay,47.8774237,-3.9138114
202000039609,29,6,2020,19,1,93,93001,2,2,1,3,R ANDRE KARMAN / R DES ECOLES,48.9061,2.3842
202000039610,25,9,2020,17,1,29,29039,1,2,1,3,D44 - Chemin de Langoat,47.9207976,-3.9171946
202000039611,29,6,2020,18,1,93,93001,2,2,1,3,R DU GOULET / R VILLEBOIS MAREUIL,48.91213,2.37745
202000039612,25,9,2020,12,1,29,29019,2,3,1,3, Rue de Gouesnou,48.4063918,-4.4676382
202000039613,30,6,2020,22,2,92,92051,2,2,1,3,SEINE (PORTE DE LA),48.8762,2.2464
202000039614,26,9,2020,1,5,25,25056,2,1,8,6,ALLENDE  BOULEVARD SALVADOR,47.21819,5.9682
202000039615,30,6,2020,17,1,92,92062,2,1,1,6,JAURES (RUE JEAN) DU 165 AU 99,48.8818,2.239
202000039616,30,6,2020,17,1,92,92007,2,1,1,3,DORMOY AVENUE MARX N°2 A 100,48.81011,2.31443
202000039617,29,6,2020,19,1,92,92036,2,4,1,1,PRINCIPALE DU PORT (ROUTE) (19/+),48.940743,2.292333
202000039618,24,9,2020,14,1,24,24322,2,3,1,3,POMPIDOU (AVENUE GEORGES),45.1884,0.72265
202000039619,30,6,2020,8,1,92,92035,2,3,1,3,Général de Gaulle  ( avenue du ),48.90964,2.25504
202000039620,25,9,2020,21,5,17,17291,2,3,1,3,LOGIS   RUE DU,46.1885,-1.12166
202000039621,30,6,2020,18,1,92,92026,2,3,1,3,JOFFRE ( DE 52 A FIN ET DE 61 A FIN ),48.900589,2.275257
202000039622,24,9,2020,14,1,14,14366,2,3,1,7,HENRY CHERON (RUE),49.14596,0.22717
202000039623,28,6,2020,14,1,92,92025,2,1,1,2,CHARLES DE GAULLE (BD),48.91483,2.228414
202000039624,25,9,2020,19,2,13,13203,2,1,1,3,NATIONAL (BOULEVARD),43.30199,5.38726
202000039625,30,6,2020,11,1,92,92024,2,1,1,3,FOURNIER (RUE),48.906347,2.297126
202000039626,25,9,2020,17,1,13,13213,2,1,1,6,ALBERT EINSTEIN (RUE),43.3333494,5.4307484
202000039627,30,6,2020,20,1,92,92023,2,9,1,7,BOURGEOIS (VILLA),48.800445,2.268932
202000039628,25,9,2020,13,1,13,13206,2,2,1,3,BONS ENFANT (RUE DES),43.2893,5.3883
202000039629,1,7,2020,10,1,91,91086,1,1,1,4,38 Rue Napoleon Bonaparte,48.614141,2.390917
202000039630,1,7,2020,16,1,10,10248,1,1,1,2,D'141,48.30278,3.974068
202000039631,11,9,2020,21,5,13,13203,2,2,1,3,BRIANCON (BOULEVARD),43.3164531,5.3684507
202000039632,1,7,2020,8,1,974,97422,1,1,7,6,Rue des Palmiers,-21.292259,55.526329
202000039633,11,9,2020,21,5,13,13203,2,1,1,3,BRIANCON (BOULEVARD),43.316806,5.369275
202000039634,1,7,2020,16,1,974,97401,1,1,1,3,59 Chemin Dep 11 le Brule,-21.252877,55.348252
202000039635,25,9,2020,0,5,13,13210,2,1,1,6,PAUL CLAUDEL (BOULEVARD),43.26815,5.41671
202000039636,1,7,2020,2,3,26,26353,1,1,1,2,1145 Route Nationale 7,44.664838,4.791584
202000039637,30,6,2020,19,2,63,63048,1,1,1,6,D2089,45.6482321,2.6038805
202000039638,24,9,2020,21,5,13,13205,2,2,1,3,SAKAKINI (BOULEVARD),43.29584,5.40026
202000039639,24,9,2020,10,1,13,13207,2,1,1,6,Corniche John Fitzgérald Kennedy,43.2837301,5.3500489
202000039640,16,6,2020,17,1,57,57690,2,6,1,3,Rue du Wenheck,49.094191,6.71734
202000039641,30,6,2020,13,1,76,76454,1,1,8,6,A29,49.737988,1.54536
202000039642,24,9,2020,16,1,11,11069,2,1,8,6,CHEMIN D'HERMINIS - GREZES -,43.22468,2.28509
202000039643,1,7,2020,14,1,83,83070,2,1,1,1,Avenue de la Baou,43.139137,6.355162
202000039644,25,9,2020,18,1,07,07281,2,1,1,2,GROSS-UMSTADT (AVENUE DE),44.9410311,4.8625965
202000039645,28,6,2020,12,1,30,30030,1,1,1,6,D981,44.060144,4.262567
202000039646,22,9,2020,8,1,07,07052,1,1,2,1,,44.939494,4.762865
202000039647,29,6,2020,19,1,51,51237,1,3,7,1,D934,48.720924,3.536943
202000039648,2,6,2020,8,1,19,19194,1,1,1,7,La Croix Bourrue,45.3487501,1.697672
202000039649,24,9,2020,10,1,06,06029,2,1,1,2,HIBERT (BOULEVARD JEAN),43.54872,7.00803
202000039650,1,7,2020,12,1,56,56155,2,1,8,6,Rue du Calvaire,47.481796,-2.475749
202000039651,23,9,2020,6,2,75,75117,2,4,1,6,BOULEVARD PERIPHERIQUE,48.883046,2.283677
202000039652,29,6,2020,10,1,32,32389,1,1,1,2,51 Route de Tarbes,43.502013,0.394982
202000039653,30,6,2020,15,1,12,12238,1,1,1,6,Départementale 911,44.23782,2.960215
202000039654,25,9,2020,10,1,75,75113,2,2,8,3,PORTE D ITALIE,48.816037,2.360114
202000039655,29,6,2020,15,1,39,39449,1,3,1,7,,47.153276,5.487024
202000039656,25,9,2020,22,5,75,75119,2,1,1,3,RUE CURIAL,48.890396,2.371808
202000039657,25,6,2020,15,1,44,44005,1,1,1,6,La Biche,47.154777,-1.878383
202000039658,25,9,2020,8,1,75,75119,2,2,2,3,AVENUE JEAN JAURES,48.882764,2.370293
202000039659,30,6,2020,18,1,15,15138,1,1,1,3,départementale 3,45.114042,2.86056
202000039660,25,9,2020,6,5,75,75119,2,1,1,6,BOULEVARD MACDONALD,48.897591,2.386226
202000039661,1,7,2020,9,1,01,01034,2,1,1,6,57 Rue Saint Jean,45.757714,5.688139
202000039662,1,7,2020,1,5,70,70429,2,1,1,6,12 Rue Ruffier d'Epenoux,47.671095,6.164296
202000039663,25,9,2020,12,1,75,75116,2,3,2,3,AVENUE DE VERSAILLES,48.849104,2.275449
202000039664,25,9,2020,12,1,75,75116,2,1,2,6,RUE PERGOLESE,48.874946,2.283701
202000039665,28,6,2020,11,1,26,26005,1,9,1,3,24 bis route d'Aiguebelle ,44.49649,4.78858
202000039666,25,9,2020,11,1,75,75116,2,2,2,2,AVENUE MOZART,48.854684,2.269387
202000039667,1,7,2020,16,1,60,60531,1,1,2,5,RD 36,49.429838,2.717067
202000039668,25,9,2020,19,1,75,75115,2,3,1,6,RUE LECOURBE,48.843187,2.304617
202000039669,1,7,2020,2,5,53,53010,2,9,1,6,17 Route d'Evron,48.155295,-0.32558
202000039670,25,9,2020,12,1,75,75115,2,1,3,6,BOULEVARD DE GRENELLE,48.84971,2.296336
202000039671,30,6,2020,22,3,24,24581,1,1,1,6,1245 Route de Perigueux,45.0294,0.554928
202000039672,25,9,2020,8,1,75,75115,2,3,2,6,RUE DE VAUGIRARD,48.843567,2.314662
202000039673,20,6,2020,17,1,24,24312,1,1,1,1,Route de Pomarede,45.10013,0.804566
202000039674,24,9,2020,14,1,75,75115,2,3,2,1,AVENUE EMILE ZOLA,48.84622,2.279416
202000039675,29,6,2020,22,3,04,04244,2,1,1,6,Chemin de Femuy,44.115394,6.007499
202000039676,25,9,2020,13,1,75,75114,2,1,3,2,RUE DELAMBRE,48.841368,2.325634
202000039677,30,6,2020,20,1,27,27251,1,1,1,7,Route de Serquigny,49.100889,0.692385
202000039678,29,6,2020,13,1,87,87095,1,9,1,6,Les trois fonds,45.543389,1.45468
202000039679,25,9,2020,7,2,75,75114,2,1,2,6,RUE DELAMBRE,48.841665,2.327773
202000039680,25,9,2020,15,1,75,75110,2,1,1,6,BOULEVARD DE LA VILLETTE,48.872865,2.3758
202000039681,30,6,2020,16,1,37,37028,1,1,1,1,Cinge,46.8090992,0.9705439
202000039682,24,9,2020,22,5,75,75109,2,2,2,6,RUE DE DOUAI,48.881209,2.336162
202000039683,1,7,2020,6,3,37,37001,1,1,1,3,57 Route du Blanc,46.9623654,0.7054625
202000039684,30,6,2020,10,1,63,63164,1,9,1,6,"A71 , péage clermont-barrière , parking",45.8395566,3.1607887
202000039685,25,9,2020,13,1,75,75117,2,1,2,3,BOULEVARD DE COURCELLES,48.879052,2.302669
202000039686,29,6,2020,11,1,976,97607,1,1,1,3,N2,-12.839314,45.160578
202000039687,29,6,2020,14,1,95,95039,2,1,1,6,30 Rue des Gords,49.065822,2.1581972
202000039688,25,9,2020,12,1,75,75117,2,3,2,3,BOULEVARD DE COURCELLES,48.878989,2.302403
202000039689,25,9,2020,8,1,75,75108,2,1,2,7,AVENUE DES CHAMPS ELYSEES,48.869818,2.307275
202000039690,28,6,2020,17,1,91,91661,2,2,1,3,19 Rue de Villiers,48.697203,2.246709
202000039691,25,9,2020,9,1,75,75103,2,3,8,7,BOULEVARD BEAUMARCHAIS,48.856948,2.368227
202000039692,30,6,2020,18,1,2A,2A247,1,9,1,6,T10,41.5978487,9.2669289
202000039693,24,9,2020,18,1,75,75101,2,2,3,7,RUE DE L AMIRAL DE COLIGNY,48.860909,2.340852
202000039694,1,7,2020,1,3,83,83042,1,1,1,7,D98,43.242592,6.530997
202000039695,25,9,2020,13,1,94,94074,2,1,2,1,FERME (COUR DE LA),48.77007,2.44167
202000039696,1,7,2020,13,1,83,83106,1,1,1,5,route departementale 43,43.323023,6.078229
202000039697,25,9,2020,9,1,94,94078,2,3,2,7,THIMONNIER (R),48.75126,2.44566
202000039698,1,7,2020,13,1,05,05134,1,1,1,4,N94,44.639735,6.568676
202000039699,24,9,2020,13,1,94,94042,2,1,1,6,GENERAL GALLIENI (AV DU),48.820078,2.476683
202000039700,25,9,2020,9,1,94,94046,2,1,2,7,GENERAL DE GAULLE (AV DU),48.81399,2.42094
202000039701,1,7,2020,7,1,13,13092,1,1,1,4,D10,43.535677,5.047477
202000039702,25,9,2020,22,5,94,94076,2,1,1,3,PARIS (AV DE),48.80651,2.36337
202000039703,27,6,2020,4,3,67,67544,1,1,1,6,D3,49.014943,8.025647
202000039704,25,9,2020,7,1,94,94028,2,3,2,3,MATISSE(RUE HENRI),48.78252,2.45867
202000039705,30,6,2020,15,1,73,73064,2,2,1,6,D1006 Avenue de chambery,45.548369,5.985328
202000039706,25,9,2020,8,1,94,94069,2,1,2,1,SAINT MAURICE DU VALAIS (AV),48.8171,2.459371
202000039707,30,6,2020,20,1,38,38106,1,1,1,6,Les Arêtes,45.008187,5.791131
202000039708,24,9,2020,21,5,94,94002,2,2,2,-1,VICTOR HUGO (R),48.80507,2.41572
202000039709,25,9,2020,14,1,93,93078,2,6,2,3,BD ROBERT BALLANGER / RTE DES PETITS PONTS,48.96114,2.55651
202000039710,1,7,2020,18,1,69,69078,1,1,2,7,D489,45.690128,4.505446
202000039711,25,9,2020,15,1,93,93073,2,1,2,3,CHAPIT RE ( RUE DU),49.0062972,2.5578444
202000039712,30,6,2020,18,1,09,09199,1,1,1,3,Montaut,43.2133626,1.6312649
202000039713,25,9,2020,19,2,93,93070,2,9,1,6,MICHELET (AVE) : DU 1 AU 103,48.9016045,2.3441222
202000039714,25,9,2020,14,1,93,93064,2,1,2,6,MANOUCHIAN (RUE MISSAK),48.86414,2.49669
202000039715,29,6,2020,16,1,33,33256,1,1,1,5,Chemin du Roy,44.98142,-0.59259
202000039716,30,6,2020,12,1,85,85222,2,1,1,6,Quai Marcel Bernard,46.695536,-1.94127
202000039717,25,9,2020,17,1,93,93046,2,1,8,3,JEAN JAURES BOULEVARD,48.9202327,2.5266699
202000039718,1,7,2020,1,5,85,85097,2,1,2,7,Rue de la Frèrie,46.93838,-1.06104
202000039719,25,9,2020,8,1,93,93074,2,1,2,2,R ALEXANDRE BOUCHER,48.9342,2.56645
202000039720,1,7,2020,0,3,50,50444,1,1,2,6,Les Rouges Terres,49.0529758,-0.9260267
202000039721,24,9,2020,18,1,93,93032,2,4,2,6,R DU GENERAL LECLERC / R DE LA MAISON ROUGE,48.8901374,2.5392589
202000039722,30,6,2020,18,1,50,50099,2,3,8,6,1 Rue de l'Abreuvoir,49.304926,-1.245645
202000039723,25,9,2020,15,1,93,93031,2,2,2,6,JOFFRE (AVENUE),48.9616276,2.2949474
202000039724,25,9,2020,14,1,93,93027,2,1,2,7,SALENGRO (AVENUE ROGER),48.938,2.3883