Num_Acc,jour,mois,an,hr,condition_eclairage,departement,commune,condition_agglomeration,intersection,condition_atmosphere,type_collision,adresse,lattitude,longitude
202000039725,24,9,2020,21,3,93,93027,1,1,2,7,SALENGRO (AVENUE ROGER),48.93762,2.38882
202000039726,23,6,2020,15,1,76,76203,1,3,7,3,D6015,49.612086,0.840213
202000039727,25,9,2020,16,1,93,93047,2,1,1,6,BARGUE  (BOULEVARD),48.90065,2.55737
202000039728,30,6,2020,20,1,13,13055,1,1,1,2,A507 sens Marseille - Aubagne,43.32614,5.42114
202000039729,25,9,2020,10,1,93,93047,2,1,2,6,PECHES  (AVENUE DES),48.8984297,2.5604281
202000039730,25,9,2020,18,1,93,93007,2,2,8,4,ARISTIDE BRIAND (AVENUE COTE IMPAIRS),48.94531,2.45116
202000039731,25,9,2020,17,1,93,93005,2,1,2,6,CAMILLE PELLETAN (RUE),48.9439546,2.4953951
202000039732,30,6,2020,9,1,13,13055,1,1,1,2,A507 sens Marseille - Aubagne,43.2965317,5.4245381
202000039733,30,6,2020,5,2,13,13117,1,1,1,2,A7-Sens Marseille vers Lyon,43.4299,5.2601
202000039734,25,9,2020,17,1,93,93005,2,2,2,3,BD MARC CHAGALL / R PAUL CEZANNE,48.9525373,2.4970078
202000039735,25,9,2020,9,1,93,93001,2,2,2,6,R CHAPON / R DU COMMANDANT L'HERMINIER,48.91509,2.38611
202000039736,29,6,2020,18,1,13,13106,1,1,1,4,A51-Sens Aix en Provence vers Marseille,43.40325,5.35691
202000039737,25,9,2020,8,2,92,92064,2,1,2,7,LOUIS LOUCHEUR,48.8601002,2.2133893
202000039738,29,6,2020,13,1,91,91339,1,1,1,2,RN 104,48.6257,2.26151
202000039739,25,9,2020,9,1,92,92051,2,9,9,3,"CHARLES DE GAULLE (AVENUE, N°27 A 129)",48.8802589,2.2737944
202000039740,25,9,2020,13,1,92,92049,2,1,2,7,DORMOY AVENUE MARX N°2 A 100,48.80977,2.32258
202000039741,29,6,2020,8,1,91,91687,1,1,1,4,AUTOROUTE A6,48.66391,2.36586
202000039742,25,9,2020,19,5,92,92012,2,6,1,2,MARECHAL DE LATTRE DE TASSIGNY (AVENUE),48.8407283,2.2281432
202000039743,30,6,2020,18,1,92,92063,1,1,1,3,A86,48.88928,2.16846
202000039744,24,9,2020,12,1,92,92012,2,1,8,7,REINE (ROUTE DE LA) 1/37- 6/80,48.8391572,2.2461838
202000039745,25,9,2020,9,1,92,92012,2,1,1,3,GENERAL LECLERC (AVENUE DU) 1/33 - 2/58,48.8328423,2.2408611
202000039746,25,9,2020,7,2,92,92004,2,1,8,-1,MARNE   ( AVENUE DE LA ),48.9072505,2.2829028
202000039747,29,6,2020,10,1,92,92036,1,1,1,4,A86,48.9357641,2.2872225
202000039748,25,9,2020,15,1,92,92002,2,1,8,2,PRESIDENT KENNEDY (50 A LA FIN),48.7376237,2.2955954
202000039749,11,8,2020,11,1,974,97415,1,1,1,7,Route du Maïdo,-21.026037,55.322492
202000039750,29,6,2020,10,1,95,95572,1,1,1,4,RN 184,49.03509,2.11501
202000039751,24,9,2020,17,1,49,49082,1,1,8,6,D961,47.320825,-0.742151
202000039752,26,9,2020,17,1,2A,2A272,2,1,6,6,D69,41.624618,8.980722
202000039753,29,6,2020,9,1,93,93078,1,1,1,5,AUTOROUTE A104,48.96725,2.51206
202000039754,25,9,2020,20,3,62,62811,1,1,1,6,D190,50.638466,2.23913
202000039755,30,6,2020,17,1,94,94073,1,1,1,-1,A86 INT,48.7716646,2.3931443
202000039756,26,9,2020,6,3,42,42176,2,1,1,6,Route de Renaison,46.048358,3.977383
202000039757,23,9,2020,16,1,51,51547,1,1,1,7,D931,49.1045459,4.6476244
202000039758,26,9,2020,18,1,62,62408,1,1,3,6,D231,50.861414,1.832716
202000039759,30,6,2020,11,1,94,94028,1,1,1,5,A86 EXT,48.8001614,2.4465546
202000039760,21,6,2020,20,1,77,77294,1,1,2,6,A104,48.9670192,2.6049477
202000039761,29,6,2020,19,1,69,69259,2,1,1,3,MARCEL SEMBAT                       (BD),45.7136,4.8778
202000039762,25,9,2020,23,3,77,77398,1,1,2,7,D6,48.859972,3.290148
202000039763,29,6,2020,12,1,69,69276,1,1,1,3,312                                     ,45.67672,4.84883
202000039764,26,9,2020,8,1,61,61497,1,1,8,6,A28,48.456395,0.128636
202000039765,29,6,2020,18,1,69,69384,2,1,1,1,JOSEPH GILLET                       (QU),45.78502,4.81569
202000039766,23,9,2020,13,1,19,19123,2,3,1,3,61 Avenue Pierre et Marie Curie,45.168109,1.554834
202000039767,28,6,2020,20,1,69,69034,2,1,1,3,ST CLAIR (DE)                       (GR),45.78655,4.84965
202000039768,25,9,2020,10,1,59,59663,2,1,3,6,Place du Général de Gaulle,50.880987,2.467723
202000039769,27,6,2020,23,5,971,97101,2,1,1,5,PERRIN (SECTEUR),16.2378323,-61.5316451
202000039770,25,9,2020,21,5,74,74225,2,3,2,1,Rue de la Foret,45.867066,5.936001
202000039771,25,6,2020,12,1,971,97101,1,1,1,3,CREPS ANTILLES GUYANE,16.25798,-61.5197
202000039772,26,9,2020,4,3,33,33382,1,1,3,6,D250,45.121238,-0.525118
202000039773,29,6,2020,19,1,95,95585,2,1,1,3,VALERY (AVEUE PAUL),48.97933,2.37956
202000039774,26,9,2020,12,1,71,71254,1,2,1,3,Route de Pierre,46.916736,5.248866
202000039775,29,6,2020,13,1,95,95127,1,1,1,2,RN 14,49.0548448,2.0541243
202000039776,26,9,2020,15,1,71,71454,2,1,2,1,140 Route de la Tournelle,46.614279,5.293125
202000039777,29,6,2020,8,1,91,91549,2,1,1,3,BRETIGNY (AVENUE DE),48.633238,2.330034
202000039778,26,9,2020,9,1,71,71378,2,1,8,6,Rue de Fagot,46.876273,4.745675
202000039779,28,6,2020,16,1,91,91692,2,1,1,1,ALSACE (AVENUE D'),48.68665,2.1744
202000039780,25,9,2020,17,1,63,63258,1,1,2,7,D906,45.67884,3.629351
202000039781,29,6,2020,9,1,91,91345,2,1,1,6,Yvette rue de l',48.694543,2.292103
202000039782,26,9,2020,4,5,55,55117,2,1,8,6,8 Route de Clermont,49.116826,5.096508
202000039783,29,6,2020,8,1,91,91201,2,3,1,3,GENERAL DE GAULLE(BOULEVARD),48.68648,2.40422
202000039784,1,7,2020,17,1,91,91021,2,1,1,4,JEAN JAURES (PASSAGE),48.587522,2.244848
202000039785,26,9,2020,10,1,55,55127,1,1,3,6,D183,48.83292,5.45225
202000039786,25,9,2020,7,2,12,12076,1,4,3,6,D901,44.62445,2.364031
202000039787,27,6,2020,19,1,91,91103,2,3,2,3,SAUSAIE (RUE DE LA),48.59062,2.29895
202000039788,26,9,2020,10,1,42,42082,1,1,2,6,D8,45.905707,4.008556
202000039789,17,8,2020,21,3,86,86298,1,1,1,7,3 Rue du Bas Villiers,46.720005,0.550303
202000039790,26,6,2020,18,1,88,88160,2,2,1,3,SEROT (Q. COLONEL-),48.17686,6.45018
202000039791,26,9,2020,1,5,34,34109,2,1,1,7,Avenue de Roujan,43.511332,3.274264
202000039792,28,6,2020,18,1,87,87085,1,1,1,7,SAINT GENCE (RUE DE) (RD218),45.8664,1.19652
202000039793,28,6,2020,20,2,87,87085,2,3,2,6,CHURCHILL WINSTON (PLACE),45.82868,1.256
202000039794,25,9,2020,10,1,39,39470,1,1,2,3,,46.493946,6.044304
202000039795,25,9,2020,20,3,39,39013,1,1,2,1,,46.914308,5.770445
202000039796,25,9,2020,21,3,44,44091,1,1,1,6,La Rouillais,47.594432,-1.710466
202000039797,26,9,2020,1,5,38,38399,2,2,1,1,Boulevard Jean Jaurès,45.499688,5.148339
202000039798,26,9,2020,14,1,03,03057,2,2,1,3,,46.6692878,3.5270323
202000039799,26,9,2020,15,1,15,15266,1,1,2,1,36 Route de Semilhac,44.921991,2.514356
202000039800,27,6,2020,17,1,87,87114,2,1,1,3,Rue Joseph Leyssene,45.83897,1.30104
202000039801,26,9,2020,17,1,60,60617,2,3,6,6,Rue de Beaurains,49.6147644,2.9610664
202000039802,26,6,2020,15,1,86,86194,2,1,1,2,Avenue Jacques Coeur,46.55448,0.39674
202000039803,26,9,2020,15,1,16,16023,1,1,1,6,Lieu dit es Chirons,45.90636,0.256963
202000039804,18,8,2020,15,1,07,07330,1,1,1,3,,44.409727,4.40695
202000039805,25,9,2020,15,1,28,28339,1,2,1,3,D125.2,48.419083,1.230576
202000039806,25,9,2020,23,3,35,35210,1,1,1,6,N12,48.146317,-1.786416
202000039807,26,9,2020,5,2,95,95042,2,1,1,6,Rue Jean Nicolas,49.064089,2.299683
202000039808,26,9,2020,4,3,07,07241,1,1,1,1,D103,44.5565236,4.4544685
202000039809,26,9,2020,14,1,86,86088,1,1,1,7,Échangeur N10 / A10,46.544869,0.298042
202000039810,26,9,2020,16,1,31,31506,2,1,3,6,Avenue de Revel,43.54222,1.54363
202000039811,26,9,2020,11,1,988,98803,1,4,1,6,RPS20/RM2,-21.590764,165.4217
202000039812,26,9,2020,20,5,95,95541,2,1,2,6,38 Rue Gambetta,49.200773,1.677408
202000039813,26,9,2020,3,5,91,91661,2,6,1,6,D59,48.703873,2.255727
202000039814,26,9,2020,9,1,06,06065,2,3,1,1,Route de Cagnes,43.716045,7.15339
202000039815,26,9,2020,13,1,73,73187,1,1,2,3,RN 90,45.5465158,6.4668745
202000039816,26,9,2020,9,1,26,26064,1,1,1,6,2020 Route de Malissard,44.898812,4.985229
202000039817,28,6,2020,1,5,86,86194,2,3,1,5,Rue de Bonneuil Matours,46.5942,0.38079
202000039818,26,6,2020,18,1,85,85194,2,9,1,3,Rue des Plesses,46.49322,-1.74928
202000039819,26,6,2020,10,1,85,85194,2,2,1,3,Rue Jean Nicot,46.50093,-1.78562
202000039820,26,6,2020,12,1,83,83123,2,1,1,3,GARE (ROUTE),43.12101,5.81749
202000039821,29,6,2020,2,5,80,80632,2,1,1,6,ROUEN (ROUTE DE),49.87737,2.25225
202000039822,26,6,2020,9,1,80,80021,2,1,1,3,IRLANDE (AVENUE D'),49.87141,2.29543
202000039823,26,6,2020,16,1,79,79191,2,1,1,1,Boulevard Willy Brandt,46.32886,-0.49773
202000039824,28,6,2020,18,1,78,78646,1,1,1,7,CLEMENT ADER (AVENUE),48.79162,2.1156
202000039825,29,6,2020,18,1,78,78440,2,1,1,6,avenue de la République,48.986736,1.923593
202000039826,29,6,2020,13,1,77,77037,2,4,7,1,GRES (REU DES),48.47395,2.70505
202000039827,26,6,2020,16,1,76,76319,1,1,1,7,MARITIME. BOULEVARD,49.3555326,0.9876741
202000039828,29,6,2020,21,5,74,74298,2,3,1,3,LIVRON (ROUTE DE),46.185766,6.251575
202000039829,28,6,2020,20,1,71,71076,2,1,2,3,MESSAGERIES (QUAI DES ),46.7802989,4.856556
202000039830,29,6,2020,19,1,69,69266,2,3,1,6,FRANCIS DE PRESSENSE    (Rue),45.77188,4.87236
202000039831,29,6,2020,10,1,69,69264,2,1,1,3,NATIONALE  R,45.98641,4.7182
202000039832,27,6,2020,22,4,66,66136,2,1,1,6,PAYRA (JEAN),42.70216,2.89335
202000039833,26,6,2020,22,4,62,62907,2,1,9,5,DARCHICOURT (AV FERNAND ),50.48537,2.99766
202000039834,29,6,2020,9,1,56,56121,2,1,1,2,LANVEUR ( ET PL. DE ),47.7433,-3.38972
202000039835,28,6,2020,5,5,50,50602,1,6,1,6,RN 13,49.6486,-1.59137
202000039836,27,6,2020,0,4,50,50129,2,2,1,3,ATLANTIQUE (BOULEVARD DE L'),49.63225,-1.62338
202000039837,27,6,2020,22,4,50,50203,1,3,1,6,de la Banque à Genets (Avenue),49.6105,-1.6169
202000039838,26,6,2020,18,1,49,49328,2,1,1,6,DE GAULLE (AVENUE DU GENERAL),47.2649608,-0.0723982
202000039839,27,6,2020,17,1,49,49007,2,1,1,3,SAINT JACQUES,47.4738353,-0.5758435
202000039840,26,6,2020,8,1,49,49007,2,1,1,6,LAREVELLIERE,47.47182,-0.53673
202000039841,26,6,2020,13,5,44,44184,1,1,1,1,Rue des Noisetiers,47.26043,-2.255245
202000039842,29,6,2020,15,1,44,44190,2,1,1,3,RUE MAURICE DANIEL,47.2055,-1.50952
202000039843,30,6,2020,0,5,42,42095,2,1,1,7,Rue de la Tour de Varan,45.39111,4.28305
202000039844,29,6,2020,13,1,34,34172,2,3,1,3,PAS DU LOUP (RUE DU,43.59927,3.84704
202000039845,27,6,2020,3,5,34,34032,2,1,1,6,TOURVENTOUSE (BOULEVARD DE),43.34072,3.20911
202000039846,29,6,2020,21,1,33,33281,2,2,1,3,AVE D'ARES / RUE GENERAL GOURAUD / RUE DE BERLET,44.8386376,-0.6188649
202000039847,29,6,2020,20,1,33,33550,2,3,1,2,RTE DE TOULOUSE / RUE AURELIE DUCROS,44.7833166,-0.5661317
202000039848,29,6,2020,18,1,33,33529,2,2,1,3,DE GAULLE (AVE CHARLES) 87 ET +,44.63717,-1.12878
202000039849,29,6,2020,17,1,33,33529,2,2,1,3,PAPIN (RUE DENIS),44.60793,-1.12521
202000039850,28,6,2020,8,1,31,31555,2,1,1,7,FITTE (ALL CHARLES DE) DU 2AU 76,43.60061,1.42873
202000039851,27,6,2020,15,1,31,31555,1,1,1,3,24 EMPALOT  (PERIPH OUEST A620),43.57528,1.44048
202000039852,26,6,2020,16,1,31,31555,2,1,1,3,RUE DE PERIOLE,43.61865,1.46311
202000039853,26,10,2020,7,1,37,37233,2,2,1,3,LENINE (AVENUE),47.3928369,0.7294868
202000039854,26,10,2020,7,1,37,37261,2,1,8,2,MIRABEAU (PONT),47.3980545,0.6995867
202000039855,25,10,2020,17,1,37,37261,2,1,2,1,FLORENCE (AVENUE DE),47.3743767,0.717981
202000039856,26,10,2020,7,1,35,35238,2,2,1,3,FOUGERES (ROUTE DE),48.1318985,-1.6355271
202000039857,24,10,2020,16,1,34,34172,2,1,1,7,CINQUANTE SIXIEME REGIMENT D'ARTILLERIE,43.6012245,3.8626027
202000039858,24,10,2020,0,1,34,34032,2,1,1,3,RD 612,43.35337,3.25065
202000039859,27,10,2020,0,5,33,33063,2,2,3,7,BD ALBERT 1ER,44.81351,-0.56471
202000039860,26,10,2020,8,1,33,33529,2,6,2,2,PYLA (BD DU),44.63375,-1.16867
202000039861,26,10,2020,0,5,31,31555,2,1,3,2,RTE DE SEYSSES,43.57745,1.42221
202000039862,25,10,2020,20,5,31,31555,2,1,1,3,STRASBOURG (BD DE) DU 1AU 33,43.60874,1.44552
202000039863,25,10,2020,16,1,31,31555,2,1,1,6,Chemin de Tissié,43.59354,1.39345
202000039864,25,10,2020,14,1,31,31555,2,1,1,3,RUE JEAN PHILIPPE RAMEAU,43.61885,1.42379
202000039865,26,10,2020,7,2,29,29051,1,1,2,1,D15 - Avenue de Garsalec,48.0143639,-4.007026
202000039866,26,10,2020,12,1,29,29039,1,1,2,2,D70 - La Boissiere,47.9188833,-3.9033061
202000039867,25,10,2020,11,1,16,16102,2,3,1,6,Av Victor HUGO,45.68861,-0.314931
202000039868,26,10,2020,10,1,13,13211,2,1,1,3,VALENTINE (ROUTE DE LA),43.2893,5.4659
202000039869,26,10,2020,14,1,13,13063,2,1,1,7,RENE CASSIN ROND POINT,43.5987,5.0056
202000039870,24,10,2020,11,1,11,11069,2,6,1,-1,Avenue du Président Franklin Roosevelt ,43.22607,2.33205
202000039871,26,10,2020,13,1,10,10362,2,2,1,1,BENOIT MALON (RUE),48.293,4.0612
202000039872,25,10,2020,11,1,05,05061,1,1,1,7,FAUVINS ( ROUTE  DES ),44.56822,6.12818
202000039873,22,10,2020,17,1,05,05061,2,1,2,7,PROVENCE ( AVENUE DE ),44.54084,6.05743
202000039874,21,10,2020,19,4,05,05061,2,1,1,3,PROVENCE (AVENUE DE),44.53929,6.05571
202000039875,23,10,2020,5,5,75,75114,2,1,1,3,BOULEVARD PERIPHERIQUE,48.820274,2.324397
202000039876,25,10,2020,19,5,75,75114,2,4,2,6,AVENUE DU MAINE,48.836184,2.323477
202000039877,26,10,2020,21,5,75,75118,2,5,1,3,AVENUE DE LA PORTE DE CLIGNANCOURT,48.900696,2.344268
202000039878,26,10,2020,17,1,75,75118,2,1,8,6,RUE BELLIARD,48.897422,2.343671
202000039879,26,10,2020,14,1,75,75117,2,2,1,6,BOULEVARD DU FORT DE VAUX,48.89182,2.301578
202000039880,25,10,2020,20,5,75,75115,2,2,8,5,RUE DE LA CONVENTION,48.843435,2.282742
202000039881,26,10,2020,11,1,75,75113,2,3,1,2,AVENUE DE CHOISY,48.82726,2.359079
202000039882,26,10,2020,8,1,75,75112,2,1,1,3,AVENUE DAUMESNIL,48.843124,2.383986
202000039883,26,10,2020,19,5,75,75107,2,2,1,3,PONT DE L ALMA,48.862878,2.301712
202000039884,26,10,2020,16,1,75,75107,2,1,1,7,RUE DU BAC,48.857167,2.327619
202000039885,26,10,2020,16,2,75,75104,2,2,1,6,BOULEVARD HENRI IV,48.850808,2.361434
202000039886,26,10,2020,9,1,75,75104,2,1,1,3,RUE SAINT PAUL,48.854526,2.362636
202000039887,25,10,2020,20,5,94,94068,2,7,2,3,JEAN MOULIN (PL),48.79796,2.50267
202000039888,26,10,2020,20,5,94,94081,2,1,1,6,ROUGET DE L ISLE (AV),48.77967,2.39568
202000039889,26,10,2020,16,1,94,94041,2,1,1,3,Quai Auguste Deshaies,48.81531,2.40896
202000039890,26,10,2020,2,5,94,94065,2,3,2,3,rue d'auvergne,48.7603,2.35441
202000039891,26,10,2020,9,1,94,94054,2,1,1,2,Route Charles Tillon,48.74158,2.38625
202000039892,23,10,2020,21,5,94,94079,2,2,1,3,MONTRICHARD (AV),48.830703,2.548469
202000039893,26,10,2020,8,1,93,93070,2,1,1,3,MICHELET(AV):N°1AU 103,48.9050537,2.3441496
202000039894,26,10,2020,9,1,93,93046,2,2,1,6,FRANCOIS VILLON RUE,48.9211413,2.5379794
202000039895,25,10,2020,0,5,93,93027,2,1,2,2,RATEAU (RUE),48.9251886,2.4008958
202000039896,26,10,2020,16,1,93,93001,2,5,1,6,AV VICTOR HUGO / R DU GOULET,48.908825,2.378093
202000039897,25,10,2020,17,5,93,93001,2,9,3,6,DANIELLE CASANOVA (RUE)  59 =>,48.9186602,2.3923066
202000039898,24,10,2020,14,1,92,92022,2,1,2,6,PAVE DES GARDES (ROUTE DU),48.807644,2.189552
202000039899,21,10,2020,11,1,92,92063,2,1,1,6,POMPIDOU (AVENUE DU PRESIDENT),48.8671387,2.2002556
202000039900,26,10,2020,18,2,92,92040,2,1,1,7,FRERES VOISIN (BOULEVARD DES),48.827831,2.270787
202000039901,26,10,2020,17,2,92,92040,2,1,1,2,RODIN (BOULEVARD),48.8173877,2.2556573
202000039902,23,10,2020,12,1,92,92036,2,2,1,3,EUGENE VARLIN (RUE) (2),48.933159,2.29414
202000039903,26,10,2020,19,5,92,92078,2,1,1,2,VERDUN (AVENUE) (PAIRS 92 ET PLUS),48.93489,2.32515
202000039904,26,10,2020,18,2,92,92012,2,1,1,6,GENERAL LECLERC (AVENUE DU) 1/33 - 2/58,48.8327329,2.2408474
202000039905,26,10,2020,8,1,92,92012,2,1,1,-1,REINE (ROUTE DE LA) 39/107 BIS,48.8398634,2.2377402
202000039906,26,10,2020,6,2,92,92012,2,1,1,7,GENERAL LECLERC (AVENUE DU) 35/FIN - 60/,48.83067,2.23436
202000039907,26,10,2020,11,1,86,86174,1,1,2,7,D21,46.796347,0.501447
202000039908,27,10,2020,18,5,62,62038,2,9,3,6,Avenue de Saint-omer,50.855962,1.979948
202000039909,26,10,2020,19,3,19,19162,1,1,2,1,A20,45.342441,1.571571
202000039910,24,10,2020,19,1,62,62397,2,6,1,3,Rue Narcisse Boulanger,50.868716,1.873885
202000039911,26,10,2020,16,1,41,41149,2,3,1,3,Avenue Gambetta,47.757308,0.871171
202000039912,25,10,2020,15,1,76,76670,1,4,1,3,RD925,49.766963,0.416322
202000039913,24,10,2020,18,2,61,61464,1,6,2,7,D438,48.624357,0.180953
202000039914,27,10,2020,7,2,49,49125,1,2,2,3,D70,47.267902,-0.374351
202000039915,26,10,2020,18,3,86,86286,1,1,8,6,Lieu Dit la Balbiniere,46.887086,0.139078
202000039916,22,10,2020,10,1,68,68183,1,1,1,1,D9b,47.503127,7.446671
202000039917,26,10,2020,17,2,35,35360,2,6,2,6,route de Janzé,48.109445,-1.215758
202000039918,27,10,2020,14,1,50,50064,1,1,2,6,D15,49.388292,-1.46334
202000039919,17,10,2020,9,1,50,50029,2,1,7,6,15 Rue Pierre Crestey,48.599342,-0.83296
202000039920,26,10,2020,8,2,16,16072,1,1,2,1,lieu dit Le Pont des Tempes,45.512805,0.166769
202000039921,26,10,2020,17,2,85,85047,2,8,2,3,Chemin de Baudu,46.826526,-1.880207
202000039922,27,10,2020,9,1,52,52140,1,1,1,1,D203,48.246933,4.888414
202000039923,27,10,2020,8,1,08,08363,1,1,1,-1,Route d'Anchamps,49.929498,4.641994
202000039924,25,10,2020,10,1,88,88012,1,1,1,1,D42,48.135621,6.515365
202000039925,26,10,2020,18,2,45,45345,1,1,1,7,A77 - PK36+600,47.95021,2.672912
202000039926,26,10,2020,19,3,64,64061,1,1,2,7,A64,43.399804,-0.551885
202000039927,27,10,2020,13,1,2B,2B057,1,1,1,3,T10,42.248558,9.545531
202000039928,27,10,2020,2,3,17,17184,1,1,2,6,D733,45.798454,-0.936069
202000039929,26,10,2020,15,1,50,50099,2,2,2,3,Rue du Grand Valnoble,49.303112,-1.243164
202000039930,26,10,2020,15,1,29,29006,2,6,1,7,Rue de Kerguélen,47.8768126,-4.1129694
202000039931,27,10,2020,6,2,60,60028,1,1,1,5,D1330,49.2181318,2.5598814
202000039932,26,10,2020,16,1,59,59593,1,1,8,3,D61,50.224425,3.278233
202000039933,26,10,2020,16,1,13,13211,1,1,1,3,A50-Sens Aubagne vers Marseille,43.29298,5.45517
202000039934,16,10,2020,16,1,13,13211,1,1,1,4,A50-Sens Marseille vers Aubagne,43.29202,5.45252
202000039935,26,10,2020,6,3,91,91377,1,1,1,6,AUTOROUTE A10,48.71126,2.2892
202000039936,26,10,2020,17,1,92,92036,1,1,1,4,AUTOROUTE A15,48.944153,2.2863669
202000039937,25,10,2020,3,5,988,98818,2,1,1,6,ROUTE EXPRESS DU MONT DORE,-22.24597,166.46955
202000039938,25,10,2020,0,3,974,97416,1,1,1,7,RN1 (ROUTE NATIONALE),-21.3139,55.4391
202000039939,25,10,2020,17,1,974,97416,1,1,1,7,Rue Émilien Adam de Villiers,-21.31073,55.43418
202000039940,24,10,2020,19,5,974,97416,2,1,1,2,EUGENE DAYOT(RUE),-21.3249,55.48212
202000039941,25,10,2020,7,1,974,97416,2,6,1,1,GENERAL DE GAULLE(AVENUE),-21.3556,55.51635
202000039942,25,10,2020,13,1,971,97101,2,6,1,3,BOULEVARD DES HEROS,16.24764,-61.52719
202000039943,25,10,2020,17,2,971,97107,2,1,1,6,ELIE CHAUFFREIN ( RUE ),16.047944,-61.56232
202000039944,24,10,2020,17,2,971,97107,2,1,1,7,USINE (RUE DE L'),16.0465627,-61.5670073
202000039945,25,10,2020,16,1,2A,2A004,2,1,8,2,RECCO ABBE BOULEVARD,41.9385,8.7411
202000039946,22,9,2020,21,5,86,86194,2,9,1,3,Avenue du 11 Novembre,46.56725,0.36589
202000039947,25,10,2020,18,5,83,83137,2,1,1,6,RIVIERE (QUAI COMMANDANT),43.13943,5.90959
202000039948,25,10,2020,17,2,64,64102,2,9,3,2,NAVARRE (AVENUE HENRI DE),43.5013,-1.44581
202000039949,25,10,2020,18,3,35,35238,1,9,2,3,PORTE DE CLEUNAY,48.10212,-1.71608
202000039950,25,10,2020,23,5,33,33063,2,6,1,6,AVE DES TROIS CARDINAUX,44.88753,-0.54937
202000039951,24,10,2020,12,1,29,29151,2,1,1,7,Avenue de Wurselen,48.5834191,-3.8148415
202000039952,22,10,2020,10,1,22,22113,2,9,8,3,DE BROGLIE (RUE DE),48.7591,-3.47042
202000039953,25,10,2020,12,1,13,13205,2,7,1,3,SAINTE-CECILE (RUE),43.28721,5.39184
202000039954,24,10,2020,13,1,13,13047,2,1,1,6,PASSE PIERRE ALL‚E DE LA,43.50045,4.96811
202000039955,25,10,2020,17,5,75,75106,2,4,3,6,RUE CASSETTE,48.851082,2.330666
202000039956,25,10,2020,18,5,75,75120,2,1,3,6,RUE DES PYRENEES,48.872762,2.390823
202000039957,25,10,2020,0,3,75,75119,2,1,2,6,BOULEVARD DE LA VILLETTE,48.880527,2.370415
202000039958,25,10,2020,21,3,75,75116,2,1,1,6,ALLEE DU BORD DE L EAU,48.868868,2.238343
202000039959,25,10,2020,20,5,75,75112,2,1,2,6,AVENUE LEDRU ROLLIN,48.848935,2.373078
202000039960,25,10,2020,12,1,75,75112,2,1,2,3,AVENUE DU GENERAL MICHEL BIZOT,48.834158,2.400122
202000039961,25,10,2020,20,5,75,75111,2,1,8,3,BOULEVARD DE BELLEVILLE,48.871323,2.377529
202000039962,25,10,2020,20,5,75,75105,2,1,2,2,QUAI SAINT BERNARD,48.845574,2.362855
202000039963,25,10,2020,21,5,75,75101,2,1,1,6,SOUTERRAIN TRANSIT HALLES,48.862219,2.344133
202000039964,25,10,2020,10,1,94,94080,2,1,2,2,PARIS (AV DE),48.8452841,2.4310732
202000039965,25,10,2020,18,2,93,93070,2,1,2,6,GABRIEL-PERI (AV),48.90654,2.33202
202000039966,25,10,2020,20,5,93,93048,2,3,2,6,PAUL DOUMER (RUE),48.8591587,2.4568423
202000039967,25,10,2020,18,5,93,93048,2,1,1,6,BOISSIERE (BOULEVARD DE LA),48.8777449,2.4597168
202000039968,25,10,2020,17,5,93,93006,2,1,2,2,FRATERNITE RUE DE LA,48.8593,2.42337
202000039969,24,10,2020,21,5,93,93063,2,1,1,3,VAILLANT-COUTURIER AV. PAUL,48.8849698,2.4332541
202000039970,25,10,2020,19,5,93,93031,2,2,2,6,AV GALLIENI / R DE ST GRATIEN,48.96337,2.29745
202000039971,25,10,2020,0,5,93,93029,2,1,2,6,JEAN JAURES (AVENUE),48.9174439,2.4562535
202000039972,25,10,2020,19,5,93,93007,2,2,2,5,DE LA REPUBLIQUE (AVENUE),48.9356396,2.4754742
202000039973,25,10,2020,19,5,92,92073,2,9,2,6,RATRAIT (RUE DU),48.8766592,2.2304138
202000039974,25,10,2020,17,2,92,92048,2,1,3,6,BANES (RUE) N° 3 A 19,48.808225,2.239988
202000039975,25,10,2020,11,1,92,92044,2,2,2,7,BAUDIN (RUE) 27A83 ET 36 A84,48.8973311,2.2829742
202000039976,24,10,2020,23,5,92,92044,2,4,1,7,MAL JUIN(PLACE DU),48.8979118,2.2803206
202000039977,25,10,2020,17,2,92,92024,2,2,2,3,GENERAL LECLERC (BD DU) (9 A 59)   (4 A,48.9021017,2.3142656
202000039978,22,10,2020,15,1,35,35180,1,1,1,3,La Tannerie,48.296292,-1.935219
202000039979,25,10,2020,18,3,38,38318,1,1,1,-1,Route de Cancanne,45.540667,4.916089
202000039980,16,10,2020,9,1,2A,2A158,1,1,1,7,D268,41.6992109,9.0923142
202000039981,26,10,2020,8,1,45,45017,1,1,1,4,D2060 - PK45+204,47.9695021,2.5203179
202000039982,26,10,2020,9,1,17,17183,1,1,2,2,D730,45.586804,-0.8535
202000039983,25,10,2020,14,1,31,31409,2,1,1,6,Avenue d'Occitanie,43.500445,1.508265
202000039984,25,10,2020,10,1,974,97412,1,1,1,6,Rue Marius et Ary Leblond,-21.371889,55.612401
202000039985,25,10,2020,18,2,35,35225,1,1,2,1,Pilleverte,48.434511,-1.933486
202000039986,25,10,2020,18,3,38,38113,1,1,1,1,D1075,44.82604,5.61449
202000039987,25,10,2020,18,3,30,30060,2,1,1,6,Route de Saint Gilles,43.784289,4.391956