Num_Acc,jour,mois,an,hr,condition_eclairage,departement,commune,condition_agglomeration,intersection,condition_atmosphere,type_collision,adresse,lattitude,longitude
202000039988,24,10,2020,17,2,59,59331,1,1,1,7,Route d'Happegarbes,50.12355,3.669541
202000039989,26,10,2020,9,1,56,56131,1,1,7,6,Kerhouat,48.00984,-3.436827
202000039990,26,10,2020,10,1,74,74208,1,1,2,1,Avenue de Saint Martin,45.919311,6.678926
202000039991,26,10,2020,19,3,76,76469,1,1,1,2,Rue du Tilleul,49.485806,1.455726
202000039992,25,10,2020,16,1,2B,2B342,2,2,1,3,T10,41.925462,9.390607
202000039993,26,10,2020,8,1,2B,2B305,2,1,1,2,74 Route du Cap,42.729361,9.459819
202000039994,21,9,2020,9,1,80,80368,2,1,1,6,Rue du 8 Mai 1945,50.087737,1.552184
202000039995,25,10,2020,19,3,32,32132,1,1,3,1,lieu dit les moulins rouges,43.846498,0.687311
202000039996,25,10,2020,17,2,39,39068,1,1,6,2,,46.272576,5.78759
202000039997,25,10,2020,13,1,25,25178,1,2,1,3,CROISÉE DES ROUTES,47.354149,6.502281
202000039998,26,10,2020,3,5,29,29069,2,3,1,7,Rue Charles de Gaulle,48.420669,-4.5537702
202000039999,25,10,2020,15,1,01,01208,1,1,8,3,D992,45.809598,5.77632
202000040000,23,10,2020,14,1,14,14654,1,1,1,7,D102,48.964021,-0.002262
202000040001,23,10,2020,15,1,73,73298,2,8,1,3,Impasse du Bebier PN37,45.6476023,6.4402233
202000040002,26,10,2020,11,1,43,43170,2,1,1,7,Route du Bosbomparent,45.275762,3.26795
202000040003,26,10,2020,16,1,04,04209,2,4,1,6,D53 (Av du Jabron) / Lot Montcalm,44.187126,5.9407363
202000040004,24,10,2020,11,1,987,98752,2,1,1,6,PK 46.800,-17.7627061,-149.3954166
202000040005,26,10,2020,14,1,77,77279,1,1,1,2,A5,48.3785195,3.0103533
202000040006,25,10,2020,12,1,13,13069,1,6,1,3,D572,43.626298,5.150979
202000040007,19,9,2020,5,3,38,38400,1,1,2,6,A48,45.333998,5.585555
202000040008,25,10,2020,19,4,974,97420,2,1,1,6,Avenue Pierre Mendès France,-20.905008,55.605744
202000040009,24,10,2020,14,1,77,77283,1,1,8,4,D405,49.063519,3.012528
202000040010,22,10,2020,16,1,83,83053,1,1,1,3,Route des Gorges,43.158416,5.835838
202000040011,26,10,2020,10,1,04,04092,1,1,2,7,RD4085,43.827244,6.567155
202000040012,26,10,2020,7,1,89,89257,2,1,8,7,Rue Victor Hugo,47.960352,3.527609
202000040013,17,10,2020,16,1,67,67520,2,3,1,1,Rue de la Haul,48.640509,7.452582
202000040014,25,10,2020,19,5,57,57058,2,1,3,6,Boulevard Charlemagne,49.17194,6.934272
202000040015,26,10,2020,17,3,74,74175,1,1,3,6,D1005,46.406129,6.729641
202000040016,25,10,2020,16,1,73,73030,2,6,1,3,Route de la Trousse,45.5695338,5.9758669
202000040017,26,10,2020,8,2,17,17393,1,4,2,7,Route de la Jacqueline,45.664806,-0.889335
202000040018,26,10,2020,1,5,22,22162,2,1,1,6,1 Rue Guillardon,48.757708,-3.003253
202000040019,24,10,2020,16,1,62,62443,2,1,1,7,Rue Arthur Lamendin,50.442116,2.654598
202000040020,24,10,2020,13,1,13,13071,1,1,1,2,A51-Sens Aix en Provence vers Marseille,43.418921,5.366583
202000040021,25,10,2020,5,3,91,91340,1,1,2,7,RN 104,48.60881,2.4365
202000040022,25,10,2020,20,5,78,78238,1,1,1,4,A13,48.9701,1.8701
202000040023,25,10,2020,21,3,93,93053,1,1,2,7,AUTOROUTE A86,48.9004,2.46979
202000040024,25,10,2020,18,3,60,60494,1,1,2,3,AUTOROUTE A1,49.1317094,2.560277
202000040025,25,10,2020,13,1,95,95394,1,1,1,6,AUTOROUTE A115,49.051063,2.181832
202000040026,24,10,2020,20,5,93,93006,1,1,1,2,AUTOROUTE A3,48.8657716,2.4174963
202000040027,25,10,2020,12,1,93,93010,1,9,2,2,AUTOROUTE A3,48.892,2.4732
202000040028,24,10,2020,20,3,93,93078,1,1,2,4,AUTOROUTE A104,48.9584243,2.53351
202000040029,24,10,2020,19,3,93,93006,1,1,1,4,AUTOROUTE A3,48.8669025,2.4253006
202000040030,24,10,2020,12,1,95,95572,1,1,1,2, A15,49.032216,2.112943
202000040031,25,10,2020,20,3,77,77175,1,1,8,6,RN104,48.670115,2.611817
202000040032,24,10,2020,11,1,94,94028,1,1,1,2,A86 EXT,48.8030108,2.448313
202000040033,25,10,2020,9,1,988,98818,2,3,1,3,RUR AUGUSTE BENEBIG/RUEbJEAN OHLEN,-22.26767,166.45585
202000040034,24,10,2020,11,1,988,98818,2,3,1,3,RUE CECILE PERONNET/RUE AYMARD,-22.26141,166.46449
202000040035,5,10,2020,13,1,988,98818,2,2,1,6,AVENUE DE LA VICTOIRE H. LA FLEUR/RUE DU DOCTEUR LE SCOUR,-22.27441,166.44564
202000040036,24,10,2020,19,5,976,97611,2,1,1,3,mamoudzou centre-Haladi Selemani ( rue ),-12.780491,45.2300348
202000040037,24,10,2020,12,1,69,69386,2,2,1,3,JEAN BROQUIN                        (R ),45.7682,4.86319
202000040038,24,10,2020,12,1,69,69388,1,1,1,2,Avenue Jean Mermoz,45.7356627,4.8716611
202000040039,24,10,2020,11,1,69,69259,2,1,1,-1,FRANCIS DE PRESSENSE                (AV),45.72321,4.86538
202000040040,24,10,2020,11,1,69,69199,2,1,1,6,JEAN JAURES                         (AV),45.71283,4.85471
202000040041,23,10,2020,16,1,69,69259,2,1,2,4,FRANCIS DE PRESSENSE                (AV),45.72042,4.867724
202000040042,24,10,2020,15,1,91,91103,1,1,2,5,DEVI DU CD 19,48.60437,2.3205
202000040043,24,10,2020,22,5,91,91657,2,1,1,6,RUE HENRI ROSSIGNOL,48.70495,2.41047
202000040044,24,10,2020,12,1,91,91223,1,1,2,3,R.D.20,48.40252,2.12027
202000040045,14,10,2020,14,1,88,88413,2,1,1,7,Rue de LA BOLLE,48.28536,6.9362
202000040046,24,10,2020,16,1,83,83137,2,1,1,6,ARMARIS (BD DES),43.13188,5.98234
202000040047,23,10,2020,11,1,82,82121,2,1,2,3,DAGUERRE (RUE JEAN),43.9777047,1.3313037
202000040048,21,2,2020,13,1,69,69296,1,1,2,6,A7,45.6570985,4.8401986
202000040049,11,3,2020,4,4,69,69142,2,1,1,5,A7   ,45.72787,4.81655
202000040050,13,3,2020,16,1,33,33162,1,1,2,4,ROCADE A 630,44.86224,-0.65711
202000040051,13,3,2020,17,1,91,91136,1,1,1,3,AUTOROUTE A126,48.7156,2.2682
202000040052,13,3,2020,8,1,78,78466,1,1,1,2,A13,48.934752,1.966577
202000040053,12,3,2020,18,3,93,93007,1,1,1,5,AUTOROUTE A3,48.91808,2.47839
202000040054,12,3,2020,17,1,93,93005,1,1,1,2,AUTOROUTE A3,48.96803,2.47787
202000040055,12,3,2020,10,1,95,95527,1,1,1,6,A3,48.9891,2.510457
202000040056,12,3,2020,7,1,93,93010,1,1,1,3,AUTOROUTE A3,48.90232,2.47055
202000040057,10,3,2020,20,3,95,95365,1,1,1,2,RN 104,49.05969,2.41845
202000040058,13,3,2020,19,3,77,77249,1,1,1,-1,RN104,48.7474435,2.6137645
202000040059,13,3,2020,16,1,94,94017,1,9,1,-1,A4,48.82981,2.49797
202000040060,12,1,2020,9,1,77,77487,2,1,1,1,SEINE (DE),48.522666,2.67678
202000040061,7,1,2020,10,1,59,59569,2,1,1,6,VERDUN (RUE DE),50.363675,3.1132722
202000040062,5,1,2020,8,1,49,49328,1,1,1,7,FLEURET (ROND-POINT DU) N 347,47.2864,-0.0486
202000040063,12,3,2020,20,3,69,69199,1,1,3,7,Avenue des Frères Perret,45.6885,4.8465
202000040064,12,2,2020,17,1,69,69383,2,3,1,2,LAFAYETTE                           (PT),45.7636,4.8459
202000040065,12,3,2020,12,1,69,69199,2,1,1,6,VALENCE (DE)                        (R ),45.6958389,4.8555493
202000040066,11,3,2020,21,3,69,69388,2,2,1,3,FRERES LUMIERE (DES)                (AV),45.74403,4.87046
202000040067,12,3,2020,15,1,972,97209,2,3,1,3,EMMANUEL GROS-DUBOIS (RUE) EX AV A,14.61491,-61.05404
202000040068,11,3,2020,12,1,972,97209,2,1,1,7,CLUNY (ROUTE DE),14.61593,-61.08235
202000040069,12,3,2020,19,2,69,69034,2,1,2,6,STRASBOURG (DE)                     (RO),45.792663,4.869561
202000040070,11,3,2020,15,1,971,97101,2,3,1,5,CHAZEAU,16.28157,-61.49116
202000040071,11,3,2020,16,1,971,97101,1,1,1,5,PERRIN (SECTEUR),16.29369,-61.51125
202000040072,12,3,2020,9,1,95,95127,1,1,1,3,RN 14 (PROLONGEMENT A15),49.056047,2.047181
202000040073,12,3,2020,8,1,91,91174,2,1,1,3,LISSES (ROUTE DE),48.61014,2.46206
202000040074,11,3,2020,16,1,91,91103,2,1,1,6,COMMUNE DE PARIS (RUE DE LA),48.587,2.3
202000040075,11,3,2020,15,1,91,91339,2,1,1,4,RN 20,48.635,2.266
202000040076,12,3,2020,8,1,87,87085,2,2,1,3,PONT NEUF,45.82603,1.26802
202000040077,10,3,2020,12,1,87,87085,2,1,2,1,SAGNES (RUE DES),45.87791,1.2932
202000040078,12,3,2020,7,1,83,83090,2,9,1,2,NATIONALE 8 (ROUTE),43.13561,5.85208
202000040079,12,3,2020,2,5,83,83090,2,1,1,6,NATIONALE 8 (ROUTE),43.13494,5.853
202000040080,11,3,2020,13,1,80,80021,2,3,2,3,GENERAL LECLERC (RUE DU ),49.89672,2.29433
202000040081,12,3,2020,7,1,77,77037,2,1,1,6,GARE (PLACE DE LA),48.47523,2.69208
202000040082,23,1,2020,9,1,76,76351,2,3,1,6,SAULES (DES),49.50976,0.15305
202000040083,10,3,2020,15,1,74,74133,2,1,1,-1,GENOT (RUE DU LIEUTENANT Y.),46.183262,6.197858
202000040084,12,3,2020,8,1,74,74093,2,1,1,6,REPUBLIQUE (AVENUE DE LA),45.90813,6.1033
202000040085,11,3,2020,19,3,72,72181,1,1,1,4,TOURS (RTE) LIGNE DROITE DES HUNAUDIERES,47.95197,0.22978
202000040086,11,3,2020,18,1,72,72181,2,1,1,2,BOLLEE (AV) N° PAIRS 64 A 146,48.00083,0.21151
202000040087,11,3,2020,18,1,66,66136,2,1,1,2,PRADES (AVENUE DE ) ST CHARLES,42.69676,2.86495
202000040088,11,3,2020,19,5,64,64445,2,1,1,3,ALSACE LORRAINE D',43.30527,-0.37314
202000040089,11,3,2020,17,1,64,64024,2,1,1,6,Rue de Mirambeau,43.4751,-1.5098
202000040090,9,3,2020,4,5,63,63113,2,1,1,-1,FLAUBERT (BD GUSTAVE),45.76076,3.12841
202000040091,12,3,2020,18,1,61,61001,2,1,1,6,JEAN HENRI FABRE (RUE  ),48.4114,0.09335
202000040092,12,3,2020,9,1,59,59295,1,1,1,1,CD 916,50.72629,2.51414
202000040093,11,3,2020,9,1,54,54575,1,1,2,3,D26B,49.478,5.8564
202000040094,12,3,2020,17,1,51,51454,2,1,1,2,Route de Witry,49.269798,4.0727544
202000040095,12,3,2020,1,5,50,50129,2,1,3,6,ERMITAGE (RUE DE L'),49.63634,-1.61366
202000040096,11,3,2020,20,5,49,49267,2,1,1,3,JAUDETTE,47.46384,-0.49094
202000040097,11,3,2020,8,1,49,49007,2,1,1,1,BOREAU,47.47567,-0.54562
202000040098,11,3,2020,8,1,49,49246,2,1,1,3,RD 112 - CHAUVIN AVENUE,47.43361,-0.53014
202000040099,12,3,2020,14,1,35,35238,2,2,1,3,BREST (DE),48.11229,-1.68729
202000040100,6,3,2020,17,1,35,35206,1,3,1,3,RD 837,48.062735,-1.699494
202000040101,12,3,2020,19,3,34,34129,1,1,1,4,AGAU (AVENUE DE L'),43.59065,3.90842
202000040102,12,3,2020,13,1,34,34172,2,1,1,7,POSEIDON (RUE),43.60748,3.89414
202000040103,12,3,2020,8,1,33,33529,2,6,1,7,BISSERIE (AVE DE),44.6266,-1.1412
202000040104,26,2,2020,6,2,31,31555,2,1,2,5,337 Route de Launaguet,43.65673,1.43811
202000040105,12,3,2020,18,1,29,29232,2,6,1,6,D34 - Route de Benodet,47.9633827,-4.0838018
202000040106,12,3,2020,17,1,29,29232,1,4,1,6,Route de Kervern,47.97024,-4.04218
202000040107,11,3,2020,11,1,29,29232,2,1,2,2,Avenue de la France Libre,48.00384,-4.09826
202000040108,12,3,2020,5,5,28,28085,2,3,2,3,PATTON (RUE DU GENERAL),48.44086,1.47221
202000040109,11,3,2020,8,1,27,27229,2,1,8,6,RUGBY (RUE DE),49.00861,1.15979
202000040110,9,3,2020,15,1,27,27229,2,1,1,6,JOSEPHINE (RUE),49.024591,1.145055
202000040111,11,3,2020,18,2,26,26198,2,1,1,3,KENNEDY(Avenue John F.),44.55334,4.74723
202000040112,6,3,2020,17,1,18,18033,2,1,1,3,TURLY (RUE DE),47.10073,2.42175
202000040113,12,3,2020,16,1,17,17200,2,2,1,3,ONZE NOVEMBRE 1918   AVENUE DU,46.17712,-1.15227
202000040114,12,3,2020,16,1,17,17300,2,3,1,3,CHURCHILL   BOULEVARD WINSTON,46.15452,-1.19019
202000040115,12,3,2020,1,5,13,13203,2,3,1,6,FÉLIX PYAT (RUE),43.32079,5.37472
202000040116,11,3,2020,18,1,13,13208,2,1,1,3,PRADO (AVENUE DU),43.2659,5.381
202000040117,11,3,2020,13,1,13,13207,2,1,1,1,Corniche John Fitzgérald Kennedy,43.2777,5.3559
202000040118,11,3,2020,9,1,13,13204,2,1,1,6,BLANCARDE (BOULEVARD),43.3028911,5.4002638
202000040119,12,3,2020,6,2,13,13005,2,1,1,3,MERMOZ (RUE JEAN),43.28582,5.57626
202000040120,11,3,2020,20,3,13,13001,1,1,1,3,R.N 7,43.5579,5.4162
202000040121,10,3,2020,16,1,11,11262,2,1,1,7,CARNOT (AVENUE),43.19382,3.00975
202000040122,11,3,2020,14,1,09,09122,2,1,1,4,BOUYCHERES (COURS),42.966362,1.6094259
202000040123,12,3,2020,7,1,04,04112,1,3,1,3,Chemin Leon Foucault / Ch des Chaurannes,43.8378274,5.8268899
202000040124,12,3,2020,18,2,01,01053,2,2,1,3,MAIL (AVENUE DU ),46.201626,5.207457
202000040125,12,3,2020,16,1,75,75113,2,1,1,2,QUAI D IVRY,48.825675,2.386693
202000040126,10,3,2020,17,1,75,75119,2,1,1,5,PORTE DE PANTIN,48.89361,2.395287
202000040127,12,3,2020,16,1,75,75120,2,4,1,6,AVENUE GAMBETTA,48.865427,2.398932
202000040128,12,3,2020,10,1,75,75120,2,2,1,6,RUE DES ORTEAUX,48.856561,2.402249
202000040129,11,3,2020,17,1,75,75118,2,3,1,3,RUE DU DEPARTEMENT,48.885752,2.364987
202000040130,12,3,2020,18,5,75,75116,2,7,1,3,AVENUE MARCEAU,48.866153,2.2996
202000040131,12,3,2020,9,1,75,75116,2,1,1,2,ALLEE DU BORD DE L EAU,48.856412,2.226481
202000040132,12,3,2020,20,5,75,75114,2,2,1,7,RUE DES PLANTES,48.828613,2.322065
202000040133,12,3,2020,16,1,75,75114,2,1,1,6,AVENUE DE LA PORTE DE CHATILLON,48.82334,2.316586
202000040134,12,3,2020,8,1,75,75113,2,3,2,3,RUE DE TOLBIAC,48.825937,2.352757
202000040135,12,3,2020,7,1,75,75113,2,2,2,3,BOULEVARD VINCENT AURIOL,48.836392,2.371351
202000040136,12,3,2020,15,1,75,75112,2,1,1,3,SOUTERRAIN QUAI DE LA RAPEE,48.843564,2.370218
202000040137,12,3,2020,20,5,75,75110,2,1,1,6,BOULEVARD DE MAGENTA,48.869724,2.361958
202000040138,12,3,2020,15,1,75,75110,2,3,1,6,BOULEVARD DE LA CHAPELLE,48.883725,2.351256
202000040139,11,3,2020,22,5,75,75110,2,7,8,3,PLACE DE VALENCIENNES,48.878534,2.354038
202000040140,12,3,2020,1,5,75,75109,2,2,1,3,BOULEVARD POISSONNIERE,48.870705,2.347882
202000040141,12,3,2020,8,1,75,75108,2,3,8,6,RUE DE MONCEAU,48.880489,2.316492
202000040142,10,3,2020,8,1,75,75108,2,2,2,6,AVENUE MONTAIGNE,48.867029,2.306301
202000040143,11,3,2020,16,1,75,75107,2,3,1,2,AVENUE DE LA MOTTE PICQUET,48.855965,2.308034
202000040144,12,3,2020,10,1,75,75104,2,3,1,6,RUE SAINT ANTOINE,48.854785,2.362415
202000040145,11,3,2020,23,5,75,75101,2,5,1,6,RUE DE RIVOLI,48.8588008,2.3474576
202000040146,12,3,2020,9,1,75,75103,2,4,1,7,RUE DU TEMPLE,48.867168,2.36281
202000040147,12,3,2020,13,1,94,94058,2,1,1,2,LEDRU ROLLIN (AV),48.838474,2.4949803
202000040148,12,3,2020,8,1,94,94042,2,3,1,-1,EUROPE (BD DE L),48.81375,2.46515
202000040149,12,3,2020,9,1,94,94046,2,1,1,6,VICTOR HUGO (R),48.80025,2.43651
202000040150,12,3,2020,21,5,94,94016,2,3,1,6,CAMILLE DESMOULINS (R),48.79478,2.33506
202000040151,12,3,2020,10,1,94,94076,2,1,2,2,MAXIME GORKI (BD),48.79705,2.36767
202000040152,12,3,2020,7,1,94,94004,2,1,2,2,AV DU GENERAL LECLERC,48.7352,2.51976
202000040153,12,3,2020,2,5,94,94075,2,2,1,3,MARECHAL DE LATTRE DE TASSIGNY (AV),48.7273586,2.5359696
202000040154,12,3,2020,19,5,93,93064,2,4,1,6,AV DU PDT JOHN KENNEDY / R DU CLOS BARON,48.87825,2.4884
202000040155,12,3,2020,12,1,93,93001,2,1,1,3,AV JEAN JAURES,48.9073,2.39609
202000040156,11,3,2020,15,1,93,93001,2,1,1,2,129 AV VICTOR HUGO,48.909297,2.378338
202000040157,12,3,2020,8,1,92,92049,2,1,2,6,JAURES PLACE JEAN,48.8162,2.3116
202000040158,12,3,2020,9,1,92,92040,2,1,2,3,VERDUN (AVENUE DE) DU 152 AU 226,48.8184849,2.252554
202000040159,11,3,2020,12,1,92,92036,2,3,1,3,GENERAL DE GAULLE (AVENUE) (PAIRS),48.933784,2.313424
202000040160,12,3,2020,15,1,92,92025,2,3,1,3,CHARLES DE GAULLE (BD),48.916211,2.226474
202000040161,12,3,2020,16,1,92,92023,2,6,1,6,EUGENE BEAUJARD (CARREFOUR)/ PORTE DE TRIVAUX (RUE DE) N°57 A 197 ET,48.78964,2.25242
202000040162,12,3,2020,20,5,92,92012,2,1,1,3,JEAN BAPTISTE CLEMENT (AVENUE) 49/FIN -,48.842859,2.2315255
202000040163,26,2,2020,14,1,49,49244,1,2,1,3,Lieu Dit la Motte (Saint-Laurent-du-Mottay),47.372564,-0.953467
202000040164,12,3,2020,20,3,54,54006,1,1,1,3,Rue Jean Mermoz,48.725546,6.237627
202000040165,13,3,2020,14,1,01,01004,1,1,1,3,D1075,45.969184,5.339613
202000040166,12,3,2020,23,3,33,33021,1,1,1,6,D10,44.506966,-0.155375
202000040167,10,3,2020,7,2,35,35286,1,1,1,1,La Croix,48.3961584,-1.6559992
202000040168,12,3,2020,17,1,57,57015,1,1,2,3,D22,49.062338,6.751356
202000040169,13,3,2020,12,1,35,35165,2,1,1,3,10 Grande Rue,47.94916,-1.362396
202000040170,13,3,2020,15,1,44,44137,1,1,1,-1,RN 165  -  PK 40+300,47.394689,-1.999683
202000040171,12,3,2020,12,1,40,40295,1,1,1,-1,RD10E,44.3760619,-0.8410277
202000040172,13,3,2020,12,1,56,56125,1,1,1,6,Kergurhan,48.072975,-3.076086
202000040173,3,2,2020,14,1,56,56047,1,3,1,1,Le Salut,48.059008,-2.778634
202000040174,13,3,2020,19,2,79,79202,2,2,1,3,Boulevard de l'Europe,46.652249,-0.228031
202000040175,13,3,2020,12,1,2B,2B049,1,1,1,3,D81,42.515639,8.690529
202000040176,13,3,2020,16,1,60,60102,2,3,1,1,48 Rue de la Libération,49.301446,2.530157
202000040177,13,3,2020,14,1,80,80761,1,1,1,4,Départementale 8,49.7628606,2.1663237
202000040178,12,3,2020,23,3,29,29140,1,1,1,7,Chemin de la Pointe,48.344676,-4.3254863
202000040179,13,3,2020,14,1,68,68270,2,3,1,3,2 Rue de Kingersheim,47.788681,7.291596
202000040180,12,3,2020,18,1,44,44175,1,2,1,2,D47,47.383685,-2.315283
202000040181,12,3,2020,17,1,38,38117,1,9,1,2,D1532,45.16423,5.39823
202000040182,10,3,2020,19,5,01,01093,2,2,1,2,Route de Belleville,46.116547,4.946522
202000040183,12,3,2020,17,1,14,14726,1,3,1,1,D56,48.869127,-0.693419
202000040184,12,3,2020,19,3,50,50490,1,1,6,6,D650,49.37698,-1.738232
202000040185,13,3,2020,7,1,50,50069,1,2,1,4,19 Route de l'Epine,48.788093,-1.267612
202000040186,12,3,2020,16,1,73,73274,1,1,1,5,D912,45.424344,5.864003
202000040187,8,3,2020,15,1,36,36224,2,2,2,3,Rue de la Gare,46.734408,0.954008
202000040188,13,3,2020,18,1,21,21527,1,1,1,6,D906,46.9379622,4.6838216
202000040189,11,3,2020,16,1,40,40110,2,1,1,7,Route de la Chalosse,43.639997,-0.378181
202000040190,11,3,2020,8,1,88,88438,1,1,2,1,D32,48.326606,6.787425
202000040191,7,3,2020,18,1,67,67008,1,1,1,7,A352,48.5187592,7.5182889
202000040192,13,3,2020,6,3,39,39434,1,1,1,5,,46.845864,5.703254
202000040193,11,3,2020,0,1,66,66172,1,1,1,7,D5,42.727387,2.850609
202000040194,13,3,2020,8,1,57,57413,1,1,1,3,A4,49.137431,6.638832
202000040195,12,3,2020,11,1,971,97103,2,1,1,6,rue de la république,16.265547,-61.58741
202000040196,11,3,2020,21,5,971,97103,1,1,1,1,D1,16.263681,-61.627057
202000040197,12,3,2020,8,1,971,97118,1,1,1,7,Route de la Traversee,16.175894,-61.699047
202000040198,13,3,2020,9,1,977,97701,2,9,1,1,saint jean,17.902894,-62.839125
202000040199,12,3,2020,18,1,95,95641,1,1,1,7,D9,49.060637,2.552884
202000040200,12,3,2020,13,1,34,34056,1,9,1,7,D32,43.43106,3.437304
202000040201,10,3,2020,17,1,13,13015,2,6,1,3,Rue paul émile victor,43.43988,5.416694
202000040202,13,3,2020,14,1,68,68012,2,1,1,3,34 Grand Rue,47.774568,7.129301
202000040203,12,3,2020,15,1,54,54557,2,1,8,3,89 Chemin de la Poste,48.693222,6.031212
202000040204,13,3,2020,16,1,57,57481,1,9,1,6,Route de Moyeuvre,49.236361,6.031902
202000040205,11,3,2020,12,1,03,03102,2,2,1,3,589 Rue du Port,46.5244149,3.6890286
202000040206,12,3,2020,17,1,64,64230,1,1,1,7,RN 134,43.219327,-0.400051
202000040207,3,3,2020,2,3,33,33272,1,1,8,6,nationale 10,45.060927,-0.397965
202000040208,11,3,2020,16,1,13,13216,1,1,1,4,A55-Sens Martigues vers Marseille,43.3634,5.3401
202000040209,9,2,2020,4,3,57,57221,1,1,1,7,Autoroute A31,49.3472559,6.111306
202000040210,12,3,2020,9,1,94,94034,1,1,1,4,AUTOROUTE A86,48.76165,2.31569
202000040211,12,3,2020,5,3,91,91086,1,1,2,2,RN 104,48.62398,2.37376
202000040212,12,3,2020,21,3,78,78402,1,1,1,7,A13,48.96528,1.804187
202000040213,12,3,2020,7,1,78,78029,1,1,1,3,A13W,48.964471,1.845573
202000040214,8,3,2020,21,3,95,95582,1,1,1,4,RD 170,48.96715,2.27351
202000040215,8,3,2020,20,3,95,95582,1,1,1,6,AUTOROUTE A115,48.97363,2.24521
202000040216,12,3,2020,14,1,94,94069,1,1,1,2,A4,48.8167,2.4333
202000040217,12,3,2020,8,1,94,94017,1,1,1,3,A4,48.8291401,2.48038
202000040218,11,3,2020,16,1,77,77249,1,1,1,2,RN104,48.7316626,2.6092624
202000040219,11,3,2020,12,1,94,94069,1,1,1,5,A4,48.8175409,2.435045
202000040220,7,1,2020,16,1,974,97409,2,1,1,3,137 Chemin du volcan,-21.209677,55.591059
202000040221,6,1,2020,15,1,50,50218,2,1,1,-1,WINSTON CHURCHILL (RUE),48.836258,-1.57949
202000040222,12,3,2020,7,1,988,98818,2,3,1,1,RUE AUGUSTE BENEBIG,-22.2677,166.45592
202000040223,11,3,2020,17,1,988,98818,2,3,1,3,GERVOLINO (RUE ROGER) / MARTINET (RUE HENRI),-22.26449,166.47194
202000040224,11,3,2020,10,1,974,97411,2,1,1,6,Rue Monthyon,-20.88737,55.455658
202000040225,11,3,2020,9,1,974,97411,2,1,1,4,RAMBAUD (LEOPOLD),-20.88584,55.47493
202000040226,10,3,2020,19,5,974,97411,2,1,1,6,BEARN (RUE DU),-20.90326,55.48862
202000040227,11,3,2020,18,2,69,69199,2,3,1,3,COMMUNE DE PARIS 1871 (DE LA)       (R ),45.7095,4.86272
202000040228,11,3,2020,16,1,69,69388,2,3,1,3,ETATS UNIS (DES)                    (BD),45.73339,4.8646
202000040229,11,3,2020,10,1,69,69259,2,1,1,6,MARTYRS DE LA RESISTANCE (DES)      (AV),45.6913212,4.8707271
202000040230,11,3,2020,9,1,69,69388,2,1,1,6,FRANCIS DE PRESSENSE                (AV),45.7309304,4.8597805
202000040231,11,3,2020,8,1,69,69386,2,3,1,3,Rue Molière,45.73339,4.8646
202000040232,10,3,2020,12,1,972,97209,2,3,1,6,RAVINE VILAINE (CHEMIN DEPARTEMENTAL DE),14.63543,-61.05964
202000040233,9,3,2020,13,1,972,97209,2,1,1,1,RD 41 (ROCADE),14.61431,-61.0703
202000040234,25,2,2020,20,5,972,97209,2,1,1,1,REDOUTE (ROUTE DE LA),14.6256,-61.06051
202000040235,11,3,2020,18,5,69,69382,2,1,1,1,ANCIENNE PREFECTURE (DE L')         (R ),45.7609396,4.8328693
202000040236,11,3,2020,18,1,69,69034,2,1,1,6,CREPIEUX (DE)                       (CH),45.8009493,4.8546595
202000040237,11,3,2020,14,1,69,69382,2,1,1,-1,BARRE (DE LA)                       (R ),45.7577961,4.8346745
202000040238,30,8,2020,2,3,35,35266,2,6,1,6,La Frogerais,48.018041,-1.660397
202000040239,30,8,2020,3,3,45,45146,1,1,1,6,Autouroute A71 - P.K. 118+700 - Sens 2,47.721535,1.890174
202000040240,31,8,2020,10,1,13,13051,1,1,1,2,A7,43.585624,5.203046
202000040241,30,8,2020,3,4,987,98753,1,1,1,6,RT 301,-23.399063,-149.495044
202000040242,30,8,2020,20,5,986,98613,2,1,1,7,RT1,-22.280387,166.448943
202000040243,25,8,2020,14,1,974,97418,1,1,2,-1,Route de la Ressource,-20.929875,55.536247
202000040244,30,8,2020,21,5,973,97305,1,2,1,1,N1,4.920322,-52.384443
202000040245,31,8,2020,12,1,45,45312,2,3,1,2,D2007 PR28+700,47.917584,2.736513
202000040246,30,8,2020,19,2,2A,2A247,1,1,1,1,Route de Palombaggia,41.586809,9.301697
202000040247,30,8,2020,18,1,84,84065,2,3,1,3,Rue du Portail,43.745879,5.312218
202000040248,31,8,2020,11,1,83,83027,1,1,1,2,D66,43.201168,5.733281
202000040249,12,8,2020,15,1,06,06147,1,1,1,3,2054 Route de Levens,43.815553,7.265363
202000040250,28,8,2020,0,3,73,73015,1,1,1,6,D90 ROUTE DE MOTTARET,45.38415,6.574781
202000040251,30,8,2020,21,3,38,38565,2,1,1,2,Avenue de Juin 1940,45.299506,5.627934
202000040252,31,8,2020,12,1,81,81011,1,3,1,3,route de Sainte Cécile,43.727677,1.830683
202000040253,31,8,2020,13,1,65,65295,1,1,1,7,Route de Gavarnie,42.852365,-0.006545
202000040254,30,8,2020,14,1,56,56176,2,1,1,6,1 Rue André Ampère,47.67116,-2.961419