Num_Acc,jour,mois,an,hr,condition_eclairage,departement,commune,condition_agglomeration,intersection,condition_atmosphere,type_collision,adresse,lattitude,longitude
202000040255,30,8,2020,16,1,13,13055,1,1,1,2,A507 sens Aubagne- Marseille,43.3299,5.4
202000040256,29,8,2020,15,1,13,13216,1,1,2,6,A55-Sens Marseille vers Martigues,43.33915,5.34862
202000040257,28,8,2020,13,1,13,13211,1,1,1,5,A50-Sens Marseille vers Aubagne,43.28644,5.50837
202000040258,30,8,2020,20,2,94,94034,1,1,2,6,AUTOROUTE A86,48.756617,2.332975
202000040259,30,8,2020,13,1,94,94021,1,1,1,3,AUTOROUTE A6B,48.7602,2.33841
202000040260,29,8,2020,23,3,91,91235,1,1,2,6,RN 104,48.626288,2.352716
202000040261,30,8,2020,11,1,78,78646,1,1,2,6,RN12,48.78943,2.127406
202000040262,30,8,2020,10,1,92,92050,1,1,2,6,A14,48.9012,2.2058
202000040263,29,8,2020,13,1,92,92036,1,1,3,4,A86,48.9364215,2.2894558
202000040264,30,8,2020,19,1,93,93027,1,1,2,6,BDL,48.92586,2.40016
202000040265,30,8,2020,20,3,93,93005,1,1,2,2,AUTOROUTE A1,48.96056,2.46798
202000040266,30,8,2020,13,1,95,95582,1,1,1,6, A9015036,48.96396,2.26841
202000040267,30,8,2020,3,3,95,95212,1,1,1,6,RN 104,49.03294,2.54267
202000040268,30,8,2020,1,5,93,93066,1,1,1,3,AUTOROUTE A1,48.92626,2.35672
202000040269,29,8,2020,16,1,93,93053,1,1,3,7,AUTOROUTE A103,48.8896938,2.4729458
202000040270,30,8,2020,12,1,77,77373,1,1,1,6,RN104,48.771118,2.611932
202000040271,16,1,2020,4,5,60,60057,2,2,5,6,8 MAI 1945 (AVENUE DU),49.44128,2.09526
202000040272,28,8,2020,11,1,973,97302,2,1,1,3,MONTABO (ROUTE DE) 1,4.930616,-52.290566
202000040273,26,8,2020,18,1,69,69384,2,1,1,-1,BIRMINGHAM (DE)                     (AV),45.7747,4.81315
202000040274,28,8,2020,17,1,971,97101,1,4,1,1,CARAQUE,16.2504888,-61.4883451
202000040275,29,8,2020,16,1,95,95539,1,1,2,5,RD 301,48.9932,2.3607
202000040276,29,8,2020,22,5,95,95428,2,1,1,3,RD 124 ,49.00074,2.32029
202000040277,28,8,2020,20,1,91,91691,2,2,1,3,PAUL DOUMER(RUE),48.71794,2.51384
202000040278,29,8,2020,17,1,91,91433,1,6,1,6,R.N. 20,48.43798,2.16367
202000040279,21,8,2020,8,1,83,83123,2,1,1,6,GARE (ROUTE),43.121674,5.818893
202000040280,29,8,2020,2,3,78,78384,1,1,8,7,BOIS DE MEDAN (ROUTE DU),48.95516,1.98055
202000040281,29,8,2020,0,5,77,77404,2,1,1,1,RUE VICTOR HUGO,48.5270273,3.2614035
202000040282,29,8,2020,9,1,74,74298,2,1,1,3,TANINGES (ROUTE DE ),46.18589,6.27532
202000040283,29,8,2020,20,2,69,69275,2,3,1,-1,JEAN JAURES                         (AV),45.77062,4.95728
202000040284,28,8,2020,21,2,65,65047,2,1,1,6,BOIS (RUE DU),43.24302,0.10253
202000040285,29,8,2020,1,5,59,59350,2,3,1,2,ERFURT PONT,50.63993,3.07662
202000040286,29,8,2020,15,1,56,56260,2,1,1,6,BOUCICAUT (RUE ARISTIDE),47.67071,-2.7914
202000040287,30,8,2020,0,5,44,44109,2,3,8,3,RUE DE L'HOTEL DE VILLE,47.21791,-1.55345
202000040288,29,8,2020,18,1,41,41295,2,1,2,2,RUE PIERRE GILLES DE GENNES,47.56993,1.37411
202000040289,29,8,2020,22,5,35,35238,2,2,1,3,HERMINE (DE L'),48.11175,-1.68017
202000040290,29,8,2020,20,1,35,35238,2,9,1,2,MONNAIE ( DE LA),48.11132,-1.68448
202000040291,29,8,2020,2,5,35,35238,2,3,1,6,VERN (DE),48.0962376,-1.6522378
202000040292,29,8,2020,1,5,34,34172,2,1,2,6,FABRE DE MORLHON (BOULEVARD JACQUES),43.58898,3.88958
202000040293,29,8,2020,22,5,33,33063,2,2,1,3,JARDIN PUBLIC (RUE DU),44.85936,-0.57118
202000040294,29,8,2020,22,5,30,30189,2,1,1,3,FONTAINE (QUAI),43.83885,4.35266
202000040295,29,8,2020,19,1,30,30189,2,1,1,2,JAURES JEAN (BOULEVARD),43.8352,4.3506
202000040296,29,8,2020,10,1,26,26198,2,1,8,6,20 rue Pierre Julien ,44.556252,4.750041
202000040297,29,8,2020,13,1,25,25056,2,1,1,2,RUE DE BELFORT,47.25975,6.04641
202000040298,29,8,2020,16,1,17,17300,2,6,1,3,REPUBLIQUE   BOULEVARD DE LA,46.13997,-1.14504
202000040299,29,8,2020,8,1,17,17291,1,1,1,2,N11,46.17254,-1.11902
202000040300,28,8,2020,16,1,15,15014,1,1,2,6,BRIAND (AVENUE ARISTIDE),44.924304,2.471647
202000040301,15,8,2020,21,5,13,13043,2,1,1,7,LOUBATIER (CHE DU ),43.3956,5.2444
202000040302,29,8,2020,23,5,13,13204,2,1,1,3,CHARTREUX (AVENUE DES),43.31128,5.40106
202000040303,29,8,2020,12,1,13,13204,2,1,2,6,LIBERATION (BOULEVARD),43.301589,5.39294
202000040304,29,8,2020,6,5,13,13212,2,1,8,6,POILUS (AVENUE DES),43.315443,5.461651
202000040305,29,8,2020,0,5,13,13204,2,1,8,-1,SAINT JUST (AVENUE DE),43.3126,5.4016
202000040306,28,8,2020,11,1,13,13005,1,3,1,3,LONGUELANCE (CHEMIN DE ),43.31782,5.57976
202000040307,29,8,2020,19,2,06,06088,2,1,2,5,MARNE (AV. DE LA),43.72604,7.26977
202000040308,29,8,2020,21,5,06,06069,1,1,2,3,DRAGUIGNAN (ROUTE DE) - D2562-,43.642966,6.908417
202000040309,29,8,2020,14,1,06,06123,2,1,3,3,ISCLES CHEMIN DES,43.7008,7.18482
202000040310,28,8,2020,16,1,01,01344,2,6,2,3,BRESSE (AVENUE DE),46.20437,5.19812
202000040311,29,8,2020,0,5,75,75115,2,3,1,6,BOULEVARD DE GRENELLE,48.849804,2.296029
202000040312,27,8,2020,14,1,75,75115,2,1,1,3,RUE LINOIS,48.848041,2.283605
202000040313,29,8,2020,21,5,75,75113,2,1,9,6,RUE DE TOLBIAC,48.825758,2.349235
202000040314,29,8,2020,19,1,75,75113,2,4,1,3,BOULEVARD DE L HOPITAL,48.839986,2.361769
202000040315,29,8,2020,14,1,75,75110,2,1,3,2,RUE DU FAUBOURG SAINT MARTIN,48.883102,2.367644
202000040316,29,8,2020,17,1,75,75107,2,2,2,3,RUE SAINT DOMINIQUE,48.859804,2.318154
202000040317,29,8,2020,10,1,75,75102,2,7,1,3,PLACE DE L OPERA,48.870626,2.332078
202000040318,29,8,2020,5,5,75,75101,2,3,2,3,QUAI FRANCOIS MITTERRAND,48.860768,2.330401
202000040319,29,8,2020,7,1,75,75101,2,3,1,1,QUAI FRANCOIS MITTERRAND,48.860111,2.333332
202000040320,29,8,2020,4,3,94,94028,1,1,1,4,POMPADOUR(ROUTE DE LA),48.77716,2.44206
202000040321,28,8,2020,18,1,94,94002,2,2,1,6,EMILE ZOLA (R),48.79826,2.42062
202000040322,29,8,2020,17,1,93,93059,2,2,2,6,ETIENNE DOLET (RUE),48.9664,2.3661
202000040323,29,8,2020,15,1,93,93066,2,4,3,3,GENIN,48.9308204,2.35299
202000040324,29,8,2020,19,1,93,93077,2,1,2,4,GRANDE RUE,48.8843845,2.5081814
202000040325,29,8,2020,10,1,93,93057,2,1,1,6,BRIAND (AV. ARISTIDE) 214A 236,48.9103495,2.5110643
202000040326,29,7,2020,18,1,87,87157,1,3,1,3,Saint-Laurent-les-Églises,45.970601,1.482682
202000040327,28,8,2020,19,1,68,68005,1,1,1,6,D11.8,48.108119,7.236203
202000040328,28,8,2020,9,1,68,68277,2,1,1,6,5 Route de Colmar,48.164231,7.305798
202000040329,29,8,2020,15,1,28,28286,2,2,1,3,Rue des Tilleuls,48.38738,1.296633
202000040330,30,8,2020,14,1,974,97412,2,1,1,3,Rue Jules Hoareau,-21.350632,55.612471
202000040331,29,8,2020,3,3,972,97234,1,1,1,1,Rue du Bateau,14.668403,-61.155519
202000040332,29,8,2020,14,1,62,62645,2,1,6,6,275 Rue Marcel Dalle,50.982735,2.056632
202000040333,29,8,2020,17,1,46,46103,1,2,1,-1,D19,44.310476,1.432847
202000040334,28,8,2020,12,1,69,69283,1,9,2,1,983 Rue des Albatros,45.679721,4.957747
202000040335,30,8,2020,12,1,44,44033,1,1,1,6,La Chapelle-Launay,47.389452,-1.987131
202000040336,30,8,2020,7,2,44,44089,1,1,1,6,N165 - PK 29.300,47.349931,-1.875132
202000040337,28,8,2020,23,5,62,62376,1,2,1,3,D182,50.562339,2.603363
202000040338,30,8,2020,10,1,57,57540,2,1,2,2,Rue du General Rottenbourg,48.763227,7.260429
202000040339,30,8,2020,15,1,74,74173,1,1,2,6,1775 Route du Leutaz,45.830043,6.596591
202000040340,30,8,2020,17,1,79,79157,1,1,2,4,,47.010335,-0.19696
202000040341,29,8,2020,16,1,19,19030,1,1,3,6,A89,45.169066,1.32455
202000040342,30,8,2020,1,3,89,89237,1,1,1,6,D100,47.6137819,3.6757958
202000040343,30,8,2020,11,1,63,63465,1,3,1,3,D205,45.42402,3.890147
202000040344,27,8,2020,9,1,42,42248,2,7,7,6,Rue d'Urfé,45.9144,3.846175
202000040345,29,8,2020,8,1,86,86180,1,1,1,7,Route de Poitiers,46.522633,0.409128
202000040346,31,7,2020,14,1,34,34335,2,1,1,7,Avenue Jean Jaurès,43.617633,3.117404
202000040347,29,8,2020,3,3,22,22229,1,1,2,7,Les Isles,48.268366,-3.276023
202000040348,28,8,2020,15,1,44,44090,1,1,1,1,D117,46.998121,-1.741285
202000040349,29,8,2020,23,3,29,29145,1,1,1,7,D765 - Menez Nevez,48.050862,-4.444098
202000040350,30,8,2020,3,5,38,38249,2,1,2,6,Rue General de Gaulle,45.226619,5.802764
202000040351,30,8,2020,2,3,03,03312,1,1,1,6,,46.4905369,2.8978531
202000040352,30,8,2020,6,2,72,72183,1,1,1,7,La Parrerie,47.702975,0.529039
202000040353,29,8,2020,21,5,60,60178,2,1,1,1,Rue de la Rochefoucauld,49.604187,2.078174
202000040354,29,8,2020,17,1,60,60319,1,1,2,7,lieu dit le chêne poulleux,49.364957,1.942563
202000040355,24,8,2020,14,1,64,64013,1,1,1,7,D422,43.2185,-1.178455
202000040356,30,8,2020,8,3,64,64452,2,1,8,7,2 Chemin de la Carrere,43.311651,-0.056569
202000040357,29,8,2020,18,1,10,10323,2,2,1,3,Avenue Diderot,48.516334,3.714902
202000040358,30,8,2020,2,3,10,10317,1,1,1,7,RD 17,47.976263,4.387161
202000040359,30,8,2020,10,1,07,07038,1,1,8,7,D19,44.636078,4.09157
202000040360,30,8,2020,4,3,85,85280,1,1,1,6,Route du Molin,46.869959,-1.93333
202000040361,28,8,2020,13,1,28,28401,2,3,1,6,29 Rue Emile Richard,48.459754,0.991377
202000040362,28,8,2020,4,3,17,17340,1,1,1,6,D911,46.084275,-0.775051
202000040363,29,8,2020,11,1,30,30053,2,1,1,2,d8,43.976927,4.207742
202000040364,30,8,2020,11,1,48,48146,1,1,1,7,D986,44.360679,3.405858
202000040365,29,8,2020,13,1,67,67506,1,1,1,6,A35,48.673968,7.7423829
202000040366,28,8,2020,14,1,01,01024,1,1,3,3,A40,46.261427,5.168794
202000040367,30,8,2020,5,3,95,95580,1,1,1,1,RD 317,49.084994,2.5299186
202000040368,17,8,2020,15,1,13,13103,1,1,1,2,A54,43.627452,5.106223
202000040369,30,8,2020,1,3,988,98823,1,1,1,7,RT3 Tribu de Monéo,-21.17101,165.51393
202000040370,29,8,2020,21,3,973,97306,1,1,2,7,Route Nationale N 1 PK 241,5.462896,-53.892027
202000040371,30,8,2020,18,1,77,77476,1,1,8,1,D401,49.041272,2.955666
202000040372,30,8,2020,9,1,34,34209,1,3,1,7,D37,43.289233,3.36261
202000040373,29,8,2020,17,1,13,13015,2,1,2,3,AVENUE PIERRE BROSSOLETTE,43.457132,5.412912
202000040374,29,8,2020,23,5,13,13109,2,1,1,6,664 Avenue Paul Julien,43.510645,5.488076
202000040375,29,8,2020,20,3,71,71583,1,1,1,1,D906,46.2611348,4.792506
202000040376,29,8,2020,14,1,88,88273,1,1,1,6,D66,48.234643,6.509335
202000040377,29,8,2020,14,1,57,57663,2,1,1,3,289 Rue de Metz,49.227148,6.166989
202000040378,29,8,2020,23,5,81,81140,2,1,1,7,7 Rue d'Escaluffe,43.68895,1.813758
202000040379,29,8,2020,17,1,17,17336,2,2,1,3,Rue des Grands Maurices,45.769274,-0.718135
202000040380,29,8,2020,10,1,17,17240,2,2,1,3,Avenue de la République,45.28213,-0.396994
202000040381,29,8,2020,16,1,85,85151,2,7,1,6,13 Rue Dauphine,46.991993,-0.954114
202000040382,28,8,2020,12,1,29,29058,1,1,1,3,D45 - Route de Beg-meil,47.882888,-4.005327
202000040383,17,8,2020,18,1,80,80025,2,1,1,7,Route de Vron,50.341381,1.834902
202000040384,28,8,2020,10,1,62,62505,1,1,3,6,autoroute A 16,50.847139,1.719146
202000040385,28,8,2020,19,1,13,13203,1,1,1,3,A7-Sens Lyon vers Marseille,43.3238,5.3782
202000040386,29,8,2020,3,3,13,13071,1,1,1,-1,A55 - Sens Marseille vers Martigues,43.39759,5.298339
202000040387,29,8,2020,15,1,91,91689,1,1,2,4,AUTOROUTE A6,48.72886,2.3144
202000040388,29,8,2020,0,3,91,91689,1,1,1,2,AUTOROUTE A6,48.7268816,2.3135977
202000040389,29,8,2020,11,1,92,92062,1,1,1,7,RN1014 W,48.887565,2.251437
202000040390,29,8,2020,4,3,78,78321,1,1,1,2,RN12 EXT,48.799001,1.919703
202000040391,28,8,2020,15,1,78,78640,1,1,1,5,A86 EXT,48.777562,2.219701
202000040392,29,8,2020,18,1,95,95572,1,1,8,-1, A15,49.03467,2.10025
202000040393,29,8,2020,14,1,95,95424,1,1,3,7, A15,48.9898361,2.1985679
202000040394,29,8,2020,8,1,93,93027,1,1,1,2,AUTOROUTE A1,48.93397,2.38339
202000040395,6,9,2020,2,3,94,94018,1,1,1,3,A4,48.8174,2.4218
202000040396,29,8,2020,20,2,94,94018,1,1,2,2,A4,48.8232003,2.3958043
202000040397,29,8,2020,8,1,94,94028,1,1,1,7,RN406.Y,48.7766802,2.4422998
202000040398,26,2,2020,17,1,94,94028,2,3,8,3,BORDIERES(RUE DES),48.80042,2.45129
202000040399,28,8,2020,13,1,974,97416,1,9,1,3,DELISLES (ROUTE HUBERT) CD3,-21.31194,55.54335
202000040400,28,8,2020,14,1,974,97411,2,1,1,6,Rue des Jacinthes,-20.91046,55.48171
202000040401,27,8,2020,7,1,974,97411,2,1,1,6,MALARTIC (RUE),-20.88682,55.45218
202000040402,28,8,2020,15,1,69,69386,2,2,3,3,LAFAYETTE                           (CO),45.7636,4.84829
202000040403,28,8,2020,14,1,972,97209,2,3,1,3,TOUSSAINT LOUVERTURE (RUE),14.60817,-61.06813
202000040404,28,8,2020,18,1,69,69081,2,1,3,2,PROFESSEUR PAUL SANTY (DU)   AL,45.77,4.77
202000040405,27,8,2020,12,1,69,69384,2,1,1,1,CANUTS (DES)                        (BD),45.7799216,4.8274192
202000040406,27,8,2020,12,1,87,87085,1,1,1,2,RN520,45.89133,1.28429
202000040407,28,8,2020,17,1,86,86194,2,3,1,2,Rocade Ouest,46.6086626,0.3429018
202000040408,28,8,2020,13,1,83,83069,2,1,1,3,TOULON (VIEUX CHEMIN DE),43.12336,6.10124
202000040409,28,8,2020,12,1,83,83069,2,6,1,3,DECUGIS (AVENUE ALFRED),43.11639,6.14674
202000040410,27,8,2020,7,1,77,77337,1,1,1,6,D199 - MARNE VPN (ROUTE DE LA),48.8462233,2.6301431
202000040411,28,8,2020,14,1,77,77040,1,2,1,-1,D607,48.51261,2.56894
202000040412,27,8,2020,16,1,77,77013,1,1,1,5,D402,48.8503,3.0902
202000040413,27,8,2020,22,5,74,74008,2,1,1,3,HELVETIE (RUE DE L'),46.19443,6.22417
202000040414,26,8,2020,19,1,71,71306,2,1,1,-1,LUCY (RUE DE),46.6661548,4.3332367
202000040415,28,8,2020,19,1,69,69256,2,1,2,4,8 MAI 1945 (DU)                     (AV),45.78691,4.91942
202000040416,28,8,2020,17,1,69,69290,2,2,3,3,TEMPS MODERNES (DES)            (AV),45.71123,4.9123
202000040417,28,8,2020,13,1,69,69290,2,4,3,3,ST BONNET DE MURE (DE)              (CH),45.69199,4.96696
202000040418,28,8,2020,13,1,69,69091,1,1,2,3,NEUVE (RTE),45.56565,4.77583
202000040419,28,8,2020,10,1,65,65440,2,1,3,6,GONNES (RUE DE),43.22856,0.07504
202000040420,28,8,2020,13,1,64,64024,2,1,2,2,BARRE (PROMENADE DE LA),43.5087357,-1.5216535
202000040421,27,8,2020,15,1,63,63113,2,2,1,5,lafayette/sablon,45.77357,3.09
202000040422,27,8,2020,16,1,62,62119,2,9,8,6,AIRE ( RUE D' ),50.5389614,2.6293676
202000040423,27,8,2020,13,1,56,56162,2,3,2,3,PINS (RUE DES),47.73225,-3.43253
202000040424,28,8,2020,11,1,54,54184,2,1,1,2,BRIGACHTAL (AVENUE DE),48.7032892,6.2290066
202000040425,28,8,2020,7,1,54,54526,2,2,1,3,JAURES (BOULEVARD JEAN),48.6883399,6.2097269
202000040426,27,8,2020,8,1,54,54395,2,1,1,3,VINGT SIXIEME R.I. (BOULEVARD DU 2 A 44),48.6960054,6.1897344
202000040427,27,8,2020,14,1,46,46042,2,1,1,3,RACINE (RUE JEAN),44.46173,1.45223
202000040428,28,8,2020,13,1,45,45302,1,9,1,2,Route d’Ormes,47.9523,1.8575
202000040429,28,8,2020,10,1,45,45285,2,1,1,2,Rue Charles Beauhaire,47.9151201,1.8680476
202000040430,8,2,2020,15,1,74,74011,2,1,1,2,rue de Verdun,45.907051,6.158808
202000040431,7,2,2020,18,3,47,47185,2,3,1,5,17 Rue des Coccinelles,44.48713,0.966357
202000040432,8,2,2020,9,1,29,29160,1,3,1,6,Lieu-dit Pellan,48.523739,-4.422984
202000040433,3,2,2020,17,1,31,31115,1,1,1,6,27 Embourasso,43.3439261,0.9033402
202000040434,9,2,2020,19,3,38,38449,2,1,1,6,D1006,45.66044,5.1025
202000040435,9,2,2020,3,5,02,02352,2,1,1,6,9 Route Nationale,50.004219,3.24801
202000040436,9,2,2020,5,3,02,02303,1,1,1,6,D1029,49.858837,3.244658
202000040437,8,2,2020,14,1,01,01245,1,1,1,5,D 979,46.164488,5.397334
202000040438,8,2,2020,7,2,70,70060,1,1,1,7,Route communale 3,47.317981,5.840092
202000040439,9,2,2020,19,3,54,54427,1,1,6,6,D182a,48.452846,6.925354
202000040440,7,2,2020,16,1,06,06102,1,1,1,6,M66,44.070829,7.145367
202000040441,7,2,2020,19,3,50,50111,1,2,1,3,Les Petites Landes,49.035941,-1.297905
202000040442,8,2,2020,18,5,90,90009,2,3,1,4,41 Rue du Docteur Julg,47.491167,6.921937
202000040443,9,2,2020,6,3,64,64268,2,1,5,6,Place de Mendy,43.174512,-0.916436
202000040444,8,2,2020,20,5,18,18160,2,1,1,6,62 Grande Rue,46.996864,2.824176
202000040445,7,2,2020,16,1,40,40287,1,1,1,6,RD 46,44.501342,-1.051426
202000040446,8,2,2020,19,3,28,28305,1,2,8,3,Bullainville,48.18567,1.498926
202000040447,8,2,2020,17,1,37,37085,1,1,2,2,La Grande Couture,47.2197056,0.8890701
202000040448,8,2,2020,17,1,30,30085,1,1,1,1,D3,43.966581,4.480577
202000040449,29,1,2020,18,5,33,33122,1,1,1,1,Avenue Salvador Allende,44.781176,-0.687781
202000040450,9,2,2020,2,5,06,06085,2,1,1,7,Avenue Notre-dame de Vie,43.600285,7.003541
202000040451,8,2,2020,7,1,987,98733,2,1,1,6,pk 27.500,-17.689931,-149.548349
202000040452,9,2,2020,17,1,83,83035,1,1,1,1,412 Montée du Vieux Camp,43.233752,5.765939
202000040453,8,2,2020,17,2,83,83055,1,1,1,7,D562,43.587762,6.670015
202000040454,25,1,2020,17,5,68,68021,2,3,1,3,D66,47.638545,7.513275
202000040455,9,2,2020,18,3,73,73006,1,1,1,1,N90 Aime-la-Plagne,45.5524537,6.63594
202000040456,9,2,2020,0,3,01,01313,1,1,1,2,Prévessin-Moëns,46.254163,6.059142
202000040457,8,2,2020,11,1,69,69037,2,1,1,7,le lozet,46.022014,4.500597
202000040458,9,2,2020,10,1,09,09334,1,1,1,3,D208,42.763681,1.495471
202000040459,8,2,2020,18,3,33,33248,2,4,2,6,16 Rue Maxime Hostein,45.07322,-0.79065
202000040460,9,2,2020,1,3,27,27242,1,9,6,6,D23,48.973865,0.786928
202000040461,7,2,2020,15,1,27,27684,2,1,1,2,Route nationale 13,49.015124,1.193025
202000040462,9,2,2020,10,1,60,60282,1,1,1,1,,49.2060754,2.4613986
202000040463,9,2,2020,8,1,60,60355,1,1,6,7,Route nationale 31,49.4124885,2.2122284
202000040464,7,2,2020,13,1,13,13071,1,1,1,2,A55- Sens Marseille vers Martigues,43.375801,5.319002
202000040465,6,2,2020,23,3,13,13215,1,1,1,3,A7-Sens Lyon vers Marseille,43.3789471,5.3548422
202000040466,4,2,2020,19,3,69,69290,1,9,3,4,A 43   ,45.70528,4.96081
202000040467,8,2,2020,8,1,33,33063,1,1,2,6,ROCADE A 630,44.88298,-0.56128
202000040468,8,2,2020,17,1,91,91174,1,1,3,3,RN 104,48.6113,2.4471
202000040469,8,2,2020,5,4,91,91589,1,1,1,4,AUTOROUTE A6,48.67893,2.33456
202000040470,7,2,2020,19,3,94,94034,1,1,1,7,AUTOROUTE A86,48.7562,2.336
202000040471,7,2,2020,13,1,93,93030,1,1,1,2,AUTOROUTE A1,48.93968,2.42092
202000040472,7,2,2020,12,1,60,60505,1,1,1,5,AUTOROUTE A1,49.16958,2.59949
202000040473,7,2,2020,12,1,988,98818,2,3,1,3,ROUTE DE LA BAIE DES DAMES/RUE HENRI SIMONIN,-22.23478,166.44259
202000040474,6,2,2020,20,5,988,98818,2,1,2,6,VE1 SENS SUD/NORD,-22.24961,166.45041
202000040475,7,2,2020,7,1,974,97409,2,3,1,3,Avenue Ile de France,-20.958148,55.649799
202000040476,7,2,2020,18,1,973,97302,2,1,1,3,BADUEL (ROUTE DE),4.930926,-52.3058224
202000040477,7,2,2020,14,1,973,97302,2,3,1,-1,RABAN (ROUTE DE),4.9335556,-52.3133111
202000040478,7,2,2020,8,1,973,97302,2,1,1,6,CABASSOU (ROUTE DE),4.9171583,-52.3123884
202000040479,7,2,2020,8,1,972,97209,2,1,1,6,GOUVENEUR GENERAL F. EBOUE (AVENUE),14.605,-61.066
202000040480,7,2,2020,21,5,69,69389,2,9,1,-1,ARLOING                             (QU),45.7724,4.81103
202000040481,4,2,2020,20,5,69,69149,2,2,2,3,GRANDE RUE                          (GR),45.71736,4.80957
202000040482,4,2,2020,19,5,69,69381,2,1,9,7,POUTEAU                             (R ),45.77177,4.83315
202000040483,6,2,2020,18,5,2A,2A004,2,1,1,-1,LEVIE JEAN JEROME AVENUE,41.9264097,8.7385633
202000040484,7,2,2020,13,1,2A,2A004,2,2,1,3,MARECHAL JUIN AVENUE,41.9387803,8.750935
202000040485,6,2,2020,19,5,91,91223,2,9,1,1,BRIERES LES SCELLES (ROUTE DE),48.452729,2.167159
202000040486,6,2,2020,17,1,91,91223,2,1,1,2,HENRI IV (BOULEVARD),48.434318,2.15463
202000040487,6,2,2020,19,5,91,91201,2,2,1,3,PIERRE BROSSOLETTE (RUE),48.68893,2.42228
202000040488,7,2,2020,21,5,91,91174,2,9,1,4,PATTON (PONT),48.61343,2.48417
202000040489,7,2,2020,13,1,91,91347,2,1,1,6,MORT RU (VOIE DU),48.652253,2.275462
202000040490,6,2,2020,22,5,87,87085,2,1,1,2,LIBERATION (AVENUE DE LA),45.83413,1.25982
202000040491,6,2,2020,8,1,86,86194,2,1,1,6,Rue de l’Intendant le Nain,46.5921068,0.3403386
202000040492,7,2,2020,23,4,85,85191,2,1,1,6,Rue Olof Palme,46.64826,-1.41531
202000040493,7,2,2020,12,1,83,83069,2,1,1,2,NOCART (AVENUE),43.12042,6.13538
202000040494,7,2,2020,18,5,82,82121,2,1,1,3,MOULIN N 2020 (AVENUE JEAN),44.02665,1.366851
202000040495,5,2,2020,17,1,80,80021,2,1,1,3,CHATEAU MILAN (RUE DU),49.90257,2.28504
202000040496,4,2,2020,19,5,77,77373,2,1,1,6,REPUBLIQUE (AV. DE LA),48.80166,2.60613
202000040497,6,2,2020,19,3,77,77243,1,1,9,2,D934,48.8678247,2.7040783
202000040498,5,2,2020,23,5,76,76540,2,1,1,6,GAMBETTA. BOULEVARD LEON,49.44145,1.11265
202000040499,6,2,2020,14,1,76,76351,2,2,1,3,FOCH (AVENUE),49.49345,0.10369
202000040500,7,2,2020,21,3,69,69277,1,1,1,2,MEYZIEU (DE)                            ,45.7085,5.0288
202000040501,7,2,2020,12,3,64,64483,2,3,2,-1,CHANTACO (AVENUE DE ),43.38003,-1.64002
202000040502,6,2,2020,16,1,64,64445,2,9,1,3,OLOF PALME,43.33117,-0.35813
202000040503,7,2,2020,17,1,64,64102,2,3,1,5,SOULT (AVENUE MARECHAL),43.48574,-1.49122
202000040504,7,2,2020,16,1,64,64102,2,1,1,4,SOULT (AVENUE MARECHAL),43.48423,-1.49836
202000040505,6,2,2020,20,5,64,64102,2,3,1,3,ETCHEVERRY (RUE DENIS),43.4948,-1.46737
202000040506,7,2,2020,7,2,63,63063,1,3,1,3,VERTE (RUE)/rondeau,45.8382118,3.1224706
202000040507,5,2,2020,20,5,63,63113,2,1,1,3,BARBIER DAUBREE (AVENUE),45.78705,3.0921
202000040508,6,2,2020,18,5,60,60382,2,5,1,6,BARTHOU (RUE LOUIS),49.426723,2.81702
202000040509,7,2,2020,14,1,59,59009,2,3,1,-1,"LILLE, rue de",50.62701,3.14139
202000040510,7,2,2020,16,2,57,57463,2,1,-1,7,FALOGNE (RUE DE LA ),49.09814,6.2404
202000040511,5,12,2020,19,5,22,22113,2,1,2,1,BIENFAISANCE (RUE DE LA),48.72935,-3.45271
202000040512,25,1,2020,16,2,54,54099,1,6,5,2,906 (RD),49.2551,5.94863
202000040513,5,12,2020,17,3,13,13117,1,9,1,4,LA BASTIDE BLANCHE CD 9,43.427592,5.266075
202000040514,6,12,2020,17,5,13,13210,2,1,1,3,PONT DE VIVAUX (BOULEVARD),43.28153,5.42702
202000040515,6,2,2020,20,3,49,49007,2,1,1,3,MONTESQUIEU PASSAGE,47.47341,-0.57974
202000040516,6,12,2020,14,1,13,13206,2,3,1,3,PRADO (AVENUE DU),43.284006,5.384811
202000040517,7,2,2020,7,2,47,47032,2,6,1,3,ANATOLE FRANCE,44.19789,0.64653
202000040518,6,12,2020,16,1,13,13028,2,6,1,3,DULAC (AVENUE GUILLAUME),43.1989824,5.616664
202000040519,7,2,2020,16,1,45,45004,1,1,1,6,D2060 - PR 22+885,48.0051459,2.8049221
202000040520,6,2,2020,16,1,44,44184,2,1,1,6,PAPIN (RUE DENIS),47.299,-2.296
202000040521,6,12,2020,18,5,06,06088,2,2,1,3,ARSON (RUE),43.70073,7.28674
202000040522,11,1,2020,11,1,43,43157,2,1,2,6,4 Rue Montferrand,45.04661,3.88153
202000040523,6,12,2020,18,5,04,04070,2,1,1,6,RD 19 (bd Thiers),44.090702,6.2329029
202000040524,24,11,2020,13,1,75,75119,2,1,1,6,BOULEVARD PERIPHERIQUE,48.900309,2.377994
202000040525,7,2,2020,15,1,33,33281,2,2,1,3,RUE DU LIVEAU / AVE JEAN MASARYK,44.85102,-0.6428
202000040526,6,12,2020,9,1,75,75120,2,3,1,3,AVENUE DE LA PORTE DE BAGNOLET,48.864783,2.41017