Num_Acc,jour,mois,an,hr,condition_eclairage,departement,commune,condition_agglomeration,intersection,condition_atmosphere,type_collision,adresse,lattitude,longitude
202000040527,6,12,2020,12,1,75,75118,2,7,1,3,RUE DE LA CHAPELLE,48.89508,2.359383
202000040528,2,2,2020,7,5,33,33032,2,6,1,6,QUAI DE VIAL,44.915,-0.542
202000040529,6,12,2020,20,5,75,75116,2,2,8,3,RUE CLAUDE TERRASSE,48.839583,2.263324
202000040530,7,2,2020,7,3,31,31149,2,1,1,1,16 Chemin de Garrabot,43.59821,1.30419
202000040531,5,12,2020,14,1,75,75115,2,1,1,6,RUE AUGUSTE DORCHAIN,48.844966,2.298015
202000040532,6,2,2020,23,5,31,31555,2,2,1,3,RUE DE LA REPUBLIQUE,43.5989,1.43662
202000040533,6,12,2020,14,1,75,75112,2,2,1,6,AVENUE DAUMESNIL,48.844606,2.380942
202000040534,6,2,2020,19,5,31,31555,2,1,1,3,66 BOULEVARD MATABIAU,43.61593,1.43933
202000040535,6,12,2020,11,1,75,75112,2,1,8,6,BOULEVARD DE PICPUS,48.846689,2.399736
202000040536,31,1,2020,19,3,31,31555,1,1,1,2,VA007331 A620,43.56622,1.48359
202000040537,6,12,2020,11,1,75,75111,2,3,1,2,RUE DE LA ROQUETTE,48.858954,2.38528
202000040538,7,2,2020,8,1,31,31565,2,1,1,3,Route de Barbazan,43.0915,0.6944
202000040539,6,12,2020,13,1,75,75110,2,2,1,3,BOULEVARD DE MAGENTA,48.87736,2.355102
202000040540,6,2,2020,18,5,29,29232,2,1,1,3,Quai de l'Odet,47.99211,-4.1094
202000040541,6,12,2020,15,1,75,75104,2,3,8,7,RUE DE TURENNE,48.855495,2.363631
202000040542,7,2,2020,11,1,28,28209,2,1,1,6,PAIX (AVENUE DE LA ),48.4697,1.48084
202000040543,6,12,2020,20,5,93,93066,2,1,1,-1,HUIT MAI 1945 (PLACE),48.93928,2.35538
202000040544,10,1,2020,21,5,27,27229,2,2,1,3,BUZOT (RUE),49.02641,1.15723
202000040545,6,12,2020,19,5,93,93062,2,1,1,5,ALL DE MONTFERMEIL,48.8955813,2.5254719
202000040546,7,2,2020,11,1,26,26362,1,1,1,6,FAUCONNIERES ROUTE DE,44.94592,4.94309
202000040547,6,12,2020,13,1,93,93074,1,1,8,3,Route Nationale 3,48.9337112,2.5862821
202000040548,7,2,2020,17,1,25,25462,2,1,1,6,Rue Montrieux,46.901352,6.357404
202000040549,6,12,2020,14,1,93,93005,2,1,1,6,ANDRE CITROEN (BOULEVARD),48.9588348,2.485876
202000040550,5,2,2020,8,1,21,21278,2,6,1,3,MORVAN (DU) (RUE),47.3406432,5.0344393
202000040551,6,12,2020,18,5,92,92026,2,1,1,2,PONT DE LEVALLOIS,48.9013286,2.2762061
202000040552,6,2,2020,10,1,21,21054,2,1,1,4,11 Rue du Faubourg Bretonnière,47.021594,4.8329268
202000040553,6,12,2020,6,5,92,92019,2,1,1,7,DIVISION LECLERC (AVENUE DE LA),48.7632,2.27713
202000040554,6,2,2020,16,1,19,19031,2,2,1,-1,ROOSEVELT (AVENUE DU PRESIDENT),45.15921,1.53041
202000040555,7,12,2020,1,3,35,35008,1,1,2,6,Le Haut Fourneau,47.965217,-1.161912
202000040556,6,2,2020,23,3,16,16150,1,1,1,6,Ld La Pointe des Bordons,45.6606465,-0.2972061
202000040557,6,2,2020,19,3,15,15014,2,3,1,6,ABBE DE PRADT (RUE DE),44.909569,2.430636
202000040558,29,9,2020,9,1,72,72155,2,1,1,5,RD 338,47.8632,0.2525
202000040559,7,12,2020,12,1,85,85215,1,1,2,6,Le Creux Sec,46.872847,-1.200059
202000040560,7,2,2020,15,1,14,14220,2,1,1,2,REPUBLIQUE (AVENUE DE LA),49.35576,0.06974
202000040561,6,2,2020,8,2,14,14366,2,7,1,6,GEORGES CLEMENCEAU (PLACE),49.14755,0.22767
202000040562,5,12,2020,11,1,51,51440,1,1,1,3,D20,49.3003743,4.3049188
202000040563,7,2,2020,20,5,13,13211,2,2,1,3,SAINT LOUP (BOULEVARD DE),43.284011,5.435568
202000040564,24,11,2020,10,1,12,12198,1,1,1,7,Route de Prèvinquières,44.324025,2.249451
202000040565,7,2,2020,13,1,13,13201,2,9,1,-1,CANEBIERE     70 A FIN,43.296733,5.378683
202000040566,7,12,2020,10,1,12,12162,1,1,2,1,D 911,44.294556,2.409448
202000040567,7,12,2020,15,1,68,68349,2,1,1,6,Boulevard d'Alsace,47.611762,7.574751
202000040568,7,2,2020,5,5,13,13210,2,1,1,2,JEAN MOULIN (BOULEVARD),43.287104,5.400264
202000040569,5,2,2020,7,1,13,13214,2,1,1,2,PLOMBIERES (BOULEVARD DES),43.319014,5.378683
202000040570,1,12,2020,19,4,44,44188,1,3,1,3,D61,47.035237,-1.684071
202000040571,6,12,2020,9,1,35,35068,1,1,2,3,N157,48.09675,-1.407541
202000040572,7,2,2020,22,3,13,13047,1,1,1,6,SAINT CHAMAS ROUTE DE,43.53,5.012
202000040573,6,2,2020,13,1,11,11069,2,1,1,2,PAPIN DENIS -BD-,43.20764,2.315584
202000040574,7,12,2020,18,5,31,31224,2,1,2,6,Avenue de Luchon,43.074547,0.585077
202000040575,7,2,2020,3,5,10,10387,2,1,1,6,PASTEUR (RUE),48.30092,4.0645
202000040576,7,12,2020,7,3,38,38561,1,1,1,6,Route de Marcilloles,45.327289,5.196297
202000040577,6,2,2020,22,5,10,10081,2,3,7,3,MYOSOTIS (RUE DES),48.31045,4.02768
202000040578,7,2,2020,22,5,03,03185,2,3,1,3,avenue de la République,46.3472644,2.5960427
202000040579,22,11,2020,17,3,38,38442,1,1,8,7,Route du Charmant Som,45.30414,5.75679
202000040580,7,2,2020,13,1,01,01451,1,1,1,1,BRESSE (AVENUE DE ),46.22279,5.20623
202000040581,7,2,2020,8,1,75,75117,2,1,1,2,PORTE DE CHAMPERRET,48.886423,2.289297
202000040582,6,12,2020,17,3,72,72241,1,3,1,3,Intersection D.20 et C.401,48.057574,0.378749
202000040583,6,2,2020,9,1,75,75117,2,4,1,7,PORTE DE SAINT OUEN,48.900355,2.322239
202000040584,7,12,2020,17,2,50,50082,2,2,1,6,Rte de Saint Sauveur le Vicomte,49.467218,-1.633524
202000040585,5,2,2020,1,5,75,75107,2,1,1,7,PLACE JOFFRE,48.852714,2.303134
202000040586,7,2,2020,10,1,75,75119,2,1,1,3,RUE DE CRIMEE,48.888367,2.379396
202000040587,7,2,2020,14,1,75,75118,2,2,1,3,BOULEVARD NEY,48.897725,2.329001
202000040588,7,2,2020,16,1,75,75117,2,2,1,3,AVENUE DE VILLIERS,48.881951,2.31357
202000040589,7,12,2020,8,2,60,60030,1,1,5,1,Route Départementale 927,49.3252133,2.0862526
202000040590,7,2,2020,8,1,75,75117,2,1,1,6,RUE CARDINET,48.891984,2.309851
202000040591,6,12,2020,17,3,13,13018,1,1,8,5,A7 - PK 201+400 sens MARSEILLE/LYON,43.878593,4.931016
202000040592,6,2,2020,23,5,75,75117,2,2,1,3,RUE BAYEN,48.882153,2.291693
202000040593,5,12,2020,20,3,987,98729,1,1,1,1,RT91 route du belvédère en dessus du sofitel,-17.533189,-149.838611
202000040594,7,2,2020,11,1,75,75115,2,2,1,6,RUE DU HAMEAU,48.835133,2.289027
202000040595,6,12,2020,2,5,988,98815,2,1,1,7,Tribu de Tadine,-21.54674,167.8823
202000040596,7,2,2020,22,5,75,75114,2,3,1,6,RUE DE LA TOMBE ISSOIRE,48.832068,2.335353
202000040597,7,12,2020,22,3,988,98817,1,3,2,6,PK 13 route de la corniche,-22.275823,166.622461
202000040598,7,2,2020,12,1,75,75115,2,2,1,2,RUE LECOURBE,48.842606,2.302695
202000040599,6,12,2020,20,3,976,97607,1,1,1,1,Route Nationale - Ironi Be,-12.834544,45.188248
202000040600,7,2,2020,11,1,75,75109,2,1,1,-1,RUE MONCEY,48.879933,2.329544
202000040601,7,2,2020,10,1,75,75108,2,2,1,3,RUE CAMBACERES,48.873236,2.317945
202000040602,6,12,2020,17,1,974,97422,2,3,1,3,Rue Jean de Fos du Rau,-21.220692,55.559955
202000040603,22,11,2020,2,3,973,97305,1,1,2,1,RN1 PK 19.950,4.9625223,-52.4341393
202000040604,7,2,2020,9,1,75,75108,2,2,1,3,COURS ALBERT 1ER,48.864614,2.310323
202000040605,6,12,2020,12,1,971,97107,1,1,1,7,morne salé,15.999636,-61.603947
202000040606,7,2,2020,12,1,75,75107,2,2,1,3,PONT ALEXANDRE III,48.862837,2.313485
202000040607,7,12,2020,7,2,95,95142,2,1,5,3,Rue de Marines,49.158011,1.942853
202000040608,6,12,2020,21,3,2B,2B354,2,1,2,1,RT 20,42.170533,9.171953
202000040609,7,2,2020,19,5,75,75104,2,4,1,3,BOULEVARD HENRI IV,48.852231,2.36597
202000040610,7,12,2020,7,2,13,13093,1,1,1,6,RD 561 1901,43.7004831,5.3774953
202000040611,7,2,2020,15,1,75,75103,2,3,1,6,RUE BEAUBOURG,48.862028,2.353926
202000040612,7,12,2020,17,3,57,57209,1,1,1,2,JEAN MONNET,49.03197,6.597226
202000040613,7,2,2020,19,5,75,75101,2,1,1,3,BOULEVARD DE SEBASTOPOL,48.862152,2.350242
202000040614,6,2,2020,23,5,75,75101,2,1,1,7,PLACE DU PONT NEUF,48.856933,2.341373
202000040615,7,12,2020,7,2,63,63284,1,6,1,3,D1093,45.7927961,3.2268745
202000040616,5,12,2020,18,3,33,33496,2,1,2,6,29 Avenue de la Tour,44.848598,-0.397063
202000040617,7,2,2020,9,1,94,94080,2,1,1,3,Avenue de Paris,48.845208,2.431947
202000040618,5,2,2020,16,1,94,94068,2,2,1,3,RASPAIL (AV),48.786,2.487
202000040619,7,2,2020,12,1,94,94052,2,1,1,6,STRASBOURG (BD DE),48.8359,2.4748
202000040620,7,2,2020,13,1,94,94003,2,1,7,5,ASPASIE JULES CARON (R),48.80096,2.33235
202000040621,7,2,2020,5,5,94,94011,2,6,1,6,Avenue Jean Rostand,48.76832,2.48736
202000040622,7,12,2020,8,2,14,14658,1,1,5,5,D524,48.830812,-1.077137
202000040623,10,2,2020,17,1,94,94077,2,1,2,2,VOEUX SAINT GEORGES (R DES),48.731093,2.437098
202000040624,7,12,2020,12,1,14,14047,2,1,5,1,rue des fossés fondues,49.269282,-0.681421
202000040625,6,12,2020,9,1,29,29103,2,1,1,6,Rue Théodore Botrel,48.443604,-4.258012
202000040626,7,2,2020,16,1,94,94079,2,1,1,5,ANDRE ROUY (R),48.82237,2.55355
202000040627,7,12,2020,7,3,76,76678,1,1,5,3,D915,49.636273,1.44761
202000040628,7,2,2020,19,5,94,94018,2,1,1,2,CARRIERES (QU DES),48.81804,2.41472
202000040629,4,2,2020,13,1,94,94018,2,2,1,6,PARIS (R DE),48.8215,2.41374
202000040630,6,2,2020,19,5,94,94069,2,1,1,3,REPUBLIQUE (QU DE LA),48.8178773,2.4238694
202000040631,5,12,2020,20,3,13,13071,1,1,1,4,A7-Sens Marseille vers Lyon,43.40692,5.32734
202000040632,7,2,2020,18,5,94,94017,2,9,1,3,CHARLES BAUDIN (AV),48.81756,2.55519
202000040633,4,12,2020,16,1,13,13215,1,1,2,2,A7-Sens Lyon vers Marseille,43.3647,5.3604
202000040634,7,2,2020,17,1,94,94071,2,1,1,6,PENDANTS (R DES),48.772706,2.528037
202000040635,5,12,2020,12,1,13,13005,1,1,2,6,A501-Sens Aubagne vers Pont de l'Etoile,43.28863,5.54988
202000040636,7,2,2020,9,1,93,93066,2,1,1,3,"""LANDY RD 20, NR IMPAIRS 146 A 254""",48.9150399,2.3501683
202000040637,3,2,2020,22,5,93,93066,2,1,3,6,WILSON (AVENUE DU PRESIDENT),48.9150827,2.3580224
202000040638,7,2,2020,12,1,93,93055,2,1,1,6,JEAN JAURES (AVENUE) ,48.90362,2.39215
202000040639,7,2,2020,14,1,93,93048,2,7,1,6,PAUL VAILLANT COUTURIER (BOULEVARD),48.8627651,2.4416526
202000040640,7,2,2020,8,1,93,93045,2,2,1,1,SABLONS RUE DES,48.8822,2.4233
202000040641,6,12,2020,15,1,33,33096,1,1,1,6,AUTOROUTE A 10,44.88852,-0.50454
202000040642,7,2,2020,9,1,93,93045,2,1,1,3,Boulevard Eugène Decros,48.8822916,2.414993
202000040643,6,12,2020,1,3,78,78043,1,1,2,7,A12 Y,48.8414,2.0941
202000040644,7,2,2020,22,5,93,93027,2,3,1,3,PASTEUR (BOULEVARD) DE 1 A 39,48.92098,2.38311
202000040645,6,12,2020,21,3,60,60631,1,1,1,7,AUTOROUTE A1,49.14576,2.57766
202000040646,6,12,2020,19,3,95,95563,1,1,1,6, A115,49.0115,2.2254
202000040647,7,2,2020,15,1,93,93007,2,2,1,6,"""JEAN BART (AVENUE """"COTE IMPAIRS"""")""",48.92245,2.46953
202000040648,6,12,2020,11,1,93,93010,1,1,1,2,AUTOROUTE A3,48.90277,2.47079
202000040649,6,2,2020,10,1,92,92075,2,4,1,2,LARMEROUX (RUE)/ PAIX (AVENUE DE LA),48.8148,2.27816
202000040650,6,12,2020,6,3,95,95491,1,1,2,6, A115,49.00646,2.24352
202000040651,6,2,2020,15,1,92,92022,2,1,1,6,FRANCE (RUE ANATOLE),48.80472,2.18817
202000040652,6,12,2020,14,1,94,94069,1,1,1,2,A4,48.8168253,2.44611
202000040653,5,2,2020,11,1,92,92022,2,1,1,6,CARNOT (RUE),48.811476,2.188611
202000040654,7,2,2020,12,1,92,92033,2,9,1,1,RAYMOND POINCARE,48.8431169,2.1735086
202000040655,6,12,2020,3,3,988,98818,1,2,1,1,ROUTE EXPRESS DU MONT DORE/RUE GEORGES LEQUES,-22.23428,166.48762
202000040656,7,2,2020,19,5,92,92051,2,1,1,6,CHARTRES (RUE DE ),48.880188,2.2795522
202000040657,4,12,2020,7,1,974,97411,2,9,1,7,JAURES (BOULEVARD JEAN),-20.92316,55.50148
202000040658,7,2,2020,18,5,92,92062,2,2,1,3,PESARO BOULEVARD DE,48.8909429,2.2300966
202000040659,5,12,2020,2,4,973,97302,1,1,1,6,ROUTE NATIONALE 3,4.90198,-52.31238
202000040660,6,2,2020,17,2,92,92050,2,1,1,2,JOLIOT CURIE F. ET IRENE AVENUE  N°PAIRS,48.8916732,2.2083807
202000040661,5,12,2020,16,1,972,97209,1,1,1,2,PROFESSEUR RAYMOND GARCIN (RUE DU),14.62469,-61.07865
202000040662,6,2,2020,17,1,92,92007,2,1,1,4,DORMOY AVENUE MARX N°102 A FIN,48.80966,2.32246
202000040663,5,12,2020,8,1,972,97209,1,1,1,6,FONTAINE DIDIER (RUE DE LA),14.64334,-61.08587
202000040664,7,2,2020,9,1,92,92026,1,6,1,2,ABREUVOIR,48.89216,2.25356
202000040665,6,2,2020,13,1,92,92024,2,2,1,6,GENERAL LECLERC (BD DU) (9 A 59)   (4 A,48.9021166,2.3143148
202000040666,5,12,2020,1,3,972,97209,2,4,1,-1,RN9,14.61427,-61.04124
202000040667,7,2,2020,17,1,92,92023,2,1,8,6,DIVISION LECLERC (RUE DE LA),48.7957,2.2701
202000040668,26,9,2020,15,1,01,01112,1,1,3,5,D12,46.10478,5.548868
202000040669,7,2,2020,20,5,92,92012,2,1,1,3,JEAN JAURES (BOULEVARD) 63/215 - 70/208,48.8315991,2.2446764
202000040670,3,12,2020,22,5,972,97209,2,1,1,3,CHATEAUBOEUF (ROUTE DE),14.61879,-61.04503
202000040671,25,9,2020,21,3,69,69039,1,1,2,1,D385,45.9928702,4.5036551
202000040672,5,12,2020,14,1,69,69382,2,2,1,3,DENUZIERE                           (R ),45.74499,4.81987
202000040673,25,9,2020,18,2,69,69227,1,1,2,4,D311,45.6645565,4.5803564
202000040674,7,2,2020,12,1,92,92012,2,3,1,3,PARIS (RUE DE) 97BIS/FIN - 116/FIN,48.841641,2.235863
202000040675,19,9,2020,15,1,27,27448,2,1,1,-1,14 Rue Pasteur,49.01835,1.374573
202000040676,8,2,2020,10,1,12,12300,2,1,1,7,107 avenue du Quercy,44.355997,2.026995
202000040677,26,9,2020,15,1,60,60639,2,1,1,7,Route de l'Aéorport,49.460541,2.113162
202000040678,7,2,2020,23,5,86,86183,2,1,1,6,105 Route Nationale Dix,46.967344,0.607778
202000040679,25,9,2020,19,1,59,59477,2,8,2,7,96 Rue Victor Hugo,50.516114,2.904773
202000040680,8,2,2020,1,3,31,31003,1,1,1,6,Route de la Saune,43.56528,1.578341
202000040681,25,9,2020,8,1,13,13071,1,1,2,3,A51-Sens Aix en Provence vers Marseille,43.419129,5.367
202000040682,4,12,2020,7,1,971,97120,2,2,1,2,BD LEGITIMUS,16.2441617,-61.5343783
202000040683,8,2,2020,18,3,60,60010,1,1,8,7,D121,49.2224969,2.1015552
202000040684,24,9,2020,18,1,13,13071,1,1,1,4,A7-Sens Marseille vers Lyon,43.404461,5.300556
202000040685,8,2,2020,12,1,86,86070,1,1,1,1,D951,46.575678,0.677762
202000040686,5,12,2020,13,1,78,78133,2,1,8,1,CHATAIGNERAIE (ALLEE DE LA),48.9029,2.04485
202000040687,5,12,2020,17,5,71,71306,2,1,1,7,BARBES (RUE),46.6689491,4.3660875
202000040688,23,9,2020,17,1,13,13055,1,1,1,2,A507 sens Marseille - Aubagne,43.2948036,5.424596
202000040689,7,2,2020,18,3,38,38332,1,1,1,-1,Route de Maubec,45.34188,5.48832
202000040690,7,2,2020,15,1,08,08062,1,1,1,2,A34/n51,49.522593,4.409044
202000040691,5,12,2020,6,3,71,71486,1,1,5,2,RN 70 (ROUTE EXPRESS),46.6495935,4.3290685
202000040692,11,9,2020,15,1,69,69199,1,1,1,2,RD383   14.250 A 18.000,45.70761,4.8436
202000040693,5,12,2020,6,3,71,71306,1,1,1,7,RN 70 (ROUTE EXPRESS),46.6702478,4.3431081
202000040694,25,9,2020,17,1,91,91689,1,1,2,4,AUTOROUTE A6B,48.743394,2.32152
202000040695,7,2,2020,22,3,15,15259,1,1,1,6,A75,45.1331289,3.137561
202000040696,8,2,2020,2,3,22,22305,1,1,2,6,Les Bois,48.27254,-2.154973
202000040697,25,9,2020,16,1,91,91345,1,1,8,2,AUTOROUTE A6,48.689729,2.323559
202000040698,5,12,2020,22,5,69,69266,2,1,1,2,EMILE ZOLA     (Cours),45.7708,4.86606
202000040699,5,12,2020,1,5,65,65440,2,1,1,6,CARNOT (RUE),43.22099,0.07057
202000040700,25,9,2020,9,1,92,92002,1,1,8,7,AUTOROUTE A10,48.73324,2.31276
202000040701,7,2,2020,14,1,83,83130,2,1,1,1,1 Rue de Bruxelles,43.198372,6.047716
202000040702,4,12,2020,19,5,64,64335,2,3,2,3,JEAN JAURES,43.31711,-0.42965
202000040703,25,9,2020,7,1,94,94076,1,1,2,2,AUTOROUTE A6A,48.79266,2.34473
202000040704,25,9,2020,8,1,94,94037,1,1,2,3,AUTOROUTE A6A,48.81396,2.33637
202000040705,5,12,2020,9,1,64,64102,2,6,1,-1,EIFFEL (GUSTAVE) RUE,43.48733,-1.4674
202000040706,7,2,2020,13,1,80,80373,2,1,1,6,Rue Charles de Gaulle,49.987272,1.554975
202000040707,5,12,2020,6,5,59,59512,2,1,1,3,MA CAMPAGNE (RUE),50.67531,3.19582
202000040708,8,2,2020,20,5,11,11170,2,1,1,6,Boulevard de la Corderie,43.108327,3.09278
202000040709,25,9,2020,7,2,91,91161,1,1,2,7,AUTOROUTE A6,48.69781,2.31445
202000040710,5,12,2020,14,1,59,59017,2,1,1,6,BLUM  (AVENUE LEON),50.6997,2.88845
202000040711,7,2,2020,22,3,63,63033,1,1,1,7,D94,46.004746,3.3746454
202000040712,1,12,2020,18,5,59,59431,2,1,8,6,ARMENTIERES  (RUE D' ),50.69932,2.8521
202000040713,25,9,2020,15,1,92,92036,1,1,3,2,AUTOROUTE A15,48.93795,2.29793
202000040714,4,12,2020,15,1,56,56121,2,6,8,3,BLUM ( BD LEON ),47.74725,-3.37646
202000040715,7,2,2020,18,3,39,39485,1,1,1,7,Saint Julien,46.406002,5.450253
202000040716,25,9,2020,16,1,95,95365,1,1,2,3,RN 104,49.06694,2.401604
202000040717,3,12,2020,15,1,56,56162,2,1,3,1,MOULIN DU TER (RUE DU ),47.73749,-3.40019
202000040718,7,2,2020,17,2,25,25321,1,1,1,4,Les Combottes,47.053502,6.660933
202000040719,25,9,2020,15,1,95,95018,1,1,1,3, A15,48.962861,2.265714
202000040720,2,12,2020,17,2,56,56121,2,6,1,1,FRANCE ( AVE ANATOLE ),47.74557,-3.36799
202000040721,7,2,2020,18,3,35,35018,2,2,1,3,Lieu Dit Belle Place,48.436904,-1.106187
202000040722,25,9,2020,15,1,95,95256,1,1,1,6,RN 184,49.056327,2.204733
202000040723,8,2,2020,15,1,29,29115,1,2,1,1,Lieu-dit Croas Ar Hars,48.294087,-3.912227
202000040724,5,12,2020,10,1,45,45285,2,3,1,6,Rue Charles Beauhaire-rue Bernard million ,47.911538,1.877795
202000040725,25,9,2020,13,1,95,95018,1,1,3,6,A15,48.95957,2.27222
202000040726,25,9,2020,8,2,95,95572,1,1,2,7,A15,49.0324,2.1102
202000040727,5,12,2020,20,5,45,45208,2,2,1,3,Rue Paul Doumer - rue Emile Mengin,48.00363,2.74199
202000040728,8,2,2020,12,1,90,90045,1,1,1,6,D463,47.508885,6.960257
202000040729,5,12,2020,15,1,37,37233,2,1,2,2,POMPIDOU (AVENUE GEORGES),47.379022,0.7136818
202000040730,24,9,2020,21,3,95,95582,1,1,2,2,AUTOROUTE A15,48.9685345,2.2512837
202000040731,5,12,2020,15,1,35,35278,1,6,2,1,Porte de Maurepas,48.142937,-1.663058
202000040732,25,9,2020,10,1,77,77169,1,1,1,-1,RN104,48.824937,2.615744
202000040733,22,1,2020,12,1,07,07213,1,1,2,3,charrus,44.508442,4.138284
202000040734,20,7,2020,21,3,974,97416,1,1,1,6,Ancienne RN1,-21.312625,55.43699
202000040735,5,12,2020,20,5,33,33063,2,2,2,2,AVE DE LAROQUE,44.87404,-0.57604
202000040736,8,2,2020,10,1,28,28378,1,1,2,6,D9,48.281958,0.849316
202000040737,10,3,2020,13,1,62,62427,2,1,1,6,SAINTE HENRIETTE (CITE),50.418164,2.966158
202000040738,5,12,2020,12,1,33,33200,2,9,2,3,AVE PASTEUR / AVE DE L'AIGLON,44.86688,-0.66845
202000040739,6,2,2020,17,1,17,17140,1,2,1,3,Route de la Forêt,45.892069,-1.273883
202000040740,24,9,2020,17,1,976,97611,2,1,1,6,mamoudzou centre-Papaye (square),-12.784421,45.226808
202000040741,7,2,2020,19,3,87,87112,1,9,1,1,Les Thermes,45.68333,1.006547
202000040742,24,9,2020,16,1,974,97416,2,9,1,2,RN3 (3),-21.31792,55.49041
202000040743,8,2,2020,16,1,48,48080,2,7,1,6,1 Quai du Langouyrou,44.726083,3.857006
202000040744,30,11,2020,12,1,29,29019,2,5,1,3,D205 - Boulevard de l’Europe,48.41611,-4.46806
202000040745,24,9,2020,7,1,974,97411,2,1,1,3,BRASSENS (AVENUE GEORGES),-20.90345,55.48792
202000040746,7,2,2020,11,1,987,98734,2,1,1,2,PK 34+600 RT 01,-17.723379,-149.50573
202000040747,24,9,2020,22,5,69,69383,2,2,1,6,BONNAND                             (R ),45.7493441,4.8840069
202000040748,24,9,2020,20,5,69,69383,2,2,1,3,STE MARIE                           (R ),45.75127,4.89389
202000040749,24,9,2020,13,1,972,97209,2,9,1,3,GEORGES GRATIANT (AVENUE),14.6125,-61.04076
202000040750,5,12,2020,14,1,27,27681,2,3,2,3,LE TELLIER (RUE PIERRE),49.08663,1.4883
202000040751,22,9,2020,16,1,972,97209,2,2,1,3,LEOPOLD SEDAR SENGOR (AVENUE),14.61359,-61.04679
202000040752,23,9,2020,23,5,69,69384,2,9,1,5,JOSEPH GILLET                       (QU),45.7758664,4.8103566
202000040753,5,11,2020,16,1,22,22113,1,1,1,6,KER AN FAOUT (CHEMIN DE),48.76466,-3.47885
202000040754,23,9,2020,20,5,2A,2A004,2,8,1,3,NAPOLEON COURS APRES BEVERINI,41.9258852,8.7382346
202000040755,17,9,2020,20,1,95,95585,2,1,1,1,DIVISION LECLERC (AVENUE DE LA),48.98659,2.37202
202000040756,5,12,2020,16,1,13,13117,2,1,1,4,Route Departementale 113,43.433116,5.257043
202000040757,24,9,2020,14,1,91,91549,2,1,8,3,RD 117,48.643978,2.334405
202000040758,5,12,2020,14,1,13,13002,2,1,8,1,DES TERMES (ROUTE) RD 908,43.3679179,5.5254487
202000040759,23,9,2020,17,1,91,91645,2,4,2,7,COTEAUX (RUE DES),48.73886,2.24385
202000040760,5,12,2020,15,1,13,13209,2,1,1,3,ROMAIN ROLLAND (BOULEVARD),43.27372,5.41388
202000040761,19,9,2020,11,1,89,89387,2,1,1,3,VOULX (ROUTE DE),48.19783,3.26524
202000040762,5,12,2020,13,1,13,13203,2,1,1,5,PLOMBIERES (BOULEVARD DES),43.31866,5.37939
202000040763,22,9,2020,9,1,87,87085,2,2,1,3,CHURCHILL WINSTON (PLACE),45.83264,1.25187
202000040764,5,12,2020,14,1,13,13005,2,1,8,1,SAINT JEAN DE GARGUIER (CHEMIN),43.30475,5.60243
202000040765,23,9,2020,7,2,86,86066,1,6,1,3,Le Pautron,46.785895,0.546857
202000040766,18,11,2020,11,1,13,13004,2,4,1,3,RUE MIREILLE,43.6745,4.63853
202000040767,23,9,2020,14,1,84,84007,2,1,1,-1,C.De GAULLE (Rocade),43.92937,4.81693
202000040768,25,9,2020,0,5,82,82033,2,1,2,6,MARECHAL LECLERC (AVENUE DU) ,44.05039,1.10184
202000040769,4,12,2020,16,1,09,09225,2,1,1,4,FOIX AVENUE DE,43.1007989,1.6231955
202000040770,24,9,2020,16,1,78,78029,2,1,2,6,GARE (RUE DE LA),48.97182,1.84859
202000040771,24,9,2020,17,1,77,77258,2,3,2,2,BRIE VPO (ROUTE DE LA BRIE),48.83887,2.62625
202000040772,4,12,2020,15,1,01,01289,1,2,1,5,Route de Lent,46.16486,5.22075
202000040773,24,9,2020,15,1,77,77083,2,1,2,1,ALBERT SCHWEITZER (RUE),48.85417,2.5774
202000040774,5,12,2020,16,2,75,75116,2,4,1,7,ECHANGEUR MAILLOT,48.876779,2.278831
202000040775,24,9,2020,15,1,77,77506,1,1,2,1,D148,48.31375,2.80201
202000040776,4,12,2020,18,5,75,75118,2,1,2,3,BOULEVARD PERIPHERIQUE,48.900931,2.345297
202000040777,23,9,2020,7,1,76,76540,2,1,1,2,PONT MATHILDE,49.43067,1.10206
202000040778,5,12,2020,10,1,75,75120,2,1,8,3,RUE D AVRON,48.852212,2.403393
202000040779,23,9,2020,15,1,76,76351,2,1,1,6,VALLEE (RUE DE LA),49.4981,0.1612
202000040780,23,9,2020,18,1,74,74281,2,1,1,-1,GENEVE (AVE DE) JUSQUE CROISEE ANTHY,46.3545624,6.4456523
202000040781,23,9,2020,7,2,74,74012,2,1,2,3,ARVE (QUAI D'),46.18404,6.22984
202000040782,23,9,2020,18,1,72,72181,2,1,2,3,BOLLEE (AV) N° PAIRS 64 A 146,48.00201,0.20896
202000040783,22,9,2020,12,1,69,69275,2,1,1,6,ALSACE (D')                         (R ),45.7677,4.95564
202000040784,5,12,2020,14,1,75,75115,2,3,1,3,BOULEVARD GARIBALDI,48.84779,2.302494
202000040785,24,9,2020,7,1,69,69266,2,1,8,3,CONDORCET    (Avenue),45.77736,4.86705
202000040786,23,9,2020,16,1,69,69275,2,1,1,6,EMILE ZOLA                          (R ),45.76398,4.95618
202000040787,23,9,2020,15,1,66,66136,2,1,1,6,SAINT-ASSISCLE (BOULEVARD DE),42.69771,2.87802
202000040788,23,8,2020,7,2,62,62250,2,1,1,6,GARE D'HARNES (R DE LA),50.445648,2.920024
202000040789,17,8,2020,12,1,62,62628,2,1,1,3,RD 262,50.43264,2.86556
202000040790,18,9,2020,13,1,62,62643,2,4,1,6,ROUTE DE LE PORTEL,50.706693,1.579912