Num_Acc,jour,mois,an,hr,condition_eclairage,departement,commune,condition_agglomeration,intersection,condition_atmosphere,type_collision,adresse,lattitude,longitude
202000040791,23,9,2020,10,1,56,56185,1,1,8,6,RN 165,47.77098,-3.37816
202000040792,23,9,2020,8,2,56,56121,2,3,2,2,KERGUESTENEN (RUE  DE ),47.75141,-3.39289
202000040793,23,9,2020,8,1,54,54395,2,4,1,6,POINCARE (RUE RAYMOND 31-32 A FIN),48.6910312,6.1751774
202000040794,22,9,2020,4,5,50,50129,2,3,1,6,TOUR CARREE (RUE),49.64095,-1.62307
202000040795,23,9,2020,12,1,49,49007,2,2,1,3,MAINE,47.47833,-0.54697
202000040796,21,9,2020,16,1,45,45004,2,1,1,2,Rue Raymond Tellier,47.97344,2.76839
202000040797,23,9,2020,18,1,44,44114,1,1,1,-1,Route de Basse Indre,47.26721,-1.62207
202000040798,18,9,2020,15,1,44,44109,2,1,1,6,Boulevard Pasteur,47.21272,-1.58104
202000040799,18,9,2020,12,1,37,37261,2,2,1,3,MALRAUX (QUAI ANDRE),47.3975083,0.6994517
202000040800,4,12,2020,13,1,75,75115,2,2,1,6,RUE DE LA CROIX NIVERT,48.845948,2.298703
202000040801,24,9,2020,17,1,35,35238,2,1,1,6,CANADA (AVENUE DU),48.085471,-1.682294
202000040802,24,9,2020,14,1,35,35238,1,9,2,4,RN136 porte de Lorient,48.111,-1.7181
202000040803,24,9,2020,17,1,33,33063,2,1,3,3,RUE DE LA BENAUGE,44.8395793,-0.5585347
202000040804,24,9,2020,17,1,33,33063,2,1,1,6,RUE LAJAUNIE,44.85448,-0.54389
202000040805,24,9,2020,9,1,33,33318,2,6,2,7,AVE DU GENERAL LECLERC,44.78615,-0.68133
202000040806,22,9,2020,13,1,31,31555,2,1,1,6,CHE DU CHATEAU DE L HERS,43.60148,1.48258
202000040807,24,9,2020,23,5,30,30189,2,1,2,-1,TRIAIRE SERGENT (BOULEVARD),43.82588,4.35559
202000040808,24,9,2020,21,5,29,29232,2,1,3,6,Rue du Frugy,47.98812,-4.10553
202000040809,5,12,2020,18,5,75,75113,2,3,2,6,RUE DE TOLBIAC,48.825955,2.352772
202000040810,24,9,2020,7,5,29,29019,2,3,2,1,Rue Marcellin Duval,48.4144412,-4.4868042
202000040811,5,12,2020,16,5,75,75113,2,1,2,6,RUE PINEL,48.834264,2.358857
202000040812,24,9,2020,8,2,22,22278,2,6,3,-1,71° RI (DU),48.510877,-2.759189
202000040813,3,12,2020,22,5,75,75112,2,3,2,6,RUE DU FAUBOURG SAINT ANTOINE,48.849679,2.387352
202000040814,5,12,2020,17,5,75,75103,2,1,2,6,RUE VIEILLE DU TEMPLE,48.859129,2.359437
202000040815,19,9,2020,15,1,22,22106,2,3,1,3,EIFFEL (RUE GUSTAVE),48.50038,-2.73598
202000040816,5,12,2020,9,2,75,75103,2,2,1,-1,RUE REAUMUR,48.865974,2.353779
202000040817,24,9,2020,17,1,17,17300,2,1,3,6,GRASSET   AVENUE EDMOND (159),46.16412,-1.17506
202000040818,7,11,2020,15,1,94,94081,2,1,1,3,HENRI BARBUSSE (AV),48.79277,2.39064
202000040819,5,12,2020,13,1,94,94073,2,1,1,6,Boulevard du Nord,48.7593049,2.3710643
202000040820,23,9,2020,16,1,16,16015,2,1,1,1,PERGAUD (RUE LOUIS),45.64129,0.13169
202000040821,5,12,2020,14,1,94,94002,2,3,1,6,LATERAL (CHE),48.8147,2.41667
202000040822,22,9,2020,12,1,14,14366,1,3,1,3,LIVAROT (CD579 ROUTE DE),49.130068,0.225121
202000040823,4,12,2020,19,5,94,94002,2,2,2,3,BLANQUI (QU),48.79819,2.42042
202000040824,24,9,2020,17,1,13,13117,2,6,2,3,LA BASTIDE BLANCHE CD 9,43.4311253,5.2655217
202000040825,19,9,2020,4,5,13,13209,2,1,1,3,LA PUGETTE (BOULEVARD),43.268212,5.400336
202000040826,4,12,2020,23,5,93,93066,2,2,2,3,WILSON (AVENUE DU PRESIDENT),48.9065415,2.3587832
202000040827,5,12,2020,19,5,93,93031,2,1,2,6,RTE DE SAINT LEU,48.95303,2.33677
202000040828,24,9,2020,18,1,13,13214,2,3,8,3,SAINTE MARTHE (chemin),43.34362,5.385347
202000040829,5,12,2020,17,5,92,92073,2,1,3,3,DUCLAUX (RUE EMILE),48.8779258,2.2340123
202000040830,24,9,2020,15,1,13,13208,2,2,8,3,ROUET (RUE DU),43.2761821,5.3948826
202000040831,5,12,2020,11,1,92,92035,2,1,8,6,Aigle ( rue de l' ),48.9033333,2.2443491
202000040832,24,9,2020,14,1,13,13202,2,1,1,6,CAMILLE PELLETAN (AVENUE),43.3038352,5.3736823
202000040833,24,9,2020,13,1,13,13212,2,1,1,3,24 AVRIL 15 (AVENUE DU),43.3078,5.429
202000040834,5,12,2020,11,1,92,92060,2,9,1,3,LEON BLUM (AVENUE) (RD 75),48.77489,2.25476
202000040835,24,9,2020,6,5,13,13213,2,1,1,6,ALBERT EINSTEIN (RUE),43.339255,5.439155
202000040836,4,12,2020,22,5,92,92012,2,2,1,1,MEUDON (RUE DE) - COTE PAIR,48.82552,2.24193
202000040837,24,9,2020,6,2,13,13075,2,1,1,6,MARIUS MASSE (BD),43.36214,5.46396
202000040838,23,9,2020,20,5,13,13205,2,1,1,3,SAINT JEAN DU DESERT (CHEMIN),43.2936,5.407
202000040839,23,9,2020,14,1,13,13047,1,1,1,5,AVENUE DE LA CRAU,43.591955,4.94033
202000040840,23,9,2020,11,1,13,13047,2,1,1,6,FREDERIC MISTRAL BOULEVARD,43.514753,4.989059
202000040841,5,12,2020,17,3,2A,2A071,1,1,3,1,Celaccia,41.739761,8.927904
202000040842,23,9,2020,14,1,13,13005,1,3,1,3,RD 43 C,43.30562,5.59217
202000040843,5,12,2020,14,1,83,83057,1,1,2,3,A8,43.406419,6.189165
202000040844,6,12,2020,16,1,974,97412,2,1,1,1,Chemin de Cap Blanc,-21.31126,55.639999
202000040845,4,12,2020,17,3,51,51093,1,1,1,7,D951,48.990194,3.887669
202000040846,6,12,2020,4,3,60,60102,1,1,2,6,D200,49.3114687,2.549899
202000040847,20,9,2020,3,3,12,12174,1,1,3,6,RN88 (ROCADE),44.334157,2.554897
202000040848,6,12,2020,4,3,80,80637,1,1,1,6,D40,50.140028,1.76396
202000040849,23,11,2020,19,5,80,80282,2,3,1,6,Rue de la Gatelette,50.052902,1.876618
202000040850,24,9,2020,12,1,06,06088,2,1,1,2,MERCANTOUR (BD),43.713741,7.18718
202000040851,25,9,2020,0,3,06,06069,2,1,1,7,BASSES RIBES (CHEMIN DES),43.650992,6.908899
202000040852,2,12,2020,14,1,89,89378,1,2,1,1,D957,47.507853,3.934886
202000040853,5,12,2020,18,3,42,42136,1,1,1,7,Route de Saint Bonnet,45.696828,3.978682
202000040854,24,9,2020,19,2,01,01344,2,1,2,6,TREVOUX (AVENUE DE),46.20033,5.19503
202000040855,6,12,2020,6,3,34,34332,1,9,1,6,D612,43.310382,3.402285
202000040856,23,9,2020,17,1,75,75118,2,1,1,3,BOULEVARD PERIPHERIQUE,48.900899,2.361608
202000040857,23,9,2020,18,1,75,75119,2,1,8,2,BOULEVARD PERIPHERIQUE,48.882809,2.400819
202000040858,6,12,2020,6,5,44,44005,1,1,1,6,D751,47.115584,-1.950942
202000040859,24,9,2020,19,5,75,75112,2,1,3,2,BOULEVARD PERIPHERIQUE EXTERIEUR SUD,48.835917,2.412257
202000040860,5,12,2020,8,1,84,84052,1,1,2,6,D 956 PK 9 + 500,43.768971,5.604637
202000040861,24,9,2020,18,1,75,75119,2,1,2,6,RUE CURIAL,48.892577,2.372796
202000040862,5,12,2020,13,1,90,90097,2,1,1,7,D437,47.572476,6.860796
202000040863,24,9,2020,15,1,75,75119,2,4,2,3,AVENUE SIMON BOLIVAR,48.875989,2.381313
202000040864,23,9,2020,23,5,75,75118,2,3,2,6,RUE ORDENER,48.892041,2.346964
202000040865,24,9,2020,19,2,75,75117,2,2,2,7,AVENUE DE CLICHY,48.889713,2.321714
202000040866,24,9,2020,8,1,75,75117,2,5,1,3,AVENUE DE VILLIERS,48.883065,2.308348
202000040867,5,12,2020,2,3,53,53165,1,1,1,7,Grugé,47.844561,-1.011477
202000040868,9,1,2020,17,5,2B,2B042,2,1,1,6,28 Rue des Alouettes,42.550796,9.442236
202000040869,24,9,2020,2,5,75,75116,2,7,1,2,PLACE DE LA PORTE MAILLOT,48.878196,2.281148
202000040870,6,12,2020,16,1,04,04004,1,1,1,6,Ch du Vallon de Pinet,43.807534,6.010809
202000040871,9,1,2020,13,1,84,84078,1,9,1,3,Quartier les genestes,44.242394,4.734616
202000040872,8,1,2020,17,3,06,06157,2,1,1,3,1055 Avenue Rhin et Danube,43.725307,7.094304
202000040873,24,9,2020,9,1,75,75115,2,3,1,6,RUE DE JAVEL,48.844441,2.284671
202000040874,6,12,2020,4,3,85,85095,1,1,8,6,Le Rorthais,46.856244,-1.762555
202000040875,8,1,2020,18,3,04,04245,2,1,1,6,RD 4096 Av des Farigoules num 402,43.8753039,5.8435267
202000040876,22,9,2020,22,5,75,75115,2,7,1,-1,RUE LINOIS,48.849164,2.281788
202000040877,24,9,2020,19,1,35,35210,1,1,1,3,Lieu dit Beauséjour,48.163252,-1.770644
202000040878,5,12,2020,17,3,68,68278,1,1,1,6,Rue de Zimmersheim,47.728182,7.380624
202000040879,5,1,2020,14,1,13,13022,1,1,1,7,CD 59 A,43.224466,5.551686
202000040880,24,9,2020,19,3,75,75114,2,1,2,4,BOULEVARD PERIPHERIQUE,48.820927,2.321828
202000040881,6,12,2020,18,3,13,13018,1,1,1,2,A7 - Pk 202+000 - Sens S/N,43.871416,4.956894
202000040882,8,1,2020,12,1,71,71024,1,2,2,2,D982,46.2956083,4.0402719
202000040883,24,9,2020,19,2,75,75113,2,5,2,6,BOULEVARD DE L HOPITAL,48.836569,2.359296
202000040884,5,12,2020,12,1,971,97117,1,1,1,1,Chemin Departemental 117 de Ste Marie d'Arles,16.3022398,-61.3286448
202000040885,8,1,2020,9,1,74,74018,1,1,7,1,D19,46.095994,6.341783
202000040886,24,9,2020,16,1,75,75112,2,1,1,6,PASSAGE DRIANCOURT,48.849327,2.38065
202000040887,6,12,2020,15,1,971,97131,2,1,1,6,Rue du Fort Napoleon,15.8727892,-61.5818593
202000040888,7,1,2020,11,1,85,85222,2,6,8,3,Avenue de la Liberté,46.692359,-1.925922
202000040889,24,9,2020,19,5,75,75111,2,1,2,3,RUE ALEXANDRE DUMAS,48.854087,2.39498
202000040890,3,1,2020,18,3,44,44215,2,6,2,6,Route du vignoble - Rue des Rochais,47.175953,-1.500351
202000040891,8,1,2020,8,5,56,56176,2,1,2,6,11 Rue de Lann Guerban,47.681748,-2.961703
202000040892,6,12,2020,13,1,95,95254,1,1,1,1,CD 28,49.125118,1.982174
202000040893,24,9,2020,19,5,75,75111,2,2,3,6,BOULEVARD VOLTAIRE,48.863767,2.370111
202000040894,9,1,2020,8,1,22,22198,1,1,8,1,5 Route de Trégastel,48.7799176,-3.488302
202000040895,9,1,2020,19,3,35,35012,1,2,3,5,Les Riais,47.845847,-1.663585
202000040896,4,12,2020,11,1,66,66065,1,1,2,2,D914,42.616144,2.978966
202000040897,9,1,2020,14,1,76,76578,1,2,2,3,D1,49.6524,1.427647
202000040898,24,9,2020,0,5,75,75111,2,2,8,3,RUE FAIDHERBE,48.8525,2.3832
202000040899,24,9,2020,14,1,75,75118,2,4,2,3,RUE CUSTINE,48.889325,2.344683
202000040900,2,1,2020,11,1,62,62444,2,2,1,3,Hameau de Rameseau,50.891035,1.735872
202000040901,4,12,2020,18,3,30,30258,1,1,2,1,RD 6572,43.669688,4.384704
202000040902,6,12,2020,12,1,13,13109,1,1,1,6,RD7N,43.509941,5.5033826
202000040903,30,11,2020,7,2,57,57061,2,1,1,6,rue de la gare,49.137824,6.828609
202000040904,8,1,2020,8,1,91,91161,1,1,8,3,AUTOROUTE A6,48.7010819,2.3096852
202000040905,24,9,2020,8,1,75,75110,2,2,1,6,BOULEVARD DE STRASBOURG,48.871019,2.355219
202000040906,28,7,2020,7,1,75,75117,2,1,1,3,ECHANGEUR SAINT OUEN,48.900488,2.322065
202000040907,24,9,2020,8,1,75,75108,2,2,1,3,AVENUE DE FRIEDLAND,48.874398,2.30107
202000040908,8,1,2020,8,1,78,78007,1,1,1,4,A13W,48.89531,2.00713
202000040909,5,12,2020,15,1,13,13216,1,1,1,7,A55-Sens Martigues vers Marseille,43.3510396,5.3477453
202000040910,27,7,2020,23,5,75,75119,2,1,1,2,AVENUE DE FLANDRE,48.885413,2.370565
202000040911,22,9,2020,11,1,75,75108,2,2,1,3,RUE CAMBACERES,48.874197,2.317509
202000040912,4,12,2020,22,3,13,13005,1,1,2,4,A50-Sens Marseille vers Aubagne,43.287515,5.542517
202000040913,28,7,2020,19,1,75,75118,2,4,1,6,BOULEVARD DE CLICHY,48.883421,2.334305
202000040914,24,9,2020,2,5,75,75102,2,3,8,7,RUE DAUNOU,48.869991,2.330523
202000040915,4,12,2020,14,1,13,13015,1,1,1,4,A51-Sens Aix en Provence vers Marseille,43.461,5.405
202000040916,7,1,2020,18,3,78,78073,1,1,1,4,A12 Y,48.80247,2.0474
202000040917,24,9,2020,6,2,75,75102,2,2,1,6,RUE D ABOUKIR,48.86788,2.347371
202000040918,7,1,2020,20,3,95,95018,1,1,1,6,AUTOROUTE A15,48.96295,2.26829
202000040919,7,1,2020,16,1,92,92078,1,1,1,7,AUTOROUTE A86,48.93044,2.3244
202000040920,24,9,2020,20,5,94,94044,2,3,2,3,VERDUN (AV DE),48.74971,2.48101
202000040921,28,7,2020,6,2,75,75118,2,2,1,3,RUE DOUDEAUVILLE,48.888475,2.353567
202000040922,28,7,2020,9,1,75,75117,2,2,1,6,RUE POUCHET,48.891559,2.318476
202000040923,28,7,2020,9,1,75,75117,2,7,1,3,PLACE DU MARECHAL JUIN,48.885308,2.296911
202000040924,24,9,2020,14,1,94,94068,2,4,3,3,REMISES (R DES),48.804113,2.47173
202000040925,1,12,2020,17,3,13,13210,1,1,1,4,A50-Sens Marseille vers Aubagne,43.282624,5.39542
202000040926,7,1,2020,5,3,92,92036,1,1,1,5,AUTOROUTE A15,48.94588,2.28321
202000040927,28,7,2020,20,1,75,75116,2,5,8,3,CHAUSSEE LA MUETTE,48.858155,2.272624
202000040928,5,12,2020,18,3,33,33013,1,1,2,3,ROUTE NATIONALE 230,44.85435,-0.5054
202000040929,24,9,2020,20,5,94,94041,2,3,2,1,REPUBLIQUE (AV DE LA),48.80243,2.39735
202000040930,28,7,2020,21,5,75,75115,2,7,1,3,PLACE DUPLEIX,48.850664,2.295628
202000040931,24,9,2020,17,1,94,94041,2,1,8,6,STALINGRAD (BD DE),48.80305,2.37801
202000040932,28,7,2020,17,1,75,75115,2,4,1,2,RUE DE LA CONVENTION,48.838071,2.294593
202000040933,24,9,2020,11,1,94,94041,2,1,1,3,DANIELLE CASANOVA (AV),48.81318,2.38552
202000040934,7,1,2020,1,3,92,92036,1,1,1,6,AUTOROUTE A86,48.93259,2.32197
202000040935,23,7,2020,21,2,75,75114,2,1,1,3,BOULEVARD ARAGO,48.834484,2.33402
202000040936,5,12,2020,17,3,91,91340,1,1,2,4,AUTOROUTE A6,48.60208,2.43809
202000040937,8,1,2020,20,5,94,94017,1,1,1,3,A4,48.8271602,2.5103399
202000040938,28,7,2020,18,1,75,75113,2,3,1,2,RUE DE TOLBIAC,48.826065,2.355204
202000040939,5,12,2020,0,3,92,92036,1,1,2,6,A86,48.9357475,2.2624784
202000040940,25,8,2020,0,5,94,94046,2,2,2,2,REPUBLIQUE (AV DE LA),48.80582,2.440987
202000040941,28,7,2020,18,1,75,75110,2,4,1,-1,BOULEVARD DE MAGENTA,48.873182,2.358843
202000040942,22,9,2020,23,5,94,94041,2,9,1,3,VERDUN (AV DE),48.809,2.373
202000040943,6,1,2020,14,1,92,92023,2,1,1,2,HENRI BARBUSSE (AVENUE),48.810793,2.258344
202000040944,4,12,2020,19,3,78,78073,1,1,2,4,N12Y,48.796935,2.021897
202000040945,28,7,2020,3,5,75,75108,2,7,1,3,PONT DE L ALMA,48.864525,2.301327
202000040946,6,1,2020,19,3,973,97302,2,1,1,6,BADUEL (ROUTE DE),4.9320804,-52.3077536
202000040947,5,12,2020,1,3,93,93064,1,1,1,6,AUTOROUTE A86,48.89891,2.46926
202000040948,28,7,2020,10,1,75,75116,2,2,1,6,AVENUE PAUL DOUMER,48.858323,2.274938
202000040949,6,1,2020,16,1,973,97302,2,1,1,1,BADUEL (ROUTE DE),4.9343893,-52.3114443
202000040950,4,12,2020,23,3,95,95582,1,1,1,6, A15,48.9639519,2.2631139
202000040951,20,9,2020,0,3,94,94073,1,1,8,2,RN 186,48.7730954,2.4014654
202000040952,27,7,2020,22,5,75,75108,2,2,1,-1,BOULEVARD HAUSSMANN,48.875033,2.309191
202000040953,7,1,2020,7,1,973,97302,1,3,1,3,MADELEINE (ROUTE DE LA),4.9114501,-52.3214436
202000040954,22,9,2020,8,1,94,94033,2,9,1,3,MARAIS (R DES),48.8581163,2.491807
202000040955,28,7,2020,8,1,75,75107,2,7,1,6,QUAI D ORSAY,48.862793,2.31166
202000040956,4,12,2020,20,3,60,60138,1,1,2,4,AUTOROUTE A1,49.21514,2.62636
202000040957,24,9,2020,9,1,94,94017,2,1,1,3,GENERAL DE GAULLE (AV DU),48.82719,2.51447
202000040958,28,7,2020,9,1,75,75104,2,7,1,3,PLACE DU CHATELET,48.857181,2.347331
202000040959,7,1,2020,20,5,69,69259,2,3,1,6,PIERRE SEMARD                       (AV),45.70618,4.87792
202000040960,24,9,2020,10,1,94,94004,2,9,1,3,GENERAL LECLERC (AV DU),48.749812,2.508086
202000040961,5,12,2020,2,3,94,94017,1,1,2,6,A4,48.82692,2.52353
202000040962,27,7,2020,18,1,94,94068,2,1,1,-1,BAC (AV DU),48.79684,2.50561
202000040963,25,7,2020,23,5,94,94052,2,1,2,7,CHARLES DE GAULLE (GRAND RUE),48.83642,2.47816
202000040964,3,10,2020,18,1,974,97416,2,1,1,6,HUBERT DE LISLE(BOULEVARD),-21.34379,55.47751
202000040965,6,1,2020,16,1,2B,2B033,1,3,1,6,CARDO - RT INFERIEURE DE,42.69389,9.43963
202000040966,23,9,2020,14,1,94,94071,2,2,8,3,CHARLES DE GAULLE (R),48.7657,2.5336
202000040967,28,7,2020,16,1,94,94046,2,1,1,3,JEAN JAURES (R),48.78818,2.43512
202000040968,12,8,2020,10,1,87,87085,1,1,1,6,AUTOROUTE A20,45.90875,1.29231
202000040969,24,9,2020,20,5,93,93048,2,1,2,3,FRANKLIN (RUE),48.8620446,2.4436183
202000040970,28,7,2020,14,1,94,94041,2,9,1,6,MAURICE GUNSBOURG (R),48.81224,2.40469
202000040971,7,1,2020,12,1,2A,2A004,2,3,8,3,NAPOLEON III AVENUE PAIR,41.9257673,8.7344008
202000040972,28,7,2020,10,1,94,94021,2,1,1,1,HELENE BOUCHER (R),48.76977,2.336951
202000040973,25,8,2020,16,1,83,83144,2,1,1,6,LAVOISIER (AVE / IMP),43.13701,6.00025
202000040974,24,9,2020,15,1,93,93046,2,2,2,3,CARNOT ALLEE,48.9104472,2.524547
202000040975,28,7,2020,22,5,94,94028,2,9,1,6,BROSSOLETTE(AVENUE PIERRE),48.7934,2.4611
202000040976,30,9,2020,10,1,68,68256,2,1,1,6,RICHWILLER (RUE DE),47.77451,7.29464
202000040977,24,9,2020,17,2,93,93079,2,8,2,-1,DIVISION LECLERC (AV),48.9547623,2.3438819
202000040978,27,7,2020,17,1,94,94028,2,1,1,6,BROSSOLETTE(AVENUE PIERRE),48.79032,2.46337
202000040979,28,7,2020,8,1,94,94022,2,9,1,7,STALINGRAD (BD DE),48.77142,2.401048
202000040980,7,1,2020,16,1,91,91421,2,1,1,-1,REPUBLIQUE (AVENUE DE LA),48.70028,2.46758
202000040981,29,9,2020,9,1,44,44162,2,1,5,6,BOULEVARD MARCEL PAUL,47.22372,-1.63901
202000040982,24,9,2020,7,2,93,93031,2,3,1,6,MARNE (AVENUE DE LA),48.9582882,2.3255578
202000040983,6,1,2020,14,1,91,91021,2,4,1,3,VERDUN (AVENUE DE),48.58452,2.2443
202000040984,28,7,2020,18,1,94,94071,2,3,1,3,18 R MAURICE BERTEAUX,48.773816,2.517272
202000040985,28,9,2020,10,1,44,44162,2,1,1,4,BOULEVARD SALVADOR ALLENDE,47.218,-1.61523
202000040986,27,7,2020,8,1,93,93066,2,1,1,6,FAURE FELIX (BOULEVARD),48.9386573,2.3587509
202000040987,7,1,2020,14,1,83,83069,2,1,1,6,MILLET (AVENUE ERNEST),43.118,6.127
202000040988,24,9,2020,7,1,93,93030,2,2,1,3,CROIZAT (AVENUE AMBROISE),48.95641,2.41604
202000040989,28,7,2020,19,1,93,93064,2,1,7,6,PERI (BOULEVARD GABRIEL) 39 / 44 - FIN,48.878494,2.4730082
202000040990,26,2,2020,9,5,92,92044,2,2,1,7,BAUDIN (RUE) 27A83 ET 36 A84,48.895966,2.277222
202000040991,6,1,2020,17,3,83,83069,1,1,1,1,ROUTE DEPARTEMENTALE 12,43.20544,6.13623
202000040992,28,7,2020,13,1,93,93074,2,1,1,2,R ALEXANDRE BOUCHER,48.93306,2.56707
202000040993,24,9,2020,17,1,93,93057,2,2,8,3,AV ARISTIDE BRIAND / ALL EMILE ZOLA,48.9091815,2.5033215
202000040994,28,7,2020,12,1,93,93063,2,1,1,3,AV GASTON ROUSSEL,48.8935,2.43676
202000040995,7,1,2020,18,5,77,77284,2,2,1,6,BRIAND (RUE ARISTIDE) - D405,48.9562387,2.8821228
202000040996,5,12,2020,2,3,988,98818,2,1,1,6,LEVESQUE (RUE EUGENE),-22.2324,166.46176
202000040997,27,7,2020,18,1,93,93006,2,1,1,6,BROSSOLETTE PIERRE,48.87,2.4269
202000040998,3,12,2020,17,1,988,98818,2,1,1,5,VE1 SENS SUD/NORD,-22.2333,166.4577
202000040999,28,7,2020,0,5,93,93014,2,9,1,4,GAGARINE (BOULEVARD),48.90488,2.54625
202000041000,24,9,2020,9,1,93,93010,2,1,1,4,GALLIENI (AV.) DE 111 A 175,48.9063808,2.482796
202000041001,6,1,2020,7,5,74,74012,2,3,1,3,ARVE (QUAI D'),46.18526,6.22591
202000041002,5,12,2020,1,5,974,97416,2,9,1,6,Boulevard Bank,-21.331273,55.476762
202000041003,28,7,2020,8,1,93,93001,2,1,1,6,CHARRON (RUE),48.9146,2.38424
202000041004,24,9,2020,15,1,93,93001,2,1,2,2,CHARRON (RUE),48.9146136,2.3842933
202000041005,6,1,2020,9,1,71,71499,2,1,1,6,Rue Jean Zay,46.6486952,4.3000788
202000041006,4,12,2020,6,1,974,97416,2,1,1,1,ANCIENNE RN 1,-21.31736,55.4431
202000041007,28,7,2020,17,1,92,92072,2,1,1,3,EUROPE (AVENUE DE L'),48.82322,2.2098
202000041008,6,1,2020,15,1,71,71306,2,1,1,7,N70/E607,46.6904526,4.3692202
202000041009,28,7,2020,11,1,92,92044,2,1,1,7,PDT WILSON(RUE)107A131 ET 110A130,48.8970392,2.2860414
202000041010,4,12,2020,10,1,974,97407,2,3,1,3,ROUTE DU SACRE COEUR,-20.95689,55.3139
202000041011,24,9,2020,17,1,92,92075,2,2,8,3,PIERRE BROSSOLETTE (AVENUE),48.8198315,2.3107807
202000041012,4,12,2020,12,1,973,97302,2,1,1,2,MADELEINE (ROUTE DE LA),4.93184,-52.32653
202000041013,6,1,2020,17,2,71,71153,2,3,1,3,Rue Maréchal Foch,46.8035344,4.4523673
202000041014,24,9,2020,20,5,92,92076,2,2,2,3,LA CELLE SAINT CLOUD,48.8447398,2.1731263
202000041015,28,7,2020,12,1,92,92036,2,1,1,3,LOUISE MICHEL (PAIRS),48.922196,2.320096
202000041016,4,12,2020,8,1,69,69383,2,1,8,7,MARECHAL DE SAXE                    (AV),45.7633541,4.8450083
202000041017,26,7,2020,2,5,92,92024,2,1,1,3,GENNEVILLIERS (PONT DE),48.9120745,2.3116614
202000041018,24,9,2020,20,5,92,92064,2,1,2,7,MONT VALERIEN,48.85277,2.21614
202000041019,7,1,2020,15,1,69,69029,2,9,7,6,PARC (DU)                           (R ),45.7303483,4.8913554
202000041020,4,12,2020,7,2,69,69383,2,2,2,3,DOCTEUR LONG (DU)                   (CO),45.7510054,4.889133
202000041021,6,1,2020,11,1,69,69290,1,6,1,3,GRENOBLE (DE)  -  RN 6              (RO),45.71827,4.95484
202000041022,24,9,2020,12,1,92,92064,2,1,2,6,MARECHAL FOCH,48.847946,2.205362
202000041023,28,7,2020,16,1,60,60609,1,1,1,7,D501,49.458571,1.957283
202000041024,4,1,2020,11,2,66,66136,1,1,1,-1,SAUVY (ALFRED),42.670545,2.859106
202000041025,4,12,2020,15,1,972,97213,1,1,1,7,ROUTE DEPARTEMENTALE 3,14.6175,-60.99522
202000041026,24,9,2020,18,5,75,75116,2,2,3,3,PUTEAUX (PONT DE),48.876165,2.24628
202000041027,28,7,2020,19,1,86,86190,1,9,1,2,N147,46.373753,0.759687
202000041028,3,12,2020,19,3,972,97213,1,1,1,3,ROUTE DEPARTEMENTALE 14,14.62264,-61.01887
202000041029,4,1,2020,19,1,66,66136,2,1,1,3, DALBIEZ (AVENUE VICTOR),42.68776,2.8826
202000041030,23,9,2020,7,2,92,92036,2,8,1,7,BASSIN N°6 (ROUTE DU),48.9430617,2.293978
202000041031,28,7,2020,14,1,86,86092,1,3,1,3,D1,46.928286,0.591073
202000041032,5,1,2020,7,2,66,66136,2,1,1,7,SAUVY (ALFRED),42.67991,2.8978
202000041033,7,1,2020,10,1,64,64445,2,3,1,3,SARAGOSSE DE,43.30735,-0.35525
202000041034,6,1,2020,8,1,64,64024,2,1,5,6,BUTTE AUX CAILLES (ROND POINT DE LA),43.49716,-1.50996
202000041035,23,9,2020,20,5,92,92036,2,3,1,6,GENERAL DE GAULLE (AVENUE) (PAIRS),48.9337691,2.3133904
202000041036,4,12,2020,18,5,69,69081,2,1,2,7,GRANDVAUX (DE)                 CH,45.7733,4.77377
202000041037,28,7,2020,20,1,52,52235,1,1,1,7,"Route Nationale 4, PK 5+500",48.65049,4.848533
202000041038,24,9,2020,20,3,92,92026,2,1,2,3,RÉPUBLIQUE ( DE 82 A FIN ),48.9026581,2.254755
202000041039,4,12,2020,18,5,69,69152,2,1,8,6,EUROPE (DE L')                      (BD),45.70135,4.82223
202000041040,24,9,2020,21,5,92,92012,2,1,2,6,Avenue du General Leclerc,48.8308492,2.2352132
202000041041,3,12,2020,19,5,69,69389,2,1,1,6,CLAIRE (DE LA)                      (R ),45.77852,4.80253
202000041042,27,7,2020,22,3,57,57065,1,1,1,6,D79,48.939393,6.709128
202000041043,24,9,2020,14,1,92,92012,2,1,8,2,GENERAL LECLERC (AVENUE DU) 1/33 - 2/58,48.832799,2.241098
202000041044,4,12,2020,11,1,69,69034,2,1,3,6,CANUTS (DES)                        (BD),45.78296,4.82969
202000041045,24,9,2020,17,1,92,92002,2,1,8,2,DOCTEUR TENINE (AVENUE DU),48.7633641,2.3107589
202000041046,6,1,2020,17,5,57,57463,2,2,5,6,PAIXHANS (BOULEVARD ),49.1224645,6.1829649
202000041047,6,1,2020,16,3,54,54482,2,1,1,3,CARNOT (AVENUE),48.7007985,6.2086762
202000041048,25,9,2020,7,3,14,14251,1,1,2,1,D6,48.972943,-0.443809
202000041049,29,7,2020,0,3,57,57625,1,3,1,3,D674,48.792277,6.487513
202000041050,3,12,2020,16,1,971,97113,2,1,1,6,RN4 - SECTION RIVIERA,16.2179324,-61.4876133
202000041051,6,1,2020,16,1,54,54395,2,1,1,6,ARC (RUE JEANNE D' N,48.6878,6.1706
202000041052,29,7,2020,10,1,41,41296,1,1,1,7,A71,47.644575,1.94345
202000041053,6,1,2020,12,1,54,54547,2,2,1,6,FORET DE HAYE (RUE DE LA),48.6533603,6.1354879
202000041054,28,7,2020,14,1,28,28253,1,1,1,6,Route nationale 10,48.3521,1.440732
202000041055,6,1,2020,15,1,54,54493,2,1,1,6,NONNEL (RUE DE),49.5342,5.8236