Num_Acc,jour,mois,an,hr,condition_eclairage,departement,commune,condition_agglomeration,intersection,condition_atmosphere,type_collision,adresse,lattitude,longitude
202000041056,29,7,2020,15,1,50,50607,1,1,1,7,A84 PR 184+500,48.786453,-1.265337
202000041057,24,9,2020,11,1,86,86111,1,1,2,1,D910,46.864505,0.557395
202000041058,7,1,2020,17,5,51,51454,2,2,1,7,Rue Colbert,49.2566033,4.0330786
202000041059,29,8,2020,15,1,95,95445,1,1,2,3,D64,49.0940347,2.2730792
202000041060,24,9,2020,11,1,10,10003,1,1,1,6,"RD 660, PR n° 24 + 700",48.260802,3.739192
202000041061,6,1,2020,15,1,49,49007,2,1,1,3,MAINE,47.47831,-0.54702
202000041062,24,9,2020,21,3,01,01288,1,1,3,6,D884,46.177409,5.922854
202000041063,24,9,2020,4,3,14,14650,1,1,1,7,RD675 PK 087.650,49.0298,-0.7791
202000041064,22,9,2020,11,1,34,34064,1,1,1,6,A75,43.888738,3.289204
202000041065,6,1,2020,18,5,48,48095,2,1,1,6,PIENCOURT (ALLEE),44.5203989,3.5036773
202000041066,29,7,2020,18,1,83,83092,2,1,1,1,Route de Gonfaron,43.314535,6.269281
202000041067,7,1,2020,7,5,45,45302,1,6,1,3,Rue du Veau,47.93898,1.869446
202000041068,23,7,2020,9,1,62,62452,2,1,1,-1,36 Rue de Saintes,50.695724,2.2817
202000041069,26,7,2020,16,1,51,51549,1,2,1,3,D994,48.9461175,4.7332044
202000041070,28,7,2020,14,1,74,74256,2,6,1,3,Avenue André Lasquin,45.950844,6.63483
202000041071,29,7,2020,17,1,76,76159,2,2,1,3,Avenue de Maximiliansau,49.791651,0.633581
202000041072,21,9,2020,14,1,56,56133,1,1,1,1,Rue des Freres Entremont,47.809955,-2.339181
202000041073,7,1,2020,9,1,44,44184,2,6,2,2,RD 492/BD SARRELOUIS,47.2715427,-2.2497617
202000041074,28,7,2020,19,1,32,32269,1,1,1,6,D151,43.795168,0.826936
202000041075,6,1,2020,17,1,44,44109,1,1,1,3,Bd de la Prairie de Mauves,47.22174,-1.50901
202000041076,29,7,2020,11,1,11,11440,1,2,1,3,D110,43.084914,2.489648
202000041077,24,9,2020,17,1,76,76397,2,1,3,3,65 Route de Newton Longville,49.796912,1.105453
202000041078,6,1,2020,11,1,42,42183,1,1,1,2,RD 201,45.4050115,4.3762949
202000041079,28,7,2020,20,1,63,63448,1,9,1,1,losemont,45.4652966,3.4704484
202000041080,25,9,2020,11,1,65,65231,1,1,3,1,90 Route d'Espagne,43.066858,0.372677
202000041081,7,1,2020,22,5,34,34172,2,9,1,3,LODEVE (ROUTE DE),43.61575,3.82125
202000041082,24,9,2020,18,1,32,32462,1,2,1,4,Au Petit Carlat,43.74808,0.337325
202000041083,7,1,2020,17,2,33,33063,2,6,2,3,ALL DE BOUTAUT / AVE MARCEL DASSAULT,44.87723,-0.576915
202000041084,24,9,2020,21,3,11,11191,1,1,2,6,Route départemantale 613,42.962007,2.570761
202000041085,23,9,2020,15,1,71,71056,2,1,1,6,Rue de la Creusette,46.6434547,5.179501
202000041086,25,9,2020,12,1,42,42274,1,1,1,1,D8,45.9066984,4.0020812
202000041087,24,7,2020,18,1,46,46231,2,3,1,3,7 Rue de la Cale,44.502852,1.137974
202000041088,7,1,2020,18,5,33,33119,2,3,1,3,AVE HUBERT DUBEDOUT / RUE PAUL VALERY,44.84746,-0.50778
202000041089,6,1,2020,8,2,31,31483,1,1,5,2,GAMBETTA (BOULEVARD),43.09738,0.710919
202000041090,28,7,2020,17,1,47,47274,1,3,1,3,D813,44.149396,0.756598
202000041091,28,7,2020,18,1,44,44072,2,1,1,6,Le Bignon d'Hoscas,47.419682,-2.287753
202000041092,25,7,2020,19,1,44,44199,1,1,1,6,Landasson,47.730289,-1.275187
202000041093,29,7,2020,19,2,13,13027,1,3,1,3,rd 34,43.895449,4.8189
202000041094,17,9,2020,8,1,68,68050,1,2,1,3,D32,47.652243,7.046775
202000041095,7,1,2020,16,1,29,29232,2,1,2,7,Route de Brest,47.99931,-4.09166
202000041096,29,7,2020,17,1,13,13017,1,1,1,3,RD 35,43.895623,4.710454
202000041097,7,1,2020,18,3,29,29039,1,1,2,1,RD 783,47.88332,-3.91164
202000041098,6,1,2020,12,1,28,28085,2,1,1,6,COURTILLE (BOULEVARD DE LA),48.44447,1.49629
202000041099,20,9,2020,2,3,22,22344,1,1,1,6,4 Renun,48.33138,-3.488556
202000041100,27,7,2020,14,1,84,84089,2,1,1,5,D973,43.683861,5.484307
202000041101,6,1,2020,15,1,22,22278,2,1,1,2,35 rue de cornouaile,48.5165416,-2.7878451
202000041102,25,9,2020,12,1,25,25190,2,1,1,1,Rue de la Feschotte du Haut,47.506059,6.914253
202000041103,29,7,2020,17,1,03,03146,2,1,1,1,le bourg,46.6758507,3.0521429
202000041104,29,7,2020,9,1,15,15221,1,2,1,1,Puy d'Ytrac,44.905713,2.32672
202000041105,29,7,2020,11,1,66,66052,1,1,1,6,N116,42.6135137,2.4110558
202000041106,28,7,2020,14,1,14,14726,2,3,1,7,4 Rue 11e Div Blindee Britannique,48.853061,-0.676979
202000041107,29,7,2020,19,1,50,50049,1,2,1,3,D130,49.384852,-1.634324
202000041108,29,7,2020,7,1,43,43267,1,4,7,3,D103,45.198528,3.924447
202000041109,6,1,2020,12,1,13,13054,2,1,1,6,LIBERATION (AV DE LA ),43.41899,5.21645
202000041110,25,9,2020,6,5,25,25578,2,1,8,3,31 Grande Rue,47.147831,6.3413
202000041111,6,1,2020,6,1,13,13071,2,9,1,3,VIEILLE ROUTE DE LA GAVOTTE,43.39328,5.34107
202000041112,7,1,2020,22,5,13,13208,2,1,1,7,TUNNEL PRADO SUD,43.27477,5.39459
202000041113,15,8,2020,22,3,44,44048,1,1,1,6,Bois de la Motte,47.374763,-1.240307
202000041114,29,7,2020,18,1,10,10034,2,2,1,6,Avenue du Général Leclerc,48.114828,4.376904
202000041115,7,1,2020,21,5,13,13213,2,1,1,6,POILUS (AVENUE DES),43.3256315,5.4515402
202000041116,15,8,2020,11,1,31,31092,1,1,1,7,Muna,42.899146,0.630995
202000041117,29,7,2020,8,1,21,21684,2,3,1,3,Chemin de la Barretiere,47.025636,4.884553
202000041118,7,1,2020,16,1,13,13002,2,1,1,2,SALVADOR ALLENDE (avenue),43.352732,5.482115
202000041119,25,9,2020,9,1,38,38070,1,1,2,2,D10A,45.28056,5.9208
202000041120,7,1,2020,7,1,13,13208,2,1,1,6,PARADIS (RUE),43.275629,5.384281
202000041121,26,7,2020,19,2,24,24172,1,1,1,1,D47,44.945058,1.053856
202000041122,7,1,2020,7,2,13,13002,2,1,1,6,SALVATORE ALLENDE (BOULEVARD),43.35207,5.47923
202000041123,28,7,2020,16,1,27,27219,2,1,1,1,Rue René Lothon,49.178611,0.866466
202000041124,25,8,2020,13,1,13,13045,1,1,1,2,Route des Palunettes,43.884215,4.791799
202000041125,24,9,2020,15,1,70,70232,1,1,2,2,D56,47.654346,5.996089
202000041126,27,7,2020,9,1,28,28023,1,2,1,3,D106.4,48.522176,1.647305
202000041127,24,9,2020,11,1,26,26357,1,1,1,3,Route de Valreas,44.295934,4.943161
202000041128,29,7,2020,16,1,30,30280,1,1,1,3,D25,43.939069,3.680463
202000041129,29,7,2020,10,1,30,30346,1,3,1,3,La Bégude Poulon (Restaurant),43.960062,4.518403
202000041130,25,9,2020,12,1,72,72064,1,4,1,3,D303,47.859908,0.745139
202000041131,28,7,2020,17,1,88,88461,1,1,7,7,D14,48.180685,5.850123
202000041132,25,9,2020,11,1,60,60063,1,1,3,7,Grande Rue de Vaux,49.37471,2.049927
202000041133,28,7,2020,15,1,45,45189,1,1,1,2,"A19, PK 46+10",48.044295,2.891683
202000041134,7,1,2020,8,1,06,06088,2,1,8,6,VEROLA (AV. AUGUSTE),43.711,7.1937
202000041135,29,7,2020,7,1,65,65010,1,1,1,6,A64,43.19974,0.153492
202000041136,28,7,2020,21,5,978,97801,2,3,1,3,8 Au Rambaud,18.08189,-63.068089
202000041137,6,1,2020,12,1,06,06069,2,9,1,3,SIDI BRAHIM (AVENUE),43.649641,6.932254
202000041138,27,7,2020,23,3,978,97801,1,1,1,1,N7,18.083527,-63.025888
202000041139,27,7,2020,3,3,42,42282,1,1,1,6,A89,45.873368,3.848734
202000041140,7,1,2020,11,1,01,01283,2,6,1,1,MICHELET (RUE DU 40-27 A LA FIN),46.2609822,5.6352967
202000041141,28,7,2020,15,1,57,57419,1,1,1,6,Autoroute A4,49.0731,6.9038
202000041142,1,1,2020,3,5,75,75118,2,1,1,4,BD PERIPHERIQUE INTERIEUR,48.900954,2.3466667
202000041143,23,9,2020,9,1,07,07050,1,3,1,1,Le coussillon,44.41362,4.146856
202000041144,28,7,2020,10,1,69,69077,1,1,1,-1,A6,46.144488,4.768894
202000041145,7,1,2020,13,1,75,75105,2,1,1,3,BOULEVARD DE L HOPITAL,48.840608,2.362278
202000041146,24,9,2020,9,1,24,24011,2,1,2,-1,31 Route de Limoges,45.213696,0.831521
202000041147,7,1,2020,9,1,75,75106,2,1,1,4,RUE DE VAUGIRARD,48.846419,2.32474
202000041148,7,1,2020,17,2,75,75119,2,1,1,3,BOULEVARD MACDONALD,48.897484,2.389714
202000041149,24,9,2020,20,3,85,85006,1,2,1,3,L'Hommelet,46.784781,-1.733034
202000041150,7,1,2020,14,1,75,75118,2,1,8,3,RUE CAULAINCOURT,48.8849999,2.3299399
202000041151,29,7,2020,15,1,60,60172,2,1,1,7,grande rue,49.1433132,2.4681473
202000041152,6,1,2020,18,5,75,75118,2,1,1,2,AVENUE DE LA PORTE DES POISSONNIERS,48.8991529,2.3524114
202000041153,24,9,2020,14,1,17,17256,1,1,2,7,D230,45.855654,-0.480587
202000041154,7,1,2020,19,5,75,75117,2,1,2,6,BOULEVARD DE REIMS,48.8895275,2.2980818
202000041155,6,1,2020,15,1,75,75116,2,5,1,6,AVENUE D IENA,48.8671804,2.2953782
202000041156,25,9,2020,1,3,87,87149,1,1,3,6,D61,46.249243,1.307375
202000041157,6,1,2020,16,1,75,75115,2,1,1,7,BOULEVARD GARIBALDI,48.8470985,2.3039933
202000041158,24,9,2020,22,3,30,30046,1,9,1,6,PK28 RN106 Bretelle de sortie NERS dans le sens Alès vers Nîmes,44.01433,4.156571
202000041159,7,1,2020,17,5,75,75113,2,2,1,6,BOULEVARD MASSENA,48.8188898,2.359541
202000041160,29,7,2020,10,1,33,33199,2,1,1,3,119 Route des Lacs,44.62609,-1.11033
202000041161,7,1,2020,15,1,75,75113,2,2,1,3,BOULEVARD DU GENERAL JEAN SIMON,48.824031,2.3770195
202000041162,7,1,2020,0,5,75,75112,2,1,2,3,BOULEVARD PONIATOWSKI,48.8291034,2.3898706
202000041163,28,7,2020,17,1,37,37027,2,3,1,3,19 Rue de Tours,47.327793,0.987315
202000041164,7,1,2020,19,5,75,75111,2,3,2,3,AVENUE DE LA REPUBLIQUE,48.863794,2.3822947
202000041165,7,1,2020,9,1,75,75110,2,2,1,3,RUE DE LA GRANGE AUX BELLES,48.873714,2.364901
202000041166,28,7,2020,17,1,77,77527,2,1,1,7,34 Rue de la Libération,48.693248,3.009417
202000041167,17,9,2020,18,1,52,52423,1,1,1,7,D674,48.261884,5.351586
202000041168,7,1,2020,14,1,75,75108,2,2,1,6,AVENUE DELCASSE,48.8726051,2.3147728
202000041169,7,1,2020,12,1,75,75108,2,1,1,6,AVENUE MARCEAU,48.8659288,2.2997171
202000041170,7,1,2020,8,1,75,75108,2,7,1,2,PLACE DU CANADA,48.8646018,2.3103341
202000041171,7,1,2020,11,1,75,75102,2,3,1,3,RUE BEAUREGARD,48.8692502,2.3489774
202000041172,28,7,2020,19,1,95,95489,1,1,1,2,1 Rue de Paris,49.014174,2.351503
202000041173,25,9,2020,0,3,31,31212,1,1,3,3,A68,43.719999,1.567546
202000041174,7,1,2020,10,1,75,75110,2,7,1,3,BOULEVARD SAINT MARTIN,48.8679509,2.3623805
202000041175,25,9,2020,19,2,65,65127,1,9,3,6,A64,43.103258,0.336879
202000041176,29,7,2020,14,1,83,83133,1,1,1,3,D37,43.572743,6.804957
202000041177,6,1,2020,18,5,75,75102,2,2,1,6,BOULEVARD DE SEBASTOPOL,48.866231,2.3525315
202000041178,24,9,2020,12,1,40,40227,1,1,2,5,D834,44.288784,-0.768517
202000041179,7,1,2020,8,1,75,75101,2,2,1,3,AVENUE VICTORIA,48.8577217,2.3477764
202000041180,25,9,2020,5,5,77,77185,1,1,1,2,A6,48.425808,2.540288
202000041181,29,7,2020,12,1,04,04062,1,1,1,6,RD 900,44.4714131,6.7637214
202000041182,6,1,2020,20,5,75,75111,2,2,1,6,AVENUE DE LA REPUBLIQUE,48.8659682,2.3708446
202000041183,29,7,2020,15,1,54,54505,1,1,1,7,D59,48.617052,6.068959
202000041184,25,9,2020,12,1,34,34182,2,6,6,7,d13,43.427468,3.408865
202000041185,7,1,2020,18,5,94,94042,2,1,2,3,JEAN JAURES (AV),48.82016,2.46436
202000041186,28,7,2020,14,1,81,81112,1,4,1,7,Route de Marssac,43.92098,2.026001
202000041187,29,7,2020,12,1,09,09074,1,1,1,6,D7,43.018549,1.968656
202000041188,7,1,2020,10,1,94,94034,2,1,8,6,DIVISION LECLERC (AV DE LA),48.76012,2.32161
202000041189,6,1,2020,12,1,94,94028,2,9,1,1,MAURIAC.(RUE FRANCOIS),48.7856375,2.453584
202000041190,25,9,2020,12,1,84,84055,2,1,1,2,Route de Caumont,43.948281,4.940554
202000041191,6,1,2020,16,1,94,94019,2,1,1,6,COEUILLY (AV DE),48.80254,2.53831
202000041192,29,7,2020,11,1,79,79049,2,1,1,2,16 Rue du Petit Patis,46.847762,-0.485888
202000041193,4,1,2020,11,1,94,94019,2,9,1,-1,BORDES (R DES),48.7980667,2.5512904
202000041194,25,9,2020,13,1,13,13015,2,3,1,2,Avenue de Provence,43.449831,5.426712
202000041195,7,1,2020,14,1,94,94018,2,1,1,3,CARRIERES (QU DES),48.81991,2.40484
202000041196,28,7,2020,17,1,79,79184,2,4,1,3,Route de Saint-maixent,46.363344,-0.114841
202000041197,24,9,2020,22,3,13,13041,1,1,1,2,D6,43.470355,5.469925
202000041198,29,7,2020,0,3,17,17064,2,1,1,2,1 Route de Taupignac,45.6755228,-1.0566818
202000041199,7,1,2020,5,5,93,93071,2,4,8,6,AV DU GENERAL LECLERC / AV DE LATTRE DE TASSIGNY,48.939851,2.523395
202000041200,25,9,2020,19,3,55,55122,1,1,2,6,Route de Chonville,48.751082,5.554898
202000041201,29,7,2020,20,1,64,64230,1,1,1,7,N134,43.174857,-0.434625
202000041202,7,1,2020,13,1,93,93071,2,1,1,6,DUMONT D'URVILLE (AVENUE),48.9463891,2.5222015
202000041203,25,9,2020,12,1,38,38146,1,1,1,6,VC La Gagne,45.70784,5.297878
202000041204,28,7,2020,22,5,85,85300,2,1,1,7,Rue de Lattre de Tassigny,46.686081,-1.512203
202000041205,29,8,2020,22,3,26,26064,1,1,1,7,D236,44.88498,4.991984
202000041206,7,1,2020,19,5,93,93062,2,1,2,-1,AV THIERS,48.89609,2.5256
202000041207,27,7,2020,17,1,72,72154,1,1,1,1,Chemin de la Landelière,47.685315,-0.021152
202000041208,7,1,2020,9,1,93,93051,2,1,1,6,DOCTEUR JEAN VAQUIER,48.84788,2.55629
202000041209,22,7,2020,11,1,44,44198,1,1,1,3,A83,47.159067,-1.513216
202000041210,28,7,2020,12,1,44,44026,1,6,1,7,Route de Paris,47.275611,-1.468306
202000041211,6,1,2020,11,1,93,93048,2,1,1,2,BD DE VERDUN,48.85693,2.46723
202000041212,29,7,2020,7,1,14,14258,1,1,1,6,D511,48.912234,-0.199127
202000041213,7,1,2020,8,1,93,93014,2,1,8,3,ALL DE MONTFERMEIL,48.89914,2.54292
202000041214,6,1,2020,17,5,92,92049,2,2,1,3,BROSSOLETTE AVENUE PIERRE,48.81765,2.30786
202000041215,3,7,2020,13,1,29,29042,1,3,1,2,D887 - Route de Chateaulin,48.245682,-4.387016
202000041216,7,1,2020,18,5,92,92040,2,9,8,7,ARISTIDE BRIAND,48.8212566,2.2556091
202000041217,28,7,2020,20,2,59,59136,1,1,1,2,Rd 643,50.108992,3.518715
202000041218,7,1,2020,8,1,92,92036,2,1,1,-1,LAURENT CELY (AVENUE) (1/143),48.9321,2.30188
202000041219,28,7,2020,18,1,13,13026,1,1,1,2,A55-Sens Martigues vers Marseille,43.39033,5.1357
202000041220,7,1,2020,11,1,92,92026,2,1,1,3,VERDUN (DE 62 A FIN),48.90272,2.2585
202000041221,27,7,2020,13,1,13,13055,1,1,1,4,A507 sens Aubagne- Marseille,43.30223,5.42552
202000041222,2,1,2020,11,1,92,92012,2,1,1,7,VICTOR HUGO (AVENUE) 49/FIN - 60/FIN,48.839622,2.247128
202000041223,7,1,2020,9,1,92,92036,2,1,2,4,BAS ( RUE DES ),48.920321,2.2886109
202000041224,8,1,2020,11,1,60,60387,1,1,2,1,D901,49.5846486,1.9533085
202000041225,27,7,2020,8,1,13,13202,1,1,1,2,A55-Sens Marseille vers Martigues,43.3097,5.3683
202000041226,27,7,2020,19,1,83,83137,1,1,1,2,BRETELLE17  ACCES TOULON CENTRE N -T,43.12132,5.95331
202000041227,27,7,2020,17,1,42,42044,1,1,1,2,RN88,45.39529,4.33663
202000041228,28,7,2020,18,1,33,33192,1,1,1,3,AUTOROUTE A 63,44.78118,-0.63657
202000041229,28,7,2020,15,1,91,91689,1,1,1,2,AUTOROUTE A6B,48.74625,2.32585
202000041230,8,1,2020,13,1,01,01361,1,1,1,1,D65,45.844986,5.190455
202000041231,28,7,2020,8,1,94,94034,1,1,1,7,AUTOROUTE A86,48.7602013,2.3206169
202000041232,6,1,2020,18,3,63,63001,1,3,1,3,D51,46.0151037,3.2110146
202000041233,28,7,2020,19,1,92,92050,1,1,1,4,A14,48.90015,2.21015
202000041234,7,1,2020,17,4,67,67214,2,1,8,6,ROUTE DES ROMAINS,48.6193012,7.5901209
202000041235,27,7,2020,20,1,75,75116,1,1,1,4,A13Y,48.848192,2.252627
202000041236,5,1,2020,12,1,974,97410,1,1,3,3, RN3 - Route des plaines,-21.104871,55.667558
202000041237,8,1,2020,8,2,44,44203,1,1,2,-1,Le Temple-de-Bretagne,47.323341,-1.777596
202000041238,27,7,2020,10,1,78,78029,1,1,1,5,A13W,48.96644,1.85293
202000041239,7,1,2020,16,1,71,71398,1,1,8,1,Route d’Oslon,46.769988,4.977605
202000041240,28,7,2020,13,1,95,95572,1,1,1,5,AUTOROUTE A15,49.0269747,2.1298922
202000041241,5,1,2020,15,1,63,63198,1,1,1,2,A89 PK 346.600,45.9358097,2.9618068
202000041242,8,1,2020,10,1,77,77006,1,1,2,6,D409,48.4010596,2.5499744
202000041243,28,7,2020,9,1,95,95500,1,1,7,2,AUTOROUTE A15,49.040285,2.0831547
202000041244,8,1,2020,17,2,77,77109,1,1,2,1,D231,48.61513,3.200119
202000041245,7,1,2020,7,3,79,79235,1,2,5,7,1 Lieu Dit Puy Jourdain,46.897546,-0.7923
202000041246,27,7,2020,19,1,93,93064,1,1,1,4,AUTOROUTE A86,48.8775817,2.4773694
202000041247,7,1,2020,18,2,44,44131,1,1,2,7,,47.1247504,-2.1059435
202000041248,27,7,2020,20,2,60,60612,1,1,1,7,AUTOROUTE A1,49.20539,2.61109
202000041249,26,2,2020,10,1,973,97302,2,2,1,3,GOINET (LIEUTENANT),4.9396804,-52.3306918
202000041250,6,1,2020,16,1,29,29076,1,3,2,5,7 Lieu-dit Keroudy,48.438294,-4.545374
202000041251,7,1,2020,14,1,29,29093,1,1,2,6,96 Lieu-dit Kerlouron Bihan,48.568209,-4.436943
202000041252,7,1,2020,12,1,29,29075,2,3,2,3,28 Rue Amiral Guépratte,48.4347618,-4.3987898
202000041253,23,2,2020,4,4,973,97302,1,1,1,2,ROUTE NATIONALE 1,4.9081578,-52.3229671
202000041254,8,1,2020,8,1,02,02741,1,1,2,1,D1029,49.839003,3.469231
202000041255,22,2,2020,5,2,63,63113,2,3,1,2,DUMAS (BD J.BAPTISTE),45.78692,3.08801
202000041256,8,1,2020,14,1,03,03258,1,1,2,1,97 Rue de Vichy,46.1737726,3.3985573
202000041257,8,1,2020,7,3,03,03040,1,1,5,5,Les Bassettes,46.5355172,3.3192283
202000041258,7,1,2020,16,1,01,01068,1,1,1,6,D1084,46.071139,5.484045
202000041259,20,2,2020,8,1,63,63113,2,4,1,1,CHAPPE (RUE),45.7870995,3.1257984
202000041260,13,2,2020,17,2,63,63113,2,1,1,6,PAULINES (AVENUE DES),45.77623,3.0974
202000041261,25,7,2020,16,1,988,98818,2,4,1,3,IEKAWE (RUE JACQUES),-22.22521,166.48091
202000041262,26,7,2020,17,1,974,97416,2,1,1,6,Chemin Andinaik,-21.2995,55.4989
202000041263,8,2,2020,8,1,60,60164,2,1,2,3,26 Rue des Routis,49.408955,1.833931
202000041264,26,7,2020,18,2,974,97407,2,9,1,6,CHENIER ANDRE(PLACE),-20.93667,55.29897
202000041265,8,1,2020,7,5,10,10287,2,9,2,6,D79,48.338756,4.348748
202000041266,27,7,2020,1,3,973,97302,1,1,1,7,Voie Expresse,4.9161963,-52.3306489
202000041267,7,1,2020,22,3,10,10395,1,1,2,6,"RD 443, PR 16+800",48.035632,4.022219
202000041268,8,1,2020,7,5,16,16023,2,1,2,6,3 Route de la Garenne,45.9165654,0.2439266
202000041269,27,7,2020,11,1,972,97209,2,1,1,1,ENTRAIDE (ROUTE DE L'),14.6206641,-61.0550689
202000041270,7,1,2020,11,1,21,21425,2,1,1,6,"5, Chemin des Nymphes",47.6262639,4.34879
202000041271,27,7,2020,20,1,69,69389,2,1,1,3,MARIETTON                           (R ),45.77636,4.79735
202000041272,7,1,2020,17,1,40,40230,2,1,1,6,Avenue Robert Labeyrie,43.785691,-0.930418
202000041273,26,7,2020,21,1,69,69286,2,3,1,6,EUROPE (DE L')                      (AV),45.812,4.88933
202000041274,7,1,2020,21,4,24,24520,2,1,2,1,6 Rue du Commandant Cousteau,44.861863,1.239355
202000041275,27,7,2020,18,1,2B,2B033,2,1,1,4,11 - RT,42.6945,9.4523
202000041276,8,1,2020,15,1,30,30294,2,5,1,1,11 Chemin des Sports,44.137809,4.128858
202000041277,27,7,2020,10,1,2B,2B033,1,1,1,4,11 - RT,42.66381,9.44254
202000041278,7,1,2020,20,3,80,80724,1,1,2,1,A16,49.862938,2.21772
202000041279,26,7,2020,2,5,2B,2B033,2,1,1,5,TUNNEL,42.6903854,9.4484323
202000041280,27,7,2020,18,1,2A,2A004,2,1,1,6,LEVIE JEAN JEROME AVENUE,41.92648,8.73856
202000041281,8,1,2020,12,1,69,69244,2,1,1,3,42 Avenue Victor Hugo,45.7659191,4.7837032
202000041282,6,1,2020,19,2,13,13007,1,1,1,7,A52,43.360034,5.615412
202000041283,27,7,2020,14,1,95,95018,1,1,1,3,CORMEILLES (ROUTE DE),48.96257,2.21809
202000041284,8,1,2020,4,3,33,33205,1,9,5,6,A62,44.60365,-0.36857
202000041285,26,7,2020,19,1,91,91228,2,2,1,3,MITTERAND (BD FRANCOIS),48.6251,2.42384
202000041286,7,1,2020,17,3,55,55347,1,1,1,1,D34,49.0450608,5.4143301
202000041287,25,7,2020,20,1,91,91521,2,3,1,3,LIBERATION (AVENUE DE LA) N°2 A 26,48.65383,2.41181
202000041288,26,7,2020,21,5,91,91347,2,1,1,6,DIVISION LECLERC (AVENUE DE LA),48.65224,2.27284
202000041289,7,1,2020,21,5,60,60142,2,1,2,3,Rue de Paris,49.12526,2.533471
202000041290,27,7,2020,10,1,87,87085,2,2,1,3,BABYLONE (RUE DE),45.81997,1.26648
202000041291,7,1,2020,21,3,988,98821,1,1,1,6,RT1,-22.05795,166.25028
202000041292,24,7,2020,22,5,86,86194,2,2,1,3,D162,46.58556,0.36622
202000041293,8,1,2020,7,3,77,77232,1,1,2,2,D27,48.916874,2.813478
202000041294,24,7,2020,8,1,84,84087,2,6,7,3,SYRAH (GIRATOIRE),44.11205,4.85065
202000041295,8,1,2020,7,3,34,34183,1,3,1,3,cd 609,43.290945,3.118838
202000041296,27,7,2020,10,1,83,83137,2,1,1,6,LECLERC (AVE GENERAL),43.1257,5.92836
202000041297,8,1,2020,12,1,84,84047,1,2,1,-1,D4,43.889012,5.337781
202000041298,26,7,2020,8,1,83,83069,2,1,7,3,Route de l’Almanarre,43.090778,6.129346
202000041299,5,1,2020,16,1,13,13022,2,1,1,2,D141,43.207641,5.55974
202000041300,26,7,2020,16,1,80,80021,2,1,1,3,ILE DE FRANCE (RUE DE L'),49.91401,2.24627
202000041301,7,1,2020,14,1,89,89080,1,1,2,7,A5,48.273092,3.283295
202000041302,22,7,2020,13,1,78,78126,2,1,1,2,VERDUN (AVENUE DE ),48.83541,2.132
202000041303,7,1,2020,21,3,57,57622,1,1,1,2,D643,49.181051,6.041206
202000041304,7,1,2020,22,5,64,64067,2,1,1,2,24 Route du Pont,43.246255,-0.302511
202000041305,24,7,2020,8,1,78,78361,2,5,1,2,AVENUE DE LA DIVISION LECLERC,48.99017,1.7113
202000041306,6,1,2020,18,5,33,33056,2,1,1,3,75 AVE DU XI NOVEMBRE,44.90913,-0.62329
202000041307,26,7,2020,18,1,77,77305,2,1,1,-1,CLOMARTS (RUE DES),48.3895037,2.9689564
202000041308,8,1,2020,16,1,33,33051,1,3,1,3,Canauley,44.66023,-0.91886
202000041309,27,7,2020,11,1,77,77186,2,2,1,6,GRANDE (RUE),48.405195,2.701408
202000041310,27,7,2020,10,1,76,76351,2,1,1,6,GUILLOT ET DEHELLY,49.5132748,0.1679599
202000041311,8,1,2020,6,5,27,27016,2,1,9,2,35 Place Nicolas Poussin,49.246563,1.417844
202000041312,27,7,2020,8,1,76,76351,2,1,1,6,WINSTON CHURCHILL,49.49298,0.13238
202000041313,6,1,2020,15,1,76,76116,1,1,1,3,Allée Louis Blériot,49.390892,1.193339
202000041314,25,7,2020,20,1,76,76305,1,1,2,6,RD 6382,49.49864,0.19794
202000041315,8,1,2020,19,3,60,60199,1,2,2,3,D930,49.6128312,2.1707624
202000041316,25,7,2020,17,1,74,74013,2,1,1,2,GENEVE (AVE DE) JUSQUE CROISEE ANTHY,46.349,6.43102
202000041317,7,1,2020,11,1,13,13215,1,1,1,2,A7-Sens Marseille vers Lyon,43.3374534,5.3769981
202000041318,7,1,2020,9,1,13,13215,1,1,1,3,A7-Sens Lyon vers Marseille,43.35985,5.36198
202000041319,27,7,2020,16,1,74,74012,2,1,1,3,GENEVE (RUE DE),46.1927139,6.2306951
202000041320,6,1,2020,18,3,13,13215,1,1,1,2,A7-Sens Lyon vers Marseille,43.3902787,5.350927
202000041321,27,7,2020,19,1,69,69256,2,1,1,6,GABRIEL PERI                        (AV),45.77129,4.9083
202000041322,7,1,2020,18,3,42,42044,1,1,1,-1,RN88,45.388136,4.305325
202000041323,24,6,2020,17,1,66,66136,2,1,1,1,BOURRAT BOULEVARD JEAN,42.70054,2.90254
202000041324,24,7,2020,16,1,66,66136,2,1,1,1,MAILLOLES (CHEMIN),42.6841869,2.8784776
202000041325,20,7,2020,9,1,64,64445,2,1,1,6,Allee de Morlaas,43.3045,-0.34903
202000041326,7,7,2020,16,1,64,64445,2,2,1,6,DESPOURRINS,43.29993,-0.36703
202000041327,7,1,2020,18,3,91,91553,1,1,2,4,RN 104,48.6288,2.4814
202000041328,27,7,2020,15,1,64,64102,2,3,1,3,HENRI DE NAVARRE (AVENUE),43.5085,-1.4444
202000041329,25,7,2020,22,2,63,63113,2,9,1,2,PUY DE DOME (AVENUE DU),45.7879,3.0578
202000041330,20,7,2020,16,1,62,62178,2,6,1,3,EVRARD ( FLORENT ),50.48531,2.5464