Num_Acc,jour,mois,an,hr,condition_eclairage,departement,commune,condition_agglomeration,intersection,condition_atmosphere,type_collision,adresse,lattitude,longitude
202000041331,22,7,2020,14,1,54,54270,2,3,1,3,rue Jean Jaurès,49.497504,5.864027
202000041332,25,7,2020,9,1,49,49246,2,1,1,6,DAVID D'ANGERS,47.43768,-0.5318
202000041333,27,7,2020,19,1,37,37233,2,1,1,7,MOULIN (PONT JEAN),47.3853066,0.7288077
202000041334,27,7,2020,12,1,37,37261,2,1,1,3,GRAMMONT (AVENUE DE),47.3857369,0.69074
202000041335,7,1,2020,10,1,94,94003,1,1,1,3,AUTOROUTE A6A,48.80331,2.34211
202000041336,27,7,2020,19,1,35,35051,1,6,1,7,LONGCHAMPS (PORTE DES),48.14058,-1.62666
202000041337,7,1,2020,6,3,91,91161,1,1,1,3,AUTOROUTE A6,48.6960598,2.317031
202000041338,17,7,2020,18,1,34,34003,2,1,1,3, NOTRE DAME A ST. MARTIN (O8 A Q13,43.2894649,3.469153
202000041339,7,1,2020,19,3,78,78646,1,1,2,3,RN12 INT,48.79388,2.07627
202000041340,8,7,2020,9,1,33,33063,2,2,1,3,RUE MALLERET,44.84795,-0.58587
202000041341,6,1,2020,12,1,93,93066,1,1,1,2,AUTOROUTE A86,48.92431,2.3417
202000041342,5,7,2020,23,5,33,33063,2,3,1,7,RUE DU MIRAIL / RUE CAUSSEROUGE,44.83317,-0.57096
202000041343,6,1,2020,18,3,93,93066,1,1,1,4,AUTOROUTE A86,48.92206,2.35861
202000041344,6,1,2020,8,2,95,95488,1,1,1,6,AUTOROUTE A15,49.01287,2.14929
202000041345,5,7,2020,18,1,33,33063,2,3,1,3,AVE DE MERIGNAC / RUE MAC CARTHY,44.83859,-0.62104
202000041346,4,1,2020,22,3,95,95203,1,1,1,7,RD 170,48.97751,2.28604
202000041347,16,7,2020,14,1,33,33063,2,4,1,-1,BD DU PRESIDENT WILSON / RUE DE LA LIBERTE,44.84207,-0.59951
202000041348,5,1,2020,1,5,93,93066,1,1,1,4,AUTOROUTE A1,48.92267,2.35728
202000041349,7,1,2020,9,1,94,94028,1,1,1,7,A86 EXT,48.7941122,2.4417939
202000041350,6,7,2020,12,1,33,33281,2,2,1,3,AVE DE LA LIBERATION / PCE JEAN JAURES,44.85109,-0.64468
202000041351,7,1,2020,8,1,77,77337,1,1,1,2,A4,48.8301655,2.6152881
202000041352,27,7,2020,5,5,33,33529,2,6,1,6,RD650 / Rue de Bordes,44.63717,-1.12904
202000041353,7,1,2020,8,2,94,94018,1,1,1,7,A4,48.8204863,2.401386
202000041354,27,7,2020,10,1,31,31555,2,1,1,3,RUE ANDRE ETCHEVERLEPO,43.63936,1.4598
202000041355,6,1,2020,18,3,77,77058,1,1,1,2,A4,48.8290044,2.7378711
202000041356,26,7,2020,22,5,31,31555,2,2,1,3,BD DE SUISSE,43.62004,1.42396
202000041357,6,1,2020,11,1,973,97302,2,2,1,3,FELIX EBOUE(ROCADE),4.930926,-52.3132467
202000041358,25,7,2020,21,1,31,31555,1,1,1,3,CHE DES ETROITS,43.5677,1.43973
202000041359,6,1,2020,11,1,69,69383,2,2,1,6,LACASSAGNE                          (AV),45.7506979,4.8739515
202000041360,25,7,2020,8,1,31,31555,2,1,1,6,RUE DU FERETRA,43.58142,1.44377
202000041361,6,1,2020,16,1,972,97209,2,1,1,3,AUTOROUTE (A1),14.61827,-61.03587
202000041362,25,7,2020,7,1,31,31555,1,1,1,2,VA007331 A620,43.59087,1.39943
202000041363,6,1,2020,9,1,69,69034,2,1,1,6,GENERAL DE GAULLE                   (AV),45.8086,4.8565
202000041364,25,7,2020,7,1,31,31557,2,1,1,6,AV JEAN JAURES,43.58874,1.36012
202000041365,5,1,2020,21,5,69,69384,2,2,1,3,MAIL (DU)                           (R ),45.7771968,4.8331841
202000041366,27,7,2020,19,1,17,17415,2,2,1,3,YSER 1 A 35 QUAI DE L',45.7471,-0.63047
202000041367,5,1,2020,10,1,2A,2A004,2,6,1,3,T21,41.9335502,8.7543297
202000041368,27,7,2020,23,1,17,17300,1,2,1,3,DELMAS   BOULEVARD EMILE,46.16101,-1.146172
202000041369,27,7,2020,2,5,13,13202,2,1,1,6,DUNKERQUE  (BOULEVARD DE),43.310836,5.368939
202000041370,5,1,2020,23,5,95,95539,1,1,1,3,DIVISION LECLERC (AVENUE DE LA ),48.99166,2.36296
202000041371,6,1,2020,9,1,91,91432,2,1,7,2,PASCAL (AVENUE BLAISE),48.69553,2.33639
202000041372,27,7,2020,15,1,13,13207,2,4,1,1,Corniche John Fitzgérald Kennedy,43.29062,5.35544
202000041373,6,1,2020,7,2,91,91691,2,9,1,6,RIVES DE L'YERRES,48.71518,2.47861
202000041374,3,1,2020,18,3,91,91223,1,1,1,7,C.D. 21,48.417535,2.1313809
202000041375,27,7,2020,12,1,13,13209,2,1,1,3,MICHELET (BOULEVARD),43.26512,5.3955
202000041376,27,7,2020,7,2,13,13208,2,1,1,6,TURCAT MERY ALLÉE (ALLEE),43.28052,5.38781
202000041377,26,7,2020,8,1,13,13206,2,2,1,3,FRIEDLAND (RUE),43.28588,5.39001
202000041378,27,7,2020,16,1,07,07316,1,1,1,4,LONES (PONT DES),44.911289,4.862967
202000041379,23,7,2020,14,1,06,06083,2,1,1,2,"SOLEIL (PROMENADE DU, N° 1294 ET +)",43.774084,7.502604
202000041380,25,7,2020,19,1,06,06069,2,1,1,3,FONT VIEILLE (CHEMIN),43.642053,6.980572
202000041381,26,7,2020,3,5,04,04112,2,1,1,7,RD 5 (9 bd Elémir Bourges),43.83142,5.7829
202000041382,27,7,2020,8,1,02,02738,2,1,1,-1,GAMBETTA (BOULEVARD),49.655,3.2963
202000041383,27,7,2020,1,5,01,01053,2,2,1,3,Avenue Jean-Marie Verne,46.19537,5.22523
202000041384,27,7,2020,9,1,75,75120,2,1,1,2,BOULEVARD PERIPHERIQUE,48.874876,2.410697
202000041385,27,7,2020,8,1,75,75120,2,1,1,6,ECHANGEUR BAGNOLET,48.864455,2.413633
202000041386,26,7,2020,0,5,75,75113,2,1,2,2,BOULEVARD PERIPHERIQUE,48.817614,2.367469
202000041387,27,5,2020,19,1,34,34172,2,9,1,3,FRANKLIN (ROND POINT BENJAMIN),43.619,3.91281
202000041388,27,5,2020,15,1,34,34172,2,1,1,3,COMEDIE (PLACE DE LA),43.60914,3.88027
202000041389,27,5,2020,12,1,34,34172,2,3,1,3,MILHAUD (BOULEVARD BENJAMIN),43.61119,3.8576
202000041390,26,5,2020,10,1,33,33281,2,2,1,1,AVE DES FRERES ROBIN/SON / AVE DU TRUC,44.84959,-0.65602
202000041391,21,5,2020,22,5,33,33318,2,6,1,1,AVE DE SAIGE / RUE EDOUARD HERRIOT,44.78996,-0.63455
202000041392,15,5,2020,14,1,33,33063,2,8,1,2,QUAI DES CHARTRONS / CRS DU MEDOC,44.85569,-0.56354
202000041393,26,5,2020,20,1,31,31555,2,3,1,-1,CHE DE LAPUJADE,43.62758,1.4564
202000041394,27,5,2020,19,1,30,30189,2,2,1,3,ROUSSEY COMPERE,43.82739,4.3795
202000041395,16,5,2020,11,1,30,30243,1,3,1,3,MOULIN (AVENUE J.),44.072029,4.081424
202000041396,26,5,2020,21,1,29,29019,1,1,1,6,Route de Traon Bihan,48.4384498,-4.4891092
202000041397,26,5,2020,19,1,29,29019,2,6,1,2,Rue Général Paulet - Bld Europe,48.4154575,-4.4753787
202000041398,23,5,2020,20,1,25,25056,2,2,2,3,CHURCHILL BD WINSTON (entre 12 ET 19),47.24742,5.99895
202000041399,20,5,2020,10,1,22,22113,1,1,1,7,KERILLIS HUELLAN (RUE),48.7288,-3.4817
202000041400,25,5,2020,16,1,18,18033,2,6,1,3,VERLAINE (RUE PAUL),47.10064,2.41641
202000041401,27,5,2020,14,1,14,14118,2,2,1,3,TOURAINE (RUE DE),49.19469,-0.39741
202000041402,27,5,2020,21,5,13,13210,2,1,1,2,MARCEL ACHILLE (BOULEVARD),43.279381,5.425937
202000041403,27,5,2020,20,1,13,13208,2,1,1,2,MONTREDON (AVENUE DE),43.239189,5.365789
202000041404,27,5,2020,18,2,13,13201,2,1,1,3,LIBERTE (BOULEVARD DE LA),43.3008,5.3815
202000041405,27,5,2020,17,1,13,13213,2,1,1,5,JEAN PAUL SARTRE (AVENUE),43.3208035,5.4164765
202000041406,25,5,2020,17,1,13,13211,2,3,1,2,WILLIAM BOOTH (AVENUE),43.2960601,5.4477902
202000041407,26,5,2020,11,1,13,13001,2,9,1,-1,BLUM LEON (AV),43.5238,5.429564
202000041408,27,5,2020,2,5,06,06088,2,2,1,3,GOUNOD (RUE),43.701823,7.260804
202000041409,27,5,2020,13,1,06,06069,2,1,1,6,ROUQUIER (BOULEVARD EMMANUEL),43.633594,6.939317
202000041410,27,5,2020,16,1,75,75113,2,1,1,4,BD PERIPHERIQUE EXTERIEUR,48.818263,2.369457
202000041411,26,5,2020,18,1,75,75120,2,1,1,2,PORTE DE BAGNOLET,48.867845,2.413241
202000041412,27,5,2020,10,1,75,75105,2,1,1,6,RUE SAINT JACQUES,48.850382,2.34531
202000041413,27,5,2020,16,1,75,75119,2,1,1,3,RUE DE BELLEVILLE,48.875785,2.400981
202000041414,27,5,2020,9,1,75,75115,2,1,1,6,BOULEVARD LEFEBVRE,48.830111,2.295076
202000041415,26,5,2020,22,2,75,75114,2,2,1,3,RUE D ALESIA,48.829309,2.322649
202000041416,27,5,2020,14,1,75,75113,2,1,1,6,BOULEVARD VINCENT AURIOL,48.83165,2.358922
202000041417,26,5,2020,19,1,75,75112,2,2,1,6,AVENUE DES MINIMES,48.840439,2.436562
202000041418,26,5,2020,9,1,75,75112,2,2,1,6,BOULEVARD DIDEROT,48.846274,2.377452
202000041419,26,5,2020,23,5,75,75110,2,3,1,3,AVENUE PARMENTIER,48.871706,2.369768
202000041420,27,5,2020,12,1,75,75101,2,2,1,6,RUE ETIENNE MARCEL,48.864206,2.347617
202000041421,27,5,2020,9,1,75,75104,2,1,1,6,VOIE GEORGES POMPIDOU,48.8504566,2.3611394
202000041422,27,5,2020,9,1,94,94065,2,1,1,3,CHARLES LINDBERGH (AV),48.75296,2.34962
202000041423,27,5,2020,13,1,94,94017,2,1,1,3,ROGER SALENGRO (AV),48.81985,2.48286
202000041424,26,5,2020,16,1,94,94075,2,1,1,6,MANDRES (R DE),48.715401,2.537259
202000041425,26,5,2020,16,1,93,93066,2,1,7,6,MERMOZ JEAN,48.9414522,2.3540461
202000041426,27,5,2020,0,5,93,93007,2,3,1,3,ISAAC NEWTON (RUE),48.94414,2.47228
202000041427,27,5,2020,8,1,93,93046,2,3,1,-1,AV ARISTIDE BRIAND / AV SULLY,48.91229,2.52165
202000041428,26,5,2020,18,1,93,93027,2,6,1,4,PLACE DU 8 MAI 1945,48.92059,2.41079
202000041429,27,5,2020,18,1,93,93047,2,2,1,2,DAGUERRE  (AVENUE),48.90551,2.58735
202000041430,27,5,2020,19,1,92,92064,2,1,1,3,CARNOT,48.84869,2.22396
202000041431,25,5,2020,16,1,92,92063,2,1,1,6,DOUMER (AVENUE PAUL) EST,48.8827481,2.1884831
202000041432,25,5,2020,16,1,92,92062,1,1,1,2,DE DION BOUTON (QUAI) DU 29 AU 65,48.8811245,2.2457667
202000041433,25,5,2020,16,1,92,92050,2,1,1,2,boulevard Aimé Césaire,48.892886,2.2274566
202000041434,27,5,2020,9,1,92,92036,2,3,1,3,GABRIEL PERI (AVENUE) (60/134),48.918785,2.295439
202000041435,26,5,2020,15,1,92,92036,2,1,1,6,LUCIEN LANTERNIER (AVENUE) (19/65),48.931853,2.289432
202000041436,25,5,2020,20,1,92,92036,2,2,1,3,GABRIEL PERI (AVENUE) (136/164),48.92195,2.294816
202000041437,27,5,2020,20,1,92,92026,2,3,1,6,PRÉSIDENT PAUL DOUMER (QUAI DU),48.8901352,2.256289
202000041438,26,5,2020,11,1,92,92004,2,1,1,2,Quai du Docteur Dervaux,48.90661,2.29093
202000041439,26,5,2020,10,1,92,92004,2,2,1,3,DOCTEUR DERVAUX  ( QUAI DU ),48.904907,2.287789
202000041440,27,5,2020,18,1,09,09261,2,1,1,6,84 Avenue du Marechal Foch,42.9830462,1.1329298
202000041441,27,5,2020,16,1,44,44180,1,1,1,7,Les Six Chemins (Maumusson),47.471305,-1.111911
202000041442,27,5,2020,15,1,62,62447,2,1,1,2,31 Rue d'Arras,50.374166,2.039993
202000041443,28,5,2020,15,1,87,87181,1,1,7,1,Col de la Roche (Selle),46.041718,1.495835
202000041444,28,5,2020,17,1,51,51195,1,1,1,1,N44,48.77565,4.588637
202000041445,20,5,2020,19,1,28,28269,1,1,1,7,D114,48.398437,1.487677
202000041446,26,5,2020,18,1,62,62491,2,1,1,1,Rue des Lurons,50.59327,2.791708
202000041447,27,5,2020,19,1,50,50543,1,1,1,2,47 Rue des Estuaires,48.644943,-1.344969
202000041448,28,5,2020,6,1,50,50393,1,1,1,1,D258,48.931226,-1.171052
202000041449,28,5,2020,13,1,62,62384,1,2,1,-1,29 Rue d'Hermies,50.150249,3.081625
202000041450,28,5,2020,2,5,59,59525,2,1,1,6,Rue Sadi Carnot,50.087302,4.003512
202000041451,28,5,2020,14,1,19,19155,1,1,1,1,D32,45.374292,1.802562
202000041452,25,5,2020,16,1,56,56094,1,2,1,3,Kermoulin,47.758949,-3.248938
202000041453,26,5,2020,16,1,74,74108,1,1,1,3,D1508,45.824852,6.208451
202000041454,28,5,2020,17,1,77,77239,1,2,1,3,N4/ rue du Corbier,48.688279,3.1252064
202000041455,24,5,2020,19,1,80,80051,1,1,1,1,D13,50.035009,1.825662
202000041456,26,5,2020,13,1,82,82085,1,1,1,6,RD108,43.996751,1.272075
202000041457,28,5,2020,10,1,82,82048,1,2,1,3,Chemin des Boulbènes,43.854993,1.272386
202000041458,28,5,2020,9,1,81,81145,1,2,1,3,D18,43.877348,1.786866
202000041459,28,5,2020,14,1,32,32462,1,1,1,6,N124,43.750052,0.280296
202000041460,25,5,2020,9,1,71,71263,2,1,1,6,Rue de Bram,46.6283502,5.2173815
202000041461,27,5,2020,20,1,12,12036,1,2,1,3,D98,44.84099,2.736535
202000041462,27,5,2020,18,1,25,25453,2,2,1,3,Rue de Bellevue,47.217236,6.53804
202000041463,28,5,2020,10,1,44,44069,1,6,1,7,Chemin du Ros Madeleine,47.313413,-2.405405
202000041464,27,5,2020,10,1,44,44173,1,2,1,3,La Chambaudiere,47.0862201,-1.3886118
202000041465,28,5,2020,1,5,29,29105,2,2,1,6,D35 - Rue de l'Arvor,48.514988,-4.075795
202000041466,27,5,2020,10,1,29,29093,2,1,1,6,46 Rue des Abers,48.56904,-4.411354
202000041467,22,5,2020,7,1,01,01350,1,3,1,2,Route de Bourg,46.284676,5.290224
202000041468,28,5,2020,17,1,05,05132,2,3,1,7,Rue du Rocher Roux,44.68387,6.077357
202000041469,23,5,2020,17,1,50,50082,2,2,1,1,6 Route de Portbail,49.465304,-1.638218
202000041470,28,5,2020,19,1,60,60064,2,3,1,3,2 Rue du Huit Mai 1945,49.416222,3.008698
202000041471,18,5,2020,11,1,18,18052,1,1,1,6,D953,46.744912,2.670708
202000041472,28,5,2020,6,2,16,16143,1,1,1,1,Ld Roumaliac,45.539812,0.171999
202000041473,28,5,2020,11,1,53,53118,1,3,1,3,La Touche le Housseau,48.460472,-0.517752
202000041474,25,5,2020,9,1,34,34337,1,6,1,7,D986,43.539908,3.898247
202000041475,27,5,2020,11,1,69,69299,1,1,1,6,A432,45.7078884,5.0996226
202000041476,21,5,2020,17,1,74,74196,1,1,1,1,D119,46.051679,6.574046
202000041477,28,5,2020,10,1,973,97305,1,2,1,1,PK 17.100 route nationale 1,4.946575,-52.420278
202000041478,27,5,2020,16,1,977,97701,2,1,1,1,Quartier Flamand,17.916043,-62.855144
202000041479,27,5,2020,20,2,28,28377,1,1,1,6,D21.7,48.822331,1.36521
202000041480,28,5,2020,15,1,77,77099,1,2,1,3,D207a - D40,48.162683,2.705684
202000041481,27,5,2020,16,1,78,78030,1,1,7,3,D61,48.680237,1.893736
202000041482,27,5,2020,15,1,30,30258,2,6,1,6,40 Avenue Pierre Subleyras,43.682076,4.429572
202000041483,27,5,2020,20,1,34,34039,1,1,1,7,D613,43.452623,3.652825
202000041484,27,5,2020,13,1,34,34162,1,9,1,3,D32,43.492409,3.470221
202000041485,27,5,2020,19,1,25,25377,1,1,1,7,Route de Clerval,47.430958,6.377757
202000041486,26,5,2020,17,1,67,67154,1,3,1,5,D468,48.377597,7.689925
202000041487,27,5,2020,22,3,63,63150,1,1,1,1,D455,45.8992177,3.0708385
202000041488,22,5,2020,20,2,42,42285,1,2,7,3,Clos Maillot,45.575266,4.097391
202000041489,14,5,2020,9,1,64,64496,2,1,1,6,Avenue du Labourd,43.476147,-1.456606
202000041490,28,5,2020,8,1,40,40283,1,3,1,3,Route de Buglose,43.76323,-1.002363
202000041491,26,5,2020,20,2,76,76250,2,1,1,7,Route Saint Jacques,49.566993,0.311126
202000041492,27,5,2020,16,1,59,59268,2,3,1,2,Rue du Grand Chemin,50.628493,2.740917
202000041493,20,5,2020,16,1,83,83027,1,1,1,2,A50,43.1699868,5.7700268
202000041494,24,5,2020,15,1,42,42218,1,1,1,5,RN88,45.43253,4.41672
202000041495,27,5,2020,19,1,33,33039,1,1,1,2,ROCADE A 630,44.79945,-0.53588
202000041496,26,5,2020,23,5,92,92050,1,1,1,2,A14,48.8959652,2.2251861
202000041497,26,5,2020,15,1,78,78297,1,1,1,6,RN12,48.788482,2.067802
202000041498,26,5,2020,9,1,93,93048,1,1,1,2,AUTOROUTE A3,48.87301,2.43527
202000041499,26,5,2020,9,1,92,92036,1,1,1,7,AUTOROUTE A15,48.9390019,2.2956662
202000041500,26,5,2020,21,3,94,94065,1,1,1,2,A86 INT,48.7544,2.3504
202000041501,24,5,2020,3,5,94,94018,1,1,1,6,A4,48.8248625,2.3928937
202000041502,29,1,2020,15,1,05,05061,2,3,7,6,ST MENS ( RUE DE ),44.55933,6.0857
202000041503,16,1,2020,18,2,69,69029,1,1,1,2,RD 383  ,45.7353921,4.9018915
202000041504,26,5,2020,13,1,974,97416,2,1,1,2,LEBLOND 2 (RUE MARIUS ET ARY),-21.00463,55.27536
202000041505,25,5,2020,10,1,974,97416,2,1,1,2,PERE MAITRE(RUE DU),-21.28438,55.466893
202000041506,25,5,2020,9,1,974,97411,2,6,1,3,JAURES (BOULEVARD JEAN),-20.9009,55.4968
202000041507,26,5,2020,20,5,973,97302,2,1,2,3,MONTABO (ROUTE DE) 1,4.9409737,-52.3026896
202000041508,26,5,2020,22,5,69,69387,2,2,1,-1,GAMBETTA                            (CO),45.7544,4.8455
202000041509,26,5,2020,16,1,69,69386,2,2,1,3,MICHEL RAMBAUD                      (R ),45.76896,4.86057
202000041510,26,5,2020,15,1,69,69388,2,3,1,3,VIENNE (DE)                         (RO),45.72401,4.85411
202000041511,26,5,2020,6,2,69,69383,2,2,1,3,GARIBALDI                           (R ),45.75712,4.85273
202000041512,25,5,2020,20,1,69,69259,2,3,1,1,Avenue Charles de Gaulle,45.7193759,4.8883459
202000041513,26,5,2020,13,1,972,97213,1,1,1,3,VIEUX CHEMIN CALIFORNIE (RUE DU),14.620585,-61.031495
202000041514,26,5,2020,1,5,2A,2A004,1,1,1,6,ALATA ROUTE,41.94183,8.73563
202000041515,26,5,2020,20,5,95,95306,2,1,1,6,ARGENTEUIL(RUE D'),48.99003,2.16786
202000041516,26,5,2020,18,1,91,91477,2,2,1,3,HUIT MAI 1945 (AVENUE DU),48.70976,2.24312
202000041517,22,5,2020,15,1,91,91339,2,1,1,3,BENOIST ROBERT (AVENUE),48.6365,2.2668
202000041518,26,5,2020,9,1,88,88413,2,1,1,3,QUAI CARNOT,48.28435,6.95398
202000041519,25,5,2020,16,1,87,87085,2,1,1,4,BORIE (BOULEVARD DE LA),45.84314,1.23891
202000041520,22,5,2020,17,1,87,87050,1,3,1,2,,45.90176,1.22853
202000041521,25,5,2020,9,1,87,87085,2,1,1,6,DUTREIX (RUE ARMAND),45.8314,1.23854
202000041522,23,5,2020,9,1,78,78646,2,3,1,5,ETATS UNIS (AVENUE DES),48.81132,2.15147
202000041523,16,5,2020,19,1,77,77288,2,1,1,6,ANTOINE DE SAINT EXUPERY(AVENUE),48.55115,2.65473
202000041524,25,5,2020,20,1,76,76540,2,1,1,6,LA FAYETTE. RUE,49.43092,1.08642
202000041525,26,5,2020,9,1,76,76351,2,1,1,3,BOIS AU COQ (AVENUE),49.5197,0.1153
202000041526,25,5,2020,17,1,76,76351,2,2,1,1,RAYMOND GUENOT,49.4943,0.1037
202000041527,23,5,2020,22,5,76,76351,1,6,1,6,LOUIS BLANC,49.5078,0.1338
202000041528,24,5,2020,12,1,67,67180,2,1,8,6,PREFET LEZAY-MARNEZIA (RUE DU),48.798954,7.782546
202000041529,23,5,2020,12,1,66,66136,1,1,1,3,ARCADES (RD POINT),42.674254,2.88768
202000041530,26,5,2020,12,1,65,65440,2,1,1,6,FOCH (RUE DU MARECHAL),43.232,0.0754
202000041531,26,5,2020,10,1,64,64260,2,1,1,3,ALLEES (RUE DES),43.356565,-1.774368
202000041532,25,5,2020,18,1,64,64269,1,1,1,4,TARBES DE,43.2988,-0.3054
202000041533,26,5,2020,17,1,64,64024,2,1,1,7,AGUILERA (ALLEE D'),43.48362,-1.53526
202000041534,20,5,2020,19,1,60,60057,2,1,7,1,MARECHAL LECLERC (RUE DU),49.43347,2.07741
202000041535,26,5,2020,10,1,59,59230,2,1,1,3,CLEMENCEAU (AVENUE),50.2600592,4.0036323
202000041536,25,5,2020,9,1,56,56260,2,2,1,3,RESISTANCE(BLD DE LA) 4 A DDASS,47.64617,-2.78027
202000041537,26,5,2020,13,1,51,51454,2,1,1,3,Boulevard de la Paix,49.2517888,4.041808
202000041538,24,5,2020,23,5,50,50602,2,4,1,-1,GAULLE (RUE DU GENERAL DE),49.6395,-1.56965
202000041539,24,5,2020,11,1,40,40088,2,9,1,2,HUGO (AVENUE VICTOR),43.70301,-1.05304
202000041540,26,5,2020,21,1,35,35238,2,1,9,6,CHAMPION DE CICE,48.10205,-1.705704
202000041541,26,5,2020,17,1,35,35115,2,1,1,3,COINTAT (BD MICHEL),48.3436385,-1.1754229
202000041542,26,5,2020,10,1,34,34108,1,1,1,5,RD 600,43.4307,3.72132
202000041543,26,5,2020,23,5,34,34172,2,2,1,2,JUSTICE DE CASTELNAU (AVENUE DE LA),43.62597,3.88212
202000041544,26,5,2020,8,1,33,33063,2,2,1,3,PONT JACQUES CHABAN-DELMAS / QUAI DE BACALAN,44.86016,-0.5536
202000041545,26,5,2020,7,1,33,33162,2,2,1,1,AVE DU TAILLAN-MEDOC / RUE DU BRETEIL / RUE PAUL DUMONT,44.87976,-0.64755
202000041546,15,5,2020,18,1,33,33063,2,3,1,3,ALL DE TOURNY / RUE GOBINEAU,44.8436651,-0.5751517
202000041547,26,5,2020,14,1,29,29232,1,6,1,2,Rond Point du Loch,48.01222,-4.07757
202000041548,25,5,2020,11,1,29,29232,2,1,1,2,Route de Benodet,47.9863104,-4.1072711
202000041549,25,5,2020,18,1,29,29232,2,1,1,2,Rue Paul Borrossi,47.9883,-4.13006
202000041550,26,5,2020,13,1,22,22113,2,1,1,6,MORLAIX (ROUTE DE),48.721771,-3.481857
202000041551,22,5,2020,20,1,22,22113,2,6,1,3,ROND POINT COPPENS,48.735399,-3.4372508
202000041552,26,5,2020,17,1,14,14167,2,2,1,3,JEAN JAURES (RUE ),49.20125,-0.30094
202000041553,26,5,2020,5,3,13,13103,1,1,1,2,ROUTE DE JEAN MOULIN-RN 538,43.6729,5.09229
202000041554,27,5,2020,0,5,13,13210,2,1,1,6,OCTROI (PLACE GARE DE L'),43.28153,5.42685
202000041555,26,5,2020,22,4,13,13215,2,1,1,3,DE SAINT LOUIS AU ROVE (chemin),43.3538618,5.3525519
202000041556,26,5,2020,14,1,13,13206,2,1,1,6,SYLVABELLE (RUE),43.2894,5.3793
202000041557,25,5,2020,16,1,13,13004,2,9,1,6,AV DES ALYSCAMPS,43.6750519,4.6325196
202000041558,25,5,2020,16,1,10,10387,2,1,7,2,PASTEUR (RUE),48.29891,4.06613
202000041559,25,5,2020,18,1,07,07281,1,1,1,7,C.D. 287 (VERS ST ROMAIN DE LERPS),44.94738,4.82938
202000041560,25,5,2020,17,1,07,07102,2,1,1,6,REPUBLIQUE (AV. DE LA) [DU N° AU N°],44.93648,4.87299
202000041561,25,5,2020,18,1,07,07102,2,1,1,2,BEAUCAIRE (AVENUE DE),44.931,4.85699
202000041562,26,5,2020,11,1,06,06069,2,1,1,2,Route de la Paoute,43.632441,6.957613
202000041563,25,5,2020,10,1,06,06029,2,1,7,2,LECLERC (SQUARE GENERAL),43.5483,7.01192
202000041564,26,5,2020,11,1,06,06027,2,1,1,-1,RENOIR AVENUE AUGUSTE,43.664,7.152
202000041565,26,5,2020,8,1,75,75106,2,3,1,6,RUE NOTRE DAME DES CHAMPS,48.846455,2.327327
202000041566,26,5,2020,18,1,75,75120,2,1,1,7,RUE DES PYRENEES,48.857886,2.403636
202000041567,25,5,2020,21,2,75,75119,2,2,1,6,BOULEVARD SERURIER,48.87961,2.399678
202000041568,26,5,2020,8,1,75,75118,2,4,1,3,BOULEVARD ORNANO,48.897327,2.344859
202000041569,26,5,2020,10,1,75,75117,2,2,1,2,BOULEVARD BESSIERES,48.894287,2.31378
202000041570,26,5,2020,17,1,75,75116,2,1,1,3,AVENUE DU PRESIDENT KENNEDY,48.853532,2.28216
202000041571,26,5,2020,11,1,75,75116,2,1,1,2,AVENUE DE NEW YORK,48.861591,2.292771
202000041572,26,5,2020,18,1,75,75115,2,2,1,3,RUE DE LA CROIX NIVERT,48.839978,2.290352
202000041573,26,5,2020,19,1,75,75114,2,1,7,3,BOULEVARD BRUNE,48.826591,2.310657
202000041574,26,5,2020,13,1,75,75113,2,2,1,3,BOULEVARD AUGUSTE BLANQUI,48.831122,2.344232
202000041575,26,5,2020,20,2,75,75108,2,2,1,3,RUE D ANJOU,48.870738,2.321373
202000041576,26,5,2020,18,1,75,75107,2,1,1,6,AVENUE DE SAXE,48.849269,2.308784
202000041577,26,5,2020,21,5,75,75104,2,1,1,3,RUE DE RIVOLI,48.85713,2.353039
202000041578,26,5,2020,16,1,75,75102,2,5,1,3,BOULEVARD DES CAPUCINES,48.869918,2.328034
202000041579,25,6,2020,18,1,31,31555,2,1,1,3,AV RAYMOND NAVES,43.59515,1.48436
202000041580,22,6,2020,10,1,29,29039,2,1,1,2,Avenue Pierre Gueguin,47.8738293,-3.9183424
202000041581,27,6,2020,3,3,22,22360,2,6,1,6,GUERNEAU (RUE DU),48.4780708,-2.7679467
202000041582,29,6,2020,19,1,21,21231,2,1,1,6,26 Rue Chevreul,47.30844,5.03946
202000041583,29,6,2020,20,1,21,21054,2,2,1,3,Rue Gustave Eiffel,47.039529,4.84566
202000041584,29,6,2020,22,5,14,14118,2,1,1,6,CHEMIN VERT (RUE DU - N°79),49.18989,-0.3908
202000041585,27,6,2020,19,1,30,30032,1,1,1,1,saint gilles route de D38,43.79463,4.59535
202000041586,28,6,2020,12,1,13,13056,1,1,1,6,ROUTE DE SAINT PIERRE,43.38756,5.06317
202000041587,29,6,2020,21,1,13,13215,2,1,1,6,VALLON DES TUVES,43.37064,5.36937
202000041588,28,6,2020,23,5,13,13208,2,1,1,6,ANDRE ZENATTI (AVENUE),43.246328,5.388127
202000041589,29,6,2020,0,5,13,13212,2,1,1,7,PEINTRES ROUX (AVENUE DES),43.305633,5.470416
202000041590,28,6,2020,18,1,11,11262,2,3,1,3,FRANCE (AVENUE ANATOLE),43.18702,2.99083
202000041591,29,6,2020,15,1,06,06088,2,1,1,6,GAIRAUT (AV. DE),43.73225,7.25833
202000041592,19,6,2020,16,1,06,06088,2,1,1,3,GENDARMERIE (R. DE LA),43.7112,7.2802
202000041593,29,6,2020,17,1,06,06027,2,1,1,2,CAMPANETTE CHEMIN DE LA,43.67532,7.16389
202000041594,28,6,2020,10,1,05,05061,1,1,1,5,RN 85,44.526239,6.0483