Num_Acc,jour,mois,an,hr,condition_eclairage,departement,commune,condition_agglomeration,intersection,condition_atmosphere,type_collision,adresse,lattitude,longitude
202000041595,29,6,2020,0,5,75,75118,2,1,1,5,PORTE DE CLIGNANCOURT,48.901041,2.350764
202000041596,27,6,2020,9,1,75,75113,2,1,1,2,BOULEVARD PERIPHERIQUE,48.82158,2.379131
202000041597,29,6,2020,18,1,75,75119,2,3,1,6,RUE HAXO,48.876908,2.402152
202000041598,29,6,2020,8,1,75,75119,2,1,1,7,RUE DE LORRAINE,48.886325,2.382464
202000041599,29,6,2020,12,1,75,75113,2,4,1,6,RUE DU DOCTEUR BOURNEVILLE,48.81907,2.357982
202000041600,29,6,2020,14,1,75,75112,2,2,1,3,RUE MONTGALLET,48.842662,2.385907
202000041601,29,6,2020,6,1,75,75112,2,3,1,6,BOULEVARD SOULT,48.837283,2.408293
202000041602,29,6,2020,7,1,75,75112,2,7,1,6,BOULEVARD DE REUILLY,48.839557,2.395481
202000041603,22,6,2020,11,1,75,75111,2,2,1,6,RUE BOULLE,48.856889,2.37221
202000041604,29,6,2020,12,1,75,75111,2,2,1,6,RUE DE LA ROQUETTE,48.859339,2.38686
202000041605,28,6,2020,22,5,75,75110,2,1,1,5,BOULEVARD DE MAGENTA,48.872642,2.359324
202000041606,29,6,2020,16,1,75,75107,2,1,1,7,QUAI D ORSAY,48.86226,2.303742
202000041607,28,6,2020,12,1,75,75107,2,1,1,6,RUE DE L UNIVERSITE,48.861153,2.306175
202000041608,28,6,2020,22,5,75,75101,2,7,1,3,QUAI FRANCOIS MITTERRAND,48.860114,2.333347
202000041609,29,6,2020,12,1,75,75103,2,1,1,3,RUE COMMINES,48.862225,2.36639
202000041610,29,6,2020,8,1,75,75103,2,1,1,6,RUE REAUMUR,48.865046,2.357967
202000041611,29,6,2020,15,1,94,94074,1,1,1,4,VASCO DE GAMA,48.76731,2.45224
202000041612,29,6,2020,9,1,94,94033,2,3,1,7,NEUILLY (R DE),48.847409,2.478662
202000041613,28,6,2020,23,5,94,94028,2,1,1,5,FOCH(AVENUE DU MARECHAL),48.77768,2.43857
202000041614,29,6,2020,11,1,94,94022,2,9,1,6,LEON GOURDAULT (AV),48.763297,2.406363
202000041615,28,6,2020,22,5,94,94019,2,1,1,3,MARECHAL LECLERC (AV DU),48.79635,2.53257
202000041616,25,6,2020,20,1,94,94017,2,1,1,6,GABRIEL PERI (BD),48.81941,2.5029
202000041617,29,6,2020,9,1,93,93078,2,9,1,6,BALLANGER (BD ROBERT),48.95143,2.5259
202000041618,29,6,2020,20,1,93,93053,2,1,1,3,ROSNY (AVENUE DE) N° 53 A 243,48.8917196,2.4710097
202000041619,29,6,2020,10,1,93,93053,2,9,1,3,JEAN JAURES (RUE),48.891624,2.4546938
202000041620,29,6,2020,9,1,93,93015,2,2,1,3,PLACE DU PRESIDENT WILSON,48.91546,2.57941
202000041621,28,6,2020,20,1,93,93008,2,1,1,6,SEMARD (AVENUE PIERRE),48.90849,2.44566
202000041622,28,6,2020,17,1,93,93008,2,6,1,6,VAILLANT COUTURIER (AVENUE PAUL),48.9081108,2.4530183
202000041623,28,6,2020,22,5,93,93001,2,1,1,3,AV DE LA REPUBLIQUE ,48.90963,2.38623
202000041624,28,6,2020,17,1,92,92022,2,1,1,2,SALENGRO (AVENUE ROGER),48.8172107,2.1958669
202000041625,29,6,2020,15,1,92,92048,2,3,1,6,DUMONT D'URVILLE (RUE),48.8189022,2.2294146
202000041626,26,6,2020,23,5,92,92036,2,2,1,3,GRESILLONS (AVENUE DES) (103/139),48.917602,2.30817
202000041627,28,6,2020,4,5,92,92025,2,1,1,6,COLBERT  55 A 113   42 A 102 (RUE),48.912958,2.235515
202000041628,29,6,2020,15,1,92,92002,2,3,1,1,PRESIDENT KENNEDY (50 A LA FIN),48.736865,2.293729
202000041629,28,6,2020,18,5,974,97415,2,2,1,5,Rue Saint Louis,-21.005586,55.277367
202000041630,30,6,2020,20,1,34,34225,1,2,1,3,Lieu dit Les champs blancs,43.364627,3.087802
202000041631,29,6,2020,16,1,17,17152,1,1,1,7,Rue du Branchereau,45.540845,-0.820654
202000041632,30,6,2020,13,1,54,54146,1,1,1,6,A31,48.5926824,5.8878565
202000041633,30,6,2020,7,1,28,28234,1,1,1,1,D23,48.364019,1.246605
202000041634,4,6,2020,14,1,14,14061,1,3,2,3,D53,48.963166,-0.816395
202000041635,29,6,2020,17,1,38,38105,2,1,1,3,Route de Chartreuse,45.40859,5.56143
202000041636,29,6,2020,10,1,971,97109,2,1,1,1,"RN1, Avenue du General de Gaulle",15.999703,-61.694251
202000041637,29,6,2020,18,1,30,30287,1,2,1,3,615 Chemin du Vignarès,44.197874,4.53919
202000041638,28,6,2020,18,1,62,62559,1,1,1,7,D15,50.199167,3.089398
202000041639,30,6,2020,12,1,56,56169,2,1,1,6,Place de l'Eglise,47.696999,-3.250851
202000041640,24,6,2020,4,3,2A,2A323,1,1,1,6,T20,42.021785,8.898304
202000041641,29,6,2020,6,1,11,11367,1,1,1,7,D4,43.366093,2.170615
202000041642,30,6,2020,10,1,89,89309,2,9,1,3,Rue des Renardiéres,48.2937458,3.1952874
202000041643,26,6,2020,18,1,61,61292,1,1,1,6,67 Lieu Dit le Pont,48.792645,-0.662677
202000041644,29,6,2020,10,1,46,46029,2,1,1,2,Avenue de la République,44.925774,1.84477
202000041645,26,6,2020,17,1,86,86149,2,2,2,1,D52/D20,46.920318,0.060666
202000041646,30,6,2020,8,1,39,39579,1,1,1,6,,46.299872,5.721163
202000041647,29,6,2020,3,3,39,39269,1,1,3,6,,46.382181,5.711195
202000041648,30,6,2020,7,1,25,25152,1,3,1,1,Grange de la Foret (Bouclans),47.213873,6.187996
202000041649,30,6,2020,7,1,31,31451,2,6,1,6,1 Avenue du Coude Prolongée,43.455873,2.000315
202000041650,30,6,2020,14,1,38,38263,1,1,1,6,Route de Chatain,45.28465,5.44505
202000041651,30,6,2020,8,1,38,38027,2,1,1,3,Route Nationale 90,45.43221,5.99919
202000041652,30,6,2020,16,1,02,02719,2,3,1,3,2 Rue Achille Chemin,49.59588,3.24643
202000041653,29,6,2020,18,1,02,02128,2,1,1,6,Rue Porte de Reims,49.524131,3.664777
202000041654,30,6,2020,10,1,03,03290,1,6,1,3,Chantalouette,46.6525645,3.2707399
202000041655,30,6,2020,17,1,15,15127,1,1,1,1,Lieu-dit AUROUZE,45.239466,3.149225
202000041656,28,5,2020,19,2,15,15267,1,3,1,4,22 Route de Tulle,44.935294,2.393886
202000041657,27,6,2020,8,1,66,66148,1,3,1,-1,CD914,42.497502,3.119484
202000041658,29,6,2020,7,1,14,14493,2,1,1,6,24 Rue Grande,49.053532,-0.063751
202000041659,29,6,2020,23,5,60,60372,2,1,1,6,3 Rue de Fontaine,49.553461,2.120801
202000041660,30,6,2020,12,1,60,60109,1,2,1,3,départementale 124,49.6590198,1.8784659
202000041661,30,6,2020,8,1,45,45272,2,6,1,3,D8014 - 0+1,47.8440222,1.9459506
202000041662,29,6,2020,9,1,18,18197,2,1,7,6,29 Avenue Jean Jaurès,46.724124,2.498966
202000041663,29,6,2020,22,3,07,07254,1,1,1,6,Passe Laigue,44.654215,4.419165
202000041664,28,6,2020,11,1,21,21092,2,1,1,7,Rue de la Forge,47.132548,4.776209
202000041665,30,6,2020,19,1,40,40224,2,1,7,6,3 Rue Gambetta,43.54417,-1.105471
202000041666,29,6,2020,19,1,85,85051,1,1,1,1,Le Champ du Loup,46.661926,-1.070566
202000041667,28,6,2020,11,1,88,88377,2,2,1,1,1 Rue du Bois,47.986733,5.973955
202000041668,29,6,2020,18,1,35,35210,2,1,1,6,Boulevard de la Giraudais,48.137991,-1.768429
202000041669,26,5,2020,17,1,06,06085,2,1,1,6,1064 Avenue Saint Martin,43.611316,6.977912
202000041670,30,6,2020,10,1,33,33199,1,6,1,7,A660,44.615003,-1.072884
202000041671,30,6,2020,11,1,38,38375,1,1,1,3,D530,44.95286,6.18261
202000041672,30,6,2020,8,1,63,63014,1,1,1,2,A75,45.7456624,3.1455226
202000041673,27,6,2020,7,2,17,17226,1,1,1,2,A10,45.915751,-0.58322
202000041674,30,6,2020,6,1,38,38053,1,1,1,2,A43,45.600267,5.27003
202000041675,30,6,2020,1,5,60,60494,2,1,1,1,Route de Mortefontaine,49.105767,2.59093
202000041676,29,6,2020,10,1,78,78003,1,1,1,6,A11,48.538018,1.88134
202000041677,27,6,2020,19,3,987,98729,2,1,1,7,pk 16.5 HAAPITI,-17.591667,-149.822273
202000041678,29,6,2020,20,4,988,98808,1,1,1,7,Route de Néaoua,-21.30021,165.638208
202000041679,29,6,2020,1,3,974,97415,1,1,1,6,Route Nationale 1,-21.016648,55.255606
202000041680,30,6,2020,10,1,971,97108,1,1,1,3,N9,15.902121,-61.25011
202000041681,25,6,2020,14,1,45,45324,1,3,1,7,D13 PR 16+50,47.7404879,2.162596
202000041682,29,6,2020,13,1,45,45188,2,1,1,3,D2152 - PR 49+500,47.9795507,2.0586925
202000041683,30,6,2020,6,1,77,77147,1,1,1,7,La Croix-en-Brie,48.608937,3.071923
202000041684,29,6,2020,19,1,77,77328,2,1,7,1,Rue de la Grange aux Dimes,48.314947,2.409396
202000041685,24,6,2020,8,1,2A,2A247,2,1,1,2,90 Avenue de Bastia,41.609262,9.278464
202000041686,30,6,2020,9,1,48,48119,1,1,1,6,D906,44.48643,3.928331
202000041687,27,6,2020,4,5,34,34344,2,1,1,6,Avenue du Général LECLERC,43.561311,4.096473
202000041688,29,6,2020,16,1,06,06057,2,1,1,7,Col de Nice,43.830559,7.351208
202000041689,29,6,2020,17,1,13,13027,1,3,1,3,Route de la Crau,43.880859,4.832139
202000041690,30,6,2020,8,1,89,89295,2,3,1,3,Route des Terres et Vignes,47.8168091,3.5556634
202000041691,29,6,2020,21,2,68,68036,1,1,1,7,chemin privé ouvert au public,48.054681,7.510635
202000041692,17,6,2020,16,1,74,74094,1,1,1,3,Route des Chasseurs,46.203771,6.284362
202000041693,25,6,2020,17,1,74,74056,1,1,2,-1,960 Route des Gaillands,45.915557,6.849166
202000041694,29,6,2020,12,1,38,38068,1,1,1,2,RN85,45.101123,5.715723
202000041695,29,6,2020,19,1,26,26206,1,3,7,3,D538A,44.822243,5.002524
202000041696,27,6,2020,17,1,44,44025,1,1,8,-1,Les Rotis,47.436811,-1.92574
202000041697,28,6,2020,22,5,69,69259,1,1,1,2,RD 383  ,45.7197792,4.8797169
202000041698,29,6,2020,19,1,33,33003,1,1,1,5,AUTOROUTE A 10,44.93691,-0.46706
202000041699,26,6,2020,18,1,59,59143,1,1,1,4,AUTOROUTE A25,50.6589167,2.8973182
202000041700,29,6,2020,8,1,91,91521,1,1,1,7,RD 31,48.64966,2.38436
202000041701,29,6,2020,9,1,91,91064,1,1,1,2,RN 118,48.75366,2.22347
202000041702,29,6,2020,9,1,95,95582,1,1,1,5,A15,48.96542,2.25989
202000041703,28,6,2020,22,2,94,94046,1,1,1,-1,A86 EXT,48.7978,2.445
202000041704,3,3,2020,11,1,03,03265,1,1,1,7,,46.4611445,3.7428293
202000041705,28,6,2020,18,5,988,98818,2,2,1,3,RUE BOUGAINVILLE,-22.2786,166.45107
202000041706,28,6,2020,6,2,974,97411,1,1,8,6,RN2 - Virage de la Jamaïque,-20.885969,55.498917
202000041707,28,6,2020,15,1,69,69276,2,3,1,2,LYON (DE)                               ,45.67622,4.8609
202000041708,28,6,2020,3,5,69,69386,2,1,1,3,VAUBAN                              (R ),45.7661,4.8567
202000041709,17,6,2020,12,1,972,97213,2,1,1,3,NELSON MANDELA,14.612556,-60.99825
202000041710,27,6,2020,23,5,69,69149,2,3,1,3,JEAN JAURES                         (AV),45.7115404,4.8199474
202000041711,28,6,2020,15,1,91,91421,1,1,1,3,NATIONALE 6 (REVEIL MATIN),48.72006,2.44281
202000041712,28,6,2020,3,5,91,91161,2,1,1,6,HENRI BARBUSSE (RUE),48.69961,2.30697
202000041713,28,6,2020,9,1,91,91201,2,2,1,7,PORT AUX CERISES (RUE DU),48.69087,2.40942
202000041714,27,6,2020,15,1,83,83137,2,1,1,7,REPUBLIQUE (AVE DE LA),43.12125,5.9302
202000041715,28,6,2020,18,1,83,83069,2,6,1,3,DECUGIS (AVENUE ALFRED),43.116,6.146
202000041716,28,6,2020,6,2,78,78172,2,1,1,6,REPUBLIQUE (QUAI DE LA),48.991238,2.089133
202000041717,28,6,2020,19,5,69,69266,1,1,1,2,RD 383   ,45.7543,4.9158
202000041718,25,6,2020,15,1,67,67462,2,2,7,6,LIBERTE (AVENUE DE LA),48.25872,7.4487455
202000041719,28,6,2020,20,1,64,64445,2,1,1,7,EMILE GINOT,43.29433,-0.35642
202000041720,28,6,2020,21,1,62,62643,2,1,1,3,LIBERTE ( Bld de la ),50.7144157,1.5916978
202000041721,28,6,2020,20,1,44,44162,2,1,1,3,N844,47.24357,-1.62234
202000041722,27,6,2020,8,1,38,38053,1,1,1,3,Rue de la Poste,45.5861,5.2736
202000041723,28,6,2020,0,5,34,34172,2,2,1,3,VALERY (BOULEVARD PAUL,43.5835679,3.8662048
202000041724,28,6,2020,20,1,34,34003,2,1,1,3,MERIC (P3 A S2,43.28741,3.44499
202000041725,28,6,2020,13,1,33,33063,2,8,1,3,AVE THIERS / RUE DE LAUZAC,44.85245,-0.53997
202000041726,23,6,2020,8,1,33,33281,2,1,1,3,RUE DE STRASBOURG,44.82428,-0.61619
202000041727,28,6,2020,18,1,33,33529,2,6,1,-1,FOIX (RUE GASTON) DU 01 ET +,44.62995,-1.13732
202000041728,26,6,2020,14,1,31,31483,2,1,1,6,FRANCOIS MITTERAND ( AVENUE),43.11215,0.74537
202000041729,27,6,2020,13,1,29,29232,2,1,1,5,Avenue de la France Libre,48.0090094,-4.0962114
202000041730,28,6,2020,14,1,13,13202,2,9,1,3,FORBIN (RUE DE),43.3053798,5.3695866
202000041731,28,6,2020,5,2,13,13205,2,1,1,7,SAKAKINI (BOULEVARD),43.2954563,5.400573
202000041732,28,6,2020,4,5,13,13208,2,6,1,6,PARANGON (TRAVERSE),43.244103,5.37989
202000041733,27,6,2020,12,1,13,13047,2,1,1,6,RASSUEN ROUTE DE,43.49799,4.97763
202000041734,28,6,2020,19,1,13,13028,2,1,1,3,FARDELOUP (CHEMIN DE),43.184531,5.594231
202000041735,26,6,2020,11,1,08,08497,2,1,1,3,PIERQUIN L. BOULEVARD,49.79,4.67
202000041736,27,6,2020,22,4,03,03185,2,4,1,7,Rue Bretonnie,46.3379992,2.6023559
202000041737,28,6,2020,3,5,75,75114,2,4,1,6,BOULEVARD PERIPHERIQUE,48.823011,2.312096
202000041738,26,6,2020,18,1,75,75119,2,1,1,2,BOULEVARD PERIPHERIQUE,48.881,2.403653
202000041739,27,6,2020,22,2,75,75104,2,1,1,-1,BOULEVARD DE SEBASTOPOL,48.85987,2.348975
202000041740,28,6,2020,12,1,75,75113,2,3,1,3,BOULEVARD DE L HOPITAL,48.842707,2.363997
202000041741,28,6,2020,5,1,75,75105,2,1,1,6,PORT SAINT BERNARD,48.847616,2.360903
202000041742,28,6,2020,1,5,75,75119,2,2,1,6,AVENUE DE LAUMIERE,48.884675,2.379789
202000041743,28,6,2020,4,5,75,75118,2,2,1,6,RUE HERMEL,48.890172,2.344072
202000041744,28,6,2020,15,1,75,75114,2,1,1,6,RUE D ALESIA,48.827842,2.3293
202000041745,28,6,2020,7,1,75,75111,2,1,1,6,BOULEVARD DE CHARONNE,48.857831,2.391282
202000041746,28,6,2020,13,1,75,75110,2,1,1,3,AVENUE PARMENTIER,48.870493,2.37068
202000041747,28,6,2020,1,5,75,75110,2,2,1,6,BOULEVARD DE MAGENTA,48.873761,2.358329
202000041748,28,6,2020,1,5,75,75103,2,1,1,1,RUE VIEILLE DU TEMPLE,48.861763,2.364232
202000041749,27,6,2020,17,1,94,94076,2,9,1,-1,PARIS (AV DE),48.8062936,2.3634037
202000041750,28,6,2020,0,5,94,94073,2,9,1,6,VERSAILLES (AV DE),48.75709,2.38881
202000041751,27,6,2020,5,2,94,94002,2,1,1,7,VILLENEUVE ST GEORGES (CHE DE),48.78187,2.42883
202000041752,28,6,2020,2,5,93,93070,2,5,1,6,MICHELET(AV):N°1AU 103,48.90148,2.34421
202000041753,28,6,2020,15,1,93,93031,2,1,1,6,AV LEON BLUM,48.95895,2.31292
202000041754,28,6,2020,19,1,93,93027,2,1,1,3,JAURES (AVENUE JEAN),48.9229414,2.4060713
202000041755,28,6,2020,18,5,92,92078,2,9,1,-1,GALLIENI (BD) (1 A 79 ET 22 A 102),48.926416,2.328416
202000041756,28,6,2020,18,1,92,92076,2,9,1,3,REPUBLIQUE,48.8375,2.154894
202000041757,28,6,2020,7,1,92,92012,2,1,8,7,PONT DE SEVRES (ROND POINT DU),48.8281005,2.2296924
202000041758,29,6,2020,9,1,2A,2A348,1,1,1,3,Pied Arena,42.147904,8.72451
202000041759,29,6,2020,5,3,95,95313,1,1,1,6,Avenue de Paris,49.105329,2.244108
202000041760,27,6,2020,9,1,33,33225,2,1,1,6,16 Rue des Frères Bordes,44.5711,-0.42063
202000041761,28,6,2020,16,1,17,17015,1,1,2,4,D145,45.55553,-0.922508
202000041762,22,6,2020,14,1,18,18258,1,2,1,3,Les Egrots,47.360132,2.816421
202000041763,27,6,2020,10,1,972,97221,1,1,1,2,Habitation Mareuil,14.526822,-60.990869
202000041764,28,6,2020,20,2,38,38108,1,1,2,7,Route des Gorges de la Bourne,45.066383,5.365357
202000041765,24,6,2020,17,1,62,62849,1,1,1,4,9 Route de Montreuil,50.403095,1.656607
202000041766,28,6,2020,16,1,83,83067,2,6,7,6,RD93,43.315468,6.276305
202000041767,29,6,2020,17,1,79,79066,2,1,1,6,9 Chemin du Tram,46.486545,-0.407242
202000041768,27,6,2020,9,1,80,80338,1,2,1,3,Rue de Cachy,49.883077,2.497973
202000041769,29,6,2020,16,1,82,82020,1,3,1,1,Intersection D3 / D55,43.851489,1.138716
202000041770,28,6,2020,1,3,11,11253,1,9,1,7,Route de la Montagne Noire,43.291951,2.223862
202000041771,24,10,2020,11,1,79,79191,2,3,1,6,Rue de la Corderie,46.3292,-0.46806
202000041772,23,10,2020,10,1,74,74305,2,1,3,3,ROTONDE (RUE DE LA),46.20154,6.23612
202000041773,24,10,2020,20,5,64,64129,2,2,1,1,2 Avenue Montilleul,43.3087612,-0.3802536
202000041774,24,10,2020,21,5,64,64102,2,2,1,7,GRAND HARGOUS (rue du),43.50446,-1.46718
202000041775,24,10,2020,11,1,64,64102,2,1,1,3,AVRIL (AVENUE DU 14),43.50334,-1.46578
202000041776,1,10,2020,14,1,59,59350,2,4,2,3,SAINT AMAND RUE,50.621938,3.092662
202000041777,24,10,2020,11,1,54,54184,2,6,1,3,RD83,48.70881,6.2439
202000041778,23,10,2020,12,1,51,51454,2,3,1,7,Rue Charles Lafite,49.2517922,4.0614192
202000041779,24,10,2020,9,1,45,45284,2,1,1,6,SOULAS (AVENUE LOUIS JOSEPH),47.90802,1.96238
202000041780,24,10,2020,2,3,39,39150,1,1,8,6,,47.062666,5.448832
202000041781,24,10,2020,18,5,38,38169,1,1,1,3,Avenue Aristide Briand,45.1903,5.6902
202000041782,23,10,2020,22,3,37,37195,1,1,1,7,,47.3849424,0.6508182
202000041783,24,10,2020,17,2,35,35238,2,1,2,2,PATTON (AVENUE DU GENERAL SIR GEORGES),48.13731,-1.65883
202000041784,24,10,2020,18,1,34,34172,2,3,1,3,TOULOUSE (AVENUE DE,43.59518,3.861869
202000041785,24,10,2020,11,1,29,29232,2,1,2,6,D63 - Rue de la Providence,48.00016,-4.10964
202000041786,24,10,2020,8,1,29,29019,2,1,2,6,Rue Voltaire,48.3845589,-4.4874479
202000041787,23,10,2020,12,1,27,27375,2,9,7,6,JAURES (PLACE JEAN),49.21016,1.17052
202000041788,23,10,2020,9,1,26,26198,2,1,1,2,9 Chemin du Bois de Laud,44.5656,4.7601
202000041789,20,10,2020,16,1,25,25388,2,9,1,3,HELVETIE (AVENUE D'),47.50878,6.80884
202000041790,22,10,2020,19,5,25,25388,2,1,2,1,HOLLANDE (RUE DE LA PETITE),47.500819,6.791359
202000041791,18,10,2020,20,5,18,18033,2,3,1,3,FRANCE (COUR ANATOLE),47.08148,2.40285
202000041792,24,10,2020,20,5,13,13002,2,1,1,7,GENERAL LECLERC (AVENUE DU),43.34133,5.48555
202000041793,24,10,2020,19,2,13,13206,2,1,1,3,PRADO (AVENUE DU),43.282706,5.385216
202000041794,24,10,2020,13,1,13,13201,2,1,1,2,BRETEUIL (RUE)    2 A 18,43.293074,5.374644
202000041795,24,10,2020,0,5,13,13004,2,1,1,1,RTE DE CRAU,43.671423,4.6422407
202000041796,23,10,2020,19,3,10,10333,1,1,8,6,ROCADE OUEST (RD 610),48.28497,4.03986
202000041797,24,10,2020,20,5,06,06069,2,2,1,6,DE LATTRE DE TASSIGNY (AVENUE DU MARECHA,43.64885,6.93136
202000041798,24,10,2020,13,1,06,06069,2,1,1,1,BLUMENTHAL (CHEMIN DE),43.667616,6.949496
202000041799,24,10,2020,12,1,06,06027,2,1,1,3,ALPES AVENUE DES,43.66373,7.14882
202000041800,23,10,2020,15,1,75,75116,2,1,1,4,BOULEVARD PERIPHERIQUE,48.866524,2.268792
202000041801,24,10,2020,19,3,75,75119,2,3,2,6,RUE DE LA VILLETTE,48.875593,2.387417
202000041802,24,10,2020,14,1,75,75119,2,3,2,6,RUE JULES ROMAINS,48.873303,2.378078
202000041803,23,10,2020,19,5,75,75118,2,2,1,6,AVENUE DE LA PORTE DE CLIGNANCOURT,48.900689,2.344212
202000041804,23,10,2020,19,5,75,75117,2,3,1,6,AVENUE MAC MAHON,48.878346,2.29428
202000041805,22,10,2020,20,5,75,75117,2,7,1,-1,BOULEVARD BERTHIER,48.88717,2.297983
202000041806,24,10,2020,20,5,75,75116,2,2,2,3,AVENUE DU PRESIDENT KENNEDY,48.851373,2.278533
202000041807,24,10,2020,6,5,75,75115,2,3,1,6,RUE DU CLOS FEUQUIERES,48.837622,2.290873
202000041808,22,10,2020,17,1,75,75115,2,1,1,6,RUE DE LA CONVENTION,48.836882,2.297626
202000041809,24,10,2020,20,5,75,75114,2,3,1,4,AVENUE DU MAINE,48.830246,2.325929
202000041810,23,10,2020,22,5,75,75114,2,7,1,3,BOULEVARD BRUNE,48.824535,2.319257
202000041811,24,10,2020,9,1,75,75111,2,1,1,-1,BOULEVARD JULES FERRY,48.868315,2.367333
202000041812,24,10,2020,19,5,75,75110,2,5,2,6,RUE DU CHATEAU LANDON,48.882186,2.363201
202000041813,24,10,2020,12,1,75,75110,2,1,8,3,BOULEVARD DE MAGENTA,48.873084,2.358928
202000041814,23,10,2020,20,5,75,75109,2,4,1,6,RUE LA FAYETTE,48.876028,2.344498
202000041815,24,10,2020,19,5,75,75101,2,1,2,3,RUE DE L AMIRAL DE COLIGNY,48.859288,2.340029
202000041816,24,10,2020,19,5,75,75104,2,3,2,1,RUE SAINT ANTOINE,48.854265,2.363763
202000041817,24,10,2020,16,1,75,75103,2,1,1,7,RUE DE TURBIGO,48.865256,2.35528
202000041818,24,10,2020,11,1,94,94078,2,3,1,2,FRANCIS MARTIN (R),48.73738,2.45244
202000041819,24,10,2020,12,1,94,94052,2,1,1,3,JACQUES KABLE (R),48.83551,2.4928
202000041820,23,10,2020,15,1,94,94041,2,3,1,3,JEAN JAURES (AV),48.80845,2.40401
202000041821,24,10,2020,20,5,93,93051,2,1,2,6,EMILE COSSONNEAU (AVE),48.8488,2.556
202000041822,24,10,2020,21,5,93,93050,2,3,1,1,JEAN JAURES (AVENUE) COTE VILLE EVRARD,48.86402,2.54992
202000041823,23,10,2020,22,5,93,93048,2,3,1,3,VICTOR HUGO S5 (AVENUE),48.8625124,2.482038
202000041824,24,10,2020,10,1,93,93047,2,1,8,3,JEAN JAURES (AVENUE),48.898221,2.5557724
202000041825,24,10,2020,19,5,93,93008,2,3,1,3,LENINE (BOULEVARD),48.90646,2.44109
202000041826,24,10,2020,1,5,93,93007,2,1,1,2,8 MAI 45 (AVENUE DU 1 AU 182),48.94508,2.43514
202000041827,24,10,2020,19,5,92,92078,2,1,1,3,VERDUN (AVENUE) (PAIRS 2 A 38),48.93554,2.33233
202000041828,23,10,2020,20,3,12,12105,1,1,2,1,D922,44.247397,2.027836
202000041829,25,10,2020,11,1,95,95229,2,1,2,6,Rue de la mairie,49.030908,2.361632
202000041830,24,10,2020,15,1,80,80296,1,1,1,6,autoroute A16,50.032528,2.058005
202000041831,19,10,2020,18,2,67,67149,1,4,1,1,D41,48.725923,7.415699
202000041832,24,10,2020,11,1,62,62015,2,1,1,1,16 Rue du Pont,50.43652,1.65121
202000041833,25,10,2020,17,1,42,42242,1,3,1,1,Route du 3 Juillet 1867,45.5451606,4.6301658
202000041834,25,10,2020,14,1,83,83130,2,1,1,6,222 route de sauvebonne,43.189408,6.055543
202000041835,24,10,2020,10,1,56,56166,1,1,2,1,Ty Henry,47.908756,-3.276438
202000041836,24,10,2020,21,3,67,67436,1,1,2,6,6 Route du Hantz,48.39932,7.140512
202000041837,24,10,2020,14,1,2A,2A330,1,1,2,1,T20,42.0695926,8.983058
202000041838,24,10,2020,19,3,2B,2B354,2,1,2,1,Lieu dit Tattone,42.152078,9.154481
202000041839,25,10,2020,7,1,82,82112,1,1,1,1,1699 Route de Detours,44.1278,1.0682
202000041840,24,10,2020,17,1,71,71230,2,1,1,1,Rue de la Villeneuve,46.6034767,4.0616082
202000041841,25,10,2020,12,1,89,89086,2,1,2,6,10 Rue du Chateau - CHEVILLON,47.92167,3.174024
202000041842,24,10,2020,19,5,89,89204,2,1,1,6,Avenue du Parc,47.583379,4.005032
202000041843,13,10,2020,20,3,63,63210,1,1,1,6,RD 223,45.917333,3.360078
202000041844,25,10,2020,3,3,55,55217,1,1,1,6,Grande Rue,48.483732,5.69662
202000041845,25,10,2020,16,1,34,34310,2,1,1,6,Rue Antoine de Saint Exupery,43.423452,3.164974
202000041846,24,10,2020,14,1,38,38389,1,1,1,1,Chemin de la Froide,45.56735,5.10635
202000041847,24,10,2020,11,1,02,02176,2,9,1,6,42 Route de Vailly,49.403252,3.571672
202000041848,25,10,2020,13,1,01,01073,1,2,1,3,Route de la Pierre,45.826833,5.716115
202000041849,25,10,2020,0,3,72,72039,1,6,2,7,Route Départementale 301,48.183888,0.452992
202000041850,25,10,2020,17,2,72,72386,1,1,3,6,Rue de Villeneuve,48.020413,0.268088
202000041851,24,10,2020,18,3,06,06102,1,1,1,6,RM2205 - PR20+500,44.058217,7.118583
202000041852,23,10,2020,14,1,14,14389,1,1,1,3,D675,49.069663,-0.675623
202000041853,25,10,2020,11,1,07,07313,2,1,1,6,47 Rue Michel Gautier,45.317562,4.76532
202000041854,24,10,2020,9,1,07,07050,1,1,1,1,Quartier Ponges,44.430981,4.132465
202000041855,24,10,2020,17,1,04,04065,1,1,1,7,Lieu dit les Gipières,44.06349,5.865669
202000041856,23,10,2020,19,3,85,85140,1,3,1,3,D113,46.74817,-0.896161
202000041857,24,10,2020,13,1,27,27466,1,2,1,3,D31,49.071083,0.872383
202000041858,24,10,2020,16,1,17,17037,1,1,1,6,La Maison Nouvelle,45.898312,-0.184343
202000041859,25,10,2020,18,3,06,06018,1,1,2,7,Route des Chappes,43.61152,7.079898
202000041860,25,10,2020,2,3,988,98824,1,1,2,6,RPN10,-20.45705,164.6753