Num_Acc,jour,mois,an,hr,condition_eclairage,departement,commune,condition_agglomeration,intersection,condition_atmosphere,type_collision,adresse,lattitude,longitude
202000041861,24,10,2020,17,1,971,97119,1,1,1,2,route des plantes,16.365846,-61.431921
202000041862,25,10,2020,19,3,77,77437,1,1,3,1,N330,49.043241,2.794787
202000041863,24,10,2020,19,3,77,77358,1,1,1,1,Chateau Gaillard,49.001928,2.846205
202000041864,24,10,2020,19,2,83,83112,2,1,1,7,12 Impasse Saint Louis,43.180208,5.675189
202000041865,24,10,2020,20,3,13,13100,1,1,1,7,PK 13+224 CD 99,43.784433,4.875934
202000041866,24,10,2020,21,3,89,89218,1,1,8,5,D943,47.964669,3.472978
202000041867,25,10,2020,15,1,67,67350,2,1,1,6,Rue du General de Gaulle,48.584211,7.640007
202000041868,7,10,2020,17,1,07,07324,2,6,1,1,1 Avenue Marechal Foch,45.07243,4.822134
202000041869,25,10,2020,20,3,69,69246,1,1,2,2,D338,45.9355299,4.6547403
202000041870,23,10,2020,20,5,79,79048,2,6,2,1,Avenue de Paris,46.369289,-0.289872
202000041871,25,10,2020,18,5,27,27386,2,2,1,3,3 Rue de Bretagne,49.314419,1.201131
202000041872,24,10,2020,18,2,27,27598,2,1,1,1,grande rue,49.23131,1.22201
202000041873,25,10,2020,18,3,60,60088,1,1,2,6,Rue de Bornel,49.2215579,2.2055667
202000041874,24,10,2020,9,1,13,13085,1,1,1,7,A50-Sens Toulon vers Aubagne,43.251325,5.595761
202000041875,19,10,2020,22,3,57,57663,1,1,1,2,Autoroute A31,49.227527,6.1786927
202000041876,24,10,2020,21,5,33,33397,1,1,1,2,AUTOROUTE A 10,44.92221,-0.47468
202000041877,24,10,2020,15,1,91,91377,1,1,2,5,AUTOROUTE A10,48.7184,2.2924
202000041878,24,10,2020,14,1,94,94021,1,1,2,2,AUTOROUTE A6A,48.7708,2.34553
202000041879,24,10,2020,12,1,92,92050,1,1,1,4,A86,48.9017955,2.2030967
202000041880,23,10,2020,20,3,78,78133,1,1,1,4,A13,48.889824,2.010217
202000041881,24,10,2020,4,5,95,95203,1,1,1,6,RD 170,48.9782,2.2907
202000041882,23,10,2020,19,3,93,93006,1,1,1,4,AUTOROUTE A3,48.8669025,2.4253006
202000041883,23,10,2020,13,1,92,92078,1,1,1,5,AUTOROUTE A86,48.9324289,2.3220372
202000041884,23,10,2020,17,1,93,93078,1,1,1,3,AUTOROUTE A104,48.9713639,2.4985811
202000041885,24,10,2020,13,1,94,94028,1,1,1,4,A86 EXT,48.7934741,2.4417029
202000041886,23,6,2020,17,1,84,84007,2,9,1,3,ROYAUME et DALADIER (Pont),43.95243,4.79685
202000041887,24,8,2020,2,5,62,62667,2,9,1,6,CARNOT ( Rue ),50.709885,1.580551
202000041888,23,10,2020,18,5,988,98818,2,3,1,2,AVENUE KOENIG/RUE NUMA LETHEZER,-22.23481,166.47696
202000041889,17,10,2020,17,1,974,97416,1,9,1,6, Rue Émilien Adam de Villiers,-21.30986,55.42919
202000041890,22,10,2020,18,2,974,97416,1,1,1,3,BASSIN PLAT(CHEMIN),-21.32827,55.49462
202000041891,23,10,2020,18,1,974,97411,2,6,1,3,Boulevard Jean Jaures,-20.90087,55.49245
202000041892,23,10,2020,8,1,973,97302,2,2,1,3,GIPPET (DOCTEUR),4.9423526,-52.3224306
202000041893,23,10,2020,7,5,69,69383,2,1,3,6,FELIX FAURE                         (AV),45.7539,4.86117
202000041894,23,10,2020,20,5,972,97213,1,1,1,2,AUTOROUTE A1,14.6164403,-61.0156471
202000041895,22,10,2020,12,1,972,97213,2,2,1,6,ROUTE NATIONALE 1,14.6187415,-61.0046625
202000041896,23,10,2020,21,5,69,69389,2,1,3,1,SOUVENIR (DU)                       (R ),45.77515,4.79855
202000041897,23,10,2020,15,1,69,69382,2,1,3,6,HENRI GERMAIN                       (R ),45.76382,4.83504
202000041898,23,10,2020,14,1,69,69259,2,1,2,-1,FRANCIS DE PRESSENSE                (AV),45.72247,4.866
202000041899,10,10,2020,14,1,69,69389,2,9,1,1,PAUL SEDAILLIAN                     (QU),45.79515,4.82487
202000041900,23,10,2020,9,1,69,69382,2,1,3,6,CHARLEMAGNE                         (CO),45.735,4.81741
202000041901,22,10,2020,12,1,69,69034,2,1,2,6,PASTEUR                             (R ),45.7887964,4.8401443
202000041902,22,10,2020,19,5,2B,2B033,2,1,1,2,AV DE LA LIBERATION,42.68333,9.44453
202000041903,22,10,2020,17,1,2B,2B033,2,1,1,6,GAUDIN - BLD AUGUSTE,42.69438,9.44992
202000041904,22,10,2020,13,1,2B,2B033,2,6,1,2,VEZZANI - RUE CESAR,42.68694,9.44536
202000041905,22,10,2020,16,1,95,95585,2,1,1,6,MITTERAND (BD FRANCOIS),48.989963,2.375083
202000041906,23,10,2020,10,1,91,91286,2,2,8,3,PLESSIS (CHEMIN DU),48.65085,2.38252
202000041907,18,10,2020,21,4,89,89387,2,4,1,1,EMILE ZOLA (RUE),48.19786,3.27232
202000041908,22,10,2020,15,1,88,88209,2,6,1,3,FORT (RUE DU),48.20487,6.42679
202000041909,22,10,2020,9,1,88,88160,2,9,1,-1,ETATS-UNIS (RUE DES),48.17597,6.44402
202000041910,21,10,2020,15,1,87,87085,2,3,1,3,VIGENAL (BOULEVARD DU),45.85265,1.25923
202000041911,23,10,2020,13,1,83,83137,2,1,1,-1,JOFFRE (BD MARECHAL),43.1236,5.9487
202000041912,23,10,2020,8,1,83,83062,2,1,2,1,DUCLOS (AVENUE JACQUES),43.1186583,6.0056752
202000041913,23,10,2020,17,1,82,82121,1,1,2,5,MOLIERES (ROUTE DE),44.07866,1.350868
202000041914,10,10,2020,9,1,78,78646,2,1,1,6,GENERAL LECLERC (RUE DU),48.79926,2.1259
202000041915,23,10,2020,17,1,78,78133,2,1,2,3,MANTES (ROUTE DE),48.9101,2.0391
202000041916,22,10,2020,17,1,77,77251,1,2,8,3,RD 50,48.61181,2.554179
202000041917,21,10,2020,11,1,76,76351,2,1,1,3,PONT VI (DU),49.48511,0.16248
202000041918,21,10,2020,18,1,76,76351,2,1,1,1,HALLATES (DES),49.5062,0.14426
202000041919,21,10,2020,18,2,76,76351,1,1,1,4,LENINGRAD (BD DE),49.5002,0.17237
202000041920,23,10,2020,18,3,74,74012,2,1,3,6,RESISTANCE (RUE DE LA),46.1963318,6.2596053
202000041921,23,10,2020,1,4,74,74010,2,1,2,1,BROGNY (AVENUE DE) (SECTEUR 330),45.9248,6.1254
202000041922,23,10,2020,7,3,71,71540,1,6,2,3,Rond-Point du Vieux Saule,46.76769,4.45307
202000041923,9,10,2020,12,1,69,69290,2,1,1,2,LYON (DE) (D 318)                   (RO),45.70761,4.90794
202000041924,22,10,2020,8,1,66,66136,1,1,1,3,JULIEN PANCHOT (AVENUE),42.67642,2.84521
202000041925,23,10,2020,18,2,64,64445,2,1,1,2,ALSACE LORRAINE D',43.3055,-0.37454
202000041926,23,10,2020,16,1,64,64445,2,2,1,3,TOURASSE,43.31026,-0.34664
202000041927,21,10,2020,14,1,64,64024,2,1,1,3,HAUSQUETTE (RUE DE),43.49067,-1.51174
202000041928,22,10,2020,17,1,63,63113,2,1,1,6,GIROD (RUE JOSEPH),45.76525,3.08396
202000041929,29,9,2020,8,1,62,62215,1,1,2,5,D917,50.48001,2.96372
202000041930,29,9,2020,9,1,62,62528,2,1,1,6,SALENGRO (R ROGER),50.45619,2.79376
202000041931,23,10,2020,8,2,59,59512,2,3,5,6,VAILLANT (RUE EDOUARD),50.67688,3.17652
202000041932,23,10,2020,16,1,59,59220,2,2,1,3,FRANCE ANATOLE RUE,50.605975,3.0646907
202000041933,20,10,2020,13,1,58,58194,2,6,2,3,TREIZIEME DE LIGNE,46.99411,3.13626
202000041934,17,10,2020,5,5,58,58194,2,9,1,6,PONT DE LOIRE,46.98509,3.15785
202000041935,24,7,2020,16,1,54,54528,2,1,1,3,BIGEARD (AVENUE),48.670769,5.893102
202000041936,20,10,2020,17,1,47,47031,2,3,1,6,Avenue de Bigorre,44.17869,0.63461
202000041937,24,10,2020,2,5,45,45075,2,1,1,6,Rue du Four,47.8902,1.8474
202000041938,23,10,2020,18,1,45,45234,2,1,1,6,Quai de la Madeleine,47.89791,1.88027
202000041939,23,10,2020,7,5,45,45234,2,2,2,1,Rue Léonard de Vinci - rue du cristal ,47.84568,1.9406
202000041940,13,8,2020,22,5,43,43157,2,3,1,3,7 Place du Breuil,45.04198,3.88276
202000041941,23,10,2020,21,5,42,42187,2,1,1,2,Rue Alexandre Raffin,46.0318,4.06738
202000041942,23,10,2020,10,1,38,38185,2,2,1,6,Rue des Peupliers,45.16538,5.7303
202000041943,23,10,2020,18,1,35,35238,1,1,1,2,RN136,48.11305,-1.71874
202000041944,23,10,2020,14,1,35,35238,2,1,1,2,RN136,48.10418,-1.71651
202000041945,23,10,2020,4,5,35,35238,2,1,1,7,FOUGERES (RUE DE),48.1306565,-1.6476917
202000041946,22,10,2020,22,5,35,35238,2,1,1,2,BREST (DE),48.11388,-1.69815
202000041947,23,10,2020,20,5,34,34172,2,1,1,2,LIBERTE (AVENUE DE LA,43.61184,3.82505
202000041948,23,10,2020,10,1,34,34172,2,8,8,3,PILORY (RUE DU),43.61999,3.83277
202000041949,23,10,2020,6,5,34,34172,2,1,8,7,SOULAS (AVENUE DU PERE,43.61836,3.8645
202000041950,22,10,2020,17,1,31,31149,2,1,1,5,SALVETAT (CHEMIN DE LA),43.60462,1.30778
202000041951,23,10,2020,8,2,29,29232,1,6,2,7,Route du Loc H,48.0126973,-4.0883893
202000041952,13,10,2020,11,1,22,22187,2,4,1,3,HERZOGENRATH (PONT DE ),48.5340273,-2.7573109
202000041953,23,10,2020,13,1,13,13117,2,1,2,6,LA BASTIDE BLANCHE CD 9,43.42691,5.26663
202000041954,23,10,2020,11,1,13,13206,2,7,2,-1,DRAGON (RUE),43.28799,5.37911
202000041955,22,10,2020,15,1,11,11069,1,1,2,6,ROCADE SUD RD 6161,43.20424,2.38251
202000041956,23,10,2020,7,5,10,10387,2,1,3,7,GEORGES POMPIDOU (RUE),48.28643,4.07735
202000041957,22,10,2020,14,1,10,10297,2,1,2,5,JULES GUESDE (BDL),48.32534,4.11452
202000041958,22,10,2020,10,1,10,10081,2,1,1,7,GENERAL SARRAIL (AVE),48.30691,4.04112
202000041959,23,10,2020,15,1,09,09207,2,1,8,3,PARIS (AV DE),42.9414757,1.6300789
202000041960,21,10,2020,17,1,08,08346,2,1,1,1,WARNECOURT ROUTE,49.75514,4.70107
202000041961,23,10,2020,15,1,07,07281,1,1,3,6,C.D. 533 (VERS LE PUY),44.934471,4.819983
202000041962,21,10,2020,9,1,06,06069,2,1,1,5,DRAGUIGNAN (ROUTE DE) - D2562-,43.64539,6.9027
202000041963,28,8,2020,8,1,45,45234,2,1,1,2,Avenue de Paris,47.90827,1.90419
202000041964,27,8,2020,12,1,44,44184,2,3,1,6,BLANCHO (PLACE FRANÇOIS),47.27429,-2.21349
202000041965,27,8,2020,10,1,38,38318,2,1,1,6,Rue Joseph Grenouillet,45.52745,4.9158
202000041966,28,8,2020,12,1,37,37208,2,1,1,2,POMPIDOU (AVENUE GEORGES),47.371101,0.7158869
202000041967,28,8,2020,20,2,35,35051,1,1,2,6,RD 175,48.1542,-1.62451
202000041968,28,8,2020,20,2,34,34129,2,1,2,3,CENTRE COMMERCIAL CARREFOUR,43.58347,3.92682
202000041969,28,8,2020,13,1,34,34172,2,3,1,3,EUROPE (AVENUE DE L'),43.62825,3.8219
202000041970,29,8,2020,2,5,33,33063,2,3,1,2,CRS DE LA MARNE,44.82874,-0.56338
202000041971,28,8,2020,18,1,33,33192,2,1,1,3,CRS DU GENERAL DE GAULLE,44.77948,-0.60922
202000041972,29,8,2020,2,5,33,33009,2,1,2,7,222 Boulevard de la Plage,44.66258,-1.16651
202000041973,28,8,2020,16,1,33,33529,2,1,1,1,ARCACHON (BD D'),44.63779,-1.17168
202000041974,28,8,2020,8,1,31,31557,2,6,2,1,CHEMIN ST PIERRE,43.58482,1.32538
202000041975,27,8,2020,9,1,30,30007,2,6,1,3,TALABOT (BOULEVARD),44.125293,4.091269
202000041976,28,8,2020,4,3,29,29019,2,1,1,6,13 Rue Inkermann,48.4000608,-4.4688461
202000041977,19,8,2020,18,1,29,29019,2,1,1,3,107 Rue Hoche,48.4053764,-4.4723458
202000041978,28,8,2020,16,1,25,25204,2,1,2,6,RUE DE BESANCON,46.92226,6.34253
202000041979,28,8,2020,18,1,25,25056,2,9,1,2,RUE THOMAS EDISON,47.2332,5.97457
202000041980,27,8,2020,19,1,21,21054,2,1,1,4,3 Rue du Faubourg Saint-Nicolas,47.02794,4.8397
202000041981,27,8,2020,12,1,17,17333,2,6,1,3,SUZAC (AVENUE DE),45.5896769,-0.9872246
202000041982,28,8,2020,16,1,17,17028,1,1,1,2,N137,46.14883,-1.11093
202000041983,28,8,2020,9,1,13,13201,2,1,1,6,PAVILLON (RUE)      1 A 11,43.29553,5.37744
202000041984,29,8,2020,0,3,13,13001,1,9,1,3,GARDANNE (ROUTE DE ),43.48015,5.42321
202000041985,28,8,2020,16,1,10,10387,2,1,1,4,CARNOT (RUE),48.297163,4.074626
202000041986,28,8,2020,15,1,06,06088,2,2,1,5,HUGO (BD VICTOR),43.6978,7.2577
202000041987,26,8,2020,17,1,06,06027,2,9,1,2,CANNES AVENUE DE (RN7),43.65278,7.14394
202000041988,28,8,2020,22,5,06,06155,2,1,1,5,ROUSTAN AV.ET BD DES FRERES,43.5674,7.07937
202000041989,28,8,2020,21,5,06,06004,2,1,1,6,REIBAUD AV.,43.58077,7.11701
202000041990,27,8,2020,20,2,05,05061,2,6,1,-1,VEYNES ( AVENUE DE  ),44.55785,6.06879
202000041991,27,8,2020,11,1,03,03023,2,2,1,3,Rue de Sevigne,46.1130786,3.4005901
202000041992,27,8,2020,19,1,01,01053,2,1,1,1,D117A,46.19831,5.26933
202000041993,27,8,2020,14,1,75,75101,2,3,1,3,QUAI DE L HORLOGE,48.856904,2.343451
202000041994,28,8,2020,9,1,75,75119,2,3,1,6,RUE DE L ATLAS,48.87414,2.37568
202000041995,28,8,2020,20,5,75,75118,2,5,1,3,RUE SIMART,48.89043,2.348457
202000041996,28,8,2020,11,1,75,75117,2,2,1,6,RUE DE ROME,48.884027,2.318507
202000041997,28,8,2020,16,1,75,75116,2,4,1,2,AVENUE DE NEW YORK,48.863241,2.296009
202000041998,27,8,2020,19,1,75,75114,2,1,1,3,AVENUE DU MAINE,48.829966,2.326004
202000041999,28,8,2020,9,1,75,75111,2,1,1,-1,AVENUE PHILIPPE AUGUSTE,48.857142,2.390477
202000042000,28,8,2020,17,1,75,75110,2,3,8,6,RUE DU FAUBOURG SAINT DENIS,48.878473,2.356682
202000042001,28,8,2020,17,1,75,75110,2,2,8,3,BOULEVARD DE MAGENTA,48.871529,2.360333
202000042002,27,8,2020,16,1,75,75108,2,7,8,3,PLACE CHARLES DE GAULLE,48.873291,2.295551
202000042003,28,8,2020,6,2,75,75102,2,5,1,6,RUE ETIENNE MARCEL,48.864818,2.345092
202000042004,28,8,2020,12,1,94,94076,2,3,1,3,AMBROISE CROIZAT (R),48.8015486,2.3600729
202000042005,28,8,2020,13,1,94,94073,2,1,8,3,LUXEMBOURG (AV DU),48.758162,2.372967
202000042006,27,8,2020,16,1,94,94028,2,3,1,3,GAULLE(AVENUE DU GENERAL DE),48.795839,2.447536
202000042007,28,8,2020,20,2,93,93073,1,1,2,6,CHAPIT RE ( RUE DU),49.0022149,2.5370029
202000042008,28,8,2020,0,5,93,93007,2,3,1,3,SAINT-JUST (CITE),48.93961,2.45597
202000042009,28,8,2020,19,2,93,93049,2,1,2,6,JEAN JAURES (AVENUE),48.8600489,2.5077856
202000042010,28,8,2020,19,1,93,93049,2,2,2,5,BD GALLIENI / R DU CANAL,48.852602,2.512061
202000042011,28,8,2020,12,1,93,93045,2,3,8,6,AV DU MARECHAL JUIN / R ROMAIN ROLLAND,48.8795,2.422
202000042012,28,8,2020,19,1,93,93057,2,1,2,1,JAURES (AV. JEAN) 1 A 123,48.9073583,2.4967074
202000042013,28,8,2020,19,1,92,92076,2,7,2,3,BOULEVARD DE LA REPUBLIQUE,48.8372991,2.152758
202000042014,28,8,2020,15,1,92,92049,2,1,8,7,PERI RUE GABRIEL N°1 A 35,48.8176151,2.3247175
202000042015,28,8,2020,1,1,92,92049,2,3,8,-1,PIERRE BROSSOLETTE (AV),48.8162552,2.3059118
202000042016,28,8,2020,9,1,92,92044,2,2,8,3,VIC. HUGO(RUE)091A113 ET 112A146,48.8982796,2.2943402
202000042017,28,8,2020,20,2,92,92062,2,9,8,1,ACACIA (IMMEUBLE),48.8836144,2.2249407
202000042018,28,8,2020,21,5,92,92026,2,3,1,5,PRÉSIDENT PAUL DOUMER (QUAI DU),48.8901325,2.2562568
202000042019,28,8,2020,0,5,92,92024,2,2,1,3,JEAN JAURES (BD) DE (1 A 45)   (2 A 54),48.9000253,2.3062163
202000042020,28,8,2020,15,1,92,92002,2,1,1,2,VELPEAU (RUE),48.7601292,2.3041666
202000042021,18,8,2020,19,5,974,97415,2,3,1,3,Chaussee Royale,-21.0113,55.273848
202000042022,29,8,2020,6,2,76,76517,1,1,2,6,A28,49.531274,1.208182
202000042023,29,8,2020,3,5,09,09105,2,1,8,6,Route de Toulouse,43.147654,1.300828
202000042024,29,8,2020,15,1,36,36237,1,4,1,4,D956,47.070862,1.592457
202000042025,22,8,2020,21,3,81,81222,1,1,1,6,D631,43.770141,2.172536
202000042026,28,8,2020,21,1,974,97422,2,1,1,6,171 Rue Jules Bertaut,-21.288713,55.523771
202000042027,29,8,2020,10,1,01,01427,2,3,1,3,1005 Montee de Preonde,45.945178,4.790447
202000042028,28,8,2020,15,1,83,83048,1,1,1,3,D93,43.199847,6.602248
202000042029,29,8,2020,10,1,42,42284,2,1,1,1,Rue Louis Joubert,46.084811,3.9812092
202000042030,28,8,2020,5,5,72,72008,2,1,3,2,96 Boulevard Pierre Lefaucheux,47.952196,0.180674
202000042031,28,8,2020,19,1,34,34163,1,1,3,6,A750,43.630524,3.688311
202000042032,29,8,2020,9,1,62,62070,1,2,1,3,D83,50.387768,2.459068
202000042033,28,8,2020,21,3,83,83116,1,1,1,1,Route Nationale 7,43.434438,5.879695
202000042034,28,8,2020,14,1,76,76196,2,2,1,3,Rue des Chataîgniers,49.6269965,0.2622293
202000042035,29,8,2020,10,1,82,82134,2,2,1,1,2 RUE DU TEMPLE,44.075357,1.521121
202000042036,28,8,2020,9,1,89,89246,2,3,1,3,Rue du Vau Renard,47.625806,3.973253
202000042037,28,8,2020,19,1,89,89155,1,4,1,1,D85,47.703538,3.613687
202000042038,29,8,2020,16,1,63,63028,1,1,1,7,D47,45.482901,2.61576
202000042039,28,8,2020,15,1,41,41161,1,1,1,1,D2020,47.517606,2.035604
202000042040,28,8,2020,6,2,22,22101,1,1,1,1,COAT AR ROCH,48.73777,-3.270632
202000042041,26,8,2020,5,3,29,29174,1,1,1,6,D57 - Pennaguer,47.9228547,-4.2807417
202000042042,28,8,2020,21,3,38,38343,1,1,3,2,933 Route d'Aoste,45.54623,5.651665
202000042043,29,8,2020,20,1,02,02104,1,9,8,7,D225,49.381067,3.850569
202000042044,29,8,2020,17,1,03,03093,1,1,1,7,,46.1777895,3.4415709
202000042045,28,8,2020,19,1,15,15025,1,1,2,1,D926,45.101373,2.887977
202000042046,29,8,2020,11,1,15,15092,1,1,8,6,Suc de Mouleyres,45.415469,2.502699
202000042047,29,8,2020,10,1,70,70273,1,1,1,6,Départementale 118,47.497749,6.521459
202000042048,29,8,2020,14,1,70,70456,1,1,1,7,Rue des Hauts de la Plauche,47.461276,6.135285
202000042049,28,8,2020,22,3,26,26208,1,1,3,2,Route de Die,44.814708,4.923699
202000042050,29,8,2020,11,1,05,05068,1,1,3,1,D900b,44.502352,6.081276
202000042051,28,8,2020,18,1,50,50518,1,1,2,2,D33,48.796469,-1.141649
202000042052,27,8,2020,12,1,83,83002,1,1,1,1,RD71,43.753737,6.302719
202000042053,28,8,2020,23,3,18,18077,1,1,8,6,43 Lieu Dit Bondonnat,47.12552,2.839494
202000042054,29,8,2020,12,1,43,43167,2,1,1,7,Lieu Dit Bonneval,45.088007,3.549083
202000042055,28,8,2020,21,2,16,16104,1,1,1,5,Lieu dit La Renarde,46.04379,0.221141
202000042056,28,8,2020,19,1,53,53225,1,1,3,7,D123,48.211905,-0.809367
202000042057,28,8,2020,9,1,40,40259,1,2,1,3,2664 Avenue des Pyrénées,43.813155,-0.296507
202000042058,29,8,2020,9,1,24,24323,1,5,1,3,Palisse,45.267487,0.234532
202000042059,29,8,2020,3,3,04,04045,1,1,2,6,RD 4100,43.85678,5.606332
202000042060,29,8,2020,16,1,04,04004,1,1,2,7,RD 952,43.7826776,5.9923205
202000042061,28,8,2020,9,1,04,04031,2,1,1,7,RD 8,43.926187,6.123574
202000042062,29,8,2020,9,1,17,17293,1,1,1,1,Départementale 115,46.134339,-0.787347
202000042063,28,8,2020,7,1,30,30059,1,1,1,2,D 6572,43.687084,4.233427
202000042064,28,8,2020,15,1,48,48050,1,1,2,6,D998,44.338675,3.596864
202000042065,26,8,2020,23,3,34,34337,2,1,1,6,Le Pont de Villeneuve,43.519913,3.87716
202000042066,28,8,2020,15,1,987,98715,1,4,1,3,RT 1 - PK 5+500,-17.570665,-149.615048
202000042067,28,8,2020,12,1,976,97602,1,1,1,5,N1,-12.730992,45.130699
202000042068,28,8,2020,13,1,30,30189,1,1,1,7,Rue Clovis,43.809632,4.345136
202000042069,28,8,2020,20,3,30,30344,1,1,3,1,A9,43.7502541,4.2287625
202000042070,26,7,2020,7,1,987,98729,1,1,1,6,RT 91,-17.533189,-149.838611
202000042071,28,8,2020,21,3,988,98803,1,1,2,6,R.T.3,-21.448924,165.473066
202000042072,28,8,2020,16,1,33,33245,1,1,1,1,D10e14,44.80384,-0.44982
202000042073,28,8,2020,21,3,33,33203,1,1,2,6,Lieu Dit Lagunan,45.193628,-0.937481
202000042074,29,8,2020,14,1,77,77175,1,1,1,1,D619,48.631342,2.64469
202000042075,29,8,2020,5,2,95,95119,1,1,1,1,D14,49.198055,1.698976
202000042076,28,8,2020,17,1,2B,2B314,1,1,1,6,Le Relais de Saleccia (Bar),42.664403,9.207594
202000042077,29,8,2020,2,3,2A,2A247,1,1,1,1,T10,41.4906709,9.2443907
202000042078,18,8,2020,7,2,11,11322,1,1,1,6,D6009,42.990174,2.972263
202000042079,25,7,2020,21,2,84,84053,1,4,1,3,Route de Grignan,44.397333,4.92003
202000042080,29,8,2020,2,5,05,05073,2,1,2,6,Route de Gap,44.329121,5.833928
202000042081,28,8,2020,20,3,38,38068,1,1,3,3,Les Iles,45.107177,5.711258
202000042082,28,8,2020,22,3,26,26182,1,3,3,1,D538,44.329228,5.104029
202000042083,29,8,2020,7,1,07,07279,1,1,2,1,D86,44.415521,4.653987
202000042084,28,8,2020,20,3,69,69107,1,1,1,1,2273 route de lyon,46.038025,4.490452
202000042085,26,8,2020,22,5,81,81271,2,9,1,1,Avenue des Terres Noires,43.769723,1.672137
202000042086,28,8,2020,15,1,09,09194,2,1,3,1,11 Lotissement la Marinade,43.08634,1.866142
202000042087,29,8,2020,11,1,14,14325,2,1,2,1,Rue Amiral Wietzel,49.294408,-0.29287
202000042088,5,8,2020,16,1,22,22162,2,1,1,3,Rue de Poulgoic,48.784657,-3.048701
202000042089,28,8,2020,8,1,76,76244,2,6,2,6,RD 928 RD915,49.694316,1.365234
202000042090,25,8,2020,8,1,13,13215,1,1,1,6,A7-Sens Marseille vers Lyon,43.347107,5.372228
202000042091,28,8,2020,20,1,33,33063,1,1,1,4,ROCADE A 630,44.88159,-0.54593
202000042092,28,8,2020,18,1,33,33063,1,1,1,2,ROCADE A 630,44.88122,-0.54386
202000042093,26,8,2020,4,5,33,33550,1,1,1,2,ROCADE A 630,44.77789,-0.55727
202000042094,28,5,2020,18,1,91,91286,1,1,1,5,AUTOROUTE A6,48.65533,2.3792
202000042095,27,8,2020,21,3,91,91174,1,1,8,-1,RN 104,48.62204,2.46314
202000042096,28,8,2020,14,1,78,78640,1,1,2,4,A86 EXT,48.77723,2.223626
202000042097,28,8,2020,13,2,93,93029,1,1,1,2,AUTOROUTE A86,48.91832,2.42894
202000042098,28,8,2020,5,3,95,95582,1,1,1,2, A15,48.97216,2.24777
202000042099,27,8,2020,21,3,95,95572,1,1,2,5,A901507,49.0323,2.1094
202000042100,28,8,2020,19,3,77,77294,1,1,8,2,A104,48.966759,2.605565
202000042101,28,8,2020,18,1,77,77181,1,1,1,-1,A4,48.830762,2.693287
202000042102,24,8,2020,11,1,94,94081,1,1,1,6,A86 INT,48.7741496,2.4071918
202000042103,20,6,2020,11,1,74,74010,2,1,1,6,24 Chemin de Périaz (Seynod),45.876692,6.089434
202000042104,27,8,2020,9,1,974,97411,2,9,1,3,VINH-SAN (BLD 3 DU PRINCE),-20.88757,55.4417
202000042105,26,8,2020,6,1,974,97407,2,1,1,7,Boulevard des Mascareignes,-20.94094,55.30731
202000042106,27,8,2020,23,5,69,69383,2,3,1,-1,VILLEROY                            (R ),45.75562,4.84753
202000042107,27,8,2020,17,1,69,69387,2,1,1,1,BERTHELOT                           (AV),45.74738,4.83515
202000042108,27,8,2020,23,1,972,97213,2,9,1,2,MAHAULT,14.61846,-61.00486
202000042109,27,8,2020,4,5,972,97209,2,1,2,7,RAVINE VILAINE (CHEMIN DEPARTEMENTAL DE),14.62995,-61.059884
202000042110,27,8,2020,17,1,69,69384,2,1,1,3,PHILIPPE DE LASSALLE                (R ),45.7759558,4.8209281
202000042111,27,8,2020,13,1,69,69286,2,2,1,5,ROUTE DE STRASBOURG D 483           (RO),45.81387,4.88823
202000042112,26,8,2020,8,1,69,69381,2,1,1,6,LOUIS PRADEL                        (PL),45.76856,4.83686
202000042113,26,8,2020,22,5,2A,2A004,2,9,1,3,BONAPARTE CHARLES  BD,41.9284151,8.7401224
202000042114,27,8,2020,18,1,95,95268,2,7,1,3,PL ROGER SALENGRO,48.9738,2.3897
202000042115,27,8,2020,18,1,91,91687,2,1,1,1,VICTOR SCHOELCHER (AVENUE),48.6536,2.37019
202000042116,27,8,2020,9,1,87,87085,2,2,1,3,BROGLIE (AVENUE LOUIS DE),45.88272,1.28662
202000042117,23,8,2020,9,1,84,84007,1,1,1,3,MISTRAL7  (Parking C.Commercial),43.9225121,4.8647118
202000042118,26,8,2020,14,1,80,80021,2,1,1,2,AMONT (PORT D'),49.8948,2.30871
202000042119,26,8,2020,11,1,80,80021,2,1,1,1,JEAN DE LA FONTAINE ( RUE ),49.91193,2.25701
202000042120,27,8,2020,11,1,74,74200,2,2,1,3,ABONDANCE (AVENUE D') A PARTIR DU CH DU,46.39797,6.61474
202000042121,26,8,2020,15,1,67,67482,2,1,1,2,BALE (RUE DE),48.5663101,7.7663845
202000042122,26,8,2020,12,1,67,67482,2,1,1,7,SCHNOKELOCH (RUE DU),48.5787524,7.7142281
202000042123,27,8,2020,15,1,64,64102,2,6,1,3,MAI 1945 (AVENUE DU 8),43.4633,-1.49573
202000042124,27,8,2020,16,1,60,60057,2,1,8,3,Rue d’Amiens,49.441169,2.0904107
202000042125,26,8,2020,10,1,57,57508,2,1,1,6,VOSGES (RUE DES),49.344,6.048
202000042126,26,8,2020,20,2,54,54482,2,2,1,3,BARROIS (PLACE GERARD),48.699508,6.2043639
202000042127,26,8,2020,13,1,54,54526,2,2,1,3,DANTON (RUE),48.6756631,6.218945
202000042128,26,8,2020,9,1,54,54547,2,1,1,3,LECLERC (AVENUE DU GENERAL),48.6677463,6.1677316