Num_Acc,jour,mois,an,hr,condition_eclairage,departement,commune,condition_agglomeration,intersection,condition_atmosphere,type_collision,adresse,lattitude,longitude
202000042129,26,8,2020,8,1,54,54395,2,2,1,3,OUDINOT (RUE DU MAL),48.6773977,6.1865379
202000042130,27,8,2020,15,1,51,51474,2,2,1,3,Rue du Moulin de l’Archeveque,49.2636101,3.9835122
202000042131,27,8,2020,8,1,51,51454,2,1,1,3,Rue Gaston Boyer,49.2605049,4.0220912
202000042132,27,8,2020,10,1,45,45308,1,1,1,7,Rue de la Clef,47.93235,1.9701
202000042133,26,8,2020,12,1,45,45208,2,1,1,6,Place de la République,47.99588,2.73357
202000042134,27,8,2020,12,1,44,44162,2,1,1,3,RUE VASCO DE GAMA,47.22035,-1.62362
202000042135,24,8,2020,14,1,44,44143,2,6,1,-1,RUE VICTOR HUGO,47.18877,-1.55131
202000042136,24,8,2020,18,1,42,42071,2,2,7,3,Avenue de la République,46.02771,4.08724
202000042137,17,8,2020,13,1,33,33119,2,2,1,3,RUE ARISTIDE BRIAND,44.85915,-0.52404
202000042138,21,8,2020,19,1,33,33063,2,6,1,3,RUE DE LADOUS / RUE CATULE MENDES,44.81204,-0.57
202000042139,26,8,2020,2,5,33,33063,2,2,1,3,RUE JUDAIQUE ,44.84078,-0.59207
202000042140,28,8,2020,2,3,33,33529,1,1,1,6,RD1250 (BONNEVAL - LA HUME) - Z.A.,44.6172,-1.1147
202000042141,27,8,2020,13,1,32,32013,2,3,1,3,SADI-CARNOT (BOULEVARD),43.6431209,0.5867456
202000042142,27,8,2020,8,1,31,31555,2,1,1,3,BD SILVIO TRENTIN,43.62346,1.42712
202000042143,27,8,2020,0,5,30,30189,2,6,1,7,TRINTIGNANT MAURICE (AVENUE),43.81346,4.34064
202000042144,26,8,2020,11,1,29,29232,1,1,1,4,D785 - Boulevard de Poulguinan,47.98436,-4.11347
202000042145,26,8,2020,17,2,26,26362,2,9,1,3,37 Rue Gaspard Monge,44.912251,4.881663
202000042146,22,8,2020,0,5,25,25388,2,1,1,6,MASSENET (RUE JULES),47.50031,6.797082
202000042147,27,8,2020,20,2,18,18279,2,1,1,1,GRELET (RUE ET IMPASSE DU),47.23,2.05
202000042148,26,8,2020,17,1,15,15014,2,6,1,3,TRICOT (CARREFOUR),44.91094,2.4518
202000042149,27,8,2020,18,1,14,14341,1,1,2,-1,RN814,49.1466337,-0.3459879
202000042150,27,8,2020,17,1,14,14301,2,3,2,2,LIBERTE (RUE DE LA),49.18572,-0.28706
202000042151,27,8,2020,10,1,13,13209,2,1,1,2,GAYE (BOULEVARD DE LA),43.26012,5.41574
202000042152,26,8,2020,16,1,13,13215,2,1,1,-1,SAINT ANTOINE (AVENUE DE),43.38446,5.3586
202000042153,26,8,2020,2,5,13,13207,2,2,1,3,PIERRE PUGET (COURS),43.2904,5.37593
202000042154,25,8,2020,12,1,11,11262,2,2,1,3,MARCORIGNAN (ROUTE DE),43.2001,2.96963
202000042155,20,8,2020,11,1,11,11262,2,3,1,1,CARNOT (AVENUE),43.19093,3.00675
202000042156,23,8,2020,17,1,07,07186,2,1,1,1,,44.73186,4.59368
202000042157,27,8,2020,12,1,06,06069,2,1,1,5,Route de Cannes,43.63433,6.951848
202000042158,11,3,2020,9,1,69,69286,2,1,1,6,EUROPE (DE L')                      (AV),45.81866,4.90497
202000042159,10,3,2020,7,2,69,69149,2,4,2,6,PERRON (DU)                         (R ),45.71352,4.80543
202000042160,10,3,2020,21,5,971,97101,2,1,1,-1,CENTRE HOSPITALIER,16.2387,-61.5297
202000042161,10,3,2020,21,5,2A,2A004,2,3,1,3,PIETRI NICOLAS AVENUE,41.9165276,8.7230735
202000042162,6,3,2020,22,5,91,91687,2,3,1,3,MARMONT (AVENUE),48.667158,2.377059
202000042163,11,3,2020,15,1,91,91201,2,6,1,6,FETES(ROND POINT DES),48.686275,2.396509
202000042164,11,3,2020,20,5,90,90010,2,5,8,1,JOFFRE (BOULEVARD MARECHAL),47.641459,6.857185
202000042165,10,3,2020,15,1,80,80021,2,1,1,6,VALLEE (RUE DE LA ),49.89218,2.30808
202000042166,10,3,2020,15,1,80,80021,2,1,1,4,VIGNACOURT (RUE DE),49.906041,2.289421
202000042167,10,3,2020,17,1,80,80021,2,1,1,2,GRACE (RUE DE),49.90994,2.25258
202000042168,11,3,2020,19,1,77,77118,2,4,1,-1,RD 34-DEUX PARCS (COURS DES),48.941,2.666
202000042169,5,2,2020,18,3,77,77186,1,1,1,3,D606 de l'obélisque à limite MORET,48.3961716,2.7282894
202000042170,10,3,2020,19,5,76,76410,1,1,2,7,D86,49.47381,1.02904
202000042171,10,3,2020,20,3,73,73029,1,2,1,3,D1006 rte de Challes,45.5680907,5.9405629
202000042172,10,3,2020,17,1,72,72181,2,1,1,6,CHAMPION HENRI (RUE) N° PAIRS,47.98247,0.22929
202000042173,11,3,2020,21,5,69,69266,2,2,1,3,ALSACE   (Rue d'),45.77095,4.8698
202000042174,11,3,2020,17,1,69,69029,2,1,1,4,DROITS DE L'HOMME (DES)             (BD),45.73007,4.92961
202000042175,28,2,2020,22,5,68,68066,2,9,1,3,DE GAULLE (AVENUE DU GENERAL),48.077337,7.348042
202000042176,10,3,2020,19,5,67,67482,2,1,2,1,PAUL DOPFF (RUE) ,48.55842,7.77395
202000042177,10,3,2020,19,1,67,67482,2,1,2,6,LANGUEDOC (RUE DU),48.54882,7.74181
202000042178,11,3,2020,15,1,64,64445,2,1,1,2,OLOF PALME,43.33995,-0.37628
202000042179,7,3,2020,0,3,63,63164,1,1,1,3,Route départementale 210,45.8382754,3.1583065
202000042180,10,3,2020,16,1,63,63113,2,4,1,3,BERGOUGNAN (AVENUE RAYMOND),45.78331,3.07034
202000042181,10,3,2020,14,1,63,63075,2,1,1,4,21 DUCLAUX (BD),45.7748136,3.0739517
202000042182,7,3,2020,3,5,63,63113,2,2,1,3,Lafayette /sablon,45.77357,3.09
202000042183,29,2,2020,19,5,59,59507,2,1,2,1,"EUROPE, Boulevard de",50.5977821,3.1014436
202000042184,11,3,2020,9,1,59,59540,2,9,2,6,REPUBLIQUE,51.027281,2.330234
202000042185,10,3,2020,7,1,54,54547,2,6,3,3,BOURGOGNE (AVENUE DE),48.6506612,6.1475922
202000042186,10,3,2020,7,1,54,54395,2,1,3,6,PINCHARD (RUE RAYMOND LIMITE NCY),48.69701,6.14276
202000042187,11,3,2020,9,1,51,51454,2,3,1,7,Rue de Neufchatel,49.2717253,4.026342
202000042188,11,3,2020,8,1,45,45232,2,3,2,3,Rue de Normandie,47.8432778,1.9181029
202000042189,10,3,2020,10,1,34,34032,2,1,8,7,HORT DE MONSEIGNEUR (RUE DE L'),43.35242,3.23238
202000042190,11,3,2020,13,1,34,34003,1,1,1,1,RD612,43.30432,3.45442
202000042191,11,3,2020,5,5,33,33318,2,3,2,3,Rue Antoine Becquerel / A630 Pessac -E14-,44.7894,-0.648
202000042192,11,3,2020,17,1,33,33529,2,1,1,6,PYLA (BD DU),44.63371,-1.16905
202000042193,11,3,2020,7,1,30,30007,2,1,1,3,ANDUZE (VIEILLE ROUTE D'),44.10233,4.07497
202000042194,19,2,2020,9,1,29,29019,2,2,1,1,Boulevard de l'Europe,48.4130982,-4.4961056
202000042195,3,3,2020,15,1,22,22278,2,6,2,3,WALDECK-ROUSSEAU (BD ET PT),48.510217,-2.756949
202000042196,10,3,2020,12,1,19,19031,2,1,1,3,KENNEDY (AVENUE JOHN),45.151419,1.5411088
202000042197,11,3,2020,0,4,17,17300,2,1,2,6,MONNET   AVENUE JEAN,46.1429,-1.1538
202000042198,11,3,2020,9,1,14,14118,2,1,1,2,ECHANGEUR N° 5 ( COTE DE NACRE ),49.20326,-0.36136
202000042199,11,3,2020,15,1,13,13210,2,1,1,6,JEAN EUGENE CABASSUD (BOULEVARD),43.285113,5.41294
202000042200,11,3,2020,12,1,13,13206,2,2,1,3,ITALIE (RUE D'),43.28957,5.38239
202000042201,11,3,2020,8,1,13,13201,2,3,1,2,CANEBIERE     70 A FIN,43.2976846,5.3810563
202000042202,11,3,2020,19,5,13,13005,2,1,1,4,AVELANEDE (CHEMIN DE L'),43.292705,5.587972
202000042203,10,3,2020,17,1,11,11069,2,1,1,6,IENA -ALLEE D'- N° IMPAIRS JUSQU'AU 51,43.210996,2.344924
202000042204,9,3,2020,21,5,10,10357,2,9,1,7,GENERAL DE GAULLE (RUE DU),48.29591,4.13296
202000042205,11,3,2020,17,1,07,07281,2,1,1,3,GROSS-UMSTADT (AVENUE DE),44.94284,4.85931
202000042206,11,3,2020,14,1,06,06088,2,3,1,3,SAINT-AUGUSTIN (AV. DE),43.6738,7.2222
202000042207,9,3,2020,19,5,06,06088,2,9,1,5,DESAMBROIS (AV.),43.70453,7.27357
202000042208,10,3,2020,17,1,05,05061,2,6,1,3,Place Frederic Euzieres,44.5566818,6.0769548
202000042209,11,3,2020,7,1,75,75115,2,1,1,2,PORTE D ISSY,48.83484,2.264067
202000042210,11,3,2020,12,1,75,75117,2,7,1,3,PLACE DU MARECHAL JUIN,48.885308,2.296909
202000042211,11,3,2020,9,1,75,75116,2,5,1,3,AVENUE D IENA,48.867897,2.295681
202000042212,11,3,2020,7,1,75,75115,2,3,1,7,RUE FRANQUET,48.83276,2.30706
202000042213,10,3,2020,14,1,75,75115,2,2,8,6,RUE LECOURBE,48.838478,2.289012
202000042214,11,3,2020,9,1,75,75113,2,1,1,3,QUAI D AUSTERLITZ,48.840113,2.37031
202000042215,10,3,2020,14,1,75,75113,2,3,1,3,RUE DE TOLBIAC,48.82682,2.365041
202000042216,11,3,2020,14,1,75,75112,2,4,1,3,AVENUE COURTELINE,48.844031,2.413458
202000042217,11,3,2020,9,1,75,75111,2,4,1,6,AVENUE DE LA REPUBLIQUE,48.866736,2.366798
202000042218,11,3,2020,21,5,75,75110,2,2,1,3,BOULEVARD DE LA CHAPELLE,48.884311,2.359366
202000042219,11,3,2020,11,1,75,75109,2,2,1,3,RUE SAINT LAZARE,48.876161,2.331108
202000042220,11,3,2020,9,1,75,75107,2,2,1,3,AVENUE DE LA MOTTE PICQUET,48.857265,2.309936
202000042221,10,3,2020,23,5,75,75104,2,1,1,6,QUAI HENRI IV,48.849377,2.361829
202000042222,11,3,2020,13,1,75,75103,2,2,1,2,RUE SAINT MARTIN,48.868429,2.355275
202000042223,11,3,2020,19,5,75,75102,2,2,8,6,BOULEVARD POISSONNIERE,48.870989,2.345994
202000042224,11,3,2020,9,1,94,94081,2,7,1,3,Place de l’Eglise,48.7911,2.394
202000042225,10,3,2020,17,1,94,94080,2,1,1,6,LIBERATION (BD DE LA),48.84779,2.44613
202000042226,11,3,2020,16,1,94,94078,2,1,1,2,PARIS (R DE),48.75,2.44
202000042227,11,3,2020,20,5,94,94046,2,1,1,6,JOFFRE (AV),48.8157,2.4456
202000042228,11,3,2020,17,5,94,94076,2,1,1,3,PAUL VAILLANT COUTURIER (AV),48.794561,2.359013
202000042229,9,3,2020,14,1,94,94033,2,1,1,2,Avenue de Lattre de Tassigny,48.8596,2.49
202000042230,9,3,2020,9,1,94,94033,2,1,1,6,DALAYRAC (R),48.84763,2.4672
202000042231,10,3,2020,11,1,93,93078,2,2,8,1,AV GEORGES CLEMENCEAU / AV CHARLES DE GAULLE,48.9581763,2.5585021
202000042232,10,3,2020,20,5,93,93005,2,1,1,4,LEON JOUHAUX (RUE),48.9529043,2.4836177
202000042233,9,3,2020,13,1,93,93001,2,3,2,3,R DU LANDY / R PAUL LAFARGUE,48.91533,2.36758
202000042234,11,3,2020,15,1,92,92078,2,1,1,3,RENIERS (AVENUE CHEMIN),48.932512,2.322311
202000042235,11,3,2020,17,1,92,92064,2,1,1,6,ANDRE CHEVRILLON,48.8465535,2.2199124
202000042236,11,3,2020,8,1,92,92050,2,3,1,3,GARENNE RUE DE LA,48.898753,2.225574
202000042237,11,3,2020,9,1,92,92020,2,9,1,3,REPUBLIQUE AV. AUTRES N° ET METRO,48.8053,2.298
202000042238,11,3,2020,18,2,92,92040,2,1,1,3,GALLIENI (BOULEVARD),48.828208,2.267524
202000042239,11,3,2020,11,1,92,92025,2,1,1,5,AGENT SARRE (AV DE L'),48.924694,2.265837
202000042240,11,3,2020,9,1,92,92024,2,1,1,2,MARTRE (RUE) DE (59 A 109)   (58 A 120),48.901078,2.307886
202000042241,11,3,2020,16,1,92,92007,2,1,1,6,BRIAND (AVENUE ARISTIDE) N° 2 A 98,48.79973,2.32314
202000042242,11,3,2020,10,1,92,92007,2,1,1,6,CLOS LA PAUME (RUE DU),48.7970049,2.3071384
202000042243,11,1,2020,15,1,92,92004,2,9,1,2,DOCTEUR DERVAUX  ( QUAI DU ),48.9050991,2.2879181
202000042244,11,3,2020,9,1,95,95430,1,1,1,6,Croix de Montsoult,49.065428,2.329209
202000042245,7,3,2020,8,1,49,49244,2,2,1,3,RD 131 / Rue de la Guimonière - La Pommeraye,47.350149,-0.85011
202000042246,9,3,2020,17,1,2A,2A211,1,1,2,6,RT 40,41.794132,8.980411
202000042247,11,3,2020,18,1,86,86221,1,1,1,4,D129,46.79202,0.363044
202000042248,11,3,2020,13,1,34,34342,1,1,1,4,D986,43.742038,3.770408
202000042249,12,3,2020,18,2,83,83086,1,1,1,3,Route de Callas,43.486571,6.567185
202000042250,12,3,2020,13,1,01,01033,2,1,1,1,37 Rue Joseph Marion,46.10497,5.837227
202000042251,12,3,2020,12,1,30,30221,2,1,1,6,Rue du Pavillon,44.051064,4.779537
202000042252,10,3,2020,15,1,21,21315,1,1,2,1,M971,47.367932,4.966585
202000042253,12,3,2020,6,2,62,62198,1,1,1,1,route départementale 75,50.3782584,2.6127697
202000042254,11,3,2020,16,1,74,74043,1,3,1,3,Avenue des Fully,46.266384,6.329364
202000042255,12,3,2020,14,1,79,79061,1,1,1,2,2 Route de Melle,46.255665,-0.20776
202000042256,12,3,2020,18,2,82,82018,2,2,1,3,INTERSECTION D95 / D64,44.089011,1.535473
202000042257,12,3,2020,9,1,71,71482,1,1,1,6,La Crote,46.8083236,4.3285097
202000042258,27,2,2020,7,2,86,86281,1,2,2,3,D7,46.760315,0.170707
202000042259,11,3,2020,19,3,34,34310,1,1,1,2,RD 19,43.425622,3.155823
202000042260,10,3,2020,14,1,44,44084,1,2,8,3,Le Chemin Noir,47.223226,-1.365287
202000042261,10,3,2020,7,1,02,02426,1,1,1,7,D71,49.936585,3.30629
202000042262,15,2,2020,12,1,54,54102,1,2,7,1,Carrefour D118 A -  RD 904,48.715006,5.875583
202000042263,3,3,2020,10,1,21,21568,2,1,8,6,3 Rue du 8 Mai 1945,47.640418,4.296427
202000042264,7,3,2020,0,3,40,40055,1,1,1,1,Route de Grenade,43.834976,-0.46988
202000042265,11,3,2020,21,3,04,04188,1,1,1,1,RD 13,43.89848,5.804268
202000042266,12,3,2020,17,1,23,23189,1,1,2,7,Montarichard,46.0125,1.719446
202000042267,11,3,2020,10,1,87,87180,1,1,8,1,Saint-Sornin-Leulac,46.196676,1.274951
202000042268,12,3,2020,16,1,13,13050,1,1,1,6,2150 Route de Rognes,43.658486,5.294584
202000042269,5,3,2020,14,1,13,13001,1,1,1,3,"A8,",43.517575,5.431259
202000042270,10,3,2020,17,1,69,69190,2,1,8,3,Rue M. Mérieux,45.7729,4.7039
202000042271,6,3,2020,16,1,34,34327,1,1,1,6,63 Rue de la Monnaie,43.662757,3.978934
202000042272,11,3,2020,18,2,84,84004,2,1,1,2,542 Avenue Anselme Mathieu,44.105819,5.025215
202000042273,11,3,2020,16,1,38,38158,2,1,1,-1,Avenue Jean Jaures,45.16379,5.74321
202000042274,6,2,2020,14,1,07,07152,1,1,1,5,,45.035481,4.825766
202000042275,9,3,2020,20,3,49,49194,1,1,2,1,16 Route de la Couture,47.477246,-0.29382
202000042276,11,3,2020,23,5,80,80033,1,1,6,6,A1,49.888642,2.838593
202000042277,7,3,2020,23,3,83,83047,1,1,1,4,A570,43.13458,6.04716
202000042278,11,3,2020,8,1,67,67152,1,1,2,6,Route Nationale 83,48.5303367,7.6932001
202000042279,11,3,2020,9,1,33,33013,1,1,1,4,ROUTE NATIONALE 230,44.84621,-0.50229
202000042280,10,3,2020,16,1,59,59195,1,1,2,4,AUTOROUTE A25,50.627766,2.960356
202000042281,11,3,2020,16,1,94,94021,1,1,1,7,AUTOROUTE A6B,48.7709,2.3458
202000042282,11,3,2020,7,1,91,91363,1,1,1,7,RN 104,48.64432,2.19606
202000042283,11,3,2020,8,1,78,78640,1,1,1,3,N118,48.781476,2.222895
202000042284,26,2,2020,13,1,92,92050,1,1,2,-1,A86,48.9162739,2.2212872
202000042285,10,3,2020,8,1,93,93027,1,1,2,2,AUTOROUTE A86,48.92785,2.40958
202000042286,9,3,2020,10,1,60,60631,1,1,1,3,AUTOROUTE A1,49.14562,2.57752
202000042287,9,1,2020,11,1,89,89387,2,1,1,6,PIERRE DE COUBERTIN (1 AVENUE),48.19197,3.29931
202000042288,10,3,2020,17,1,974,97411,2,3,1,3,Boulevard Gabriel Macé,-20.87355,55.44686
202000042289,10,3,2020,14,1,69,69199,2,3,1,3,MATHIEU DUSSURGEY                   (R ),45.7123,4.8625
202000042290,4,3,2020,15,1,69,69387,2,4,1,3,GARIBALDI                           (R ),45.74556,4.8492
202000042291,9,3,2020,11,1,972,97213,1,1,1,4,AUTOROUTE A1,14.6162,-61.0153
202000042292,10,3,2020,15,1,69,69286,2,9,1,3,ROUTE DE STRASBOURG                 (RO),45.81324,4.88746
202000042293,10,3,2020,15,1,69,69286,1,1,8,6,MERCIERES (DES)                     (R ),45.815,4.8765
202000042294,10,3,2020,8,1,69,69142,2,1,2,3,FONTANIERES (DE)                     (CH,45.7355,4.8099
202000042295,23,1,2020,15,1,971,97107,2,3,1,3,FLAMBOYANTS ( ALLEE DES ),16.05186,-61.56491
202000042296,9,3,2020,20,5,91,91549,2,1,1,1,REPUBLIQUE (AVENUE DE LA),48.64496,2.33448
202000042297,6,3,2020,10,1,91,91223,1,1,2,2,RD 191,48.45012,2.0922
202000042298,10,3,2020,5,5,91,91425,2,2,2,2,NATIONALE 20 (ROUTE),48.64039,2.26843
202000042299,9,3,2020,20,5,91,91021,2,1,1,3,RN 20,48.5833,2.25
202000042300,10,3,2020,9,1,87,87085,2,1,2,2,PALAIS (ROUTE DU),45.85214,1.30224
202000042301,10,3,2020,15,1,83,83090,2,1,1,3,SIX-FOURS (CHEMIN DE),43.12397,5.84254
202000042302,9,3,2020,8,1,83,83137,2,1,1,3,BRIAND (AVE ARISTIDE DE 1 A 1219,43.1267737,5.9012139
202000042303,9,3,2020,9,1,83,83129,2,1,1,3,MER (AVENUE DE LA) N°IMPAIRS,43.10429,5.81821
202000042304,10,3,2020,13,1,83,83069,2,1,1,3,GODILLOT  ( AVENUE ALEXIS ),43.1169,6.1227
202000042305,9,3,2020,10,1,79,79191,2,1,1,6,107 Avenue de Paris,46.32619,-0.45195
202000042306,9,3,2020,20,5,78,78350,1,2,2,5,SAINT GERMAIN (ROUTE DE),48.8721,2.1105
202000042307,10,3,2020,18,1,77,77284,2,1,8,6,DUNANT (AVENUE HENRI),48.94632,2.89682
202000042308,9,3,2020,17,1,74,74012,2,1,1,3,VERDUN (AVENUE DE),46.186,6.24256
202000042309,9,3,2020,18,1,74,74012,2,1,1,7,PETIT MALBRANDE (RUE DU),46.19027,6.2385
202000042310,9,3,2020,17,1,72,72181,2,1,2,2,GENESLAY FELIX (AV) N° IMP 1 A 151,47.98272,0.21046
202000042311,9,3,2020,5,5,72,72181,2,2,1,3,EICHTHAL (RUE D'),47.99977,0.1858
202000042312,9,3,2020,17,1,71,71270,2,1,1,6,Route de Lyon,46.2897073,4.8123493
202000042313,10,3,2020,5,5,69,69256,2,2,2,3,MAURICE AUDIN                       (R ),45.77733,4.91965
202000042314,10,3,2020,17,1,69,69096,2,1,1,2,BERTHELOT (MARCELIN) (AV),45.59842,4.78361
202000042315,9,3,2020,20,5,67,67482,2,1,1,6,FRANÇOIS MITTERRAND (AVENUE),48.5863125,7.6959411
202000042316,6,2,2020,8,1,67,67462,2,3,7,6,PRESIDENT POINCARE (RUE DU),48.257205,7.454478
202000042317,10,3,2020,7,1,67,67180,2,2,2,3,COLONEL ANDRE (RUE DU),48.8054284,7.7794622
202000042318,9,3,2020,17,1,66,66136,2,1,1,2,Départementale 914,42.67319,2.88959
202000042319,6,3,2020,16,1,65,65440,2,1,3,6,Bd du Général de Lattre de Tassigny ,43.221188,0.060182
202000042320,9,3,2020,16,1,64,64102,2,1,1,6,Avenue Louis de Foix,43.5065,-1.4673
202000042321,20,2,2020,17,1,62,62464,1,6,3,1,VERMELLES (RTE DE),50.486852,2.807693
202000042322,10,3,2020,10,1,62,62178,2,1,2,6,REPUBLIQUE ( DE LA ),50.47798,2.536579
202000042323,10,3,2020,21,5,62,62160,2,9,2,2,PIPOTS (Rue des),50.7231084,1.6085023
202000042324,8,3,2020,13,1,58,58194,2,1,1,3,JEAN GEORGES,46.9845,3.1601
202000042325,10,3,2020,16,1,57,57630,2,1,1,6,IMLING (ROUTE D'),48.72025,7.03652
202000042326,9,3,2020,11,1,51,51454,2,3,1,3,Boulevard Saint Marceaux,49.2519092,4.0430909
202000042327,6,3,2020,14,1,50,50129,2,3,1,4,MILLET (AVENUE JEAN-FRANCOIS),49.63376,-1.62173
202000042328,9,3,2020,20,5,49,49007,2,1,2,1,RONCERAY BOULEVARD,47.47444,-0.5602
202000042329,9,3,2020,7,2,49,49007,2,1,1,3,RABELAIS,47.45835,-0.54504
202000042330,8,3,2020,14,1,45,45208,2,6,8,3,R RENEE DE FRANCE- R DU PORT,48.0003442,2.7304727
202000042331,9,3,2020,23,3,44,44184,2,1,1,7,PICHON (RUE ADRIEN),47.23955,-2.28206
202000042332,10,3,2020,13,1,41,41018,2,1,2,6,FRANCE (AVENUE DE)  1,47.59894,1.31843
202000042333,7,3,2020,20,5,38,38185,2,1,1,6,Avenue Edmond Esmonin,45.15935,5.72639
202000042334,10,3,2020,16,1,37,37261,2,1,2,6,MONGE (AVENUE),47.3556149,0.7030499
202000042335,10,3,2020,10,1,37,37261,2,1,2,6,CHEVALLIER (RUE AUGUSTE),47.3748992,0.6788916
202000042336,10,3,2020,8,1,37,37261,2,1,8,6,BERANGER (BOULEVARD),47.3899605,0.6877534
202000042337,10,3,2020,10,1,35,35051,2,1,1,2,FREBARDIERE (RUE DE LA),48.1020827,-1.6307213
202000042338,9,3,2020,8,1,34,34172,2,1,1,-1,ONZE NOVEMBRE (PLACE DU),43.61454,3.88317
202000042339,9,3,2020,8,1,34,34172,2,2,1,3,DIACON (AVENUE EMILE),43.6288359,3.8610533
202000042340,10,3,2020,21,5,33,33119,1,3,1,2,Boulevard de l'Entre-Deux-Mers / Boulevard Joliot Curie,44.846518,-0.53764
202000042341,6,3,2020,20,5,31,31555,2,1,2,6,51 Route de Narbonne,43.57068,1.45463
202000042342,10,3,2020,15,1,29,29232,2,1,2,2,Avenue de la Liberation,47.9923875,-4.0787816
202000042343,28,1,2020,17,5,29,29039,1,5,2,7,D22 - Rue de Kerose,47.8741278,-3.8983011
202000042344,9,3,2020,10,1,27,27528,2,6,1,3,VILLAGE (CHAUSSEE DU),49.26326,1.21154
202000042345,22,2,2020,16,1,22,22278,2,6,1,3,AURORE (RD PT DE L'),48.51323,-2.73823
202000042346,9,3,2020,13,1,19,19031,2,1,1,6,ALSACE LORRAINE (AVENUE) JUSQU'A N° 55 ,45.1558214,1.5369358
202000042347,7,3,2020,12,1,19,19031,2,1,1,3,SEMARD (AVENUE PIERRE) JUSQU'A N° 73 - 6,45.1569447,1.5218496
202000042348,6,3,2020,16,1,19,19031,2,1,3,6,ROCHE (RUE MARCELIN),45.164792,1.526448
202000042349,25,9,2020,17,1,69,69176,1,1,3,1,D30,45.692973,4.699907
202000042350,25,9,2020,16,1,69,69040,2,1,1,2,30 Avenue Général de Gaulle,45.806196,4.781216
202000042351,24,9,2020,8,1,61,61104,1,4,3,3,D51,48.611136,-0.255663
202000042352,16,9,2020,7,1,80,80428,1,1,1,3,"A1, PK130+850 vers paris",49.953084,2.853806
202000042353,24,9,2020,16,1,13,13210,1,1,1,2,Tunnel Prado Carénage,43.235098,5.377539
202000042354,24,9,2020,8,1,33,33063,1,1,2,7,AUTOROUTE A 10,44.88387,-0.55698
202000042355,23,9,2020,22,3,59,59343,1,1,3,6,AUTOROUTE A1,50.5891511,3.0964413
202000042356,24,9,2020,19,1,94,94021,1,1,2,3,AUTOROUTE A6B,48.7604813,2.3391834
202000042357,24,9,2020,12,1,94,94076,1,1,1,2,AUTOROUTE A6B,48.7930959,2.3450828
202000042358,24,9,2020,13,1,92,92002,1,1,2,4,AUTOROUTE A10,48.7305148,2.3081803
202000042359,24,9,2020,6,2,91,91377,2,9,1,6,RN20,48.7191,2.2989
202000042360,24,9,2020,7,1,94,94038,1,1,1,3,AUTOROUTE A6A,48.7774452,2.3466316
202000042361,24,9,2020,0,5,94,94037,1,1,1,5,AUTOROUTE A6A,48.8147544,2.3361929
202000042362,23,9,2020,14,1,91,91174,1,1,1,2,RN 104,48.612,2.4488
202000042363,24,9,2020,16,1,92,92050,1,1,1,2,A86,48.9181388,2.2227647
202000042364,24,9,2020,13,1,92,92047,1,1,2,3,A13,48.8329115,2.1582349
202000042365,24,9,2020,18,3,93,93063,1,1,2,3,AUTOROUTE A3,48.87397,2.43807
202000042366,24,9,2020,14,1,93,93053,1,1,2,2,AUTOROUTE A103,48.88808,2.47233
202000042367,24,9,2020,15,1,92,92078,1,1,2,2,AUTOROUTE A86,48.92975,2.32759
202000042368,24,9,2020,15,1,93,93008,1,1,2,2,AUTOROUTE A86,48.90674,2.45737
202000042369,24,9,2020,13,3,93,93008,1,1,1,3,AUTOROUTE A86,48.90895,2.44906
202000042370,23,9,2020,16,1,93,93053,1,1,2,7,AUTOROUTE A103,48.88826,2.47245
202000042371,23,9,2020,15,1,92,92036,1,1,8,2,AUTOROUTE A86,48.9391,2.3054
202000042372,24,9,2020,15,1,77,77337,1,1,2,7,A4,48.829981,2.618555
202000042373,24,9,2020,7,1,93,93051,1,9,1,3,A4,48.83529,2.5755
202000042374,24,9,2020,0,3,94,94018,1,1,2,7,A4,48.8173,2.4551
202000042375,23,9,2020,18,2,77,77438,1,1,2,-1,A104,48.86679,2.670378
202000042376,6,1,2020,11,1,91,91114,2,9,1,3,ROUTE NATIONALE 6,48.7126519,2.4422282
202000042377,5,1,2020,16,1,86,86027,2,1,1,2,Rocade Ouest,46.5777303,0.31497
202000042378,21,7,2020,13,1,76,76351,2,3,1,6,SAINTE ADRESSE (DE),49.49953,0.09347
202000042379,1,1,2020,4,3,84,84007,1,1,1,1,TARASCON ( Avenue de),43.9220876,4.8092714
202000042380,24,1,2020,14,1,52,52448,2,3,1,6,FRANCE (RUE ANATOLE),48.64114,4.96146
202000042381,5,1,2020,10,1,83,83129,2,1,1,3,GUILLEMARD (AV ROBERT) N° PAIRS,43.07902,5.81758
202000042382,3,1,2020,21,5,80,80021,2,1,1,6,ORATOIRE (RUE DE L'),49.89333,2.30459
202000042383,23,9,2020,16,1,974,97416,1,1,1,5,ANCIENNE RN 1,-21.32302,55.44502
202000042384,23,9,2020,14,1,973,97302,2,1,1,3,RABAN (ROUTE DE),4.9357789,-52.31462
202000042385,6,1,2020,9,2,78,78551,2,2,1,7,RN 184,48.939447,2.095883
202000042386,23,9,2020,20,5,69,69383,2,2,1,1,FELIX FAURE                         (AV),45.753,4.8536
202000042387,23,9,2020,16,1,69,69388,2,3,1,3,HERIDEAUX (DES)                     (R ),45.73997,4.86093
202000042388,5,1,2020,9,1,77,77053,2,3,1,6,MONGAZON (RUE DE),48.69123,2.61666
202000042389,25,7,2020,20,1,75,75118,2,4,1,6,RUE JEAN COTTIN,48.895328,2.362217
202000042390,6,1,2020,8,1,77,77237,2,1,1,2,LAGNY  (RUE DE  ) - RD10,48.842845,2.750595
202000042391,22,9,2020,16,1,972,97209,2,6,1,1,RAVINE VILAINE (CHEMIN DEPARTEMENTAL DE),14.64479,-61.05926