Num_Acc,jour,mois,an,hr,condition_eclairage,departement,commune,condition_agglomeration,intersection,condition_atmosphere,type_collision,adresse,lattitude,longitude
202000042392,24,9,2020,0,5,69,69382,2,9,1,3,AUGUSTE COMTE                       (R ),45.7543,4.8309
202000042393,26,7,2020,22,5,75,75105,2,7,1,3,PONT D AUSTERLITZ,48.84423,2.364771
202000042394,6,1,2020,9,1,77,77237,1,4,1,2,D10,48.829505,2.755755
202000042395,23,9,2020,12,1,2A,2A004,1,1,1,4,T20,41.9439819,8.8109794
202000042396,27,7,2020,3,5,75,75120,2,7,1,6,PLACE AUGUSTE METIVIER,48.86324,2.38826
202000042397,6,1,2020,8,2,77,77037,2,1,5,6,MOREAU DES TOURS (RUE),48.4695364,2.6959255
202000042398,23,9,2020,15,1,95,95539,2,1,2,3,RHIN ET DANUBE (AVENUE ),49.00306,2.35935
202000042399,5,1,2020,18,5,76,76351,2,2,1,3,LENINGRAD (BD DE),49.49874,0.15926
202000042400,27,7,2020,16,1,75,75119,2,3,1,3,AVENUE JEAN JAURES,48.884538,2.376932
202000042401,22,9,2020,19,2,95,95197,2,3,1,3,SAINT-DENIS (ROUTE),48.965445,2.319606
202000042402,23,9,2020,5,3,91,91223,1,1,1,6,R.D.20,48.41158,2.12726
202000042403,4,1,2020,10,1,76,76351,2,3,1,6,VERDUN (RUE DE),49.50177,0.15427
202000042404,3,1,2020,18,5,67,67482,2,1,1,6,JEAN JAURES (AVENUE),48.57043,7.76124
202000042405,22,9,2020,7,2,91,91333,2,3,1,6,F.F.I. (PLACE DES),48.61479,2.26241
202000042406,21,9,2020,16,1,91,91425,2,7,1,6,PARIS (RUE DE),48.64,2.27
202000042407,6,1,2020,19,5,64,64260,2,6,1,3,HAPETENIA (RUE DE),43.3532819,-1.7714167
202000042408,27,7,2020,13,1,75,75113,2,4,1,5,RUE DE TOLBIAC,48.825689,2.347999
202000042409,6,1,2020,17,1,64,64483,2,1,1,2,ASCAIN (ROUTE D'),43.37503,-1.63774
202000042410,6,1,2020,16,1,64,64102,2,6,1,7,giratoire des casques,43.50802,-1.4881
202000042411,22,9,2020,12,1,87,87114,2,3,2,3,BLUM (AVENUE LEON-),45.83239,1.30369
202000042412,3,1,2020,23,3,63,63164,1,1,1,6,Malintrat ( route de ),45.81422,3.1589
202000042413,18,9,2020,17,1,87,87085,2,1,1,6,DUSSOUBS (PLACE DENIS),45.83298,1.25575
202000042414,27,7,2020,20,2,75,75111,2,2,1,3,AVENUE PARMENTIER,48.861653,2.377323
202000042415,5,1,2020,10,1,63,63113,2,2,1,3,BLANZAT (RUE DE),45.7878372,3.0844307
202000042416,27,9,2020,0,5,86,86194,2,1,1,3,Avenue John Kennedy,46.589419,0.359931
202000042417,27,7,2020,9,1,75,75108,2,1,1,3,RUE DE VIENNE,48.877604,2.32229
202000042418,6,1,2020,9,1,59,59350,2,1,7,6,GRAND BUT RUE DU,50.65126,2.97506
202000042419,23,7,2020,9,1,75,75107,2,1,1,3,QUAI BRANLY,48.858702,2.292996
202000042420,3,1,2020,22,3,49,49267,2,1,1,2,PUITS DES BOIS LIEU DIT,47.47364,-0.46585
202000042421,23,9,2020,21,5,83,83069,2,3,1,3,DE LATTRE DE TASSIGNY(BLD),43.12404,6.14765
202000042422,27,7,2020,18,1,75,75103,2,1,7,6,RUE DE TURBIGO,48.886583,2.361041
202000042423,23,9,2020,16,1,83,83069,2,1,1,3,PERE ETERNEL (CHEMIN DU),43.1248,6.1503
202000042424,6,1,2020,10,1,37,37261,2,3,1,6,ORATOIRE (RUE DE L'),47.4123098,0.6963585
202000042425,22,9,2020,13,1,80,80256,2,1,1,7,RN 1235,49.91558,2.22912
202000042426,26,7,2020,9,1,94,94067,2,3,1,4,GENERAL DE GAULLE (AV DU),48.84638,2.417734
202000042427,27,7,2020,21,2,94,94078,2,1,1,6,PRESIDENT JOHN FITZGERALD KENNEDY (AV DU,48.7353,2.46514
202000042428,22,9,2020,10,1,80,80021,2,1,1,6,VALLEE (RUE DE LA ),49.89226,2.308
202000042429,6,1,2020,18,3,35,35051,1,1,1,2,RN136,48.10639,-1.59966
202000042430,22,9,2020,18,1,80,80021,2,3,1,3,VULFRAN WARME (RUE),49.88739,2.30697
202000042431,27,7,2020,20,1,94,94017,2,9,1,5,STALINGRAD (BD DE),48.8173588,2.5092334
202000042432,21,9,2020,17,1,72,72181,2,1,1,6,MARIETTE (RUE DE LA) N° IMP 87 ET >,47.99901,0.20858
202000042433,4,1,2020,13,1,34,34108,1,1,1,1,MONTPELLIER (ROUTE DE),43.470311,3.767375
202000042434,22,9,2020,19,1,71,71153,2,1,1,-1,Industrie ( Boulevard de l'),46.78934,4.4443
202000042435,27,7,2020,10,1,94,94058,2,2,1,7,MONTAIGNE (AV),48.8390258,2.5086325
202000042436,6,1,2020,8,1,33,33281,2,2,5,3,AVE MONTESQUIEU / RUE DU JARD,44.8471,-0.63897
202000042437,23,9,2020,21,5,69,69266,2,2,1,3,ANTOINE PRIMAT     (Rue),45.75817,4.89331
202000042438,27,7,2020,5,3,94,94021,2,9,1,6,Boulevard du Delta,48.75864,2.3429
202000042439,22,9,2020,17,1,67,67482,2,1,1,1,GERSTHEIM (RUE DE),48.5667,7.78102
202000042440,5,1,2020,18,1,33,33009,2,3,9,6,Impasse Gambetta,44.66192,-1.16844
202000042441,27,7,2020,9,1,94,94079,2,3,7,6,ROBERT SCHUMAN (R),48.82283,2.54235
202000042442,5,1,2020,2,5,31,31555,2,1,1,6,BD DE LA MARQUETTE,43.61439,1.4333
202000042443,27,7,2020,12,1,94,94018,2,2,1,3,PARIS (R DE),48.82589,2.40691
202000042444,22,9,2020,12,1,67,67482,2,3,1,3,BALE (RUE DE),48.56945,7.76311
202000042445,2,1,2020,13,1,30,30189,2,3,1,3,MARTEL CHARLES (RUE),43.8301,4.359
202000042446,27,7,2020,9,1,94,94069,2,3,1,3,SAINT MAURICE DU VALAIS (AV),48.8167,2.45978
202000042447,22,9,2020,6,3,67,67462,1,4,1,3,EPFIG (ROUTE D),48.28534,7.45803
202000042448,23,9,2020,17,1,65,65251,2,7,1,3,PYRENEES (RUE DES),43.217,0.0714
202000042449,27,7,2020,15,1,93,93039,2,1,1,4,CITE MARCEL PAUL,48.92037,2.32823
202000042450,6,1,2020,16,1,27,27681,2,9,1,3,JAURES (BOULEVARD JAURES),49.09575,1.46473
202000042451,27,7,2020,5,5,93,93066,2,2,1,3,MOULIN JEAN (AVE) NR 10 A 20 ET  13 A 17,48.9420004,2.3653726
202000042452,6,1,2020,21,5,17,17300,2,9,1,7,CARNOT   AVENUE,46.1649,-1.1836
202000042453,6,1,2020,21,5,17,17291,2,9,1,3,RN 237,46.173623,-1.122448
202000042454,27,7,2020,9,1,93,93051,2,2,1,3,EMILE COSSONNEAU (AVE),48.849,2.5697
202000042455,26,7,2020,19,1,93,93048,2,1,1,6,PARIS (RUE DE),48.8562814,2.4262819
202000042456,6,1,2020,15,1,15,15014,2,1,1,2,GAULLE (AVENUE CHARLES DE),44.909755,2.424769
202000042457,23,9,2020,9,1,65,65417,2,1,1,2,MITTERRAND (AVENUE FRANCOIS),43.229786,0.09569
202000042458,27,7,2020,16,1,93,93046,2,1,1,1,ROBERT SCHUMANN BOULEVARD,48.9297143,2.5528674
202000042459,16,8,2020,9,1,64,64483,2,1,1,3,ERROMARDIE (CHEMIN D'),43.39757,-1.64411
202000042460,27,7,2020,17,1,93,93046,2,2,1,3,JEAN JAURES BOULEVARD,48.9206682,2.5261366
202000042461,22,9,2020,8,1,64,64102,2,1,2,2,MAI 1945 (AVENUE DU 8),43.46834,-1.49078
202000042462,27,7,2020,10,1,93,93057,2,3,1,2,BRIAND ( AV.  ARISTIDE) 93 A 175,48.9095271,2.5048737
202000042463,6,1,2020,13,1,14,14215,2,2,1,3,GROSSE TOUR (RUE DE LA ),49.1898,-0.2656
202000042464,13,9,2020,17,1,63,63113,2,2,1,3,BERTHELOT (BOULEVARD),45.7785575,3.0721596
202000042465,27,7,2020,20,1,93,93001,2,2,1,3,WALDECK ROCHET (RUE),48.9127114,2.3678284
202000042466,12,9,2020,14,1,62,62033,1,3,1,3,LILLE (RTE DE),50.4521386,2.8742509
202000042467,27,7,2020,10,1,92,92064,2,9,1,7,CARNOT,48.845958,2.2232516
202000042468,18,9,2020,21,5,62,62427,2,1,1,6,SEMARD (PL. PIERRE ),50.417314,2.952104
202000042469,22,9,2020,21,5,56,56162,2,1,2,6,SABLES BLANCS (BD DES),47.728,-3.49404
202000042470,6,1,2020,8,1,13,13056,2,4,1,1,ZOLA (Boulevard Emile),43.39948,5.05866
202000042471,26,7,2020,19,1,92,92063,2,2,1,3,JUIN (AVENUE DU MARECHAL),48.88193,2.18366
202000042472,23,9,2020,18,1,51,51454,2,1,1,1,Rue du Colonel Fabien,49.2503813,4.0204256
202000042473,27,7,2020,18,1,92,92062,2,1,1,1,PARVIS (LE),48.89,2.24
202000042474,7,1,2020,1,5,13,13213,2,9,1,3,FRAIS VALLON (AVENUE),43.3250965,5.4235186
202000042475,6,1,2020,11,1,13,13202,2,1,1,3,LAZARET (QUAI DU),43.31109,5.36736
202000042476,26,7,2020,0,5,92,92014,2,7,2,3,GENERAL LECLERC (AV.) (135 A FIN - 134 A,48.77676,2.31401
202000042477,22,9,2020,18,1,51,51454,2,3,1,5,Rue de la 12e Escadre d’Aviation,49.284101,4.032596
202000042478,6,1,2020,18,2,06,06029,2,1,1,3,POESIE (AVENUE PIERRE),43.55231,6.96269
202000042479,28,7,2020,5,2,18,18287,1,1,1,7,117 Route de Saint Bouize,47.282111,2.862453
202000042480,23,9,2020,10,1,45,45234,2,1,1,3,Place du General de Gaulle,47.90119,1.90204
202000042481,25,7,2020,21,2,18,18272,2,1,1,1,13 Route de Montigny,47.258025,2.755042
202000042482,6,1,2020,8,1,06,06027,2,1,1,3,ORANGERS AVENUE DES,43.65899,7.16712
202000042483,22,9,2020,13,1,45,45068,2,2,1,3,Avenue Jean Jaurès,48.01294,2.73364
202000042484,28,7,2020,10,1,64,64243,1,1,1,1,D945,43.46703,-0.523739
202000042485,4,9,2020,19,2,42,42071,2,3,1,6,Avenue de la République,46.02822,4.08463
202000042486,4,1,2020,21,4,05,05061,2,6,1,3,VEYNES ( AVENUE DE  ),44.55785,6.0688
202000042487,5,1,2020,18,5,03,03310,2,1,1,6,111 Boulevard des Etats-unis,46.1258524,3.4172912
202000042488,27,7,2020,18,1,64,64254,1,1,1,5,"RD 945, Pk 009+200",43.502402,-0.585151
202000042489,6,1,2020,17,2,75,75119,2,1,1,-1,BD PERIPHERIQUE INTERIEUR,48.8788743,2.4079384
202000042490,23,9,2020,9,1,37,37208,2,1,1,-1,DE GAULLE (AV. DU GAL),47.354254,0.7209468
202000042491,16,7,2020,18,1,62,62454,2,3,1,3,Rue Neuve,50.565157,2.614477
202000042492,11,9,2020,13,1,37,37261,2,1,1,6,HEURTELOUP (BOULEVARD),47.3908342,0.6942279
202000042493,6,1,2020,10,1,75,75116,2,4,1,4,BD PERIPHERIQUE EXTERIEUR,48.8409446,2.2539033
202000042494,23,9,2020,11,1,35,35238,2,6,2,7,GUILLOUX (LOUIS),48.10935,-1.69754
202000042495,28,7,2020,4,5,91,91363,2,1,1,7,99 Rue Alfred Dubois,48.639854,2.241635
202000042496,28,7,2020,12,1,06,06095,2,1,1,6,Avenue de Peygros,43.625879,6.876605
202000042497,6,1,2020,6,2,75,75114,2,1,1,3,BP PERIPHERIQUE INTERIEUR,48.816788,2.338935
202000042498,22,9,2020,16,1,34,34172,2,2,2,6,SAINT CLEOPHAS (RUE),43.59783,3.87118
202000042499,21,7,2020,15,1,58,58086,1,6,1,6,Cosne-Cours-sur-Loire,47.382929,2.924273
202000042500,25,7,2020,17,1,34,34032,2,1,7,6,ORNANO COLONEL D' (AV),43.33884,3.20977
202000042501,5,1,2020,3,5,75,75117,2,1,1,2,BD PERIPHERIQUE INTERIEUR,48.898986,2.317292
202000042502,28,7,2020,0,3,62,62422,1,1,1,6,Rue de Sailly,50.1237692,2.6296832
202000042503,27,7,2020,17,1,61,61205,1,1,1,6,A28,48.860812,0.380026
202000042504,23,9,2020,12,1,33,33063,2,2,1,3,RUE LUCIEN FAURE / CRS DU RACCORDEMENT / RUE HENRI BRUNET,44.8661,-0.56096
202000042505,4,1,2020,12,1,75,75120,2,1,1,4,BD PERIPHERIQUE INTERIEUR,48.856344,2.413923
202000042506,28,7,2020,14,1,77,77065,1,1,7,1,22 Route de Melun - D372,48.464412,2.535921
202000042507,23,9,2020,12,1,33,33063,2,2,1,2,RUE GENERAL DE LARMINAT / PCE GAVINIES,44.83341,-0.59423
202000042508,5,1,2020,3,3,75,75116,2,1,1,6,ECHANGEUR PASSY,48.859682,2.262545
202000042509,27,7,2020,17,1,19,19209,1,1,1,7,La Font de Granier RD160,45.5977901,1.8681264
202000042510,6,1,2020,9,1,75,75106,2,3,1,3,RUE DE RENNES,48.8456761,2.3256093
202000042511,27,7,2020,18,1,74,74164,2,1,1,3,Avenue de la Gare,46.089197,6.507329
202000042512,22,9,2020,18,1,31,31555,2,2,1,3,AV DE LESPINET,43.58367,1.46396
202000042513,6,1,2020,12,1,75,75120,2,4,1,2,AVENUE IBSEN,48.865656,2.411871
202000042514,27,7,2020,21,3,76,76181,1,1,1,6,781 Route du Mont aux Roux,49.621362,0.633143
202000042515,6,1,2020,18,5,75,75119,2,1,1,-1,AVENUE JEAN JAURES,48.8866405,2.3849867
202000042516,22,9,2020,16,1,31,31555,2,3,1,3,RUE BERTRAND GRIL,43.58716,1.45957
202000042517,27,7,2020,20,2,76,76395,1,1,1,7,RD 323,49.895021,0.959415
202000042518,6,1,2020,9,1,75,75119,2,2,1,3,RUE DU CHEMIN DE FER,48.8997784,2.3879871
202000042519,27,7,2020,12,1,41,41099,1,1,1,-1,A85,47.335973,1.588812
202000042520,19,9,2020,18,1,31,31555,1,1,1,4,VA007331 A620,43.62845,1.42023
202000042521,6,1,2020,16,1,75,75117,2,2,1,4,BOULEVARD DE REIMS,48.891819,2.301585
202000042522,28,7,2020,8,1,71,71008,1,1,1,6,D16,46.2283337,4.3665561
202000042523,6,1,2020,9,1,75,75117,2,3,1,6,RUE ERNEST GOUIN,48.8939504,2.3175748
202000042524,6,1,2020,22,5,75,75116,2,1,2,6,AVENUE DU PRESIDENT WILSON,48.863767,2.289819
202000042525,27,7,2020,20,1,89,89155,1,1,1,1,D 606,47.7187959,3.6137843
202000042526,23,9,2020,16,1,30,30189,2,2,1,3,TALABOT (BOULEVARD),43.83694,4.37114
202000042527,5,1,2020,0,5,75,75116,2,3,1,3,BOULEVARD LANNES,48.868843,2.273502
202000042528,18,9,2020,12,1,30,30189,2,9,1,1,JAURES JEAN (BOULEVARD),43.8283,4.3529
202000042529,6,1,2020,13,1,75,75115,2,5,1,6,RUE DE DANTZIG,48.8299869,2.2957012
202000042530,23,9,2020,1,5,29,29232,2,1,2,6,D765 - Route de Douarnenez,47.99916,-4.11519
202000042531,28,7,2020,13,1,49,49272,1,3,1,1,Carrefour des Granges,47.340886,-0.1817689
202000042532,6,1,2020,8,2,75,75106,2,2,1,6,BOULEVARD DU MONTPARNASSE,48.8455328,2.3191643
202000042533,28,7,2020,9,1,12,12170,1,1,1,1,Lieu-dit Le cabanou,44.5171639,2.0904691
202000042534,23,9,2020,11,1,27,27681,2,1,1,6,GENERAL DE GAULLE (PLACE DU),49.09161,1.48507
202000042535,6,1,2020,17,5,75,75113,2,1,1,3,BOULEVARD DE PORT ROYAL,48.8379504,2.3437364
202000042536,27,7,2020,16,1,39,39478,1,1,1,7,,46.418095,5.862084
202000042537,6,1,2020,13,1,75,75113,2,3,1,-1,BOULEVARD MASSENA,48.821849,2.370431
202000042538,28,7,2020,7,1,39,39439,1,1,1,6,,46.99164,5.829937
202000042539,28,7,2020,16,1,44,44213,1,1,1,7,D25,47.444517,-1.078806
202000042540,6,1,2020,20,5,75,75112,2,1,1,3,BD PERIPHERIQUE EXTERIEUR,48.8441793,2.4141115
202000042541,27,7,2020,15,1,29,29184,1,3,1,7,Keranton Izella,48.6104505,-3.9434061
202000042542,6,1,2020,16,1,75,75112,2,2,1,6,RUE DE WATTIGNIES,48.835173,2.3987762
202000042543,23,9,2020,17,1,14,14118,2,1,8,3,CLEMENCEAU (AVENUE GEORGES),49.18958,-0.345358
202000042544,27,7,2020,17,1,29,29259,2,1,1,1,Rue de Kerfissiec,48.702344,-3.985479
202000042545,6,1,2020,10,1,75,75112,2,4,1,3,BOULEVARD DE REUILLY,48.839369,2.3939427
202000042546,23,9,2020,9,1,14,14118,2,1,1,6,HASTINGS (RUE D'),49.18487,-0.38033
202000042547,27,7,2020,23,3,31,31443,1,1,1,6,1 Lieu Dit Embazil,43.3647322,0.7410895
202000042548,6,1,2020,10,1,75,75109,2,5,1,6,RUE D ATHENES,48.8778618,2.3269612
202000042549,26,7,2020,14,1,84,84148,1,1,1,6,D942,44.055514,5.24426
202000042550,5,1,2020,0,5,75,75109,2,3,1,-1,RUE BLANCHE,48.880636,2.331457
202000042551,23,9,2020,17,1,13,13210,2,1,1,2,CAPELETTE (AVENUE DE LA),43.281043,5.40624
202000042552,28,7,2020,16,1,06,06062,1,1,1,6,D6204,44.010135,7.557428
202000042553,23,9,2020,19,2,13,13063,2,1,1,6,ARLEQUIN ALLEE DE,43.59386,5.01026
202000042554,6,1,2020,18,5,75,75107,2,3,1,3,QUAI BRANLY,48.857497,2.2910221
202000042555,28,7,2020,18,1,06,06105,2,1,1,6,Route Departementale 2085,43.666039,7.051355
202000042556,23,9,2020,9,1,13,13047,1,1,1,6,CD16 (LE DELA),43.5518,5.01135
202000042557,5,1,2020,18,5,75,75107,2,2,1,3,PONT DE LA CONCORDE,48.862591,2.319025
202000042558,27,7,2020,1,3,14,14085,1,1,1,6,RD 534,49.2740237,0.3383249
202000042559,23,9,2020,18,1,13,13028,2,1,1,2,VIEUX MOULINS (AVENUE DES ),43.18729,5.62723
202000042560,6,1,2020,8,1,75,75101,2,1,1,7,VOIE GEORGES POMPIDOU,48.8586109,2.340771
202000042561,27,7,2020,12,1,14,14670,2,1,1,2,RUE DE BRETTEVILLE,49.232652,-0.518552
202000042562,6,1,2020,11,1,94,94077,2,1,1,6,VIEILLE EGLISE (PL DE LA),48.733,2.408
202000042563,22,9,2020,12,1,09,09225,2,1,8,2,BERNARD SAISSET RUE,43.10319,1.62313
202000042564,28,7,2020,17,1,18,18206,1,1,1,7,Route d'Orléans,47.19549,2.323496
202000042565,6,1,2020,9,1,94,94016,2,1,7,6,GALLIENI (R),48.79579,2.33257
202000042566,26,7,2020,6,2,43,43165,1,1,1,6,Route de Coindet,45.141965,4.012402
202000042567,19,9,2020,21,5,09,09122,2,1,1,2,FAURE (COURS GABRIEL),42.9639,1.60678
202000042568,23,9,2020,12,1,07,07281,2,1,1,3,GROSS-UMSTADT (AVENUE DE),44.9451,4.8555
202000042569,6,1,2020,7,2,94,94022,2,3,1,6,GENERAL LECLERC (AV),48.762437,2.406632
202000042570,27,7,2020,11,1,07,07041,2,1,1,2,D820,45.2719,4.670455
202000042571,6,1,2020,17,2,94,94059,2,1,1,6,MAURICE BERTEAUX (AV),48.80752,2.57033
202000042572,21,6,2020,19,2,06,06104,1,1,1,6,TURBIE (ROUTE DE LA),43.76511,7.45083
202000042573,28,7,2020,6,1,21,21584,1,1,7,3,D980,47.265237,4.221797
202000042574,23,9,2020,18,1,06,06069,1,1,1,3,POMPIDOU (AVENUE GEORGES) -RD 6085,43.646,6.9392
202000042575,6,1,2020,17,5,93,93073,2,1,1,3,AV DU GENERAL POUDEROUX,48.9659,2.569
202000042576,26,7,2020,16,1,24,24082,1,9,1,3,Bos de Bazet,44.826276,1.28701
202000042577,27,7,2020,7,1,04,04124,1,1,1,7,RD 11,43.768789,6.106076
202000042578,6,1,2020,15,1,93,93064,2,1,1,2,REPUBLIQUE (AVENUE DE LA),48.86759,2.48483
202000042579,23,9,2020,10,1,06,06069,2,6,1,3,RAYBAUD (AVENUE FELIX)  - D609-,43.640757,6.91166
202000042580,23,9,2020,10,1,06,06029,1,1,1,2,REPUBLIQUE (BOULEVARD DE LA),43.56035,7.02091
202000042581,26,7,2020,10,1,04,04008,1,1,1,7,RN 202,43.9522157,6.6853521
202000042582,6,1,2020,15,1,93,93062,2,3,7,6,AV DE LA RESISTANCE / ALL DE VERDUN,48.89594,2.51445
202000042583,22,9,2020,22,5,75,75119,2,1,1,3,PORTE DE PANTIN,48.890069,2.396274
202000042584,27,7,2020,23,3,04,04122,1,1,1,7,RN 85,44.043574,6.06374
202000042585,27,7,2020,12,1,85,85022,1,1,1,6,D91,46.45227,-1.46005
202000042586,6,1,2020,8,1,93,93055,2,1,1,-1,JEAN LOLIVE (AVENUE)(75/105.88/106),48.89196,2.40749
202000042587,22,9,2020,15,1,75,75120,2,1,1,5,PORTE DE BAGNOLET,48.866942,2.41322
202000042588,23,9,2020,0,5,75,75106,2,1,1,6,RUE VISCONTI,48.855716,2.336299
202000042589,27,7,2020,18,1,85,85190,1,1,1,5,La Sauvinière,46.947735,-1.487457
202000042590,6,1,2020,21,5,93,93053,2,9,2,2,REPUBLIQUE (BLD DE LA) N°,48.8942316,2.4638536
202000042591,28,7,2020,14,1,88,88304,2,9,1,6,32 Rue de l'Abbe Germini,48.303637,6.134257
202000042592,26,7,2020,11,1,67,67324,1,9,1,7,Rue du Sandholz,48.936287,7.626915
202000042593,6,1,2020,16,1,93,93048,2,1,1,3,BD ARISTIDE BRIAND,48.8784864,2.4577063
202000042594,5,1,2020,2,5,93,93063,2,3,1,3,R FLOREAL / R DE NOISY LE SEC,48.87818,2.42714
202000042595,26,7,2020,16,1,24,24549,1,1,1,6,D18,44.744325,0.327058
202000042596,23,9,2020,18,1,75,75119,2,7,2,3,PLACE AUGUSTE BARON,48.900925,2.388928
202000042597,6,1,2020,9,1,93,93010,2,1,1,6,ZOLA (RUE EMILE),48.9109367,2.4909161
202000042598,26,7,2020,21,5,973,97309,2,4,1,6,5 Route des Plages,4.912076,-52.272399
202000042599,23,9,2020,16,1,75,75119,2,2,1,3,BOULEVARD MACDONALD,48.898705,2.371163
202000042600,6,1,2020,0,5,93,93007,2,3,1,2,13 AV PAUL VAILLANT COUTURIER / R DE LONDRES,48.9291501,2.4789525
202000042601,27,7,2020,16,1,72,72080,1,1,1,7,Autoroute A11- PK 131+200,48.1473,0.6824
202000042602,23,9,2020,12,1,75,75119,2,3,1,6,RUE REBEVAL,48.87419,2.377418
202000042603,27,7,2020,11,1,974,97420,2,1,1,6,Rue des Artisans,-20.930739,55.637459
202000042604,6,1,2020,13,1,93,93005,2,2,1,1,ANATOLE FRANCE (AVENUE),48.9374773,2.4946786
202000042605,23,9,2020,7,1,75,75119,2,3,1,3,AVENUE JEAN JAURES,48.884544,2.376912
202000042606,6,1,2020,15,1,92,92078,2,1,1,7,CLAUDE DEBUSSY (RUE),48.930305,2.330753
202000042607,26,7,2020,17,1,971,97104,2,1,1,-1,Chemin des Pyrenees,16.030465,-61.742928
202000042608,23,9,2020,1,5,75,75118,2,7,1,3,BOULEVARD BARBES,48.891562,2.349597
202000042609,28,7,2020,12,1,83,83143,1,1,1,5,RD 562,43.443936,6.06428
202000042610,22,9,2020,14,1,75,75116,2,3,1,3,RUE RAYNOUARD,48.854041,2.277902
202000042611,23,9,2020,17,1,75,75115,2,1,2,3,AVENUE DU MAINE,48.844,2.320291
202000042612,23,9,2020,18,2,75,75114,2,1,2,6,AVENUE RENE COTY,48.830468,2.333972
202000042613,28,7,2020,11,1,26,26041,1,1,1,5,Aurotroute du Soleil ,45.2087904,4.870108
202000042614,23,9,2020,8,1,75,75114,2,2,1,7,RUE DIDOT,48.831338,2.319806
202000042615,27,7,2020,9,1,25,25043,1,1,1,1,1 Rue de Chataillon,47.489311,6.776719
202000042616,27,7,2020,15,1,67,67364,1,1,1,3,D131,48.3882756,7.6736659
202000042617,2,1,2020,18,5,92,92063,2,2,1,3,COLMAR (AVENUE DE),48.88718,2.17954
202000042618,28,7,2020,10,1,73,73116,1,1,1,7,Rue des Chasseurs Alpins,45.256737,6.271737
202000042619,6,1,2020,10,1,92,92062,2,1,1,6,GODEFROY (RUE) DU 1 AU 17,48.88097,2.2427291
202000042620,22,9,2020,4,5,75,75114,2,2,1,4,BOULEVARD ADOLPHE PINARD,48.822378,2.314248
202000042621,27,7,2020,11,1,38,38565,1,1,1,6,Route de Voiron,45.31292,5.62231
202000042622,21,9,2020,19,1,75,75114,2,1,1,3,RUE BREZIN,48.830976,2.328728
202000042623,27,7,2020,16,1,26,26064,1,6,1,6,D538,44.892224,5.016643
202000042624,23,9,2020,22,5,75,75112,2,4,3,6,AVENUE DE SAINT MAURICE,48.827565,2.419386
202000042625,6,1,2020,11,1,92,92012,2,2,1,3,ANDRE MORIZET (AVENUE) - 49/FIN - 54/FIN,48.83903,2.23201
202000042626,23,9,2020,15,1,75,75112,2,1,3,1,RUE DE REUILLY,48.842536,2.392304
202000042627,23,9,2020,14,1,75,75112,2,3,3,6,AVENUE DAUMESNIL,48.84029,2.392761
202000042628,28,7,2020,9,1,69,69095,1,1,1,5,Route de Chazelles sur Lyon,45.653942,4.413983
202000042629,28,7,2020,14,1,81,81104,1,1,1,1,A68,43.790614,1.746697
202000042630,23,9,2020,0,5,75,75112,2,2,1,3,COURS DE VINCENNES,48.847163,2.406242
202000042631,28,7,2020,14,1,85,85222,1,2,1,3,Rue du Pont Jaunay,46.674637,-1.913928
202000042632,22,9,2020,17,1,75,75112,2,1,1,7,BOULEVARD DIDEROT,48.846336,2.378079
202000042633,28,7,2020,9,1,22,22054,1,3,1,3,D34,48.614431,-2.470655
202000042634,28,7,2020,19,1,76,76718,1,1,7,7,D6015,49.616522,0.712631
202000042635,28,7,2020,14,1,80,80185,1,4,1,1,D186 / D5186 champien,49.693081,2.850877
202000042636,3,1,2020,9,1,92,92012,2,1,1,3,GENERAL LECLERC (AVENUE DU) 1/33 - 2/58,48.8320472,2.2385466
202000042637,28,7,2020,9,1,59,59237,2,1,7,6,Route Nationale,50.753699,2.646208
202000042638,7,1,2020,8,1,52,52282,1,1,8,1,RD154,47.976153,5.171172
202000042639,6,1,2020,16,5,67,67445,2,1,5,5,24 Rue de Selestat,48.282724,7.427629
202000042640,23,9,2020,18,1,75,75111,2,1,2,4,BOULEVARD DE CHARONNE,48.854681,2.395618
202000042641,6,1,2020,11,1,19,19031,1,1,1,2,A20,45.150651,1.484445
202000042642,23,9,2020,14,1,75,75111,2,2,8,3,RUE OBERKAMPF,48.865026,2.374673
202000042643,23,9,2020,11,1,75,75110,2,1,1,3,RUE LA FAYETTE,48.88006,2.359889
202000042644,23,9,2020,16,1,75,75108,2,1,1,6,BOULEVARD DES BATIGNOLLES,48.881331,2.317304
202000042645,23,9,2020,16,1,75,75104,2,3,2,6,RUE SAINT ANTOINE,48.853363,2.367594
202000042646,27,7,2020,14,1,57,57757,1,1,1,5,Autoroute A31,49.3363,6.1855
202000042647,7,1,2020,9,1,62,62649,1,1,1,6,La Briqueterie d'Hénu,50.154096,2.51423
202000042648,22,9,2020,16,1,75,75104,2,2,1,3,RUE SAINT ANTOINE,48.853426,2.367119
202000042649,5,1,2020,16,2,2A,2A104,1,9,1,5,route territoriale 40,41.910875,8.855797
202000042650,23,9,2020,10,1,94,94078,2,6,1,6,PARIS (R DE),48.729638,2.446854
202000042651,23,9,2020,16,1,94,94015,2,1,1,3,GENERAL GALLIENI (BD DU),48.845,2.527
202000042652,5,1,2020,11,1,80,80192,1,1,1,7,Rue d'Etinehem,49.915706,2.659192
202000042653,22,9,2020,9,1,94,94046,2,1,1,3,PROFESSEUR CADIOT (AV DU),48.80556,2.43153
202000042654,6,1,2020,4,3,89,89369,2,1,1,6,D82,48.247236,3.156764
202000042655,5,1,2020,6,5,61,61015,2,1,1,7,D8,48.610967,0.232496
202000042656,23,9,2020,11,1,94,94081,2,4,1,6,GABRIEL PERI (R),48.80132,2.39861
202000042657,27,7,2020,8,1,33,33550,1,1,1,6,AUTOROUTE A 62,44.77214,-0.55538
202000042658,27,7,2020,9,1,91,91345,1,1,1,4,AUTOROUTE A6,48.6894,2.3243