Num_Acc,jour,mois,an,hr,condition_eclairage,departement,commune,condition_agglomeration,intersection,condition_atmosphere,type_collision,adresse,lattitude,longitude
202000042659,27,7,2020,4,3,78,78133,1,1,1,6,A13,48.893452,2.00823
202000042660,27,7,2020,14,1,93,93053,1,1,1,3,AUTOROUTE A3,48.8821388,2.4551985
202000042661,23,9,2020,21,5,94,94073,2,1,2,7,LUXEMBOURG (AV DU),48.75853,2.372722
202000042662,6,1,2020,4,3,55,55458,1,1,5,2,D603,49.165383,5.740607
202000042663,23,9,2020,7,1,94,94018,2,3,1,6,L'EGLISE (PL DE),48.821,2.415
202000042664,27,7,2020,18,1,77,77294,1,1,1,3,A104,48.96438,2.61062
202000042665,6,1,2020,7,3,49,49377,1,1,1,1,Rives-du-Loir-en-Anjou,47.541343,-0.435635
202000042666,23,9,2020,11,1,93,93005,2,7,1,6,PLACE DU GENERAL DE GAULLE,48.9316771,2.4937087
202000042667,7,1,2020,18,5,22,22212,2,1,1,6,Rue de la Forge,48.675012,-3.190356
202000042668,4,1,2020,11,1,44,44131,1,3,1,3,Rue Jules Ferry,47.121122,-2.094564
202000042669,22,9,2020,18,1,93,93070,2,1,1,3,R LAFONTAINE,48.90148,2.32771
202000042670,10,8,2020,16,1,93,93064,2,1,1,6,BD ALSACE-LORRAINE,48.88517,2.4804
202000042671,23,9,2020,18,1,93,93051,2,1,2,3,CHARLES PRANARD,48.8484693,2.5745121
202000042672,23,9,2020,17,1,93,93049,2,1,2,6,CAHOUETTES (RUE),48.8641703,2.5084865
202000042673,27,7,2020,16,1,77,77373,1,1,1,2,RN104,48.76206,2.61599
202000042674,7,1,2020,11,1,03,03321,1,3,2,2,D779,46.5795088,3.3934106
202000042675,27,7,2020,13,1,94,94017,1,1,1,7,A4,48.8302009,2.495767
202000042676,27,7,2020,6,1,988,98818,2,1,1,1,PROMENADE PIERRE VERNIER,-22.2927,166.45927
202000042677,26,7,2020,20,1,69,69199,2,3,1,2,YVES FARGE                          (BD),45.69183,4.86079
202000042678,26,7,2020,11,1,69,69259,2,3,1,6,LUDOVIC BONIN                       (R ),45.7274,4.8538
202000042679,26,7,2020,0,5,972,97209,2,1,1,1,BISHOP (Avenue Maurice),14.60309,-61.06359
202000042680,25,7,2020,1,3,972,97209,2,9,1,2,RD 41 (ROCADE),14.61683,-61.07328
202000042681,6,1,2020,23,5,54,54157,2,1,1,6,RD657,48.837966,6.073051
202000042682,26,7,2020,4,5,69,69389,2,1,1,6,ARLOING                             (QU),45.77221,4.81093
202000042683,7,1,2020,3,3,60,60072,1,1,1,6,D81,49.4114999,3.0880069
202000042684,25,7,2020,11,1,2B,2B033,1,6,1,3,IMPERIALE - ROUTE,42.63852,9.43594
202000042685,7,1,2020,7,2,60,60556,1,1,8,7,C9 - Royaucourt,49.6127676,2.5325901
202000042686,25,7,2020,20,5,971,97120,2,1,1,1,MARTIN LUTHER KING,16.24637,-61.5355
202000042687,26,7,2020,5,5,91,91549,2,1,2,7,PIERRE SEMARD (RUE),48.648071,2.31388
202000042688,23,9,2020,7,1,93,93074,2,1,1,1,LATTRE DE TASSIGNY AVENUE DU MARECHAL DE,48.9603584,2.5431626
202000042689,6,1,2020,15,1,64,64029,1,1,1,7,D919,43.126728,-0.719735
202000042690,23,9,2020,18,2,93,93029,2,1,1,3,JEAN JAURES (AVENUE),48.9218912,2.4468237
202000042691,23,9,2020,7,3,93,93027,2,1,1,6,R DE LA CONVENTION,48.927381,2.392258
202000042692,5,1,2020,14,1,24,24355,1,1,1,1,D703,44.813053,1.211205
202000042693,6,1,2020,16,1,27,27116,2,2,1,3,Rue Tragin,49.195405,0.713049
202000042694,23,9,2020,2,3,93,93010,2,2,1,3,GALLIENI (AV.) CONFORAMA 53,48.9057189,2.4802694
202000042695,6,1,2020,7,3,33,33284,1,1,8,5,A63,44.64731,-0.83742
202000042696,23,9,2020,3,5,93,93007,2,1,1,6,"""PAUL VAILLANT COUTURIER (AVENUE """"DU 01",48.92913,2.47916
202000042697,26,7,2020,2,3,79,79259,1,1,1,7,Route de Bressuire,46.9632514,-0.2099144
202000042698,26,7,2020,8,1,77,77118,1,1,8,1,ROUTE NATIONALE 3,48.94694,2.71873
202000042699,23,9,2020,12,1,92,92033,2,1,1,1,BUZENVAL,48.8526643,2.2027427
202000042700,7,1,2020,9,1,17,17091,1,1,2,1,D9,46.312762,-1.083186
202000042701,26,7,2020,17,1,77,77186,1,2,1,3,RD148 carrefour DIANE à SORQUES,48.37657,2.73958
202000042702,29,8,2020,19,1,92,92062,2,1,2,2,PUTEAUX (PONT DE),48.8764571,2.2455871
202000042703,26,7,2020,23,5,69,69275,2,1,1,6,FRANCISCO FERRER                    (R ),45.77399,4.97641
202000042704,26,7,2020,20,1,64,64024,2,3,1,3,BIARRITZ (AVENUE DE),43.4801,-1.5212
202000042705,26,7,2020,17,1,64,64024,2,3,1,3,PLAGES (BOULEVARD DES),43.5096481,-1.5295928
202000042706,7,1,2020,1,3,69,69019,1,1,1,7,Belleville-en-Beaujolais,46.091419,4.744475
202000042707,7,1,2020,12,1,13,13051,1,1,1,6,A7,43.616811,5.139865
202000042708,26,7,2020,13,1,64,64024,2,3,1,-1,BARRE (PROMENADE DE LA),43.50822,-1.52234
202000042709,7,1,2020,12,1,13,13051,1,1,1,2,"Autoroute A7, pk 242+050, sens sud/nord",43.588763,5.195033
202000042710,25,7,2020,12,1,64,64102,2,1,1,3,PLATANES (AVENUE DES),43.48788,-1.47413
202000042711,7,1,2020,18,1,973,97311,2,1,1,6,Avenue Paul Castaing,5.474502,-54.033146
202000042712,26,7,2020,3,3,60,60175,1,1,3,1,RD 201_SORTIE RD 200 ACCES RD 201_PONT D,49.25053,2.45774
202000042713,18,9,2020,22,5,92,92050,2,1,1,7,REPUBLIQUE AVENUE DE LA,48.9101618,2.2188663
202000042714,25,7,2020,20,1,59,59599,2,1,2,6,PAPIN (CHAUSSEE DENIS),50.7350364,3.1462273
202000042715,5,1,2020,8,4,05,05073,2,1,1,7,D942,44.320045,5.828069
202000042716,28,7,2020,11,1,38,38185,2,1,1,-1,Boulevard Maréchal Lyautey,45.18563,5.73074
202000042717,26,7,2020,14,1,37,37261,2,1,1,6,COMTE (RUE AUGUSTE),47.3875461,0.6917044
202000042718,26,7,2020,14,1,35,35238,2,2,1,3,MITTERAND (MAIL FRANCOIS),48.10856,-1.69293
202000042719,25,7,2020,13,1,29,29051,2,6,3,7,Rond Point du Rouillen,47.99377,-4.06723
202000042720,22,9,2020,9,1,92,92026,2,1,1,3,BOULEVARD CIRCULAIRE,48.8880941,2.2513765
202000042721,6,1,2020,7,3,57,57251,1,1,5,6,Route de pagny,48.982059,6.216459
202000042722,6,1,2020,21,1,38,38340,2,1,1,6,Avenue de la Gare,45.4516,4.768481
202000042723,26,7,2020,15,1,18,18279,2,1,1,6,BRUNET (RUE ARMAND),47.22183,2.06948
202000042724,6,1,2020,17,2,38,38412,1,1,1,7,Route de Miribel,45.40485,5.71979
202000042725,23,7,2020,16,1,18,18267,2,1,1,3,CHATEAUNEUF (ROUTE DE),47.058986,2.3772063
202000042726,26,7,2020,22,2,17,17300,2,1,1,6,HERAULT DE SECHELLES   RUE,46.15304,-1.12298
202000042727,6,1,2020,15,1,01,01160,2,1,1,3,Chemin du Levant,46.260125,6.114932
202000042728,26,7,2020,21,5,13,13103,2,1,1,6,RUE DE SOFIA,43.6504091,5.1045053
202000042729,26,7,2020,19,1,13,13208,2,6,1,3,pointe rouge (ave),43.24648,5.37378
202000042730,6,1,2020,18,3,69,69037,1,1,8,3,D385,46.0302155,4.4972191
202000042731,26,7,2020,7,1,13,13005,2,9,1,7,RN 8,43.28379,5.59469
202000042732,6,1,2020,17,2,17,17421,2,3,1,1,Voie des Pinsons,45.679781,-0.931335
202000042733,25,7,2020,10,1,11,11069,2,6,1,3,ROCADE OUEST,43.203047,2.314221
202000042734,6,1,2020,13,1,49,49260,1,1,8,7,Lieu Dit la Lisiere,47.045976,-1.035679
202000042735,23,9,2020,20,5,92,92026,2,1,2,6,LOUIS BLANC ( RUE ),48.8918973,2.2529136
202000042736,26,7,2020,20,2,06,06088,2,1,1,5,MONT-BORON (BD DU) (A PARTIR DU 66-73),43.698871,7.295195
202000042737,23,9,2020,18,1,92,92026,2,1,2,3,PAIX,48.9024637,2.2656117
202000042738,23,9,2020,19,5,92,92025,2,1,2,6,CHARLES DE GAULLE (BD),48.909626,2.235817
202000042739,25,7,2020,2,5,75,75120,2,4,1,3,BOULEVARD PERIPHERIQUE,48.861466,2.413946
202000042740,6,1,2020,17,5,50,50230,1,1,2,1,La Longue Chasse,49.59029,-1.636393
202000042741,23,9,2020,9,1,92,92025,2,3,1,3,STALINGRAD (AV DE),48.9282926,2.2702606
202000042742,26,7,2020,0,5,75,75105,2,3,2,3,BOULEVARD DE L HOPITAL,48.841847,2.363178
202000042743,7,1,2020,18,3,59,59638,1,1,1,1,D93,50.5786996,3.2713486
202000042744,26,7,2020,16,1,75,75117,2,3,1,3,AVENUE DE SAINT OUEN,48.891608,2.3269636
202000042745,6,1,2020,9,1,13,13071,1,1,1,3,A7-Sens Marseille vers Lyon,43.4067711,5.2909905
202000042746,23,9,2020,15,1,971,97109,1,1,1,4,Grand Camp,16.0016135,-61.6973186
202000042747,26,7,2020,11,1,75,75117,2,5,1,3,RUE DE PRONY,48.883971,2.300296
202000042748,24,9,2020,8,1,69,69100,2,1,2,3,13 rue du stade,45.690149,4.823333
202000042749,6,1,2020,8,1,13,13005,1,1,1,2,A50-Sens Aubagne vers Marseille,43.28556,5.52764
202000042750,26,7,2020,0,5,75,75116,2,2,3,6,ROUTE DE SURESNES,48.863471,2.239369
202000042751,23,9,2020,2,3,57,57055,1,1,1,6,D71,49.064215,6.39024
202000042752,6,1,2020,9,1,13,13005,1,1,1,3,A502-Sens Aubagne vers Toulon par R.N.,43.28376,5.587851
202000042753,23,7,2020,11,1,75,75116,2,1,1,6,ROUTE DE LA MUETTE A NEUILLY,48.879671,2.258816
202000042754,26,7,2020,20,2,75,75112,2,1,1,6,AVENUE DE NOGENT,48.844359,2.441466
202000042755,24,9,2020,12,1,76,76400,2,3,7,5,RUE GÉNÉRAL DE GAULLE,49.820934,0.911297
202000042756,5,1,2020,20,3,93,93064,1,1,1,4,AUTOROUTE A86,48.87925,2.47604
202000042757,25,7,2020,20,5,75,75109,2,3,1,6,RUE DE CLICHY,48.881294,2.328461
202000042758,5,1,2020,11,1,93,93064,1,1,1,3,AUTOROUTE A3,48.88502,2.47169
202000042759,24,9,2020,15,1,79,79109,1,1,2,1,,46.388504,-0.426536
202000042760,26,7,2020,22,3,75,75108,2,7,1,2,PLACE DE LA CONCORDE,48.865219,2.321882
202000042761,22,9,2020,12,1,80,80639,1,1,1,3,RN25,49.958799,2.311893
202000042762,24,9,2020,8,1,63,63352,2,2,1,3,56 Route de Brioude,45.455021,3.239653
202000042763,26,7,2020,16,1,75,75107,2,3,1,2,QUAI BRANLY,48.860548,2.295618
202000042764,23,9,2020,18,1,49,49378,1,3,2,3,Intersection D347 et rue de la Russie,47.333613,-0.063351
202000042765,26,7,2020,0,5,75,75107,2,3,3,3,PONT DE L ALMA,48.862878,2.301701
202000042766,23,9,2020,10,1,46,46176,2,1,2,6,D653,44.648189,1.846288
202000042767,26,7,2020,16,1,75,75104,2,3,1,6,RUE SAINT ANTOINE,48.855059,2.361688
202000042768,4,1,2020,21,5,93,93066,1,1,1,5,AUTOROUTE A1,48.92273,2.35728
202000042769,25,7,2020,0,5,75,75102,2,2,8,3,RUE DE TURBIGO,48.864421,2.351518
202000042770,21,9,2020,20,3,47,47313,1,1,2,7,Plaisir,44.513385,0.4263
202000042771,6,1,2020,5,1,988,98818,2,9,1,3,VE1/JACQUES IEKAWE,-22.22537,166.48083
202000042772,26,7,2020,15,1,94,94074,2,2,1,3,PARMENTIER (R),48.76502,2.44558
202000042773,23,9,2020,18,2,68,68082,2,9,1,3,Rue de Pulversheim,47.859174,7.34104
202000042774,26,7,2020,15,1,94,94073,2,1,1,2,FONTAINEBLEAU - CAR BELLE EPINE (AV DE),48.758586,2.368838
202000042775,24,9,2020,14,1,29,29191,1,1,2,6,Lezoen,48.539032,-3.7098269
202000042776,26,7,2020,4,5,94,94028,2,1,2,6,HALPERN.(AVENUE BERNARD),48.790499,2.449505
202000042777,23,9,2020,13,1,29,29117,1,1,1,6,Lieu-dit Milin Al Len,48.562085,-4.520686
202000042778,25,7,2020,20,1,93,93078,2,6,1,7,AV DE LA GARE,48.94545,2.56658
202000042779,24,9,2020,10,1,38,38561,1,1,1,6,Route de Montfalcon,45.28482,5.193856
202000042780,5,1,2020,19,5,69,69383,2,3,1,3,ABONDANCE (DE L')                   (R ),45.75366,4.85312
202000042781,26,7,2020,0,5,93,93051,2,1,2,6,NORMANDIE (AVENUE),48.8262454,2.5660761
202000042782,5,1,2020,5,5,69,69387,2,2,1,-1,BERTHELOT                           (AV),45.74516,4.84194
202000042783,24,9,2020,12,1,70,70267,1,1,2,1,D54,47.800034,5.945016
202000042784,5,1,2020,19,5,69,69389,2,1,1,3,PIERRE AUDRY                        (R ),45.7620299,4.8084379
202000042785,26,7,2020,2,5,93,93001,2,1,2,1,REPUBLIQUE (AVE DE LA ) => NO 41/50,48.9104047,2.385434
202000042786,5,1,2020,13,1,2A,2A004,2,9,1,7,MARECHAL JUIN AVENUE,41.94022,8.75307
202000042787,25,7,2020,16,1,92,92064,2,2,1,2,PLACE CLEMENCEAU,48.8415185,2.2215919
202000042788,8,2,2020,16,1,13,13051,1,1,1,6,D19,43.582499,5.195596
202000042789,23,9,2020,23,4,14,14229,2,6,8,6,15 Grande Rue,49.233814,-0.038331
202000042790,25,7,2020,12,1,01,01074,1,1,1,5,D7,46.018125,5.143147
202000042791,4,1,2020,19,5,2A,2A004,2,1,1,3,SAMPIERO BD,41.9243116,8.7390435
202000042792,8,2,2020,19,5,78,78043,2,1,2,6,18 Rue de Maule,48.84109,2.075939
202000042793,26,7,2020,18,1,73,73330,2,1,1,3,D921- Ameysins,45.6938394,5.7555918
202000042794,6,1,2020,0,3,95,95019,2,2,1,5,rue Henri Barbusse,48.984218,2.417655
202000042795,26,7,2020,23,3,95,95480,2,1,1,7,Rue de la Cavee de Neuville,49.132637,2.202271
202000042796,25,7,2020,15,1,88,88120,1,1,1,3,D23,48.210382,7.04096
202000042797,8,2,2020,5,3,30,30169,1,1,1,4,A9,43.801146,4.31282
202000042798,4,1,2020,23,5,91,91326,2,1,1,6,GAULOIS (RUE DES),48.688809,2.380494
202000042799,24,9,2020,4,5,90,90053,2,3,1,-1,Rue General Leclerc,47.538536,6.971684
202000042800,25,7,2020,20,1,14,14096,1,1,2,6,D165,48.9968102,-0.8095223
202000042801,7,2,2020,16,1,30,30344,1,1,1,7,A9,43.748901,4.23686
202000042802,23,9,2020,18,1,90,90065,1,1,1,7,Route du Ballon d'Alsace,47.799362,6.83944
202000042803,25,7,2020,11,1,68,68156,1,1,1,2,D83,47.884248,7.253895
202000042804,5,1,2020,1,1,86,86194,2,1,1,7,Rue de la Roche,46.58776,0.33036
202000042805,7,2,2020,5,3,69,69077,1,1,5,-1,A6,46.1446701,4.7691424
202000042806,1,9,2020,14,1,45,45175,2,1,1,7,Rue de Chevenelles,47.752626,1.821885
202000042807,26,7,2020,5,2,72,72187,1,1,1,6,D284,47.796667,0.343537
202000042808,5,1,2020,17,1,83,83137,2,2,1,3,NARDI (AVE FRANCOIS),43.1161,5.96071
202000042809,24,9,2020,17,1,18,18097,1,1,2,1,Lieu Dit Detry,47.149177,2.436733
202000042810,6,2,2020,18,3,13,13112,1,1,1,4,870 Ancien Chemin de la Degaye,43.519645,5.227733
202000042811,8,2,2020,2,5,976,97608,2,1,1,7,Route Nationale 4,-12.785599,45.260625
202000042812,21,9,2020,15,1,43,43213,1,1,8,7,D451,45.2558498,4.2879295
202000042813,26,7,2020,20,1,85,85064,1,1,1,1,Sainte-Anne,46.825,-1.19513
202000042814,5,1,2020,18,4,69,69290,2,2,1,3,PORTE DES ALPES (DE LA) - BD URBAIN (BD),45.71499,4.92551
202000042815,27,7,2020,20,1,83,83057,1,1,1,6,D13,43.387232,6.212558
202000042816,23,9,2020,14,1,21,21349,1,3,7,3,D15,47.206975,4.268977
202000042817,7,2,2020,23,5,973,97311,2,3,1,3,Avenue Hector Rivierez,5.499367,-54.031116
202000042818,5,1,2020,12,1,45,45284,2,1,1,6,RUE PIERRE LOUGUET,47.9083,1.94129
202000042819,24,7,2020,19,1,57,57579,1,1,1,6,Parc Animalier de Sainte-Croix (Zoo),48.772454,6.892762
202000042820,23,9,2020,14,1,28,28304,1,1,1,2,N154,48.283305,1.727817
202000042821,7,2,2020,16,1,977,97701,2,9,1,3,grand cul de sac,17.904997,-62.801692
202000042822,5,1,2020,9,1,38,38169,2,1,1,2,BOULEVARD JOLIOT-CURIE,45.19781,5.69306
202000042823,23,9,2020,17,1,37,37061,1,1,2,6,,46.8781767,0.9530598
202000042824,27,7,2020,8,1,19,19164,2,7,7,6,5 Place de la Fontaine,45.7040014,2.0535054
202000042825,7,2,2020,18,3,41,41085,1,1,1,6,Route de Chambord,47.649287,1.662948
202000042826,4,1,2020,19,4,37,37214,2,1,1,7,GAGNERIE (RUE DE LA),47.4270589,0.6442739
202000042827,5,1,2020,14,1,34,34172,2,1,1,7,DOMITIENNE (VOIE),43.62268,3.86053
202000042828,24,9,2020,10,1,37,37132,1,1,1,1,,47.0931776,0.9546757
202000042829,24,7,2020,10,1,59,59433,1,1,1,-1,4 Route de Bergues,50.797825,2.282882
202000042830,7,2,2020,17,1,77,77388,2,1,1,3,54 Rue du 8 Mai 1945 - D402,48.960672,3.145692
202000042831,26,7,2020,4,3,67,67019,1,1,2,6,D209,48.250216,7.52373
202000042832,8,2,2020,10,1,34,34213,1,1,1,2,D613,43.471086,3.678641
202000042833,24,9,2020,7,1,30,30249,1,1,1,1,route départementale  40,43.802912,4.217849
202000042834,26,1,2020,8,1,33,33039,2,3,2,4,BD ALBERT 1ER / RUE MARC SANGNIER,44.81329,-0.55551
202000042835,27,7,2020,11,1,65,65200,1,1,1,7,Chemin des Ardoisières,43.048538,0.063558
202000042836,23,9,2020,16,1,38,38172,1,1,1,1,Voie Gallo-romaine,45.598118,5.185842
202000042837,3,2,2020,15,1,34,34145,2,2,1,-1,207 Avenue du General de Gaulle,43.677141,4.140644
202000042838,26,7,2020,20,1,32,32319,1,1,7,6,Rue de l'Adour,43.601535,0.033334
202000042839,5,1,2020,18,5,13,13203,2,1,1,3,FORBIN (RUE DE),43.306314,5.372562
202000042840,5,1,2020,3,5,13,13001,2,1,1,7,BRIAND ARISTIDE (BD),43.532441,5.45004
202000042841,23,9,2020,18,1,42,42279,1,6,1,3,Route de Bonson,45.51585,4.229307
202000042842,21,7,2020,16,1,63,63414,1,1,1,6,Sauviat,45.7167694,3.5818455
202000042843,5,1,2020,18,5,06,06029,2,1,1,3,MAUBERT (RONT POINT GAL),43.55132,7.02988
202000042844,7,2,2020,21,3,57,57082,1,1,1,2,D24,49.058465,6.794384
202000042845,5,1,2020,16,1,75,75113,2,1,1,3,BD PERIPHERIQUE INTERIEUR,48.816151,2.36115
202000042846,26,7,2020,22,3,63,63261,1,1,1,1,D9,45.563294,3.285215
202000042847,23,9,2020,17,1,57,57468,1,1,1,2,"RN4 - PR 31+800 - sens ""SARREBOURG-PHALSBOURG""",48.764945,7.224326
202000042848,7,2,2020,20,3,38,38341,1,1,1,1,Route de Laval,45.58182,5.43312
202000042849,5,1,2020,14,1,75,75115,2,1,8,3,RUE DE VAUGIRARD,48.844072,2.316368
202000042850,26,7,2020,17,1,63,63132,1,1,1,6,D225,45.62482,3.555422
202000042851,24,9,2020,10,1,06,06088,1,1,1,3,A8 PK 198+600 SUD,43.731625,7.26866
202000042852,6,2,2020,18,2,26,26347,2,1,1,6,12 Avenue du President Roosevelt,45.068498,4.844328
202000042853,27,7,2020,17,1,49,49067,1,1,1,7,D191,47.676875,-0.651026
202000042854,5,1,2020,17,5,75,75120,2,2,1,3,RUE DE BAGNOLET,48.857584,2.399327
202000042855,23,9,2020,20,1,91,91111,1,1,8,-1,A10,48.619038,2.129889
202000042856,26,7,2020,0,3,49,49331,1,3,2,3,RN 162,47.722725,-0.70896
202000042857,8,2,2020,16,1,26,26084,1,1,1,5,D143,44.987385,4.947109
202000042858,5,1,2020,18,5,75,75118,2,2,1,3,BOULEVARD BARBES,48.8894958,2.3495947
202000042859,27,7,2020,15,1,42,42298,1,1,1,7,Epinasse Nord,45.680801,3.905017
202000042860,19,9,2020,10,1,988,98817,1,3,1,6,LA CORNICHE DU MONT DORE,-22.275962,166.62244
202000042861,27,7,2020,3,3,42,42023,1,1,1,6,D1082,45.307991,4.539542
202000042862,5,1,2020,0,5,75,75118,2,2,1,2,RUE RIQUET,48.889694,2.368128
202000042863,30,1,2020,18,5,69,69067,2,8,2,3,La Giraudière,45.750591,4.549981
202000042864,24,7,2020,10,1,46,46239,1,1,1,3,D43,44.864516,1.436516
202000042865,8,2,2020,13,1,46,46102,1,1,1,1,D840,44.607488,2.051015
202000042866,3,1,2020,13,1,75,75118,2,2,1,3,RUE ORDENER,48.891564,2.349599
202000042867,27,7,2020,13,1,47,47320,1,1,7,1,D108,44.295784,0.214062
202000042868,11,7,2020,9,1,22,22347,1,9,1,3,Rue de Traou Meur,48.784077,-3.211597
202000042869,7,2,2020,17,1,17,17452,2,1,1,6,Zac des Brégaudières (Zone commerciale),45.759103,-1.126935
202000042870,26,7,2020,17,1,44,44064,1,1,1,6,RD59,47.1024709,-1.3115112
202000042871,5,1,2020,19,5,75,75117,2,3,1,3,AVENUE DE CLICHY,48.89059,2.320186
202000042872,8,2,2020,13,1,60,60103,1,1,2,7,D34,49.412229,2.2474497
202000042873,24,9,2020,11,1,77,77099,1,3,1,3,D207,48.159158,2.709556
202000042874,25,7,2020,14,1,29,29008,1,1,2,1,Lieu Dit Kerbalannec,48.075685,-4.449162
202000042875,4,1,2020,17,5,75,75117,2,1,1,-1,RUE DE COURCELLES,48.8799539,2.3023519
202000042876,26,7,2020,19,2,38,38175,2,1,1,2,Boulevard de la Republique,45.27058,5.922153
202000042877,5,1,2020,10,1,75,75116,2,1,8,3,AVENUE FOCH,48.873695,2.293772
202000042878,24,9,2020,11,1,13,13073,2,4,1,3,24 Route Nationale N 8 Bis,43.385378,5.559452
202000042879,26,7,2020,23,3,02,02258,1,1,1,6,D83,49.138877,3.174105
202000042880,5,1,2020,3,5,75,75116,2,1,1,-1,ALLEE DE LONGCHAMP,48.868642,2.253662
202000042881,24,9,2020,10,1,71,71238,1,1,1,1,D 982,46.214248,4.060645
202000042882,24,7,2020,21,5,70,70561,2,1,1,6,rue de la colombière,47.552755,6.432087
202000042883,5,1,2020,19,5,75,75113,2,1,1,3,RUE DE TOLBIAC,48.829453,2.3747105
202000042884,26,7,2020,19,1,50,50044,1,1,1,6,D52,49.067006,-1.345804
202000042885,7,2,2020,8,1,59,59285,1,1,7,1,D88,50.27272,3.432069
202000042886,27,7,2020,14,1,16,16064,1,1,1,1,,45.934837,0.879684
202000042887,7,2,2020,14,1,13,13215,1,1,1,3,A7-Sens Marseille vers Lyon,43.3779,5.3578
202000042888,27,7,2020,15,1,07,07080,1,1,1,7,RD9,45.063594,4.393501
202000042889,25,7,2020,1,3,24,24520,2,1,1,6,Pechs Planchou,44.925523,1.202102
202000042890,7,2,2020,9,1,13,13071,1,1,1,2,A55 - Sens Marseille vers Martigues,43.375801,5.319002
202000042891,24,9,2020,8,1,74,74222,1,1,8,1,D902,46.331091,6.581165
202000042892,26,7,2020,9,1,85,85143,1,1,1,7,La Grande Perrure,46.51152,-0.74058
202000042893,23,9,2020,19,1,22,22093,2,6,1,3,Rue du Bout du Val,48.472984,-2.50357
202000042894,23,7,2020,19,1,27,27251,1,1,1,2,Route de Serquigny,49.0923705,0.6795796
202000042895,5,1,2020,12,1,75,75112,2,2,1,3,BOULEVARD DE LA GUYANE,48.839782,2.413897
202000042896,7,2,2020,7,2,83,83144,1,1,1,-1,A57,43.140076,5.9988141
202000042897,22,9,2020,17,1,57,57487,1,1,1,3,Autoroute A31,49.085412,6.105751
202000042898,21,7,2020,13,1,27,27679,1,1,1,3,Route de Francheville,48.779044,0.854756
202000042899,5,1,2020,17,2,75,75111,2,1,1,6,AVENUE PHILIPPE AUGUSTE,48.854813,2.39193
202000042900,6,2,2020,14,1,83,83137,1,1,1,4,A57,43.12132,5.95331
202000042901,26,7,2020,16,1,52,52123,1,1,1,6,Grande Rue (Sommeville),48.531551,5.106811
202000042902,4,1,2020,9,1,75,75108,2,2,1,3,BOULEVARD MALESHERBES,48.879431,2.314282
202000042903,23,9,2020,17,1,33,33063,1,1,1,5,ROCADE A 630,44.88338,-0.5556
202000042904,23,7,2020,18,1,88,88165,1,1,1,7,N59,48.372093,6.880626
202000042905,27,7,2020,11,1,01,01331,1,1,1,6,A40,46.105388,5.446923
202000042906,5,1,2020,2,5,75,75101,2,3,1,2,RUE DE RIVOLI,48.8608187,2.3412077
202000042907,23,9,2020,12,1,33,33550,1,1,1,4,ROCADE A 630,44.78038,-0.57776
202000042908,26,7,2020,17,1,95,95604,2,1,1,7,Rue Jean Jaurès,49.097088,2.544694
202000042909,22,7,2020,11,1,78,78003,1,1,1,6,A11,48.526084,1.833022
202000042910,22,9,2020,7,3,59,59350,1,1,5,6,ROUTE NATIONALE 356,50.636887,3.088735
202000042911,7,2,2020,14,1,91,91377,1,1,1,3,RD 444,48.7304,2.24183
202000042912,4,1,2020,20,5,94,94078,2,1,1,2,PARIS (R DE),48.75227,2.44512
202000042913,25,7,2020,15,1,987,98729,2,1,1,6,RT 91,-17.494923,-149.816844
202000042914,25,7,2020,2,5,971,97116,2,1,1,3,rue martial Luce,16.312087,-61.477566
202000042915,4,1,2020,15,1,94,94003,1,3,8,1,AUGUSTE DELAUNE (R),48.801143,2.336791
202000042916,20,9,2020,3,3,59,59554,1,1,1,4,AUTOROUTE A23,50.450538,3.33899
202000042917,4,1,2020,3,5,94,94076,2,1,1,2,MAXIME GORKI (BD),48.79296,2.36935
202000042918,27,7,2020,12,1,45,45137,1,1,1,3,D2152-PR 24 + 950,48.136924,2.207217
202000042919,5,1,2020,13,1,93,93077,2,5,1,5,R DE NEUILLY,48.87886,2.51629
202000042920,23,9,2020,6,3,78,78402,1,1,1,4,A13,48.963831,1.789778
202000042921,26,7,2020,12,1,95,95039,2,1,1,7,8 Rue du Général de Gaulle,49.071043,2.176416
202000042922,7,2,2020,9,1,78,78291,1,1,1,2,A13,48.970478,1.734143
202000042923,4,1,2020,12,1,93,93027,2,1,1,2,SALENGRO (AVENUE ROGER),48.9363311,2.3878324
202000042924,6,2,2020,8,1,78,78362,1,1,1,4,A13,48.977763,1.711841
202000042925,7,2,2020,7,3,95,95212,1,1,1,6,AUTOROUTE A1,49.03348,2.54083
202000042926,4,1,2020,19,5,22,22118,2,9,1,3,9 Rue Charles de Gaulle,48.4538476,-2.0251413
202000042927,6,2,2020,19,3,93,93027,1,1,1,2,AUTOROUTE A1,48.93723,2.41061
202000042928,5,1,2020,16,1,63,63302,1,1,7,6,D800,45.717612,3.11519
202000042929,6,2,2020,17,1,95,95252,1,1,1,3,AUTOROUTE A115,48.98597,2.24207
202000042930,6,1,2020,10,1,37,37125,1,1,1,6,D114,47.0970426,0.3232927
202000042931,6,2,2020,18,3,93,93006,1,1,1,3,AUTOROUTE A3,48.86678,2.42556