Num_Acc,jour,mois,an,hr,condition_eclairage,departement,commune,condition_agglomeration,intersection,condition_atmosphere,type_collision,adresse,lattitude,longitude
202000042932,6,1,2020,9,1,68,68162,2,3,9,7,Rocade Verte,48.135345,7.265926
202000042933,5,1,2020,21,3,14,14129,1,1,1,1,D674,48.933814,-0.918927
202000042934,6,2,2020,12,1,93,93005,1,1,1,5,AUTOROUTE A3,48.96017,2.47352
202000042935,4,2,2020,5,3,95,95394,1,1,1,6,AUTOROUTE A115,49.05235,2.18474
202000042936,6,1,2020,12,1,62,62610,1,2,1,3,D126,50.4805726,1.7737347
202000042937,7,2,2020,12,1,94,94073,1,1,1,2,A86 INT,48.7627,2.3817
202000042938,6,1,2020,19,3,89,89291,1,1,1,6,D606,48.118655,3.2908
202000042939,6,2,2020,8,1,988,98818,2,3,1,3,PROMENADE ROGER LAROQUE/RUE LORIOT DE ROUVRAY,-22.29785,166.43845
202000042940,5,1,2020,6,3,76,76352,1,1,5,6,route de rouen,49.46388,1.46504
202000042941,4,2,2020,3,1,974,97409,2,3,1,3,Avenue Ile de France,-20.958148,55.649799
202000042942,6,1,2020,13,1,76,76111,1,1,1,1,N31,49.462862,1.252702
202000042943,5,1,2020,6,5,34,34284,2,1,1,6,850 Castel Fadeze,43.486258,2.77693
202000042944,6,2,2020,6,2,974,97409,1,9,1,3,Chemin Agenor,-20.952793,55.68772
202000042945,6,1,2020,7,1,43,43038,1,1,1,7,RD 17,45.325568,3.322343
202000042946,5,2,2020,22,5,973,97302,2,1,1,6,FLAMBOYANTS (RUE DES),4.9239781,-52.318992
202000042947,5,1,2020,18,3,25,25371,1,2,1,3,,47.251013,5.885103
202000042948,6,2,2020,22,5,69,69386,2,1,1,3,MARECHAL DE SAXE                    (R ),45.7668,4.8442
202000042949,6,1,2020,1,3,02,02399,1,1,1,7,D89,49.451415,3.901482
202000042950,6,2,2020,19,5,69,69199,2,1,1,2,LOUIS AULAGNE                       (QU),45.7031,4.8455
202000042951,6,1,2020,6,3,15,15202,1,2,1,3,D922,45.130637,2.413572
202000042952,6,2,2020,9,1,972,97209,2,1,1,7,MORNE SUREY (RUE),14.64356,-61.05337
202000042953,6,1,2020,8,1,26,26357,1,2,1,3,Chemin de Bomparet,44.278281,4.90176
202000042954,6,2,2020,15,1,69,69389,2,1,1,7,PROFESSEUR GUERIN (DU)              (R ),45.7656,4.8038
202000042955,6,1,2020,17,5,58,58095,2,1,1,6,105 Avenue de Verdun,46.828558,3.47776
202000042956,6,1,2020,7,3,14,14138,1,1,1,1,RD15,49.2311312,-1.001559
202000042957,6,2,2020,7,5,69,69202,2,3,1,3,COMMANDANT CHARCOT (DU)             (R ),45.7511126,4.8009119
202000042958,6,1,2020,12,1,60,60513,2,1,7,3,40 Rue du Havre,49.204261,2.377229
202000042959,5,2,2020,20,5,69,69382,2,1,1,7,VERDUN RECAMIER                     (VO),45.7491701,4.8295319
202000042960,3,1,2020,12,1,64,64509,1,1,1,6,Sauguis-Saint-Étienne,43.157337,-0.871334
202000042961,6,1,2020,10,1,16,16065,1,1,1,6,Lieu-dit Beaulieu,46.074511,0.792409
202000042962,6,1,2020,8,2,07,07255,2,1,1,6,avenue Louis Blanchon,44.7513403,4.6892023
202000042963,2,2,2020,19,5,971,97101,1,1,1,-1,BESSON,16.23883,-61.51438
202000042964,6,1,2020,18,3,85,85081,1,1,1,5,Les Gats,46.77068,-1.35173
202000042965,4,1,2020,11,1,13,13065,1,1,1,6,"RD 24, ROUTE D'EYGALIÈRE",43.730343,4.905601
202000042966,5,1,2020,21,3,28,28303,1,1,1,6,A10,48.105431,1.851072
202000042967,5,1,2020,16,1,2B,2B182,1,1,1,1,Reginu,42.60575,9.004069
202000042968,5,1,2020,20,3,2B,2B185,1,1,1,6,D82,42.664656,9.310567
202000042969,6,1,2020,11,1,30,30258,1,1,1,3,D42,43.722229,4.416515
202000042970,5,2,2020,18,1,971,97101,2,9,1,3,BOULEVARD DES HEROS,16.24816,-61.52781
202000042971,5,2,2020,13,1,971,97113,1,1,1,5,RN4 - SECTION RIVIERA,16.21755,-61.49498
202000042972,4,2,2020,16,1,971,97113,1,1,1,5,SECTION MOREAU,16.2493105,-61.451211
202000042973,6,2,2020,20,5,2A,2A004,2,1,1,3,CHIAPPE JEAN  RUE,41.9344165,8.7425648
202000042974,5,2,2020,18,1,95,95277,2,1,1,4,PERI GABRIEL (AVENUE),48.99315,2.42633
202000042975,5,2,2020,9,1,91,91223,2,3,1,3,FARMAN (AVENUE HENRI),48.43951,2.15243
202000042976,6,2,2020,15,1,91,91514,2,1,1,6,BOISSY (RUE DE),48.6728,2.53706
202000042977,5,2,2020,16,1,91,91333,2,1,1,7,VOIERIES (CHEMIN DES),48.61964,2.27373
202000042978,6,2,2020,15,1,90,90010,2,2,1,3,AMSTERDAM (RUE D'),47.63477,6.83996
202000042979,4,2,2020,1,5,87,87085,2,1,1,6,MAS-GIGOU (RUE DU),45.86159,1.25813
202000042980,4,2,2020,17,1,87,87085,2,3,1,3,FEYTIAT (RUE DE),45.82358,1.28053
202000042981,4,2,2020,18,1,87,87085,2,1,1,1,BICHET (IMPASSE CHARLES),45.81885,1.26266
202000042982,6,2,2020,14,1,83,83137,2,2,1,3,FENELON (BD DR FRANCOIS),43.129113,5.91286
202000042983,27,1,2020,12,1,83,83153,2,1,1,6,ASPHODELES (AV DES),43.07419,5.909507
202000042984,4,2,2020,8,1,82,82121,2,1,8,6,10EME DRAGONS (AVENUE DU),44.023,1.3461
202000042985,6,2,2020,15,1,78,78609,1,2,1,3,CD 28,49.015769,1.910419
202000042986,5,2,2020,12,1,76,76351,2,3,1,3,GENERAL FERRIE (AVENUE),49.5098,0.17448
202000042987,6,2,2020,7,2,74,74012,2,1,1,1,BONNEVILLE (ROUTE DE),46.1789112,6.2409651
202000042988,6,2,2020,5,5,74,74012,2,3,1,7,ARVE (QUAI D'),46.1852753,6.2259704
202000042989,6,2,2020,17,1,72,72181,2,1,1,2,RIFFAUDIERES (BD DES),47.98823,0.17969
202000042990,6,2,2020,14,1,72,72181,2,1,1,6,CHURCHILL WINSTON (BD) N° IMP 41 ET >,47.9906,0.22281
202000042991,6,2,2020,7,1,71,71105,2,1,1,5,Route de Cluny,46.3123945,4.7868602
202000042992,5,2,2020,19,3,71,71153,2,1,1,6,Rue Chaptal,46.80892,4.4143709
202000042993,6,2,2020,18,4,69,69029,2,2,1,3,PINEL                               (BD),45.73894,4.89216
202000042994,3,2,2020,19,5,69,69290,2,1,1,6,PIERRE MENDES FRANCE                (R ),45.69328,4.95745
202000042995,5,2,2020,16,1,67,67447,2,3,1,6,MARAIS (RUE DU),48.612662,7.767331
202000042996,4,2,2020,18,3,67,67482,2,1,2,-1,LOUISE MICHEL (RUE),48.58441,7.70981
202000042997,4,2,2020,16,2,67,67482,2,3,2,6,BRIGADE ALSACE LORRAINE (RUE DE LA),48.5753389,7.7546874
202000042998,4,2,2020,12,1,67,67482,2,1,2,6,SCHIRMECK (ROUTE DE),48.56643,7.70781
202000042999,5,2,2020,12,1,67,67462,1,3,1,3,RD1083,48.278612,7.465373
202000043000,6,2,2020,15,1,66,66136,2,1,1,6,FLANDRES/DUNKERQUE (CARREFOUR),42.68672,2.90727
202000043001,6,2,2020,17,1,64,64335,2,3,7,3,MAUBEC,43.3307523,-0.4368337
202000043002,5,2,2020,16,1,63,63164,2,1,1,5,INDUSTRIE (RUE DE L'),45.8219919,3.1410327
202000043003,4,2,2020,19,5,63,63113,2,1,1,-1,BLATIN (RUE),45.7766,3.07646
202000043004,6,2,2020,9,1,59,59279,2,1,1,-1,ZOLA (RUE EMILE),50.783486,3.12241
202000043005,5,2,2020,20,5,59,59368,2,1,8,1,POMPIDOU G. RUE DU PDT.149 - 301,50.657187,3.064393
202000043006,5,2,2020,15,1,59,59457,2,1,1,6,LECLERC RUE  DU GENERAL,50.6667739,2.9738345
202000043007,5,2,2020,14,1,56,56121,2,6,1,3,TY-LANN ( RP DE ),47.76585,-3.40073
202000043008,6,2,2020,9,1,54,54395,2,1,1,3,NABECOR (RUE DE),48.6803411,6.1916314
202000043009,2,2,2020,1,5,50,50129,2,1,3,4,ABBAYE (RUE DE L'),49.64647,-1.64222
202000043010,5,2,2020,17,1,49,49007,2,1,1,6,DESJARDINS,47.4695,-0.54549
202000043011,6,2,2020,17,1,45,45234,2,1,1,2,Boulevard Jean Jaures,47.9003,1.89447
202000043012,6,2,2020,8,1,45,45234,2,2,1,3,Rue aux Ligneaux - R A Viger,47.9060663,1.935811
202000043013,6,2,2020,9,2,44,44162,2,1,7,6,Rue Océane,47.22766,-1.63565
202000043014,6,2,2020,18,3,35,35238,1,1,1,4,R.N. 136,48.1421,-1.65957
202000043015,6,2,2020,23,5,34,34172,2,1,1,2,FABRE DE MORLHON (BOULEVARD JACQUES),43.591302,3.879755
202000043016,5,2,2020,18,5,34,34032,2,1,1,-1,CLEMENCEAU GEORGES (AVENUE),43.34876,3.22049
202000043017,6,2,2020,17,1,33,33281,2,3,1,-1,AVE DE L'YSER / RUE GEORGES COURTELINE,44.8419781,-0.6625342
202000043018,6,2,2020,16,1,33,33522,2,1,1,3,CRS MARECHAL GALLIENI,44.82231,-0.59364
202000043019,6,2,2020,13,1,33,33318,2,2,1,3,AVE DE MONBALON / AVE PIERRE DE COUBERTIN,44.8038034,-0.6674864
202000043020,3,2,2020,11,1,33,33063,2,3,1,2,BD MARECHAL LECLERC / RUE ALBERT THOMAS,44.8297938,-0.5961714
202000043021,5,2,2020,13,1,32,32013,2,3,1,3,PIERRE DE MONTESQUIOU (AVENUE),43.6335,0.5883
202000043022,6,2,2020,17,1,30,30007,2,1,1,-1,ROUTE DE NIMES,44.12732,4.07756
202000043023,5,2,2020,8,1,30,30007,2,1,1,1,SAINT JEAN DU PIN,44.120837,4.064334
202000043024,6,2,2020,14,1,29,29232,1,1,1,2,Route de Ty Nay,48.01594,-4.09526
202000043025,6,2,2020,8,1,29,29232,2,1,1,6,Avenue des Girondins,47.99059,-4.13301
202000043026,5,2,2020,11,1,29,29039,1,1,1,7,Lieu-dit St Laurent,47.9062195,-3.9466822
202000043027,6,2,2020,20,3,13,13103,1,9,1,1,RD 113,43.6124281,5.0968524
202000043028,6,2,2020,21,5,13,13208,2,2,1,3,BERNEX (bd),43.24786,5.38388
202000043029,6,2,2020,15,1,13,13205,2,2,1,3,LOCARNO (RUE DE),43.293972,5.395765
202000043030,6,2,2020,15,1,13,13209,2,1,1,2,RAYMOND TEISSERE (RUE),43.2749388,5.3966942
202000043031,5,2,2020,23,5,13,13202,2,3,1,3,ARENC (QUAI D'),43.313242,5.366298
202000043032,5,2,2020,20,5,13,13206,2,1,1,6,JULES CANTINI (AVENUE),43.285,5.384
202000043033,4,2,2020,14,1,13,13205,2,1,1,6,SAINT PIERRE (RUE),43.2916768,5.4092743
202000043034,4,2,2020,12,1,13,13205,2,3,1,3,CHATEAU PAY (RUE),43.28928,5.38911
202000043035,4,2,2020,11,1,13,13005,2,1,1,2,CHEMIN DE FER (TRAVERSE DU),43.287587,5.546618
202000043036,5,2,2020,13,1,11,11069,2,3,1,3,SAINT HILAIRE -ROUTE DE-,43.2011,2.3592
202000043037,6,2,2020,16,1,10,10387,2,1,1,2,MAJOR GENERAL VANIER (AVENUE),48.30179,4.07447
202000043038,6,2,2020,17,2,06,06088,2,2,1,1,CAISSOTI (RUE),43.705,7.283
202000043039,6,2,2020,14,1,06,06088,1,1,1,4,CORNIGLION MOLINIER (BD),43.6651,7.203
202000043040,5,2,2020,8,1,06,06088,2,2,1,1,PASTEUR (BD),43.71434,7.28002
202000043041,6,2,2020,8,1,06,06069,2,1,1,3,CANNES (ROUTE DE)  -RD 6085-,43.637,6.9509
202000043042,5,2,2020,13,1,02,02408,1,1,1,1,RN2,49.563969,3.654107
202000043043,5,2,2020,15,1,75,75119,2,3,1,3,AVENUE SIMON BOLIVAR,48.876854,2.374393
202000043044,6,2,2020,10,1,75,75120,2,2,1,3,AVENUE IBSEN,48.865521,2.411746
202000043045,6,2,2020,15,1,75,75119,2,1,1,6,AVENUE DE FLANDRE,48.884931,2.369522
202000043046,6,2,2020,14,1,75,75118,2,1,1,3,RUE DE LA CHAPELLE,48.894456,2.359439
202000043047,6,2,2020,17,5,75,75116,2,1,1,6,AVENUE FOCH,48.872616,2.279403
202000043048,6,2,2020,12,1,75,75116,2,1,1,6,AVENUE THEOPHILE GAUTIER,48.847705,2.269323
202000043049,6,2,2020,8,1,75,75115,2,1,1,3,AVENUE DE LA PORTE BRANCION,48.826541,2.300601
202000043050,6,2,2020,8,1,75,75114,2,7,1,-1,RUE VERCINGETORIX,48.836955,2.318044
202000043051,5,2,2020,13,1,75,75112,2,2,1,2,BOULEVARD DIDEROT,48.84612,2.375993
202000043052,5,2,2020,22,5,75,75112,2,1,1,3,RUE LAMBLARDIE,48.840781,2.398252
202000043053,6,2,2020,18,5,75,75111,2,1,1,3,BOULEVARD DE MENILMONTANT,48.861379,2.38805
202000043054,6,2,2020,2,5,75,75109,2,3,1,-1,BOULEVARD DE CLICHY,48.884099,2.330819
202000043055,6,2,2020,9,1,75,75108,2,7,1,3,PLACE SAINT AUGUSTIN,48.875643,2.318897
202000043056,5,2,2020,16,1,75,75117,2,2,1,6,AVENUE DE CLICHY,48.889124,2.322737
202000043057,6,2,2020,16,1,75,75107,2,1,1,7,RUE DE VARENNE,48.854499,2.321775
202000043058,6,2,2020,12,1,75,75107,2,2,1,6,RUE DE L UNIVERSITE,48.857707,2.327978
202000043059,6,2,2020,8,1,75,75115,2,1,1,6,RUE D ARSONVAL,48.840143,2.313619
202000043060,5,2,2020,12,1,75,75103,2,7,1,7,PLACE DE LA REPUBLIQUE,48.867342,2.363346
202000043061,6,2,2020,20,5,75,75104,2,1,1,7,RUE SAINT ANTOINE,48.854973,2.36199
202000043062,6,2,2020,14,1,94,94041,2,1,1,3,JULES VANZUPPE (R),48.81875,2.3916
202000043063,6,2,2020,9,1,94,94041,2,1,1,3,PAUL VAILLANT COUTURIER (BD),48.8195279,2.3961668
202000043064,5,2,2020,17,1,94,94041,2,3,1,3,PIERRE ET MARIE CURIE (R),48.814809,2.374662
202000043065,6,2,2020,5,5,94,94021,2,9,1,3,rue de chateaurenard,48.7637759,2.3531291
202000043066,6,2,2020,18,5,94,94055,2,1,1,6,BELVEDERE (R DU),48.7921,2.53305
202000043067,5,2,2020,15,1,94,94019,2,2,1,3,PONT (R DU),48.7902,2.5225
202000043068,4,2,2020,18,3,94,94053,2,9,2,6,HAUTE BORNE (SEN DE LA),48.772522,2.5442195
202000043069,6,2,2020,12,1,94,94017,2,1,1,6,PLESSIS A CHENNEVIERES (RTE DU),48.80497,2.55388
202000043070,6,2,2020,18,5,94,94071,2,1,1,6,GENERAL LECLERC (R DU),48.77728,2.5115
202000043071,4,2,2020,12,1,94,94002,2,1,8,3,JEAN BAPTISTE PREUX (ALL),48.77768,2.42099
202000043072,6,2,2020,6,5,93,93033,2,1,1,6,CHAMPS (AVENUE),48.8594813,2.5810672
202000043073,6,2,2020,9,1,93,93031,2,1,1,6,AV JEAN JAURES,48.95852,2.32642
202000043074,6,2,2020,8,1,93,93007,2,1,1,6,PASTEUR (AVENUE),48.94048,2.47016
202000043075,4,2,2020,18,5,92,92072,2,1,1,6,VILLE D'AVRAY (RUE DE ),48.825854,2.20435
202000043076,5,2,2020,12,1,92,92063,2,3,1,6,DIX-NEUF JANVIER (RUE DU),48.8610342,2.190541
202000043077,6,2,2020,19,5,92,92062,2,9,1,2,CIRCULAIRE (boulevard),48.8874396,2.2443493
202000043078,6,2,2020,18,1,92,92062,2,1,1,2,DE DION BOUTON (QUAI) DU 29 AU 65,48.8845146,2.2500783
202000043079,6,2,2020,15,1,92,92050,2,2,1,3,POINCARE RAYMOND RUE,48.889768,2.186811
202000043080,6,2,2020,6,5,92,92036,2,3,1,6,GENERAL DE GAULLE (AVENUE) (PAIRS),48.93379,2.313457
202000043081,4,2,2020,21,5,92,92025,2,2,1,3,PAUL BERT (RUE),48.930893,2.244448
202000043082,29,1,2020,19,5,92,92024,2,1,1,-1,MADAME DE SANZILLON (RUE),48.90357,2.317
202000043083,6,2,2020,13,1,92,92012,2,1,1,6,GENERAL LECLERC (AVENUE DU) 1/33 - 2/58,48.83265,2.2406
202000043084,6,2,2020,18,5,62,62812,2,1,1,1,D191,50.632206,2.077838
202000043085,6,2,2020,14,1,973,97310,1,1,1,7,N2,4.4240106,-52.326558
202000043086,4,2,2020,14,1,59,59067,2,3,1,3,Chemin Departemental 916,50.968802,2.426305
202000043087,3,2,2020,7,1,974,97413,2,1,1,6,5 Impasse Matutina,-21.205698,55.296346
202000043088,7,2,2020,16,1,74,74299,2,4,1,1,Vieille Route des Pensières,45.887551,6.173195
202000043089,6,2,2020,19,5,76,76738,1,2,1,3,196 Route de la Gare,49.555013,1.279435
202000043090,6,2,2020,10,1,76,76152,2,1,7,6,14 Rue de l'Eglise,49.578598,1.228355
202000043091,6,2,2020,18,5,79,79066,2,1,1,6,Route de Bressuire,46.485617,-0.40459
202000043092,5,2,2020,17,1,82,82125,1,1,1,5,D813,43.9344,1.2205
202000043093,29,1,2020,13,1,61,61421,1,2,1,3,La Bouhardiere,48.539341,-0.784981
202000043094,7,2,2020,11,1,41,41249,1,1,1,1,D724,47.442827,2.117143
202000043095,5,2,2020,18,3,25,25321,1,9,4,3,Quartier Malpas,47.056722,6.705464
202000043096,5,2,2020,14,1,29,29119,1,6,1,3,Lieu-dit Lanvenec,48.4671466,-4.6406052
202000043097,6,2,2020,19,5,29,29174,2,3,1,1,Rue de Canapé,47.868186,-4.232896
202000043098,6,2,2020,10,1,31,31356,1,1,7,1,Route de Lévignac,43.690605,1.229382
202000043099,6,2,2020,19,4,31,31467,2,1,1,6,Route de Paris,43.68464,1.406132
202000043100,6,2,2020,16,1,02,02627,1,1,1,1,D966,49.490408,4.041182
202000043101,6,2,2020,9,1,54,54275,1,2,1,3,route de Preny,48.95689,5.902662
202000043102,6,2,2020,17,1,64,64371,2,1,7,2,Rue Jeanne d'Arc,43.228241,-0.886095
202000043103,6,2,2020,17,2,43,43084,1,3,1,3,42 Rue du 19 Mars 1962,44.993864,3.867188
202000043104,24,1,2020,7,2,10,10345,1,9,1,3,D960,48.413458,4.506541
202000043105,7,2,2020,14,1,07,07117,2,1,1,1,D104,44.455754,4.21914
202000043106,5,2,2020,17,1,40,40059,2,2,1,3,471 Route de Cazordite,43.607012,-1.063528
202000043107,7,2,2020,11,1,24,24577,1,3,1,3,D57,44.850073,1.182103
202000043108,7,2,2020,18,5,04,04166,2,1,1,6,RD 953,43.820637,6.08958
202000043109,6,2,2020,19,3,27,27378,1,2,1,3,D59,48.777658,1.214375
202000043110,26,6,2020,18,1,71,71014,2,2,1,1,Avenue Charles de Gaulle,46.9534109,4.2956786
202000043111,28,6,2020,21,2,89,89426,1,1,8,3,D38,47.6873149,3.5955388
202000043112,29,6,2020,19,1,42,42058,2,4,1,7,D44,45.540037,4.00044
202000043113,29,6,2020,14,1,42,42021,1,3,1,1,Route de Saint Marcellin,45.507129,4.13322
202000043114,27,6,2020,18,1,26,26165,1,3,1,3,Route d' Allex,44.795967,4.872994
202000043115,28,6,2020,13,1,72,72338,1,2,1,-1,D148,48.108721,0.176425
202000043116,30,5,2020,14,1,72,72289,1,1,1,3,antoigne,48.149138,0.154753
202000043117,29,6,2020,14,1,06,06151,1,1,7,6,M2565,43.882483,7.243713
202000043118,25,6,2020,15,1,60,60496,2,4,1,7,8 Rue des Bois,49.6143229,2.4484739
202000043119,28,6,2020,17,1,10,10080,1,1,2,3,D443,48.05869,4.106364
202000043120,28,6,2020,16,1,07,07228,1,1,1,1,RD406,45.258289,4.778634
202000043121,28,6,2020,13,1,04,04090,1,1,1,7,RD 908,43.99266,6.646299
202000043122,28,6,2020,16,1,27,27361,1,2,1,-1,Route du Calvaire,49.303632,0.346305
202000043123,28,6,2020,17,1,28,28172,1,1,1,7,D28,48.561727,1.681209
202000043124,24,6,2020,16,1,48,48034,1,4,1,1,IMBEQUE,44.443037,3.214941
202000043125,27,6,2020,11,1,72,72350,1,1,1,7,A28,47.882046,0.304527
202000043126,28,6,2020,11,1,24,24189,1,1,1,6,Bois de l'Etat,44.860983,0.200983
202000043127,29,6,2020,7,1,68,68297,1,1,2,3,A35,47.59697,7.540837
202000043128,29,6,2020,15,1,62,62286,1,1,1,4,A26,50.557206,2.441282
202000043129,29,6,2020,17,1,74,74021,1,1,1,2,A40,46.1555724,6.2852886
202000043130,27,6,2020,15,1,987,98722,2,1,1,1,RT2 Pk 28.600 - District de Tiarei,-17.591429,-149.382126
202000043131,26,6,2020,13,1,971,97116,2,3,1,1,Rue du Moule,16.328989,-61.452284
202000043132,28,6,2020,17,2,978,97801,2,1,1,1,rue de sandy ground,18.061251,-63.110147
202000043133,29,6,2020,8,1,45,45191,1,1,1,6,D25 - PR  0 + 400,48.2848345,2.4165881
202000043134,28,6,2020,20,1,45,45170,1,1,1,1,D 921 - P.R. 07+972,48.2634557,2.2113133
202000043135,28,6,2020,18,1,78,78009,1,1,1,1,N191,48.460307,1.894722
202000043136,28,6,2020,1,3,78,78239,1,1,1,6,Route de Limay,49.014373,1.717344
202000043137,25,6,2020,17,1,66,66037,1,1,1,5,D81a,42.66972,3.033149
202000043138,27,6,2020,8,1,30,30307,2,1,1,6,L'Habitarelle,44.199051,4.045801
202000043139,28,6,2020,19,1,84,84026,1,3,1,3,D973,43.720187,5.39212
202000043140,28,6,2020,18,1,83,83016,1,1,1,1,Dn8,43.19994,5.807709
202000043141,29,6,2020,9,1,83,83042,1,1,1,-1,N 98,43.237012,6.526394
202000043142,28,6,2020,18,1,13,13100,1,1,1,7,Route d'Avignon,43.803492,4.832965
202000043143,26,6,2020,16,1,26,26362,1,1,1,2,Autoroute du Soleil,44.906104,4.876213
202000043144,27,6,2020,19,1,57,57762,2,1,1,6,Rue Mozart,49.120575,6.58389
202000043145,26,6,2020,12,1,42,42168,2,1,1,3,Route de Maclas,45.401923,4.685889
202000043146,29,6,2020,8,1,38,38110,2,3,1,3,Grande rue,45.585681,4.876842
202000043147,29,6,2020,15,1,38,38135,1,1,1,6,Route de Sablonnieres,45.69997,5.38669
202000043148,26,6,2020,16,1,65,65411,1,3,1,1,RD 12,42.885418,-0.01639
202000043149,27,6,2020,16,1,40,40182,2,1,7,6,Pitschon,44.067058,-1.154745
202000043150,29,6,2020,8,1,33,33080,2,4,1,3,Avenue de Saint-médard-d'Eyrans,44.75336,-0.53044
202000043151,28,6,2020,15,1,35,35228,2,1,1,7,Rue du Pre de la Roche,48.582921,-2.052475
202000043152,29,6,2020,15,1,76,76551,1,4,6,7,Route d'Etainhus,49.562289,0.303181
202000043153,26,6,2020,16,1,76,76647,2,1,1,7,Route de la Cerlangue,49.523586,0.367323
202000043154,29,6,2020,12,1,60,60282,2,1,1,6,Rue Hurst Mahieu,49.184598,2.411098
202000043155,24,6,2020,15,1,59,59228,1,1,7,5,Route Départementale 65,50.3354598,3.0949527
202000043156,27,6,2020,3,5,13,13207,1,1,1,2,Tunnel Prado Carénage,43.2909,5.36556
202000043157,27,6,2020,23,3,13,13071,1,1,1,2,A7-Sens Marseille vers Lyon,43.40364,5.3099
202000043158,27,6,2020,12,1,13,13214,1,1,1,4,A7-Sens Marseille vers Lyon,43.331116,5.377818
202000043159,27,6,2020,11,1,13,13215,1,1,1,4,A7-Sens Marseille vers Lyon,43.368938,5.360967
202000043160,28,6,2020,16,1,33,33122,1,1,1,2,AUTOROUTE A 63,44.73309,-0.72234
202000043161,28,6,2020,18,1,91,91161,1,1,1,2,AUTOROUTE A126,48.7107,2.3003
202000043162,28,6,2020,17,1,91,91471,1,1,1,4,RN 118,48.70999,2.1876
202000043163,28,6,2020,13,1,94,94038,1,1,1,2,AUTOROUTE A6A,48.7749,2.34622
202000043164,28,6,2020,3,5,92,92036,1,1,1,6,A86,48.9337093,2.2742213
202000043165,27,6,2020,2,5,92,92064,1,1,1,3,A13,48.8394617,2.2142842
202000043166,28,6,2020,18,1,93,93013,1,1,1,4,AUTOROUTE A1,48.93876,2.41629
202000043167,28,6,2020,17,1,93,93029,1,1,1,6,AUTOROUTE A86,48.92464,2.42588
202000043168,28,6,2020,14,1,92,92036,1,1,1,4,AUTOROUTE A86,48.93876,2.30924
202000043169,27,6,2020,19,1,95,95018,1,1,2,6, A15,48.95653,2.27468
202000043170,27,6,2020,9,1,974,97411,2,1,1,6,GARROS (ROLAND),-20.8815,55.4557
202000043171,22,6,2020,1,3,972,97213,1,1,1,6,BASSE GONDEAU (CHEMIN RURAL N°3 DE),14.62498,-61.02441
202000043172,27,6,2020,21,2,2A,2A004,2,1,1,1,MAGNOLIAS RUE DES,41.94772,8.75365
202000043173,26,6,2020,17,1,95,95539,1,1,1,4,RD 301,48.99598,2.36113
202000043174,18,6,2020,10,1,91,91027,2,2,1,6,FROIDES BOUILLIES (RUE DES),48.70562,2.36309
202000043175,26,6,2020,20,1,76,76575,2,2,1,3,MACE. PERIPHERIQUE JEAN,49.39491,1.06652
202000043176,26,6,2020,21,5,74,74133,2,1,1,6,BOIS DE VERNAZ (CHEMIN DES),46.181376,6.191735
202000043177,20,6,2020,18,1,74,74012,2,6,1,2,ETOILE (PLACE DE L'),46.19395,6.24048
202000043178,26,6,2020,19,1,69,69266,2,1,1,6,EMILE ZOLA     (Cours),45.76364,4.91164
202000043179,23,6,2020,18,1,54,54431,2,3,1,3,EUROPE (AVENUE DE L'),48.9169,6.06538
202000043180,27,6,2020,23,5,38,38185,2,1,1,3,Boulevard Clemenceau,45.1837,5.7386
202000043181,27,6,2020,9,1,33,33238,1,6,1,6,RTE DE LEOGNAN,44.74854,-0.61675
202000043182,27,6,2020,13,1,33,33529,2,1,1,7,FORET (AVE DE LA),44.60404,-1.20254
202000043183,26,6,2020,15,1,26,26198,2,1,1,6,MEYNOT (Boulevard),44.5554,4.75094
202000043184,27,6,2020,10,1,25,25056,2,3,1,1,KENNEDY  BOULEVARD J.F.,47.2345,5.98424
202000043185,27,6,2020,20,1,14,14118,2,2,1,3,ORATOIRE (RUE DE L'),49.18078,-0.36053
202000043186,27,6,2020,19,1,13,13211,2,4,1,2,CESAR BOY (AVENUE),43.297029,5.483968
202000043187,27,6,2020,15,1,13,13213,2,1,1,6,ALBERT EINSTEIN (RUE),43.346,5.4486
202000043188,27,6,2020,23,3,13,13004,1,1,1,6,RTE DE FONTVIEILLE RAPHELE,43.654411,4.716243
202000043189,27,6,2020,14,1,10,10387,2,1,1,3,GIRARDON (RUE),48.3011,4.0798
202000043190,27,6,2020,15,1,75,75119,2,1,1,2,BOULEVARD PERIPHERIQUE,48.884922,2.398276
202000043191,24,6,2020,16,1,75,75112,2,4,1,3,BOULEVARD PERIPHERIQUE,48.827744,2.39308
202000043192,27,6,2020,2,5,75,75120,2,1,2,3,RUE D AVRON,48.852477,2.40487
202000043193,27,6,2020,16,1,75,75119,2,1,1,6,AVENUE JEAN JAURES,48.8833,2.372209
202000043194,27,6,2020,0,5,75,75117,2,4,2,3,RUE GUY MOQUET,48.892195,2.32358
202000043195,27,6,2020,12,1,75,75116,2,1,1,2,AVENUE DE NEW YORK,48.859258,2.289699
202000043196,26,6,2020,21,1,75,75116,2,2,1,3,RUE DE LA POMPE,48.859543,2.27523
202000043197,25,6,2020,20,2,75,75116,2,1,1,3,AVENUE KLEBER,48.869605,2.291974
202000043198,27,6,2020,8,1,75,75114,2,7,1,3,PLACE DU VINGT CINQ AOUT 1944,48.823048,2.325491
202000043199,27,6,2020,9,1,75,75110,2,1,1,3,PLACE DE LA REPUBLIQUE,48.8681323,2.3637276
202000043200,26,6,2020,21,2,75,75107,2,3,1,3,BOULEVARD DES INVALIDES,48.848265,2.315707
202000043201,27,6,2020,19,1,75,75104,2,4,2,7,VOIE GEORGES POMPIDOU,48.851033,2.361127
202000043202,27,6,2020,8,1,94,94081,2,2,1,3,YOURI GAGARINE (AV),48.786027,2.3916119