Num_Acc,jour,mois,an,hr,condition_eclairage,departement,commune,condition_agglomeration,intersection,condition_atmosphere,type_collision,adresse,lattitude,longitude
202000043203,27,6,2020,16,1,94,94076,2,1,2,3,PARIS (AV DE),48.8033165,2.3644088
202000043204,27,6,2020,7,1,94,94041,2,1,1,7,DANIELLE CASANOVA (AV),48.81359,2.38523
202000043205,27,6,2020,19,1,94,94022,2,1,1,1,LUGO (AV DE),48.771151,2.409108
202000043206,27,6,2020,18,1,94,94028,2,1,2,3,Av du Mal de Lattre de Tassigny,48.79775,2.45601
202000043207,27,6,2020,2,5,93,93072,2,9,2,3,MAXIME GORKI (BOULEVARD) DES N°89 A ...,48.9454,2.3868
202000043208,27,6,2020,18,1,93,93066,2,1,1,2,86 R CROISAT AMBROISE,48.9306048,2.3501612
202000043209,27,6,2020,16,1,93,93064,2,1,1,5,ALSACE-LORRAINE (BOULEVARD),48.8847494,2.4827778
202000043210,27,6,2020,18,1,93,93048,2,1,2,3,PASTEUR S3 (AVENUE),48.8701509,2.4319219
202000043211,27,6,2020,17,1,93,93031,2,3,1,3,JOFFRE (AVENUE),48.9567138,2.3042219
202000043212,27,6,2020,10,1,93,93029,2,3,1,3,R HENRI LANGLOIS / R CHARLES GIDE,48.9152,2.446
202000043213,27,6,2020,16,1,93,93013,2,2,1,6,LECLERC (AVENU DE LA DIVISION),48.93316,2.42391
202000043214,26,6,2020,14,1,92,92072,2,2,1,3,GRANDE RUE,48.8264,2.21933
202000043215,27,6,2020,4,5,92,92051,2,1,1,6,GENERAL KOENIG (BOULEVARD DU),48.8840648,2.254597
202000043216,27,6,2020,16,1,92,92050,2,5,8,3,CLEMENCEAU GEORGES AVENUE N°IMPAIR,48.88648,2.2093
202000043217,27,6,2020,12,1,92,92050,2,1,1,7,JOLIOT CURIE F. ET IRENE AVENUE  N°PAIRS,48.8882314,2.2022022
202000043218,27,6,2020,19,1,92,92020,2,2,8,7,DIVISION LECLERC AVENUE DE LA,48.79526,2.27433
202000043219,27,6,2020,16,1,92,92048,2,1,8,6,REPUBLIQUE (RUE DE LA) N° 1 A 45,48.809101,2.236159
202000043220,27,6,2020,22,5,92,92044,2,1,1,3,Rue Victor Hugo,48.8971856,2.2953379
202000043221,27,6,2020,15,1,92,92062,2,1,2,3,BOULEVARD CIRCULAIRE,48.8885766,2.2348836
202000043222,27,6,2020,5,2,92,92012,2,2,1,3,GENERAL LECLERC (AVENUE DU) 35/FIN - 60/,48.83092,2.23459
202000043223,28,6,2020,10,1,35,35120,1,1,1,4,Champ Pécor,48.220112,-1.809976
202000043224,26,6,2020,17,1,54,54374,1,1,1,7,Départementale 674,48.769626,6.44361
202000043225,27,6,2020,5,2,38,38199,1,1,1,7,Route de Saint-sorlin,45.482386,4.917347
202000043226,27,6,2020,17,1,68,68112,2,1,1,6,6 Rue Joseph Schmitt,47.909297,7.212295
202000043227,26,6,2020,18,1,49,49092,1,1,1,7,D762,47.293268,-0.846038
202000043228,28,6,2020,9,1,12,12267,1,1,1,7,D902,44.074911,2.526566
202000043229,27,6,2020,23,5,54,54314,1,6,1,2,ZAC les Quemenes,49.510034,5.71468
202000043230,27,6,2020,16,1,01,01448,1,1,1,2,D991,46.09448,5.775005
202000043231,27,6,2020,22,3,23,23219,1,1,1,6,Saint-Maurice-la-Souterraine,46.215851,1.414393
202000043232,25,6,2020,21,2,83,83043,1,1,1,2,Route des Maures,43.232572,6.265469
202000043233,23,6,2020,16,1,21,21485,1,1,1,1,A38,47.337172,4.955462
202000043234,26,6,2020,22,2,57,57250,1,1,1,6,D83,48.962789,7.36892
202000043235,28,6,2020,4,3,19,19152,1,1,1,6,la bastière D.940,45.0149683,1.809268
202000043236,27,6,2020,19,1,95,95612,1,1,1,6,Route de Gonesse,48.998219,2.464526
202000043237,28,6,2020,9,1,56,56017,1,3,1,3,Kohkastel,47.85618,-2.80398
202000043238,24,6,2020,11,1,56,56034,1,1,1,3,Kergroix RD768,47.637869,-3.049811
202000043239,28,6,2020,0,3,76,76183,1,1,8,7,D68,49.7568328,0.4616931
202000043240,26,6,2020,23,3,76,76348,1,3,1,3,Route du Grand Tôt,49.676772,0.733579
202000043241,28,6,2020,11,1,2A,2A330,1,1,1,3,D29,42.0481085,8.9780156
202000043242,27,6,2020,17,1,80,80793,1,1,1,5,D12,49.985807,2.192245
202000043243,27,6,2020,11,1,71,71137,2,1,1,7,6 Rue Saint-mayeul,46.437081,4.65676
202000043244,27,6,2020,19,1,49,49377,1,4,1,6,Route de Corze (Villevêque),47.557628,-0.412953
202000043245,27,6,2020,16,1,12,12025,2,1,1,6,Hlm Traversous,43.819919,2.753542
202000043246,27,6,2020,19,1,39,39452,2,4,1,1,,47.144223,5.725947
202000043247,28,6,2020,3,3,25,25560,1,6,1,7,1 Rue de l'Ecluse,47.271442,6.084755
202000043248,27,6,2020,16,1,35,35109,1,1,1,7,Le Parson,48.088153,-1.241647
202000043249,28,6,2020,4,3,29,29205,1,1,1,6,lieu dit Garsanhore,48.30253,-3.561609
202000043250,27,6,2020,17,1,38,38108,1,1,7,3,Route de Villard de Lans,45.070096,5.439885
202000043251,28,6,2020,3,3,03,03217,1,1,1,7,,46.3386591,2.6632972
202000043252,27,6,2020,17,1,15,15154,1,1,1,2,N122,44.9567034,2.5900668
202000043253,27,6,2020,17,1,70,70240,2,1,1,1,Impasse le Cottage,47.85601,6.339219
202000043254,28,6,2020,2,3,26,26093,1,1,1,6,Route de Valaurie,44.379656,4.797184
202000043255,28,6,2020,4,3,58,58095,1,1,1,6,D979,46.819959,3.504939
202000043256,27,6,2020,18,1,54,54288,1,1,1,7,D101,48.748266,5.832528
202000043257,27,6,2020,17,1,54,54190,1,4,1,7,point kilométrique 19-500,48.412838,6.010581
202000043258,27,6,2020,20,1,50,50543,1,1,1,6,17 Rue Montgomery,48.643582,-1.311091
202000043259,27,6,2020,13,1,09,09189,1,1,1,7,ROUTE NATIONALE 20,42.684497,1.824128
202000043260,25,6,2020,20,1,53,53127,1,1,1,6,les chenots,48.411585,-0.494578
202000043261,27,6,2020,18,1,21,21575,2,1,1,6,41 Grande Rue,47.101565,5.301192
202000043262,28,6,2020,17,1,37,37156,1,6,1,6,D751 - D142,47.4008205,0.792062
202000043263,28,6,2020,4,5,08,08363,2,1,1,6,1 Avenue Jean-baptiste Clément,49.939251,4.638371
202000043264,9,6,2020,9,1,08,08107,2,1,1,6,54 Rue de la Sommevue,49.529965,4.248941
202000043265,28,6,2020,13,1,78,78143,2,3,1,7,chemin de la source,48.735142,2.087402
202000043266,24,6,2020,14,1,06,06152,2,1,1,2,Rue Gambetta,43.641449,7.007771
202000043267,28,6,2020,11,1,95,95250,1,1,1,1,17 Square du Lauragais,49.0991871,2.5045801
202000043268,28,6,2020,16,1,988,98817,2,3,1,3,LA CORNICHE DU MONT DORE,-22.277531,166.574063
202000043269,27,6,2020,16,1,13,13025,1,1,7,2,D7n,43.489202,5.548782
202000043270,28,6,2020,2,5,77,77483,2,3,1,6,Rue de l'Eglise - D97,48.999748,2.93305
202000043271,28,6,2020,15,1,11,11175,1,1,1,1,D624,43.385636,1.974792
202000043272,28,6,2020,10,1,83,83107,2,1,1,3,Avenue du General de Gaulle,43.445095,6.638087
202000043273,27,6,2020,17,1,83,83106,1,1,1,1,RD 12 PR 9+950,43.293356,6.101575
202000043274,28,6,2020,15,1,04,04092,1,1,1,3,RD 4085,43.827205,6.567271
202000043275,27,6,2020,17,1,04,04039,1,1,1,7,RD 4085,43.867285,6.474037
202000043276,27,6,2020,3,3,88,88044,1,1,3,1,D74,48.307667,5.667272
202000043277,27,6,2020,17,1,88,88273,1,1,1,6,D46,48.223022,6.514769
202000043278,27,6,2020,17,1,63,63117,1,1,1,1,D36,45.419743,2.950194
202000043279,27,6,2020,10,1,74,74021,1,1,1,2,551 Route des Echelettes,46.151423,6.270576
202000043280,27,6,2020,15,1,74,74185,2,3,1,3,904 Chemin des Dessous,46.149621,6.221014
202000043281,28,6,2020,12,1,38,38158,2,2,1,3,Avenue Jean Jaures,45.15647,5.74694
202000043282,28,6,2020,9,1,26,26358,1,3,1,1,Route de Crest,44.796454,4.998726
202000043283,28,6,2020,12,1,69,69208,1,1,1,6,D76,45.855609,4.628146
202000043284,28,6,2020,14,1,81,81105,2,1,1,6,Quai Raspail,43.761685,1.988901
202000043285,28,6,2020,10,1,44,44073,1,1,1,6,Le Plongeon,47.45009,-1.686401
202000043286,28,6,2020,12,1,76,76276,2,3,1,6,15 Avenue des Sources,49.611188,1.540973
202000043287,28,6,2020,15,1,60,60282,2,1,1,7,Voie de la Grande Serpentine,49.187012,2.437865
202000043288,27,6,2020,0,3,60,60597,1,1,3,7,Route Départementale 98,49.3357786,2.7696166
202000043289,28,6,2020,1,5,60,60116,2,1,1,1,Rue Noel Ruffier,49.308923,2.348364
202000043290,27,6,2020,3,3,13,13071,1,1,1,6,A7-Sens Lyon vers Marseille,43.40388,5.3034
202000043291,26,6,2020,16,1,13,13071,1,1,1,3,A5502G-sens Martigues vers A7-Marseille,43.40021,5.29712
202000043292,26,6,2020,9,1,13,13088,1,1,1,2,A55-Sens Marseille vers Martigues,43.3916858,5.2574025
202000043293,20,5,2020,9,1,69,69290,1,1,1,-1,A46S   40.883 A 43.680,45.69888,4.96764
202000043294,22,6,2020,20,1,69,69029,1,1,1,3,A43   ,45.7279,4.90594
202000043295,26,6,2020,20,1,93,93064,1,1,3,3,AUTOROUTE A86,48.87925,2.47603
202000043296,26,6,2020,19,1,95,95582,1,1,1,4,A15,48.96663,2.25631
202000043297,26,6,2020,18,1,93,93010,1,1,1,2,AUTOROUTE A3,48.91455,2.47732
202000043298,26,6,2020,15,1,95,95582,1,1,1,5, A15,48.97075,2.24936
202000043299,27,6,2020,9,1,77,77373,1,1,1,-1,RN104,48.7750433,2.6122246
202000043300,18,2,2020,23,3,11,11262,2,6,1,7,RD 6009 NARBONNE - BEZIERS,43.1938911,2.9937338
202000043301,25,6,2020,18,5,988,98818,2,3,1,3,VOIE DE DEGAGEMENT EST/RUE DE CHARLEROI,-22.27903,166.4626
202000043302,26,5,2020,12,1,75,75101,2,5,1,7,RUE ETIENNE MARCEL,48.864783,2.345143
202000043303,26,5,2020,13,1,94,94080,2,1,7,3,LIBERATION (BD DE LA),48.846829,2.4489673
202000043304,26,5,2020,8,1,94,94065,2,1,1,6,BRETAGNE (ALLEE DE) / MIN DE RUNGIS,48.762579,2.355935
202000043305,26,5,2020,13,1,93,93066,2,2,7,4,STADE DE FRANCE (AVENUE DU),48.91966,2.3617
202000043306,26,5,2020,17,1,93,93066,1,1,1,4,FRANCE ANATOLE (BOULEVARD) NR AUTRES,48.9253,2.3504
202000043307,26,5,2020,8,1,93,93066,2,3,1,3,SAULNIER JULES,48.9254462,2.3506543
202000043308,26,5,2020,0,5,93,93032,2,2,1,3,R PARMENTIER / R ARISTIDE BRIAND,48.8827,2.53503
202000043309,26,5,2020,21,2,93,93039,2,9,1,3,AV DU PONT D'EPINAY,48.9510159,2.3069362
202000043310,26,5,2020,0,5,93,93031,2,2,1,3,AV DE LA REPUBLIQUE / AV DE LA MARNE,48.95007,2.32843
202000043311,26,5,2020,7,1,92,92035,2,2,1,1,Joffre ( avenue ),48.9098348,2.2418775
202000043312,25,5,2020,20,1,92,92002,2,3,7,2,DOCTEUR TENINE (AVENUE DU),48.7625831,2.3138957
202000043313,26,5,2020,17,1,81,81261,1,1,1,2,La Pivrane,43.750783,1.728394
202000043314,26,5,2020,8,1,68,68020,2,6,1,3,Rue de Mulhouse,47.813846,7.505937
202000043315,27,5,2020,13,1,41,41114,1,1,1,7,A10,47.761474,1.557551
202000043316,27,5,2020,14,1,83,83070,1,1,1,2,Avenue du Levant,43.146374,6.395271
202000043317,27,5,2020,1,3,41,41103,1,1,1,1,RN10 - PK 33+557,47.721816,1.020328
202000043318,26,5,2020,13,1,41,41120,1,2,1,3,D5,47.830832,0.912842
202000043319,27,5,2020,14,1,57,57390,1,1,1,1,D36,49.004568,7.387651
202000043320,27,5,2020,8,1,57,57655,1,1,1,5,D955,48.969962,6.29636
202000043321,27,5,2020,11,1,74,74165,1,4,7,3,route de saint felix,45.827887,5.974701
202000043322,26,5,2020,19,1,44,44158,1,3,1,3,Zone Artisanale du Clair de Lune,47.281074,-1.7336408
202000043323,27,5,2020,15,1,35,35243,1,1,1,1,La Monnerais,48.3326864,-1.2907253
202000043324,26,5,2020,18,1,31,31001,1,1,1,6,D55,43.380552,0.883048
202000043325,25,5,2020,8,1,38,38140,2,3,1,3,Avenue Ambroise Croizat,45.27124,5.89025
202000043326,26,5,2020,19,1,03,03297,2,1,1,6,Route de Nassigny,46.5352529,2.6075363
202000043327,26,5,2020,13,1,14,14174,1,4,1,1,D184a,48.838636,-0.606351
202000043328,27,5,2020,5,2,53,53096,1,1,1,7,Avenue de la Libération,48.309235,-0.9389238
202000043329,27,5,2020,6,2,28,28119,1,1,1,6,D15,48.281387,1.080527
202000043330,24,5,2020,8,1,28,28078,1,1,7,2,D927,48.112404,0.889671
202000043331,25,5,2020,15,1,17,17168,2,3,1,3,23 Rue Pierre Loti,45.992944,-1.078817
202000043332,26,5,2020,23,3,87,87063,1,1,1,6,Le Plainard,45.7784,1.354532
202000043333,27,5,2020,7,1,74,74208,1,1,1,6,N205,45.911168,6.713548
202000043334,26,5,2020,13,1,69,69207,1,1,1,4,Avenue de la Paix,45.88251,4.794266
202000043335,26,5,2020,16,1,33,33005,2,1,7,1,Boulevard du Page,44.75917,-1.07981
202000043336,26,5,2020,17,2,976,97608,2,1,1,6,Route de Moya,-12.7836,45.280302
202000043337,26,5,2020,20,3,971,97118,1,1,1,6,Nationale 1,16.232162,-61.590664
202000043338,27,5,2020,8,1,29,29147,1,6,7,3,Route de Kergroes,47.8962472,-3.5749812
202000043339,26,5,2020,18,1,2B,2B093,1,1,1,6,Corbara,42.62348,8.915502
202000043340,25,5,2020,17,1,83,83023,1,1,1,3,2186 Route de Vins,43.416306,6.086941
202000043341,27,5,2020,16,1,71,71291,1,3,1,3,Rue de Marcigny,46.2200682,4.0221643
202000043342,26,5,2020,17,1,88,88104,1,1,1,3,D2,48.290132,5.714092
202000043343,27,5,2020,17,1,38,38442,1,1,1,-1,Les Bargettes,45.335971,5.807268
202000043344,26,5,2020,16,1,26,26084,1,1,1,1,Route du Bourg,44.999721,4.919568
202000043345,25,5,2020,16,1,69,69249,1,1,1,2,D311,45.6740503,4.6255774
202000043346,27,5,2020,2,5,33,33198,2,4,1,6,3 Grand-rue,45.041728,-0.185287
202000043347,25,5,2020,14,1,72,72154,2,1,1,2,19 Avenue d'Obernkirchen,47.70135,-0.054948
202000043348,26,5,2020,16,1,59,59497,1,1,1,3,Route départemental 642,50.732907,2.348274
202000043349,26,5,2020,3,5,13,13215,1,1,1,7,A7-Sens Marseille vers Lyon,43.34176,5.37723
202000043350,26,5,2020,14,1,33,33318,1,1,1,4,AUTOROUTE A 63,44.78374,-0.63141
202000043351,20,5,2020,16,1,62,62186,1,1,1,2,AUTOROUTE A21,50.434944,2.71564
202000043352,26,5,2020,8,1,94,94034,1,1,1,7,AUTOROUTE A6A,48.75721,2.33538
202000043353,26,5,2020,19,1,92,92036,1,1,1,5,AUTOROUTE A86,48.93889,2.30809
202000043354,26,5,2020,14,1,93,93066,1,1,1,4,AUTOROUTE A1,48.91757,2.35769
202000043355,25,5,2020,19,1,93,93005,1,1,1,5,AUTOROUTE A3,48.96796,2.4795
202000043356,26,5,2020,13,1,94,94028,1,1,1,7,A86 EXT,48.7894964,2.4402226
202000043357,26,5,2020,7,1,94,94052,1,1,1,2,A4,48.826414,2.4658983
202000043358,23,3,2020,20,5,986,98613,1,1,1,3,Lavegahau,-22.238151,166.451722
202000043359,24,5,2020,18,3,974,97411,1,1,1,5,SAINT-DENIS(TOUS SECTEURS),-20.88629,55.43619
202000043360,25,5,2020,10,1,974,97409,1,1,1,3,LAGOURGUE(CHEMIN),-20.947599,55.66286
202000043361,6,3,2020,21,3,974,97409,2,1,2,6,Lefaguyes (chemin),-20.9614338,55.6612364
202000043362,25,5,2020,21,2,69,69387,2,2,1,-1,UNIVERSITE (DE L')                  (R ),45.75156,4.83787
202000043363,25,5,2020,5,2,69,69382,2,2,1,3,JEAN MOULIN                         (QU),45.76352,4.83818
202000043364,24,5,2020,18,5,971,97113,1,1,1,2,RN4-ROND POINT SAINT FELIX,16.2075626,-61.4566344
202000043365,24,5,2020,9,1,971,97107,2,9,1,3,DUMANOIR ( ALLEE ),16.03604,-61.56751
202000043366,25,5,2020,17,1,91,91692,2,1,1,2,OCEANIE (AVENUE DE L'),48.67774,2.19849
202000043367,25,5,2020,4,5,91,91345,2,1,1,6,CORBEIL (ROUTE DE),48.68344,2.30954
202000043368,25,5,2020,17,1,91,91657,2,2,1,-1,HENRI BARBUSSE (AVENUE),48.702482,2.427603
202000043369,22,5,2020,18,1,87,87085,2,2,1,3,BEAUBLANC (BOULEVARD DE),45.8441016,1.2406755
202000043370,23,5,2020,15,1,86,86158,2,1,1,2,Route de Poitiers,46.6259097,0.3069642
202000043371,15,5,2020,12,1,84,84035,2,1,1,6,ROBION (AVENUE DE),43.83947,5.0539
202000043372,24,5,2020,3,5,80,80489,2,3,1,3,HENRI BARBUSSE (RUE),49.87277,2.35182
202000043373,22,5,2020,14,1,80,80021,2,1,2,6,GORLITZ (PLACE DE),49.8713,2.31883
202000043374,24,5,2020,18,1,77,77350,2,1,1,3,AUGUSTE HUDIER (RUE),48.763399,2.676056
202000043375,23,5,2020,11,1,76,76319,2,1,1,6,CLEMENCEAU. RUE GEORGES,49.3566,1.00751
202000043376,21,5,2020,14,1,69,69256,2,6,1,1,MARCEL CACHIN                       (AV),45.7805606,4.9455588
202000043377,23,5,2020,13,1,67,67482,2,3,1,3,PALERME (RUE DE),48.57573,7.7637
202000043378,22,5,2020,15,1,66,66136,2,1,1,2,POINCARE (BOULEVARD HENRI),42.69116,2.89819
202000043379,21,5,2020,23,3,66,66136,2,1,1,6,ROSERAIE (CHEMIN DE LA),42.69306,2.94385
202000043380,20,5,2020,14,1,66,66136,2,3,1,3,BART JEAN,42.71258,2.89362
202000043381,20,5,2020,16,1,66,66136,2,1,1,6,AGASSE PASCAL MARIE,42.69427,2.8724
202000043382,24,5,2020,21,2,64,64445,2,9,1,5,RESISTANCE,43.30542,-0.37608
202000043383,25,5,2020,18,1,64,64102,2,6,1,3,Giratoire de Lachepaillet,43.48492,-1.49005
202000043384,25,5,2020,12,1,64,64024,2,1,1,4,BAYONNE (AVENUE DE),43.48114,-1.51168
202000043385,24,5,2020,17,1,63,63019,1,1,1,7,CD 54,45.80127,3.17536
202000043386,22,5,2020,19,1,63,63113,2,2,1,3,CARNOT (AVENUE),45.7763,3.09016
202000043387,8,5,2020,11,1,62,62523,2,1,1,6,JACOB (MICHEL),50.45123,2.85124
202000043388,23,5,2020,15,1,59,59603,2,1,1,6,EGALITE (RUE DE L'),50.331857,3.483322
202000043389,25,5,2020,22,5,59,59599,2,2,1,1,GAND (RUE DE),50.73796,3.16225
202000043390,19,5,2020,11,1,59,59178,2,1,1,1,LEQUIEN (RUE DU DOCTEUR),50.38547,3.08631
202000043391,24,5,2020,16,1,56,56121,2,6,1,3,BLUM ( BD LEON ),47.74917,-3.37357
202000043392,24,5,2020,10,1,56,56121,2,1,1,6,MONISTROL (RUE),47.73877,-3.38123
202000043393,23,5,2020,14,1,56,56098,2,1,1,7,ALLENDE ( AV. PRESIDENT SALVADOR ),47.75647,-3.32431
202000043394,25,5,2020,19,1,54,54395,2,6,1,2,MILLENAIRE (PONT DU),48.6772826,6.205544
202000043395,25,5,2020,13,1,51,51058,2,3,7,3,Impasse des Alouettes,49.2266534,3.9939513
202000043396,19,5,2020,15,1,45,45208,2,6,1,3,Avenue Louis-maurice Chautemps,48.00709,2.746868
202000043397,25,5,2020,5,1,42,42044,2,2,1,3,Rue des Halles,45.39608,4.32341
202000043398,25,5,2020,13,1,35,35238,2,1,1,6,GAYEULLES (AVENUE DES),48.12796,-1.65202
202000043399,22,5,2020,16,1,33,33162,2,2,1,1,RUE DU BRETEIL / RUE PAUL DUMONT / AVE DU TAILLAN-MEDOC,44.87974,-0.64752
202000043400,25,5,2020,2,5,33,33063,2,3,1,6,BD JOLIOT-CURIE / QUAI DESCHAMPS,44.8360164,-0.5502682
202000043401,22,5,2020,15,1,31,31149,2,1,1,1,HUGO (BOULEVARD VICTOR),43.61607,1.31095
202000043402,24,5,2020,20,1,31,31555,2,1,1,3,BD DE STRASBOURG,43.60816,1.44639
202000043403,24,5,2020,21,5,31,31555,2,1,1,3,BD DES RECOLLETS,43.58391,1.44431
202000043404,24,5,2020,10,1,31,31555,1,1,1,2,VA007331 A620,43.56954,1.4135
202000043405,25,5,2020,8,1,29,29232,2,6,7,3,Rond point  de Ti Douar,47.98053,-4.07289
202000043406,24,5,2020,15,1,29,29019,2,3,1,3,D205 - Boulevard Francois Mitterand,48.41882,-4.45228
202000043407,25,5,2020,17,1,17,17300,2,3,1,3,SCHOELCHER   AVENUE VICTOR,46.1537873,-1.1275469
202000043408,25,5,2020,12,1,17,17028,2,3,1,6,TIR   RUE DU CHAMP DE,46.1374,-1.13301
202000043409,21,5,2020,15,1,14,14220,2,1,7,6,JEAN-MERMOZ (RUE),49.36023,0.0719
202000043410,19,5,2020,17,1,13,13004,2,9,1,1,RTE DE CRAU,43.67308,4.64017
202000043411,24,5,2020,15,1,11,11262,1,1,1,6,RD 6009 NARBONNE - BEZIERS,43.20079,3.01623
202000043412,22,5,2020,14,1,11,11262,2,1,1,5,ESPAGNE (AVENUE D'),43.171943,2.990551
202000043413,25,5,2020,17,1,10,10362,2,9,1,3,PAUL DOUMER (RUE),48.289554,4.042293
202000043414,25,5,2020,18,1,08,08409,2,1,1,-1,MARNE (AVENUE DE LA),49.69663,4.91654
202000043415,24,5,2020,10,1,02,02738,2,3,1,3,CAMILLE DESMOULIN,49.65698,3.30481
202000043416,24,5,2020,19,1,75,75116,2,4,1,3,PORTE DE PASSY,48.857989,2.260251
202000043417,24,5,2020,22,5,75,75107,2,3,1,3,QUAI D ORSAY,48.862875,2.315178
202000043418,25,5,2020,22,5,75,75117,2,1,1,3,RUE RAYMOND PITET,48.88999,2.296554
202000043419,25,5,2020,16,1,75,75117,2,3,1,6,BOULEVARD DE COURCELLES,48.879546,2.304988
202000043420,25,5,2020,9,1,75,75108,2,2,1,3,RUE LA BOETIE,48.874207,2.317533
202000043421,25,5,2020,9,1,75,75115,2,1,1,6,RUE DU COMMERCE,48.848198,2.296925
202000043422,24,5,2020,17,1,75,75115,2,1,1,2,RUE DE LA CONVENTION,48.840532,2.289156
202000043423,25,5,2020,9,1,75,75109,2,2,1,3,RUE DE MAUBEUGE,48.876555,2.341299
202000043424,25,5,2020,9,1,75,75108,2,5,1,2,AVENUE WINSTON CHURCHILL,48.867726,2.313996
202000043425,25,5,2020,21,5,75,75107,2,2,1,3,QUAI BRANLY,48.86243,2.301598
202000043426,25,5,2020,15,1,75,75103,2,1,1,6,RUE DES ARCHIVES,48.862253,2.359372
202000043427,24,5,2020,18,1,94,94003,2,2,1,3,CONVENTION (AV DE LA),48.80366,2.33525
202000043428,24,5,2020,19,1,94,94041,2,1,1,6,JEAN JACQUES ROUSSEAU (R),48.81735,2.39465
202000043429,25,5,2020,0,5,94,94022,2,2,1,3,LEON GOURDAULT (AV),48.76434,2.40571
202000043430,25,5,2020,11,1,94,94047,2,3,1,3,CAZEAUX (R),48.702,2.5456
202000043431,25,5,2020,13,1,93,93059,2,1,1,3,BD JEAN MERMOZ,48.9683,2.36513
202000043432,25,5,2020,2,5,93,93050,2,2,1,6,AV LEON BLUM / AV DU 8 MAI 1945,48.86786,2.53391
202000043433,25,5,2020,17,1,93,93057,2,1,1,3,AV ARISTIDE BRIAND,48.9107069,2.5135601
202000043434,25,5,2020,18,1,92,92076,2,1,1,2,COLLEGE,48.83292,2.15037
202000043435,24,5,2020,21,2,92,92047,1,2,1,3,JARDY,48.8315657,2.1527326
202000043436,21,5,2020,20,1,92,92063,2,4,1,3,POMPIDOU (AVENUE DU PRESIDENT),48.86936,2.19784
202000043437,20,5,2020,19,1,92,92073,2,3,1,3,DIX-HUIT JUIN 1940 (AVENUE DU) EST,48.8648496,2.2060357
202000043438,23,5,2020,14,1,92,92025,2,1,1,6,BOURNARD (RUE DU),48.9235712,2.2596538
202000043439,25,5,2020,15,1,92,92048,2,9,1,2,VILLACOUBLAY (AVENUE DE),48.784,2.2325
202000043440,18,4,2020,20,2,92,92004,2,9,1,7,FAIDHERBE ( AVENUE ),48.90819,2.26823
202000043441,20,5,2020,18,1,92,92004,2,1,1,6,GAMBETTA (RUE),48.90973,2.29284
202000043442,26,5,2020,14,1,37,37240,1,1,1,3,Lieu Dit la suarderie,47.5964107,0.9383428
202000043443,24,5,2020,20,2,09,09079,1,1,1,2,D14,43.160315,1.370579
202000043444,26,5,2020,1,3,45,45339,1,1,1,6,Les Brosses,47.990252,2.545395
202000043445,22,5,2020,15,1,14,14453,1,1,1,2,Mosles,49.302331,-0.80278
202000043446,25,5,2020,10,1,83,83087,1,1,1,7,D80,43.359338,5.786383
202000043447,25,5,2020,17,1,79,79147,1,1,1,7,Lieu Dit Les Jarzelieres,46.652588,-0.508118
202000043448,24,5,2020,16,1,25,25347,1,1,1,7,D131,47.0339,6.475329
202000043449,25,5,2020,11,1,44,44069,1,1,1,7,Route de la Vallée,47.362527,-2.457536
202000043450,23,10,2020,18,5,75,75118,2,4,1,2,BOULEVARD PERIPHERIQUE,48.900955,2.347623
202000043451,24,5,2020,19,1,44,44131,1,1,1,3,Le Port,47.11128,-1.982324
202000043452,23,10,2020,9,1,75,75113,2,1,1,3,BOULEVARD PERIPHERIQUE,48.816783,2.355855
202000043453,26,5,2020,9,1,29,29173,1,6,1,3,Route de Douarnenez,48.011781,-4.197603
202000043454,23,10,2020,9,1,75,75113,2,1,8,6,RUE DES PEUPLIERS,48.823455,2.353184
202000043455,25,5,2020,19,1,02,02374,1,2,1,3,D31,49.924091,3.278038
202000043456,23,10,2020,7,2,75,75117,2,7,1,3,PLACE GENERAL CATROUX,48.883372,2.30963
202000043457,21,5,2020,15,1,03,03107,1,1,1,7,,46.1082343,3.0714036
202000043458,22,10,2020,8,1,75,75107,2,1,1,-1,QUAI ANATOLE FRANCE,48.861783,2.321868
202000043459,21,5,2020,19,1,01,01001,1,3,7,3,D7,46.132642,4.928859
202000043460,23,10,2020,13,1,75,75106,2,1,1,6,BOULEVARD SAINT MICHEL,48.849693,2.342244
202000043461,26,5,2020,11,1,06,06079,2,1,1,3,Avenue du Général Garbay,43.568195,6.939658
202000043462,23,10,2020,11,1,75,75119,2,3,2,3,AVENUE DE FLANDRE,48.884472,2.368976
202000043463,4,5,2020,8,1,06,06090,2,1,7,6,575 Avenue de Cannes,43.592062,6.931152
202000043464,25,5,2020,17,1,05,05012,1,6,1,3,N94,44.548647,6.484745
202000043465,22,10,2020,21,5,75,75119,2,3,1,2,AVENUE CORENTIN CARIOU,48.895142,2.382726
202000043466,26,5,2020,19,2,50,50272,1,2,1,3,8 Rue Jouvin,48.941417,-1.537614
202000043467,23,10,2020,13,1,75,75118,2,3,1,3,BOULEVARD BARBES,48.884227,2.349463
202000043468,23,10,2020,12,1,75,75118,2,1,1,7,BOULEVARD NEY,48.898369,2.363447
202000043469,25,5,2020,14,1,60,60315,1,2,1,3,RD22,49.480767,1.900222
202000043470,23,10,2020,12,1,75,75118,2,2,1,3,BOULEVARD NEY,48.898238,2.352502
202000043471,24,5,2020,20,3,18,18266,1,4,1,6,La Cote Maloche,46.725245,2.183576