Num_Acc,jour,mois,an,hr,condition_eclairage,departement,commune,condition_agglomeration,intersection,condition_atmosphere,type_collision,adresse,lattitude,longitude
202000043472,23,10,2020,19,5,75,75116,2,7,1,3,PLACE DU MARECHAL DE LATTRE DE TASSIGNY,48.871717,2.275803
202000043473,22,10,2020,17,1,75,75115,2,1,1,1,QUAI DE GRENELLE,48.852401,2.286253
202000043474,25,5,2020,20,1,53,53009,1,3,7,3,D20,47.997852,-0.600531
202000043475,20,10,2020,12,1,75,75115,2,1,2,3,RUE DU COMMERCE,48.845717,2.294781
202000043476,22,5,2020,9,1,67,67309,2,9,1,3,11 a Rue de Strasbourg,48.637971,7.711603
202000043477,21,5,2020,16,1,06,06152,1,1,1,7,1260 Chemin du Val Martin,43.6263,7.014819
202000043478,23,10,2020,10,1,75,75112,2,3,8,3,AVENUE DE NOGENT,48.84441,2.441039
202000043479,25,5,2020,18,1,27,27378,1,1,1,5,N12,48.775636,1.211736
202000043480,23,10,2020,13,1,75,75111,2,5,1,3,AVENUE LEDRU ROLLIN,48.851303,2.376149
202000043481,26,5,2020,7,1,988,98817,2,1,1,6,ROUTE DU VALLON DORE,-22.24108,166.577561
202000043482,23,10,2020,10,1,75,75110,2,3,1,3,BOULEVARD SAINT DENIS,48.869612,2.353006
202000043483,25,5,2020,5,2,45,45312,2,1,1,1,D2007-PR28+550,47.9148099,2.7356537
202000043484,13,10,2020,16,1,75,75109,2,5,8,3,BOULEVARD HAUSSMANN,48.872972,2.333111
202000043485,26,5,2020,12,1,45,45336,1,1,1,6,D120 - PR 2+700,47.754486,2.318145
202000043486,23,10,2020,18,2,94,94003,2,1,1,3,PAUL VAILLANT COUTURIER (AV),48.80142,2.33957
202000043487,23,10,2020,6,5,94,94065,2,1,1,6,Zone SOGARIS,48.750702,2.364117
202000043488,25,5,2020,11,1,77,77248,2,3,1,3,D89 - D45A,48.9093118,2.7809468
202000043489,22,10,2020,21,5,94,94060,2,6,1,7,COMBAULT (RTE DE),48.78581,2.58289
202000043490,12,5,2020,3,3,91,91207,1,1,1,6,1 Chemin des Petits Bois,48.579995,2.219715
202000043491,23,10,2020,8,1,93,93066,2,9,8,3,LIBERATION RD14 (BOULEVARD),48.9319799,2.3420205
202000043492,21,2,2020,12,1,13,13084,1,9,1,1,200 Longues Lées,43.723917,5.315173
202000043493,23,10,2020,5,5,93,93066,2,1,1,3,EL OUAFI HAMED BOUGERA,48.9227927,2.364168
202000043494,22,10,2020,17,2,93,93066,2,1,1,2,CROIZAT AMBROISE ,48.9322733,2.3489704
202000043495,24,5,2020,19,1,13,13046,2,1,1,6,Avenue Emile Zola Prolongée,43.428924,5.542679
202000043496,13,10,2020,8,1,93,93050,2,9,2,3,PAUL ET CAMILLE THOMOUX (RUE) COTE PAIR,48.86882,2.52864
202000043497,21,10,2020,12,1,93,93048,2,1,1,3,ERNEST SAVART (AVENUE),48.8683734,2.4392192
202000043498,25,5,2020,12,1,67,67112,1,3,1,3,2 rue Ampère,48.538989,7.566555
202000043499,23,10,2020,9,1,93,93031,2,3,1,3,JEAN JAURES (AVENUE),48.9582212,2.3252914
202000043500,26,5,2020,16,1,55,55184,2,2,1,7,D36 AULNOIS SOUS VERTUZEY,48.746101,5.676219
202000043501,23,10,2020,17,2,93,93001,2,9,1,3,SAINT DENIS (RUE DE),48.9221147,2.3730994
202000043502,26,5,2020,17,1,74,74220,2,3,1,3,197 Grande Rue,46.136829,6.269791
202000043503,23,10,2020,19,5,92,92075,2,4,1,3,MARCEL MARTINIE (AVENUE),48.8231066,2.2924947
202000043504,25,5,2020,14,1,26,26116,1,3,6,3,RD93N,44.407052,4.698887
202000043505,22,10,2020,17,1,92,92050,2,1,1,3,CLEMENCEAU GEORGES AVENUE N° PAIR,48.8855894,2.2199652
202000043506,26,5,2020,19,1,69,69163,2,6,1,3,1 Rue de la République,45.916872,4.774927
202000043507,23,10,2020,12,1,92,92020,2,3,1,3,LASSEGUE RUE N° PAIRS,48.8015059,2.2845723
202000043508,26,5,2020,13,1,64,64421,2,3,1,1,7 Rue du Pont de Salles,43.148693,-0.506075
202000043509,23,10,2020,14,1,92,92040,2,7,1,6,GENERAL LECLERC (DU) DU 41 A 71),48.8240671,2.2730769
202000043510,23,10,2020,8,1,92,92026,2,9,1,3,BOULEVARD CIRCULAIRE,48.8895581,2.2500502
202000043511,26,5,2020,6,1,44,44179,1,9,1,5,La Banque,47.359352,-1.455438
202000043512,22,10,2020,16,1,92,92025,2,2,1,3,CHARLES DE GAULLE (BD),48.91452,2.228833
202000043513,25,5,2020,11,1,60,60674,1,1,1,1,carrefour du marais - RD 14,49.392381,2.918179
202000043514,23,10,2020,18,1,47,47291,1,1,1,1,lieu-dit castagne,44.4823195,0.7181717
202000043515,25,5,2020,15,1,59,59053,2,3,1,6,45 Rue de la Chaussée,50.294734,3.789371
202000043516,24,10,2020,15,1,33,33120,1,1,1,7,Saint-cricq,44.619291,-0.337556
202000043517,25,5,2020,8,1,13,13215,1,1,1,-1,A7-Sens Marseille vers Lyon,43.37286,5.36143
202000043518,25,5,2020,6,1,13,13056,1,1,1,7,A55-Sens Martigues vers Marseille,43.3994,5.0934
202000043519,23,10,2020,18,2,17,17310,2,4,2,1,D129,45.607309,-0.745955
202000043520,24,5,2020,22,5,13,13055,1,1,1,2,A507 sens Marseille - Aubagne,43.32985,5.40673
202000043521,22,10,2020,19,3,13,13078,1,1,8,1,D268,43.403473,4.788215
202000043522,24,10,2020,11,1,69,69277,2,1,1,6,Rue Jacquard,45.740996,5.019027
202000043523,25,5,2020,16,1,91,91521,1,1,1,3,AUTOROUTE A6,48.6399,2.3946
202000043524,25,5,2020,5,2,78,78362,1,1,1,6,A13,48.976353,1.720329
202000043525,23,10,2020,14,1,79,79177,1,4,1,3,,46.267581,0.114691
202000043526,25,5,2020,22,5,94,94069,1,1,1,-1,A4,48.81738,2.42758
202000043527,24,10,2020,17,1,26,26010,1,1,1,6,1555 Route de Saint-martin,45.244486,4.902241
202000043528,23,5,2020,22,5,75,75112,1,1,1,-1,A4,48.820132,2.460217
202000043529,23,10,2020,15,1,59,59309,2,3,1,7,46 Rue Coppens,50.983424,2.584571
202000043530,24,10,2020,15,1,60,60176,2,6,1,7,D332,49.223347,2.892242
202000043531,24,5,2020,16,1,988,98818,2,1,1,6,RUE COPERNIC,-22.23186,166.42324
202000043532,24,10,2020,1,3,60,60380,1,1,1,6,D922,49.1449721,3.0578606
202000043533,22,5,2020,15,1,988,98818,2,1,1,3,RUE AUGUSTE BENEBIG,-22.26861,166.46128
202000043534,23,10,2020,21,3,23,23165,1,1,8,7,D3,45.82776,1.915301
202000043535,23,5,2020,22,5,973,97302,2,1,2,4,MONTABO (ROUTE DE) 1,4.9369333,-52.2975397
202000043536,23,10,2020,15,1,57,57018,1,2,2,3,D955,48.830091,6.493821
202000043537,24,5,2020,20,2,69,69383,2,2,1,-1,MARIUS VIVIER MERLE                 (BD),45.75365,4.85923
202000043538,22,10,2020,14,1,51,51090,1,3,1,3,D39,48.785767,3.861716
202000043539,24,5,2020,6,1,69,69388,2,1,1,6,FRERES LUMIERE (DES)                (AV),45.74363,4.8725946
202000043540,23,5,2020,21,5,972,97213,1,6,1,7,ROUTE DEPARTEMENTALE 3,14.6308,-60.9892
202000043541,19,10,2020,15,1,19,19274,1,1,2,7,La Gare,45.179602,1.494999
202000043542,23,10,2020,12,1,56,56185,1,1,1,7,Rue Professeur René Lote,47.777245,-3.406491
202000043543,24,5,2020,13,1,95,95637,2,6,1,3,OISE (BOULEVARD DE L'),49.035721,2.017477
202000043544,24,10,2020,0,3,32,32208,1,9,1,6,12 Lieu Dit Vieille Cote,43.927483,0.627573
202000043545,24,10,2020,9,1,80,80533,1,1,1,2,D925,50.059126,1.408685
202000043546,24,10,2020,17,1,47,47315,1,2,1,3,D911,44.423544,0.842954
202000043547,24,10,2020,7,5,34,34126,2,1,1,6,3 Route du Poujol,43.587152,3.080184
202000043548,24,10,2020,10,1,25,25248,2,1,1,6,30 rue principale,47.200262,6.745788
202000043549,23,10,2020,10,1,29,29056,1,1,1,6,D233,48.441273,-4.284539
202000043550,24,10,2020,16,1,05,05130,1,1,1,1,2133 Rue du Rocher,44.556243,6.363337
202000043551,24,10,2020,17,1,50,50468,1,1,8,7,La Briquerie,49.230294,-1.118674
202000043552,24,10,2020,16,1,18,18058,1,1,8,6,D35,46.843227,2.329853
202000043553,24,10,2020,8,1,07,07066,1,9,5,6,D2,44.705224,4.657425
202000043554,23,10,2020,9,1,53,53014,1,1,5,3,D22,47.804628,-0.6594372
202000043555,19,10,2020,20,3,21,21425,2,1,2,6,Rue du Parc,47.624511,4.337255
202000043556,20,10,2020,8,1,24,24521,1,1,8,1,lieu dit Brugeaud,45.244331,0.873156
202000043557,24,10,2020,13,1,24,24156,1,1,1,1,D710,45.049046,0.858198
202000043558,23,10,2020,6,3,27,27011,1,4,5,7,D81,49.220393,0.916232
202000043559,24,10,2020,1,3,17,17024,1,1,1,6,Chemin des Tanneries,46.01966,-0.359824
202000043560,24,10,2020,10,1,68,68021,1,1,7,4,A35,47.64628,7.494628
202000043561,24,10,2020,14,1,66,66228,1,3,1,3,Route de Baixas,42.708713,2.795543
202000043562,22,10,2020,17,2,976,97603,2,1,1,6,N3,-12.893852,45.201077
202000043563,23,10,2020,11,1,17,17099,1,3,8,2,D730,45.263802,-0.33298
202000043564,22,10,2020,22,3,34,34213,1,1,1,2,Avenue d'Issanka,43.481885,3.686256
202000043565,24,10,2020,19,3,988,98817,1,1,1,6,Route du Sud,-22.30064,166.6858
202000043566,23,10,2020,21,5,973,97311,2,2,1,3,31 Rue Simon,5.498032,-54.029276
202000043567,22,10,2020,18,3,971,97117,2,9,1,6,Route de Neron,16.32955,-61.396413
202000043568,23,10,2020,18,2,91,91630,2,2,1,1,2 Chemin des Bienfaits,48.572941,2.069814
202000043569,24,10,2020,16,1,11,11379,1,1,1,1,D6009,43.035781,2.96892
202000043570,23,10,2020,15,1,67,67282,1,1,2,1,6 Impasse du Capitaine North,48.619309,7.484042
202000043571,23,10,2020,16,1,74,74226,1,1,2,7,D20,46.18158,6.373438
202000043572,24,10,2020,16,1,38,38205,1,1,1,1,Route Forestière de Servagnet,45.12379,5.55695
202000043573,23,10,2020,17,2,69,69227,2,1,8,7,Route de Rontalon,45.657818,4.556451
202000043574,23,10,2020,19,5,61,61341,2,3,1,6,La Pesantiere Radon,48.496545,0.086839
202000043575,24,10,2020,9,1,22,22171,1,1,1,1,D790,48.421056,-2.831533
202000043576,23,10,2020,19,3,59,59228,1,1,1,7,CHEMIN DU HALAGE,50.327902,3.06555
202000043577,23,10,2020,10,1,59,59440,2,3,1,3,Residence au Dela de l'Eau,50.285384,3.392876
202000043578,23,10,2020,13,1,13,13055,1,1,8,6,A507 sens Marseille - Aubagne,43.3371356,5.3788765
202000043579,23,10,2020,9,1,13,13117,1,1,2,3,A7-Sens Lyon vers Marseille,43.4421279,5.2470394
202000043580,23,10,2020,12,1,69,69271,1,1,2,-1,RN346  38+250,45.72647,4.976
202000043581,23,10,2020,7,5,33,33249,1,1,2,4,ROUTE NATIONALE 230,44.8796,-0.50993
202000043582,23,10,2020,18,2,91,91161,1,1,1,3,AUTOROUTE A6,48.71612,2.3094
202000043583,23,10,2020,18,1,94,94038,1,1,1,4,AUTOROUTE A6B,48.77637,2.34657
202000043584,23,10,2020,16,1,91,91377,1,1,1,2,AUTOROUTE A10,48.7285,2.30506
202000043585,23,10,2020,14,1,94,94038,1,1,1,5,AUTOROUTE A6A,48.7792381,2.3464069
202000043586,23,10,2020,7,3,93,93007,1,1,1,3,AUTOROUTE A3,48.9354256,2.4803821
202000043587,23,10,2020,0,5,988,98818,2,2,1,6,RUE CHARLES PEGUY/RUE VICTOR HUGO,-22.28233,166.44529
202000043588,22,10,2020,12,1,976,97611,2,3,1,3,tsoundzou-KOUALE ( rue de ),-12.80747,45.2053
202000043589,21,10,2020,18,5,974,97411,2,6,1,6,BONNIER (ALLEE),-20.88136,55.45964
202000043590,21,10,2020,16,1,974,97411,2,1,1,3,JAURES (BLD 1 JEAN),-20.8903,55.4599
202000043591,21,10,2020,7,1,974,97411,1,9,1,3,Chemin de la convalescence,-20.922805,55.448781
202000043592,22,10,2020,8,1,973,97302,2,1,1,3,SOURCE DE BADUEL (CHEMIN DE LA),4.9309474,-52.3091054
202000043593,22,10,2020,13,1,69,69387,2,1,2,4,MARSEILLE (DE)                      (R ),45.74831,4.83786
202000043594,22,10,2020,11,1,69,69259,2,2,2,3,PIERRE SEMARD                       (AV),45.71184,4.87481
202000043595,21,10,2020,2,5,972,97209,2,3,1,2,LEOPOLD BISSOL (BOULEVARD),14.6145448,-61.0731006
202000043596,22,10,2020,20,5,95,95252,2,3,1,1,MAURICE DALESME (RUE),48.99241,2.2374
202000043597,22,10,2020,3,3,84,84087,1,1,9,6,MARTIGNAN (CHEMIN),44.1352,4.7818
202000043598,21,10,2020,10,1,83,83069,2,1,1,5,MOULIN (AVENUE JEAN),43.10686,6.12958
202000043599,2,8,2020,19,1,78,78126,2,1,1,1,ETANGS  (AVENUE DES),48.845229,2.130461
202000043600,22,10,2020,10,1,78,78551,1,9,1,6,RD 190,48.918733,2.058614
202000043601,22,10,2020,14,1,78,78440,2,2,1,3,VERNEUIL (ROUTE DE),48.997572,1.913766
202000043602,22,10,2020,9,1,69,69290,2,2,1,2,JULES FERRY                         (R ),45.69508,4.94709
202000043603,21,10,2020,1,5,67,67482,2,1,1,6,DORDOGNE (BOULEVARD DE LA),48.589859,7.767125
202000043604,21,10,2020,13,1,66,66136,2,1,1,2,POUDRIERE (CHEMIN DE LA),42.71541,2.89556
202000043605,21,10,2020,9,1,66,66136,2,3,1,3,LANGEVIN (BOULEVARD PAUL),42.68557,2.87327
202000043606,20,10,2020,21,5,66,66136,2,1,1,6,JOFFRE (AVENUE DU MARECHAL CD 88),42.70413,2.89274
202000043607,21,10,2020,16,1,64,64445,2,1,1,3,LYAUTEY,43.3044,-0.3674
202000043608,21,10,2020,22,5,63,63113,2,3,1,6,JACOBINS (RUE DES),45.7808492,3.0914886
202000043609,16,10,2020,8,1,62,62193,2,6,1,6,VERDUN (RUE DE),50.952,1.83254
202000043610,20,10,2020,18,2,54,54079,2,1,2,6,D657,48.883,6.0534
202000043611,19,10,2020,18,1,52,52534,1,1,1,6,Route de Saint-Dizier,48.65621,4.91735
202000043612,22,10,2020,17,1,50,50218,1,1,1,1,CRETE  (RUE DE LA),48.8246,-1.57659
202000043613,21,10,2020,10,1,50,50129,2,3,2,1,NORMANDIE (AVENUE DE),49.62694,-1.63543
202000043614,22,10,2020,12,1,45,45234,2,3,1,4,D951 PR 92 + 120,47.89478,1.90299
202000043615,21,10,2020,10,1,37,37261,2,1,1,2,POMPIDOU (AVENUE GEORGES),47.3836624,0.710987
202000043616,21,10,2020,8,1,37,37233,2,1,1,7,LOIRE (LEVEE DE LA),47.3991346,0.7362049
202000043617,22,10,2020,15,1,35,35238,2,1,1,6,VOLTAIRE (BD),48.105112,-1.69837
202000043618,22,10,2020,14,1,35,35051,2,1,1,7,DOMLOUP (ROUTE DE),48.11057,-1.5853
202000043619,22,10,2020,7,2,35,35278,2,9,2,7,BOUTIERE (BOULEVARD DE LA),48.14733,-1.69656
202000043620,22,10,2020,19,5,34,34172,2,2,2,3,BECQUEREL (RUE HENRI),43.6104897,3.9148074
202000043621,21,10,2020,19,5,34,34032,2,6,1,1,CHURCHILL (ROND POINT WINSTON),43.33356,3.23161
202000043622,22,10,2020,21,5,33,33075,2,1,3,6,AVE DE L EUROPE,44.8839,-0.61039
202000043623,21,10,2020,18,2,31,31555,2,1,1,6,AV DE LESPINET,43.58575,1.46316
202000043624,22,10,2020,22,5,29,29232,2,9,1,3,Route de Brest,47.99909,-4.09224
202000043625,22,10,2020,8,1,29,29051,1,1,2,6,N165 - Le Rouillen,47.99888,-4.04925
202000043626,22,10,2020,20,5,29,29019,2,1,1,6,Rue Comtesse Carbonnières,48.3903853,-4.4845991
202000043627,22,10,2020,19,5,27,27562,2,1,1,6,PRES (RUE DES),49.101288,1.4499508
202000043628,22,10,2020,8,2,27,27681,1,1,2,6,EVREUX (ROUTE D'),49.0745,1.4351
202000043629,18,10,2020,18,1,13,13056,1,3,1,3,BOUGAINVILLERS ALLEE DES,43.33977,5.06884
202000043630,22,10,2020,13,1,13,13208,2,2,1,3,RABATAU (BOULEVARD),43.2754813,5.3958835
202000043631,21,10,2020,23,5,13,13213,2,1,1,1,OLIVES (AVENUE DES),43.3255,5.4414
202000043632,22,10,2020,10,1,13,13047,2,1,2,-1,ROUQUIER CHEMIN DU,43.50874,4.99166
202000043633,21,10,2020,7,2,11,11069,2,3,1,3,LECLERC AV. DU GENERAL PAIRS ...116,43.2111,2.3612
202000043634,21,10,2020,17,1,10,10343,2,6,8,2,CHATEAU DES COURS (RUE DU),48.27075,4.08982
202000043635,22,10,2020,21,5,06,06069,2,2,1,3,CAUVIN (AVENUE LOUIS),43.64169,6.959742
202000043636,21,10,2020,16,1,75,75117,2,1,1,2,PORTE DE SAINT OUEN,48.899819,2.319534
202000043637,19,10,2020,22,5,75,75113,2,1,1,6,PORTE D ITALIE,48.817738,2.367338
202000043638,22,10,2020,11,1,75,75119,2,1,1,6,RUE DE L ARGONNE,48.893238,2.383771
202000043639,22,10,2020,23,5,75,75114,2,2,1,3,RUE DE L OUEST,48.836762,2.320755
202000043640,22,10,2020,18,1,75,75114,2,4,1,3,RUE JEAN ZAY,48.837538,2.322382
202000043641,22,10,2020,8,1,75,75113,2,1,8,3,AVENUE PIERRE MENDES FRANCE,48.841054,2.368268
202000043642,22,10,2020,18,1,75,75112,2,1,1,3,QUAI DE LA RAPEE,48.844941,2.368768
202000043643,22,10,2020,16,1,75,75111,2,7,1,6,PLACE DE LA NATION,48.848613,2.394348
202000043644,22,10,2020,18,5,75,75110,2,1,1,6,RUE ALBERT CAMUS,48.87798,2.369494
202000043645,22,10,2020,15,1,75,75110,2,7,1,3,RUE DU FAUBOURG SAINT MARTIN,48.883828,2.368589
202000043646,22,10,2020,14,1,75,75110,2,2,1,2,RUE LA FAYETTE,48.881638,2.36583
202000043647,22,10,2020,7,1,75,75110,2,2,1,6,BOULEVARD DE MAGENTA,48.878584,2.354043
202000043648,21,10,2020,18,1,75,75109,2,4,1,6,RUE AUBER,48.87219,2.329844
202000043649,22,10,2020,11,1,75,75101,2,2,1,6,RUE SAINT DENIS,48.857883,2.347178
202000043650,21,10,2020,14,1,75,75101,2,1,8,-1,RUE DE TURBIGO,48.863356,2.346657
202000043651,20,10,2020,20,5,94,94067,2,1,1,6,LUCIEN DELAHAYE (PL),48.839347,2.416871
202000043652,22,10,2020,14,1,94,94074,2,1,1,3,HENRI BARBUSSE (AV),48.7621687,2.4424814
202000043653,22,10,2020,7,5,94,94058,2,1,2,6,BRY (AV DE),48.835402,2.496933
202000043654,21,10,2020,17,1,94,94022,2,1,1,6,VICTOR HUGO (AV),48.76893,2.42071
202000043655,21,10,2020,21,4,94,94060,2,1,8,-1,Hippodrome (AV),48.79584,2.56367
202000043656,22,10,2020,14,1,94,94070,2,1,1,7,PRAIRIE (R DE LA),48.72234,2.57103
202000043657,22,10,2020,16,1,94,94002,2,1,2,6,VAILLANT COUTURIER (R),48.8045,2.4198
202000043658,22,10,2020,6,5,93,93066,2,1,2,3,WILSON (AVENUE DU PRESIDENT),48.9147572,2.3581443
202000043659,21,10,2020,20,5,93,93066,2,1,1,6,"""SEMBAT MARCEL (BD), NR 2 A 66 ET 1 A 47",48.9321056,2.352864
202000043660,22,10,2020,19,2,93,93064,2,2,1,6,R JULES FERRY / R DU 4EME ZOUAVE,48.8731,2.47966
202000043661,22,10,2020,8,1,93,93051,2,2,8,3,VINGT SIX AOUT 1944,48.84705,2.52618
202000043662,22,10,2020,17,1,93,93048,2,2,1,3,R DE LA DEMI LUNE / R EMILE BEAUFILS,48.8756771,2.459026
202000043663,22,10,2020,16,1,93,93063,2,2,1,3,KERAUTRET AVENUE PIERRE,48.87955,2.44859
202000043664,22,10,2020,16,1,92,92049,2,1,1,3,BROSSOLETTE AVENUE PIERRE,48.81919,2.30987
202000043665,21,10,2020,19,5,92,92026,2,2,1,3,MARCEAU,48.8996211,2.24571
202000043666,21,10,2020,7,2,92,92026,2,1,8,-1,CHÂTEAU DU LOIR (DE 01 A 10),48.8979711,2.2482247
202000043667,23,10,2020,6,5,14,14207,1,1,5,6,24 Route de Caen,49.008291,-0.43426
202000043668,22,10,2020,22,3,34,34245,1,6,2,1,Route de Saint Pons,43.422801,2.931558
202000043669,22,10,2020,13,1,01,01004,2,1,3,1,Rue du Clos Lebreton,45.959795,5.350835
202000043670,23,10,2020,7,2,85,85031,1,1,5,3,Croix de Bois Sorin,46.80848,-0.91322
202000043671,23,10,2020,1,3,84,84143,1,1,2,7,D28,44.006964,5.120396
202000043672,23,10,2020,15,1,43,43003,1,1,2,7,Moulin de Neyraval - Route de Fix,45.185997,3.664737
202000043673,22,10,2020,17,2,68,68177,1,2,2,5,D430,47.942481,7.150447
202000043674,23,10,2020,7,2,17,17172,2,3,2,1,Avenue de la Victoire,45.573475,-0.676367
202000043675,22,10,2020,21,3,49,49092,1,1,2,3,Les Faveries (valanjou) (Valanjou),47.2062435,-0.5551046
202000043676,22,10,2020,12,1,38,38177,1,1,2,6,D211,45.071854,6.039219
202000043677,16,10,2020,16,1,62,62397,2,1,1,6,Rue du Marechal Joffre,50.870961,1.869988
202000043678,23,10,2020,12,1,44,44052,1,1,1,3,N171,47.3373295,-2.1121152
202000043679,22,10,2020,16,1,37,37261,1,1,1,2,,47.3915968,0.7059833
202000043680,22,10,2020,21,3,83,83057,1,1,1,6,4244 Route de Nice,43.391062,6.258173
202000043681,21,10,2020,7,3,56,56078,1,4,2,3,D306,47.806144,-3.459535
202000043682,22,10,2020,16,1,56,56184,2,7,1,6,Place du General de Gaulle,47.660055,-2.45118
202000043683,22,10,2020,21,5,76,76700,2,3,1,1,"D929, Rue des Forrières",49.678848,1.037779
202000043684,23,10,2020,8,1,80,80651,2,3,1,6,7 Rue du Marechal Leclerc,49.853677,1.79075
202000043685,23,10,2020,0,3,65,65019,1,1,1,7,D935,43.1419232,0.09543
202000043686,22,10,2020,16,1,32,32147,1,1,1,5,RN 124,43.622423,0.909505
202000043687,23,10,2020,12,1,63,63003,1,1,2,7,D65,45.5604591,3.7204048
202000043688,3,12,2020,7,1,971,97101,2,9,1,3,Bd René Serge NABAJOTH,16.27832,-61.50346
202000043689,4,12,2020,18,5,95,95218,2,6,2,3,FR€NES (RUE DES),49.02827,2.1044
202000043690,3,12,2020,19,5,91,91027,2,2,2,3,AV FRANCOIS MITTERRAND,48.70916,2.37144
202000043691,3,12,2020,17,1,91,91433,1,1,2,7,CD207,48.45794,2.16309
202000043692,3,12,2020,10,1,87,87085,2,2,2,3,BEAUBLANC (BOULEVARD DE),45.84675,1.24353
202000043693,4,12,2020,16,1,81,81163,1,1,2,7,RD 118,43.4643948,2.3634321
202000043694,3,12,2020,12,1,80,80021,2,1,1,1,SAINT FUSCIEN (RUE),49.8828,2.30444
202000043695,29,11,2020,5,5,80,80001,2,1,5,6,ROUEN (de),50.08883,1.81967
202000043696,3,12,2020,6,5,78,78423,2,2,2,3,FRERES LUMIERES (AVENUE DES),48.7932,2.03647
202000043697,4,12,2020,16,5,78,78498,2,1,3,6,MALADRERIE AV DE LA,48.92004,2.03028
202000043698,3,12,2020,18,5,76,76540,2,3,1,6,ECUREUIL. RUE DE L',49.4441405,1.0946533
202000043699,3,12,2020,17,5,76,76540,2,2,2,2,PARIS. QUAI (HAUT) DE,49.43736,1.09631
202000043700,3,12,2020,11,1,76,76484,2,3,1,3,GAULLE. AVENUE DU GENERAL DE,49.34543,1.09326
202000043701,4,12,2020,12,1,72,72181,2,1,1,4,BOLLEE (AV) N° IMP 65 A 199,48.00025,0.21212
202000043702,4,12,2020,16,1,71,71486,2,1,4,5,CAMILLE BLANC (RUE),46.6568546,4.3695545
202000043703,2,12,2020,15,1,71,71076,2,1,2,3,CASSIN (RUE RENE),46.7749848,4.8646367
202000043704,4,12,2020,17,2,68,68224,2,2,1,1,LEFEBVRE (RUE),47.7596372,7.3440757
202000043705,3,12,2020,15,1,66,66136,2,1,1,6,CHAMPS DE MARS (H.L.M. DU),42.6929,2.9081
202000043706,4,12,2020,13,1,64,64348,2,1,1,2,CHARLES DE GAULLE,43.3117,-0.41379
202000043707,4,12,2020,13,1,64,64102,2,1,3,7,SOULT (AVENUE MARECHAL),43.4871708,-1.4853698
202000043708,3,12,2020,9,1,64,64102,2,2,1,2,HENRI DE NAVARRE (AVENUE),43.50863,-1.44423
202000043709,2,12,2020,17,5,64,64024,2,1,2,6,69 AVENUE DE BAYONNE,43.48327,-1.50329
202000043710,3,12,2020,12,1,63,63113,2,1,1,2,BELLEVUE (RUE DE),45.7675713,3.0732892
202000043711,3,12,2020,18,5,63,63113,2,1,1,2,SAINT JEAN (BD),45.77943,3.11728
202000043712,3,12,2020,14,1,59,59599,2,1,2,3,BEYENS (RUE MARCEL),50.7416884,3.1796274
202000043713,3,12,2020,18,5,57,57240,2,9,1,6,HUCHET (RUE EMILE),49.1440178,6.8025728
202000043714,2,12,2020,17,5,55,55186,2,2,2,1,CHATEAU ( RUE DU ),48.79281,5.12588
202000043715,3,12,2020,13,1,54,54498,2,1,2,6,GRAND'RUE,48.7169,6.2656
202000043716,4,12,2020,15,1,51,51454,2,2,8,1,Place Luton,49.2710877,4.0248571
202000043717,3,12,2020,19,5,50,50129,2,2,3,5,COUBERTIN (RUE PIERRE DE),49.64216,-1.63723
202000043718,3,12,2020,7,3,47,47031,1,3,1,3,RD17,44.162272,0.647891
202000043719,4,12,2020,19,5,45,45234,2,1,2,4,Rue du Faubourg Saint Jean,47.90685,1.8886
202000043720,4,12,2020,12,1,45,45234,2,1,1,3,Rue du Faubourg de Bourgogne,47.9011139,1.9202377
202000043721,4,12,2020,8,1,45,45298,2,1,1,3,Rue des Hautes Levées,47.8928054,1.8773346
202000043722,3,12,2020,15,1,44,44109,2,1,1,6,BOULEVARD DES POILUS,47.2338322,-1.5357578
202000043723,4,12,2020,7,2,44,44109,2,1,2,4,ROUTE DE PARIS,47.26007,-1.49958
202000043724,1,12,2020,10,1,44,44109,2,3,8,3,RUE FRANCOIS FARINEAU,47.22719,-1.54564
202000043725,4,12,2020,13,1,37,37261,2,2,1,3,SEVERINE (RUE),47.3755775,0.7059256
202000043726,3,12,2020,18,5,37,37122,2,6,2,6,VERDUN (RUE DE),47.346185,0.6657933
202000043727,3,12,2020,17,3,37,37122,2,1,3,2,Route de Monts,47.3261417,0.6627384
202000043728,3,12,2020,10,1,37,37261,2,1,2,6,DANIEL MAYER,47.4188685,0.697983
202000043729,2,12,2020,7,4,36,36044,2,1,2,6,67 Rue Roger Cazala,46.8110988,1.7014283
202000043730,4,12,2020,17,3,35,35238,2,1,2,7,MITTERAND (MAIL FRANCOIS),48.1091768,-1.6903442
202000043731,4,12,2020,13,1,35,35238,2,1,1,3,VOLCLAIR (BD LOUIS),48.0883415,-1.6665128
202000043732,4,12,2020,20,5,33,33119,2,1,8,3,RUE PAULINE KERGOMARD,44.8483,-0.5076
202000043733,4,12,2020,18,5,33,33069,2,6,2,3,AVE MAL DE LATTRE DE TASSIGNY,44.86355,-0.6064
202000043734,2,12,2020,14,1,32,32013,2,1,8,2,SADI-CARNOT (BOULEVARD),43.64275,0.58666