Num_Acc,jour,mois,an,hr,condition_eclairage,departement,commune,condition_agglomeration,intersection,condition_atmosphere,type_collision,adresse,lattitude,longitude
202000043735,3,12,2020,13,1,31,31555,2,1,1,6,CHE DE BAGATELLE,43.58473,1.41112
202000043736,4,12,2020,15,1,29,29151,1,1,4,5,N12 - Langolvas ,48.5883468,-3.7927563
202000043737,4,12,2020,13,1,29,29019,2,3,4,6,Rue de Maissin,48.3888106,-4.5035371
202000043738,4,12,2020,16,1,26,26281,2,1,2,6,LIBERATION AV. DE LA (31 AOUT 1944) (403,45.048056,5.047447
202000043739,4,12,2020,7,5,25,25056,2,3,3,3,ALLENDE  BOULEVARD SALVADOR,47.21954,5.9756
202000043740,4,12,2020,9,1,25,25056,2,1,1,6,GRANDS BAS CHEMIN DES,47.256678,6.014457
202000043741,4,12,2020,8,1,17,17200,2,1,3,3,GREFFIERES   RUE DES,46.18806,-1.14754
202000043742,4,12,2020,8,3,14,14366,2,1,2,6,DUCHESNE FOURNET (BOULEVARD),49.14865,0.22827
202000043743,4,12,2020,17,3,14,14437,2,1,1,2,ECHANGEUR N° 01 ( PORTE DE PARIS ),49.16498,-0.30486
202000043744,3,12,2020,20,3,13,13117,2,1,1,-1,ROUTE NATIONALE 113 - AGNEAU,43.45749,5.23416
202000043745,4,12,2020,22,5,13,13209,2,1,2,3,ROMAIN ROLLAND (BOULEVARD),43.27367,5.41354
202000043746,4,12,2020,15,1,13,13211,2,1,8,3,LOUIS REGIS (RUE),43.28756,5.50779
202000043747,4,12,2020,10,1,13,13205,2,1,1,3,CHAVE (BOULEVARD),43.29544,5.39399
202000043748,3,12,2020,17,5,13,13209,2,1,1,6,JARRE (AVENUE DE LA),43.238263,5.402941
202000043749,4,12,2020,15,1,10,10387,2,2,1,3,HENRI BARBUSSE (RUE),48.2967,4.0848
202000043750,3,12,2020,17,5,10,10297,2,1,2,1,ROGER SALENGRO (RUE),48.31129,4.09725
202000043751,3,12,2020,16,5,10,10387,2,1,2,3,PREMIER RAM (RUE DU),48.305051,4.093096
202000043752,4,12,2020,16,1,09,09225,2,1,2,-1,BOURIETTE AVENUE DE LA,43.1031777,1.6293652
202000043753,4,12,2020,8,1,09,09225,2,9,2,3,IRENEE CROS AVENUE,43.11024,1.61479
202000043754,4,12,2020,15,2,06,06069,2,6,2,7,Route de Cannes,43.64282,6.94609
202000043755,4,8,2020,16,1,06,06029,2,1,1,6,CROISETTE (BOULEVARD DE),43.5515,7.011735
202000043756,3,12,2020,8,2,06,06027,2,1,1,2,ST LAURENT (CHEMIN DE),43.6661,7.1752
202000043757,4,12,2020,15,1,75,75115,2,2,2,3,AVENUE DE SUFFREN,48.84943,2.30382
202000043758,4,12,2020,18,5,75,75107,2,2,2,6,AVENUE DUQUESNE,48.850721,2.311646
202000043759,4,12,2020,16,2,75,75105,2,3,2,6,QUAI SAINT BERNARD,48.846846,2.36098
202000043760,4,12,2020,12,1,75,75106,2,1,1,2,BOULEVARD DU MONTPARNASSE,48.846004,2.318341
202000043761,4,12,2020,17,5,75,75119,2,1,2,7,AVENUE SIMON BOLIVAR,48.877379,2.374094
202000043762,3,12,2020,22,5,75,75119,2,2,2,3,AVENUE SIMON BOLIVAR,48.877836,2.374081
202000043763,4,12,2020,11,1,75,75118,2,3,1,3,AVENUE DE LA PORTE DE CLIGNANCOURT,48.901252,2.344128
202000043764,4,12,2020,9,1,75,75118,2,2,8,3,BOULEVARD BARBES,48.887381,2.349563
202000043765,4,12,2020,14,1,75,75116,2,7,1,3,RUE CLAUDE FARRERE,48.842356,2.251696
202000043766,3,12,2020,17,5,75,75116,2,3,3,2,ALLEE DE LONGCHAMP,48.867067,2.249271
202000043767,4,12,2020,0,5,75,75116,2,3,2,6,ALLEE DU BORD DE L EAU,48.853352,2.226344
202000043768,4,12,2020,18,5,75,75115,2,2,2,6,RUE BRANCION,48.834733,2.305185
202000043769,4,12,2020,16,2,75,75115,2,3,2,7,AVENUE DE SAXE,48.845877,2.313523
202000043770,4,12,2020,10,1,75,75112,2,1,1,2,BOULEVARD DE LA BASTILLE,48.848418,2.367845
202000043771,3,12,2020,18,5,75,75112,2,1,2,7,AVENUE DU TRONE,48.848155,2.398528
202000043772,4,12,2020,11,1,75,75111,2,3,1,3,BOULEVARD VOLTAIRE,48.860665,2.375321
202000043773,4,12,2020,16,1,75,75108,2,3,2,3,AVENUE DES CHAMPS ELYSEES,48.87052,2.30528
202000043774,3,12,2020,9,1,75,75108,2,2,8,3,BOULEVARD HAUSSMANN,48.875029,2.309191
202000043775,4,12,2020,3,5,75,75104,2,2,2,7,RUE DES LIONS SAINT PAUL,48.851906,2.36312
202000043776,2,12,2020,17,5,75,75101,2,2,2,6,PONT AU CHANGE,48.856189,2.346487
202000043777,4,12,2020,19,5,75,75101,2,3,1,6,RUE BERGER,48.862152,2.342629
202000043778,3,12,2020,5,5,94,94081,2,3,2,1,MOULIN DE SAQUET - CAR DE LA LIBERATION,48.791,2.383
202000043779,4,12,2020,13,1,94,94052,2,1,1,2,PONT DE NOGENT,48.83178,2.49302
202000043780,4,12,2020,19,5,94,94076,2,1,2,6,GEORGES LEBIGOT (R),48.792612,2.364769
202000043781,4,12,2020,15,1,94,94016,2,6,8,6,CHATEAUBRIAND (PL),48.791108,2.324776
202000043782,4,12,2020,16,2,94,94041,2,1,8,6,HIPPOLYTE MARQUES (BD),48.8173804,2.3674397
202000043783,4,12,2020,20,5,94,94041,2,1,2,1,JEAN MARIE POULMARCH (R),48.81603,2.3737
202000043784,4,12,2020,7,5,94,94065,2,1,8,2,BOULEVARD CIRCULAIRE ( M.I.N.),48.75934,2.36155
202000043785,3,12,2020,18,5,94,94033,2,2,2,6,25 AOUT 1944 (BD DU),48.84734,2.47868
202000043786,4,12,2020,7,2,94,94028,2,1,8,6,Avenue Laferrière,48.80171,2.45872
202000043787,4,12,2020,15,1,94,94079,1,1,1,5,FRIEDBERG (BD DE),48.82978,2.53948
202000043788,4,12,2020,17,5,94,94018,2,3,2,6,PARIS (R DE),48.82312,2.41123
202000043789,4,12,2020,16,1,94,94071,2,2,1,3,VERDUN (BD DE),48.768365,2.510191
202000043790,4,12,2020,18,5,93,93066,2,1,2,2,COURNEUVE (ROUTE),48.9330353,2.3728009
202000043791,3,12,2020,9,1,93,93066,2,1,1,3,AV DU GENERAL DE GAULLE,48.927,2.3573
202000043792,3,12,2020,19,5,93,93064,2,1,2,6,AV DU PDT KENNEDY,48.87879,2.49015
202000043793,3,12,2020,22,3,93,93046,1,1,2,6,RTE STRATEGIQUE,48.91982,2.55762
202000043794,3,12,2020,17,5,93,93057,2,2,2,1,MONTYON (AL.) 1 A 74,48.9120646,2.50863
202000043795,31,8,2020,13,1,92,92078,2,9,1,6,CHARLES DE GAULLE (BD) (1 AU 13),48.936612,2.331669
202000043796,4,12,2020,16,5,92,92046,2,1,2,6,GAMBETTA (RUE),48.82385,2.30697
202000043797,4,12,2020,12,1,92,92050,2,2,1,3,PESARO BOULEVARD DE,48.894055,2.227053
202000043798,3,12,2020,22,5,92,92050,2,1,2,7,ARLEQUIN ALLEE DE L',48.890257,2.227907
202000043799,4,12,2020,15,1,92,92048,2,1,2,7,REPUBLIQUE (RUE DE LA) N° 2 A 86,48.8085643,2.2361268
202000043800,4,12,2020,19,5,92,92044,2,2,2,3,ARISTIDE BRIAND(RUE)1A49 ET 2A52,48.8904158,2.283646
202000043801,4,12,2020,15,1,92,92026,2,1,1,3,ALMA,48.8968,2.25465
202000043802,4,12,2020,15,1,92,92012,2,2,1,7,SILLY (RUE DE) 1/87 - 2/88,48.8390552,2.2320022
202000043803,4,12,2020,11,1,92,92012,2,6,1,-1,RHIN ET DANUBE (ROND POINT),48.840824,2.228824
202000043804,3,12,2020,20,5,92,92009,2,9,2,6,CHEVREUL ( AVENUE ),48.9084284,2.2655815
202000043805,4,12,2020,10,1,86,86107,1,4,1,1,Le Ponteil,46.368834,0.654526
202000043806,4,12,2020,19,5,972,97218,2,1,1,6,Boulevard General de Gaulle,14.767035,-61.123356
202000043807,5,12,2020,4,3,14,14027,1,1,4,6,Hamel aux Helenes - Aunay (Aunay-sur-Odon),49.006289,-0.633023
202000043808,4,12,2020,17,5,72,72008,2,1,1,3,Avenue de la Gautrie,47.945934,0.182644
202000043809,4,12,2020,15,1,59,59331,2,1,7,6,Route d'Happegarbes,50.129572,3.682582
202000043810,4,12,2020,12,1,74,74228,1,1,4,1,D1201,46.070685,6.079946
202000043811,4,12,2020,15,2,76,76550,1,1,1,2,route de la foret,49.384028,0.969801
202000043812,4,12,2020,20,5,81,81128,2,1,2,6,21 avenue de castres,43.662342,2.346421
202000043813,3,12,2020,18,3,32,32132,1,3,1,3,La Pachère,43.848881,0.676925
202000043814,5,12,2020,3,3,71,71056,1,1,1,1,1275 Route des Vernets,46.645904,5.1509141
202000043815,5,12,2020,15,1,61,61275,1,1,2,6,Les Quinze Sillons,48.714327,0.284861
202000043816,5,12,2020,0,3,46,46340,1,1,2,7,Chemin des Pastourelles,44.51187,1.444327
202000043817,3,12,2020,15,1,34,34084,1,1,1,7,Chemin de la Medaille,43.397814,3.206602
202000043818,5,12,2020,13,1,25,25240,1,2,4,3,D437,47.075754,6.617779
202000043819,5,12,2020,13,1,29,29117,1,1,2,6,Lieu-dit Guervian,48.561176,-4.494363
202000043820,5,12,2020,12,1,31,31208,1,3,1,3,D26,43.062899,0.822043
202000043821,5,12,2020,9,1,15,15246,2,1,4,6,Route départementale RD 678,45.266279,2.602923
202000043822,4,12,2020,17,5,50,50615,2,1,1,6,Boulevard de Verdun,49.507981,-1.466592
202000043823,5,12,2020,16,1,18,18012,2,3,1,6,rue Saint Denis,47.132724,2.999654
202000043824,5,12,2020,14,1,27,27354,1,1,2,1,D80,49.169291,0.905957
202000043825,4,12,2020,19,3,973,97309,1,1,1,3,Route de Degrad des Cannes,4.883422,-52.281994
202000043826,4,12,2020,18,5,973,97309,1,6,1,1,Avenue Gaston Monnerville,4.887628,-52.284831
202000043827,5,12,2020,13,1,06,06059,1,1,8,6,A8 pk207.550 nord,43.744104,7.372255
202000043828,4,12,2020,20,3,976,97607,1,1,1,1,"Route nationale 2 PK8,5",-12.835109,45.187626
202000043829,4,12,2020,17,5,57,57206,2,3,8,5,D952a,49.310629,6.115666
202000043830,4,12,2020,12,1,42,42037,1,2,1,5,Route de Saint Paul,45.661931,4.073723
202000043831,5,12,2020,13,1,38,38487,1,1,1,1,Chemin des Combes,45.568623,4.837353
202000043832,5,12,2020,16,1,26,26347,2,1,1,1,117 Avenue du Jean Jaures,45.069259,4.841511
202000043833,5,12,2020,10,1,07,07245,2,1,1,6,Chemin des près,45.077827,4.800376
202000043834,4,12,2020,17,3,69,69215,1,1,1,1,Route du Beaujolais,46.02448,4.663814
202000043835,5,12,2020,11,1,69,69067,1,1,1,1,D50e,45.754619,4.561343
202000043836,4,12,2020,18,3,17,17240,1,1,8,1,Landes du Lezard,45.251696,-0.403533
202000043837,4,12,2020,19,5,33,33227,2,2,2,1,Boulevard François Mauriac,44.547,-0.255089
202000043838,5,12,2020,4,3,60,60282,1,1,8,6,route départementale 44,49.208135,2.453685
202000043839,4,12,2020,17,5,59,59449,2,1,1,3,D938,50.480087,3.247463
202000043840,4,12,2020,14,1,13,13005,1,9,1,5,A50-Sens Marseille vers Aubagne,43.27689,5.58748
202000043841,1,12,2020,18,1,13,13055,1,1,1,2,A507 sens Aubagne- Marseille,43.31911,5.42257
202000043842,3,12,2020,1,5,69,69266,1,1,2,5,RD 383  ,45.77239,4.90058
202000043843,2,10,2020,17,1,42,42218,1,1,3,4,A72,45.45022,4.42051
202000043844,1,12,2020,8,1,67,67152,1,1,2,3,Route Nationale 83,48.53067,7.69321
202000043845,4,12,2020,20,5,33,33550,1,1,2,6,A62,44.77802,-0.55657
202000043846,4,12,2020,18,5,33,33249,1,1,1,5,ROUTE NATIONALE 230,44.87949,-0.50975
202000043847,4,12,2020,16,1,33,33063,1,1,1,4,ROCADE A 630,44.8812,-0.54399
202000043848,4,12,2020,18,3,91,91136,1,1,2,2,AUTOROUTE A126,48.71305,2.27954
202000043849,4,12,2020,7,3,91,91235,1,1,1,6,RN 104,48.6259,2.3566
202000043850,4,12,2020,13,1,92,92025,1,1,1,5,A86,48.9228185,2.227622
202000043851,4,12,2020,8,1,92,92072,1,1,8,3,N118,48.8174026,2.2162952
202000043852,3,12,2020,19,5,92,92050,1,1,2,5,A14,48.8986348,2.2163851
202000043853,4,12,2020,20,3,95,95488,1,1,2,6,A15,49.01532,2.14536
202000043854,4,12,2020,15,3,93,93005,1,1,3,2,AUTOROUTE A3,48.954,2.47336
202000043855,4,12,2020,0,3,93,93029,1,1,2,6,AUTOROUTE A86,48.92853,2.41583
202000043856,3,12,2020,23,3,93,93064,1,1,2,7,AUTOROUTE A3,48.883901,2.464511
202000043857,3,12,2020,4,3,95,95154,1,1,1,3, A1,49.03451,2.54071
202000043858,4,12,2020,21,3,77,77249,1,1,2,7,RN104,48.7292704,2.6072715
202000043859,4,12,2020,19,3,77,77450,1,1,2,-1,RN104,48.7244655,2.5979457
202000043860,4,10,2020,18,1,82,82121,2,1,1,6,2 Avenue Aristide Briand,44.017057,1.338629
202000043861,30,9,2020,16,1,27,27229,2,1,1,6,JACQUARD (RUE),49.00192,1.13443
202000043862,5,9,2020,19,1,35,35221,2,1,1,2,Rue de Rennes,47.869495,-1.67917
202000043863,2,12,2020,19,5,988,98818,2,3,1,3,AVENUE DU MARÉCHAL FOCH/RUE DE LA RÉPUBLIQUE,-22.26865,166.44233
202000043864,3,12,2020,8,1,974,97416,1,1,1,3,DIAGONAL (CHEMIN) (2),-21.2982,55.4737
202000043865,3,12,2020,16,1,974,97416,1,1,1,6,SOWETO (AVENUE DE),-21.34207,55.48984
202000043866,3,12,2020,8,1,974,97411,1,1,1,3,Route du Littoral,-20.87564,55.43119
202000043867,2,12,2020,17,1,974,97407,1,1,1,4,ROUTE NATIONALE N° 1,-20.94297,55.32723
202000043868,2,12,2020,11,1,974,97407,1,1,1,2,ROUTE DU SACRE COEUR,-20.9563,55.3126
202000043869,3,12,2020,17,1,973,97302,2,3,1,3,FELIX EBOUE(ROCADE),4.9364416,-52.3073673
202000043870,2,12,2020,13,1,973,97302,2,3,1,-1,MADELEINE (ROUTE DE LA),4.9144164,-52.3209071
202000043871,3,12,2020,6,1,973,97302,2,1,1,3,MADELEINE (ROUTE DE LA),4.9166773,-52.3214865
202000043872,3,12,2020,19,5,69,69259,2,1,1,6,AMBROISE CROIZAT                    (BD),45.70259,4.88772
202000043873,29,11,2020,20,5,972,97209,1,1,2,1,AUTOROUTE (A1),14.6177,-61.04028
202000043874,3,12,2020,9,1,69,69389,2,1,1,3,PIERRE SCIZE                        (QU),45.7668,4.8207
202000043875,2,12,2020,11,1,69,69286,2,1,8,6,VICTOR HUGO                         (AV),45.82056,4.88203
202000043876,30,11,2020,16,2,69,69149,2,1,1,6,EMILE ZOLA                          (BD),45.7198,4.79926
202000043877,3,12,2020,18,5,2B,2B033,2,6,1,2,SAMPIERO CORSO - AV,42.67106,9.44283
202000043878,29,11,2020,19,5,95,95306,2,1,1,1,CONFLANS(ROUTE DE),49.0004679,2.1447426
202000043879,2,12,2020,21,5,87,87085,2,3,2,6,GAMBETTA (BOULEVARD),45.82858,1.25616
202000043880,3,12,2020,13,1,83,83069,2,1,1,3,ALMANARRE (ROUTE DE L'),43.08229,6.12828
202000043881,30,11,2020,8,1,78,78382,2,3,8,6,DE LATTRE DE TASSIGNY (RUE DU MARECHAL),48.99312,2.06656
202000043882,23,9,2020,6,3,93,93064,1,1,1,2,AUTOROUTE A86,48.8749409,2.4788535
202000043883,20,7,2020,16,1,95,95268,2,1,1,6,RUE DES GAILLARDS,48.96641,2.40088
202000043884,30,5,2020,22,3,57,57283,1,1,1,6,CD 112 F,49.24494,6.14498
202000043885,22,9,2020,11,1,988,98818,2,3,1,3,ROUTE DE L'ANSE VATA/RUE DU PASTEUR LEENHARDT,-22.30019,166.44487
202000043886,22,9,2020,15,1,974,97416,1,1,1,7,ISAUTIER (AVENUE CHARLES),-21.32378,55.44783
202000043887,22,9,2020,8,1,974,97416,1,1,1,1,LIGNE PARADIS(ROUTE DE LA),-21.3013,55.4575
202000043888,22,9,2020,7,1,973,97302,2,1,1,6,LALLOUETTE(RUE),4.9405622,-52.3298871
202000043889,22,9,2020,18,1,69,69387,2,1,1,3,YVES FARGES                         (BD),45.74312,4.83403
202000043890,22,9,2020,18,1,69,69383,2,1,1,2,GAMBETTA                            (CO),45.75503,4.8438
202000043891,22,9,2020,8,1,69,69387,2,1,8,6,GUSTAVE NADAUD                      (R ),45.74451,4.83138
202000043892,22,9,2020,8,1,69,69381,2,3,8,6,ANDRE LASSAGNE                      (QU),45.7690148,4.8378188
202000043893,22,9,2020,7,2,69,69034,2,6,2,7,LOUIS DUFOUR                        (AV),45.80073,4.85136
202000043894,22,9,2020,15,1,2A,2A004,1,1,1,4,T20,41.94248,8.8091705
202000043895,22,9,2020,18,1,91,91201,2,4,1,2,GENERAL DE GAULLE(BOULEVARD),48.68648,2.40424
202000043896,21,9,2020,7,5,87,87085,2,1,1,7,ROBERVAL (RUE GILDAS DE),45.88162,1.26665
202000043897,21,9,2020,18,1,87,87085,2,1,1,2,GROUSSIER (RUE ARTHUR),45.86097,1.27144
202000043898,21,9,2020,15,1,87,87085,2,1,3,6,THOMAS (AVENUE ALBERT),45.8379,1.23867
202000043899,20,9,2020,18,1,87,87085,2,2,1,2,BROGLIE (AVENUE LOUIS DE),45.88608,1.2792
202000043900,20,9,2020,12,1,87,87085,2,3,2,5,SILVESTRE (RUE CHARLES),45.85511,1.25562
202000043901,21,9,2020,17,1,84,84007,1,1,1,6,C.De GAULLE (Rocade),43.94059,4.83211
202000043902,22,9,2020,14,-1,83,83069,2,1,-1,6,JUIN ( ROND POINT DU MARECHAL ),43.11469,6.11092
202000043903,21,9,2020,14,1,80,80021,2,1,1,6,BAPAUME (BOULEVARD DE),49.87939,2.3074
202000043904,21,9,2020,8,1,80,80001,2,1,1,6,MOULIN QUIGNON (du),50.1063,1.8459
202000043905,17,9,2020,6,2,78,78517,1,1,1,4,RN 10,48.66831,1.83797
202000043906,22,9,2020,4,5,76,76540,2,2,1,3,CONSTANTINE. RUE DE,49.44794,1.07221
202000043907,21,9,2020,17,1,76,76540,2,2,1,6,LYONS LA FORET. RUE DE,49.43636,1.12702
202000043908,21,9,2020,18,1,76,76540,2,2,1,5,SCHUMAN. RUE ROBERT,49.43789,1.10209
202000043909,21,9,2020,17,1,76,76157,2,1,1,6,MONTIGNY. RUE DE,49.45033,1.03413
202000043910,20,9,2020,18,1,76,76351,2,3,1,1,VALMY (DES),49.49131,0.145569
202000043911,21,9,2020,12,1,76,76447,1,6,1,2,PRESIDENT WILSON,49.5346834,0.1792574
202000043912,21,9,2020,8,1,72,72095,2,7,1,3,GIRONDE (RUE DE LA),48.02543,0.20496
202000043913,21,9,2020,7,1,72,72181,2,6,1,3,EICHTHAL (RUE D'),47.99824,0.18869
202000043914,21,9,2020,12,1,71,71306,2,2,1,3,SAINT JEAN (RUE),46.6747418,4.3711503
202000043915,21,9,2020,18,1,71,71306,2,2,1,3,BEAUBERNARD (RUE),46.6705871,4.3679937
202000043916,22,9,2020,18,1,69,69266,2,2,1,1,JARDINS    (Rue des),45.7766,4.9036
202000043917,22,9,2020,10,1,68,68224,2,1,1,6,GALFINGUE (RUE DE),47.74442,7.32561
202000043918,21,9,2020,10,1,67,67267,2,1,1,5,MARECHAL FOCH (RUE DU),48.5582527,7.6854784
202000043919,19,9,2020,16,1,67,67482,2,3,1,6,SAINT JEAN (QUAI),48.58348,7.73862
202000043920,17,9,2020,17,1,67,67482,2,3,1,3,PREMIERE ARMEE (RUE DE LA),48.5771964,7.7517758
202000043921,22,9,2020,11,1,66,66136,2,1,1,3,GILLES (AVENUE GENERAL),42.69444,2.91794
202000043922,19,9,2020,19,1,66,66136,2,1,1,3,DELAUNAY (LOUIS),42.73688,2.89345
202000043923,22,9,2020,18,1,65,65440,2,2,1,2,DEBUSSY (BOULEVARD CLAUDE),43.2201,0.06578
202000043924,20,9,2020,3,5,63,63113,2,1,1,6,CHANTURGUE (RUE DES HAUTS DE),45.81122,3.10387
202000043925,11,9,2020,18,1,61,61006,2,1,1,7,CARNOT (BOULEVARD),48.738081,-0.023507
202000043926,21,9,2020,13,1,59,59569,2,6,1,3,MOCHE (RUE ALCIDE),50.36575,3.11763
202000043927,21,9,2020,12,1,57,57306,2,1,1,6,MINE (RUE DE LA),49.32509,6.05612
202000043928,22,9,2020,21,5,51,51454,2,2,1,3,Rue de Cernay,49.2579019,4.0560673
202000043929,22,9,2020,8,1,51,51454,2,7,1,2,Avenue de Champagne,49.2205796,4.0217576
202000043930,21,9,2020,4,5,51,51454,2,1,1,7,Rue André Huet,49.2735757,4.0086714
202000043931,4,9,2020,8,1,49,49099,2,1,1,6,MOCRAT(AVENUE DE),47.06201,-0.89633
202000043932,21,9,2020,12,1,49,49007,2,1,1,6,FULTON,47.46269,-0.56148
202000043933,21,9,2020,14,1,49,49007,2,1,1,2,Rue Saumuroise,47.45527,-0.52935
202000043934,22,9,2020,15,1,45,45232,2,2,1,3,Avenue de Sologne,47.86865,1.91181
202000043935,13,9,2020,10,1,44,44184,2,2,1,3,PORNICHET (RUE DE) DU 01 AU 101 - DU 02,47.27002,-2.21729
202000043936,19,9,2020,14,1,44,44184,2,3,2,3,LEFERME (BOULEVARD PAUL),47.29044,-2.19956
202000043937,22,9,2020,21,5,38,38151,2,2,1,6,Rue Normandie Niemen,45.14753,5.71988
202000043938,22,9,2020,16,1,35,35238,2,1,1,-1,GROS MALHON (AVENUE),48.1273436,-1.683198
202000043939,22,9,2020,14,1,35,35051,1,1,1,7,Diffuseur RN 136 - RN 157,48.11479,-1.56605
202000043940,22,9,2020,7,2,35,35238,2,1,5,7,VILLEBOIS MAREUIL (BD),48.10183,-1.64952
202000043941,22,9,2020,16,1,34,34172,2,3,2,3,MERMOZ (AVENUE JEAN),43.61219,3.88954
202000043942,22,9,2020,15,1,34,34172,2,3,2,3,CASTELNAU JUSTICE DE,43.627033,3.872962
202000043943,22,9,2020,7,1,33,33318,2,3,8,1,AVE DE BEUTRE,44.8,-0.6724
202000043944,16,9,2020,22,5,33,33063,2,1,1,6,71 Quai des Chartrons,44.85292,-0.5673
202000043945,18,9,2020,14,1,31,31069,2,1,1,1,GRENADE (ROUTE DE),43.64551,1.38494
202000043946,21,9,2020,20,2,30,30189,2,2,1,3,POMPIDOU GEORGES (AVENUE),43.83216,4.3498
202000043947,22,9,2020,17,1,29,29232,1,3,1,1,D34 - Route de Benodet,47.9515,-4.07646
202000043948,19,9,2020,9,1,22,22106,1,6,2,2,COTE MER (RD-PT),48.49652,-2.72336
202000043949,5,8,2020,20,2,22,22278,2,1,1,6,71° RI (DU),48.51167,-2.76528
202000043950,23,9,2020,1,5,18,18279,2,1,1,6,CAVALIER (RUE DU),47.2262,2.06461
202000043951,20,9,2020,4,3,17,17028,2,1,1,7,GAULLE   AVENUE DU GENERAL DE,46.13115,-1.11775
202000043952,22,9,2020,7,1,15,15014,1,1,2,7,DOCTEUR CHANAL (RUE DU),44.9431,2.45951
202000043953,22,9,2020,8,1,14,14327,2,1,1,-1,RN 814,49.1893,-0.33236
202000043954,22,9,2020,23,5,13,13208,2,1,1,2,ROUET (RUE DU),43.280778,5.389607
202000043955,22,9,2020,19,1,13,13047,1,3,8,3,RN 569,43.486582,4.963539
202000043956,20,9,2020,20,5,10,10081,2,4,1,3,JEAN ZAY (RUE),48.30924,4.03904
202000043957,21,9,2020,11,1,10,10343,2,3,1,6,DIJON (RUE DE),48.2704,4.0871
202000043958,20,9,2020,4,5,06,06088,2,1,2,2,ANGLAIS (DU N° 114 AU N° 263),43.665427,7.203571
202000043959,22,9,2020,22,5,06,06083,2,1,1,2,MADONE (AVENUE DE LA),43.767019,7.488857
202000043960,22,9,2020,13,1,06,06027,1,1,2,6,GAUDE AVENUE DE LA,43.69424,7.14874
202000043961,21,9,2020,16,1,06,06027,2,1,1,7,CHENES AVENUE DES,43.66134,7.15839
202000043962,18,9,2020,7,2,03,03094,2,1,1,2,Rue de l'Industrie,46.1573656,3.4120774
202000043963,21,9,2020,15,1,01,01289,1,2,1,3,LENT ( ROUTE DE ),46.16489,5.22067
202000043964,22,9,2020,16,1,75,75120,2,1,1,3,PORTE DE MONTREUIL,48.858133,2.41411
202000043965,22,9,2020,8,1,75,75117,2,1,1,2,PORTE DE CHAMPERRET,48.887761,2.291072
202000043966,21,9,2020,0,5,75,75114,2,2,1,6,AVENUE DE LA PORTE D ORLEANS,48.820376,2.325434
202000043967,22,9,2020,17,1,75,75105,2,2,1,1,QUAI DE LA TOURNELLE,48.851151,2.351308
202000043968,21,9,2020,17,1,75,75106,2,7,1,3,PLACE SAINT MICHEL,48.853172,2.343191
202000043969,21,9,2020,15,1,75,75106,2,5,1,6,BOULEVARD SAINT MICHEL,48.850351,2.342629
202000043970,22,9,2020,10,1,75,75120,2,3,1,6,RUE DES PYRENEES,48.853961,2.405722
202000043971,21,9,2020,23,5,75,75120,2,3,1,6,AVENUE CARTELLIER,48.864107,2.413174
202000043972,22,9,2020,16,1,75,75119,2,3,1,3,RUE CURIAL,48.892053,2.372548
202000043973,22,9,2020,8,1,75,75119,2,1,1,6,AVENUE SECRETAN,48.881988,2.37153
202000043974,22,9,2020,9,1,75,75117,2,3,1,3,AVENUE MAC MAHON,48.877938,2.294339
202000043975,22,9,2020,18,1,75,75116,2,2,1,2,AVENUE DE L HIPPODROME,48.858568,2.244895
202000043976,22,9,2020,9,1,75,75116,2,3,1,2,AVENUE DU PRESIDENT KENNEDY,48.852889,2.281016
202000043977,21,9,2020,19,2,75,75115,2,2,1,5,RUE DE LA CONVENTION,48.845346,2.278569
202000043978,22,9,2020,17,1,75,75114,2,4,1,3,RUE ACHILLE LUCHAIRE,48.824089,2.321284
202000043979,22,9,2020,9,1,75,75114,2,1,1,1,AVENUE DE LA PORTE DE MONTROUGE,48.821453,2.321652
202000043980,22,9,2020,16,1,75,75113,2,1,1,2,BOULEVARD PERIPHERIQUE EXTERIEUR SUD,48.81612,2.359911
202000043981,22,9,2020,17,1,75,75113,2,3,1,7,RUE DE TOLBIAC,48.827131,2.367126
202000043982,22,9,2020,9,1,75,75113,2,3,1,3,AVENUE DE CHOISY,48.828481,2.358102
202000043983,22,9,2020,18,1,75,75112,2,1,1,6,ROUTE DE LA TOURELLE,48.824527,2.432279
202000043984,22,9,2020,14,1,75,75112,2,2,1,7,BOULEVARD DE LA GUYANE,48.843874,2.414665
202000043985,22,9,2020,9,1,75,75112,2,1,1,3,RUE CHALIGNY,48.84597,2.383591
202000043986,22,9,2020,22,5,75,75111,2,7,1,6,PLACE DE LA BASTILLE,48.853328,2.369783
202000043987,22,9,2020,18,1,75,75109,2,1,1,5,BOULEVARD DE CLICHY,48.883867,2.331707
202000043988,22,9,2020,18,1,75,75108,2,7,1,2,PLACE CHARLES DE GAULLE,48.874098,2.295763
202000043989,22,9,2020,15,1,75,75108,2,2,1,7,RUE ROYALE,48.868387,2.32325
202000043990,22,9,2020,2,5,75,75108,2,2,1,3,RUE JOSEPH SANSBOEUF,48.875135,2.322926
202000043991,22,9,2020,9,1,75,75107,2,2,1,2,RUE DU BAC,48.859563,2.329276
202000043992,21,9,2020,15,1,75,75107,2,2,1,6,RUE DU GENERAL BERTRAND,48.847691,2.313352
202000043993,22,9,2020,8,1,75,75103,2,2,1,3,RUE DE BRETAGNE,48.862289,2.363734
202000043994,22,9,2020,17,1,94,94074,2,1,1,4,HENRI BARBUSSE (AV),48.76384,2.44193
202000043995,22,9,2020,10,1,94,94058,2,1,1,6,PAUL DOUMER (R),48.83245,2.50882
202000043996,22,9,2020,8,1,94,94046,2,1,1,7,GENERAL DE GAULLE (AV DU),48.809466,2.423987