Num_Acc,jour,mois,an,hr,condition_eclairage,departement,commune,condition_agglomeration,intersection,condition_atmosphere,type_collision,adresse,lattitude,longitude
202000043997,21,9,2020,10,1,94,94076,2,3,1,7,PAUL VAILLANT COUTURIER (AV),48.7946,2.3602
202000043998,22,9,2020,16,1,94,94038,2,1,1,6,CHEVILLY (R DE),48.77582,2.34354
202000043999,22,9,2020,18,1,94,94011,2,2,1,3,ROSTAND.(RUE JEAN),48.76521,2.48076
202000044000,22,9,2020,19,1,94,94054,2,1,1,3,PAUL VAILLANT COUTURIER (R),48.747867,2.398523
202000044001,22,9,2020,12,1,94,94018,2,1,1,5,GRAVELLE (AV DE),48.824999,2.410584
202000044002,22,9,2020,12,1,93,93078,2,6,1,3,BD ROBERT BALLANGER / AV VAUBAN,48.96147,2.5564
202000044003,22,9,2020,16,1,93,93070,2,1,1,2,MICHELET(AV):N°1AU 103,48.9033618,2.3441244
202000044004,21,9,2020,21,5,93,93066,2,2,1,3,JEANNE D'ARC,48.93065,2.3652
202000044005,21,9,2020,11,1,93,93066,2,1,1,1,RESISTANCE (PLACE),48.9326473,2.3548719
202000044006,22,9,2020,9,1,93,93062,2,4,1,3,EST (BOULEVARD DE L'),48.9024284,2.5252547
202000044007,22,9,2020,9,1,93,93055,2,1,1,2,JEAN JAURES (AVENUE)(130 AU 172),48.9073,2.3962
202000044008,22,9,2020,14,1,93,93048,2,1,1,2,HENRI BARBUSSE (BOULEVARD),48.8673424,2.4421928
202000044009,22,9,2020,21,5,93,93046,2,2,1,3,MAURICE BERTHEAUX ALLEE,48.91973,2.51504
202000044010,22,9,2020,7,2,93,93046,2,3,1,1,THIERS AVENUE,48.8980937,2.5205803
202000044011,22,9,2020,15,1,93,93010,2,2,1,6,REPUBLIQUE (AV. DE LA) 121 A FIN,48.8964812,2.4781169
202000044012,22,9,2020,9,1,93,93001,2,1,1,3,JEAN JAURES (AVE) 55 A 129,48.9048677,2.3933122
202000044013,21,9,2020,23,5,92,92078,2,2,1,3,HAUT DE LA NOUE (RUE),48.9348532,2.3264869
202000044014,21,9,2020,22,5,92,92063,2,3,1,3,DIX-HUIT JUIN 1940 (AVENUE DU) EST,48.8661714,2.2020205
202000044015,22,9,2020,17,1,92,92048,2,1,1,7,HENRI SAVIGNAC (RUE),48.81937,2.23423
202000044016,22,9,2020,13,1,92,92040,2,1,1,7,PDT ROOSEVELT (QUAI DU),48.8316063,2.2623553
202000044017,22,9,2020,9,1,92,92040,2,2,1,1,JULES GUESDES,48.8195463,2.2789176
202000044018,22,9,2020,3,5,92,92036,2,1,1,7,PRINCIPALE DU PORT (ROUTE) (19/+),48.9356378,2.2664615
202000044019,21,9,2020,20,5,92,92036,1,1,1,3,HENRI BARBUSSE (RUE) (37/135),48.9273845,2.3002889
202000044020,19,9,2020,13,1,08,08101,1,1,1,1,La Chapelle,49.753407,5.02809
202000044021,23,9,2020,7,2,33,33478,2,4,5,1,62 Rue Eugène Leroy,45.00818,0.010811
202000044022,20,9,2020,0,3,49,49220,1,1,3,7,rosseau,47.680905,-0.370488
202000044023,17,8,2020,14,1,26,26005,1,1,1,7,Autoroute du Soleil,44.507922,4.772873
202000044024,22,9,2020,20,5,91,91553,2,6,1,1,3 Rue Jean de la Fontaine,48.628768,2.491751
202000044025,20,9,2020,19,1,95,95612,2,1,1,1,25 Rue des Ecoles,48.996406,2.477449
202000044026,23,9,2020,11,1,76,76159,2,1,2,7,Rue de Greenock,49.791938,0.63578
202000044027,19,9,2020,17,1,33,33316,1,2,2,7,D15E2/D15,44.72239,0.105228
202000044028,23,9,2020,14,1,69,69033,2,2,1,3,Route du Favret,45.8474657,4.8752318
202000044029,22,9,2020,19,5,42,42177,2,1,2,1,Route de Roanne,46.130244,4.108844
202000044030,23,9,2020,9,1,47,47306,1,1,1,6,D911,44.384391,0.5423
202000044031,23,9,2020,12,1,68,68258,2,2,1,3,Rue du Docteur Schweitzer,47.836745,7.303113
202000044032,14,7,2020,22,3,35,35338,1,1,1,-1,Le Petit Minbier,48.054286,-1.281519
202000044033,23,9,2020,11,1,26,26124,2,1,1,6,15 Grande Rue,44.837088,4.895148
202000044034,21,9,2020,13,1,72,72176,2,1,1,1,Boulevard Fisson,47.642411,0.156453
202000044035,21,9,2020,7,4,72,72191,2,1,5,6,Avenue du 14 Juillet,47.761101,0.274969
202000044036,22,9,2020,8,1,72,72359,1,2,1,3,D301,48.140003,0.3792
202000044037,23,9,2020,12,1,14,14227,1,1,2,1,D27,49.2672998,-0.0387463
202000044038,23,9,2020,14,1,60,60650,1,1,1,7,D98,49.2460879,2.7970333
202000044039,19,9,2020,18,2,64,64513,2,3,2,1,6 Chemin d'Oreyte,43.391744,-0.942855
202000044040,23,9,2020,13,1,64,64138,2,1,1,7,Avenue Joseph Szydlowski,43.235726,-0.282383
202000044041,23,9,2020,12,1,64,64059,2,1,1,6,ROUTE D'ASSAT,43.274147,-0.250411
202000044042,9,9,2020,11,1,43,43020,2,2,1,3,Route de Beauzac,45.300513,4.111199
202000044043,22,9,2020,15,1,21,21023,1,1,1,6,D16,47.099508,4.473168
202000044044,21,9,2020,17,1,27,27467,2,3,1,1,233 Rue du Gaillon,49.346644,0.525096
202000044045,23,9,2020,7,1,28,28219,1,1,1,5,Les Marchais,48.235121,1.036363
202000044046,21,9,2020,13,1,28,28422,2,9,1,2,2 Rue Saint-lubin,48.269563,1.629508
202000044047,22,9,2020,20,5,973,97307,2,1,1,7,Rue du Cap,4.901498,-52.339114
202000044048,23,9,2020,18,1,80,80156,1,1,2,7,Bussy-lès-Daours,49.9162486,2.4076581
202000044049,14,8,2020,21,3,13,13112,1,3,1,3,Avenue Jean Pallet,43.519412,5.232797
202000044050,21,9,2020,17,1,06,06088,1,1,1,4,A8 PK 199+600 SUD,43.733112,7.282594
202000044051,20,9,2020,4,3,76,76484,1,1,1,6,A13,49.343251,1.055884
202000044052,22,9,2020,22,5,973,97311,2,1,1,3,avenue paul castaing,5.484896,-54.0155487
202000044053,22,9,2020,16,1,971,97116,1,1,1,1,Chemin Departemental 107 Dit de Vieux Bourg,16.3297,-61.492753
202000044054,23,9,2020,5,3,77,77003,2,1,1,6,Chemin des Manneries,48.277095,2.527971
202000044055,23,9,2020,5,5,91,91494,1,6,1,1,D19,48.615193,2.351562
202000044056,22,9,2020,19,2,78,78162,1,1,1,3,D906,48.685691,2.008524
202000044057,22,9,2020,18,1,2B,2B314,1,1,1,3,D81,42.656655,9.160967
202000044058,22,9,2020,17,1,2B,2B188,2,1,2,1,Chemin du VVF lieu-dit Licampi,42.614633,9.351436
202000044059,21,9,2020,19,1,66,66037,1,1,1,3,D617,42.698669,3.022345
202000044060,22,9,2020,9,1,84,84003,2,1,3,6,Avenue Victor Hugo,43.87872,5.386155
202000044061,22,9,2020,11,1,13,13027,2,6,2,3,Chemin de la Croix du Vigneron,43.875213,4.863435
202000044062,23,9,2020,15,1,39,39070,1,1,1,6,,46.739088,5.960044
202000044063,22,9,2020,14,1,68,68106,1,1,1,7,D431,47.889982,7.11339
202000044064,22,9,2020,18,1,88,88483,2,1,1,3,13 Rue d'Epinal,48.193125,6.3778
202000044065,22,9,2020,17,1,74,74042,2,1,8,2,Avenue du Côteau,46.080548,6.408001
202000044066,23,9,2020,15,1,42,42188,2,1,1,3,D44,45.6124364,3.9459868
202000044067,22,9,2020,19,2,69,69117,1,1,8,1,1 Chemin des Calles,45.858239,4.739538
202000044068,22,9,2020,7,1,09,09199,1,1,8,7,223 Lieu Dit Mourie,43.183525,1.653995
202000044069,23,9,2020,15,1,31,31458,2,1,1,3,20 Chemin des Cujalas,43.504029,1.347145
202000044070,22,9,2020,17,1,22,22389,1,1,1,7,Rue du Pontpin,48.475489,-2.669281
202000044071,22,9,2020,18,1,80,80685,1,1,1,5,D1017,49.7035979,2.8093886
202000044072,10,3,2020,20,3,17,17333,1,1,2,6,RD 730 - BORDEAUX (ROUTE DE),45.605789,-0.962895
202000044073,6,3,2020,9,1,13,13103,1,3,1,3,ROUTE D'ARLES-RN 113,43.64006,4.978416
202000044074,10,3,2020,18,1,13,13214,2,1,1,3,CADE (RUE),43.3315,5.39365
202000044075,10,3,2020,15,1,13,13215,2,1,1,6,SAINT ANTOINE (AVENUE DE),43.36498,5.35687
202000044076,10,3,2020,14,1,13,13202,2,3,1,3,LITTORAL (CHEMIN DU),43.326864,5.358311
202000044077,10,3,2020,12,1,13,13206,2,1,1,6,TROIS ROIS (RUE DES),43.2940905,5.3847331
202000044078,9,3,2020,11,1,13,13208,2,1,1,5,HAIFA (AVENUE),43.2497901,5.3878874
202000044079,10,3,2020,20,5,13,13001,2,1,1,3,FERRINI FORTUNE (AV),43.48795,5.42374
202000044080,10,3,2020,17,1,13,13001,1,1,1,7,PETIT MOULIN (RTE DU),43.5026,5.34608
202000044081,5,3,2020,13,1,11,11262,2,1,1,6,DE GAULLE (BOULEVARD DU GENERAL),43.184846,3.009207
202000044082,6,3,2020,14,1,11,11262,2,1,1,6,ETANGS  (AVENUE DES),43.15587,2.99617
202000044083,9,3,2020,8,2,11,11069,2,1,3,4,RD 6113,43.23166,2.37416
202000044084,10,3,2020,18,2,06,06088,2,2,1,3,GAMBETTA (JUSQU'AU N° 62-73),43.6952,7.2562
202000044085,9,3,2020,9,1,05,05061,2,3,1,2,SANTOS DUMONT ( RUE ),44.55489,6.07008
202000044086,9,3,2020,8,1,75,75120,2,1,1,7,BOULEVARD PERIPHERIQUE,48.855447,2.413826
202000044087,9,3,2020,8,1,75,75116,2,1,1,7,BOULEVARD PERIPHERIQUE,48.855195,2.25585
202000044088,10,3,2020,0,5,75,75120,2,4,2,6,AVENUE CARTELLIER,48.86445,2.41361
202000044089,9,3,2020,6,3,75,75118,2,3,2,-1,BOULEVARD NEY,48.897986,2.342417
202000044090,10,3,2020,10,1,75,75117,2,5,8,-1,RUE PIERRE DEMOURS,48.8812733,2.295527
202000044091,8,3,2020,16,1,75,75117,2,2,2,6,AVENUE DE CLICHY,48.889126,2.32275
202000044092,10,3,2020,11,1,75,75114,2,3,1,3,AVENUE DU GENERAL LECLERC,48.824813,2.325921
202000044093,9,3,2020,13,1,75,75114,2,2,2,7,RUE RAYMOND LOSSERAND,48.832943,2.316249
202000044094,10,3,2020,19,2,75,75112,2,2,1,2,RUE DE BERCY,48.842113,2.376422
202000044095,10,3,2020,18,5,75,75109,2,2,1,6,RUE LA FAYETTE,48.877206,2.348993
202000044096,10,3,2020,8,5,75,75108,2,7,2,3,Place de l'Alma,48.864391,2.301804
202000044097,9,3,2020,23,5,75,75107,2,2,2,3,RUE DE LILLE,48.858523,2.329712
202000044098,10,3,2020,20,5,75,75103,2,2,1,6,RUE SAINT MARTIN,48.861648,2.351655
202000044099,10,3,2020,8,1,94,94044,2,1,2,3,GABRIEL PERI (AV),48.75356,2.4853
202000044100,9,3,2020,10,1,94,94068,2,3,8,6,LEON BOCQUET (R),48.79,2.48
202000044101,7,3,2020,14,1,94,94068,2,1,1,6,LOUIS BLANC (AV),48.7933,2.4979
202000044102,9,3,2020,9,1,94,94041,2,3,1,3,VICTOR HUGO (R),48.818573,2.383934
202000044103,26,2,2020,15,1,94,94073,2,1,1,6,GUY MOCQUET (R),48.77297,2.39814
202000044104,10,3,2020,18,2,94,94028,2,1,1,3,CHOISY(ROUTE DE),48.79032,2.45319
202000044105,10,3,2020,20,5,93,93072,2,1,1,3,BD MAXIME GORKI,48.94535,2.38691
202000044106,10,3,2020,9,1,93,93071,1,1,1,3,VICTOR HUGO (AVENUE),48.9329362,2.5334919
202000044107,10,3,2020,11,1,93,93070,2,1,1,3,CAPITAINE-GLARNER (AV),48.9050124,2.3283346
202000044108,10,3,2020,15,1,93,93051,2,6,1,6,LEVANT (BD),48.8372738,2.5477166
202000044109,10,3,2020,13,1,93,93048,2,1,1,3,PAUL VAILLANT COUTURIER (BOULEVARD),48.864392,2.4425649
202000044110,10,3,2020,12,1,93,93046,2,1,1,6,REPUBLIQUE AVENUE DE LA,48.90826,2.51814
202000044111,10,3,2020,7,1,93,93074,2,1,2,6,R PIERRE DE NOLHAC,48.9345495,2.5727001
202000044112,10,3,2020,12,1,93,93063,2,1,2,3,172 Avenue Gaston Roussel,48.8932471,2.4377937
202000044113,28,2,2020,21,5,93,93013,2,1,2,6,LECLERC (AVENU DE LA DIVISION),48.9330595,2.4240016
202000044114,10,3,2020,19,5,93,93008,2,1,8,6,ARAGON (AVENUE LOUIS),48.9148827,2.4411428
202000044115,10,3,2020,22,5,93,93001,2,1,1,6,9 R SADI CARNOT,48.906712,2.387881
202000044116,10,3,2020,17,1,93,93001,2,1,1,5,121 BD FELIX FAURE,48.9079383,2.3786974
202000044117,10,3,2020,17,1,92,92051,2,1,1,6,"VICTOR HUGO (BOULEVARD, N° 9 A 49 ET 16",48.8873405,2.2786937
202000044118,9,3,2020,18,1,92,92050,2,2,1,3,PICASSO PABLO AVENUE,48.893692,2.212052
202000044119,10,3,2020,17,1,92,92020,2,1,1,1,EXUPERY AVENUE SAINT,48.808566,2.298342
202000044120,10,3,2020,8,1,92,92020,2,1,8,3,PARIS AVENUE DE N° IMPAIRS,48.808146,2.295617
202000044121,10,3,2020,12,1,92,92062,2,1,8,7,LAFARGUES (RUE PAUL),48.88488,2.2475
202000044122,25,2,2020,17,1,92,92004,2,3,1,3,RPC GILBERT,48.91613,2.28503
202000044123,11,3,2020,10,1,29,29262,2,6,3,3,Rue de Lampaul Guimiliau,48.4470685,-4.0058061
202000044124,8,3,2020,21,3,66,66136,1,1,1,2,A9 - sens Espagne France,42.704592,2.865717
202000044125,10,3,2020,19,3,74,74295,1,1,2,1,D902- route des grandes alpes,46.31764,6.602826
202000044126,9,3,2020,13,1,22,22354,1,1,2,7,RN12 PR 99+050,48.569913,-3.274044
202000044127,11,3,2020,17,1,83,83049,2,1,1,3,Avenue Léon Amic,43.225232,6.069914
202000044128,9,3,2020,22,3,51,51562,1,1,1,4,D9,49.1945438,4.0616634
202000044129,2,3,2020,8,1,56,56185,1,1,7,2,Quéven,47.780034,-3.422762
202000044130,11,3,2020,11,1,2B,2B167,2,9,1,7,D451,42.536188,8.873359
202000044131,11,3,2020,18,2,80,80002,2,2,1,3,Rue de Chaulnes,49.838062,2.820911
202000044132,22,2,2020,0,5,80,80618,2,1,2,1,16 Rue du General de Gaulle,50.1718191,1.572934
202000044133,11,3,2020,10,1,89,89010,1,1,1,5,D956,47.702238,3.950679
202000044134,10,3,2020,12,1,12,12219,1,1,2,3,Hameau de Lous,44.478566,2.92887
202000044135,29,2,2020,17,1,42,42222,2,1,2,3,Parking du stade,45.594435,4.307976
202000044136,10,3,2020,16,1,29,29199,2,1,2,6,D712 - Route de la Chapelle du Mur,48.57577,-3.767205
202000044137,11,3,2020,16,1,38,38049,1,2,1,3,Chemin de Chassagne,45.40585,5.18772
202000044138,11,3,2020,14,1,02,02360,1,1,1,2,D925,49.425386,3.931947
202000044139,10,3,2020,21,3,03,03158,1,1,2,6,,46.4524788,2.7101968
202000044140,9,3,2020,15,1,66,66137,2,1,6,7,Avenue de France,42.46055,2.864084
202000044141,10,3,2020,8,1,06,06079,2,1,1,6,Avenue de Cannes,43.54208,6.936623
202000044142,10,3,2020,19,3,53,53196,1,1,2,7,D3,48.452515,-0.305991
202000044143,10,3,2020,14,1,04,04230,1,1,1,2,RD 6,43.831814,5.951484
202000044144,10,3,2020,16,1,30,30089,1,1,1,7,D763,43.846908,4.573274
202000044145,11,3,2020,11,1,48,48101,1,1,1,7,D16,44.295166,3.500347
202000044146,11,3,2020,19,5,78,78455,2,6,1,6,D161,48.845034,2.057866
202000044147,10,3,2020,18,2,06,06018,1,1,1,6,1450 Route des Lucioles,43.616499,7.068397
202000044148,11,3,2020,5,3,72,72165,1,1,8,6,A11,48.071857,0.439174
202000044149,8,3,2020,14,1,06,06085,1,1,1,2,A8,43.57823,6.984429
202000044150,11,3,2020,13,1,973,97308,1,1,1,7,RN2 Sud,3.902292,-51.811304
202000044151,10,3,2020,10,1,971,97106,1,1,2,3,Route de la Traversee,16.179799,-61.750267
202000044152,26,2,2020,20,3,77,77161,1,1,1,7,Route de Dormelles,48.32547,2.912278
202000044153,25,2,2020,11,1,83,83001,2,6,1,3,Rond-point du Violon,43.529404,6.82104
202000044154,9,3,2020,15,1,67,67313,2,1,1,7,8 Rue Hermes ZAC Atrium,48.5316235,7.4710921
202000044155,11,3,2020,7,2,88,88464,1,1,2,6,D11,48.109609,6.68355
202000044156,11,3,2020,14,1,38,38110,1,1,7,7,Route de Leveau,45.56173,4.8696
202000044157,11,3,2020,8,1,69,69159,1,1,2,1,Route de Tarare,45.9510592,4.6629274
202000044158,4,3,2020,13,1,69,69140,2,1,1,1,570 Chemin des Beluises,45.897882,4.682826
202000044159,11,3,2020,6,2,27,27203,1,3,1,3,D533,49.04329,1.407838
202000044160,10,3,2020,14,1,13,13215,1,1,1,5,A7-Sens Marseille vers Lyon,43.3454529,5.374184
202000044161,10,3,2020,9,1,13,13210,1,1,1,4,A50-Sens Marseille vers Aubagne,43.28469,5.41689
202000044162,5,3,2020,8,1,69,69040,1,1,2,2,A6 ,45.7995,4.7751
202000044163,9,3,2020,8,1,67,67482,1,1,1,4,Autoroute A.35,48.5783521,7.7252503
202000044164,10,3,2020,18,1,33,33192,1,1,1,4,AUTOROUTE A 63,44.77779,-0.64492
202000044165,9,3,2020,7,1,59,59636,1,1,1,3,ROUTE DEPARTEMENTALE 652,50.680735,3.056891
202000044166,7,3,2020,5,3,59,59346,1,1,1,1,AUTOROUTE A27,50.600999,3.132574
202000044167,10,3,2020,7,1,91,91216,1,1,1,7,AUTOROUTE A6,48.68365,2.3289
202000044168,9,3,2020,11,1,91,91687,1,1,1,2,AUTOROUTE A6,48.66369,2.36625
202000044169,10,3,2020,7,1,78,78640,1,1,2,4,A86 EXT,48.7775,2.221
202000044170,9,3,2020,20,3,78,78431,1,1,2,4,A13,48.93874,1.95655
202000044171,9,3,2020,9,1,93,93066,1,1,1,3,AUTOROUTE A1,48.91865,2.3573
202000044172,8,3,2020,17,1,93,93027,1,1,3,6,AUTOROUTE A86,48.92862,2.4138
202000044173,8,3,2020,11,1,93,93005,1,1,1,6,AUTOROUTE A3,48.94827,2.47562
202000044174,10,3,2020,10,1,77,77258,1,1,1,5,A4.W,48.8320333,2.6495025
202000044175,6,1,2020,11,1,78,78372,2,1,1,6,EPINES (RUE DES),48.8746,2.0993
202000044176,1,1,2020,2,5,07,07102,2,9,1,6,Jean CHARCOT (Rue),44.93632,4.87004
202000044177,9,3,2020,14,1,974,97416,1,1,1,3,CD 26,-21.29547,55.4448
202000044178,8,3,2020,13,1,974,97411,2,2,1,3,Rue Sainte Anne,-20.8828013,55.4542959
202000044179,9,3,2020,19,3,973,97302,1,9,1,3,ROUTE NATIONALE 1,4.9305198,-52.3296189
202000044180,27,6,2020,0,3,974,97416,1,1,1,6,RN3 (3),-21.317,55.49127
202000044181,9,3,2020,18,2,69,69386,2,2,1,3,GERMAIN                             (R ),45.76522,4.86793
202000044182,9,3,2020,16,1,69,69199,2,1,1,7,MATHIEU DUSSURGEY                   (R ),45.71232,4.86117
202000044183,26,6,2020,11,1,974,97411,1,1,2,3,RN2/081,-20.88564,55.4968
202000044184,8,3,2020,12,1,972,97209,2,1,1,7,FLUTE DES MORNES (RUE DE LA),14.618,-61.051
202000044185,25,6,2020,8,1,974,97411,2,1,1,3,JAURES (BOULEVARD JEAN),-20.88999,55.46348
202000044186,9,3,2020,17,1,69,69381,2,1,1,6,CHARTREUX (DES)                     (R ),45.7719,4.8239
202000044187,8,3,2020,12,1,69,69385,2,2,1,3,TRION (DE)                          (R ),45.7562401,4.8175324
202000044188,26,6,2020,16,1,973,97302,2,3,1,3,CABASSOU (ROUTE DE),4.9192043,-52.3174798
202000044189,8,3,2020,13,1,971,97113,1,1,1,7,SECTION PLIANE,16.21554,-61.46357
202000044190,26,6,2020,19,1,69,69276,2,3,1,6,POUDRERIE (DE LA)                       ,45.68,4.85
202000044191,8,3,2020,19,5,95,95019,2,1,2,2,JAURES JEAN (RUE),48.9955,2.4197
202000044192,26,6,2020,15,1,69,69276,2,1,7,7,RHONE (DU)                              ,45.66644,4.84081
202000044193,9,3,2020,15,1,91,91549,2,9,9,7,PARC DES MARES YVON (+RUE),48.628826,2.332365
202000044194,6,3,2020,20,5,87,87085,2,2,1,3,PONT NEUF,45.82605,1.26792
202000044195,26,6,2020,13,1,69,69383,2,2,1,3,PART DIEU      (DE LA)             (R ),45.7597,4.849
202000044196,26,6,2020,14,1,972,97213,2,1,1,1,BELLEVUE (CHEMIN RURAL DE),14.6227,-60.9535
202000044197,26,6,2020,15,1,69,69389,2,1,7,-1,ST CYR (DE)                         (R ),45.78807,4.80891
202000044198,26,6,2020,2,5,69,69385,2,1,1,6,FULCHIRON                           (QU),45.75636,4.82473
202000044199,20,6,2020,14,1,971,97113,2,1,1,5,SECTION COCOYER,16.24174,-61.48496
202000044200,26,6,2020,2,3,2A,2A004,2,6,1,6,MERCURE RCE BD NICEP STEPH DE COMENE,41.90862,8.70194
202000044201,7,3,2020,12,1,87,87085,2,3,1,2,BORIE (BOULEVARD DE LA),45.83509,1.22669
202000044202,26,6,2020,16,1,91,91549,2,1,9,7,REGIMENT NORMANDIE-NIEMEN (AVENUE DU),48.637325,2.331787
202000044203,7,3,2020,18,1,85,85194,2,1,1,3,Avenue du Pas du Bois,46.50366,-1.74236
202000044204,26,6,2020,23,5,91,91377,2,2,1,6,PARIS (RUE DE),48.72463,2.26818
202000044205,1,3,2020,2,3,84,84087,2,1,2,6,CAMARET (ROUTE DE),44.14533,4.83839
202000044206,26,6,2020,17,1,91,91657,2,1,1,2,PIERRE BROSSOLETTE (RUE),48.69552,2.432052
202000044207,8,3,2020,5,5,84,84007,2,1,1,7,C.De GAULLE (Rocade),43.93069,4.82534
202000044208,26,6,2020,14,1,91,91514,2,2,1,-1,JEAN JAURES (DU N°52 AU 131) (AVENUE),48.67158,2.53361
202000044209,25,6,2020,18,1,87,87065,2,1,1,6,LEGRAND (RUE FREDERIC-),45.81232,1.32275
202000044210,3,3,2020,12,1,83,83137,2,1,1,-1,CAMUS (AVE ALBERT),43.1298,5.8818
202000044211,7,3,2020,19,5,83,83126,2,1,1,7,AV DE LA 1ERE ARMEE FRANCAISE,43.11151,5.88276
202000044212,25,6,2020,9,1,87,87085,2,3,1,3,GAY-LUSSAC (COURS),45.83558,1.26185
202000044213,9,3,2020,14,1,83,83034,2,1,1,3,ROUTE DE LA BENOITE,43.09035,6.07698
202000044214,24,6,2020,7,1,86,86066,2,6,1,3,Place de la Croix Rouge,46.82106,0.54759
202000044215,6,3,2020,17,1,80,80021,2,1,1,3,JACQUES DUCLOS (CARREFOUR),49.90669,2.31838
202000044216,11,1,2020,9,1,30,30011,2,6,1,3,2EME DB (AVENUE DE LA),43.95845,4.76751
202000044217,6,3,2020,2,3,80,80164,1,1,2,7,CROISETTES (RUE DES ),49.90725,2.36887
202000044218,25,6,2020,17,1,83,83069,1,9,1,2,FRONT DE MER (BOULEVARD),43.10709,6.17769
202000044219,5,3,2020,19,5,80,80021,2,1,3,6,STRASBOURG (BOULEVARD DE),49.89011,2.27701
202000044220,25,6,2020,9,1,83,83069,2,1,1,3,GODILLOT  ( AVENUE ALEXIS ),43.11463,6.12324
202000044221,26,6,2020,12,1,82,82121,2,6,1,3,FOBIO (ROND POINT DE LA),44.01158,1.37246
202000044222,8,3,2020,3,5,78,78643,2,4,1,3,TRIEL AVENUE DE,48.978,1.99591
202000044223,26,6,2020,18,1,78,78481,2,1,1,3,SARTROUVILLE (ROUTE DE),48.89999,2.1137
202000044224,9,3,2020,9,1,77,77186,2,1,1,2,MAGENTA (BOULEVARD) - D417,48.4004,2.6956
202000044225,9,3,2020,19,5,77,77131,2,6,1,6,GAMBETTA (COUR) - D222,48.8136458,3.0868478
202000044226,25,6,2020,1,3,78,78362,2,3,1,2,ROUTE DE SAINT GERMAIN,48.977529,1.722585
202000044227,8,3,2020,18,2,77,77042,1,9,3,4,D66 - D222,48.81674,3.11582
202000044228,8,3,2020,13,1,76,76540,1,1,2,2,A150,49.45201,1.05576
202000044229,6,3,2020,23,5,76,76474,2,2,1,3,RD 927 (ROUTE DE DIEPPE),49.489223,1.049208
202000044230,6,3,2020,14,1,76,76540,2,2,1,7,BELGES. BOULEVARD DES,49.44347,1.08492
202000044231,8,3,2020,18,2,76,76351,2,1,1,5,FRISSARD (QUAI),49.49023,0.12693
202000044232,9,3,2020,17,1,69,69256,2,1,1,3,BOLHEN   (DE)                        (AV,45.7656,4.92518
202000044233,6,3,2020,14,1,67,67482,2,1,2,1,JEAN GIRAUDOUX (RUE),48.583649,7.703488
202000044234,6,3,2020,19,2,66,66136,2,1,1,3,PANCHOT (AVENUE JULIEN),42.6916,2.88279
202000044235,7,3,2020,17,1,64,64122,2,1,1,6,MARIANO LUIS (RUE- ROND-POINT),43.459471,-1.54126
202000044236,25,6,2020,13,1,77,77085,2,3,1,3,AVENUE DU CHENE SAINT FIACRE,48.8592,2.742272
202000044237,9,3,2020,11,1,64,64102,2,1,8,7,NAVARRE (AVENUE HENRI DE),43.50516,-1.44616
202000044238,8,3,2020,6,3,64,64102,2,1,1,7,PONTOTS (GIRATOIRE LES),43.488466,-1.491039
202000044239,25,6,2020,13,1,77,77111,2,1,1,-1,GRAND FOSSE ( BOULEVARD ) - D344,48.85509,2.77121
202000044240,9,3,2020,21,5,62,62193,2,1,3,6,JACQUARD (BOULEVARD),50.953439,1.851416
202000044241,23,6,2020,13,1,76,76540,2,2,1,7,BETHENCOURT. QUAI (HAUT) JEAN DE,49.43989,1.0696
202000044242,25,6,2020,17,1,74,74012,1,1,1,6,GENEVE (RUE DE),46.1930254,6.226613
202000044243,20,2,2020,16,1,61,61497,2,2,2,3,Rue de Congé,48.4651,0.11082
202000044244,20,2,2020,19,2,59,59009,2,6,1,3,VERSAILLE RUE DE,50.61555,3.12908
202000044245,25,6,2020,16,1,74,74305,2,9,1,4,COTES (CHEMIN DES),46.2055621,6.2635106
202000044246,30,1,2020,8,1,59,59350,2,1,8,6,JACQUARD RUE,50.635062,3.109886
202000044247,26,6,2020,15,1,71,71486,2,1,1,7,LOUIS AUBLANC (RUE),46.6428043,4.3512498
202000044248,7,3,2020,23,5,59,59375,1,3,1,3,CD 957,50.4271869,3.2626583
202000044249,23,6,2020,21,1,71,71270,2,1,1,6,CREWE (RUE DE),46.3193678,4.8306906
202000044250,7,3,2020,7,5,56,56098,2,1,1,6,CORPONT (RUE  DU ),47.76405,-3.3451
202000044251,26,6,2020,17,1,69,69264,2,3,1,3,VERMOREL  IMP,45.98305,4.71572
202000044252,9,3,2020,15,1,54,54431,1,1,1,2,RD 910 LESMENILS,48.91751,6.0746
202000044253,25,6,2020,16,1,69,69264,1,1,1,3,SCHUMAN  ROBERT  R,45.99351,4.73053
202000044254,25,6,2020,9,1,67,67482,2,1,1,5,FEDERATION (ROUTE DE LA),48.562136,7.748753
202000044255,5,3,2020,7,1,54,54395,2,2,2,3,LIBERATION (AVENUE DE LA),48.6949325,6.1381394
202000044256,25,6,2020,9,1,67,67482,2,1,7,3,TRUBNER (RUE),48.588394,7.770119
202000044257,25,6,2020,8,1,67,67482,2,3,1,3,carrefour RUE ALICE MOSNIER/FRITZ KIEFFER,48.5947358,7.7522889
202000044258,7,3,2020,19,5,51,51454,2,1,2,7,Avenue Jean Jaurès,49.2608262,4.0487864
202000044259,25,6,2020,0,5,67,67482,2,1,1,3,OBERHAUSBERGEN (ROUTE D ),48.593134,7.714208
202000044260,6,3,2020,14,1,50,50129,2,2,1,3,VINTRAS (RUE),49.63613,-1.6137
202000044261,24,6,2020,10,1,67,67180,2,2,1,3,MARIENTHAL (ROUTE DE),48.804018,7.798243
202000044262,25,6,2020,21,1,66,66136,2,1,1,3,JUIN (AVENUE DU MARECHAL),42.68788,2.89845