Num_Acc,jour,mois,an,hr,condition_eclairage,departement,commune,condition_agglomeration,intersection,condition_atmosphere,type_collision,adresse,lattitude,longitude
202000044263,25,6,2020,20,5,64,64445,2,2,2,3,ALSACE LORRAINE D',43.3024,-0.36044
202000044264,24,6,2020,14,1,64,64125,2,1,1,1,ESPAGNE (AVENUE D'),43.4290962,-1.6008005
202000044265,13,6,2020,22,2,62,62215,2,3,1,2,QUINET (R CYPRIEN),50.49197,2.97992
202000044266,6,3,2020,20,5,49,49328,2,2,2,3,SEIGNEUR (RUE),47.2563155,-0.0781401
202000044267,8,3,2020,18,1,49,49007,2,1,1,3,JEAN XXIII AVENUE,47.4496565,-0.5663176
202000044268,25,6,2020,14,1,56,56098,2,3,2,3,THOMAS ( ET  IMP. ALBERT ),47.75912,-3.34937
202000044269,9,3,2020,12,1,45,45169,2,1,1,2,Avenue Georges Pompidou,47.90118,1.85579
202000044270,25,6,2020,13,1,56,56036,1,1,2,6,RN 165,47.79223,-3.30692
202000044271,25,6,2020,10,1,56,56162,2,1,1,7,FLOTS BLEUS (RUE DES),47.71057,-3.46885
202000044272,25,6,2020,8,1,54,54395,2,1,1,2,LIBERATION (AVENUE DE LA),48.697,6.1585
202000044273,7,3,2020,18,1,44,44184,2,2,1,-1,Rue Georges de Buffon,47.284169,-2.22181
202000044274,26,6,2020,17,1,51,51454,2,2,1,7,27 Rue Turenne,49.2206572,4.0310724
202000044275,26,6,2020,12,1,51,51454,2,1,1,2,Avenue Paul Marchandeau,49.2439208,4.0273679
202000044276,9,3,2020,17,1,43,43157,2,3,1,1,Chemin de la Pépinière,45.02041,3.89295
202000044277,25,6,2020,16,1,50,50173,2,1,1,4,MER (Bld de la ),49.66056,-1.67717
202000044278,8,3,2020,18,5,42,42218,2,1,1,6,Rue Etienne Mimard,45.4392613,4.3975238
202000044279,25,6,2020,13,1,49,49328,1,1,1,6,CHAMPIGNY (ROUTE DE) D 145,47.24334,-0.05674
202000044280,6,3,2020,21,5,38,38053,1,1,1,7,Avenue de Bourg En Bresse,45.613437,5.26295
202000044281,20,6,2020,13,1,45,45208,2,1,1,7,Boulevard John Kennedy,48.0044305,2.7227974
202000044282,9,3,2020,23,5,37,37261,2,1,3,2,GRAMMONT (AVENUE DE),47.3874948,0.6897712
202000044283,25,6,2020,12,1,45,45004,2,2,1,2,D2107 PR 1+590,47.9800898,2.7330367
202000044284,9,3,2020,18,1,35,35238,2,1,2,2,PAYS-BAS (AVENUE DES),48.0857,-1.66113
202000044285,9,3,2020,16,1,35,35206,1,1,2,4,RN 136,48.0797,-1.68448
202000044286,25,6,2020,11,1,42,42187,2,1,1,5,Boulevard Edgar Quinet,46.0483455,4.0799055
202000044287,26,6,2020,17,1,37,37208,2,1,1,-1,BEAUGAILLARD (RUE),47.3605783,0.7211493
202000044288,9,3,2020,11,1,35,35238,2,2,1,3,FREVILLE (AVENUE HENRI),48.083753,-1.674473
202000044289,26,6,2020,1,5,37,37261,2,1,1,7,HEURTELOUP (BOULEVARD),47.3925559,0.7013271
202000044290,15,1,2020,8,1,35,35238,2,3,2,3,LAFOND,48.12373,-1.66554
202000044291,8,3,2020,2,5,34,34032,2,1,1,1,LATTRE DE TASSIGNY MARECHAL DE (BD),43.33405,3.2331
202000044292,25,6,2020,11,1,37,37122,2,2,1,-1,GRAND MAREUIL (RUE DU),47.331197,0.6547959
202000044293,9,3,2020,20,5,33,33281,1,3,2,3,Avenue René Cassin / A630 -E18-,44.83217,-0.67422
202000044294,25,2,2020,11,1,37,37122,2,2,1,-1,GRAND MAREUIL (RUE DU),47.3311965,0.6547913
202000044295,3,3,2020,22,3,33,33550,2,1,1,6,RUE DE LA PAIX,44.76508,-0.57371
202000044296,26,6,2020,12,1,35,35353,2,1,1,3,MANOIR DE SERVIGNE (DU),48.103168,-1.73549
202000044297,20,2,2020,17,1,33,33063,2,3,1,3,RUE FONDAUDEGE / RUE FRANCIS MARTIN,44.84885,-0.58323
202000044298,25,6,2020,14,1,31,31555,2,1,1,3,BD SILVIO TRENTIN,43.62354,1.42707
202000044299,26,6,2020,15,1,30,30189,2,1,1,3,LIBERTE (AVENUE),43.80288,4.37385
202000044300,8,3,2020,5,3,31,31555,1,1,1,2,VA007331 A620,43.60298,1.39972
202000044301,15,6,2020,16,1,28,28404,2,1,1,3,CRECY (ROUTE DE),48.7331,1.3445
202000044302,8,3,2020,3,5,31,31555,1,1,1,3,Avenue des Etats-Unis,43.6479,1.422
202000044303,23,6,2020,16,1,21,21166,2,6,1,3,Rond-point de la solidarité,47.28637,5.01897
202000044304,7,3,2020,19,4,31,31555,1,1,1,4,VA007331 A620,43.56767,1.48173
202000044305,6,3,2020,23,3,31,31069,1,1,1,2,VA001490 A621,43.63124,1.38153
202000044306,8,3,2020,14,1,30,30189,1,1,1,2,PARATONNERRE (CHEMIN),43.85684,4.32428
202000044307,7,3,2020,2,5,29,29019,2,1,1,3,Avenue Salaun Penquer,48.3848474,-4.4830361
202000044308,9,3,2020,8,2,25,25462,2,2,4,6,REPUBLIQUE DE LA,46.9024,6.358
202000044309,26,6,2020,18,1,14,14118,2,2,1,1,CARMES (RUE DES),49.18057,-0.35594
202000044310,5,3,2020,13,1,22,22113,2,9,2,7,BOUTIL (LIEU-DIT),48.72397,-3.43122
202000044311,8,3,2020,7,1,13,13077,1,1,1,1,D 50,43.4165,5.00164
202000044312,9,3,2020,18,2,13,13206,2,2,1,-1,BAILLE (BOULEVARD),43.2883441,5.392752
202000044313,22,6,2020,7,1,14,14167,2,1,1,5,CD N°  513,49.1936,-0.29812
202000044314,9,3,2020,17,1,13,13212,2,3,1,2,CAMPANULES (CHEMIN DES),43.30062,5.450047
202000044315,9,3,2020,7,2,13,13215,2,1,1,3,SAINT LOUIS (AVENUE DE),43.344,5.3594
202000044316,26,6,2020,18,1,13,13207,2,1,1,5,Corniche John Fitzgérald Kennedy,43.27641,5.358352
202000044317,26,6,2020,16,1,13,13202,2,3,1,3,DAMES (BOULEVARD DES),43.302412,5.369752
202000044318,8,3,2020,2,5,10,10387,2,1,1,3,VOULDY (CHAUSSEE DU),48.29437,4.046
202000044319,26,6,2020,11,1,13,13215,2,3,1,3,LE CHATELIER,43.3471,5.36846
202000044320,26,6,2020,11,1,13,13215,2,1,1,5,HENRI BARNIER (BOULEVARD),43.367181,5.343709
202000044321,23,2,2020,16,1,10,10362,2,1,1,3,PLANTE AUX FAUX (CHEMIN),48.2968,4.0022
202000044322,25,6,2020,15,1,11,11262,2,1,1,2,MISTRAL (BOULEVARD FREDERIC),43.18736,3.00337
202000044323,25,6,2020,12,1,11,11069,2,1,1,7,RD 6161 - Rocade Ouest,43.2068792,2.3117851
202000044324,26,6,2020,23,5,10,10387,2,1,1,-1,PREIZE (RUE DE),48.3041,4.07139
202000044325,18,6,2020,19,1,09,09225,1,1,1,2,ROUTE NATIONALE 20 (VOIE RAPIDE),43.116,1.6305
202000044326,8,3,2020,15,1,07,07281,1,1,1,7,C.D. 533 (VERS LE PUY),44.92873,4.79504
202000044327,26,6,2020,22,5,06,06083,2,9,1,3,MADONE (AVENUE DE LA),43.7698,7.492579
202000044328,25,6,2020,15,1,06,06029,2,1,1,3,CARNOT (BOULEVARD),43.56628,6.96888
202000044329,9,3,2020,0,5,75,75116,2,1,1,2,BOULEVARD PERIPHERIQUE,48.851484,2.252049
202000044330,25,6,2020,21,2,75,75113,2,1,1,6,BOULEVARD PERIPHERIQUE,48.816783,2.355855
202000044331,7,3,2020,12,1,75,75113,2,1,1,5,QUAI D IVRY,48.825357,2.385388
202000044332,25,6,2020,17,1,75,75114,2,1,1,3,BOULEVARD PERIPHERIQUE,48.820274,2.324397
202000044333,8,3,2020,17,1,75,75111,2,3,2,6,BOULEVARD DE BELLEVILLE,48.86826,2.381382
202000044334,25,6,2020,15,1,75,75117,2,1,1,2,BOULEVARD PERIPHERIQUE,48.883425,2.284172
202000044335,7,3,2020,23,5,75,75119,2,3,1,3,AVENUE JEAN JAURES,48.88848,2.391936
202000044336,25,6,2020,8,1,75,75119,2,1,1,2,BOULEVARD PERIPHERIQUE,48.900503,2.384818
202000044337,7,3,2020,6,2,75,75114,2,2,1,3,RUE D ALESIA,48.831817,2.314138
202000044338,9,3,2020,12,1,75,75120,2,3,1,3,RUE BELGRAND,48.864624,2.405644
202000044339,9,3,2020,15,1,75,75116,2,4,1,6,AVENUE PIERRE 1ER DE SERBIE,48.866085,2.296618
202000044340,7,3,2020,12,1,75,75116,2,7,1,3,PLACE DE LA PORTE D AUTEUIL,48.84812,2.258672
202000044341,9,3,2020,13,1,75,75113,2,3,1,6,BOULEVARD MASSENA,48.820124,2.364642
202000044342,27,8,2020,18,1,06,06027,2,1,1,3,CANNES AVENUE DE (RN7),43.65364,7.14778
202000044343,9,3,2020,13,1,75,75108,2,1,1,3,BOULEVARD MALESHERBES,48.874263,2.32032
202000044344,26,6,2020,18,1,75,75119,2,3,1,2,AVENUE CORENTIN CARIOU,48.89606,2.384084
202000044345,27,8,2020,8,1,06,06027,2,3,1,2,ROSERAIE AVENUE DE LA,43.66006,7.13786
202000044346,26,6,2020,10,1,75,75118,2,2,2,3,RUE ORDENER,48.892404,2.345
202000044347,27,8,2020,1,5,75,75119,2,3,1,3,AVENUE CORENTIN CARIOU,48.895131,2.382753
202000044348,27,8,2020,15,1,75,75118,2,2,1,3,BOULEVARD NEY,48.897726,2.329023
202000044349,26,6,2020,9,1,75,75118,2,4,1,3,BOULEVARD BARBES,48.884218,2.34948
202000044350,26,6,2020,7,1,75,75118,2,4,1,3,BOULEVARD ORNANO,48.895374,2.346627
202000044351,27,8,2020,13,1,75,75115,2,3,1,6,RUE OLIVIER DE SERRES,48.833926,2.295137
202000044352,26,6,2020,2,5,75,75118,2,7,1,6,PLACE ALBERT KAHN,48.895835,2.3458
202000044353,26,8,2020,22,5,75,75113,2,1,1,2,BOULEVARD DU GENERAL JEAN SIMON,48.826746,2.384841
202000044354,25,6,2020,14,1,75,75117,2,3,1,7,AVENUE DE LA GRANDE ARMEE,48.876888,2.285268
202000044355,26,8,2020,22,5,75,75113,2,3,1,3,RUE DARMESTETER,48.823393,2.375025
202000044356,25,6,2020,23,5,75,75116,2,3,1,3,BOULEVARD LANNES,48.868846,2.273525
202000044357,27,8,2020,20,2,75,75111,2,1,2,3,AVENUE PHILIPPE AUGUSTE,48.851167,2.394195
202000044358,22,6,2020,13,1,75,75116,2,2,1,3,AVENUE DU PRESIDENT WILSON,48.863928,2.290499
202000044359,27,8,2020,16,1,75,75110,2,1,1,3,QUAI DE JEMMAPES,48.871419,2.365606
202000044360,26,6,2020,6,2,75,75115,2,1,1,7,BOULEVARD GENERAL MARTIAL VALIN,48.837994,2.27165
202000044361,24,6,2020,17,1,75,75115,2,1,1,6,RUE CAUCHY,48.842284,2.277997
202000044362,25,6,2020,0,5,75,75112,2,4,7,6,RUE DE LYON,48.849811,2.370609
202000044363,26,8,2020,23,5,75,75109,2,2,1,3,BOULEVARD HAUSSMANN,48.872373,2.337431
202000044364,26,6,2020,18,1,75,75110,2,3,1,6,RUE DU HUIT MAI 1945,48.87594,2.35941
202000044365,26,6,2020,9,1,75,75108,2,7,1,5,PLACE CHARLES DE GAULLE,48.873853,2.295923
202000044366,27,8,2020,9,1,75,75108,2,1,1,3,AVENUE GABRIEL,48.868057,2.317367
202000044367,26,6,2020,20,1,75,75104,2,1,1,7,RUE DES JARDINS SAINT PAUL,48.853132,2.360319
202000044368,27,8,2020,8,1,75,75108,2,2,1,6,AVENUE DES CHAMPS ELYSEES,48.873129,2.297065
202000044369,26,6,2020,12,1,75,75101,2,3,1,3,RUE DU CYGNE,48.862913,2.35069
202000044370,27,8,2020,0,5,75,75107,2,1,1,6,RUE DE LILLE,48.860827,2.321938
202000044371,26,6,2020,9,1,75,75102,2,2,1,6,RUE MEHUL,48.867307,2.334626
202000044372,27,8,2020,12,1,94,94068,2,3,1,3,SAINT LOUIS (AV),48.7865588,2.5127883
202000044373,26,6,2020,12,1,94,94046,2,1,1,3,GAMBETTA (AV),48.8098,2.451
202000044374,27,8,2020,7,1,94,94017,2,1,1,3,REPUBLIQUE (AV DE LA),48.817732,2.511682
202000044375,26,6,2020,9,1,94,94003,2,9,2,3,PRESIDENT NELSON MANDELA (AV),48.8107,2.32678
202000044376,25,6,2020,9,1,94,94041,2,1,1,2,ERNEST RENAN (R),48.8069798,2.399811
202000044377,26,6,2020,15,1,94,94033,2,3,1,3,PASTEUR (R),48.848106,2.459402
202000044378,27,8,2020,21,4,94,94003,2,3,2,3,GENERAL MALLERET JOINVILLE (AV DU),48.8039,2.34243
202000044379,26,6,2020,8,1,94,94011,2,1,1,7,MOULIN BATEAU.(RUE DU),48.78247,2.49611
202000044380,27,8,2020,18,1,94,94076,2,9,1,5,MAXIME GORKI (BD),48.78202,2.36724
202000044381,27,8,2020,21,5,94,94041,2,1,2,3,LENINE (R),48.81749,2.396827
202000044382,25,6,2020,17,1,94,94046,2,2,1,-1,CONVENTION (R DE LA),48.81333,2.44981
202000044383,26,8,2020,21,5,94,94073,2,1,1,2,RN 186,48.75443,2.37531
202000044384,26,6,2020,23,5,93,93066,2,1,1,2,PORTE DE PARIS (PLACE),48.9294,2.35644
202000044385,25,6,2020,22,3,93,93053,2,2,2,1,PARIS (RUE DE),48.9022304,2.4621534
202000044386,27,8,2020,8,1,94,94022,2,3,1,3,MARECHAL DE LATTRE DE TASSIGNY (AV),48.75669,2.40453
202000044387,26,6,2020,19,1,93,93079,2,1,3,3,JEAN JAURES (AV),48.96418,2.34752
202000044388,27,8,2020,20,2,94,94075,2,3,2,4,Av du Mal de Lattre de Tassigny & Rue du Lieutenant Dagorno,48.7272776,2.5309583
202000044389,26,6,2020,12,1,93,93001,2,2,1,1,R FRANCIS DE PRESSENCE / R DE SAINT DENIS,48.92324,2.37015
202000044390,27,8,2020,17,1,93,93066,2,2,8,3,CHEMIN VERT,48.94518,2.38129
202000044391,25,6,2020,16,1,92,92035,2,9,1,3,CHARLES DE GAULLE (BD) (71 AU 153),48.907289,2.255626
202000044392,27,8,2020,20,1,93,93077,2,1,2,6,GRANDE RUE,48.8834851,2.511481
202000044393,24,6,2020,22,5,92,92077,2,9,1,3,SEVRES (RUE DE),48.826341,2.19154
202000044394,27,8,2020,14,1,93,93027,2,1,1,3,VAILLANT-COUTURIER (AVENUE PAUL),48.92003,2.40993
202000044395,27,8,2020,19,1,93,93010,2,2,1,3,AV GALLIENI / RUE AUGUSTE POLISSARD,48.9057177,2.4802802
202000044396,27,8,2020,13,1,93,93007,2,1,1,6,AV ARISTIDE BRIAND,48.94401,2.44637
202000044397,27,8,2020,16,1,93,93001,2,1,1,3,HAIE COQ (RUE DE LA ) => 91/92,48.91205,2.37322
202000044398,27,8,2020,17,1,92,92072,2,1,1,6,GRANDE RUE,48.8258536,2.2175699
202000044399,26,8,2020,19,1,92,92049,2,3,1,3,BROSSOLETTE AVENUE PIERRE,48.819902,2.31092
202000044400,25,6,2020,16,1,92,92050,2,5,1,3,NATIONAL BOULEVARD,48.8914781,2.1774615
202000044401,27,8,2020,7,1,92,92026,2,4,1,3,HUDRI,48.9001575,2.2656751
202000044402,27,8,2020,17,1,92,92024,2,2,1,5,MARTRE (RUE) DE (1 A 41),48.89887,2.30992
202000044403,27,8,2020,15,1,92,92023,2,1,1,3,PORTE DE TRIVAUX (RUE DE) N°57 A 197 ET,48.7899606,2.2537757
202000044404,27,8,2020,20,5,92,92007,2,2,2,6,BLANCHARD (RUE),48.796,2.2923
202000044405,26,6,2020,22,3,92,92020,2,1,1,7,ESTIENNE D'ORVES RUE D',48.79948,2.286341
202000044406,28,8,2020,20,3,974,97415,2,1,1,6,Chemin de Ligne,-21.097736,55.288232
202000044407,26,6,2020,17,1,92,92048,2,9,1,7,HENRI BARBUSSE (RUE),48.8088672,2.2435591
202000044408,27,8,2020,17,1,07,07167,2,1,1,1,,44.806583,4.610889
202000044409,25,6,2020,20,1,92,92036,2,2,1,1,GRESILLONS (QUAI DES),48.921194,2.325028
202000044410,26,6,2020,18,1,92,92025,2,1,3,2,BOURNARD (RUE DU),48.923032,2.256336
202000044411,28,8,2020,20,3,34,34225,2,1,3,6,D16,43.366584,3.050401
202000044412,25,6,2020,21,1,92,92009,2,1,1,2,PAUL DEROULEDE ( RUE ),48.912988,2.2709332
202000044413,26,6,2020,19,1,60,60286,2,2,1,3,Rue Frédéric Petit,49.668711,1.934436
202000044414,27,6,2020,4,3,14,14162,1,1,1,7,lieu dit le Fresne,48.8870257,-0.5019853
202000044415,27,8,2020,15,1,66,66136,1,1,1,4,A9,42.734878,2.883482
202000044416,27,8,2020,16,1,2A,2A254,1,1,1,1,D420,41.7712576,9.1634164
202000044417,26,6,2020,16,1,43,43043,1,1,1,3,Chadernac,45.1575751,3.758601
202000044418,27,8,2020,12,1,06,06161,2,2,1,3,Route Rd6007,43.625175,7.131677
202000044419,27,6,2020,7,1,21,21614,1,1,1,2,A31,47.4315878,5.167864
202000044420,28,8,2020,17,1,42,42166,1,1,2,1,Chemin de Sayette,45.9799128,4.0716692
202000044421,26,6,2020,7,1,74,74272,1,1,1,3,Route de Bellegarde,45.942914,6.060199
202000044422,28,8,2020,2,5,31,31418,2,1,1,6,38 Route de Balma,43.623695,1.526672
202000044423,23,6,2020,7,1,83,83019,2,1,1,3,Avenue Lou Mistraou,43.149417,6.298131
202000044424,28,8,2020,7,1,58,58088,1,1,3,7,"Autoroute A77, PK 153.500",47.018785,3.1960239
202000044425,27,6,2020,10,1,74,74071,2,1,1,1,D992,46.027463,5.889713
202000044426,27,6,2020,1,4,74,74278,2,3,1,3,Route de Chatillon,46.0884544,6.5394777
202000044427,26,6,2020,21,1,76,76531,1,2,1,3,D131,49.671072,0.718381
202000044428,27,6,2020,2,3,79,79188,1,1,1,7,Rue de la Saminière,46.690112,-0.620384
202000044429,24,6,2020,16,1,71,71565,1,1,7,6,D325,46.622339,4.067912
202000044430,27,8,2020,19,1,74,74256,2,1,1,3,Avenue de Geneve,45.94692,6.629874
202000044431,2,6,2020,21,2,49,49214,1,1,1,3,Chemin de l'Epine,47.551214,-0.604188
202000044432,16,8,2020,7,1,74,74242,2,1,1,6,Route de la Tuilerie,45.832317,6.172916
202000044433,25,6,2020,18,1,49,49248,1,1,1,1,Route de la Prévière,47.700982,-1.179829
202000044434,27,8,2020,16,1,76,76035,1,1,1,1,Départementale 929,49.767268,1.762791
202000044435,26,6,2020,20,1,22,22046,1,2,1,3,Lieu Dit Quilloury,48.349982,-2.495822
202000044436,27,6,2020,4,3,44,44067,1,1,3,7,Friguel,47.645315,-1.875776
202000044437,28,8,2020,8,1,2B,2B346,1,1,1,2,Venzolasca,42.505254,9.472028
202000044438,26,8,2020,17,1,63,63271,1,4,1,3,Le Moulin d'Auvergne,45.938232,3.517352
202000044439,26,6,2020,16,1,29,29033,1,3,1,3,Lieu Dit Saint Jean,48.2661306,-3.9088088
202000044440,26,6,2020,16,1,02,02506,1,1,1,7,N2,49.285667,3.165436
202000044441,27,8,2020,5,3,42,42219,1,1,1,6,Route de Boën,45.738185,4.087547
202000044442,27,6,2020,9,1,03,03118,2,1,1,6,98 Avenue Saint-James,46.0920806,3.1983857
202000044443,27,8,2020,22,3,34,34268,2,1,1,6,6 Grand Rue,43.714697,3.423893
202000044444,26,6,2020,22,3,01,01296,1,1,1,6,Pirajoux,46.3631218,5.2845559
202000044445,27,8,2020,23,3,34,34139,1,1,1,6,D909,43.40815,3.229165
202000044446,27,6,2020,13,1,04,04154,1,1,1,7,RD 954,44.50402,6.349797
202000044447,27,6,2020,7,1,16,16223,2,1,1,7,11 Rue de Limoges,45.6683,0.49988
202000044448,24,8,2020,18,1,22,22251,2,1,1,7,rue de keribet,48.562663,-2.819612
202000044449,27,6,2020,4,3,16,16379,1,1,1,6,Ld Les Pénigauds,45.795255,0.39802
202000044450,26,6,2020,18,1,07,07149,2,1,1,6,D102,44.817243,4.408725
202000044451,27,8,2020,17,1,39,39339,1,4,1,3,,46.355451,5.769866
202000044452,27,8,2020,12,1,29,29195,2,1,3,7,Lieu-dit Kerfere,48.604865,-4.516073
202000044453,26,6,2020,17,1,21,21154,2,1,1,6,Avenue Noel Navoizat,47.869189,4.571814
202000044454,27,8,2020,3,3,31,31391,2,1,1,6,37 Route de Salies,43.109858,0.942845
202000044455,27,8,2020,23,3,70,70451,2,1,1,6,5 Rue des Vosges,47.70031,6.596014
202000044456,26,6,2020,7,1,24,24159,1,2,1,3,Font du Chause,45.132467,0.275345
202000044457,26,6,2020,19,1,37,37213,2,1,1,3,D6,47.6115313,0.4732034
202000044458,20,8,2020,19,1,26,26115,1,1,1,6,Route de Montelimar,44.692917,5.005558
202000044459,25,6,2020,14,1,30,30182,1,9,1,-1,D999,43.854993,4.182143
202000044460,28,8,2020,16,1,14,14177,1,1,2,-1,Bruyeres aux Davids,49.206523,0.215864
202000044461,24,6,2020,13,1,24,24054,1,1,1,7,le tuquet,44.756295,0.536367
202000044462,25,8,2020,15,1,05,05045,1,3,1,3,N94,44.537783,6.474131
202000044463,27,6,2020,13,1,42,42256,2,1,1,6,Rue d'Outre l'Eau,45.497861,4.164757
202000044464,28,8,2020,17,1,50,50389,1,2,3,3,Route de l'Abbaye,49.012773,-1.361511
202000044465,26,6,2020,15,1,11,11322,1,1,1,3,D3,43.037011,2.952318
202000044466,17,8,2020,18,1,50,50615,2,3,1,3,Chemin de la Victoire,49.501582,-1.451987
202000044467,25,6,2020,5,2,987,98723,1,1,1,7,RT 413,-9.799145,-139.027519
202000044468,26,6,2020,20,3,974,97415,1,1,1,6,D100,-21.07551,55.231082
202000044469,25,6,2020,17,1,974,97420,2,6,1,3,Avenue Mahatma Gandhi,-20.927145,55.631818
202000044470,26,6,2020,19,3,974,97408,1,1,1,6,N1,-20.912039,55.351954
202000044471,27,6,2020,1,3,77,77029,1,1,2,1,D32,48.6484437,2.8572161
202000044472,27,8,2020,16,1,83,83002,1,1,1,6,D19,43.742639,6.244698
202000044473,27,6,2020,11,1,95,95199,2,1,1,6,9 Rue de Bretagne,49.0299718,2.3255936
202000044474,28,8,2020,17,1,60,60386,1,1,1,7,D78,49.50955,2.739029
202000044475,24,6,2020,11,1,67,67210,2,1,1,7,27 rue principale,48.403758,7.328015
202000044476,28,8,2020,13,1,64,64538,1,1,2,7,D933,43.146251,-1.256174
202000044477,27,6,2020,15,1,38,38548,1,1,1,6,Route de la Tancaniere,45.068315,5.535135
202000044478,28,8,2020,11,1,73,73010,1,1,2,7,D911 Route des Bauges,45.731659,5.955936
202000044479,26,6,2020,17,1,69,69028,2,6,1,3,Chemin des Andres,45.7212071,4.7037577
202000044480,5,8,2020,12,1,43,43011,1,1,7,1,Lieu-dit le Moulin,45.122952,3.448452
202000044481,19,6,2020,12,1,69,69050,1,1,1,7,D596,45.851372,4.64653
202000044482,16,8,2020,2,3,21,21461,1,1,1,6,D973,46.9512,4.609151
202000044483,26,6,2020,17,1,16,16232,2,1,1,1,10 route de Limoges,45.702905,0.271793
202000044484,28,8,2020,5,3,85,85234,1,3,2,6,3 Chemin de la Tamisière,46.812525,-2.115314
202000044485,27,6,2020,11,1,33,33551,1,3,1,3,D250,45.090414,-0.639224
202000044486,27,8,2020,20,1,30,30147,1,9,1,3,D982,44.019746,4.055146
202000044487,26,6,2020,14,1,72,72154,2,1,1,3,Allee Maurice Ravel,47.701098,-0.088717
202000044488,27,8,2020,18,1,08,08363,2,1,1,2,28 Rue Pasteur,49.94004,4.636791
202000044489,29,5,2020,21,1,27,27602,2,1,1,6,8 rue du buisson,49.01613,1.088899
202000044490,22,8,2020,15,1,78,78356,1,6,1,2,2 Rue Pierre Nicole,48.747587,2.025476
202000044491,26,6,2020,13,1,13,13215,1,1,1,7,A55-Sens Marseille vers Martigues,43.32969,5.35568
202000044492,28,8,2020,7,1,973,97307,1,1,1,5,Route Nationale 2,4.818857,-52.346174
202000044493,22,5,2020,15,1,13,13071,1,1,1,3,A7-Sens Marseille vers Lyon,43.40337,5.34438
202000044494,25,6,2020,15,1,13,13071,1,1,1,2,A7-Sens Marseille vers Lyon,43.41047,5.28446
202000044495,28,7,2020,10,1,74,74010,2,2,1,3,Chemin de Périaz (Seynod),45.876822,6.089591
202000044496,24,6,2020,18,1,13,13005,1,1,1,4,A502-Sens Toulon par R.N. vers  Aubagne,43.28405,5.5913
202000044497,27,8,2020,18,1,33,33199,1,1,1,2,A660,44.615431,-1.09888
202000044498,25,6,2020,17,1,83,83137,1,1,1,4,A50,43.12506,5.90625
202000044499,26,6,2020,18,1,33,33063,1,1,1,5,ROCADE A 630,44.88047,-0.53994
202000044500,26,6,2020,9,1,33,33192,1,1,1,2,AUTOROUTE A 63,44.78062,-0.6383
202000044501,26,6,2020,11,1,91,91434,1,1,1,4,AUTOROUTE A6,48.6681,2.3548
202000044502,26,6,2020,6,1,91,91617,1,1,1,6,RN 104,48.64418,2.53754
202000044503,28,8,2020,0,3,64,64335,1,1,1,-1,A64,43.344031,-0.397739
202000044504,25,6,2020,21,2,92,92019,1,1,2,6,RN 385 Extèrieure,48.76283,2.24794
202000044505,26,6,2020,18,1,92,92036,1,1,1,3,A86,48.9349592,2.2831025
202000044506,27,8,2020,14,1,976,97602,1,1,1,3,N1,-12.725247,45.123146
202000044507,26,6,2020,1,3,92,92047,1,1,1,6,A13,48.8336506,2.1627274
202000044508,28,8,2020,10,1,49,49068,1,1,1,7,A11,47.430808,-0.879114
202000044509,25,6,2020,23,5,94,94033,1,1,1,2,A86.EXT,48.8554,2.4893
202000044510,28,8,2020,10,1,77,77339,1,1,1,2,A6,48.386593,2.557009
202000044511,13,1,2020,20,5,92,92036,2,9,1,2,BAS ( RUE DES )/ GABRIEL PERI (AVE),48.91575,2.29588
202000044512,24,6,2020,16,1,974,97411,2,3,1,3,GARE (DE LA),-20.8961024,55.4920758
202000044513,17,8,2020,16,1,77,77407,1,1,3,2,A6,48.523183,2.503628
202000044514,25,6,2020,12,1,973,97302,2,1,2,3,MADELEINE (ROUTE DE LA),4.9173079,-52.3214436
202000044515,25,6,2020,12,1,69,69388,2,1,1,2,PAUL SANTY                          (AV),45.72877,4.8769
202000044516,27,8,2020,10,1,33,33005,2,7,1,6,Place du 14 Juillet,44.742567,-1.09678
202000044517,28,8,2020,2,5,84,84092,2,1,1,6,Chemin Panisset,43.976487,4.863447
202000044518,24,6,2020,19,1,69,69386,2,2,1,3,VITTON                              (CO),45.77016,4.85958
202000044519,28,8,2020,6,3,83,83029,1,1,1,3,76 Route départementale 562,43.606468,6.75068
202000044520,25,6,2020,3,5,69,69381,2,1,1,3,PECHERIE (DE LA)                    (QU),45.7666,4.8303
202000044521,24,6,2020,7,1,69,69149,2,2,1,6,JEAN JAURES                         (SQ),45.7158284,4.8190175
202000044522,23,8,2020,18,1,06,06058,1,1,1,2,D6085,43.730838,6.795004
202000044523,25,6,2020,18,1,91,91570,2,1,1,6,SAINT SAENS (RUE),48.634704,2.321568
202000044524,5,2,2020,12,1,30,30179,2,1,1,7,Avenue du 8 Mai 1945,43.873659,4.603207
202000044525,28,8,2020,15,1,04,04143,2,1,1,6,Av de Traversetolo,43.908618,5.905108
202000044526,6,2,2020,15,1,08,08076,1,9,1,6,D951,49.697729,4.698135
202000044527,25,6,2020,23,5,91,91027,2,9,8,3,MITTERAND (AVENUE FRANCOIS) N° 112 A 188,48.70878,2.37146
202000044528,25,6,2020,8,1,87,87085,2,1,1,3,Cours Gay-lussac,45.85428,1.24586
202000044529,7,2,2020,1,5,08,08125,2,1,1,6,38 Route Nationale,49.81156,4.611656
202000044530,27,8,2020,7,2,89,89257,2,2,1,5,Avenue Edouard Branly,47.971142,3.540071
202000044531,25,6,2020,7,1,87,87085,2,1,1,3,BELLAC (RUE DE),45.85428,1.24586