Num_Acc,jour,mois,an,hr,condition_eclairage,departement,commune,condition_agglomeration,intersection,condition_atmosphere,type_collision,adresse,lattitude,longitude
202000044532,7,2,2020,8,1,88,88358,2,1,1,6,32 Rue de la Gare,48.107743,6.568554
202000044533,26,8,2020,14,1,21,21714,1,1,1,1,14 Route de Boncourt-le-bois,47.153015,4.964136
202000044534,7,2,2020,12,1,88,88225,2,1,1,-1,Rue de la Croix Georges,48.090653,6.471001
202000044535,24,6,2020,16,1,87,87113,2,2,1,3,REPUBLIQUE (PLACE DE LA),45.86522,1.32395
202000044536,27,8,2020,15,1,21,21295,1,1,1,2,D974,47.2206015,4.9763309
202000044537,7,2,2020,5,3,74,74208,1,1,1,2,A40,45.912845,6.689883
202000044538,24,8,2020,15,1,08,08081,2,1,1,3,Rue du Vieux Moulin,49.861202,4.761162
202000044539,24,6,2020,18,1,86,86158,2,6,1,3,Rue de Poitiers,46.616604,0.31385
202000044540,7,2,2020,0,3,33,33199,1,6,1,6,A660,44.61592,-1.102087
202000044541,27,8,2020,18,1,67,67404,2,1,1,6,Rue Principale,48.902502,7.953769
202000044542,10,6,2020,13,1,83,83137,2,9,1,7,GALIBIER (CHEMIN DU),43.13682,5.92126
202000044543,6,2,2020,18,2,66,66190,1,1,1,7,D11,42.823595,2.925189
202000044544,28,1,2020,12,1,57,57342,1,1,1,6,Route Nationale 4,48.640332,6.9045
202000044545,24,6,2020,10,1,83,83050,2,1,1,6,CLEMENCEAU(BOULEVARD GEORGES),43.536731,6.463895
202000044546,6,2,2020,7,2,91,91085,2,9,7,6,43 Rue Jean Moulin,48.564755,2.213391
202000044547,25,6,2020,16,1,81,81021,2,1,1,1,THORE,43.50778,2.35907
202000044548,24,6,2020,9,1,80,80021,2,1,1,2,AMONT (PORT D'),49.89531,2.30653
202000044549,7,2,2020,14,1,973,97311,2,1,1,3,Route Saint Maurice,5.4926,-54.031252
202000044550,25,8,2020,13,1,67,67046,2,3,1,1,Rue des Pharmaciens,48.7674508,7.8600098
202000044551,7,2,2020,8,2,37,37072,2,1,1,6,Rue du Petit Bouqueteau,47.1719782,0.2584641
202000044552,24,6,2020,17,1,80,80021,2,4,1,3,GEORGES QUARANTE (AVENUE),49.91707,2.25734
202000044553,5,2,2020,15,1,83,83099,2,1,1,7,Impasse des Marsouins,43.453663,6.693018
202000044554,23,6,2020,8,1,80,80021,2,1,1,6,SAINT MAURICE (RUE),49.90528,2.28701
202000044555,27,8,2020,14,1,57,57444,2,1,1,6,12 rue du ruisseau,49.111499,6.538464
202000044556,7,2,2020,7,2,68,68226,2,1,1,6,5 Rue Sébastopol,48.039972,7.135084
202000044557,28,8,2020,1,3,73,73150,1,1,1,3,D221 Rte de la Plagne,45.5494457,6.6722595
202000044558,24,6,2020,12,1,79,79191,2,2,1,3,125 Rue de Ribray,46.32213,-0.47578
202000044559,1,2,2020,9,1,69,69159,2,1,1,6,26 rue du ruisseau,45.9650076,4.6508216
202000044560,25,6,2020,14,1,78,78440,1,1,1,4,VERNEUIL (ROUTE DE),48.99232,1.94058
202000044561,5,2,2020,19,3,81,81038,1,1,1,3,A68,43.879944,1.910407
202000044562,27,8,2020,18,1,38,38464,1,2,1,1,Chemin de Gourgeolas,45.55218,5.397109
202000044563,27,8,2020,21,3,38,38054,2,1,1,2,Route du Bugey,45.788965,5.429263
202000044564,5,2,2020,15,1,33,33056,2,3,1,3,Rue du Maréchal Juin,44.907137,-0.635834
202000044565,24,6,2020,18,1,76,76351,2,1,1,6,LENINGRAD (BD DE),49.4993,0.1636
202000044566,6,2,2020,16,1,60,60439,2,1,1,6,Rue de Noailles,49.3197096,2.3098575
202000044567,25,6,2020,13,1,73,73065,2,2,1,3,MORANDAT YVON (RUE),45.56871,5.93591
202000044568,7,2,2020,0,3,60,60628,1,1,9,7,Rue du Général de Gaulle,49.4238246,2.1458322
202000044569,27,8,2020,16,1,40,40077,1,1,1,1,Route de Labatut,43.546514,-1.063552
202000044570,5,2,2020,22,3,13,13005,1,1,1,7,A50-Sens Aubagne vers Marseille,43.28778,5.5451
202000044571,4,2,2020,22,3,13,13071,1,1,1,6,A7-Sens Lyon vers Marseille,43.41656,5.2744629
202000044572,28,8,2020,6,2,76,76434,2,2,1,4,Route de Mesnil Raoul,49.386535,1.270949
202000044573,5,2,2020,16,1,67,67447,1,1,1,3,Autoroute A.4,48.6006455,7.7348026
202000044574,6,2,2020,18,2,33,33013,1,1,1,3,ROUTE NATIONALE 230,44.8453,-0.502
202000044575,27,8,2020,6,2,59,59177,2,1,1,7,39 Route de Cartignies,50.131248,3.863687
202000044576,26,8,2020,11,1,13,13215,1,1,1,3,A55-Sens Marseille vers Martigues,43.328,5.3576
202000044577,6,2,2020,8,1,33,33013,1,1,1,5,ROUTE NATIONALE 230,44.8528,-0.50494
202000044578,26,8,2020,11,1,13,13001,1,1,1,7,A51-Sens Aix en Provence vers Marseille,43.5114,5.4196
202000044579,6,2,2020,16,1,91,91521,1,1,1,4,RN 104,48.6331,2.4054
202000044580,6,2,2020,6,3,94,94038,1,1,1,7,AUTOROUTE A6B,48.77866,2.3466
202000044581,5,2,2020,19,3,91,91161,1,1,1,3,AUTOROUTE A6,48.71252,2.3081
202000044582,6,2,2020,10,1,78,78571,1,1,1,5,A13,48.86648,2.03491
202000044583,6,2,2020,8,1,92,92048,1,1,1,-1,N118,48.8016,2.21512
202000044584,6,2,2020,13,1,94,94017,1,1,1,3,A4,48.8296743,2.4982711
202000044585,5,2,2020,11,1,974,97416,2,9,1,6,ISAUTIER (RUE FRANCOIS),-21.3409,55.47269
202000044586,5,2,2020,16,1,974,97411,1,1,1,3,Chemin de Bois Rouge,-20.920525,55.492094
202000044587,5,2,2020,19,4,69,69387,2,2,1,6,NICOLAI                             (R ),45.7489932,4.8564845
202000044588,26,8,2020,5,2,13,13056,1,1,1,2,A55-Sens Martigues vers Marseille,43.4013,5.0432
202000044589,5,2,2020,14,1,69,69386,2,2,1,3,MARECHAL FOCH (DU)                  (AV),45.7726,4.84307
202000044590,26,8,2020,19,1,13,13070,1,1,1,4,A50-Sens Aubagne vers Marseille,43.285243,5.516117
202000044591,26,8,2020,17,1,13,13005,1,1,1,2,A501-Sens Aubagne vers Pont de l'Etoile,43.3026,5.5682
202000044592,5,2,2020,14,1,69,69259,2,2,1,5,PROFESSEUR ROUX (DU)                (R ),45.7182356,4.8593614
202000044593,17,8,2020,18,1,13,13081,1,1,1,6,A7-Sens Lyon vers Marseille,43.493886,5.239575
202000044594,26,8,2020,23,5,33,33143,1,1,1,5,AUTOROUTE A 10,44.95917,-0.44628
202000044595,23,5,2020,18,1,91,91174,2,2,1,6,LAFAYETTE ( RUE),48.615681,2.475238
202000044596,27,8,2020,19,1,94,94076,1,1,1,2,AUTOROUTE A6A,48.7914,2.3442
202000044597,27,7,2020,6,1,91,91286,1,1,1,3,AUTOROUTE A6,48.6532867,2.3809944
202000044598,23,5,2020,19,1,86,86027,1,3,7,3,Route de Bellevue,46.5792022,0.2941317
202000044599,26,8,2020,21,3,91,91570,1,1,1,2,RN 104,48.62539,2.32004
202000044600,5,2,2020,7,1,69,69387,2,1,1,6,JEAN JAURES                         (AV),45.74821,4.84367
202000044601,24,5,2020,18,1,71,71040,2,3,1,2,Route de Mâcon,46.6865199,4.3905562
202000044602,27,8,2020,12,2,78,78640,1,1,1,2,N118,48.779627,2.222547
202000044603,24,5,2020,21,5,69,69266,2,3,1,1,CYPRIAN   (Rue de)                  ,45.75706,4.90201
202000044604,5,2,2020,6,5,69,69381,2,2,1,3,ALGERIE (D')                        (R ),45.7672572,4.8309418
202000044605,27,8,2020,16,1,92,92036,1,1,1,2,AUTOROUTE A15,48.94354,2.28738
202000044606,24,5,2020,16,1,69,69091,2,1,1,5,GAGARINE (AV),45.5991573,4.7692053
202000044607,5,2,2020,15,1,971,97101,1,3,1,3,BESSON,16.2370837,-61.5015507
202000044608,26,8,2020,20,3,95,95682,1,1,1,5,RN 104,49.06814,2.39189
202000044609,24,5,2020,17,1,64,64102,2,1,1,2,MARINES (AVENUE DES ALLEES),43.49665,-1.48254
202000044610,4,2,2020,13,1,91,91432,2,2,1,3,BALZAC (AVENUE),48.701391,2.330982
202000044611,27,8,2020,10,1,93,93030,1,1,1,3,AUTOROUTE A1,48.93963,2.42018
202000044612,5,2,2020,8,1,91,91339,2,1,1,3,RN 20,48.63599,2.26665
202000044613,23,5,2020,19,1,64,64024,2,9,1,3,avenue des Vagues,43.498737,-1.542744
202000044614,27,8,2020,10,1,60,60505,1,1,1,2,AUTOROUTE A1,49.17137,2.59976
202000044615,24,5,2020,22,5,33,33281,2,2,1,3,AVE DE LA SOMME / AVE HENRI VIGNEAU,44.82889,-0.6645
202000044616,3,2,2020,15,1,87,87085,2,6,1,3,NEXON (RUE DE),45.81063,1.2573
202000044617,26,8,2020,20,3,93,93048,1,1,1,3,AUTOROUTE A86,48.86462,2.48203
202000044618,4,2,2020,13,1,85,85194,2,6,1,3, ROND POINT DU DOCTEUR CHARCOT,46.50514,-1.78985
202000044619,24,5,2020,17,1,33,33249,2,1,1,3,1 Rue Saint Cricq,44.86971,-0.53134
202000044620,4,2,2020,10,1,80,80021,2,1,1,1,ALSACE LORRAINE (BOULEVARD D'),49.89444,2.30926
202000044621,26,8,2020,0,3,95,95154,1,1,1,5,A1,49.03802,2.54198
202000044622,24,5,2020,18,1,29,29039,2,1,1,2,Allee des Chaperons,47.8563701,-3.9104132
202000044623,27,8,2020,11,1,94,94018,1,1,1,2,A4,48.8232003,2.3958043
202000044624,23,5,2020,17,1,25,25056,2,3,8,6,AVANNE A VELOTTE CHEMIN D',47.21631,6.00262
202000044625,4,2,2020,18,5,78,78646,2,2,1,3,ALEXANDRE BONTEMPS (RUE),48.79419,2.12344
202000044626,23,5,2020,11,1,13,13071,1,1,1,3,ROUTE NATIONALE 113 - RENARDIERE,43.41221,5.3031
202000044627,26,8,2020,17,2,974,97416,1,1,1,2,Route Nationale 3,-21.29885,55.50669
202000044628,24,5,2020,15,1,13,13216,2,1,1,3,ESTAQUE PLAGE,43.359871,5.315846
202000044629,26,8,2020,19,5,974,97416,2,3,1,3,PRESIDENT MITTERAND(AVENUE),-21.34296,55.4815
202000044630,4,2,2020,8,1,74,74119,2,3,8,3,CORNICHE (ROUTE DE LA)  CD21,46.38755,6.58665
202000044631,24,5,2020,17,1,13,13207,2,1,1,3,Corniche John Fitzgérald Kennedy,43.28192,5.3511
202000044632,26,8,2020,10,1,974,97416,2,6,1,7,LORION(RUE LUC),-21.33128,55.47208
202000044633,26,8,2020,8,1,974,97416,2,9,1,6,LAURENT VERGES(AVENUE),-21.29897,55.45553
202000044634,23,5,2020,19,1,13,13213,2,1,1,2,JEAN PAUL SARTRE (AVENUE),43.3204118,5.4160417
202000044635,5,2,2020,13,1,69,69266,2,3,1,3,TOLSTOI    (Cours),45.76165,4.882
202000044636,26,8,2020,19,2,974,97411,2,1,1,3,Boulevard Jean Jaures,-20.89208,55.46777
202000044637,5,2,2020,10,1,69,69266,2,1,1,6,GENAS    (Route de),45.7535,4.8959
202000044638,24,5,2020,0,5,13,13210,2,3,1,3,MIREILLE LAUZE (BOULEVARD),43.283324,5.412876
202000044639,23,5,2020,17,1,13,13209,2,1,1,3,MARÉCHAL DE LATTRE (AVENUE),43.245893,5.417295
202000044640,26,8,2020,12,1,974,97411,2,4,1,3,MACE (ROUTE GABRIEL),-20.9259471,55.4936814
202000044641,26,8,2020,22,5,69,69383,2,1,1,-1,ANDRE PHILIP                        (R ),45.7592268,4.8508939
202000044642,24,5,2020,9,1,13,13005,2,7,1,3,NATIONALE 8 DE PARIS A TOULON (ROUTE),43.2839,5.59359
202000044643,4,2,2020,18,5,69,69282,2,2,1,5,REPUBLIQUE (DE)                     (R ),45.7648,5.0121
202000044644,7,5,2020,6,2,07,07008,1,1,1,7,,44.699146,4.637039
202000044645,26,8,2020,18,1,69,69259,2,1,1,3,ACACIAS (DES)                       (AL),45.72467,4.86905
202000044646,5,2,2020,9,1,59,59599,2,1,8,2,ALLENDE (AVENUE SALVADOR),50.7217861,3.1638157
202000044647,24,5,2020,18,1,06,06027,2,1,1,3,PLAGE BOULEVARD DE LA,43.653951,7.157177
202000044648,26,8,2020,18,1,69,69383,2,3,1,3,CREQUI (DE)                         (R ),45.7578,4.84816
202000044649,24,5,2020,20,2,75,75119,2,1,1,7,BOULEVARD PERIPHERIQUE EXTERIEUR NORD  ,48.900591,2.383459
202000044650,18,8,2020,16,1,69,69276,2,1,1,7,VIENNE (DE)                             ,45.66765,4.85914
202000044651,31,1,2020,8,2,58,58194,2,6,2,3,PRE PLANTIN (BOULEVARD),46.9807,3.1303
202000044652,24,5,2020,13,1,75,75116,2,1,7,2,RUE GEORGE SAND,48.849826,2.268355
202000044653,26,8,2020,14,1,69,69259,2,1,1,2,AMBROISE CROIZAT                    (BD),45.70257,4.887698
202000044654,4,2,2020,18,2,56,56083,1,1,1,2,ROUTE NATIONALE  165,47.78911,-3.28929
202000044655,24,5,2020,0,5,75,75114,2,3,1,3,RUE DES PLANTES,48.829299,2.322676
202000044656,5,2,2020,14,1,54,54395,2,1,1,2,AUSTRASIE (BOULEVARD),48.6929768,6.1992283
202000044657,26,8,2020,15,1,972,97213,1,9,1,5,ROUTE NATIONALE 1,14.6466,-60.976
202000044658,24,5,2020,9,1,75,75112,2,1,1,3,AVENUE DE LA PORTE DE VINCENNES,48.846896,2.412856
202000044659,26,8,2020,16,1,972,97209,1,4,1,7,ORANGERS AMERS (IMP DES),14.62884,-61.05975
202000044660,5,2,2020,17,1,51,51454,2,2,1,3,Rue Docteur Lemoine,49.2683772,4.0352954
202000044661,23,5,2020,20,2,75,75104,2,4,1,3,BOULEVARD MORLAND,48.848271,2.364879
202000044662,26,8,2020,14,1,69,69389,2,1,1,3,MARIETTON                           (R ),45.77605,4.79962
202000044663,23,5,2020,22,4,75,75104,2,1,1,2,QUAI HENRI IV,48.84916,2.362176
202000044664,24,8,2020,9,1,69,69382,2,1,1,3,PERRACHE                            (QU),45.740006,4.82307
202000044665,29,1,2020,12,1,50,50602,2,7,1,3,MOULIN (RD PT JEAN),49.63517,-1.59137
202000044666,24,5,2020,17,1,94,94058,2,1,1,3,ARGONNE (QU D),48.8469167,2.5107711
202000044667,26,8,2020,11,1,2A,2A004,2,6,1,2,STILETTO LOT RTE MEZZAVIA,41.9478982,8.7645233
202000044668,4,2,2020,14,1,49,49007,2,1,1,3,RABELAIS,47.46347,-0.54799
202000044669,24,5,2020,11,1,94,94046,2,1,1,3,GENERAL DE GAULLE (AV DU),48.8159,2.42
202000044670,24,5,2020,0,5,94,94022,2,9,1,7,MESANGES (AV DES),48.7753709,2.417641
202000044671,5,2,2020,17,1,45,45234,2,2,1,6,Avenue de l'Hopital - Rue A Paré,47.830798,1.920255
202000044672,24,5,2020,18,1,94,94017,2,1,1,6,REPUBLIQUE (AV DE LA),48.82173,2.51051
202000044673,5,2,2020,8,1,45,45147,2,1,1,3,333 Rue Marcelin Berthelot,47.944931,1.921
202000044674,24,5,2020,17,1,93,93064,2,2,1,3,FERRY (RUE JULES),48.8765301,2.4759483
202000044675,5,2,2020,8,1,45,45004,1,3,1,3,D973 PR 1 + 275,48.002598,2.781889
202000044676,26,8,2020,10,1,91,91377,2,6,1,3,AMPERE (RUE),48.72102,2.27259
202000044677,26,8,2020,10,1,91,91201,2,1,1,6,MARTYRS DE CHATEAUBRIAND(AVENUE DES),48.68524,2.4118
202000044678,4,2,2020,13,1,45,45208,2,1,8,2,RUE DU PORT,48.00076,2.72969
202000044679,26,8,2020,7,1,91,91114,2,2,7,7,CENTRE (RUE DU),48.70914,2.50702
202000044680,26,8,2020,18,1,88,88413,2,1,1,6,Avenue LEON GRANDJEAN,48.28164,6.96047
202000044681,5,2,2020,18,1,44,44109,2,1,1,-1,RUE DU MOULIN,47.2168,-1.55461
202000044682,25,8,2020,15,1,86,86194,2,1,1,3,Boulevard Chasseigne,46.58889,0.34732
202000044683,24,4,2020,11,1,93,93010,2,1,1,3,GALLIENI (AV.) DE 2 A 96,48.9046809,2.4750926
202000044684,26,8,2020,7,1,83,83062,2,1,7,2,ROUTE DE HYERES,43.13479,6.034
202000044685,24,5,2020,18,1,92,92078,2,3,1,3,MARECHAL LECLERC (AVENUE) (PAIRS),48.937812,2.324344
202000044686,5,2,2020,22,5,38,38185,2,4,1,3,Place du Docteur Galimard,45.17498,5.72563
202000044687,26,8,2020,13,1,83,83034,2,1,1,3,RUE DES 3 PINS,43.10304,6.07111
202000044688,24,5,2020,19,1,92,92024,2,2,7,1,GARDES (ROUTE DES) N° 5 A 51,48.9050342,2.3091987
202000044689,25,8,2020,14,1,79,79191,2,3,1,3,Rue de l'Espingole,46.32419,-0.46771
202000044690,26,8,2020,18,1,78,78358,2,1,1,6,SAINT GERMAIN (AVENUE DE),48.94141,2.13977
202000044691,25,5,2020,7,1,35,35149,1,2,1,3,Le Moulin a Vent,47.9677023,-1.8680465
202000044692,23,5,2020,13,1,38,38035,1,1,3,7,Chemin des Combes,45.52688,5.06204
202000044693,24,5,2020,15,1,35,35231,1,1,1,6,N137,47.9127854,-1.6820355
202000044694,25,8,2020,16,1,76,76351,2,3,1,3,VERDUN (RUE DE),49.50205,0.1576
202000044695,4,2,2020,17,1,37,37261,2,2,1,6,PREUILLY (BOULEVARD),47.3949062,0.6755855
202000044696,24,5,2020,16,1,41,41006,1,1,1,7,Rue de Verdes,47.884967,1.414222
202000044697,5,1,2020,18,3,01,01262,1,9,1,7,D4,45.9268485,5.031705
202000044698,2,1,2020,20,3,17,17092,1,1,1,1,RD 19,45.33735,-0.418919
202000044699,4,1,2020,17,2,33,33322,1,1,1,6,Louens Est,44.941289,-0.695928
202000044700,26,8,2020,15,1,76,76576,1,5,1,3,D6015,49.55959,0.46879
202000044701,6,1,2020,7,3,50,50416,1,1,1,6,Route de Beaumont,49.642633,-1.731005
202000044702,24,5,2020,17,1,83,83097,1,1,1,7,D23,43.534145,5.730615
202000044703,5,2,2020,17,2,35,35238,2,9,1,3,CUCILLE (AVENUE DE),48.12808,-1.70302
202000044704,22,8,2020,19,1,69,69266,2,2,1,3,POIZAT      (Rue),45.75816,4.8933
202000044705,5,2,2020,7,2,35,35238,2,3,1,1,CHATILLON (DE),48.10152,-1.67256
202000044706,25,8,2020,8,1,67,67482,2,1,1,6,OSTWALD (PLACE D ),48.564672,7.706491
202000044707,5,2,2020,17,2,34,34172,2,3,1,3,CARRE DU ROI (RUE DU),43.61271,3.87099
202000044708,5,2,2020,11,1,34,34172,2,1,1,6,ETATS DU LANGUEDOC (AVENUE DES),43.6095179,3.883521
202000044709,5,2,2020,18,5,33,33013,1,1,1,3,ROUTE NATIONALE 89,44.86783,-0.49274
202000044710,26,8,2020,15,1,64,64102,2,6,1,2,GIRATOIRE DES PONTOTS,43.48845,-1.4917
202000044711,24,5,2020,16,1,19,19252,1,1,1,6,Lieu dit VIOUX,45.4140081,2.4751549
202000044712,30,1,2020,6,5,33,33063,2,4,2,2,CRS CHARLES BRICAUD / AVE DES TROIS CARDINAUX,44.88713,-0.56004
202000044713,5,2,2020,11,1,33,33550,2,3,1,2,91 AVE GEORGES CLEMENCEAU,44.77894,-0.55577
202000044714,26,8,2020,11,1,64,64102,2,1,1,2,BAB (Boulevard),43.49634,-1.48582
202000044715,24,5,2020,18,1,19,19083,1,1,1,7,D1089,45.653783,2.512248
202000044716,5,1,2020,18,5,59,59120,2,1,2,6,86 Rue de Bailleul,50.7589218,2.6062354
202000044717,5,2,2020,9,1,33,33075,2,3,1,3,ALL DU BRION,44.87631,-0.60767
202000044718,26,8,2020,11,1,59,59090,2,1,1,3,GEORGES (CHEMIN SAINT),50.70223,3.08497
202000044719,26,8,2020,14,1,59,59350,2,2,1,6,BELFORT BOULEVARD DE,50.61812,3.07368
202000044720,26,8,2020,12,1,59,59350,2,3,1,6,JACQUET EUGENE RUE N°IMPAIRS,50.6381116,3.0799023
202000044721,24,5,2020,19,1,74,74311,2,1,7,1,Route du Fer a Cheval,46.142054,6.404903
202000044722,25,8,2020,21,1,56,56098,2,2,1,3,MAI 1945 ( AV. DU 8 ),47.75727,-3.33132
202000044723,5,1,2020,21,3,13,13071,1,1,1,5,A55 - Sens Marseille vers Martigues,43.396299,5.298806
202000044724,5,1,2020,17,1,33,33487,1,1,1,2,AUTOROUTE A 10,44.95427,-0.45614
202000044725,5,2,2020,9,1,33,33167,2,3,1,3,Av PIERRE MENDES-FRANCE,44.84264,-0.5099
202000044726,5,1,2020,6,3,91,91432,1,1,1,7,AUTOROUTE A6,48.69337,2.32035
202000044727,5,1,2020,3,3,91,91377,1,1,1,2,AUTOROUTE A10,48.72881,2.30545
202000044728,21,8,2020,23,5,54,54395,2,1,1,2,Marcel BROT (Rue et Rond-Point ),48.67744,6.20562
202000044729,25,5,2020,0,3,82,82112,2,1,1,7,Route de Serat,44.10126,1.072772
202000044730,5,1,2020,3,3,78,78090,1,1,1,2,A13,48.969337,1.915278
202000044731,25,8,2020,17,1,54,54395,2,1,1,-1,31 rue jules Dorget,48.6791067,6.1876604
202000044732,24,5,2020,21,2,11,11351,1,1,1,6,D611,43.106592,2.715447
202000044733,4,1,2020,16,1,974,97411,2,3,1,3,Place du Général de Gaulle,-20.8752642,55.4455017
202000044734,4,1,2020,13,1,69,69388,2,1,8,6,EUROPE (DE L')                      (AV),45.74006,4.85937
202000044735,4,1,2020,19,5,972,97213,2,1,3,6,ROUTE DEPARTEMENTALE 14,14.6195,-61.0205
202000044736,26,8,2020,14,1,51,51454,1,1,1,7,Avenue Nicéphore Niepce,49.240196,4.078231
202000044737,4,2,2020,19,5,33,33529,2,1,1,3,"centre commercial ""Cap Océan"" ",44.63517,-1.15349
202000044738,4,1,2020,18,5,69,69389,2,2,1,3,24 MARS 1852 ,45.777731,4.8015199
202000044739,21,8,2020,18,1,49,49007,2,1,1,6,DESJARDIN,47.46797,-0.54654
202000044740,5,2,2020,9,1,31,31555,2,1,1,7,DIDE (ROND POINT DU DR MAURICE),43.54916,1.42025
202000044741,25,5,2020,14,1,11,11099,2,1,1,7,16 Avenue de la Montagne Noire,43.278134,2.405461
202000044742,25,8,2020,14,1,49,49007,2,1,1,6,RALLIEMENT PLACE,47.4715,-0.55186
202000044743,4,1,2020,14,1,69,69034,2,3,1,3,CREPIEUX (DE)                       (CH),45.8014654,4.8629069
202000044744,4,2,2020,1,5,25,25388,2,2,6,6,OEHMICHEN (RUE ETIENNE),47.5016,6.78841
202000044745,31,1,2020,10,1,22,22278,2,1,1,2,BALZAC,48.51235,-2.75219
202000044746,3,2,2020,18,5,22,22278,2,2,3,6,BUTTES (DES),48.51609,-2.77012
202000044747,22,8,2020,11,1,49,49353,2,1,1,3,CAMUS,47.45557,-0.50726
202000044748,28,1,2020,11,1,22,22113,2,6,1,3,SAINT MARC (RUE DE),48.73421,-3.4448748
202000044749,25,8,2020,18,1,47,47001,2,7,1,6,14 JUILLET (PLACE DU),44.20493,0.62568
202000044750,4,2,2020,11,1,21,21231,2,2,2,6,MONTCHAPET (DE) (RUE),47.332452,5.026997
202000044751,4,2,2020,14,1,19,19275,2,1,8,6,RUE PASTEUR ,45.54347,2.30995
202000044752,4,1,2020,7,5,69,69384,2,2,2,3,ARTAUD                              (R ),45.78096,4.83662
202000044753,6,2,2020,0,5,13,13212,2,2,1,3,PIERRE CHEVALIER (avenue),43.29498,5.42693
202000044754,26,8,2020,3,5,47,47001,2,7,1,6,JASMIN (PLACE),44.20464,0.61191
202000044755,4,1,2020,1,5,69,69382,2,9,1,3,GROLEE                              (R ),45.76069,4.837
202000044756,5,2,2020,19,5,13,13215,2,1,1,1,VISTE (AVENUE DE LA),43.358709,5.357659
202000044757,19,8,2020,21,1,44,44132,2,3,1,3,Avenue de Mazy,47.27072,-2.34827
202000044758,3,1,2020,23,5,69,69385,2,1,8,7,ANGES (DES)                         (R ),45.7562492,4.8134233
202000044759,5,2,2020,18,5,13,13208,2,1,1,3,CLOT BEY (AVENUE),43.2578,5.3834
202000044760,4,1,2020,4,3,2B,2B037,1,1,1,6,TOUTES RUES,42.61,9.43
202000044761,25,5,2020,9,1,49,49373,1,2,1,3,Lieu Dit la Tremouillere,47.1233461,-0.4289967
202000044762,4,2,2020,19,5,13,13211,2,1,6,3,JEAN LOMBARD (AVENUE),43.288917,5.429865
202000044763,4,1,2020,16,2,78,78586,2,3,1,6,Rue de Saint-Exupéry,48.94562,2.19461
202000044764,4,2,2020,20,5,11,11262,2,3,1,3,TASSIGNY (AV. MCHAL DE LATTRE DE),43.19194,3.00938
202000044765,24,5,2020,18,1,68,68205,1,2,1,3,D201,47.923874,7.357474
202000044766,4,1,2020,17,5,59,59599,2,1,8,2,FOREST (CHAUSSEE FERNAND),50.736893,3.154309
202000044767,24,5,2020,17,1,35,35279,1,1,1,6,D7,48.5747459,-1.8904645
202000044768,4,2,2020,15,1,11,11069,2,1,1,3,BRAM -ROUTE DE-,43.2269,2.2881
202000044769,25,8,2020,12,1,38,38185,1,1,1,3,Rue Maurice Dodero,45.16019,5.73106
202000044770,26,8,2020,0,5,37,37195,2,1,1,7,MONTILS (RUE DES),47.3761267,0.6440847
202000044771,4,1,2020,13,1,59,59599,2,3,1,1,SCHWEITZER (RUE DU DOCTEUR),50.7397903,3.1799789
202000044772,4,1,2020,19,5,59,59350,2,1,1,6,SOLFERINO RUE N°1 - 159,50.63472,3.04834
202000044773,4,1,2020,20,5,54,54395,2,2,1,3,DE LATTRE DE TASSIGNY (AV. MAL),48.6843,6.1886
202000044774,26,8,2020,13,1,35,35051,2,1,1,5,CHALOTAIS (RUE DE LA),48.11788,-1.60059
202000044775,21,5,2020,10,1,29,29212,1,1,1,3,50 Route de Kerarrouz,48.373542,-4.594892
202000044776,5,2,2020,19,5,75,75116,2,1,1,2,ECHANGEUR MUETTE,48.867343,2.269366
202000044777,4,1,2020,18,5,54,54395,2,6,1,3,DE LA TOUR (RUE GEORGES),48.6927,6.19592
202000044778,26,8,2020,12,1,33,33529,2,6,1,6,CHARLEVOIX DE VILLIERS (RUE),44.63491,-1.15163
202000044779,5,2,2020,14,1,75,75120,2,1,1,-1,PORTE DE MONTREUIL,48.852713,2.414464
202000044780,4,2,2020,16,1,75,75104,2,2,1,6,QUAI DE L HOTEL DE VILLE,48.854291,2.354887
202000044781,24,5,2020,16,1,38,38431,2,3,1,3,Route de Chambery,45.255869,5.845783
202000044782,4,2,2020,13,1,75,75106,2,2,2,3,BOULEVARD SAINT GERMAIN,48.854469,2.330466
202000044783,5,2,2020,21,3,75,75120,2,1,1,-1,AVENUE DU PROFESSEUR ANDRE LEMIERE,48.856485,2.414467
202000044784,25,5,2020,19,1,84,84148,1,1,1,6,Route de la Nesque,44.055487,5.244234
202000044785,5,2,2020,10,1,75,75118,2,1,1,3,RUE JOSEPH DE MAISTRE,48.892092,2.330644
202000044786,5,2,2020,18,5,75,75117,2,1,1,6,AVENUE DE VILLIERS,48.885614,2.292101
202000044787,4,2,2020,14,1,75,75116,2,1,1,6,AVENUE DE LA GRANDE ARMEE,48.876746,2.285676
202000044788,24,5,2020,2,3,03,03128,2,1,1,6,31 Rue de la République,46.3698345,2.4796915
202000044789,4,2,2020,9,1,75,75115,2,2,2,2,RUE DE VAUGIRARD,48.844995,2.319818
202000044790,26,8,2020,18,1,25,25388,2,9,1,6,BAUHIN (RUE JEAN),47.5094,6.80294
202000044791,4,1,2020,9,2,45,45274,2,6,1,1,RUE DES ECOLES,47.8807,1.9568
202000044792,24,5,2020,18,1,15,15054,1,1,1,6,D62,45.345144,2.758861