Num_Acc,jour,mois,an,hr,condition_eclairage,departement,commune,condition_agglomeration,intersection,condition_atmosphere,type_collision,adresse,lattitude,longitude
202000044793,5,2,2020,14,1,75,75114,2,1,1,3,AVENUE PAUL VAILLANT COUTURIER,48.816402,2.340339
202000044794,24,5,2020,23,3,60,60584,1,1,1,2,2 Route de Creil,49.2305581,2.4336077
202000044795,5,2,2020,8,1,75,75113,2,1,1,6,BOULEVARD MASSENA,48.820777,2.366767
202000044796,23,5,2020,18,1,18,18057,2,1,1,7,Route de la Châtre,46.560863,2.185416
202000044797,4,1,2020,18,1,44,44162,2,1,1,6,Avenue des Thébaudières,47.24237,-1.60826
202000044798,5,2,2020,14,1,75,75111,2,3,1,6,RUE DE CHARONNE,48.855501,2.389645
202000044799,4,1,2020,13,1,34,34172,1,1,1,-1,FOND FROIDE (RUE DE LA),43.64542,3.84371
202000044800,5,2,2020,15,1,75,75101,2,1,1,3,PONT AU CHANGE,48.857031,2.346918
202000044801,4,1,2020,19,5,33,33063,2,2,1,2,RUE DE SAGET / RUE JEAN DESCAS,44.828929,-0.55669
202000044802,5,2,2020,13,1,75,75103,2,2,1,6,RUE DES HAUDRIETTES,48.861242,2.358205
202000044803,3,2,2020,7,2,94,94068,2,1,1,2,BEAUBOURG (QU),48.81342,2.47876
202000044804,4,1,2020,18,3,33,33199,1,1,1,2,RN250 (BONNEVAL -LA HUME) - STADE,44.6169,-1.1112
202000044805,4,1,2020,16,1,29,29232,2,1,1,1,Rue du Frugy,47.98777,-4.10804
202000044806,24,5,2020,19,1,43,43114,1,1,1,6,Grange neuve,45.175064,4.226496
202000044807,5,6,2020,18,1,24,24322,2,7,1,6,MONTAIGNE (COURS MICHEL DE),45.18568,0.72089
202000044808,5,2,2020,13,1,94,94046,2,1,1,6,JEAN JAURES (R),48.794613,2.434075
202000044809,25,8,2020,17,1,17,17306,2,9,2,3,Rue Gambetta,45.623668,-1.029711
202000044810,4,2,2020,5,5,94,94041,2,2,8,1,JEAN LE GALLEU (R),48.81527,2.3756
202000044811,26,8,2020,7,1,17,17300,2,1,1,3,ROYALE  AVENUE DE LA PORTE,46.16316,-1.13928
202000044812,26,8,2020,16,1,14,14437,1,1,1,2,RN 814,49.17873,-0.32083
202000044813,26,8,2020,12,1,14,14118,2,1,1,6,JUIN (BOULEVARD  DU MARECHAL ),49.2106859,-0.3658169
202000044814,3,2,2020,18,5,94,94053,2,2,1,3,PIERRE BROSSOLETTE (R),48.7773,2.54509
202000044815,24,5,2020,18,1,53,53176,1,1,1,7,La Foisilliere,48.420572,-0.677054
202000044816,5,2,2020,7,2,93,93077,2,1,1,-1,GRANDE RUE,48.88279,2.51492
202000044817,25,5,2020,16,1,53,53200,1,1,1,1,la campanule,48.292523,-0.645436
202000044818,5,2,2020,15,1,93,93051,2,6,1,2,MONT D'EST (BD),48.8433868,2.5479171
202000044819,24,5,2020,17,1,27,27026,1,1,1,7,D9,49.20341,1.643786
202000044820,5,2,2020,7,2,93,93031,2,1,1,6,RTE D'ARGENTEUIL,48.96164,2.29497
202000044821,5,2,2020,7,5,93,93010,2,1,1,6,R ANDREI SAKHAROV,48.9165,2.4894
202000044822,4,1,2020,2,5,26,26198,2,1,1,7,1 Rue Raymond Gabert,44.54865,4.74881
202000044823,26,8,2020,11,1,13,13201,2,3,1,6,BD MAURICE BOURDET,43.303318,5.379098
202000044824,26,8,2020,6,2,13,13209,2,1,1,7,MARÉCHAL DE LATTRE (AVENUE),43.248,5.4064
202000044825,3,1,2020,18,5,17,17300,2,1,2,6,COGNEHORS   BOULEVARD DE (1-95)),46.1674,-1.13977
202000044826,4,1,2020,11,1,13,13201,2,3,1,3,ABEILLES (RUE DES),43.302795,5.384639
202000044827,4,1,2020,0,5,13,13213,2,1,1,5,OLIVES (AVENUE DES),43.32434,5.44295
202000044828,3,5,2020,18,1,37,37263,1,1,1,7,D45,47.2915962,0.8720325
202000044829,5,2,2020,13,1,93,93007,2,3,1,3,ARISTIDE BRIAND (AVENUE COTE PAIRS),48.94398,2.44626
202000044830,4,1,2020,9,1,09,09225,1,1,1,6,TROIS BORNES LIEU DIT LES,43.14076,1.66867
202000044831,5,2,2020,17,1,93,93001,2,9,1,1,R DU MOUTIER ,48.914795,2.381622
202000044832,24,5,2020,16,1,30,30015,1,1,1,1,D48n,44.029575,3.595126
202000044833,3,1,2020,19,3,75,75117,2,1,1,6,ECHANGEUR MAILLOT,48.8794194,2.2808186
202000044834,5,2,2020,15,1,92,92075,2,4,1,6,PAIX (AVENUE DE LA)/ LARMEROUX (RUE),48.8148498,2.2780752
202000044835,25,5,2020,14,1,52,52058,2,3,1,6,10 Rue de la Scierie,48.197824,5.135105
202000044836,3,1,2020,16,1,75,75113,2,1,1,2,BD PERIPHERIQUE EXTERIEUR,48.817866,2.368227
202000044837,26,8,2020,1,5,13,13216,2,3,1,2,ESTAQUE PLAGE,43.3608757,5.3127213
202000044838,5,2,2020,19,5,92,92048,2,1,1,2,GENERAL GALLIENI (AVENUE DU) N° 12 A 42,48.819489,2.229313
202000044839,25,8,2020,19,2,13,13201,2,2,1,3,CONSOLAT (RUE)   2 A 64,43.29973,5.38639
202000044840,24,5,2020,14,1,88,88373,1,1,1,7,D392,48.507251,7.109184
202000044841,3,1,2020,6,5,75,75116,2,1,1,3,BD PERIPHERIQUE EXTERIEUR,48.8565785,2.2575435
202000044842,5,2,2020,20,3,86,86120,1,1,1,1,D54,46.348024,0.949332
202000044843,23,1,2020,7,5,54,54113,2,1,1,6,RD674,48.741733,6.345677
202000044844,24,5,2020,20,2,69,69244,2,1,1,6,3 Avenue Général Brosset,45.758036,4.7757
202000044845,2,1,2020,18,5,75,75117,2,1,1,4,BD PERIPHERIQUE INTERIEUR,48.893172,2.303521
202000044846,6,2,2020,1,3,972,97221,1,1,1,6,Sans Pareil,14.509465,-60.96151
202000044847,25,5,2020,8,1,72,72213,1,1,1,3,D92,47.937651,0.220504
202000044848,4,1,2020,14,1,75,75113,2,4,1,6,RUE DU CHEVALERET,48.825038,2.378142
202000044849,25,5,2020,7,1,11,11014,1,1,1,2,A9,43.193131,3.071322
202000044850,6,2,2020,7,2,11,11203,1,2,1,3,46 Rue du Languedoc,43.206142,2.793016
202000044851,3,1,2020,11,1,75,75113,2,3,1,6,RUE DE LA SANTE,48.828347,2.341603
202000044852,23,5,2020,19,3,971,97118,1,1,1,3,D 33 Roujol,16.1790674,-61.5873599
202000044853,6,2,2020,7,1,57,57443,1,9,1,-1,A4,49.201616,6.140585
202000044854,25,8,2020,20,2,11,11069,1,1,1,7,RD 6113,43.2048,2.3996
202000044855,24,5,2020,22,3,45,45317,1,1,1,6,D917-PR1+600,47.7855875,1.6096755
202000044856,3,1,2020,2,3,75,75114,2,3,1,1,RUE DE LA TOMBE ISSOIRE,48.828944,2.333267
202000044857,17,5,2020,11,1,91,91041,1,1,1,3,D19,48.573115,2.247219
202000044858,3,2,2020,19,5,68,68253,2,9,1,3,D52,47.783263,7.51504
202000044859,22,5,2020,19,1,34,34213,1,9,1,2,La Plaine,43.474069,3.68881
202000044860,31,1,2020,6,2,91,91363,2,1,2,7,55 Rue Alfred Dubois,48.640289,2.237639
202000044861,25,8,2020,19,1,10,10387,2,9,1,3,GEORGES POMPIDOU (RUE),48.2881,4.0822
202000044862,26,8,2020,23,5,06,06083,2,1,1,1,"SOLEIL (PROMENADE DU, N° 2 A 848))",43.7671688,7.4897272
202000044863,4,1,2020,14,1,75,75120,2,1,1,6,RUE DE LA PY,48.865424,2.40487
202000044864,4,1,2020,13,1,75,75119,2,1,1,6,RUE DE CRIMEE,48.8838651,2.3845907
202000044865,25,8,2020,17,1,04,04070,2,1,1,5,Av de Verdun,44.0895,6.2276
202000044866,4,1,2020,10,1,75,75118,2,2,1,3,RUE DU RUISSEAU,48.89578,2.341362
202000044867,25,8,2020,20,2,75,75114,2,1,1,2,PORTE DE CHATILLON,48.822948,2.312951
202000044868,5,2,2020,7,2,62,62641,1,3,2,3,RD 86,50.390952,2.381855
202000044869,4,1,2020,1,5,75,75112,2,2,1,3,BOULEVARD PONIATOWSKI,48.831828,2.397672
202000044870,5,2,2020,20,5,62,62611,2,2,1,6,2 Rue de Croisilles,50.245647,2.816314
202000044871,4,1,2020,19,3,75,75111,2,3,1,3,RUE DE CHARONNE,48.854904,2.386166
202000044872,6,2,2020,10,1,91,91534,1,6,1,3,route departementale  306,48.729403,2.16229
202000044873,4,2,2020,10,1,56,56254,1,1,8,7,Départementale 1,47.802058,-2.620797
202000044874,25,8,2020,17,1,75,75119,2,1,1,2,PORTE DE LA VILLETTE,48.900283,2.383367
202000044875,18,5,2020,16,1,83,83071,1,1,1,2,Route du Carrubier,43.137414,6.269674
202000044876,4,2,2020,22,5,74,74134,2,6,4,6,rond point intersection rue du centre / route des Grandes Alpes,46.154835,6.662071
202000044877,24,8,2020,19,1,75,75112,2,1,1,2,BOULEVARD PERIPHERIQUE,48.828178,2.396136
202000044878,4,2,2020,19,5,74,74010,2,4,2,3,Rue du lachat,45.921065,6.14522
202000044879,5,2,2020,16,2,2B,2B050,1,1,1,7,D81,42.542742,8.790039
202000044880,25,8,2020,22,5,75,75108,2,3,1,3,AVENUE GEORGE V,48.866208,2.301493
202000044881,5,2,2020,18,3,80,80136,1,1,1,1,CD 1,49.936873,2.728574
202000044882,4,1,2020,4,5,75,75107,2,2,1,3,BOULEVARD RASPAIL,48.854422,2.325907
202000044883,5,2,2020,12,1,82,82150,2,3,1,6,rue alsace lorraine,43.91666,1.399308
202000044884,4,1,2020,20,5,75,75104,2,4,1,6,RUE CASTEX,48.8522402,2.3659997
202000044885,6,2,2020,8,1,33,33236,2,2,1,6,19 Avenue du Médoc,44.79781,-1.14427
202000044886,4,1,2020,0,5,75,75104,2,1,1,6,RUE PAVEE,48.8571252,2.3616649
202000044887,25,5,2020,10,1,83,83107,1,1,1,3,Rue des Dalles,43.43189,6.66559
202000044888,6,2,2020,9,1,71,71014,2,1,1,6,Rue de la Croix Blanche,46.9570774,4.3041355
202000044889,26,8,2020,19,1,75,75119,2,4,1,6,RUE PRADIER,48.87468,2.381134
202000044890,4,1,2020,6,5,75,75101,2,7,1,3,RUE DE RIVOLI,48.862718,2.335256
202000044891,24,5,2020,17,1,06,06070,1,1,1,6,Route déparetementale 2,43.799009,6.939266
202000044892,4,1,2020,18,5,94,94043,2,1,1,2,VOLTAIRE (R),48.81564,2.36143
202000044893,26,8,2020,10,1,75,75117,2,1,1,6,BOULEVARD PEREIRE,48.884202,2.296147
202000044894,25,8,2020,8,1,75,75116,2,1,2,5,ALLEE DE LA REINE MARGUERITE,48.854138,2.241968
202000044895,4,1,2020,9,1,93,93055,2,1,1,-1,JEAN LOLIVE (AVENUE)(137/FIN ET 134/FIN),48.8931,2.4126
202000044896,24,5,2020,10,1,13,13086,2,1,1,1,2 Rue Sainte Anne,43.351977,5.605078
202000044897,5,2,2020,19,3,89,89227,1,1,1,6,N77,47.9457,3.731704
202000044898,26,8,2020,12,1,75,75115,2,2,1,2,AVENUE FELIX FAURE,48.838705,2.282118
202000044899,24,5,2020,16,1,68,68154,2,1,1,2,24 Rue de Berne,47.771024,7.381546
202000044900,6,2,2020,11,1,61,61232,2,7,1,6,10 Place Saint-sauveur,48.64573,-0.710367
202000044901,26,8,2020,10,1,75,75115,2,1,1,6,RUE LECOURBE,48.844092,2.307617
202000044902,24,5,2020,17,1,88,88196,1,9,1,1,Route de la Bresse,48.064795,6.861005
202000044903,4,2,2020,19,3,25,25075,1,1,4,3,D9,46.811604,6.190485
202000044904,24,5,2020,19,1,57,57683,2,6,1,6,18 Rue Anatole France,49.299561,6.15089
202000044905,26,8,2020,17,1,75,75114,2,1,1,4,RUE D ALESIA,48.827119,2.337229
202000044906,5,2,2020,15,1,44,44087,2,3,1,3,Rue du Falleron,46.9872152,-1.8110562
202000044907,24,5,2020,17,1,57,57644,2,1,1,3,51 rue Principale,49.114034,6.829956
202000044908,26,8,2020,9,1,75,75113,2,2,1,1,PONT CHARLES DE GAULLE,48.841918,2.367872
202000044909,6,2,2020,12,1,38,38409,1,1,1,6,Les Loyes - Jallinière,45.09691,5.27687
202000044910,21,5,2020,13,1,74,74224,2,1,1,7,Avenue Lucien Rannard,46.069569,6.302687
202000044911,26,8,2020,19,1,75,75113,2,2,1,3,PONT CHARLES DE GAULLE,48.841913,2.367874
202000044912,24,5,2020,14,1,73,73294,2,1,1,6,La Thuile,45.532011,6.053944
202000044913,26,8,2020,15,1,75,75112,2,1,1,2,BOULEVARD PERIPHERIQUE,48.829525,2.401228
202000044914,1,1,2020,17,2,93,93005,2,2,2,1,ERABLES (RUE DES),48.9471718,2.5076634
202000044915,22,5,2020,16,1,38,38562,2,1,1,-1,Route d'Uriage,45.076368,5.772615
202000044916,26,8,2020,13,1,75,75112,2,5,1,3,AVENUE DAUMESNIL,48.834201,2.410766
202000044917,4,1,2020,16,1,93,93001,2,9,8,6,R HELENE COCHENNEC,48.91958,2.39517
202000044918,26,8,2020,0,5,75,75108,2,3,1,3,AVENUE DES CHAMPS ELYSEES,48.871088,2.303486
202000044919,25,5,2020,9,1,01,01424,1,2,1,1,Rue du Marquis de Sallmard,45.889127,4.969752
202000044920,5,2,2020,8,1,06,06105,2,6,1,3,Route Departementale 2085,43.665016,7.052649
202000044921,5,1,2020,12,1,62,62295,1,1,1,1,D341,50.621402,2.2808718
202000044922,6,2,2020,7,2,06,06108,2,1,1,1,925 Chemin de la Lévade,43.573808,6.941235
202000044923,5,1,2020,15,1,91,91511,1,1,1,7,D838,48.34635,1.987658
202000044924,6,2,2020,7,3,14,14518,1,1,5,6,Pce de Préaux,48.999268,0.352324
202000044925,5,1,2020,12,1,22,22182,1,3,1,3,Plélo,48.574421,-2.903955
202000044926,6,2,2020,8,1,50,50168,2,1,1,6,30 Rue du Génie,48.618758,-1.290961
202000044927,5,2,2020,15,1,90,90052,2,1,1,2,44 Grande Rue,47.741545,6.826527
202000044928,6,2,2020,18,2,60,60021,1,2,1,2,D'Route Departementale 1032,49.5950386,3.1211887
202000044929,24,5,2020,16,1,01,01386,1,1,1,6,D60,45.885468,5.374589
202000044930,3,1,2020,12,1,28,28253,1,1,1,3,A11,48.347106,1.416159
202000044931,26,8,2020,2,5,75,75107,2,1,1,6,QUAI ANATOLE FRANCE,48.861871,2.321549
202000044932,6,2,2020,15,1,60,60104,2,3,7,6,Rue des Cordonniers,49.630926,2.293176
202000044933,25,8,2020,20,2,75,75104,2,3,1,6,AVENUE VICTORIA,48.856814,2.351059
202000044934,4,2,2020,3,5,10,10151,2,7,1,6,D619,48.426591,3.917001
202000044935,26,8,2020,11,1,94,94015,2,1,1,-1,FRERES LUMIERE (AV DES),48.83857,2.5364
202000044936,25,8,2020,18,1,94,94019,2,1,1,6,AUGUSTE COMTE (R),48.80215,2.54851
202000044937,5,1,2020,0,3,52,52307,1,1,5,6,,47.9134541,5.2207345
202000044938,24,5,2020,7,1,59,59357,1,1,1,6,D649,50.284171,3.877839
202000044939,27,7,2020,12,1,66,66230,1,1,1,2,La Balma,42.644911,2.508077
202000044940,6,2,2020,15,1,85,85169,2,1,1,6,Rue du Pont Chanterelle,46.80409,-1.62313
202000044941,26,7,2020,0,3,66,66195,1,1,1,1,rd37,42.6752355,2.7892882
202000044942,21,7,2020,16,1,48,48119,1,3,1,7,D906,44.477799,3.931067
202000044943,4,1,2020,13,1,58,58086,2,1,7,6,31 Rue de Predelle,47.410347,2.936331
202000044944,23,5,2020,12,1,13,13106,1,1,1,6,A51-Sens Marseille vers Aix en Provence,43.4027821,5.3566499
202000044945,6,2,2020,12,1,27,27467,2,1,1,1,4 Rue des Déportés,49.354473,0.517995
202000044946,27,7,2020,13,1,34,34289,2,2,1,3,21 Avenue de Pezenas,43.397673,3.414103
202000044947,6,2,2020,7,3,27,27486,1,1,1,7,D66,49.1204,1.001129
202000044948,26,7,2020,8,1,84,84026,1,1,1,6,Route de Pertuis,43.719707,5.403364
202000044949,22,5,2020,12,1,13,13215,1,1,1,4,A7-Sens Marseille vers Lyon,43.318775,5.3775162
202000044950,5,1,2020,14,1,62,62820,1,1,1,5,RD 939,50.3527455,2.5007046
202000044951,4,1,2020,23,3,04,04033,1,1,1,6,RD 900B,44.4482868,6.3322958
202000044952,23,5,2020,17,1,94,94033,1,1,1,2,A86.INT,48.8606308,2.4846399
202000044953,27,7,2020,18,1,05,05110,1,1,1,1,D4,44.823342,6.510188
202000044954,5,2,2020,16,1,17,17447,1,1,1,1,RD 939,46.0957089,-0.9046447
202000044955,5,1,2020,16,2,74,74235,1,9,7,1,Route des bois,46.070277,5.839441
202000044956,27,7,2020,4,3,13,13100,1,1,1,6,D99,43.788843,4.850761
202000044957,23,5,2020,6,1,69,69383,2,2,1,3,LAFAYETTE                           (CO),45.7635426,4.8418209
202000044958,5,1,2020,4,3,82,82123,1,1,5,6,2988 Route du Frontonnais,43.900204,1.3051052
202000044959,5,2,2020,17,2,87,87026,1,1,1,6,D5,46.052759,0.868242
202000044960,19,10,2020,10,1,61,61404,2,1,1,6,6 Rue de Nully,48.561244,0.527086
202000044961,4,2,2020,8,1,37,37132,1,1,1,1,D943,47.1086747,0.9882467
202000044962,23,5,2020,1,5,69,69388,2,3,1,6,VIENNE (DE)                         (RO),45.72826,4.85381
202000044963,24,7,2020,11,1,13,13107,2,1,1,7,Route de Mimet,43.429479,5.441526
202000044964,5,1,2020,13,1,69,69033,1,1,1,6,D1,45.859801,4.88159
202000044965,3,2,2020,11,1,52,52204,2,1,2,7,impasse du moulin,48.152792,5.357627
202000044966,5,2,2020,11,1,01,01067,1,1,1,6,A40,46.114472,5.489784
202000044967,4,1,2020,20,3,81,81195,1,1,1,7,D85,43.5766865,2.223122
202000044968,23,10,2020,7,2,47,47203,1,1,2,7,Troupenat,44.3785318,0.8802314
202000044969,23,5,2020,19,1,91,91223,2,2,1,2,RD 191,48.432812,2.175801
202000044970,26,7,2020,11,1,71,71453,1,1,1,7,D982,46.2435699,4.0450601
202000044971,2,2,2020,8,1,38,38553,2,1,2,6,Boulevard de Villefontaine,45.621639,5.14181
202000044972,3,1,2020,15,1,61,61412,2,3,2,6,Le Carre,48.507076,0.362103
202000044973,6,2,2020,6,2,68,68309,1,1,1,2,A35,47.652145,7.490439
202000044974,4,1,2020,14,1,41,41151,2,1,1,6,107 Route de Tours,47.3457672,1.2107278
202000044975,26,7,2020,20,2,68,68163,2,1,1,7,42 Rue du Moulin,47.659094,7.510904
202000044976,22,10,2020,17,1,41,41161,1,1,1,1,D2020,47.518025,2.035437
202000044977,5,2,2020,12,1,68,68300,1,1,1,6,A36,47.775942,7.390091
202000044978,4,1,2020,7,2,86,86082,2,6,2,-1,Allée du Haut Poitou,46.361665,0.199745
202000044979,1,2,2020,3,3,76,76457,1,1,2,2,A13,49.338127,0.975573
202000044980,27,7,2020,9,1,33,33227,2,3,7,1,Rue Jules Ferry,44.54968,-0.25215
202000044981,25,7,2020,18,1,33,33483,1,1,1,6,48 Route de Bordeaux,44.913269,-0.405872
202000044982,5,2,2020,12,1,34,34202,1,3,1,3,CD5,43.582485,3.773235
202000044983,22,10,2020,15,2,25,25112,1,2,1,3,Rue des Valieres Nord,47.265936,6.06095
202000044984,19,7,2020,2,5,59,59422,2,6,1,7,Rue de Cagnoncles,50.199529,3.312775
202000044985,4,1,2020,12,1,68,68141,1,1,1,3,D8b3,47.712134,7.284105
202000044986,22,5,2020,11,1,91,91174,2,3,7,1,Emile ZOLA (rue),48.61979,2.4673
202000044987,2,1,2020,5,5,974,97415,2,1,1,2,Avenue de Bourbon,-21.071506,55.222801
202000044988,21,10,2020,8,2,44,44099,1,9,3,1,rd 178,47.663769,-1.379642
202000044989,6,2,2020,17,2,37,37072,2,1,7,6,Avenue François Mitterrand,47.1714399,0.2451309
202000044990,4,1,2020,21,3,68,68096,1,1,1,2,D419,47.608338,7.36
202000044991,22,10,2020,16,1,44,44095,1,1,7,7,9 Le Bas Fouy,47.58191,-1.410005
202000044992,25,7,2020,21,1,13,13210,2,1,1,2,A50-Sens Aubagne vers Marseille,43.2836,5.4014
202000044993,6,2,2020,14,1,28,28279,2,3,1,6,2 Rue de la Volaille,48.648154,1.532582
202000044994,22,10,2020,15,1,29,29010,1,9,1,6,Lieu Dit Kervennou,48.51255,-4.109386
202000044995,5,2,2020,15,1,11,11076,2,6,1,1,D6313,43.3012119,1.9559044
202000044996,23,10,2020,11,1,29,29122,1,1,1,1,D6,48.12932,-3.791184
202000044997,6,2,2020,9,1,34,34161,2,1,1,6,18 Rue des Muriers,43.332541,3.121287
202000044998,26,7,2020,6,2,91,91340,1,1,1,7,RN 104,48.60832,2.43862
202000044999,2,1,2020,22,3,22,22212,1,1,1,7,Keranguere,48.6606437,-3.197692
202000045000,5,2,2020,19,3,34,34135,1,1,1,7,D 37,43.279096,3.155758
202000045001,22,10,2020,16,1,29,29076,2,3,1,3,D38 - Rue du General de Gaulle,48.46645,-4.5667659
202000045002,26,7,2020,8,1,91,91340,1,1,1,6,RN 104,48.60903,2.43742
202000045003,3,1,2020,8,1,39,39202,1,1,1,6,,46.931609,5.94494
202000045004,5,2,2020,11,1,83,83112,2,1,1,6,893 Avenue du Marechal Juin,43.181354,5.69801
202000045005,5,2,2020,23,3,06,06003,1,1,1,6,Avenue du Bois des Dames,43.798692,6.801335
202000045006,25,7,2020,22,3,91,91521,1,1,2,2,AUTOROUTE A6,48.63531,2.40116
202000045007,22,10,2020,19,3,31,31499,1,1,1,1,route de st clar - D53,43.493577,1.203089
202000045008,23,5,2020,22,5,72,72181,2,3,1,1,ARNAGE (RUE D') N° PAIRS 30 ET plus,47.98719,0.18786
202000045009,4,2,2020,13,1,73,73227,2,1,4,6,408 Rue du Jardin Alpin,45.408237,6.631252
202000045010,25,7,2020,22,5,92,92050,1,1,3,3,A14,48.9003383,2.2094538
202000045011,22,10,2020,22,3,31,31592,1,1,1,7,Route de Saint Paul sur Save,43.730512,1.238582
202000045012,5,1,2020,5,3,39,39171,1,1,5,6,,46.672412,5.467643
202000045013,6,2,2020,13,1,42,42094,2,1,1,6,Rue Jules Ferry,45.74547,4.225098
202000045014,27,1,2020,8,2,38,38097,2,1,1,2,31 Route de Lyon,45.7766,5.17943
202000045015,23,5,2020,13,1,71,71153,2,1,2,3,Rue du President Wilson,46.7962293,4.428975
202000045016,6,2,2020,7,2,01,01027,2,1,1,3,948 Rue de Lyon,45.848926,5.113847
202000045017,26,7,2020,16,1,93,93027,1,1,1,2,AUTOROUTE A86,48.9245,2.39002
202000045018,23,10,2020,18,1,02,02322,1,1,1,7,D68,49.8654033,3.4115308
202000045019,23,5,2020,18,1,69,69271,1,1,8,6,LYON (DE)                               ,45.74085,4.94926
202000045020,26,7,2020,7,1,93,93066,1,1,8,6,AUTOROUTE A1,48.93323,2.38178
202000045021,5,2,2020,16,1,81,81076,1,1,1,1,Les ardennes,43.572782,1.871023
202000045022,20,10,2020,11,1,84,84089,2,1,1,1,Boulevard Jean Guigues,43.695599,5.496173
202000045023,22,5,2020,13,1,69,69264,2,1,1,6,BELLEROCHE (rue de),45.98034,4.69924
202000045024,5,2,2020,8,2,44,44172,2,1,1,1,50 Rue de la Bougrière,47.2576179,-1.4738758
202000045025,21,10,2020,7,3,03,03148,1,1,6,6,,46.2543551,3.3597273
202000045026,23,5,2020,9,1,64,64445,2,1,2,1,MARECHAL LECLERC DU,43.30349,-0.34774
202000045027,26,7,2020,7,1,92,92078,1,1,1,6,AUTOROUTE A86,48.92972,2.32777
202000045028,22,10,2020,18,5,01,01228,2,1,2,6,36 Route de Lyon,46.129108,5.539231
202000045029,22,5,2020,15,1,63,63113,2,1,1,6,VALLIERES (RUE DE),45.7676028,3.079779
202000045030,26,7,2020,5,3,92,92078,1,1,2,6,AUTOROUTE A86,48.93115,2.32355
202000045031,23,10,2020,20,3,70,70168,1,1,3,6,27 Avenue Parmentier,47.808255,6.195796
202000045032,6,2,2020,17,1,60,60028,1,1,1,4,D1330,49.220202,2.5511417
202000045033,3,1,2020,15,1,29,29074,2,2,8,1,Route de Saint Jacques,48.487604,-4.000401
202000045034,21,5,2020,16,1,63,63113,2,1,1,6,ETATS-UNIS (AVENUE DES),45.77908,3.08163
202000045035,25,7,2020,19,1,95,95028,1,1,1,2,RN 104,49.06268,2.36376
202000045036,22,10,2020,21,3,26,26166,1,1,2,2,Route de Saulce sur Rhône,44.728957,4.808192
202000045037,5,2,2020,6,5,33,33397,1,1,1,2,AUTOROUTE A 10,44.9192,-0.47625
202000045038,3,2,2020,15,1,33,33143,1,1,1,5,AUTOROUTE A 10,44.97099,-0.43533
202000045039,23,7,2020,10,1,974,97411,2,2,1,6,MONTHYON (RUE),-20.88654,55.46004
202000045040,23,10,2020,13,1,60,60093,1,1,8,7,D27,49.603407,2.69023
202000045041,1,2,2020,8,2,59,59378,1,1,1,2,AUTOROUTE A22,50.6912448,3.1117165
202000045042,25,7,2020,9,1,973,97302,2,1,1,3,MONTABO (ROUTE DE) 1,4.9392635,-52.3007369
202000045043,23,10,2020,4,4,64,64399,1,1,2,1,D806,43.356422,-0.377149
202000045044,1,2,2020,19,3,59,59028,1,1,1,3,AUTOROUTE A21,50.41272,3.033032
202000045045,25,7,2020,11,1,69,69386,2,3,1,3,BELGES (DES)                        (BD),45.77673,4.84405
202000045046,23,10,2020,19,5,16,16001,2,3,2,2,,46.102846,0.702326
202000045047,22,10,2020,12,1,07,07240,1,1,1,7,"Route départementale 232, route de vernoux",44.860588,4.824342
202000045048,1,2,2020,19,3,59,59646,1,1,1,3,ROUTE METROPOLITAINE 656,50.684445,3.133943
202000045049,25,7,2020,3,5,69,69383,2,2,1,3,SERVIENT                            (R ),45.76022,4.84565
202000045050,5,1,2020,6,3,02,02503,1,1,1,7,Chemin de Wiermont,49.839127,3.539795
202000045051,2,2,2020,11,1,59,59346,1,1,2,6,ROUTE NATIONALE 227,50.606707,3.130131
202000045052,25,7,2020,20,5,972,97213,2,6,1,3,MAHAULT,14.6198,-61.004
202000045053,18,10,2020,22,3,40,40191,1,1,1,7,Route du Béarn,43.733251,-0.664405
202000045054,23,5,2020,23,5,59,59540,2,1,1,3,SAMARITAINE,51.035241,2.35239
202000045055,4,2,2020,8,2,78,78090,1,1,2,5,A13,48.970486,1.897279
202000045056,25,7,2020,6,1,972,97213,2,1,1,1,PELLETIER (ROUTE DE),14.6554924,-60.9799576
202000045057,22,10,2020,16,1,30,30033,1,9,1,-1,D6572,43.649573,4.32827
202000045058,5,2,2020,6,3,94,94028,1,1,1,4,A86 INT,48.78213,2.44147
202000045059,19,5,2020,13,1,47,47323,2,1,7,6,FEDERATION (ALLEE DE LA),44.4039,0.70455
202000045060,25,7,2020,10,1,972,97209,2,2,1,7,MOREAU DE JONES (RUE DE),14.6069,-61.0729
202000045061,5,1,2020,11,1,60,60131,2,3,1,7,Rue Notre Dame,49.6542225,2.1176535
202000045062,22,10,2020,11,1,30,30179,2,1,1,1,625 Avenue du Général de Gaulle,43.872267,4.59744
202000045063,25,7,2020,12,1,69,69382,2,2,1,3,CHARLEMAGNE                         (CO),45.74465,4.82256
202000045064,5,1,2020,8,2,60,60155,1,1,1,6,D929,49.285739,2.349074
202000045065,4,1,2020,15,1,60,60703,1,1,8,7,Route de Gisors,49.404626,2.043183
202000045066,25,7,2020,10,1,69,69142,2,1,1,6,PIERRE SEMARD                       (QU),45.72573,4.81664