Num_Acc,jour,mois,an,hr,condition_eclairage,departement,commune,condition_agglomeration,intersection,condition_atmosphere,type_collision,adresse,lattitude,longitude
202000045067,3,2,2020,1,5,94,94052,1,1,2,7,A86 INT,48.8353294,2.4939891
202000045068,23,5,2020,22,5,45,45147,2,1,1,-1,Rue du Faubourg Bannier,47.9367857,1.8943611
202000045069,5,1,2020,15,1,21,21450,1,1,1,6,D23,47.043331,4.759581
202000045070,25,7,2020,3,5,69,69202,2,9,1,6,STE BARBE                           (R ),45.73053,4.78736
202000045071,9,1,2020,9,1,51,51454,2,1,1,2,Avenue de Laon,49.2689552,4.023243
202000045072,23,5,2020,20,1,44,44109,2,2,1,3,Rue de Strasbourg,47.21717,-1.55225
202000045073,23,10,2020,7,2,08,08457,1,1,2,2,N43,49.794173,4.632802
202000045074,3,2,2020,19,2,974,97416,1,1,1,6,LIGNE PARADIS(ROUTE DE LA),-21.30861,55.46805
202000045075,23,5,2020,5,2,35,35051,1,1,2,6,NORMANDIE (PORTE DE),48.15115,-1.59968
202000045076,4,2,2020,7,1,974,97416,1,1,1,4,RN3 (2),-21.31301,55.49469
202000045077,22,10,2020,14,1,01,01089,1,1,3,4,A42,45.962694,5.30638
202000045078,4,2,2020,20,5,974,97411,2,1,1,6,JAURES (BOULEVARD JEAN),-20.8805459,55.4386854
202000045079,4,2,2020,20,4,973,97302,2,3,1,3,AWARA DENDE,4.9350627,-52.3244906
202000045080,21,10,2020,13,1,78,78466,1,6,1,2,Route de Quarante Sous (Pont),48.923553,1.99654
202000045081,25,7,2020,22,5,95,95500,2,1,2,6,BUCHERELLE (QUAI),49.0462941,2.0998564
202000045082,4,2,2020,15,1,973,97302,2,6,1,3,BADUEL (ROND POINT DE),4.9331494,-52.3096418
202000045083,5,1,2020,11,1,85,85280,1,3,1,3,Chemin de la Croix Joslain,46.87374,-1.91388
202000045084,22,5,2020,18,1,34,34172,2,8,1,1,PALAVAS (AVENUE DE),43.5908829,3.8903665
202000045085,4,2,2020,12,1,69,69387,2,2,1,3,BERTHELOT                           (AV),45.7453,4.842
202000045086,25,7,2020,11,1,91,91201,2,3,1,1,HENRI BARBUSSE(BOULEVARD),48.66473,2.41948
202000045087,3,1,2020,23,5,37,37266,2,2,2,3,15 Route Nationale 10,47.301298,0.7156853
202000045088,23,10,2020,19,5,976,97608,2,1,1,1,4 Rue Mangamagari,-12.788554,45.270699
202000045089,23,5,2020,4,5,33,33063,2,1,1,1,BD DES FRERES MOGA,44.82272,-0.54191
202000045090,25,7,2020,6,2,91,91027,2,2,1,3,MORANGIS (AVENUE DE),48.70583,2.36757
202000045091,4,1,2020,17,3,30,30340,1,1,1,6,D4,44.015576,4.615686
202000045092,23,10,2020,13,1,974,97418,2,1,1,6,Rue du Pere Bourasseau,-20.903259,55.566943
202000045093,14,3,2020,1,5,29,29232,2,1,2,6,13 Avenue de la Liberation,47.9925297,-4.0824894
202000045094,4,2,2020,9,1,69,69383,1,3,1,3,FERDINAND BUISSON                   (R ),45.7502,4.8904
202000045095,4,1,2020,21,5,06,06088,1,1,1,6,A8 - PK 197.000 - chaussée sud,43.734728,7.244384
202000045096,22,10,2020,14,1,971,97131,1,1,1,7,29 Route de Bois Joli,15.862472,-61.592215
202000045097,3,2,2020,13,1,972,97209,2,9,1,3,MFME (RTE DE LA),14.6328856,-61.0350977
202000045098,23,5,2020,12,1,29,29019,2,8,1,3,Rue Colbert,48.3892177,-4.4876304
202000045099,5,1,2020,4,3,74,74018,1,1,1,2,A40,46.104811,6.34623
202000045100,25,7,2020,6,1,83,83137,2,2,1,3,PASSY (AVE FREDERIC),43.12031,5.94722
202000045101,19,10,2020,13,1,29,29233,1,3,1,2,D49 - Route du Pouldu,47.854797,-3.547994
202000045102,1,1,2020,5,2,988,98817,2,1,1,6,RUE DE SAINT SEBASTIEN,-22.22679,166.55757
202000045103,4,2,2020,23,5,69,69381,2,1,9,6,CARMELITES (DES)                    (MO),45.77077,4.8286
202000045104,25,7,2020,2,3,74,74093,1,1,1,6,OUEST (BOULEVARD),45.90314,6.11096
202000045105,4,2,2020,19,5,971,97101,1,1,1,7,CARAQUE,16.2482377,-61.4930424
202000045106,22,7,2020,19,1,71,71306,2,1,1,3,NANCY (RUE DE),46.6803769,4.3465161
202000045107,3,2,2020,18,5,91,91434,2,1,2,1,RENE CASSIN (AVENUE),48.65682,2.33994
202000045108,23,10,2020,19,4,11,11076,1,6,1,3,Route de Fendeille,43.292607,1.951854
202000045109,25,7,2020,9,1,69,69266,2,1,1,3,EUGENE POTTIER     (Rue),45.7865485,4.8984501
202000045110,23,10,2020,10,1,34,34199,1,1,1,7,D30e5,43.484991,3.413615
202000045111,1,1,2020,0,5,973,97311,2,1,1,3,Avenue Félix Eboué,5.500043,-54.030613
202000045112,22,5,2020,20,1,21,21231,2,1,1,6,HENRI BECQUEREL (RUE),47.33385,5.05847
202000045113,3,2,2020,9,1,91,91469,2,3,2,2,ARTONOU (ROUTE D') CD49,48.39815,2.14373
202000045114,22,7,2020,20,1,69,69266,2,3,1,2,HONORE DE BALZAC   (Boulevard),45.75556,4.88886
202000045115,23,5,2020,15,1,17,17300,2,1,1,6,Avenue Denfert Rochereau,46.16498,-1.193638
202000045116,24,7,2020,18,1,68,68056,1,1,1,1,,47.72618,7.30039
202000045117,4,1,2020,16,1,84,84132,1,1,1,1,Route des Vignères,43.905778,5.002451
202000045118,4,2,2020,7,1,91,91201,2,2,2,6,WALDECK ROUSSEAU (RUE),48.6875,2.43339
202000045119,23,5,2020,22,5,13,13212,2,2,1,6,MERLE (BOULEVARD),43.301,5.4151
202000045120,3,2,2020,10,1,91,91514,2,1,8,6,CENTRE COMMERCIAL VAL D'YERRES II,48.6803,2.5361
202000045121,23,5,2020,12,1,13,13205,2,1,1,2,JEAN MOULIN (BOULEVARD),43.29102,5.39992
202000045122,20,10,2020,21,3,34,34145,1,1,1,6,Route du Mas Desports,43.655826,4.13698
202000045123,31,1,2020,22,3,89,89024,1,1,1,3,D606,47.7857901,3.6072224
202000045124,22,5,2020,23,5,13,13208,2,1,1,6,IMP MARIE DE SORMIOU ,43.261673,5.394127
202000045125,23,5,2020,14,1,10,10387,2,1,1,1,PAIX (RUE DE LA),48.30461,4.06659
202000045126,5,1,2020,13,1,06,06122,2,3,1,3,M18,43.747757,7.152069
202000045127,3,2,2020,16,1,87,87085,2,2,1,3,MONTEGUT (RUE EMILE),45.82529,1.24195
202000045128,24,7,2020,9,1,67,67180,1,1,1,4,RD 29,48.8029,7.833
202000045129,23,10,2020,7,2,04,04242,1,3,2,4,RD 4096 / Ch de Plebon,43.9121602,5.8845413
202000045130,23,5,2020,10,1,07,07072,1,1,1,3,CHANTEMERLE (QUARTIER),44.74812,4.596
202000045131,5,1,2020,8,2,13,13076,1,1,1,6,Route d'Avignon,43.8139112,4.9839896
202000045132,4,2,2020,13,1,83,83062,1,1,6,3,DE LATTRE DE TASSIGNY (AVENUE),43.113244,5.991174
202000045133,5,1,2020,13,1,13,13004,1,1,1,7,D36 PK013+0150,43.567887,4.668332
202000045134,17,10,2020,20,5,67,67551,2,6,1,7,d451,48.592033,7.670925
202000045135,23,5,2020,16,1,06,06029,2,1,1,2,ANCIENS COMBATTANTS D'AFN (AVENUE DES),43.55269,7.01084
202000045136,3,1,2020,20,3,89,89399,1,1,1,5,autoroute A5 - PK 68+300,48.250554,3.34122
202000045137,5,1,2020,14,1,68,68008,1,1,1,7,D1,48.030348,7.453143
202000045138,22,10,2020,19,3,73,73328,1,1,3,1,D17B Route du Lac,45.6463871,5.8992991
202000045139,25,7,2020,10,1,64,64445,2,3,1,1,DUFAU,43.30869,-0.36429
202000045140,22,5,2020,15,1,75,75114,2,1,1,5,PORTE D ORLEANS,48.820562,2.323112
202000045141,23,5,2020,15,1,75,75119,2,2,1,6,AVENUE JEAN JAURES,48.885922,2.382198
202000045142,20,10,2020,15,1,26,26074,1,1,1,-1,Route des Grands Goulets,45.001315,5.42583
202000045143,25,7,2020,17,1,64,64102,2,1,1,1,DE MARTRES (AVENUE RAYMOND),43.48424,-1.48258
202000045144,4,1,2020,22,3,74,74128,1,1,1,1,RD9,46.1528902,6.3411363
202000045145,22,10,2020,16,1,69,69197,1,1,2,1,D49,46.056571,4.633849
202000045146,4,1,2020,17,3,62,62867,1,1,1,7,A16,50.778325,1.6553108
202000045147,25,7,2020,11,1,64,64024,2,1,1,1,BIARRITZ (AVENUE DE),43.4804,-1.5166
202000045148,22,10,2020,21,5,69,69141,1,3,2,6,Route du Logis Neuf,45.6089706,4.6957185
202000045149,4,1,2020,17,1,13,13211,1,1,1,4,A50-Sens Aubagne vers Marseille,43.29368,5.47221
202000045150,23,10,2020,10,1,16,16359,1,1,2,7,Lieu dit Les Pommiers,45.622322,-0.340544
202000045151,2,1,2020,23,3,13,13117,1,1,1,2,A7-Sens Marseille vers Lyon,43.455986,5.236314
202000045152,25,7,2020,18,1,54,54395,2,2,1,3,SAINT DIZIER (RUE 2,48.68846,6.18421
202000045153,4,1,2020,22,5,33,33063,1,1,1,6,ROCADE A630 -E4-,44.8848,-0.5614
202000045154,23,10,2020,14,1,22,22233,1,1,1,3,5 Chemin Pontes,48.714284,-3.084079
202000045155,19,10,2020,8,2,35,35012,1,1,1,6,12 Route de la Noé Blanche,47.831484,-1.689073
202000045156,4,1,2020,14,1,94,94037,1,1,1,4,AUTOROUTE A6B,48.81003,2.34947
202000045157,23,10,2020,15,1,62,62476,1,1,1,6,Route de Neuvireuil,50.3575478,2.9385799
202000045158,4,1,2020,0,5,77,77251,2,1,2,6,1 Rue du Général de Gaulle,48.626143,2.5391091
202000045159,23,5,2020,17,1,75,75117,2,2,1,6,AVENUE DE WAGRAM,48.880981,2.300279
202000045160,24,7,2020,18,1,45,45147,1,1,1,4,D2060 - 95+920,47.9344914,1.9303303
202000045161,25,7,2020,16,1,37,37050,1,1,1,7,RD 37,47.3292042,0.6892739
202000045162,25,7,2020,12,1,37,37214,1,1,1,5,METTRAY (CHEMIN DE),47.4343527,0.6725074
202000045163,25,7,2020,3,5,35,35238,2,1,1,2,12 rue de Brest,48.11196,-1.68862
202000045164,25,7,2020,3,5,33,33063,2,2,1,3,BD PIERRE 1ER / RUE CROIX DE SEGUEY,44.853934,-0.593292
202000045165,23,5,2020,18,1,75,75114,2,5,1,6,BOULEVARD ROMAIN ROLLAND,48.820218,2.324008
202000045166,22,10,2020,7,2,13,13071,1,1,2,5,A7-Sens Marseille vers Lyon,43.3903,5.3501
202000045167,25,7,2020,19,1,33,33529,1,1,1,3,BISCAROSSE (AVE DE) JUSQU'A DUNE,44.60165,-1.1981
202000045168,23,5,2020,8,1,75,75114,2,3,2,2,AVENUE DU GENERAL LECLERC,48.832205,2.330678
202000045169,3,1,2020,21,3,91,91136,1,1,2,6,RD188 PROVINCE / A10 PARIS,48.71611,2.26934
202000045170,25,7,2020,18,1,30,30189,2,1,1,7,ANCIENS COMBATTANTS D INDOCHINE,43.8617,4.3237
202000045171,21,10,2020,16,1,13,13055,1,1,1,2,A507 sens Marseille - Aubagne,43.2976178,5.424754
202000045172,23,5,2020,15,1,75,75113,2,3,1,6,BOULEVARD AUGUSTE BLANQUI,48.830286,2.347194
202000045173,3,1,2020,10,1,95,95582,1,1,1,6,AUTOROUTE A115,48.9782,2.24003
202000045174,25,7,2020,13,1,30,30007,2,6,1,3,D'INDY (AVE VINCENT),44.135,4.09682
202000045175,21,10,2020,15,1,67,67389,1,1,1,3,Autoroute A.4,48.64377,7.73198
202000045176,4,1,2020,20,3,94,94018,1,1,1,-1,AUTOROUTE A4,48.8180452,2.4118107
202000045177,20,10,2020,17,2,62,62498,1,1,2,6,AUTOROUTE A21,50.449252,2.834837
202000045178,23,5,2020,18,1,75,75112,2,1,1,6,BOULEVARD SOULT,48.841849,2.409397
202000045179,4,1,2020,1,3,77,77058,1,1,1,2,A4,48.83054,2.69684
202000045180,24,7,2020,22,5,27,27229,2,1,1,7,RUGBY (RUE DE),49.00767,1.15618
202000045181,22,10,2020,12,1,91,91434,1,1,1,2,AUTOROUTE A6,48.66626,2.361498
202000045182,23,5,2020,18,1,94,94044,2,1,1,1,PIARD (R),48.749357,2.495963
202000045183,4,1,2020,1,3,77,77058,1,1,1,6,A4,48.83054,2.69684
202000045184,22,10,2020,9,1,91,91692,1,1,1,-1,RN 118,48.671014,2.193819
202000045185,25,7,2020,18,1,27,27229,2,6,1,3,COCHEREL (RUE DE),49.0204,1.1821
202000045186,3,1,2020,12,1,988,98818,2,3,1,3,ROUTE DE L'ANSE VATA/RUE THOMY CELIERE,-22.29585,166.44519
202000045187,24,7,2020,19,1,17,17306,2,7,1,1,Avenue Aliénor d'Aquitaine,45.615893,-1.002115
202000045188,22,10,2020,7,2,91,91286,1,1,1,2,AUTOROUTE A6,48.652,2.382
202000045189,3,1,2020,20,1,974,97409,2,1,1,2,Chemin Valentin,-20.959497,55.6723
202000045190,22,10,2020,22,5,78,78362,1,1,1,6,A13,48.9758,1.72277
202000045191,1,8,2020,21,1,14,14536,1,9,1,3,MONTSAINT (CHARRIERE),49.4024086,0.2506994
202000045192,23,5,2020,18,1,94,94068,2,1,1,3,MESNIL (QU DU),48.806024,2.520193
202000045193,22,10,2020,7,1,78,78402,1,1,1,4,A13,48.965155,1.804211
202000045194,2,1,2020,17,1,974,97411,2,2,1,3,Rue Jean Chatel,-20.88358,55.45166
202000045195,21,10,2020,19,1,78,78646,1,1,1,2,RN12,48.789368,2.128208
202000045196,3,1,2020,18,5,69,69388,2,1,2,6,AMBROISE PARE                       (BD),45.73514,4.8824
202000045197,22,10,2020,19,3,93,93008,1,1,1,2,AUTOROUTE A86,48.9069687,2.4563029
202000045198,3,1,2020,16,1,972,97209,2,1,1,7,BISHOP (Avenue Maurice),14.60436,-61.06052
202000045199,22,10,2020,13,1,95,95277,1,1,1,3,A3,48.978045,2.494885
202000045200,25,7,2020,0,5,13,13117,2,1,1,7,D55F,43.4617,5.2416
202000045201,3,1,2020,10,1,972,97209,2,6,1,2,BALATA (ROUTE DE),14.61731,-61.07133
202000045202,25,7,2020,10,2,13,13208,2,1,1,-1,BONNEVEINE (AVENUE),43.254543,5.378901
202000045203,3,1,2020,7,5,69,69149,2,4,8,3,GRANDE RUE                          (GR),45.71356,4.80544
202000045204,24,7,2020,23,5,13,13202,2,1,1,6,LOGE (RUE DE LA),43.296335,5.368542
202000045205,22,10,2020,7,3,95,95582,1,1,2,3, A15,48.968444,2.251761
202000045206,2,1,2020,11,1,87,87085,2,1,2,6,TURGOT (RUE),45.83189,1.25802
202000045207,24,7,2020,17,1,13,13005,1,1,1,7,CIOTAT (ANCIENNE ROUTE DE LA),43.279001,5.5869
202000045208,26,7,2020,0,5,10,10387,2,3,1,3,COURTALON (RUE),48.292974,4.064731
202000045209,22,10,2020,8,1,95,95365,1,1,2,2,RN 104,49.0676883,2.3971921
202000045210,23,5,2020,22,5,94,94021,2,3,1,3,RUE PAUL HOCHART,48.7752478,2.3560226
202000045211,24,7,2020,13,1,09,09122,2,1,1,4,ESPAGNE (ROUTE D'),42.9455,1.62784
202000045212,1,1,2020,2,5,87,87085,2,1,1,1,HALEVY (RUE),45.85937,1.25671
202000045213,24,7,2020,17,1,09,09122,2,9,1,2,VILLOTE (ALLEES DE),42.9637013,1.6083356
202000045214,3,1,2020,10,1,83,83137,2,2,1,6,NOMY (RUE AMIRAL),43.1218378,5.9555572
202000045215,22,10,2020,6,3,93,93048,1,1,1,7,AUTOROUTE A3,48.87337,2.43593
202000045216,23,5,2020,12,1,94,94077,2,1,1,3,REPUBLIQUE (AV DE LA),48.731565,2.413873
202000045217,21,10,2020,16,1,95,95527,1,1,1,6,AUTOROUTE A3,48.9887508,2.5075183
202000045218,25,7,2020,1,5,06,06083,2,1,1,3,ASTRID (PROMENADE REINE),43.785005,7.526678
202000045219,23,5,2020,8,1,94,94022,2,9,2,3,ANATOLE FRANCE (AV),48.7572,2.4137
202000045220,24,7,2020,17,1,06,06069,2,1,1,3,SANS PEUR (RUE),43.659,6.9256
202000045221,21,10,2020,14,1,93,93007,1,1,1,2,AUTOROUTE A3,48.92258,2.48029
202000045222,3,1,2020,12,1,78,78638,2,1,1,5,GENERAL DE GAULLE (RUE DU),49.0075423,1.9589183
202000045223,21,10,2020,10,1,95,95127,1,1,2,6, A15,49.04709,2.07236
202000045224,23,5,2020,21,5,93,93072,2,1,1,3,R D'AMIENS,48.95296,2.36869
202000045225,21,10,2020,19,5,94,94052,1,1,1,3,A86.EXT,48.8353294,2.4939891
202000045226,3,1,2020,13,1,74,74010,2,1,1,6,GENEVE (AVENUE DE)(SECTEUR 410),45.9075,6.12379
202000045227,22,10,2020,14,1,94,94046,1,1,1,-1,A86 EXT,48.8085629,2.4490579
202000045228,25,7,2020,19,1,06,06027,2,1,1,3,JUIN BOULEVARD MARECHAL,43.658707,7.150822
202000045229,3,1,2020,18,3,69,69266,2,1,2,2,FEYSSINE     (Rue de la),45.7846794,4.8894232
202000045230,2,1,2020,12,1,69,69290,1,2,1,3,LYON (DE) (D 518)                   (RO),45.70352,4.91451
202000045231,21,10,2020,16,1,77,77169,1,9,1,3,RN104,48.817677,2.61856
202000045232,25,7,2020,12,1,06,06027,2,1,1,3,ST LAURENT CHEMIN DE,43.6661,7.1752
202000045233,3,1,2020,17,5,68,68376,2,1,1,3,MINES ANNA (RUE DES),47.797936,7.310469
202000045234,5,8,2020,12,1,93,93073,2,1,1,4,DE GAULLE (RUE CHARLES),48.944,2.5685
202000045235,24,7,2020,13,1,06,06027,2,1,1,6,FRANCE ROUTE DE,43.66469,7.138678
202000045236,2,1,2020,10,1,67,67482,2,1,1,6,ANVERS (BOULEVARD D ),48.586104,7.771677
202000045237,20,10,2020,12,1,974,97416,2,9,1,6,HUBERT DE LISLE(BOULEVARD),-21.34364,55.47875
202000045238,24,7,2020,9,1,04,04070,2,1,1,6,Traverse des serres,44.0921865,6.2343816
202000045239,1,1,2020,6,5,67,67267,2,1,5,6,27 rue de Normandie,48.563849,7.682598
202000045240,25,7,2020,2,5,75,75119,2,1,1,2,BOULEVARD PERIPHERIQUE,48.893541,2.395071
202000045241,21,10,2020,12,1,69,69383,2,2,1,6,PAUL BERT                           (R ),45.75701,4.85294
202000045242,23,5,2020,17,1,93,93071,2,1,1,6,JOHN F. KENNEDY (AVENUE),48.9372563,2.5141627
202000045243,3,1,2020,8,1,66,66136,1,1,1,-1,R D 900,42.6705,2.859114
202000045244,3,1,2020,21,5,64,64024,2,1,1,5,BAB (BOULEVARD DU),43.49386,-1.52072
202000045245,20,10,2020,18,2,69,69383,2,1,1,6,PAUL BERT                           (R ),45.75655,4.84742
202000045246,23,5,2020,19,2,93,93048,2,9,1,3,HENRI BARBUSSE (BOULEVARD),48.8672234,2.4422329
202000045247,23,7,2020,19,1,75,75113,2,1,1,3,BOULEVARD PERIPHERIQUE,48.81612,2.359911
202000045248,2,1,2020,17,2,64,64102,2,3,1,3,MOUNEDE (AVENUE DE),43.49888,-1.45791
202000045249,19,10,2020,17,1,972,97209,1,1,1,2,AUTOROUTE (A1),14.6173269,-61.0412199
202000045250,24,7,2020,22,5,75,75112,2,5,1,3,AVENUE DAUMESNIL,48.835579,2.406504
202000045251,21,10,2020,16,1,69,69149,2,1,2,1,GRANDE RUE                          (GR),45.71375,4.80567
202000045252,22,5,2020,17,1,92,92046,2,3,2,3,AVAULEE (RUE),48.815197,2.289412
202000045253,25,7,2020,18,1,75,75116,2,2,1,6,BOULEVARD MURAT,48.841458,2.256115
202000045254,24,5,2020,9,1,12,12300,2,1,1,3,23 Avenue des Croates,44.362008,2.04187
202000045255,2,1,2020,16,2,59,59360,2,3,1,3,PARE AMBROISE RUE,50.6041663,3.0281067
202000045256,21,10,2020,10,1,2B,2B033,2,1,1,7,FALCONAJA,42.68117,9.42816
202000045257,25,7,2020,14,1,75,75114,2,2,1,3,RUE DU DEPART,48.841977,2.322651
202000045258,19,10,2020,23,5,2B,2B033,2,1,1,5,TUNNEL,42.69498,9.45214
202000045259,3,1,2020,13,1,45,45284,2,1,2,7,AVENUE PIERRE MENDES FRANCE,47.913457,1.978158
202000045260,21,10,2020,13,1,971,97101,2,1,1,6,ACHILLE RENE BOISNEUF (RUE),16.2658555,-61.5101445
202000045261,23,7,2020,14,1,75,75112,2,2,1,3,BOULEVARD DIDEROT,48.846445,2.378954
202000045262,25,7,2020,20,2,75,75111,2,2,1,6,BOULEVARD VOLTAIRE,48.858723,2.378586
202000045263,9,10,2020,14,1,971,97105,2,1,2,6,CHARLES DE GAULLE (BD DU GENERAL),15.9884425,-61.719051
202000045264,24,5,2020,17,1,06,06161,2,1,7,3,Route Departementale 6007,43.635661,7.133581
202000045265,24,5,2020,1,3,21,21111,1,1,1,6,A31,47.4030271,5.1829278
202000045266,25,7,2020,18,1,75,75110,2,4,1,6,BOULEVARD DE MAGENTA,48.875549,2.35673
202000045267,18,10,2020,20,3,91,91215,2,1,8,1,RTE DE QUINCY,48.68511,2.51477
202000045268,24,5,2020,9,1,974,97405,2,1,1,7,150 Rue Leconte de Lisle,-21.346115,55.560624
202000045269,24,7,2020,13,1,75,75108,2,2,1,3,BOULEVARD MALESHERBES,48.878379,2.315558
202000045270,3,1,2020,9,1,45,45147,2,1,2,1,RUE PIERRE SEMARD,47.931666,1.904508
202000045271,21,10,2020,12,1,91,91645,2,9,1,3,GABRIEL PERI (RUE),48.74094,2.26555
202000045272,2,1,2020,7,2,45,45298,2,6,2,7,RUE GASTON DEFFIE,47.89287,1.876151
202000045273,21,10,2020,13,1,91,91223,1,1,1,2,C.D. 836,48.45776,2.08993
202000045274,2,1,2020,12,1,37,37122,2,1,1,6,ROTIERE (RUE DE LA),47.3469133,0.6621157
202000045275,25,7,2020,16,1,75,75104,2,3,1,6,RUE DE RIVOLI,48.855065,2.361682
202000045276,24,5,2020,20,1,57,57498,1,1,1,6,D57,49.311575,6.016484
202000045277,3,1,2020,23,5,35,35238,2,1,2,7,BRETAGNE (PLACE DE),48.1097,-1.6841
202000045278,21,10,2020,15,1,86,86066,2,6,1,3,Avenue Honoré de Balzac,46.78865,0.52562
202000045279,24,7,2020,17,1,75,75102,2,7,1,3,PLACE DE LA BOURSE,48.868651,2.341336
202000045280,2,1,2020,21,5,35,35115,2,1,8,2,TRIBUNAL (RUE DU),48.35305,-1.200778
202000045281,3,1,2020,22,5,33,33063,2,3,8,3,CRS GEORGES CLEMENCEAU / RUE LAFAURIE DE MONBADON,44.842852,-0.579341
202000045282,27,2,2020,14,1,33,33281,2,2,2,6,AVE DE MAGUDAS / RUE D'EYSINES,44.85653,-0.65312
202000045283,9,5,2020,11,1,56,56137,1,3,1,3,Kermabolivier,47.760943,-2.686796
202000045284,25,7,2020,21,2,94,94081,2,3,8,1,CHOISY (R DE),48.7877,2.3981
202000045285,2,1,2020,21,5,31,31555,2,1,1,3,BD DE LA GARE,43.60935,1.45459
202000045286,19,10,2020,17,1,86,86066,2,6,1,3,Route de Valette,46.83683,0.53351
202000045287,23,5,2020,18,1,79,79130,1,1,1,6,,46.266076,-0.530026
202000045288,25,7,2020,16,1,94,94028,2,1,1,6,Rue de Paris,48.795158,2.45919
202000045289,3,1,2020,19,5,14,14383,2,1,1,3,Route Nationale 814,49.1436,-0.40453
202000045290,22,8,2020,19,5,83,83098,2,6,1,1,JAURES (BD JEAN),43.10443,6.02361
202000045291,25,7,2020,19,1,93,93066,2,1,1,3,MERMOZ JEAN,48.9416103,2.3540279
202000045292,21,10,2020,20,5,77,77350,1,1,1,6,AV DU GENERAL DE GAULLE,48.76434,2.6604
202000045293,24,7,2020,20,1,93,93039,2,3,1,3,QU DE LA MARINE / R DU 8 MAI 1945,48.936758,2.340463
202000045294,20,10,2020,16,1,77,77053,2,6,2,2,RUE DE LA BUTTE AUX BERGERS,48.70368,2.60694
202000045295,25,7,2020,19,1,93,93049,2,3,1,3,AV DU PRESIDENT JOHN KENNEDY / R PAUL LETOMBE,48.86419,2.51232
202000045296,20,10,2020,9,1,76,76305,1,1,1,7,ESTUAIRE,49.4563659,0.232178
202000045297,25,7,2020,20,1,93,93029,2,1,2,2,FAIDHERBE,48.9160792,2.4303591
202000045298,22,5,2020,21,2,80,80025,1,1,1,7,264 Rue d'Argoules,50.344978,1.834432
202000045299,3,1,2020,19,4,13,13207,2,1,1,3,Corniche John Fitzgérald Kennedy,43.2765336,5.3581578
202000045300,20,10,2020,14,1,76,76351,2,3,1,3,Rue Demidoff,49.49759,0.13415
202000045301,17,10,2020,18,2,71,71499,1,1,1,7,SAINT EUGENE (RUE ),46.6672981,4.2875433
202000045302,22,5,2020,19,1,33,33093,1,1,1,6,D119,44.71006,-0.33695
202000045303,20,10,2020,12,1,71,71306,2,1,1,6,HOSPICE (RUE DE L'),46.6659376,4.3626724
202000045304,23,5,2020,17,1,89,89311,2,1,1,7,Route impériale,47.756406,3.418669
202000045305,17,10,2020,16,1,69,69115,2,1,1,7,HERRIOT (rue Edouard),45.97839,4.72528
202000045306,24,5,2020,17,1,42,42153,1,1,1,7,Chemin Patiras,45.9518694,4.1856452
202000045307,20,10,2020,15,1,69,69013,1,1,1,6,D306,46.0215594,4.7202453
202000045308,24,5,2020,10,1,42,42172,2,1,1,2,Route de Bourg-argental,45.375675,4.443229
202000045309,3,1,2020,14,1,13,13214,2,1,1,2,CAPITAINE GEZE (BOULEVARD),43.3302708,5.3700726
202000045310,24,7,2020,19,1,92,92073,2,3,1,3,SELLIER (BOULEVARD HENRI),48.868035,2.225359
202000045311,3,1,2020,17,5,13,13210,2,1,1,6,ROMAIN ROLLAND (BOULEVARD),43.274939,5.415753
202000045312,24,5,2020,18,1,31,31407,1,9,1,6,D32,43.740245,1.566609
202000045313,24,5,2020,16,1,02,02619,1,9,1,3,D14,49.5300831,3.4103107
202000045314,24,5,2020,11,1,03,03217,1,1,1,6,,46.3609799,2.6920152
202000045315,24,7,2020,15,1,92,92073,2,1,1,6,SELLIER (BOULEVARD HENRI),48.8676148,2.2261586
202000045316,22,5,2020,23,3,70,70104,1,1,8,7,D474,47.419616,5.821778
202000045317,25,7,2020,11,1,92,92035,2,1,1,6,Sartoris ( rue ),48.9070356,2.2444504
202000045318,21,10,2020,15,1,64,64545,1,3,1,3,RD810,43.34967,-1.74283
202000045319,24,5,2020,21,3,64,64504,1,1,1,6,Route de la Platriere,43.324553,-1.586602
202000045320,20,10,2020,8,2,64,64102,2,1,2,6,LOEB (AVENUE DE L'INTERNE JACQUES),43.48603,-1.48269
202000045321,20,10,2020,11,1,62,62108,2,1,1,6,NAMUR,50.41905,1.570484
202000045322,24,5,2020,13,1,10,10355,1,1,1,1,departemantale 951,48.520811,3.484554
202000045323,3,1,2020,13,1,13,13002,1,1,8,6,PICHAURIS (CHEMIN DE... A GRÉASQUE),43.38,5.54256
202000045324,16,10,2020,8,1,58,58194,2,1,1,3,SAINT BENIN,46.98705,3.14664
202000045325,24,5,2020,1,3,10,10011,1,1,1,7,D384,48.286484,4.727104
202000045326,6,6,2020,12,1,974,97415,1,1,1,2,RN1,-20.979913,55.294801
202000045327,1,1,2020,5,5,11,11262,2,1,1,6,CHAUX (CHEMIN DES FOURS A),43.17529,2.98381
202000045328,24,5,2020,8,1,07,07197,1,1,1,1,568 Route de Malbati,45.213463,4.685175
202000045329,20,10,2020,20,5,54,54395,2,4,1,6,BRIAND (RUE ARISTIDE),48.6820925,6.1649153
202000045330,25,7,2020,14,1,24,24372,1,1,1,6,D3,45.158196,0.541141
202000045331,24,7,2020,16,1,73,73218,1,1,1,7,D991,45.8498917,5.8379483
202000045332,20,10,2020,16,1,54,54395,2,1,1,4,BROT (Rue Marcel),48.681266,6.203781
202000045333,24,5,2020,2,3,40,40195,1,1,1,6,D52,43.75414,-0.448551