Num_Acc,jour,mois,an,hr,condition_eclairage,departement,commune,condition_agglomeration,intersection,condition_atmosphere,type_collision,adresse,lattitude,longitude
202000045334,2,1,2020,14,1,10,10387,2,1,8,6,ETIENNE PEDRON (RUE),48.31492,4.07475
202000045335,2,1,2020,6,3,10,10343,1,1,2,6,VERRIERES (RUE),48.266764,4.108061
202000045336,21,10,2020,9,1,35,35055,2,6,2,3,PARC (RUE DU),48.08799,-1.60848
202000045337,2,1,2020,19,4,09,09225,1,9,1,4,MIREPOIX ROUTE DE,43.101661,1.635806
202000045338,21,10,2020,8,2,35,35238,1,1,3,3,RN 137,48.077806,-1.675231
202000045339,1,1,2020,12,1,06,06083,2,9,7,6,SOSPEL (ROUTE DE ),43.790133,7.492472
202000045340,24,5,2020,18,1,85,85288,1,1,1,6,Rue du Gué Robert,46.4741,-1.61736
202000045341,21,10,2020,7,5,35,35238,2,2,3,1,ANJOU (D'),48.1191,-1.71349
202000045342,3,1,2020,19,5,06,06027,2,3,1,1,NICE AVENUE DE (RN7),43.6602,7.173
202000045343,4,1,2020,0,5,03,03321,2,1,2,6,20 Rue Jenner,46.5514596,3.3485395
202000045344,23,5,2020,20,2,17,17213,1,1,1,1,D107,46.046936,-0.530884
202000045345,2,1,2020,18,2,75,75116,2,1,1,3,BD PERIPHERIQUE INTERIEUR,48.861934,2.2646
202000045346,2,1,2020,16,5,75,75120,2,1,1,3,BD PERIPHERIQUE INTERIEUR,48.873182,2.411905
202000045347,22,5,2020,19,1,17,17268,2,1,1,2,16 Chemin de la Garenne,46.0123952,-0.4340726
202000045348,20,10,2020,17,1,35,35238,2,2,1,3,PARIS (RUE DE),48.11247,-1.66617
202000045349,2,1,2020,13,1,75,75106,2,3,1,3,RUE NOTRE DAME DES CHAMPS,48.841621,2.332582
202000045350,25,7,2020,17,1,41,41029,2,1,1,6,Route de blois,47.493797,1.260268
202000045351,21,10,2020,21,5,33,33200,2,1,1,3,AVE PASTEUR,44.87531,-0.67932
202000045352,25,7,2020,16,2,974,97422,2,3,1,3,100 Rue de France,-21.274798,55.507135
202000045353,21,10,2020,14,1,33,33234,2,1,1,3,CHEM DE LA MATTE,44.80338,-0.50921
202000045354,21,10,2020,15,1,33,33529,2,1,1,7,PROCESSION (CH. DE LA),44.6237286,-1.128193
202000045355,26,7,2020,19,3,974,97404,1,1,1,6,Avenue Octave Bénard,-21.279347,55.341643
202000045356,21,10,2020,7,2,33,33529,1,1,1,7,D112,44.55666,-1.15333
202000045357,26,7,2020,8,1,972,97208,1,1,1,7,N3,14.724583,-61.10218
202000045358,3,12,2020,16,5,77,77307,2,1,3,3,AV FRANCOIS MITTERRAND,48.8674625,2.7570622
202000045359,21,10,2020,19,3,31,31565,1,1,1,6,D 8,43.09463,0.6919
202000045360,3,1,2020,19,5,75,75119,2,1,2,2,BOULEVARD SERURIER,48.879141,2.400639
202000045361,3,1,2020,18,5,75,75119,2,1,2,3,BOULEVARD SERURIER,48.877889,2.405107
202000045362,3,1,2020,19,5,75,75117,2,1,2,6,RUE DE COURCELLES,48.8840742,2.2981717
202000045363,2,1,2020,19,5,75,75117,2,1,8,7,BOULEVARD DE REIMS,48.889901,2.298145
202000045364,2,12,2020,8,1,76,76497,2,6,1,6,JAURES. RUE JEAN,49.39314,1.02903
202000045365,26,7,2020,1,3,11,11041,1,6,1,2,D5,43.290889,2.866101
202000045366,24,5,2020,11,1,52,52118,1,1,1,1,N67,48.478981,5.119393
202000045367,2,1,2020,9,1,75,75118,2,1,1,6,AVENUE DE SAINT OUEN,48.8950628,2.3281288
202000045368,23,5,2020,12,1,01,01383,1,1,2,2,D1083,46.103623,5.135127
202000045369,20,10,2020,17,1,29,29019,2,2,9,3,Rue Albert Einstein,48.40893,-4.46276
202000045370,25,7,2020,8,1,83,83036,2,9,1,3,Avenue de Saint-raphaël,43.180451,6.536704
202000045371,28,11,2020,15,1,76,76259,2,1,7,6,DEGENETAIS ( RUE LEON),49.7531,0.3701
202000045372,2,1,2020,8,1,75,75117,2,4,1,6,RUE DE SAUSSURE,48.8878574,2.3110729
202000045373,3,12,2020,13,1,71,71270,2,1,1,6,PILLET (RUE CHARLES),46.2961235,4.8147368
202000045374,2,1,2020,15,1,75,75116,2,7,2,3,AVENUE FOCH,48.8737392,2.2940947
202000045375,3,12,2020,9,1,66,66136,2,3,1,3,JUIN (AVENUE DU MARECHAL),42.68816,2.89715
202000045376,24,5,2020,2,3,971,97103,1,1,1,6,Wonche,16.259772,-61.621134
202000045377,3,1,2020,14,1,75,75115,2,1,8,6,QUAI D ISSY LES MOULINEAUX,48.838387,2.269197
202000045378,2,1,2020,14,1,75,75115,2,2,8,3,QUAI BRANLY,48.854582,2.288849
202000045379,2,1,2020,6,5,75,75115,2,2,1,3,AVENUE EMILE ZOLA,48.846557,2.285993
202000045380,3,1,2020,14,1,75,75113,2,2,1,3,AVENUE D ITALIE,48.82618,2.357271
202000045381,25,7,2020,18,1,67,67395,1,1,1,1,D68,48.691569,7.396889
202000045382,2,12,2020,12,1,66,66136,2,1,1,6,JOFFRE (AVENUE DU MARECHAL CD 88),42.70723,2.89175
202000045383,24,5,2020,13,1,973,97312,1,1,2,7,Route de Saint Elie D21,5.3161758,-53.0443954
202000045384,7,10,2020,17,1,26,26198,2,1,1,1,2 rue Olivier de Serres ,44.559,4.7458
202000045385,2,1,2020,14,1,75,75113,2,3,5,3,RUE GOUTHIERE,48.8210128,2.3507452
202000045386,23,5,2020,19,3,971,97134,2,1,1,1,Anse à la Barque,16.088496,-61.766961
202000045387,3,1,2020,16,1,75,75112,2,1,8,6,RUE DE BERCY,48.837886,2.3823287
202000045388,25,7,2020,12,1,67,67437,2,1,1,6,19 Rue de Dettwiller,48.7397521,7.3708202
202000045389,22,5,2020,16,1,45,45028,2,1,1,7,34 Rue de la Fontaine Appia,47.783311,1.619911
202000045390,2,12,2020,15,1,66,66136,2,1,1,6,APPERT NICOLAS,42.7383,2.89189
202000045391,21,10,2020,10,1,17,17274,2,6,1,3,REPUBLIQUE   ROND-POINT DE LA,46.15331,-1.11106
202000045392,2,1,2020,15,1,75,75112,2,2,1,3,AVENUE DAUMESNIL,48.8462696,2.3774922
202000045393,23,5,2020,8,1,2A,2A300,1,1,1,1,Furculino,41.657732,9.301987
202000045394,30,11,2020,17,1,64,64445,2,1,8,6,EUROPE DE L',43.32937,-0.35326
202000045395,20,10,2020,11,1,16,16102,2,1,2,6,Giratoire de Crouin,45.694505,-0.349301
202000045396,2,12,2020,7,3,64,64024,2,1,1,7,MAIGNON (ROUTE DE),43.47017,-1.49802
202000045397,26,7,2020,3,3,14,14061,1,1,1,6,D56,48.945575,-0.88264
202000045398,23,5,2020,11,1,83,83071,1,1,1,7,Route de Saint Honore,43.151129,6.270447
202000045399,3,1,2020,20,5,75,75110,2,4,1,6,BOULEVARD DE MAGENTA,48.8804254,2.352341
202000045400,20,10,2020,16,3,14,14437,2,1,1,1,PARIS (ROUTE DE),49.17,-0.3237
202000045401,21,10,2020,7,5,14,14118,2,7,2,3,DEMI LUNE (PLACE DE LA ),49.174599,-0.338352
202000045402,3,1,2020,8,2,75,75110,2,1,1,3,AVENUE CLAUDE VELLEFAUX,48.876744,2.370298
202000045403,24,5,2020,12,1,83,83035,1,1,1,6,Dn8,43.236199,5.801554
202000045404,24,11,2020,16,1,63,63063,2,1,7,6,CHATEAUGAY (RUE DE),45.8352895,3.0949356
202000045405,21,10,2020,17,1,13,13214,2,1,1,2,CAPITAINE GEZE (BOULEVARD),43.33037,5.37054
202000045406,24,5,2020,15,1,04,04171,1,1,1,1,RD 952,43.792117,6.38413
202000045407,2,1,2020,11,1,75,75107,2,1,8,7,AVENUE DE LA MOTTE PICQUET,48.854855,2.306393
202000045408,25,7,2020,11,1,17,17391,1,1,1,3,D108,46.1505179,-1.0564739
202000045409,24,11,2020,11,1,62,62498,2,2,1,6,PAIX (R DE LA),50.42845,2.82866
202000045410,26,7,2020,12,1,974,97410,2,1,1,5,Rue des Myosotis,-21.052788,55.71462
202000045411,24,5,2020,4,3,26,26179,1,1,1,2,Autourte du Soleil,45.074581,4.868617
202000045412,28,11,2020,16,1,61,61001,2,1,1,3,MARTIN LUTHER KING ( RUE ),48.43093,0.06542
202000045413,21,10,2020,17,1,13,13208,2,1,1,6,PRADO (AVENUE DU),43.269719,5.386674
202000045414,21,10,2020,14,1,13,13214,2,4,1,3,PAUL COXE (RUE),43.34785,5.37689
202000045415,3,12,2020,17,5,59,59279,2,3,2,6,LILLE (RUE DE),50.782799,3.126145
202000045416,25,7,2020,3,3,58,58033,1,1,1,7,D2,47.50516,3.05635
202000045417,3,1,2020,14,1,75,75103,2,3,1,6,RUE SAINT GILLES,48.857862,2.36643
202000045418,23,5,2020,12,1,68,68298,2,3,2,6,Rue de Lattre de Tassigny,48.246851,7.185085
202000045419,13,10,2020,17,1,13,13210,2,1,1,3,CHANTE PERDRIX (tvse),43.275495,5.433365
202000045420,30,11,2020,16,5,59,59295,2,1,2,6,AVENUE JEAN MARIE JACOB,50.7374312,2.548981
202000045421,25,7,2020,18,1,42,42210,1,1,1,6,Route de Seyoux,45.493766,4.620609
202000045422,3,1,2020,15,1,75,75104,2,2,2,3,QUAI DE GESVRES,48.856068,2.350693
202000045423,20,10,2020,22,5,13,13204,2,1,1,7,MARÉCHAL JUIN (BOULEVARD),43.30957,5.40312
202000045424,3,1,2020,15,1,94,94021,2,3,1,6,GENERAL DE GAULLE (AV DU),48.77302,2.33912
202000045425,29,11,2020,16,1,59,59329,2,1,1,3,SEMARD (RUE PIERRE),50.35147,3.0787
202000045426,3,1,2020,18,5,94,94028,2,1,1,6,CHOISY(ROUTE DE),48.7812268,2.4451622
202000045427,19,10,2020,18,2,13,13205,2,1,1,4,SAKAKINI (BOULEVARD),43.2928,5.40128
202000045428,24,10,2020,22,5,58,58194,2,1,1,6,FRANCS BOURGEOIS,46.9911,3.1628
202000045429,3,1,2020,13,1,94,94079,2,7,1,1,EGLISE (PL DE L),48.82734,2.54234
202000045430,18,10,2020,16,1,13,13047,1,8,1,3,FOS (ROUTE DE) - RN 569,43.488818,4.964176
202000045431,3,1,2020,9,2,93,93078,2,3,1,3,CH DE SAVIGNY / R DE PARIS,48.9624862,2.5341864
202000045432,16,5,2020,19,1,88,88464,1,1,1,6,Chemin de la Bisoire,48.107689,6.642952
202000045433,3,1,2020,10,1,93,93053,2,3,2,3,R DES BERGERIES / R VAILLANT COUTURIER,48.89063,2.45145
202000045434,24,5,2020,20,1,57,57271,1,1,1,6,1 Rue des Champs,49.103785,6.798966
202000045435,3,1,2020,20,5,93,93048,2,1,2,2,GABRIEL PERI (AVENUE),48.8573097,2.4406223
202000045436,23,5,2020,9,1,31,31420,2,1,1,3,85 Rue d'Andorre,43.505601,1.391063
202000045437,26,7,2020,7,1,83,83019,1,1,1,-1,Avenue Lou Mistraou,43.151239,6.308373
202000045438,26,7,2020,5,2,59,59382,1,1,1,1,CD 15,50.056064,3.418036
202000045439,30,11,2020,20,5,54,54304,2,1,2,1,QUATRE VENTS (AVENUE DES),48.697242,6.1347431
202000045440,20,10,2020,9,1,13,13004,2,1,1,6,BD EMILE COMBES,43.68022,4.63388
202000045441,3,1,2020,13,1,93,93027,2,2,1,1,PASTEUR (BOULEVARD) DE 40 A +,48.92099,2.38312
202000045442,26,7,2020,2,3,56,56146,1,1,1,3,Saint Eloi,48.097014,-2.983024
202000045443,26,7,2020,7,1,56,56231,2,8,1,6,Rue du Vieux Couvent,47.70234,-2.650629
202000045444,22,5,2020,17,1,17,17395,1,2,1,4,RN 141,45.718582,-0.494868
202000045445,2,12,2020,17,5,50,50218,2,1,2,3,MATIGNON (AV DES),48.83797,-1.57669
202000045446,20,10,2020,7,2,13,13004,2,1,1,6,BD EMILE COMBES,43.67974,4.63388
202000045447,3,1,2020,15,1,92,92075,2,9,8,2,RAYMOND MARCHERON (RUE),48.8194,2.28828
202000045448,17,10,2020,18,1,13,13001,1,1,1,2,RN 296,43.5359,5.43148
202000045449,21,7,2020,8,1,67,67053,1,9,1,7,D209 PK5,48.2340151,7.5654853
202000045450,3,1,2020,20,5,92,92049,2,1,2,6,BERT RUE PAUL,48.817569,2.310962
202000045451,20,10,2020,18,5,10,10362,2,1,2,2,GENERAL LECLERC (RUE DU),48.29235,4.04084
202000045452,3,1,2020,9,1,92,92012,2,1,1,3,GENERAL LECLERC (AVENUE DU) 1/33 - 2/58,48.8323,2.2393
202000045453,20,10,2020,17,1,10,10387,2,9,2,2,PREMIER MAI (RUE DU),48.304,4.0883
202000045454,26,7,2020,2,5,2B,2B187,1,3,1,2,D82,42.662936,9.315012
202000045455,24,5,2020,7,1,29,29169,1,1,1,6,Ker Elisa,48.072444,-4.185523
202000045456,3,1,2020,20,5,92,92012,2,2,2,3,CHATEAU (RUE DU) 127/FIN - 133/FIN,48.8416711,2.2369878
202000045457,3,12,2020,7,4,50,50129,2,1,3,6,CESSART (AVENUE DE),49.64451,-1.63148
202000045458,4,1,2020,14,1,71,71305,1,1,1,2,Autoroute du Soleil,46.4663906,4.8802595
202000045459,26,7,2020,13,1,11,11209,1,1,1,-1,D118,42.970127,2.259445
202000045460,21,10,2020,13,1,09,09122,1,1,1,4,RD 919,42.987973,1.615711
202000045461,2,12,2020,18,3,50,50173,2,2,2,3,ARAGO (RUE),49.65333,-1.66328
202000045462,20,10,2020,10,1,06,06004,2,3,1,6,GAMBETTA AV.,43.5825,7.1202
202000045463,4,1,2020,4,3,85,85144,1,1,5,6,La Boule,46.848312,-1.088111
202000045464,30,11,2020,14,1,50,50602,2,3,1,3,BRIAND (RUE ARISTIDE),49.64743,-1.59125
202000045465,24,5,2020,17,1,60,60241,1,1,1,7,D126,49.170093,2.6748195
202000045466,25,7,2020,17,1,55,55571,2,5,1,7,Grande Rue,49.329555,5.233494
202000045467,21,10,2020,17,1,75,75116,2,1,1,2,ECHANGEUR MUETTE,48.861171,2.263891
202000045468,26,7,2020,10,1,49,49200,1,1,1,6,D775,47.5435601,-0.65308
202000045469,3,1,2020,22,3,41,41120,2,1,1,6,La Prazerie,47.793306,0.937665
202000045470,21,10,2020,10,1,75,75119,2,3,1,3,AVENUE DE LA PORTE DE LA VILLETTE,48.898345,2.386162
202000045471,25,6,2020,11,1,86,86244,1,1,1,7,D29,46.35688,0.019913
202000045472,2,12,2020,15,1,49,49353,2,1,1,1,Rue des Acacias,47.45349,-0.49807
202000045473,3,1,2020,20,3,56,56218,1,1,1,1,Route de Peillac,47.725459,-2.270184
202000045474,20,10,2020,11,1,75,75118,2,1,8,6,RUE ORDENER,48.893502,2.337449
202000045475,4,1,2020,4,3,65,65460,1,1,1,6,Route de Rabastens,43.38538,0.098083
202000045476,3,12,2020,17,4,45,45068,2,9,2,6,Rue Aristide Briand,48.012169,2.739453
202000045477,25,7,2020,16,1,22,22207,2,2,1,3,Rue du Lity,48.618513,-3.462378
202000045478,21,10,2020,11,1,75,75117,2,1,1,1,RUE DE TILSITT,48.875274,2.295443
202000045479,3,1,2020,13,1,89,89081,1,1,8,6,D91,47.84285,3.777654
202000045480,21,11,2020,11,1,44,44109,2,1,1,6,BOULEVARD ROBERT SCHUMAN,47.23523,-1.56753
202000045481,26,7,2020,17,1,22,22346,2,1,1,7,30 rue des chataigniers,48.359571,-2.624713
202000045482,24,5,2020,8,1,62,62543,2,1,1,1,212 grand rue,50.635295,2.304082
202000045483,26,7,2020,4,3,25,25083,1,1,1,6,D117,47.475404,6.494764
202000045484,3,1,2020,13,1,39,39323,1,1,2,1,,47.16813,5.496554
202000045485,21,10,2020,7,3,75,75117,2,2,1,6,RUE LEMERCIER,48.889435,2.318702
202000045486,30,11,2020,6,5,41,41018,2,3,1,3,RIFFAULT (RUE EUGENE),47.58991,1.341866
202000045487,26,7,2020,0,3,44,44216,2,1,2,6,Avenue de la Vendée,46.969711,-1.430857
202000045488,4,1,2020,11,1,35,35297,2,1,1,6,Rue de Plumaugat,48.198043,-2.197078
202000045489,19,10,2020,20,5,75,75117,2,2,1,2,AVENUE DE VILLIERS,48.885149,2.295667
202000045490,3,12,2020,8,1,38,38421,2,1,1,6,Avenue Potier,45.17537,5.75321
202000045491,19,10,2020,20,5,75,75116,2,1,1,3,RUE DE L ASSOMPTION,48.855342,2.266988
202000045492,26,7,2020,10,1,44,44015,1,5,1,3,st cloud,47.46219,-1.879542
202000045493,24,7,2020,17,1,44,44003,2,7,1,6,Place Jeanne-d'Arc,47.365415,-1.177264
202000045494,21,10,2020,20,5,75,75115,2,1,1,3,RUE DE VAUGIRARD,48.835223,2.292328
202000045495,24,7,2020,16,1,31,31188,1,1,7,5,35 Route de Fonsorbes,43.5460399,1.2054054
202000045496,21,10,2020,17,1,75,75115,2,4,1,6,RUE BRANCION,48.829683,2.301763
202000045497,3,1,2020,18,3,29,29130,1,3,1,3,D789,48.358728,-4.6305333
202000045498,1,12,2020,8,1,37,37261,2,1,1,7,JAURES (PLACE JEAN),47.3899119,0.6882891
202000045499,21,10,2020,10,1,75,75115,2,7,2,6,AVENUE DE BRETEUIL,48.845377,2.311004
202000045500,3,12,2020,8,2,37,37233,2,3,2,2,FLORENCE (AVENUE DE),47.3783083,0.7416408
202000045501,21,10,2020,20,5,75,75112,2,7,1,3,AVENUE DU TRONE,48.848141,2.397476
202000045502,3,1,2020,23,3,26,26155,1,1,8,6,Route de Beaurepaire,45.32223,5.002101
202000045503,3,12,2020,7,3,37,37195,1,1,2,7,,47.3893889,0.6487258
202000045504,19,10,2020,20,5,75,75112,2,2,1,3,RUE DE REUILLY,48.847347,2.386786
202000045505,25,7,2020,18,1,38,38015,2,1,1,3,Route de Roche,45.536874,5.16381
202000045506,23,5,2020,13,1,62,62355,1,1,1,2,Route Departementale 950,50.333203,2.914542
202000045507,30,11,2020,16,1,37,37261,2,1,1,7,FAURE (RUE GABRIEL),47.373583,0.6982547
202000045508,23,5,2020,12,1,62,62557,2,1,1,2,Rue de Neuville,50.32803,2.712296
202000045509,24,5,2020,1,5,62,62801,2,1,1,6,74 Rue Raoul Briquet,50.393582,2.749967
202000045510,3,12,2020,0,5,34,34172,2,3,1,3,BLUM (RUE LEON),43.60892,3.89085
202000045511,23,5,2020,9,1,94,94034,1,1,2,7,AUTOROUTE A86,48.7559073,2.3351273
202000045512,23,5,2020,1,5,94,94037,1,1,2,7,AUTOROUTE A6B,48.81532,2.35619
202000045513,21,10,2020,15,1,75,75110,2,2,1,4,BOULEVARD DE MAGENTA,48.870491,2.361193
202000045514,3,12,2020,14,1,33,33039,2,3,2,3,RTE DE TOULOUSE / AVE FAVARQUE,44.80459,-0.57214
202000045515,20,10,2020,15,1,75,75108,2,1,2,3,BOULEVARD MALESHERBES,48.87976,2.313905
202000045516,22,5,2020,18,1,91,91468,1,1,1,6,AUTOROUTE A6,48.57627,2.46472
202000045517,10,7,2020,6,1,03,03258,1,1,1,6,Rue des Barathons,46.1914093,3.3846577
202000045518,25,7,2020,10,1,15,15258,1,1,1,1,D8,44.969506,2.622624
202000045519,28,11,2020,18,5,33,33063,2,2,1,3,GAUTIER (BD ANTOINE) (20-40) PAIRS,44.83341,-0.59854
202000045520,19,10,2020,11,1,94,94068,2,1,1,5,BELLECHASSE (BD DE),48.793705,2.488728
202000045521,23,5,2020,7,1,95,95582,1,1,2,6,AUTOROUTE A115,48.97248,2.24734
202000045522,25,7,2020,17,1,06,06059,1,1,1,1,389 Avenue des Diables Bleus,43.724425,7.337027
202000045523,2,12,2020,16,1,31,31069,2,1,2,3,GUYENNE (RUE DE),43.63117,1.38992
202000045524,21,10,2020,20,5,94,94052,2,1,1,7,CHARLES DE GAULLE (GRAND RUE),48.837048,2.483756
202000045525,26,7,2020,2,3,14,14143,1,1,2,6,D71,49.0924859,-0.8518255
202000045526,22,5,2020,11,1,974,97411,1,9,1,3,Route des Eucalyptus,-20.88811,55.43335
202000045527,3,12,2020,13,1,30,30189,2,1,1,3,LASSERRE JEAN (AVENUE),43.82156,4.35811
202000045528,25,7,2020,12,1,90,90082,2,3,1,2,1 Rue de Rechotte,47.591618,6.955912
202000045529,21,10,2020,17,1,94,94041,2,2,1,6,VERDUN (AV DE),48.80911,2.37367
202000045530,22,5,2020,18,1,69,69387,2,1,1,6,GEORGES GOUY                        (R ),45.73051,4.83512
202000045531,23,7,2020,9,1,83,83007,2,6,1,3,Route de Salernes,43.617534,6.220397
202000045532,3,12,2020,18,5,29,29232,2,3,2,6,Rue de Kerlerec,47.9967174,-4.1115351
202000045533,22,5,2020,9,1,69,69388,2,2,1,3,ST MAURICE                          (R ),45.74288,4.86744
202000045534,22,7,2020,23,3,60,60155,1,1,1,7,Route de Balagny,49.28573,2.348939
202000045535,3,12,2020,16,1,29,29232,2,3,2,3,Rue de Kerfeunteun,48.00036,-4.10125
202000045536,21,10,2020,15,1,94,94073,2,2,1,3,SAUSSAIE (R DE LA),48.7666,2.38623
202000045537,26,7,2020,7,1,64,64477,1,1,1,7,Route de Banca,43.172079,-1.351866
202000045538,16,5,2020,0,5,69,69386,2,3,1,3,VAUBAN                              (R ),45.7663,4.8596
202000045539,21,10,2020,16,1,94,94054,2,1,1,6,MARTYRS DE CHATEAUBRIANT (AV DES),48.74801,2.406832
202000045540,3,12,2020,8,2,29,29232,1,6,3,1,D765 - Route de Rosporden,47.9817192,-4.035278
202000045541,26,7,2020,7,2,36,36078,1,1,1,6,Les Champs de Montabin,46.5857658,1.8770581
202000045542,11,9,2020,8,1,28,28134,2,1,1,6,KENNEDY (AVENUE DU PRESIDENT),48.73029,1.37973
202000045543,22,5,2020,19,5,972,97209,1,3,1,3,REDOUTE (ROUTE DE LA),14.61536,-61.06172
202000045544,9,11,2020,22,3,27,27528,1,1,1,6,RD6015,49.2723,1.15945
202000045545,23,7,2020,11,1,36,36055,1,1,7,3,Maubert,46.9296674,1.2154053
202000045546,3,12,2020,17,5,19,19272,2,1,3,6,Dr Aimé Audubert (Rue),45.2519476,1.7650759
202000045547,3,12,2020,17,5,17,17300,2,1,3,6,KENNEDY   AVENUE DU PRESIDENT J,46.16752,-1.18072
202000045548,22,5,2020,6,1,972,97209,1,1,1,2,RD 41 (ROCADE),14.60546,-61.09
202000045549,3,12,2020,15,1,17,17300,2,1,3,6,SCHWEITZER   RUE DU DOCTEUR ALB,46.15832,-1.14431
202000045550,21,10,2020,7,5,94,94071,2,1,2,7,PARIS (R DE),48.773577,2.50448
202000045551,22,5,2020,22,5,69,69382,2,1,1,6,MARECHAL JOFFRE (DU)                (QU),45.7526,4.8245
202000045552,25,7,2020,18,1,16,16393,1,1,1,7,Lieu dit Le Deroc,45.763392,0.157413
202000045553,21,10,2020,17,1,93,93078,2,2,1,6,BALLANGER (BD ROBERT),48.955525,2.5390381
202000045554,3,12,2020,16,1,17,17300,2,1,3,7,POINCARE   AVENUE RAYMOND,46.16692,-1.19237
202000045555,26,7,2020,12,1,53,53059,1,1,1,3,D20,48.102402,-0.504813
202000045556,21,10,2020,14,1,93,93066,2,1,1,3,LIBERATION RD14 (BOULEVARD),48.9334435,2.3423428
202000045557,25,7,2020,4,3,04,04031,1,1,1,7,RD 953,43.901186,6.138761
202000045558,20,10,2020,15,1,93,93048,2,1,2,2,PARIS (RUE DE),48.85781,2.43501
202000045559,24,7,2020,23,3,27,27209,1,1,1,6,D88,49.303727,0.73603
202000045560,21,10,2020,16,1,93,93046,2,9,1,6,ROBERT SCHUMANN BOULEVARD,48.928677,2.5504766
202000045561,21,10,2020,16,1,93,93001,2,1,1,-1,JEAN JAURES (AVE)  215 =>,48.9153791,2.4046205
202000045562,25,7,2020,14,1,28,28394,1,1,1,7,3 Rue de Châteauneuf,48.67402,1.322168
202000045563,3,12,2020,14,1,14,14118,2,1,1,2,RN 814,49.19953,-0.34497
202000045564,21,10,2020,18,2,92,92051,2,3,1,2,"GENERAL LECLERC (BOULEVARD DU, N° 1 A 27",48.8880952,2.2577092
202000045565,21,10,2020,19,5,92,92025,2,2,1,3,CHARLES DE GAULLE (BD),48.914539,2.229167
202000045566,3,12,2020,18,1,13,13205,2,1,1,6,DOCTEUR SIM. SEDAN (RUE),43.2954585,5.3978754
202000045567,3,12,2020,7,1,13,13201,2,1,1,6,LIEUTAUD (COURS)      2 A 52,43.295882,5.381528
202000045568,25,7,2020,6,2,17,17314,1,1,1,7,RD129E3,45.77342,-0.500135
202000045569,20,10,2020,20,5,92,92025,2,1,1,2,AGENT SARRE (AV DE L'),48.924661,2.265726
202000045570,3,12,2020,6,2,13,13211,2,1,1,-1,FALAISE (RUE DE LA),43.29,5.43
202000045571,23,7,2020,18,1,30,30116,1,1,8,7,D351,43.911034,4.599822
202000045572,21,10,2020,17,1,92,92024,2,1,1,2,JEAN JAURES (BD) DE 47 A 109)   (56 A 14,48.934138,2.259325
202000045573,24,7,2020,21,5,973,97307,1,1,1,7,N2,4.8271725,-52.3385658
202000045574,2,12,2020,10,1,13,13211,2,1,1,6,SAINT MARCEL (BOULEVARD DE ),43.286243,5.4740836
202000045575,21,10,2020,12,1,92,92012,2,1,1,2,TRAVERSIERE (RUE),48.8250987,2.2455539
202000045576,21,10,2020,11,1,974,97415,2,1,1,3,Route de l'Eperon,-21.044092,55.257856
202000045577,2,12,2020,17,4,13,13063,1,9,1,3,RN 1569 LA TRANSHUMANCE,43.58646,4.98898
202000045578,26,7,2020,15,1,24,24063,1,1,1,5,La Franquie,44.734754,1.215985
202000045579,21,10,2020,19,2,08,08088,1,1,1,6,D29,49.614019,4.913721
202000045580,19,10,2020,14,1,25,25518,1,1,1,2,A36,47.34256,6.24135
202000045581,25,7,2020,17,1,80,80021,1,1,1,6,A16,49.89885,2.232563
202000045582,21,10,2020,14,1,81,81113,1,1,1,7,D31,43.855868,2.194347
202000045583,21,10,2020,22,3,28,28012,1,1,2,6,3 Route du Poislay,48.06895,1.131318
202000045584,22,10,2020,16,1,974,97412,1,1,1,3,94 Rue Edmond Albius,-21.362462,55.606319
202000045585,16,10,2020,17,1,01,01238,2,1,1,3,312 Route de Reyrieux,45.90929,4.823009
202000045586,22,10,2020,0,3,76,76122,1,1,1,-1,A28,49.837595,1.531477
202000045587,26,7,2020,10,1,31,31074,1,1,1,1,A680,43.668865,1.619239
202000045588,2,12,2020,18,5,10,10387,2,1,2,4,MARECHAL DE LATTRE DE TASSIGNY (RUE DU),48.30466,4.09461
202000045589,22,10,2020,11,1,974,97414,1,1,1,6,N5,-21.226602,55.455658
202000045590,2,12,2020,8,1,06,06088,2,1,1,6,EUCALYPTUS (AV. DES),43.67423,7.22123
202000045591,24,7,2020,11,1,86,86123,1,1,1,2,A10,46.507663,0.116137
202000045592,3,12,2020,7,1,04,04112,1,6,1,3,RD 907 / Ch de la source,43.833267,5.76901
202000045593,25,7,2020,20,3,973,97312,1,1,1,6,N1,5.331174,-52.914426
202000045594,21,10,2020,6,5,38,38400,2,1,1,3,Avenue Abel Rossignol,45.349412,5.59534
202000045595,22,10,2020,12,1,83,83019,1,1,1,1,Avenue Lou Mistraou,43.1499057,6.2911606
202000045596,3,12,2020,8,1,75,75119,2,1,1,3,BOULEVARD PERIPHERIQUE,48.900327,2.379367
202000045597,24,7,2020,18,2,971,97111,2,3,1,3,295 Chemin de Petite Rivière,16.277929,-61.800081
202000045598,2,12,2020,21,5,75,75120,2,4,1,6,BOULEVARD PERIPHERIQUE,48.868824,2.413173
202000045599,26,7,2020,14,1,37,37131,1,1,1,1,,47.4398585,1.0291113
202000045600,22,10,2020,16,1,71,71167,1,1,2,1,D139,46.820238,5.019379
202000045601,2,12,2020,6,3,75,75120,2,1,1,7,BOULEVARD PERIPHERIQUE,48.862608,2.413553
202000045602,26,7,2020,3,3,34,34145,1,2,1,1,Route de la Petite Camargue,43.668927,4.14354