Num_Acc,jour,mois,an,hr,condition_eclairage,departement,commune,condition_agglomeration,intersection,condition_atmosphere,type_collision,adresse,lattitude,longitude
202000045603,3,12,2020,10,1,75,75119,2,7,2,7,BOULEVARD DE LA COMMANDERIE,48.900749,2.386967
202000045604,26,7,2020,14,1,05,05063,1,1,1,3,D1091,45.042427,6.271468
202000045605,22,10,2020,17,2,62,62279,2,2,1,3,Ruelle Tombree route de dainville,50.293856,2.709095
202000045606,3,12,2020,8,1,75,75119,2,1,2,6,RUE GASTON TESSIER,48.895905,2.373761
202000045607,22,10,2020,6,3,57,57108,1,1,1,1,D962,49.133637,7.421417
202000045608,26,7,2020,11,1,26,26058,1,1,1,4,Autoroute du Soleil,44.949803,4.889587
202000045609,3,12,2020,19,5,75,75116,2,2,2,6,AVENUE THEOPHILE GAUTIER,48.847512,2.269133
202000045610,26,7,2020,15,1,68,68269,1,1,2,7,D11.5,48.195845,7.228253
202000045611,22,10,2020,20,3,95,95026,1,1,1,3,RD 922,49.13847,2.357726
202000045612,22,10,2020,10,1,56,56230,1,1,5,7,Le Landier,47.786522,-2.218063
202000045613,2,12,2020,22,5,75,75116,2,4,1,2,BOULEVARD DE BEAUSEJOUR,48.856602,2.266294
202000045614,25,7,2020,7,1,67,67351,2,1,7,-1,Rue Principale Niederseebach,48.9515,7.998111
202000045615,26,7,2020,16,1,55,55340,1,9,1,7,15 Rue de Rippe,48.779839,5.003393
202000045616,21,10,2020,17,1,77,77509,1,1,1,7,D213,48.491487,3.023681
202000045617,25,7,2020,22,3,57,57122,1,1,1,3,D656,49.078364,6.827466
202000045618,25,7,2020,17,1,57,57460,1,1,1,7,D55,49.252814,6.680439
202000045619,21,10,2020,21,3,67,67276,1,1,1,6,RD 392,48.51217,7.27855
202000045620,26,7,2020,15,1,03,03066,1,1,1,6,,46.0741434,3.7785716
202000045621,20,10,2020,22,3,79,79063,1,1,2,7,Lieu-dit l'Ebaupinaie,47.085882,-0.352464
202000045622,26,7,2020,16,1,73,73054,2,1,1,1,D1090 Lieu dit LE MOLLARD,45.6254916,6.7812414
202000045623,21,10,2020,9,1,19,19030,1,1,1,6,A89,45.159981,1.33604
202000045624,24,7,2020,17,1,69,69191,2,1,1,6,47 Route de Lyon,45.807178,4.821086
202000045625,21,10,2020,17,1,11,11036,1,1,1,6,D222,42.837914,2.074077
202000045626,21,10,2020,8,4,49,49248,2,9,3,6,16 Rue de Bretagne (Combrée),47.711204,-0.990566
202000045627,25,7,2020,10,1,33,33297,2,1,1,3,115 Route d'Avensan,45.046344,-0.773428
202000045628,3,12,2020,19,5,75,75113,2,2,2,6,BOULEVARD DU GENERAL JEAN SIMON,48.824107,2.376916
202000045629,26,7,2020,3,4,14,14009,2,1,1,7,3 Route de l'Arbre au Canu,49.251994,-0.230316
202000045630,20,10,2020,9,1,47,47168,2,1,1,6,Rue Henri Caillavet,44.598951,0.356208
202000045631,25,7,2020,5,2,80,80721,2,1,1,6,Route de Gamaches,50.162536,1.619668
202000045632,21,10,2020,19,2,22,22226,1,1,1,7,Prat An Vel,48.678884,-3.540215
202000045633,24,7,2020,16,1,13,13055,1,1,1,3,A507 sens Marseille - Aubagne,43.28624,5.43193
202000045634,25,7,2020,2,3,33,33122,1,1,1,2,AUTOROUTE A 63,44.72049,-0.73798
202000045635,25,7,2020,2,5,78,78431,1,1,1,2,A13,48.94343,1.951
202000045636,25,7,2020,16,1,95,95018,1,1,1,7,AUTOROUTE A15,48.9604322,2.2709389
202000045637,25,7,2020,10,1,95,95555,1,1,1,6,RD 170,48.97372,2.27716
202000045638,25,7,2020,7,1,95,95306,1,1,1,2, A15,48.99844,2.1771
202000045639,22,10,2020,14,1,29,29227,1,2,1,3,Lieu Dit Trohoat,48.353483,-3.599364
202000045640,24,7,2020,22,3,93,93066,1,1,1,3,AUTOROUTE A1,48.9348,2.3722
202000045641,24,7,2020,15,1,93,93007,1,1,1,2,AUTOROUTE A3,48.92594,2.48123
202000045642,25,7,2020,9,1,94,94065,1,1,1,3,A86 EXT,48.75385,2.35034
202000045643,3,12,2020,19,5,75,75113,2,2,2,6,AVENUE DE LA PORTE D IVRY,48.821582,2.369325
202000045644,17,2,2020,12,1,05,05061,2,9,1,6,Rue du Fleurendon (Gap),44.54425,6.06278
202000045645,20,10,2020,10,1,01,01072,1,3,1,1,RD 979,46.184117,5.305313
202000045646,4,2,2020,13,1,75,75120,2,1,1,6,BOULEVARD DE BELLEVILLE,48.869764,2.379358
202000045647,21,10,2020,17,1,70,70311,2,1,1,3,58 Avenue du Marechal Turenne,47.812254,6.364295
202000045648,24,7,2020,7,1,974,97416,2,1,1,3,PASTEUR (RUE),-21.2829,55.4725
202000045649,21,10,2020,7,2,06,06032,2,6,1,3,37 Route Moyenne Corniche,43.725095,7.401098
202000045650,2,12,2020,20,4,75,75112,2,1,1,6,RUE DU FAUBOURG SAINT ANTOINE,48.852181,2.372701
202000045651,16,7,2020,6,2,974,97407,2,1,1,7,COMMUNE DE PARIS (AVENUE),-20.93,55.29
202000045652,25,7,2020,2,5,69,69383,2,1,1,3,VICTOR AUGAGNEUR                    (QU),45.75667,4.8406
202000045653,20,10,2020,12,1,06,06032,2,1,1,1,11 Route de la Turbie,43.72518,7.393927
202000045654,24,7,2020,14,1,972,97209,2,3,1,1,ARAWAKS (AVENUE DES),14.6184,-61.0417
202000045655,19,10,2020,15,1,50,50419,1,1,1,1,Pont d'Hyenville,48.994808,-1.463225
202000045656,24,7,2020,13,1,971,97101,1,2,1,2,PALAIS ROYAL,16.2937,-61.49466
202000045657,23,7,2020,17,1,971,97101,2,1,1,3,PROVIDENCE,16.26512,-61.51107
202000045658,24,7,2020,20,1,95,95680,2,1,1,2,PIERRE SEMARD (AVENUE),49.001976,2.4046518
202000045659,22,10,2020,15,1,50,50562,2,4,1,3,Rue d'Isamberville,49.584909,-1.266384
202000045660,22,7,2020,12,1,91,91589,2,1,1,6,DE GAULLE  (AVENUE CHARLES),48.70523,2.33792
202000045661,2,12,2020,13,1,75,75112,2,2,1,3,AVENUE DES CANADIENS,48.8172117,2.458646
202000045662,22,10,2020,12,1,60,60443,2,1,1,2,215 Rue du Marais de Chevoyeux,49.654223,2.992873
202000045663,22,7,2020,21,2,91,91201,2,1,1,7,FERDINAND BUISSON(RUE),48.67606,2.40682
202000045664,21,10,2020,23,3,88,88313,2,1,1,6,Rue du Haut de Fosse,48.348388,6.429824
202000045665,22,7,2020,16,1,91,91103,2,1,1,7,CAROUGE  (RUE DU),48.61324,2.29938
202000045666,23,7,2020,17,1,87,87085,2,1,1,2,ARMAND (AVE Z.A.C,45.86166,1.27465
202000045667,23,7,2020,8,1,87,87085,2,1,1,2,VALOINE (BOULEVARD DE LA),45.8224456,1.2154537
202000045668,13,6,2020,9,1,86,86066,2,9,1,6,Av du Mal de Lattre de Tassigny,46.81869,0.52568
202000045669,19,10,2020,15,1,78,78575,2,6,1,3,1 Rue du Moulin,48.702135,2.06514
202000045670,23,7,2020,11,1,85,85194,2,2,1,3,RUE JACQUES BREL,46.5045,-1.7276
202000045671,21,7,2020,17,1,77,77118,2,1,1,6,ROUTE NATIONALE 3,48.94752,2.66209
202000045672,22,7,2020,19,1,77,77468,2,1,1,6,LEON BLUM (RUE),48.8397,2.65309
202000045673,24,7,2020,14,1,77,77122,2,4,1,3,LOUIS ET AUGUSTE LUMIERE(RUE),48.65565,2.56029
202000045674,24,7,2020,23,3,77,77335,1,9,1,6,RN3 (ROUTE NATIONALE),48.95755,2.8485
202000045675,3,12,2020,1,5,75,75111,2,7,1,3,PLACE DE LA REPUBLIQUE,48.866642,2.36529
202000045676,22,10,2020,13,1,34,34337,1,1,2,5,D185,43.5392,3.882573
202000045677,23,7,2020,9,1,77,77320,2,3,1,1,GENERAL DE GAULLE (AVENUE DU) - D934,48.8235465,3.0415786
202000045678,22,10,2020,0,3,49,49222,1,1,1,7,A87,47.358649,-0.57977
202000045679,23,7,2020,16,1,76,76575,1,1,1,2,A 13 - D 18 E (BRETELLE D'ACCES),49.3589,1.0856
202000045680,21,10,2020,14,1,77,77069,1,2,1,3,D637 / route de Saint Martin,48.457427,2.587886
202000045681,3,12,2020,17,5,75,75110,2,1,2,6,RUE DU FAUBOURG SAINT DENIS,48.882351,2.358743
202000045682,3,12,2020,17,5,75,75110,2,3,2,6,BOULEVARD DE LA VILLETTE,48.874945,2.373502
202000045683,2,12,2020,15,1,75,75110,2,2,1,6,RUE LA FAYETTE,48.881622,2.365804
202000045684,3,12,2020,11,1,75,75108,2,3,8,3,RUE DE COURCELLES,48.875404,2.308835
202000045685,2,12,2020,17,5,75,75101,2,3,2,6,RUE DE RIVOLI,48.866298,2.324168
202000045686,3,12,2020,8,1,94,94081,2,3,2,6,GENERAL MALLERET JOINVILLE (R DU),48.781112,2.403065
202000045687,3,12,2020,18,5,94,94068,2,2,2,6,MARNE (BD DE LA),48.790512,2.507764
202000045688,2,12,2020,18,5,94,94068,2,1,2,3,Boulevard de Champigny,48.800762,2.505403
202000045689,3,12,2020,11,1,94,94052,2,2,2,3,JOINVILLE (AV DE),48.831055,2.468773
202000045690,3,12,2020,18,3,94,94046,2,1,2,3, PONT DE CHARENTON (RTE),48.81657,2.41965
202000045691,3,12,2020,19,5,94,94038,2,1,2,6,MARC SANGNIER (R),48.76598,2.32433
202000045692,3,12,2020,11,1,94,94073,2,3,2,6,Avenue de Versailles,48.76136,2.40336
202000045693,3,12,2020,14,1,94,94022,2,6,2,3,Avenue Louis Luc,48.7607511,2.4143624
202000045694,3,12,2020,17,5,94,94055,2,1,2,4,OLIVIER D ORMESSON (AV),48.78501,2.53856
202000045695,3,12,2020,20,5,94,94017,2,1,2,1,MUSSELBURGH (R DE),48.80751,2.52208
202000045696,3,12,2020,8,1,93,93071,2,1,2,6,AULNAY (RUE D'),48.9398862,2.5164768
202000045697,3,12,2020,20,5,93,93057,2,1,2,6,CHANZY ( AV.),48.9105486,2.5195706
202000045698,2,12,2020,11,1,93,93010,2,9,1,6,BARBUSSE (AV. HENRI) DE 115 A FIN COTE I,48.9001597,2.4922859
202000045699,3,12,2020,19,5,92,92020,2,9,2,7,DIVISION LECLERC AVENUE DE LA,48.7968593,2.2805375
202000045700,3,12,2020,18,5,92,92040,2,1,2,6,RODIN (BOULEVARD),48.8200294,2.2610687
202000045701,3,12,2020,7,5,92,92025,2,5,2,3,CHARLES DE GAULLE (BD),48.914541,2.229176
202000045702,3,12,2020,18,5,92,92012,2,1,2,7,SAUSSIERE (RUE DE LA),48.837303,2.240538
202000045703,3,12,2020,18,5,92,92007,2,1,2,6,RAVERA (AVENUE HENRI) N° 1 A 109 ET 2 A,48.799773,2.3074763
202000045704,3,12,2020,22,3,95,95353,1,1,3,2,A16,49.0872539,2.3148952
202000045705,3,12,2020,15,1,37,37031,2,1,2,6,10 Rue du Boeuf,47.2747971,0.1824862
202000045706,3,12,2020,17,2,08,08362,2,1,2,6,19 Avenue Charles de Gaulle,49.515921,4.364305
202000045707,4,12,2020,12,1,71,71195,1,1,3,6,"Autoroute A6, sens Lyon/Paris, PK 364+400",46.508712,4.9087877
202000045708,4,12,2020,15,1,29,29181,1,1,2,6,N12 - Keriel Plouedern,48.4883635,-4.2620409
202000045709,3,12,2020,18,5,91,91587,2,1,3,3,15 avenue de la division leclerc,48.672097,2.280618
202000045710,3,12,2020,12,1,71,71336,2,1,2,6,34 Route de Colombey,46.7280049,4.9500584
202000045711,2,12,2020,15,1,22,22312,1,1,1,6,Le Pont de Rance,48.32619,-2.067366
202000045712,30,11,2020,8,2,22,22185,1,6,5,2,les vallées,48.375067,-2.360344
202000045713,4,12,2020,11,1,56,56036,1,1,1,3,Lieu-Dit Kerihuet Nord,47.79372,-3.3102
202000045714,4,12,2020,13,1,82,82123,1,3,1,6,Route de Claou,43.909397,1.306779
202000045715,2,12,2020,17,3,63,63132,1,1,5,7,D996,45.597814,3.581205
202000045716,3,12,2020,6,3,49,49170,1,1,1,6,D770,47.674794,-0.520906
202000045717,3,12,2020,19,5,49,49218,2,3,3,3,Avenue de Bon Air (Saint-Pierre-Montlimart),47.263861,-1.032822
202000045718,1,12,2020,14,1,22,22211,1,2,1,7,D11 kerauzern,48.655738,-3.444514
202000045719,4,12,2020,17,3,39,39422,1,1,2,2,D1083,46.72633,5.557617
202000045720,4,12,2020,7,5,44,44014,2,1,2,6,rue des prés,47.097601,-1.488181
202000045721,4,12,2020,13,1,44,44014,2,1,1,6,Rue du Moulin,47.097116,-1.493014
202000045722,3,12,2020,8,2,29,29160,2,1,3,6,D59 - Avenue Waltenhoffen,48.499175,-4.430891
202000045723,3,12,2020,18,5,03,03275,2,2,1,6,Route de la Folie,46.5379931,3.1977182
202000045724,3,12,2020,18,5,72,72132,2,1,3,6,Avenue Pierre Brulé,48.180572,0.661559
202000045725,4,12,2020,7,3,14,14172,1,1,2,6,Route d'Escures,49.327723,-0.757627
202000045726,2,12,2020,18,5,14,14610,1,1,1,1,rue des trois hameaux,49.180651,-0.495619
202000045727,4,12,2020,17,3,53,53064,1,9,2,1,D5,48.339426,-0.740371
202000045728,30,11,2020,7,2,40,40233,1,3,1,3,Route de Labatut,43.578487,-1.008368
202000045729,4,12,2020,1,3,27,27395,1,1,6,7,Route de l'Aigle,48.90678,0.51943
202000045730,4,12,2020,11,1,17,17140,1,1,3,1,Route des Huîtres,45.932406,-1.252166
202000045731,3,12,2020,10,1,37,37050,2,1,2,6,12 Avenue des Platanes,47.3393504,0.7152009
202000045732,3,12,2020,16,1,30,30303,1,4,1,3,D51,44.247778,4.214882
202000045733,4,12,2020,13,1,52,52194,1,1,1,1,RD213 - Bois mont Gérard,48.565135,5.015452
202000045734,30,11,2020,17,2,52,52058,1,1,1,2,D200,48.190438,5.14143
202000045735,4,12,2020,9,1,08,08198,1,1,9,6,RD 946,49.339519,4.84848
202000045736,3,12,2020,15,1,88,88319,1,3,1,3,D259,48.394099,6.858044
202000045737,3,12,2020,20,3,67,67388,1,1,1,7,D28,48.9421133,7.6955932
202000045738,3,12,2020,21,3,973,97307,1,1,1,5,RN 2,4.856739,-52.334211
202000045739,3,12,2020,17,1,37,37015,1,1,2,7,,47.3603098,0.859659
202000045740,30,11,2020,23,5,06,06088,1,1,2,7,A8 PK 194+500 SUD,43.724429,7.229422
202000045741,3,12,2020,17,5,34,34270,1,9,1,6,Gare de péage de St Jean de Vedas ( Nord) - A709,43.562166,3.829947
202000045742,4,12,2020,20,3,988,98817,2,3,1,6,RP1/RUE DES LIBELLULES,-22.271862,166.619564
202000045743,12,9,2020,0,3,988,98817,2,1,1,6,RPS2 ROUTE DE LA CORNICHE,-22.27572,166.57276
202000045744,2,12,2020,18,1,988,98821,1,1,1,6,Route du COL DE LA PIROGUE,-22.091172,166.320211
202000045745,3,12,2020,9,2,78,78206,1,1,8,3,Route Departementale 113,48.94029,1.936598
202000045746,2,12,2020,18,5,34,34324,2,1,1,6,Boulevard Roger Audoux,43.248736,3.287792
202000045747,4,12,2020,17,5,06,06157,2,1,2,6,79 Avenue des Poilus,43.723754,7.10868
202000045748,24,11,2020,15,1,26,26085,1,1,1,2,539 Chemin du Bros,44.513263,4.744527
202000045749,4,12,2020,17,3,69,69154,2,1,2,1,308 Route de Grezieu,45.756798,4.672323
202000045750,4,12,2020,8,2,29,29001,1,1,4,1,Voie Communale 49,48.218697,-4.321361
202000045751,28,11,2020,12,1,29,29066,1,1,1,2,Ancienne Voie Ferrée,48.0432452,-4.1880534
202000045752,4,12,2020,8,2,35,35152,1,3,9,3,La Gaucheraie,48.232849,-1.531305
202000045753,4,12,2020,8,2,60,60016,1,1,1,7,D929,49.3444081,2.3428579
202000045754,4,12,2020,7,3,60,60628,1,1,8,4,N31,49.422364,2.152247
202000045755,4,12,2020,7,3,02,02020,1,1,8,6,D1043,49.864045,4.235557
202000045756,30,11,2020,15,1,59,59379,1,1,1,7,Rue de l'Egalite,50.303376,3.241535
202000045757,2,12,2020,17,3,13,13015,1,1,1,4,A515CD-Gardanne vers A51-Marseille,43.42887,5.40064
202000045758,2,12,2020,17,3,13,13026,1,1,1,2,A55-Sens Martigues vers Marseille,43.4001,5.0996
202000045759,3,12,2020,8,1,83,83027,1,1,1,4,A50,43.1732899,5.7700321
202000045760,3,12,2020,17,4,33,33063,1,1,3,7,ROCADE A 630,44.88339,-0.55559
202000045761,3,12,2020,15,1,94,94037,1,1,1,4,AUTOROUTE A6B,48.8035695,2.3439041
202000045762,3,12,2020,12,1,77,77251,1,1,2,5,AUTOROUTE A5A,48.62047,2.5483
202000045763,3,12,2020,9,1,91,91161,1,1,1,3,AUTOROUTE A6,48.69799,2.31438
202000045764,3,12,2020,8,2,78,78043,1,1,2,2,A13W,48.846599,2.080759
202000045765,3,12,2020,7,2,78,78007,1,1,1,2,A13W,48.897079,2.006319
202000045766,3,12,2020,17,3,93,93064,1,1,2,2,AUTOROUTE A86,48.87337,2.48
202000045767,3,12,2020,18,5,93,93066,1,1,2,5,AUTOROUTE A1,48.91987,2.35726
202000045768,3,12,2020,18,3,93,93066,1,1,1,2,AUTOROUTE A1,48.9162604,2.357805
202000045769,3,12,2020,8,3,93,93064,1,1,2,6,AUTOROUTE A103,48.88591,2.48631
202000045770,3,12,2020,9,1,94,94052,1,1,2,7,A86 INT,48.8343892,2.4932069
202000045771,3,12,2020,8,1,94,94079,1,1,2,6,A4,48.8294536,2.5282723
202000045772,2,12,2020,20,3,93,93051,1,9,1,3,A4,48.8352563,2.5706879
202000045773,14,11,2020,19,5,59,59183,2,3,1,6,HUGO VICTOR - BOULEVARD,51.0280343,2.381347
202000045774,15,9,2020,19,1,13,13108,2,1,1,2,MARGUARIDO (AVENUE),43.80671,4.66408
202000045775,2,7,2020,22,3,95,95199,1,1,1,7,9 Rue de Bretagne,49.0299442,2.325663
202000045776,2,12,2020,19,5,974,97411,2,3,1,2,PAYET (RUE ROGER),-20.89301,55.48728
202000045777,2,12,2020,10,1,973,97302,2,1,1,3,MADELEINE (ROUTE DE LA),4.9301992,-52.3260784
202000045778,18,11,2020,19,5,69,69388,2,1,1,7,MARYSE BASTIE                       (R ),45.73714,4.87384
202000045779,2,12,2020,17,1,972,97213,1,1,1,2,AUTOROUTE A1,14.6185609,-61.0251142
202000045780,1,12,2020,20,5,972,97209,2,6,1,3,BISHOP (Avenue Maurice),14.61239,-61.05317
202000045781,1,12,2020,19,2,972,97209,1,1,1,6,BALATA (ROUTE DE),14.63546,-61.07209
202000045782,2,12,2020,18,5,69,69389,2,1,1,6,DUMAS DE LOIRE                      (PL),45.77308,4.8054
202000045783,2,12,2020,7,5,69,69149,2,1,8,6,GRANDE RUE                          (GR),45.72102,4.81122
202000045784,2,12,2020,19,5,2A,2A004,2,1,3,3,MEZZAVIA ROUTE DE,41.9482638,8.7654215
202000045785,21,12,2020,15,5,2A,2A004,2,9,2,3,PRINCE IMPERIAL COURS,41.9341993,8.7455367
202000045786,3,11,2020,17,1,95,95680,1,6,2,7,RD 970,49.01481,2.40979
202000045787,1,12,2020,15,1,91,91021,2,1,1,1,Avenue de la Division Leclerc,48.59677,2.24592
202000045788,1,12,2020,19,4,91,91201,2,2,1,3,RUE DU BAS DE CHAMPROSAY,48.66271,2.41762
202000045789,23,11,2020,15,1,88,88413,2,1,1,6,AVENUE JEAN JAURES,48.28149,6.95855
202000045790,2,12,2020,8,1,83,83137,2,1,1,7,INFANTERIE DE MARINE (AVE D'),43.1173781,5.9355864
202000045791,2,12,2020,8,1,83,83144,2,1,1,-1,SAINTE CLAIRE (AVENUE),43.13605,6.00523
202000045792,1,12,2020,14,1,80,80021,2,1,1,-1,JEAN MOULIN (RUE),49.87842,2.27242
202000045793,1,12,2020,7,3,76,76270,1,1,1,2,RD 6382,49.53077,0.13351
202000045794,1,12,2020,9,1,74,74133,2,9,8,2,LIBERATION (RUE DE LA),46.18591,6.20738
202000045795,30,11,2020,18,5,74,74012,1,3,1,3,THONON (ROUTE DE),46.1975,6.2672
202000045796,2,12,2020,16,1,69,69290,2,9,8,3,GENAS (DE)                          (CH),45.7169,4.96404
202000045797,1,12,2020,17,5,69,69264,2,1,2,4,BURDEAU BD,45.99805,4.73508
202000045798,2,12,2020,21,5,64,64445,2,2,1,3,TOURASSE,43.3112911,-0.3564334
202000045799,25,11,2020,18,5,63,63014,2,1,1,6,LANDAIS (AVENUE DES),45.76414,3.11199
202000045800,2,12,2020,8,1,62,62083,2,1,1,6,HOUDAIN (RUE D')  OU CD 179,50.4606,2.61243
202000045801,2,12,2020,19,3,62,62445,1,1,1,1,route départementale 941,50.492269,2.604876
202000045802,2,12,2020,15,1,59,59378,2,2,2,3,DUCROQUET RUE DU DOC. N°24-170,50.678413,3.090703
202000045803,1,12,2020,17,5,59,59028,2,6,8,3,GAULLE (RUE DU GENERAL DE),50.41327,3.05233
202000045804,2,12,2020,7,5,59,59017,2,1,9,6,FAIDHERBE (BD ),50.68468,2.86959
202000045805,2,12,2020,8,1,57,57306,2,1,1,6,TOURNEUR (RUE) ,49.32853,6.064
202000045806,1,12,2020,11,1,56,56162,2,6,1,6,FORT BLOQUE (RUE DU),47.73689,-3.4367
202000045807,13,11,2020,16,1,54,54174,2,3,1,-1,15EME GENIE (AVENUE),48.67988,5.87167
202000045808,17,11,2020,18,5,54,54528,2,3,1,3,PINTEVILLE (BOULEVARD),48.67203,5.88519
202000045809,23,9,2020,14,1,59,59626,1,1,8,1,Chemin Departemental 934 les Quatre Vents,50.291423,3.629394
202000045810,23,9,2020,5,5,59,59250,2,3,1,7,Rue Thiers,50.584122,2.884512
202000045811,22,9,2020,17,1,13,13088,1,1,1,2,A55-Sens Marseille vers Martigues,43.39149,5.26444
202000045812,22,9,2020,13,1,13,13056,1,1,1,3,A55-Sens Martigues vers Marseille,43.4076991,5.0358855
202000045813,22,9,2020,6,3,83,83137,1,1,2,4,A57,43.1277682,5.9753394
202000045814,21,9,2020,21,3,57,57498,1,1,1,7,Autoroute A30,49.330949,6.011959
202000045815,22,9,2020,16,1,33,33013,1,1,3,3,ROUTE NATIONALE 230,44.8604,-0.50407
202000045816,21,9,2020,16,1,33,33192,1,1,1,7,AUTOROUTE A 63,44.77784,-0.64488
202000045817,21,9,2020,20,4,59,59143,1,1,1,6,AUTOROUTE A25,50.663526,2.886874
202000045818,22,9,2020,16,1,94,94037,1,1,1,3,AUTOROUTE A6B,48.8139086,2.3549439
202000045819,22,9,2020,7,1,91,91687,1,1,1,4,AUTOROUTE A6,48.65686,2.37756
202000045820,22,9,2020,7,1,91,91534,1,1,1,4,RN 118,48.72332,2.16758
202000045821,21,9,2020,18,1,94,94034,1,1,1,2,AUTOROUTE A86,48.7597943,2.3218478
202000045822,21,9,2020,19,1,94,94034,1,1,1,3,AUTOROUTE A86,48.75897,2.32389
202000045823,22,9,2020,17,3,75,75116,1,1,1,4,A13Y,48.8484485,2.2418386
202000045824,22,9,2020,20,3,93,93078,1,9,1,4,AUTOROUTE A104,48.9726252,2.4940069
202000045825,22,9,2020,17,1,95,95277,1,1,1,5, A3,48.97387,2.48839
202000045826,22,9,2020,18,1,93,93063,1,9,1,3,AUTOROUTE A3,48.873949,2.437663
202000045827,22,9,2020,17,1,95,95394,1,1,1,3,RN 184,49.05175,2.15407
202000045828,22,9,2020,11,1,93,93066,1,1,1,6,AUTOROUTE A86,48.92607,2.33783
202000045829,22,9,2020,9,1,93,93001,1,1,1,3,AUTOROUTE A86,48.92106,2.37306
202000045830,21,9,2020,19,1,93,93027,1,1,1,3,AUTOROUTE A1,48.93663,2.40803
202000045831,21,9,2020,18,1,93,93053,1,1,1,3,AUTOROUTE A103,48.88699,2.47354
202000045832,21,9,2020,10,1,95,95277,1,1,1,2, A104,48.97375,2.48666
202000045833,21,9,2020,9,1,92,92036,1,1,1,5,AUTOROUTE A15,48.9411978,2.2914822
202000045834,22,9,2020,17,1,94,94042,1,1,1,2,A4,48.82714,2.46885
202000045835,22,9,2020,15,1,94,94073,1,1,1,5,A86 EXT,48.76006,2.38325
202000045836,22,9,2020,10,1,77,77468,1,1,1,-1,A104,48.851229,2.661658
202000045837,22,9,2020,9,1,94,94074,1,1,1,2,RN406.W,48.7646002,2.4619531
202000045838,22,9,2020,8,1,94,94046,1,1,1,3,A86 EXT,48.8048919,2.4488496
202000045839,22,9,2020,6,3,94,94017,1,1,1,5,A4,48.8302009,2.495767
202000045840,21,9,2020,5,3,94,94028,1,1,1,4,A86 INT,48.776362,2.433254
202000045841,19,9,2020,21,2,94,94042,1,1,1,-1,A4,48.8269503,2.4680133
202000045842,23,7,2020,20,1,64,64024,2,1,1,-1,LAROCHEFOUCAULD (AVENUE DE),43.48806,-1.53281
202000045843,21,9,2020,21,1,974,97416,1,9,1,6,RN1,-21.322906,55.446231
202000045844,21,9,2020,14,1,974,97411,2,1,1,5,Rue du Bois de Nèfles,-20.8889,55.4611
202000045845,16,9,2020,11,1,974,97407,2,1,1,7,PASTEUR(AVENUE),-20.95116,55.29236
202000045846,21,9,2020,13,1,973,97302,2,1,1,-1,BADUEL (ROUTE DE),4.9321873,-52.3078823
202000045847,21,9,2020,8,1,973,97302,1,1,1,3,TIGRE (ROUTE DU),4.9091198,-52.3077536
202000045848,21,9,2020,8,1,973,97302,2,1,1,6,TIGRE (ROUTE DU),4.9202796,-52.3206711
202000045849,21,9,2020,16,1,69,69259,2,1,2,6,FRANCIS DE PRESSENSE                (AV),45.72162,4.86662
202000045850,21,9,2020,12,1,69,69383,2,2,1,3,FERDINAND BUISSON                   (R ),45.75167,4.89499
202000045851,19,9,2020,0,5,69,69387,2,1,1,6,PROFESSEUR GRIGNARD (DU)            (R ),45.74665,4.83992
202000045852,21,9,2020,9,1,972,97213,1,1,1,2,ROUTE NATIONALE 1,14.62637,-60.9788
202000045853,19,9,2020,21,3,972,97209,2,1,1,7,MARTIN LUTHER KING (RUE),14.60493,-61.07541
202000045854,21,9,2020,19,5,69,69389,2,1,1,2,MARIETTON                           (R ),45.7750999,4.8066716
202000045855,20,9,2020,19,2,69,69384,2,1,2,3,AIME BOUSSANGE                      (R ),45.7749023,4.8338219
202000045856,21,9,2020,7,1,69,69149,2,1,1,3,GRANDE RUE                          (GR),45.71108,4.80118
202000045857,21,9,2020,8,1,95,95018,2,1,1,6,COLOMBES (PONT AQUEDUC DE),48.93403,2.24021
202000045858,21,9,2020,19,2,91,91687,2,9,1,1,OCTAVE LONGUET (RUE),48.66836,2.38043
202000045859,20,9,2020,22,5,91,91552,2,1,1,7,CORBEIL (ROUTE DE),48.59523,2.26606
202000045860,20,9,2020,17,1,91,91339,2,1,1,5,BENOIST ROBERT (AVENUE),48.62142,2.2597
202000045861,19,9,2020,19,1,91,91425,2,1,1,6,TEMERAIRE (BOULEVARD DU),48.67833,2.27742
202000045862,19,9,2020,19,1,91,91021,2,2,1,6,VERDIER (RUE DU DOCTEUR),48.58727,2.24871
202000045863,19,9,2020,11,1,90,90010,2,1,1,1,LILLE (RUE DE),47.647298,6.850913
202000045864,19,9,2020,17,1,87,87085,2,2,3,3,GOUJAUD (QUAI LOUIS),45.82606,1.26791
202000045865,14,9,2020,14,1,84,84007,2,1,1,2,SOURCES (Avenue des),43.9311,4.8237
202000045866,19,9,2020,20,5,83,83137,2,2,1,3,RIVIERE NEUVE (QUAI DE LA),43.129,5.90215
202000045867,17,9,2020,8,1,83,83069,2,1,1,6,NATIONS UNIES (AVENUE DES),43.11757,6.1214
202000045868,21,9,2020,20,3,81,81065,2,1,1,3,MONTREVEIL (CHE.DE),43.5931561,2.2131618