Num_Acc,jour,mois,an,hr,condition_eclairage,departement,commune,condition_agglomeration,intersection,condition_atmosphere,type_collision,adresse,lattitude,longitude
202000045869,19,9,2020,18,1,80,80021,2,1,1,2,PARIS (RUE DE),49.88835,2.28956
202000045870,17,9,2020,17,1,79,79191,2,1,1,3,88 Avenue de la Rochelle,46.318227,-0.47017
202000045871,21,9,2020,8,1,77,77491,2,1,1,6,SCIERIE (RUE DE LA),48.37523,2.81008
202000045872,20,9,2020,16,1,76,76540,2,1,1,6,SAINT SEVER. QUAI (BAS),49.43642,1.09016
202000045873,20,9,2020,17,1,76,76157,1,1,1,3,A150,49.4565714,1.0496788
202000045874,19,9,2020,2,5,76,76351,2,1,1,6,BELLOT,49.484,0.1275
202000045875,20,9,2020,15,1,76,76351,2,3,1,2,GRAVILLE (BD DE),49.4889,0.15006
202000045876,14,9,2020,21,5,73,73008,2,6,1,6,D913 COTES BOULEVARD DES,45.6899756,5.9190551
202000045877,8,9,2020,12,1,71,71076,2,1,1,6,NIEPCE (AVENUE NICEPHORE),46.7789212,4.850083
202000045878,17,9,2020,16,1,67,67482,2,3,1,2,RENE FONCK (RUE),48.5531225,7.7696319
202000045879,17,9,2020,15,1,67,67482,2,1,1,2,VIEUX MARCHE AUX VINS (RUE DU),48.5841473,7.7431414
202000045880,21,9,2020,12,1,66,66136,2,1,1,6,GUYNEMER (AVENUE GEORGES),42.69439,2.9041
202000045881,19,9,2020,17,1,66,66136,1,1,1,2,ARCADES (RD POINT),42.67412,2.88752
202000045882,20,9,2020,10,1,65,65286,2,1,1,3,LAGARDERE (AVENUE FRANCIS),43.08629,-0.045988
202000045883,6,8,2020,13,1,64,64483,2,9,1,6,LARRAMENDY PIERRE (AVENUE),43.38256,-1.65794
202000045884,21,9,2020,17,1,64,64445,2,3,3,4,ALFRED NOBEL,43.31522,-0.31519
202000045885,19,9,2020,12,1,64,64284,2,1,1,7,MASSENET,43.29111,-0.38662
202000045886,8,9,2020,17,1,59,59526,2,1,1,1,RTE DE NIVELLE,50.454352,3.432466
202000045887,21,9,2020,16,1,59,59350,2,1,1,7,BRULE MAISON             RESTE,50.62606,3.06257
202000045888,19,9,2020,14,1,59,59329,2,1,1,1,JOFFRE (RUE DU MARECHAL),50.34368,3.09025
202000045889,17,9,2020,7,1,58,58194,2,1,1,1,PRE PLANTIN (BOULEVARD),46.9832,3.1231
202000045890,20,9,2020,3,3,57,57441,2,1,1,6,GARCHE (ROUTE DE),49.3769432,6.191664
202000045891,19,9,2020,3,3,57,57306,1,1,1,6,MENDES FRANCE (RUE PIERRE),49.33967,6.09231
202000045892,20,9,2020,11,1,57,57630,2,2,1,6,MALRAUX (VOIE ANDRE),48.7335096,7.0409917
202000045893,19,9,2020,2,5,56,56121,2,2,1,1,BLUM ( BD LEON ),47.75134,-3.37168
202000045894,18,9,2020,21,5,56,56083,2,2,1,3,ALLENDE ( AV. PRES. SALVADOR ),47.81066,-3.25237
202000045895,21,9,2020,14,1,51,51454,2,2,1,3,Avenue Jean Jaurès,49.2603784,4.0475382
202000045896,20,9,2020,9,1,49,49007,1,1,1,3,ATLANTIQUE  AVENUE DE L',47.4688,-0.58771
202000045897,20,9,2020,23,5,49,49015,2,1,1,6,MENDES FRANCE AVENUE PIERRE,47.50049,-0.58363
202000045898,17,9,2020,14,1,49,49007,2,1,1,3,ALLONNEAU(AUGUSTE) BOULEVARD,47.48089,-0.52738
202000045899,21,9,2020,17,1,45,45286,2,1,1,2,D951 PR 90 + 400,47.8896224,1.9235842
202000045900,21,9,2020,0,5,45,45302,1,1,1,2,D520 - Tangentielle,47.9310016,1.8785068
202000045901,21,9,2020,9,1,37,37261,2,1,1,3,SUEDE (RUE DE),47.4328057,0.6863047
202000045902,21,9,2020,16,1,34,34129,2,1,1,3,FIGUIERES (AVENUE DE),43.5844218,3.9269096
202000045903,21,9,2020,22,5,33,33063,2,5,8,3,PLACE RAVEZIES / BD GODARD,44.86575,-0.57601
202000045904,20,9,2020,5,5,33,33249,2,3,1,3,QUAI CARRIET,44.8854,-0.52991
202000045905,21,9,2020,0,4,33,33065,1,1,8,2,RTE DE LATRESNE (D113),44.80852,-0.51892
202000045906,5,9,2020,20,5,33,33550,2,3,1,5,AVE DES PYRENEES,44.76916,-0.56374
202000045907,4,9,2020,13,1,33,33032,2,3,1,6,RUE LAFONTAINE / RUE DE MEIGNAN,44.9036269,-0.5091355
202000045908,20,9,2020,3,5,31,31555,2,1,1,1,BD GABRIEL KOENIGS,43.59136,1.41905
202000045909,18,9,2020,19,1,31,31555,1,1,1,5,BD DES MINIMES,43.61504,1.44884
202000045910,21,9,2020,12,1,29,29019,1,3,1,6,Rue Amiral Romain-desfossés,48.4253173,-4.4810071
202000045911,20,9,2020,1,5,29,29019,2,3,1,1,Rue Docteur Kerrien,48.3866695,-4.5185044
202000045912,21,9,2020,11,1,26,26198,2,3,1,3,Rue Charles Chabert ,44.55819,4.7453
202000045913,21,9,2020,8,1,25,25056,2,1,1,1,Boulevard Diderot,47.243245,6.03416
202000045914,18,9,2020,10,1,19,19031,2,3,1,3,ROOSEVELT (AVENUE DU PRESIDENT),45.15822,1.52682
202000045915,21,9,2020,15,1,17,17291,1,6,1,2,EUROPE  ROND POINT DE,46.17902,-1.12272
202000045916,21,9,2020,14,1,15,15014,2,1,1,5,POMPIDOU (AVENUE GEORGES),44.915767,2.460304
202000045917,20,9,2020,10,1,14,14137,2,1,1,3,CAUMONT (ROUTE DE ),49.18405,-0.45859
202000045918,20,9,2020,10,1,14,14437,2,3,1,1,ZOLA (RUE EMILE),49.1728,-0.3215
202000045919,21,9,2020,22,5,13,13208,2,3,1,3,MADRAGUE DE MONTREDON (AVE DE LA) ,43.23498,5.36021
202000045920,21,9,2020,18,1,13,13206,2,1,1,6,JULES CANTINI (AVENUE),43.28406,5.38723
202000045921,21,9,2020,15,1,13,13215,2,4,1,3,LYON (RUE DE),43.328765,5.365755
202000045922,21,9,2020,13,1,13,13215,2,3,1,3,SAINT LOUIS (AVENUE DE),43.347317,5.359092
202000045923,21,9,2020,10,1,13,13201,2,2,1,6,COLBERT (RUE)    IMPAIRS,43.29911,5.37411
202000045924,21,9,2020,0,5,13,13215,2,3,1,7,MADRAGUE VILLE (chemin de la),43.33248,5.35882
202000045925,17,9,2020,15,1,11,11262,2,2,1,1,BOUCHER (IMPASSE HELENE),43.16214,2.96833
202000045926,21,9,2020,9,1,10,10387,2,6,1,3,MARCELIN BERTHELOT (RUE),48.276,4.08
202000045927,20,9,2020,20,2,10,10343,2,1,1,7,SAPINS (AVENUE),48.27641,4.08903
202000045928,19,9,2020,18,1,05,05061,2,1,8,7,EMILE ZOLA ( COURS ),44.55472,6.07566
202000045929,18,9,2020,7,1,05,05061,2,3,1,3,JEAN MACE ( RUE ),44.55955,6.0716
202000045930,21,9,2020,7,5,03,03101,2,6,1,6,Avenue Michel Faye,46.3737061,2.5847214
202000045931,21,9,2020,7,1,75,75113,2,1,1,3,BOULEVARD PERIPHERIQUE INTERIEUR SUD,48.826635,2.388995
202000045932,20,9,2020,4,5,75,75119,2,1,1,3,AVENUE JEAN JAURES,48.88564,2.381032
202000045933,19,9,2020,7,2,75,75106,2,2,1,3,RUE DE SEINE,48.851456,2.337078
202000045934,20,9,2020,21,3,75,75105,2,7,1,3,PLACE MOHAMMED V,48.849043,2.355698
202000045935,21,9,2020,19,2,75,75120,2,4,1,7,AVENUE GAMBETTA,48.865889,2.399337
202000045936,21,9,2020,15,1,75,75119,2,1,1,3,RUE EMILE REYNAUD,48.901664,2.38614
202000045937,21,9,2020,4,5,75,75119,2,7,1,3,PLACE AUGUSTE BARON,48.900155,2.387296
202000045938,21,9,2020,15,1,75,75118,2,2,1,3,RUE MARX DORMOY,48.89025,2.359913
202000045939,21,9,2020,16,1,75,75117,2,3,1,3,BOULEVARD BERTHIER,48.886113,2.294814
202000045940,20,9,2020,22,5,75,75117,2,5,1,3,RUE JOUFFROY D ABBANS,48.883823,2.304745
202000045941,19,9,2020,22,5,75,75117,2,1,1,-1,RUE PIERRE REBIERE,48.898255,2.320383
202000045942,21,9,2020,13,1,75,75116,2,1,1,2,QUAI LOUIS BLERIOT,48.844846,2.272204
202000045943,21,9,2020,19,1,75,75112,2,2,1,7,QUAI DE BERCY,48.838662,2.375741
202000045944,21,9,2020,17,1,75,75110,2,4,1,3,RUE DU CHATEAU LANDON,48.880237,2.362231
202000045945,21,9,2020,15,1,75,75108,2,4,1,3,AVENUE GEORGE V,48.86614,2.30135
202000045946,20,9,2020,18,1,75,75107,2,2,1,2,QUAI D ORSAY,48.862844,2.31344
202000045947,21,9,2020,8,1,75,75104,2,3,1,7,RUE SAINT ANTOINE,48.853505,2.36653
202000045948,20,9,2020,12,1,94,94052,2,1,1,2,PONT DE NOGENT,48.83119,2.49309
202000045949,20,9,2020,19,1,94,94043,2,1,1,-1,CARNOT (R),48.809613,2.363266
202000045950,20,9,2020,18,1,94,94076,2,1,1,2,HAUTES BRUYERES (AV DES),48.790555,2.351983
202000045951,21,9,2020,7,2,94,94021,2,4,1,3,HENRI DUNANT (R),48.7719,2.3651
202000045952,21,9,2020,18,1,94,94028,2,1,1,7,ABYMES.(ESPLANADE DES),48.77314,2.45685
202000045953,21,9,2020,21,5,94,94004,2,2,1,3,GENERAL LECLERC (AV DU),48.746899,2.510162
202000045954,21,9,2020,20,5,93,93073,2,2,1,3,RUE DE ROME,49.008,2.5575
202000045955,21,9,2020,10,1,93,93079,2,1,1,1,SAINT LEU (ROUTE),48.9473373,2.3447454
202000045956,21,9,2020,21,4,93,93029,2,1,1,2,STATION (DE LA),48.9226475,2.4269409
202000045957,21,9,2020,17,1,93,93008,2,9,1,6,CONVENTION (AVENUE DE LA),48.9158126,2.4179189
202000045958,21,9,2020,15,1,93,93007,2,1,1,3,"""PAUL VAILLANT COUTURIER (AVENUE """"DU 01",48.9264277,2.46958
202000045959,21,9,2020,8,1,92,92075,2,1,1,6,ANTOINE FRATACCI (RUE),48.82104,2.28906
202000045960,21,9,2020,8,1,92,92072,2,9,1,3,VILLE D'AVRAY (RUE DE ),48.82588,2.20112
202000045961,21,9,2020,18,2,92,92076,2,1,1,3,LA CELLE SAINT CLOUD,48.8468572,2.1681234
202000045962,21,9,2020,18,1,92,92064,2,3,1,3,MARCEL DASSAULT,48.8556966,2.2230005
202000045963,20,9,2020,18,1,92,92036,2,2,1,3,LAURENT CELY (AVENUE) (145/329),48.922191,2.306142
202000045964,21,9,2020,0,5,92,92051,2,1,1,3,RICHARD WALLACE (BOULEVARD),48.8760601,2.2470877
202000045965,21,9,2020,17,1,92,92026,2,2,1,3,COLOMBES,48.8988421,2.2566524
202000045966,8,9,2020,10,1,92,92009,2,1,1,-1,BOIS COLOMBES ( RUE DE ),48.906462,2.266101
202000045967,10,9,2020,17,1,92,92004,2,3,1,2,ARGENTEUIL AV D',48.9138374,2.2835513
202000045968,21,9,2020,14,1,92,92002,2,3,1,3,BONE (RUE DE),48.7474984,2.3037969
202000045969,18,9,2020,9,1,37,37169,1,1,1,6,18 Rue du Val de Brenne,47.5960185,0.9062334
202000045970,21,9,2020,6,3,33,33205,1,1,1,1,D11,44.62827,-0.36866
202000045971,15,8,2020,19,1,81,81218,1,1,1,2,2351 Route de Castres,43.883117,2.169253
202000045972,10,9,2020,14,1,972,97221,1,1,1,1,1184 Chemin Laurent,14.52436,-60.960878
202000045973,21,9,2020,18,2,38,38270,2,1,2,7,Chemin du Bon Bâton,45.375958,5.547994
202000045974,11,9,2020,19,2,56,56251,1,3,7,3,Allée du Landy,47.636138,-2.680653
202000045975,22,9,2020,12,1,33,33123,1,3,1,3,D18,45.083491,-0.382311
202000045976,16,8,2020,17,1,33,33236,1,1,1,1,Route du Cap Ferret,44.682874,-1.249008
202000045977,21,9,2020,16,1,71,71334,2,1,1,6,Lieu Dit les Boulays,46.575984,4.163883
202000045978,20,9,2020,10,1,63,63283,1,1,2,6,RD 941  PK 44+200,45.8558573,2.6702332
202000045979,22,9,2020,7,1,49,49167,1,3,8,3,17 Chemin du Tertreau,47.393541,-0.450622
202000045980,19,9,2020,20,3,39,39219,1,1,2,1,,47.164139,5.765384
202000045981,6,8,2020,11,1,44,44036,2,9,1,3,Rue Pasteur,47.718638,-1.373939
202000045982,21,9,2020,13,1,38,38334,1,1,1,7,Route d''Uriage,45.182427,5.880239
202000045983,22,9,2020,13,1,38,38269,2,2,8,3,Rue du Pré des Moines,44.90099,5.78914
202000045984,18,9,2020,13,1,01,01269,2,3,1,6,Rue du Docteur Emile Mercier,46.152241,5.606691
202000045985,21,9,2020,14,1,01,01123,1,1,1,6,D51,46.241839,4.825101
202000045986,21,9,2020,18,1,01,01179,2,3,1,3,399 Grande Rue,46.255064,4.851451
202000045987,22,9,2020,16,1,72,72223,2,9,1,6,rue du Général LECLERC,47.878405,-0.092096
202000045988,21,9,2020,22,3,60,60223,1,1,1,7,Rue du Calvaire,49.427668,2.626033
202000045989,22,9,2020,9,1,60,60044,2,1,1,3,Rue du 14 Juillet 1789,49.292386,2.339137
202000045990,21,9,2020,15,1,24,24304,1,1,1,7,Les Mauroux,45.395399,0.953252
202000045991,20,9,2020,15,1,27,27243,1,3,1,3,Route de la Morelle,49.400857,0.306652
202000045992,22,9,2020,17,1,27,27056,1,1,1,6,D438,49.08558,0.57416
202000045993,21,9,2020,19,1,17,17385,2,1,1,1,1 Route d'Arceau,45.943025,-1.301426
202000045994,22,9,2020,8,1,08,08260,2,1,1,3,Route Nationale 43,49.817219,4.586234
202000045995,20,9,2020,14,1,68,68022,1,1,1,7,A35,47.831884,7.394571
202000045996,21,9,2020,15,1,68,68296,1,1,1,4,A35,48.217575,7.401749
202000045997,19,9,2020,22,5,973,97307,2,9,1,3,Impasse de l'Ame Sensible,4.7879544,-52.3307884
202000045998,11,9,2020,13,1,06,06152,1,1,3,7,Route des Cretes,43.621006,7.035204
202000045999,20,9,2020,17,5,987,98745,1,1,1,5,Poutoru,-16.630833,-151.504028
202000046000,9,2,2020,8,1,75,75108,2,5,1,6,AVENUE MONTAIGNE,48.864755,2.301984
202000046001,9,3,2020,19,5,75,75102,2,2,1,6,"BOULEVARD DE SEBASTOPOL,",48.866233,2.352534
202000046002,9,3,2020,14,1,75,75102,2,2,1,6,RUE DU QUATRE SEPTEMBRE,48.869537,2.336785
202000046003,9,3,2020,18,5,94,94074,2,1,1,4,HENRI BARBUSSE (AV),48.7658,2.44143
202000046004,8,3,2020,20,5,94,94068,2,2,1,3,CHANZY (AV),48.79205,2.513
202000046005,9,3,2020,10,1,94,94046,2,2,1,3,GABRIEL PERI (R),48.809256,2.436805
202000046006,8,3,2020,20,5,94,94003,2,7,2,2,ARISTIDE BRIAND (AV),48.81042,2.32667
202000046007,8,3,2020,16,1,94,94028,2,1,2,6,GAULLE(AVENUE DU GENERAL DE),48.77999,2.45698
202000046008,8,3,2020,22,5,94,94022,2,2,1,3,LUGO (AV DE),48.771,2.40893
202000046009,9,3,2020,8,1,94,94004,2,1,1,6,BREVANNES (R DE),48.7496884,2.5060582
202000046010,9,3,2020,18,1,94,94002,2,9,1,6,Boulevard Carnot & Rue Etienne Dolet,48.795733,2.42528
202000046011,9,3,2020,7,1,94,94002,2,1,1,6,SEINE (R DE),48.80996,2.41439
202000046012,9,3,2020,20,4,93,93073,2,1,1,1,D40,48.9788,2.537
202000046013,9,3,2020,18,5,93,93073,2,1,1,2,SAINT-DENIS (CHEMIN DE),48.9785,2.5285
202000046014,9,3,2020,8,1,93,93064,2,1,1,2,AV DU PDT JOHN KENNEDY,48.87835,2.48881
202000046015,9,3,2020,17,1,93,93046,2,5,1,2,AV JULES GUESDE / AV ARISTIDE BRIAND,48.91069,2.51209
202000046016,9,3,2020,7,1,93,93074,2,3,1,2,R DE MEAUX / R DU BEARN,48.93741,2.59132
202000046017,8,3,2020,1,5,93,93006,2,1,1,1,AV DE LA REPUBLIQUE,48.86011,2.42165
202000046018,9,3,2020,10,1,92,92050,2,1,1,3,KLEBER RUE,48.901464,2.190101
202000046019,5,1,2020,14,1,92,92025,2,2,1,3,GABRIEL PERI (RUE),48.915735,2.232445
202000046020,8,3,2020,23,5,92,92024,2,3,1,3,CLICHY (QUAI DE) DE (8 A 60),48.907517,2.297874
202000046021,6,3,2020,9,1,80,80385,1,9,1,6,A16,50.144943,1.802529
202000046022,9,3,2020,19,3,18,18032,1,1,1,6,La Folie,47.432177,2.854187
202000046023,9,3,2020,17,1,54,54277,1,1,1,6,A4,49.1824748,5.7940489
202000046024,9,3,2020,17,1,68,68144,2,1,7,6,23 Rue du Canal d'Alsace,47.759854,7.512653
202000046025,8,3,2020,10,1,59,59463,1,1,2,7,D110,50.911848,2.339015
202000046026,9,3,2020,12,1,60,60176,2,1,1,6,Rue saint thomas,49.237709,2.896346
202000046027,9,3,2020,19,3,67,67356,1,1,1,1,Route de Gambsheim,48.7063114,7.9077227
202000046028,10,3,2020,13,1,37,37261,1,1,2,5,A10,47.4077953,0.7203703
202000046029,8,3,2020,11,1,56,56166,2,1,1,6,Rue des Alliés,47.917608,-3.330982
202000046030,8,3,2020,5,3,74,74035,2,6,1,6,D910,45.824414,5.951409
202000046031,10,3,2020,16,1,76,76222,1,2,2,3,Route de Saint Paer,49.493087,0.874191
202000046032,6,3,2020,20,5,33,33108,2,1,1,2,65 Rue Michel de Montaigne,44.85469,-0.038963
202000046033,10,3,2020,10,1,29,29266,2,1,2,6,32 Rue de la Gare,48.518836,-3.944521
202000046034,9,3,2020,21,3,29,29250,1,1,2,6,Pont Born,48.218188,-3.585639
202000046035,9,3,2020,6,3,66,66063,1,1,2,7,D900,42.486894,2.837257
202000046036,10,3,2020,13,1,05,05068,2,1,1,6,D942,44.5065272,6.1095847
202000046037,10,3,2020,19,3,73,73204,2,6,1,6,D82M,45.5311117,5.6810797
202000046038,10,3,2020,8,1,40,40119,2,1,1,6,Rue Victor Hugo,43.65633,-0.591191
202000046039,9,3,2020,21,3,24,24451,1,2,2,2,Route de Nontron,45.518406,0.652163
202000046040,10,3,2020,8,1,04,04108,2,4,1,2,RN 85 / VC la draille,44.046481,6.030164
202000046041,10,3,2020,18,2,85,85213,1,1,2,6,D36,46.59531,-1.31251
202000046042,9,3,2020,11,1,17,17253,2,4,1,6,19 Rue de la Libération,46.0372215,-0.8289447
202000046043,10,3,2020,13,1,988,98805,1,3,1,1,RTE DE KOE RM6/RM12,-22.14562,166.47337
202000046044,18,2,2020,16,1,01,01229,1,1,8,4,Route de Bourg,46.3249982,5.1361333
202000046045,10,3,2020,10,1,33,33122,1,1,8,2,"A63, PK 013",44.71045,-0.74865
202000046046,17,2,2020,5,3,06,06004,1,1,1,2,A8 PK 174.300 chaussée sud,43.60984,7.100451
202000046047,12,2,2020,15,1,971,97103,2,9,1,3,Rue Henri Becquerel-jarry,16.242339,-61.564556
202000046048,9,3,2020,12,1,91,91441,1,1,2,1,Autoroute A6,48.506824,2.51117
202000046049,9,3,2020,15,1,987,98729,2,1,1,6,Pk 12+100 - Pihaena,-17.533189,-149.838611
202000046050,9,3,2020,14,1,28,28054,2,1,1,6,3 Rue de la Forge,48.648573,1.403332
202000046051,5,3,2020,14,1,78,78164,1,1,3,6,Route de Sonchamp,48.610652,1.90392
202000046052,8,3,2020,13,1,38,38298,1,1,1,3,A7,45.380573,4.8051985
202000046053,9,3,2020,11,1,68,68104,1,1,1,3,RD 52,47.992765,7.605318
202000046054,7,3,2020,11,1,69,69228,2,1,1,6,"route departementale 342,",45.5621392,4.6423227
202000046055,10,3,2020,18,1,81,81251,2,1,1,6,N126,43.558019,2.070258
202000046056,9,3,2020,17,1,09,09236,1,1,1,6,D8A,42.919337,1.6299
202000046057,9,3,2020,1,3,33,33243,2,6,1,6,D670 / D1089 - perte de contrôle VU venant de la D1089 et terminant sur le toit D670,44.90031,-0.21452
202000046058,10,3,2020,8,1,61,61104,1,1,2,6,D908,48.586796,-0.275012
202000046059,10,3,2020,16,1,59,59523,1,1,2,1,Route de Peronne,50.57285,3.170527
202000046060,9,3,2020,23,3,13,13081,1,9,2,7,A7-Sens Marseille vers Lyon,43.488426,5.240671
202000046061,6,3,2020,21,3,83,83112,1,1,1,-1,A50,43.19705,5.70657
202000046062,6,3,2020,9,1,59,59512,1,1,2,2,ROUTE DEPARTEMENTALE 656,50.70274,3.159872
202000046063,9,3,2020,9,1,91,91363,1,1,1,4,RN 104,48.64136,2.19955
202000046064,8,3,2020,22,3,91,91064,1,1,1,-1,RN 118,48.74906,2.2194
202000046065,9,3,2020,9,1,78,78217,1,1,2,2,A13,48.965114,1.818676
202000046066,9,3,2020,8,1,92,92025,1,1,8,5,A86,48.9324839,2.248488
202000046067,7,3,2020,11,1,95,95424,1,1,1,2,AUTOROUTE A15,48.99374,2.18547
202000046068,6,3,2020,12,1,93,93027,1,1,1,5,AUTOROUTE A86,48.92362,2.38471
202000046069,9,3,2020,12,1,94,94033,1,1,1,4,A86.INT,48.8608,2.4843
202000046070,7,3,2020,17,1,988,98818,2,1,1,6,FRANCE (RUE ANATOLE),-22.27155,166.44177
202000046071,8,3,2020,17,1,974,97409,2,9,2,1,Grand Canal ( chemin),-20.9635224,55.687276
202000046072,8,3,2020,21,5,69,69388,2,2,2,3,VIVIANI                             (AV),45.72645,4.86453
202000046073,8,3,2020,10,1,69,69259,2,9,1,1,MAURICE THOREZ                      (AV),45.70258,4.87002
202000046074,8,3,2020,7,1,69,69388,2,1,1,6,MARYSE BASTIE                       (R ),45.7367,4.87399
202000046075,7,3,2020,15,1,69,69259,2,6,1,3,DOCTEUR COBLOD (DU)                 (BD),45.70169,4.89124
202000046076,8,3,2020,22,5,69,69384,2,1,2,2,SCHUMAN                      (PT),45.78034,4.80969
202000046077,8,3,2020,21,5,2A,2A004,2,1,1,7,FABIANI  DOMINIQUE,41.916194,8.7265028
202000046078,2,3,2020,13,1,95,95427,2,3,1,6,EPINAY (RUE D'),48.9639486,2.3355744
202000046079,7,3,2020,11,1,91,91326,2,1,1,6,CAMILLE DESMOULINS (RUE),48.69454,2.35849
202000046080,8,3,2020,20,5,69,69275,2,2,2,3,JEAN JAURES                         (AV),45.77156,4.96788
202000046081,8,3,2020,10,1,69,69256,2,1,1,6,TITTA COIS                          (R ),45.7726,4.9071
202000046082,7,3,2020,20,5,69,69266,2,1,1,3,FRANCIS DE PRESSENSE    (Rue),45.77142,4.88317
202000046083,7,3,2020,13,1,64,64102,2,1,2,2,NAVARRE (AVENUE HENRI DE),43.49809,-1.44849
202000046084,7,3,2020,2,3,60,60463,1,9,1,5,RD 200_SORTIE PONT BURTON_R.VACHETTE INC,49.2862894,2.468006
202000046085,7,3,2020,18,5,57,57616,2,1,1,2,PAUL LANGEVIN (AVENUE ),49.14284,6.20063
202000046086,7,3,2020,9,1,42,42207,2,4,2,3,Rue de la Maladiere,45.48317,4.52806
202000046087,8,3,2020,5,5,35,35238,2,3,2,4,VOLTAIRE (BD),48.1051,-1.6935
202000046088,7,3,2020,16,1,35,35115,2,6,2,3,JAURES (BD JEAN),48.35259,-1.19954
202000046089,8,3,2020,21,5,33,33281,2,1,2,5,Avenue Marcel Dassault,44.8434,-0.67267
202000046090,7,3,2020,12,1,29,29232,2,1,1,3,Quai de l'Odet,47.9918147,-4.1099615
202000046091,8,3,2020,13,1,27,27229,2,1,2,1,ORLEANS (RUE D'),48.99997,1.15389
202000046092,7,3,2020,19,3,13,13211,2,9,1,6,COMMANDANT DE ROBIEN (RUE),43.28978,5.48283
202000046093,8,3,2020,4,5,13,13213,2,6,1,6,POILUS (AVENUE DES),43.3223,5.4572
202000046094,8,3,2020,3,3,13,13047,1,1,1,7,RN 1569,43.510837,4.964649
202000046095,7,3,2020,12,1,06,06069,2,1,1,3,CROISSET (AVENUE FR. DE),43.665688,6.935192
202000046096,7,3,2020,22,5,75,75114,2,1,1,-1,PORTE DE GENTILLY,48.816504,2.340294
202000046097,7,3,2020,0,1,75,75104,2,2,1,-1,BOULEVARD DE MAGENTA,48.854041,2.36892
202000046098,8,3,2020,9,1,75,75120,2,2,1,3,RUE D AVRON,48.852705,2.406125
202000046099,8,3,2020,4,5,75,75118,2,3,1,6,BOULEVARD DE CLICHY,48.884127,2.331826
202000046100,8,3,2020,16,1,75,75117,2,2,2,2,RUE DE PRONY,48.882839,2.303003
202000046101,7,3,2020,12,1,75,75117,2,2,1,2,RUE LEGENDRE,48.889114,2.322751
202000046102,8,3,2020,4,5,75,75112,2,5,1,3,RUE DU FAUBOURG SAINT ANTOINE,48.850116,2.38444
202000046103,8,3,2020,14,1,75,75111,2,2,1,-1,AVENUE LEDRU ROLLIN,48.855706,2.378717
202000046104,8,3,2020,2,5,75,75110,2,2,1,3,QUAI DE JEMMAPES,48.877444,2.365879
202000046105,7,3,2020,13,1,75,75107,2,3,1,6,RUE BOSQUET,48.856127,2.306739
202000046106,8,3,2020,13,1,75,75103,2,3,2,3,RUE REAUMUR,48.865345,2.356633
202000046107,8,3,2020,16,1,93,93031,2,2,2,3,AV DE LA REPUBLIQUE  / BD FOCH,48.9497952,2.3289871
202000046108,8,3,2020,18,1,93,93007,2,1,2,6,FRANCOIS GARCIA (RUE),48.93841,2.45877
202000046109,8,3,2020,11,1,974,97415,2,3,1,3,109 Chaussee Royale,-21.0110996,55.273692
202000046110,8,3,2020,18,1,47,47178,1,1,2,-1,Touron,44.498503,0.850722
202000046111,9,3,2020,10,1,06,06149,1,1,1,3,Route de Laghet,43.748669,7.343497
202000046112,9,3,2020,16,1,95,95313,2,1,1,6,16 Grande Rue,49.112492,2.214936
202000046113,9,3,2020,10,1,71,71494,1,1,1,2,A6,46.40965,4.858425
202000046114,9,3,2020,12,1,26,26138,1,1,1,2,Autoroute du soleil,44.411206,4.730086
202000046115,14,2,2020,23,3,41,41161,1,1,1,4,A71 - PK 143+500 - Snes Orléans/Vierzon,47.527272,2.003546
202000046116,7,3,2020,18,2,62,62338,1,1,1,1,69 Rue Louis Bouquet,50.6330253,2.828073
202000046117,7,3,2020,15,1,74,74112,2,3,1,3,Route de Sillingy,45.939167,6.0937568
202000046118,8,3,2020,22,3,14,14380,1,1,2,7,Loucelles,49.227856,-0.570173
202000046119,6,3,2020,13,1,83,83057,1,1,1,2,DN7,43.384653,6.172643
202000046120,2,3,2020,19,5,91,91577,2,9,1,3,D446,48.606144,2.494026
202000046121,8,3,2020,8,1,62,62075,1,1,2,1,D 341 Route de Desvres,50.705638,1.6939467
202000046122,8,3,2020,22,5,80,80709,2,1,1,6,23 Rue Feret,49.901159,1.826561
202000046123,25,2,2020,11,1,80,80611,1,2,2,3,D1001,49.766055,2.252621
202000046124,8,3,2020,12,1,89,89224,1,3,1,3,D91,47.7226969,3.85324
202000046125,8,3,2020,16,1,61,61507,1,4,1,2,N12,48.556231,0.598197
202000046126,7,3,2020,23,3,49,49307,1,1,1,6,Les Rouages (Corné),47.448686,-0.349953
202000046127,7,3,2020,10,1,46,46127,2,1,1,7,Route de Cahors,44.731781,1.375421
202000046128,6,3,2020,18,3,86,86014,1,1,1,1,D131,46.778544,0.5550385
202000046129,2,3,2020,22,3,34,34125,1,1,1,6,D9,43.664286,3.537657
202000046130,8,3,2020,18,2,31,31052,1,1,2,6,Route de Toulouse,43.403428,1.368029
202000046131,9,3,2020,6,2,31,31341,1,1,2,6,1297 Route des Platanes,43.718947,1.319003
202000046132,8,3,2020,1,3,01,01269,1,1,1,1,29 Route de La-cluse,46.164619,5.586206
202000046133,9,3,2020,15,1,72,72230,1,2,1,3,CD 213 La Croix,47.856597,0.132136
202000046134,9,3,2020,14,1,14,14303,1,1,1,1,Route de Courtonne,49.126031,0.281562
202000046135,2,3,2020,17,1,50,50435,1,1,2,1,D50,49.495288,-1.608033
202000046136,9,3,2020,15,1,50,50283,1,2,8,3,D6,49.147005,-1.049119