Num_Acc,jour,mois,an,hr,condition_eclairage,departement,commune,condition_agglomeration,intersection,condition_atmosphere,type_collision,adresse,lattitude,longitude
202000046137,9,3,2020,11,1,16,16064,1,1,1,6,Lieu Dit la Tuiliere,45.9551148,0.8448369
202000046138,8,3,2020,5,3,53,53222,1,1,1,6,D12,48.211923,-0.708822
202000046139,6,3,2020,17,1,40,40017,1,1,8,5,Avenue des Pyrénées,43.731926,-0.571439
202000046140,9,3,2020,13,1,40,40274,1,1,2,1,Route de Campagne,43.908365,-0.659078
202000046141,7,3,2020,9,1,24,24352,2,1,1,6,Avenue Lakanal,45.254849,0.34144
202000046142,7,3,2020,20,3,37,37122,1,1,1,2,départementale 751,47.3405984,0.6427583
202000046143,8,3,2020,16,1,30,30228,1,1,1,6,D979,43.934673,4.385058
202000046144,7,3,2020,12,1,13,13051,1,1,1,3,Route Départementale 21,43.57544,5.130047
202000046145,9,3,2020,12,1,01,01069,1,1,2,2,A40 PK 154+300,46.1282653,5.2827174
202000046146,8,3,2020,17,1,68,68309,1,1,1,6,a 35 pk 112+700,47.673819,7.469115
202000046147,9,3,2020,2,3,89,89339,1,1,2,5,A6,47.5707129,3.938176
202000046148,7,3,2020,2,3,57,57073,1,1,1,6,A4 PK 370+100 SENS STRASBOURG - PARIS,49.138498,6.815472
202000046149,8,3,2020,15,1,13,13011,1,3,1,5,ROUTE DÉPARTEMENTALE 5,43.737244,4.825723
202000046150,9,3,2020,10,1,27,27203,1,1,2,2,,49.053606,1.439359
202000046151,9,3,2020,7,2,27,27388,1,1,4,1,D6178,49.450941,0.44632
202000046152,7,3,2020,17,2,987,98724,1,1,1,7,RT 113,-16.707602,-150.980902
202000046153,8,3,2020,3,3,988,98821,1,1,1,1,COL DE LA PIROGUE,-22.08154,166.31874
202000046154,9,3,2020,2,3,971,97107,1,1,1,6,Rue de Neuf - Chateau,16.087321,-61.568316
202000046155,9,3,2020,5,1,971,97107,1,1,1,6,8 Rue de l'Ilet Perou,16.055237,-61.566986
202000046156,7,3,2020,21,3,972,97230,1,1,1,1,N1,14.753563,-60.978101
202000046157,8,3,2020,16,1,70,70416,1,1,1,5,Pomoy,47.657888,6.362819
202000046158,6,3,2020,8,1,67,67067,2,1,1,-1,25 Rue du Général Duport,48.7317063,7.7055344
202000046159,7,3,2020,15,1,67,67345,1,9,1,3,69 Rue de la Gare,48.789456,7.8489091
202000046160,7,3,2020,10,1,67,67131,2,1,1,6,32 Rue de la 1ere Division Blindee,48.4883098,7.7158293
202000046161,8,3,2020,20,5,69,69296,1,1,1,2,D312,45.634739,4.822322
202000046162,3,3,2020,16,1,69,69295,1,1,1,6,1280 route de marennes,45.6085,4.8699
202000046163,8,3,2020,15,1,09,09199,1,1,1,1,Lieu Dit l'Alma,43.211976,1.608011
202000046164,6,3,2020,15,1,19,19098,1,1,3,1,Lagarde-Marc-la-Tour,45.196797,1.835532
202000046165,7,3,2020,19,5,62,62604,2,1,1,-1,Rue de la Buqueuse,50.617756,1.6537025
202000046166,6,3,2020,17,1,62,62560,2,1,1,6,Rue pasteur,50.816887,1.708395
202000046167,7,3,2020,15,1,13,13056,1,1,1,3,A55-Sens Martigues vers Marseille,43.3982334,5.0803347
202000046168,7,3,2020,12,1,13,13055,1,1,1,3,A507 sens Marseille - Aubagne,43.3024,5.4253
202000046169,8,3,2020,2,5,13,13215,1,1,1,3,A7-Sens Marseille vers Lyon,43.3442,5.3754
202000046170,7,3,2020,11,1,13,13071,1,1,1,7,A55-Sens Martigues vers Marseille,43.39687,5.28654
202000046171,6,3,2020,19,2,13,13055,1,1,1,4,A507 sens Marseille - Aubagne,43.3061,5.42511
202000046172,29,1,2020,14,1,13,13106,1,1,8,3,A51-Sens Aix en Provence vers Marseille,43.41274,5.36425
202000046173,8,3,2020,2,3,38,38087,1,1,1,2,A7,45.58054,4.80208
202000046174,8,3,2020,0,3,69,69256,1,1,1,3,A42    ,45.78458,4.89621
202000046175,8,3,2020,18,3,94,94034,1,1,2,4,AUTOROUTE A86,48.7597,2.322
202000046176,8,3,2020,7,2,94,94037,1,1,1,5,AUTOROUTE A6B,48.80743,2.34683
202000046177,8,3,2020,5,3,91,91689,1,1,1,2,AUTOROUTE A6B,48.74306,2.3229
202000046178,7,3,2020,19,3,77,77251,1,1,1,4,AUTOROUTE A5A,48.6188,2.5535
202000046179,7,3,2020,21,3,78,78423,1,1,1,3,A12 Y,48.7953,2.0418
202000046180,7,3,2020,19,5,94,94017,1,1,1,3,A4,48.82672,2.51579
202000046181,7,3,2020,15,1,77,77517,1,1,1,-1,A104.EXT,48.9052517,2.6427821
202000046182,3,3,2020,11,1,94,94018,1,1,1,2,A4,48.8175,2.4229
202000046183,7,3,2020,11,1,988,98818,2,1,1,7,RUE TEYSSANDIER DE LAUBAREDE,-22.26118,166.45071
202000046184,6,3,2020,20,5,974,97411,2,1,2,4,JAURES (BOULEVARD JEAN),-20.894148,55.471355
202000046185,7,3,2020,10,1,973,97302,2,1,1,3,SOURCE DE BADUEL (CHEMIN DE LA),4.9291516,-52.3086763
202000046186,6,3,2020,10,1,973,97302,2,1,1,1,FELIX EBOUE(ROCADE),4.9279331,-52.3182464
202000046187,7,3,2020,13,1,69,69383,2,2,1,3,ANTOINE CHARIAL                     (R ),45.75826,4.86592
202000046188,6,3,2020,8,1,972,97213,1,1,2,2,AUTOROUTE A1,14.61825,-61.0269
202000046189,5,3,2020,1,5,972,97209,2,9,1,7,BISHOP (Avenue Maurice),14.605454,-61.059555
202000046190,7,3,2020,7,2,69,69389,2,1,1,2,MARIETTON                           (R ),45.7762982,4.7978415
202000046191,6,3,2020,19,5,91,91064,2,3,1,1,JOUY (ROUTE DE),48.75223,2.20575
202000046192,6,3,2020,20,5,91,91345,2,1,1,3,CORBEIL (ROUTE DE),48.684053,2.308923
202000046193,25,6,2020,6,1,73,73008,2,6,1,3,D1201 ROOSEVELT FRANKLIN AVENUE,45.701807,5.9094422
202000046194,25,6,2020,10,1,71,71153,2,6,1,3,MARCET (RUE BAPTISTE),46.7951914,4.4325931
202000046195,19,6,2020,12,1,70,70388,1,1,1,1,RD457,47.60539,6.12186
202000046196,24,6,2020,11,1,66,66136,2,1,1,2,BELFORT AVENUE DE,42.69055,2.88087
202000046197,25,6,2020,15,1,64,64335,2,1,1,1,BIE GRANDE,43.33504,-0.43617
202000046198,24,6,2020,18,1,63,63113,2,2,1,3,CLEMENTEL (BD ETIENNE),45.80966,3.10945
202000046199,25,6,2020,18,1,62,62826,2,2,1,3,ANDREI SAKHAROV (RUE),50.520324,1.584756
202000046200,21,6,2020,11,1,59,59230,2,1,1,5,FORT (RUE DU),50.246392,3.975203
202000046201,24,6,2020,16,1,56,56083,2,1,1,2,VAILLANT ( AV. EDOUARD ),47.82047,-3.2522
202000046202,24,6,2020,20,1,54,54482,2,1,1,-1,JACQUES CARTIER,48.702567,6.1965043
202000046203,24,6,2020,17,1,54,54382,2,1,1,6,LONGWY (ROUTE DE),49.5359,5.7675
202000046204,25,6,2020,8,1,54,54159,2,1,1,-1,LUNEVILLE (AVENUE DE),48.61302,6.36543
202000046205,25,6,2020,15,1,51,51454,2,2,1,3,Rue Forain,49.2375937,4.0265784
202000046206,24,6,2020,11,1,51,51474,2,6,7,3,Rue de Bernex,49.2808501,4.0047011
202000046207,23,6,2020,16,1,50,50129,1,1,1,6,VALLEE DE QUINCAMPOIX,49.61546,-1.64002
202000046208,24,6,2020,15,1,49,49007,2,1,1,3,RAMON BOULEVARD,47.48638,-0.53706
202000046209,24,6,2020,10,1,49,49007,2,1,1,5,LARREY,47.47935,-0.55565
202000046210,24,6,2020,9,1,46,46042,2,1,1,-1,RACINE (RUE JEAN),44.46205,1.45147
202000046211,25,6,2020,14,1,45,45068,2,1,1,6,Rue Ponte de Lima,48.0066397,2.7217609
202000046212,17,6,2020,16,1,39,39198,2,1,1,6,5 Rue de Besançon,47.093974,5.496155
202000046213,5,6,2020,15,1,39,39198,2,1,1,6,9-11 Avenue du General Eisenhower,47.095922,5.499735
202000046214,6,5,2020,9,1,39,39198,2,3,1,6,Carrefour Avenue Léon Jouhaux / Rue des Paters,47.089336,5.481745
202000046215,25,6,2020,7,1,37,37261,2,2,1,-1,GRAMMONT (AVENUE DE),47.3861626,0.6905012
202000046216,24,6,2020,17,1,37,37261,2,1,1,-1,PROUDHON (AVENUE),47.3945994,0.6697347
202000046217,18,6,2020,10,1,36,36063,2,1,1,6,5 Rue des Remparts,46.8268116,1.7031815
202000046218,25,6,2020,17,1,35,35238,2,3,1,3,ROCHESTER (AVENUE DE),48.1284,-1.66417
202000046219,25,6,2020,10,1,35,35238,2,1,1,6,7 Boulevard Albert 1er,48.09028,-1.69143
202000046220,25,6,2020,10,1,34,34172,2,9,1,2,RIMBAUD (RUE PAUL),43.6181667,3.8403815
202000046221,24,6,2020,16,1,34,34172,2,3,1,-1,ALCO (RUE D',43.6193,3.83813
202000046222,25,6,2020,18,1,33,33318,2,6,1,6,Avenue de Saige,44.791105,-0.633467
202000046223,25,6,2020,17,1,33,33039,1,3,1,3,BD JEAN-JACQUES BOSC / ALL DES TILLEULS,44.8146876,-0.55292
202000046224,25,6,2020,11,1,33,33013,2,1,7,3,62 AVE DU PEYROU,44.8663,-0.48335
202000046225,18,6,2020,9,1,33,33281,2,4,3,6,Allée du parc de Bourran,44.8373,-0.63146
202000046226,22,6,2020,22,3,33,33529,1,1,1,1,LIGNON (BD LOUIS),44.63318,-1.18406
202000046227,25,6,2020,17,1,33,33529,1,1,1,1,RN250 (OUSTALET - BONNEVAL),44.61458,-1.14442
202000046228,25,6,2020,12,1,33,33009,2,3,1,1,REGNAULT (AVE) DU 02 ET +,44.659,-1.16933
202000046229,24,6,2020,12,1,33,33529,2,6,1,2,BISSERIE (AVE DE),44.6258,-1.13955
202000046230,22,6,2020,19,1,22,22360,2,6,1,7,AUDIARD (RUE MICHEL),48.48879,-2.76325
202000046231,25,6,2020,8,1,17,17291,1,1,1,2,RN 11,46.179882,-1.094369
202000046232,24,6,2020,18,1,17,17300,2,3,1,3,CORDELIERS  AVENUE DES,46.16577,-1.14209
202000046233,25,6,2020,14,1,14,14437,2,1,1,2,PERIPHERIQUE NORD (BOULEVARD),49.1812,-0.32461
202000046234,25,6,2020,18,1,13,13204,2,1,1,6,LIBERATION (BOULEVARD),43.3015167,5.3928387
202000046235,25,6,2020,14,1,13,13047,2,1,1,3,MARCEL DASSAULT ROND POINT,43.500041,4.966382
202000046236,24,6,2020,14,1,13,13005,2,1,1,1,AUMONE VIELLE (CHEMIN DE L'),43.28599,5.52982
202000046237,20,6,2020,17,1,12,12146,1,1,1,1,MILLAU (AVENUE DE),44.337988,2.587031
202000046238,23,6,2020,11,1,11,11262,2,1,1,5,ESPAGNE (AVENUE D'),43.16817,2.98418
202000046239,25,6,2020,7,1,06,06088,2,1,1,6,JOLY (CORNICHE ANDRE DE),43.697306,7.294167
202000046240,25,6,2020,15,1,06,06123,2,1,1,2,CURIE PIERRE ET MARIE AVENUE,43.6871,7.187
202000046241,25,6,2020,17,1,75,75120,2,1,1,6,BOULEVARD PERIPHERIQUE,48.877377,2.409157
202000046242,22,6,2020,1,5,75,75106,2,1,1,1,QUAI DE CONTI,48.857326,2.338329
202000046243,25,6,2020,18,1,75,75120,2,1,1,3,AVENUE BENOIT FRACHON,48.852134,2.4157
202000046244,25,6,2020,13,1,75,75117,2,1,1,3,AVENUE DE LA GRANDE ARMEE,48.875354,2.290213
202000046245,24,6,2020,14,1,75,75116,2,1,1,3,ALLEE DU BORD DE L EAU,48.8705,2.239643
202000046246,25,6,2020,0,5,75,75115,2,1,1,6,PONT DE BIR HAKEIM,48.855387,2.287785
202000046247,25,6,2020,2,5,75,75111,2,3,1,3,BOULEVARD DE MENILMONTANT,48.859831,2.388761
202000046248,25,6,2020,18,1,75,75110,2,2,1,3,RUE DE DUNKERQUE,48.880799,2.351203
202000046249,25,6,2020,12,1,75,75108,2,7,1,3,PLACE SAINT AUGUSTIN,48.87497,2.319806
202000046250,23,6,2020,12,1,75,75108,2,1,1,3,AVENUE FRANKLIN D ROOSEVELT,48.867782,2.309992
202000046251,25,6,2020,17,1,75,75107,2,7,1,2,AVENUE BOSQUET,48.86228,2.301954
202000046252,25,6,2020,17,1,75,75107,2,7,1,3,PLACE JOFFRE,48.852672,2.30308
202000046253,25,6,2020,14,1,75,75104,2,3,1,6,RUE DE RIVOLI,48.855722,2.35898
202000046254,24,6,2020,19,1,75,75104,2,1,1,1,RUE DE RIVOLI,48.855857,2.358412
202000046255,24,6,2020,20,1,75,75102,2,2,1,6,BOULEVARD DE SEBASTOPOL,48.866251,2.352492
202000046256,24,6,2020,22,5,94,94074,2,2,1,6,CHAMP SAINT-JULIEN (AV DU),48.749068,2.455383
202000046257,25,6,2020,18,1,94,94015,2,1,1,3,ADRIEN MENTIENNE (QU),48.8476753,2.5123737
202000046258,25,6,2020,15,1,94,94046,2,1,1,3,MARECHAL JUIN (R DU),48.8157,2.42577
202000046259,24,6,2020,21,2,94,94046,1,1,1,6,R MARECHAL DE LATTRE DE TASSIGNY,48.80107,2.44843
202000046260,24,6,2020,18,1,94,94028,2,3,1,3,Duvauchelle (rue Dominique),48.7680332,2.4553436
202000046261,24,6,2020,18,1,94,94079,2,1,1,6,NOISY (R DE),48.831411,2.544044
202000046262,25,6,2020,7,1,94,94018,2,6,1,3,CARRIERES (QU DES),48.81852,2.41094
202000046263,25,6,2020,10,1,93,93066,2,9,1,6,FRANCE ANATOLE (BOULEVARD) NR AUTRES,48.9243798,2.3492353
202000046264,24,6,2020,10,1,93,93066,2,1,7,6,R DE STRASBOURG,48.9360462,2.3610339
202000046265,25,6,2020,11,1,93,93077,2,1,1,6,OUTREBON (AVENUE),48.88611,2.5109
202000046266,24,6,2020,17,1,93,93053,2,6,1,2,JEAN JAURES (RUE),48.8901366,2.4531053
202000046267,25,6,2020,19,1,93,93048,1,1,1,2,EMILE BEAUFILS (RUE),48.8753694,2.4589333
202000046268,25,6,2020,15,1,93,93008,2,1,1,1,SAVOIE (RUE DE),48.91168,2.41792
202000046269,25,6,2020,10,1,92,92073,2,9,7,3,SELLIER (BOULEVARD HENRI),48.8677219,2.2262509
202000046270,25,6,2020,20,1,92,92051,1,1,1,2,"CHARLES DE GAULLE (AVENUE, N° 18 A 116)",48.8818901,2.26872
202000046271,24,6,2020,23,5,92,92048,2,1,1,6,VAUGIRARD (ROUTE DE),48.8201,2.24158
202000046272,24,6,2020,21,5,92,92026,2,7,1,2,DIVISION LECLERC (AVENUE DE LA),48.89389,2.2411
202000046273,25,6,2020,8,1,92,92026,2,2,1,1,SAINT-DENIS BD DE (01 A 197 / 02 A 118),48.8963488,2.2584779
202000046274,24,6,2020,22,5,87,87125,2,1,1,7,38 Avenue de la Libération,45.90455,1.325365
202000046275,26,6,2020,6,1,74,74245,1,1,1,6,A41,45.989724,6.128397
202000046276,26,6,2020,5,3,33,33334,1,1,9,6,D 115,44.6681,-0.44283
202000046277,13,6,2020,18,1,17,17131,2,1,1,7,Rue du Maine Donne,45.5867099,-0.830147
202000046278,24,6,2020,18,1,28,28012,1,1,1,3,D15,48.115623,1.135733
202000046279,24,6,2020,18,1,67,67115,1,4,1,5,D1083,48.299803,7.494523
202000046280,25,6,2020,15,1,52,52384,1,1,1,2,A31 PK 103+800,47.821863,5.224896
202000046281,15,6,2020,20,1,62,62502,2,1,1,1,21 Rue Adam Grunewald,50.624035,2.681866
202000046282,22,6,2020,15,1,34,34032,1,1,1,3,A75,43.364174,3.275852
202000046283,21,6,2020,6,2,61,61194,1,1,1,6,A88,48.738592,-0.072806
202000046284,25,6,2020,10,1,57,57043,1,3,1,3,D1,49.255727,6.20086
202000046285,23,6,2020,12,1,19,19237,1,1,1,-1,D145,45.159822,2.124336
202000046286,26,6,2020,15,1,74,74309,2,4,1,5,Route de Frangy,46.112486,6.040184
202000046287,26,6,2020,4,2,74,74309,1,1,1,-1,route de bellegarde - lieu dit germagny,46.113557,6.008266
202000046288,25,6,2020,22,2,79,79063,1,1,1,6,Rue de la Forge Fleurie,47.031203,-0.299809
202000046289,25,6,2020,7,1,79,79117,1,1,1,7,Chemin de la Rue,46.4474,-0.50813
202000046290,25,6,2020,14,1,80,80315,2,1,1,1,15 Route Nationale,49.73531,2.253824
202000046291,26,6,2020,11,1,89,89418,2,9,1,6,12 b Avenue de la Gare,47.85818,3.974599
202000046292,25,6,2020,15,1,49,49160,1,1,1,1,D723,47.411229,-0.93039
202000046293,25,6,2020,17,1,42,42224,1,1,1,1,Route du Col de la Republique,45.352873,4.469687
202000046294,26,6,2020,8,1,34,34234,1,3,1,1,D13,43.532943,3.22894
202000046295,24,6,2020,11,1,44,44125,1,4,1,3,Avenue Louis Clément,47.367619,-2.537785
202000046296,25,6,2020,15,5,44,44117,2,3,1,3,4 Rue de la Rochelle,47.137994,-1.341652
202000046297,25,6,2020,14,1,35,35248,1,1,1,5,N176,48.566242,-1.589971
202000046298,25,6,2020,8,1,35,35133,1,3,1,3,La Petite Pommeraie,48.131398,-2.070938
202000046299,25,6,2020,17,1,35,35133,1,3,1,3,Trémelin,48.102416,-2.039766
202000046300,8,6,2020,15,1,31,31230,2,1,1,1,Rue des Pyrénées,43.719455,1.436623
202000046301,26,6,2020,13,1,85,85108,2,1,8,1,21 Rue de la Clairière,46.906171,-1.375021
202000046302,26,6,2020,8,1,26,26086,2,1,1,2,29 Rue de la Gare,44.693857,5.483047
202000046303,25,6,2020,12,1,54,54008,1,1,1,6,D674,48.553227,5.895785
202000046304,25,6,2020,17,1,54,54589,1,2,7,2,RD657,48.969199,6.050747
202000046305,20,6,2020,12,1,14,14294,2,1,1,6,24 Chemin de la Haie Morin,49.101273,-0.287991
202000046306,26,6,2020,9,1,05,05164,2,1,1,6,RN94,44.526259,6.407091
202000046307,26,6,2020,15,1,50,50399,1,9,1,7,D106,48.691885,-1.210155
202000046308,26,6,2020,11,1,50,50453,1,2,1,3,Avenue du President,48.845485,-1.201243
202000046309,23,6,2020,18,1,45,45098,2,1,1,6,Rue du Moulin,47.8168635,1.7658079
202000046310,25,6,2020,17,1,64,64160,2,3,1,3,1 Rue Etchegorria,43.362388,-1.407092
202000046311,25,6,2020,19,1,18,18100,2,4,7,3,8 Rue du Haut Bourg,47.193015,1.895292
202000046312,26,6,2020,5,2,40,40303,1,1,1,6,Route de Montine,44.090082,-0.917702
202000046313,25,6,2020,8,1,85,85128,2,2,1,3,Boulevard de l'Océan,46.451142,-1.159884
202000046314,25,6,2020,23,3,27,27065,1,1,1,7,Rue Louis Gillain,49.349737,0.367436
202000046315,25,6,2020,23,3,17,17041,1,1,1,3,D116,46.189457,-0.828824
202000046316,26,6,2020,7,1,52,52057,1,1,1,1,D227,48.352178,4.880837
202000046317,25,6,2020,19,2,24,24194,2,8,1,6,Rue du Grand Caminel,44.833991,0.338704
202000046318,26,6,2020,11,1,06,06161,1,1,1,2,91 Chemin du Val de Pomme,43.625922,7.116151
202000046319,26,6,2020,10,1,69,69089,2,1,2,6,14 Rue des Ecoles,45.737829,4.773266
202000046320,26,6,2020,10,1,45,45169,1,1,1,6,A10 PK 101+500 sens Paris Province,47.8995736,1.8052098
202000046321,25,6,2020,15,1,987,98747,1,1,1,3,RT3 PK 12+800 sens TAUTIRA / TARAVAO,-17.75024,-149.192147
202000046322,24,6,2020,7,1,971,97112,2,2,7,1,D203,15.870215,-61.281374
202000046323,25,6,2020,16,1,2B,2B036,1,1,1,6,D5,42.540481,9.296451
202000046324,25,6,2020,19,1,34,34285,1,1,1,6,D131,43.51632,3.513842
202000046325,26,6,2020,0,3,58,58160,1,1,1,2,Route de Marcé,46.990389,3.101792
202000046326,25,6,2020,16,1,74,74080,1,2,1,3,D909,45.886902,6.433396
202000046327,26,6,2020,7,1,38,38449,2,2,1,3,Boulevard de Tharabie,45.647765,5.101816
202000046328,25,6,2020,15,1,46,46102,2,1,1,-1,1 Rue Lucien Cavalie,44.607303,2.032346
202000046329,26,6,2020,12,1,64,64261,1,1,1,4,N 134,43.173081,-0.540969
202000046330,25,6,2020,10,1,27,27016,1,1,1,7,Cote de Clery,49.238683,1.425299
202000046331,26,6,2020,12,1,60,60141,2,1,1,6,Avenue du Général Leclerc,49.184189,2.459832
202000046332,26,6,2020,12,1,80,80685,1,9,8,3,Autoroute A1,49.7217393,2.7778146
202000046333,25,6,2020,12,1,13,13005,1,1,1,6,A50-Sens Aubagne vers Marseille,43.2886595,5.5492683
202000046334,24,6,2020,22,3,13,13085,1,1,1,-1,A50-Sens Aubagne vers Toulon,43.246877,5.596261
202000046335,24,6,2020,17,1,13,13005,1,1,1,7,A50 - Sens Aubagne vers Marseille,43.2690344,5.5881518
202000046336,24,6,2020,22,5,83,83137,1,1,1,7,A50 Accès Tunnel Tube Nord,43.12506,5.90625
202000046337,25,6,2020,13,1,69,69199,1,1,1,3,A7 ,45.6936772,4.8434024
202000046338,25,6,2020,14,1,92,92002,1,1,1,5,AUTOROUTE A86,48.7632364,2.305309
202000046339,25,6,2020,20,1,92,92036,1,1,1,6,RN315 Y,48.9290645,2.302478
202000046340,24,6,2020,10,1,92,92036,1,1,1,4,A86,48.9343472,2.2696661
202000046341,25,6,2020,18,1,92,92036,1,1,1,4,AUTOROUTE A86,48.93839,2.3133
202000046342,25,6,2020,10,1,95,95604,1,1,1,2, A1,49.12312,2.55677
202000046343,25,6,2020,11,1,93,93006,1,1,1,3,AUTOROUTE A3,48.86657,2.42402
202000046344,25,6,2020,9,1,93,93066,1,1,1,2,AUTOROUTE A1,48.92997,2.36353
202000046345,24,6,2020,17,1,93,93005,1,1,7,5,AUTOROUTE A1,48.96072,2.4679
202000046346,24,6,2020,14,1,93,93007,1,1,1,7,AUTOROUTE A3,48.92071,2.47937
202000046347,21,6,2020,21,1,95,95212,1,1,1,6,A1,49.03355,2.54136
202000046348,24,6,2020,8,1,95,95018,1,1,1,3,A15,48.96292,2.26538
202000046349,24,6,2020,8,1,93,93005,1,1,1,3,AUTOROUTE A3,48.93125,2.48096
202000046350,25,6,2020,18,1,77,77175,1,1,1,2,A5b,48.6653712,2.6131588
202000046351,25,6,2020,16,1,94,94022,1,1,1,-1,A86 EXT,48.776,2.42932
202000046352,25,6,2020,15,1,77,77258,1,1,1,-1,A4.W,48.8323001,2.6531658
202000046353,25,6,2020,10,1,94,94017,1,1,1,2,A4,48.82767,2.50665
202000046354,25,6,2020,8,1,93,93051,1,1,1,2,A4,48.8352,2.5727
202000046355,24,6,2020,19,1,94,94046,1,1,1,-1,A86 EXT,48.8118278,2.4491292
202000046356,24,6,2020,17,1,94,94046,1,1,1,-1,A86 EXT,48.8155602,2.4506905
202000046357,24,6,2020,15,1,94,94073,1,1,1,2,A86 EXT,48.7551121,2.38274
202000046358,16,4,2020,20,1,91,91657,2,3,9,3,EDELWEISS (RUE DES),48.70051,2.440342
202000046359,26,2,2020,19,5,06,06069,2,1,1,3,CANNES (ROUTE DE)  -RD 6085-,43.63177,6.95712
202000046360,23,6,2020,8,1,974,97416,1,1,1,4,TROIS MARRE (CHEMIN),-21.29832,55.44279
202000046361,24,6,2020,9,1,972,97209,2,9,1,3,SALVADOR ALLENDE (AVENUE),14.61058,-61.0484
202000046362,24,6,2020,7,1,69,69149,2,1,1,-1,EMILE ZOLA                          (BD),45.7181478,4.80825
202000046363,24,6,2020,6,1,971,97113,1,9,1,3,RN4 - SECTION RIVIERA,16.28267,-61.28267
202000046364,24,6,2020,1,5,2A,2A004,2,6,1,7,AVENUE DU DOCTEUR NOEL FRANCHINI,41.9415778,8.7561195
202000046365,23,6,2020,12,1,95,95268,2,9,1,3,AV DE STALINGRAD,48.9733314,2.4179389
202000046366,24,6,2020,19,1,91,91434,2,1,1,1,GRIBELETTE (BOULEVARD DE LA),48.6466,2.3583
202000046367,23,6,2020,8,1,91,91521,2,3,1,3,REMY (RUE ALBERT),48.65925,2.40527
202000046368,24,6,2020,15,1,91,91657,2,2,1,7,LONGUERAIE (RUE DE LA ) FOSSE MONTALBOT,48.716688,2.437731
202000046369,24,6,2020,11,1,91,91174,2,3,7,3,PARIS (RUE),48.602601,2.469158
202000046370,24,6,2020,18,1,90,90010,2,3,1,6,CRONSTADT (RUE DE),47.63105,6.86074
202000046371,23,6,2020,15,1,87,87085,2,1,1,6,BOURGEOIS (RUE LEON),45.84236,1.2445
202000046372,22,6,2020,12,1,83,83009,2,4,1,1,PIERREPLANE (BD DE),43.14018,5.74006
202000046373,24,6,2020,20,1,83,83069,1,1,1,6,ST LAZARE (CHEMIN),43.11684,6.17018
202000046374,23,6,2020,19,1,80,80021,2,1,1,6,LA CANTATE À TROIS VOIES,49.879427,2.279234
202000046375,23,6,2020,15,1,80,80131,2,1,1,3,MICHEL STROGOFF (BOULEVARD°,49.86525,2.37122
202000046376,24,6,2020,17,1,78,78440,2,1,1,6,CHARDONNERETS (RUE DES),48.99318,1.91676
202000046377,24,6,2020,16,1,78,78440,2,2,1,3,PRÉS (AVENUE DES),48.99903,1.91343
202000046378,19,6,2020,23,5,77,77226,2,1,1,7,COMMIER (CHEMIN DU),48.45084,2.77007
202000046379,23,6,2020,18,1,76,76682,1,3,1,1,VILLAGE RUE DU,49.31883,1.11394
202000046380,23,6,2020,14,1,73,73031,1,1,1,4,RN 201 (VRU),45.572185,5.935962
202000046381,24,6,2020,21,1,69,69256,2,1,1,3,VOLTAIRE                            (CH),45.77551,4.92431
202000046382,24,6,2020,20,1,69,69256,2,1,7,1,FERME (DE LA)                       (CH),45.78679,4.9138
202000046383,23,6,2020,21,1,69,69256,2,9,2,3,8 MAI 1945 (DU)                     (AV),45.78737,4.91649
202000046384,23,6,2020,16,1,64,64448,2,1,1,2,LESCAR DE (ROCADE),43.3457,-0.4498
202000046385,20,6,2020,15,1,64,64122,2,3,1,7,HENRI HAGET (AVENUE),43.4810262,-1.5399259
202000046386,24,6,2020,10,1,64,64102,2,1,1,3,ESTUNARD (Marais de l'),43.49262,-1.4943
202000046387,24,6,2020,2,5,64,64024,2,1,1,7,VAGUES (AVENUE DES),43.49845,-1.5441
202000046388,23,6,2020,18,1,63,63164,2,1,1,7,LIMAGNE (RUE DE LA),45.832649,3.1443971
202000046389,23,6,2020,19,1,51,51454,2,5,1,2,Rue de Courlancy,49.2390605,4.0310918
202000046390,23,6,2020,13,1,49,49246,2,1,1,2,CHAUVIN AVENUE,47.43,-0.54195
202000046391,4,1,2020,11,1,06,06074,1,1,1,7,M2565,43.95871,7.3007
202000046392,3,1,2020,13,1,06,06059,1,1,1,6,111 Avenue des Diables Bleus,43.722474,7.33409
202000046393,3,1,2020,21,3,05,05106,1,1,1,7,Chemin du Serre,44.5495077,6.3290052
202000046394,4,1,2020,2,3,07,07188,1,1,2,6,Route de Saint Alban d'Ay,45.1897624,4.6732267
202000046395,4,1,2020,10,1,28,28378,1,1,1,3,La Brosse,48.282275,0.873029
202000046396,1,1,2020,2,3,17,17312,1,4,1,7,RD 145 ,45.350884,-0.642811
202000046397,2,1,2020,11,1,30,30082,2,1,1,7,Route de Langlade,43.822901,4.227612
202000046398,3,2,2020,8,1,83,83061,1,9,1,5,RUE DES COMBATTANTS D'AFRIQUE DU NORD,43.509531,6.71555
202000046399,4,1,2020,17,2,08,08090,1,1,8,1,D19,49.623899,5.142494
202000046400,4,2,2020,9,2,78,78133,2,1,1,3,POISSY (DE),48.914728,2.04005
202000046401,3,1,2020,19,3,978,97801,1,1,1,1,RN 7 - Grand Case,18.079394,-63.061327
202000046402,3,1,2020,13,1,01,01451,1,1,1,2,A40,46.2580727,5.2275379
202000046403,4,2,2020,20,5,78,78486,2,9,1,7,PARIS (RUE DE COTE PAIR),48.6938074,1.8537724