Num_Acc,jour,mois,an,hr,condition_eclairage,departement,commune,condition_agglomeration,intersection,condition_atmosphere,type_collision,adresse,lattitude,longitude
202000046404,4,1,2020,9,1,971,97129,1,1,1,6,Plessis Nogent,16.354011,-61.742889
202000046405,5,2,2020,22,3,77,77294,1,1,8,-1,ROUTE NATIONALE 2,48.99765,2.63244
202000046406,3,1,2020,17,5,83,83071,2,1,1,2,intersection avenue 1ère DFL - Rue de la Madrague,43.142111,6.243829
202000046407,3,1,2020,23,3,13,13059,1,1,1,1,D 556,43.613221,5.495195
202000046408,4,2,2020,10,1,77,77475,2,2,8,6,D603-JOFFRE (RUE DU MAL.),48.957785,2.947286
202000046409,3,1,2020,20,3,67,67028,1,1,2,1,rd 5,48.375971,7.587184
202000046410,3,1,2020,17,3,07,07034,1,1,1,6,,44.3546824,4.5667366
202000046411,2,2,2020,0,5,76,76351,2,3,1,3,CAVEE VERTE (RUE DE LA),49.50221,0.10344
202000046412,4,1,2020,6,3,57,57588,1,1,9,6,D57,49.474485,6.246323
202000046413,3,1,2020,18,3,60,60628,1,1,2,2,Rue du Général de Gaulle,49.4261918,2.1317965
202000046414,1,1,2020,6,4,69,69199,1,1,5,4,A7,45.6906635,4.8455772
202000046415,3,2,2020,17,2,76,76351,2,2,2,3,Rue Pierre Curie,49.50961,0.12764
202000046416,30,1,2020,19,5,73,73029,2,3,2,-1,D1006 - CHALLES (ROUTE DE),45.5705011,5.9485823
202000046417,2,2,2020,19,5,71,71076,2,9,2,6,Avenue Monnot,46.787129,4.8583768
202000046418,4,2,2020,14,1,69,69029,2,3,1,3,LIONEL TERRAY                       (R ),45.7296,4.894
202000046419,3,2,2020,21,4,66,66136,1,1,1,2,Départementale  617,42.714815,2.939041
202000046420,3,1,2020,13,1,91,91689,1,1,2,6,AUTOROUTE A6A,48.74292,2.32239
202000046421,3,2,2020,7,2,65,65286,2,3,1,3,MOULIN (AVENUE JEAN),43.108721,-0.028493
202000046422,3,2,2020,17,1,64,64122,2,1,1,1,VERDUN (AVENUE DE),43.48138,-1.54525
202000046423,4,2,2020,9,1,64,64102,2,6,2,7,AQUITAINE (AVENUE DE L'),43.48699,-1.46856
202000046424,3,2,2020,13,1,64,64102,2,6,1,3,BEYRIS (GIRATOIRE),43.478,-1.49242
202000046425,9,1,2020,13,1,63,63113,2,1,1,6,BLUM (AVENUE LEON),45.76754,3.09578
202000046426,9,1,2020,19,5,63,63113,2,2,1,3,SABLON (COURS),45.7735405,3.0901385
202000046427,3,2,2020,18,5,62,62774,2,2,2,6,COSTES ET BELLONTES (RUE),50.95748,1.820403
202000046428,4,2,2020,15,1,59,59017,2,1,2,6,SAINT VAAST (PLACE),50.68698,2.88274
202000046429,4,2,2020,22,5,54,54184,2,2,1,3,avenue de Brigachtal,48.700774,6.224576
202000046430,3,2,2020,18,5,50,50218,2,2,3,6,VENDEENS (AV DES),48.829595,-1.567204
202000046431,3,2,2020,7,5,50,50129,2,1,1,6,MILLET (AVENUE JEAN-FRANCOIS),49.63397,-1.62112
202000046432,3,2,2020,8,2,49,49007,2,1,1,2,SAUMUROISE IMPASSE ET RUE,47.45918,-0.53547
202000046433,3,2,2020,22,5,47,47001,2,2,1,3,PELLETAN (BOULEVARD EUGENE),44.19916,0.62632
202000046434,3,1,2020,13,1,91,91182,1,1,2,7,RN 104,48.6205377,2.4253653
202000046435,4,2,2020,12,1,44,44162,2,6,1,3,ROUTE ARMOR,47.22556,-1.62237
202000046436,4,2,2020,9,1,44,44109,2,1,1,6,Boulevard Robert Schuman,47.24165,-1.57337
202000046437,4,2,2020,12,1,37,37261,2,1,1,5,GRAMMONT (AVENUE DE),47.3856158,0.6909247
202000046438,4,2,2020,12,1,37,37261,2,2,1,3,RICHER (RUE FRANCOIS),47.3833427,0.6661874
202000046439,4,2,2020,8,1,37,37195,2,3,1,3,CHER (LEVEE DU),47.3761775,0.6521925
202000046440,4,2,2020,16,1,35,35238,2,1,8,2,METZ (BD DE),48.12047,-1.66169
202000046441,3,2,2020,17,2,34,34108,1,9,1,1,RD 612,43.42191,3.73953
202000046442,4,2,2020,14,1,34,34172,2,1,1,4,TOULOUSE (AVENUE DE,43.59431,3.86081
202000046443,2,2,2020,5,5,34,34032,2,9,1,3,FABRE (AV.DU DOCTEUR JEAN MARIE),43.35462,3.22998
202000046444,5,2,2020,2,5,33,33063,2,6,1,1,ALL HAUSMANN / PCE RAVEZIES,44.86582,-0.57514
202000046445,4,2,2020,17,1,33,33550,2,2,1,3,Avenue des Pyrénées,44.77867,-0.5664
202000046446,3,1,2020,14,3,91,91589,1,1,1,4,A6,48.6783188,2.335855
202000046447,27,1,2020,7,2,33,33075,2,2,1,6,AVE DU LAC / RUE DAUGERE / RUE DE FIEUZAL,44.885326,-0.59232
202000046448,3,1,2020,0,3,91,91659,1,1,1,6,AUTOROUTE A6,48.5803569,2.4606939
202000046449,4,2,2020,8,2,32,32013,2,1,3,7,ROUGE-GORGES,43.63942,0.59036
202000046450,3,1,2020,18,3,78,78545,1,1,2,6,A12 W,48.80919,2.054533
202000046451,3,2,2020,23,5,31,31555,2,1,1,6,R-PT CHARLES FABRE,43.57441,1.40544
202000046452,3,1,2020,17,3,92,92047,1,1,1,2,A4,48.8363264,2.1847581
202000046453,3,2,2020,8,1,31,31555,2,1,1,2,AV DE FRONTON,43.6635719,1.4307684
202000046454,3,1,2020,14,1,95,95675,1,1,1,3,AUTOROUTE A1,49.05888,2.5504
202000046455,5,2,2020,0,5,30,30007,2,1,1,6,BLANC (BD LOUIS),44.1262,4.0799
202000046456,21,5,2020,21,5,69,69034,2,3,1,2,PASTEUR                             (R ),45.79518,4.84744
202000046457,3,1,2020,12,1,93,93010,1,1,1,7,AUTOROUTE A3,48.88803,2.4739
202000046458,21,5,2020,22,3,971,97101,1,1,1,3,COCOYER,16.29222,-61.48905
202000046459,2,1,2020,17,3,60,60494,1,1,2,6,AUTOROUTE A1,49.13662,2.56614
202000046460,21,5,2020,19,3,971,97113,1,1,1,5,PETIT HAVRE (SECTEUR),16.21589,-61.42259
202000046461,20,5,2020,8,1,86,86194,1,9,1,3,Route de Bonnes,46.58428,0.39374
202000046462,21,5,2020,13,1,76,76575,2,1,1,6,VAL L'ABBE. RUE DU,49.38524,1.09957
202000046463,21,5,2020,17,1,76,76447,2,1,1,3,PIERRE MENDES FRANCE,49.52969,0.1816
202000046464,2,1,2020,14,1,95,95252,1,1,1,2,AUTOROUTE A15,48.97679,2.23496
202000046465,31,1,2020,11,1,29,29019,2,3,1,6,Rue Amiral Troude,48.3871318,-4.4765399
202000046466,2,1,2020,8,2,92,92036,1,1,2,2,RN 315 ,48.9366,2.29974
202000046467,2,1,2020,5,1,60,60494,1,1,1,3,,49.1372923,2.5667059
202000046468,1,1,2020,9,1,93,93007,1,1,1,2,AUTOROUTE A1,48.94358,2.43603
202000046469,26,8,2020,10,1,93,93048,2,2,1,6,EMILE BEAUFILS (RUE),48.8757,2.4591
202000046470,26,8,2020,13,1,93,93006,2,9,1,3,GAL DE GAULLE AV. DU,48.8637,2.4167
202000046471,25,8,2020,20,2,93,93032,1,1,1,6,R DE PARIS,48.86564,2.5649
202000046472,1,1,2020,4,5,93,93066,1,1,1,2,AUTOROUTE A1,48.91752,2.35767
202000046473,22,5,2020,17,1,72,72181,2,1,1,-1,JAURES JEAN (AV) N° PAIRS 60 ET >,47.98552,0.20936
202000046474,26,8,2020,15,1,93,93010,2,1,1,3,GALLIENI (AV.) DE 132 A 186,48.900279,2.4654182
202000046475,22,5,2020,10,1,72,72181,2,1,1,2,ALLONNES PONT ROUGE (RTE D'),47.97619,0.16761
202000046476,26,8,2020,13,1,93,93010,2,1,1,6,AV QUATORZE JUILLET,48.91303,2.49129
202000046477,3,1,2020,11,1,94,94017,1,1,1,4,A4,48.8267626,2.5151501
202000046478,1,1,2020,6,1,974,97416,1,1,2,6,Route Nationale 1,-21.299543,55.422528
202000046479,26,8,2020,17,1,93,93001,2,1,1,3,FILLETTES (RUE DES),48.9145706,2.3665667
202000046480,24,8,2020,18,1,92,92078,2,1,1,3,VERDUN (AVENUE) (IMPAIRS 1 A 25),48.935507,2.333865
202000046481,20,1,2020,13,1,27,27229,2,1,1,6,CONCHES (ROUTE DE),49.0228,1.1239
202000046482,22,5,2020,13,1,71,71040,2,1,1,1,Route de Mâcon,46.6874523,4.3906664
202000046483,1,1,2020,15,1,974,97411,2,2,1,6,Rue Labourdonnais,-20.8765,55.44825
202000046484,26,8,2020,15,1,92,92036,2,2,1,3,GABRIEL PERI (AVENUE) (101/129),48.926726,2.294622
202000046485,4,2,2020,10,1,25,25056,2,9,1,6,WEISS RUE CHARLES,47.24294,6.0091
202000046486,4,2,2020,5,5,18,18033,2,1,1,1,MALLARME (RUE STEPHANE),47.0997,2.4103
202000046487,1,1,2020,2,5,972,97209,2,1,1,7,BALATA (ROUTE DE),14.62834,-61.07264
202000046488,22,5,2020,9,1,67,67482,2,3,1,3,ALBERT CALMETTE (RUE),48.591323,7.709259
202000046489,4,2,2020,15,1,16,16015,2,1,1,6,271 Rue de Bordeaux,45.648224,0.142386
202000046490,2,1,2020,5,5,91,91657,2,5,2,3,HENRI BARBUSSE (AVENUE),48.7034,2.43133
202000046491,21,5,2020,20,2,67,67482,2,1,1,3,ROMAINS (ROUTE DES),48.57802,7.705368
202000046492,1,2,2020,22,5,14,14220,2,1,2,6,OLLIFFE (RUE),49.361021,0.0760728
202000046493,21,5,2020,19,1,67,67482,2,1,1,-1,ORBEY (RUE D ),48.56229,7.77356
202000046494,1,1,2020,5,5,78,78220,1,3,8,3,RN 10,48.7257129,1.8925358
202000046495,4,2,2020,23,5,13,13213,2,5,1,3,ESCADRILLE NORMANDIE NIEMEN,43.33068,5.41021
202000046496,26,8,2020,5,5,92,92062,2,1,1,7,GENERAL DE GAULLE (AVENUE DU),48.8851372,2.2264454
202000046497,20,5,2020,18,1,67,67482,2,9,1,2,CERF BERR (RUE),48.589682,7.691077
202000046498,20,5,2020,22,3,67,67482,2,1,1,6,PERIGUEUX (RUE DE),48.54807,7.76905
202000046499,20,5,2020,17,1,67,67482,2,1,1,6,NEUHOF (ROUTE),48.5514,7.76596
202000046500,20,5,2020,16,1,67,67482,2,3,1,2,ARTHUR RIMBAUD (RUE),48.588913,7.714069
202000046501,22,5,2020,11,1,63,63063,1,6,1,3,giratoire Est RM2009/RM2,45.8289515,3.114495
202000046502,26,8,2020,10,1,92,92026,2,1,1,2,VERDUN (DE 62 A FIN),48.90266,2.25856
202000046503,1,1,2020,12,1,77,77186,1,1,5,5,RD 142 Glandée au grand veneur,48.4627,2.6678
202000046504,4,2,2020,19,5,13,13211,2,1,6,3,SAINT MENET (AVENUE DE),43.2892,5.4997
202000046505,20,5,2020,18,1,63,63113,2,2,1,6,PASTEUR (BD),45.77142,3.08312
202000046506,4,2,2020,19,5,13,13204,2,1,1,6,CHAVE (BOULEVARD),43.29563,5.39631
202000046507,22,5,2020,22,5,59,59350,2,9,1,3,RUE DU PONT A FOURCHON,50.63046,3.02321
202000046508,22,5,2020,20,1,59,59131,2,1,1,7,Rue du Hooghe Porte,50.99447,2.36649
202000046509,15,4,2020,14,1,56,56260,2,1,1,6,PAIX(BLD DE LA) 1 A 39  ET 2 A 50,47.65935,-2.76264
202000046510,25,8,2020,10,1,92,92004,2,1,1,3,BAS ( RUE DES ),48.9202082,2.2887585
202000046511,27,8,2020,9,1,35,35176,1,2,1,3,Maupertuis,47.862679,-1.862617
202000046512,1,1,2020,19,3,71,71040,2,2,5,3,Route des Bizots,46.7108423,4.3948374
202000046513,27,8,2020,7,1,95,95504,1,1,1,3,A16,49.110976,2.255931
202000046514,1,1,2020,19,5,69,69266,2,9,1,7,EMILE ZOLA     (Cours),45.7678,4.8887
202000046515,2,1,2020,23,5,64,64024,2,1,1,7,LAPORTE (AVENUE JEAN LEON),43.4867,-1.5013
202000046516,4,2,2020,15,1,13,13215,2,3,6,3,Min (avenue du),43.341482,5.3731
202000046517,2,1,2020,18,5,64,64102,2,3,1,3,MOUNEDE (AVENUE DE),43.49957,-1.45865
202000046518,4,2,2020,12,1,13,13204,2,1,1,3,BLANCARDE (BOULEVARD),43.3027,5.3983
202000046519,26,8,2020,17,1,01,01090,1,2,1,3,D93a,46.019645,5.218216
202000046520,21,5,2020,0,5,56,56098,2,6,1,6,Avenue Ambroise Croizat,47.77748,-3.34451
202000046521,2,1,2020,10,1,64,64102,2,1,1,2,RESPLANDY (AVENUE DU CAPITAINE),43.4851,-1.4596
202000046522,3,2,2020,18,3,13,13002,1,1,1,2,JEAN GIONO (AVENUE),43.33365,5.482158
202000046523,2,1,2020,7,2,59,59508,2,3,1,6,LILLE (RUE DE)MENIN A 8 MAI 1945,50.7525968,3.1207448
202000046524,3,2,2020,16,1,13,13202,2,1,1,3,TOURETTE (QUAI DE LA),43.298,5.36305
202000046525,23,8,2020,9,1,67,67491,2,1,1,1,Rue de Weislingen,48.9051081,7.2483441
202000046526,3,2,2020,12,1,13,13215,2,6,1,7,Min (avenue du),43.34055,5.37855
202000046527,20,5,2020,11,1,56,56121,2,1,1,6,POISSONNIERE (RUE),47.74764,-3.35855
202000046528,27,8,2020,10,1,22,22200,1,1,1,3,D16,48.486121,-2.333651
202000046529,1,1,2020,18,5,51,51454,2,2,8,6,Rue du Docteur Albert Schweitzer,49.2828809,4.0205589
202000046530,4,2,2020,22,5,13,13063,2,1,1,1,SAINT EXUPERY BOULEVARD,43.59124,5.006893
202000046531,2,1,2020,13,1,45,45302,2,2,8,3,RUE NATIONALE 20 - RUE GABRIEL DEBACQ ,47.954563,1.891145
202000046532,24,8,2020,15,1,83,83023,1,1,1,-1,A8,43.421305,6.076169
202000046533,19,5,2020,18,1,56,56098,2,3,1,3,DIDEROT (RUE  DENIS ),47.77463,-3.34763
202000046534,15,8,2020,21,2,85,85223,2,1,1,6,120 Rue Maurice Gandemer,46.56287,-1.084099
202000046535,2,1,2020,6,2,44,44162,2,1,1,6,Route de Vannes,47.25617,-1.63645
202000046536,27,8,2020,6,1,21,21210,1,1,1,6,A6,47.237986,4.580226
202000046537,14,5,2020,13,1,55,55043,2,1,1,2,REPUBLIQUE ( DE LA ),49.1764,5.3804
202000046538,26,8,2020,12,1,21,21091,1,1,1,3,A6,47.197929,4.659469
202000046539,21,5,2020,18,1,49,49007,2,1,1,6,PYRAMIDE ROUTE,47.4511,-0.51942
202000046540,27,8,2020,16,1,35,35200,1,1,3,7,Les Chesnonnières,47.957858,-1.224375
202000046541,31,1,2020,16,1,13,13098,1,1,1,2,COLLES CHEMIN DES,43.441013,5.020679
202000046542,2,1,2020,9,1,37,37261,2,1,1,7,GRAMMONT (AVENUE DE),47.3853376,0.6909037
202000046543,21,5,2020,8,1,49,49007,2,1,1,6,MILLOT BOULEVARD JACQUES,47.45468,-0.5332
202000046544,2,1,2020,10,1,33,33063,2,2,1,3,RUE JUDAIQUE / RUE CHEVALIER,44.840763,-0.592266
202000046545,20,5,2020,7,1,49,49007,2,1,1,3,ROUSSILLON,47.4826,-0.53071
202000046546,1,1,2020,16,1,31,31555,2,1,1,4,ALL JEAN JAURES,43.60901,1.45399
202000046547,27,8,2020,6,1,29,29095,1,1,1,2,RN 12,48.4544724,-4.3730551
202000046548,19,5,2020,8,1,40,40281,1,1,1,2,SAINT-SEVER (AV DE),43.87605,-0.50658
202000046549,3,2,2020,20,5,11,11262,2,1,1,-1,AUGE (BOULEVARD DU DR LEON),43.187762,3.003138
202000046550,25,8,2020,17,1,56,56117,2,2,1,3,Rue du Guesclin,47.88796,-2.830814
202000046551,22,5,2020,12,1,37,37261,2,3,1,6,VICTOIRE (RUE DE LA),47.3948425,0.6776524
202000046552,9,1,2020,16,1,11,11069,2,2,1,7,MOLIERE,43.216357,2.354286
202000046553,22,5,2020,15,1,34,34172,2,1,1,7,FABRE DE MORLHON (BOULEVARD JACQUES),43.59178,3.87856
202000046554,3,2,2020,7,5,10,10387,2,6,2,3,AUXERRE (RUE),48.2786,4.0667
202000046555,1,1,2020,4,5,31,31555,2,1,1,1,AV DES ETATS UNIS,43.64961,1.42554
202000046556,4,2,2020,16,1,06,06069,2,1,1,7,ZILLER (AVENUE PIERRE),43.679444,6.947829
202000046557,18,8,2020,12,1,56,56218,1,1,2,5,Le Cota,47.740492,-2.269471
202000046558,22,5,2020,14,1,34,34172,2,2,1,1,VERDANSON (QUAI DU),43.61477,3.88118
202000046559,4,2,2020,9,1,06,06030,2,1,1,2,AUBAREDE (CHEMIN DE L'),43.56661,6.98674
202000046560,27,5,2020,20,1,56,56194,2,1,1,6,Rue du Château,47.598021,-2.099483
202000046561,3,2,2020,9,1,03,03185,2,1,1,6,rue Émile Zola n° 42,46.3610171,2.5906038
202000046562,2,1,2020,21,5,30,30189,2,3,1,3,TRIAIRE SERGENT (BOULEVARD),43.82833,4.36
202000046563,22,5,2020,12,1,34,34172,2,3,1,1,SAINT LAZARE (AVENUE DE),43.61914,3.8865
202000046564,2,1,2020,16,1,29,29232,2,1,1,1,Route de Rosporden,47.9812,-4.03263
202000046565,26,8,2020,19,1,82,82055,1,1,1,6,D3,43.924195,0.948654
202000046566,2,1,2020,8,1,13,13039,1,1,1,3,RN 545,43.43313,4.91579
202000046567,22,5,2020,9,1,34,34003,2,1,1,6,SERGENTS (I14 A K17,43.28583,3.51231
202000046568,26,8,2020,21,3,63,63331,2,1,1,7,D261,45.4972074,3.9198813
202000046569,21,5,2020,10,1,33,33529,1,1,1,1,RD804 BISCAROSSE (AVE) DUNE VERS BISCA,44.56596,-1.23022
202000046570,4,2,2020,16,1,01,01289,1,2,2,-1,D117A,46.18039,5.19473
202000046571,15,8,2020,16,1,63,63126,1,1,1,3,D213,45.685186,3.143426
202000046572,4,2,2020,10,1,75,75120,2,4,1,3,PORTE DE BAGNOLET,48.863139,2.413441
202000046573,22,5,2020,12,1,31,31555,2,1,1,3,Avenue des Etats Unis,43.64794,1.42201
202000046574,27,8,2020,0,3,42,42282,1,1,1,6,Route de Noiretable,45.8788521,3.8405712
202000046575,2,1,2020,17,2,13,13215,2,1,1,2,SAINT ANTOINE A SAINT JOSEPH (CHEMIN DE),43.3596188,5.3647453
202000046576,20,5,2020,19,1,31,31555,2,1,1,6,BD DES RECOLLETS,43.58384,1.44309
202000046577,9,1,2020,19,2,75,75116,2,4,2,3,ECHANGEUR MAILLOT,48.8752934,2.2769433
202000046578,2,1,2020,5,5,13,13206,2,2,1,3,ITALIE (RUE D'),43.28795,5.38346
202000046579,3,2,2020,19,5,75,75119,2,3,3,6,RUE D AUBERVILLIERS,48.895295,2.372091
202000046580,1,1,2020,6,5,13,13209,2,1,1,2,MICHELET (BOULEVARD),43.2620343,5.3971571
202000046581,27,8,2020,17,1,42,42267,1,3,1,3,Route de Marcigny,46.159959,4.101861
202000046582,4,2,2020,17,5,75,75118,2,1,8,3,RUE D AUBERVILLIERS,48.898294,2.370492
202000046583,15,8,2020,19,2,22,22046,1,1,1,7,La Ville Doualan,48.325862,-2.532338
202000046584,4,2,2020,11,1,75,75117,2,1,1,2,AVENUE DE CLICHY,48.892718,2.314961
202000046585,20,5,2020,10,1,30,30189,2,1,1,6,DEBUSSY CLAUDE (PLACE),43.8236,4.3361
202000046586,25,8,2020,17,1,39,39164,2,3,1,3,,46.65253,5.600312
202000046587,22,5,2020,16,1,29,29232,1,1,1,6,Route de Concarneau,47.9577527,-4.0472453
202000046588,1,1,2020,0,5,13,13214,2,3,1,-1,BUREL (BOULEVARD),43.3173566,5.3898722
202000046589,27,8,2020,10,1,25,25403,2,3,8,7,Rue des Creux,47.043651,6.606206
202000046590,22,5,2020,15,1,27,27229,2,1,2,4,VERNON (RUE DE),49.02991,1.1628
202000046591,2,1,2020,16,1,13,13001,2,1,1,3,GALICE (RTE),43.52824,5.43219
202000046592,4,2,2020,18,5,75,75116,2,7,1,3,PORTE MAILLOT,48.877065,2.283393
202000046593,4,2,2020,18,5,75,75116,2,2,1,3,AVENUE DU MAHATMA GANDHI,48.875841,2.262199
202000046594,22,5,2020,20,1,17,17300,2,1,1,-1,GRASSET   AVENUE EDMOND (85T-15),46.16356,-1.16966
202000046595,22,5,2020,12,1,13,13201,2,1,1,6,MARSEILLAISES (PLACE DES)    IMPAIRS,43.30191,5.37972
202000046596,22,5,2020,5,2,13,13047,1,1,1,6,D.5,43.584,4.94618
202000046597,26,8,2020,14,1,25,25558,2,4,8,3,Grande Rue,47.156409,6.113025
202000046598,2,1,2020,18,5,06,06069,1,1,1,1,CANNES (ROUTE DE)  -RD 6085-,43.6385322,6.9502777
202000046599,21,5,2020,8,1,11,11069,2,2,1,3,GOUT HENRI -AVENUE N° PAIRS,43.21057,2.34499
202000046600,23,8,2020,17,1,38,38022,1,1,1,-1,Route des Nappes,45.647267,5.575152
202000046601,16,8,2020,15,1,06,06150,1,1,1,6,Avenue de Cap d'Ail,43.728856,7.392951
202000046602,22,5,2020,5,5,06,06088,2,1,1,6,49 AV HENRI MATISSE,43.674532,7.211941
202000046603,27,8,2020,20,1,14,14286,1,3,2,3,Route de Saint-gatien,49.35547,0.232994
202000046604,21,5,2020,12,1,06,06088,2,1,1,1,MAGNAN (CORNICHE DE),43.7098,7.237192
202000046605,27,8,2020,15,1,07,07010,2,1,7,7,Chemin Chamieux,45.2388785,4.6939769
202000046606,22,5,2020,9,1,06,06027,2,2,1,1,TRAVAILS CHEMIN DES,43.6704,7.134
202000046607,24,8,2020,23,3,53,53084,2,1,1,6,chemin du verger,47.838776,-0.952452
202000046608,2,1,2020,15,1,06,06027,2,1,1,3,GRASSE AVENUE DE,43.65605,7.14664
202000046609,26,8,2020,20,3,04,04104,1,1,1,7,RD 950,43.9751337,5.7327551
202000046610,4,2,2020,15,1,75,75115,2,1,1,1,RUE CAMBRONNE,48.840836,2.303928
202000046611,2,1,2020,14,1,02,02738,2,3,2,3,RAYMOND POINCARE,49.655527,3.314249
202000046612,22,5,2020,8,1,05,05061,2,9,1,3,GEORGES POMPIDOU ( BD),44.55747,6.08155
202000046613,26,8,2020,11,1,04,04176,1,1,1,1,RD 111,43.755196,6.140561
202000046614,4,2,2020,13,1,75,75112,2,3,1,6,RUE LEGRAVEREND,48.846089,2.3757
202000046615,21,5,2020,23,5,05,05061,2,6,1,2,COMMANDANT DUMONT ( AVENUE),44.56209,6.08392
202000046616,26,8,2020,10,1,88,88487,1,1,1,2,Le Petit Moulin,47.950127,6.463201
202000046617,2,1,2020,10,1,01,01344,1,2,1,3,MERMOZ (RUE JEAN) IMPAIR,46.19072,5.19672
202000046618,27,8,2020,11,1,72,72065,1,9,1,6,Avenue du Mans,48.042341,0.1737
202000046619,2,1,2020,0,3,01,01053,1,6,5,6,D117A,46.218402,5.264831
202000046620,4,2,2020,9,1,75,75112,2,2,2,3,RUE VAN GOGH,48.843433,2.370724
202000046621,16,8,2020,17,1,95,95554,1,1,2,5,D983,49.184521,1.782473
202000046622,1,1,2020,18,5,75,75113,2,4,2,7,BD PERIPHERIQUE INTERIEUR,48.8259072,2.3868917
202000046623,20,5,2020,11,1,05,05061,1,9,1,3,PIGNEROL ( AVENUE DE ),44.5653353,6.0927502
202000046624,4,2,2020,8,1,75,75107,2,2,2,3,AVENUE DU MARECHAL GALLIENI,48.861043,2.313241
202000046625,27,8,2020,10,1,91,91338,2,1,1,6,4 Rue du Couvent,48.645174,2.076239
202000046626,2,1,2020,7,5,75,75114,2,4,2,7,AVENUE DU MAINE,48.8318352,2.3252316
202000046627,20,5,2020,21,1,03,03310,2,1,1,6,Avenue Aristide Briand,46.1209398,3.4193957
202000046628,4,2,2020,19,4,75,75101,2,1,1,-1,PLACE VENDOME,48.867369,2.330086
202000046629,26,8,2020,12,1,2B,2B298,2,2,1,3,D81,42.682522,9.305162
202000046630,20,5,2020,13,1,75,75113,2,1,1,3,PORTE D ITALIE,48.816224,2.363941
202000046631,1,1,2020,3,5,75,75120,2,3,1,3,RUE DE MENILMONTANT,48.8691163,2.391452
202000046632,26,8,2020,13,1,25,25526,2,3,8,7,Rue de Besançon,47.502888,6.771762
202000046633,4,2,2020,18,5,75,75102,2,2,1,3,BOULEVARD DES ITALIENS,48.871084,2.334819
202000046634,1,1,2020,22,5,75,75117,2,3,1,3,BOULEVARD DES BATIGNOLLES,48.8832281,2.3253261
202000046635,27,8,2020,7,2,89,89380,1,1,1,6,A6,48.0778331,3.0588361
202000046636,4,2,2020,16,1,94,94042,2,1,8,2,CHAPSAL (R),48.8228226,2.4656733
202000046637,27,8,2020,2,5,68,68154,2,1,1,6,5 Rue de Mulhouse,47.779676,7.347569
202000046638,2,1,2020,8,1,75,75107,2,7,2,7,RUE DE GRENELLE,48.8584246,2.31334
202000046639,22,5,2020,15,1,75,75115,2,2,1,7,PLACE DU GENERAL BEURET,48.842112,2.303074
202000046640,3,2,2020,9,1,94,94052,2,3,1,3,STRASBOURG (BD DE),48.84197,2.4838
202000046641,4,2,2020,11,1,94,94003,2,4,8,3,ARISTIDE BRIAND (AV),48.80961,2.32595
202000046642,26,1,2020,5,5,94,94041,2,1,8,3,PIERRE ET MARIE CURIE (R),48.8141861,2.373291
202000046643,4,2,2020,9,1,94,94033,2,1,2,3,GASTON CHARLES (R),48.844,2.469
202000046644,2,1,2020,16,2,75,75113,2,1,2,3,BOULEVARD VINCENT AURIOL,48.8370602,2.3732446
202000046645,11,8,2020,15,1,68,68311,1,1,1,7,Route du Schnepfenried,47.987531,7.05951
202000046646,19,8,2020,6,1,03,03286,1,3,8,7,,46.506013,3.3502325
202000046647,15,10,2020,17,1,78,78537,1,1,1,2,A10 - point kilométrique 024.170 - vers Paris,48.553262,1.930804
202000046648,22,5,2020,16,1,75,75105,2,2,1,3,RUE GAY LUSSAC,48.845934,2.341237
202000046649,27,8,2020,8,1,73,73250,1,1,1,7,D79a,45.271352,6.383051
202000046650,20,10,2020,15,1,974,97415,2,1,1,3,D10,-21.045684,55.2312
202000046651,22,5,2020,13,1,75,75119,2,1,1,6,SOUTERRAIN PANTIN 1,48.887988,2.396721
202000046652,23,8,2020,13,1,73,73054,1,1,1,7,D902,45.6831597,6.7377001
202000046653,22,10,2020,14,1,974,97408,2,1,1,3,Rue Sarda Garriga,-20.932274,55.33464
202000046654,22,5,2020,17,1,75,75118,2,3,2,3,AVENUE DE SAINT OUEN,48.893408,2.327572
202000046655,2,1,2020,16,1,75,75107,2,1,1,7,BOULEVARD RASPAIL,48.853587,2.326332
202000046656,27,8,2020,11,1,42,42005,2,3,1,3,Avenue Benoit Fourneyron,45.526299,4.286277
202000046657,22,5,2020,15,1,75,75115,2,2,1,3,BOULEVARD VICTOR,48.836016,2.278201
202000046658,2,1,2020,12,1,75,75103,2,4,2,-1,RUE DE TURBIGO,48.866296,2.359789
202000046659,22,7,2020,18,1,38,38474,1,1,2,4,D531,45.210313,5.639784
202000046660,29,1,2020,22,5,94,94028,2,1,1,3,CHOISY(ROUTE DE),48.7747,2.43921
202000046661,19,10,2020,2,5,971,97116,1,1,1,7,2683 Route Remy Nainsouta,16.329934,-61.492999
202000046662,4,2,2020,8,2,94,94017,2,1,1,6,ONZE NOVEMBRE 1918 (AV DU),48.80839,2.53847
202000046663,16,10,2020,16,1,83,83151,1,1,1,7,D24 pk8,43.4312372,6.1330455
202000046664,22,10,2020,11,1,04,04242,1,1,2,1,RD 4096,43.907886,5.883967
202000046665,22,10,2020,2,5,71,71176,2,3,1,6,52 Rue Emile Zola,46.4869483,3.9997992
202000046666,2,1,2020,8,2,94,94080,2,3,2,6,CELINE ROBERT (Rue),48.84928,2.4197
202000046667,27,8,2020,6,2,26,26271,1,1,1,3,Route du Dauphiné,45.026784,4.868124
202000046668,2,1,2020,17,1,94,94046,2,2,1,1,DANIELLE CASANOVA (R),48.8069409,2.4554859
202000046669,4,2,2020,19,5,93,93048,2,1,1,3,STALINGRAD (RUE DE),48.856764,2.4449611
202000046670,27,8,2020,19,1,01,01081,1,1,1,6,D48,46.193557,5.795631
202000046671,22,10,2020,6,5,71,71251,1,3,1,3,D994,46.906728,4.1872883
202000046672,22,5,2020,2,5,75,75114,2,1,1,7,AVENUE DU GENERAL LECLERC,48.832432,2.330883
202000046673,2,1,2020,16,1,94,94041,2,1,1,3,ERNEST RENAN (R),48.81122,2.39812