Num_Acc,jour,mois,an,hr,condition_eclairage,departement,commune,condition_agglomeration,intersection,condition_atmosphere,type_collision,adresse,lattitude,longitude
202000046674,3,2,2020,23,5,93,93047,2,2,3,3,AV JEAN JAURES / AV DES LYS,48.8984637,2.5518898
202000046675,27,8,2020,8,1,81,81215,1,3,1,6,D14,43.785161,1.866088
202000046676,2,1,2020,14,1,94,94019,2,9,8,2,SUCY (R DE),48.78794,2.52081
202000046677,22,10,2020,7,2,08,08488,1,1,9,5,A34,49.726289,4.830068
202000046678,27,8,2020,16,1,50,50099,1,1,2,6,N174,49.3009,-1.173515
202000046679,2,1,2020,14,1,94,94017,2,1,8,2,MARX DORMOY (AV),48.81193,2.5167
202000046680,2,1,2020,18,5,93,93078,2,1,2,6,Avenue Jean Paul Sartre,48.95875,2.55323
202000046681,27,8,2020,11,1,80,80386,1,2,1,2,CD930 PK 15,49.684693,2.559621
202000046682,22,10,2020,8,2,22,22277,1,2,2,3,La Lande Huet d'En Bas,48.39018,-2.859111
202000046683,4,2,2020,18,5,93,93008,2,1,2,3,STALINGRAD (RUE DE) A10,48.9157291,2.4259797
202000046684,21,10,2020,21,3,22,22330,1,1,8,7,La Ville au Galle,48.236958,-2.858001
202000046685,21,10,2020,14,1,35,35292,1,1,2,7,Bas de la Lande,48.377775,-1.399577
202000046686,3,2,2020,18,2,93,93007,2,1,2,4,AV DU DESCARTES,48.9503,2.4515
202000046687,22,10,2020,19,3,60,60116,1,6,1,2,ZAC du bois noir,49.313163,2.335324
202000046688,4,2,2020,12,1,93,93005,2,1,8,6,R JACQUES DUCLOS,48.9466576,2.4930071
202000046689,26,8,2020,16,1,13,13210,2,1,1,4,A50-Sens Marseille vers Aubagne,43.28583,5.42911
202000046690,22,10,2020,16,1,02,02163,2,3,8,3,09 Route de Pavant,48.97409,3.282257
202000046691,25,8,2020,21,3,13,13026,1,1,1,2,A55-Sens Martigues vers Marseille,43.38462,5.15099
202000046692,21,10,2020,20,3,13,13026,1,1,1,6,A55-Sens Marseille vers Martigues,43.38515,5.150332
202000046693,26,8,2020,15,1,93,93005,1,1,1,2,AUTOROUTE A3,48.93142,2.48115
202000046694,22,5,2020,15,1,75,75113,2,2,1,3,RUE DUNOIS,48.832164,2.36773
202000046695,26,8,2020,17,1,94,94046,1,1,1,2,A86 INT,48.80377,2.44821
202000046696,22,5,2020,2,5,75,75112,2,1,1,2,QUAI DE LA RAPEE,48.843676,2.369875
202000046697,20,10,2020,22,3,13,13071,1,1,1,7,A55-Sens Martigues vers Marseille,43.3901757,5.3025454
202000046698,24,1,2020,13,1,61,61168,2,1,1,7,57 Avenue du Président Coty,48.600322,-0.358659
202000046699,2,1,2020,15,1,93,93070,2,1,2,2,Q DE SEINE,48.9162497,2.3247993
202000046700,20,10,2020,22,3,57,57647,1,1,1,3,Autoroute A30,49.3305039,6.0565649
202000046701,18,8,2020,11,1,988,98818,2,2,1,5,RUE AUGUSTE BRUN,-22.27611,166.44661
202000046702,18,10,2020,20,3,59,59478,1,1,1,2,AUTOROUTE A25,50.935403,2.466068
202000046703,2,1,2020,15,1,93,93050,2,1,8,3,GENERAL DE GAULLE (AVENUE),48.85824,2.53434
202000046704,12,10,2020,11,1,59,59043,1,1,1,3,AUTOROUTE A25,50.724561,2.732843
202000046705,22,5,2020,18,1,75,75108,2,2,2,7,RUE ROYALE,48.868377,2.323267
202000046706,24,8,2020,16,5,974,97407,2,1,1,3,Rue Général Emile Roland,-20.936312,55.293702
202000046707,2,1,2020,13,1,93,93048,2,2,8,3,R DE PARIS / R ARMAND CARREL,48.854743,2.417591
202000046708,25,8,2020,17,2,973,97302,2,1,1,1,DALHIAS (RUE DES) CITE BONHOMME,4.9211882,-52.3181284
202000046709,2,1,2020,22,5,93,93046,2,5,1,3,BD JEAN JAURES / AV MONTESQUIEU,48.9225,2.52439
202000046710,22,5,2020,17,1,75,75115,2,1,2,3,BOULEVARD GENERAL MARTIAL VALIN,48.837502,2.272951
202000046711,22,5,2020,16,1,75,75108,2,2,1,6,QUAI DES TUILERIES,48.864069,2.320126
202000046712,22,5,2020,15,1,94,94078,2,1,1,6, PIERRE SEMARD (PL),48.73017,2.44688
202000046713,2,1,2020,22,5,93,93029,2,3,1,3,JEAN JAURES (AVENUE),48.9181912,2.4546863
202000046714,2,1,2020,14,1,93,93007,2,1,2,2,"""PAUL VAILLANT COUTURIER (AVENUE """"DU 01",48.92928,2.47992
202000046715,21,10,2020,18,1,91,91174,1,1,1,2,RN 104,48.6236,2.4671
202000046716,25,8,2020,6,2,973,97302,2,2,1,3,CABASSOU (ROUTE DE),4.9206644,-52.3218298
202000046717,21,10,2020,17,1,91,91174,1,1,1,4,RN 104,48.62408,2.46828
202000046718,4,2,2020,19,5,93,93001,2,2,1,3,R DE ST-DENIS / R FRANCIS DE PRESSENCE,48.923131,2.370242
202000046719,22,5,2020,0,5,94,94042,2,3,1,6,GENERAL GALLIENI (AV DU),48.82012,2.47525
202000046720,23,7,2020,15,1,76,76322,2,1,1,6,LECLERC. AVENUE DU MARECHAL (CD 3),49.4125871,1.0427735
202000046721,25,8,2020,21,5,69,69387,2,3,1,3,YVES FARGES                         (BD),45.74028,4.83175
202000046722,2,1,2020,16,2,92,92076,2,9,8,6,JARDY HARAS,48.828648,2.151512
202000046723,21,10,2020,12,1,77,77251,1,1,1,3,AUTOROUTE A5A,48.621102,2.546833
202000046724,23,7,2020,9,1,76,76540,2,2,1,6,QUAI JACQUES ANQUETIL,49.43481,1.09378
202000046725,22,5,2020,21,5,94,94076,2,9,2,3,PARIS (AV DE),48.80389,2.36293
202000046726,2,1,2020,17,5,92,92062,2,3,8,3,DE DION BOUTON (QUAI) DU 1 AU 28,48.8770761,2.2411839
202000046727,3,2,2020,19,2,93,93001,2,2,2,1,QU LUCIEN LEFRANC / R DU LANDY,48.91528,2.37141
202000046728,3,2,2020,6,5,92,92049,2,1,8,3,PIERRE BROSSOLETTE (AVENUE),48.8205446,2.3117222
202000046729,3,2,2020,22,5,92,92077,2,1,3,3,SEVRES (RUE DE),48.826,2.1976
202000046730,4,2,2020,10,1,92,92024,2,1,1,-1,GENERAL LECLERC (BD DU) (9 A 59)   (4 A,48.900469,2.3168015
202000046731,21,5,2020,15,1,94,94041,2,1,1,3,DANIELLE CASANOVA (AV),48.8155692,2.3832017
202000046732,4,2,2020,7,2,95,95116,1,6,2,6,D922,49.14429,2.330062
202000046733,25,8,2020,16,1,69,69388,2,9,1,3,PROFESSEUR BEAUVISAGE (DU)          (R ),45.73157,4.87373
202000046734,21,10,2020,8,1,92,92050,1,1,8,2,A86,48.9144607,2.2196031
202000046735,4,2,2020,9,1,41,41045,1,1,1,6,Le Clos Chevet,47.469312,1.164116
202000046736,22,5,2020,22,5,94,94034,2,1,1,6,HENRI BARBUSSE (R),48.75826,2.323706
202000046737,21,10,2020,7,3,92,92063,1,1,2,6,A86,48.8895397,2.169136
202000046738,22,5,2020,13,1,94,94038,2,1,1,4,PAUL VAILLANT COUTURIER (BD),48.78196,2.34138
202000046739,1,1,2020,4,3,988,98812,1,1,1,7,LIEU DIT CHAGRIN/RT1/KOUMAC,-20.45747,164.25122
202000046740,25,8,2020,15,1,69,69383,2,3,1,6,EUGENE DERUELLE                     (BD),45.763086,4.855316
202000046741,1,1,2020,15,1,92,92035,2,2,1,3,National ( boulevard ),48.9067,2.23888
202000046742,23,7,2020,14,1,72,72181,2,6,1,3,TIRONNEAU ADRIEN (PL),47.98294,0.21055
202000046743,21,10,2020,6,3,78,78206,1,1,2,6,A13,48.952347,1.94145
202000046744,22,7,2020,12,1,69,69282,2,1,7,1,GARE (DE LA)                          (R,45.77182,4.9957
202000046745,21,10,2020,11,1,93,93078,1,1,1,6,AUTOROUTE A104,48.9651,2.51717
202000046746,21,10,2020,11,1,77,77294,1,9,1,4,A104,48.964142,2.611061
202000046747,21,10,2020,7,3,94,94033,1,1,1,2,A86.INT,48.8482013,2.491075
202000046748,22,5,2020,15,1,94,94054,2,1,1,4,MARCEL CACHIN (AV),48.746981,2.411224
202000046749,21,5,2020,16,1,94,94002,2,1,1,7,JEAN BAPTISTE PREUX (ALL),48.77803,2.42229
202000046750,21,10,2020,6,3,77,77175,1,9,2,4,RN104,48.666797,2.612635
202000046751,31,1,2020,7,1,972,97217,2,1,1,6,Montgérald,14.473276,-60.87401
202000046752,25,8,2020,14,1,69,69259,1,1,1,2,LAURENT BONNEVAY                    (BD),45.72014,4.88169
202000046753,21,10,2020,5,3,77,77169,1,9,2,2,RN104,48.81667,2.62123
202000046754,2,2,2020,20,3,972,97217,1,1,1,5,N5,14.4552,-60.903445
202000046755,25,8,2020,14,1,69,69386,2,1,1,2,DE LATTRE DE TASSIGNY               (PT),45.77249,4.83972
202000046756,23,6,2020,14,1,62,62758,1,1,1,6,MONT D'OSTROHOVE ( Rue du ),50.708925,1.618018
202000046757,5,2,2020,17,2,01,01354,1,1,1,1,9 Chemin de la Léchere,46.256629,6.03283
202000046758,24,7,2020,13,1,69,69264,2,3,1,3,ZOLA EMILE  R,45.98499,4.73164
202000046759,1,1,2020,18,5,92,92025,2,1,1,7,PIERRE DE COUBERTIN (BD),48.928417,2.249729
202000046760,22,5,2020,16,1,93,93078,2,9,1,2,VAILLANT-COUTURIER (AVENUE PAUL),48.9590157,2.533501
202000046761,24,8,2020,11,1,69,69382,2,1,1,2,COLONEL CHAMBONNET                  (R ),45.7589,4.8304
202000046762,22,5,2020,11,1,93,93078,2,6,1,3,BERT (AVENUE PAUL),48.9528425,2.5402686
202000046763,25,8,2020,7,1,69,69381,2,1,1,7,CONSTANTINE (DE)                    (R ),45.76706,4.83216
202000046764,25,8,2020,16,1,971,97101,1,1,1,3,ROUTE DE CHAZEAU,16.28913,-61.47849
202000046765,2,1,2020,16,2,92,92012,2,1,8,7,GENERAL LECLERC (AVENUE DU) 35/FIN - 60/,48.83058,2.23342
202000046766,4,2,2020,16,1,42,42182,1,1,1,6,1013 Route de St Germain,46.0664868,3.9330882
202000046767,19,10,2020,19,5,988,98818,2,3,1,3,RUE KERSAINT/ROGER GERVOLINO,-22.26665,166.46829
202000046768,22,5,2020,14,1,93,93070,2,3,1,3,BD JEAN-JAURES / R AMILCAR CIPRIANI,48.914,2.3362
202000046769,18,10,2020,14,1,974,97416,1,1,1,1,RN2 (2),-21.34334,55.49655
202000046770,22,5,2020,14,1,93,93057,2,1,1,2,HUGO (AV. VICTOR),48.9099385,2.5139633
202000046771,5,2,2020,19,1,974,97417,2,1,1,6,Rue Leconte de Lisle,-21.358021,55.770083
202000046772,23,7,2020,10,1,67,67482,2,3,7,3,CIRIERS (RUE DES),48.557877,7.759683
202000046773,22,5,2020,18,1,93,93005,2,1,1,2,R DU HAMEAU,48.94819,2.50386
202000046774,20,10,2020,13,1,974,97411,2,3,1,1,BOYER DE LA GIRODAY (RUE),-20.90677,55.50107
202000046775,23,8,2020,20,5,971,97101,1,9,1,5,RN1 ROCADE DE CHAUVEL,16.2363489,-61.5232658
202000046776,3,1,2020,14,1,22,22369,1,1,2,7,N12,48.348398,-2.290312
202000046777,2,1,2020,21,3,38,38383,1,1,1,-1,Route de Voiron,45.36756,5.63335
202000046778,3,1,2020,7,3,72,72008,1,1,1,6,D323,47.943158,0.192079
202000046779,20,10,2020,16,1,69,69259,2,1,1,6,FRANCIS DE PRESSENSE                (AV),45.7252002,4.863704
202000046780,20,10,2020,11,1,69,69386,2,1,1,6,EMERAUDES (DES)                     (R ),45.76989,4.86202
202000046781,2,1,2020,4,3,19,19120,1,1,5,7,lieud-dit charniac,45.208882,1.2890716
202000046782,20,10,2020,10,1,69,69388,2,2,1,3,GENERAL FRERE (DU)                  (AV),45.73335,4.87388
202000046783,20,10,2020,8,1,69,69259,2,1,1,3,PIERRE SEMARD                       (AV),45.70911,4.87597
202000046784,2,1,2020,11,1,56,56078,1,1,1,7,Kerméné VC n° 12,47.776848,-3.468019
202000046785,20,10,2020,8,1,69,69383,2,1,1,6,FELIX FAURE                         (AV),45.75368,4.85977
202000046786,22,5,2020,13,1,93,93005,2,1,1,5,R JACQUES DUCLOS,48.9468149,2.492583
202000046787,5,2,2020,10,1,974,97413,1,3,1,7,Rue Georges Pompidou,-21.140178,55.285842
202000046788,25,8,2020,16,1,91,91216,2,1,1,2,GRANDE RUE,48.676756,2.321121
202000046789,21,7,2020,21,2,67,67482,2,2,1,3,CICERON (RUE),48.58183,7.70351
202000046790,21,5,2020,23,5,93,93005,2,1,1,4,BD MARC CHAGALL,48.9518878,2.4918258
202000046791,19,10,2020,15,1,972,97209,2,3,1,6,CARLOS FINLAY (RUE),14.61147,-61.07415
202000046792,22,5,2020,1,5,92,92046,2,6,1,6,HENRI BARBUSSE (ROND POINT),48.8145055,2.2878706
202000046793,3,1,2020,13,1,80,80330,1,2,2,3,Forceville-en-Vimeu,49.966461,1.795705
202000046794,25,8,2020,17,1,91,91687,2,7,1,6,DU QUINCONCE (PLACE),48.65281,2.37149
202000046795,23,8,2020,14,1,91,91103,1,9,1,6,VALORGE (RUE DE),48.614447,2.282022
202000046796,11,8,2020,10,1,88,88429,2,1,1,6,faubourg de Remiremont,48.027,6.5801
202000046797,22,8,2020,2,5,87,87085,2,1,2,6,LANDOUGE (AVENUE DE),45.8442,1.19094
202000046798,23,8,2020,11,1,87,87075,2,3,1,3,Route de Périgueux,45.8021,1.23182
202000046799,24,8,2020,18,1,87,87113,2,1,2,7,Rue d’Anguernaud,45.87674,1.30392
202000046800,22,8,2020,0,3,87,87050,1,1,2,6,HIPPODROME (ALLEE DE L'),45.88716,1.1884
202000046801,25,8,2020,16,1,83,83090,2,1,1,3,SEYNE (ROUTE DE LA),43.1222133,5.8508886
202000046802,24,8,2020,14,1,80,80021,2,1,1,3,PRESIDENT KENNEDY (RUE DU),49.90599,2.30263
202000046803,25,8,2020,5,5,76,76599,2,1,2,6,PTT (ROUTE DE LYONS LA FORET),49.4330871,1.1529744
202000046804,22,5,2020,18,1,92,92026,2,9,2,3,PAUL DOUMER,48.8957309,2.2626016
202000046805,3,2,2020,18,2,08,08402,1,1,3,2,A34,49.599537,4.510285
202000046806,24,8,2020,16,1,76,76351,2,1,1,7,ARMAND BARBES,49.5004,0.1502
202000046807,19,7,2020,23,5,67,67482,2,1,1,6,MACON (RUE DE),48.546782,7.763163
202000046808,20,10,2020,19,5,69,69385,2,1,1,6,SOEUR JANIN                         (R ),45.76121,4.80089
202000046809,22,5,2020,16,1,92,92023,2,1,2,1,HENRI BARBUSSE (AVENUE),48.81196,2.25815
202000046810,5,2,2020,15,1,87,87177,1,1,1,3,D10,45.80713,1.096562
202000046811,23,8,2020,9,1,76,76351,2,1,3,6,FRISSARD (QUAI),49.48939,0.12353
202000046812,22,5,2020,16,1,92,92012,2,1,1,3,REINE (ROUTE DE LA) 82/FIN - 107TER/FIN,48.8397592,2.2393441
202000046813,21,8,2020,22,5,76,76351,2,2,1,3,GUSTAVE BRINDEAU (RUE),49.49247,0.13964
202000046814,26,1,2020,12,1,80,80241,1,1,8,6,Route départementale 118,50.08025,2.132506
202000046815,20,10,2020,9,1,69,69034,2,1,1,6,LOUIS GUYOT                         (R ),45.79034,4.83236
202000046816,2,1,2020,12,1,65,65258,1,1,1,1,Quartier des Barraques,43.145111,0.393116
202000046817,2,1,2020,15,1,71,71559,1,1,1,7,Route de Macon,46.2803837,4.366105
202000046818,2,2,2020,6,3,82,82087,1,1,1,7,Route de Moissac,44.133974,1.190772
202000046819,24,7,2020,14,1,66,66136,2,1,1,2,MERCADER (BOULEVARD FELIX),42.6944194,2.8894998
202000046820,22,5,2020,17,1,92,92002,2,3,1,3,DOCTEUR TENINE (AVENUE DU),48.7628735,2.3105286
202000046821,19,10,2020,14,1,971,97101,2,1,1,1,DES MILLE FLEURS - PETIT PEROU (RUE),16.25501,-61.51336
202000046822,2,12,2020,12,1,51,51454,2,1,1,7,Avenue du Président Kennedy,49.2367589,4.0136695
202000046823,25,8,2020,22,5,69,69266,2,9,9,3,DEDIEU     (Rue),45.76965,4.87112
202000046824,3,1,2020,11,1,42,42222,2,2,8,1,Route des Lavandes,45.610028,4.30699
202000046825,23,7,2020,19,1,66,66136,2,1,2,6,JUIN (AVENUE DU MARECHAL),42.68853,2.8952
202000046826,23,5,2020,19,5,976,97610,2,1,1,6,Rue Mtsanga Ylang Ylang,-12.73566,45.205371
202000046827,24,7,2020,19,1,64,64445,2,1,7,2,PAIX,43.32096,-0.35548
202000046828,21,5,2020,16,1,83,83072,1,1,1,6,D50,43.502679,6.3215
202000046829,3,1,2020,16,1,22,22251,1,1,2,6,RUE DELATTRE DE TASSIGNY,48.564503,-2.812775
202000046830,5,2,2020,5,3,89,89210,1,4,2,6,D953,47.7890505,4.2805114
202000046831,20,10,2020,10,1,2A,2A004,2,1,1,5,CALVI  ROUTE,41.951139,8.7796805
202000046832,24,8,2020,11,1,69,69282,2,1,1,1,LIBERATION (DE LA)                  (AV),45.77714,4.99781
202000046833,29,11,2020,18,5,49,49099,2,2,1,3,LATTRE DE TASSIGNY (PONT DE),47.05556,-0.87921
202000046834,19,10,2020,18,1,91,91691,2,1,1,2,MARCEAU BAILLIOTI(RUE),48.70829,2.49496
202000046835,25,8,2020,0,5,69,69256,2,1,1,6,EMILE ZOLA                          (R ),45.7782619,4.9172508
202000046836,5,2,2020,10,1,49,49331,2,6,1,1,28 Avenue des Acacias,47.693265,-0.875985
202000046837,21,11,2020,14,1,49,49007,2,1,1,7,MARIANNE BOULEVARD,47.45107,-0.52748
202000046838,20,10,2020,15,1,91,91377,2,9,2,6,PREMIER MAI (BOULEVARD DU),48.73374,2.26047
202000046839,4,2,2020,18,3,25,25527,1,1,3,6,Rue de Besançon,47.187911,5.829753
202000046840,24,8,2020,18,1,66,66136,2,1,1,-1,GAUGUIN (AVENUE PAUL),42.71848,2.89008
202000046841,31,1,2020,9,1,35,35299,1,1,1,6,Les Petits Douets,48.653105,-1.937816
202000046842,23,11,2020,14,1,49,49007,2,1,1,3,AYRAULT,47.47739,-0.55324
202000046843,25,8,2020,9,1,64,64483,2,3,1,6,ITHURRALDE ANDRE (AVENUE),43.39629,-1.64611
202000046844,24,1,2020,8,2,29,29069,1,1,8,1,D5 - Route de St Renan,48.4277653,-4.5824747
202000046845,3,1,2020,12,1,54,54027,1,1,2,5,D120,48.889814,6.104122
202000046846,18,10,2020,3,5,89,89387,2,2,8,3,MAXIME COURTIS (RUE),48.2019428,3.2987309
202000046847,4,2,2020,18,1,29,29174,2,1,1,7,Route de Saint-julien,47.87517,-4.226126
202000046848,20,10,2020,12,1,87,87085,2,1,1,6,LEROUX (RUE PIERRE),45.83362,1.2543
202000046849,2,1,2020,12,1,06,06059,1,9,1,5,Avenue de Verdun,43.726801,7.352536
202000046850,19,10,2020,17,1,87,87050,2,1,1,7,BIARDS (RUE DES),45.85642,1.24528
202000046851,4,2,2020,14,1,70,70325,1,1,1,5,D474,47.4978069,5.978665
202000046852,3,1,2020,15,1,50,50270,1,1,1,1,Le Haut Pitois,49.469535,-1.482332
202000046853,20,10,2020,7,5,87,87085,2,2,1,3,GALLIENI (RUE),45.84243,1.24296
202000046854,25,8,2020,17,1,64,64445,2,2,1,3,LESPY,43.29928,-0.36334
202000046855,22,7,2020,16,1,64,64102,2,1,1,6,BAB (Boulevard),43.497096,-1.48776
202000046856,3,1,2020,9,1,48,48009,1,1,1,7,D50,44.7016695,3.320519
202000046857,1,12,2020,20,5,49,49007,2,1,1,3,LETANDUERE,47.45799,-0.55418
202000046858,4,2,2020,14,1,58,58274,1,1,2,6,La Sarree,46.779763,3.843273
202000046859,19,10,2020,12,1,86,86194,2,2,1,6,Route de Gencay,46.567536,0.357516
202000046860,23,5,2020,17,1,974,97412,2,1,1,7,Rue Edgard Duchemann,-21.333713,55.632269
202000046861,25,8,2020,8,1,64,64102,2,1,7,2,BAB (Boulevard),43.49827,-1.49109
202000046862,2,2,2020,17,1,58,58144,1,1,2,7,voie communale 7 - Alligny Taloux,46.773209,3.06319
202000046863,2,1,2020,22,3,48,48016,1,1,9,6,N88,44.4909708,3.4182648
202000046864,1,12,2020,17,1,49,49246,2,1,1,6,DAVID D'ANGERS,47.43599,-0.53086
202000046865,23,7,2020,17,1,64,64102,2,1,1,4,HENRI DE NAVARRE (AVENUE),43.4943,-1.4527
202000046866,24,8,2020,21,5,63,63124,2,1,1,1,REPUBLIQUE (AVENUE DE LA),45.7406507,3.1890805
202000046867,18,10,2020,1,5,84,84031,1,1,1,6,ORANGE (ROUTE),44.06416,5.03151
202000046868,23,5,2020,15,1,83,83086,1,1,1,3,D125,43.447755,6.571391
202000046869,3,2,2020,17,1,64,64506,1,1,1,6,rn 134,43.0428138,-0.6005734
202000046870,23,7,2020,17,1,63,63164,2,1,1,7,VICHY (ROUTE DE),45.83502,3.14769
202000046871,2,1,2020,16,1,42,42020,1,1,1,6,A72,45.6172768,4.2042285
202000046872,1,12,2020,17,1,44,44184,2,1,1,6,MUN (RUE ALBERT DE) DU 57 AU 97 - 60 AU,47.279133,-2.215485
202000046873,20,10,2020,2,3,76,76351,1,1,1,7,AMIRAL DU CHILLOU,49.47243,0.1796
202000046874,24,8,2020,12,1,63,63032,2,3,1,2,HOTEL DE VILLE (RUE DE L'),45.75356,3.08599
202000046875,22,7,2020,8,1,62,62724,1,1,1,2,RD 40,50.39805,2.89679
202000046876,1,1,2020,13,1,987,98747,1,1,1,3,"RT3 sens TAUTIRA TARAVAO, PK 07+400 district de PUEU",-17.735936,-149.238011
202000046877,15,10,2020,13,1,72,72181,2,1,1,6,POLOGNE (RUE DE),47.99186,0.23367
202000046878,2,12,2020,7,5,44,44109,2,6,1,3,PLACE VICTOR MANGIN,47.20031,-1.54439
202000046879,13,10,2020,12,1,72,72181,2,1,1,6,NOTRE DAME (RUE),48.0028,0.20948
202000046880,1,1,2020,6,2,987,98722,1,1,1,6,PK 43 district de HITIAA,-17.591429,-149.382126
202000046881,23,8,2020,17,1,63,63113,2,2,1,4,GANTIERE (RUE DE LA),45.76504,3.12301
202000046882,20,7,2020,19,1,62,62215,1,1,1,6,MEURCHIN (RTE DE),50.498826,2.940499
202000046883,23,5,2020,18,1,62,62567,2,1,6,1,Rue Wattre,50.784525,2.081158
202000046884,29,11,2020,17,2,43,43251,2,1,1,7,46 Avenue de Vals,45.0357797,3.8814189
202000046885,8,10,2020,16,1,42,42218,2,3,1,6,Rue Palluat de Besset,45.44326,4.37457
202000046886,2,12,2020,17,2,38,38516,2,4,2,1,Boulevard de la Chantourne,45.19859,5.75496
202000046887,23,5,2020,15,1,22,22389,1,1,1,2,RN12 PR 050+150,48.480254,-2.675353
202000046888,11,5,2020,20,3,974,97413,1,1,1,6,203 Rue Georges Pompidou,-21.141572,55.291664
202000046889,2,12,2020,7,5,35,35238,2,3,1,6,HENRY (RECTEUR PAUL),48.121433,-1.700832
202000046890,23,8,2020,3,5,54,54395,2,1,1,6,LORRAIN (QUAI CLAUDE,48.69197,6.17269
202000046891,22,5,2020,15,1,51,51210,1,1,1,7,D951,49.0784543,3.9780552
202000046892,5,2,2020,12,1,53,53003,2,2,1,-1,Rue de Saint-mars,48.398084,-0.633602
202000046893,3,7,2020,19,1,57,57672,2,1,1,6,CLEMENCEAU (AVENUE) 1 A 31 ET 2 A 72,49.35935,6.16996
202000046894,3,1,2020,10,1,77,77259,2,1,8,7,46 Rue du Ponceau,49.0505431,2.6592751
202000046895,20,10,2020,14,1,67,67482,2,1,1,3,GENERAL OFFENSTEIN (RUE DU),48.55583,7.75206
202000046896,1,12,2020,12,1,34,34172,2,2,2,3,VALERY (BOULEVARD PAUL),43.58364,3.86612
202000046897,24,8,2020,11,1,52,52448,2,6,1,-1,ROND POINT DES BAS FOURNEAUX,48.626361,4.963395
202000046898,3,1,2020,8,1,34,34157,1,1,1,3,RD 5E8,43.46067,3.591465
202000046899,22,7,2020,8,1,56,56260,2,6,1,2,ANCIENS COMBATTANTS EN AFN(PLACE DES,47.66405,-2.75567
202000046900,3,1,2020,1,3,34,34246,1,1,1,7,768 Chemin des Ranquets,43.715623,4.065724
202000046901,25,8,2020,19,1,51,51454,2,1,1,2,Rue André Huet,49.271935,4.010124
202000046902,23,7,2020,20,1,56,56098,2,1,1,6,PERI (RUE GABRIEL),47.75941,-3.35264
202000046903,3,2,2020,9,1,17,17025,1,1,1,6,D124,45.880516,-0.412846
202000046904,2,1,2020,7,2,67,67130,2,3,8,1,Rue Saint Antoine,48.418303,7.66014
202000046905,24,8,2020,12,1,50,50129,2,1,1,4,PARIS (AVENUE DE),49.62812,-1.61803
202000046906,3,1,2020,10,1,33,33378,1,2,2,2,Route des Petits Briands,44.8399413,0.2769324
202000046907,25,8,2020,12,1,49,49007,2,1,1,1,JEAN XXIII AVENUE,47.4476,-0.56256
202000046908,1,12,2020,8,1,34,34172,2,1,2,4,MENDES FRANCE (AVENUE PRESIDENT PIERRE),43.60887,3.91075
202000046909,22,5,2020,21,2,51,51605,2,3,1,3,3 Rue de Champagne,49.0808683,3.8422327
202000046910,4,2,2020,17,1,52,52524,1,1,8,5,N67,48.264413,5.12347
202000046911,2,12,2020,17,1,29,29173,1,6,8,3,D784 - Route d'Audierne,48.0016932,-4.1576136
202000046912,1,1,2020,19,3,13,13106,1,1,1,2,A51-Sens Aix en Provence vers Marseille,43.40688,5.36196
202000046913,5,2,2020,2,3,67,67237,1,1,1,6,A35,48.694105,7.829164
202000046914,30,11,2020,7,5,29,29019,2,9,1,6,Rue de Paris,48.40375,-4.46556
202000046915,2,12,2020,18,5,26,26198,2,1,9,6,29 Avenue du Meyrol,44.578822,4.74466
202000046916,5,2,2020,12,1,34,34159,1,6,1,2,RD 612 - lieu dit La Baussas,43.518147,3.808388
202000046917,1,1,2020,1,5,13,13055,1,1,1,3,A507 sens Marseille - Aubagne,43.2854253,5.4272636
202000046918,23,7,2020,14,1,56,56121,2,1,7,6,Boulevard Flandres-dunkerque 1940,47.74452,-3.39549
202000046919,19,8,2020,21,2,47,47001,2,1,1,6,14 JUILLET (COURS DU),44.20402,0.62482
202000046920,19,10,2020,19,5,67,67482,2,1,1,6,ABBE LEMIRE (RUE DE L ),48.57778,7.72498
202000046921,22,5,2020,19,1,19,19150,1,1,1,6,D38,45.086949,1.606429
202000046922,2,12,2020,8,1,26,26198,2,1,1,4,Bd du Président Vincent Auriol,44.538126,4.765373
202000046923,4,2,2020,14,1,67,67070,1,1,4,4,A4,48.8949386,7.1252484
202000046924,31,1,2020,7,2,38,38400,1,1,2,6,Avenue du Vercors,45.3473,5.59482
202000046925,29,11,2020,15,1,25,25056,2,2,1,3,DOLE RUE DE (sup 200),47.22943,5.99056
202000046926,4,2,2020,11,1,51,51634,1,1,3,3,A26,48.964426,4.2847291
202000046927,2,12,2020,3,5,25,25056,2,3,1,6,RAGOTS   CHEMIN DES,47.23787,6.03675
202000046928,3,2,2020,11,1,974,97412,1,1,2,1,RD33,-21.332016,55.642933
202000046929,21,5,2020,21,2,74,74215,2,1,1,7,1001 Route de Megeve,45.841108,6.583369
202000046930,25,8,2020,16,1,45,45208,2,4,1,6,Avenue Adolphe Cochery,48.00181,2.73484
202000046931,2,1,2020,18,5,33,33063,1,1,1,4,ROCADE A 630,44.88055,-0.54031
202000046932,23,7,2020,14,1,56,56121,2,3,1,6,BLUM ( BD LEON ),47.74852,-3.37413
202000046933,4,2,2020,17,1,971,97104,1,1,1,1,461 Chemin de Montval,16.052918,-61.729694
202000046934,22,5,2020,10,1,77,77051,2,1,1,3,1 Avenue Alain Peyrefitte - D79,48.412863,3.245269