Num_Acc,jour,mois,an,hr,condition_eclairage,departement,commune,condition_agglomeration,intersection,condition_atmosphere,type_collision,adresse,lattitude,longitude
202000046935,29,11,2020,15,1,22,22215,2,3,1,3,QUARTIERS (RUE DES),48.49709,-2.79113
202000046936,18,10,2020,17,1,67,67447,2,1,1,4,PIERRE MENDES FRANCE (AVENUE),48.60168,7.75533
202000046937,9,8,2020,23,5,44,44109,2,1,1,6,ALLEE BACO,47.21402,-1.54922
202000046938,24,7,2020,8,1,51,51454,2,1,1,7,Rue Docteur Joseph Bouvier,49.2091367,4.0199313
202000046939,2,1,2020,18,5,91,91136,1,1,1,4,AUTOROUTE A10,48.71627,2.26537
202000046940,19,10,2020,17,1,66,66136,2,1,1,3,ALBERT MARCELLIN,42.6926547,2.8885193
202000046941,2,1,2020,2,3,91,91136,1,1,2,6,AUTOROUTE A10,48.711524,2.28544
202000046942,16,7,2020,23,5,42,42223,2,1,9,6,Rue de la République,45.4446729,4.3374206
202000046943,1,12,2020,11,1,17,17300,2,1,1,7,CHAMP DE MARS   AVENUE DU,46.16954,-1.14771
202000046944,4,2,2020,10,1,91,91243,2,1,1,2,Rue de Bligny,48.622676,2.147602
202000046945,23,5,2020,10,1,2B,2B207,2,1,1,7,Lotissement U San Petrone Folelli,42.460332,9.501243
202000046946,17,10,2020,5,5,66,66136,2,3,1,3,BACCHUS ALLEE DE,42.68861,2.88568
202000046947,22,5,2020,16,1,80,80197,2,1,2,-1,Route d'Epenancourt,49.8337244,2.926805
202000046948,25,8,2020,21,5,42,42187,2,1,1,3,Quai du Commandant l'Herminier,46.03616,4.07982
202000046949,1,1,2020,5,2,91,91286,1,1,1,6,A6,48.652246,2.3820555
202000046950,19,10,2020,18,1,63,63113,2,1,1,2,BIEN ASSIS (RUE DE),45.78947,3.0958
202000046951,20,8,2020,18,1,38,38053,2,6,1,3,Route de Lyon,45.5892,5.24699
202000046952,1,1,2020,17,3,93,93006,1,1,2,2,AUTOROUTE A3,48.86625,2.42276
202000046953,15,10,2020,9,1,63,63113,2,1,1,-1,LAGARLAYE (RUE DE),45.77369,3.08299
202000046954,1,1,2020,9,1,974,97407,1,1,1,6,ROUTE NATIONALE N° 1,-20.94739,55.32292
202000046955,16,8,2020,15,1,36,36063,2,1,1,6,165 route de Villers,46.8367835,1.6863316
202000046956,5,2,2020,9,1,2A,2A247,2,1,7,6,Avenue Georges Pompidou,41.596738,9.276398
202000046957,1,1,2020,7,1,973,97302,2,1,1,2,ZEPHIR (ROCADE),4.9306054,-52.3138046
202000046958,1,12,2020,10,1,17,17300,2,1,1,7,CORSAIRES   AVENUE DES (1-125),46.16948,-1.17013
202000046959,4,2,2020,14,1,48,48198,1,1,1,6,D51,44.429907,3.938169
202000046960,30,11,2020,7,1,17,17274,1,6,1,2,REPUBLIQUE   ROND-POINT DE LA,46.15447,-1.11189
202000046961,1,1,2020,6,5,69,69383,2,1,1,3,FELIX FAURE                         (AV),45.75394,4.86133
202000046962,3,2,2020,19,3,34,34058,1,1,1,3,36 Avenue de Montpellier,43.671313,3.979154
202000046963,23,5,2020,14,1,22,22248,1,1,7,7,Lan Connan,48.622715,-3.117145
202000046964,25,8,2020,15,1,35,35278,1,1,1,6,RN 136 PORTE DE ST MALO,48.13993,-1.69549
202000046965,5,10,2020,22,5,59,59350,2,3,1,3,SOLFERINO RUE N°2 - 108,50.63211,3.05318
202000046966,24,7,2020,17,1,41,41018,2,1,1,7,JOSEPH PAUL BONCOUR (ROND POINT),47.56978,1.32555
202000046967,1,1,2020,7,5,91,91215,1,1,1,6,FORET (RUE DE LA),48.68772,2.51228
202000046968,5,2,2020,7,2,89,89099,2,6,1,7,2 Rue du Pont,47.955631,3.531997
202000046969,2,12,2020,8,1,14,14118,2,1,1,2,CREULLY (AVENUE DE),49.1905,-0.3727
202000046970,30,11,2020,16,2,30,30032,1,1,1,7,saint gilles route de D38,43.79501,4.5945
202000046971,1,1,2020,7,5,77,77407,2,4,1,-1,MAISON ROUGE(RUE DE LA)- TILLY,48.54007,2.5206
202000046972,30,11,2020,13,1,13,13214,2,3,1,1,SAINTE MARTHE (chemin),43.32358,5.386609
202000046973,23,5,2020,16,1,35,35078,1,1,1,5,Le Bec à l'Âne,48.602687,-1.76182
202000046974,16,1,2020,0,5,68,68334,2,2,1,3,Rue Kleber,47.810513,7.103117
202000046975,10,3,2020,8,1,38,38544,2,3,1,6,Boulevard Pacatianus,45.50115,4.85032
202000046976,25,8,2020,14,1,35,35278,2,6,1,2,MAISON BLANCHE (ROND POINT DE),48.1441,-1.65712
202000046977,19,10,2020,21,5,56,56098,2,1,2,1,DE GAULLE ( AV. GENERAL ),47.76273,-3.33054
202000046978,1,1,2020,13,1,69,69290,2,1,5,4,HEYRIEUX (D')                       (RO),45.6832,4.9527
202000046979,2,12,2020,13,1,13,13206,2,1,1,3,BAILLE (BOULEVARD),43.287067,5.387986
202000046980,2,12,2020,11,1,13,13210,2,1,1,3,ROMAIN ROLLAND (BOULEVARD),43.27434,5.41626
202000046981,25,8,2020,12,1,34,34172,2,1,1,2,LIBERTE (AVENUE DE LA,43.61031,3.83402
202000046982,19,10,2020,15,1,56,56083,2,2,1,3,JOFFRE (RUE  DU MARECHAL ),47.80741,-3.27486
202000046983,21,5,2020,19,1,29,29075,2,1,1,6,35 Rue de Brest,48.433062,-4.403549
202000046984,1,1,2020,4,5,69,69282,2,1,1,1,COPERNIC     (R ),45.79,5.0292
202000046985,26,1,2020,10,1,55,55024,1,3,5,3,Route de Mangiennes,49.308924,5.478573
202000046986,4,2,2020,11,1,57,57206,2,1,1,6,40 Avenue de Metz,49.30633,6.112298
202000046987,2,1,2020,0,5,59,59650,2,1,2,1,BRIAND (AVENUE ARISTIDE),50.700669,3.2321478
202000046988,1,2,2020,20,3,09,09066,1,1,1,6,D111,42.93662,1.512884
202000046989,22,5,2020,15,1,31,31022,2,1,1,3,Route de Paris,43.683678,1.406443
202000046990,23,5,2020,18,1,70,70031,1,1,1,7,Rue de Senargent,47.589664,6.517071
202000046991,3,2,2020,19,5,33,33003,2,1,1,3,11 Rue Roger Couderc,44.93829,-0.49498
202000046992,30,1,2020,22,5,33,33449,2,1,2,6,10 RUE LOUIS BLERIOT,44.88791,-0.738519
202000046993,23,5,2020,14,1,14,14500,1,1,1,2,D48,49.2679014,0.2020267
202000046994,19,10,2020,12,1,54,54395,2,1,1,6,DE LATTRE DE TASSIGNY (AV. MAL),48.68353,6.19002
202000046995,25,8,2020,18,1,33,33063,2,5,1,6,RUE LE CHAPELIER,44.8516,-0.58134
202000046996,2,12,2020,9,1,13,13204,2,1,1,1,CHUTES LAVI (AVENUE),43.30931,5.39654
202000046997,1,1,2020,1,5,59,59512,2,1,1,6,ORAN (RUE D'),50.7018296,3.1873664
202000046998,3,2,2020,18,5,60,60462,2,3,8,6,Rue de Calais,49.330628,2.199674
202000046999,1,1,2020,23,5,59,59350,2,1,2,3,MOLINEL RUE DU,50.633478,3.065931
202000047000,24,7,2020,23,5,38,38151,1,2,1,1,Rue du Drac,45.14573,5.69095
202000047001,1,1,2020,13,1,51,51108,2,1,8,2,Avenue de Paris,48.9530441,4.3433131
202000047002,5,2,2020,16,1,59,59158,2,1,1,2,Route Nationale,50.451698,3.200669
202000047003,24,8,2020,20,1,33,33039,2,4,1,6,RUE ALEXIS LABRO,44.78927,-0.56515
202000047004,24,7,2020,19,1,37,37195,2,2,1,-1,PETIT PLESSIS (RUE DU),47.3790593,0.6438309
202000047005,1,1,2020,20,5,42,42187,2,1,1,1,Rue de Clermont,46.03047,4.06686
202000047006,4,2,2020,18,3,13,13085,1,1,1,3,A50-Sens Toulon vers Aubagne,43.26417,5.58799
202000047007,1,1,2020,17,2,42,42071,2,1,1,6,Avenue de la Libération,46.02861,4.08437
202000047008,25,8,2020,18,1,33,33529,2,6,1,2,CAZAUX (BD DE) DU 02 ET +,44.6164,-1.13764
202000047009,4,2,2020,9,1,13,13202,1,1,1,3,Tunnel Joliette Marseille vers Aubagne,43.2940873,5.3639538
202000047010,24,7,2020,10,1,37,37122,2,1,1,2,RD 37,47.3582438,0.6456028
202000047011,24,7,2020,7,1,37,37261,2,3,1,-1,PROUDHON (AVENUE),47.3942116,0.6672475
202000047012,1,12,2020,15,1,13,13075,2,1,1,7,PLEIN SUD (ALLEE),43.345039,5.46256
202000047013,14,10,2020,11,1,53,53130,2,5,1,6,MONTMORENCY- LAVAL ( BOULEVARD ),48.063,-0.75826
202000047014,1,1,2020,4,5,37,37233,2,1,2,6,DUCLOS (AVENUE JACQUES),47.379022,0.72135
202000047015,23,8,2020,7,5,31,31555,2,1,1,7,4 Rue Cujas,43.60129,1.440899
202000047016,23,5,2020,11,1,64,64531,1,1,2,1,D23,43.360992,-0.900675
202000047017,4,2,2020,9,1,13,13206,1,1,1,2,Tunnel Prado Carénage,43.28239,5.39412
202000047018,5,7,2020,17,1,36,36202,2,1,1,6,204 Avenue de Tours,46.8197083,1.6714395
202000047019,4,2,2020,8,1,13,13117,1,1,1,3,A7-Sens Lyon vers Marseille,43.46376,5.23439
202000047020,20,5,2020,18,1,64,64273,1,1,1,7,D22,43.28008,-1.236649
202000047021,20,10,2020,17,1,50,50218,2,6,1,3,GARE (AV DE LA ),48.83787,-1.58876
202000047022,2,12,2020,7,1,13,13047,1,1,1,3,RD 569,43.5153313,4.9640117
202000047023,1,1,2020,22,3,35,35051,1,1,2,7,D 175 Cesson-Sévigné,48.15402,-1.62437
202000047024,25,8,2020,5,5,26,26281,2,3,1,3,3 Rue Ninon Vallin,45.04828,5.0757
202000047025,2,12,2020,18,2,13,13004,2,1,1,2,AV PRESIDENT SALVADOR ALLENDE,43.67005,4.61664
202000047026,1,1,2020,7,4,17,17300,1,6,2,3,RD 735,46.17549,-1.21543
202000047027,1,12,2020,18,5,06,06029,2,1,1,7,JOURDAN (AVENUE MICHEL),43.567753,6.962538
202000047028,25,8,2020,17,1,25,25056,2,6,1,5,GIBELOTTE PONT DE LA,47.242369,6.008728
202000047029,1,1,2020,12,1,13,13204,2,1,1,3,SAKAKINI (BOULEVARD),43.297525,5.400692
202000047030,25,8,2020,19,1,24,24037,2,9,1,3,RN 21,44.82729,0.50132
202000047031,1,12,2020,12,1,75,75108,2,3,1,4,RUE DE ROME,48.877199,2.323061
202000047032,24,7,2020,17,1,35,35238,2,1,1,3,ROPARTZ (GUY),48.130196,-1.656127
202000047033,23,5,2020,9,1,18,18089,1,1,2,6,Les Merosses,46.586491,2.581759
202000047034,24,7,2020,15,1,35,35238,2,1,1,6,NANTES (RUE DE),48.08518,-1.69571
202000047035,23,5,2020,18,1,53,53193,1,1,8,1,Le Pre Gillier,47.893899,-0.651133
202000047036,4,2,2020,8,1,13,13070,1,1,1,2,A50-Sens Aubagne vers Marseille,43.28538,5.56987
202000047037,19,10,2020,10,1,49,49328,2,2,1,2,BEAUREPAIRE (RUE),47.26034,-0.08158
202000047038,1,1,2020,2,5,13,13212,2,1,1,1,CHARLES KADDOUZ (RUE),43.314345,5.43246
202000047039,23,8,2020,14,1,22,22360,2,6,1,6,RD700,48.4784359,-2.7681309
202000047040,1,1,2020,14,1,01,01283,2,1,1,1,BURGONDES  (RUE DES),46.26421,5.6646
202000047041,24,7,2020,10,1,35,35238,2,2,1,3,167 Rue de Lorient,48.1059686,-1.7325757
202000047042,20,10,2020,22,1,44,44109,2,1,3,2,Péripherique est,47.25474,-1.52746
202000047043,4,2,2020,16,1,69,69388,1,1,1,3,RD 383 ,45.72146,4.88546
202000047044,2,12,2020,17,5,75,75120,2,4,2,6,RUE PIXERECOURT,48.871576,2.395716
202000047045,1,1,2020,17,5,22,22327,2,1,5,7,Départementale 57,48.495955,-2.00059
202000047046,3,2,2020,19,3,69,69277,1,1,1,2,RN 346  ,45.7318285,4.9791241
202000047047,3,2,2020,14,1,42,42183,1,9,1,6,RN88,45.40363,4.37543
202000047048,2,12,2020,13,1,75,75120,2,3,1,3,BOULEVARD DAVOUT,48.851281,2.411019
202000047049,23,5,2020,18,1,04,04135,1,1,3,7,RD 957,43.8277907,6.2246937
202000047050,3,2,2020,7,2,33,33448,1,1,1,2,AUTOROUTE A 62,44.71536,-0.51831
202000047051,24,7,2020,2,3,35,35238,1,1,1,6,Porte d'Alma,48.0814,-1.67217
202000047052,20,10,2020,22,5,44,44109,2,1,3,3,BOULEVARD JULES VERNE,47.24378,-1.52691
202000047053,22,5,2020,17,1,85,85217,1,1,1,6,LA FOURNERIE,46.94484,-1.25609
202000047054,4,2,2020,13,1,91,91521,1,1,1,5,RN 104,48.6325,2.4007
202000047055,22,8,2020,4,3,22,22113,1,1,1,7,R.D.767,48.71672,-3.40238
202000047056,1,1,2020,4,3,66,66063,1,1,1,3,autoroute A9 PK 275,42.486933,2.842119
202000047057,2,12,2020,11,1,75,75118,2,1,1,3,BOULEVARD DE LA CHAPELLE,48.884185,2.354148
202000047058,23,7,2020,15,1,35,35238,2,1,1,6,GUILLAUDOT ( DU GENERAL MAURICE),48.1146,-1.67427
202000047059,25,8,2020,16,1,17,17300,2,1,1,4,CHEF DE VILLE   RUE,46.15838,-1.15504
202000047060,1,1,2020,19,3,28,28196,1,1,2,2,A11,48.280737,1.223471
202000047061,4,2,2020,10,1,91,91161,1,1,1,2,AUTOROUTE A6,48.6993,2.3124
202000047062,25,8,2020,15,1,17,17300,2,1,1,7,BILLAUD-VARENNE   AVENUE,46.15216,-1.12256
202000047063,22,5,2020,11,1,17,17160,1,1,1,7,D145,45.474487,-0.759516
202000047064,20,10,2020,21,3,43,43251,1,1,6,7,Route de St Christophe,45.0224928,3.8531113
202000047065,23,7,2020,11,1,35,35051,1,1,1,6,A84,48.148297,-1.596985
202000047066,2,12,2020,1,3,75,75118,2,1,1,6,BOULEVARD NEY,48.898638,2.365254
202000047067,4,2,2020,10,1,91,91377,2,5,2,7,RN20,48.71973,2.29911
202000047068,22,5,2020,16,1,24,24152,1,1,1,7,D49,44.804347,1.211019
202000047069,25,8,2020,15,1,17,17300,2,1,1,7,ORBIGNY   RUE ALCIDE D',46.16368,-1.14687
202000047070,24,7,2020,12,1,34,34129,2,1,1,3,SORIECH (CHEMIN DE),43.580176,3.921702
202000047071,1,1,2020,6,3,51,51526,1,1,5,7,D951,48.6891731,3.7188712
202000047072,3,2,2020,4,3,93,93078,1,1,2,6,AUTOROUTE A104,48.96766,2.51081
202000047073,25,8,2020,18,1,13,13047,2,1,1,2,SAINT EXUPERY AVENUE,43.52924,4.97544
202000047074,23,7,2020,23,3,34,34172,2,1,1,6,RAYMOND DUGRAND (AVENUE),43.6035,3.90021
202000047075,1,1,2020,7,3,56,56231,1,1,2,7,RN 166 PK 6+852,47.685279,-2.646702
202000047076,3,2,2020,14,1,95,95527,1,1,1,2,AUTOROUTE A1,49.0164,2.53168
202000047077,24,8,2020,16,1,13,13028,2,1,1,3,CD40B,43.17365,5.60515
202000047078,2,12,2020,17,5,75,75116,2,1,2,3,ALLEE DU BORD DE L EAU,48.857533,2.226887
202000047079,20,10,2020,20,2,38,38185,2,6,1,3,Rond point Pierre et Marie Curie,45.16072,5.72029
202000047080,22,5,2020,20,2,38,38524,1,1,1,6,A51,45.076055,5.67917
202000047081,23,8,2020,10,1,06,06029,1,1,1,3,MIDI (BOULEVARD DU),43.538372,6.955967
202000047082,20,10,2020,16,1,38,38421,2,1,1,6,Impasse du pontet,45.17912,5.76641
202000047083,2,12,2020,11,1,75,75116,2,7,1,7,PLACE DU TROCADERO ET DU 11 NOVEMBRE,48.862552,2.287271
202000047084,22,5,2020,21,2,01,01303,1,1,1,6,Chemin de Champagne,46.0933489,5.4059852
202000047085,23,5,2020,10,1,34,34095,1,1,1,2,A9 - PK 112+900,43.5340093,3.7791446
202000047086,25,8,2020,23,5,06,06123,2,1,1,2,GARE ROUTE DE LA,43.66306,7.1965
202000047087,20,10,2020,14,1,37,37122,2,1,2,2,JAURES (BOULEVARD JEAN),47.3479568,0.6574733
202000047088,23,7,2020,8,1,34,34172,2,2,1,3,8 MAI 1945 (PLACE DU),43.6014935,3.8687593
202000047089,3,2,2020,1,3,93,93078,1,1,3,6,AUTOROUTE A104,48.963,2.52238
202000047090,2,12,2020,10,1,75,75116,2,2,8,2,AVENUE THEOPHILE GAUTIER,48.848223,2.269909
202000047091,1,1,2020,0,3,77,77519,1,1,1,6,D403,48.635412,3.394805
202000047092,2,2,2020,15,1,95,95582,1,1,3,2,RD 170,48.96417,2.26853
202000047093,2,2,2020,15,1,95,95018,1,1,3,6,AUTOROUTE A15,48.95753,2.27505
202000047094,1,12,2020,18,5,75,75115,2,4,1,6,RUE PERIGNON,48.847598,2.308802
202000047095,20,10,2020,20,3,35,35238,1,9,1,2,RN136,48.09518,-1.71104
202000047096,1,1,2020,18,3,76,76242,2,1,5,6,D221,49.45918,1.698722
202000047097,17,7,2020,2,3,33,33318,1,1,1,1,RUE DE LA PRINCESSE,44.77968,-0.72562
202000047098,1,12,2020,12,1,75,75115,2,2,8,6,RUE DUTOT,48.837669,2.307766
202000047099,23,5,2020,9,1,974,97418,1,1,1,1,D51,-20.913642,55.569438
202000047100,19,5,2020,15,1,971,97129,2,1,1,7,La Ramee,16.339084,-61.716841
202000047101,8,6,2020,16,1,05,05061,2,1,1,6,CONTRE ALLEE LATY,44.55393,6.07333
202000047102,1,12,2020,22,5,75,75114,2,1,1,6,RUE D ALESIA,48.828229,2.325644
202000047103,23,5,2020,3,3,77,77248,1,1,2,6,D89,48.920941,2.795988
202000047104,18,7,2020,21,2,33,33192,2,1,1,6,RUE DU BOURDILLAT,44.78213,-0.594
202000047105,2,2,2020,17,2,95,95500,1,1,3,5,A15,49.03803,2.08903
202000047106,25,8,2020,19,1,05,05023,2,1,1,6,MAISONS BLANCHES (RUE DES),44.8827,6.62421
202000047107,2,2,2020,15,1,95,95277,1,1,1,6,AUTOROUTE A3,48.97335,2.48638
202000047108,18,7,2020,21,4,33,33550,2,1,1,1,CHEM DU PAS DE LA COTE,44.7804,-0.5517
202000047109,22,5,2020,12,1,66,66008,2,1,1,1,Rue des Jotglars,42.553049,3.026229
202000047110,23,5,2020,3,5,84,84138,2,1,1,6,79 Route de Nyons,44.385363,4.998249
202000047111,20,10,2020,19,5,35,35238,2,3,1,2,COMBES (BD EMILE),48.0936329,-1.6710762
202000047112,24,7,2020,14,1,33,33009,1,3,1,2,COTE D'ARGENT (BD) DU 69 AU 263,44.64533,-1.19467
202000047113,1,1,2020,16,1,65,65473,1,1,1,1,D913,42.956831,-0.065618
202000047114,2,2,2020,12,1,93,93027,1,1,1,6,BDL,48.92709,2.40348
202000047115,2,12,2020,16,1,75,75113,2,4,8,1,QUAI D IVRY,48.825707,2.386972
202000047116,24,8,2020,13,1,75,75117,2,4,1,3,BOULEVARD PERIPHERIQUE,48.883003,2.283629
202000047117,22,5,2020,19,1,38,38412,2,1,1,6,Route du Pont Jean Lioud,45.4174395,5.7408096
202000047118,20,10,2020,12,1,35,35238,2,9,1,3,DE LATTRE DE TASSIGNY (BD MARECHAL),48.11134,-1.68676
202000047119,2,2,2020,10,1,93,93027,1,1,2,5,AUTOROUTE A86,48.92786,2.40957
202000047120,1,1,2020,18,3,32,32171,1,1,1,5,D247,43.521459,0.9780862
202000047121,2,12,2020,14,1,75,75111,2,1,1,3,AVENUE DE LA REPUBLIQUE,48.864904,2.376428
202000047122,2,12,2020,8,1,75,75110,2,2,8,3,BOULEVARD DE MAGENTA,48.877338,2.355115
202000047123,22,5,2020,20,2,69,69178,1,1,1,6,route départementale 489,45.707513,4.459333
202000047124,2,12,2020,18,2,75,75107,2,2,1,3,BOULEVARD SAINT GERMAIN,48.859943,2.321769
202000047125,20,10,2020,15,1,33,33063,2,3,1,1,BD ALFRED DANEY,44.87178,-0.56206
202000047126,14,5,2020,7,1,64,64304,1,1,1,3,2617 Route de l'Adour,43.493308,-1.394395
202000047127,2,12,2020,9,1,75,75107,2,3,1,6,QUAI VOLTAIRE,48.858518,2.33245
202000047128,21,5,2020,10,1,29,29060,2,1,1,3,Route du Vray-secours,47.926713,-4.09561
202000047129,2,12,2020,14,1,94,94080,2,1,1,4,MARIGNY (COUR),48.84491,2.4385
202000047130,23,5,2020,13,1,27,27275,2,9,1,6,Avenue du Marechal Leclerc,49.159758,1.338015
202000047131,24,7,2020,9,1,33,33529,2,2,1,3,DHEURLE (RUE HENRI),44.63198,-1.14266
202000047132,25,8,2020,18,1,75,75107,2,7,1,3,PLACE DES INVALIDES,48.858437,2.312531
202000047133,2,2,2020,5,3,93,93066,1,1,3,-1,AUTOROUTE A1,48.92011,2.35729
202000047134,1,1,2020,10,2,89,89008,1,1,5,7,RD86,47.575749,3.999527
202000047135,21,5,2020,14,1,83,83144,1,1,1,7,A57,43.13349,5.98476
202000047136,20,10,2020,10,1,33,33281,2,1,2,-1,RUE DU GALUS,44.84649,-0.67799
202000047137,2,2,2020,9,1,93,93066,1,1,2,3,AUTOROUTE A1,48.92205,2.35731
202000047138,24,7,2020,18,1,32,32013,2,1,1,2,SADI-CARNOT (BOULEVARD),43.6453,0.5875
202000047139,22,5,2020,21,1,33,33039,1,1,1,6,ROCADE A 630,44.79033,-0.54073
202000047140,1,12,2020,23,5,94,94068,2,2,1,3,MARINVILLE (AV DE),48.80901,2.47671
202000047141,22,5,2020,15,1,75,75116,1,1,1,6,A13W,48.8483042,2.2454545
202000047142,24,7,2020,16,1,32,32013,2,1,1,7,EMBAQUES,43.6456,0.5797
202000047143,4,2,2020,16,1,77,77517,1,1,2,7,A104.EXT,48.904022,2.645575
202000047144,1,1,2020,19,3,12,12248,1,1,1,6,Route de Millau,43.879331,2.644278
202000047145,25,8,2020,9,1,75,75119,2,1,2,3,BOULEVARD MACDONALD,48.898767,2.37378
202000047146,2,1,2020,13,1,68,68243,1,9,7,6,D41,47.453838,7.220922
202000047147,4,2,2020,9,1,77,77294,1,1,1,4,A104,48.9643923,2.6105029
202000047148,1,12,2020,18,5,94,94068,2,1,1,6,BELLECHASSE (BD DE),48.79365,2.48742
202000047149,2,1,2020,6,3,70,70468,1,1,5,7,D44,47.826863,5.8064964
202000047150,4,2,2020,7,5,94,94069,1,1,1,2,A4,48.8171389,2.4422619
202000047151,1,1,2020,15,1,50,50629,1,1,8,7,Route de Periers,49.231599,-1.476538
202000047152,2,12,2020,9,1,94,94065,2,1,1,3,VANNE (R DE LA),48.75228,2.35464
202000047153,21,5,2020,23,3,92,92036,1,1,1,2,A86,48.93463,2.26904
202000047154,2,1,2020,17,3,50,50145,1,1,1,7,Cambernon,49.066081,-1.390847
202000047155,1,2,2020,23,5,92,92049,2,2,2,3,BROSSOLETTE AVENUE PIERRE/ DORMOY AVENUE MARX N°102 A FIN,48.81207,2.30082
202000047156,15,10,2020,10,1,33,33119,2,1,1,6,AVE GEORGES CLEMENCEAU,44.85102,-0.50884
202000047157,2,12,2020,14,1,94,94054,2,2,1,3,HENRI BARBUSSE (AV),48.74303,2.38875
202000047158,31,1,2020,9,1,988,98818,2,3,1,2,RUE GABRIEL LAROQUE/RUE GUSTAVE LODS,-22.30098,166.45327
202000047159,25,8,2020,14,1,75,75118,2,1,1,-1,BOULEVARD NEY,48.897914,2.338986
202000047160,19,10,2020,17,1,31,31069,2,1,1,3,GARROS (RUE ROLAND),43.64311,1.365
202000047161,2,12,2020,13,1,93,93048,2,1,1,6,WALWEIN (AVENUE),48.8620807,2.4453671
202000047162,24,7,2020,17,1,27,27375,1,1,1,3,HAYE MALHERBE (ROUTE DE LA),49.21459,1.15397
202000047163,20,5,2020,18,1,78,78158,1,1,1,6,A13,48.835297,2.131222
202000047164,2,1,2020,18,3,43,43137,1,1,1,1,Route des Villettes,45.262789,4.16179
202000047165,24,8,2020,22,5,75,75117,2,7,1,3,PLACE DE CLICHY,48.883533,2.326867
202000047166,3,2,2020,7,1,974,97416,1,9,1,5,Chemin des Assises,-21.28786,55.46297
202000047167,1,12,2020,19,5,93,93079,2,1,1,3,RTE SAINT LEU,48.9552,2.333672
202000047168,3,2,2020,13,1,69,69276,2,1,1,6,CLAUDIUS BERRY                          ,45.666352,4.8500133
202000047169,2,12,2020,18,5,93,93057,2,1,2,2,BRIAND (AV. ARISTIDE) 2 A 132,48.9076974,2.4933815
202000047170,3,2,2020,18,2,972,97213,1,1,1,4,,14.61845,-61.02421
202000047171,3,2,2020,15,1,69,69202,2,1,1,3,NICOLAS BERTHET                     (R ),45.7468,4.8078
202000047172,2,2,2020,20,5,2A,2A004,2,1,1,6,AVENUE DU DOCTEUR NOEL FRANCHINI,41.9369731,8.7537215
202000047173,22,5,2020,1,3,93,93007,1,1,1,5,AUTOROUTE A3,48.9174,2.47837
202000047174,19,10,2020,17,2,31,31069,2,1,1,3,GUIMBAUD (RUE DU DOCTEUR),43.63214,1.39738
202000047175,2,12,2020,20,5,92,92075,2,2,1,6,VERDUN (AVENUE DE),48.819715,2.2934068
202000047176,30,1,2020,7,5,91,91685,2,3,1,3,PERI (RUE GABRIEL),48.657885,2.308143
202000047177,2,1,2020,15,1,972,97230,2,9,1,3,D2,14.73679,-60.953513
202000047178,25,8,2020,4,5,75,75116,2,7,1,6,PLACE VICTOR HUGO,48.869897,2.285251
202000047179,21,7,2020,8,1,27,27229,2,3,1,3,BUFFARDIERE (BOULEVARD DE LA),49.0227,1.1407
202000047180,3,2,2020,16,1,91,91421,2,1,2,4,REPUBLIQUE (AVENUE DE LA),48.70752,2.45453
202000047181,24,7,2020,15,1,17,17300,2,1,1,1,MOULIN   PONT JEAN,46.1539,-1.1393
202000047182,1,2,2020,13,1,87,87085,2,1,2,4,COMTE (RUE AUGUSTE),45.87304,1.26871
202000047183,24,7,2020,7,1,17,17274,2,2,1,6,AYTRE   ROUTE D',46.15303,-1.08669
202000047184,24,7,2020,7,1,17,17300,2,3,7,3,Avenue Denfert Rochereau,46.165188,-1.19274
202000047185,24,7,2020,10,1,14,14118,2,2,1,3,MUETS (RUE DES),49.17415,-0.3447
202000047186,20,10,2020,18,1,29,29232,2,1,1,3,Quai de l’Odet,47.99269,-4.10834
202000047187,2,1,2020,8,2,57,57415,2,1,2,6,169 Grand'Rue,49.14153,6.113841
202000047188,24,8,2020,22,5,75,75116,2,1,1,3,AVENUE VICTOR HUGO,48.868816,2.283322
202000047189,21,5,2020,1,3,94,94028,1,1,1,-1,A86 INT,48.7763094,2.4351719
202000047190,24,7,2020,9,1,13,13019,2,9,1,3,ROUTE DE LA BELANDIERE,43.45115,5.37273
202000047191,31,1,2020,19,5,87,87085,2,3,2,3,FOUGERAS (RUE DE),45.86435,1.29058
202000047192,1,2,2020,23,5,87,87085,2,1,2,6,DUMAS (AVENUE GEORGES),45.82676,1.26359
202000047193,1,2,2020,22,5,85,85194,2,1,2,2,Avenue de Talmont,46.48338,-1.72415
202000047194,25,8,2020,20,2,75,75114,2,4,1,3,AVENUE DU MAINE,48.832727,2.324832
202000047195,20,10,2020,5,3,29,29232,1,1,2,1,D365 - Avenue du Morbihan,47.9780972,-4.0284714
202000047196,30,1,2020,10,1,80,80021,1,1,1,-1,ROCADE NORD RN 1,49.92607,2.29814
202000047197,24,8,2020,22,5,75,75114,2,7,1,3,PLACE DENFERT ROCHEREAU,48.834548,2.33262
202000047198,19,10,2020,12,1,29,29232,1,1,1,2,N165 - Park Poullig,48.0321981,-4.0843821
202000047199,22,5,2020,0,5,69,69259,2,3,1,3,INDUSTRIE (DE L')                   (R ),45.7088,4.8826
202000047200,24,7,2020,13,1,13,13206,2,2,1,3,PIERRE PUGET (COURS),43.2902526,5.3758975
202000047201,1,1,2020,18,5,44,44209,1,1,1,5,Rue de Nantes,47.281857,-1.602137
202000047202,25,8,2020,15,1,75,75112,2,2,1,3,RUE TAINE,48.837308,2.391208
202000047203,2,1,2020,14,1,19,19146,1,1,1,6,D1120,45.332266,1.761701
202000047204,25,8,2020,16,1,75,75110,2,2,1,6,BOULEVARD DE STRASBOURG,48.872308,2.355901
202000047205,2,12,2020,10,1,92,92072,1,1,1,2,MARECHAL JUIN (QUAI DU),48.8298903,2.2236964