Num_Acc,jour,mois,an,hr,condition_eclairage,departement,commune,condition_agglomeration,intersection,condition_atmosphere,type_collision,adresse,lattitude,longitude
202000047206,24,7,2020,7,1,13,13204,2,1,1,6,ELÉMIR BOURGES (RUE),43.2989861,5.4028126
202000047207,20,10,2020,17,1,29,29039,2,3,1,1,Rue des Sables Blancs,47.8787,-3.93
202000047208,31,1,2020,8,2,77,77390,2,1,2,6,ANCEL DE GARLANDE (AVENUE),48.789156,2.661226
202000047209,25,8,2020,17,1,75,75108,2,1,1,5,AVENUE FRANKLIN D ROOSEVELT,48.867788,2.31019
202000047210,19,5,2020,23,5,972,97213,1,1,2,1,ROUTE DEPARTEMENTALE 3,14.6339,-60.9914
202000047211,1,1,2020,17,3,44,44195,1,1,2,1,D17,47.340037,-1.907485
202000047212,25,8,2020,15,1,75,75117,2,1,1,3,BOULEVARD DE COURCELLES,48.880249,2.308319
202000047213,2,2,2020,12,1,77,77114,1,1,8,5,N 4,48.7407382,2.6936232
202000047214,21,5,2020,2,5,972,97209,2,1,1,6,GENERAL DE GAULLE (BLD DU),14.60758,-61.06851
202000047215,2,12,2020,17,5,92,92023,2,1,1,7,PAUL VAILLANT COUTURIER (RUE),48.803016,2.262456
202000047216,2,2,2020,0,3,76,76165,2,1,1,7,REPUBLIQUE. RUE DE LA,49.2790513,1.0291314
202000047217,20,10,2020,13,1,22,22113,1,1,1,7,COZ PLAC (LIEU-DIT),48.7200716,-3.399947
202000047218,2,12,2020,19,5,92,92012,2,2,2,7,REPUBLIQUE (BOULEVARD DE LA) 5/77BIS - 6,48.8330125,2.2463246
202000047219,2,2,2020,6,5,76,76540,2,2,1,3,GAMBETTA. BOULEVARD LEON,49.43784,1.10525
202000047220,20,10,2020,14,1,17,17291,1,1,1,6,QUATORZE JUILLET   RUE DU,46.1762,-1.11589
202000047221,24,7,2020,9,1,13,13215,2,1,1,6,LE CHATELIER,43.34655,5.3669
202000047222,1,1,2020,0,3,27,27189,1,1,5,6,D167,48.982242,0.9819702
202000047223,25,8,2020,9,1,75,75103,2,1,8,7,RUE SAINT GILLES,48.85766,2.367578
202000047224,29,1,2020,12,1,76,76561,2,1,1,6,LECLERC. RUE DU MARECHAL (CD 144),49.30335,1.01593
202000047225,2,12,2020,13,1,92,92002,2,1,1,3,DIVISION LECLERC (53 A 217 - 58 A 186),48.7480799,2.3039049
202000047226,24,8,2020,17,1,94,94068,2,1,1,3,FOCH (AV),48.803,2.49
202000047227,2,2,2020,0,5,76,76351,2,1,2,2,ALBERT 1ER,49.4965235,0.0933623
202000047228,2,1,2020,9,1,62,62014,2,1,1,6,35 Rue de Saint-omer,50.640395,2.397101
202000047229,2,12,2020,7,5,41,41194,2,1,2,3,Faubourg d'Orléans,47.361414,1.742834
202000047230,20,10,2020,14,1,14,14271,2,1,1,5,RN814,49.13829,-0.39366
202000047231,31,1,2020,22,5,76,76351,2,1,1,2,COMMANDANT ABADIE,49.50119,0.17688
202000047232,25,8,2020,13,1,94,94041,2,1,1,3,GEORGES GOSNAT (AV),48.81337,2.38889
202000047233,19,10,2020,16,1,13,13117,2,9,1,3,LONDRES (AVENUE DE),43.427343,5.235714
202000047234,3,12,2020,15,1,01,01419,1,1,8,6,Chemin de Pré Jacquet,46.230099,5.998428
202000047235,20,10,2020,12,1,13,13201,2,1,1,6,LÉON GAMBETTA (ALLEE),43.373446,5.3430294
202000047236,21,5,2020,22,5,69,69149,2,2,1,3,JEAN JAURES                         (AV),45.7115635,4.8198269
202000047237,31,1,2020,19,5,72,72181,2,1,2,3,GENESLAY FELIX (AV) N° PAIRS 146 A 234,47.97627,0.20735
202000047238,1,1,2020,6,3,13,13088,1,1,1,5,A55-Sens Martigues vers Marseille,43.390139,5.247539
202000047239,25,8,2020,1,5,94,94018,2,1,1,6,PONT (R DU),48.818042,2.419635
202000047240,1,12,2020,18,5,971,97132,1,1,1,1,Chemin de Petit Jardin,15.986981,-61.633043
202000047241,1,2,2020,19,3,67,67218,1,1,2,2,ALFRED KASTLER (ROUTE),48.5427857,7.7373808
202000047242,1,1,2020,4,5,91,91161,2,2,1,3,CARREFOUR RN20 / CD120,48.715312,2.298372
202000047243,31,1,2020,18,5,67,67482,2,1,1,3,GENERAL DE GAULLE (AVENUE DU),48.577341,7.76936
202000047244,3,12,2020,10,1,62,62361,2,1,2,2,8 Rue de Grefrath,50.27921,2.27535
202000047245,1,1,2020,8,1,988,98818,2,1,1,6,CHALIER (RUE JEAN),-22.24649,166.46261
202000047246,23,7,2020,7,1,13,13211,2,2,1,3,MILLIERE (BOULEVARD DE LA ),43.2835,5.4994
202000047247,25,8,2020,0,5,94,94041,2,4,1,1,AUGUSTE DESHAIES (QU),48.81852,2.40038
202000047248,20,10,2020,8,1,13,13206,2,2,1,2,LIEUTAUD (COURS),43.289106,5.384114
202000047249,3,2,2020,13,1,64,64102,2,1,1,3,MAIGNON (GIRATOIRE DE),43.46562,-1.49526
202000047250,1,1,2020,0,5,38,38151,1,1,1,6,A480,45.14719,5.69544
202000047251,2,2,2020,3,5,64,64102,2,6,1,6,SAINT FREDERIC (RUE),43.49099,-1.45344
202000047252,1,1,2020,2,3,16,16366,1,1,1,6,,45.625957,-0.209342
202000047253,3,2,2020,18,5,62,62193,2,1,3,6,MOLLIEN,50.95713,1.87096
202000047254,2,12,2020,19,3,41,41010,1,1,1,7,Buissay,47.86011,1.027479
202000047255,19,10,2020,8,1,13,13005,2,9,1,3,BOYER (PARKING ANTIDE),43.2949,5.56164
202000047256,24,7,2020,15,1,13,13047,1,9,1,5,GEORGES GUYNEMER AVENUE,43.51818,4.96295
202000047257,25,8,2020,20,1,93,93048,2,2,1,6,PRESIDENT SALVADOR ALLENDE (AVENUE DU),48.87345,2.46052
202000047258,20,5,2020,17,1,69,69382,2,3,1,3,CHARLEMAGNE                         (CO),45.7397,4.8183
202000047259,1,1,2020,16,1,42,42332,1,1,7,3,Chemin du Halage,46.01592,4.053568
202000047260,22,7,2020,10,1,13,13005,2,1,1,7,RN 8,43.28382,5.54197
202000047261,25,8,2020,22,5,93,93031,2,2,1,3,AV DE LA REPUBLIQUE / R CLAUDE DEBUSSY,48.94712,2.3427
202000047262,2,12,2020,9,2,34,34120,2,6,1,3,Avenue de Vendargues,43.65907,3.911862
202000047263,25,8,2020,13,1,93,93031,2,2,1,3,SAINT LEU (ROUTE DE) > 159,48.9540763,2.3351712
202000047264,2,12,2020,8,3,56,56179,1,4,1,1,Kerteuff,47.833924,-3.41763
202000047265,1,1,2020,0,5,972,97231,2,1,1,6,Rue des Anthuriums,14.550941,-61.054413
202000047266,25,8,2020,22,5,93,93057,2,2,1,3,AV ARISTIDE BRIAND / AV JULES GUESDE,48.9105627,2.5122374
202000047267,1,1,2020,2,3,52,52349,1,1,1,6,A5,48.0252706,5.0905806
202000047268,24,8,2020,17,1,92,92050,2,1,8,3,REPUBLIQUE AVENUE DE LA,48.905495,2.209977
202000047269,26,8,2020,17,1,974,97415,1,1,1,3,Route Nationale 1,-20.974499,55.297961
202000047270,1,1,2020,7,3,44,44073,1,1,2,2,N137,47.399613,-1.644859
202000047271,25,8,2020,18,1,83,83148,1,1,1,7,Route du Plan de la Tour,43.402768,6.445721
202000047272,20,5,2020,19,1,69,69202,2,4,1,3,LIBERATION (DE LA)                  (RO),45.7286,4.7778
202000047273,2,12,2020,13,1,79,79185,1,1,1,6,Route de Gascougnolles,46.279073,-0.309557
202000047274,18,10,2020,10,1,04,04070,2,1,1,6,Bd Gassendi,44.0928369,6.2351717
202000047275,25,7,2020,0,5,10,10387,2,3,1,7,VOULDY (CHAUSSEE DU),48.29213,4.08635
202000047276,1,1,2020,18,3,56,56022,1,1,2,1,Kerdroguen RD779,47.798402,-2.930964
202000047277,20,8,2020,13,1,59,59462,1,3,1,3,D925,50.523141,3.000501
202000047278,22,7,2020,16,1,10,10333,1,1,1,2,ROCADE OUEST (RD 610),48.27079,4.04938
202000047279,1,1,2020,17,5,65,65438,2,1,1,6,43 Rue des Pyrénées,43.329971,0.036644
202000047280,20,5,2020,17,1,69,69389,2,3,1,3,JOANNES CARRET                      (R ),45.79158,4.81604
202000047281,22,7,2020,18,1,06,06088,2,1,1,3,VOIE RAPIDE,43.6883,7.23824
202000047282,3,12,2020,9,1,79,79298,1,2,1,4,,46.274634,-0.525643
202000047283,21,8,2020,21,3,44,44051,1,2,1,3,La Petite Merais,47.687362,-1.661382
202000047284,20,10,2020,7,2,75,75117,2,1,2,5,PORTE DE CLICHY,48.896573,2.309891
202000047285,1,1,2020,9,2,89,89392,2,1,9,6,7 N Route Nationale 6,47.5311035,3.795775
202000047286,21,5,2020,23,3,91,91433,1,1,1,7,R.N. 20,48.45851,2.17765
202000047287,20,10,2020,8,1,75,75116,2,1,1,3,PORTE D AUTEUIL,48.843221,2.254364
202000047288,1,1,2020,17,2,76,76644,1,1,8,6,Rue de Mont Plaisir,50.013855,1.396184
202000047289,16,5,2020,5,5,83,83069,2,3,1,6,BOUIN (RUE JEAN),43.12184,6.14072
202000047290,25,8,2020,13,1,21,21508,1,1,1,7,D104,47.37931,4.9346531
202000047291,25,8,2020,20,2,62,62720,2,1,6,6,3 Rue d'Estree Blanche,50.59768,2.387708
202000047292,20,8,2020,22,3,19,19005,2,1,1,7,Les Pissotes,45.266434,1.464958
202000047293,3,12,2020,18,3,2B,2B346,1,1,1,6,RT 11,42.525515,9.456986
202000047294,3,12,2020,8,2,80,80574,1,2,2,1,D1001,50.041845,2.059078
202000047295,2,12,2020,18,3,55,55173,1,1,2,6,D193,48.544399,5.612576
202000047296,24,7,2020,11,1,06,06027,2,1,1,6,NICE AVENUE DE (RN7),43.65987,7.17115
202000047297,21,5,2020,17,1,79,79259,2,6,1,3,Route de Parthenay,46.96937,-0.20932
202000047298,1,1,2020,4,3,02,02756,1,9,4,5,Route Departementale 1044,49.802143,3.319628
202000047299,20,10,2020,11,1,75,75120,2,1,2,6,BOULEVARD DE BELLEVILLE,48.867228,2.383111
202000047300,5,8,2020,17,1,74,74194,2,1,1,6,261 Route de Chessy,45.807754,6.038618
202000047301,23,7,2020,18,1,06,06027,2,1,1,2,VENCE ROUTE DE,43.6738,7.142422
202000047302,20,10,2020,10,1,75,75111,2,1,1,1,AVENUE PARMENTIER,48.869537,2.371413
202000047303,3,12,2020,9,1,86,86245,1,1,2,1,Les Brandes de Darcet,46.824617,0.625292
202000047304,21,5,2020,17,1,77,77186,1,1,1,-1,D148,48.3547291,2.7629109
202000047305,26,8,2020,12,1,80,80368,2,3,1,1,Intersection Rue Diderot - Rue du Parc,50.0792,1.536326
202000047306,20,10,2020,9,1,75,75119,2,1,2,3,BOULEVARD DE LA VILLETTE,48.879792,2.370442
202000047307,24,8,2020,20,2,65,65039,1,1,1,7,D918,42.91777,0.348977
202000047308,23,7,2020,14,1,06,06027,2,1,1,3,FRANCE ROUTE DE,43.66368,7.136851
202000047309,20,10,2020,7,5,75,75119,2,1,2,2,AVENUE JEAN JAURES,48.888142,2.390648
202000047310,25,8,2020,17,1,65,65018,1,1,1,6,D126,42.99921,-0.282388
202000047311,23,7,2020,6,1,06,06123,2,1,1,3,VESPINS ROUTE DES,43.6606,7.178
202000047312,20,10,2020,19,5,75,75116,2,4,2,6,AVENUE D IENA,48.870506,2.29559
202000047313,2,12,2020,19,3,22,22183,1,2,2,3,Zone d'activités Le Ridor (Zone industrielle),48.171964,-2.578442
202000047314,25,8,2020,16,1,65,65032,1,1,1,7,47 Route du Soulor,42.961241,-0.220474
202000047315,3,12,2020,18,3,25,25532,2,1,1,3,20 Rue du Chenau Blond,47.208797,6.102884
202000047316,1,1,2020,12,1,60,60137,1,2,5,3,Carrefour D101 - D37,49.4356743,2.5276707
202000047317,24,8,2020,21,2,61,61043,1,1,1,7,La Bouillerie,48.350857,0.72773
202000047318,1,12,2020,16,1,29,29090,1,1,1,1,D107 - Toul Land.,48.0960573,-4.2559615
202000047319,1,1,2020,7,3,53,53144,1,1,2,6,D113,48.315941,-0.463026
202000047320,15,8,2020,21,5,49,49215,2,2,1,6,Rue Nationale,47.131746,-0.15265
202000047321,21,5,2020,19,1,69,69266,2,4,1,3,CUSSET   (Pont de),45.7685802,4.9054043
202000047322,23,7,2020,23,3,05,05061,1,1,1,6,RN 85,44.51019,6.04621
202000047323,1,1,2020,16,3,72,72115,1,1,2,6,"Autoroute A28, pk 050+000",47.650101,0.462328
202000047324,23,7,2020,10,1,05,05061,2,1,1,2,GUILLAUME FAREL ( AVENUE ),44.55991,6.07541
202000047325,1,1,2020,5,3,78,78143,1,1,5,6,"RD 95, PK 8 + 300",48.727888,2.101001
202000047326,24,7,2020,3,5,04,04112,2,1,1,7,316 bd des Amandiers,43.8371,5.78528
202000047327,3,12,2020,8,1,29,29056,2,1,3,6,Lieu-dit Clos de la Garenne,48.427243,-4.306769
202000047328,20,10,2020,17,1,75,75116,2,3,2,3,AVENUE RAYMOND POINCARE,48.871486,2.284876
202000047329,1,1,2020,6,3,31,31399,1,1,1,4,A 64,43.36629,1.273366
202000047330,20,10,2020,16,1,75,75114,2,1,2,3,AVENUE DENFERT ROCHEREAU,48.837884,2.335799
202000047331,20,10,2020,19,5,75,75112,2,1,2,4,AVENUE DE SAINT MANDE,48.844521,2.407332
202000047332,1,1,2020,6,2,973,97309,1,1,1,3,nationale 3,4.893333,-52.290332
202000047333,20,10,2020,9,1,75,75112,2,1,8,2,QUAI DE BERCY,48.831325,2.385096
202000047334,1,1,2020,6,3,51,51569,1,1,9,7,A4/A344,49.2473705,3.9462173
202000047335,19,10,2020,17,1,75,75112,2,1,1,6,RUE DE BERCY,48.837747,2.382573
202000047336,3,12,2020,15,1,38,38126,2,1,1,3,Avenue du Grésivaudan,45.208428,5.758119
202000047337,1,1,2020,5,3,34,34081,1,1,1,6,D162,43.31203,3.17475
202000047338,21,5,2020,9,1,64,64102,2,1,1,3,ALLEES MARINES (AVENUE DES),43.49859,-1.48789
202000047339,26,8,2020,7,1,42,42092,1,1,1,3,Route des Brossettes,45.491925,4.3820221
202000047340,20,10,2020,11,1,75,75111,2,1,8,6,RUE DE LAPPE,48.852946,2.374266
202000047341,20,10,2020,10,1,75,75109,2,1,1,3,RUE DE VINTIMILLE,48.882486,2.3293
202000047342,23,8,2020,19,1,41,41161,1,4,1,3,D44,47.544395,2.074034
202000047343,20,10,2020,11,1,75,75108,2,1,8,7,BOULEVARD MALESHERBES,48.878654,2.315241
202000047344,20,10,2020,7,5,75,75107,2,1,2,3,RUE D ESTREES,48.851533,2.311294
202000047345,20,5,2020,19,1,64,64024,2,1,7,2,BAB (BOULEVARD DU),43.4976,-1.50449
202000047346,1,1,2020,4,5,79,79049,2,1,2,5,Boulevard de Thouars,46.849937,-0.46747
202000047347,1,1,2020,2,3,35,35240,1,1,1,1,RD 288,48.1047894,-1.7803343
202000047348,14,11,2020,15,1,13,13083,2,9,1,7,Route des Lonnes,43.894792,4.803638
202000047349,22,8,2020,11,1,44,44041,1,1,1,3,Tournebride,47.0795,-1.567064
202000047350,24,7,2020,12,1,03,03185,2,2,1,3,Quai Favieres,46.3428971,2.6005875
202000047351,20,10,2020,7,2,94,94052,2,2,2,6,GALLIENI (BD),48.8409,2.4833
202000047352,21,5,2020,17,1,51,51454,2,1,1,2,Boulevard de la Paix,49.2538437,4.0408405
202000047353,1,1,2020,3,3,27,27099,2,3,5,3,Route de Louviers,49.08256,1.1815
202000047354,23,7,2020,17,1,02,02738,2,2,1,3,BOULLOCHE (AVENUE),49.65795,3.31614
202000047355,1,1,2020,1,3,988,98810,1,1,1,7,RT1,-20.64187,164.350387
202000047356,23,7,2020,23,5,75,75120,2,4,1,6,BOULEVARD PERIPHERIQUE,48.849027,2.414868
202000047357,15,8,2020,8,1,02,02120,1,1,5,7,D1320,49.377819,3.550043
202000047358,23,7,2020,19,1,75,75116,2,1,1,2,BOULEVARD PERIPHERIQUE,48.870597,2.272352
202000047359,24,7,2020,18,1,75,75116,2,1,1,6,VOIE GEORGES POMPIDOU,48.844433,2.272077
202000047360,3,12,2020,7,1,02,02594,1,2,2,3,Départementale 4,49.162165,3.181175
202000047361,13,10,2020,17,1,94,94015,2,1,8,3,GENERAL LECLERC (AV),48.832974,2.52
202000047362,26,8,2020,4,3,02,02572,1,1,6,6,D62,49.385893,4.006963
202000047363,24,7,2020,1,5,75,75106,2,5,1,6,RUE DE MONTFAUCON,48.853165,2.335846
202000047364,1,12,2020,8,3,85,85019,1,1,2,5,RD763,46.805817,-1.433115
202000047365,20,10,2020,9,1,94,94041,2,1,2,1,HENRI POURCHASSE (QU),48.80843,2.40774
202000047366,3,12,2020,11,1,64,64417,2,9,1,6,4 Rue de l'Ouzom,43.178135,-0.246157
202000047367,23,7,2020,17,1,75,75106,2,3,1,3,BOULEVARD DU MONTPARNASSE,48.844184,2.322898
202000047368,2,12,2020,7,2,21,21027,1,2,1,3,D903,47.390665,5.036373
202000047369,24,7,2020,21,5,75,75120,2,4,1,3,AVENUE CARTELLIER,48.864278,2.412829
202000047370,2,12,2020,23,3,85,85266,1,2,2,6,Les Gornieres,46.759408,-0.994241
202000047371,24,7,2020,19,1,75,75120,2,7,1,3,ECHANGEUR VINCENNES,48.846918,2.415083
202000047372,3,12,2020,5,3,08,08283,1,1,5,6,RD 991,49.631207,4.622122
202000047373,20,5,2020,18,1,50,50532,2,3,1,3,THAR (RUE DU),48.79468,-1.5677
202000047374,26,8,2020,13,1,15,15092,1,1,1,7,D922,45.417025,2.502651
202000047375,3,12,2020,6,3,95,95678,2,1,2,3,Rue de Mériel,49.069884,2.22133
202000047376,21,5,2020,1,5,44,44109,2,1,1,6,Boulevard de Doulon,47.22796,-1.52559
202000047377,24,7,2020,20,1,75,75119,2,4,1,6,RUE MANIN,48.884757,2.392228
202000047378,26,8,2020,10,1,01,01454,1,1,1,1,D1504,45.709277,5.726173
202000047379,24,7,2020,18,1,75,75119,2,1,1,2,AVENUE DE FLANDRE,48.885058,2.36971
202000047380,24,7,2020,10,1,75,75119,2,3,1,3,AVENUE JEAN JAURES,48.888767,2.393068
202000047381,20,10,2020,7,5,94,94018,2,2,2,3,PARIS (R DE),48.82775,2.404
202000047382,26,8,2020,11,1,01,01323,2,1,1,2,"Les quatre vents, 23 route de macon",46.4279603,4.9371921
202000047383,24,7,2020,16,1,75,75118,2,1,1,6,RUE DOUDEAUVILLE,48.888385,2.352641
202000047384,25,8,2020,20,3,26,26368,1,1,1,6,Avenue de la Clairette,44.725134,5.267086
202000047385,24,7,2020,20,1,75,75117,2,3,1,7,RUE DAVY,48.891182,2.324709
202000047386,26,8,2020,14,1,72,72316,2,1,1,6,13 Rue du Vairais,48.307769,0.401226
202000047387,24,7,2020,11,1,75,75117,2,1,1,3,AVENUE DE LA GRANDE ARMEE,48.875089,2.290899
202000047388,24,7,2020,15,1,75,75116,2,1,1,7,PORT DEBILLY,48.858306,2.288939
202000047389,24,7,2020,10,1,75,75116,2,3,1,3,BOULEVARD LANNES,48.866714,2.271683
202000047390,3,12,2020,14,1,973,97309,2,2,1,3,Route de Rémire,4.907698,-52.272804
202000047391,26,8,2020,16,1,60,60029,1,1,1,1,Route départmentale 2,49.360981,2.017043
202000047392,24,7,2020,1,5,75,75116,2,5,1,7,AVENUE DE VERSAILLES,48.847387,2.273739
202000047393,18,10,2020,21,5,93,93066,2,1,1,2,LENINE (AVENUE) NR 28 A 62 ET 13 A 41,48.94167,2.36579
202000047394,24,7,2020,10,1,75,75115,2,2,1,3,RUE DU HAMEAU,48.835131,2.289028
202000047395,20,10,2020,9,1,93,93077,2,3,2,3,REGLEY (RUE),48.8753298,2.5291505
202000047396,24,7,2020,7,1,75,75114,2,2,1,6,BOULEVARD JOURDAN,48.822226,2.330408
202000047397,24,7,2020,22,5,75,75112,2,3,1,3,RUE DE LYON,48.851436,2.369914
202000047398,20,10,2020,7,1,93,93046,2,1,2,3,R AMEDEE DUNOIS,48.92355,2.5417481
202000047399,24,7,2020,15,1,75,75112,2,7,1,3,AVENUE DU TREMBLAY,48.827255,2.46438
202000047400,20,10,2020,7,5,93,93005,2,1,2,3,R JULES PRINCET,48.9378,2.5008
202000047401,23,7,2020,14,1,75,75112,2,1,1,3,ROUTE DE LA FERME,48.822183,2.454511
202000047402,20,10,2020,15,1,92,92046,2,1,1,6,DE STALINGRAD,48.8119396,2.294444
202000047403,18,10,2020,18,2,92,92050,2,2,1,3,BOUVETS BOULEVARD DES,48.89688,2.22403
202000047404,24,7,2020,12,1,75,75117,2,3,1,7,AVENUE DE CLICHY,48.889369,2.322352
202000047405,19,10,2020,19,5,92,92036,2,1,1,6,GENEAL DE GAULLE (AVENUE) (1/41),48.9339398,2.3151102
202000047406,20,10,2020,11,1,92,92035,2,9,2,2,République ( boulevard de la ),48.90592,2.25185
202000047407,26,8,2020,18,1,64,64080,1,1,1,2,D817,43.351344,-0.486739
202000047408,21,5,2020,18,1,37,37261,2,1,1,3,GRAMMONT (AVENUE DE),47.3850647,0.6909398
202000047409,24,7,2020,18,1,75,75108,2,2,1,3,BOULEVARD MALESHERBES,48.876625,2.317685
202000047410,3,12,2020,14,1,01,01027,1,3,1,3,D84 PR : 002+450 CROISSANT/ rue du stade,45.833195,5.115037
202000047411,21,5,2020,19,1,34,34172,2,1,7,6,VALERY (BOULEVARD PAUL,43.596735,3.849216
202000047412,24,7,2020,14,1,75,75104,2,3,8,7,RUE DE RIVOLI,48.855238,2.361124
202000047413,2,12,2020,20,3,68,68297,1,1,1,2,A35,47.614134,7.518721
202000047414,20,10,2020,19,5,92,92024,2,1,2,3,GENERAL LECLERC (RUE DU) DE (59 ET PLUS),48.90917,2.3071
202000047415,24,7,2020,13,1,94,94046,2,1,1,2,GENERAL LECLERC (AV DU),48.80749,2.43768
202000047416,26,8,2020,2,3,43,43217,1,1,1,7,D26,45.2672,3.882809
202000047417,3,12,2020,1,3,69,69102,1,1,2,6,A 89,45.86857,4.39714
202000047418,21,5,2020,13,1,33,33063,2,2,1,3,AVE EMILE COUNORD / RUE BARREYRE,44.85901,-0.5749
202000047419,24,7,2020,16,1,94,94076,2,1,1,3,PARIS (AV DE),48.80106,2.36517
202000047420,10,10,2020,10,1,22,22118,2,1,1,6,Rue de Rennes,48.45594,-2.028249
202000047421,24,7,2020,15,1,94,94041,2,9,1,3,WESTERMEYER (R),48.81851,2.39601
202000047422,26,8,2020,15,1,53,53161,2,3,1,-1,Rue de la Libération,48.140436,-0.555684
202000047423,2,12,2020,13,1,976,97601,2,1,1,6,"CCD1, Mtsangadoua",-12.712102,45.052593
202000047424,24,7,2020,20,1,94,94034,2,1,1,6,JEAN JAURES (BD),48.75503,2.31918
202000047425,17,10,2020,15,1,47,47015,2,3,1,1,RN 21,44.065362,0.649717
202000047426,26,8,2020,13,1,21,21244,1,1,1,1,D970,47.294905,4.514282
202000047427,22,7,2020,21,2,94,94028,2,1,1,1,PASTEUR VALERY RADOT(IMPASSE ET RUE),48.7891,2.44127
202000047428,20,10,2020,14,1,18,18272,1,1,2,6,38 Route de Sancerre,47.267953,2.768115
202000047429,25,8,2020,18,1,04,04076,1,1,1,3,RD 4202,43.954456,6.802297
202000047430,25,8,2020,14,1,04,04204,1,1,1,7,RD 4085,43.915292,6.409326
202000047431,2,12,2020,6,1,987,98729,2,1,1,1,pk 5.300 vaiare,-17.523091,-149.780903
202000047432,20,5,2020,18,1,27,27701,2,3,1,3,ANDELLE (CHAUSSEE D'),49.2756,1.2302
202000047433,6,10,2020,6,2,57,57177,2,1,9,6,Av 1ere Div Polonaise Grenadiers,48.813533,6.72124
202000047434,25,8,2020,18,1,04,04094,2,1,1,6,Station TOTAL Av des Alpes,43.75619,5.887063
202000047435,2,12,2020,19,3,972,97230,2,1,1,6,Bonnin,14.709578,-60.976122
202000047436,24,7,2020,14,1,94,94018,2,3,1,3,PARIS (R DE),48.82221,2.41268
202000047437,29,7,2020,21,2,37,37021,2,1,1,6,,47.5592832,0.6810597
202000047438,20,5,2020,20,1,25,25580,2,2,1,3,1 Rue Etienne Oehmichen,47.4632,6.832386
202000047439,20,10,2020,7,1,972,97201,1,1,1,3,N3,14.831818,-61.100818
202000047440,20,5,2020,11,1,17,17306,2,1,1,2,DOUMER PAUL (PARKING),45.627,-1.02
202000047441,3,12,2020,8,1,45,45315,2,2,8,3,D948 PR 34 + 670,47.760413,2.374045
202000047442,21,10,2020,8,1,01,01209,1,1,1,1,D1206,46.091954,5.867651
202000047443,21,5,2020,22,5,17,17300,2,2,1,3,COLLEGE   RUE DU,46.1631,-1.1493
202000047444,2,12,2020,17,3,83,83108,1,1,1,7,Route de Toulon,43.319433,5.988965
202000047445,21,5,2020,20,1,13,13209,2,1,1,2,SAINTE MARGUERITE (BOULEVARD),43.265308,5.408972
202000047446,3,12,2020,9,1,13,13004,1,3,1,1,D24,43.567387,4.742312
202000047447,21,5,2020,16,1,13,13203,2,1,1,3,JUNOT (RUE),43.310986,5.376379
202000047448,26,8,2020,7,1,30,30123,1,2,1,7,N113,43.6947154,4.1682476
202000047449,20,10,2020,19,3,50,50498,1,1,1,2,1 Chemin de l'Hommee,49.533634,-1.531702
202000047450,24,7,2020,6,2,94,94017,2,1,1,3,MAURICE THOREZ (AV),48.80596,2.53376
202000047451,22,5,2020,0,5,13,13001,2,1,1,3,REPUBLIQUE (BD DE LA),43.5289371,5.439463
202000047452,3,12,2020,18,3,89,89337,1,2,2,3,D606,47.739868,3.605345
202000047453,20,10,2020,15,1,67,67106,2,1,1,-1,40 Rue du Rhin,48.757383,7.958061
202000047454,24,7,2020,17,1,94,94071,2,1,1,2,WINSTON CHURCHILL (R),48.77071,2.52238
202000047455,20,5,2020,15,1,09,09122,2,1,1,2,RD 919,42.9873149,1.6157211
202000047456,26,8,2020,1,3,30,30033,1,1,1,2,D6572,43.655205,4.345039
202000047457,13,10,2020,16,1,23,23176,2,1,2,3,Rue Pasteur,46.236287,1.483208
202000047458,21,5,2020,7,1,75,75120,2,4,1,6,ECHANGEUR BAGNOLET,48.866366,2.413939
202000047459,24,7,2020,12,1,94,94002,2,2,1,3,EMILE ZOLA (R),48.798285,2.420562
202000047460,21,10,2020,7,3,62,62649,1,1,2,6,La Briqueterie d'Hénu,50.154136,2.512994
202000047461,26,8,2020,18,1,08,08410,1,1,1,1,D977,49.33066,4.564004
202000047462,22,7,2020,10,1,94,94002,2,1,1,3,NAPLES (R DE),48.789356,2.431435
202000047463,20,5,2020,23,5,75,75119,2,1,1,3,PORTE DE LA VILLETTE,48.900425,2.390207
202000047464,2,12,2020,20,3,67,67526,1,1,1,6,D206,48.401247,7.57157
202000047465,23,7,2020,9,1,93,93070,2,1,1,6,GABRIEL-PERI (AV),48.9062568,2.3319039
202000047466,3,12,2020,6,5,38,38475,1,1,2,6,Route de la Bourbre,45.669691,5.14386
202000047467,20,5,2020,14,1,75,75117,2,1,1,2,PORTE DE CHAMPERRET,48.885809,2.288302
202000047468,21,10,2020,12,1,69,69046,1,3,1,3,Chemin du Poizat,45.651946,4.776172
202000047469,24,7,2020,14,1,93,93048,2,1,1,6,RESISTANCE (AVENUE DE LA),48.8626467,2.4367125
202000047470,17,11,2020,15,1,26,26206,2,1,1,6,1 Chemin du Tacot,44.832393,4.974237
202000047471,21,10,2020,16,2,91,91225,2,6,7,6,Avenue de la Fontaine au Soulier,48.640736,2.457461
202000047472,19,5,2020,14,1,75,75117,2,1,1,5,BOULEVARD PERIPHERIQUE INTERIEUR OUEST,48.880992,2.282333
202000047473,23,7,2020,23,5,93,93031,2,1,1,3,RTE DE SAINT LEU,48.95176,2.33864
202000047474,20,10,2020,17,1,19,19250,2,1,1,1,RD902,45.475224,1.525362