Num_Acc,jour,mois,an,hr,condition_eclairage,departement,commune,condition_agglomeration,intersection,condition_atmosphere,type_collision,adresse,lattitude,longitude
202000047475,21,5,2020,13,1,75,75119,2,4,1,3,RUE MANIN,48.881403,2.380701
202000047476,24,7,2020,16,1,93,93029,2,1,1,2,PAUL VAILLANT COUTURIER (BD),48.9239,2.4626
202000047477,1,12,2020,17,5,33,33533,1,3,5,3,D1113,44.568544,-0.284202
202000047478,21,5,2020,0,5,75,75111,2,1,1,6,BOULEVARD DE BELLEVILLE,48.86769,2.382152
202000047479,24,7,2020,15,1,93,93001,2,1,1,3,JEAN JAURES  (AVE)  157 A 213,48.9096069,2.3984179
202000047480,2,12,2020,17,5,49,49035,2,1,1,6,Rue Chevrière,47.417097,-0.614161
202000047481,20,10,2020,18,1,56,56206,1,1,1,4,Les Trois Rois,47.685145,-2.762933
202000047482,21,5,2020,0,5,75,75101,2,1,1,7,AVENUE GENERAL LEMONNIER,48.861301,2.330352
202000047483,3,12,2020,19,3,60,60338,1,1,2,1,D932a,49.3408643,2.7694398
202000047484,20,10,2020,15,1,82,82125,2,1,1,1,route de la ville dieu du temple,43.969121,1.231633
202000047485,21,5,2020,17,1,94,94067,2,1,1,6,FOCH (AV),48.84589,2.41855
202000047486,20,10,2020,19,3,82,82085,1,1,6,7,1809 Route de Bressols,43.977831,1.280937
202000047487,21,5,2020,21,1,94,94016,2,1,1,7,GALLIENI (R),48.79569,2.33267
202000047488,21,10,2020,11,1,63,63430,1,1,1,6,Rue du Point du Jour,45.867866,3.557535
202000047489,24,7,2020,23,5,92,92051,2,2,1,3,"ACHILLE PERETTI (AVENUE, N° 90 A 96 ET 9",48.8836263,2.2725462
202000047490,21,5,2020,19,1,94,94016,2,1,1,3,EUROPE (AV DE L),48.7862,2.32564
202000047491,21,5,2020,13,1,94,94054,2,9,1,6,LOUIS BONIN (R),48.74442,2.39319
202000047492,1,12,2020,20,5,13,13055,1,1,1,2,A507 sens Marseille - Aubagne,43.2861093,5.4308295
202000047493,21,5,2020,18,1,94,94017,2,3,1,2,ROGER SALENGRO (AV),48.81985,2.48533
202000047494,24,7,2020,19,1,92,92020,2,1,1,2,VERDUN AVENUE DE AUTRES N°,48.798848,2.280384
202000047495,28,11,2020,17,2,69,69029,1,1,1,4,A43   0.550 A 3.353,45.72829,4.90364
202000047496,24,7,2020,12,1,92,92036,2,3,1,2,ARGENTEUIL (AVENUE D'),48.939247,2.256124
202000047497,28,11,2020,18,5,42,42237,1,9,9,6,RN88,45.4451,4.465993
202000047498,21,5,2020,8,1,93,93073,1,1,1,3,CHAPIT RE ( RUE DU),49.0038121,2.5367702
202000047499,21,10,2020,10,1,63,63295,2,6,6,7,D210,46.016124,3.349172
202000047500,1,12,2020,22,3,67,67482,1,1,1,7,Bretelle accès autoroute,48.59232,7.73664
202000047501,23,7,2020,19,1,92,92025,2,5,1,3,CHARLES DE GAULLE (BD),48.9180447,2.2243345
202000047502,14,10,2020,18,1,33,33075,1,1,2,4,ROCADE A 630,44.88898,-0.59534
202000047503,2,12,2020,18,3,91,91661,1,1,1,2,RD 188 CHEVREUSE,48.69709,2.23807
202000047504,24,7,2020,11,1,92,92071,2,1,1,2,HOUDAN (RUE),48.7788205,2.2878291
202000047505,21,5,2020,23,5,93,93046,2,1,1,3,MARX DORMOY BOULEVARD,48.9085646,2.5256414
202000047506,21,10,2020,16,1,55,55150,2,1,1,6,Rue du Boutrea,48.583024,5.457893
202000047507,2,12,2020,7,2,92,92078,1,1,1,4,AUTOROUTE A86,48.92732,2.33341
202000047508,20,10,2020,15,1,47,47195,1,1,2,7,Rue de Bordeaux,44.153075,0.319161
202000047509,24,7,2020,11,1,92,92012,2,3,8,2,CHARLES DE GAULLE (AVENUE) - COTE PAIR,48.8496167,2.2376027
202000047510,21,5,2020,13,1,92,92075,2,1,1,1,VICTOR HUGO (RUE),48.8263033,2.2933705
202000047511,21,5,2020,17,1,92,92072,2,1,1,7,LECLERC (AVENUE DE LA DIVISION),48.82316,2.22339
202000047512,1,12,2020,18,3,95,95582,1,1,1,4, A15,48.96855,2.25163
202000047513,20,10,2020,14,1,47,47325,1,2,1,3,D120,44.383778,0.298262
202000047514,1,12,2020,13,1,93,93008,1,1,9,2,AUTOROUTE A86,48.9093,2.4477
202000047515,21,5,2020,8,1,92,92051,2,1,1,3,"VICTOR HUGO (BOULEVARD, N° 9 A 49 ET 16",48.8867,2.2792
202000047516,23,7,2020,18,1,92,92004,2,3,1,-1,TILLEULS,48.90806,2.26771
202000047517,1,10,2020,11,1,31,31555,2,1,1,6,FEUGA (ALL PAUL) DU 1AU 13,43.5922926,1.4424545
202000047518,21,5,2020,21,5,92,92012,2,5,1,3,GALLIENI (RUE) 1/53 - 2/48,48.83758,2.247946
202000047519,5,9,2020,17,1,05,05061,2,1,1,6,COMMERCE ( RUE DU ),44.56241,6.0947
202000047520,20,10,2020,12,1,29,29189,1,1,1,1,D29 - Route de Landerneau,48.390387,-4.342561
202000047521,24,7,2020,22,3,65,65240,1,1,1,1,54 Route des Pyrénées,43.5073941,0.0407652
202000047522,21,10,2020,8,2,01,01123,1,1,6,6,Route de Noaillat,46.238366,4.841505
202000047523,1,12,2020,10,1,974,97411,2,3,1,3,Rue du Général de Gaulle,-20.88514,55.46265
202000047524,21,10,2020,16,1,66,66147,1,1,1,7,N320,42.564567,1.775166
202000047525,24,6,2020,21,3,38,38238,1,1,1,1,Mouterle,45.500812,5.011989
202000047526,26,11,2020,14,1,974,97409,2,1,2,1,Chemin Doriot,-20.967988,55.648611
202000047527,1,12,2020,12,1,973,97302,2,1,1,6,HEDER (place),4.9389802,-52.3351282
202000047528,25,7,2020,16,1,67,67347,1,1,1,-1,D91,48.834611,7.53675
202000047529,20,5,2020,17,1,35,35177,1,3,1,5,Route de Dinan,48.204134,-1.742898
202000047530,21,10,2020,19,5,72,72054,1,9,1,-1,70 Route de Paris,48.012836,0.317831
202000047531,17,10,2020,12,1,06,06079,2,1,1,3,Avenue Marcel Pagnol,43.546169,6.943043
202000047532,20,10,2020,17,1,14,14614,2,1,1,3,D66,49.2082663,-1.025961
202000047533,20,10,2020,13,1,60,60303,1,2,1,3,D7,49.635019,1.876758
202000047534,21,10,2020,9,1,43,43258,1,3,1,5,Route des Barthes - Intersection RD17/ Route du parc,45.380306,3.31785
202000047535,25,7,2020,10,1,69,69285,1,1,1,7,Villette-d'Anthon,45.773547,5.064472
202000047536,1,12,2020,7,1,973,97302,2,1,1,3,MONTABO (ROUTE DE) 1,4.9384939,-52.2996855
202000047537,20,10,2020,7,2,10,10310,1,1,1,-1,RD79,48.221928,4.500532
202000047538,25,7,2020,18,3,974,97412,2,1,1,6,152 Rue Marcel Pagnol,-21.372653,55.669854
202000047539,17,10,2020,14,1,37,37050,1,1,1,2,,47.3274532,0.7594593
202000047540,25,7,2020,9,1,35,35167,1,3,1,1,D94,47.820762,-1.31866
202000047541,20,10,2020,14,1,24,24167,2,1,1,6,Boulevard national,44.665677,0.398818
202000047542,24,7,2020,17,1,59,59653,2,3,1,3,24 Rue Faidherbe,50.574332,2.941772
202000047543,12,10,2020,9,1,67,67389,1,1,1,3,A4,48.6558758,7.7368615
202000047544,21,10,2020,6,1,988,98802,1,1,1,1,Lieu-dit Tontouta PK 56+900,-21.968838,166.19173
202000047545,18,10,2020,14,1,971,97125,2,1,1,6,Rue de la République,16.250626,-61.271455
202000047546,19,10,2020,8,1,971,97117,1,4,1,3,Route de Chateau Gaillard,16.308553,-61.394005
202000047547,23,9,2020,17,1,971,97117,2,3,1,3,Rue Joffre,16.331136,-61.343912
202000047548,1,12,2020,20,5,69,69383,2,9,2,7,FELIX FAURE                         (AV),45.752459,4.8496028
202000047549,24,7,2020,18,1,71,71456,2,2,1,1,D970,46.8253605,5.0934486
202000047550,22,5,2020,12,1,26,26140,1,1,1,7,route de la grande route,45.122596,5.107741
202000047551,21,10,2020,9,1,77,77095,2,2,1,3,25 Rue Vigne Croix - D139,48.970959,2.763729
202000047552,1,12,2020,17,5,69,69387,2,1,2,2,GARIBALDI                           (R ),45.74456,4.84818
202000047553,22,5,2020,12,1,73,73073,1,4,1,3,D18,45.8144481,5.8139993
202000047554,21,5,2020,12,1,972,97215,1,1,1,7,D10,14.871371,-61.133412
202000047555,20,10,2020,15,1,77,77107,1,1,2,6,D48,48.666226,2.819356
202000047556,24,7,2020,21,1,71,71054,1,1,1,6,rue des vendanges,46.911957,5.0231445
202000047557,24,7,2020,19,1,62,62283,1,2,1,3,Rue de Nuncq,50.317809,2.28404
202000047558,21,5,2020,17,1,01,01173,1,1,1,5,D1005,46.35922,6.043596
202000047559,1,12,2020,14,1,972,97209,1,6,1,3,BEAUSEJOUR JAMBETTE (ROUTE),14.63575,-61.03997
202000047560,25,7,2020,18,1,77,77492,2,1,1,6,Rue Pascal Jardin,48.876512,3.362558
202000047561,21,5,2020,17,1,86,86202,2,1,1,7,1 Route de Piogeard,46.6441755,0.7573499
202000047562,30,11,2020,9,1,972,97209,1,1,1,2,CHATEAUBOEUF (ROUTE DE),14.61652,-61.04942
202000047563,24,7,2020,20,2,59,59135,1,1,1,1,1860 Rue Verte,50.8234118,2.5135577
202000047564,21,5,2020,18,1,91,91666,1,1,1,7,D118,48.683254,2.234999
202000047565,19,6,2020,17,1,74,74282,1,1,1,1,Route des Glières (Pont),45.964814,6.299983
202000047566,30,11,2020,6,1,972,97209,2,2,1,3,JULES MONNEROT (RUE),14.61116,-61.07077
202000047567,18,10,2020,10,1,13,13049,1,2,1,3,D23,43.708997,5.115438
202000047568,11,3,2020,17,1,06,06033,2,1,8,-1,1ère Avenue,43.771834,7.208657
202000047569,20,10,2020,14,1,74,74003,1,1,1,3,D16,45.899135,6.213678
202000047570,6,10,2020,9,1,69,69227,1,1,8,1,D122,45.682019,4.568971
202000047571,21,10,2020,19,3,81,81105,1,1,6,1,Route de Busque,43.7686265,1.9652681
202000047572,20,10,2020,17,1,50,50149,2,3,1,1,1 Village de la Gare,49.553774,-1.669616
202000047573,1,12,2020,20,5,69,69381,2,1,3,6,CROIX ROUSSE (DE LA)                (BD),45.7741833,4.8296204
202000047574,21,7,2020,1,3,80,80572,2,1,1,7,Rue d'albert,49.953325,2.630426
202000047575,22,5,2020,15,1,83,83070,2,1,1,6,Avenue du Président Vincent Auriol,43.136404,6.365971
202000047576,21,10,2020,11,1,14,14737,2,1,8,1,D248,48.9151664,-0.1704758
202000047577,24,7,2020,22,2,80,80162,1,1,1,6,D165,49.822383,2.637362
202000047578,22,5,2020,2,5,62,62181,2,1,1,6,4 Rue Dierville,50.139774,2.709622
202000047579,21,10,2020,16,1,22,22242,1,1,1,3,D786,48.6191048,-2.4227788
202000047580,21,5,2020,15,1,57,57682,1,1,1,6,RD993,48.571137,7.09463
202000047581,16,7,2020,7,1,65,65025,2,1,1,6,8 Place du Marechal Joffre,43.005318,-0.101902
202000047582,1,12,2020,13,1,2B,2B037,2,6,1,6,TOUTES RUES,42.62884,9.43775
202000047583,22,5,2020,16,1,95,95056,1,9,1,7,ROUTE DE PARIS,49.10058,2.363756
202000047584,24,7,2020,9,1,12,12246,1,2,1,3,Mas Pourquet,44.637937,2.245331
202000047585,21,5,2020,17,1,51,51532,1,1,7,7,D22,49.1560477,3.9617118
202000047586,1,12,2020,17,1,971,97101,2,3,1,3,LEOPOLD SEDAR SENGHOR (AVENUE),16.2753856,-61.5045547
202000047587,30,11,2020,8,1,971,97120,2,1,1,6,HANNE (BOULEVARD),16.2404,-61.53295
202000047588,25,7,2020,16,1,42,42159,1,2,1,3,Chanet,45.808356,3.734343
202000047589,20,10,2020,23,1,76,76758,2,3,1,3,PONT VI (DU),49.621679,0.76125
202000047590,19,5,2020,18,1,56,56190,2,3,7,3,Rue Jean-pierre Calloc'h,47.9717536,-2.74029
202000047591,20,11,2020,19,5,95,95539,2,5,1,3,RD 301,48.99144,2.36038
202000047592,25,7,2020,10,1,41,41296,1,2,1,3,D129,47.62697,2.10628
202000047593,22,5,2020,0,5,67,67019,2,1,1,6,32 Rue de Schwobsheim,48.2375028,7.5464564
202000047594,25,7,2020,18,1,34,34150,1,6,1,3,2 Rue des Metairies,43.320557,3.53601
202000047595,19,10,2020,19,4,13,13106,1,1,1,2,A7-Sens Lyon vers Marseille,43.39455,5.35077
202000047596,1,12,2020,10,1,95,95018,2,2,1,6,FEIX (BOULEVARD LEON),48.94825,2.25209
202000047597,1,12,2020,17,3,91,91201,2,9,1,6,RUE ALPHONSE DAUDET,48.65824,2.43181
202000047598,21,5,2020,20,1,76,76325,1,1,1,2,route de rouen,49.649542,0.838158
202000047599,20,10,2020,11,1,13,13211,1,1,1,2,A50-Sens Marseille vers Aubagne,43.29067,5.44933
202000047600,25,7,2020,18,1,25,25534,1,1,1,6,Route de Charbonnieres,46.678947,6.247444
202000047601,1,12,2020,16,1,91,91286,2,1,1,3,CORBEIL (ROUTE DE),48.65312,2.39485
202000047602,25,7,2020,2,5,31,31182,1,1,1,1,1 Route de Lacourtensourt,43.6714544,1.400421
202000047603,26,11,2020,18,5,91,91174,2,2,1,3,BD FONTAINEBLEAU,48.59975,2.47156
202000047604,16,10,2020,20,3,54,54571,1,1,1,2,Autoroute A 33,48.618585,6.266154
202000047605,22,11,2020,1,5,89,89387,2,1,1,6,VAUBAN (AVENUE),48.19796,3.27144
202000047606,24,7,2020,14,1,02,02370,1,2,1,3,D332,49.970093,3.192987
202000047607,20,10,2020,16,1,91,91617,1,1,2,2,RN6 / A5A,48.64118,2.53543
202000047608,30,11,2020,12,1,87,87085,2,1,1,3,GIFFARD (RUE HENRI),45.87152,1.26795
202000047609,20,10,2020,17,1,91,91521,1,1,2,6,RN 104,48.63375,2.40072
202000047610,27,11,2020,14,1,86,86194,2,2,1,3,Rue de la Bugellerie,46.604635,0.326463
202000047611,20,10,2020,13,1,94,94076,1,1,2,3,AUTOROUTE A6B,48.7969368,2.344674
202000047612,24,7,2020,16,1,02,02292,2,1,1,2,Avenue de Montmirail,49.027292,3.409474
202000047613,23,11,2020,17,1,84,84007,2,3,1,6,MOULIN NOTRE DAME (Rue),43.93436,4.81437
202000047614,25,7,2020,4,3,03,03264,1,1,1,7,Rue des Petits Bois,46.0726742,3.4742321
202000047615,1,12,2020,12,1,79,79191,2,1,1,3,Boulevard René Cassin,46.321842,-0.45267
202000047616,25,7,2020,0,3,70,70343,1,1,1,7,D28,47.781018,6.122453
202000047617,25,7,2020,10,1,70,70115,1,1,1,7,D26,47.604051,6.313469
202000047618,20,10,2020,9,1,94,94038,1,1,8,4,AUTOROUTE A6B,48.78496,2.34683
202000047619,24,7,2020,22,5,58,58051,2,3,1,3,Route de Lyon,46.961033,3.157116
202000047620,20,10,2020,9,1,94,94076,1,1,8,3,AUTOROUTE A6A,48.79257,2.3447
202000047621,27,11,2020,20,1,76,76351,1,3,1,1,rue de verdun,49.502515,0.169851
202000047622,20,10,2020,8,1,94,94021,1,1,1,3,AUTOROUTE A106,48.768,2.34548
202000047623,21,7,2020,11,1,14,14582,1,2,1,2,INTERSECTION RD 519/RD268A,49.074864,0.189788
202000047624,20,10,2020,18,3,78,78640,1,1,2,2,N118,48.78282,2.223165
202000047625,30,11,2020,11,1,72,72181,2,1,1,2,EINSTEIN ALBERT (RUE),48.03094,0.17193
202000047626,30,11,2020,12,1,72,72181,2,1,1,6,MAILLETS (RUE DES) IMP 1 A 29,48.01231,0.20561
202000047627,24,7,2020,19,2,21,21227,2,1,1,6,13 Route de Troyes,47.388184,4.938588
202000047628,30,11,2020,12,1,71,71306,2,1,1,3,COUDRAIE (RUE DE LA),46.6920524,4.3503821
202000047629,27,11,2020,12,1,69,69092,1,2,1,3,EPINAY (route d'),46.00437,4.68892
202000047630,25,7,2020,8,1,21,21558,1,1,1,6,D23,46.957703,4.889774
202000047631,30,11,2020,18,5,67,67482,2,1,1,3,4 Route d’Altenheim,48.5437845,7.7652556
202000047632,20,10,2020,12,1,78,78466,1,1,2,3,A13,48.923,2.00103
202000047633,25,7,2020,4,3,40,40310,1,1,1,6,D189,43.716161,-1.358976
202000047634,20,10,2020,9,1,92,92076,1,1,8,2,A13,48.8320354,2.1517684
202000047635,25,7,2020,5,3,24,24214,1,1,1,6,Jomelière,45.554418,0.57425
202000047636,1,12,2020,12,1,64,64024,2,1,1,2,PITOYS (ROUTE DE),43.4636972,-1.5156841
202000047637,25,7,2020,11,1,04,04236,1,1,1,1,RN 202,43.932888,6.629455
202000047638,25,7,2020,0,3,85,85081,1,1,1,7,Créancière (Arrêt de bus),46.725629,-1.397315
202000047639,1,12,2020,8,2,64,64102,2,1,1,5,LABOURD (PONT DU),43.4859,-1.47381
202000047640,24,7,2020,10,1,88,88114,1,6,1,3,Parking Bonne Source,48.190374,5.917473
202000047641,28,11,2020,19,5,64,64102,2,3,1,3,SAINT ETIENNE (CHEMIN DE ),43.4979196,-1.4610744
202000047642,25,7,2020,16,1,47,47046,1,1,1,2,A62,44.373669,0.234688
202000047643,25,7,2020,14,1,06,06088,1,1,1,6,A8 PK 200+000 SUD,43.712762,7.255837
202000047644,28,11,2020,17,1,63,63300,1,3,1,3,ROCADE RD 446,45.87615,3.09967
202000047645,20,10,2020,6,3,78,78498,1,1,2,4,A13,48.907911,2.005246
202000047646,24,7,2020,23,3,21,21436,1,1,1,7,A36,47.031203,5.082164
202000047647,1,12,2020,9,1,63,63113,2,1,1,6,DELILLE (PLACE),45.7800298,3.091355
202000047648,15,7,2020,15,1,976,97614,2,1,1,6,Kahani,-12.824557,45.131537
202000047649,20,10,2020,19,3,92,92036,1,1,2,3,AUTOROUTE A86,48.9381763,2.3134449
202000047650,24,11,2020,18,5,63,63113,2,2,1,6,PASTEUR (BD),45.7725631,3.0790442
202000047651,20,10,2020,18,5,93,93027,1,1,2,3,AUTOROUTE A86,48.9283651,2.413558
202000047652,26,11,2020,20,5,63,63075,2,2,1,3,BOSQUET (RUE DU),45.7765539,3.066399
202000047653,1,12,2020,13,1,59,59599,2,1,2,6,GAMBETTA (BOULEVARD),50.70821,3.15975
202000047654,1,12,2020,8,5,59,59650,2,1,2,6,MONGE (RUE),50.70197,3.20049
202000047655,25,7,2020,4,3,974,97418,1,1,1,6,Avenue des Corossols,-20.902317,55.54651
202000047656,30,11,2020,14,1,59,59360,2,1,1,3,FOCH RUE DU MARECHAL,50.61543,3.01934
202000047657,24,7,2020,10,1,45,45042,1,2,1,3,D961-PR 26 + 625,47.8381183,2.4324145
202000047658,25,7,2020,0,3,77,77437,1,1,1,7,Saint-Soupplets,49.04488,2.807994
202000047659,29,10,2020,22,5,59,59360,2,9,1,3,DOUMER PAUL RUE,50.60302,3.04056
202000047660,24,7,2020,21,3,77,77309,1,1,1,7,route nationale 330,49.007425,2.839644
202000047661,5,10,2020,11,1,59,59350,2,2,1,6,ZOLA EMILE RUE,50.63357,3.00524
202000047662,24,7,2020,20,2,95,95199,1,1,1,2,RD301,49.027746,2.347622
202000047663,30,11,2020,13,1,56,56121,2,1,1,1,PORT DE PECHE (ENCEINTE DU),47.72967,-3.36544
202000047664,20,10,2020,14,1,95,95241,1,1,2,3,RN 104,49.046333,2.440172
202000047665,25,7,2020,10,1,2B,2B042,2,9,1,6,route de la gare,42.562137,9.441569
202000047666,20,6,2020,14,1,06,06147,1,1,1,5,806 Avenue de la Conca d'Or,43.777931,7.275506
202000047667,20,10,2020,10,5,93,93064,1,1,2,6,AUTOROUTE A86,48.8867063,2.4778327
202000047668,24,7,2020,8,1,71,71062,1,1,1,7,D222,46.9268665,4.2403175
202000047669,20,10,2020,7,3,93,93007,1,1,2,4,AUTOROUTE A3,48.9333379,2.4806899
202000047670,25,7,2020,17,1,67,67520,1,1,1,7,D75,48.615626,7.442105
202000047671,20,10,2020,9,1,93,93048,1,1,8,2,AUTOROUTE A3,48.8691,2.4297
202000047672,20,10,2020,6,3,92,92036,1,1,2,4,AUTOROUTE A15,48.9484735,2.2806708
202000047673,25,7,2020,2,3,74,74024,1,1,1,2,RD19,46.075921,6.43558
202000047674,30,11,2020,8,1,54,54395,2,2,1,3,OBERLIN (RUE),48.70331,6.18177
202000047675,20,10,2020,19,3,94,94033,1,1,2,-1,A86.EXT,48.85216,2.49044
202000047676,1,12,2020,9,1,54,54395,2,2,1,6,DEGLIN (RUE HENRI),48.70043,6.17825
202000047677,20,10,2020,18,3,94,94018,1,1,2,-1,A4,48.8238,2.3948
202000047678,1,12,2020,8,1,54,54395,2,3,3,6,DAUM (RUE DU COLONEL PAUL),48.6966,6.197
202000047679,20,10,2020,15,1,77,77294,1,1,2,4,A104,48.970233,2.57057
202000047680,19,10,2020,16,1,988,98818,2,3,1,3,RUE DE PAPEETE,-22.24348,166.44238
202000047681,25,7,2020,1,5,73,73197,2,1,1,6,D87,45.539045,6.762021
202000047682,25,7,2020,11,1,01,01376,2,3,1,3,Route de Genève,45.827984,4.972939
202000047683,19,10,2020,14,1,988,98818,2,3,1,2,VDE/RUE ARNOLD DALY,-22.26836,166.47256
202000047684,23,7,2020,17,1,81,81117,1,1,1,6,D43,43.801115,2.040925
202000047685,25,7,2020,18,1,60,60367,1,1,1,6,RD 923,49.2529045,1.934613
202000047686,24,7,2020,22,5,59,59254,2,6,1,6,D140a,50.282844,3.193604
202000047687,23,7,2020,0,3,59,59285,1,1,1,7,D955,50.273845,3.407521
202000047688,30,11,2020,17,1,49,49007,2,1,1,3,DAVIERS BOULEVARD,47.47931,-0.56034
202000047689,22,7,2020,11,1,13,13055,1,1,1,5,A507 sens Marseille - Aubagne,43.30334,5.42532
202000047690,11,10,2020,21,5,988,98818,2,2,3,3,IEKAWE (RUE JACQUES),-22.24836,166.46374
202000047691,18,10,2020,11,1,974,97416,1,1,1,2,CONCESSION CONDE(CHEMIN),-21.29689,55.50041
202000047692,22,7,2020,8,1,69,69276,1,1,1,5,BUS (RD301)   0.000 A 2.800,45.68684,4.86969
202000047693,15,11,2020,16,1,49,49007,2,1,1,4,A87N,47.45697,-0.51668
202000047694,18,10,2020,10,1,974,97416,1,1,1,3,BASSIN PLAT(CHEMIN),-21.3252,55.48789
202000047695,24,7,2020,16,1,33,33249,1,1,1,2,ROUTE NATIONALE 230,44.87159,-0.50586
202000047696,24,7,2020,18,1,91,91432,1,1,1,3,AUTOROUTE A6,48.694,2.3197
202000047697,24,7,2020,9,1,91,91235,1,1,1,3,RN 104,48.62464,2.37201
202000047698,24,7,2020,15,1,78,78640,1,1,1,2,N118,48.772374,2.226435
202000047699,24,7,2020,5,2,78,78498,1,1,1,-1,A13,48.904948,2.005279
202000047700,24,7,2020,15,1,95,95219,1,1,1,2, A115,48.98943,2.24381
202000047701,24,7,2020,13,1,93,93029,1,1,1,2,AUTOROUTE A86,48.92088,2.4279
202000047702,24,7,2020,0,3,93,93010,1,1,1,3,AUTOROUTE A3,48.89068,2.47322
202000047703,24,7,2020,9,1,77,77237,1,1,1,-1,A4,48.8303101,2.7550341
202000047704,18,4,2020,21,5,92,92078,2,2,1,2,VERDUN (AVENUE) (IMPAIRS 27 AU 73)/ DUPONT DU CHAMBON (RUE),48.935426,2.33159
202000047705,23,7,2020,8,1,974,97416,2,1,7,1,RN3 (ANCIENNE ROUTE),-21.29522,55.50872
202000047706,7,6,2020,9,5,974,97411,2,9,1,-1,Rue Maxime Vallon-Hoarau,-20.88701,55.47621
202000047707,17,7,2020,22,5,69,69266,2,1,1,7,ANATOLE FRANCE     (Rue),45.7691173,4.8850773
202000047708,23,7,2020,14,1,69,69383,2,1,1,5,FELIX FAURE                         (AV),45.75351,4.85814
202000047709,23,7,2020,2,5,69,69266,2,3,1,3,MARTERET    (Rue),45.7772,4.8721
202000047710,23,7,2020,2,5,69,69387,2,1,1,6,PIERRE DE COUBERTIN                 (AL),45.72184,4.83198
202000047711,23,7,2020,15,1,972,97213,1,1,1,2,ROUTE NATIONALE 6,14.597,-60.979
202000047712,22,7,2020,16,1,972,97213,1,9,1,2,ROUTE NATIONALE 1,14.601,-61.001
202000047713,22,7,2020,6,1,972,97213,1,1,2,6,ROUTE NATIONALE 5,14.59466,-60.9843
202000047714,1,12,2020,11,1,45,45285,2,3,1,3,Rue Léon Foucault-rue Charles Coulomb,47.91269,1.864
202000047715,1,12,2020,7,5,45,45302,2,1,8,6,Rue de la Montjoie,47.95121,1.88228
202000047716,1,12,2020,8,2,44,44162,2,6,2,3,ROUTE DE VANNES,47.2454319,-1.6020479
202000047717,1,12,2020,9,1,43,43089,2,1,2,3,43 Avenue de la Mairie,45.04545,3.86865
202000047718,23,11,2020,12,1,37,37261,2,1,1,7,STENDHAL (AVENUE),47.3683521,0.70943
202000047719,1,12,2020,23,5,33,33192,2,1,1,1,AVE FAVARD,44.78124,-0.60238
202000047720,23,7,2020,17,1,69,69286,2,3,1,2,VICTOR HUGO                         (AV),45.8192,4.8936
202000047721,1,12,2020,21,5,33,33063,2,1,9,6,QUAI DES CHARTRONS,44.84993,-0.56977
202000047722,1,12,2020,13,1,33,33522,2,4,2,3,RUE FREDERIC SEVENE,44.80423,-0.58127
202000047723,30,11,2020,10,1,33,33063,2,2,2,3,BLANQUI (RUE ),44.87128,-0.55016
202000047724,30,11,2020,19,5,31,31555,2,1,1,1,IMP DU MIRAILHON,43.57786,1.39499
202000047725,30,11,2020,19,5,31,31555,2,1,1,3,AV PAUL SEJOURNE,43.60594,1.42814
202000047726,1,12,2020,18,5,29,29232,2,1,1,6,Avenue Pierre Mendes-France,47.9770766,-4.1246116
202000047727,29,11,2020,21,5,22,22360,1,1,1,6,RD700,48.48259,-2.76578
202000047728,30,11,2020,14,1,21,21231,2,3,1,3,Rue Berbisey,47.3172414,5.0335226
202000047729,28,11,2020,18,5,21,21231,2,2,1,3,39 Rue Berbisey,47.318184,5.035889
202000047730,30,11,2020,16,1,19,19031,1,3,7,1,SALOMON-A-CHANOUX (CHEMIN DE),45.17338,1.49177
202000047731,1,12,2020,21,5,13,13208,2,3,1,3,PARANGON (TRAVERSE),43.24248,5.37965
202000047732,2,12,2020,0,5,13,13211,2,6,1,6,ADRIEN LEGROS (ROND POINT),43.287928,5.466257
202000047733,1,12,2020,18,5,13,13212,2,1,1,2,SAINT PIERRE (RUE),43.29008,5.42602
202000047734,1,12,2020,14,1,13,13212,2,3,1,3,TROIS LUCS (AVENUE DES),43.31177,5.464693
202000047735,1,12,2020,15,1,13,13208,2,2,8,6,JEAN MERMOZ (RUE),43.2745742,5.3868728
202000047736,1,12,2020,12,1,13,13210,2,1,1,2,ANDRE BARDON (rue),43.28521,5.42515
202000047737,30,11,2020,17,2,13,13211,2,1,1,-1,SAINT MARCEL (BOULEVARD DE ),43.2873998,5.4655314
202000047738,30,11,2020,11,1,13,13208,2,9,1,3,PRADO (AVENUE DU),43.272734,5.39111
202000047739,1,12,2020,14,1,13,13028,2,1,1,6,RIPERT (AVENUE EMILE),43.18844,5.61603
202000047740,30,11,2020,7,1,13,13028,2,1,1,4,PUITS DE BRUNET (CHEMIN DU),43.186575,5.600381
202000047741,30,11,2020,17,2,06,06083,2,1,9,3,CASTAGNINS (ROUTE DES),43.779957,7.481898
202000047742,1,12,2020,10,1,06,06069,2,1,1,5,MADELEINE,43.6571157,6.9337155
202000047743,28,11,2020,11,1,05,05061,1,1,1,2,Bernard GIVAUDAN (Avenue) D900B,44.54068,6.06419
202000047744,18,11,2020,17,4,05,05061,2,1,1,6,JEAN MACE ( RUE ),44.561481,6.074027